X[m]	Y[m]	ZGround[m]		X[m]	Y[m]	ZGround[m]			
652789.6	7451933	355.6		675895.25	7464799.71	126.76	11666		
652789.6	7452133	362.1							
652789.6	7452333	274.7							
652789.6	7452533	165.5							
652789.6	7452733	73.6				#N/A			
652789.6	7452933	7.3							
652789.6	7453133	1.6					altitude]		
652789.6	7453333	1.9		688541.012	7465220.764	santos!	1.45	17968	
652789.6	7453533	1.8		669657.08	7454445.23	barra da tijuca	20	8415	tem tipo um morrinho em certos pedacos da barra
652789.6	7453733	1.9		6.76E+05	7.46E+06	meier	1.26E+02	1.17E+04	
652789.6	7453933	1.9							
652789.6	7454133	1.7							
652789.6	7454333	1.7							
652789.6	7454533	0.8							
652789.6	7454733	1.7							
652789.6	7454933	0.8							
652789.6	7455133	4.9							
652789.6	7455333	6.9							
652789.6	7455533	9.1							
652789.6	7455733	17.0							
652789.6	7455933	22.6							
652789.6	7456133	33.4							
652789.6	7456333	37.4							
652789.6	7456533	10.6							
652789.6	7456733	66.9							
652789.6	7456933	128.5							
652789.6	7457133	164.1							
652789.6	7457333	65.8							
652789.6	7457533	28.1							
652789.6	7457733	46.8							
652789.6	7457933	109.8							
652789.6	7458133	93.2							
652789.6	7458333	146.7							
652789.6	7458533	177.5							
652789.6	7458733	225.3							
652789.6	7458933	179.8							
652789.6	7459133	189.1							
652789.6	7459333	239.7							
652789.6	7459533	310.0							
652789.6	7459733	436.6							
652789.6	7459933	508.7							
652789.6	7460133	453.2							
652789.6	7460333	347.1							
652789.6	7460533	332.3							
652789.6	7460733	387.4							
652789.6	7460933	466.4							
652789.6	7461133	555.8							
652789.6	7461333	526.4							
652789.6	7461533	459.5							
652789.6	7461733	400.5							
652789.6	7461933	415.6							
652789.6	7462133	348.6							
652789.6	7462333	308.1							
652789.6	7462533	339.8							
652789.6	7462733	323.4							
652789.6	7462933	301.6							
652789.6	7463133	263.4							
652789.6	7463333	221.8							
652789.6	7463533	157.8							
652789.6	7463733	109.0							
652789.6	7463933	151.6							
652789.6	7464133	107.5							
652789.6	7464333	52.7							
652789.6	7464533	60.3							
652789.6	7464733	54.4							
652789.6	7464933	45.2							
652789.6	7465133	74.7							
652789.6	7465333	89.4							
652789.6	7465533	97.0							
652789.6	7465733	51.4							
652789.6	7465933	45.5							
652789.6	7466133	49.5							
652789.6	7466333	152.5							
652789.6	7466533	245.8							
652789.6	7466733	370.7							
652789.6	7466933	445.3							
652789.6	7467133	396.4							
652789.6	7467333	334.5							
652789.6	7467533	253.0							
652789.6	7467733	175.8							
652789.6	7467933	220.9							
652789.6	7468133	154.7							
652789.6	7468333	81.6							
652789.6	7468533	59.2							
652789.6	7468733	58.4							
652789.6	7468933	51.5							
652789.6	7469133	49.6							
652789.6	7469333	57.9							
652789.6	7469533	71.5							
652789.6	7469733	57.6							
652789.6	7469933	35.5							
652789.6	7470133	35.7							
652789.6	7470333	40.5							
652789.6	7470533	37.1							
652789.6	7470733	35.4							
652789.6	7470933	39.9							
652789.6	7471133	34.6							
652789.6	7471333	42.6							
652789.6	7471533	79.5							
652789.6	7471733	146.6							
652989.6	7451933	329.4							
652989.6	7452133	296.9							
652989.6	7452333	194.5							
652989.6	7452533	137.7							
652989.6	7452733	77.0							
652989.6	7452933	1.3							
652989.6	7453133	1.0							
652989.6	7453333	2.0							
652989.6	7453533	1.7							
652989.6	7453733	3.6							
652989.6	7453933	1.7							
652989.6	7454133	0.5							
652989.6	7454333	1.1							
652989.6	7454533	1.0							
652989.6	7454733	1.0							
652989.6	7454933	1.3							
652989.6	7455133	2.8							
652989.6	7455333	4.4							
652989.6	7455533	3.5							
652989.6	7455733	4.1							
652989.6	7455933	4.6							
652989.6	7456133	7.6							
652989.6	7456333	10.2							
652989.6	7456533	11.7							
652989.6	7456733	82.3							
652989.6	7456933	101.1							
652989.6	7457133	55.9							
652989.6	7457333	51.0							
652989.6	7457533	22.7							
652989.6	7457733	47.1							
652989.6	7457933	88.5							
652989.6	7458133	66.9							
652989.6	7458333	73.9							
652989.6	7458533	121.1							
652989.6	7458733	137.7							
652989.6	7458933	142.5							
652989.6	7459133	139.8							
652989.6	7459333	247.8							
652989.6	7459533	378.4							
652989.6	7459733	436.4							
652989.6	7459933	512.3							
652989.6	7460133	401.2							
652989.6	7460333	312.2							
652989.6	7460533	273.0							
652989.6	7460733	318.5							
652989.6	7460933	446.2							
652989.6	7461133	565.7							
652989.6	7461333	579.1							
652989.6	7461533	509.0							
652989.6	7461733	469.2							
652989.6	7461933	451.2							
652989.6	7462133	392.2							
652989.6	7462333	354.8							
652989.6	7462533	452.2							
652989.6	7462733	362.8							
652989.6	7462933	342.9							
652989.6	7463133	258.0							
652989.6	7463333	232.9							
652989.6	7463533	161.0							
652989.6	7463733	147.4							
652989.6	7463933	200.4							
652989.6	7464133	170.1							
652989.6	7464333	120.5							
652989.6	7464533	89.6							
652989.6	7464733	55.2							
652989.6	7464933	52.1							
652989.6	7465133	94.4							
652989.6	7465333	117.4							
652989.6	7465533	150.1							
652989.6	7465733	116.5							
652989.6	7465933	58.9							
652989.6	7466133	72.4							
652989.6	7466333	117.6							
652989.6	7466533	207.8							
652989.6	7466733	329.8							
652989.6	7466933	385.6							
652989.6	7467133	300.1							
652989.6	7467333	268.3							
652989.6	7467533	211.1							
652989.6	7467733	262.3							
652989.6	7467933	138.2							
652989.6	7468133	132.6							
652989.6	7468333	120.1							
652989.6	7468533	65.8							
652989.6	7468733	54.3							
652989.6	7468933	48.2							
652989.6	7469133	50.2							
652989.6	7469333	49.2							
652989.6	7469533	51.8							
652989.6	7469733	81.9							
652989.6	7469933	38.8							
652989.6	7470133	38.5							
652989.6	7470333	42.4							
652989.6	7470533	41.6							
652989.6	7470733	44.2							
652989.6	7470933	35.7							
652989.6	7471133	40.8							
652989.6	7471333	40.2							
652989.6	7471533	71.1							
652989.6	7471733	123.2							
653189.6	7451933	297.6							
653189.6	7452133	305.0							
653189.6	7452333	179.1							
653189.6	7452533	101.4							
653189.6	7452733	37.1							
653189.6	7452933	3.4							
653189.6	7453133	1.3							
653189.6	7453333	1.5							
653189.6	7453533	4.0							
653189.6	7453733	0.8							
653189.6	7453933	1.9							
653189.6	7454133	0.6							
653189.6	7454333	0.7							
653189.6	7454533	1.1							
653189.6	7454733	1.1							
653189.6	7454933	1.3							
653189.6	7455133	1.6							
653189.6	7455333	1.6							
653189.6	7455533	4.7							
653189.6	7455733	3.0							
653189.6	7455933	2.6							
653189.6	7456133	9.3							
653189.6	7456333	7.7							
653189.6	7456533	11.1							
653189.6	7456733	51.1							
653189.6	7456933	79.5							
653189.6	7457133	43.9							
653189.6	7457333	13.7							
653189.6	7457533	14.8							
653189.6	7457733	17.8							
653189.6	7457933	11.9							
653189.6	7458133	75.7							
653189.6	7458333	46.3							
653189.6	7458533	57.1							
653189.6	7458733	74.1							
653189.6	7458933	83.3							
653189.6	7459133	145.0							
653189.6	7459333	209.3							
653189.6	7459533	306.1							
653189.6	7459733	399.4							
653189.6	7459933	403.3							
653189.6	7460133	358.5							
653189.6	7460333	253.3							
653189.6	7460533	263.0							
653189.6	7460733	323.1							
653189.6	7460933	430.3							
653189.6	7461133	568.9							
653189.6	7461333	622.9							
653189.6	7461533	581.6							
653189.6	7461733	549.9							
653189.6	7461933	461.0							
653189.6	7462133	396.5							
653189.6	7462333	398.5							
653189.6	7462533	489.0							
653189.6	7462733	391.2							
653189.6	7462933	330.0							
653189.6	7463133	258.2							
653189.6	7463333	223.6							
653189.6	7463533	183.5							
653189.6	7463733	195.0							
653189.6	7463933	243.1							
653189.6	7464133	248.9							
653189.6	7464333	198.4							
653189.6	7464533	149.5							
653189.6	7464733	133.9							
653189.6	7464933	56.4							
653189.6	7465133	117.4							
653189.6	7465333	165.5							
653189.6	7465533	181.9							
653189.6	7465733	158.3							
653189.6	7465933	114.2							
653189.6	7466133	113.9							
653189.6	7466333	125.1							
653189.6	7466533	187.1							
653189.6	7466733	271.7							
653189.6	7466933	320.4							
653189.6	7467133	228.7							
653189.6	7467333	185.2							
653189.6	7467533	199.3							
653189.6	7467733	215.3							
653189.6	7467933	120.7							
653189.6	7468133	83.5							
653189.6	7468333	120.0							
653189.6	7468533	61.0							
653189.6	7468733	62.0							
653189.6	7468933	46.3							
653189.6	7469133	46.4							
653189.6	7469333	50.8							
653189.6	7469533	44.6							
653189.6	7469733	46.5							
653189.6	7469933	37.9							
653189.6	7470133	53.3							
653189.6	7470333	49.4							
653189.6	7470533	59.4							
653189.6	7470733	44.9							
653189.6	7470933	43.3							
653189.6	7471133	36.5							
653189.6	7471333	39.2							
653189.6	7471533	45.9							
653189.6	7471733	78.2							
653389.6	7451933	320.6							
653389.6	7452133	242.4							
653389.6	7452333	165.2							
653389.6	7452533	157.6							
653389.6	7452733	77.4							
653389.6	7452933	9.8							
653389.6	7453133	0.9							
653389.6	7453333	1.7							
653389.6	7453533	2.1							
653389.6	7453733	1.7							
653389.6	7453933	1.2							
653389.6	7454133	0.7							
653389.6	7454333	0.7							
653389.6	7454533	0.7							
653389.6	7454733	0.9							
653389.6	7454933	1.2							
653389.6	7455133	1.1							
653389.6	7455333	1.8							
653389.6	7455533	1.9							
653389.6	7455733	3.2							
653389.6	7455933	4.3							
653389.6	7456133	2.0							
653389.6	7456333	5.8							
653389.6	7456533	12.1							
653389.6	7456733	22.5							
653389.6	7456933	20.3							
653389.6	7457133	11.0							
653389.6	7457333	14.1							
653389.6	7457533	11.6							
653389.6	7457733	12.5							
653389.6	7457933	13.5							
653389.6	7458133	55.1							
653389.6	7458333	47.6							
653389.6	7458533	23.5							
653389.6	7458733	46.9							
653389.6	7458933	92.6							
653389.6	7459133	73.6							
653389.6	7459333	163.7							
653389.6	7459533	262.7							
653389.6	7459733	294.3							
653389.6	7459933	285.6							
653389.6	7460133	252.6							
653389.6	7460333	208.5							
653389.6	7460533	319.1							
653389.6	7460733	372.8							
653389.6	7460933	411.9							
653389.6	7461133	459.8							
653389.6	7461333	493.0							
653389.6	7461533	595.9							
653389.6	7461733	592.8							
653389.6	7461933	540.0							
653389.6	7462133	453.1							
653389.6	7462333	496.7							
653389.6	7462533	496.9							
653389.6	7462733	455.3							
653389.6	7462933	346.4							
653389.6	7463133	263.3							
653389.6	7463333	208.3							
653389.6	7463533	236.2							
653389.6	7463733	227.7							
653389.6	7463933	299.8							
653389.6	7464133	307.5							
653389.6	7464333	296.4							
653389.6	7464533	211.3							
653389.6	7464733	140.6							
653389.6	7464933	61.5							
653389.6	7465133	98.1							
653389.6	7465333	177.0							
653389.6	7465533	219.3							
653389.6	7465733	250.9							
653389.6	7465933	198.5							
653389.6	7466133	212.4							
653389.6	7466333	210.0							
653389.6	7466533	175.6							
653389.6	7466733	169.5							
653389.6	7466933	229.1							
653389.6	7467133	162.9							
653389.6	7467333	131.6							
653389.6	7467533	218.6							
653389.6	7467733	167.8							
653389.6	7467933	91.6							
653389.6	7468133	68.5							
653389.6	7468333	56.7							
653389.6	7468533	57.1							
653389.6	7468733	62.3							
653389.6	7468933	49.1							
653389.6	7469133	44.7							
653389.6	7469333	42.9							
653389.6	7469533	41.3							
653389.6	7469733	42.7							
653389.6	7469933	38.0							
653389.6	7470133	54.4							
653389.6	7470333	91.9							
653389.6	7470533	44.0							
653389.6	7470733	66.6							
653389.6	7470933	63.1							
653389.6	7471133	35.5							
653389.6	7471333	40.4							
653389.6	7471533	45.6							
653389.6	7471733	55.6							
653589.6	7451933	220.7							
653589.6	7452133	198.8							
653589.6	7452333	82.6							
653589.6	7452533	44.0							
653589.6	7452733	29.4							
653589.6	7452933	11.3							
653589.6	7453133	1.8							
653589.6	7453333	3.5							
653589.6	7453533	11.0							
653589.6	7453733	3.8							
653589.6	7453933	3.4							
653589.6	7454133	0.6							
653589.6	7454333	0.9							
653589.6	7454533	0.9							
653589.6	7454733	1.2							
653589.6	7454933	1.6							
653589.6	7455133	1.4							
653589.6	7455333	1.6							
653589.6	7455533	1.6							
653589.6	7455733	1.7							
653589.6	7455933	2.2							
653589.6	7456133	2.2							
653589.6	7456333	2.4							
653589.6	7456533	5.3							
653589.6	7456733	4.2							
653589.6	7456933	7.4							
653589.6	7457133	9.9							
653589.6	7457333	8.1							
653589.6	7457533	7.6							
653589.6	7457733	11.7							
653589.6	7457933	8.5							
653589.6	7458133	24.2							
653589.6	7458333	41.7							
653589.6	7458533	20.4							
653589.6	7458733	41.7							
653589.6	7458933	56.8							
653589.6	7459133	36.6							
653589.6	7459333	100.2							
653589.6	7459533	154.1							
653589.6	7459733	154.3							
653589.6	7459933	144.9							
653589.6	7460133	166.3							
653589.6	7460333	214.5							
653589.6	7460533	329.3							
653589.6	7460733	329.0							
653589.6	7460933	315.8							
653589.6	7461133	373.2							
653589.6	7461333	433.8							
653589.6	7461533	507.2							
653589.6	7461733	514.8							
653589.6	7461933	555.6							
653589.6	7462133	538.7							
653589.6	7462333	573.9							
653589.6	7462533	515.2							
653589.6	7462733	401.0							
653589.6	7462933	399.5							
653589.6	7463133	282.6							
653589.6	7463333	258.1							
653589.6	7463533	272.9							
653589.6	7463733	199.5							
653589.6	7463933	301.5							
653589.6	7464133	386.2							
653589.6	7464333	365.5							
653589.6	7464533	268.2							
653589.6	7464733	189.0							
653589.6	7464933	104.5							
653589.6	7465133	84.8							
653589.6	7465333	165.9							
653589.6	7465533	260.1							
653589.6	7465733	264.0							
653589.6	7465933	224.1							
653589.6	7466133	259.7							
653589.6	7466333	237.6							
653589.6	7466533	162.1							
653589.6	7466733	78.0							
653589.6	7466933	100.4							
653589.6	7467133	78.6							
653589.6	7467333	119.2							
653589.6	7467533	190.0							
653589.6	7467733	206.6							
653589.6	7467933	128.2							
653589.6	7468133	59.4							
653589.6	7468333	54.3							
653589.6	7468533	49.7							
653589.6	7468733	56.3							
653589.6	7468933	53.3							
653589.6	7469133	46.5							
653589.6	7469333	46.2							
653589.6	7469533	44.0							
653589.6	7469733	43.1							
653589.6	7469933	58.4							
653589.6	7470133	42.0							
653589.6	7470333	89.9							
653589.6	7470533	76.3							
653589.6	7470733	51.5							
653589.6	7470933	58.6							
653589.6	7471133	37.8							
653589.6	7471333	39.4							
653589.6	7471533	47.5							
653589.6	7471733	78.2							
653789.6	7451933	118.6							
653789.6	7452133	136.1							
653789.6	7452333	47.6							
653789.6	7452533	6.0							
653789.6	7452733	8.4							
653789.6	7452933	6.5							
653789.6	7453133	3.4							
653789.6	7453333	5.0							
653789.6	7453533	2.3							
653789.6	7453733	1.8							
653789.6	7453933	2.6							
653789.6	7454133	1.1							
653789.6	7454333	1.2							
653789.6	7454533	1.1							
653789.6	7454733	1.6							
653789.6	7454933	1.6							
653789.6	7455133	1.3							
653789.6	7455333	1.3							
653789.6	7455533	3.0							
653789.6	7455733	0.9							
653789.6	7455933	2.6							
653789.6	7456133	2.7							
653789.6	7456333	3.6							
653789.6	7456533	2.1							
653789.6	7456733	4.6							
653789.6	7456933	5.3							
653789.6	7457133	4.6							
653789.6	7457333	5.0							
653789.6	7457533	7.0							
653789.6	7457733	9.6							
653789.6	7457933	13.2							
653789.6	7458133	14.3							
653789.6	7458333	19.7							
653789.6	7458533	37.8							
653789.6	7458733	52.4							
653789.6	7458933	21.5							
653789.6	7459133	18.5							
653789.6	7459333	55.0							
653789.6	7459533	94.9							
653789.6	7459733	122.9							
653789.6	7459933	103.2							
653789.6	7460133	159.4							
653789.6	7460333	196.3							
653789.6	7460533	231.4							
653789.6	7460733	246.8							
653789.6	7460933	269.4							
653789.6	7461133	309.9							
653789.6	7461333	380.9							
653789.6	7461533	420.3							
653789.6	7461733	449.2							
653789.6	7461933	518.1							
653789.6	7462133	564.6							
653789.6	7462333	506.5							
653789.6	7462533	488.7							
653789.6	7462733	425.2							
653789.6	7462933	335.6							
653789.6	7463133	284.0							
653789.6	7463333	271.1							
653789.6	7463533	292.0							
653789.6	7463733	257.4							
653789.6	7463933	259.2							
653789.6	7464133	342.2							
653789.6	7464333	381.9							
653789.6	7464533	287.1							
653789.6	7464733	229.4							
653789.6	7464933	160.8							
653789.6	7465133	99.5							
653789.6	7465333	164.0							
653789.6	7465533	286.4							
653789.6	7465733	305.6							
653789.6	7465933	289.9							
653789.6	7466133	253.8							
653789.6	7466333	281.3							
653789.6	7466533	194.4							
653789.6	7466733	98.7							
653789.6	7466933	65.0							
653789.6	7467133	71.4							
653789.6	7467333	105.5							
653789.6	7467533	145.7							
653789.6	7467733	218.9							
653789.6	7467933	139.8							
653789.6	7468133	75.3							
653789.6	7468333	55.4							
653789.6	7468533	50.3							
653789.6	7468733	48.5							
653789.6	7468933	47.5							
653789.6	7469133	48.1							
653789.6	7469333	48.6							
653789.6	7469533	46.3							
653789.6	7469733	46.9							
653789.6	7469933	54.4							
653789.6	7470133	45.4							
653789.6	7470333	72.1							
653789.6	7470533	93.4							
653789.6	7470733	75.4							
653789.6	7470933	85.0							
653789.6	7471133	43.3							
653789.6	7471333	38.1							
653789.6	7471533	43.1							
653789.6	7471733	45.4							
653989.6	7451933	27.1							
653989.6	7452133	30.5							
653989.6	7452333	7.1							
653989.6	7452533	7.2							
653989.6	7452733	7.9							
653989.6	7452933	6.8							
653989.6	7453133	8.7							
653989.6	7453333	3.1							
653989.6	7453533	1.0							
653989.6	7453733	2.4							
653989.6	7453933	1.7							
653989.6	7454133	1.1							
653989.6	7454333	0.9							
653989.6	7454533	1.5							
653989.6	7454733	1.5							
653989.6	7454933	1.3							
653989.6	7455133	1.3							
653989.6	7455333	1.4							
653989.6	7455533	1.2							
653989.6	7455733	5.4							
653989.6	7455933	1.3							
653989.6	7456133	3.8							
653989.6	7456333	5.0							
653989.6	7456533	4.1							
653989.6	7456733	3.9							
653989.6	7456933	5.1							
653989.6	7457133	4.4							
653989.6	7457333	10.2							
653989.6	7457533	6.9							
653989.6	7457733	13.1							
653989.6	7457933	14.1							
653989.6	7458133	14.4							
653989.6	7458333	20.1							
653989.6	7458533	14.8							
653989.6	7458733	17.8							
653989.6	7458933	17.8							
653989.6	7459133	27.8							
653989.6	7459333	22.0							
653989.6	7459533	33.3							
653989.6	7459733	102.8							
653989.6	7459933	163.6							
653989.6	7460133	220.9							
653989.6	7460333	208.8							
653989.6	7460533	221.2							
653989.6	7460733	337.0							
653989.6	7460933	340.7							
653989.6	7461133	321.3							
653989.6	7461333	371.1							
653989.6	7461533	342.1							
653989.6	7461733	397.5							
653989.6	7461933	506.1							
653989.6	7462133	581.8							
653989.6	7462333	502.7							
653989.6	7462533	458.3							
653989.6	7462733	398.0							
653989.6	7462933	350.2							
653989.6	7463133	356.5							
653989.6	7463333	334.3							
653989.6	7463533	353.3							
653989.6	7463733	287.3							
653989.6	7463933	282.2							
653989.6	7464133	344.3							
653989.6	7464333	393.6							
653989.6	7464533	316.5							
653989.6	7464733	273.6							
653989.6	7464933	243.1							
653989.6	7465133	146.8							
653989.6	7465333	151.6							
653989.6	7465533	267.0							
653989.6	7465733	318.0							
653989.6	7465933	338.1							
653989.6	7466133	266.7							
653989.6	7466333	256.8							
653989.6	7466533	175.3							
653989.6	7466733	108.9							
653989.6	7466933	68.0							
653989.6	7467133	62.5							
653989.6	7467333	61.6							
653989.6	7467533	69.3							
653989.6	7467733	170.6							
653989.6	7467933	185.1							
653989.6	7468133	91.7							
653989.6	7468333	57.2							
653989.6	7468533	56.0							
653989.6	7468733	52.7							
653989.6	7468933	52.5							
653989.6	7469133	48.9							
653989.6	7469333	47.7							
653989.6	7469533	46.2							
653989.6	7469733	45.9							
653989.6	7469933	46.1							
653989.6	7470133	46.3							
653989.6	7470333	54.7							
653989.6	7470533	134.1							
653989.6	7470733	148.5							
653989.6	7470933	118.1							
653989.6	7471133	53.3							
653989.6	7471333	39.8							
653989.6	7471533	44.0							
653989.6	7471733	45.1							
654189.6	7451933	34.8							
654189.6	7452133	2.1							
654189.6	7452333	8.0							
654189.6	7452533	7.0							
654189.6	7452733	5.6							
654189.6	7452933	5.2							
654189.6	7453133	5.4							
654189.6	7453333	6.2							
654189.6	7453533	1.4							
654189.6	7453733	1.7							
654189.6	7453933	3.3							
654189.6	7454133	1.4							
654189.6	7454333	1.0							
654189.6	7454533	1.6							
654189.6	7454733	1.1							
654189.6	7454933	1.6							
654189.6	7455133	1.5							
654189.6	7455333	1.3							
654189.6	7455533	2.1							
654189.6	7455733	1.5							
654189.6	7455933	1.7							
654189.6	7456133	4.3							
654189.6	7456333	5.2							
654189.6	7456533	4.7							
654189.6	7456733	8.7							
654189.6	7456933	7.5							
654189.6	7457133	5.2							
654189.6	7457333	6.5							
654189.6	7457533	9.2							
654189.6	7457733	12.4							
654189.6	7457933	14.3							
654189.6	7458133	10.6							
654189.6	7458333	16.4							
654189.6	7458533	16.9							
654189.6	7458733	16.1							
654189.6	7458933	19.2							
654189.6	7459133	22.9							
654189.6	7459333	22.0							
654189.6	7459533	78.6							
654189.6	7459733	76.5							
654189.6	7459933	162.4							
654189.6	7460133	237.1							
654189.6	7460333	297.9							
654189.6	7460533	324.7							
654189.6	7460733	339.5							
654189.6	7460933	338.3							
654189.6	7461133	293.6							
654189.6	7461333	264.1							
654189.6	7461533	320.1							
654189.6	7461733	383.7							
654189.6	7461933	503.9							
654189.6	7462133	646.9							
654189.6	7462333	585.1							
654189.6	7462533	510.9							
654189.6	7462733	416.3							
654189.6	7462933	399.8							
654189.6	7463133	479.7							
654189.6	7463333	429.5							
654189.6	7463533	401.2							
654189.6	7463733	309.4							
654189.6	7463933	323.0							
654189.6	7464133	404.7							
654189.6	7464333	417.1							
654189.6	7464533	384.1							
654189.6	7464733	343.5							
654189.6	7464933	326.2							
654189.6	7465133	203.3							
654189.6	7465333	152.4							
654189.6	7465533	243.1							
654189.6	7465733	308.6							
654189.6	7465933	330.0							
654189.6	7466133	234.4							
654189.6	7466333	241.6							
654189.6	7466533	138.1							
654189.6	7466733	80.4							
654189.6	7466933	65.5							
654189.6	7467133	57.2							
654189.6	7467333	59.6							
654189.6	7467533	61.8							
654189.6	7467733	114.9							
654189.6	7467933	235.0							
654189.6	7468133	146.0							
654189.6	7468333	90.1							
654189.6	7468533	59.3							
654189.6	7468733	56.3							
654189.6	7468933	52.9							
654189.6	7469133	48.6							
654189.6	7469333	47.1							
654189.6	7469533	46.1							
654189.6	7469733	46.8							
654189.6	7469933	47.6							
654189.6	7470133	54.3							
654189.6	7470333	59.3							
654189.6	7470533	159.1							
654189.6	7470733	197.9							
654189.6	7470933	114.2							
654189.6	7471133	53.4							
654189.6	7471333	42.8							
654189.6	7471533	43.4							
654189.6	7471733	45.0							
654389.6	7451933	15.3							
654389.6	7452133	3.4							
654389.6	7452333	6.5							
654389.6	7452533	6.3							
654389.6	7452733	5.0							
654389.6	7452933	3.9							
654389.6	7453133	2.4							
654389.6	7453333	3.4							
654389.6	7453533	2.5							
654389.6	7453733	5.5							
654389.6	7453933	5.3							
654389.6	7454133	5.7							
654389.6	7454333	2.5							
654389.6	7454533	2.1							
654389.6	7454733	1.0							
654389.6	7454933	0.6							
654389.6	7455133	1.0							
654389.6	7455333	1.7							
654389.6	7455533	2.9							
654389.6	7455733	2.9							
654389.6	7455933	1.8							
654389.6	7456133	4.1							
654389.6	7456333	3.3							
654389.6	7456533	3.8							
654389.6	7456733	4.9							
654389.6	7456933	6.8							
654389.6	7457133	5.1							
654389.6	7457333	9.7							
654389.6	7457533	8.6							
654389.6	7457733	11.7							
654389.6	7457933	14.0							
654389.6	7458133	14.1							
654389.6	7458333	13.1							
654389.6	7458533	15.1							
654389.6	7458733	18.2							
654389.6	7458933	18.4							
654389.6	7459133	21.4							
654389.6	7459333	24.4							
654389.6	7459533	39.4							
654389.6	7459733	45.4							
654389.6	7459933	128.2							
654389.6	7460133	190.5							
654389.6	7460333	242.6							
654389.6	7460533	302.9							
654389.6	7460733	276.2							
654389.6	7460933	247.0							
654389.6	7461133	247.3							
654389.6	7461333	246.6							
654389.6	7461533	336.1							
654389.6	7461733	446.9							
654389.6	7461933	531.9							
654389.6	7462133	615.2							
654389.6	7462333	610.3							
654389.6	7462533	551.7							
654389.6	7462733	462.8							
654389.6	7462933	441.5							
654389.6	7463133	545.4							
654389.6	7463333	527.1							
654389.6	7463533	433.3							
654389.6	7463733	434.3							
654389.6	7463933	441.6							
654389.6	7464133	468.7							
654389.6	7464333	418.7							
654389.6	7464533	370.5							
654389.6	7464733	283.0							
654389.6	7464933	247.2							
654389.6	7465133	260.8							
654389.6	7465333	177.3							
654389.6	7465533	247.3							
654389.6	7465733	336.4							
654389.6	7465933	321.6							
654389.6	7466133	208.1							
654389.6	7466333	209.5							
654389.6	7466533	161.8							
654389.6	7466733	70.3							
654389.6	7466933	61.0							
654389.6	7467133	58.7							
654389.6	7467333	57.7							
654389.6	7467533	58.6							
654389.6	7467733	109.0							
654389.6	7467933	214.6							
654389.6	7468133	213.2							
654389.6	7468333	140.2							
654389.6	7468533	63.1							
654389.6	7468733	56.5							
654389.6	7468933	53.8							
654389.6	7469133	48.3							
654389.6	7469333	45.3							
654389.6	7469533	46.3							
654389.6	7469733	48.0							
654389.6	7469933	48.9							
654389.6	7470133	53.4							
654389.6	7470333	74.9							
654389.6	7470533	147.2							
654389.6	7470733	140.7							
654389.6	7470933	62.4							
654389.6	7471133	49.6							
654389.6	7471333	43.1							
654389.6	7471533	40.7							
654389.6	7471733	43.6							
654589.6	7451933	10.6							
654589.6	7452133	16.9							
654589.6	7452333	17.7							
654589.6	7452533	9.1							
654589.6	7452733	4.4							
654589.6	7452933	6.4							
654589.6	7453133	2.7							
654589.6	7453333	2.8							
654589.6	7453533	2.8							
654589.6	7453733	1.4							
654589.6	7453933	2.0							
654589.6	7454133	3.4							
654589.6	7454333	2.1							
654589.6	7454533	4.0							
654589.6	7454733	3.5							
654589.6	7454933	3.2							
654589.6	7455133	1.9							
654589.6	7455333	2.9							
654589.6	7455533	1.7							
654589.6	7455733	0.5							
654589.6	7455933	1.8							
654589.6	7456133	1.9							
654589.6	7456333	5.3							
654589.6	7456533	18.7							
654589.6	7456733	7.7							
654589.6	7456933	10.9							
654589.6	7457133	9.5							
654589.6	7457333	11.9							
654589.6	7457533	9.4							
654589.6	7457733	10.9							
654589.6	7457933	10.3							
654589.6	7458133	12.3							
654589.6	7458333	13.6							
654589.6	7458533	15.8							
654589.6	7458733	20.9							
654589.6	7458933	19.0							
654589.6	7459133	21.5							
654589.6	7459333	24.9							
654589.6	7459533	40.2							
654589.6	7459733	55.1							
654589.6	7459933	70.4							
654589.6	7460133	108.4							
654589.6	7460333	132.9							
654589.6	7460533	146.8							
654589.6	7460733	180.5							
654589.6	7460933	205.0							
654589.6	7461133	208.2							
654589.6	7461333	233.1							
654589.6	7461533	283.9							
654589.6	7461733	345.3							
654589.6	7461933	426.0							
654589.6	7462133	512.7							
654589.6	7462333	582.2							
654589.6	7462533	588.9							
654589.6	7462733	514.5							
654589.6	7462933	490.7							
654589.6	7463133	575.9							
654589.6	7463333	615.9							
654589.6	7463533	495.0							
654589.6	7463733	468.4							
654589.6	7463933	573.7							
654589.6	7464133	591.5							
654589.6	7464333	492.4							
654589.6	7464533	398.9							
654589.6	7464733	297.1							
654589.6	7464933	313.0							
654589.6	7465133	257.2							
654589.6	7465333	207.7							
654589.6	7465533	215.3							
654589.6	7465733	264.7							
654589.6	7465933	248.6							
654589.6	7466133	172.3							
654589.6	7466333	147.1							
654589.6	7466533	177.2							
654589.6	7466733	74.7							
654589.6	7466933	60.6							
654589.6	7467133	59.5							
654589.6	7467333	56.1							
654589.6	7467533	56.9							
654589.6	7467733	59.4							
654589.6	7467933	123.3							
654589.6	7468133	202.0							
654589.6	7468333	105.9							
654589.6	7468533	63.5							
654589.6	7468733	55.1							
654589.6	7468933	54.4							
654589.6	7469133	50.2							
654589.6	7469333	46.7							
654589.6	7469533	45.2							
654589.6	7469733	44.4							
654589.6	7469933	49.9							
654589.6	7470133	53.0							
654589.6	7470333	57.1							
654589.6	7470533	90.6							
654589.6	7470733	83.6							
654589.6	7470933	46.9							
654589.6	7471133	45.3							
654589.6	7471333	41.3							
654589.6	7471533	39.8							
654589.6	7471733	41.0							
654789.6	7451933	6.8							
654789.6	7452133	14.5							
654789.6	7452333	97.6							
654789.6	7452533	53.7							
654789.6	7452733	3.3							
654789.6	7452933	3.8							
654789.6	7453133	12.6							
654789.6	7453333	3.5							
654789.6	7453533	2.0							
654789.6	7453733	1.5							
654789.6	7453933	1.5							
654789.6	7454133	2.3							
654789.6	7454333	1.1							
654789.6	7454533	3.6							
654789.6	7454733	3.8							
654789.6	7454933	2.9							
654789.6	7455133	2.1							
654789.6	7455333	1.4							
654789.6	7455533	1.5							
654789.6	7455733	0.5							
654789.6	7455933	1.9							
654789.6	7456133	1.1							
654789.6	7456333	6.1							
654789.6	7456533	7.9							
654789.6	7456733	15.1							
654789.6	7456933	7.2							
654789.6	7457133	9.6							
654789.6	7457333	11.7							
654789.6	7457533	10.0							
654789.6	7457733	10.3							
654789.6	7457933	13.2							
654789.6	7458133	10.8							
654789.6	7458333	13.7							
654789.6	7458533	16.1							
654789.6	7458733	13.6							
654789.6	7458933	23.6							
654789.6	7459133	28.5							
654789.6	7459333	35.5							
654789.6	7459533	41.8							
654789.6	7459733	54.0							
654789.6	7459933	72.0							
654789.6	7460133	89.2							
654789.6	7460333	136.9							
654789.6	7460533	126.5							
654789.6	7460733	138.8							
654789.6	7460933	165.5							
654789.6	7461133	184.8							
654789.6	7461333	276.9							
654789.6	7461533	317.1							
654789.6	7461733	361.9							
654789.6	7461933	383.5							
654789.6	7462133	449.8							
654789.6	7462333	533.8							
654789.6	7462533	624.6							
654789.6	7462733	617.8							
654789.6	7462933	575.8							
654789.6	7463133	610.1							
654789.6	7463333	608.5							
654789.6	7463533	529.9							
654789.6	7463733	527.6							
654789.6	7463933	609.9							
654789.6	7464133	619.5							
654789.6	7464333	544.9							
654789.6	7464533	408.4							
654789.6	7464733	347.2							
654789.6	7464933	429.8							
654789.6	7465133	334.0							
654789.6	7465333	269.0							
654789.6	7465533	234.8							
654789.6	7465733	274.6							
654789.6	7465933	171.1							
654789.6	7466133	116.6							
654789.6	7466333	90.7							
654789.6	7466533	111.9							
654789.6	7466733	68.4							
654789.6	7466933	62.9							
654789.6	7467133	60.6							
654789.6	7467333	56.8							
654789.6	7467533	55.2							
654789.6	7467733	53.8							
654789.6	7467933	62.9							
654789.6	7468133	106.2							
654789.6	7468333	66.8							
654789.6	7468533	65.0							
654789.6	7468733	55.3							
654789.6	7468933	52.7							
654789.6	7469133	48.9							
654789.6	7469333	46.0							
654789.6	7469533	45.1							
654789.6	7469733	45.7							
654789.6	7469933	48.3							
654789.6	7470133	51.8							
654789.6	7470333	78.3							
654789.6	7470533	146.6							
654789.6	7470733	105.8							
654789.6	7470933	48.7							
654789.6	7471133	42.5							
654789.6	7471333	39.9							
654789.6	7471533	40.1							
654789.6	7471733	39.5							
654989.6	7451933	3.7							
654989.6	7452133	61.6							
654989.6	7452333	129.2							
654989.6	7452533	52.7							
654989.6	7452733	3.4							
654989.6	7452933	2.6							
654989.6	7453133	3.8							
654989.6	7453333	2.4							
654989.6	7453533	2.3							
654989.6	7453733	1.7							
654989.6	7453933	1.8							
654989.6	7454133	2.0							
654989.6	7454333	1.7							
654989.6	7454533	3.3							
654989.6	7454733	3.9							
654989.6	7454933	3.7							
654989.6	7455133	2.1							
654989.6	7455333	1.5							
654989.6	7455533	1.3							
654989.6	7455733	1.2							
654989.6	7455933	1.5							
654989.6	7456133	1.6							
654989.6	7456333	2.2							
654989.6	7456533	5.0							
654989.6	7456733	5.0							
654989.6	7456933	8.2							
654989.6	7457133	34.2							
654989.6	7457333	69.8							
654989.6	7457533	10.3							
654989.6	7457733	8.8							
654989.6	7457933	8.5							
654989.6	7458133	15.8							
654989.6	7458333	14.2							
654989.6	7458533	13.3							
654989.6	7458733	15.8							
654989.6	7458933	18.3							
654989.6	7459133	58.1							
654989.6	7459333	34.6							
654989.6	7459533	45.5							
654989.6	7459733	68.8							
654989.6	7459933	111.2							
654989.6	7460133	89.6							
654989.6	7460333	162.7							
654989.6	7460533	207.7							
654989.6	7460733	177.1							
654989.6	7460933	175.7							
654989.6	7461133	238.3							
654989.6	7461333	280.4							
654989.6	7461533	324.6							
654989.6	7461733	372.4							
654989.6	7461933	462.4							
654989.6	7462133	478.7							
654989.6	7462333	525.8							
654989.6	7462533	650.2							
654989.6	7462733	664.3							
654989.6	7462933	651.3							
654989.6	7463133	622.8							
654989.6	7463333	680.2							
654989.6	7463533	590.5							
654989.6	7463733	566.8							
654989.6	7463933	516.2							
654989.6	7464133	516.8							
654989.6	7464333	498.3							
654989.6	7464533	401.2							
654989.6	7464733	370.0							
654989.6	7464933	503.1							
654989.6	7465133	398.5							
654989.6	7465333	347.5							
654989.6	7465533	306.5							
654989.6	7465733	240.9							
654989.6	7465933	173.3							
654989.6	7466133	175.5							
654989.6	7466333	128.5							
654989.6	7466533	84.4							
654989.6	7466733	66.8							
654989.6	7466933	62.4							
654989.6	7467133	59.8							
654989.6	7467333	58.1							
654989.6	7467533	53.7							
654989.6	7467733	53.7							
654989.6	7467933	58.8							
654989.6	7468133	90.6							
654989.6	7468333	132.1							
654989.6	7468533	69.1							
654989.6	7468733	56.2							
654989.6	7468933	50.1							
654989.6	7469133	52.6							
654989.6	7469333	46.0							
654989.6	7469533	43.8							
654989.6	7469733	42.6							
654989.6	7469933	46.1							
654989.6	7470133	49.8							
654989.6	7470333	61.3							
654989.6	7470533	118.4							
654989.6	7470733	109.4							
654989.6	7470933	49.2							
654989.6	7471133	42.1							
654989.6	7471333	39.0							
654989.6	7471533	37.2							
654989.6	7471733	41.2							
655189.6	7451933	0.0							
655189.6	7452133	19.0							
655189.6	7452333	40.1							
655189.6	7452533	33.1							
655189.6	7452733	5.4							
655189.6	7452933	3.4							
655189.6	7453133	8.3							
655189.6	7453333	4.9							
655189.6	7453533	4.6							
655189.6	7453733	1.5							
655189.6	7453933	1.0							
655189.6	7454133	1.5							
655189.6	7454333	2.6							
655189.6	7454533	0.6							
655189.6	7454733	2.4							
655189.6	7454933	1.7							
655189.6	7455133	1.7							
655189.6	7455333	1.9							
655189.6	7455533	1.2							
655189.6	7455733	1.2							
655189.6	7455933	1.3							
655189.6	7456133	1.4							
655189.6	7456333	1.5							
655189.6	7456533	3.4							
655189.6	7456733	3.2							
655189.6	7456933	4.4							
655189.6	7457133	59.0							
655189.6	7457333	111.8							
655189.6	7457533	49.0							
655189.6	7457733	8.8							
655189.6	7457933	10.2							
655189.6	7458133	10.2							
655189.6	7458333	13.9							
655189.6	7458533	13.5							
655189.6	7458733	14.9							
655189.6	7458933	14.5							
655189.6	7459133	17.0							
655189.6	7459333	28.1							
655189.6	7459533	68.2							
655189.6	7459733	87.4							
655189.6	7459933	97.8							
655189.6	7460133	112.0							
655189.6	7460333	146.5							
655189.6	7460533	183.1							
655189.6	7460733	223.2							
655189.6	7460933	208.8							
655189.6	7461133	197.5							
655189.6	7461333	255.4							
655189.6	7461533	347.0							
655189.6	7461733	383.8							
655189.6	7461933	438.0							
655189.6	7462133	513.2							
655189.6	7462333	639.7							
655189.6	7462533	664.6							
655189.6	7462733	713.3							
655189.6	7462933	763.4							
655189.6	7463133	737.6							
655189.6	7463333	760.9							
655189.6	7463533	671.7							
655189.6	7463733	582.8							
655189.6	7463933	505.0							
655189.6	7464133	510.4							
655189.6	7464333	460.4							
655189.6	7464533	436.4							
655189.6	7464733	388.1							
655189.6	7464933	524.7							
655189.6	7465133	489.9							
655189.6	7465333	445.9							
655189.6	7465533	382.6							
655189.6	7465733	253.9							
655189.6	7465933	216.2							
655189.6	7466133	283.2							
655189.6	7466333	232.1							
655189.6	7466533	135.9							
655189.6	7466733	72.7							
655189.6	7466933	63.5							
655189.6	7467133	58.9							
655189.6	7467333	56.7							
655189.6	7467533	55.1							
655189.6	7467733	51.1							
655189.6	7467933	53.8							
655189.6	7468133	71.6							
655189.6	7468333	70.5							
655189.6	7468533	58.8							
655189.6	7468733	60.5							
655189.6	7468933	49.7							
655189.6	7469133	47.8							
655189.6	7469333	45.1							
655189.6	7469533	43.4							
655189.6	7469733	43.8							
655189.6	7469933	43.9							
655189.6	7470133	49.8							
655189.6	7470333	52.0							
655189.6	7470533	84.7							
655189.6	7470733	148.6							
655189.6	7470933	54.2							
655189.6	7471133	42.8							
655189.6	7471333	39.5							
655189.6	7471533	36.8							
655189.6	7471733	36.5							
655389.6	7451933	0.0							
655389.6	7452133	5.9							
655389.6	7452333	12.5							
655389.6	7452533	1.4							
655389.6	7452733	1.7							
655389.6	7452933	5.7							
655389.6	7453133	5.5							
655389.6	7453333	8.1							
655389.6	7453533	3.3							
655389.6	7453733	6.1							
655389.6	7453933	4.4							
655389.6	7454133	3.9							
655389.6	7454333	1.8							
655389.6	7454533	1.9							
655389.6	7454733	3.1							
655389.6	7454933	4.8							
655389.6	7455133	3.0							
655389.6	7455333	2.0							
655389.6	7455533	1.6							
655389.6	7455733	2.8							
655389.6	7455933	1.7							
655389.6	7456133	1.3							
655389.6	7456333	1.1							
655389.6	7456533	1.6							
655389.6	7456733	3.2							
655389.6	7456933	7.5							
655389.6	7457133	24.7							
655389.6	7457333	110.8							
655389.6	7457533	90.1							
655389.6	7457733	44.2							
655389.6	7457933	16.3							
655389.6	7458133	15.7							
655389.6	7458333	13.8							
655389.6	7458533	14.8							
655389.6	7458733	14.4							
655389.6	7458933	18.3							
655389.6	7459133	17.1							
655389.6	7459333	37.0							
655389.6	7459533	37.2							
655389.6	7459733	88.8							
655389.6	7459933	97.9							
655389.6	7460133	150.9							
655389.6	7460333	145.4							
655389.6	7460533	192.1							
655389.6	7460733	215.2							
655389.6	7460933	307.6							
655389.6	7461133	245.9							
655389.6	7461333	224.2							
655389.6	7461533	274.3							
655389.6	7461733	303.9							
655389.6	7461933	368.6							
655389.6	7462133	464.0							
655389.6	7462333	614.7							
655389.6	7462533	731.1							
655389.6	7462733	823.6							
655389.6	7462933	848.8							
655389.6	7463133	836.1							
655389.6	7463333	716.3							
655389.6	7463533	726.8							
655389.6	7463733	567.7							
655389.6	7463933	530.6							
655389.6	7464133	561.5							
655389.6	7464333	561.8							
655389.6	7464533	488.5							
655389.6	7464733	407.6							
655389.6	7464933	481.1							
655389.6	7465133	571.8							
655389.6	7465333	511.1							
655389.6	7465533	410.1							
655389.6	7465733	288.2							
655389.6	7465933	300.2							
655389.6	7466133	322.8							
655389.6	7466333	276.2							
655389.6	7466533	198.5							
655389.6	7466733	126.6							
655389.6	7466933	67.8							
655389.6	7467133	57.3							
655389.6	7467333	55.5							
655389.6	7467533	53.2							
655389.6	7467733	52.0							
655389.6	7467933	51.3							
655389.6	7468133	87.8							
655389.6	7468333	72.5							
655389.6	7468533	55.3							
655389.6	7468733	51.7							
655389.6	7468933	46.7							
655389.6	7469133	44.6							
655389.6	7469333	45.0							
655389.6	7469533	44.8							
655389.6	7469733	42.0							
655389.6	7469933	44.8							
655389.6	7470133	47.6							
655389.6	7470333	50.9							
655389.6	7470533	70.3							
655389.6	7470733	118.9							
655389.6	7470933	60.5							
655389.6	7471133	43.1							
655389.6	7471333	40.1							
655389.6	7471533	34.4							
655389.6	7471733	36.0							
655589.6	7451933	0.0							
655589.6	7452133	0.0							
655589.6	7452333	9.6							
655589.6	7452533	1.4							
655589.6	7452733	2.8							
655589.6	7452933	5.8							
655589.6	7453133	8.0							
655589.6	7453333	10.1							
655589.6	7453533	8.8							
655589.6	7453733	8.2							
655589.6	7453933	4.6							
655589.6	7454133	2.8							
655589.6	7454333	2.3							
655589.6	7454533	1.0							
655589.6	7454733	1.4							
655589.6	7454933	1.6							
655589.6	7455133	1.7							
655589.6	7455333	2.1							
655589.6	7455533	1.7							
655589.6	7455733	1.2							
655589.6	7455933	2.0							
655589.6	7456133	0.5							
655589.6	7456333	2.1							
655589.6	7456533	2.0							
655589.6	7456733	3.3							
655589.6	7456933	8.9							
655589.6	7457133	51.2							
655589.6	7457333	114.2							
655589.6	7457533	156.4							
655589.6	7457733	117.7							
655589.6	7457933	12.1							
655589.6	7458133	10.0							
655589.6	7458333	10.8							
655589.6	7458533	17.3							
655589.6	7458733	14.7							
655589.6	7458933	21.3							
655589.6	7459133	20.3							
655589.6	7459333	28.5							
655589.6	7459533	47.0							
655589.6	7459733	92.2							
655589.6	7459933	132.5							
655589.6	7460133	192.6							
655589.6	7460333	179.8							
655589.6	7460533	215.1							
655589.6	7460733	241.1							
655589.6	7460933	294.3							
655589.6	7461133	360.6							
655589.6	7461333	306.0							
655589.6	7461533	277.7							
655589.6	7461733	366.9							
655589.6	7461933	412.4							
655589.6	7462133	540.6							
655589.6	7462333	609.4							
655589.6	7462533	751.1							
655589.6	7462733	861.1							
655589.6	7462933	900.2							
655589.6	7463133	846.5							
655589.6	7463333	713.0							
655589.6	7463533	647.7							
655589.6	7463733	580.8							
655589.6	7463933	539.0							
655589.6	7464133	586.2							
655589.6	7464333	611.2							
655589.6	7464533	568.5							
655589.6	7464733	456.8							
655589.6	7464933	509.0							
655589.6	7465133	607.4							
655589.6	7465333	532.3							
655589.6	7465533	455.3							
655589.6	7465733	379.1							
655589.6	7465933	357.2							
655589.6	7466133	284.3							
655589.6	7466333	241.1							
655589.6	7466533	290.2							
655589.6	7466733	208.8							
655589.6	7466933	124.1							
655589.6	7467133	64.3							
655589.6	7467333	54.6							
655589.6	7467533	53.7							
655589.6	7467733	52.1							
655589.6	7467933	52.0							
655589.6	7468133	56.5							
655589.6	7468333	64.6							
655589.6	7468533	51.8							
655589.6	7468733	47.8							
655589.6	7468933	46.7							
655589.6	7469133	46.5							
655589.6	7469333	44.1							
655589.6	7469533	43.3							
655589.6	7469733	41.6							
655589.6	7469933	41.6							
655589.6	7470133	47.4							
655589.6	7470333	48.8							
655589.6	7470533	73.4							
655589.6	7470733	135.9							
655589.6	7470933	62.2							
655589.6	7471133	44.2							
655589.6	7471333	39.3							
655589.6	7471533	35.7							
655589.6	7471733	36.2							
655789.6	7451933	0.0							
655789.6	7452133	0.0							
655789.6	7452333	16.2							
655789.6	7452533	4.3							
655789.6	7452733	5.0							
655789.6	7452933	9.9							
655789.6	7453133	6.1							
655789.6	7453333	17.7							
655789.6	7453533	11.9							
655789.6	7453733	6.4							
655789.6	7453933	5.1							
655789.6	7454133	3.2							
655789.6	7454333	1.2							
655789.6	7454533	1.2							
655789.6	7454733	1.0							
655789.6	7454933	1.7							
655789.6	7455133	1.9							
655789.6	7455333	1.1							
655789.6	7455533	1.5							
655789.6	7455733	1.1							
655789.6	7455933	1.8							
655789.6	7456133	1.5							
655789.6	7456333	2.2							
655789.6	7456533	1.5							
655789.6	7456733	4.1							
655789.6	7456933	5.0							
655789.6	7457133	19.0							
655789.6	7457333	125.2							
655789.6	7457533	146.5							
655789.6	7457733	146.2							
655789.6	7457933	22.5							
655789.6	7458133	12.1							
655789.6	7458333	23.0							
655789.6	7458533	80.4							
655789.6	7458733	35.3							
655789.6	7458933	17.7							
655789.6	7459133	25.8							
655789.6	7459333	33.2							
655789.6	7459533	42.0							
655789.6	7459733	115.4							
655789.6	7459933	204.6							
655789.6	7460133	255.5							
655789.6	7460333	263.7							
655789.6	7460533	206.2							
655789.6	7460733	314.1							
655789.6	7460933	299.4							
655789.6	7461133	373.9							
655789.6	7461333	365.0							
655789.6	7461533	290.5							
655789.6	7461733	365.7							
655789.6	7461933	513.5							
655789.6	7462133	603.9							
655789.6	7462333	731.8							
655789.6	7462533	766.8							
655789.6	7462733	844.0							
655789.6	7462933	868.2							
655789.6	7463133	820.8							
655789.6	7463333	690.9							
655789.6	7463533	636.9							
655789.6	7463733	616.0							
655789.6	7463933	570.6							
655789.6	7464133	609.8							
655789.6	7464333	659.1							
655789.6	7464533	620.4							
655789.6	7464733	506.4							
655789.6	7464933	614.5							
655789.6	7465133	624.2							
655789.6	7465333	595.2							
655789.6	7465533	472.7							
655789.6	7465733	489.5							
655789.6	7465933	422.0							
655789.6	7466133	287.4							
655789.6	7466333	192.0							
655789.6	7466533	177.5							
655789.6	7466733	155.2							
655789.6	7466933	99.6							
655789.6	7467133	62.9							
655789.6	7467333	63.8							
655789.6	7467533	56.9							
655789.6	7467733	53.1							
655789.6	7467933	49.5							
655789.6	7468133	50.8							
655789.6	7468333	49.3							
655789.6	7468533	47.2							
655789.6	7468733	45.9							
655789.6	7468933	45.9							
655789.6	7469133	43.8							
655789.6	7469333	44.9							
655789.6	7469533	43.3							
655789.6	7469733	42.4							
655789.6	7469933	40.3							
655789.6	7470133	41.7							
655789.6	7470333	44.8							
655789.6	7470533	54.6							
655789.6	7470733	155.3							
655789.6	7470933	99.8							
655789.6	7471133	45.8							
655789.6	7471333	40.4							
655789.6	7471533	37.2							
655789.6	7471733	37.6							
655989.6	7451933	0.0							
655989.6	7452133	0.0							
655989.6	7452333	11.3							
655989.6	7452533	4.3							
655989.6	7452733	3.1							
655989.6	7452933	7.7							
655989.6	7453133	8.5							
655989.6	7453333	14.1							
655989.6	7453533	14.5							
655989.6	7453733	8.2							
655989.6	7453933	5.7							
655989.6	7454133	7.3							
655989.6	7454333	4.7							
655989.6	7454533	1.5							
655989.6	7454733	0.5							
655989.6	7454933	0.6							
655989.6	7455133	0.6							
655989.6	7455333	0.8							
655989.6	7455533	1.0							
655989.6	7455733	2.8							
655989.6	7455933	0.9							
655989.6	7456133	1.7							
655989.6	7456333	2.2							
655989.6	7456533	1.3							
655989.6	7456733	2.8							
655989.6	7456933	1.6							
655989.6	7457133	27.6							
655989.6	7457333	121.1							
655989.6	7457533	193.3							
655989.6	7457733	193.8							
655989.6	7457933	44.2							
655989.6	7458133	31.5							
655989.6	7458333	66.6							
655989.6	7458533	101.8							
655989.6	7458733	91.1							
655989.6	7458933	36.6							
655989.6	7459133	54.4							
655989.6	7459333	51.8							
655989.6	7459533	68.1							
655989.6	7459733	124.7							
655989.6	7459933	177.8							
655989.6	7460133	276.0							
655989.6	7460333	345.1							
655989.6	7460533	295.2							
655989.6	7460733	303.5							
655989.6	7460933	385.3							
655989.6	7461133	402.9							
655989.6	7461333	428.8							
655989.6	7461533	333.6							
655989.6	7461733	396.6							
655989.6	7461933	497.1							
655989.6	7462133	610.2							
655989.6	7462333	726.5							
655989.6	7462533	772.7							
655989.6	7462733	867.7							
655989.6	7462933	910.1							
655989.6	7463133	851.9							
655989.6	7463333	793.8							
655989.6	7463533	746.9							
655989.6	7463733	668.1							
655989.6	7463933	609.4							
655989.6	7464133	655.3							
655989.6	7464333	645.9							
655989.6	7464533	647.4							
655989.6	7464733	537.2							
655989.6	7464933	625.4							
655989.6	7465133	698.5							
655989.6	7465333	608.2							
655989.6	7465533	570.0							
655989.6	7465733	500.3							
655989.6	7465933	399.2							
655989.6	7466133	320.1							
655989.6	7466333	212.4							
655989.6	7466533	154.4							
655989.6	7466733	110.6							
655989.6	7466933	102.5							
655989.6	7467133	87.2							
655989.6	7467333	94.1							
655989.6	7467533	59.4							
655989.6	7467733	56.3							
655989.6	7467933	53.4							
655989.6	7468133	50.9							
655989.6	7468333	50.0							
655989.6	7468533	53.6							
655989.6	7468733	48.9							
655989.6	7468933	45.9							
655989.6	7469133	44.3							
655989.6	7469333	41.7							
655989.6	7469533	43.2							
655989.6	7469733	44.0							
655989.6	7469933	40.0							
655989.6	7470133	39.7							
655989.6	7470333	41.0							
655989.6	7470533	54.5							
655989.6	7470733	99.6							
655989.6	7470933	100.4							
655989.6	7471133	51.5							
655989.6	7471333	42.8							
655989.6	7471533	39.2							
655989.6	7471733	36.1							
656189.6	7451933	0.0							
656189.6	7452133	0.0							
656189.6	7452333	8.9							
656189.6	7452533	4.3							
656189.6	7452733	2.3							
656189.6	7452933	7.1							
656189.6	7453133	9.9							
656189.6	7453333	11.2							
656189.6	7453533	9.4							
656189.6	7453733	9.3							
656189.6	7453933	6.5							
656189.6	7454133	7.1							
656189.6	7454333	3.1							
656189.6	7454533	4.5							
656189.6	7454733	1.1							
656189.6	7454933	0.3							
656189.6	7455133	0.2							
656189.6	7455333	0.5							
656189.6	7455533	1.3							
656189.6	7455733	1.7							
656189.6	7455933	2.2							
656189.6	7456133	2.0							
656189.6	7456333	0.7							
656189.6	7456533	1.9							
656189.6	7456733	5.6							
656189.6	7456933	1.8							
656189.6	7457133	7.8							
656189.6	7457333	97.9							
656189.6	7457533	178.2							
656189.6	7457733	124.7							
656189.6	7457933	79.0							
656189.6	7458133	72.2							
656189.6	7458333	112.2							
656189.6	7458533	119.0							
656189.6	7458733	155.4							
656189.6	7458933	78.7							
656189.6	7459133	126.2							
656189.6	7459333	108.9							
656189.6	7459533	58.2							
656189.6	7459733	106.6							
656189.6	7459933	139.0							
656189.6	7460133	206.6							
656189.6	7460333	283.2							
656189.6	7460533	358.1							
656189.6	7460733	307.5							
656189.6	7460933	431.3							
656189.6	7461133	451.9							
656189.6	7461333	541.0							
656189.6	7461533	412.9							
656189.6	7461733	364.5							
656189.6	7461933	436.9							
656189.6	7462133	575.7							
656189.6	7462333	682.6							
656189.6	7462533	773.1							
656189.6	7462733	848.2							
656189.6	7462933	901.5							
656189.6	7463133	929.2							
656189.6	7463333	849.8							
656189.6	7463533	821.6							
656189.6	7463733	698.9							
656189.6	7463933	643.4							
656189.6	7464133	703.1							
656189.6	7464333	680.1							
656189.6	7464533	679.2							
656189.6	7464733	585.6							
656189.6	7464933	683.5							
656189.6	7465133	718.2							
656189.6	7465333	651.6							
656189.6	7465533	568.9							
656189.6	7465733	487.2							
656189.6	7465933	421.9							
656189.6	7466133	342.3							
656189.6	7466333	251.4							
656189.6	7466533	184.1							
656189.6	7466733	116.2							
656189.6	7466933	75.7							
656189.6	7467133	69.8							
656189.6	7467333	63.8							
656189.6	7467533	60.1							
656189.6	7467733	58.4							
656189.6	7467933	54.4							
656189.6	7468133	52.4							
656189.6	7468333	52.7							
656189.6	7468533	49.4							
656189.6	7468733	48.0							
656189.6	7468933	46.9							
656189.6	7469133	45.4							
656189.6	7469333	43.4							
656189.6	7469533	43.0							
656189.6	7469733	43.2							
656189.6	7469933	42.4							
656189.6	7470133	40.5							
656189.6	7470333	39.5							
656189.6	7470533	46.7							
656189.6	7470733	49.4							
656189.6	7470933	102.4							
656189.6	7471133	93.9							
656189.6	7471333	66.8							
656189.6	7471533	41.7							
656189.6	7471733	30.7							
656389.6	7451933	0.0							
656389.6	7452133	0.0							
656389.6	7452333	7.2							
656389.6	7452533	5.1							
656389.6	7452733	3.1							
656389.6	7452933	3.6							
656389.6	7453133	7.5							
656389.6	7453333	8.8							
656389.6	7453533	7.4							
656389.6	7453733	9.4							
656389.6	7453933	7.7							
656389.6	7454133	3.1							
656389.6	7454333	4.6							
656389.6	7454533	4.3							
656389.6	7454733	1.4							
656389.6	7454933	0.2							
656389.6	7455133	0.2							
656389.6	7455333	0.4							
656389.6	7455533	1.5							
656389.6	7455733	1.3							
656389.6	7455933	1.1							
656389.6	7456133	0.8							
656389.6	7456333	0.7							
656389.6	7456533	0.5							
656389.6	7456733	2.5							
656389.6	7456933	3.4							
656389.6	7457133	3.0							
656389.6	7457333	22.5							
656389.6	7457533	40.8							
656389.6	7457733	97.4							
656389.6	7457933	71.8							
656389.6	7458133	103.0							
656389.6	7458333	119.6							
656389.6	7458533	204.9							
656389.6	7458733	206.2							
656389.6	7458933	89.5							
656389.6	7459133	139.9							
656389.6	7459333	121.0							
656389.6	7459533	96.3							
656389.6	7459733	106.1							
656389.6	7459933	119.3							
656389.6	7460133	178.3							
656389.6	7460333	257.5							
656389.6	7460533	334.8							
656389.6	7460733	346.2							
656389.6	7460933	438.4							
656389.6	7461133	531.5							
656389.6	7461333	614.1							
656389.6	7461533	456.7							
656389.6	7461733	430.5							
656389.6	7461933	415.9							
656389.6	7462133	492.6							
656389.6	7462333	571.3							
656389.6	7462533	726.8							
656389.6	7462733	826.9							
656389.6	7462933	897.9							
656389.6	7463133	990.4							
656389.6	7463333	908.2							
656389.6	7463533	813.4							
656389.6	7463733	736.0							
656389.6	7463933	716.2							
656389.6	7464133	747.4							
656389.6	7464333	776.3							
656389.6	7464533	734.0							
656389.6	7464733	666.5							
656389.6	7464933	683.9							
656389.6	7465133	796.0							
656389.6	7465333	744.2							
656389.6	7465533	619.2							
656389.6	7465733	553.7							
656389.6	7465933	489.6							
656389.6	7466133	355.3							
656389.6	7466333	266.4							
656389.6	7466533	176.4							
656389.6	7466733	134.1							
656389.6	7466933	107.7							
656389.6	7467133	66.3							
656389.6	7467333	62.2							
656389.6	7467533	59.3							
656389.6	7467733	58.2							
656389.6	7467933	55.1							
656389.6	7468133	51.8							
656389.6	7468333	50.7							
656389.6	7468533	48.0							
656389.6	7468733	47.2							
656389.6	7468933	46.9							
656389.6	7469133	47.7							
656389.6	7469333	43.1							
656389.6	7469533	42.6							
656389.6	7469733	41.6							
656389.6	7469933	40.9							
656389.6	7470133	40.7							
656389.6	7470333	39.3							
656389.6	7470533	40.1							
656389.6	7470733	43.6							
656389.6	7470933	92.1							
656389.6	7471133	149.9							
656389.6	7471333	78.5							
656389.6	7471533	39.9							
656389.6	7471733	32.6							
656589.6	7451933	0.0							
656589.6	7452133	7.7							
656589.6	7452333	6.4							
656589.6	7452533	3.9							
656589.6	7452733	2.5							
656589.6	7452933	0.0							
656589.6	7453133	11.6							
656589.6	7453333	11.9							
656589.6	7453533	10.2							
656589.6	7453733	12.4							
656589.6	7453933	8.1							
656589.6	7454133	4.5							
656589.6	7454333	4.4							
656589.6	7454533	0.9							
656589.6	7454733	1.0							
656589.6	7454933	0.3							
656589.6	7455133	0.4							
656589.6	7455333	0.4							
656589.6	7455533	0.6							
656589.6	7455733	0.4							
656589.6	7455933	0.3							
656589.6	7456133	0.8							
656589.6	7456333	0.4							
656589.6	7456533	1.0							
656589.6	7456733	1.3							
656589.6	7456933	1.5							
656589.6	7457133	3.9							
656589.6	7457333	3.9							
656589.6	7457533	9.9							
656589.6	7457733	16.7							
656589.6	7457933	18.7							
656589.6	7458133	65.4							
656589.6	7458333	187.3							
656589.6	7458533	261.2							
656589.6	7458733	231.0							
656589.6	7458933	109.5							
656589.6	7459133	207.8							
656589.6	7459333	211.2							
656589.6	7459533	108.6							
656589.6	7459733	169.0							
656589.6	7459933	137.1							
656589.6	7460133	156.0							
656589.6	7460333	223.2							
656589.6	7460533	301.8							
656589.6	7460733	428.6							
656589.6	7460933	460.7							
656589.6	7461133	619.4							
656589.6	7461333	737.0							
656589.6	7461533	546.3							
656589.6	7461733	563.2							
656589.6	7461933	494.5							
656589.6	7462133	585.1							
656589.6	7462333	618.8							
656589.6	7462533	728.5							
656589.6	7462733	833.3							
656589.6	7462933	892.0							
656589.6	7463133	993.9							
656589.6	7463333	930.1							
656589.6	7463533	845.5							
656589.6	7463733	793.8							
656589.6	7463933	758.7							
656589.6	7464133	824.0							
656589.6	7464333	854.2							
656589.6	7464533	762.4							
656589.6	7464733	696.0							
656589.6	7464933	733.8							
656589.6	7465133	875.3							
656589.6	7465333	784.5							
656589.6	7465533	718.7							
656589.6	7465733	586.4							
656589.6	7465933	472.1							
656589.6	7466133	415.2							
656589.6	7466333	319.0							
656589.6	7466533	226.4							
656589.6	7466733	126.9							
656589.6	7466933	120.6							
656589.6	7467133	73.7							
656589.6	7467333	60.0							
656589.6	7467533	60.7							
656589.6	7467733	58.1							
656589.6	7467933	55.3							
656589.6	7468133	52.5							
656589.6	7468333	49.5							
656589.6	7468533	48.4							
656589.6	7468733	45.9							
656589.6	7468933	44.5							
656589.6	7469133	44.5							
656589.6	7469333	43.5							
656589.6	7469533	43.0							
656589.6	7469733	41.1							
656589.6	7469933	41.1							
656589.6	7470133	39.7							
656589.6	7470333	37.9							
656589.6	7470533	39.5							
656589.6	7470733	40.4							
656589.6	7470933	49.5							
656589.6	7471133	62.6							
656589.6	7471333	56.5							
656589.6	7471533	36.4							
656589.6	7471733	32.8							
656789.6	7451933	0.0							
656789.6	7452133	0.0							
656789.6	7452333	11.3							
656789.6	7452533	12.9							
656789.6	7452733	3.5							
656789.6	7452933	0.0							
656789.6	7453133	5.8							
656789.6	7453333	8.2							
656789.6	7453533	11.7							
656789.6	7453733	9.9							
656789.6	7453933	10.6							
656789.6	7454133	8.5							
656789.6	7454333	1.9							
656789.6	7454533	1.4							
656789.6	7454733	3.2							
656789.6	7454933	0.2							
656789.6	7455133	0.6							
656789.6	7455333	1.0							
656789.6	7455533	0.1							
656789.6	7455733	0.2							
656789.6	7455933	0.2							
656789.6	7456133	0.8							
656789.6	7456333	0.6							
656789.6	7456533	0.7							
656789.6	7456733	0.7							
656789.6	7456933	1.7							
656789.6	7457133	2.0							
656789.6	7457333	7.3							
656789.6	7457533	4.8							
656789.6	7457733	12.1							
656789.6	7457933	17.8							
656789.6	7458133	51.1							
656789.6	7458333	176.7							
656789.6	7458533	260.7							
656789.6	7458733	240.9							
656789.6	7458933	176.5							
656789.6	7459133	217.8							
656789.6	7459333	232.8							
656789.6	7459533	129.6							
656789.6	7459733	158.7							
656789.6	7459933	174.3							
656789.6	7460133	174.6							
656789.6	7460333	217.6							
656789.6	7460533	309.4							
656789.6	7460733	398.9							
656789.6	7460933	529.0							
656789.6	7461133	679.7							
656789.6	7461333	779.3							
656789.6	7461533	734.9							
656789.6	7461733	718.1							
656789.6	7461933	625.2							
656789.6	7462133	633.0							
656789.6	7462333	726.4							
656789.6	7462533	804.7							
656789.6	7462733	814.4							
656789.6	7462933	890.9							
656789.6	7463133	954.8							
656789.6	7463333	882.9							
656789.6	7463533	752.9							
656789.6	7463733	798.7							
656789.6	7463933	811.0							
656789.6	7464133	849.0							
656789.6	7464333	884.0							
656789.6	7464533	837.4							
656789.6	7464733	756.3							
656789.6	7464933	777.3							
656789.6	7465133	902.7							
656789.6	7465333	813.6							
656789.6	7465533	682.6							
656789.6	7465733	586.3							
656789.6	7465933	528.8							
656789.6	7466133	444.4							
656789.6	7466333	338.9							
656789.6	7466533	256.5							
656789.6	7466733	138.9							
656789.6	7466933	91.6							
656789.6	7467133	68.0							
656789.6	7467333	66.8							
656789.6	7467533	60.1							
656789.6	7467733	57.4							
656789.6	7467933	53.8							
656789.6	7468133	53.4							
656789.6	7468333	49.7							
656789.6	7468533	48.7							
656789.6	7468733	47.6							
656789.6	7468933	45.4							
656789.6	7469133	43.9							
656789.6	7469333	44.0							
656789.6	7469533	46.3							
656789.6	7469733	41.9							
656789.6	7469933	38.5							
656789.6	7470133	40.6							
656789.6	7470333	38.1							
656789.6	7470533	40.5							
656789.6	7470733	52.8							
656789.6	7470933	43.3							
656789.6	7471133	43.4							
656789.6	7471333	40.2							
656789.6	7471533	34.1							
656789.6	7471733	37.8							
656989.6	7451933	0.0							
656989.6	7452133	0.0							
656989.6	7452333	0.0							
656989.6	7452533	11.0							
656989.6	7452733	5.6							
656989.6	7452933	3.2							
656989.6	7453133	1.8							
656989.6	7453333	9.0							
656989.6	7453533	9.0							
656989.6	7453733	11.1							
656989.6	7453933	13.2							
656989.6	7454133	6.8							
656989.6	7454333	3.9							
656989.6	7454533	5.0							
656989.6	7454733	1.2							
656989.6	7454933	0.5							
656989.6	7455133	0.2							
656989.6	7455333	0.2							
656989.6	7455533	0.1							
656989.6	7455733	0.6							
656989.6	7455933	0.2							
656989.6	7456133	0.9							
656989.6	7456333	0.5							
656989.6	7456533	1.5							
656989.6	7456733	2.0							
656989.6	7456933	1.6							
656989.6	7457133	4.1							
656989.6	7457333	7.3							
656989.6	7457533	9.1							
656989.6	7457733	11.2							
656989.6	7457933	16.3							
656989.6	7458133	28.8							
656989.6	7458333	94.5							
656989.6	7458533	191.6							
656989.6	7458733	295.5							
656989.6	7458933	252.9							
656989.6	7459133	259.0							
656989.6	7459333	184.5							
656989.6	7459533	166.1							
656989.6	7459733	223.0							
656989.6	7459933	245.3							
656989.6	7460133	193.1							
656989.6	7460333	259.7							
656989.6	7460533	329.6							
656989.6	7460733	406.3							
656989.6	7460933	512.4							
656989.6	7461133	653.0							
656989.6	7461333	786.3							
656989.6	7461533	838.5							
656989.6	7461733	792.5							
656989.6	7461933	681.2							
656989.6	7462133	621.3							
656989.6	7462333	685.2							
656989.6	7462533	799.6							
656989.6	7462733	836.0							
656989.6	7462933	825.8							
656989.6	7463133	782.8							
656989.6	7463333	722.6							
656989.6	7463533	684.1							
656989.6	7463733	742.4							
656989.6	7463933	857.3							
656989.6	7464133	926.0							
656989.6	7464333	939.7							
656989.6	7464533	907.3							
656989.6	7464733	796.6							
656989.6	7464933	836.1							
656989.6	7465133	902.3							
656989.6	7465333	821.7							
656989.6	7465533	687.2							
656989.6	7465733	619.7							
656989.6	7465933	537.2							
656989.6	7466133	448.4							
656989.6	7466333	358.6							
656989.6	7466533	294.2							
656989.6	7466733	186.4							
656989.6	7466933	108.8							
656989.6	7467133	105.0							
656989.6	7467333	70.5							
656989.6	7467533	66.0							
656989.6	7467733	57.3							
656989.6	7467933	56.0							
656989.6	7468133	52.1							
656989.6	7468333	50.4							
656989.6	7468533	49.9							
656989.6	7468733	46.3							
656989.6	7468933	44.1							
656989.6	7469133	43.6							
656989.6	7469333	42.8							
656989.6	7469533	42.9							
656989.6	7469733	41.2							
656989.6	7469933	42.1							
656989.6	7470133	38.3							
656989.6	7470333	38.7							
656989.6	7470533	50.1							
656989.6	7470733	45.2							
656989.6	7470933	38.5							
656989.6	7471133	35.8							
656989.6	7471333	35.7							
656989.6	7471533	32.8							
656989.6	7471733	32.5							
657189.6	7451933	0.0							
657189.6	7452133	0.0							
657189.6	7452333	0.0							
657189.6	7452533	6.7							
657189.6	7452733	10.8							
657189.6	7452933	4.8							
657189.6	7453133	5.0							
657189.6	7453333	13.3							
657189.6	7453533	11.7							
657189.6	7453733	12.4							
657189.6	7453933	11.8							
657189.6	7454133	11.0							
657189.6	7454333	5.1							
657189.6	7454533	3.2							
657189.6	7454733	4.8							
657189.6	7454933	1.5							
657189.6	7455133	0.5							
657189.6	7455333	0.6							
657189.6	7455533	0.7							
657189.6	7455733	1.6							
657189.6	7455933	0.3							
657189.6	7456133	0.7							
657189.6	7456333	0.5							
657189.6	7456533	1.5							
657189.6	7456733	2.4							
657189.6	7456933	2.3							
657189.6	7457133	2.2							
657189.6	7457333	5.9							
657189.6	7457533	9.3							
657189.6	7457733	8.2							
657189.6	7457933	42.3							
657189.6	7458133	23.8							
657189.6	7458333	118.7							
657189.6	7458533	199.2							
657189.6	7458733	298.2							
657189.6	7458933	357.0							
657189.6	7459133	254.5							
657189.6	7459333	253.5							
657189.6	7459533	208.3							
657189.6	7459733	264.8							
657189.6	7459933	310.2							
657189.6	7460133	256.5							
657189.6	7460333	245.1							
657189.6	7460533	290.4							
657189.6	7460733	385.1							
657189.6	7460933	516.3							
657189.6	7461133	645.9							
657189.6	7461333	741.4							
657189.6	7461533	848.4							
657189.6	7461733	823.8							
657189.6	7461933	686.0							
657189.6	7462133	661.7							
657189.6	7462333	669.3							
657189.6	7462533	718.2							
657189.6	7462733	672.5							
657189.6	7462933	687.8							
657189.6	7463133	671.3							
657189.6	7463333	611.5							
657189.6	7463533	657.7							
657189.6	7463733	741.0							
657189.6	7463933	837.1							
657189.6	7464133	935.3							
657189.6	7464333	841.4							
657189.6	7464533	850.8							
657189.6	7464733	736.0							
657189.6	7464933	861.1							
657189.6	7465133	777.8							
657189.6	7465333	820.1							
657189.6	7465533	791.8							
657189.6	7465733	677.2							
657189.6	7465933	571.1							
657189.6	7466133	468.8							
657189.6	7466333	405.5							
657189.6	7466533	356.5							
657189.6	7466733	251.3							
657189.6	7466933	137.4							
657189.6	7467133	114.9							
657189.6	7467333	114.6							
657189.6	7467533	65.2							
657189.6	7467733	58.5							
657189.6	7467933	57.3							
657189.6	7468133	60.2							
657189.6	7468333	50.8							
657189.6	7468533	47.9							
657189.6	7468733	47.3							
657189.6	7468933	47.0							
657189.6	7469133	47.8							
657189.6	7469333	47.1							
657189.6	7469533	41.8							
657189.6	7469733	38.5							
657189.6	7469933	37.5							
657189.6	7470133	38.4							
657189.6	7470333	36.6							
657189.6	7470533	39.7							
657189.6	7470733	38.5							
657189.6	7470933	37.2							
657189.6	7471133	35.1							
657189.6	7471333	33.7							
657189.6	7471533	32.6							
657189.6	7471733	34.6							
657389.6	7451933	0.0							
657389.6	7452133	0.0							
657389.6	7452333	0.0							
657389.6	7452533	0.0							
657389.6	7452733	15.4							
657389.6	7452933	7.2							
657389.6	7453133	12.7							
657389.6	7453333	6.3							
657389.6	7453533	10.3							
657389.6	7453733	6.7							
657389.6	7453933	9.8							
657389.6	7454133	8.7							
657389.6	7454333	7.3							
657389.6	7454533	6.1							
657389.6	7454733	1.6							
657389.6	7454933	2.4							
657389.6	7455133	1.2							
657389.6	7455333	1.0							
657389.6	7455533	1.3							
657389.6	7455733	0.9							
657389.6	7455933	1.5							
657389.6	7456133	0.5							
657389.6	7456333	1.4							
657389.6	7456533	2.2							
657389.6	7456733	2.9							
657389.6	7456933	2.8							
657389.6	7457133	3.2							
657389.6	7457333	9.8							
657389.6	7457533	9.0							
657389.6	7457733	12.2							
657389.6	7457933	15.5							
657389.6	7458133	17.1							
657389.6	7458333	70.9							
657389.6	7458533	154.7							
657389.6	7458733	259.9							
657389.6	7458933	358.0							
657389.6	7459133	331.4							
657389.6	7459333	343.0							
657389.6	7459533	289.7							
657389.6	7459733	364.6							
657389.6	7459933	331.8							
657389.6	7460133	273.5							
657389.6	7460333	253.1							
657389.6	7460533	310.8							
657389.6	7460733	392.7							
657389.6	7460933	573.7							
657389.6	7461133	691.9							
657389.6	7461333	742.9							
657389.6	7461533	829.1							
657389.6	7461733	814.1							
657389.6	7461933	720.2							
657389.6	7462133	718.7							
657389.6	7462333	647.8							
657389.6	7462533	585.8							
657389.6	7462733	588.1							
657389.6	7462933	640.7							
657389.6	7463133	561.0							
657389.6	7463333	567.3							
657389.6	7463533	639.5							
657389.6	7463733	736.6							
657389.6	7463933	810.1							
657389.6	7464133	835.4							
657389.6	7464333	860.8							
657389.6	7464533	732.7							
657389.6	7464733	645.9							
657389.6	7464933	757.1							
657389.6	7465133	751.1							
657389.6	7465333	708.9							
657389.6	7465533	753.9							
657389.6	7465733	694.1							
657389.6	7465933	600.5							
657389.6	7466133	507.5							
657389.6	7466333	432.0							
657389.6	7466533	360.0							
657389.6	7466733	284.2							
657389.6	7466933	165.5							
657389.6	7467133	92.2							
657389.6	7467333	86.5							
657389.6	7467533	68.1							
657389.6	7467733	61.1							
657389.6	7467933	60.4							
657389.6	7468133	60.5							
657389.6	7468333	53.0							
657389.6	7468533	50.6							
657389.6	7468733	48.0							
657389.6	7468933	50.9							
657389.6	7469133	43.9							
657389.6	7469333	42.0							
657389.6	7469533	44.0							
657389.6	7469733	42.3							
657389.6	7469933	39.4							
657389.6	7470133	38.2							
657389.6	7470333	38.5							
657389.6	7470533	36.8							
657389.6	7470733	35.2							
657389.6	7470933	35.4							
657389.6	7471133	34.0							
657389.6	7471333	35.1							
657389.6	7471533	32.0							
657389.6	7471733	32.4							
657589.6	7451933	0.0							
657589.6	7452133	0.0							
657589.6	7452333	0.0							
657589.6	7452533	0.0							
657589.6	7452733	7.6							
657589.6	7452933	8.5							
657589.6	7453133	9.1							
657589.6	7453333	12.1							
657589.6	7453533	12.0							
657589.6	7453733	8.5							
657589.6	7453933	11.8							
657589.6	7454133	12.1							
657589.6	7454333	7.2							
657589.6	7454533	6.4							
657589.6	7454733	4.8							
657589.6	7454933	3.3							
657589.6	7455133	0.7							
657589.6	7455333	0.6							
657589.6	7455533	1.3							
657589.6	7455733	1.5							
657589.6	7455933	1.3							
657589.6	7456133	1.3							
657589.6	7456333	1.7							
657589.6	7456533	2.1							
657589.6	7456733	1.9							
657589.6	7456933	2.7							
657589.6	7457133	3.0							
657589.6	7457333	6.5							
657589.6	7457533	12.6							
657589.6	7457733	9.2							
657589.6	7457933	10.9							
657589.6	7458133	12.7							
657589.6	7458333	81.6							
657589.6	7458533	134.5							
657589.6	7458733	230.4							
657589.6	7458933	315.6							
657589.6	7459133	433.9							
657589.6	7459333	413.6							
657589.6	7459533	373.0							
657589.6	7459733	415.2							
657589.6	7459933	388.6							
657589.6	7460133	305.0							
657589.6	7460333	286.4							
657589.6	7460533	311.8							
657589.6	7460733	393.9							
657589.6	7460933	504.0							
657589.6	7461133	590.3							
657589.6	7461333	700.2							
657589.6	7461533	779.9							
657589.6	7461733	669.9							
657589.6	7461933	666.5							
657589.6	7462133	664.1							
657589.6	7462333	561.9							
657589.6	7462533	508.7							
657589.6	7462733	528.3							
657589.6	7462933	539.5							
657589.6	7463133	483.3							
657589.6	7463333	581.5							
657589.6	7463533	687.8							
657589.6	7463733	786.9							
657589.6	7463933	713.7							
657589.6	7464133	708.0							
657589.6	7464333	780.1							
657589.6	7464533	663.5							
657589.6	7464733	578.8							
657589.6	7464933	709.3							
657589.6	7465133	714.0							
657589.6	7465333	626.1							
657589.6	7465533	644.3							
657589.6	7465733	667.7							
657589.6	7465933	670.0							
657589.6	7466133	586.8							
657589.6	7466333	460.2							
657589.6	7466533	412.7							
657589.6	7466733	298.8							
657589.6	7466933	226.7							
657589.6	7467133	124.3							
657589.6	7467333	75.6							
657589.6	7467533	64.7							
657589.6	7467733	67.4							
657589.6	7467933	91.1							
657589.6	7468133	58.5							
657589.6	7468333	54.3							
657589.6	7468533	49.6							
657589.6	7468733	47.7							
657589.6	7468933	47.9							
657589.6	7469133	45.2							
657589.6	7469333	43.1							
657589.6	7469533	43.2							
657589.6	7469733	42.3							
657589.6	7469933	41.1							
657589.6	7470133	38.0							
657589.6	7470333	39.1							
657589.6	7470533	37.8							
657589.6	7470733	36.1							
657589.6	7470933	36.8							
657589.6	7471133	36.1							
657589.6	7471333	40.0							
657589.6	7471533	33.9							
657589.6	7471733	32.9							
657789.6	7451933	0.0							
657789.6	7452133	0.0							
657789.6	7452333	0.0							
657789.6	7452533	0.0							
657789.6	7452733	7.2							
657789.6	7452933	7.5							
657789.6	7453133	5.0							
657789.6	7453333	5.1							
657789.6	7453533	11.2							
657789.6	7453733	6.6							
657789.6	7453933	10.6							
657789.6	7454133	13.6							
657789.6	7454333	11.7							
657789.6	7454533	7.0							
657789.6	7454733	4.6							
657789.6	7454933	1.2							
657789.6	7455133	0.9							
657789.6	7455333	0.9							
657789.6	7455533	1.7							
657789.6	7455733	1.6							
657789.6	7455933	1.0							
657789.6	7456133	0.7							
657789.6	7456333	2.0							
657789.6	7456533	1.8							
657789.6	7456733	5.3							
657789.6	7456933	3.0							
657789.6	7457133	3.6							
657789.6	7457333	6.6							
657789.6	7457533	9.5							
657789.6	7457733	10.7							
657789.6	7457933	12.8							
657789.6	7458133	18.2							
657789.6	7458333	46.4							
657789.6	7458533	119.5							
657789.6	7458733	179.4							
657789.6	7458933	281.2							
657789.6	7459133	409.2							
657789.6	7459333	461.0							
657789.6	7459533	464.6							
657789.6	7459733	468.9							
657789.6	7459933	410.8							
657789.6	7460133	358.2							
657789.6	7460333	358.0							
657789.6	7460533	329.3							
657789.6	7460733	398.6							
657789.6	7460933	452.2							
657789.6	7461133	547.5							
657789.6	7461333	669.3							
657789.6	7461533	777.3							
657789.6	7461733	680.1							
657789.6	7461933	568.5							
657789.6	7462133	567.8							
657789.6	7462333	533.3							
657789.6	7462533	447.0							
657789.6	7462733	441.3							
657789.6	7462933	453.0							
657789.6	7463133	487.5							
657789.6	7463333	602.3							
657789.6	7463533	713.5							
657789.6	7463733	770.4							
657789.6	7463933	653.1							
657789.6	7464133	581.1							
657789.6	7464333	668.5							
657789.6	7464533	621.3							
657789.6	7464733	522.5							
657789.6	7464933	632.7							
657789.6	7465133	619.9							
657789.6	7465333	581.8							
657789.6	7465533	525.0							
657789.6	7465733	546.0							
657789.6	7465933	565.2							
657789.6	7466133	572.5							
657789.6	7466333	545.3							
657789.6	7466533	446.0							
657789.6	7466733	342.5							
657789.6	7466933	286.2							
657789.6	7467133	178.9							
657789.6	7467333	91.2							
657789.6	7467533	133.7							
657789.6	7467733	154.5							
657789.6	7467933	121.3							
657789.6	7468133	70.9							
657789.6	7468333	54.9							
657789.6	7468533	48.0							
657789.6	7468733	46.7							
657789.6	7468933	46.0							
657789.6	7469133	44.8							
657789.6	7469333	43.6							
657789.6	7469533	41.6							
657789.6	7469733	38.6							
657789.6	7469933	41.0							
657789.6	7470133	41.6							
657789.6	7470333	42.3							
657789.6	7470533	57.0							
657789.6	7470733	46.0							
657789.6	7470933	42.1							
657789.6	7471133	37.1							
657789.6	7471333	37.7							
657789.6	7471533	40.5							
657789.6	7471733	34.0							
657989.6	7451933	0.0							
657989.6	7452133	0.0							
657989.6	7452333	0.0							
657989.6	7452533	0.0							
657989.6	7452733	0.0							
657989.6	7452933	8.8							
657989.6	7453133	3.3							
657989.6	7453333	11.9							
657989.6	7453533	13.2							
657989.6	7453733	11.7							
657989.6	7453933	11.6							
657989.6	7454133	13.2							
657989.6	7454333	9.8							
657989.6	7454533	7.7							
657989.6	7454733	3.8							
657989.6	7454933	2.6							
657989.6	7455133	3.4							
657989.6	7455333	1.6							
657989.6	7455533	1.6							
657989.6	7455733	2.1							
657989.6	7455933	1.2							
657989.6	7456133	0.9							
657989.6	7456333	0.5							
657989.6	7456533	3.8							
657989.6	7456733	3.9							
657989.6	7456933	2.9							
657989.6	7457133	3.8							
657989.6	7457333	2.1							
657989.6	7457533	8.1							
657989.6	7457733	12.0							
657989.6	7457933	14.6							
657989.6	7458133	19.4							
657989.6	7458333	46.9							
657989.6	7458533	112.9							
657989.6	7458733	165.6							
657989.6	7458933	254.9							
657989.6	7459133	347.7							
657989.6	7459333	403.9							
657989.6	7459533	516.3							
657989.6	7459733	540.1							
657989.6	7459933	458.3							
657989.6	7460133	388.4							
657989.6	7460333	388.5							
657989.6	7460533	434.0							
657989.6	7460733	404.8							
657989.6	7460933	459.5							
657989.6	7461133	562.5							
657989.6	7461333	666.2							
657989.6	7461533	724.7							
657989.6	7461733	622.8							
657989.6	7461933	556.9							
657989.6	7462133	483.1							
657989.6	7462333	469.9							
657989.6	7462533	422.3							
657989.6	7462733	395.3							
657989.6	7462933	414.7							
657989.6	7463133	495.1							
657989.6	7463333	546.4							
657989.6	7463533	630.5							
657989.6	7463733	724.4							
657989.6	7463933	629.3							
657989.6	7464133	546.3							
657989.6	7464333	581.6							
657989.6	7464533	556.2							
657989.6	7464733	487.2							
657989.6	7464933	605.8							
657989.6	7465133	616.5							
657989.6	7465333	547.9							
657989.6	7465533	459.9							
657989.6	7465733	456.9							
657989.6	7465933	472.8							
657989.6	7466133	509.2							
657989.6	7466333	554.3							
657989.6	7466533	480.7							
657989.6	7466733	387.4							
657989.6	7466933	308.5							
657989.6	7467133	196.1							
657989.6	7467333	135.3							
657989.6	7467533	187.4							
657989.6	7467733	165.5							
657989.6	7467933	43.6							
657989.6	7468133	56.1							
657989.6	7468333	62.0							
657989.6	7468533	47.5							
657989.6	7468733	44.7							
657989.6	7468933	42.7							
657989.6	7469133	42.1							
657989.6	7469333	42.4							
657989.6	7469533	39.4							
657989.6	7469733	39.0							
657989.6	7469933	40.7							
657989.6	7470133	39.5							
657989.6	7470333	43.5							
657989.6	7470533	62.2							
657989.6	7470733	48.8							
657989.6	7470933	39.1							
657989.6	7471133	36.2							
657989.6	7471333	38.8							
657989.6	7471533	47.4							
657989.6	7471733	39.4							
658189.6	7451933	0.0							
658189.6	7452133	0.0							
658189.6	7452333	0.0							
658189.6	7452533	0.0							
658189.6	7452733	0.0							
658189.6	7452933	10.3							
658189.6	7453133	9.6							
658189.6	7453333	10.7							
658189.6	7453533	9.6							
658189.6	7453733	10.9							
658189.6	7453933	11.5							
658189.6	7454133	12.7							
658189.6	7454333	8.5							
658189.6	7454533	9.2							
658189.6	7454733	7.8							
658189.6	7454933	2.2							
658189.6	7455133	4.3							
658189.6	7455333	2.5							
658189.6	7455533	1.9							
658189.6	7455733	2.2							
658189.6	7455933	0.6							
658189.6	7456133	0.4							
658189.6	7456333	1.7							
658189.6	7456533	3.7							
658189.6	7456733	3.9							
658189.6	7456933	5.9							
658189.6	7457133	4.6							
658189.6	7457333	3.0							
658189.6	7457533	4.8							
658189.6	7457733	8.5							
658189.6	7457933	11.7							
658189.6	7458133	47.9							
658189.6	7458333	59.1							
658189.6	7458533	87.6							
658189.6	7458733	161.3							
658189.6	7458933	256.6							
658189.6	7459133	337.6							
658189.6	7459333	411.4							
658189.6	7459533	513.3							
658189.6	7459733	599.1							
658189.6	7459933	509.4							
658189.6	7460133	496.6							
658189.6	7460333	464.9							
658189.6	7460533	520.0							
658189.6	7460733	494.4							
658189.6	7460933	535.1							
658189.6	7461133	549.5							
658189.6	7461333	665.4							
658189.6	7461533	653.2							
658189.6	7461733	557.8							
658189.6	7461933	548.2							
658189.6	7462133	476.8							
658189.6	7462333	406.5							
658189.6	7462533	371.0							
658189.6	7462733	344.0							
658189.6	7462933	389.9							
658189.6	7463133	387.3							
658189.6	7463333	468.7							
658189.6	7463533	552.4							
658189.6	7463733	641.1							
658189.6	7463933	622.5							
658189.6	7464133	482.9							
658189.6	7464333	482.5							
658189.6	7464533	504.4							
658189.6	7464733	472.0							
658189.6	7464933	591.3							
658189.6	7465133	641.1							
658189.6	7465333	577.5							
658189.6	7465533	488.2							
658189.6	7465733	367.7							
658189.6	7465933	399.7							
658189.6	7466133	428.8							
658189.6	7466333	488.6							
658189.6	7466533	472.7							
658189.6	7466733	403.3							
658189.6	7466933	265.9							
658189.6	7467133	176.6							
658189.6	7467333	85.5							
658189.6	7467533	106.4							
658189.6	7467733	115.0							
658189.6	7467933	58.1							
658189.6	7468133	64.1							
658189.6	7468333	53.9							
658189.6	7468533	47.8							
658189.6	7468733	43.8							
658189.6	7468933	42.9							
658189.6	7469133	42.2							
658189.6	7469333	39.2							
658189.6	7469533	38.9							
658189.6	7469733	37.6							
658189.6	7469933	41.0							
658189.6	7470133	36.2							
658189.6	7470333	40.6							
658189.6	7470533	47.5							
658189.6	7470733	42.3							
658189.6	7470933	37.1							
658189.6	7471133	36.3							
658189.6	7471333	36.1							
658189.6	7471533	43.8							
658189.6	7471733	44.4							
658389.6	7451933	0.0							
658389.6	7452133	0.0							
658389.6	7452333	0.0							
658389.6	7452533	0.0							
658389.6	7452733	0.0							
658389.6	7452933	5.9							
658389.6	7453133	8.8							
658389.6	7453333	7.5							
658389.6	7453533	10.1							
658389.6	7453733	14.7							
658389.6	7453933	9.5							
658389.6	7454133	12.6							
658389.6	7454333	12.6							
658389.6	7454533	10.6							
658389.6	7454733	7.5							
658389.6	7454933	1.9							
658389.6	7455133	4.5							
658389.6	7455333	1.4							
658389.6	7455533	1.0							
658389.6	7455733	1.2							
658389.6	7455933	0.6							
658389.6	7456133	1.0							
658389.6	7456333	1.5							
658389.6	7456533	3.6							
658389.6	7456733	2.6							
658389.6	7456933	6.6							
658389.6	7457133	7.4							
658389.6	7457333	8.0							
658389.6	7457533	7.1							
658389.6	7457733	10.8							
658389.6	7457933	10.1							
658389.6	7458133	26.0							
658389.6	7458333	80.5							
658389.6	7458533	121.0							
658389.6	7458733	144.0							
658389.6	7458933	209.4							
658389.6	7459133	254.1							
658389.6	7459333	343.4							
658389.6	7459533	443.8							
658389.6	7459733	610.8							
658389.6	7459933	637.3							
658389.6	7460133	623.6							
658389.6	7460333	561.3							
658389.6	7460533	508.8							
658389.6	7460733	554.0							
658389.6	7460933	627.2							
658389.6	7461133	630.3							
658389.6	7461333	687.4							
658389.6	7461533	623.0							
658389.6	7461733	529.6							
658389.6	7461933	440.1							
658389.6	7462133	454.4							
658389.6	7462333	341.2							
658389.6	7462533	318.3							
658389.6	7462733	353.4							
658389.6	7462933	337.8							
658389.6	7463133	383.2							
658389.6	7463333	442.5							
658389.6	7463533	516.2							
658389.6	7463733	620.6							
658389.6	7463933	590.5							
658389.6	7464133	462.8							
658389.6	7464333	380.1							
658389.6	7464533	429.3							
658389.6	7464733	437.1							
658389.6	7464933	603.9							
658389.6	7465133	656.1							
658389.6	7465333	620.7							
658389.6	7465533	497.8							
658389.6	7465733	374.8							
658389.6	7465933	320.7							
658389.6	7466133	364.1							
658389.6	7466333	427.2							
658389.6	7466533	467.5							
658389.6	7466733	389.0							
658389.6	7466933	252.3							
658389.6	7467133	152.0							
658389.6	7467333	71.4							
658389.6	7467533	60.8							
658389.6	7467733	66.0							
658389.6	7467933	101.8							
658389.6	7468133	65.3							
658389.6	7468333	49.8							
658389.6	7468533	46.7							
658389.6	7468733	45.8							
658389.6	7468933	44.3							
658389.6	7469133	40.7							
658389.6	7469333	37.6							
658389.6	7469533	38.7							
658389.6	7469733	35.9							
658389.6	7469933	36.1							
658389.6	7470133	34.5							
658389.6	7470333	39.4							
658389.6	7470533	36.5							
658389.6	7470733	36.8							
658389.6	7470933	35.2							
658389.6	7471133	34.6							
658389.6	7471333	33.2							
658389.6	7471533	31.7							
658389.6	7471733	32.1							
658589.6	7451933	0.0							
658589.6	7452133	0.0							
658589.6	7452333	0.0							
658589.6	7452533	0.0							
658589.6	7452733	0.0							
658589.6	7452933	0.0							
658589.6	7453133	9.2							
658589.6	7453333	5.4							
658589.6	7453533	9.1							
658589.6	7453733	10.9							
658589.6	7453933	13.3							
658589.6	7454133	13.5							
658589.6	7454333	8.5							
658589.6	7454533	8.0							
658589.6	7454733	5.4							
658589.6	7454933	3.4							
658589.6	7455133	2.1							
658589.6	7455333	2.5							
658589.6	7455533	1.4							
658589.6	7455733	2.2							
658589.6	7455933	0.9							
658589.6	7456133	2.0							
658589.6	7456333	2.3							
658589.6	7456533	3.2							
658589.6	7456733	12.6							
658589.6	7456933	17.9							
658589.6	7457133	9.1							
658589.6	7457333	12.3							
658589.6	7457533	9.6							
658589.6	7457733	12.0							
658589.6	7457933	10.6							
658589.6	7458133	18.4							
658589.6	7458333	95.0							
658589.6	7458533	121.5							
658589.6	7458733	162.6							
658589.6	7458933	248.6							
658589.6	7459133	282.4							
658589.6	7459333	319.5							
658589.6	7459533	389.7							
658589.6	7459733	531.4							
658589.6	7459933	675.8							
658589.6	7460133	602.2							
658589.6	7460333	545.0							
658589.6	7460533	497.5							
658589.6	7460733	526.3							
658589.6	7460933	610.5							
658589.6	7461133	625.4							
658589.6	7461333	681.7							
658589.6	7461533	648.0							
658589.6	7461733	554.6							
658589.6	7461933	455.2							
658589.6	7462133	375.1							
658589.6	7462333	355.0							
658589.6	7462533	293.9							
658589.6	7462733	305.7							
658589.6	7462933	319.9							
658589.6	7463133	389.8							
658589.6	7463333	419.1							
658589.6	7463533	510.8							
658589.6	7463733	585.1							
658589.6	7463933	601.1							
658589.6	7464133	444.9							
658589.6	7464333	367.0							
658589.6	7464533	366.7							
658589.6	7464733	419.8							
658589.6	7464933	555.7							
658589.6	7465133	684.7							
658589.6	7465333	612.0							
658589.6	7465533	505.7							
658589.6	7465733	411.2							
658589.6	7465933	318.3							
658589.6	7466133	303.4							
658589.6	7466333	345.9							
658589.6	7466533	376.0							
658589.6	7466733	358.7							
658589.6	7466933	262.9							
658589.6	7467133	153.2							
658589.6	7467333	70.0							
658589.6	7467533	56.7							
658589.6	7467733	56.7							
658589.6	7467933	59.8							
658589.6	7468133	57.2							
658589.6	7468333	51.0							
658589.6	7468533	47.0							
658589.6	7468733	43.9							
658589.6	7468933	44.0							
658589.6	7469133	40.6							
658589.6	7469333	39.3							
658589.6	7469533	38.7							
658589.6	7469733	36.1							
658589.6	7469933	35.3							
658589.6	7470133	36.3							
658589.6	7470333	37.2							
658589.6	7470533	39.7							
658589.6	7470733	49.0							
658589.6	7470933	37.5							
658589.6	7471133	33.4							
658589.6	7471333	31.4							
658589.6	7471533	29.0							
658589.6	7471733	31.5							
658789.6	7451933	0.0							
658789.6	7452133	0.0							
658789.6	7452333	0.0							
658789.6	7452533	0.0							
658789.6	7452733	0.0							
658789.6	7452933	0.0							
658789.6	7453133	9.0							
658789.6	7453333	5.3							
658789.6	7453533	12.3							
658789.6	7453733	9.3							
658789.6	7453933	9.4							
658789.6	7454133	8.0							
658789.6	7454333	10.7							
658789.6	7454533	8.2							
658789.6	7454733	10.4							
658789.6	7454933	2.6							
658789.6	7455133	1.8							
658789.6	7455333	1.7							
658789.6	7455533	24.3							
658789.6	7455733	4.3							
658789.6	7455933	1.6							
658789.6	7456133	0.7							
658789.6	7456333	1.1							
658789.6	7456533	8.6							
658789.6	7456733	148.5							
658789.6	7456933	121.7							
658789.6	7457133	63.6							
658789.6	7457333	15.0							
658789.6	7457533	9.4							
658789.6	7457733	10.8							
658789.6	7457933	11.6							
658789.6	7458133	15.2							
658789.6	7458333	69.7							
658789.6	7458533	129.1							
658789.6	7458733	164.4							
658789.6	7458933	250.6							
658789.6	7459133	340.3							
658789.6	7459333	409.3							
658789.6	7459533	456.1							
658789.6	7459733	538.2							
658789.6	7459933	653.6							
658789.6	7460133	625.9							
658789.6	7460333	512.6							
658789.6	7460533	503.9							
658789.6	7460733	524.2							
658789.6	7460933	528.1							
658789.6	7461133	561.8							
658789.6	7461333	622.6							
658789.6	7461533	671.5							
658789.6	7461733	555.8							
658789.6	7461933	469.3							
658789.6	7462133	415.9							
658789.6	7462333	355.2							
658789.6	7462533	294.8							
658789.6	7462733	245.3							
658789.6	7462933	273.4							
658789.6	7463133	280.3							
658789.6	7463333	326.3							
658789.6	7463533	397.0							
658789.6	7463733	480.9							
658789.6	7463933	517.8							
658789.6	7464133	445.4							
658789.6	7464333	329.3							
658789.6	7464533	313.2							
658789.6	7464733	385.2							
658789.6	7464933	517.8							
658789.6	7465133	654.0							
658789.6	7465333	614.3							
658789.6	7465533	536.6							
658789.6	7465733	430.5							
658789.6	7465933	342.1							
658789.6	7466133	242.6							
658789.6	7466333	239.7							
658789.6	7466533	231.8							
658789.6	7466733	285.2							
658789.6	7466933	284.9							
658789.6	7467133	177.7							
658789.6	7467333	69.5							
658789.6	7467533	57.1							
658789.6	7467733	53.2							
658789.6	7467933	84.8							
658789.6	7468133	67.2							
658789.6	7468333	67.2							
658789.6	7468533	52.9							
658789.6	7468733	42.3							
658789.6	7468933	41.5							
658789.6	7469133	40.6							
658789.6	7469333	36.6							
658789.6	7469533	36.4							
658789.6	7469733	35.6							
658789.6	7469933	38.5							
658789.6	7470133	35.2							
658789.6	7470333	35.9							
658789.6	7470533	37.2							
658789.6	7470733	41.6							
658789.6	7470933	40.6							
658789.6	7471133	35.3							
658789.6	7471333	32.7							
658789.6	7471533	28.2							
658789.6	7471733	28.5							
658989.6	7451933	0.0							
658989.6	7452133	0.0							
658989.6	7452333	0.0							
658989.6	7452533	0.0							
658989.6	7452733	0.0							
658989.6	7452933	0.0							
658989.6	7453133	6.5							
658989.6	7453333	5.4							
658989.6	7453533	2.2							
658989.6	7453733	6.3							
658989.6	7453933	8.0							
658989.6	7454133	12.4							
658989.6	7454333	14.9							
658989.6	7454533	9.5							
658989.6	7454733	9.9							
658989.6	7454933	4.6							
658989.6	7455133	1.5							
658989.6	7455333	2.3							
658989.6	7455533	1.1							
658989.6	7455733	6.6							
658989.6	7455933	42.2							
658989.6	7456133	4.4							
658989.6	7456333	2.4							
658989.6	7456533	43.7							
658989.6	7456733	256.0							
658989.6	7456933	287.5							
658989.6	7457133	143.2							
658989.6	7457333	36.0							
658989.6	7457533	9.4							
658989.6	7457733	11.9							
658989.6	7457933	11.4							
658989.6	7458133	30.7							
658989.6	7458333	83.6							
658989.6	7458533	135.7							
658989.6	7458733	183.6							
658989.6	7458933	294.0							
658989.6	7459133	346.2							
658989.6	7459333	467.8							
658989.6	7459533	561.4							
658989.6	7459733	566.3							
658989.6	7459933	570.3							
658989.6	7460133	565.6							
658989.6	7460333	456.9							
658989.6	7460533	514.2							
658989.6	7460733	537.1							
658989.6	7460933	563.5							
658989.6	7461133	582.7							
658989.6	7461333	633.3							
658989.6	7461533	690.4							
658989.6	7461733	641.4							
658989.6	7461933	490.6							
658989.6	7462133	433.5							
658989.6	7462333	412.4							
658989.6	7462533	315.3							
658989.6	7462733	233.3							
658989.6	7462933	224.8							
658989.6	7463133	229.2							
658989.6	7463333	250.4							
658989.6	7463533	301.7							
658989.6	7463733	368.5							
658989.6	7463933	455.9							
658989.6	7464133	358.9							
658989.6	7464333	283.7							
658989.6	7464533	267.2							
658989.6	7464733	311.4							
658989.6	7464933	475.1							
658989.6	7465133	557.1							
658989.6	7465333	649.4							
658989.6	7465533	561.3							
658989.6	7465733	438.9							
658989.6	7465933	350.5							
658989.6	7466133	241.1							
658989.6	7466333	178.0							
658989.6	7466533	137.9							
658989.6	7466733	197.1							
658989.6	7466933	241.3							
658989.6	7467133	128.0							
658989.6	7467333	73.1							
658989.6	7467533	56.9							
658989.6	7467733	52.3							
658989.6	7467933	55.6							
658989.6	7468133	96.4							
658989.6	7468333	54.7							
658989.6	7468533	48.5							
658989.6	7468733	44.0							
658989.6	7468933	39.4							
658989.6	7469133	39.1							
658989.6	7469333	37.5							
658989.6	7469533	35.3							
658989.6	7469733	35.7							
658989.6	7469933	34.9							
658989.6	7470133	33.3							
658989.6	7470333	35.3							
658989.6	7470533	37.6							
658989.6	7470733	36.7							
658989.6	7470933	35.2							
658989.6	7471133	30.9							
658989.6	7471333	32.2							
658989.6	7471533	25.1							
658989.6	7471733	28.9							
659189.6	7451933	0.0							
659189.6	7452133	0.0							
659189.6	7452333	0.0							
659189.6	7452533	0.0							
659189.6	7452733	0.0							
659189.6	7452933	0.0							
659189.6	7453133	3.7							
659189.6	7453333	5.5							
659189.6	7453533	0.5							
659189.6	7453733	0.5							
659189.6	7453933	8.2							
659189.6	7454133	11.0							
659189.6	7454333	15.6							
659189.6	7454533	11.8							
659189.6	7454733	5.0							
659189.6	7454933	5.4							
659189.6	7455133	0.9							
659189.6	7455333	5.4							
659189.6	7455533	3.2							
659189.6	7455733	2.0							
659189.6	7455933	22.6							
659189.6	7456133	41.1							
659189.6	7456333	3.5							
659189.6	7456533	18.8							
659189.6	7456733	229.4							
659189.6	7456933	285.0							
659189.6	7457133	132.5							
659189.6	7457333	17.1							
659189.6	7457533	18.1							
659189.6	7457733	13.2							
659189.6	7457933	33.9							
659189.6	7458133	54.7							
659189.6	7458333	118.0							
659189.6	7458533	139.5							
659189.6	7458733	187.8							
659189.6	7458933	267.6							
659189.6	7459133	392.5							
659189.6	7459333	441.3							
659189.6	7459533	440.8							
659189.6	7459733	456.1							
659189.6	7459933	479.6							
659189.6	7460133	483.6							
659189.6	7460333	444.6							
659189.6	7460533	469.3							
659189.6	7460733	460.1							
659189.6	7460933	475.0							
659189.6	7461133	526.3							
659189.6	7461333	577.8							
659189.6	7461533	651.3							
659189.6	7461733	669.4							
659189.6	7461933	550.9							
659189.6	7462133	499.8							
659189.6	7462333	434.2							
659189.6	7462533	332.5							
659189.6	7462733	252.8							
659189.6	7462933	191.7							
659189.6	7463133	222.5							
659189.6	7463333	217.8							
659189.6	7463533	240.9							
659189.6	7463733	314.5							
659189.6	7463933	421.1							
659189.6	7464133	331.1							
659189.6	7464333	258.9							
659189.6	7464533	221.2							
659189.6	7464733	272.9							
659189.6	7464933	380.2							
659189.6	7465133	513.5							
659189.6	7465333	571.8							
659189.6	7465533	555.9							
659189.6	7465733	465.6							
659189.6	7465933	364.7							
659189.6	7466133	257.0							
659189.6	7466333	167.0							
659189.6	7466533	100.4							
659189.6	7466733	124.6							
659189.6	7466933	161.0							
659189.6	7467133	91.4							
659189.6	7467333	63.3							
659189.6	7467533	55.8							
659189.6	7467733	50.8							
659189.6	7467933	51.4							
659189.6	7468133	71.3							
659189.6	7468333	55.7							
659189.6	7468533	45.7							
659189.6	7468733	43.6							
659189.6	7468933	38.7							
659189.6	7469133	40.8							
659189.6	7469333	38.0							
659189.6	7469533	36.3							
659189.6	7469733	36.1							
659189.6	7469933	34.2							
659189.6	7470133	33.0							
659189.6	7470333	33.9							
659189.6	7470533	34.5							
659189.6	7470733	36.4							
659189.6	7470933	37.2							
659189.6	7471133	29.1							
659189.6	7471333	27.0							
659189.6	7471533	25.2							
659189.6	7471733	25.1							
659389.6	7451933	0.0							
659389.6	7452133	0.0							
659389.6	7452333	0.0							
659389.6	7452533	0.0							
659389.6	7452733	0.0							
659389.6	7452933	0.0							
659389.6	7453133	0.0							
659389.6	7453333	3.2							
659389.6	7453533	0.5							
659389.6	7453733	3.1							
659389.6	7453933	6.8							
659389.6	7454133	7.7							
659389.6	7454333	9.6							
659389.6	7454533	13.3							
659389.6	7454733	11.1							
659389.6	7454933	4.4							
659389.6	7455133	5.8							
659389.6	7455333	5.5							
659389.6	7455533	3.9							
659389.6	7455733	2.8							
659389.6	7455933	1.7							
659389.6	7456133	3.3							
659389.6	7456333	1.5							
659389.6	7456533	5.0							
659389.6	7456733	61.4							
659389.6	7456933	191.4							
659389.6	7457133	251.6							
659389.6	7457333	18.9							
659389.6	7457533	37.4							
659389.6	7457733	23.7							
659389.6	7457933	55.3							
659389.6	7458133	92.8							
659389.6	7458333	128.3							
659389.6	7458533	163.9							
659389.6	7458733	198.9							
659389.6	7458933	258.2							
659389.6	7459133	392.1							
659389.6	7459333	415.0							
659389.6	7459533	447.5							
659389.6	7459733	458.8							
659389.6	7459933	468.8							
659389.6	7460133	433.3							
659389.6	7460333	448.5							
659389.6	7460533	462.3							
659389.6	7460733	509.0							
659389.6	7460933	517.6							
659389.6	7461133	553.0							
659389.6	7461333	612.7							
659389.6	7461533	631.6							
659389.6	7461733	680.0							
659389.6	7461933	580.5							
659389.6	7462133	467.4							
659389.6	7462333	392.7							
659389.6	7462533	330.5							
659389.6	7462733	233.4							
659389.6	7462933	193.1							
659389.6	7463133	181.6							
659389.6	7463333	149.2							
659389.6	7463533	192.6							
659389.6	7463733	256.6							
659389.6	7463933	380.2							
659389.6	7464133	299.9							
659389.6	7464333	211.7							
659389.6	7464533	202.1							
659389.6	7464733	219.7							
659389.6	7464933	336.0							
659389.6	7465133	473.1							
659389.6	7465333	510.4							
659389.6	7465533	451.1							
659389.6	7465733	442.6							
659389.6	7465933	377.5							
659389.6	7466133	247.6							
659389.6	7466333	184.7							
659389.6	7466533	128.2							
659389.6	7466733	62.1							
659389.6	7466933	70.1							
659389.6	7467133	95.1							
659389.6	7467333	57.3							
659389.6	7467533	56.0							
659389.6	7467733	50.5							
659389.6	7467933	49.8							
659389.6	7468133	49.4							
659389.6	7468333	47.7							
659389.6	7468533	42.4							
659389.6	7468733	43.6							
659389.6	7468933	40.8							
659389.6	7469133	37.1							
659389.6	7469333	37.5							
659389.6	7469533	35.1							
659389.6	7469733	34.5							
659389.6	7469933	33.9							
659389.6	7470133	32.1							
659389.6	7470333	33.0							
659389.6	7470533	33.2							
659389.6	7470733	39.8							
659389.6	7470933	35.1							
659389.6	7471133	32.3							
659389.6	7471333	29.8							
659389.6	7471533	26.2							
659389.6	7471733	25.1							
659589.6	7451933	0.0							
659589.6	7452133	0.0							
659589.6	7452333	0.0							
659589.6	7452533	0.0							
659589.6	7452733	0.0							
659589.6	7452933	0.0							
659589.6	7453133	0.0							
659589.6	7453333	8.6							
659589.6	7453533	0.5							
659589.6	7453733	0.5							
659589.6	7453933	0.5							
659589.6	7454133	7.7							
659589.6	7454333	7.6							
659589.6	7454533	15.9							
659589.6	7454733	8.6							
659589.6	7454933	7.8							
659589.6	7455133	4.2							
659589.6	7455333	2.2							
659589.6	7455533	1.2							
659589.6	7455733	4.4							
659589.6	7455933	1.5							
659589.6	7456133	3.4							
659589.6	7456333	1.5							
659589.6	7456533	2.2							
659589.6	7456733	3.7							
659589.6	7456933	94.9							
659589.6	7457133	245.5							
659589.6	7457333	139.9							
659589.6	7457533	54.7							
659589.6	7457733	44.5							
659589.6	7457933	83.1							
659589.6	7458133	109.0							
659589.6	7458333	160.0							
659589.6	7458533	196.6							
659589.6	7458733	239.7							
659589.6	7458933	293.5							
659589.6	7459133	333.4							
659589.6	7459333	327.1							
659589.6	7459533	425.3							
659589.6	7459733	465.6							
659589.6	7459933	526.8							
659589.6	7460133	455.9							
659589.6	7460333	456.8							
659589.6	7460533	483.3							
659589.6	7460733	524.3							
659589.6	7460933	521.9							
659589.6	7461133	603.3							
659589.6	7461333	671.4							
659589.6	7461533	622.9							
659589.6	7461733	646.3							
659589.6	7461933	565.6							
659589.6	7462133	427.2							
659589.6	7462333	334.3							
659589.6	7462533	262.8							
659589.6	7462733	200.9							
659589.6	7462933	169.3							
659589.6	7463133	144.2							
659589.6	7463333	153.7							
659589.6	7463533	217.0							
659589.6	7463733	243.8							
659589.6	7463933	309.3							
659589.6	7464133	311.7							
659589.6	7464333	220.7							
659589.6	7464533	176.2							
659589.6	7464733	175.7							
659589.6	7464933	277.2							
659589.6	7465133	406.3							
659589.6	7465333	474.6							
659589.6	7465533	426.0							
659589.6	7465733	397.9							
659589.6	7465933	339.7							
659589.6	7466133	314.2							
659589.6	7466333	218.5							
659589.6	7466533	146.0							
659589.6	7466733	63.8							
659589.6	7466933	53.3							
659589.6	7467133	52.8							
659589.6	7467333	52.7							
659589.6	7467533	50.4							
659589.6	7467733	48.1							
659589.6	7467933	47.0							
659589.6	7468133	44.9							
659589.6	7468333	46.2							
659589.6	7468533	43.6							
659589.6	7468733	42.8							
659589.6	7468933	41.3							
659589.6	7469133	37.7							
659589.6	7469333	35.9							
659589.6	7469533	35.4							
659589.6	7469733	35.9							
659589.6	7469933	34.5							
659589.6	7470133	31.5							
659589.6	7470333	32.2							
659589.6	7470533	31.6							
659589.6	7470733	40.5							
659589.6	7470933	39.6							
659589.6	7471133	39.5							
659589.6	7471333	33.7							
659589.6	7471533	26.6							
659589.6	7471733	23.4							
659789.6	7451933	0.0							
659789.6	7452133	0.0							
659789.6	7452333	0.0							
659789.6	7452533	0.0							
659789.6	7452733	0.0							
659789.6	7452933	0.0							
659789.6	7453133	0.0							
659789.6	7453333	9.1							
659789.6	7453533	0.5							
659789.6	7453733	0.5							
659789.6	7453933	0.5							
659789.6	7454133	6.3							
659789.6	7454333	10.7							
659789.6	7454533	10.9							
659789.6	7454733	9.1							
659789.6	7454933	7.2							
659789.6	7455133	2.4							
659789.6	7455333	3.4							
659789.6	7455533	5.7							
659789.6	7455733	2.4							
659789.6	7455933	1.8							
659789.6	7456133	2.4							
659789.6	7456333	5.1							
659789.6	7456533	1.5							
659789.6	7456733	2.2							
659789.6	7456933	11.9							
659789.6	7457133	180.9							
659789.6	7457333	184.3							
659789.6	7457533	80.1							
659789.6	7457733	94.0							
659789.6	7457933	141.7							
659789.6	7458133	202.6							
659789.6	7458333	197.9							
659789.6	7458533	247.4							
659789.6	7458733	279.0							
659789.6	7458933	237.5							
659789.6	7459133	265.6							
659789.6	7459333	358.7							
659789.6	7459533	457.1							
659789.6	7459733	472.7							
659789.6	7459933	488.6							
659789.6	7460133	505.5							
659789.6	7460333	460.5							
659789.6	7460533	533.7							
659789.6	7460733	556.8							
659789.6	7460933	594.7							
659789.6	7461133	600.5							
659789.6	7461333	662.9							
659789.6	7461533	675.4							
659789.6	7461733	632.2							
659789.6	7461933	508.9							
659789.6	7462133	395.7							
659789.6	7462333	291.5							
659789.6	7462533	235.6							
659789.6	7462733	186.6							
659789.6	7462933	157.3							
659789.6	7463133	131.8							
659789.6	7463333	153.2							
659789.6	7463533	188.8							
659789.6	7463733	235.9							
659789.6	7463933	274.1							
659789.6	7464133	235.6							
659789.6	7464333	234.3							
659789.6	7464533	169.8							
659789.6	7464733	145.1							
659789.6	7464933	211.3							
659789.6	7465133	326.1							
659789.6	7465333	441.5							
659789.6	7465533	410.9							
659789.6	7465733	347.3							
659789.6	7465933	304.5							
659789.6	7466133	295.9							
659789.6	7466333	211.0							
659789.6	7466533	99.2							
659789.6	7466733	76.8							
659789.6	7466933	53.1							
659789.6	7467133	50.8							
659789.6	7467333	49.5							
659789.6	7467533	47.9							
659789.6	7467733	46.0							
659789.6	7467933	44.8							
659789.6	7468133	44.3							
659789.6	7468333	42.5							
659789.6	7468533	43.5							
659789.6	7468733	41.8							
659789.6	7468933	39.8							
659789.6	7469133	39.9							
659789.6	7469333	37.2							
659789.6	7469533	35.9							
659789.6	7469733	30.5							
659789.6	7469933	33.0							
659789.6	7470133	34.1							
659789.6	7470333	31.2							
659789.6	7470533	31.7							
659789.6	7470733	38.4							
659789.6	7470933	42.4							
659789.6	7471133	31.9							
659789.6	7471333	30.4							
659789.6	7471533	26.7							
659789.6	7471733	24.5							
659989.6	7451933	0.0							
659989.6	7452133	0.0							
659989.6	7452333	0.0							
659989.6	7452533	0.0							
659989.6	7452733	0.0							
659989.6	7452933	0.0							
659989.6	7453133	0.0							
659989.6	7453333	0.0							
659989.6	7453533	0.5							
659989.6	7453733	0.5							
659989.6	7453933	2.1							
659989.6	7454133	4.5							
659989.6	7454333	9.2							
659989.6	7454533	9.8							
659989.6	7454733	10.4							
659989.6	7454933	13.9							
659989.6	7455133	4.7							
659989.6	7455333	5.6							
659989.6	7455533	1.6							
659989.6	7455733	1.3							
659989.6	7455933	2.2							
659989.6	7456133	1.5							
659989.6	7456333	2.2							
659989.6	7456533	2.1							
659989.6	7456733	5.7							
659989.6	7456933	7.6							
659989.6	7457133	66.0							
659989.6	7457333	158.3							
659989.6	7457533	75.2							
659989.6	7457733	105.9							
659989.6	7457933	206.8							
659989.6	7458133	273.0							
659989.6	7458333	286.3							
659989.6	7458533	315.3							
659989.6	7458733	269.3							
659989.6	7458933	191.5							
659989.6	7459133	258.1							
659989.6	7459333	350.4							
659989.6	7459533	515.2							
659989.6	7459733	578.6							
659989.6	7459933	513.3							
659989.6	7460133	488.1							
659989.6	7460333	521.9							
659989.6	7460533	575.9							
659989.6	7460733	529.1							
659989.6	7460933	561.3							
659989.6	7461133	599.0							
659989.6	7461333	679.8							
659989.6	7461533	731.3							
659989.6	7461733	599.0							
659989.6	7461933	491.2							
659989.6	7462133	369.5							
659989.6	7462333	293.7							
659989.6	7462533	250.5							
659989.6	7462733	212.7							
659989.6	7462933	146.6							
659989.6	7463133	107.6							
659989.6	7463333	94.5							
659989.6	7463533	157.3							
659989.6	7463733	210.6							
659989.6	7463933	224.6							
659989.6	7464133	183.9							
659989.6	7464333	156.8							
659989.6	7464533	169.4							
659989.6	7464733	118.4							
659989.6	7464933	172.7							
659989.6	7465133	269.8							
659989.6	7465333	358.9							
659989.6	7465533	375.4							
659989.6	7465733	353.3							
659989.6	7465933	321.1							
659989.6	7466133	239.4							
659989.6	7466333	180.2							
659989.6	7466533	69.1							
659989.6	7466733	56.9							
659989.6	7466933	50.2							
659989.6	7467133	49.8							
659989.6	7467333	47.3							
659989.6	7467533	48.9							
659989.6	7467733	47.5							
659989.6	7467933	44.4							
659989.6	7468133	42.3							
659989.6	7468333	43.4							
659989.6	7468533	43.2							
659989.6	7468733	41.2							
659989.6	7468933	39.4							
659989.6	7469133	37.6							
659989.6	7469333	37.1							
659989.6	7469533	35.7							
659989.6	7469733	35.5							
659989.6	7469933	33.1							
659989.6	7470133	33.6							
659989.6	7470333	31.6							
659989.6	7470533	29.2							
659989.6	7470733	34.4							
659989.6	7470933	40.6							
659989.6	7471133	33.2							
659989.6	7471333	30.5							
659989.6	7471533	29.1							
659989.6	7471733	26.0							
660189.6	7451933	0.0							
660189.6	7452133	0.0							
660189.6	7452333	0.0							
660189.6	7452533	0.0							
660189.6	7452733	0.0							
660189.6	7452933	0.0							
660189.6	7453133	0.0							
660189.6	7453333	0.0							
660189.6	7453533	2.0							
660189.6	7453733	0.5							
660189.6	7453933	3.8							
660189.6	7454133	4.4							
660189.6	7454333	6.1							
660189.6	7454533	6.9							
660189.6	7454733	10.1							
660189.6	7454933	7.1							
660189.6	7455133	4.0							
660189.6	7455333	2.4							
660189.6	7455533	4.9							
660189.6	7455733	1.2							
660189.6	7455933	1.1							
660189.6	7456133	4.2							
660189.6	7456333	3.6							
660189.6	7456533	3.6							
660189.6	7456733	1.5							
660189.6	7456933	22.4							
660189.6	7457133	54.8							
660189.6	7457333	58.7							
660189.6	7457533	22.8							
660189.6	7457733	120.4							
660189.6	7457933	255.3							
660189.6	7458133	299.5							
660189.6	7458333	348.1							
660189.6	7458533	278.5							
660189.6	7458733	207.8							
660189.6	7458933	158.6							
660189.6	7459133	200.4							
660189.6	7459333	321.6							
660189.6	7459533	479.2							
660189.6	7459733	560.2							
660189.6	7459933	603.4							
660189.6	7460133	564.4							
660189.6	7460333	561.2							
660189.6	7460533	615.0							
660189.6	7460733	597.5							
660189.6	7460933	572.8							
660189.6	7461133	604.6							
660189.6	7461333	719.2							
660189.6	7461533	694.4							
660189.6	7461733	581.8							
660189.6	7461933	495.6							
660189.6	7462133	414.6							
660189.6	7462333	302.2							
660189.6	7462533	243.0							
660189.6	7462733	201.0							
660189.6	7462933	177.0							
660189.6	7463133	137.3							
660189.6	7463333	85.5							
660189.6	7463533	93.7							
660189.6	7463733	164.3							
660189.6	7463933	223.5							
660189.6	7464133	173.6							
660189.6	7464333	95.8							
660189.6	7464533	137.4							
660189.6	7464733	98.2							
660189.6	7464933	113.8							
660189.6	7465133	183.4							
660189.6	7465333	314.6							
660189.6	7465533	334.6							
660189.6	7465733	326.1							
660189.6	7465933	313.1							
660189.6	7466133	213.5							
660189.6	7466333	153.1							
660189.6	7466533	107.1							
660189.6	7466733	71.5							
660189.6	7466933	52.5							
660189.6	7467133	50.1							
660189.6	7467333	46.8							
660189.6	7467533	45.6							
660189.6	7467733	46.9							
660189.6	7467933	45.3							
660189.6	7468133	44.0							
660189.6	7468333	41.6							
660189.6	7468533	39.8							
660189.6	7468733	38.9							
660189.6	7468933	40.4							
660189.6	7469133	36.4							
660189.6	7469333	36.1							
660189.6	7469533	34.4							
660189.6	7469733	34.3							
660189.6	7469933	32.8							
660189.6	7470133	31.9							
660189.6	7470333	30.0							
660189.6	7470533	30.9							
660189.6	7470733	30.6							
660189.6	7470933	34.9							
660189.6	7471133	44.1							
660189.6	7471333	37.4							
660189.6	7471533	28.5							
660189.6	7471733	24.0							
660389.6	7451933	0.0							
660389.6	7452133	0.0							
660389.6	7452333	0.0							
660389.6	7452533	0.0							
660389.6	7452733	0.0							
660389.6	7452933	0.0							
660389.6	7453133	0.0							
660389.6	7453333	0.0							
660389.6	7453533	2.2							
660389.6	7453733	0.5							
660389.6	7453933	0.5							
660389.6	7454133	5.1							
660389.6	7454333	6.5							
660389.6	7454533	9.2							
660389.6	7454733	9.3							
660389.6	7454933	9.3							
660389.6	7455133	3.7							
660389.6	7455333	1.7							
660389.6	7455533	2.8							
660389.6	7455733	0.7							
660389.6	7455933	1.4							
660389.6	7456133	3.0							
660389.6	7456333	2.5							
660389.6	7456533	6.7							
660389.6	7456733	4.8							
660389.6	7456933	20.8							
660389.6	7457133	69.0							
660389.6	7457333	12.5							
660389.6	7457533	19.2							
660389.6	7457733	132.8							
660389.6	7457933	298.9							
660389.6	7458133	348.3							
660389.6	7458333	331.1							
660389.6	7458533	230.8							
660389.6	7458733	161.2							
660389.6	7458933	118.4							
660389.6	7459133	192.6							
660389.6	7459333	265.0							
660389.6	7459533	403.4							
660389.6	7459733	454.5							
660389.6	7459933	580.3							
660389.6	7460133	624.8							
660389.6	7460333	628.6							
660389.6	7460533	591.5							
660389.6	7460733	591.2							
660389.6	7460933	585.0							
660389.6	7461133	618.7							
660389.6	7461333	702.1							
660389.6	7461533	711.0							
660389.6	7461733	646.3							
660389.6	7461933	513.4							
660389.6	7462133	397.4							
660389.6	7462333	316.6							
660389.6	7462533	240.6							
660389.6	7462733	236.2							
660389.6	7462933	211.7							
660389.6	7463133	175.2							
660389.6	7463333	84.4							
660389.6	7463533	77.1							
660389.6	7463733	139.5							
660389.6	7463933	200.6							
660389.6	7464133	179.4							
660389.6	7464333	157.1							
660389.6	7464533	82.8							
660389.6	7464733	97.0							
660389.6	7464933	155.0							
660389.6	7465133	182.7							
660389.6	7465333	272.5							
660389.6	7465533	284.8							
660389.6	7465733	350.4							
660389.6	7465933	303.6							
660389.6	7466133	251.1							
660389.6	7466333	206.4							
660389.6	7466533	144.6							
660389.6	7466733	93.6							
660389.6	7466933	83.9							
660389.6	7467133	59.5							
660389.6	7467333	47.8							
660389.6	7467533	48.6							
660389.6	7467733	45.3							
660389.6	7467933	44.4							
660389.6	7468133	45.0							
660389.6	7468333	45.5							
660389.6	7468533	41.1							
660389.6	7468733	39.7							
660389.6	7468933	37.6							
660389.6	7469133	36.9							
660389.6	7469333	35.5							
660389.6	7469533	35.0							
660389.6	7469733	34.3							
660389.6	7469933	32.3							
660389.6	7470133	30.6							
660389.6	7470333	29.9							
660389.6	7470533	32.0							
660389.6	7470733	33.0							
660389.6	7470933	46.2							
660389.6	7471133	40.4							
660389.6	7471333	45.2							
660389.6	7471533	29.8							
660389.6	7471733	28.5							
660589.6	7451933	0.0							
660589.6	7452133	0.0							
660589.6	7452333	0.0							
660589.6	7452533	0.0							
660589.6	7452733	0.0							
660589.6	7452933	0.0							
660589.6	7453133	0.0							
660589.6	7453333	0.0							
660589.6	7453533	3.9							
660589.6	7453733	1.6							
660589.6	7453933	1.5							
660589.6	7454133	3.3							
660589.6	7454333	2.9							
660589.6	7454533	5.3							
660589.6	7454733	7.9							
660589.6	7454933	8.1							
660589.6	7455133	2.6							
660589.6	7455333	4.9							
660589.6	7455533	0.5							
660589.6	7455733	0.7							
660589.6	7455933	1.3							
660589.6	7456133	2.9							
660589.6	7456333	3.5							
660589.6	7456533	7.2							
660589.6	7456733	6.2							
660589.6	7456933	5.8							
660589.6	7457133	35.0							
660589.6	7457333	8.0							
660589.6	7457533	10.5							
660589.6	7457733	71.5							
660589.6	7457933	254.5							
660589.6	7458133	440.8							
660589.6	7458333	340.7							
660589.6	7458533	236.9							
660589.6	7458733	139.4							
660589.6	7458933	116.5							
660589.6	7459133	235.3							
660589.6	7459333	296.9							
660589.6	7459533	340.1							
660589.6	7459733	394.9							
660589.6	7459933	485.9							
660589.6	7460133	509.0							
660589.6	7460333	589.6							
660589.6	7460533	570.6							
660589.6	7460733	439.8							
660589.6	7460933	487.0							
660589.6	7461133	448.6							
660589.6	7461333	517.3							
660589.6	7461533	540.4							
660589.6	7461733	624.7							
660589.6	7461933	492.7							
660589.6	7462133	397.7							
660589.6	7462333	351.3							
660589.6	7462533	298.7							
660589.6	7462733	348.2							
660589.6	7462933	261.7							
660589.6	7463133	229.3							
660589.6	7463333	149.5							
660589.6	7463533	68.2							
660589.6	7463733	95.7							
660589.6	7463933	139.8							
660589.6	7464133	151.5							
660589.6	7464333	205.5							
660589.6	7464533	88.7							
660589.6	7464733	76.0							
660589.6	7464933	117.5							
660589.6	7465133	117.9							
660589.6	7465333	141.6							
660589.6	7465533	200.5							
660589.6	7465733	342.2							
660589.6	7465933	287.6							
660589.6	7466133	291.2							
660589.6	7466333	232.9							
660589.6	7466533	162.7							
660589.6	7466733	174.7							
660589.6	7466933	147.5							
660589.6	7467133	64.3							
660589.6	7467333	52.3							
660589.6	7467533	46.6							
660589.6	7467733	43.1							
660589.6	7467933	43.7							
660589.6	7468133	43.3							
660589.6	7468333	40.6							
660589.6	7468533	42.0							
660589.6	7468733	40.0							
660589.6	7468933	37.6							
660589.6	7469133	35.7							
660589.6	7469333	34.9							
660589.6	7469533	34.3							
660589.6	7469733	34.3							
660589.6	7469933	32.5							
660589.6	7470133	30.6							
660589.6	7470333	30.8							
660589.6	7470533	31.5							
660589.6	7470733	35.0							
660589.6	7470933	36.0							
660589.6	7471133	34.4							
660589.6	7471333	36.6							
660589.6	7471533	35.8							
660589.6	7471733	31.6							
660789.6	7451933	0.0							
660789.6	7452133	0.0							
660789.6	7452333	0.0							
660789.6	7452533	0.0							
660789.6	7452733	0.0							
660789.6	7452933	0.0							
660789.6	7453133	0.0							
660789.6	7453333	0.0							
660789.6	7453533	6.3							
660789.6	7453733	0.5							
660789.6	7453933	0.5							
660789.6	7454133	0.5							
660789.6	7454333	3.1							
660789.6	7454533	10.0							
660789.6	7454733	11.2							
660789.6	7454933	9.8							
660789.6	7455133	6.6							
660789.6	7455333	2.4							
660789.6	7455533	8.9							
660789.6	7455733	2.2							
660789.6	7455933	1.9							
660789.6	7456133	0.4							
660789.6	7456333	0.4							
660789.6	7456533	6.1							
660789.6	7456733	5.5							
660789.6	7456933	4.7							
660789.6	7457133	6.0							
660789.6	7457333	10.3							
660789.6	7457533	12.3							
660789.6	7457733	57.0							
660789.6	7457933	198.4							
660789.6	7458133	321.3							
660789.6	7458333	380.1							
660789.6	7458533	232.1							
660789.6	7458733	132.0							
660789.6	7458933	82.5							
660789.6	7459133	203.3							
660789.6	7459333	278.0							
660789.6	7459533	247.7							
660789.6	7459733	299.0							
660789.6	7459933	341.6							
660789.6	7460133	474.8							
660789.6	7460333	584.7							
660789.6	7460533	549.0							
660789.6	7460733	420.2							
660789.6	7460933	376.9							
660789.6	7461133	391.5							
660789.6	7461333	400.1							
660789.6	7461533	455.5							
660789.6	7461733	521.0							
660789.6	7461933	506.2							
660789.6	7462133	474.9							
660789.6	7462333	350.1							
660789.6	7462533	282.7							
660789.6	7462733	350.9							
660789.6	7462933	274.6							
660789.6	7463133	199.7							
660789.6	7463333	148.7							
660789.6	7463533	78.5							
660789.6	7463733	54.4							
660789.6	7463933	105.1							
660789.6	7464133	141.3							
660789.6	7464333	193.8							
660789.6	7464533	104.7							
660789.6	7464733	71.5							
660789.6	7464933	61.6							
660789.6	7465133	74.9							
660789.6	7465333	100.4							
660789.6	7465533	186.5							
660789.6	7465733	336.6							
660789.6	7465933	310.2							
660789.6	7466133	227.2							
660789.6	7466333	189.6							
660789.6	7466533	155.2							
660789.6	7466733	162.6							
660789.6	7466933	139.7							
660789.6	7467133	62.0							
660789.6	7467333	50.9							
660789.6	7467533	48.1							
660789.6	7467733	43.6							
660789.6	7467933	43.2							
660789.6	7468133	40.3							
660789.6	7468333	43.1							
660789.6	7468533	41.4							
660789.6	7468733	37.4							
660789.6	7468933	36.4							
660789.6	7469133	37.2							
660789.6	7469333	35.0							
660789.6	7469533	32.7							
660789.6	7469733	32.1							
660789.6	7469933	33.1							
660789.6	7470133	30.0							
660789.6	7470333	32.1							
660789.6	7470533	29.1							
660789.6	7470733	45.4							
660789.6	7470933	36.2							
660789.6	7471133	35.2							
660789.6	7471333	52.9							
660789.6	7471533	41.7							
660789.6	7471733	28.6							
660989.6	7451933	0.0							
660989.6	7452133	0.0							
660989.6	7452333	0.0							
660989.6	7452533	0.0							
660989.6	7452733	0.0							
660989.6	7452933	0.0							
660989.6	7453133	0.0							
660989.6	7453333	0.0							
660989.6	7453533	4.1							
660989.6	7453733	0.5							
660989.6	7453933	0.5							
660989.6	7454133	0.5							
660989.6	7454333	3.3							
660989.6	7454533	12.4							
660989.6	7454733	12.0							
660989.6	7454933	11.7							
660989.6	7455133	5.6							
660989.6	7455333	4.3							
660989.6	7455533	4.5							
660989.6	7455733	2.5							
660989.6	7455933	1.7							
660989.6	7456133	35.8							
660989.6	7456333	12.5							
660989.6	7456533	2.4							
660989.6	7456733	3.2							
660989.6	7456933	4.2							
660989.6	7457133	3.4							
660989.6	7457333	4.9							
660989.6	7457533	22.7							
660989.6	7457733	80.3							
660989.6	7457933	178.6							
660989.6	7458133	273.6							
660989.6	7458333	367.2							
660989.6	7458533	251.3							
660989.6	7458733	130.7							
660989.6	7458933	67.1							
660989.6	7459133	139.9							
660989.6	7459333	182.1							
660989.6	7459533	214.5							
660989.6	7459733	279.2							
660989.6	7459933	349.9							
660989.6	7460133	453.1							
660989.6	7460333	568.8							
660989.6	7460533	530.7							
660989.6	7460733	381.3							
660989.6	7460933	322.0							
660989.6	7461133	351.7							
660989.6	7461333	348.9							
660989.6	7461533	401.5							
660989.6	7461733	443.8							
660989.6	7461933	495.2							
660989.6	7462133	449.2							
660989.6	7462333	299.4							
660989.6	7462533	248.0							
660989.6	7462733	250.3							
660989.6	7462933	206.7							
660989.6	7463133	137.3							
660989.6	7463333	66.3							
660989.6	7463533	115.6							
660989.6	7463733	53.4							
660989.6	7463933	49.1							
660989.6	7464133	83.6							
660989.6	7464333	153.7							
660989.6	7464533	189.3							
660989.6	7464733	101.5							
660989.6	7464933	58.7							
660989.6	7465133	79.6							
660989.6	7465333	153.3							
660989.6	7465533	218.8							
660989.6	7465733	336.1							
660989.6	7465933	366.3							
660989.6	7466133	214.4							
660989.6	7466333	151.3							
660989.6	7466533	128.5							
660989.6	7466733	191.6							
660989.6	7466933	160.2							
660989.6	7467133	104.5							
660989.6	7467333	51.8							
660989.6	7467533	48.9							
660989.6	7467733	44.5							
660989.6	7467933	41.7							
660989.6	7468133	42.7							
660989.6	7468333	39.8							
660989.6	7468533	40.1							
660989.6	7468733	37.4							
660989.6	7468933	37.1							
660989.6	7469133	40.0							
660989.6	7469333	34.9							
660989.6	7469533	34.1							
660989.6	7469733	32.5							
660989.6	7469933	31.4							
660989.6	7470133	29.4							
660989.6	7470333	29.5							
660989.6	7470533	29.3							
660989.6	7470733	34.2							
660989.6	7470933	42.1							
660989.6	7471133	46.4							
660989.6	7471333	50.6							
660989.6	7471533	37.3							
660989.6	7471733	28.8							
661189.6	7451933	0.0							
661189.6	7452133	0.0							
661189.6	7452333	0.0							
661189.6	7452533	0.0							
661189.6	7452733	0.0							
661189.6	7452933	0.0							
661189.6	7453133	0.0							
661189.6	7453333	0.0							
661189.6	7453533	0.0							
661189.6	7453733	0.5							
661189.6	7453933	0.5							
661189.6	7454133	4.9							
661189.6	7454333	7.6							
661189.6	7454533	10.5							
661189.6	7454733	7.5							
661189.6	7454933	6.7							
661189.6	7455133	4.4							
661189.6	7455333	3.6							
661189.6	7455533	2.2							
661189.6	7455733	2.2							
661189.6	7455933	0.6							
661189.6	7456133	81.4							
661189.6	7456333	89.6							
661189.6	7456533	9.5							
661189.6	7456733	73.9							
661189.6	7456933	15.9							
661189.6	7457133	25.5							
661189.6	7457333	4.0							
661189.6	7457533	24.4							
661189.6	7457733	52.0							
661189.6	7457933	138.7							
661189.6	7458133	233.9							
661189.6	7458333	299.5							
661189.6	7458533	230.4							
661189.6	7458733	124.2							
661189.6	7458933	36.4							
661189.6	7459133	96.5							
661189.6	7459333	168.9							
661189.6	7459533	221.3							
661189.6	7459733	276.3							
661189.6	7459933	398.1							
661189.6	7460133	499.0							
661189.6	7460333	563.9							
661189.6	7460533	489.1							
661189.6	7460733	357.9							
661189.6	7460933	312.4							
661189.6	7461133	270.5							
661189.6	7461333	289.9							
661189.6	7461533	374.1							
661189.6	7461733	407.0							
661189.6	7461933	442.6							
661189.6	7462133	400.2							
661189.6	7462333	315.2							
661189.6	7462533	251.2							
661189.6	7462733	262.6							
661189.6	7462933	193.8							
661189.6	7463133	123.5							
661189.6	7463333	50.9							
661189.6	7463533	50.4							
661189.6	7463733	47.0							
661189.6	7463933	46.1							
661189.6	7464133	80.8							
661189.6	7464333	148.5							
661189.6	7464533	170.4							
661189.6	7464733	129.6							
661189.6	7464933	53.9							
661189.6	7465133	79.0							
661189.6	7465333	138.0							
661189.6	7465533	237.9							
661189.6	7465733	248.5							
661189.6	7465933	259.0							
661189.6	7466133	210.5							
661189.6	7466333	144.2							
661189.6	7466533	118.1							
661189.6	7466733	132.9							
661189.6	7466933	172.7							
661189.6	7467133	140.8							
661189.6	7467333	61.9							
661189.6	7467533	51.0							
661189.6	7467733	48.3							
661189.6	7467933	43.2							
661189.6	7468133	41.3							
661189.6	7468333	40.5							
661189.6	7468533	39.3							
661189.6	7468733	37.0							
661189.6	7468933	38.6							
661189.6	7469133	37.0							
661189.6	7469333	32.7							
661189.6	7469533	32.4							
661189.6	7469733	31.2							
661189.6	7469933	32.9							
661189.6	7470133	32.7							
661189.6	7470333	27.9							
661189.6	7470533	31.8							
661189.6	7470733	30.6							
661189.6	7470933	36.8							
661189.6	7471133	44.5							
661189.6	7471333	35.0							
661189.6	7471533	32.0							
661189.6	7471733	33.6							
661389.6	7451933	0.0							
661389.6	7452133	0.0							
661389.6	7452333	0.0							
661389.6	7452533	0.0							
661389.6	7452733	0.0							
661389.6	7452933	0.0							
661389.6	7453133	0.0							
661389.6	7453333	0.0							
661389.6	7453533	0.0							
661389.6	7453733	4.5							
661389.6	7453933	0.5							
661389.6	7454133	0.5							
661389.6	7454333	4.7							
661389.6	7454533	7.3							
661389.6	7454733	11.9							
661389.6	7454933	11.1							
661389.6	7455133	10.0							
661389.6	7455333	4.4							
661389.6	7455533	2.0							
661389.6	7455733	1.3							
661389.6	7455933	0.9							
661389.6	7456133	5.4							
661389.6	7456333	41.0							
661389.6	7456533	8.7							
661389.6	7456733	82.9							
661389.6	7456933	46.5							
661389.6	7457133	3.8							
661389.6	7457333	2.8							
661389.6	7457533	8.3							
661389.6	7457733	8.9							
661389.6	7457933	86.1							
661389.6	7458133	182.7							
661389.6	7458333	217.6							
661389.6	7458533	113.6							
661389.6	7458733	70.8							
661389.6	7458933	27.8							
661389.6	7459133	65.4							
661389.6	7459333	115.4							
661389.6	7459533	272.6							
661389.6	7459733	299.6							
661389.6	7459933	288.1							
661389.6	7460133	377.2							
661389.6	7460333	385.4							
661389.6	7460533	485.1							
661389.6	7460733	412.2							
661389.6	7460933	349.6							
661389.6	7461133	242.5							
661389.6	7461333	258.1							
661389.6	7461533	296.7							
661389.6	7461733	336.7							
661389.6	7461933	387.0							
661389.6	7462133	389.8							
661389.6	7462333	296.9							
661389.6	7462533	200.8							
661389.6	7462733	315.9							
661389.6	7462933	275.4							
661389.6	7463133	226.5							
661389.6	7463333	76.6							
661389.6	7463533	46.8							
661389.6	7463733	49.6							
661389.6	7463933	52.2							
661389.6	7464133	60.3							
661389.6	7464333	106.7							
661389.6	7464533	173.7							
661389.6	7464733	87.8							
661389.6	7464933	54.4							
661389.6	7465133	96.4							
661389.6	7465333	155.4							
661389.6	7465533	204.7							
661389.6	7465733	156.2							
661389.6	7465933	166.8							
661389.6	7466133	146.6							
661389.6	7466333	188.4							
661389.6	7466533	135.7							
661389.6	7466733	87.0							
661389.6	7466933	136.1							
661389.6	7467133	187.8							
661389.6	7467333	155.8							
661389.6	7467533	65.9							
661389.6	7467733	51.8							
661389.6	7467933	43.4							
661389.6	7468133	39.3							
661389.6	7468333	42.9							
661389.6	7468533	39.0							
661389.6	7468733	36.9							
661389.6	7468933	34.7							
661389.6	7469133	36.1							
661389.6	7469333	33.6							
661389.6	7469533	33.1							
661389.6	7469733	32.1							
661389.6	7469933	29.7							
661389.6	7470133	27.3							
661389.6	7470333	29.6							
661389.6	7470533	30.9							
661389.6	7470733	31.0							
661389.6	7470933	33.3							
661389.6	7471133	36.4							
661389.6	7471333	37.5							
661389.6	7471533	33.0							
661389.6	7471733	34.8							
661589.6	7451933	0.0							
661589.6	7452133	0.0							
661589.6	7452333	0.0							
661589.6	7452533	0.0							
661589.6	7452733	0.0							
661589.6	7452933	0.0							
661589.6	7453133	0.0							
661589.6	7453333	0.0							
661589.6	7453533	0.0							
661589.6	7453733	3.0							
661589.6	7453933	0.5							
661589.6	7454133	3.8							
661589.6	7454333	2.9							
661589.6	7454533	4.4							
661589.6	7454733	9.6							
661589.6	7454933	10.0							
661589.6	7455133	6.6							
661589.6	7455333	2.8							
661589.6	7455533	2.4							
661589.6	7455733	1.7							
661589.6	7455933	2.1							
661589.6	7456133	1.6							
661589.6	7456333	2.6							
661589.6	7456533	0.6							
661589.6	7456733	3.6							
661589.6	7456933	2.7							
661589.6	7457133	0.7							
661589.6	7457333	4.2							
661589.6	7457533	3.5							
661589.6	7457733	3.9							
661589.6	7457933	65.3							
661589.6	7458133	184.5							
661589.6	7458333	115.8							
661589.6	7458533	51.7							
661589.6	7458733	14.6							
661589.6	7458933	16.4							
661589.6	7459133	26.8							
661589.6	7459333	74.4							
661589.6	7459533	167.0							
661589.6	7459733	242.4							
661589.6	7459933	222.6							
661589.6	7460133	277.7							
661589.6	7460333	310.6							
661589.6	7460533	410.6							
661589.6	7460733	497.4							
661589.6	7460933	393.8							
661589.6	7461133	245.3							
661589.6	7461333	201.3							
661589.6	7461533	229.1							
661589.6	7461733	310.5							
661589.6	7461933	364.6							
661589.6	7462133	365.2							
661589.6	7462333	263.5							
661589.6	7462533	173.5							
661589.6	7462733	266.8							
661589.6	7462933	305.3							
661589.6	7463133	211.2							
661589.6	7463333	157.3							
661589.6	7463533	79.8							
661589.6	7463733	87.9							
661589.6	7463933	43.3							
661589.6	7464133	51.0							
661589.6	7464333	86.8							
661589.6	7464533	170.6							
661589.6	7464733	137.8							
661589.6	7464933	43.9							
661589.6	7465133	91.9							
661589.6	7465333	154.7							
661589.6	7465533	155.1							
661589.6	7465733	122.7							
661589.6	7465933	83.0							
661589.6	7466133	134.7							
661589.6	7466333	201.4							
661589.6	7466533	131.9							
661589.6	7466733	101.0							
661589.6	7466933	104.3							
661589.6	7467133	126.9							
661589.6	7467333	166.5							
661589.6	7467533	66.1							
661589.6	7467733	51.8							
661589.6	7467933	45.5							
661589.6	7468133	41.3							
661589.6	7468333	37.0							
661589.6	7468533	36.4							
661589.6	7468733	36.3							
661589.6	7468933	34.3							
661589.6	7469133	33.6							
661589.6	7469333	32.5							
661589.6	7469533	32.5							
661589.6	7469733	31.0							
661589.6	7469933	29.3							
661589.6	7470133	31.6							
661589.6	7470333	26.6							
661589.6	7470533	28.1							
661589.6	7470733	33.5							
661589.6	7470933	44.0							
661589.6	7471133	59.3							
661589.6	7471333	45.4							
661589.6	7471533	35.1							
661589.6	7471733	34.1							
661789.6	7451933	0.0							
661789.6	7452133	0.0							
661789.6	7452333	0.0							
661789.6	7452533	0.0							
661789.6	7452733	0.0							
661789.6	7452933	0.0							
661789.6	7453133	0.0							
661789.6	7453333	0.0							
661789.6	7453533	0.0							
661789.6	7453733	6.2							
661789.6	7453933	3.0							
661789.6	7454133	0.5							
661789.6	7454333	6.8							
661789.6	7454533	6.8							
661789.6	7454733	10.1							
661789.6	7454933	9.6							
661789.6	7455133	21.7							
661789.6	7455333	5.2							
661789.6	7455533	4.6							
661789.6	7455733	7.0							
661789.6	7455933	5.1							
661789.6	7456133	0.5							
661789.6	7456333	0.4							
661789.6	7456533	1.3							
661789.6	7456733	0.4							
661789.6	7456933	1.1							
661789.6	7457133	2.1							
661789.6	7457333	1.7							
661789.6	7457533	4.9							
661789.6	7457733	4.0							
661789.6	7457933	45.4							
661789.6	7458133	157.6							
661789.6	7458333	79.4							
661789.6	7458533	17.1							
661789.6	7458733	18.3							
661789.6	7458933	16.2							
661789.6	7459133	9.0							
661789.6	7459333	24.5							
661789.6	7459533	121.6							
661789.6	7459733	204.7							
661789.6	7459933	144.0							
661789.6	7460133	174.5							
661789.6	7460333	262.0							
661789.6	7460533	351.4							
661789.6	7460733	453.7							
661789.6	7460933	373.2							
661789.6	7461133	263.3							
661789.6	7461333	182.2							
661789.6	7461533	190.3							
661789.6	7461733	255.6							
661789.6	7461933	314.7							
661789.6	7462133	306.7							
661789.6	7462333	242.2							
661789.6	7462533	141.2							
661789.6	7462733	191.3							
661789.6	7462933	274.4							
661789.6	7463133	283.9							
661789.6	7463333	190.9							
661789.6	7463533	110.8							
661789.6	7463733	106.3							
661789.6	7463933	39.4							
661789.6	7464133	38.0							
661789.6	7464333	61.1							
661789.6	7464533	126.9							
661789.6	7464733	118.4							
661789.6	7464933	43.1							
661789.6	7465133	72.3							
661789.6	7465333	135.6							
661789.6	7465533	81.8							
661789.6	7465733	72.8							
661789.6	7465933	67.4							
661789.6	7466133	100.3							
661789.6	7466333	203.8							
661789.6	7466533	185.2							
661789.6	7466733	141.1							
661789.6	7466933	71.8							
661789.6	7467133	55.4							
661789.6	7467333	85.6							
661789.6	7467533	72.1							
661789.6	7467733	52.5							
661789.6	7467933	44.9							
661789.6	7468133	40.5							
661789.6	7468333	38.9							
661789.6	7468533	37.5							
661789.6	7468733	37.0							
661789.6	7468933	35.7							
661789.6	7469133	34.4							
661789.6	7469333	31.9							
661789.6	7469533	30.9							
661789.6	7469733	30.8							
661789.6	7469933	28.0							
661789.6	7470133	29.0							
661789.6	7470333	31.5							
661789.6	7470533	31.7							
661789.6	7470733	60.1							
661789.6	7470933	52.1							
661789.6	7471133	38.6							
661789.6	7471333	43.0							
661789.6	7471533	43.1							
661789.6	7471733	50.7							
661989.6	7451933	0.0							
661989.6	7452133	0.0							
661989.6	7452333	0.0							
661989.6	7452533	0.0							
661989.6	7452733	0.0							
661989.6	7452933	0.0							
661989.6	7453133	0.0							
661989.6	7453333	0.0							
661989.6	7453533	0.0							
661989.6	7453733	0.0							
661989.6	7453933	0.5							
661989.6	7454133	6.0							
661989.6	7454333	2.6							
661989.6	7454533	5.8							
661989.6	7454733	8.4							
661989.6	7454933	8.4							
661989.6	7455133	6.6							
661989.6	7455333	6.0							
661989.6	7455533	4.5							
661989.6	7455733	7.0							
661989.6	7455933	2.9							
661989.6	7456133	4.5							
661989.6	7456333	10.0							
661989.6	7456533	2.8							
661989.6	7456733	0.8							
661989.6	7456933	3.3							
661989.6	7457133	1.7							
661989.6	7457333	3.3							
661989.6	7457533	1.7							
661989.6	7457733	2.4							
661989.6	7457933	14.3							
661989.6	7458133	112.9							
661989.6	7458333	64.3							
661989.6	7458533	15.7							
661989.6	7458733	26.0							
661989.6	7458933	13.6							
661989.6	7459133	11.5							
661989.6	7459333	11.3							
661989.6	7459533	43.9							
661989.6	7459733	67.7							
661989.6	7459933	108.4							
661989.6	7460133	153.1							
661989.6	7460333	233.4							
661989.6	7460533	339.3							
661989.6	7460733	451.0							
661989.6	7460933	427.6							
661989.6	7461133	338.8							
661989.6	7461333	199.4							
661989.6	7461533	139.2							
661989.6	7461733	187.8							
661989.6	7461933	298.4							
661989.6	7462133	309.6							
661989.6	7462333	224.2							
661989.6	7462533	123.8							
661989.6	7462733	139.5							
661989.6	7462933	266.3							
661989.6	7463133	283.3							
661989.6	7463333	199.1							
661989.6	7463533	144.0							
661989.6	7463733	74.8							
661989.6	7463933	40.3							
661989.6	7464133	41.6							
661989.6	7464333	81.3							
661989.6	7464533	118.3							
661989.6	7464733	128.2							
661989.6	7464933	41.9							
661989.6	7465133	77.7							
661989.6	7465333	88.4							
661989.6	7465533	89.1							
661989.6	7465733	49.2							
661989.6	7465933	64.0							
661989.6	7466133	93.5							
661989.6	7466333	162.3							
661989.6	7466533	201.5							
661989.6	7466733	170.2							
661989.6	7466933	75.4							
661989.6	7467133	51.4							
661989.6	7467333	47.9							
661989.6	7467533	61.8							
661989.6	7467733	47.7							
661989.6	7467933	43.7							
661989.6	7468133	40.4							
661989.6	7468333	42.2							
661989.6	7468533	39.0							
661989.6	7468733	37.5							
661989.6	7468933	36.5							
661989.6	7469133	37.6							
661989.6	7469333	33.6							
661989.6	7469533	32.3							
661989.6	7469733	30.2							
661989.6	7469933	28.4							
661989.6	7470133	29.7							
661989.6	7470333	28.8							
661989.6	7470533	27.1							
661989.6	7470733	65.6							
661989.6	7470933	93.4							
661989.6	7471133	46.4							
661989.6	7471333	47.5							
661989.6	7471533	55.6							
661989.6	7471733	44.5							
662189.6	7451933	0.0							
662189.6	7452133	0.0							
662189.6	7452333	0.0							
662189.6	7452533	0.0							
662189.6	7452733	0.0							
662189.6	7452933	0.0							
662189.6	7453133	0.0							
662189.6	7453333	0.0							
662189.6	7453533	0.0							
662189.6	7453733	0.0							
662189.6	7453933	3.1							
662189.6	7454133	0.5							
662189.6	7454333	5.8							
662189.6	7454533	6.6							
662189.6	7454733	10.2							
662189.6	7454933	12.2							
662189.6	7455133	11.8							
662189.6	7455333	7.7							
662189.6	7455533	3.6							
662189.6	7455733	5.1							
662189.6	7455933	7.3							
662189.6	7456133	2.4							
662189.6	7456333	8.2							
662189.6	7456533	0.8							
662189.6	7456733	1.3							
662189.6	7456933	1.0							
662189.6	7457133	0.6							
662189.6	7457333	1.6							
662189.6	7457533	1.6							
662189.6	7457733	1.3							
662189.6	7457933	4.1							
662189.6	7458133	27.6							
662189.6	7458333	70.2							
662189.6	7458533	17.2							
662189.6	7458733	14.0							
662189.6	7458933	9.6							
662189.6	7459133	14.5							
662189.6	7459333	21.5							
662189.6	7459533	40.3							
662189.6	7459733	59.7							
662189.6	7459933	96.1							
662189.6	7460133	142.3							
662189.6	7460333	243.9							
662189.6	7460533	359.5							
662189.6	7460733	415.8							
662189.6	7460933	353.1							
662189.6	7461133	352.5							
662189.6	7461333	190.5							
662189.6	7461533	126.3							
662189.6	7461733	148.4							
662189.6	7461933	222.0							
662189.6	7462133	283.4							
662189.6	7462333	176.7							
662189.6	7462533	104.9							
662189.6	7462733	150.9							
662189.6	7462933	220.2							
662189.6	7463133	354.6							
662189.6	7463333	252.3							
662189.6	7463533	338.8							
662189.6	7463733	87.8							
662189.6	7463933	49.5							
662189.6	7464133	46.5							
662189.6	7464333	50.7							
662189.6	7464533	81.6							
662189.6	7464733	128.4							
662189.6	7464933	42.1							
662189.6	7465133	88.1							
662189.6	7465333	57.0							
662189.6	7465533	43.2							
662189.6	7465733	86.9							
662189.6	7465933	73.3							
662189.6	7466133	120.3							
662189.6	7466333	188.5							
662189.6	7466533	268.3							
662189.6	7466733	220.7							
662189.6	7466933	99.1							
662189.6	7467133	60.7							
662189.6	7467333	50.1							
662189.6	7467533	46.4							
662189.6	7467733	44.2							
662189.6	7467933	45.5							
662189.6	7468133	42.6							
662189.6	7468333	41.8							
662189.6	7468533	39.9							
662189.6	7468733	39.1							
662189.6	7468933	37.5							
662189.6	7469133	34.6							
662189.6	7469333	34.1							
662189.6	7469533	33.1							
662189.6	7469733	30.7							
662189.6	7469933	29.9							
662189.6	7470133	29.1							
662189.6	7470333	27.5							
662189.6	7470533	24.9							
662189.6	7470733	46.1							
662189.6	7470933	68.8							
662189.6	7471133	72.6							
662189.6	7471333	74.8							
662189.6	7471533	93.7							
662189.6	7471733	53.8							
662389.6	7451933	0.0							
662389.6	7452133	0.0							
662389.6	7452333	0.0							
662389.6	7452533	0.0							
662389.6	7452733	0.0							
662389.6	7452933	0.0							
662389.6	7453133	0.0							
662389.6	7453333	0.0							
662389.6	7453533	0.0							
662389.6	7453733	0.0							
662389.6	7453933	2.7							
662389.6	7454133	0.5							
662389.6	7454333	0.5							
662389.6	7454533	4.3							
662389.6	7454733	2.4							
662389.6	7454933	8.5							
662389.6	7455133	11.0							
662389.6	7455333	7.9							
662389.6	7455533	3.0							
662389.6	7455733	7.1							
662389.6	7455933	5.8							
662389.6	7456133	2.7							
662389.6	7456333	2.0							
662389.6	7456533	0.8							
662389.6	7456733	2.3							
662389.6	7456933	2.0							
662389.6	7457133	2.2							
662389.6	7457333	3.2							
662389.6	7457533	1.4							
662389.6	7457733	6.5							
662389.6	7457933	3.3							
662389.6	7458133	4.3							
662389.6	7458333	25.6							
662389.6	7458533	4.6							
662389.6	7458733	11.4							
662389.6	7458933	5.8							
662389.6	7459133	12.4							
662389.6	7459333	22.9							
662389.6	7459533	100.0							
662389.6	7459733	139.1							
662389.6	7459933	151.3							
662389.6	7460133	179.7							
662389.6	7460333	233.6							
662389.6	7460533	324.4							
662389.6	7460733	324.5							
662389.6	7460933	260.6							
662389.6	7461133	255.2							
662389.6	7461333	234.6							
662389.6	7461533	163.4							
662389.6	7461733	82.0							
662389.6	7461933	136.8							
662389.6	7462133	277.4							
662389.6	7462333	212.2							
662389.6	7462533	93.3							
662389.6	7462733	143.5							
662389.6	7462933	145.6							
662389.6	7463133	271.3							
662389.6	7463333	332.7							
662389.6	7463533	272.9							
662389.6	7463733	91.0							
662389.6	7463933	48.5							
662389.6	7464133	40.9							
662389.6	7464333	38.0							
662389.6	7464533	49.4							
662389.6	7464733	86.6							
662389.6	7464933	61.3							
662389.6	7465133	53.8							
662389.6	7465333	77.4							
662389.6	7465533	48.9							
662389.6	7465733	151.9							
662389.6	7465933	138.6							
662389.6	7466133	208.1							
662389.6	7466333	230.1							
662389.6	7466533	244.8							
662389.6	7466733	238.4							
662389.6	7466933	144.8							
662389.6	7467133	90.1							
662389.6	7467333	56.5							
662389.6	7467533	48.0							
662389.6	7467733	45.3							
662389.6	7467933	45.4							
662389.6	7468133	42.6							
662389.6	7468333	41.0							
662389.6	7468533	42.7							
662389.6	7468733	44.2							
662389.6	7468933	37.1							
662389.6	7469133	38.5							
662389.6	7469333	34.4							
662389.6	7469533	35.0							
662389.6	7469733	35.6							
662389.6	7469933	28.4							
662389.6	7470133	27.5							
662389.6	7470333	26.9							
662389.6	7470533	25.1							
662389.6	7470733	29.5							
662389.6	7470933	39.1							
662389.6	7471133	49.4							
662389.6	7471333	77.7							
662389.6	7471533	63.5							
662389.6	7471733	39.2							
662589.6	7451933	0.0							
662589.6	7452133	0.0							
662589.6	7452333	0.0							
662589.6	7452533	0.0							
662589.6	7452733	0.0							
662589.6	7452933	0.0							
662589.6	7453133	0.0							
662589.6	7453333	0.0							
662589.6	7453533	0.0							
662589.6	7453733	0.0							
662589.6	7453933	2.5							
662589.6	7454133	0.5							
662589.6	7454333	0.5							
662589.6	7454533	0.5							
662589.6	7454733	0.5							
662589.6	7454933	7.1							
662589.6	7455133	7.2							
662589.6	7455333	9.6							
662589.6	7455533	6.7							
662589.6	7455733	4.9							
662589.6	7455933	6.9							
662589.6	7456133	7.8							
662589.6	7456333	1.3							
662589.6	7456533	5.7							
662589.6	7456733	0.7							
662589.6	7456933	1.9							
662589.6	7457133	4.2							
662589.6	7457333	1.8							
662589.6	7457533	2.3							
662589.6	7457733	2.1							
662589.6	7457933	14.5							
662589.6	7458133	6.0							
662589.6	7458333	7.2							
662589.6	7458533	4.3							
662589.6	7458733	5.8							
662589.6	7458933	5.9							
662589.6	7459133	6.8							
662589.6	7459333	8.1							
662589.6	7459533	24.5							
662589.6	7459733	105.2							
662589.6	7459933	282.4							
662589.6	7460133	281.4							
662589.6	7460333	248.1							
662589.6	7460533	267.4							
662589.6	7460733	263.5							
662589.6	7460933	208.3							
662589.6	7461133	156.1							
662589.6	7461333	145.2							
662589.6	7461533	141.4							
662589.6	7461733	61.2							
662589.6	7461933	89.7							
662589.6	7462133	182.8							
662589.6	7462333	174.0							
662589.6	7462533	99.9							
662589.6	7462733	83.1							
662589.6	7462933	121.1							
662589.6	7463133	239.7							
662589.6	7463333	293.2							
662589.6	7463533	203.8							
662589.6	7463733	137.7							
662589.6	7463933	75.1							
662589.6	7464133	44.1							
662589.6	7464333	37.2							
662589.6	7464533	39.9							
662589.6	7464733	39.0							
662589.6	7464933	34.0							
662589.6	7465133	49.5							
662589.6	7465333	95.6							
662589.6	7465533	50.6							
662589.6	7465733	122.1							
662589.6	7465933	141.9							
662589.6	7466133	204.9							
662589.6	7466333	221.7							
662589.6	7466533	171.6							
662589.6	7466733	184.6							
662589.6	7466933	188.6							
662589.6	7467133	154.0							
662589.6	7467333	90.5							
662589.6	7467533	58.6							
662589.6	7467733	49.7							
662589.6	7467933	49.9							
662589.6	7468133	44.5							
662589.6	7468333	42.1							
662589.6	7468533	46.7							
662589.6	7468733	40.8							
662589.6	7468933	39.1							
662589.6	7469133	34.5							
662589.6	7469333	32.1							
662589.6	7469533	44.3							
662589.6	7469733	35.8							
662589.6	7469933	29.0							
662589.6	7470133	25.9							
662589.6	7470333	37.7							
662589.6	7470533	23.6							
662589.6	7470733	24.4							
662589.6	7470933	30.0							
662589.6	7471133	30.0							
662589.6	7471333	42.2							
662589.6	7471533	57.1							
662589.6	7471733	44.5							
662789.6	7451933	0.0							
662789.6	7452133	0.0							
662789.6	7452333	0.0							
662789.6	7452533	0.0							
662789.6	7452733	0.0							
662789.6	7452933	0.0							
662789.6	7453133	0.0							
662789.6	7453333	0.0							
662789.6	7453533	0.0							
662789.6	7453733	0.0							
662789.6	7453933	2.4							
662789.6	7454133	0.5							
662789.6	7454333	0.5							
662789.6	7454533	1.7							
662789.6	7454733	7.3							
662789.6	7454933	4.9							
662789.6	7455133	4.5							
662789.6	7455333	3.1							
662789.6	7455533	4.5							
662789.6	7455733	6.8							
662789.6	7455933	7.6							
662789.6	7456133	5.4							
662789.6	7456333	0.4							
662789.6	7456533	0.9							
662789.6	7456733	0.5							
662789.6	7456933	0.5							
662789.6	7457133	0.5							
662789.6	7457333	2.1							
662789.6	7457533	4.6							
662789.6	7457733	2.3							
662789.6	7457933	8.0							
662789.6	7458133	16.1							
662789.6	7458333	2.9							
662789.6	7458533	5.8							
662789.6	7458733	5.6							
662789.6	7458933	5.2							
662789.6	7459133	6.5							
662789.6	7459333	5.2							
662789.6	7459533	19.7							
662789.6	7459733	60.4							
662789.6	7459933	120.0							
662789.6	7460133	147.7							
662789.6	7460333	197.8							
662789.6	7460533	186.9							
662789.6	7460733	195.4							
662789.6	7460933	225.7							
662789.6	7461133	152.9							
662789.6	7461333	106.9							
662789.6	7461533	85.5							
662789.6	7461733	49.5							
662789.6	7461933	49.3							
662789.6	7462133	131.7							
662789.6	7462333	198.0							
662789.6	7462533	128.2							
662789.6	7462733	111.3							
662789.6	7462933	71.9							
662789.6	7463133	150.4							
662789.6	7463333	267.9							
662789.6	7463533	276.9							
662789.6	7463733	206.3							
662789.6	7463933	114.8							
662789.6	7464133	39.7							
662789.6	7464333	37.8							
662789.6	7464533	35.4							
662789.6	7464733	37.5							
662789.6	7464933	32.3							
662789.6	7465133	127.5							
662789.6	7465333	173.6							
662789.6	7465533	86.1							
662789.6	7465733	64.5							
662789.6	7465933	116.5							
662789.6	7466133	179.2							
662789.6	7466333	170.6							
662789.6	7466533	145.6							
662789.6	7466733	148.6							
662789.6	7466933	180.2							
662789.6	7467133	211.9							
662789.6	7467333	140.3							
662789.6	7467533	59.6							
662789.6	7467733	69.4							
662789.6	7467933	65.1							
662789.6	7468133	50.0							
662789.6	7468333	46.4							
662789.6	7468533	43.2							
662789.6	7468733	37.3							
662789.6	7468933	40.8							
662789.6	7469133	34.8							
662789.6	7469333	32.5							
662789.6	7469533	40.1							
662789.6	7469733	30.3							
662789.6	7469933	28.7							
662789.6	7470133	33.2							
662789.6	7470333	25.2							
662789.6	7470533	22.4							
662789.6	7470733	23.6							
662789.6	7470933	25.9							
662789.6	7471133	29.7							
662789.6	7471333	32.4							
662789.6	7471533	94.1							
662789.6	7471733	58.2							
662989.6	7451933	0.0							
662989.6	7452133	0.0							
662989.6	7452333	0.0							
662989.6	7452533	0.0							
662989.6	7452733	0.0							
662989.6	7452933	0.0							
662989.6	7453133	0.0							
662989.6	7453333	0.0							
662989.6	7453533	0.0							
662989.6	7453733	0.0							
662989.6	7453933	5.6							
662989.6	7454133	0.5							
662989.6	7454333	0.5							
662989.6	7454533	0.7							
662989.6	7454733	0.4							
662989.6	7454933	3.5							
662989.6	7455133	3.7							
662989.6	7455333	2.8							
662989.6	7455533	4.7							
662989.6	7455733	6.9							
662989.6	7455933	4.5							
662989.6	7456133	6.9							
662989.6	7456333	3.5							
662989.6	7456533	0.4							
662989.6	7456733	0.5							
662989.6	7456933	0.5							
662989.6	7457133	0.5							
662989.6	7457333	0.5							
662989.6	7457533	2.1							
662989.6	7457733	2.6							
662989.6	7457933	12.3							
662989.6	7458133	5.9							
662989.6	7458333	3.9							
662989.6	7458533	7.2							
662989.6	7458733	7.6							
662989.6	7458933	3.1							
662989.6	7459133	8.2							
662989.6	7459333	7.7							
662989.6	7459533	9.1							
662989.6	7459733	23.7							
662989.6	7459933	58.4							
662989.6	7460133	56.0							
662989.6	7460333	102.3							
662989.6	7460533	85.0							
662989.6	7460733	138.0							
662989.6	7460933	261.6							
662989.6	7461133	200.6							
662989.6	7461333	125.6							
662989.6	7461533	58.9							
662989.6	7461733	46.0							
662989.6	7461933	42.9							
662989.6	7462133	50.5							
662989.6	7462333	131.0							
662989.6	7462533	82.5							
662989.6	7462733	98.4							
662989.6	7462933	52.9							
662989.6	7463133	89.8							
662989.6	7463333	155.9							
662989.6	7463533	257.5							
662989.6	7463733	224.4							
662989.6	7463933	144.9							
662989.6	7464133	92.9							
662989.6	7464333	43.2							
662989.6	7464533	36.2							
662989.6	7464733	34.0							
662989.6	7464933	34.8							
662989.6	7465133	87.0							
662989.6	7465333	182.9							
662989.6	7465533	145.3							
662989.6	7465733	108.4							
662989.6	7465933	76.3							
662989.6	7466133	93.8							
662989.6	7466333	139.2							
662989.6	7466533	125.2							
662989.6	7466733	119.6							
662989.6	7466933	153.5							
662989.6	7467133	245.8							
662989.6	7467333	173.9							
662989.6	7467533	124.7							
662989.6	7467733	115.4							
662989.6	7467933	94.8							
662989.6	7468133	54.5							
662989.6	7468333	62.3							
662989.6	7468533	45.0							
662989.6	7468733	38.2							
662989.6	7468933	35.5							
662989.6	7469133	38.1							
662989.6	7469333	33.3							
662989.6	7469533	31.2							
662989.6	7469733	33.9							
662989.6	7469933	30.5							
662989.6	7470133	29.3							
662989.6	7470333	24.2							
662989.6	7470533	23.3							
662989.6	7470733	21.8							
662989.6	7470933	24.6							
662989.6	7471133	33.4							
662989.6	7471333	36.7							
662989.6	7471533	88.5							
662989.6	7471733	92.6							
663189.6	7451933	0.0							
663189.6	7452133	0.0							
663189.6	7452333	0.0							
663189.6	7452533	0.0							
663189.6	7452733	0.0							
663189.6	7452933	0.0							
663189.6	7453133	0.0							
663189.6	7453333	0.0							
663189.6	7453533	0.0							
663189.6	7453733	0.0							
663189.6	7453933	5.8							
663189.6	7454133	0.5							
663189.6	7454333	0.5							
663189.6	7454533	3.2							
663189.6	7454733	0.2							
663189.6	7454933	3.9							
663189.6	7455133	4.1							
663189.6	7455333	2.3							
663189.6	7455533	3.6							
663189.6	7455733	3.3							
663189.6	7455933	6.9							
663189.6	7456133	6.0							
663189.6	7456333	0.9							
663189.6	7456533	0.5							
663189.6	7456733	0.5							
663189.6	7456933	0.5							
663189.6	7457133	0.5							
663189.6	7457333	0.5							
663189.6	7457533	0.5							
663189.6	7457733	1.8							
663189.6	7457933	2.1							
663189.6	7458133	1.1							
663189.6	7458333	2.1							
663189.6	7458533	3.7							
663189.6	7458733	3.4							
663189.6	7458933	3.4							
663189.6	7459133	3.3							
663189.6	7459333	14.9							
663189.6	7459533	10.3							
663189.6	7459733	9.8							
663189.6	7459933	19.1							
663189.6	7460133	38.8							
663189.6	7460333	19.6							
663189.6	7460533	35.0							
663189.6	7460733	130.3							
663189.6	7460933	261.4							
663189.6	7461133	226.5							
663189.6	7461333	112.1							
663189.6	7461533	79.0							
663189.6	7461733	23.5							
663189.6	7461933	36.1							
663189.6	7462133	37.7							
663189.6	7462333	50.2							
663189.6	7462533	62.7							
663189.6	7462733	142.1							
663189.6	7462933	74.4							
663189.6	7463133	52.5							
663189.6	7463333	76.6							
663189.6	7463533	105.8							
663189.6	7463733	109.8							
663189.6	7463933	180.7							
663189.6	7464133	83.9							
663189.6	7464333	43.1							
663189.6	7464533	33.9							
663189.6	7464733	32.3							
663189.6	7464933	34.8							
663189.6	7465133	77.3							
663189.6	7465333	135.0							
663189.6	7465533	140.4							
663189.6	7465733	66.2							
663189.6	7465933	59.5							
663189.6	7466133	117.7							
663189.6	7466333	144.4							
663189.6	7466533	117.0							
663189.6	7466733	126.0							
663189.6	7466933	123.6							
663189.6	7467133	145.7							
663189.6	7467333	195.8							
663189.6	7467533	243.7							
663189.6	7467733	220.3							
663189.6	7467933	88.9							
663189.6	7468133	61.4							
663189.6	7468333	54.2							
663189.6	7468533	43.3							
663189.6	7468733	43.0							
663189.6	7468933	37.5							
663189.6	7469133	35.0							
663189.6	7469333	34.8							
663189.6	7469533	30.2							
663189.6	7469733	30.8							
663189.6	7469933	28.0							
663189.6	7470133	26.4							
663189.6	7470333	27.0							
663189.6	7470533	21.6							
663189.6	7470733	20.1							
663189.6	7470933	23.9							
663189.6	7471133	30.3							
663189.6	7471333	35.0							
663189.6	7471533	39.9							
663189.6	7471733	60.7							
663389.6	7451933	0.0							
663389.6	7452133	0.0							
663389.6	7452333	0.0							
663389.6	7452533	0.0							
663389.6	7452733	0.0							
663389.6	7452933	0.0							
663389.6	7453133	0.0							
663389.6	7453333	0.0							
663389.6	7453533	0.0							
663389.6	7453733	0.0							
663389.6	7453933	0.0							
663389.6	7454133	0.5							
663389.6	7454333	2.9							
663389.6	7454533	0.5							
663389.6	7454733	0.6							
663389.6	7454933	3.9							
663389.6	7455133	4.0							
663389.6	7455333	8.3							
663389.6	7455533	7.4							
663389.6	7455733	4.5							
663389.6	7455933	7.9							
663389.6	7456133	5.0							
663389.6	7456333	0.9							
663389.6	7456533	0.5							
663389.6	7456733	0.5							
663389.6	7456933	0.5							
663389.6	7457133	0.5							
663389.6	7457333	0.5							
663389.6	7457533	0.5							
663389.6	7457733	1.4							
663389.6	7457933	1.0							
663389.6	7458133	1.9							
663389.6	7458333	3.8							
663389.6	7458533	3.4							
663389.6	7458733	1.0							
663389.6	7458933	2.6							
663389.6	7459133	3.0							
663389.6	7459333	27.0							
663389.6	7459533	6.3							
663389.6	7459733	8.6							
663389.6	7459933	15.3							
663389.6	7460133	24.1							
663389.6	7460333	26.3							
663389.6	7460533	67.9							
663389.6	7460733	147.3							
663389.6	7460933	210.8							
663389.6	7461133	160.4							
663389.6	7461333	185.5							
663389.6	7461533	140.9							
663389.6	7461733	68.5							
663389.6	7461933	23.4							
663389.6	7462133	27.5							
663389.6	7462333	24.7							
663389.6	7462533	46.4							
663389.6	7462733	152.0							
663389.6	7462933	15.4							
663389.6	7463133	79.9							
663389.6	7463333	27.8							
663389.6	7463533	52.4							
663389.6	7463733	51.7							
663389.6	7463933	87.4							
663389.6	7464133	122.6							
663389.6	7464333	33.2							
663389.6	7464533	32.7							
663389.6	7464733	32.9							
663389.6	7464933	31.1							
663389.6	7465133	65.2							
663389.6	7465333	46.9							
663389.6	7465533	50.4							
663389.6	7465733	122.0							
663389.6	7465933	76.4							
663389.6	7466133	166.8							
663389.6	7466333	142.2							
663389.6	7466533	107.7							
663389.6	7466733	110.5							
663389.6	7466933	102.6							
663389.6	7467133	102.1							
663389.6	7467333	109.1							
663389.6	7467533	139.5							
663389.6	7467733	136.0							
663389.6	7467933	142.1							
663389.6	7468133	101.0							
663389.6	7468333	51.5							
663389.6	7468533	52.5							
663389.6	7468733	66.2							
663389.6	7468933	44.2							
663389.6	7469133	35.1							
663389.6	7469333	31.9							
663389.6	7469533	31.0							
663389.6	7469733	26.9							
663389.6	7469933	28.7							
663389.6	7470133	28.7							
663389.6	7470333	28.9							
663389.6	7470533	26.2							
663389.6	7470733	21.4							
663389.6	7470933	20.9							
663389.6	7471133	25.1							
663389.6	7471333	35.5							
663389.6	7471533	37.5							
663389.6	7471733	50.0							
663589.6	7451933	0.0							
663589.6	7452133	0.0							
663589.6	7452333	0.0							
663589.6	7452533	0.0							
663589.6	7452733	0.0							
663589.6	7452933	0.0							
663589.6	7453133	0.0							
663589.6	7453333	0.0							
663589.6	7453533	0.0							
663589.6	7453733	0.0							
663589.6	7453933	0.0							
663589.6	7454133	2.0							
663589.6	7454333	0.5							
663589.6	7454533	1.7							
663589.6	7454733	1.1							
663589.6	7454933	2.4							
663589.6	7455133	3.6							
663589.6	7455333	5.5							
663589.6	7455533	9.3							
663589.6	7455733	5.2							
663589.6	7455933	4.6							
663589.6	7456133	4.7							
663589.6	7456333	0.7							
663589.6	7456533	1.4							
663589.6	7456733	0.5							
663589.6	7456933	0.5							
663589.6	7457133	0.5							
663589.6	7457333	2.9							
663589.6	7457533	3.0							
663589.6	7457733	0.5							
663589.6	7457933	0.5							
663589.6	7458133	0.5							
663589.6	7458333	1.1							
663589.6	7458533	3.4							
663589.6	7458733	32.0							
663589.6	7458933	1.5							
663589.6	7459133	1.9							
663589.6	7459333	9.6							
663589.6	7459533	7.2							
663589.6	7459733	8.2							
663589.6	7459933	9.6							
663589.6	7460133	11.7							
663589.6	7460333	13.2							
663589.6	7460533	35.2							
663589.6	7460733	100.2							
663589.6	7460933	102.4							
663589.6	7461133	76.7							
663589.6	7461333	95.2							
663589.6	7461533	117.3							
663589.6	7461733	103.4							
663589.6	7461933	33.5							
663589.6	7462133	28.1							
663589.6	7462333	28.9							
663589.6	7462533	38.9							
663589.6	7462733	120.5							
663589.6	7462933	12.2							
663589.6	7463133	45.4							
663589.6	7463333	26.8							
663589.6	7463533	30.0							
663589.6	7463733	34.5							
663589.6	7463933	173.3							
663589.6	7464133	173.2							
663589.6	7464333	74.9							
663589.6	7464533	31.7							
663589.6	7464733	30.8							
663589.6	7464933	29.7							
663589.6	7465133	32.3							
663589.6	7465333	32.6							
663589.6	7465533	98.5							
663589.6	7465733	165.6							
663589.6	7465933	132.3							
663589.6	7466133	116.4							
663589.6	7466333	149.5							
663589.6	7466533	126.0							
663589.6	7466733	92.2							
663589.6	7466933	124.3							
663589.6	7467133	118.1							
663589.6	7467333	55.4							
663589.6	7467533	57.9							
663589.6	7467733	58.2							
663589.6	7467933	124.9							
663589.6	7468133	73.5							
663589.6	7468333	58.1							
663589.6	7468533	57.5							
663589.6	7468733	50.5							
663589.6	7468933	45.2							
663589.6	7469133	36.9							
663589.6	7469333	32.0							
663589.6	7469533	36.7							
663589.6	7469733	30.8							
663589.6	7469933	27.6							
663589.6	7470133	25.7							
663589.6	7470333	27.9							
663589.6	7470533	27.1							
663589.6	7470733	20.7							
663589.6	7470933	22.7							
663589.6	7471133	31.3							
663589.6	7471333	30.6							
663589.6	7471533	28.4							
663589.6	7471733	28.3							
663789.6	7451933	0.0							
663789.6	7452133	0.0							
663789.6	7452333	0.0							
663789.6	7452533	0.0							
663789.6	7452733	0.0							
663789.6	7452933	0.0							
663789.6	7453133	0.0							
663789.6	7453333	0.0							
663789.6	7453533	0.0							
663789.6	7453733	0.0							
663789.6	7453933	0.0							
663789.6	7454133	0.5							
663789.6	7454333	0.5							
663789.6	7454533	1.9							
663789.6	7454733	3.1							
663789.6	7454933	1.8							
663789.6	7455133	3.4							
663789.6	7455333	9.0							
663789.6	7455533	3.9							
663789.6	7455733	4.2							
663789.6	7455933	6.6							
663789.6	7456133	1.4							
663789.6	7456333	2.1							
663789.6	7456533	2.0							
663789.6	7456733	0.5							
663789.6	7456933	0.5							
663789.6	7457133	0.5							
663789.6	7457333	0.5							
663789.6	7457533	0.5							
663789.6	7457733	0.5							
663789.6	7457933	0.5							
663789.6	7458133	0.5							
663789.6	7458333	3.5							
663789.6	7458533	3.9							
663789.6	7458733	7.4							
663789.6	7458933	18.5							
663789.6	7459133	1.4							
663789.6	7459333	2.4							
663789.6	7459533	4.3							
663789.6	7459733	6.5							
663789.6	7459933	8.0							
663789.6	7460133	6.9							
663789.6	7460333	13.3							
663789.6	7460533	19.2							
663789.6	7460733	62.1							
663789.6	7460933	56.0							
663789.6	7461133	34.9							
663789.6	7461333	39.4							
663789.6	7461533	58.4							
663789.6	7461733	137.3							
663789.6	7461933	35.9							
663789.6	7462133	27.6							
663789.6	7462333	24.4							
663789.6	7462533	33.8							
663789.6	7462733	64.5							
663789.6	7462933	58.1							
663789.6	7463133	25.5							
663789.6	7463333	48.2							
663789.6	7463533	25.7							
663789.6	7463733	35.2							
663789.6	7463933	103.3							
663789.6	7464133	188.7							
663789.6	7464333	86.7							
663789.6	7464533	31.5							
663789.6	7464733	29.9							
663789.6	7464933	32.3							
663789.6	7465133	37.0							
663789.6	7465333	71.7							
663789.6	7465533	83.0							
663789.6	7465733	136.3							
663789.6	7465933	204.4							
663789.6	7466133	150.2							
663789.6	7466333	211.1							
663789.6	7466533	149.6							
663789.6	7466733	120.8							
663789.6	7466933	77.9							
663789.6	7467133	128.7							
663789.6	7467333	56.5							
663789.6	7467533	46.5							
663789.6	7467733	50.1							
663789.6	7467933	47.2							
663789.6	7468133	50.2							
663789.6	7468333	44.9							
663789.6	7468533	50.1							
663789.6	7468733	91.5							
663789.6	7468933	53.0							
663789.6	7469133	37.1							
663789.6	7469333	32.9							
663789.6	7469533	31.3							
663789.6	7469733	42.7							
663789.6	7469933	28.5							
663789.6	7470133	25.7							
663789.6	7470333	27.6							
663789.6	7470533	28.9							
663789.6	7470733	21.3							
663789.6	7470933	21.1							
663789.6	7471133	19.3							
663789.6	7471333	27.3							
663789.6	7471533	22.0							
663789.6	7471733	26.4							
663989.6	7451933	0.0							
663989.6	7452133	0.0							
663989.6	7452333	0.0							
663989.6	7452533	0.0							
663989.6	7452733	0.0							
663989.6	7452933	0.0							
663989.6	7453133	0.0							
663989.6	7453333	0.0							
663989.6	7453533	0.0							
663989.6	7453733	0.0							
663989.6	7453933	0.0							
663989.6	7454133	4.3							
663989.6	7454333	0.5							
663989.6	7454533	0.5							
663989.6	7454733	0.9							
663989.6	7454933	2.0							
663989.6	7455133	4.0							
663989.6	7455333	10.6							
663989.6	7455533	5.8							
663989.6	7455733	5.8							
663989.6	7455933	4.5							
663989.6	7456133	2.1							
663989.6	7456333	2.3							
663989.6	7456533	4.7							
663989.6	7456733	0.5							
663989.6	7456933	0.5							
663989.6	7457133	0.5							
663989.6	7457333	0.5							
663989.6	7457533	0.5							
663989.6	7457733	0.5							
663989.6	7457933	0.5							
663989.6	7458133	7.0							
663989.6	7458333	2.7							
663989.6	7458533	4.6							
663989.6	7458733	1.8							
663989.6	7458933	3.3							
663989.6	7459133	1.1							
663989.6	7459333	1.4							
663989.6	7459533	7.4							
663989.6	7459733	13.2							
663989.6	7459933	8.1							
663989.6	7460133	14.2							
663989.6	7460333	10.9							
663989.6	7460533	45.8							
663989.6	7460733	110.6							
663989.6	7460933	92.9							
663989.6	7461133	35.8							
663989.6	7461333	26.2							
663989.6	7461533	20.4							
663989.6	7461733	62.2							
663989.6	7461933	78.5							
663989.6	7462133	30.1							
663989.6	7462333	20.0							
663989.6	7462533	25.1							
663989.6	7462733	46.8							
663989.6	7462933	36.0							
663989.6	7463133	33.5							
663989.6	7463333	25.1							
663989.6	7463533	23.5							
663989.6	7463733	27.7							
663989.6	7463933	45.9							
663989.6	7464133	98.2							
663989.6	7464333	81.2							
663989.6	7464533	31.9							
663989.6	7464733	32.4							
663989.6	7464933	27.4							
663989.6	7465133	37.3							
663989.6	7465333	53.4							
663989.6	7465533	101.8							
663989.6	7465733	116.2							
663989.6	7465933	222.0							
663989.6	7466133	232.0							
663989.6	7466333	231.5							
663989.6	7466533	174.1							
663989.6	7466733	144.0							
663989.6	7466933	68.0							
663989.6	7467133	108.8							
663989.6	7467333	57.7							
663989.6	7467533	44.9							
663989.6	7467733	43.8							
663989.6	7467933	46.1							
663989.6	7468133	48.1							
663989.6	7468333	42.8							
663989.6	7468533	43.2							
663989.6	7468733	95.9							
663989.6	7468933	62.4							
663989.6	7469133	42.1							
663989.6	7469333	33.5							
663989.6	7469533	33.7							
663989.6	7469733	30.8							
663989.6	7469933	30.2							
663989.6	7470133	27.5							
663989.6	7470333	30.1							
663989.6	7470533	26.0							
663989.6	7470733	21.5							
663989.6	7470933	21.8							
663989.6	7471133	23.8							
663989.6	7471333	19.2							
663989.6	7471533	21.3							
663989.6	7471733	23.3							
664189.6	7451933	0.0							
664189.6	7452133	0.0							
664189.6	7452333	0.0							
664189.6	7452533	0.0							
664189.6	7452733	0.0							
664189.6	7452933	0.0							
664189.6	7453133	0.0							
664189.6	7453333	0.0							
664189.6	7453533	0.0							
664189.6	7453733	0.0							
664189.6	7453933	0.0							
664189.6	7454133	1.6							
664189.6	7454333	9.6							
664189.6	7454533	1.5							
664189.6	7454733	6.0							
664189.6	7454933	8.5							
664189.6	7455133	9.8							
664189.6	7455333	11.4							
664189.6	7455533	6.5							
664189.6	7455733	4.8							
664189.6	7455933	4.2							
664189.6	7456133	4.1							
664189.6	7456333	1.7							
664189.6	7456533	1.3							
664189.6	7456733	0.5							
664189.6	7456933	0.5							
664189.6	7457133	0.5							
664189.6	7457333	0.5							
664189.6	7457533	0.5							
664189.6	7457733	0.5							
664189.6	7457933	4.7							
664189.6	7458133	2.6							
664189.6	7458333	3.1							
664189.6	7458533	1.4							
664189.6	7458733	2.6							
664189.6	7458933	1.8							
664189.6	7459133	15.6							
664189.6	7459333	5.8							
664189.6	7459533	5.8							
664189.6	7459733	7.1							
664189.6	7459933	5.4							
664189.6	7460133	5.7							
664189.6	7460333	20.2							
664189.6	7460533	92.4							
664189.6	7460733	181.7							
664189.6	7460933	83.6							
664189.6	7461133	34.3							
664189.6	7461333	23.2							
664189.6	7461533	23.7							
664189.6	7461733	24.2							
664189.6	7461933	23.5							
664189.6	7462133	26.9							
664189.6	7462333	18.0							
664189.6	7462533	19.7							
664189.6	7462733	19.5							
664189.6	7462933	25.9							
664189.6	7463133	58.8							
664189.6	7463333	36.6							
664189.6	7463533	23.8							
664189.6	7463733	22.2							
664189.6	7463933	26.2							
664189.6	7464133	48.7							
664189.6	7464333	53.5							
664189.6	7464533	28.5							
664189.6	7464733	31.6							
664189.6	7464933	29.2							
664189.6	7465133	95.4							
664189.6	7465333	49.8							
664189.6	7465533	113.4							
664189.6	7465733	186.8							
664189.6	7465933	207.7							
664189.6	7466133	219.7							
664189.6	7466333	149.4							
664189.6	7466533	181.1							
664189.6	7466733	109.4							
664189.6	7466933	85.8							
664189.6	7467133	53.1							
664189.6	7467333	49.7							
664189.6	7467533	47.5							
664189.6	7467733	46.9							
664189.6	7467933	44.1							
664189.6	7468133	39.9							
664189.6	7468333	38.5							
664189.6	7468533	40.4							
664189.6	7468733	57.8							
664189.6	7468933	84.5							
664189.6	7469133	56.1							
664189.6	7469333	35.0							
664189.6	7469533	32.6							
664189.6	7469733	33.2							
664189.6	7469933	29.4							
664189.6	7470133	24.7							
664189.6	7470333	39.3							
664189.6	7470533	24.2							
664189.6	7470733	25.4							
664189.6	7470933	20.9							
664189.6	7471133	20.0							
664189.6	7471333	19.3							
664189.6	7471533	22.0							
664189.6	7471733	22.8							
664389.6	7451933	0.0							
664389.6	7452133	0.0							
664389.6	7452333	0.0							
664389.6	7452533	0.0							
664389.6	7452733	0.0							
664389.6	7452933	0.0							
664389.6	7453133	0.0							
664389.6	7453333	0.0							
664389.6	7453533	0.0							
664389.6	7453733	0.0							
664389.6	7453933	0.0							
664389.6	7454133	4.4							
664389.6	7454333	9.5							
664389.6	7454533	0.5							
664389.6	7454733	8.8							
664389.6	7454933	8.4							
664389.6	7455133	12.0							
664389.6	7455333	4.7							
664389.6	7455533	8.2							
664389.6	7455733	10.9							
664389.6	7455933	3.7							
664389.6	7456133	2.8							
664389.6	7456333	2.1							
664389.6	7456533	1.9							
664389.6	7456733	0.5							
664389.6	7456933	0.5							
664389.6	7457133	0.5							
664389.6	7457333	0.5							
664389.6	7457533	0.5							
664389.6	7457733	4.6							
664389.6	7457933	3.7							
664389.6	7458133	4.3							
664389.6	7458333	3.3							
664389.6	7458533	2.7							
664389.6	7458733	5.8							
664389.6	7458933	2.2							
664389.6	7459133	7.9							
664389.6	7459333	4.8							
664389.6	7459533	9.0							
664389.6	7459733	3.6							
664389.6	7459933	8.5							
664389.6	7460133	9.8							
664389.6	7460333	22.9							
664389.6	7460533	32.4							
664389.6	7460733	50.0							
664389.6	7460933	54.2							
664389.6	7461133	24.0							
664389.6	7461333	19.7							
664389.6	7461533	15.2							
664389.6	7461733	14.3							
664389.6	7461933	19.4							
664389.6	7462133	20.1							
664389.6	7462333	16.2							
664389.6	7462533	22.7							
664389.6	7462733	28.8							
664389.6	7462933	20.8							
664389.6	7463133	69.1							
664389.6	7463333	59.4							
664389.6	7463533	26.1							
664389.6	7463733	22.1							
664389.6	7463933	32.3							
664389.6	7464133	48.1							
664389.6	7464333	35.9							
664389.6	7464533	38.1							
664389.6	7464733	27.8							
664389.6	7464933	28.2							
664389.6	7465133	29.5							
664389.6	7465333	31.1							
664389.6	7465533	64.4							
664389.6	7465733	183.2							
664389.6	7465933	213.4							
664389.6	7466133	200.6							
664389.6	7466333	145.1							
664389.6	7466533	140.2							
664389.6	7466733	75.1							
664389.6	7466933	71.3							
664389.6	7467133	65.9							
664389.6	7467333	51.5							
664389.6	7467533	71.6							
664389.6	7467733	81.3							
664389.6	7467933	46.1							
664389.6	7468133	39.3							
664389.6	7468333	37.7							
664389.6	7468533	35.8							
664389.6	7468733	48.9							
664389.6	7468933	57.6							
664389.6	7469133	66.2							
664389.6	7469333	38.9							
664389.6	7469533	29.6							
664389.6	7469733	32.4							
664389.6	7469933	34.9							
664389.6	7470133	35.2							
664389.6	7470333	32.3							
664389.6	7470533	28.3							
664389.6	7470733	27.5							
664389.6	7470933	24.2							
664389.6	7471133	21.8							
664389.6	7471333	17.6							
664389.6	7471533	25.0							
664389.6	7471733	21.6							
664589.6	7451933	0.0							
664589.6	7452133	0.0							
664589.6	7452333	0.0							
664589.6	7452533	0.0							
664589.6	7452733	0.0							
664589.6	7452933	0.0							
664589.6	7453133	0.0							
664589.6	7453333	0.0							
664589.6	7453533	0.0							
664589.6	7453733	0.0							
664589.6	7453933	0.0							
664589.6	7454133	5.2							
664589.6	7454333	3.9							
664589.6	7454533	4.0							
664589.6	7454733	1.3							
664589.6	7454933	6.8							
664589.6	7455133	11.3							
664589.6	7455333	9.5							
664589.6	7455533	4.4							
664589.6	7455733	4.6							
664589.6	7455933	4.5							
664589.6	7456133	7.9							
664589.6	7456333	1.5							
664589.6	7456533	1.5							
664589.6	7456733	0.8							
664589.6	7456933	0.5							
664589.6	7457133	0.5							
664589.6	7457333	0.5							
664589.6	7457533	0.8							
664589.6	7457733	7.4							
664589.6	7457933	3.9							
664589.6	7458133	4.9							
664589.6	7458333	2.9							
664589.6	7458533	2.1							
664589.6	7458733	3.2							
664589.6	7458933	7.4							
664589.6	7459133	2.8							
664589.6	7459333	6.9							
664589.6	7459533	4.1							
664589.6	7459733	4.1							
664589.6	7459933	4.3							
664589.6	7460133	6.6							
664589.6	7460333	6.9							
664589.6	7460533	20.7							
664589.6	7460733	14.6							
664589.6	7460933	19.6							
664589.6	7461133	26.7							
664589.6	7461333	18.4							
664589.6	7461533	22.5							
664589.6	7461733	16.5							
664589.6	7461933	20.6							
664589.6	7462133	22.6							
664589.6	7462333	23.4							
664589.6	7462533	23.4							
664589.6	7462733	17.5							
664589.6	7462933	24.9							
664589.6	7463133	38.9							
664589.6	7463333	32.7							
664589.6	7463533	25.9							
664589.6	7463733	22.2							
664589.6	7463933	35.6							
664589.6	7464133	78.4							
664589.6	7464333	77.3							
664589.6	7464533	31.5							
664589.6	7464733	28.2							
664589.6	7464933	27.0							
664589.6	7465133	33.7							
664589.6	7465333	34.3							
664589.6	7465533	55.2							
664589.6	7465733	106.0							
664589.6	7465933	163.6							
664589.6	7466133	270.5							
664589.6	7466333	226.4							
664589.6	7466533	158.7							
664589.6	7466733	97.4							
664589.6	7466933	176.5							
664589.6	7467133	116.9							
664589.6	7467333	59.2							
664589.6	7467533	72.3							
664589.6	7467733	73.3							
664589.6	7467933	49.1							
664589.6	7468133	42.0							
664589.6	7468333	36.3							
664589.6	7468533	39.2							
664589.6	7468733	36.2							
664589.6	7468933	45.7							
664589.6	7469133	48.9							
664589.6	7469333	37.6							
664589.6	7469533	32.0							
664589.6	7469733	34.4							
664589.6	7469933	34.4							
664589.6	7470133	42.8							
664589.6	7470333	33.4							
664589.6	7470533	29.8							
664589.6	7470733	25.6							
664589.6	7470933	23.6							
664589.6	7471133	20.6							
664589.6	7471333	20.2							
664589.6	7471533	19.3							
664589.6	7471733	23.8							
664789.6	7451933	0.0							
664789.6	7452133	0.0							
664789.6	7452333	0.0							
664789.6	7452533	0.0							
664789.6	7452733	0.0							
664789.6	7452933	0.0							
664789.6	7453133	0.0							
664789.6	7453333	0.0							
664789.6	7453533	0.0							
664789.6	7453733	0.0							
664789.6	7453933	0.0							
664789.6	7454133	0.0							
664789.6	7454333	0.5							
664789.6	7454533	0.5							
664789.6	7454733	0.5							
664789.6	7454933	7.3							
664789.6	7455133	11.2							
664789.6	7455333	11.2							
664789.6	7455533	3.3							
664789.6	7455733	6.5							
664789.6	7455933	5.5							
664789.6	7456133	3.0							
664789.6	7456333	1.3							
664789.6	7456533	1.7							
664789.6	7456733	1.6							
664789.6	7456933	0.5							
664789.6	7457133	0.5							
664789.6	7457333	0.5							
664789.6	7457533	1.0							
664789.6	7457733	1.3							
664789.6	7457933	4.6							
664789.6	7458133	3.3							
664789.6	7458333	3.8							
664789.6	7458533	1.5							
664789.6	7458733	3.5							
664789.6	7458933	5.7							
664789.6	7459133	3.5							
664789.6	7459333	3.6							
664789.6	7459533	5.1							
664789.6	7459733	5.5							
664789.6	7459933	5.5							
664789.6	7460133	6.6							
664789.6	7460333	7.3							
664789.6	7460533	10.6							
664789.6	7460733	10.0							
664789.6	7460933	10.8							
664789.6	7461133	13.1							
664789.6	7461333	15.4							
664789.6	7461533	14.3							
664789.6	7461733	18.0							
664789.6	7461933	16.4							
664789.6	7462133	13.3							
664789.6	7462333	13.7							
664789.6	7462533	15.9							
664789.6	7462733	21.1							
664789.6	7462933	24.5							
664789.6	7463133	14.8							
664789.6	7463333	15.0							
664789.6	7463533	26.4							
664789.6	7463733	17.9							
664789.6	7463933	40.8							
664789.6	7464133	90.0							
664789.6	7464333	71.6							
664789.6	7464533	27.6							
664789.6	7464733	25.4							
664789.6	7464933	25.7							
664789.6	7465133	24.5							
664789.6	7465333	31.2							
664789.6	7465533	53.6							
664789.6	7465733	74.1							
664789.6	7465933	142.8							
664789.6	7466133	271.1							
664789.6	7466333	269.3							
664789.6	7466533	175.1							
664789.6	7466733	104.5							
664789.6	7466933	204.4							
664789.6	7467133	178.5							
664789.6	7467333	106.2							
664789.6	7467533	61.5							
664789.6	7467733	50.3							
664789.6	7467933	42.7							
664789.6	7468133	37.8							
664789.6	7468333	35.1							
664789.6	7468533	40.7							
664789.6	7468733	38.4							
664789.6	7468933	32.7							
664789.6	7469133	39.7							
664789.6	7469333	40.1							
664789.6	7469533	38.4							
664789.6	7469733	45.0							
664789.6	7469933	39.2							
664789.6	7470133	40.8							
664789.6	7470333	53.0							
664789.6	7470533	32.6							
664789.6	7470733	25.0							
664789.6	7470933	23.0							
664789.6	7471133	21.5							
664789.6	7471333	19.2							
664789.6	7471533	18.8							
664789.6	7471733	19.0							
664989.6	7451933	0.0							
664989.6	7452133	0.0							
664989.6	7452333	0.0							
664989.6	7452533	0.0							
664989.6	7452733	0.0							
664989.6	7452933	0.0							
664989.6	7453133	0.0							
664989.6	7453333	0.0							
664989.6	7453533	0.0							
664989.6	7453733	0.0							
664989.6	7453933	0.0							
664989.6	7454133	0.0							
664989.6	7454333	0.5							
664989.6	7454533	0.5							
664989.6	7454733	4.0							
664989.6	7454933	6.6							
664989.6	7455133	10.2							
664989.6	7455333	9.9							
664989.6	7455533	4.3							
664989.6	7455733	6.1							
664989.6	7455933	5.3							
664989.6	7456133	11.9							
664989.6	7456333	2.2							
664989.6	7456533	0.7							
664989.6	7456733	2.9							
664989.6	7456933	0.5							
664989.6	7457133	0.5							
664989.6	7457333	0.5							
664989.6	7457533	0.5							
664989.6	7457733	0.5							
664989.6	7457933	0.7							
664989.6	7458133	3.6							
664989.6	7458333	10.4							
664989.6	7458533	3.6							
664989.6	7458733	4.7							
664989.6	7458933	7.0							
664989.6	7459133	3.2							
664989.6	7459333	3.0							
664989.6	7459533	4.1							
664989.6	7459733	3.2							
664989.6	7459933	5.9							
664989.6	7460133	8.0							
664989.6	7460333	8.5							
664989.6	7460533	8.9							
664989.6	7460733	8.5							
664989.6	7460933	10.9							
664989.6	7461133	11.8							
664989.6	7461333	9.8							
664989.6	7461533	14.0							
664989.6	7461733	11.1							
664989.6	7461933	10.7							
664989.6	7462133	12.5							
664989.6	7462333	12.5							
664989.6	7462533	13.0							
664989.6	7462733	14.3							
664989.6	7462933	13.9							
664989.6	7463133	12.5							
664989.6	7463333	18.1							
664989.6	7463533	19.9							
664989.6	7463733	19.6							
664989.6	7463933	25.4							
664989.6	7464133	81.5							
664989.6	7464333	47.8							
664989.6	7464533	26.5							
664989.6	7464733	24.4							
664989.6	7464933	27.3							
664989.6	7465133	26.4							
664989.6	7465333	45.8							
664989.6	7465533	33.6							
664989.6	7465733	73.3							
664989.6	7465933	149.9							
664989.6	7466133	186.6							
664989.6	7466333	229.6							
664989.6	7466533	139.2							
664989.6	7466733	91.1							
664989.6	7466933	164.6							
664989.6	7467133	163.8							
664989.6	7467333	165.5							
664989.6	7467533	99.6							
664989.6	7467733	50.1							
664989.6	7467933	42.2							
664989.6	7468133	37.7							
664989.6	7468333	37.8							
664989.6	7468533	31.3							
664989.6	7468733	31.4							
664989.6	7468933	31.0							
664989.6	7469133	30.2							
664989.6	7469333	37.0							
664989.6	7469533	35.7							
664989.6	7469733	42.2							
664989.6	7469933	41.6							
664989.6	7470133	39.3							
664989.6	7470333	35.0							
664989.6	7470533	31.5							
664989.6	7470733	25.1							
664989.6	7470933	25.6							
664989.6	7471133	22.8							
664989.6	7471333	21.4							
664989.6	7471533	20.1							
664989.6	7471733	18.4							
665189.6	7451933	0.0							
665189.6	7452133	0.0							
665189.6	7452333	0.0							
665189.6	7452533	0.0							
665189.6	7452733	0.0							
665189.6	7452933	0.0							
665189.6	7453133	0.0							
665189.6	7453333	0.0							
665189.6	7453533	0.0							
665189.6	7453733	0.0							
665189.6	7453933	0.0							
665189.6	7454133	0.0							
665189.6	7454333	0.5							
665189.6	7454533	0.5							
665189.6	7454733	6.2							
665189.6	7454933	6.3							
665189.6	7455133	7.7							
665189.6	7455333	7.2							
665189.6	7455533	3.9							
665189.6	7455733	8.1							
665189.6	7455933	5.0							
665189.6	7456133	3.6							
665189.6	7456333	0.5							
665189.6	7456533	0.5							
665189.6	7456733	0.5							
665189.6	7456933	0.5							
665189.6	7457133	0.5							
665189.6	7457333	0.5							
665189.6	7457533	0.5							
665189.6	7457733	0.5							
665189.6	7457933	0.6							
665189.6	7458133	2.5							
665189.6	7458333	3.4							
665189.6	7458533	4.4							
665189.6	7458733	10.1							
665189.6	7458933	8.5							
665189.6	7459133	2.1							
665189.6	7459333	2.7							
665189.6	7459533	2.1							
665189.6	7459733	2.5							
665189.6	7459933	5.6							
665189.6	7460133	9.1							
665189.6	7460333	21.1							
665189.6	7460533	11.5							
665189.6	7460733	8.4							
665189.6	7460933	9.0							
665189.6	7461133	15.3							
665189.6	7461333	29.7							
665189.6	7461533	14.2							
665189.6	7461733	10.8							
665189.6	7461933	11.8							
665189.6	7462133	11.4							
665189.6	7462333	11.9							
665189.6	7462533	12.7							
665189.6	7462733	14.0							
665189.6	7462933	9.5							
665189.6	7463133	23.1							
665189.6	7463333	40.7							
665189.6	7463533	44.0							
665189.6	7463733	45.0							
665189.6	7463933	25.2							
665189.6	7464133	57.0							
665189.6	7464333	59.0							
665189.6	7464533	29.5							
665189.6	7464733	29.4							
665189.6	7464933	24.3							
665189.6	7465133	24.9							
665189.6	7465333	31.0							
665189.6	7465533	41.0							
665189.6	7465733	56.0							
665189.6	7465933	90.7							
665189.6	7466133	170.5							
665189.6	7466333	238.5							
665189.6	7466533	139.7							
665189.6	7466733	88.2							
665189.6	7466933	125.2							
665189.6	7467133	165.9							
665189.6	7467333	175.3							
665189.6	7467533	86.0							
665189.6	7467733	55.8							
665189.6	7467933	41.6							
665189.6	7468133	37.8							
665189.6	7468333	36.7							
665189.6	7468533	33.5							
665189.6	7468733	29.5							
665189.6	7468933	29.8							
665189.6	7469133	28.5							
665189.6	7469333	30.4							
665189.6	7469533	30.3							
665189.6	7469733	34.2							
665189.6	7469933	38.0							
665189.6	7470133	57.7							
665189.6	7470333	38.1							
665189.6	7470533	28.6							
665189.6	7470733	23.7							
665189.6	7470933	19.9							
665189.6	7471133	22.1							
665189.6	7471333	21.9							
665189.6	7471533	18.5							
665189.6	7471733	18.5							
665389.6	7451933	0.0							
665389.6	7452133	0.0							
665389.6	7452333	0.0							
665389.6	7452533	0.0							
665389.6	7452733	0.0							
665389.6	7452933	0.0							
665389.6	7453133	0.0							
665389.6	7453333	0.0							
665389.6	7453533	0.0							
665389.6	7453733	0.0							
665389.6	7453933	0.0							
665389.6	7454133	0.0							
665389.6	7454333	2.1							
665389.6	7454533	0.5							
665389.6	7454733	0.5							
665389.6	7454933	9.3							
665389.6	7455133	9.6							
665389.6	7455333	7.1							
665389.6	7455533	2.9							
665389.6	7455733	6.7							
665389.6	7455933	5.5							
665389.6	7456133	6.2							
665389.6	7456333	0.5							
665389.6	7456533	0.5							
665389.6	7456733	0.5							
665389.6	7456933	2.3							
665389.6	7457133	2.9							
665389.6	7457333	2.6							
665389.6	7457533	0.5							
665389.6	7457733	0.5							
665389.6	7457933	0.5							
665389.6	7458133	0.5							
665389.6	7458333	3.4							
665389.6	7458533	2.2							
665389.6	7458733	3.4							
665389.6	7458933	8.9							
665389.6	7459133	2.1							
665389.6	7459333	2.9							
665389.6	7459533	2.9							
665389.6	7459733	2.2							
665389.6	7459933	3.3							
665389.6	7460133	7.2							
665389.6	7460333	12.3							
665389.6	7460533	7.6							
665389.6	7460733	9.1							
665389.6	7460933	17.3							
665389.6	7461133	62.1							
665389.6	7461333	44.0							
665389.6	7461533	12.7							
665389.6	7461733	13.5							
665389.6	7461933	16.2							
665389.6	7462133	27.6							
665389.6	7462333	7.1							
665389.6	7462533	11.1							
665389.6	7462733	11.1							
665389.6	7462933	9.9							
665389.6	7463133	26.2							
665389.6	7463333	43.3							
665389.6	7463533	33.3							
665389.6	7463733	24.0							
665389.6	7463933	28.1							
665389.6	7464133	38.2							
665389.6	7464333	43.0							
665389.6	7464533	24.1							
665389.6	7464733	24.1							
665389.6	7464933	22.3							
665389.6	7465133	23.8							
665389.6	7465333	25.3							
665389.6	7465533	32.2							
665389.6	7465733	42.6							
665389.6	7465933	70.2							
665389.6	7466133	146.4							
665389.6	7466333	260.7							
665389.6	7466533	187.0							
665389.6	7466733	80.1							
665389.6	7466933	160.9							
665389.6	7467133	257.9							
665389.6	7467333	176.5							
665389.6	7467533	86.2							
665389.6	7467733	56.4							
665389.6	7467933	46.3							
665389.6	7468133	40.7							
665389.6	7468333	33.9							
665389.6	7468533	31.2							
665389.6	7468733	28.8							
665389.6	7468933	28.8							
665389.6	7469133	27.4							
665389.6	7469333	26.7							
665389.6	7469533	27.0							
665389.6	7469733	28.9							
665389.6	7469933	38.4							
665389.6	7470133	38.1							
665389.6	7470333	37.4							
665389.6	7470533	26.6							
665389.6	7470733	24.3							
665389.6	7470933	18.9							
665389.6	7471133	21.2							
665389.6	7471333	18.8							
665389.6	7471533	18.4							
665389.6	7471733	18.0							
665589.6	7451933	0.0							
665589.6	7452133	0.0							
665589.6	7452333	0.0							
665589.6	7452533	0.0							
665589.6	7452733	0.0							
665589.6	7452933	0.0							
665589.6	7453133	0.0							
665589.6	7453333	0.0							
665589.6	7453533	0.0							
665589.6	7453733	0.0							
665589.6	7453933	0.0							
665589.6	7454133	0.0							
665589.6	7454333	0.5							
665589.6	7454533	0.5							
665589.6	7454733	0.5							
665589.6	7454933	6.8							
665589.6	7455133	11.0							
665589.6	7455333	9.5							
665589.6	7455533	4.9							
665589.6	7455733	4.6							
665589.6	7455933	5.5							
665589.6	7456133	4.8							
665589.6	7456333	2.7							
665589.6	7456533	3.2							
665589.6	7456733	2.8							
665589.6	7456933	4.3							
665589.6	7457133	7.0							
665589.6	7457333	7.6							
665589.6	7457533	0.5							
665589.6	7457733	0.5							
665589.6	7457933	0.5							
665589.6	7458133	0.5							
665589.6	7458333	0.5							
665589.6	7458533	4.6							
665589.6	7458733	8.5							
665589.6	7458933	3.8							
665589.6	7459133	3.9							
665589.6	7459333	4.5							
665589.6	7459533	2.8							
665589.6	7459733	2.1							
665589.6	7459933	3.6							
665589.6	7460133	8.1							
665589.6	7460333	8.4							
665589.6	7460533	13.8							
665589.6	7460733	17.2							
665589.6	7460933	20.6							
665589.6	7461133	28.5							
665589.6	7461333	21.7							
665589.6	7461533	9.9							
665589.6	7461733	9.7							
665589.6	7461933	13.1							
665589.6	7462133	21.6							
665589.6	7462333	13.3							
665589.6	7462533	7.9							
665589.6	7462733	15.6							
665589.6	7462933	12.6							
665589.6	7463133	11.6							
665589.6	7463333	16.7							
665589.6	7463533	15.3							
665589.6	7463733	17.2							
665589.6	7463933	20.6							
665589.6	7464133	27.5							
665589.6	7464333	37.1							
665589.6	7464533	22.3							
665589.6	7464733	22.8							
665589.6	7464933	23.9							
665589.6	7465133	22.4							
665589.6	7465333	24.3							
665589.6	7465533	55.7							
665589.6	7465733	42.4							
665589.6	7465933	72.3							
665589.6	7466133	120.8							
665589.6	7466333	210.3							
665589.6	7466533	169.8							
665589.6	7466733	74.0							
665589.6	7466933	132.9							
665589.6	7467133	156.1							
665589.6	7467333	153.3							
665589.6	7467533	82.8							
665589.6	7467733	52.6							
665589.6	7467933	43.6							
665589.6	7468133	45.8							
665589.6	7468333	36.0							
665589.6	7468533	33.9							
665589.6	7468733	35.3							
665589.6	7468933	28.1							
665589.6	7469133	26.9							
665589.6	7469333	25.7							
665589.6	7469533	25.1							
665589.6	7469733	24.0							
665589.6	7469933	31.0							
665589.6	7470133	37.3							
665589.6	7470333	29.3							
665589.6	7470533	42.0							
665589.6	7470733	38.5							
665589.6	7470933	17.8							
665589.6	7471133	16.6							
665589.6	7471333	19.2							
665589.6	7471533	18.4							
665589.6	7471733	18.0							
665789.6	7451933	0.0							
665789.6	7452133	0.0							
665789.6	7452333	0.0							
665789.6	7452533	0.0							
665789.6	7452733	0.0							
665789.6	7452933	0.0							
665789.6	7453133	0.0							
665789.6	7453333	0.0							
665789.6	7453533	0.0							
665789.6	7453733	0.0							
665789.6	7453933	0.0							
665789.6	7454133	0.0							
665789.6	7454333	0.5							
665789.6	7454533	0.5							
665789.6	7454733	0.5							
665789.6	7454933	8.4							
665789.6	7455133	14.6							
665789.6	7455333	15.3							
665789.6	7455533	5.7							
665789.6	7455733	10.9							
665789.6	7455933	6.7							
665789.6	7456133	3.7							
665789.6	7456333	3.4							
665789.6	7456533	2.0							
665789.6	7456733	5.0							
665789.6	7456933	5.1							
665789.6	7457133	7.1							
665789.6	7457333	4.3							
665789.6	7457533	1.9							
665789.6	7457733	0.5							
665789.6	7457933	0.5							
665789.6	7458133	0.5							
665789.6	7458333	0.5							
665789.6	7458533	3.1							
665789.6	7458733	12.6							
665789.6	7458933	2.9							
665789.6	7459133	2.0							
665789.6	7459333	2.4							
665789.6	7459533	1.2							
665789.6	7459733	1.5							
665789.6	7459933	1.8							
665789.6	7460133	5.2							
665789.6	7460333	7.8							
665789.6	7460533	6.3							
665789.6	7460733	5.0							
665789.6	7460933	7.4							
665789.6	7461133	15.4							
665789.6	7461333	15.4							
665789.6	7461533	8.1							
665789.6	7461733	9.0							
665789.6	7461933	8.4							
665789.6	7462133	9.5							
665789.6	7462333	10.7							
665789.6	7462533	8.5							
665789.6	7462733	9.0							
665789.6	7462933	9.3							
665789.6	7463133	10.8							
665789.6	7463333	23.1							
665789.6	7463533	17.6							
665789.6	7463733	27.7							
665789.6	7463933	31.4							
665789.6	7464133	42.9							
665789.6	7464333	30.0							
665789.6	7464533	30.9							
665789.6	7464733	21.2							
665789.6	7464933	21.1							
665789.6	7465133	27.4							
665789.6	7465333	46.6							
665789.6	7465533	35.3							
665789.6	7465733	63.1							
665789.6	7465933	77.2							
665789.6	7466133	125.0							
665789.6	7466333	149.6							
665789.6	7466533	126.5							
665789.6	7466733	73.8							
665789.6	7466933	164.4							
665789.6	7467133	134.2							
665789.6	7467333	130.8							
665789.6	7467533	84.3							
665789.6	7467733	64.2							
665789.6	7467933	42.8							
665789.6	7468133	43.4							
665789.6	7468333	34.2							
665789.6	7468533	42.0							
665789.6	7468733	37.1							
665789.6	7468933	29.4							
665789.6	7469133	27.0							
665789.6	7469333	25.9							
665789.6	7469533	24.7							
665789.6	7469733	23.8							
665789.6	7469933	24.6							
665789.6	7470133	31.5							
665789.6	7470333	34.0							
665789.6	7470533	25.5							
665789.6	7470733	27.4							
665789.6	7470933	19.9							
665789.6	7471133	20.5							
665789.6	7471333	21.1							
665789.6	7471533	18.4							
665789.6	7471733	18.7							
665989.6	7451933	0.0							
665989.6	7452133	0.0							
665989.6	7452333	0.0							
665989.6	7452533	0.0							
665989.6	7452733	0.0							
665989.6	7452933	0.0							
665989.6	7453133	0.0							
665989.6	7453333	0.0							
665989.6	7453533	0.0							
665989.6	7453733	0.0							
665989.6	7453933	0.0							
665989.6	7454133	0.0							
665989.6	7454333	1.8							
665989.6	7454533	0.5							
665989.6	7454733	0.5							
665989.6	7454933	9.3							
665989.6	7455133	6.9							
665989.6	7455333	10.7							
665989.6	7455533	4.3							
665989.6	7455733	7.4							
665989.6	7455933	5.6							
665989.6	7456133	2.0							
665989.6	7456333	0.4							
665989.6	7456533	3.8							
665989.6	7456733	6.8							
665989.6	7456933	5.4							
665989.6	7457133	5.2							
665989.6	7457333	7.4							
665989.6	7457533	5.0							
665989.6	7457733	0.5							
665989.6	7457933	0.5							
665989.6	7458133	0.5							
665989.6	7458333	0.5							
665989.6	7458533	2.6							
665989.6	7458733	5.8							
665989.6	7458933	1.4							
665989.6	7459133	0.4							
665989.6	7459333	1.5							
665989.6	7459533	1.8							
665989.6	7459733	4.0							
665989.6	7459933	2.0							
665989.6	7460133	5.6							
665989.6	7460333	15.6							
665989.6	7460533	20.4							
665989.6	7460733	14.7							
665989.6	7460933	16.4							
665989.6	7461133	10.4							
665989.6	7461333	68.6							
665989.6	7461533	21.6							
665989.6	7461733	9.5							
665989.6	7461933	6.2							
665989.6	7462133	8.6							
665989.6	7462333	7.7							
665989.6	7462533	9.6							
665989.6	7462733	9.9							
665989.6	7462933	12.4							
665989.6	7463133	12.2							
665989.6	7463333	23.7							
665989.6	7463533	20.4							
665989.6	7463733	42.0							
665989.6	7463933	24.1							
665989.6	7464133	37.2							
665989.6	7464333	25.3							
665989.6	7464533	23.2							
665989.6	7464733	21.2							
665989.6	7464933	19.7							
665989.6	7465133	21.7							
665989.6	7465333	27.3							
665989.6	7465533	76.2							
665989.6	7465733	57.2							
665989.6	7465933	72.9							
665989.6	7466133	95.0							
665989.6	7466333	88.8							
665989.6	7466533	60.6							
665989.6	7466733	77.2							
665989.6	7466933	143.9							
665989.6	7467133	112.8							
665989.6	7467333	121.1							
665989.6	7467533	58.9							
665989.6	7467733	50.6							
665989.6	7467933	43.6							
665989.6	7468133	39.9							
665989.6	7468333	47.9							
665989.6	7468533	43.2							
665989.6	7468733	40.1							
665989.6	7468933	33.8							
665989.6	7469133	25.7							
665989.6	7469333	25.1							
665989.6	7469533	24.1							
665989.6	7469733	23.4							
665989.6	7469933	22.1							
665989.6	7470133	22.9							
665989.6	7470333	27.0							
665989.6	7470533	27.1							
665989.6	7470733	21.3							
665989.6	7470933	21.9							
665989.6	7471133	18.4							
665989.6	7471333	17.5							
665989.6	7471533	15.9							
665989.6	7471733	16.3							
666189.6	7451933	0.0							
666189.6	7452133	0.0							
666189.6	7452333	0.0							
666189.6	7452533	0.0							
666189.6	7452733	0.0							
666189.6	7452933	0.0							
666189.6	7453133	0.0							
666189.6	7453333	0.0							
666189.6	7453533	0.0							
666189.6	7453733	0.0							
666189.6	7453933	0.0							
666189.6	7454133	0.0							
666189.6	7454333	1.3							
666189.6	7454533	0.5							
666189.6	7454733	0.5							
666189.6	7454933	5.4							
666189.6	7455133	9.2							
666189.6	7455333	14.1							
666189.6	7455533	4.1							
666189.6	7455733	10.7							
666189.6	7455933	6.9							
666189.6	7456133	5.4							
666189.6	7456333	0.3							
666189.6	7456533	1.6							
666189.6	7456733	5.0							
666189.6	7456933	5.4							
666189.6	7457133	2.4							
666189.6	7457333	3.4							
666189.6	7457533	4.5							
666189.6	7457733	1.6							
666189.6	7457933	0.8							
666189.6	7458133	0.5							
666189.6	7458333	0.5							
666189.6	7458533	2.8							
666189.6	7458733	2.5							
666189.6	7458933	1.4							
666189.6	7459133	0.9							
666189.6	7459333	1.9							
666189.6	7459533	1.6							
666189.6	7459733	2.5							
666189.6	7459933	3.7							
666189.6	7460133	7.6							
666189.6	7460333	5.7							
666189.6	7460533	6.7							
666189.6	7460733	3.9							
666189.6	7460933	6.5							
666189.6	7461133	5.8							
666189.6	7461333	16.8							
666189.6	7461533	10.7							
666189.6	7461733	6.8							
666189.6	7461933	6.5							
666189.6	7462133	7.5							
666189.6	7462333	6.1							
666189.6	7462533	9.4							
666189.6	7462733	9.8							
666189.6	7462933	27.7							
666189.6	7463133	26.9							
666189.6	7463333	18.8							
666189.6	7463533	18.0							
666189.6	7463733	24.8							
666189.6	7463933	30.1							
666189.6	7464133	32.1							
666189.6	7464333	40.5							
666189.6	7464533	33.1							
666189.6	7464733	18.6							
666189.6	7464933	18.9							
666189.6	7465133	25.3							
666189.6	7465333	24.8							
666189.6	7465533	29.4							
666189.6	7465733	43.1							
666189.6	7465933	39.6							
666189.6	7466133	62.8							
666189.6	7466333	110.0							
666189.6	7466533	145.9							
666189.6	7466733	105.3							
666189.6	7466933	163.1							
666189.6	7467133	181.7							
666189.6	7467333	165.0							
666189.6	7467533	95.4							
666189.6	7467733	62.7							
666189.6	7467933	41.8							
666189.6	7468133	40.8							
666189.6	7468333	55.4							
666189.6	7468533	42.3							
666189.6	7468733	44.7							
666189.6	7468933	32.3							
666189.6	7469133	25.7							
666189.6	7469333	24.4							
666189.6	7469533	23.5							
666189.6	7469733	22.4							
666189.6	7469933	21.8							
666189.6	7470133	32.4							
666189.6	7470333	26.3							
666189.6	7470533	22.5							
666189.6	7470733	23.8							
666189.6	7470933	27.6							
666189.6	7471133	16.8							
666189.6	7471333	18.5							
666189.6	7471533	16.2							
666189.6	7471733	17.0							
666389.6	7451933	0.0							
666389.6	7452133	0.0							
666389.6	7452333	0.0							
666389.6	7452533	0.0							
666389.6	7452733	0.0							
666389.6	7452933	0.0							
666389.6	7453133	0.0							
666389.6	7453333	0.0							
666389.6	7453533	0.0							
666389.6	7453733	0.0							
666389.6	7453933	0.0							
666389.6	7454133	0.0							
666389.6	7454333	9.7							
666389.6	7454533	0.5							
666389.6	7454733	0.5							
666389.6	7454933	12.9							
666389.6	7455133	11.5							
666389.6	7455333	8.6							
666389.6	7455533	5.0							
666389.6	7455733	9.9							
666389.6	7455933	8.8							
666389.6	7456133	4.8							
666389.6	7456333	1.2							
666389.6	7456533	3.8							
666389.6	7456733	0.6							
666389.6	7456933	0.2							
666389.6	7457133	0.9							
666389.6	7457333	1.7							
666389.6	7457533	1.1							
666389.6	7457733	1.7							
666389.6	7457933	0.5							
666389.6	7458133	0.5							
666389.6	7458333	0.9							
666389.6	7458533	1.9							
666389.6	7458733	1.4							
666389.6	7458933	1.3							
666389.6	7459133	1.6							
666389.6	7459333	2.3							
666389.6	7459533	2.8							
666389.6	7459733	2.8							
666389.6	7459933	4.5							
666389.6	7460133	3.3							
666389.6	7460333	2.1							
666389.6	7460533	5.4							
666389.6	7460733	5.2							
666389.6	7460933	7.8							
666389.6	7461133	3.7							
666389.6	7461333	28.5							
666389.6	7461533	8.7							
666389.6	7461733	4.2							
666389.6	7461933	7.1							
666389.6	7462133	9.5							
666389.6	7462333	7.5							
666389.6	7462533	17.3							
666389.6	7462733	9.6							
666389.6	7462933	12.6							
666389.6	7463133	16.4							
666389.6	7463333	31.9							
666389.6	7463533	35.9							
666389.6	7463733	40.3							
666389.6	7463933	39.5							
666389.6	7464133	37.4							
666389.6	7464333	35.5							
666389.6	7464533	18.8							
666389.6	7464733	17.0							
666389.6	7464933	20.6							
666389.6	7465133	44.8							
666389.6	7465333	36.0							
666389.6	7465533	42.7							
666389.6	7465733	44.2							
666389.6	7465933	42.6							
666389.6	7466133	91.5							
666389.6	7466333	160.3							
666389.6	7466533	192.3							
666389.6	7466733	167.6							
666389.6	7466933	180.1							
666389.6	7467133	245.4							
666389.6	7467333	238.9							
666389.6	7467533	147.8							
666389.6	7467733	91.4							
666389.6	7467933	54.2							
666389.6	7468133	39.7							
666389.6	7468333	73.3							
666389.6	7468533	47.6							
666389.6	7468733	35.5							
666389.6	7468933	38.1							
666389.6	7469133	32.6							
666389.6	7469333	22.8							
666389.6	7469533	22.5							
666389.6	7469733	21.4							
666389.6	7469933	20.5							
666389.6	7470133	21.7							
666389.6	7470333	20.6							
666389.6	7470533	22.7							
666389.6	7470733	20.6							
666389.6	7470933	22.0							
666389.6	7471133	19.4							
666389.6	7471333	18.7							
666389.6	7471533	14.9							
666389.6	7471733	13.2							
666589.6	7451933	0.0							
666589.6	7452133	0.0							
666589.6	7452333	0.0							
666589.6	7452533	0.0							
666589.6	7452733	0.0							
666589.6	7452933	0.0							
666589.6	7453133	0.0							
666589.6	7453333	0.0							
666589.6	7453533	0.0							
666589.6	7453733	0.0							
666589.6	7453933	0.0							
666589.6	7454133	0.0							
666589.6	7454333	5.7							
666589.6	7454533	0.5							
666589.6	7454733	6.3							
666589.6	7454933	7.9							
666589.6	7455133	11.7							
666589.6	7455333	11.7							
666589.6	7455533	3.7							
666589.6	7455733	4.6							
666589.6	7455933	0.8							
666589.6	7456133	0.5							
666589.6	7456333	4.4							
666589.6	7456533	0.9							
666589.6	7456733	0.4							
666589.6	7456933	0.4							
666589.6	7457133	0.5							
666589.6	7457333	0.7							
666589.6	7457533	2.9							
666589.6	7457733	2.4							
666589.6	7457933	0.5							
666589.6	7458133	0.5							
666589.6	7458333	0.6							
666589.6	7458533	3.3							
666589.6	7458733	0.8							
666589.6	7458933	1.5							
666589.6	7459133	0.6							
666589.6	7459333	2.7							
666589.6	7459533	0.5							
666589.6	7459733	0.9							
666589.6	7459933	3.3							
666589.6	7460133	2.7							
666589.6	7460333	3.0							
666589.6	7460533	4.3							
666589.6	7460733	5.8							
666589.6	7460933	6.7							
666589.6	7461133	7.3							
666589.6	7461333	2.5							
666589.6	7461533	5.8							
666589.6	7461733	6.4							
666589.6	7461933	7.7							
666589.6	7462133	7.5							
666589.6	7462333	15.2							
666589.6	7462533	15.6							
666589.6	7462733	25.1							
666589.6	7462933	22.8							
666589.6	7463133	21.1							
666589.6	7463333	15.3							
666589.6	7463533	21.0							
666589.6	7463733	40.6							
666589.6	7463933	29.5							
666589.6	7464133	25.3							
666589.6	7464333	17.7							
666589.6	7464533	17.9							
666589.6	7464733	19.8							
666589.6	7464933	20.4							
666589.6	7465133	23.2							
666589.6	7465333	58.6							
666589.6	7465533	117.3							
666589.6	7465733	69.6							
666589.6	7465933	89.4							
666589.6	7466133	165.2							
666589.6	7466333	198.4							
666589.6	7466533	236.7							
666589.6	7466733	273.0							
666589.6	7466933	274.1							
666589.6	7467133	188.7							
666589.6	7467333	175.8							
666589.6	7467533	217.3							
666589.6	7467733	121.9							
666589.6	7467933	63.3							
666589.6	7468133	44.5							
666589.6	7468333	37.7							
666589.6	7468533	37.0							
666589.6	7468733	34.2							
666589.6	7468933	44.1							
666589.6	7469133	44.4							
666589.6	7469333	29.8							
666589.6	7469533	23.0							
666589.6	7469733	21.0							
666589.6	7469933	20.1							
666589.6	7470133	22.4							
666589.6	7470333	21.9							
666589.6	7470533	20.4							
666589.6	7470733	19.1							
666589.6	7470933	27.5							
666589.6	7471133	24.9							
666589.6	7471333	16.9							
666589.6	7471533	15.8							
666589.6	7471733	14.1							
666789.6	7451933	0.0							
666789.6	7452133	0.0							
666789.6	7452333	0.0							
666789.6	7452533	0.0							
666789.6	7452733	0.0							
666789.6	7452933	0.0							
666789.6	7453133	0.0							
666789.6	7453333	0.0							
666789.6	7453533	0.0							
666789.6	7453733	0.0							
666789.6	7453933	0.0							
666789.6	7454133	0.0							
666789.6	7454333	5.0							
666789.6	7454533	3.9							
666789.6	7454733	0.5							
666789.6	7454933	4.6							
666789.6	7455133	8.4							
666789.6	7455333	6.4							
666789.6	7455533	6.0							
666789.6	7455733	8.1							
666789.6	7455933	3.6							
666789.6	7456133	0.5							
666789.6	7456333	2.2							
666789.6	7456533	1.6							
666789.6	7456733	1.6							
666789.6	7456933	2.1							
666789.6	7457133	1.6							
666789.6	7457333	1.4							
666789.6	7457533	2.8							
666789.6	7457733	2.5							
666789.6	7457933	0.5							
666789.6	7458133	0.5							
666789.6	7458333	7.1							
666789.6	7458533	3.5							
666789.6	7458733	9.9							
666789.6	7458933	1.4							
666789.6	7459133	0.7							
666789.6	7459333	0.9							
666789.6	7459533	0.2							
666789.6	7459733	0.4							
666789.6	7459933	0.9							
666789.6	7460133	1.3							
666789.6	7460333	1.7							
666789.6	7460533	4.3							
666789.6	7460733	12.3							
666789.6	7460933	10.0							
666789.6	7461133	7.4							
666789.6	7461333	7.9							
666789.6	7461533	9.8							
666789.6	7461733	6.7							
666789.6	7461933	9.5							
666789.6	7462133	7.3							
666789.6	7462333	10.5							
666789.6	7462533	27.8							
666789.6	7462733	15.8							
666789.6	7462933	11.4							
666789.6	7463133	12.8							
666789.6	7463333	14.6							
666789.6	7463533	14.5							
666789.6	7463733	16.8							
666789.6	7463933	20.4							
666789.6	7464133	16.2							
666789.6	7464333	16.0							
666789.6	7464533	16.9							
666789.6	7464733	19.0							
666789.6	7464933	17.3							
666789.6	7465133	21.2							
666789.6	7465333	24.8							
666789.6	7465533	60.1							
666789.6	7465733	70.2							
666789.6	7465933	97.4							
666789.6	7466133	174.3							
666789.6	7466333	186.8							
666789.6	7466533	248.6							
666789.6	7466733	232.9							
666789.6	7466933	258.4							
666789.6	7467133	175.0							
666789.6	7467333	158.3							
666789.6	7467533	133.0							
666789.6	7467733	69.6							
666789.6	7467933	58.1							
666789.6	7468133	40.1							
666789.6	7468333	33.4							
666789.6	7468533	39.3							
666789.6	7468733	28.5							
666789.6	7468933	35.8							
666789.6	7469133	33.4							
666789.6	7469333	24.3							
666789.6	7469533	22.4							
666789.6	7469733	23.3							
666789.6	7469933	20.7							
666789.6	7470133	22.1							
666789.6	7470333	21.3							
666789.6	7470533	20.9							
666789.6	7470733	18.9							
666789.6	7470933	19.2							
666789.6	7471133	16.1							
666789.6	7471333	16.4							
666789.6	7471533	14.9							
666789.6	7471733	14.7							
666989.6	7451933	0.0							
666989.6	7452133	0.0							
666989.6	7452333	0.0							
666989.6	7452533	0.0							
666989.6	7452733	0.0							
666989.6	7452933	0.0							
666989.6	7453133	0.0							
666989.6	7453333	0.0							
666989.6	7453533	0.0							
666989.6	7453733	0.0							
666989.6	7453933	0.0							
666989.6	7454133	0.0							
666989.6	7454333	5.9							
666989.6	7454533	12.2							
666989.6	7454733	0.5							
666989.6	7454933	3.8							
666989.6	7455133	15.6							
666989.6	7455333	9.6							
666989.6	7455533	9.5							
666989.6	7455733	9.9							
666989.6	7455933	5.4							
666989.6	7456133	1.2							
666989.6	7456333	4.4							
666989.6	7456533	2.3							
666989.6	7456733	2.9							
666989.6	7456933	3.0							
666989.6	7457133	3.0							
666989.6	7457333	2.2							
666989.6	7457533	2.1							
666989.6	7457733	2.2							
666989.6	7457933	0.5							
666989.6	7458133	0.5							
666989.6	7458333	3.6							
666989.6	7458533	2.4							
666989.6	7458733	2.3							
666989.6	7458933	1.2							
666989.6	7459133	1.0							
666989.6	7459333	1.1							
666989.6	7459533	0.6							
666989.6	7459733	0.3							
666989.6	7459933	0.2							
666989.6	7460133	3.5							
666989.6	7460333	2.9							
666989.6	7460533	7.4							
666989.6	7460733	12.0							
666989.6	7460933	4.8							
666989.6	7461133	8.2							
666989.6	7461333	6.5							
666989.6	7461533	9.3							
666989.6	7461733	9.2							
666989.6	7461933	12.2							
666989.6	7462133	10.1							
666989.6	7462333	12.2							
666989.6	7462533	10.7							
666989.6	7462733	12.6							
666989.6	7462933	15.6							
666989.6	7463133	15.1							
666989.6	7463333	13.3							
666989.6	7463533	15.5							
666989.6	7463733	15.4							
666989.6	7463933	18.6							
666989.6	7464133	17.9							
666989.6	7464333	16.2							
666989.6	7464533	17.5							
666989.6	7464733	19.5							
666989.6	7464933	18.1							
666989.6	7465133	36.2							
666989.6	7465333	26.4							
666989.6	7465533	37.3							
666989.6	7465733	40.2							
666989.6	7465933	85.7							
666989.6	7466133	155.2							
666989.6	7466333	130.6							
666989.6	7466533	206.6							
666989.6	7466733	171.9							
666989.6	7466933	160.6							
666989.6	7467133	128.8							
666989.6	7467333	100.9							
666989.6	7467533	105.2							
666989.6	7467733	47.8							
666989.6	7467933	43.4							
666989.6	7468133	38.9							
666989.6	7468333	32.9							
666989.6	7468533	33.7							
666989.6	7468733	27.1							
666989.6	7468933	28.2							
666989.6	7469133	29.8							
666989.6	7469333	31.3							
666989.6	7469533	25.0							
666989.6	7469733	20.4							
666989.6	7469933	19.9							
666989.6	7470133	19.7							
666989.6	7470333	20.1							
666989.6	7470533	20.2							
666989.6	7470733	19.7							
666989.6	7470933	20.1							
666989.6	7471133	17.2							
666989.6	7471333	15.9							
666989.6	7471533	15.1							
666989.6	7471733	14.9							
667189.6	7451933	0.0							
667189.6	7452133	0.0							
667189.6	7452333	0.0							
667189.6	7452533	0.0							
667189.6	7452733	0.0							
667189.6	7452933	0.0							
667189.6	7453133	0.0							
667189.6	7453333	0.0							
667189.6	7453533	0.0							
667189.6	7453733	0.0							
667189.6	7453933	0.0							
667189.6	7454133	0.0							
667189.6	7454333	6.5							
667189.6	7454533	9.1							
667189.6	7454733	0.5							
667189.6	7454933	0.5							
667189.6	7455133	6.6							
667189.6	7455333	10.5							
667189.6	7455533	8.4							
667189.6	7455733	5.7							
667189.6	7455933	6.7							
667189.6	7456133	4.1							
667189.6	7456333	3.2							
667189.6	7456533	7.4							
667189.6	7456733	2.4							
667189.6	7456933	4.7							
667189.6	7457133	5.3							
667189.6	7457333	3.2							
667189.6	7457533	10.0							
667189.6	7457733	2.3							
667189.6	7457933	0.4							
667189.6	7458133	0.5							
667189.6	7458333	8.3							
667189.6	7458533	6.1							
667189.6	7458733	1.3							
667189.6	7458933	2.1							
667189.6	7459133	2.1							
667189.6	7459333	1.4							
667189.6	7459533	0.3							
667189.6	7459733	23.6							
667189.6	7459933	0.7							
667189.6	7460133	2.4							
667189.6	7460333	5.9							
667189.6	7460533	9.4							
667189.6	7460733	7.5							
667189.6	7460933	9.5							
667189.6	7461133	6.7							
667189.6	7461333	5.6							
667189.6	7461533	6.8							
667189.6	7461733	7.6							
667189.6	7461933	7.3							
667189.6	7462133	8.4							
667189.6	7462333	9.7							
667189.6	7462533	9.4							
667189.6	7462733	10.9							
667189.6	7462933	16.7							
667189.6	7463133	14.1							
667189.6	7463333	16.8							
667189.6	7463533	16.9							
667189.6	7463733	21.1							
667189.6	7463933	14.1							
667189.6	7464133	14.4							
667189.6	7464333	18.7							
667189.6	7464533	16.6							
667189.6	7464733	30.2							
667189.6	7464933	39.6							
667189.6	7465133	44.4							
667189.6	7465333	69.8							
667189.6	7465533	49.7							
667189.6	7465733	89.4							
667189.6	7465933	98.3							
667189.6	7466133	72.7							
667189.6	7466333	145.6							
667189.6	7466533	101.5							
667189.6	7466733	116.9							
667189.6	7466933	91.9							
667189.6	7467133	93.9							
667189.6	7467333	87.0							
667189.6	7467533	72.7							
667189.6	7467733	89.4							
667189.6	7467933	49.5							
667189.6	7468133	41.4							
667189.6	7468333	35.2							
667189.6	7468533	34.4							
667189.6	7468733	27.5							
667189.6	7468933	29.0							
667189.6	7469133	30.1							
667189.6	7469333	23.8							
667189.6	7469533	25.0							
667189.6	7469733	22.5							
667189.6	7469933	21.1							
667189.6	7470133	22.2							
667189.6	7470333	23.2							
667189.6	7470533	15.5							
667189.6	7470733	18.9							
667189.6	7470933	17.2							
667189.6	7471133	16.6							
667189.6	7471333	16.2							
667189.6	7471533	14.3							
667189.6	7471733	14.1							
667389.6	7451933	0.0							
667389.6	7452133	0.0							
667389.6	7452333	0.0							
667389.6	7452533	0.0							
667389.6	7452733	0.0							
667389.6	7452933	0.0							
667389.6	7453133	0.0							
667389.6	7453333	0.0							
667389.6	7453533	0.0							
667389.6	7453733	0.0							
667389.6	7453933	0.0							
667389.6	7454133	0.0							
667389.6	7454333	9.4							
667389.6	7454533	9.6							
667389.6	7454733	0.5							
667389.6	7454933	0.5							
667389.6	7455133	5.3							
667389.6	7455333	7.4							
667389.6	7455533	4.6							
667389.6	7455733	4.2							
667389.6	7455933	7.7							
667389.6	7456133	6.8							
667389.6	7456333	4.0							
667389.6	7456533	3.0							
667389.6	7456733	3.6							
667389.6	7456933	6.3							
667389.6	7457133	6.7							
667389.6	7457333	3.3							
667389.6	7457533	5.9							
667389.6	7457733	10.2							
667389.6	7457933	2.1							
667389.6	7458133	0.5							
667389.6	7458333	5.6							
667389.6	7458533	5.1							
667389.6	7458733	2.5							
667389.6	7458933	3.1							
667389.6	7459133	3.6							
667389.6	7459333	0.4							
667389.6	7459533	0.4							
667389.6	7459733	0.3							
667389.6	7459933	0.3							
667389.6	7460133	3.0							
667389.6	7460333	6.2							
667389.6	7460533	3.0							
667389.6	7460733	5.7							
667389.6	7460933	13.7							
667389.6	7461133	5.4							
667389.6	7461333	1.7							
667389.6	7461533	5.2							
667389.6	7461733	3.6							
667389.6	7461933	9.6							
667389.6	7462133	7.7							
667389.6	7462333	10.2							
667389.6	7462533	11.1							
667389.6	7462733	13.1							
667389.6	7462933	11.4							
667389.6	7463133	12.9							
667389.6	7463333	10.9							
667389.6	7463533	12.5							
667389.6	7463733	13.5							
667389.6	7463933	16.0							
667389.6	7464133	37.1							
667389.6	7464333	18.2							
667389.6	7464533	19.0							
667389.6	7464733	19.4							
667389.6	7464933	29.2							
667389.6	7465133	39.0							
667389.6	7465333	41.1							
667389.6	7465533	77.5							
667389.6	7465733	75.8							
667389.6	7465933	65.1							
667389.6	7466133	79.2							
667389.6	7466333	65.0							
667389.6	7466533	84.6							
667389.6	7466733	115.6							
667389.6	7466933	63.3							
667389.6	7467133	83.6							
667389.6	7467333	74.2							
667389.6	7467533	86.9							
667389.6	7467733	59.5							
667389.6	7467933	50.3							
667389.6	7468133	39.8							
667389.6	7468333	35.1							
667389.6	7468533	31.8							
667389.6	7468733	37.2							
667389.6	7468933	27.0							
667389.6	7469133	29.5							
667389.6	7469333	32.7							
667389.6	7469533	24.5							
667389.6	7469733	24.7							
667389.6	7469933	22.0							
667389.6	7470133	38.0							
667389.6	7470333	25.2							
667389.6	7470533	30.9							
667389.6	7470733	22.3							
667389.6	7470933	27.9							
667389.6	7471133	24.1							
667389.6	7471333	17.0							
667389.6	7471533	15.8							
667389.6	7471733	14.2							
667589.6	7451933	0.0							
667589.6	7452133	0.0							
667589.6	7452333	0.0							
667589.6	7452533	0.0							
667589.6	7452733	0.0							
667589.6	7452933	0.0							
667589.6	7453133	0.0							
667589.6	7453333	0.0							
667589.6	7453533	0.0							
667589.6	7453733	0.0							
667589.6	7453933	0.0							
667589.6	7454133	0.0							
667589.6	7454333	5.8							
667589.6	7454533	4.9							
667589.6	7454733	0.5							
667589.6	7454933	8.2							
667589.6	7455133	9.0							
667589.6	7455333	6.6							
667589.6	7455533	5.7							
667589.6	7455733	5.0							
667589.6	7455933	6.2							
667589.6	7456133	4.7							
667589.6	7456333	8.7							
667589.6	7456533	5.3							
667589.6	7456733	3.4							
667589.6	7456933	8.4							
667589.6	7457133	4.8							
667589.6	7457333	2.6							
667589.6	7457533	3.8							
667589.6	7457733	3.1							
667589.6	7457933	3.4							
667589.6	7458133	3.2							
667589.6	7458333	2.4							
667589.6	7458533	3.1							
667589.6	7458733	2.0							
667589.6	7458933	2.2							
667589.6	7459133	1.2							
667589.6	7459333	0.5							
667589.6	7459533	0.3							
667589.6	7459733	0.3							
667589.6	7459933	0.4							
667589.6	7460133	3.3							
667589.6	7460333	3.6							
667589.6	7460533	3.4							
667589.6	7460733	5.1							
667589.6	7460933	4.7							
667589.6	7461133	5.3							
667589.6	7461333	6.3							
667589.6	7461533	6.5							
667589.6	7461733	8.8							
667589.6	7461933	7.8							
667589.6	7462133	12.4							
667589.6	7462333	16.5							
667589.6	7462533	2.7							
667589.6	7462733	9.0							
667589.6	7462933	7.1							
667589.6	7463133	11.6							
667589.6	7463333	10.4							
667589.6	7463533	13.0							
667589.6	7463733	13.8							
667589.6	7463933	22.9							
667589.6	7464133	42.1							
667589.6	7464333	29.7							
667589.6	7464533	18.8							
667589.6	7464733	20.3							
667589.6	7464933	35.1							
667589.6	7465133	60.1							
667589.6	7465333	71.8							
667589.6	7465533	54.9							
667589.6	7465733	36.9							
667589.6	7465933	51.5							
667589.6	7466133	54.4							
667589.6	7466333	45.7							
667589.6	7466533	143.9							
667589.6	7466733	160.2							
667589.6	7466933	60.6							
667589.6	7467133	52.3							
667589.6	7467333	71.7							
667589.6	7467533	92.7							
667589.6	7467733	92.5							
667589.6	7467933	48.0							
667589.6	7468133	38.4							
667589.6	7468333	34.9							
667589.6	7468533	33.0							
667589.6	7468733	30.8							
667589.6	7468933	28.6							
667589.6	7469133	29.9							
667589.6	7469333	46.5							
667589.6	7469533	38.5							
667589.6	7469733	26.4							
667589.6	7469933	28.3							
667589.6	7470133	25.4							
667589.6	7470333	24.5							
667589.6	7470533	28.8							
667589.6	7470733	21.7							
667589.6	7470933	25.8							
667589.6	7471133	32.0							
667589.6	7471333	17.4							
667589.6	7471533	16.3							
667589.6	7471733	14.3							
667789.6	7451933	0.0							
667789.6	7452133	0.0							
667789.6	7452333	0.0							
667789.6	7452533	0.0							
667789.6	7452733	0.0							
667789.6	7452933	0.0							
667789.6	7453133	0.0							
667789.6	7453333	0.0							
667789.6	7453533	0.0							
667789.6	7453733	0.0							
667789.6	7453933	0.0							
667789.6	7454133	0.0							
667789.6	7454333	4.7							
667789.6	7454533	0.5							
667789.6	7454733	0.5							
667789.6	7454933	5.4							
667789.6	7455133	8.0							
667789.6	7455333	14.7							
667789.6	7455533	11.9							
667789.6	7455733	2.9							
667789.6	7455933	3.7							
667789.6	7456133	5.6							
667789.6	7456333	10.0							
667789.6	7456533	4.6							
667789.6	7456733	12.6							
667789.6	7456933	5.1							
667789.6	7457133	2.9							
667789.6	7457333	4.3							
667789.6	7457533	16.5							
667789.6	7457733	2.5							
667789.6	7457933	2.4							
667789.6	7458133	2.3							
667789.6	7458333	4.5							
667789.6	7458533	4.7							
667789.6	7458733	3.4							
667789.6	7458933	2.5							
667789.6	7459133	2.1							
667789.6	7459333	0.9							
667789.6	7459533	0.7							
667789.6	7459733	0.6							
667789.6	7459933	0.5							
667789.6	7460133	3.3							
667789.6	7460333	0.9							
667789.6	7460533	1.6							
667789.6	7460733	3.4							
667789.6	7460933	6.1							
667789.6	7461133	5.5							
667789.6	7461333	6.7							
667789.6	7461533	6.8							
667789.6	7461733	23.5							
667789.6	7461933	10.7							
667789.6	7462133	22.3							
667789.6	7462333	19.1							
667789.6	7462533	27.7							
667789.6	7462733	16.5							
667789.6	7462933	14.7							
667789.6	7463133	11.2							
667789.6	7463333	15.6							
667789.6	7463533	21.2							
667789.6	7463733	18.6							
667789.6	7463933	23.6							
667789.6	7464133	40.1							
667789.6	7464333	55.8							
667789.6	7464533	24.9							
667789.6	7464733	22.6							
667789.6	7464933	25.1							
667789.6	7465133	25.8							
667789.6	7465333	50.4							
667789.6	7465533	31.8							
667789.6	7465733	100.6							
667789.6	7465933	153.3							
667789.6	7466133	89.0							
667789.6	7466333	87.0							
667789.6	7466533	65.0							
667789.6	7466733	102.2							
667789.6	7466933	62.2							
667789.6	7467133	50.0							
667789.6	7467333	77.1							
667789.6	7467533	79.0							
667789.6	7467733	76.7							
667789.6	7467933	42.0							
667789.6	7468133	39.6							
667789.6	7468333	36.3							
667789.6	7468533	34.0							
667789.6	7468733	43.3							
667789.6	7468933	31.6							
667789.6	7469133	32.7							
667789.6	7469333	36.5							
667789.6	7469533	31.4							
667789.6	7469733	27.2							
667789.6	7469933	39.8							
667789.6	7470133	33.5							
667789.6	7470333	26.5							
667789.6	7470533	23.3							
667789.6	7470733	23.3							
667789.6	7470933	27.8							
667789.6	7471133	22.4							
667789.6	7471333	18.9							
667789.6	7471533	25.5							
667789.6	7471733	25.0							
667989.6	7451933	0.0							
667989.6	7452133	0.0							
667989.6	7452333	0.0							
667989.6	7452533	0.0							
667989.6	7452733	0.0							
667989.6	7452933	0.0							
667989.6	7453133	0.0							
667989.6	7453333	0.0							
667989.6	7453533	0.0							
667989.6	7453733	0.0							
667989.6	7453933	0.0							
667989.6	7454133	0.0							
667989.6	7454333	4.0							
667989.6	7454533	0.5							
667989.6	7454733	0.5							
667989.6	7454933	6.6							
667989.6	7455133	7.9							
667989.6	7455333	11.9							
667989.6	7455533	5.5							
667989.6	7455733	16.4							
667989.6	7455933	3.8							
667989.6	7456133	3.2							
667989.6	7456333	4.5							
667989.6	7456533	5.2							
667989.6	7456733	4.2							
667989.6	7456933	4.4							
667989.6	7457133	3.2							
667989.6	7457333	11.0							
667989.6	7457533	2.0							
667989.6	7457733	6.0							
667989.6	7457933	2.8							
667989.6	7458133	6.1							
667989.6	7458333	1.9							
667989.6	7458533	9.2							
667989.6	7458733	2.2							
667989.6	7458933	1.6							
667989.6	7459133	1.3							
667989.6	7459333	1.3							
667989.6	7459533	0.9							
667989.6	7459733	1.3							
667989.6	7459933	2.4							
667989.6	7460133	2.7							
667989.6	7460333	0.4							
667989.6	7460533	7.5							
667989.6	7460733	2.0							
667989.6	7460933	5.6							
667989.6	7461133	6.1							
667989.6	7461333	6.7							
667989.6	7461533	5.4							
667989.6	7461733	6.0							
667989.6	7461933	6.2							
667989.6	7462133	9.2							
667989.6	7462333	7.8							
667989.6	7462533	21.2							
667989.6	7462733	38.0							
667989.6	7462933	33.3							
667989.6	7463133	25.3							
667989.6	7463333	15.2							
667989.6	7463533	13.9							
667989.6	7463733	23.1							
667989.6	7463933	22.1							
667989.6	7464133	23.9							
667989.6	7464333	37.7							
667989.6	7464533	41.3							
667989.6	7464733	29.3							
667989.6	7464933	23.8							
667989.6	7465133	25.6							
667989.6	7465333	23.8							
667989.6	7465533	66.1							
667989.6	7465733	148.8							
667989.6	7465933	147.9							
667989.6	7466133	158.1							
667989.6	7466333	112.4							
667989.6	7466533	61.2							
667989.6	7466733	110.1							
667989.6	7466933	72.1							
667989.6	7467133	62.2							
667989.6	7467333	45.7							
667989.6	7467533	60.6							
667989.6	7467733	50.9							
667989.6	7467933	50.7							
667989.6	7468133	52.5							
667989.6	7468333	49.6							
667989.6	7468533	50.2							
667989.6	7468733	35.1							
667989.6	7468933	41.1							
667989.6	7469133	29.3							
667989.6	7469333	30.2							
667989.6	7469533	30.3							
667989.6	7469733	27.1							
667989.6	7469933	39.7							
667989.6	7470133	32.0							
667989.6	7470333	34.7							
667989.6	7470533	23.1							
667989.6	7470733	21.5							
667989.6	7470933	28.0							
667989.6	7471133	35.5							
667989.6	7471333	29.3							
667989.6	7471533	21.1							
667989.6	7471733	16.3							
668189.6	7451933	0.0							
668189.6	7452133	0.0							
668189.6	7452333	0.0							
668189.6	7452533	0.0							
668189.6	7452733	0.0							
668189.6	7452933	0.0							
668189.6	7453133	0.0							
668189.6	7453333	0.0							
668189.6	7453533	0.0							
668189.6	7453733	0.0							
668189.6	7453933	0.0							
668189.6	7454133	0.0							
668189.6	7454333	0.0							
668189.6	7454533	8.6							
668189.6	7454733	0.5							
668189.6	7454933	7.5							
668189.6	7455133	9.9							
668189.6	7455333	12.4							
668189.6	7455533	9.5							
668189.6	7455733	7.5							
668189.6	7455933	3.8							
668189.6	7456133	8.7							
668189.6	7456333	0.0							
668189.6	7456533	0.0							
668189.6	7456733	6.1							
668189.6	7456933	8.8							
668189.6	7457133	1.4							
668189.6	7457333	2.2							
668189.6	7457533	4.5							
668189.6	7457733	6.5							
668189.6	7457933	1.4							
668189.6	7458133	1.8							
668189.6	7458333	1.4							
668189.6	7458533	5.0							
668189.6	7458733	1.8							
668189.6	7458933	2.0							
668189.6	7459133	1.0							
668189.6	7459333	3.1							
668189.6	7459533	5.0							
668189.6	7459733	4.9							
668189.6	7459933	4.0							
668189.6	7460133	2.1							
668189.6	7460333	2.1							
668189.6	7460533	1.8							
668189.6	7460733	6.2							
668189.6	7460933	6.7							
668189.6	7461133	6.7							
668189.6	7461333	11.3							
668189.6	7461533	6.9							
668189.6	7461733	9.3							
668189.6	7461933	5.9							
668189.6	7462133	7.6							
668189.6	7462333	9.3							
668189.6	7462533	10.5							
668189.6	7462733	17.0							
668189.6	7462933	40.6							
668189.6	7463133	39.3							
668189.6	7463333	25.3							
668189.6	7463533	16.6							
668189.6	7463733	18.0							
668189.6	7463933	30.2							
668189.6	7464133	26.6							
668189.6	7464333	35.5							
668189.6	7464533	32.9							
668189.6	7464733	58.2							
668189.6	7464933	43.6							
668189.6	7465133	38.7							
668189.6	7465333	26.6							
668189.6	7465533	50.7							
668189.6	7465733	89.8							
668189.6	7465933	108.5							
668189.6	7466133	131.7							
668189.6	7466333	68.9							
668189.6	7466533	94.6							
668189.6	7466733	135.5							
668189.6	7466933	51.5							
668189.6	7467133	75.4							
668189.6	7467333	53.1							
668189.6	7467533	43.8							
668189.6	7467733	47.8							
668189.6	7467933	80.0							
668189.6	7468133	88.5							
668189.6	7468333	72.0							
668189.6	7468533	51.0							
668189.6	7468733	34.8							
668189.6	7468933	42.7							
668189.6	7469133	31.4							
668189.6	7469333	24.9							
668189.6	7469533	23.4							
668189.6	7469733	24.4							
668189.6	7469933	24.3							
668189.6	7470133	30.2							
668189.6	7470333	30.3							
668189.6	7470533	22.0							
668189.6	7470733	20.9							
668189.6	7470933	20.0							
668189.6	7471133	26.2							
668189.6	7471333	27.0							
668189.6	7471533	23.2							
668189.6	7471733	28.6							
668389.6	7451933	0.0							
668389.6	7452133	0.0							
668389.6	7452333	0.0							
668389.6	7452533	0.0							
668389.6	7452733	0.0							
668389.6	7452933	0.0							
668389.6	7453133	0.0							
668389.6	7453333	0.0							
668389.6	7453533	0.0							
668389.6	7453733	0.0							
668389.6	7453933	0.0							
668389.6	7454133	0.0							
668389.6	7454333	0.0							
668389.6	7454533	5.5							
668389.6	7454733	0.5							
668389.6	7454933	3.4							
668389.6	7455133	8.0							
668389.6	7455333	11.4							
668389.6	7455533	10.0							
668389.6	7455733	12.1							
668389.6	7455933	2.7							
668389.6	7456133	0.0							
668389.6	7456333	0.0							
668389.6	7456533	0.0							
668389.6	7456733	4.7							
668389.6	7456933	9.1							
668389.6	7457133	5.7							
668389.6	7457333	2.0							
668389.6	7457533	2.8							
668389.6	7457733	1.8							
668389.6	7457933	1.4							
668389.6	7458133	3.9							
668389.6	7458333	1.0							
668389.6	7458533	4.6							
668389.6	7458733	7.2							
668389.6	7458933	1.9							
668389.6	7459133	0.0							
668389.6	7459333	0.6							
668389.6	7459533	0.0							
668389.6	7459733	0.7							
668389.6	7459933	3.8							
668389.6	7460133	3.0							
668389.6	7460333	1.2							
668389.6	7460533	0.6							
668389.6	7460733	3.7							
668389.6	7460933	6.5							
668389.6	7461133	7.3							
668389.6	7461333	28.1							
668389.6	7461533	7.8							
668389.6	7461733	10.7							
668389.6	7461933	30.3							
668389.6	7462133	30.0							
668389.6	7462333	20.3							
668389.6	7462533	47.9							
668389.6	7462733	18.3							
668389.6	7462933	18.5							
668389.6	7463133	26.9							
668389.6	7463333	49.9							
668389.6	7463533	18.5							
668389.6	7463733	16.9							
668389.6	7463933	23.2							
668389.6	7464133	37.6							
668389.6	7464333	35.7							
668389.6	7464533	34.1							
668389.6	7464733	30.0							
668389.6	7464933	70.0							
668389.6	7465133	81.9							
668389.6	7465333	96.3							
668389.6	7465533	53.2							
668389.6	7465733	27.2							
668389.6	7465933	35.1							
668389.6	7466133	45.3							
668389.6	7466333	43.2							
668389.6	7466533	56.8							
668389.6	7466733	72.4							
668389.6	7466933	45.3							
668389.6	7467133	53.5							
668389.6	7467333	98.1							
668389.6	7467533	44.6							
668389.6	7467733	42.7							
668389.6	7467933	84.9							
668389.6	7468133	69.4							
668389.6	7468333	46.8							
668389.6	7468533	39.1							
668389.6	7468733	34.1							
668389.6	7468933	29.4							
668389.6	7469133	27.7							
668389.6	7469333	22.3							
668389.6	7469533	23.9							
668389.6	7469733	21.8							
668389.6	7469933	19.2							
668389.6	7470133	24.7							
668389.6	7470333	23.8							
668389.6	7470533	19.2							
668389.6	7470733	24.0							
668389.6	7470933	17.8							
668389.6	7471133	16.2							
668389.6	7471333	26.8							
668389.6	7471533	18.0							
668389.6	7471733	24.5							
668589.6	7451933	0.0							
668589.6	7452133	0.0							
668589.6	7452333	0.0							
668589.6	7452533	0.0							
668589.6	7452733	0.0							
668589.6	7452933	0.0							
668589.6	7453133	0.0							
668589.6	7453333	0.0							
668589.6	7453533	0.0							
668589.6	7453733	0.0							
668589.6	7453933	0.0							
668589.6	7454133	0.0							
668589.6	7454333	0.0							
668589.6	7454533	7.9							
668589.6	7454733	7.9							
668589.6	7454933	5.8							
668589.6	7455133	1.3							
668589.6	7455333	12.3							
668589.6	7455533	11.1							
668589.6	7455733	7.3							
668589.6	7455933	3.2							
668589.6	7456133	0.0							
668589.6	7456333	0.0							
668589.6	7456533	0.0							
668589.6	7456733	4.8							
668589.6	7456933	0.5							
668589.6	7457133	0.0							
668589.6	7457333	0.9							
668589.6	7457533	2.1							
668589.6	7457733	1.7							
668589.6	7457933	1.1							
668589.6	7458133	1.1							
668589.6	7458333	0.9							
668589.6	7458533	5.2							
668589.6	7458733	1.5							
668589.6	7458933	0.8							
668589.6	7459133	3.2							
668589.6	7459333	4.3							
668589.6	7459533	3.2							
668589.6	7459733	3.9							
668589.6	7459933	1.7							
668589.6	7460133	2.8							
668589.6	7460333	9.2							
668589.6	7460533	16.4							
668589.6	7460733	8.8							
668589.6	7460933	7.2							
668589.6	7461133	10.1							
668589.6	7461333	12.9							
668589.6	7461533	10.4							
668589.6	7461733	11.1							
668589.6	7461933	29.0							
668589.6	7462133	31.0							
668589.6	7462333	22.0							
668589.6	7462533	42.3							
668589.6	7462733	48.0							
668589.6	7462933	45.9							
668589.6	7463133	45.9							
668589.6	7463333	27.5							
668589.6	7463533	20.0							
668589.6	7463733	43.4							
668589.6	7463933	38.2							
668589.6	7464133	25.3							
668589.6	7464333	61.7							
668589.6	7464533	44.0							
668589.6	7464733	32.0							
668589.6	7464933	94.2							
668589.6	7465133	119.8							
668589.6	7465333	150.2							
668589.6	7465533	98.0							
668589.6	7465733	44.9							
668589.6	7465933	34.1							
668589.6	7466133	31.3							
668589.6	7466333	40.5							
668589.6	7466533	39.1							
668589.6	7466733	47.6							
668589.6	7466933	43.8							
668589.6	7467133	48.9							
668589.6	7467333	56.4							
668589.6	7467533	75.6							
668589.6	7467733	39.1							
668589.6	7467933	46.1							
668589.6	7468133	58.1							
668589.6	7468333	44.1							
668589.6	7468533	35.4							
668589.6	7468733	32.2							
668589.6	7468933	29.6							
668589.6	7469133	28.1							
668589.6	7469333	24.0							
668589.6	7469533	34.7							
668589.6	7469733	30.2							
668589.6	7469933	22.2							
668589.6	7470133	19.2							
668589.6	7470333	18.7							
668589.6	7470533	18.4							
668589.6	7470733	18.2							
668589.6	7470933	16.1							
668589.6	7471133	16.2							
668589.6	7471333	14.7							
668589.6	7471533	18.5							
668589.6	7471733	22.4							
668789.6	7451933	0.0							
668789.6	7452133	0.0							
668789.6	7452333	0.0							
668789.6	7452533	0.0							
668789.6	7452733	0.0							
668789.6	7452933	0.0							
668789.6	7453133	0.0							
668789.6	7453333	0.0							
668789.6	7453533	0.0							
668789.6	7453733	0.0							
668789.6	7453933	0.0							
668789.6	7454133	0.0							
668789.6	7454333	0.0							
668789.6	7454533	9.4							
668789.6	7454733	5.3							
668789.6	7454933	0.5							
668789.6	7455133	7.0							
668789.6	7455333	12.5							
668789.6	7455533	11.3							
668789.6	7455733	13.4							
668789.6	7455933	4.8							
668789.6	7456133	0.0							
668789.6	7456333	0.0							
668789.6	7456533	7.0							
668789.6	7456733	5.7							
668789.6	7456933	5.6							
668789.6	7457133	7.0							
668789.6	7457333	2.1							
668789.6	7457533	5.2							
668789.6	7457733	1.5							
668789.6	7457933	9.0							
668789.6	7458133	0.8							
668789.6	7458333	0.4							
668789.6	7458533	1.1							
668789.6	7458733	1.7							
668789.6	7458933	1.7							
668789.6	7459133	2.7							
668789.6	7459333	5.8							
668789.6	7459533	6.1							
668789.6	7459733	5.1							
668789.6	7459933	3.1							
668789.6	7460133	7.0							
668789.6	7460333	8.8							
668789.6	7460533	12.1							
668789.6	7460733	20.4							
668789.6	7460933	19.0							
668789.6	7461133	22.5							
668789.6	7461333	10.4							
668789.6	7461533	8.6							
668789.6	7461733	8.0							
668789.6	7461933	10.7							
668789.6	7462133	14.7							
668789.6	7462333	14.7							
668789.6	7462533	42.4							
668789.6	7462733	49.5							
668789.6	7462933	45.9							
668789.6	7463133	39.7							
668789.6	7463333	28.3							
668789.6	7463533	24.5							
668789.6	7463733	51.9							
668789.6	7463933	56.2							
668789.6	7464133	29.2							
668789.6	7464333	60.1							
668789.6	7464533	65.5							
668789.6	7464733	39.8							
668789.6	7464933	42.5							
668789.6	7465133	73.3							
668789.6	7465333	133.5							
668789.6	7465533	105.9							
668789.6	7465733	64.8							
668789.6	7465933	54.5							
668789.6	7466133	37.5							
668789.6	7466333	32.5							
668789.6	7466533	34.1							
668789.6	7466733	35.3							
668789.6	7466933	42.6							
668789.6	7467133	50.2							
668789.6	7467333	66.1							
668789.6	7467533	47.5							
668789.6	7467733	39.3							
668789.6	7467933	36.7							
668789.6	7468133	40.1							
668789.6	7468333	38.3							
668789.6	7468533	33.6							
668789.6	7468733	31.7							
668789.6	7468933	31.1							
668789.6	7469133	32.1							
668789.6	7469333	25.1							
668789.6	7469533	28.7							
668789.6	7469733	26.5							
668789.6	7469933	24.6							
668789.6	7470133	23.2							
668789.6	7470333	18.1							
668789.6	7470533	17.9							
668789.6	7470733	19.3							
668789.6	7470933	17.3							
668789.6	7471133	17.1							
668789.6	7471333	16.4							
668789.6	7471533	14.7							
668789.6	7471733	15.8							
668989.6	7451933	0.0							
668989.6	7452133	0.0							
668989.6	7452333	0.0							
668989.6	7452533	0.0							
668989.6	7452733	0.0							
668989.6	7452933	0.0							
668989.6	7453133	0.0							
668989.6	7453333	0.0							
668989.6	7453533	0.0							
668989.6	7453733	0.0							
668989.6	7453933	0.0							
668989.6	7454133	0.0							
668989.6	7454333	0.0							
668989.6	7454533	5.2							
668989.6	7454733	3.7							
668989.6	7454933	11.1							
668989.6	7455133	7.8							
668989.6	7455333	7.1							
668989.6	7455533	11.6							
668989.6	7455733	12.3							
668989.6	7455933	3.4							
668989.6	7456133	7.3							
668989.6	7456333	7.8							
668989.6	7456533	8.4							
668989.6	7456733	10.4							
668989.6	7456933	5.2							
668989.6	7457133	0.0							
668989.6	7457333	2.3							
668989.6	7457533	3.2							
668989.6	7457733	2.2							
668989.6	7457933	0.3							
668989.6	7458133	1.8							
668989.6	7458333	0.9							
668989.6	7458533	0.5							
668989.6	7458733	2.3							
668989.6	7458933	1.2							
668989.6	7459133	10.1							
668989.6	7459333	2.9							
668989.6	7459533	4.7							
668989.6	7459733	4.8							
668989.6	7459933	4.9							
668989.6	7460133	6.8							
668989.6	7460333	7.2							
668989.6	7460533	12.9							
668989.6	7460733	23.7							
668989.6	7460933	23.0							
668989.6	7461133	35.1							
668989.6	7461333	32.5							
668989.6	7461533	34.1							
668989.6	7461733	14.9							
668989.6	7461933	10.1							
668989.6	7462133	15.6							
668989.6	7462333	15.9							
668989.6	7462533	12.5							
668989.6	7462733	16.8							
668989.6	7462933	20.8							
668989.6	7463133	59.5							
668989.6	7463333	39.0							
668989.6	7463533	38.0							
668989.6	7463733	74.0							
668989.6	7463933	66.8							
668989.6	7464133	45.2							
668989.6	7464333	53.6							
668989.6	7464533	85.5							
668989.6	7464733	43.7							
668989.6	7464933	112.2							
668989.6	7465133	134.2							
668989.6	7465333	145.4							
668989.6	7465533	139.6							
668989.6	7465733	81.3							
668989.6	7465933	75.7							
668989.6	7466133	50.5							
668989.6	7466333	42.1							
668989.6	7466533	36.5							
668989.6	7466733	38.0							
668989.6	7466933	40.1							
668989.6	7467133	55.6							
668989.6	7467333	94.7							
668989.6	7467533	74.8							
668989.6	7467733	44.5							
668989.6	7467933	33.4							
668989.6	7468133	32.7							
668989.6	7468333	33.7							
668989.6	7468533	29.8							
668989.6	7468733	28.4							
668989.6	7468933	27.6							
668989.6	7469133	27.8							
668989.6	7469333	24.9							
668989.6	7469533	32.9							
668989.6	7469733	32.7							
668989.6	7469933	24.6							
668989.6	7470133	21.8							
668989.6	7470333	21.2							
668989.6	7470533	24.5							
668989.6	7470733	21.2							
668989.6	7470933	19.0							
668989.6	7471133	20.3							
668989.6	7471333	16.8							
668989.6	7471533	18.8							
668989.6	7471733	15.5							
669189.6	7451933	0.0							
669189.6	7452133	0.0							
669189.6	7452333	0.0							
669189.6	7452533	0.0							
669189.6	7452733	0.0							
669189.6	7452933	0.0							
669189.6	7453133	0.0							
669189.6	7453333	0.0							
669189.6	7453533	0.0							
669189.6	7453733	0.0							
669189.6	7453933	0.0							
669189.6	7454133	0.0							
669189.6	7454333	3.2							
669189.6	7454533	16.5							
669189.6	7454733	12.6							
669189.6	7454933	4.0							
669189.6	7455133	8.8							
669189.6	7455333	9.3							
669189.6	7455533	11.1							
669189.6	7455733	18.9							
669189.6	7455933	1.5							
669189.6	7456133	0.0							
669189.6	7456333	6.3							
669189.6	7456533	3.5							
669189.6	7456733	7.8							
669189.6	7456933	0.0							
669189.6	7457133	0.0							
669189.6	7457333	0.8							
669189.6	7457533	3.5							
669189.6	7457733	1.1							
669189.6	7457933	0.8							
669189.6	7458133	1.7							
669189.6	7458333	1.3							
669189.6	7458533	0.5							
669189.6	7458733	1.3							
669189.6	7458933	0.0							
669189.6	7459133	2.2							
669189.6	7459333	8.5							
669189.6	7459533	6.6							
669189.6	7459733	4.3							
669189.6	7459933	4.1							
669189.6	7460133	8.3							
669189.6	7460333	5.7							
669189.6	7460533	9.3							
669189.6	7460733	33.2							
669189.6	7460933	28.7							
669189.6	7461133	25.8							
669189.6	7461333	29.0							
669189.6	7461533	21.8							
669189.6	7461733	10.8							
669189.6	7461933	72.7							
669189.6	7462133	18.5							
669189.6	7462333	15.1							
669189.6	7462533	39.7							
669189.6	7462733	21.0							
669189.6	7462933	18.5							
669189.6	7463133	33.9							
669189.6	7463333	38.8							
669189.6	7463533	27.0							
669189.6	7463733	37.9							
669189.6	7463933	42.5							
669189.6	7464133	54.4							
669189.6	7464333	72.8							
669189.6	7464533	109.9							
669189.6	7464733	76.7							
669189.6	7464933	51.5							
669189.6	7465133	88.0							
669189.6	7465333	141.8							
669189.6	7465533	170.2							
669189.6	7465733	124.5							
669189.6	7465933	110.7							
669189.6	7466133	74.2							
669189.6	7466333	39.8							
669189.6	7466533	39.6							
669189.6	7466733	38.3							
669189.6	7466933	40.0							
669189.6	7467133	42.4							
669189.6	7467333	55.2							
669189.6	7467533	48.0							
669189.6	7467733	50.2							
669189.6	7467933	32.8							
669189.6	7468133	35.5							
669189.6	7468333	30.9							
669189.6	7468533	29.2							
669189.6	7468733	29.0							
669189.6	7468933	25.6							
669189.6	7469133	27.6							
669189.6	7469333	23.0							
669189.6	7469533	21.6							
669189.6	7469733	19.8							
669189.6	7469933	22.0							
669189.6	7470133	22.6							
669189.6	7470333	21.7							
669189.6	7470533	39.9							
669189.6	7470733	31.5							
669189.6	7470933	20.1							
669189.6	7471133	20.8							
669189.6	7471333	14.7							
669189.6	7471533	13.9							
669189.6	7471733	16.9							
669389.6	7451933	0.0							
669389.6	7452133	0.0							
669389.6	7452333	0.0							
669389.6	7452533	0.0							
669389.6	7452733	0.0							
669389.6	7452933	0.0							
669389.6	7453133	0.0							
669389.6	7453333	0.0							
669389.6	7453533	0.0							
669389.6	7453733	0.0							
669389.6	7453933	0.0							
669389.6	7454133	0.0							
669389.6	7454333	3.6							
669389.6	7454533	8.5							
669389.6	7454733	4.2							
669389.6	7454933	7.3							
669389.6	7455133	6.6							
669389.6	7455333	10.6							
669389.6	7455533	12.6							
669389.6	7455733	22.2							
669389.6	7455933	3.9							
669389.6	7456133	0.0							
669389.6	7456333	5.8							
669389.6	7456533	4.6							
669389.6	7456733	0.0							
669389.6	7456933	1.9							
669389.6	7457133	0.0							
669389.6	7457333	0.3							
669389.6	7457533	0.4							
669389.6	7457733	2.2							
669389.6	7457933	0.7							
669389.6	7458133	1.4							
669389.6	7458333	1.1							
669389.6	7458533	0.5							
669389.6	7458733	2.0							
669389.6	7458933	2.0							
669389.6	7459133	1.8							
669389.6	7459333	5.0							
669389.6	7459533	4.6							
669389.6	7459733	8.0							
669389.6	7459933	4.4							
669389.6	7460133	5.3							
669389.6	7460333	11.4							
669389.6	7460533	8.1							
669389.6	7460733	21.8							
669389.6	7460933	29.3							
669389.6	7461133	36.2							
669389.6	7461333	36.2							
669389.6	7461533	40.6							
669389.6	7461733	32.6							
669389.6	7461933	113.7							
669389.6	7462133	48.0							
669389.6	7462333	18.9							
669389.6	7462533	24.1							
669389.6	7462733	47.8							
669389.6	7462933	37.7							
669389.6	7463133	22.1							
669389.6	7463333	26.3							
669389.6	7463533	36.9							
669389.6	7463733	36.4							
669389.6	7463933	46.0							
669389.6	7464133	65.1							
669389.6	7464333	139.3							
669389.6	7464533	125.8							
669389.6	7464733	102.2							
669389.6	7464933	54.1							
669389.6	7465133	85.2							
669389.6	7465333	117.3							
669389.6	7465533	219.9							
669389.6	7465733	155.2							
669389.6	7465933	129.1							
669389.6	7466133	55.5							
669389.6	7466333	41.5							
669389.6	7466533	42.7							
669389.6	7466733	43.5							
669389.6	7466933	39.0							
669389.6	7467133	37.6							
669389.6	7467333	34.8							
669389.6	7467533	33.9							
669389.6	7467733	37.9							
669389.6	7467933	31.7							
669389.6	7468133	30.3							
669389.6	7468333	31.8							
669389.6	7468533	28.8							
669389.6	7468733	30.1							
669389.6	7468933	26.3							
669389.6	7469133	27.5							
669389.6	7469333	23.1							
669389.6	7469533	23.3							
669389.6	7469733	24.0							
669389.6	7469933	20.3							
669389.6	7470133	21.5							
669389.6	7470333	25.4							
669389.6	7470533	27.5							
669389.6	7470733	25.6							
669389.6	7470933	22.9							
669389.6	7471133	16.1							
669389.6	7471333	16.5							
669389.6	7471533	16.6							
669389.6	7471733	16.9							
669589.6	7451933	0.0							
669589.6	7452133	0.0							
669589.6	7452333	0.0							
669589.6	7452533	0.0							
669589.6	7452733	0.0							
669589.6	7452933	0.0							
669589.6	7453133	0.0							
669589.6	7453333	0.0							
669589.6	7453533	0.0							
669589.6	7453733	0.0							
669589.6	7453933	0.0							
669589.6	7454133	0.0							
669589.6	7454333	4.5							
669589.6	7454533	20.0							
669589.6	7454733	7.3							
669589.6	7454933	5.9							
669589.6	7455133	7.4							
669589.6	7455333	11.7							
669589.6	7455533	9.2							
669589.6	7455733	4.7							
669589.6	7455933	9.8							
669589.6	7456133	0.0							
669589.6	7456333	0.0							
669589.6	7456533	0.0							
669589.6	7456733	1.1							
669589.6	7456933	0.6							
669589.6	7457133	0.5							
669589.6	7457333	0.3							
669589.6	7457533	0.0							
669589.6	7457733	1.3							
669589.6	7457933	1.0							
669589.6	7458133	2.3							
669589.6	7458333	1.3							
669589.6	7458533	0.8							
669589.6	7458733	18.3							
669589.6	7458933	84.6							
669589.6	7459133	5.7							
669589.6	7459333	27.9							
669589.6	7459533	2.9							
669589.6	7459733	3.1							
669589.6	7459933	4.7							
669589.6	7460133	6.4							
669589.6	7460333	7.3							
669589.6	7460533	10.4							
669589.6	7460733	12.4							
669589.6	7460933	10.7							
669589.6	7461133	23.8							
669589.6	7461333	19.7							
669589.6	7461533	29.5							
669589.6	7461733	33.7							
669589.6	7461933	53.2							
669589.6	7462133	49.6							
669589.6	7462333	17.0							
669589.6	7462533	21.4							
669589.6	7462733	36.0							
669589.6	7462933	40.9							
669589.6	7463133	37.9							
669589.6	7463333	36.4							
669589.6	7463533	54.2							
669589.6	7463733	43.5							
669589.6	7463933	59.3							
669589.6	7464133	74.3							
669589.6	7464333	142.9							
669589.6	7464533	94.5							
669589.6	7464733	68.6							
669589.6	7464933	68.4							
669589.6	7465133	100.1							
669589.6	7465333	154.7							
669589.6	7465533	214.3							
669589.6	7465733	185.2							
669589.6	7465933	84.2							
669589.6	7466133	59.7							
669589.6	7466333	46.5							
669589.6	7466533	45.4							
669589.6	7466733	43.1							
669589.6	7466933	41.2							
669589.6	7467133	39.8							
669589.6	7467333	36.7							
669589.6	7467533	36.9							
669589.6	7467733	34.5							
669589.6	7467933	33.0							
669589.6	7468133	31.6							
669589.6	7468333	29.3							
669589.6	7468533	29.2							
669589.6	7468733	30.1							
669589.6	7468933	26.2							
669589.6	7469133	25.8							
669589.6	7469333	25.2							
669589.6	7469533	25.8							
669589.6	7469733	24.0							
669589.6	7469933	25.0							
669589.6	7470133	22.9							
669589.6	7470333	28.2							
669589.6	7470533	25.7							
669589.6	7470733	20.1							
669589.6	7470933	16.3							
669589.6	7471133	18.5							
669589.6	7471333	17.8							
669589.6	7471533	16.9							
669589.6	7471733	17.6							
669789.6	7451933	0.0							
669789.6	7452133	0.0							
669789.6	7452333	0.0							
669789.6	7452533	0.0							
669789.6	7452733	0.0							
669789.6	7452933	0.0							
669789.6	7453133	0.0							
669789.6	7453333	0.0							
669789.6	7453533	0.0							
669789.6	7453733	0.0							
669789.6	7453933	0.0							
669789.6	7454133	0.0							
669789.6	7454333	4.7							
669789.6	7454533	12.5							
669789.6	7454733	13.8							
669789.6	7454933	4.7							
669789.6	7455133	10.3							
669789.6	7455333	9.4							
669789.6	7455533	9.4							
669789.6	7455733	5.9							
669789.6	7455933	5.6							
669789.6	7456133	0.0							
669789.6	7456333	0.0							
669789.6	7456533	0.0							
669789.6	7456733	3.3							
669789.6	7456933	1.5							
669789.6	7457133	1.9							
669789.6	7457333	0.0							
669789.6	7457533	0.0							
669789.6	7457733	2.3							
669789.6	7457933	1.1							
669789.6	7458133	0.9							
669789.6	7458333	0.8							
669789.6	7458533	1.1							
669789.6	7458733	79.5							
669789.6	7458933	190.3							
669789.6	7459133	32.7							
669789.6	7459333	6.9							
669789.6	7459533	7.1							
669789.6	7459733	5.4							
669789.6	7459933	5.8							
669789.6	7460133	8.6							
669789.6	7460333	8.5							
669789.6	7460533	7.5							
669789.6	7460733	11.4							
669789.6	7460933	19.2							
669789.6	7461133	22.1							
669789.6	7461333	25.6							
669789.6	7461533	15.8							
669789.6	7461733	18.3							
669789.6	7461933	20.1							
669789.6	7462133	27.5							
669789.6	7462333	23.4							
669789.6	7462533	32.3							
669789.6	7462733	44.2							
669789.6	7462933	81.8							
669789.6	7463133	109.6							
669789.6	7463333	36.4							
669789.6	7463533	31.7							
669789.6	7463733	42.2							
669789.6	7463933	57.6							
669789.6	7464133	51.0							
669789.6	7464333	68.3							
669789.6	7464533	75.0							
669789.6	7464733	73.5							
669789.6	7464933	67.3							
669789.6	7465133	70.2							
669789.6	7465333	92.9							
669789.6	7465533	130.7							
669789.6	7465733	188.2							
669789.6	7465933	113.4							
669789.6	7466133	72.8							
669789.6	7466333	49.1							
669789.6	7466533	78.2							
669789.6	7466733	47.5							
669789.6	7466933	45.4							
669789.6	7467133	42.1							
669789.6	7467333	40.6							
669789.6	7467533	53.0							
669789.6	7467733	49.8							
669789.6	7467933	43.3							
669789.6	7468133	35.1							
669789.6	7468333	31.0							
669789.6	7468533	30.1							
669789.6	7468733	31.8							
669789.6	7468933	31.3							
669789.6	7469133	26.0							
669789.6	7469333	26.3							
669789.6	7469533	27.5							
669789.6	7469733	31.0							
669789.6	7469933	39.9							
669789.6	7470133	30.3							
669789.6	7470333	24.3							
669789.6	7470533	24.3							
669789.6	7470733	17.6							
669789.6	7470933	22.9							
669789.6	7471133	20.8							
669789.6	7471333	20.8							
669789.6	7471533	22.4							
669789.6	7471733	20.9							
669989.6	7451933	0.0							
669989.6	7452133	0.0							
669989.6	7452333	0.0							
669989.6	7452533	0.0							
669989.6	7452733	0.0							
669989.6	7452933	0.0							
669989.6	7453133	0.0							
669989.6	7453333	0.0							
669989.6	7453533	0.0							
669989.6	7453733	0.0							
669989.6	7453933	0.0							
669989.6	7454133	0.0							
669989.6	7454333	5.0							
669989.6	7454533	16.0							
669989.6	7454733	3.4							
669989.6	7454933	4.9							
669989.6	7455133	6.0							
669989.6	7455333	7.2							
669989.6	7455533	13.0							
669989.6	7455733	7.9							
669989.6	7455933	6.8							
669989.6	7456133	0.0							
669989.6	7456333	0.0							
669989.6	7456533	0.0							
669989.6	7456733	0.0							
669989.6	7456933	0.0							
669989.6	7457133	0.0							
669989.6	7457333	0.0							
669989.6	7457533	0.4							
669989.6	7457733	0.7							
669989.6	7457933	6.0							
669989.6	7458133	0.9							
669989.6	7458333	1.4							
669989.6	7458533	1.5							
669989.6	7458733	69.4							
669989.6	7458933	156.2							
669989.6	7459133	34.2							
669989.6	7459333	5.8							
669989.6	7459533	3.9							
669989.6	7459733	7.5							
669989.6	7459933	12.1							
669989.6	7460133	11.2							
669989.6	7460333	7.7							
669989.6	7460533	8.8							
669989.6	7460733	13.9							
669989.6	7460933	13.0							
669989.6	7461133	21.5							
669989.6	7461333	22.4							
669989.6	7461533	19.1							
669989.6	7461733	19.7							
669989.6	7461933	21.4							
669989.6	7462133	21.1							
669989.6	7462333	29.4							
669989.6	7462533	23.8							
669989.6	7462733	27.5							
669989.6	7462933	65.5							
669989.6	7463133	90.4							
669989.6	7463333	75.8							
669989.6	7463533	42.8							
669989.6	7463733	33.8							
669989.6	7463933	61.7							
669989.6	7464133	71.7							
669989.6	7464333	115.3							
669989.6	7464533	129.5							
669989.6	7464733	80.8							
669989.6	7464933	141.4							
669989.6	7465133	88.7							
669989.6	7465333	151.1							
669989.6	7465533	141.3							
669989.6	7465733	161.3							
669989.6	7465933	134.3							
669989.6	7466133	110.7							
669989.6	7466333	90.2							
669989.6	7466533	69.4							
669989.6	7466733	64.5							
669989.6	7466933	51.8							
669989.6	7467133	47.4							
669989.6	7467333	49.6							
669989.6	7467533	76.4							
669989.6	7467733	116.0							
669989.6	7467933	70.0							
669989.6	7468133	39.4							
669989.6	7468333	34.9							
669989.6	7468533	30.4							
669989.6	7468733	29.5							
669989.6	7468933	26.3							
669989.6	7469133	27.7							
669989.6	7469333	27.3							
669989.6	7469533	24.7							
669989.6	7469733	24.3							
669989.6	7469933	27.4							
669989.6	7470133	28.1							
669989.6	7470333	19.4							
669989.6	7470533	21.5							
669989.6	7470733	23.7							
669989.6	7470933	23.5							
669989.6	7471133	26.8							
669989.6	7471333	28.1							
669989.6	7471533	29.2							
669989.6	7471733	24.9							
670189.6	7451933	0.0							
670189.6	7452133	0.0							
670189.6	7452333	0.0							
670189.6	7452533	0.0							
670189.6	7452733	0.0							
670189.6	7452933	0.0							
670189.6	7453133	0.0							
670189.6	7453333	0.0							
670189.6	7453533	0.0							
670189.6	7453733	0.0							
670189.6	7453933	0.0							
670189.6	7454133	0.0							
670189.6	7454333	5.3							
670189.6	7454533	5.6							
670189.6	7454733	8.5							
670189.6	7454933	8.7							
670189.6	7455133	9.8							
670189.6	7455333	11.9							
670189.6	7455533	14.3							
670189.6	7455733	8.6							
670189.6	7455933	2.5							
670189.6	7456133	0.0							
670189.6	7456333	0.0							
670189.6	7456533	0.0							
670189.6	7456733	0.0							
670189.6	7456933	0.0							
670189.6	7457133	0.0							
670189.6	7457333	5.7							
670189.6	7457533	5.1							
670189.6	7457733	2.3							
670189.6	7457933	7.4							
670189.6	7458133	2.3							
670189.6	7458333	1.9							
670189.6	7458533	1.8							
670189.6	7458733	2.7							
670189.6	7458933	37.8							
670189.6	7459133	43.6							
670189.6	7459333	5.5							
670189.6	7459533	16.0							
670189.6	7459733	20.1							
670189.6	7459933	9.5							
670189.6	7460133	21.4							
670189.6	7460333	5.5							
670189.6	7460533	8.5							
670189.6	7460733	8.8							
670189.6	7460933	10.9							
670189.6	7461133	11.9							
670189.6	7461333	16.0							
670189.6	7461533	20.1							
670189.6	7461733	17.7							
670189.6	7461933	21.0							
670189.6	7462133	21.3							
670189.6	7462333	22.1							
670189.6	7462533	39.2							
670189.6	7462733	67.2							
670189.6	7462933	80.5							
670189.6	7463133	40.5							
670189.6	7463333	43.9							
670189.6	7463533	46.4							
670189.6	7463733	55.9							
670189.6	7463933	79.2							
670189.6	7464133	62.7							
670189.6	7464333	116.8							
670189.6	7464533	158.4							
670189.6	7464733	97.1							
670189.6	7464933	176.0							
670189.6	7465133	121.3							
670189.6	7465333	111.0							
670189.6	7465533	154.6							
670189.6	7465733	229.8							
670189.6	7465933	233.9							
670189.6	7466133	230.6							
670189.6	7466333	180.4							
670189.6	7466533	142.5							
670189.6	7466733	134.2							
670189.6	7466933	98.4							
670189.6	7467133	58.5							
670189.6	7467333	136.2							
670189.6	7467533	149.4							
670189.6	7467733	206.2							
670189.6	7467933	117.6							
670189.6	7468133	60.2							
670189.6	7468333	68.8							
670189.6	7468533	37.7							
670189.6	7468733	33.8							
670189.6	7468933	27.3							
670189.6	7469133	29.3							
670189.6	7469333	29.7							
670189.6	7469533	26.9							
670189.6	7469733	25.4							
670189.6	7469933	24.1							
670189.6	7470133	22.0							
670189.6	7470333	24.0							
670189.6	7470533	23.8							
670189.6	7470733	30.8							
670189.6	7470933	37.0							
670189.6	7471133	35.6							
670189.6	7471333	58.1							
670189.6	7471533	73.2							
670189.6	7471733	37.1							
670389.6	7451933	0.0							
670389.6	7452133	0.0							
670389.6	7452333	0.0							
670389.6	7452533	0.0							
670389.6	7452733	0.0							
670389.6	7452933	0.0							
670389.6	7453133	0.0							
670389.6	7453333	0.0							
670389.6	7453533	0.0							
670389.6	7453733	0.0							
670389.6	7453933	0.0							
670389.6	7454133	0.0							
670389.6	7454333	8.9							
670389.6	7454533	11.2							
670389.6	7454733	7.5							
670389.6	7454933	9.4							
670389.6	7455133	8.8							
670389.6	7455333	10.1							
670389.6	7455533	8.2							
670389.6	7455733	9.5							
670389.6	7455933	0.9							
670389.6	7456133	0.0							
670389.6	7456333	0.0							
670389.6	7456533	0.0							
670389.6	7456733	0.0							
670389.6	7456933	0.0							
670389.6	7457133	1.1							
670389.6	7457333	7.0							
670389.6	7457533	7.4							
670389.6	7457733	10.7							
670389.6	7457933	9.2							
670389.6	7458133	10.6							
670389.6	7458333	2.0							
670389.6	7458533	2.3							
670389.6	7458733	2.3							
670389.6	7458933	2.0							
670389.6	7459133	29.9							
670389.6	7459333	7.4							
670389.6	7459533	8.4							
670389.6	7459733	26.7							
670389.6	7459933	32.4							
670389.6	7460133	18.0							
670389.6	7460333	9.1							
670389.6	7460533	12.2							
670389.6	7460733	13.2							
670389.6	7460933	12.6							
670389.6	7461133	13.9							
670389.6	7461333	13.8							
670389.6	7461533	18.4							
670389.6	7461733	29.7							
670389.6	7461933	21.6							
670389.6	7462133	29.6							
670389.6	7462333	25.8							
670389.6	7462533	30.4							
670389.6	7462733	55.4							
670389.6	7462933	32.7							
670389.6	7463133	53.2							
670389.6	7463333	59.8							
670389.6	7463533	54.8							
670389.6	7463733	70.7							
670389.6	7463933	90.0							
670389.6	7464133	78.4							
670389.6	7464333	153.7							
670389.6	7464533	221.5							
670389.6	7464733	153.0							
670389.6	7464933	137.4							
670389.6	7465133	199.5							
670389.6	7465333	183.1							
670389.6	7465533	192.5							
670389.6	7465733	211.9							
670389.6	7465933	244.5							
670389.6	7466133	345.3							
670389.6	7466333	272.8							
670389.6	7466533	241.4							
670389.6	7466733	207.4							
670389.6	7466933	150.7							
670389.6	7467133	160.5							
670389.6	7467333	126.5							
670389.6	7467533	167.3							
670389.6	7467733	229.0							
670389.6	7467933	150.6							
670389.6	7468133	93.5							
670389.6	7468333	60.1							
670389.6	7468533	37.2							
670389.6	7468733	35.3							
670389.6	7468933	28.1							
670389.6	7469133	28.9							
670389.6	7469333	29.4							
670389.6	7469533	33.0							
670389.6	7469733	35.9							
670389.6	7469933	25.7							
670389.6	7470133	31.2							
670389.6	7470333	27.9							
670389.6	7470533	26.2							
670389.6	7470733	27.7							
670389.6	7470933	37.8							
670389.6	7471133	43.9							
670389.6	7471333	65.6							
670389.6	7471533	91.9							
670389.6	7471733	40.8							
670589.6	7451933	0.0							
670589.6	7452133	0.0							
670589.6	7452333	0.0							
670589.6	7452533	0.0							
670589.6	7452733	0.0							
670589.6	7452933	0.0							
670589.6	7453133	0.0							
670589.6	7453333	0.0							
670589.6	7453533	0.0							
670589.6	7453733	0.0							
670589.6	7453933	0.0							
670589.6	7454133	0.0							
670589.6	7454333	8.9							
670589.6	7454533	7.1							
670589.6	7454733	12.1							
670589.6	7454933	7.0							
670589.6	7455133	8.9							
670589.6	7455333	10.8							
670589.6	7455533	8.0							
670589.6	7455733	8.1							
670589.6	7455933	0.0							
670589.6	7456133	0.0							
670589.6	7456333	0.0							
670589.6	7456533	0.0							
670589.6	7456733	0.0							
670589.6	7456933	0.6							
670589.6	7457133	2.6							
670589.6	7457333	6.6							
670589.6	7457533	6.4							
670589.6	7457733	13.3							
670589.6	7457933	10.5							
670589.6	7458133	8.6							
670589.6	7458333	7.2							
670589.6	7458533	2.7							
670589.6	7458733	4.1							
670589.6	7458933	8.6							
670589.6	7459133	6.5							
670589.6	7459333	8.3							
670589.6	7459533	19.5							
670589.6	7459733	39.7							
670589.6	7459933	16.5							
670589.6	7460133	12.4							
670589.6	7460333	13.9							
670589.6	7460533	14.0							
670589.6	7460733	13.7							
670589.6	7460933	15.1							
670589.6	7461133	13.7							
670589.6	7461333	11.8							
670589.6	7461533	19.0							
670589.6	7461733	35.1							
670589.6	7461933	47.0							
670589.6	7462133	28.0							
670589.6	7462333	24.3							
670589.6	7462533	28.2							
670589.6	7462733	35.1							
670589.6	7462933	50.2							
670589.6	7463133	67.0							
670589.6	7463333	59.1							
670589.6	7463533	47.1							
670589.6	7463733	86.1							
670589.6	7463933	80.0							
670589.6	7464133	150.4							
670589.6	7464333	149.7							
670589.6	7464533	234.3							
670589.6	7464733	179.9							
670589.6	7464933	104.1							
670589.6	7465133	224.7							
670589.6	7465333	253.0							
670589.6	7465533	258.1							
670589.6	7465733	226.8							
670589.6	7465933	291.3							
670589.6	7466133	362.9							
670589.6	7466333	299.2							
670589.6	7466533	182.1							
670589.6	7466733	143.2							
670589.6	7466933	111.8							
670589.6	7467133	111.2							
670589.6	7467333	96.7							
670589.6	7467533	140.3							
670589.6	7467733	196.7							
670589.6	7467933	179.2							
670589.6	7468133	141.5							
670589.6	7468333	68.3							
670589.6	7468533	39.3							
670589.6	7468733	30.3							
670589.6	7468933	28.1							
670589.6	7469133	29.1							
670589.6	7469333	36.6							
670589.6	7469533	33.7							
670589.6	7469733	27.7							
670589.6	7469933	27.4							
670589.6	7470133	28.6							
670589.6	7470333	31.8							
670589.6	7470533	28.6							
670589.6	7470733	30.3							
670589.6	7470933	46.4							
670589.6	7471133	61.8							
670589.6	7471333	128.8							
670589.6	7471533	132.4							
670589.6	7471733	77.1							
670789.6	7451933	0.0							
670789.6	7452133	0.0							
670789.6	7452333	0.0							
670789.6	7452533	0.0							
670789.6	7452733	0.0							
670789.6	7452933	0.0							
670789.6	7453133	0.0							
670789.6	7453333	0.0							
670789.6	7453533	0.0							
670789.6	7453733	0.0							
670789.6	7453933	0.0							
670789.6	7454133	0.0							
670789.6	7454333	5.7							
670789.6	7454533	12.3							
670789.6	7454733	10.0							
670789.6	7454933	10.3							
670789.6	7455133	7.4							
670789.6	7455333	7.5							
670789.6	7455533	8.9							
670789.6	7455733	5.4							
670789.6	7455933	0.0							
670789.6	7456133	0.0							
670789.6	7456333	0.0							
670789.6	7456533	0.0							
670789.6	7456733	0.0							
670789.6	7456933	5.6							
670789.6	7457133	3.7							
670789.6	7457333	1.5							
670789.6	7457533	10.9							
670789.6	7457733	2.3							
670789.6	7457933	1.9							
670789.6	7458133	8.8							
670789.6	7458333	8.8							
670789.6	7458533	19.1							
670789.6	7458733	28.4							
670789.6	7458933	24.5							
670789.6	7459133	18.9							
670789.6	7459333	7.5							
670789.6	7459533	6.3							
670789.6	7459733	9.5							
670789.6	7459933	13.2							
670789.6	7460133	30.5							
670789.6	7460333	15.9							
670789.6	7460533	16.7							
670789.6	7460733	17.5							
670789.6	7460933	16.8							
670789.6	7461133	22.2							
670789.6	7461333	13.5							
670789.6	7461533	24.2							
670789.6	7461733	21.3							
670789.6	7461933	45.7							
670789.6	7462133	43.4							
670789.6	7462333	29.6							
670789.6	7462533	32.1							
670789.6	7462733	48.9							
670789.6	7462933	39.9							
670789.6	7463133	52.4							
670789.6	7463333	42.0							
670789.6	7463533	46.0							
670789.6	7463733	49.5							
670789.6	7463933	113.4							
670789.6	7464133	127.3							
670789.6	7464333	215.8							
670789.6	7464533	259.6							
670789.6	7464733	215.3							
670789.6	7464933	113.8							
670789.6	7465133	190.1							
670789.6	7465333	239.4							
670789.6	7465533	313.1							
670789.6	7465733	304.3							
670789.6	7465933	348.0							
670789.6	7466133	329.7							
670789.6	7466333	233.6							
670789.6	7466533	151.0							
670789.6	7466733	114.4							
670789.6	7466933	58.4							
670789.6	7467133	67.2							
670789.6	7467333	58.1							
670789.6	7467533	81.2							
670789.6	7467733	147.6							
670789.6	7467933	105.3							
670789.6	7468133	73.5							
670789.6	7468333	46.8							
670789.6	7468533	35.2							
670789.6	7468733	33.4							
670789.6	7468933	32.5							
670789.6	7469133	34.2							
670789.6	7469333	35.9							
670789.6	7469533	37.0							
670789.6	7469733	37.2							
670789.6	7469933	34.3							
670789.6	7470133	31.4							
670789.6	7470333	31.9							
670789.6	7470533	54.5							
670789.6	7470733	43.2							
670789.6	7470933	61.9							
670789.6	7471133	126.7							
670789.6	7471333	107.4							
670789.6	7471533	133.8							
670789.6	7471733	104.1							
670989.6	7451933	0.0							
670989.6	7452133	0.0							
670989.6	7452333	0.0							
670989.6	7452533	0.0							
670989.6	7452733	0.0							
670989.6	7452933	0.0							
670989.6	7453133	0.0							
670989.6	7453333	0.0							
670989.6	7453533	0.0							
670989.6	7453733	0.0							
670989.6	7453933	0.0							
670989.6	7454133	0.0							
670989.6	7454333	7.0							
670989.6	7454533	6.6							
670989.6	7454733	5.7							
670989.6	7454933	9.0							
670989.6	7455133	7.2							
670989.6	7455333	9.9							
670989.6	7455533	9.6							
670989.6	7455733	4.8							
670989.6	7455933	0.0							
670989.6	7456133	0.0							
670989.6	7456333	0.0							
670989.6	7456533	0.0							
670989.6	7456733	4.8							
670989.6	7456933	6.5							
670989.6	7457133	2.8							
670989.6	7457333	4.4							
670989.6	7457533	4.1							
670989.6	7457733	10.7							
670989.6	7457933	6.6							
670989.6	7458133	5.3							
670989.6	7458333	11.5							
670989.6	7458533	11.6							
670989.6	7458733	46.6							
670989.6	7458933	78.6							
670989.6	7459133	18.9							
670989.6	7459333	13.5							
670989.6	7459533	13.1							
670989.6	7459733	11.2							
670989.6	7459933	11.4							
670989.6	7460133	18.4							
670989.6	7460333	35.0							
670989.6	7460533	21.4							
670989.6	7460733	20.8							
670989.6	7460933	22.4							
670989.6	7461133	17.6							
670989.6	7461333	20.2							
670989.6	7461533	24.0							
670989.6	7461733	20.3							
670989.6	7461933	22.0							
670989.6	7462133	36.7							
670989.6	7462333	29.5							
670989.6	7462533	34.3							
670989.6	7462733	33.3							
670989.6	7462933	46.7							
670989.6	7463133	37.7							
670989.6	7463333	66.1							
670989.6	7463533	64.1							
670989.6	7463733	95.5							
670989.6	7463933	158.9							
670989.6	7464133	91.6							
670989.6	7464333	169.3							
670989.6	7464533	265.3							
670989.6	7464733	246.0							
670989.6	7464933	132.5							
670989.6	7465133	143.2							
670989.6	7465333	175.3							
670989.6	7465533	254.0							
670989.6	7465733	338.6							
670989.6	7465933	405.1							
670989.6	7466133	310.8							
670989.6	7466333	239.5							
670989.6	7466533	177.3							
670989.6	7466733	152.3							
670989.6	7466933	105.2							
670989.6	7467133	70.8							
670989.6	7467333	49.7							
670989.6	7467533	91.1							
670989.6	7467733	69.3							
670989.6	7467933	64.9							
670989.6	7468133	78.1							
670989.6	7468333	39.2							
670989.6	7468533	35.0							
670989.6	7468733	31.1							
670989.6	7468933	32.5							
670989.6	7469133	36.1							
670989.6	7469333	35.5							
670989.6	7469533	58.3							
670989.6	7469733	98.8							
670989.6	7469933	41.2							
670989.6	7470133	38.0							
670989.6	7470333	36.2							
670989.6	7470533	30.7							
670989.6	7470733	39.4							
670989.6	7470933	69.1							
670989.6	7471133	119.2							
670989.6	7471333	51.4							
670989.6	7471533	43.8							
670989.6	7471733	34.7							
671189.6	7451933	0.0							
671189.6	7452133	0.0							
671189.6	7452333	0.0							
671189.6	7452533	0.0							
671189.6	7452733	0.0							
671189.6	7452933	0.0							
671189.6	7453133	0.0							
671189.6	7453333	0.0							
671189.6	7453533	0.0							
671189.6	7453733	0.0							
671189.6	7453933	0.0							
671189.6	7454133	0.0							
671189.6	7454333	9.6							
671189.6	7454533	7.0							
671189.6	7454733	8.3							
671189.6	7454933	17.1							
671189.6	7455133	11.9							
671189.6	7455333	11.7							
671189.6	7455533	7.9							
671189.6	7455733	6.5							
671189.6	7455933	0.0							
671189.6	7456133	0.0							
671189.6	7456333	0.0							
671189.6	7456533	0.0							
671189.6	7456733	4.0							
671189.6	7456933	4.1							
671189.6	7457133	9.9							
671189.6	7457333	6.2							
671189.6	7457533	1.9							
671189.6	7457733	2.3							
671189.6	7457933	9.0							
671189.6	7458133	12.7							
671189.6	7458333	12.2							
671189.6	7458533	9.3							
671189.6	7458733	70.2							
671189.6	7458933	109.2							
671189.6	7459133	81.6							
671189.6	7459333	28.4							
671189.6	7459533	19.0							
671189.6	7459733	18.2							
671189.6	7459933	15.4							
671189.6	7460133	14.6							
671189.6	7460333	36.7							
671189.6	7460533	39.9							
671189.6	7460733	26.4							
671189.6	7460933	21.5							
671189.6	7461133	25.6							
671189.6	7461333	33.5							
671189.6	7461533	20.8							
671189.6	7461733	26.1							
671189.6	7461933	20.4							
671189.6	7462133	39.1							
671189.6	7462333	55.6							
671189.6	7462533	40.0							
671189.6	7462733	39.9							
671189.6	7462933	37.1							
671189.6	7463133	61.9							
671189.6	7463333	67.3							
671189.6	7463533	103.4							
671189.6	7463733	112.4							
671189.6	7463933	196.6							
671189.6	7464133	134.0							
671189.6	7464333	176.1							
671189.6	7464533	293.4							
671189.6	7464733	192.4							
671189.6	7464933	159.7							
671189.6	7465133	201.2							
671189.6	7465333	187.4							
671189.6	7465533	238.1							
671189.6	7465733	274.8							
671189.6	7465933	372.2							
671189.6	7466133	367.6							
671189.6	7466333	298.0							
671189.6	7466533	252.2							
671189.6	7466733	180.4							
671189.6	7466933	124.0							
671189.6	7467133	87.0							
671189.6	7467333	50.2							
671189.6	7467533	47.2							
671189.6	7467733	51.0							
671189.6	7467933	66.1							
671189.6	7468133	45.8							
671189.6	7468333	42.3							
671189.6	7468533	35.1							
671189.6	7468733	31.5							
671189.6	7468933	36.3							
671189.6	7469133	51.6							
671189.6	7469333	37.9							
671189.6	7469533	62.7							
671189.6	7469733	140.7							
671189.6	7469933	57.0							
671189.6	7470133	41.0							
671189.6	7470333	38.3							
671189.6	7470533	35.6							
671189.6	7470733	35.0							
671189.6	7470933	44.3							
671189.6	7471133	53.3							
671189.6	7471333	42.3							
671189.6	7471533	33.8							
671189.6	7471733	55.8							
671389.6	7451933	0.0							
671389.6	7452133	0.0							
671389.6	7452333	0.0							
671389.6	7452533	0.0							
671389.6	7452733	0.0							
671389.6	7452933	0.0							
671389.6	7453133	0.0							
671389.6	7453333	0.0							
671389.6	7453533	0.0							
671389.6	7453733	0.0							
671389.6	7453933	0.0							
671389.6	7454133	0.0							
671389.6	7454333	13.3							
671389.6	7454533	7.6							
671389.6	7454733	7.6							
671389.6	7454933	12.6							
671389.6	7455133	30.8							
671389.6	7455333	11.5							
671389.6	7455533	5.1							
671389.6	7455733	6.9							
671389.6	7455933	0.0							
671389.6	7456133	0.0							
671389.6	7456333	0.0							
671389.6	7456533	0.0							
671389.6	7456733	4.6							
671389.6	7456933	33.5							
671389.6	7457133	40.7							
671389.6	7457333	44.8							
671389.6	7457533	16.8							
671389.6	7457733	3.6							
671389.6	7457933	7.4							
671389.6	7458133	12.7							
671389.6	7458333	18.3							
671389.6	7458533	21.3							
671389.6	7458733	36.0							
671389.6	7458933	111.0							
671389.6	7459133	115.8							
671389.6	7459333	45.3							
671389.6	7459533	34.8							
671389.6	7459733	33.7							
671389.6	7459933	47.5							
671389.6	7460133	53.4							
671389.6	7460333	42.9							
671389.6	7460533	34.4							
671389.6	7460733	41.8							
671389.6	7460933	37.9							
671389.6	7461133	42.9							
671389.6	7461333	44.6							
671389.6	7461533	29.0							
671389.6	7461733	30.5							
671389.6	7461933	21.7							
671389.6	7462133	56.0							
671389.6	7462333	62.6							
671389.6	7462533	41.0							
671389.6	7462733	43.2							
671389.6	7462933	42.3							
671389.6	7463133	49.7							
671389.6	7463333	100.3							
671389.6	7463533	127.1							
671389.6	7463733	152.6							
671389.6	7463933	236.4							
671389.6	7464133	180.5							
671389.6	7464333	221.8							
671389.6	7464533	267.2							
671389.6	7464733	190.0							
671389.6	7464933	208.0							
671389.6	7465133	274.1							
671389.6	7465333	249.8							
671389.6	7465533	245.7							
671389.6	7465733	309.8							
671389.6	7465933	367.1							
671389.6	7466133	391.1							
671389.6	7466333	295.2							
671389.6	7466533	187.6							
671389.6	7466733	112.9							
671389.6	7466933	73.1							
671389.6	7467133	68.0							
671389.6	7467333	54.4							
671389.6	7467533	41.8							
671389.6	7467733	44.7							
671389.6	7467933	54.9							
671389.6	7468133	50.9							
671389.6	7468333	60.2							
671389.6	7468533	34.8							
671389.6	7468733	37.4							
671389.6	7468933	50.8							
671389.6	7469133	49.7							
671389.6	7469333	40.8							
671389.6	7469533	75.3							
671389.6	7469733	176.6							
671389.6	7469933	93.1							
671389.6	7470133	50.0							
671389.6	7470333	52.2							
671389.6	7470533	43.4							
671389.6	7470733	67.1							
671389.6	7470933	37.0							
671389.6	7471133	28.4							
671389.6	7471333	31.2							
671389.6	7471533	27.5							
671389.6	7471733	28.1							
671589.6	7451933	0.0							
671589.6	7452133	0.0							
671589.6	7452333	0.0							
671589.6	7452533	0.0							
671589.6	7452733	0.0							
671589.6	7452933	0.0							
671589.6	7453133	0.0							
671589.6	7453333	0.0							
671589.6	7453533	0.0							
671589.6	7453733	0.0							
671589.6	7453933	0.0							
671589.6	7454133	0.0							
671589.6	7454333	5.3							
671589.6	7454533	4.9							
671589.6	7454733	17.0							
671589.6	7454933	38.3							
671589.6	7455133	9.9							
671589.6	7455333	11.2							
671589.6	7455533	12.7							
671589.6	7455733	4.1							
671589.6	7455933	0.0							
671589.6	7456133	0.0							
671589.6	7456333	0.0							
671589.6	7456533	0.0							
671589.6	7456733	8.3							
671589.6	7456933	73.5							
671589.6	7457133	96.4							
671589.6	7457333	96.7							
671589.6	7457533	47.6							
671589.6	7457733	35.2							
671589.6	7457933	24.8							
671589.6	7458133	10.8							
671589.6	7458333	33.7							
671589.6	7458533	49.3							
671589.6	7458733	32.5							
671589.6	7458933	57.2							
671589.6	7459133	82.4							
671589.6	7459333	49.1							
671589.6	7459533	145.5							
671589.6	7459733	95.0							
671589.6	7459933	134.2							
671589.6	7460133	148.2							
671589.6	7460333	95.7							
671589.6	7460533	66.2							
671589.6	7460733	48.6							
671589.6	7460933	98.8							
671589.6	7461133	90.3							
671589.6	7461333	104.3							
671589.6	7461533	64.9							
671589.6	7461733	53.9							
671589.6	7461933	25.2							
671589.6	7462133	47.3							
671589.6	7462333	66.9							
671589.6	7462533	38.8							
671589.6	7462733	60.4							
671589.6	7462933	51.7							
671589.6	7463133	46.5							
671589.6	7463333	104.8							
671589.6	7463533	127.5							
671589.6	7463733	213.5							
671589.6	7463933	249.4							
671589.6	7464133	272.1							
671589.6	7464333	230.1							
671589.6	7464533	331.0							
671589.6	7464733	263.2							
671589.6	7464933	179.2							
671589.6	7465133	218.6							
671589.6	7465333	239.4							
671589.6	7465533	244.4							
671589.6	7465733	359.5							
671589.6	7465933	409.5							
671589.6	7466133	389.7							
671589.6	7466333	300.4							
671589.6	7466533	192.9							
671589.6	7466733	93.8							
671589.6	7466933	51.9							
671589.6	7467133	51.0							
671589.6	7467333	51.9							
671589.6	7467533	50.2							
671589.6	7467733	41.4							
671589.6	7467933	45.0							
671589.6	7468133	56.5							
671589.6	7468333	40.8							
671589.6	7468533	36.1							
671589.6	7468733	42.2							
671589.6	7468933	47.9							
671589.6	7469133	66.6							
671589.6	7469333	45.4							
671589.6	7469533	83.3							
671589.6	7469733	212.5							
671589.6	7469933	142.5							
671589.6	7470133	59.4							
671589.6	7470333	108.4							
671589.6	7470533	102.1							
671589.6	7470733	94.4							
671589.6	7470933	41.6							
671589.6	7471133	36.5							
671589.6	7471333	27.0							
671589.6	7471533	23.3							
671589.6	7471733	24.7							
671789.6	7451933	0.0							
671789.6	7452133	0.0							
671789.6	7452333	0.0							
671789.6	7452533	0.0							
671789.6	7452733	0.0							
671789.6	7452933	0.0							
671789.6	7453133	0.0							
671789.6	7453333	0.0							
671789.6	7453533	0.0							
671789.6	7453733	0.0							
671789.6	7453933	0.0							
671789.6	7454133	0.0							
671789.6	7454333	15.2							
671789.6	7454533	16.0							
671789.6	7454733	7.6							
671789.6	7454933	18.3							
671789.6	7455133	9.8							
671789.6	7455333	11.2							
671789.6	7455533	7.3							
671789.6	7455733	6.1							
671789.6	7455933	0.0							
671789.6	7456133	0.0							
671789.6	7456333	0.0							
671789.6	7456533	4.6							
671789.6	7456733	6.6							
671789.6	7456933	56.1							
671789.6	7457133	156.4							
671789.6	7457333	171.6							
671789.6	7457533	114.6							
671789.6	7457733	65.5							
671789.6	7457933	41.8							
671789.6	7458133	19.9							
671789.6	7458333	132.0							
671789.6	7458533	120.0							
671789.6	7458733	64.4							
671789.6	7458933	69.1							
671789.6	7459133	77.0							
671789.6	7459333	81.8							
671789.6	7459533	164.7							
671789.6	7459733	165.2							
671789.6	7459933	217.9							
671789.6	7460133	210.5							
671789.6	7460333	123.2							
671789.6	7460533	75.6							
671789.6	7460733	70.6							
671789.6	7460933	87.6							
671789.6	7461133	134.7							
671789.6	7461333	159.2							
671789.6	7461533	93.8							
671789.6	7461733	49.8							
671789.6	7461933	26.5							
671789.6	7462133	85.1							
671789.6	7462333	56.3							
671789.6	7462533	60.8							
671789.6	7462733	118.6							
671789.6	7462933	127.1							
671789.6	7463133	52.3							
671789.6	7463333	107.1							
671789.6	7463533	110.5							
671789.6	7463733	186.4							
671789.6	7463933	190.1							
671789.6	7464133	272.5							
671789.6	7464333	326.9							
671789.6	7464533	323.7							
671789.6	7464733	223.8							
671789.6	7464933	220.3							
671789.6	7465133	258.9							
671789.6	7465333	288.9							
671789.6	7465533	269.7							
671789.6	7465733	297.0							
671789.6	7465933	355.3							
671789.6	7466133	408.0							
671789.6	7466333	276.2							
671789.6	7466533	197.4							
671789.6	7466733	134.1							
671789.6	7466933	51.9							
671789.6	7467133	46.1							
671789.6	7467333	42.6							
671789.6	7467533	44.7							
671789.6	7467733	42.0							
671789.6	7467933	40.0							
671789.6	7468133	40.3							
671789.6	7468333	43.6							
671789.6	7468533	38.0							
671789.6	7468733	45.2							
671789.6	7468933	43.0							
671789.6	7469133	50.8							
671789.6	7469333	53.1							
671789.6	7469533	87.0							
671789.6	7469733	187.4							
671789.6	7469933	148.4							
671789.6	7470133	98.8							
671789.6	7470333	174.0							
671789.6	7470533	192.0							
671789.6	7470733	111.6							
671789.6	7470933	55.5							
671789.6	7471133	33.0							
671789.6	7471333	26.0							
671789.6	7471533	25.9							
671789.6	7471733	21.5							
671989.6	7451933	0.0							
671989.6	7452133	0.0							
671989.6	7452333	0.0							
671989.6	7452533	0.0							
671989.6	7452733	0.0							
671989.6	7452933	0.0							
671989.6	7453133	0.0							
671989.6	7453333	0.0							
671989.6	7453533	0.0							
671989.6	7453733	0.0							
671989.6	7453933	0.0							
671989.6	7454133	7.0							
671989.6	7454333	11.7							
671989.6	7454533	7.4							
671989.6	7454733	9.5							
671989.6	7454933	7.5							
671989.6	7455133	14.1							
671989.6	7455333	4.2							
671989.6	7455533	0.0							
671989.6	7455733	0.0							
671989.6	7455933	0.0							
671989.6	7456133	0.0							
671989.6	7456333	2.2							
671989.6	7456533	4.9							
671989.6	7456733	5.1							
671989.6	7456933	14.2							
671989.6	7457133	90.5							
671989.6	7457333	214.7							
671989.6	7457533	176.7							
671989.6	7457733	98.1							
671989.6	7457933	63.2							
671989.6	7458133	84.9							
671989.6	7458333	196.9							
671989.6	7458533	171.0							
671989.6	7458733	95.4							
671989.6	7458933	121.3							
671989.6	7459133	101.2							
671989.6	7459333	109.1							
671989.6	7459533	142.3							
671989.6	7459733	214.5							
671989.6	7459933	260.6							
671989.6	7460133	159.7							
671989.6	7460333	118.2							
671989.6	7460533	124.7							
671989.6	7460733	134.2							
671989.6	7460933	142.3							
671989.6	7461133	129.5							
671989.6	7461333	195.3							
671989.6	7461533	139.6							
671989.6	7461733	80.3							
671989.6	7461933	52.4							
671989.6	7462133	81.5							
671989.6	7462333	69.2							
671989.6	7462533	59.8							
671989.6	7462733	137.8							
671989.6	7462933	126.2							
671989.6	7463133	60.5							
671989.6	7463333	72.5							
671989.6	7463533	127.6							
671989.6	7463733	139.0							
671989.6	7463933	135.8							
671989.6	7464133	179.3							
671989.6	7464333	317.6							
671989.6	7464533	328.6							
671989.6	7464733	277.6							
671989.6	7464933	268.0							
671989.6	7465133	248.5							
671989.6	7465333	308.8							
671989.6	7465533	276.0							
671989.6	7465733	256.2							
671989.6	7465933	282.1							
671989.6	7466133	366.4							
671989.6	7466333	276.2							
671989.6	7466533	239.9							
671989.6	7466733	174.4							
671989.6	7466933	88.6							
671989.6	7467133	52.0							
671989.6	7467333	46.9							
671989.6	7467533	50.4							
671989.6	7467733	54.9							
671989.6	7467933	38.2							
671989.6	7468133	46.0							
671989.6	7468333	45.0							
671989.6	7468533	41.6							
671989.6	7468733	39.3							
671989.6	7468933	39.7							
671989.6	7469133	45.0							
671989.6	7469333	59.5							
671989.6	7469533	115.1							
671989.6	7469733	216.8							
671989.6	7469933	120.8							
671989.6	7470133	72.9							
671989.6	7470333	160.2							
671989.6	7470533	182.8							
671989.6	7470733	78.2							
671989.6	7470933	39.4							
671989.6	7471133	30.7							
671989.6	7471333	29.2							
671989.6	7471533	27.9							
671989.6	7471733	24.5							
672189.6	7451933	0.0							
672189.6	7452133	0.0							
672189.6	7452333	0.0							
672189.6	7452533	0.0							
672189.6	7452733	0.0							
672189.6	7452933	0.0							
672189.6	7453133	0.0							
672189.6	7453333	0.0							
672189.6	7453533	0.0							
672189.6	7453733	0.0							
672189.6	7453933	0.0							
672189.6	7454133	15.1							
672189.6	7454333	12.8							
672189.6	7454533	12.6							
672189.6	7454733	5.2							
672189.6	7454933	8.5							
672189.6	7455133	5.3							
672189.6	7455333	5.5							
672189.6	7455533	0.0							
672189.6	7455733	1.7							
672189.6	7455933	18.0							
672189.6	7456133	13.1							
672189.6	7456333	61.0							
672189.6	7456533	22.0							
672189.6	7456733	3.9							
672189.6	7456933	6.0							
672189.6	7457133	53.1							
672189.6	7457333	166.4							
672189.6	7457533	209.9							
672189.6	7457733	183.4							
672189.6	7457933	120.1							
672189.6	7458133	137.1							
672189.6	7458333	208.0							
672189.6	7458533	191.9							
672189.6	7458733	171.2							
672189.6	7458933	130.3							
672189.6	7459133	137.4							
672189.6	7459333	134.7							
672189.6	7459533	150.0							
672189.6	7459733	214.7							
672189.6	7459933	193.2							
672189.6	7460133	199.1							
672189.6	7460333	230.3							
672189.6	7460533	251.4							
672189.6	7460733	341.5							
672189.6	7460933	235.5							
672189.6	7461133	165.3							
672189.6	7461333	154.8							
672189.6	7461533	204.3							
672189.6	7461733	196.5							
672189.6	7461933	121.7							
672189.6	7462133	90.9							
672189.6	7462333	130.7							
672189.6	7462533	90.3							
672189.6	7462733	123.4							
672189.6	7462933	159.8							
672189.6	7463133	118.6							
672189.6	7463333	62.2							
672189.6	7463533	81.3							
672189.6	7463733	181.9							
672189.6	7463933	191.6							
672189.6	7464133	223.0							
672189.6	7464333	249.7							
672189.6	7464533	335.8							
672189.6	7464733	398.6							
672189.6	7464933	321.3							
672189.6	7465133	210.2							
672189.6	7465333	192.4							
672189.6	7465533	245.6							
672189.6	7465733	192.7							
672189.6	7465933	208.3							
672189.6	7466133	295.3							
672189.6	7466333	230.2							
672189.6	7466533	215.6							
672189.6	7466733	232.0							
672189.6	7466933	114.3							
672189.6	7467133	67.0							
672189.6	7467333	67.0							
672189.6	7467533	52.9							
672189.6	7467733	49.9							
672189.6	7467933	43.6							
672189.6	7468133	45.9							
672189.6	7468333	37.0							
672189.6	7468533	41.2							
672189.6	7468733	41.7							
672189.6	7468933	38.1							
672189.6	7469133	42.1							
672189.6	7469333	58.8							
672189.6	7469533	144.6							
672189.6	7469733	148.6							
672189.6	7469933	62.6							
672189.6	7470133	48.3							
672189.6	7470333	111.8							
672189.6	7470533	187.9							
672189.6	7470733	104.0							
672189.6	7470933	38.2							
672189.6	7471133	33.3							
672189.6	7471333	34.0							
672189.6	7471533	26.7							
672189.6	7471733	25.0							
672389.6	7451933	0.0							
672389.6	7452133	0.0							
672389.6	7452333	0.0							
672389.6	7452533	0.0							
672389.6	7452733	0.0							
672389.6	7452933	0.0							
672389.6	7453133	0.0							
672389.6	7453333	0.0							
672389.6	7453533	0.0							
672389.6	7453733	0.0							
672389.6	7453933	0.0							
672389.6	7454133	7.0							
672389.6	7454333	13.5							
672389.6	7454533	12.8							
672389.6	7454733	10.0							
672389.6	7454933	4.4							
672389.6	7455133	12.8							
672389.6	7455333	14.2							
672389.6	7455533	0.0							
672389.6	7455733	7.9							
672389.6	7455933	82.4							
672389.6	7456133	95.9							
672389.6	7456333	104.5							
672389.6	7456533	54.1							
672389.6	7456733	19.8							
672389.6	7456933	17.1							
672389.6	7457133	48.6							
672389.6	7457333	205.4							
672389.6	7457533	259.2							
672389.6	7457733	192.4							
672389.6	7457933	179.3							
672389.6	7458133	255.0							
672389.6	7458333	319.4							
672389.6	7458533	256.3							
672389.6	7458733	195.9							
672389.6	7458933	166.6							
672389.6	7459133	143.0							
672389.6	7459333	166.1							
672389.6	7459533	186.8							
672389.6	7459733	214.9							
672389.6	7459933	229.0							
672389.6	7460133	213.1							
672389.6	7460333	263.2							
672389.6	7460533	317.8							
672389.6	7460733	403.4							
672389.6	7460933	349.7							
672389.6	7461133	308.0							
672389.6	7461333	181.4							
672389.6	7461533	219.0							
672389.6	7461733	340.1							
672389.6	7461933	170.2							
672389.6	7462133	134.0							
672389.6	7462333	180.8							
672389.6	7462533	136.2							
672389.6	7462733	140.8							
672389.6	7462933	203.9							
672389.6	7463133	175.5							
672389.6	7463333	83.5							
672389.6	7463533	66.6							
672389.6	7463733	132.7							
672389.6	7463933	218.5							
672389.6	7464133	295.7							
672389.6	7464333	343.8							
672389.6	7464533	365.8							
672389.6	7464733	348.9							
672389.6	7464933	251.7							
672389.6	7465133	183.9							
672389.6	7465333	131.1							
672389.6	7465533	142.2							
672389.6	7465733	122.7							
672389.6	7465933	141.4							
672389.6	7466133	165.0							
672389.6	7466333	169.9							
672389.6	7466533	176.0							
672389.6	7466733	165.7							
672389.6	7466933	77.2							
672389.6	7467133	54.4							
672389.6	7467333	80.5							
672389.6	7467533	54.8							
672389.6	7467733	47.0							
672389.6	7467933	41.3							
672389.6	7468133	40.1							
672389.6	7468333	37.6							
672389.6	7468533	35.2							
672389.6	7468733	41.7							
672389.6	7468933	34.7							
672389.6	7469133	40.7							
672389.6	7469333	49.8							
672389.6	7469533	100.3							
672389.6	7469733	80.9							
672389.6	7469933	39.4							
672389.6	7470133	50.0							
672389.6	7470333	101.2							
672389.6	7470533	189.5							
672389.6	7470733	149.8							
672389.6	7470933	45.2							
672389.6	7471133	50.9							
672389.6	7471333	32.0							
672389.6	7471533	28.1							
672389.6	7471733	25.2							
672589.6	7451933	0.0							
672589.6	7452133	0.0							
672589.6	7452333	0.0							
672589.6	7452533	0.0							
672589.6	7452733	0.0							
672589.6	7452933	0.0							
672589.6	7453133	0.0							
672589.6	7453333	0.0							
672589.6	7453533	0.0							
672589.6	7453733	0.0							
672589.6	7453933	0.0							
672589.6	7454133	7.9							
672589.6	7454333	14.1							
672589.6	7454533	13.0							
672589.6	7454733	5.3							
672589.6	7454933	8.8							
672589.6	7455133	13.5							
672589.6	7455333	10.1							
672589.6	7455533	0.0							
672589.6	7455733	47.8							
672589.6	7455933	101.3							
672589.6	7456133	213.9							
672589.6	7456333	172.3							
672589.6	7456533	125.3							
672589.6	7456733	76.2							
672589.6	7456933	80.8							
672589.6	7457133	39.1							
672589.6	7457333	128.2							
672589.6	7457533	219.1							
672589.6	7457733	259.7							
672589.6	7457933	225.9							
672589.6	7458133	267.3							
672589.6	7458333	321.6							
672589.6	7458533	317.3							
672589.6	7458733	298.2							
672589.6	7458933	255.7							
672589.6	7459133	207.3							
672589.6	7459333	232.6							
672589.6	7459533	224.1							
672589.6	7459733	253.0							
672589.6	7459933	273.4							
672589.6	7460133	248.0							
672589.6	7460333	249.8							
672589.6	7460533	292.7							
672589.6	7460733	341.9							
672589.6	7460933	388.9							
672589.6	7461133	314.3							
672589.6	7461333	230.1							
672589.6	7461533	271.0							
672589.6	7461733	287.5							
672589.6	7461933	230.1							
672589.6	7462133	167.5							
672589.6	7462333	190.7							
672589.6	7462533	182.6							
672589.6	7462733	214.9							
672589.6	7462933	205.1							
672589.6	7463133	123.0							
672589.6	7463333	147.6							
672589.6	7463533	85.1							
672589.6	7463733	138.8							
672589.6	7463933	160.3							
672589.6	7464133	198.7							
672589.6	7464333	297.9							
672589.6	7464533	450.0							
672589.6	7464733	383.8							
672589.6	7464933	323.3							
672589.6	7465133	279.9							
672589.6	7465333	154.6							
672589.6	7465533	76.7							
672589.6	7465733	71.5							
672589.6	7465933	59.7							
672589.6	7466133	83.1							
672589.6	7466333	80.3							
672589.6	7466533	93.7							
672589.6	7466733	91.8							
672589.6	7466933	89.1							
672589.6	7467133	79.9							
672589.6	7467333	79.5							
672589.6	7467533	56.4							
672589.6	7467733	42.8							
672589.6	7467933	61.0							
672589.6	7468133	55.2							
672589.6	7468333	42.7							
672589.6	7468533	34.5							
672589.6	7468733	35.6							
672589.6	7468933	32.9							
672589.6	7469133	37.4							
672589.6	7469333	44.0							
672589.6	7469533	52.6							
672589.6	7469733	51.6							
672589.6	7469933	35.9							
672589.6	7470133	74.3							
672589.6	7470333	133.8							
672589.6	7470533	203.2							
672589.6	7470733	178.9							
672589.6	7470933	86.0							
672589.6	7471133	53.0							
672589.6	7471333	38.5							
672589.6	7471533	28.6							
672589.6	7471733	26.2							
672789.6	7451933	0.0							
672789.6	7452133	0.0							
672789.6	7452333	0.0							
672789.6	7452533	0.0							
672789.6	7452733	0.0							
672789.6	7452933	0.0							
672789.6	7453133	0.0							
672789.6	7453333	0.0							
672789.6	7453533	0.0							
672789.6	7453733	0.0							
672789.6	7453933	6.2							
672789.6	7454133	16.3							
672789.6	7454333	8.6							
672789.6	7454533	8.0							
672789.6	7454733	5.5							
672789.6	7454933	8.5							
672789.6	7455133	11.2							
672789.6	7455333	0.0							
672789.6	7455533	0.0							
672789.6	7455733	7.4							
672789.6	7455933	57.3							
672789.6	7456133	203.3							
672789.6	7456333	101.3							
672789.6	7456533	160.4							
672789.6	7456733	86.4							
672789.6	7456933	102.8							
672789.6	7457133	97.7							
672789.6	7457333	87.7							
672789.6	7457533	170.6							
672789.6	7457733	284.3							
672789.6	7457933	311.6							
672789.6	7458133	322.2							
672789.6	7458333	336.4							
672789.6	7458533	314.3							
672789.6	7458733	319.5							
672789.6	7458933	242.8							
672789.6	7459133	265.1							
672789.6	7459333	284.3							
672789.6	7459533	269.8							
672789.6	7459733	267.9							
672789.6	7459933	314.5							
672789.6	7460133	312.9							
672789.6	7460333	296.5							
672789.6	7460533	324.7							
672789.6	7460733	417.0							
672789.6	7460933	413.8							
672789.6	7461133	325.5							
672789.6	7461333	293.7							
672789.6	7461533	379.7							
672789.6	7461733	324.3							
672789.6	7461933	289.1							
672789.6	7462133	219.8							
672789.6	7462333	229.6							
672789.6	7462533	250.7							
672789.6	7462733	239.9							
672789.6	7462933	150.4							
672789.6	7463133	167.9							
672789.6	7463333	220.9							
672789.6	7463533	144.7							
672789.6	7463733	99.5							
672789.6	7463933	164.1							
672789.6	7464133	204.2							
672789.6	7464333	324.4							
672789.6	7464533	415.4							
672789.6	7464733	479.7							
672789.6	7464933	362.3							
672789.6	7465133	243.8							
672789.6	7465333	187.0							
672789.6	7465533	91.9							
672789.6	7465733	54.9							
672789.6	7465933	45.4							
672789.6	7466133	44.0							
672789.6	7466333	41.2							
672789.6	7466533	44.5							
672789.6	7466733	48.3							
672789.6	7466933	48.2							
672789.6	7467133	58.8							
672789.6	7467333	99.6							
672789.6	7467533	54.7							
672789.6	7467733	48.9							
672789.6	7467933	57.5							
672789.6	7468133	46.4							
672789.6	7468333	40.0							
672789.6	7468533	43.5							
672789.6	7468733	45.3							
672789.6	7468933	39.5							
672789.6	7469133	31.6							
672789.6	7469333	32.4							
672789.6	7469533	38.3							
672789.6	7469733	44.4							
672789.6	7469933	36.3							
672789.6	7470133	91.0							
672789.6	7470333	138.9							
672789.6	7470533	198.8							
672789.6	7470733	212.5							
672789.6	7470933	163.1							
672789.6	7471133	117.7							
672789.6	7471333	48.7							
672789.6	7471533	30.7							
672789.6	7471733	27.0							
672989.6	7451933	0.0							
672989.6	7452133	0.0							
672989.6	7452333	0.0							
672989.6	7452533	0.0							
672989.6	7452733	0.0							
672989.6	7452933	0.0							
672989.6	7453133	0.0							
672989.6	7453333	0.0							
672989.6	7453533	0.0							
672989.6	7453733	0.0							
672989.6	7453933	5.2							
672989.6	7454133	11.7							
672989.6	7454333	12.2							
672989.6	7454533	8.1							
672989.6	7454733	2.4							
672989.6	7454933	8.8							
672989.6	7455133	0.0							
672989.6	7455333	2.3							
672989.6	7455533	8.4							
672989.6	7455733	10.2							
672989.6	7455933	33.6							
672989.6	7456133	143.5							
672989.6	7456333	80.5							
672989.6	7456533	42.6							
672989.6	7456733	20.5							
672989.6	7456933	61.7							
672989.6	7457133	174.2							
672989.6	7457333	133.9							
672989.6	7457533	176.2							
672989.6	7457733	257.0							
672989.6	7457933	256.4							
672989.6	7458133	308.6							
672989.6	7458333	405.9							
672989.6	7458533	399.8							
672989.6	7458733	336.9							
672989.6	7458933	271.5							
672989.6	7459133	324.6							
672989.6	7459333	347.7							
672989.6	7459533	326.0							
672989.6	7459733	351.1							
672989.6	7459933	344.3							
672989.6	7460133	369.8							
672989.6	7460333	344.6							
672989.6	7460533	366.6							
672989.6	7460733	375.2							
672989.6	7460933	445.1							
672989.6	7461133	384.9							
672989.6	7461333	332.6							
672989.6	7461533	384.2							
672989.6	7461733	381.4							
672989.6	7461933	349.0							
672989.6	7462133	301.0							
672989.6	7462333	290.8							
672989.6	7462533	274.1							
672989.6	7462733	195.8							
672989.6	7462933	201.4							
672989.6	7463133	222.2							
672989.6	7463333	270.6							
672989.6	7463533	187.8							
672989.6	7463733	112.7							
672989.6	7463933	156.4							
672989.6	7464133	241.3							
672989.6	7464333	327.5							
672989.6	7464533	401.4							
672989.6	7464733	458.9							
672989.6	7464933	386.5							
672989.6	7465133	236.9							
672989.6	7465333	170.0							
672989.6	7465533	97.0							
672989.6	7465733	55.5							
672989.6	7465933	44.4							
672989.6	7466133	40.9							
672989.6	7466333	41.9							
672989.6	7466533	40.3							
672989.6	7466733	37.3							
672989.6	7466933	39.6							
672989.6	7467133	51.0							
672989.6	7467333	58.1							
672989.6	7467533	61.6							
672989.6	7467733	43.2							
672989.6	7467933	44.3							
672989.6	7468133	45.4							
672989.6	7468333	41.4							
672989.6	7468533	47.6							
672989.6	7468733	42.5							
672989.6	7468933	50.7							
672989.6	7469133	37.2							
672989.6	7469333	31.9							
672989.6	7469533	29.2							
672989.6	7469733	51.4							
672989.6	7469933	33.7							
672989.6	7470133	64.3							
672989.6	7470333	127.1							
672989.6	7470533	193.4							
672989.6	7470733	187.7							
672989.6	7470933	200.4							
672989.6	7471133	92.1							
672989.6	7471333	38.9							
672989.6	7471533	31.0							
672989.6	7471733	26.0							
673189.6	7451933	0.0							
673189.6	7452133	0.0							
673189.6	7452333	0.0							
673189.6	7452533	0.0							
673189.6	7452733	0.0							
673189.6	7452933	0.0							
673189.6	7453133	0.0							
673189.6	7453333	0.0							
673189.6	7453533	0.0							
673189.6	7453733	0.0							
673189.6	7453933	18.5							
673189.6	7454133	5.2							
673189.6	7454333	10.3							
673189.6	7454533	13.1							
673189.6	7454733	3.1							
673189.6	7454933	7.9							
673189.6	7455133	5.6							
673189.6	7455333	0.0							
673189.6	7455533	2.0							
673189.6	7455733	7.0							
673189.6	7455933	1.8							
673189.6	7456133	4.2							
673189.6	7456333	3.6							
673189.6	7456533	3.5							
673189.6	7456733	6.8							
673189.6	7456933	17.6							
673189.6	7457133	87.6							
673189.6	7457333	113.3							
673189.6	7457533	104.2							
673189.6	7457733	170.6							
673189.6	7457933	175.9							
673189.6	7458133	227.5							
673189.6	7458333	382.7							
673189.6	7458533	466.2							
673189.6	7458733	443.5							
673189.6	7458933	363.7							
673189.6	7459133	355.3							
673189.6	7459333	365.4							
673189.6	7459533	424.5							
673189.6	7459733	449.9							
673189.6	7459933	392.8							
673189.6	7460133	409.3							
673189.6	7460333	412.4							
673189.6	7460533	476.3							
673189.6	7460733	462.9							
673189.6	7460933	487.5							
673189.6	7461133	405.0							
673189.6	7461333	399.6							
673189.6	7461533	517.4							
673189.6	7461733	462.3							
673189.6	7461933	424.4							
673189.6	7462133	354.3							
673189.6	7462333	366.6							
673189.6	7462533	260.4							
673189.6	7462733	244.3							
673189.6	7462933	294.5							
673189.6	7463133	282.0							
673189.6	7463333	188.9							
673189.6	7463533	164.4							
673189.6	7463733	125.2							
673189.6	7463933	183.4							
673189.6	7464133	248.9							
673189.6	7464333	292.6							
673189.6	7464533	403.8							
673189.6	7464733	462.6							
673189.6	7464933	372.3							
673189.6	7465133	265.7							
673189.6	7465333	217.4							
673189.6	7465533	85.9							
673189.6	7465733	52.6							
673189.6	7465933	46.3							
673189.6	7466133	39.2							
673189.6	7466333	37.8							
673189.6	7466533	48.5							
673189.6	7466733	35.3							
673189.6	7466933	36.0							
673189.6	7467133	43.1							
673189.6	7467333	43.2							
673189.6	7467533	41.7							
673189.6	7467733	47.9							
673189.6	7467933	56.0							
673189.6	7468133	39.8							
673189.6	7468333	38.2							
673189.6	7468533	35.8							
673189.6	7468733	37.0							
673189.6	7468933	35.6							
673189.6	7469133	64.4							
673189.6	7469333	67.7							
673189.6	7469533	42.4							
673189.6	7469733	31.1							
673189.6	7469933	33.5							
673189.6	7470133	80.7							
673189.6	7470333	52.9							
673189.6	7470533	83.0							
673189.6	7470733	112.6							
673189.6	7470933	151.9							
673189.6	7471133	49.8							
673189.6	7471333	35.7							
673189.6	7471533	27.2							
673189.6	7471733	23.1							
673389.6	7451933	0.0							
673389.6	7452133	0.0							
673389.6	7452333	0.0							
673389.6	7452533	0.0							
673389.6	7452733	0.0							
673389.6	7452933	0.0							
673389.6	7453133	0.0							
673389.6	7453333	0.0							
673389.6	7453533	0.0							
673389.6	7453733	0.0							
673389.6	7453933	11.6							
673389.6	7454133	12.5							
673389.6	7454333	7.2							
673389.6	7454533	7.1							
673389.6	7454733	4.0							
673389.6	7454933	0.0							
673389.6	7455133	4.6							
673389.6	7455333	6.2							
673389.6	7455533	7.9							
673389.6	7455733	2.3							
673389.6	7455933	0.9							
673389.6	7456133	4.3							
673389.6	7456333	3.5							
673389.6	7456533	1.4							
673389.6	7456733	10.2							
673389.6	7456933	11.6							
673389.6	7457133	35.3							
673389.6	7457333	51.8							
673389.6	7457533	64.1							
673389.6	7457733	110.0							
673389.6	7457933	181.6							
673389.6	7458133	236.8							
673389.6	7458333	316.2							
673389.6	7458533	454.0							
673389.6	7458733	545.1							
673389.6	7458933	418.5							
673389.6	7459133	455.2							
673389.6	7459333	439.0							
673389.6	7459533	449.3							
673389.6	7459733	491.6							
673389.6	7459933	500.4							
673389.6	7460133	494.1							
673389.6	7460333	473.8							
673389.6	7460533	580.8							
673389.6	7460733	544.3							
673389.6	7460933	498.4							
673389.6	7461133	463.7							
673389.6	7461333	460.1							
673389.6	7461533	570.3							
673389.6	7461733	601.7							
673389.6	7461933	464.3							
673389.6	7462133	365.3							
673389.6	7462333	314.8							
673389.6	7462533	301.4							
673389.6	7462733	360.9							
673389.6	7462933	382.4							
673389.6	7463133	363.6							
673389.6	7463333	291.1							
673389.6	7463533	218.3							
673389.6	7463733	131.6							
673389.6	7463933	161.2							
673389.6	7464133	245.0							
673389.6	7464333	272.3							
673389.6	7464533	376.4							
673389.6	7464733	426.2							
673389.6	7464933	441.1							
673389.6	7465133	312.5							
673389.6	7465333	225.2							
673389.6	7465533	39.1							
673389.6	7465733	48.8							
673389.6	7465933	43.1							
673389.6	7466133	62.8							
673389.6	7466333	38.3							
673389.6	7466533	33.4							
673389.6	7466733	36.0							
673389.6	7466933	31.9							
673389.6	7467133	43.0							
673389.6	7467333	59.8							
673389.6	7467533	37.5							
673389.6	7467733	37.5							
673389.6	7467933	37.1							
673389.6	7468133	35.3							
673389.6	7468333	33.4							
673389.6	7468533	37.6							
673389.6	7468733	48.9							
673389.6	7468933	39.7							
673389.6	7469133	43.3							
673389.6	7469333	45.1							
673389.6	7469533	36.2							
673389.6	7469733	35.4							
673389.6	7469933	27.2							
673389.6	7470133	41.1							
673389.6	7470333	34.2							
673389.6	7470533	58.6							
673389.6	7470733	103.9							
673389.6	7470933	108.3							
673389.6	7471133	39.7							
673389.6	7471333	31.5							
673389.6	7471533	23.0							
673389.6	7471733	20.8							
673589.6	7451933	0.0							
673589.6	7452133	0.0							
673589.6	7452333	0.0							
673589.6	7452533	0.0							
673589.6	7452733	0.0							
673589.6	7452933	0.0							
673589.6	7453133	0.0							
673589.6	7453333	0.0							
673589.6	7453533	0.0							
673589.6	7453733	0.0							
673589.6	7453933	7.2							
673589.6	7454133	12.5							
673589.6	7454333	9.1							
673589.6	7454533	5.1							
673589.6	7454733	6.3							
673589.6	7454933	4.7							
673589.6	7455133	4.4							
673589.6	7455333	4.8							
673589.6	7455533	2.1							
673589.6	7455733	8.3							
673589.6	7455933	2.7							
673589.6	7456133	5.9							
673589.6	7456333	4.4							
673589.6	7456533	3.1							
673589.6	7456733	10.0							
673589.6	7456933	9.6							
673589.6	7457133	16.7							
673589.6	7457333	34.7							
673589.6	7457533	67.5							
673589.6	7457733	115.6							
673589.6	7457933	180.9							
673589.6	7458133	245.1							
673589.6	7458333	298.1							
673589.6	7458533	393.2							
673589.6	7458733	579.5							
673589.6	7458933	499.8							
673589.6	7459133	508.6							
673589.6	7459333	505.3							
673589.6	7459533	488.7							
673589.6	7459733	526.4							
673589.6	7459933	574.7							
673589.6	7460133	552.7							
673589.6	7460333	541.3							
673589.6	7460533	628.2							
673589.6	7460733	656.3							
673589.6	7460933	582.9							
673589.6	7461133	489.4							
673589.6	7461333	507.1							
673589.6	7461533	612.5							
673589.6	7461733	658.8							
673589.6	7461933	479.3							
673589.6	7462133	391.8							
673589.6	7462333	356.6							
673589.6	7462533	363.0							
673589.6	7462733	399.3							
673589.6	7462933	369.8							
673589.6	7463133	373.1							
673589.6	7463333	285.2							
673589.6	7463533	209.6							
673589.6	7463733	143.6							
673589.6	7463933	167.0							
673589.6	7464133	246.4							
673589.6	7464333	349.0							
673589.6	7464533	379.3							
673589.6	7464733	360.4							
673589.6	7464933	372.4							
673589.6	7465133	270.7							
673589.6	7465333	188.8							
673589.6	7465533	125.2							
673589.6	7465733	50.5							
673589.6	7465933	40.0							
673589.6	7466133	49.7							
673589.6	7466333	59.3							
673589.6	7466533	33.2							
673589.6	7466733	30.2							
673589.6	7466933	28.9							
673589.6	7467133	57.4							
673589.6	7467333	49.6							
673589.6	7467533	35.6							
673589.6	7467733	32.8							
673589.6	7467933	33.4							
673589.6	7468133	34.1							
673589.6	7468333	47.4							
673589.6	7468533	41.7							
673589.6	7468733	37.6							
673589.6	7468933	52.8							
673589.6	7469133	49.7							
673589.6	7469333	48.2							
673589.6	7469533	39.6							
673589.6	7469733	33.8							
673589.6	7469933	25.5							
673589.6	7470133	27.5							
673589.6	7470333	30.2							
673589.6	7470533	35.4							
673589.6	7470733	51.1							
673589.6	7470933	59.0							
673589.6	7471133	39.7							
673589.6	7471333	32.2							
673589.6	7471533	26.9							
673589.6	7471733	26.0							
673789.6	7451933	0.0							
673789.6	7452133	0.0							
673789.6	7452333	0.0							
673789.6	7452533	0.0							
673789.6	7452733	0.0							
673789.6	7452933	0.0							
673789.6	7453133	0.0							
673789.6	7453333	0.0							
673789.6	7453533	0.0							
673789.6	7453733	0.0							
673789.6	7453933	13.9							
673789.6	7454133	12.7							
673789.6	7454333	12.0							
673789.6	7454533	1.8							
673789.6	7454733	0.0							
673789.6	7454933	13.0							
673789.6	7455133	11.4							
673789.6	7455333	16.1							
673789.6	7455533	9.4							
673789.6	7455733	19.2							
673789.6	7455933	8.8							
673789.6	7456133	9.0							
673789.6	7456333	7.9							
673789.6	7456533	9.2							
673789.6	7456733	8.0							
673789.6	7456933	9.8							
673789.6	7457133	17.0							
673789.6	7457333	44.3							
673789.6	7457533	79.3							
673789.6	7457733	109.4							
673789.6	7457933	165.7							
673789.6	7458133	235.2							
673789.6	7458333	281.9							
673789.6	7458533	372.3							
673789.6	7458733	561.9							
673789.6	7458933	626.2							
673789.6	7459133	653.2							
673789.6	7459333	591.7							
673789.6	7459533	555.7							
673789.6	7459733	613.1							
673789.6	7459933	684.4							
673789.6	7460133	690.4							
673789.6	7460333	593.2							
673789.6	7460533	645.7							
673789.6	7460733	730.8							
673789.6	7460933	685.7							
673789.6	7461133	558.6							
673789.6	7461333	579.0							
673789.6	7461533	702.6							
673789.6	7461733	587.1							
673789.6	7461933	482.0							
673789.6	7462133	434.5							
673789.6	7462333	472.0							
673789.6	7462533	432.8							
673789.6	7462733	371.2							
673789.6	7462933	299.5							
673789.6	7463133	271.3							
673789.6	7463333	235.2							
673789.6	7463533	213.1							
673789.6	7463733	149.4							
673789.6	7463933	172.4							
673789.6	7464133	213.0							
673789.6	7464333	325.9							
673789.6	7464533	392.5							
673789.6	7464733	295.1							
673789.6	7464933	260.4							
673789.6	7465133	190.0							
673789.6	7465333	123.7							
673789.6	7465533	106.5							
673789.6	7465733	84.6							
673789.6	7465933	50.2							
673789.6	7466133	35.7							
673789.6	7466333	36.5							
673789.6	7466533	41.3							
673789.6	7466733	34.2							
673789.6	7466933	28.2							
673789.6	7467133	35.4							
673789.6	7467333	33.5							
673789.6	7467533	32.4							
673789.6	7467733	31.4							
673789.6	7467933	29.3							
673789.6	7468133	52.5							
673789.6	7468333	57.1							
673789.6	7468533	49.2							
673789.6	7468733	43.7							
673789.6	7468933	55.3							
673789.6	7469133	72.1							
673789.6	7469333	80.9							
673789.6	7469533	46.1							
673789.6	7469733	65.7							
673789.6	7469933	31.2							
673789.6	7470133	29.7							
673789.6	7470333	32.5							
673789.6	7470533	36.1							
673789.6	7470733	36.6							
673789.6	7470933	63.3							
673789.6	7471133	42.8							
673789.6	7471333	28.6							
673789.6	7471533	27.3							
673789.6	7471733	25.2							
673989.6	7451933	0.0							
673989.6	7452133	0.0							
673989.6	7452333	0.0							
673989.6	7452533	0.0							
673989.6	7452733	0.0							
673989.6	7452933	0.0							
673989.6	7453133	0.0							
673989.6	7453333	0.0							
673989.6	7453533	0.0							
673989.6	7453733	0.0							
673989.6	7453933	11.9							
673989.6	7454133	13.4							
673989.6	7454333	6.2							
673989.6	7454533	0.0							
673989.6	7454733	49.9							
673989.6	7454933	123.8							
673989.6	7455133	101.9							
673989.6	7455333	123.5							
673989.6	7455533	101.4							
673989.6	7455733	79.1							
673989.6	7455933	6.9							
673989.6	7456133	4.2							
673989.6	7456333	10.2							
673989.6	7456533	6.1							
673989.6	7456733	4.2							
673989.6	7456933	11.1							
673989.6	7457133	18.6							
673989.6	7457333	43.8							
673989.6	7457533	87.5							
673989.6	7457733	132.5							
673989.6	7457933	198.1							
673989.6	7458133	239.6							
673989.6	7458333	270.1							
673989.6	7458533	373.4							
673989.6	7458733	494.1							
673989.6	7458933	547.9							
673989.6	7459133	673.2							
673989.6	7459333	751.6							
673989.6	7459533	650.6							
673989.6	7459733	728.4							
673989.6	7459933	828.6							
673989.6	7460133	843.5							
673989.6	7460333	731.4							
673989.6	7460533	781.4							
673989.6	7460733	857.5							
673989.6	7460933	750.3							
673989.6	7461133	629.4							
673989.6	7461333	693.0							
673989.6	7461533	691.9							
673989.6	7461733	603.9							
673989.6	7461933	516.4							
673989.6	7462133	536.3							
673989.6	7462333	504.9							
673989.6	7462533	479.4							
673989.6	7462733	422.9							
673989.6	7462933	405.1							
673989.6	7463133	324.1							
673989.6	7463333	312.4							
673989.6	7463533	213.3							
673989.6	7463733	167.1							
673989.6	7463933	202.8							
673989.6	7464133	280.2							
673989.6	7464333	353.7							
673989.6	7464533	290.5							
673989.6	7464733	241.7							
673989.6	7464933	179.1							
673989.6	7465133	130.1							
673989.6	7465333	83.1							
673989.6	7465533	46.3							
673989.6	7465733	48.6							
673989.6	7465933	43.8							
673989.6	7466133	34.5							
673989.6	7466333	32.9							
673989.6	7466533	36.3							
673989.6	7466733	60.9							
673989.6	7466933	30.6							
673989.6	7467133	28.7							
673989.6	7467333	26.9							
673989.6	7467533	28.9							
673989.6	7467733	43.3							
673989.6	7467933	29.5							
673989.6	7468133	37.0							
673989.6	7468333	46.5							
673989.6	7468533	35.2							
673989.6	7468733	61.7							
673989.6	7468933	99.4							
673989.6	7469133	163.3							
673989.6	7469333	121.5							
673989.6	7469533	75.1							
673989.6	7469733	54.2							
673989.6	7469933	28.4							
673989.6	7470133	25.1							
673989.6	7470333	30.3							
673989.6	7470533	69.5							
673989.6	7470733	61.2							
673989.6	7470933	79.7							
673989.6	7471133	93.4							
673989.6	7471333	61.4							
673989.6	7471533	32.7							
673989.6	7471733	32.1							
674189.6	7451933	27.4							
674189.6	7452133	0.0							
674189.6	7452333	0.0							
674189.6	7452533	0.0							
674189.6	7452733	0.0							
674189.6	7452933	0.0							
674189.6	7453133	0.0							
674189.6	7453333	0.0							
674189.6	7453533	0.0							
674189.6	7453733	0.0							
674189.6	7453933	13.6							
674189.6	7454133	6.8							
674189.6	7454333	0.0							
674189.6	7454533	2.7							
674189.6	7454733	33.8							
674189.6	7454933	148.5							
674189.6	7455133	239.1							
674189.6	7455333	213.7							
674189.6	7455533	227.8							
674189.6	7455733	159.4							
674189.6	7455933	23.2							
674189.6	7456133	6.1							
674189.6	7456333	8.5							
674189.6	7456533	10.1							
674189.6	7456733	13.2							
674189.6	7456933	29.0							
674189.6	7457133	32.7							
674189.6	7457333	65.4							
674189.6	7457533	89.2							
674189.6	7457733	163.8							
674189.6	7457933	249.2							
674189.6	7458133	301.1							
674189.6	7458333	348.4							
674189.6	7458533	350.2							
674189.6	7458733	419.1							
674189.6	7458933	514.1							
674189.6	7459133	697.0							
674189.6	7459333	796.1							
674189.6	7459533	742.5							
674189.6	7459733	804.9							
674189.6	7459933	942.8							
674189.6	7460133	910.6							
674189.6	7460333	864.9							
674189.6	7460533	888.9							
674189.6	7460733	960.8							
674189.6	7460933	866.4							
674189.6	7461133	764.7							
674189.6	7461333	795.2							
674189.6	7461533	715.6							
674189.6	7461733	600.4							
674189.6	7461933	508.0							
674189.6	7462133	515.3							
674189.6	7462333	414.3							
674189.6	7462533	384.2							
674189.6	7462733	445.5							
674189.6	7462933	478.7							
674189.6	7463133	336.1							
674189.6	7463333	255.8							
674189.6	7463533	190.5							
674189.6	7463733	190.0							
674189.6	7463933	220.6							
674189.6	7464133	284.2							
674189.6	7464333	321.6							
674189.6	7464533	238.4							
674189.6	7464733	186.7							
674189.6	7464933	151.1							
674189.6	7465133	102.1							
674189.6	7465333	83.1							
674189.6	7465533	53.2							
674189.6	7465733	37.7							
674189.6	7465933	36.0							
674189.6	7466133	35.3							
674189.6	7466333	38.1							
674189.6	7466533	31.3							
674189.6	7466733	30.7							
674189.6	7466933	38.9							
674189.6	7467133	27.2							
674189.6	7467333	32.3							
674189.6	7467533	32.9							
674189.6	7467733	43.7							
674189.6	7467933	30.0							
674189.6	7468133	29.1							
674189.6	7468333	31.9							
674189.6	7468533	30.8							
674189.6	7468733	37.9							
674189.6	7468933	53.4							
674189.6	7469133	83.3							
674189.6	7469333	67.2							
674189.6	7469533	77.9							
674189.6	7469733	40.5							
674189.6	7469933	26.1							
674189.6	7470133	25.9							
674189.6	7470333	34.0							
674189.6	7470533	48.6							
674189.6	7470733	74.5							
674189.6	7470933	75.7							
674189.6	7471133	103.6							
674189.6	7471333	147.1							
674189.6	7471533	46.1							
674189.6	7471733	35.0							
674389.6	7451933	0.0							
674389.6	7452133	0.0							
674389.6	7452333	0.0							
674389.6	7452533	0.0							
674389.6	7452733	0.0							
674389.6	7452933	0.0							
674389.6	7453133	0.0							
674389.6	7453333	0.0							
674389.6	7453533	0.0							
674389.6	7453733	0.0							
674389.6	7453933	8.0							
674389.6	7454133	0.0							
674389.6	7454333	3.3							
674389.6	7454533	11.3							
674389.6	7454733	7.4							
674389.6	7454933	92.2							
674389.6	7455133	151.7							
674389.6	7455333	201.5							
674389.6	7455533	318.4							
674389.6	7455733	218.7							
674389.6	7455933	47.1							
674389.6	7456133	43.4							
674389.6	7456333	19.6							
674389.6	7456533	31.3							
674389.6	7456733	16.9							
674389.6	7456933	14.6							
674389.6	7457133	75.5							
674389.6	7457333	106.0							
674389.6	7457533	134.1							
674389.6	7457733	167.5							
674389.6	7457933	276.5							
674389.6	7458133	360.6							
674389.6	7458333	435.2							
674389.6	7458533	416.2							
674389.6	7458733	429.4							
674389.6	7458933	513.9							
674389.6	7459133	633.0							
674389.6	7459333	656.1							
674389.6	7459533	698.5							
674389.6	7459733	767.2							
674389.6	7459933	859.7							
674389.6	7460133	887.0							
674389.6	7460333	872.2							
674389.6	7460533	841.9							
674389.6	7460733	864.7							
674389.6	7460933	890.7							
674389.6	7461133	910.5							
674389.6	7461333	772.7							
674389.6	7461533	666.8							
674389.6	7461733	558.8							
674389.6	7461933	516.0							
674389.6	7462133	457.7							
674389.6	7462333	464.4							
674389.6	7462533	394.3							
674389.6	7462733	355.3							
674389.6	7462933	388.9							
674389.6	7463133	320.3							
674389.6	7463333	219.2							
674389.6	7463533	222.4							
674389.6	7463733	241.4							
674389.6	7463933	230.2							
674389.6	7464133	289.0							
674389.6	7464333	272.8							
674389.6	7464533	168.9							
674389.6	7464733	127.3							
674389.6	7464933	94.4							
674389.6	7465133	96.5							
674389.6	7465333	81.2							
674389.6	7465533	54.6							
674389.6	7465733	46.0							
674389.6	7465933	34.6							
674389.6	7466133	32.6							
674389.6	7466333	33.3							
674389.6	7466533	33.6							
674389.6	7466733	30.7							
674389.6	7466933	26.9							
674389.6	7467133	25.7							
674389.6	7467333	24.4							
674389.6	7467533	38.7							
674389.6	7467733	49.4							
674389.6	7467933	50.4							
674389.6	7468133	27.5							
674389.6	7468333	26.8							
674389.6	7468533	30.0							
674389.6	7468733	34.7							
674389.6	7468933	62.3							
674389.6	7469133	42.5							
674389.6	7469333	38.5							
674389.6	7469533	58.8							
674389.6	7469733	29.6							
674389.6	7469933	29.2							
674389.6	7470133	30.0							
674389.6	7470333	31.2							
674389.6	7470533	53.0							
674389.6	7470733	107.1							
674389.6	7470933	139.8							
674389.6	7471133	125.2							
674389.6	7471333	138.3							
674389.6	7471533	91.7							
674389.6	7471733	35.7							
674589.6	7451933	0.0							
674589.6	7452133	0.0							
674589.6	7452333	0.0							
674589.6	7452533	0.0							
674589.6	7452733	0.0							
674589.6	7452933	0.0							
674589.6	7453133	0.0							
674589.6	7453333	0.0							
674589.6	7453533	0.0							
674589.6	7453733	0.0							
674589.6	7453933	0.0							
674589.6	7454133	0.0							
674589.6	7454333	3.7							
674589.6	7454533	14.0							
674589.6	7454733	13.7							
674589.6	7454933	37.0							
674589.6	7455133	63.0							
674589.6	7455333	129.7							
674589.6	7455533	220.7							
674589.6	7455733	200.4							
674589.6	7455933	103.0							
674589.6	7456133	69.4							
674589.6	7456333	86.1							
674589.6	7456533	60.1							
674589.6	7456733	60.5							
674589.6	7456933	60.5							
674589.6	7457133	97.9							
674589.6	7457333	194.7							
674589.6	7457533	225.2							
674589.6	7457733	271.4							
674589.6	7457933	336.7							
674589.6	7458133	377.0							
674589.6	7458333	444.9							
674589.6	7458533	516.2							
674589.6	7458733	532.3							
674589.6	7458933	541.9							
674589.6	7459133	566.0							
674589.6	7459333	562.7							
674589.6	7459533	663.3							
674589.6	7459733	669.8							
674589.6	7459933	697.1							
674589.6	7460133	747.1							
674589.6	7460333	768.8							
674589.6	7460533	766.9							
674589.6	7460733	764.5							
674589.6	7460933	799.4							
674589.6	7461133	907.7							
674589.6	7461333	855.3							
674589.6	7461533	616.5							
674589.6	7461733	585.8							
674589.6	7461933	528.2							
674589.6	7462133	525.9							
674589.6	7462333	526.8							
674589.6	7462533	418.1							
674589.6	7462733	349.7							
674589.6	7462933	302.2							
674589.6	7463133	261.5							
674589.6	7463333	303.7							
674589.6	7463533	272.8							
674589.6	7463733	282.0							
674589.6	7463933	254.0							
674589.6	7464133	321.6							
674589.6	7464333	288.8							
674589.6	7464533	173.9							
674589.6	7464733	123.6							
674589.6	7464933	80.3							
674589.6	7465133	59.7							
674589.6	7465333	51.1							
674589.6	7465533	49.4							
674589.6	7465733	40.1							
674589.6	7465933	37.0							
674589.6	7466133	38.8							
674589.6	7466333	34.1							
674589.6	7466533	32.1							
674589.6	7466733	32.3							
674589.6	7466933	28.7							
674589.6	7467133	26.7							
674589.6	7467333	28.7							
674589.6	7467533	23.5							
674589.6	7467733	28.2							
674589.6	7467933	33.6							
674589.6	7468133	29.9							
674589.6	7468333	26.1							
674589.6	7468533	26.2							
674589.6	7468733	35.9							
674589.6	7468933	46.6							
674589.6	7469133	33.8							
674589.6	7469333	32.2							
674589.6	7469533	29.1							
674589.6	7469733	23.1							
674589.6	7469933	29.8							
674589.6	7470133	24.2							
674589.6	7470333	32.8							
674589.6	7470533	36.0							
674589.6	7470733	48.7							
674589.6	7470933	129.4							
674589.6	7471133	159.8							
674589.6	7471333	147.0							
674589.6	7471533	54.2							
674589.6	7471733	40.9							
674789.6	7451933	0.0							
674789.6	7452133	0.0							
674789.6	7452333	0.0							
674789.6	7452533	0.0							
674789.6	7452733	0.0							
674789.6	7452933	0.0							
674789.6	7453133	0.0							
674789.6	7453333	0.0							
674789.6	7453533	0.0							
674789.6	7453733	69.4							
674789.6	7453933	34.9							
674789.6	7454133	0.0							
674789.6	7454333	47.9							
674789.6	7454533	9.4							
674789.6	7454733	9.6							
674789.6	7454933	95.7							
674789.6	7455133	123.1							
674789.6	7455333	123.7							
674789.6	7455533	154.6							
674789.6	7455733	211.9							
674789.6	7455933	180.6							
674789.6	7456133	110.5							
674789.6	7456333	113.0							
674789.6	7456533	92.4							
674789.6	7456733	92.8							
674789.6	7456933	110.8							
674789.6	7457133	118.9							
674789.6	7457333	147.1							
674789.6	7457533	165.6							
674789.6	7457733	242.6							
674789.6	7457933	339.3							
674789.6	7458133	396.6							
674789.6	7458333	458.4							
674789.6	7458533	499.4							
674789.6	7458733	501.4							
674789.6	7458933	494.9							
674789.6	7459133	504.1							
674789.6	7459333	545.1							
674789.6	7459533	580.4							
674789.6	7459733	587.9							
674789.6	7459933	612.2							
674789.6	7460133	686.5							
674789.6	7460333	685.1							
674789.6	7460533	734.8							
674789.6	7460733	712.5							
674789.6	7460933	788.1							
674789.6	7461133	808.7							
674789.6	7461333	769.8							
674789.6	7461533	670.6							
674789.6	7461733	631.0							
674789.6	7461933	565.4							
674789.6	7462133	562.6							
674789.6	7462333	501.2							
674789.6	7462533	414.4							
674789.6	7462733	332.1							
674789.6	7462933	328.7							
674789.6	7463133	370.8							
674789.6	7463333	366.6							
674789.6	7463533	357.2							
674789.6	7463733	318.1							
674789.6	7463933	262.0							
674789.6	7464133	329.7							
674789.6	7464333	269.9							
674789.6	7464533	204.4							
674789.6	7464733	141.7							
674789.6	7464933	120.8							
674789.6	7465133	79.0							
674789.6	7465333	100.3							
674789.6	7465533	88.1							
674789.6	7465733	49.1							
674789.6	7465933	45.8							
674789.6	7466133	38.0							
674789.6	7466333	35.3							
674789.6	7466533	32.5							
674789.6	7466733	29.6							
674789.6	7466933	27.7							
674789.6	7467133	27.0							
674789.6	7467333	25.1							
674789.6	7467533	24.0							
674789.6	7467733	23.0							
674789.6	7467933	25.2							
674789.6	7468133	48.8							
674789.6	7468333	32.8							
674789.6	7468533	21.9							
674789.6	7468733	24.8							
674789.6	7468933	26.7							
674789.6	7469133	24.8							
674789.6	7469333	24.2							
674789.6	7469533	28.6							
674789.6	7469733	23.6							
674789.6	7469933	22.1							
674789.6	7470133	24.0							
674789.6	7470333	28.6							
674789.6	7470533	37.1							
674789.6	7470733	81.5							
674789.6	7470933	144.7							
674789.6	7471133	158.8							
674789.6	7471333	147.7							
674789.6	7471533	95.7							
674789.6	7471733	48.5							
674989.6	7451933	0.0							
674989.6	7452133	0.0							
674989.6	7452333	0.0							
674989.6	7452533	0.0							
674989.6	7452733	0.0							
674989.6	7452933	0.0							
674989.6	7453133	0.0							
674989.6	7453333	0.0							
674989.6	7453533	0.0							
674989.6	7453733	0.0							
674989.6	7453933	85.6							
674989.6	7454133	36.9							
674989.6	7454333	77.7							
674989.6	7454533	19.1							
674989.6	7454733	67.6							
674989.6	7454933	261.4							
674989.6	7455133	208.5							
674989.6	7455333	202.2							
674989.6	7455533	202.4							
674989.6	7455733	261.3							
674989.6	7455933	232.5							
674989.6	7456133	177.5							
674989.6	7456333	165.5							
674989.6	7456533	132.7							
674989.6	7456733	132.8							
674989.6	7456933	154.9							
674989.6	7457133	172.3							
674989.6	7457333	174.5							
674989.6	7457533	172.5							
674989.6	7457733	229.6							
674989.6	7457933	276.9							
674989.6	7458133	327.0							
674989.6	7458333	368.4							
674989.6	7458533	445.0							
674989.6	7458733	439.7							
674989.6	7458933	469.8							
674989.6	7459133	495.0							
674989.6	7459333	499.2							
674989.6	7459533	533.4							
674989.6	7459733	494.7							
674989.6	7459933	532.9							
674989.6	7460133	565.1							
674989.6	7460333	634.4							
674989.6	7460533	648.8							
674989.6	7460733	695.6							
674989.6	7460933	775.3							
674989.6	7461133	762.0							
674989.6	7461333	721.6							
674989.6	7461533	728.8							
674989.6	7461733	652.9							
674989.6	7461933	579.3							
674989.6	7462133	534.5							
674989.6	7462333	461.2							
674989.6	7462533	447.0							
674989.6	7462733	415.4							
674989.6	7462933	385.0							
674989.6	7463133	374.4							
674989.6	7463333	454.9							
674989.6	7463533	399.3							
674989.6	7463733	310.0							
674989.6	7463933	300.1							
674989.6	7464133	375.6							
674989.6	7464333	334.7							
674989.6	7464533	230.6							
674989.6	7464733	169.0							
674989.6	7464933	98.6							
674989.6	7465133	77.8							
674989.6	7465333	49.6							
674989.6	7465533	51.2							
674989.6	7465733	56.0							
674989.6	7465933	50.7							
674989.6	7466133	53.7							
674989.6	7466333	51.5							
674989.6	7466533	53.3							
674989.6	7466733	33.7							
674989.6	7466933	30.8							
674989.6	7467133	29.2							
674989.6	7467333	28.3							
674989.6	7467533	23.0							
674989.6	7467733	25.7							
674989.6	7467933	23.0							
674989.6	7468133	60.8							
674989.6	7468333	46.5							
674989.6	7468533	25.1							
674989.6	7468733	22.3							
674989.6	7468933	34.6							
674989.6	7469133	41.5							
674989.6	7469333	47.8							
674989.6	7469533	76.2							
674989.6	7469733	34.2							
674989.6	7469933	20.5							
674989.6	7470133	24.1							
674989.6	7470333	25.7							
674989.6	7470533	33.8							
674989.6	7470733	35.1							
674989.6	7470933	59.3							
674989.6	7471133	108.3							
674989.6	7471333	87.5							
674989.6	7471533	145.0							
674989.6	7471733	90.5							
675189.6	7451933	0.0							
675189.6	7452133	0.0							
675189.6	7452333	0.0							
675189.6	7452533	0.0							
675189.6	7452733	0.0							
675189.6	7452933	0.0							
675189.6	7453133	0.0							
675189.6	7453333	0.0							
675189.6	7453533	0.0							
675189.6	7453733	0.0							
675189.6	7453933	39.4							
675189.6	7454133	57.4							
675189.6	7454333	79.4							
675189.6	7454533	55.2							
675189.6	7454733	105.7							
675189.6	7454933	265.6							
675189.6	7455133	338.9							
675189.6	7455333	302.5							
675189.6	7455533	275.6							
675189.6	7455733	303.6							
675189.6	7455933	290.0							
675189.6	7456133	266.7							
675189.6	7456333	218.7							
675189.6	7456533	188.9							
675189.6	7456733	218.4							
675189.6	7456933	259.2							
675189.6	7457133	212.1							
675189.6	7457333	225.2							
675189.6	7457533	223.6							
675189.6	7457733	240.4							
675189.6	7457933	239.8							
675189.6	7458133	321.1							
675189.6	7458333	378.8							
675189.6	7458533	376.2							
675189.6	7458733	470.9							
675189.6	7458933	507.8							
675189.6	7459133	470.1							
675189.6	7459333	472.3							
675189.6	7459533	460.7							
675189.6	7459733	444.2							
675189.6	7459933	489.2							
675189.6	7460133	540.7							
675189.6	7460333	582.7							
675189.6	7460533	578.5							
675189.6	7460733	653.5							
675189.6	7460933	800.7							
675189.6	7461133	758.4							
675189.6	7461333	681.9							
675189.6	7461533	746.1							
675189.6	7461733	691.8							
675189.6	7461933	600.8							
675189.6	7462133	559.9							
675189.6	7462333	531.4							
675189.6	7462533	478.8							
675189.6	7462733	482.6							
675189.6	7462933	509.7							
675189.6	7463133	456.0							
675189.6	7463333	433.1							
675189.6	7463533	456.0							
675189.6	7463733	366.7							
675189.6	7463933	322.6							
675189.6	7464133	372.1							
675189.6	7464333	340.8							
675189.6	7464533	273.7							
675189.6	7464733	212.8							
675189.6	7464933	160.2							
675189.6	7465133	130.7							
675189.6	7465333	57.0							
675189.6	7465533	49.2							
675189.6	7465733	51.9							
675189.6	7465933	40.5							
675189.6	7466133	39.4							
675189.6	7466333	60.8							
675189.6	7466533	54.4							
675189.6	7466733	60.9							
675189.6	7466933	36.9							
675189.6	7467133	32.9							
675189.6	7467333	27.1							
675189.6	7467533	24.4							
675189.6	7467733	20.8							
675189.6	7467933	20.9							
675189.6	7468133	31.1							
675189.6	7468333	30.8							
675189.6	7468533	27.8							
675189.6	7468733	22.7							
675189.6	7468933	23.0							
675189.6	7469133	28.7							
675189.6	7469333	57.2							
675189.6	7469533	117.0							
675189.6	7469733	58.1							
675189.6	7469933	25.6							
675189.6	7470133	18.7							
675189.6	7470333	18.1							
675189.6	7470533	24.6							
675189.6	7470733	30.7							
675189.6	7470933	50.0							
675189.6	7471133	104.8							
675189.6	7471333	85.7							
675189.6	7471533	112.4							
675189.6	7471733	108.3							
675389.6	7451933	0.0							
675389.6	7452133	0.0							
675389.6	7452333	0.0							
675389.6	7452533	0.0							
675389.6	7452733	0.0							
675389.6	7452933	0.0							
675389.6	7453133	0.0							
675389.6	7453333	0.0							
675389.6	7453533	0.0							
675389.6	7453733	0.0							
675389.6	7453933	62.3							
675389.6	7454133	100.2							
675389.6	7454333	101.7							
675389.6	7454533	107.8							
675389.6	7454733	129.1							
675389.6	7454933	335.3							
675389.6	7455133	465.9							
675389.6	7455333	370.6							
675389.6	7455533	376.0							
675389.6	7455733	372.8							
675389.6	7455933	411.2							
675389.6	7456133	363.5							
675389.6	7456333	282.3							
675389.6	7456533	272.9							
675389.6	7456733	406.1							
675389.6	7456933	355.9							
675389.6	7457133	291.0							
675389.6	7457333	279.0							
675389.6	7457533	264.6							
675389.6	7457733	314.4							
675389.6	7457933	258.3							
675389.6	7458133	298.3							
675389.6	7458333	301.4							
675389.6	7458533	422.7							
675389.6	7458733	493.7							
675389.6	7458933	425.3							
675389.6	7459133	372.1							
675389.6	7459333	412.3							
675389.6	7459533	395.1							
675389.6	7459733	421.1							
675389.6	7459933	447.4							
675389.6	7460133	490.1							
675389.6	7460333	564.2							
675389.6	7460533	546.2							
675389.6	7460733	623.1							
675389.6	7460933	701.6							
675389.6	7461133	721.7							
675389.6	7461333	686.4							
675389.6	7461533	827.5							
675389.6	7461733	759.6							
675389.6	7461933	644.7							
675389.6	7462133	603.0							
675389.6	7462333	574.5							
675389.6	7462533	568.2							
675389.6	7462733	602.4							
675389.6	7462933	597.7							
675389.6	7463133	494.0							
675389.6	7463333	413.8							
675389.6	7463533	360.8							
675389.6	7463733	318.1							
675389.6	7463933	273.2							
675389.6	7464133	340.5							
675389.6	7464333	254.0							
675389.6	7464533	247.1							
675389.6	7464733	263.7							
675389.6	7464933	141.2							
675389.6	7465133	76.0							
675389.6	7465333	51.4							
675389.6	7465533	42.4							
675389.6	7465733	42.4							
675389.6	7465933	36.4							
675389.6	7466133	41.8							
675389.6	7466333	36.2							
675389.6	7466533	38.0							
675389.6	7466733	30.5							
675389.6	7466933	33.2							
675389.6	7467133	30.4							
675389.6	7467333	26.7							
675389.6	7467533	24.3							
675389.6	7467733	20.1							
675389.6	7467933	21.9							
675389.6	7468133	19.1							
675389.6	7468333	22.1							
675389.6	7468533	18.6							
675389.6	7468733	18.0							
675389.6	7468933	22.4							
675389.6	7469133	28.0							
675389.6	7469333	43.5							
675389.6	7469533	108.9							
675389.6	7469733	45.8							
675389.6	7469933	34.1							
675389.6	7470133	20.1							
675389.6	7470333	17.7							
675389.6	7470533	22.7							
675389.6	7470733	28.9							
675389.6	7470933	41.2							
675389.6	7471133	112.3							
675389.6	7471333	84.2							
675389.6	7471533	152.0							
675389.6	7471733	121.4							
675589.6	7451933	0.0							
675589.6	7452133	0.0							
675589.6	7452333	0.0							
675589.6	7452533	0.0							
675589.6	7452733	0.0							
675589.6	7452933	0.0							
675589.6	7453133	0.0							
675589.6	7453333	0.0							
675589.6	7453533	0.0							
675589.6	7453733	1.9							
675589.6	7453933	14.8							
675589.6	7454133	0.0							
675589.6	7454333	0.0							
675589.6	7454533	54.6							
675589.6	7454733	170.2							
675589.6	7454933	249.0							
675589.6	7455133	566.5							
675589.6	7455333	524.4							
675589.6	7455533	503.8							
675589.6	7455733	553.6							
675589.6	7455933	547.0							
675589.6	7456133	494.4							
675589.6	7456333	335.7							
675589.6	7456533	360.3							
675589.6	7456733	511.7							
675589.6	7456933	492.3							
675589.6	7457133	531.7							
675589.6	7457333	405.6							
675589.6	7457533	336.3							
675589.6	7457733	352.8							
675589.6	7457933	267.0							
675589.6	7458133	250.3							
675589.6	7458333	303.3							
675589.6	7458533	369.8							
675589.6	7458733	436.8							
675589.6	7458933	393.2							
675589.6	7459133	336.5							
675589.6	7459333	381.7							
675589.6	7459533	436.9							
675589.6	7459733	457.4							
675589.6	7459933	423.6							
675589.6	7460133	452.2							
675589.6	7460333	512.1							
675589.6	7460533	523.4							
675589.6	7460733	604.9							
675589.6	7460933	640.1							
675589.6	7461133	622.6							
675589.6	7461333	672.2							
675589.6	7461533	853.4							
675589.6	7461733	912.2							
675589.6	7461933	759.7							
675589.6	7462133	681.7							
675589.6	7462333	634.1							
675589.6	7462533	688.8							
675589.6	7462733	634.6							
675589.6	7462933	572.3							
675589.6	7463133	530.8							
675589.6	7463333	451.3							
675589.6	7463533	362.1							
675589.6	7463733	296.7							
675589.6	7463933	238.8							
675589.6	7464133	275.4							
675589.6	7464333	270.9							
675589.6	7464533	168.0							
675589.6	7464733	167.4							
675589.6	7464933	166.9							
675589.6	7465133	83.1							
675589.6	7465333	51.4							
675589.6	7465533	51.2							
675589.6	7465733	42.8							
675589.6	7465933	45.9							
675589.6	7466133	37.4							
675589.6	7466333	39.5							
675589.6	7466533	30.2							
675589.6	7466733	31.7							
675589.6	7466933	26.0							
675589.6	7467133	29.0							
675589.6	7467333	22.1							
675589.6	7467533	23.7							
675589.6	7467733	24.2							
675589.6	7467933	21.8							
675589.6	7468133	19.8							
675589.6	7468333	20.1							
675589.6	7468533	21.4							
675589.6	7468733	29.1							
675589.6	7468933	29.6							
675589.6	7469133	28.6							
675589.6	7469333	25.4							
675589.6	7469533	41.5							
675589.6	7469733	32.7							
675589.6	7469933	36.8							
675589.6	7470133	19.2							
675589.6	7470333	19.3							
675589.6	7470533	24.5							
675589.6	7470733	25.8							
675589.6	7470933	56.8							
675589.6	7471133	110.2							
675589.6	7471333	118.2							
675589.6	7471533	94.5							
675589.6	7471733	99.6							
675789.6	7451933	0.0							
675789.6	7452133	0.0							
675789.6	7452333	0.0							
675789.6	7452533	0.0							
675789.6	7452733	0.0							
675789.6	7452933	0.0							
675789.6	7453133	0.0							
675789.6	7453333	0.0							
675789.6	7453533	0.0							
675789.6	7453733	0.0							
675789.6	7453933	0.0							
675789.6	7454133	0.0							
675789.6	7454333	0.0							
675789.6	7454533	0.0							
675789.6	7454733	95.8							
675789.6	7454933	174.9							
675789.6	7455133	406.6							
675789.6	7455333	627.7							
675789.6	7455533	769.5							
675789.6	7455733	707.9							
675789.6	7455933	614.4							
675789.6	7456133	586.8							
675789.6	7456333	436.1							
675789.6	7456533	473.9							
675789.6	7456733	591.3							
675789.6	7456933	625.8							
675789.6	7457133	585.7							
675789.6	7457333	510.2							
675789.6	7457533	499.7							
675789.6	7457733	364.2							
675789.6	7457933	298.2							
675789.6	7458133	249.6							
675789.6	7458333	245.9							
675789.6	7458533	264.8							
675789.6	7458733	292.2							
675789.6	7458933	304.9							
675789.6	7459133	310.9							
675789.6	7459333	381.2							
675789.6	7459533	448.0							
675789.6	7459733	515.6							
675789.6	7459933	516.0							
675789.6	7460133	472.7							
675789.6	7460333	518.5							
675789.6	7460533	505.5							
675789.6	7460733	579.5							
675789.6	7460933	596.2							
675789.6	7461133	579.7							
675789.6	7461333	717.3							
675789.6	7461533	881.9							
675789.6	7461733	974.2							
675789.6	7461933	827.9							
675789.6	7462133	721.2							
675789.6	7462333	681.9							
675789.6	7462533	682.3							
675789.6	7462733	672.3							
675789.6	7462933	556.0							
675789.6	7463133	454.6							
675789.6	7463333	370.0							
675789.6	7463533	343.8							
675789.6	7463733	275.6							
675789.6	7463933	234.3							
675789.6	7464133	201.7							
675789.6	7464333	152.4							
675789.6	7464533	116.1							
675789.6	7464733	100.3							
675789.6	7464933	106.1							
675789.6	7465133	62.1							
675789.6	7465333	49.7							
675789.6	7465533	45.3							
675789.6	7465733	42.7							
675789.6	7465933	48.7							
675789.6	7466133	36.3							
675789.6	7466333	41.9							
675789.6	7466533	53.7							
675789.6	7466733	41.2							
675789.6	7466933	39.3							
675789.6	7467133	47.1							
675789.6	7467333	35.4							
675789.6	7467533	31.2							
675789.6	7467733	41.6							
675789.6	7467933	24.1							
675789.6	7468133	17.8							
675789.6	7468333	20.5							
675789.6	7468533	14.5							
675789.6	7468733	27.0							
675789.6	7468933	43.5							
675789.6	7469133	40.9							
675789.6	7469333	21.2							
675789.6	7469533	23.4							
675789.6	7469733	35.5							
675789.6	7469933	37.0							
675789.6	7470133	17.8							
675789.6	7470333	17.6							
675789.6	7470533	22.9							
675789.6	7470733	27.1							
675789.6	7470933	27.6							
675789.6	7471133	93.3							
675789.6	7471333	132.9							
675789.6	7471533	75.8							
675789.6	7471733	70.4							
675989.6	7451933	0.0							
675989.6	7452133	0.0							
675989.6	7452333	0.0							
675989.6	7452533	0.0							
675989.6	7452733	0.0							
675989.6	7452933	0.0							
675989.6	7453133	0.0							
675989.6	7453333	0.0							
675989.6	7453533	0.0							
675989.6	7453733	0.0							
675989.6	7453933	0.0							
675989.6	7454133	0.0							
675989.6	7454333	0.0							
675989.6	7454533	0.0							
675989.6	7454733	44.5							
675989.6	7454933	149.9							
675989.6	7455133	219.2							
675989.6	7455333	403.7							
675989.6	7455533	741.9							
675989.6	7455733	715.9							
675989.6	7455933	476.0							
675989.6	7456133	541.7							
675989.6	7456333	353.9							
675989.6	7456533	455.9							
675989.6	7456733	685.2							
675989.6	7456933	654.1							
675989.6	7457133	585.5							
675989.6	7457333	541.1							
675989.6	7457533	523.7							
675989.6	7457733	356.6							
675989.6	7457933	304.3							
675989.6	7458133	257.1							
675989.6	7458333	251.8							
675989.6	7458533	253.2							
675989.6	7458733	264.9							
675989.6	7458933	337.6							
675989.6	7459133	363.6							
675989.6	7459333	354.4							
675989.6	7459533	436.8							
675989.6	7459733	526.5							
675989.6	7459933	544.8							
675989.6	7460133	493.4							
675989.6	7460333	512.7							
675989.6	7460533	491.3							
675989.6	7460733	559.7							
675989.6	7460933	541.2							
675989.6	7461133	538.7							
675989.6	7461333	645.1							
675989.6	7461533	867.2							
675989.6	7461733	852.4							
675989.6	7461933	870.3							
675989.6	7462133	737.1							
675989.6	7462333	661.2							
675989.6	7462533	598.8							
675989.6	7462733	664.8							
675989.6	7462933	593.9							
675989.6	7463133	512.0							
675989.6	7463333	422.8							
675989.6	7463533	350.0							
675989.6	7463733	272.1							
675989.6	7463933	248.9							
675989.6	7464133	240.0							
675989.6	7464333	216.7							
675989.6	7464533	143.3							
675989.6	7464733	126.8							
675989.6	7464933	74.3							
675989.6	7465133	64.9							
675989.6	7465333	53.2							
675989.6	7465533	52.3							
675989.6	7465733	45.8							
675989.6	7465933	42.8							
675989.6	7466133	32.5							
675989.6	7466333	38.0							
675989.6	7466533	61.1							
675989.6	7466733	43.6							
675989.6	7466933	36.4							
675989.6	7467133	43.6							
675989.6	7467333	32.9							
675989.6	7467533	32.5							
675989.6	7467733	29.0							
675989.6	7467933	25.3							
675989.6	7468133	25.5							
675989.6	7468333	22.1							
675989.6	7468533	13.7							
675989.6	7468733	30.4							
675989.6	7468933	27.7							
675989.6	7469133	31.1							
675989.6	7469333	18.3							
675989.6	7469533	19.3							
675989.6	7469733	20.3							
675989.6	7469933	24.0							
675989.6	7470133	14.6							
675989.6	7470333	28.4							
675989.6	7470533	28.7							
675989.6	7470733	32.6							
675989.6	7470933	27.0							
675989.6	7471133	90.5							
675989.6	7471333	137.4							
675989.6	7471533	82.6							
675989.6	7471733	54.3							
676189.6	7451933	0.0							
676189.6	7452133	0.0							
676189.6	7452333	0.0							
676189.6	7452533	0.0							
676189.6	7452733	0.0							
676189.6	7452933	0.0							
676189.6	7453133	0.0							
676189.6	7453333	0.0							
676189.6	7453533	0.0							
676189.6	7453733	0.0							
676189.6	7453933	0.0							
676189.6	7454133	0.0							
676189.6	7454333	0.0							
676189.6	7454533	0.0							
676189.6	7454733	0.0							
676189.6	7454933	96.9							
676189.6	7455133	144.7							
676189.6	7455333	239.1							
676189.6	7455533	345.3							
676189.6	7455733	420.8							
676189.6	7455933	349.9							
676189.6	7456133	333.6							
676189.6	7456333	280.9							
676189.6	7456533	428.7							
676189.6	7456733	556.8							
676189.6	7456933	580.6							
676189.6	7457133	601.4							
676189.6	7457333	508.3							
676189.6	7457533	491.8							
676189.6	7457733	357.7							
676189.6	7457933	288.4							
676189.6	7458133	316.6							
676189.6	7458333	320.3							
676189.6	7458533	288.9							
676189.6	7458733	297.3							
676189.6	7458933	320.4							
676189.6	7459133	358.5							
676189.6	7459333	407.2							
676189.6	7459533	438.4							
676189.6	7459733	488.8							
676189.6	7459933	521.8							
676189.6	7460133	529.0							
676189.6	7460333	483.9							
676189.6	7460533	492.2							
676189.6	7460733	507.4							
676189.6	7460933	514.4							
676189.6	7461133	548.2							
676189.6	7461333	620.7							
676189.6	7461533	781.4							
676189.6	7461733	732.7							
676189.6	7461933	773.8							
676189.6	7462133	728.3							
676189.6	7462333	643.4							
676189.6	7462533	574.9							
676189.6	7462733	589.7							
676189.6	7462933	654.2							
676189.6	7463133	528.6							
676189.6	7463333	416.7							
676189.6	7463533	326.5							
676189.6	7463733	276.8							
676189.6	7463933	237.7							
676189.6	7464133	259.7							
676189.6	7464333	277.4							
676189.6	7464533	184.6							
676189.6	7464733	143.6							
676189.6	7464933	66.2							
676189.6	7465133	62.5							
676189.6	7465333	65.7							
676189.6	7465533	58.9							
676189.6	7465733	55.4							
676189.6	7465933	45.3							
676189.6	7466133	40.7							
676189.6	7466333	32.2							
676189.6	7466533	42.9							
676189.6	7466733	27.1							
676189.6	7466933	28.4							
676189.6	7467133	23.6							
676189.6	7467333	21.7							
676189.6	7467533	23.4							
676189.6	7467733	22.0							
676189.6	7467933	20.0							
676189.6	7468133	24.2							
676189.6	7468333	15.0							
676189.6	7468533	18.4							
676189.6	7468733	27.4							
676189.6	7468933	19.0							
676189.6	7469133	18.0							
676189.6	7469333	17.5							
676189.6	7469533	19.7							
676189.6	7469733	18.8							
676189.6	7469933	16.0							
676189.6	7470133	17.5							
676189.6	7470333	35.4							
676189.6	7470533	87.4							
676189.6	7470733	92.7							
676189.6	7470933	29.2							
676189.6	7471133	108.5							
676189.6	7471333	165.7							
676189.6	7471533	109.0							
676189.6	7471733	29.4							
676389.6	7451933	0.0							
676389.6	7452133	0.0							
676389.6	7452333	0.0							
676389.6	7452533	0.0							
676389.6	7452733	0.0							
676389.6	7452933	0.0							
676389.6	7453133	0.0							
676389.6	7453333	0.0							
676389.6	7453533	0.0							
676389.6	7453733	0.0							
676389.6	7453933	0.0							
676389.6	7454133	0.0							
676389.6	7454333	0.0							
676389.6	7454533	0.0							
676389.6	7454733	0.0							
676389.6	7454933	50.7							
676389.6	7455133	99.2							
676389.6	7455333	168.0							
676389.6	7455533	221.4							
676389.6	7455733	258.1							
676389.6	7455933	254.5							
676389.6	7456133	235.6							
676389.6	7456333	250.5							
676389.6	7456533	382.3							
676389.6	7456733	519.9							
676389.6	7456933	521.8							
676389.6	7457133	495.0							
676389.6	7457333	513.6							
676389.6	7457533	520.9							
676389.6	7457733	378.0							
676389.6	7457933	287.5							
676389.6	7458133	290.1							
676389.6	7458333	324.4							
676389.6	7458533	354.6							
676389.6	7458733	370.6							
676389.6	7458933	325.3							
676389.6	7459133	337.2							
676389.6	7459333	346.6							
676389.6	7459533	417.3							
676389.6	7459733	493.3							
676389.6	7459933	474.5							
676389.6	7460133	513.9							
676389.6	7460333	492.6							
676389.6	7460533	551.4							
676389.6	7460733	547.7							
676389.6	7460933	548.7							
676389.6	7461133	539.3							
676389.6	7461333	581.3							
676389.6	7461533	648.2							
676389.6	7461733	663.1							
676389.6	7461933	761.7							
676389.6	7462133	756.8							
676389.6	7462333	646.9							
676389.6	7462533	564.3							
676389.6	7462733	531.3							
676389.6	7462933	575.8							
676389.6	7463133	566.1							
676389.6	7463333	464.4							
676389.6	7463533	393.0							
676389.6	7463733	316.0							
676389.6	7463933	303.4							
676389.6	7464133	312.9							
676389.6	7464333	288.6							
676389.6	7464533	184.3							
676389.6	7464733	99.0							
676389.6	7464933	65.1							
676389.6	7465133	38.2							
676389.6	7465333	40.3							
676389.6	7465533	45.1							
676389.6	7465733	35.7							
676389.6	7465933	48.9							
676389.6	7466133	46.1							
676389.6	7466333	32.6							
676389.6	7466533	25.7							
676389.6	7466733	31.7							
676389.6	7466933	33.1							
676389.6	7467133	26.0							
676389.6	7467333	25.3							
676389.6	7467533	34.5							
676389.6	7467733	35.0							
676389.6	7467933	22.9							
676389.6	7468133	16.3							
676389.6	7468333	15.9							
676389.6	7468533	20.6							
676389.6	7468733	12.0							
676389.6	7468933	13.6							
676389.6	7469133	22.6							
676389.6	7469333	17.7							
676389.6	7469533	16.9							
676389.6	7469733	14.9							
676389.6	7469933	13.4							
676389.6	7470133	22.2							
676389.6	7470333	43.2							
676389.6	7470533	99.4							
676389.6	7470733	89.5							
676389.6	7470933	40.6							
676389.6	7471133	91.2							
676389.6	7471333	119.9							
676389.6	7471533	128.6							
676389.6	7471733	31.9							
676589.6	7451933	0.0							
676589.6	7452133	37.7							
676589.6	7452333	0.0							
676589.6	7452533	0.0							
676589.6	7452733	0.0							
676589.6	7452933	0.0							
676589.6	7453133	0.0							
676589.6	7453333	0.0							
676589.6	7453533	0.0							
676589.6	7453733	0.0							
676589.6	7453933	0.0							
676589.6	7454133	0.0							
676589.6	7454333	0.0							
676589.6	7454533	0.0							
676589.6	7454733	0.0							
676589.6	7454933	48.2							
676589.6	7455133	75.8							
676589.6	7455333	111.5							
676589.6	7455533	152.5							
676589.6	7455733	183.8							
676589.6	7455933	199.2							
676589.6	7456133	171.0							
676589.6	7456333	252.4							
676589.6	7456533	354.5							
676589.6	7456733	370.1							
676589.6	7456933	538.7							
676589.6	7457133	456.0							
676589.6	7457333	442.8							
676589.6	7457533	465.2							
676589.6	7457733	361.1							
676589.6	7457933	298.7							
676589.6	7458133	291.9							
676589.6	7458333	339.1							
676589.6	7458533	390.3							
676589.6	7458733	444.9							
676589.6	7458933	417.2							
676589.6	7459133	357.3							
676589.6	7459333	351.6							
676589.6	7459533	413.4							
676589.6	7459733	504.6							
676589.6	7459933	403.0							
676589.6	7460133	466.8							
676589.6	7460333	494.0							
676589.6	7460533	530.3							
676589.6	7460733	585.7							
676589.6	7460933	575.2							
676589.6	7461133	558.1							
676589.6	7461333	564.0							
676589.6	7461533	610.6							
676589.6	7461733	635.4							
676589.6	7461933	708.4							
676589.6	7462133	794.7							
676589.6	7462333	671.2							
676589.6	7462533	570.1							
676589.6	7462733	518.2							
676589.6	7462933	461.9							
676589.6	7463133	465.6							
676589.6	7463333	443.4							
676589.6	7463533	411.9							
676589.6	7463733	332.1							
676589.6	7463933	315.0							
676589.6	7464133	295.5							
676589.6	7464333	309.5							
676589.6	7464533	197.7							
676589.6	7464733	87.0							
676589.6	7464933	33.4							
676589.6	7465133	61.5							
676589.6	7465333	35.9							
676589.6	7465533	30.8							
676589.6	7465733	29.0							
676589.6	7465933	33.1							
676589.6	7466133	43.5							
676589.6	7466333	26.7							
676589.6	7466533	35.7							
676589.6	7466733	26.2							
676589.6	7466933	32.8							
676589.6	7467133	31.7							
676589.6	7467333	20.9							
676589.6	7467533	48.3							
676589.6	7467733	46.5							
676589.6	7467933	24.5							
676589.6	7468133	16.7							
676589.6	7468333	23.3							
676589.6	7468533	19.4							
676589.6	7468733	13.0							
676589.6	7468933	17.2							
676589.6	7469133	18.9							
676589.6	7469333	13.1							
676589.6	7469533	15.0							
676589.6	7469733	10.3							
676589.6	7469933	25.2							
676589.6	7470133	37.3							
676589.6	7470333	43.8							
676589.6	7470533	57.2							
676589.6	7470733	82.7							
676589.6	7470933	47.6							
676589.6	7471133	98.4							
676589.6	7471333	152.6							
676589.6	7471533	152.1							
676589.6	7471733	42.2							
676789.6	7451933	0.0							
676789.6	7452133	0.0							
676789.6	7452333	0.0							
676789.6	7452533	0.0							
676789.6	7452733	0.0							
676789.6	7452933	0.0							
676789.6	7453133	0.0							
676789.6	7453333	0.0							
676789.6	7453533	0.0							
676789.6	7453733	0.0							
676789.6	7453933	0.0							
676789.6	7454133	0.0							
676789.6	7454333	0.0							
676789.6	7454533	0.0							
676789.6	7454733	0.0							
676789.6	7454933	0.0							
676789.6	7455133	0.0							
676789.6	7455333	50.8							
676789.6	7455533	81.6							
676789.6	7455733	94.8							
676789.6	7455933	118.9							
676789.6	7456133	118.2							
676789.6	7456333	216.3							
676789.6	7456533	230.5							
676789.6	7456733	247.0							
676789.6	7456933	331.0							
676789.6	7457133	433.8							
676789.6	7457333	381.8							
676789.6	7457533	346.8							
676789.6	7457733	334.5							
676789.6	7457933	340.0							
676789.6	7458133	293.1							
676789.6	7458333	376.4							
676789.6	7458533	436.2							
676789.6	7458733	531.9							
676789.6	7458933	481.1							
676789.6	7459133	405.6							
676789.6	7459333	373.8							
676789.6	7459533	354.6							
676789.6	7459733	425.9							
676789.6	7459933	403.1							
676789.6	7460133	517.6							
676789.6	7460333	552.5							
676789.6	7460533	542.6							
676789.6	7460733	612.1							
676789.6	7460933	654.8							
676789.6	7461133	666.1							
676789.6	7461333	604.0							
676789.6	7461533	650.0							
676789.6	7461733	689.1							
676789.6	7461933	640.8							
676789.6	7462133	683.4							
676789.6	7462333	600.3							
676789.6	7462533	529.1							
676789.6	7462733	532.5							
676789.6	7462933	459.9							
676789.6	7463133	338.8							
676789.6	7463333	346.4							
676789.6	7463533	398.4							
676789.6	7463733	359.2							
676789.6	7463933	266.5							
676789.6	7464133	252.4							
676789.6	7464333	319.9							
676789.6	7464533	212.0							
676789.6	7464733	107.7							
676789.6	7464933	29.8							
676789.6	7465133	40.3							
676789.6	7465333	31.9							
676789.6	7465533	27.1							
676789.6	7465733	28.5							
676789.6	7465933	25.9							
676789.6	7466133	22.6							
676789.6	7466333	28.6							
676789.6	7466533	29.8							
676789.6	7466733	24.4							
676789.6	7466933	33.6							
676789.6	7467133	32.6							
676789.6	7467333	23.3							
676789.6	7467533	31.0							
676789.6	7467733	33.0							
676789.6	7467933	20.3							
676789.6	7468133	23.1							
676789.6	7468333	19.8							
676789.6	7468533	21.8							
676789.6	7468733	14.9							
676789.6	7468933	13.4							
676789.6	7469133	13.5							
676789.6	7469333	20.6							
676789.6	7469533	14.2							
676789.6	7469733	9.5							
676789.6	7469933	16.2							
676789.6	7470133	24.5							
676789.6	7470333	27.1							
676789.6	7470533	50.2							
676789.6	7470733	89.7							
676789.6	7470933	64.3							
676789.6	7471133	92.6							
676789.6	7471333	152.0							
676789.6	7471533	130.5							
676789.6	7471733	28.8							
676989.6	7451933	0.0							
676989.6	7452133	0.0							
676989.6	7452333	0.0							
676989.6	7452533	0.0							
676989.6	7452733	0.0							
676989.6	7452933	0.0							
676989.6	7453133	0.0							
676989.6	7453333	0.0							
676989.6	7453533	0.0							
676989.6	7453733	0.0							
676989.6	7453933	0.0							
676989.6	7454133	0.0							
676989.6	7454333	0.0							
676989.6	7454533	0.0							
676989.6	7454733	0.0							
676989.6	7454933	0.0							
676989.6	7455133	0.0							
676989.6	7455333	8.0							
676989.6	7455533	25.5							
676989.6	7455733	67.3							
676989.6	7455933	121.9							
676989.6	7456133	90.0							
676989.6	7456333	107.1							
676989.6	7456533	141.4							
676989.6	7456733	185.7							
676989.6	7456933	219.5							
676989.6	7457133	288.4							
676989.6	7457333	383.5							
676989.6	7457533	399.0							
676989.6	7457733	365.9							
676989.6	7457933	334.9							
676989.6	7458133	307.5							
676989.6	7458333	306.3							
676989.6	7458533	374.2							
676989.6	7458733	489.7							
676989.6	7458933	553.8							
676989.6	7459133	466.1							
676989.6	7459333	433.3							
676989.6	7459533	373.3							
676989.6	7459733	362.9							
676989.6	7459933	439.6							
676989.6	7460133	523.5							
676989.6	7460333	476.0							
676989.6	7460533	565.5							
676989.6	7460733	610.5							
676989.6	7460933	697.5							
676989.6	7461133	772.1							
676989.6	7461333	610.0							
676989.6	7461533	633.9							
676989.6	7461733	645.9							
676989.6	7461933	598.4							
676989.6	7462133	609.6							
676989.6	7462333	561.2							
676989.6	7462533	454.5							
676989.6	7462733	432.8							
676989.6	7462933	463.0							
676989.6	7463133	317.7							
676989.6	7463333	282.3							
676989.6	7463533	354.9							
676989.6	7463733	304.3							
676989.6	7463933	247.5							
676989.6	7464133	199.9							
676989.6	7464333	251.4							
676989.6	7464533	199.6							
676989.6	7464733	109.0							
676989.6	7464933	41.6							
676989.6	7465133	31.3							
676989.6	7465333	25.7							
676989.6	7465533	25.6							
676989.6	7465733	56.3							
676989.6	7465933	39.1							
676989.6	7466133	48.8							
676989.6	7466333	32.0							
676989.6	7466533	24.0							
676989.6	7466733	24.9							
676989.6	7466933	31.9							
676989.6	7467133	22.8							
676989.6	7467333	31.2							
676989.6	7467533	24.5							
676989.6	7467733	20.5							
676989.6	7467933	29.4							
676989.6	7468133	27.8							
676989.6	7468333	35.6							
676989.6	7468533	25.9							
676989.6	7468733	13.0							
676989.6	7468933	12.3							
676989.6	7469133	11.4							
676989.6	7469333	27.6							
676989.6	7469533	16.4							
676989.6	7469733	20.1							
676989.6	7469933	14.7							
676989.6	7470133	14.3							
676989.6	7470333	36.6							
676989.6	7470533	59.6							
676989.6	7470733	91.9							
676989.6	7470933	66.4							
676989.6	7471133	78.2							
676989.6	7471333	146.4							
676989.6	7471533	99.8							
676989.6	7471733	37.6							
677189.6	7451933	0.0							
677189.6	7452133	0.0							
677189.6	7452333	0.0							
677189.6	7452533	0.0							
677189.6	7452733	0.0							
677189.6	7452933	0.0							
677189.6	7453133	0.0							
677189.6	7453333	0.0							
677189.6	7453533	0.0							
677189.6	7453733	0.0							
677189.6	7453933	0.0							
677189.6	7454133	0.0							
677189.6	7454333	0.0							
677189.6	7454533	0.0							
677189.6	7454733	0.0							
677189.6	7454933	0.0							
677189.6	7455133	0.0							
677189.6	7455333	5.8							
677189.6	7455533	10.4							
677189.6	7455733	9.2							
677189.6	7455933	46.0							
677189.6	7456133	60.1							
677189.6	7456333	133.6							
677189.6	7456533	159.8							
677189.6	7456733	214.9							
677189.6	7456933	257.4							
677189.6	7457133	317.9							
677189.6	7457333	403.7							
677189.6	7457533	409.6							
677189.6	7457733	350.8							
677189.6	7457933	330.7							
677189.6	7458133	302.9							
677189.6	7458333	314.3							
677189.6	7458533	374.2							
677189.6	7458733	488.2							
677189.6	7458933	590.0							
677189.6	7459133	502.0							
677189.6	7459333	477.1							
677189.6	7459533	434.4							
677189.6	7459733	394.6							
677189.6	7459933	375.8							
677189.6	7460133	405.6							
677189.6	7460333	427.6							
677189.6	7460533	510.1							
677189.6	7460733	613.6							
677189.6	7460933	670.5							
677189.6	7461133	737.3							
677189.6	7461333	574.7							
677189.6	7461533	542.8							
677189.6	7461733	677.5							
677189.6	7461933	549.9							
677189.6	7462133	535.5							
677189.6	7462333	487.4							
677189.6	7462533	390.9							
677189.6	7462733	340.2							
677189.6	7462933	381.1							
677189.6	7463133	273.2							
677189.6	7463333	275.1							
677189.6	7463533	392.4							
677189.6	7463733	225.9							
677189.6	7463933	202.8							
677189.6	7464133	142.9							
677189.6	7464333	169.7							
677189.6	7464533	211.3							
677189.6	7464733	116.7							
677189.6	7464933	39.8							
677189.6	7465133	24.7							
677189.6	7465333	23.0							
677189.6	7465533	21.8							
677189.6	7465733	29.2							
677189.6	7465933	55.3							
677189.6	7466133	20.6							
677189.6	7466333	48.8							
677189.6	7466533	39.2							
677189.6	7466733	25.8							
677189.6	7466933	22.6							
677189.6	7467133	18.3							
677189.6	7467333	21.0							
677189.6	7467533	14.7							
677189.6	7467733	18.5							
677189.6	7467933	30.0							
677189.6	7468133	45.7							
677189.6	7468333	37.9							
677189.6	7468533	26.8							
677189.6	7468733	15.3							
677189.6	7468933	20.1							
677189.6	7469133	12.1							
677189.6	7469333	18.7							
677189.6	7469533	14.8							
677189.6	7469733	8.1							
677189.6	7469933	13.8							
677189.6	7470133	17.1							
677189.6	7470333	25.4							
677189.6	7470533	47.1							
677189.6	7470733	74.5							
677189.6	7470933	67.1							
677189.6	7471133	101.5							
677189.6	7471333	147.6							
677189.6	7471533	42.2							
677189.6	7471733	28.9							
677389.6	7451933	0.0							
677389.6	7452133	0.0							
677389.6	7452333	0.0							
677389.6	7452533	0.0							
677389.6	7452733	0.0							
677389.6	7452933	0.0							
677389.6	7453133	0.0							
677389.6	7453333	0.0							
677389.6	7453533	0.0							
677389.6	7453733	0.0							
677389.6	7453933	0.0							
677389.6	7454133	0.0							
677389.6	7454333	0.0							
677389.6	7454533	0.0							
677389.6	7454733	0.0							
677389.6	7454933	0.0							
677389.6	7455133	0.0							
677389.6	7455333	0.0							
677389.6	7455533	8.7							
677389.6	7455733	31.1							
677389.6	7455933	35.8							
677389.6	7456133	43.1							
677389.6	7456333	116.5							
677389.6	7456533	189.0							
677389.6	7456733	313.1							
677389.6	7456933	375.8							
677389.6	7457133	413.2							
677389.6	7457333	530.2							
677389.6	7457533	519.0							
677389.6	7457733	410.4							
677389.6	7457933	390.3							
677389.6	7458133	320.1							
677389.6	7458333	332.1							
677389.6	7458533	351.2							
677389.6	7458733	435.4							
677389.6	7458933	563.6							
677389.6	7459133	566.6							
677389.6	7459333	534.1							
677389.6	7459533	514.7							
677389.6	7459733	384.6							
677389.6	7459933	310.3							
677389.6	7460133	309.1							
677389.6	7460333	354.7							
677389.6	7460533	393.8							
677389.6	7460733	514.7							
677389.6	7460933	587.5							
677389.6	7461133	672.1							
677389.6	7461333	507.5							
677389.6	7461533	454.8							
677389.6	7461733	482.4							
677389.6	7461933	493.1							
677389.6	7462133	499.3							
677389.6	7462333	452.1							
677389.6	7462533	387.9							
677389.6	7462733	235.9							
677389.6	7462933	248.3							
677389.6	7463133	188.3							
677389.6	7463333	225.1							
677389.6	7463533	285.0							
677389.6	7463733	160.5							
677389.6	7463933	155.2							
677389.6	7464133	111.0							
677389.6	7464333	90.1							
677389.6	7464533	186.4							
677389.6	7464733	135.0							
677389.6	7464933	41.3							
677389.6	7465133	27.1							
677389.6	7465333	19.8							
677389.6	7465533	23.4							
677389.6	7465733	19.7							
677389.6	7465933	16.9							
677389.6	7466133	19.0							
677389.6	7466333	25.8							
677389.6	7466533	41.3							
677389.6	7466733	25.6							
677389.6	7466933	29.3							
677389.6	7467133	28.9							
677389.6	7467333	16.7							
677389.6	7467533	12.0							
677389.6	7467733	33.2							
677389.6	7467933	28.1							
677389.6	7468133	58.3							
677389.6	7468333	39.0							
677389.6	7468533	28.0							
677389.6	7468733	21.3							
677389.6	7468933	15.1							
677389.6	7469133	10.9							
677389.6	7469333	7.1							
677389.6	7469533	10.2							
677389.6	7469733	7.7							
677389.6	7469933	19.6							
677389.6	7470133	14.8							
677389.6	7470333	34.4							
677389.6	7470533	56.2							
677389.6	7470733	79.2							
677389.6	7470933	47.5							
677389.6	7471133	112.9							
677389.6	7471333	82.6							
677389.6	7471533	50.5							
677389.6	7471733	33.5							
677589.6	7451933	0.0							
677589.6	7452133	0.0							
677589.6	7452333	0.0							
677589.6	7452533	0.0							
677589.6	7452733	0.0							
677589.6	7452933	0.0							
677589.6	7453133	0.0							
677589.6	7453333	0.0							
677589.6	7453533	0.0							
677589.6	7453733	0.0							
677589.6	7453933	0.0							
677589.6	7454133	0.0							
677589.6	7454333	0.0							
677589.6	7454533	0.0							
677589.6	7454733	0.0							
677589.6	7454933	0.0							
677589.6	7455133	0.0							
677589.6	7455333	0.0							
677589.6	7455533	9.1							
677589.6	7455733	15.9							
677589.6	7455933	30.5							
677589.6	7456133	28.2							
677589.6	7456333	101.2							
677589.6	7456533	224.4							
677589.6	7456733	326.2							
677589.6	7456933	424.1							
677589.6	7457133	585.8							
677589.6	7457333	638.5							
677589.6	7457533	555.0							
677589.6	7457733	458.1							
677589.6	7457933	404.6							
677589.6	7458133	335.9							
677589.6	7458333	354.8							
677589.6	7458533	346.5							
677589.6	7458733	424.3							
677589.6	7458933	554.2							
677589.6	7459133	637.6							
677589.6	7459333	583.0							
677589.6	7459533	521.8							
677589.6	7459733	408.6							
677589.6	7459933	367.5							
677589.6	7460133	271.2							
677589.6	7460333	288.3							
677589.6	7460533	340.8							
677589.6	7460733	365.5							
677589.6	7460933	406.0							
677589.6	7461133	449.1							
677589.6	7461333	375.5							
677589.6	7461533	320.5							
677589.6	7461733	377.9							
677589.6	7461933	380.2							
677589.6	7462133	495.7							
677589.6	7462333	446.2							
677589.6	7462533	323.8							
677589.6	7462733	214.5							
677589.6	7462933	171.0							
677589.6	7463133	161.9							
677589.6	7463333	144.0							
677589.6	7463533	120.1							
677589.6	7463733	91.6							
677589.6	7463933	71.8							
677589.6	7464133	39.0							
677589.6	7464333	48.6							
677589.6	7464533	99.7							
677589.6	7464733	98.7							
677589.6	7464933	54.6							
677589.6	7465133	25.8							
677589.6	7465333	23.3							
677589.6	7465533	22.4							
677589.6	7465733	21.8							
677589.6	7465933	16.4							
677589.6	7466133	16.0							
677589.6	7466333	17.0							
677589.6	7466533	43.1							
677589.6	7466733	46.1							
677589.6	7466933	42.6							
677589.6	7467133	34.0							
677589.6	7467333	16.8							
677589.6	7467533	16.7							
677589.6	7467733	18.5							
677589.6	7467933	29.6							
677589.6	7468133	26.7							
677589.6	7468333	24.1							
677589.6	7468533	25.7							
677589.6	7468733	21.1							
677589.6	7468933	23.7							
677589.6	7469133	19.8							
677589.6	7469333	14.9							
677589.6	7469533	10.5							
677589.6	7469733	6.1							
677589.6	7469933	12.1							
677589.6	7470133	18.0							
677589.6	7470333	19.5							
677589.6	7470533	33.3							
677589.6	7470733	34.5							
677589.6	7470933	33.1							
677589.6	7471133	68.2							
677589.6	7471333	41.9							
677589.6	7471533	34.7							
677589.6	7471733	27.2							
677789.6	7451933	0.0							
677789.6	7452133	0.0							
677789.6	7452333	0.0							
677789.6	7452533	0.0							
677789.6	7452733	0.0							
677789.6	7452933	0.0							
677789.6	7453133	0.0							
677789.6	7453333	0.0							
677789.6	7453533	0.0							
677789.6	7453733	0.0							
677789.6	7453933	0.0							
677789.6	7454133	0.0							
677789.6	7454333	0.0							
677789.6	7454533	0.0							
677789.6	7454733	0.0							
677789.6	7454933	0.0							
677789.6	7455133	0.0							
677789.6	7455333	0.0							
677789.6	7455533	16.5							
677789.6	7455733	15.1							
677789.6	7455933	5.8							
677789.6	7456133	43.8							
677789.6	7456333	131.0							
677789.6	7456533	281.9							
677789.6	7456733	370.4							
677789.6	7456933	434.4							
677789.6	7457133	646.1							
677789.6	7457333	696.0							
677789.6	7457533	574.5							
677789.6	7457733	502.2							
677789.6	7457933	404.5							
677789.6	7458133	351.6							
677789.6	7458333	344.1							
677789.6	7458533	380.5							
677789.6	7458733	415.2							
677789.6	7458933	477.2							
677789.6	7459133	602.0							
677789.6	7459333	613.4							
677789.6	7459533	557.1							
677789.6	7459733	456.5							
677789.6	7459933	375.5							
677789.6	7460133	306.8							
677789.6	7460333	230.5							
677789.6	7460533	258.0							
677789.6	7460733	266.4							
677789.6	7460933	330.0							
677789.6	7461133	368.0							
677789.6	7461333	318.2							
677789.6	7461533	285.7							
677789.6	7461733	320.9							
677789.6	7461933	324.0							
677789.6	7462133	416.4							
677789.6	7462333	362.7							
677789.6	7462533	347.2							
677789.6	7462733	245.7							
677789.6	7462933	165.4							
677789.6	7463133	108.4							
677789.6	7463333	95.2							
677789.6	7463533	70.4							
677789.6	7463733	53.4							
677789.6	7463933	47.3							
677789.6	7464133	40.8							
677789.6	7464333	37.8							
677789.6	7464533	62.3							
677789.6	7464733	113.4							
677789.6	7464933	43.1							
677789.6	7465133	23.7							
677789.6	7465333	53.7							
677789.6	7465533	58.7							
677789.6	7465733	31.0							
677789.6	7465933	25.1							
677789.6	7466133	19.8							
677789.6	7466333	15.3							
677789.6	7466533	12.3							
677789.6	7466733	44.2							
677789.6	7466933	39.7							
677789.6	7467133	31.2							
677789.6	7467333	12.5							
677789.6	7467533	18.8							
677789.6	7467733	19.1							
677789.6	7467933	25.8							
677789.6	7468133	17.2							
677789.6	7468333	33.9							
677789.6	7468533	26.9							
677789.6	7468733	25.0							
677789.6	7468933	20.8							
677789.6	7469133	30.1							
677789.6	7469333	18.3							
677789.6	7469533	9.7							
677789.6	7469733	8.0							
677789.6	7469933	14.5							
677789.6	7470133	18.5							
677789.6	7470333	19.6							
677789.6	7470533	17.1							
677789.6	7470733	25.5							
677789.6	7470933	38.9							
677789.6	7471133	47.9							
677789.6	7471333	29.2							
677789.6	7471533	23.9							
677789.6	7471733	19.8							
677989.6	7451933	0.0							
677989.6	7452133	0.0							
677989.6	7452333	0.0							
677989.6	7452533	0.0							
677989.6	7452733	0.0							
677989.6	7452933	0.0							
677989.6	7453133	0.0							
677989.6	7453333	0.0							
677989.6	7453533	0.0							
677989.6	7453733	0.0							
677989.6	7453933	0.0							
677989.6	7454133	0.0							
677989.6	7454333	0.0							
677989.6	7454533	0.0							
677989.6	7454733	0.0							
677989.6	7454933	0.0							
677989.6	7455133	0.0							
677989.6	7455333	0.0							
677989.6	7455533	8.7							
677989.6	7455733	9.9							
677989.6	7455933	6.1							
677989.6	7456133	56.5							
677989.6	7456333	178.6							
677989.6	7456533	302.0							
677989.6	7456733	333.2							
677989.6	7456933	426.0							
677989.6	7457133	496.5							
677989.6	7457333	656.9							
677989.6	7457533	641.2							
677989.6	7457733	517.6							
677989.6	7457933	435.2							
677989.6	7458133	365.1							
677989.6	7458333	380.9							
677989.6	7458533	389.5							
677989.6	7458733	410.9							
677989.6	7458933	489.3							
677989.6	7459133	596.5							
677989.6	7459333	694.2							
677989.6	7459533	574.4							
677989.6	7459733	472.1							
677989.6	7459933	418.5							
677989.6	7460133	297.4							
677989.6	7460333	230.8							
677989.6	7460533	198.5							
677989.6	7460733	213.8							
677989.6	7460933	247.3							
677989.6	7461133	288.2							
677989.6	7461333	248.8							
677989.6	7461533	218.2							
677989.6	7461733	255.7							
677989.6	7461933	277.2							
677989.6	7462133	376.3							
677989.6	7462333	292.6							
677989.6	7462533	307.1							
677989.6	7462733	258.7							
677989.6	7462933	200.4							
677989.6	7463133	128.6							
677989.6	7463333	94.5							
677989.6	7463533	65.8							
677989.6	7463733	52.1							
677989.6	7463933	45.5							
677989.6	7464133	40.9							
677989.6	7464333	42.5							
677989.6	7464533	45.0							
677989.6	7464733	74.4							
677989.6	7464933	30.0							
677989.6	7465133	27.1							
677989.6	7465333	77.1							
677989.6	7465533	134.5							
677989.6	7465733	57.7							
677989.6	7465933	36.0							
677989.6	7466133	27.1							
677989.6	7466333	13.9							
677989.6	7466533	18.1							
677989.6	7466733	18.4							
677989.6	7466933	13.5							
677989.6	7467133	15.1							
677989.6	7467333	18.3							
677989.6	7467533	14.8							
677989.6	7467733	33.0							
677989.6	7467933	24.6							
677989.6	7468133	16.7							
677989.6	7468333	12.9							
677989.6	7468533	13.9							
677989.6	7468733	32.6							
677989.6	7468933	20.8							
677989.6	7469133	37.0							
677989.6	7469333	19.2							
677989.6	7469533	9.5							
677989.6	7469733	9.3							
677989.6	7469933	9.4							
677989.6	7470133	12.2							
677989.6	7470333	28.7							
677989.6	7470533	20.8							
677989.6	7470733	58.5							
677989.6	7470933	30.3							
677989.6	7471133	68.1							
677989.6	7471333	31.4							
677989.6	7471533	19.6							
677989.6	7471733	15.4							
678189.6	7451933	0.0							
678189.6	7452133	0.0							
678189.6	7452333	0.0							
678189.6	7452533	0.0							
678189.6	7452733	0.0							
678189.6	7452933	0.0							
678189.6	7453133	0.0							
678189.6	7453333	0.0							
678189.6	7453533	0.0							
678189.6	7453733	0.0							
678189.6	7453933	0.0							
678189.6	7454133	0.0							
678189.6	7454333	0.0							
678189.6	7454533	0.0							
678189.6	7454733	0.0							
678189.6	7454933	0.0							
678189.6	7455133	0.0							
678189.6	7455333	0.0							
678189.6	7455533	9.6							
678189.6	7455733	7.6							
678189.6	7455933	23.7							
678189.6	7456133	43.2							
678189.6	7456333	102.5							
678189.6	7456533	201.9							
678189.6	7456733	215.5							
678189.6	7456933	350.9							
678189.6	7457133	400.4							
678189.6	7457333	578.9							
678189.6	7457533	666.9							
678189.6	7457733	549.3							
678189.6	7457933	425.1							
678189.6	7458133	420.9							
678189.6	7458333	436.4							
678189.6	7458533	421.8							
678189.6	7458733	410.5							
678189.6	7458933	493.6							
678189.6	7459133	593.8							
678189.6	7459333	687.2							
678189.6	7459533	521.4							
678189.6	7459733	470.1							
678189.6	7459933	421.7							
678189.6	7460133	388.0							
678189.6	7460333	291.4							
678189.6	7460533	209.9							
678189.6	7460733	168.3							
678189.6	7460933	142.6							
678189.6	7461133	161.2							
678189.6	7461333	180.9							
678189.6	7461533	173.5							
678189.6	7461733	176.8							
678189.6	7461933	277.2							
678189.6	7462133	358.2							
678189.6	7462333	265.0							
678189.6	7462533	216.4							
678189.6	7462733	237.5							
678189.6	7462933	244.2							
678189.6	7463133	117.7							
678189.6	7463333	57.4							
678189.6	7463533	55.1							
678189.6	7463733	39.9							
678189.6	7463933	39.3							
678189.6	7464133	35.6							
678189.6	7464333	41.2							
678189.6	7464533	34.8							
678189.6	7464733	31.8							
678189.6	7464933	51.9							
678189.6	7465133	39.1							
678189.6	7465333	65.4							
678189.6	7465533	168.4							
678189.6	7465733	134.8							
678189.6	7465933	81.9							
678189.6	7466133	27.8							
678189.6	7466333	17.5							
678189.6	7466533	17.8							
678189.6	7466733	9.3							
678189.6	7466933	10.8							
678189.6	7467133	11.8							
678189.6	7467333	16.3							
678189.6	7467533	12.5							
678189.6	7467733	52.6							
678189.6	7467933	33.3							
678189.6	7468133	21.4							
678189.6	7468333	11.5							
678189.6	7468533	11.2							
678189.6	7468733	37.5							
678189.6	7468933	19.3							
678189.6	7469133	25.2							
678189.6	7469333	38.5							
678189.6	7469533	23.6							
678189.6	7469733	6.4							
678189.6	7469933	8.2							
678189.6	7470133	15.1							
678189.6	7470333	83.6							
678189.6	7470533	46.4							
678189.6	7470733	44.7							
678189.6	7470933	20.1							
678189.6	7471133	42.9							
678189.6	7471333	31.6							
678189.6	7471533	22.1							
678189.6	7471733	15.9							
678389.6	7451933	0.0							
678389.6	7452133	0.0							
678389.6	7452333	0.0							
678389.6	7452533	0.0							
678389.6	7452733	0.0							
678389.6	7452933	0.0							
678389.6	7453133	0.0							
678389.6	7453333	0.0							
678389.6	7453533	0.0							
678389.6	7453733	0.0							
678389.6	7453933	0.0							
678389.6	7454133	0.0							
678389.6	7454333	0.0							
678389.6	7454533	0.0							
678389.6	7454733	0.0							
678389.6	7454933	0.0							
678389.6	7455133	0.0							
678389.6	7455333	0.0							
678389.6	7455533	7.3							
678389.6	7455733	13.6							
678389.6	7455933	11.9							
678389.6	7456133	34.2							
678389.6	7456333	101.4							
678389.6	7456533	124.6							
678389.6	7456733	181.0							
678389.6	7456933	248.0							
678389.6	7457133	372.9							
678389.6	7457333	530.2							
678389.6	7457533	620.6							
678389.6	7457733	598.5							
678389.6	7457933	460.0							
678389.6	7458133	496.5							
678389.6	7458333	499.5							
678389.6	7458533	462.4							
678389.6	7458733	451.8							
678389.6	7458933	457.0							
678389.6	7459133	561.3							
678389.6	7459333	640.4							
678389.6	7459533	574.8							
678389.6	7459733	502.4							
678389.6	7459933	482.5							
678389.6	7460133	477.1							
678389.6	7460333	462.2							
678389.6	7460533	259.7							
678389.6	7460733	179.6							
678389.6	7460933	131.5							
678389.6	7461133	130.4							
678389.6	7461333	139.4							
678389.6	7461533	146.5							
678389.6	7461733	164.5							
678389.6	7461933	247.8							
678389.6	7462133	285.6							
678389.6	7462333	261.3							
678389.6	7462533	154.5							
678389.6	7462733	160.7							
678389.6	7462933	182.8							
678389.6	7463133	86.6							
678389.6	7463333	41.7							
678389.6	7463533	33.4							
678389.6	7463733	42.2							
678389.6	7463933	42.5							
678389.6	7464133	38.3							
678389.6	7464333	32.9							
678389.6	7464533	33.1							
678389.6	7464733	34.0							
678389.6	7464933	52.2							
678389.6	7465133	76.7							
678389.6	7465333	86.7							
678389.6	7465533	186.7							
678389.6	7465733	47.6							
678389.6	7465933	32.5							
678389.6	7466133	22.6							
678389.6	7466333	33.1							
678389.6	7466533	24.2							
678389.6	7466733	14.7							
678389.6	7466933	12.7							
678389.6	7467133	14.0							
678389.6	7467333	12.0							
678389.6	7467533	5.8							
678389.6	7467733	29.9							
678389.6	7467933	44.4							
678389.6	7468133	36.1							
678389.6	7468333	10.3							
678389.6	7468533	9.1							
678389.6	7468733	30.5							
678389.6	7468933	14.6							
678389.6	7469133	26.2							
678389.6	7469333	23.4							
678389.6	7469533	13.3							
678389.6	7469733	10.2							
678389.6	7469933	11.2							
678389.6	7470133	49.2							
678389.6	7470333	119.4							
678389.6	7470533	65.4							
678389.6	7470733	30.5							
678389.6	7470933	15.0							
678389.6	7471133	20.7							
678389.6	7471333	26.0							
678389.6	7471533	17.1							
678389.6	7471733	9.3							
678589.6	7451933	0.0							
678589.6	7452133	0.0							
678589.6	7452333	0.0							
678589.6	7452533	0.0							
678589.6	7452733	0.0							
678589.6	7452933	0.0							
678589.6	7453133	0.0							
678589.6	7453333	0.0							
678589.6	7453533	0.0							
678589.6	7453733	0.0							
678589.6	7453933	0.0							
678589.6	7454133	0.0							
678589.6	7454333	0.0							
678589.6	7454533	0.0							
678589.6	7454733	0.0							
678589.6	7454933	0.0							
678589.6	7455133	0.0							
678589.6	7455333	0.0							
678589.6	7455533	4.0							
678589.6	7455733	18.0							
678589.6	7455933	12.5							
678589.6	7456133	43.4							
678589.6	7456333	105.3							
678589.6	7456533	166.2							
678589.6	7456733	182.1							
678589.6	7456933	218.6							
678589.6	7457133	313.9							
678589.6	7457333	475.9							
678589.6	7457533	561.2							
678589.6	7457733	657.8							
678589.6	7457933	563.8							
678589.6	7458133	545.4							
678589.6	7458333	534.2							
678589.6	7458533	511.5							
678589.6	7458733	499.0							
678589.6	7458933	492.2							
678589.6	7459133	553.7							
678589.6	7459333	589.0							
678589.6	7459533	676.6							
678589.6	7459733	574.2							
678589.6	7459933	526.5							
678589.6	7460133	522.5							
678589.6	7460333	526.8							
678589.6	7460533	363.2							
678589.6	7460733	238.8							
678589.6	7460933	152.9							
678589.6	7461133	118.0							
678589.6	7461333	95.2							
678589.6	7461533	122.3							
678589.6	7461733	148.5							
678589.6	7461933	187.2							
678589.6	7462133	308.3							
678589.6	7462333	252.8							
678589.6	7462533	175.6							
678589.6	7462733	84.9							
678589.6	7462933	85.0							
678589.6	7463133	101.9							
678589.6	7463333	36.6							
678589.6	7463533	38.6							
678589.6	7463733	33.8							
678589.6	7463933	31.1							
678589.6	7464133	34.6							
678589.6	7464333	41.3							
678589.6	7464533	33.4							
678589.6	7464733	42.2							
678589.6	7464933	56.2							
678589.6	7465133	99.0							
678589.6	7465333	172.5							
678589.6	7465533	136.4							
678589.6	7465733	46.1							
678589.6	7465933	38.0							
678589.6	7466133	28.8							
678589.6	7466333	16.7							
678589.6	7466533	20.6							
678589.6	7466733	21.4							
678589.6	7466933	15.6							
678589.6	7467133	12.6							
678589.6	7467333	10.2							
678589.6	7467533	8.5							
678589.6	7467733	7.6							
678589.6	7467933	18.4							
678589.6	7468133	31.4							
678589.6	7468333	23.0							
678589.6	7468533	8.8							
678589.6	7468733	16.3							
678589.6	7468933	21.3							
678589.6	7469133	28.0							
678589.6	7469333	19.7							
678589.6	7469533	10.6							
678589.6	7469733	4.3							
678589.6	7469933	10.9							
678589.6	7470133	16.7							
678589.6	7470333	86.9							
678589.6	7470533	40.5							
678589.6	7470733	22.7							
678589.6	7470933	12.2							
678589.6	7471133	9.9							
678589.6	7471333	9.4							
678589.6	7471533	12.2							
678589.6	7471733	10.2							
678789.6	7451933	0.0							
678789.6	7452133	0.0							
678789.6	7452333	0.0							
678789.6	7452533	0.0							
678789.6	7452733	0.0							
678789.6	7452933	0.0							
678789.6	7453133	0.0							
678789.6	7453333	0.0							
678789.6	7453533	0.0							
678789.6	7453733	0.0							
678789.6	7453933	0.0							
678789.6	7454133	0.0							
678789.6	7454333	0.0							
678789.6	7454533	0.0							
678789.6	7454733	0.0							
678789.6	7454933	0.0							
678789.6	7455133	0.0							
678789.6	7455333	0.0							
678789.6	7455533	0.0							
678789.6	7455733	36.1							
678789.6	7455933	11.9							
678789.6	7456133	10.4							
678789.6	7456333	72.1							
678789.6	7456533	138.6							
678789.6	7456733	165.0							
678789.6	7456933	237.5							
678789.6	7457133	356.8							
678789.6	7457333	432.7							
678789.6	7457533	540.0							
678789.6	7457733	581.7							
678789.6	7457933	521.6							
678789.6	7458133	491.6							
678789.6	7458333	529.7							
678789.6	7458533	463.6							
678789.6	7458733	412.5							
678789.6	7458933	510.7							
678789.6	7459133	519.6							
678789.6	7459333	575.5							
678789.6	7459533	646.7							
678789.6	7459733	620.5							
678789.6	7459933	581.6							
678789.6	7460133	569.8							
678789.6	7460333	567.3							
678789.6	7460533	449.5							
678789.6	7460733	288.4							
678789.6	7460933	223.1							
678789.6	7461133	149.0							
678789.6	7461333	85.8							
678789.6	7461533	76.2							
678789.6	7461733	88.1							
678789.6	7461933	124.5							
678789.6	7462133	195.2							
678789.6	7462333	206.6							
678789.6	7462533	225.3							
678789.6	7462733	115.1							
678789.6	7462933	54.6							
678789.6	7463133	35.4							
678789.6	7463333	30.5							
678789.6	7463533	29.0							
678789.6	7463733	25.9							
678789.6	7463933	33.1							
678789.6	7464133	26.6							
678789.6	7464333	27.8							
678789.6	7464533	39.2							
678789.6	7464733	65.3							
678789.6	7464933	42.4							
678789.6	7465133	148.4							
678789.6	7465333	185.4							
678789.6	7465533	73.0							
678789.6	7465733	33.0							
678789.6	7465933	25.0							
678789.6	7466133	25.5							
678789.6	7466333	17.3							
678789.6	7466533	18.1							
678789.6	7466733	18.1							
678789.6	7466933	10.7							
678789.6	7467133	13.5							
678789.6	7467333	12.1							
678789.6	7467533	11.8							
678789.6	7467733	7.8							
678789.6	7467933	11.1							
678789.6	7468133	13.4							
678789.6	7468333	32.0							
678789.6	7468533	8.8							
678789.6	7468733	21.6							
678789.6	7468933	19.1							
678789.6	7469133	9.1							
678789.6	7469333	23.2							
678789.6	7469533	16.9							
678789.6	7469733	5.6							
678789.6	7469933	7.8							
678789.6	7470133	6.7							
678789.6	7470333	25.4							
678789.6	7470533	16.6							
678789.6	7470733	8.6							
678789.6	7470933	8.7							
678789.6	7471133	8.3							
678789.6	7471333	7.3							
678789.6	7471533	9.0							
678789.6	7471733	6.2							
678989.6	7451933	0.0							
678989.6	7452133	0.0							
678989.6	7452333	0.0							
678989.6	7452533	0.0							
678989.6	7452733	0.0							
678989.6	7452933	0.0							
678989.6	7453133	0.0							
678989.6	7453333	0.0							
678989.6	7453533	0.0							
678989.6	7453733	0.0							
678989.6	7453933	0.0							
678989.6	7454133	0.0							
678989.6	7454333	0.0							
678989.6	7454533	0.0							
678989.6	7454733	0.0							
678989.6	7454933	0.0							
678989.6	7455133	0.0							
678989.6	7455333	0.0							
678989.6	7455533	0.0							
678989.6	7455733	95.5							
678989.6	7455933	23.8							
678989.6	7456133	6.5							
678989.6	7456333	31.5							
678989.6	7456533	95.5							
678989.6	7456733	126.3							
678989.6	7456933	221.0							
678989.6	7457133	340.1							
678989.6	7457333	401.5							
678989.6	7457533	467.7							
678989.6	7457733	483.2							
678989.6	7457933	396.5							
678989.6	7458133	453.5							
678989.6	7458333	503.7							
678989.6	7458533	414.3							
678989.6	7458733	360.0							
678989.6	7458933	383.6							
678989.6	7459133	423.8							
678989.6	7459333	455.1							
678989.6	7459533	542.2							
678989.6	7459733	534.0							
678989.6	7459933	535.3							
678989.6	7460133	591.9							
678989.6	7460333	573.0							
678989.6	7460533	505.9							
678989.6	7460733	350.6							
678989.6	7460933	250.3							
678989.6	7461133	175.5							
678989.6	7461333	93.3							
678989.6	7461533	69.0							
678989.6	7461733	68.2							
678989.6	7461933	67.1							
678989.6	7462133	93.7							
678989.6	7462333	135.6							
678989.6	7462533	230.7							
678989.6	7462733	193.1							
678989.6	7462933	63.2							
678989.6	7463133	37.6							
678989.6	7463333	31.2							
678989.6	7463533	32.0							
678989.6	7463733	25.7							
678989.6	7463933	22.1							
678989.6	7464133	35.3							
678989.6	7464333	25.7							
678989.6	7464533	29.1							
678989.6	7464733	34.2							
678989.6	7464933	36.6							
678989.6	7465133	138.2							
678989.6	7465333	190.6							
678989.6	7465533	108.7							
678989.6	7465733	38.2							
678989.6	7465933	28.4							
678989.6	7466133	20.6							
678989.6	7466333	16.5							
678989.6	7466533	21.8							
678989.6	7466733	26.1							
678989.6	7466933	24.9							
678989.6	7467133	14.0							
678989.6	7467333	10.9							
678989.6	7467533	8.8							
678989.6	7467733	9.3							
678989.6	7467933	7.0							
678989.6	7468133	10.9							
678989.6	7468333	6.1							
678989.6	7468533	8.9							
678989.6	7468733	4.6							
678989.6	7468933	9.1							
678989.6	7469133	7.3							
678989.6	7469333	32.0							
678989.6	7469533	18.6							
678989.6	7469733	6.5							
678989.6	7469933	8.9							
678989.6	7470133	8.1							
678989.6	7470333	10.1							
678989.6	7470533	10.5							
678989.6	7470733	8.7							
678989.6	7470933	8.1							
678989.6	7471133	5.7							
678989.6	7471333	9.3							
678989.6	7471533	5.5							
678989.6	7471733	7.8							
679189.6	7451933	0.0							
679189.6	7452133	0.0							
679189.6	7452333	0.0							
679189.6	7452533	0.0							
679189.6	7452733	0.0							
679189.6	7452933	0.0							
679189.6	7453133	0.0							
679189.6	7453333	0.0							
679189.6	7453533	0.0							
679189.6	7453733	0.0							
679189.6	7453933	0.0							
679189.6	7454133	0.0							
679189.6	7454333	0.0							
679189.6	7454533	0.0							
679189.6	7454733	0.0							
679189.6	7454933	0.0							
679189.6	7455133	0.0							
679189.6	7455333	0.0							
679189.6	7455533	17.5							
679189.6	7455733	115.6							
679189.6	7455933	109.0							
679189.6	7456133	14.6							
679189.6	7456333	20.8							
679189.6	7456533	38.1							
679189.6	7456733	103.7							
679189.6	7456933	167.9							
679189.6	7457133	288.3							
679189.6	7457333	311.3							
679189.6	7457533	388.3							
679189.6	7457733	451.7							
679189.6	7457933	312.4							
679189.6	7458133	358.3							
679189.6	7458333	441.2							
679189.6	7458533	356.1							
679189.6	7458733	274.3							
679189.6	7458933	357.1							
679189.6	7459133	420.4							
679189.6	7459333	382.4							
679189.6	7459533	457.7							
679189.6	7459733	478.1							
679189.6	7459933	517.5							
679189.6	7460133	590.1							
679189.6	7460333	590.1							
679189.6	7460533	593.7							
679189.6	7460733	409.9							
679189.6	7460933	320.2							
679189.6	7461133	198.7							
679189.6	7461333	127.5							
679189.6	7461533	120.2							
679189.6	7461733	77.5							
679189.6	7461933	55.5							
679189.6	7462133	55.5							
679189.6	7462333	120.6							
679189.6	7462533	221.6							
679189.6	7462733	170.0							
679189.6	7462933	103.0							
679189.6	7463133	45.1							
679189.6	7463333	32.0							
679189.6	7463533	27.0							
679189.6	7463733	24.5							
679189.6	7463933	25.2							
679189.6	7464133	25.9							
679189.6	7464333	26.0							
679189.6	7464533	27.2							
679189.6	7464733	27.8							
679189.6	7464933	44.5							
679189.6	7465133	116.5							
679189.6	7465333	185.3							
679189.6	7465533	142.2							
679189.6	7465733	93.7							
679189.6	7465933	38.0							
679189.6	7466133	20.9							
679189.6	7466333	16.1							
679189.6	7466533	16.0							
679189.6	7466733	16.6							
679189.6	7466933	14.4							
679189.6	7467133	16.5							
679189.6	7467333	15.9							
679189.6	7467533	25.2							
679189.6	7467733	19.1							
679189.6	7467933	6.5							
679189.6	7468133	7.2							
679189.6	7468333	8.5							
679189.6	7468533	10.0							
679189.6	7468733	7.1							
679189.6	7468933	8.5							
679189.6	7469133	5.2							
679189.6	7469333	2.8							
679189.6	7469533	4.9							
679189.6	7469733	14.0							
679189.6	7469933	8.5							
679189.6	7470133	20.5							
679189.6	7470333	8.3							
679189.6	7470533	5.8							
679189.6	7470733	4.8							
679189.6	7470933	6.0							
679189.6	7471133	8.1							
679189.6	7471333	8.9							
679189.6	7471533	7.8							
679189.6	7471733	6.4							
679389.6	7451933	0.0							
679389.6	7452133	0.0							
679389.6	7452333	0.0							
679389.6	7452533	0.0							
679389.6	7452733	0.0							
679389.6	7452933	0.0							
679389.6	7453133	0.0							
679389.6	7453333	0.0							
679389.6	7453533	0.0							
679389.6	7453733	0.0							
679389.6	7453933	0.0							
679389.6	7454133	0.0							
679389.6	7454333	0.0							
679389.6	7454533	0.0							
679389.6	7454733	0.0							
679389.6	7454933	0.0							
679389.6	7455133	0.0							
679389.6	7455333	0.0							
679389.6	7455533	41.0							
679389.6	7455733	124.8							
679389.6	7455933	204.3							
679389.6	7456133	62.0							
679389.6	7456333	18.9							
679389.6	7456533	60.0							
679389.6	7456733	101.5							
679389.6	7456933	181.8							
679389.6	7457133	256.6							
679389.6	7457333	267.1							
679389.6	7457533	295.7							
679389.6	7457733	403.6							
679389.6	7457933	277.7							
679389.6	7458133	310.8							
679389.6	7458333	415.3							
679389.6	7458533	335.8							
679389.6	7458733	258.8							
679389.6	7458933	282.5							
679389.6	7459133	302.8							
679389.6	7459333	332.8							
679389.6	7459533	365.2							
679389.6	7459733	415.6							
679389.6	7459933	501.3							
679389.6	7460133	584.8							
679389.6	7460333	638.1							
679389.6	7460533	593.4							
679389.6	7460733	398.6							
679389.6	7460933	290.5							
679389.6	7461133	215.4							
679389.6	7461333	163.3							
679389.6	7461533	126.1							
679389.6	7461733	112.4							
679389.6	7461933	55.7							
679389.6	7462133	53.1							
679389.6	7462333	108.5							
679389.6	7462533	169.2							
679389.6	7462733	126.7							
679389.6	7462933	46.0							
679389.6	7463133	41.4							
679389.6	7463333	30.6							
679389.6	7463533	24.9							
679389.6	7463733	22.5							
679389.6	7463933	27.6							
679389.6	7464133	23.6							
679389.6	7464333	40.8							
679389.6	7464533	26.4							
679389.6	7464733	24.7							
679389.6	7464933	31.4							
679389.6	7465133	57.1							
679389.6	7465333	148.1							
679389.6	7465533	180.8							
679389.6	7465733	135.7							
679389.6	7465933	50.3							
679389.6	7466133	26.6							
679389.6	7466333	17.0							
679389.6	7466533	13.3							
679389.6	7466733	12.4							
679389.6	7466933	11.6							
679389.6	7467133	9.4							
679389.6	7467333	7.7							
679389.6	7467533	6.1							
679389.6	7467733	10.8							
679389.6	7467933	7.3							
679389.6	7468133	6.6							
679389.6	7468333	5.8							
679389.6	7468533	8.5							
679389.6	7468733	4.8							
679389.6	7468933	5.1							
679389.6	7469133	11.5							
679389.6	7469333	14.3							
679389.6	7469533	11.7							
679389.6	7469733	22.2							
679389.6	7469933	16.2							
679389.6	7470133	21.2							
679389.6	7470333	8.5							
679389.6	7470533	7.8							
679389.6	7470733	3.9							
679389.6	7470933	5.9							
679389.6	7471133	10.5							
679389.6	7471333	7.9							
679389.6	7471533	4.1							
679389.6	7471733	7.6							
679589.6	7451933	0.0							
679589.6	7452133	0.0							
679589.6	7452333	0.0							
679589.6	7452533	0.0							
679589.6	7452733	0.0							
679589.6	7452933	0.0							
679589.6	7453133	0.0							
679589.6	7453333	0.0							
679589.6	7453533	0.0							
679589.6	7453733	0.0							
679589.6	7453933	0.0							
679589.6	7454133	0.0							
679589.6	7454333	0.0							
679589.6	7454533	0.0							
679589.6	7454733	0.0							
679589.6	7454933	0.0							
679589.6	7455133	0.0							
679589.6	7455333	0.0							
679589.6	7455533	50.8							
679589.6	7455733	169.8							
679589.6	7455933	258.1							
679589.6	7456133	154.4							
679589.6	7456333	51.3							
679589.6	7456533	35.0							
679589.6	7456733	86.8							
679589.6	7456933	166.9							
679589.6	7457133	256.4							
679589.6	7457333	202.0							
679589.6	7457533	312.0							
679589.6	7457733	301.4							
679589.6	7457933	225.1							
679589.6	7458133	252.0							
679589.6	7458333	349.5							
679589.6	7458533	284.2							
679589.6	7458733	237.9							
679589.6	7458933	250.4							
679589.6	7459133	300.1							
679589.6	7459333	297.2							
679589.6	7459533	361.7							
679589.6	7459733	405.1							
679589.6	7459933	465.2							
679589.6	7460133	583.8							
679589.6	7460333	673.6							
679589.6	7460533	543.8							
679589.6	7460733	376.8							
679589.6	7460933	275.6							
679589.6	7461133	245.3							
679589.6	7461333	207.3							
679589.6	7461533	202.6							
679589.6	7461733	151.9							
679589.6	7461933	77.9							
679589.6	7462133	33.3							
679589.6	7462333	53.6							
679589.6	7462533	98.6							
679589.6	7462733	55.4							
679589.6	7462933	27.4							
679589.6	7463133	80.0							
679589.6	7463333	52.3							
679589.6	7463533	26.0							
679589.6	7463733	25.8							
679589.6	7463933	18.9							
679589.6	7464133	23.3							
679589.6	7464333	68.6							
679589.6	7464533	22.8							
679589.6	7464733	24.1							
679589.6	7464933	24.8							
679589.6	7465133	35.2							
679589.6	7465333	107.6							
679589.6	7465533	117.2							
679589.6	7465733	132.9							
679589.6	7465933	95.8							
679589.6	7466133	35.4							
679589.6	7466333	20.0							
679589.6	7466533	11.7							
679589.6	7466733	12.1							
679589.6	7466933	9.5							
679589.6	7467133	9.7							
679589.6	7467333	4.5							
679589.6	7467533	3.8							
679589.6	7467733	3.7							
679589.6	7467933	4.2							
679589.6	7468133	2.4							
679589.6	7468333	3.5							
679589.6	7468533	10.2							
679589.6	7468733	5.6							
679589.6	7468933	8.3							
679589.6	7469133	15.9							
679589.6	7469333	29.2							
679589.6	7469533	20.2							
679589.6	7469733	10.4							
679589.6	7469933	24.0							
679589.6	7470133	11.2							
679589.6	7470333	10.9							
679589.6	7470533	6.5							
679589.6	7470733	10.1							
679589.6	7470933	8.3							
679589.6	7471133	6.1							
679589.6	7471333	4.5							
679589.6	7471533	4.0							
679589.6	7471733	7.5							
679789.6	7451933	0.0							
679789.6	7452133	0.0							
679789.6	7452333	0.0							
679789.6	7452533	0.0							
679789.6	7452733	0.0							
679789.6	7452933	0.0							
679789.6	7453133	0.0							
679789.6	7453333	0.0							
679789.6	7453533	0.0							
679789.6	7453733	0.0							
679789.6	7453933	0.0							
679789.6	7454133	0.0							
679789.6	7454333	0.0							
679789.6	7454533	0.0							
679789.6	7454733	0.0							
679789.6	7454933	0.0							
679789.6	7455133	0.0							
679789.6	7455333	37.7							
679789.6	7455533	114.5							
679789.6	7455733	186.2							
679789.6	7455933	249.0							
679789.6	7456133	289.1							
679789.6	7456333	136.9							
679789.6	7456533	99.8							
679789.6	7456733	103.7							
679789.6	7456933	178.5							
679789.6	7457133	157.6							
679789.6	7457333	186.2							
679789.6	7457533	274.0							
679789.6	7457733	221.7							
679789.6	7457933	179.9							
679789.6	7458133	196.4							
679789.6	7458333	236.3							
679789.6	7458533	330.6							
679789.6	7458733	207.2							
679789.6	7458933	192.2							
679789.6	7459133	206.6							
679789.6	7459333	255.8							
679789.6	7459533	337.7							
679789.6	7459733	388.0							
679789.6	7459933	454.0							
679789.6	7460133	529.2							
679789.6	7460333	654.8							
679789.6	7460533	548.1							
679789.6	7460733	391.6							
679789.6	7460933	327.9							
679789.6	7461133	387.1							
679789.6	7461333	309.9							
679789.6	7461533	230.0							
679789.6	7461733	164.3							
679789.6	7461933	119.8							
679789.6	7462133	48.7							
679789.6	7462333	36.0							
679789.6	7462533	31.2							
679789.6	7462733	37.0							
679789.6	7462933	27.2							
679789.6	7463133	37.8							
679789.6	7463333	30.4							
679789.6	7463533	29.2							
679789.6	7463733	19.3							
679789.6	7463933	24.9							
679789.6	7464133	20.7							
679789.6	7464333	62.5							
679789.6	7464533	24.8							
679789.6	7464733	20.0							
679789.6	7464933	24.8							
679789.6	7465133	28.9							
679789.6	7465333	34.9							
679789.6	7465533	101.2							
679789.6	7465733	97.2							
679789.6	7465933	65.0							
679789.6	7466133	30.9							
679789.6	7466333	13.0							
679789.6	7466533	11.4							
679789.6	7466733	10.2							
679789.6	7466933	13.7							
679789.6	7467133	11.5							
679789.6	7467333	7.4							
679789.6	7467533	4.5							
679789.6	7467733	5.0							
679789.6	7467933	4.7							
679789.6	7468133	5.6							
679789.6	7468333	10.5							
679789.6	7468533	7.1							
679789.6	7468733	10.1							
679789.6	7468933	18.9							
679789.6	7469133	40.1							
679789.6	7469333	46.0							
679789.6	7469533	23.0							
679789.6	7469733	16.4							
679789.6	7469933	7.0							
679789.6	7470133	7.3							
679789.6	7470333	4.6							
679789.6	7470533	6.5							
679789.6	7470733	7.8							
679789.6	7470933	8.4							
679789.6	7471133	3.2							
679789.6	7471333	4.5							
679789.6	7471533	4.4							
679789.6	7471733	9.2							
679989.6	7451933	0.0							
679989.6	7452133	0.0							
679989.6	7452333	0.0							
679989.6	7452533	0.0							
679989.6	7452733	0.0							
679989.6	7452933	0.0							
679989.6	7453133	0.0							
679989.6	7453333	0.0							
679989.6	7453533	0.0							
679989.6	7453733	0.0							
679989.6	7453933	0.0							
679989.6	7454133	0.0							
679989.6	7454333	0.0							
679989.6	7454533	0.0							
679989.6	7454733	0.0							
679989.6	7454933	0.0							
679989.6	7455133	0.0							
679989.6	7455333	40.0							
679989.6	7455533	111.4							
679989.6	7455733	186.6							
679989.6	7455933	257.8							
679989.6	7456133	356.6							
679989.6	7456333	369.9							
679989.6	7456533	163.7							
679989.6	7456733	167.2							
679989.6	7456933	207.7							
679989.6	7457133	129.0							
679989.6	7457333	149.8							
679989.6	7457533	215.3							
679989.6	7457733	151.4							
679989.6	7457933	171.3							
679989.6	7458133	206.5							
679989.6	7458333	237.6							
679989.6	7458533	302.0							
679989.6	7458733	178.4							
679989.6	7458933	136.2							
679989.6	7459133	188.7							
679989.6	7459333	242.3							
679989.6	7459533	328.8							
679989.6	7459733	373.6							
679989.6	7459933	434.0							
679989.6	7460133	499.3							
679989.6	7460333	626.4							
679989.6	7460533	585.5							
679989.6	7460733	445.6							
679989.6	7460933	449.6							
679989.6	7461133	469.8							
679989.6	7461333	343.3							
679989.6	7461533	283.3							
679989.6	7461733	210.0							
679989.6	7461933	120.1							
679989.6	7462133	77.6							
679989.6	7462333	41.0							
679989.6	7462533	34.4							
679989.6	7462733	31.3							
679989.6	7462933	35.3							
679989.6	7463133	34.8							
679989.6	7463333	28.2							
679989.6	7463533	28.7							
679989.6	7463733	29.2							
679989.6	7463933	21.6							
679989.6	7464133	16.8							
679989.6	7464333	19.8							
679989.6	7464533	19.9							
679989.6	7464733	23.6							
679989.6	7464933	25.4							
679989.6	7465133	37.4							
679989.6	7465333	53.8							
679989.6	7465533	104.8							
679989.6	7465733	38.4							
679989.6	7465933	32.5							
679989.6	7466133	22.5							
679989.6	7466333	15.1							
679989.6	7466533	15.3							
679989.6	7466733	13.3							
679989.6	7466933	6.2							
679989.6	7467133	5.7							
679989.6	7467333	8.0							
679989.6	7467533	14.2							
679989.6	7467733	4.9							
679989.6	7467933	12.8							
679989.6	7468133	5.1							
679989.6	7468333	11.7							
679989.6	7468533	5.4							
679989.6	7468733	15.0							
679989.6	7468933	11.2							
679989.6	7469133	24.5							
679989.6	7469333	29.6							
679989.6	7469533	7.8							
679989.6	7469733	11.6							
679989.6	7469933	9.7							
679989.6	7470133	15.1							
679989.6	7470333	9.9							
679989.6	7470533	10.0							
679989.6	7470733	7.8							
679989.6	7470933	3.8							
679989.6	7471133	7.5							
679989.6	7471333	7.3							
679989.6	7471533	5.5							
679989.6	7471733	5.5							
680189.6	7451933	0.0							
680189.6	7452133	0.0							
680189.6	7452333	0.0							
680189.6	7452533	0.0							
680189.6	7452733	0.0							
680189.6	7452933	0.0							
680189.6	7453133	0.0							
680189.6	7453333	0.0							
680189.6	7453533	0.0							
680189.6	7453733	0.0							
680189.6	7453933	0.0							
680189.6	7454133	0.0							
680189.6	7454333	0.0							
680189.6	7454533	0.0							
680189.6	7454733	0.0							
680189.6	7454933	0.0							
680189.6	7455133	0.0							
680189.6	7455333	1.9							
680189.6	7455533	149.5							
680189.6	7455733	190.3							
680189.6	7455933	235.6							
680189.6	7456133	265.8							
680189.6	7456333	424.0							
680189.6	7456533	259.4							
680189.6	7456733	209.4							
680189.6	7456933	128.7							
680189.6	7457133	90.3							
680189.6	7457333	99.7							
680189.6	7457533	130.9							
680189.6	7457733	111.6							
680189.6	7457933	180.5							
680189.6	7458133	229.0							
680189.6	7458333	252.6							
680189.6	7458533	198.6							
680189.6	7458733	171.7							
680189.6	7458933	118.9							
680189.6	7459133	177.6							
680189.6	7459333	202.2							
680189.6	7459533	254.0							
680189.6	7459733	321.7							
680189.6	7459933	363.7							
680189.6	7460133	455.9							
680189.6	7460333	634.3							
680189.6	7460533	615.0							
680189.6	7460733	496.6							
680189.6	7460933	601.3							
680189.6	7461133	502.2							
680189.6	7461333	385.7							
680189.6	7461533	247.2							
680189.6	7461733	179.0							
680189.6	7461933	145.8							
680189.6	7462133	145.3							
680189.6	7462333	87.2							
680189.6	7462533	40.2							
680189.6	7462733	31.3							
680189.6	7462933	22.2							
680189.6	7463133	29.2							
680189.6	7463333	29.7							
680189.6	7463533	31.9							
680189.6	7463733	29.5							
680189.6	7463933	27.0							
680189.6	7464133	23.1							
680189.6	7464333	15.9							
680189.6	7464533	17.7							
680189.6	7464733	20.6							
680189.6	7464933	22.2							
680189.6	7465133	37.5							
680189.6	7465333	46.3							
680189.6	7465533	93.2							
680189.6	7465733	47.2							
680189.6	7465933	25.2							
680189.6	7466133	16.6							
680189.6	7466333	14.6							
680189.6	7466533	13.9							
680189.6	7466733	13.2							
680189.6	7466933	8.0							
680189.6	7467133	12.8							
680189.6	7467333	6.9							
680189.6	7467533	7.6							
680189.6	7467733	7.2							
680189.6	7467933	17.0							
680189.6	7468133	11.6							
680189.6	7468333	9.3							
680189.6	7468533	4.6							
680189.6	7468733	26.5							
680189.6	7468933	16.7							
680189.6	7469133	12.6							
680189.6	7469333	3.8							
680189.6	7469533	4.9							
680189.6	7469733	6.4							
680189.6	7469933	6.5							
680189.6	7470133	6.0							
680189.6	7470333	5.3							
680189.6	7470533	23.1							
680189.6	7470733	14.3							
680189.6	7470933	9.0							
680189.6	7471133	8.8							
680189.6	7471333	9.1							
680189.6	7471533	8.7							
680189.6	7471733	6.3							
680389.6	7451933	0.0							
680389.6	7452133	0.0							
680389.6	7452333	0.0							
680389.6	7452533	0.0							
680389.6	7452733	0.0							
680389.6	7452933	0.0							
680389.6	7453133	0.0							
680389.6	7453333	0.0							
680389.6	7453533	0.0							
680389.6	7453733	0.0							
680389.6	7453933	0.0							
680389.6	7454133	0.0							
680389.6	7454333	0.0							
680389.6	7454533	0.0							
680389.6	7454733	0.0							
680389.6	7454933	0.0							
680389.6	7455133	0.0							
680389.6	7455333	0.0							
680389.6	7455533	26.7							
680389.6	7455733	121.4							
680389.6	7455933	133.0							
680389.6	7456133	172.0							
680389.6	7456333	325.9							
680389.6	7456533	339.9							
680389.6	7456733	224.5							
680389.6	7456933	132.9							
680389.6	7457133	80.4							
680389.6	7457333	91.3							
680389.6	7457533	78.5							
680389.6	7457733	131.8							
680389.6	7457933	188.3							
680389.6	7458133	220.1							
680389.6	7458333	251.1							
680389.6	7458533	126.3							
680389.6	7458733	181.6							
680389.6	7458933	81.0							
680389.6	7459133	107.8							
680389.6	7459333	143.2							
680389.6	7459533	191.2							
680389.6	7459733	244.2							
680389.6	7459933	364.3							
680389.6	7460133	454.3							
680389.6	7460333	619.8							
680389.6	7460533	686.0							
680389.6	7460733	610.8							
680389.6	7460933	654.1							
680389.6	7461133	485.4							
680389.6	7461333	349.0							
680389.6	7461533	269.0							
680389.6	7461733	226.1							
680389.6	7461933	218.0							
680389.6	7462133	174.7							
680389.6	7462333	86.8							
680389.6	7462533	37.6							
680389.6	7462733	28.1							
680389.6	7462933	24.2							
680389.6	7463133	44.4							
680389.6	7463333	25.2							
680389.6	7463533	22.4							
680389.6	7463733	24.9							
680389.6	7463933	20.5							
680389.6	7464133	22.7							
680389.6	7464333	15.0							
680389.6	7464533	14.5							
680389.6	7464733	19.4							
680389.6	7464933	17.5							
680389.6	7465133	17.5							
680389.6	7465333	22.6							
680389.6	7465533	38.6							
680389.6	7465733	42.0							
680389.6	7465933	15.6							
680389.6	7466133	21.1							
680389.6	7466333	11.7							
680389.6	7466533	11.2							
680389.6	7466733	13.2							
680389.6	7466933	4.2							
680389.6	7467133	7.6							
680389.6	7467333	10.6							
680389.6	7467533	2.5							
680389.6	7467733	6.4							
680389.6	7467933	8.4							
680389.6	7468133	1.3							
680389.6	7468333	6.5							
680389.6	7468533	3.1							
680389.6	7468733	3.8							
680389.6	7468933	7.8							
680389.6	7469133	4.1							
680389.6	7469333	1.5							
680389.6	7469533	9.2							
680389.6	7469733	7.8							
680389.6	7469933	5.5							
680389.6	7470133	6.9							
680389.6	7470333	7.0							
680389.6	7470533	32.7							
680389.6	7470733	26.4							
680389.6	7470933	1.9							
680389.6	7471133	8.6							
680389.6	7471333	7.7							
680389.6	7471533	6.4							
680389.6	7471733	9.2							
680589.6	7451933	0.0							
680589.6	7452133	0.0							
680589.6	7452333	0.0							
680589.6	7452533	0.0							
680589.6	7452733	0.0							
680589.6	7452933	0.0							
680589.6	7453133	0.0							
680589.6	7453333	0.0							
680589.6	7453533	0.0							
680589.6	7453733	0.0							
680589.6	7453933	0.0							
680589.6	7454133	0.0							
680589.6	7454333	0.0							
680589.6	7454533	0.0							
680589.6	7454733	0.0							
680589.6	7454933	0.0							
680589.6	7455133	0.0							
680589.6	7455333	0.0							
680589.6	7455533	0.0							
680589.6	7455733	73.0							
680589.6	7455933	94.2							
680589.6	7456133	132.0							
680589.6	7456333	249.6							
680589.6	7456533	351.8							
680589.6	7456733	236.1							
680589.6	7456933	132.3							
680589.6	7457133	76.3							
680589.6	7457333	52.4							
680589.6	7457533	85.4							
680589.6	7457733	127.2							
680589.6	7457933	96.0							
680589.6	7458133	135.3							
680589.6	7458333	180.6							
680589.6	7458533	131.8							
680589.6	7458733	94.7							
680589.6	7458933	79.9							
680589.6	7459133	90.7							
680589.6	7459333	120.5							
680589.6	7459533	165.0							
680589.6	7459733	221.0							
680589.6	7459933	294.8							
680589.6	7460133	404.7							
680589.6	7460333	544.8							
680589.6	7460533	701.0							
680589.6	7460733	752.9							
680589.6	7460933	686.9							
680589.6	7461133	558.7							
680589.6	7461333	482.9							
680589.6	7461533	401.2							
680589.6	7461733	380.9							
680589.6	7461933	281.9							
680589.6	7462133	180.9							
680589.6	7462333	91.9							
680589.6	7462533	51.9							
680589.6	7462733	33.3							
680589.6	7462933	39.5							
680589.6	7463133	23.9							
680589.6	7463333	21.3							
680589.6	7463533	25.3							
680589.6	7463733	23.7							
680589.6	7463933	25.6							
680589.6	7464133	21.6							
680589.6	7464333	21.4							
680589.6	7464533	18.3							
680589.6	7464733	31.1							
680589.6	7464933	17.4							
680589.6	7465133	15.3							
680589.6	7465333	17.7							
680589.6	7465533	25.5							
680589.6	7465733	14.8							
680589.6	7465933	43.3							
680589.6	7466133	43.0							
680589.6	7466333	38.2							
680589.6	7466533	22.0							
680589.6	7466733	13.0							
680589.6	7466933	12.3							
680589.6	7467133	5.4							
680589.6	7467333	5.6							
680589.6	7467533	8.3							
680589.6	7467733	5.4							
680589.6	7467933	3.3							
680589.6	7468133	0.8							
680589.6	7468333	2.9							
680589.6	7468533	5.1							
680589.6	7468733	4.1							
680589.6	7468933	11.4							
680589.6	7469133	7.2							
680589.6	7469333	7.8							
680589.6	7469533	6.9							
680589.6	7469733	5.6							
680589.6	7469933	4.9							
680589.6	7470133	5.7							
680589.6	7470333	3.9							
680589.6	7470533	16.3							
680589.6	7470733	8.8							
680589.6	7470933	7.0							
680589.6	7471133	6.2							
680589.6	7471333	5.5							
680589.6	7471533	2.2							
680589.6	7471733	4.9							
680789.6	7451933	0.0							
680789.6	7452133	0.0							
680789.6	7452333	0.0							
680789.6	7452533	0.0							
680789.6	7452733	0.0							
680789.6	7452933	0.0							
680789.6	7453133	0.0							
680789.6	7453333	0.0							
680789.6	7453533	0.0							
680789.6	7453733	0.0							
680789.6	7453933	0.0							
680789.6	7454133	0.0							
680789.6	7454333	0.0							
680789.6	7454533	0.0							
680789.6	7454733	0.0							
680789.6	7454933	0.0							
680789.6	7455133	0.0							
680789.6	7455333	0.0							
680789.6	7455533	0.0							
680789.6	7455733	12.4							
680789.6	7455933	60.9							
680789.6	7456133	95.5							
680789.6	7456333	175.1							
680789.6	7456533	273.7							
680789.6	7456733	211.5							
680789.6	7456933	132.7							
680789.6	7457133	131.3							
680789.6	7457333	48.7							
680789.6	7457533	44.7							
680789.6	7457733	27.8							
680789.6	7457933	41.9							
680789.6	7458133	86.3							
680789.6	7458333	169.1							
680789.6	7458533	101.9							
680789.6	7458733	50.0							
680789.6	7458933	47.4							
680789.6	7459133	66.5							
680789.6	7459333	111.2							
680789.6	7459533	213.6							
680789.6	7459733	262.9							
680789.6	7459933	284.6							
680789.6	7460133	373.3							
680789.6	7460333	536.1							
680789.6	7460533	637.5							
680789.6	7460733	770.3							
680789.6	7460933	668.1							
680789.6	7461133	527.5							
680789.6	7461333	423.9							
680789.6	7461533	378.7							
680789.6	7461733	325.3							
680789.6	7461933	285.3							
680789.6	7462133	218.1							
680789.6	7462333	150.0							
680789.6	7462533	90.1							
680789.6	7462733	54.6							
680789.6	7462933	33.8							
680789.6	7463133	35.9							
680789.6	7463333	30.3							
680789.6	7463533	30.3							
680789.6	7463733	20.4							
680789.6	7463933	18.2							
680789.6	7464133	23.0							
680789.6	7464333	19.8							
680789.6	7464533	17.0							
680789.6	7464733	11.9							
680789.6	7464933	14.3							
680789.6	7465133	10.8							
680789.6	7465333	19.3							
680789.6	7465533	13.4							
680789.6	7465733	39.9							
680789.6	7465933	88.6							
680789.6	7466133	91.8							
680789.6	7466333	60.7							
680789.6	7466533	30.3							
680789.6	7466733	16.9							
680789.6	7466933	10.8							
680789.6	7467133	8.2							
680789.6	7467333	6.2							
680789.6	7467533	5.1							
680789.6	7467733	5.5							
680789.6	7467933	1.7							
680789.6	7468133	4.6							
680789.6	7468333	4.8							
680789.6	7468533	12.7							
680789.6	7468733	8.1							
680789.6	7468933	3.7							
680789.6	7469133	6.3							
680789.6	7469333	6.8							
680789.6	7469533	6.0							
680789.6	7469733	5.4							
680789.6	7469933	5.5							
680789.6	7470133	6.8							
680789.6	7470333	6.6							
680789.6	7470533	3.7							
680789.6	7470733	2.4							
680789.6	7470933	2.4							
680789.6	7471133	3.8							
680789.6	7471333	2.7							
680789.6	7471533	0.0							
680789.6	7471733	0.0							
680989.6	7451933	0.0							
680989.6	7452133	0.0							
680989.6	7452333	0.0							
680989.6	7452533	0.0							
680989.6	7452733	0.0							
680989.6	7452933	0.0							
680989.6	7453133	0.0							
680989.6	7453333	0.0							
680989.6	7453533	0.0							
680989.6	7453733	0.0							
680989.6	7453933	0.0							
680989.6	7454133	0.0							
680989.6	7454333	0.0							
680989.6	7454533	0.0							
680989.6	7454733	0.0							
680989.6	7454933	0.0							
680989.6	7455133	0.0							
680989.6	7455333	0.0							
680989.6	7455533	0.0							
680989.6	7455733	0.0							
680989.6	7455933	17.6							
680989.6	7456133	38.8							
680989.6	7456333	63.0							
680989.6	7456533	142.0							
680989.6	7456733	122.0							
680989.6	7456933	101.5							
680989.6	7457133	119.8							
680989.6	7457333	73.0							
680989.6	7457533	27.5							
680989.6	7457733	25.9							
680989.6	7457933	47.6							
680989.6	7458133	98.8							
680989.6	7458333	175.0							
680989.6	7458533	152.0							
680989.6	7458733	63.4							
680989.6	7458933	46.0							
680989.6	7459133	45.4							
680989.6	7459333	139.6							
680989.6	7459533	236.9							
680989.6	7459733	344.6							
680989.6	7459933	424.8							
680989.6	7460133	391.1							
680989.6	7460333	518.6							
680989.6	7460533	641.1							
680989.6	7460733	740.2							
680989.6	7460933	595.0							
680989.6	7461133	476.3							
680989.6	7461333	370.2							
680989.6	7461533	286.3							
680989.6	7461733	241.1							
680989.6	7461933	201.6							
680989.6	7462133	154.2							
680989.6	7462333	120.9							
680989.6	7462533	91.0							
680989.6	7462733	68.0							
680989.6	7462933	53.9							
680989.6	7463133	34.0							
680989.6	7463333	25.2							
680989.6	7463533	32.5							
680989.6	7463733	25.6							
680989.6	7463933	27.9							
680989.6	7464133	28.4							
680989.6	7464333	17.4							
680989.6	7464533	12.9							
680989.6	7464733	10.2							
680989.6	7464933	15.3							
680989.6	7465133	13.8							
680989.6	7465333	15.0							
680989.6	7465533	16.2							
680989.6	7465733	59.8							
680989.6	7465933	108.1							
680989.6	7466133	120.8							
680989.6	7466333	62.0							
680989.6	7466533	26.9							
680989.6	7466733	35.8							
680989.6	7466933	24.1							
680989.6	7467133	18.0							
680989.6	7467333	7.3							
680989.6	7467533	6.7							
680989.6	7467733	7.0							
680989.6	7467933	2.9							
680989.6	7468133	2.3							
680989.6	7468333	5.2							
680989.6	7468533	5.8							
680989.6	7468733	5.3							
680989.6	7468933	5.9							
680989.6	7469133	1.6							
680989.6	7469333	7.2							
680989.6	7469533	7.5							
680989.6	7469733	8.3							
680989.6	7469933	3.4							
680989.6	7470133	7.9							
680989.6	7470333	13.6							
680989.6	7470533	4.6							
680989.6	7470733	0.0							
680989.6	7470933	1.1							
680989.6	7471133	0.7							
680989.6	7471333	1.6							
680989.6	7471533	3.3							
680989.6	7471733	6.5							
681189.6	7451933	0.0							
681189.6	7452133	0.0							
681189.6	7452333	0.0							
681189.6	7452533	0.0							
681189.6	7452733	0.0							
681189.6	7452933	0.0							
681189.6	7453133	0.0							
681189.6	7453333	0.0							
681189.6	7453533	0.0							
681189.6	7453733	0.0							
681189.6	7453933	0.0							
681189.6	7454133	0.0							
681189.6	7454333	0.0							
681189.6	7454533	0.0							
681189.6	7454733	0.0							
681189.6	7454933	0.0							
681189.6	7455133	0.0							
681189.6	7455333	0.0							
681189.6	7455533	0.0							
681189.6	7455733	0.0							
681189.6	7455933	10.8							
681189.6	7456133	0.0							
681189.6	7456333	2.3							
681189.6	7456533	83.8							
681189.6	7456733	82.9							
681189.6	7456933	78.2							
681189.6	7457133	61.8							
681189.6	7457333	74.1							
681189.6	7457533	59.4							
681189.6	7457733	21.2							
681189.6	7457933	39.6							
681189.6	7458133	66.1							
681189.6	7458333	166.4							
681189.6	7458533	179.4							
681189.6	7458733	107.7							
681189.6	7458933	49.1							
681189.6	7459133	33.1							
681189.6	7459333	99.9							
681189.6	7459533	199.0							
681189.6	7459733	300.5							
681189.6	7459933	408.0							
681189.6	7460133	510.5							
681189.6	7460333	579.1							
681189.6	7460533	677.7							
681189.6	7460733	695.2							
681189.6	7460933	656.3							
681189.6	7461133	555.9							
681189.6	7461333	414.1							
681189.6	7461533	300.5							
681189.6	7461733	247.2							
681189.6	7461933	210.0							
681189.6	7462133	164.8							
681189.6	7462333	144.0							
681189.6	7462533	146.2							
681189.6	7462733	81.6							
681189.6	7462933	54.5							
681189.6	7463133	31.9							
681189.6	7463333	31.3							
681189.6	7463533	19.5							
681189.6	7463733	19.7							
681189.6	7463933	18.8							
681189.6	7464133	25.8							
681189.6	7464333	15.7							
681189.6	7464533	17.8							
681189.6	7464733	12.1							
681189.6	7464933	18.7							
681189.6	7465133	17.4							
681189.6	7465333	8.8							
681189.6	7465533	13.7							
681189.6	7465733	44.1							
681189.6	7465933	46.4							
681189.6	7466133	64.2							
681189.6	7466333	61.8							
681189.6	7466533	74.8							
681189.6	7466733	78.1							
681189.6	7466933	27.1							
681189.6	7467133	54.3							
681189.6	7467333	18.2							
681189.6	7467533	9.6							
681189.6	7467733	4.2							
681189.6	7467933	4.5							
681189.6	7468133	7.2							
681189.6	7468333	4.8							
681189.6	7468533	15.4							
681189.6	7468733	9.3							
681189.6	7468933	15.1							
681189.6	7469133	15.5							
681189.6	7469333	14.5							
681189.6	7469533	6.8							
681189.6	7469733	0.8							
681189.6	7469933	2.4							
681189.6	7470133	5.6							
681189.6	7470333	6.0							
681189.6	7470533	0.0							
681189.6	7470733	6.9							
681189.6	7470933	3.2							
681189.6	7471133	6.9							
681189.6	7471333	5.0							
681189.6	7471533	9.9							
681189.6	7471733	3.7							
681389.6	7451933	0.0							
681389.6	7452133	0.0							
681389.6	7452333	0.0							
681389.6	7452533	0.0							
681389.6	7452733	0.0							
681389.6	7452933	0.0							
681389.6	7453133	0.0							
681389.6	7453333	0.0							
681389.6	7453533	0.0							
681389.6	7453733	0.0							
681389.6	7453933	0.0							
681389.6	7454133	0.0							
681389.6	7454333	0.0							
681389.6	7454533	0.0							
681389.6	7454733	0.0							
681389.6	7454933	0.0							
681389.6	7455133	0.0							
681389.6	7455333	0.0							
681389.6	7455533	0.0							
681389.6	7455733	0.0							
681389.6	7455933	0.0							
681389.6	7456133	0.0							
681389.6	7456333	0.0							
681389.6	7456533	88.3							
681389.6	7456733	42.1							
681389.6	7456933	38.6							
681389.6	7457133	32.4							
681389.6	7457333	9.8							
681389.6	7457533	47.3							
681389.6	7457733	11.7							
681389.6	7457933	9.2							
681389.6	7458133	15.7							
681389.6	7458333	65.0							
681389.6	7458533	171.4							
681389.6	7458733	84.7							
681389.6	7458933	18.8							
681389.6	7459133	22.7							
681389.6	7459333	72.4							
681389.6	7459533	148.4							
681389.6	7459733	199.4							
681389.6	7459933	276.5							
681389.6	7460133	417.7							
681389.6	7460333	506.8							
681389.6	7460533	597.0							
681389.6	7460733	681.0							
681389.6	7460933	695.7							
681389.6	7461133	570.7							
681389.6	7461333	434.2							
681389.6	7461533	350.4							
681389.6	7461733	336.2							
681389.6	7461933	295.8							
681389.6	7462133	240.8							
681389.6	7462333	191.1							
681389.6	7462533	172.6							
681389.6	7462733	168.5							
681389.6	7462933	100.7							
681389.6	7463133	42.5							
681389.6	7463333	31.1							
681389.6	7463533	24.7							
681389.6	7463733	25.8							
681389.6	7463933	15.5							
681389.6	7464133	21.3							
681389.6	7464333	21.8							
681389.6	7464533	17.2							
681389.6	7464733	13.2							
681389.6	7464933	19.0							
681389.6	7465133	23.2							
681389.6	7465333	8.1							
681389.6	7465533	8.1							
681389.6	7465733	12.1							
681389.6	7465933	31.5							
681389.6	7466133	29.2							
681389.6	7466333	27.3							
681389.6	7466533	60.5							
681389.6	7466733	34.7							
681389.6	7466933	39.3							
681389.6	7467133	63.0							
681389.6	7467333	52.2							
681389.6	7467533	13.7							
681389.6	7467733	6.9							
681389.6	7467933	6.2							
681389.6	7468133	6.5							
681389.6	7468333	9.3							
681389.6	7468533	9.7							
681389.6	7468733	2.9							
681389.6	7468933	11.6							
681389.6	7469133	17.7							
681389.6	7469333	26.3							
681389.6	7469533	25.9							
681389.6	7469733	6.8							
681389.6	7469933	5.5							
681389.6	7470133	0.0							
681389.6	7470333	5.3							
681389.6	7470533	4.9							
681389.6	7470733	6.1							
681389.6	7470933	4.8							
681389.6	7471133	10.7							
681389.6	7471333	3.5							
681389.6	7471533	4.5							
681389.6	7471733	13.4							
681589.6	7451933	0.0							
681589.6	7452133	0.0							
681589.6	7452333	0.0							
681589.6	7452533	0.0							
681589.6	7452733	0.0							
681589.6	7452933	0.0							
681589.6	7453133	0.0							
681589.6	7453333	0.0							
681589.6	7453533	0.0							
681589.6	7453733	0.0							
681589.6	7453933	0.0							
681589.6	7454133	0.0							
681589.6	7454333	0.0							
681589.6	7454533	0.0							
681589.6	7454733	0.0							
681589.6	7454933	0.0							
681589.6	7455133	0.0							
681589.6	7455333	0.0							
681589.6	7455533	0.0							
681589.6	7455733	0.0							
681589.6	7455933	0.0							
681589.6	7456133	0.0							
681589.6	7456333	0.0							
681589.6	7456533	48.5							
681589.6	7456733	10.0							
681589.6	7456933	23.3							
681589.6	7457133	16.1							
681589.6	7457333	8.0							
681589.6	7457533	38.0							
681589.6	7457733	21.4							
681589.6	7457933	33.6							
681589.6	7458133	29.6							
681589.6	7458333	16.5							
681589.6	7458533	82.8							
681589.6	7458733	103.6							
681589.6	7458933	14.5							
681589.6	7459133	13.4							
681589.6	7459333	18.9							
681589.6	7459533	116.6							
681589.6	7459733	164.6							
681589.6	7459933	264.5							
681589.6	7460133	317.4							
681589.6	7460333	406.4							
681589.6	7460533	534.7							
681589.6	7460733	670.7							
681589.6	7460933	739.7							
681589.6	7461133	660.6							
681589.6	7461333	532.6							
681589.6	7461533	492.8							
681589.6	7461733	502.1							
681589.6	7461933	404.6							
681589.6	7462133	305.6							
681589.6	7462333	262.1							
681589.6	7462533	230.2							
681589.6	7462733	238.2							
681589.6	7462933	151.7							
681589.6	7463133	64.2							
681589.6	7463333	32.9							
681589.6	7463533	27.5							
681589.6	7463733	29.3							
681589.6	7463933	23.2							
681589.6	7464133	17.5							
681589.6	7464333	27.4							
681589.6	7464533	20.4							
681589.6	7464733	25.1							
681589.6	7464933	20.4							
681589.6	7465133	10.1							
681589.6	7465333	8.1							
681589.6	7465533	9.3							
681589.6	7465733	9.7							
681589.6	7465933	11.7							
681589.6	7466133	38.9							
681589.6	7466333	24.8							
681589.6	7466533	24.0							
681589.6	7466733	29.7							
681589.6	7466933	20.9							
681589.6	7467133	21.6							
681589.6	7467333	19.5							
681589.6	7467533	8.9							
681589.6	7467733	13.8							
681589.6	7467933	14.5							
681589.6	7468133	9.0							
681589.6	7468333	5.9							
681589.6	7468533	3.3							
681589.6	7468733	9.5							
681589.6	7468933	14.9							
681589.6	7469133	18.6							
681589.6	7469333	18.6							
681589.6	7469533	19.5							
681589.6	7469733	4.6							
681589.6	7469933	1.4							
681589.6	7470133	0.0							
681589.6	7470333	4.4							
681589.6	7470533	3.5							
681589.6	7470733	12.1							
681589.6	7470933	12.5							
681589.6	7471133	4.3							
681589.6	7471333	4.4							
681589.6	7471533	4.6							
681589.6	7471733	1.6							
681789.6	7451933	0.0							
681789.6	7452133	0.0							
681789.6	7452333	0.0							
681789.6	7452533	0.0							
681789.6	7452733	0.0							
681789.6	7452933	0.0							
681789.6	7453133	0.0							
681789.6	7453333	0.0							
681789.6	7453533	0.0							
681789.6	7453733	0.0							
681789.6	7453933	0.0							
681789.6	7454133	0.0							
681789.6	7454333	0.0							
681789.6	7454533	0.0							
681789.6	7454733	0.0							
681789.6	7454933	0.0							
681789.6	7455133	0.0							
681789.6	7455333	0.0							
681789.6	7455533	0.0							
681789.6	7455733	0.0							
681789.6	7455933	0.0							
681789.6	7456133	0.0							
681789.6	7456333	0.0							
681789.6	7456533	0.0							
681789.6	7456733	16.0							
681789.6	7456933	20.7							
681789.6	7457133	24.1							
681789.6	7457333	17.3							
681789.6	7457533	11.5							
681789.6	7457733	12.1							
681789.6	7457933	7.9							
681789.6	7458133	8.2							
681789.6	7458333	12.0							
681789.6	7458533	57.8							
681789.6	7458733	80.7							
681789.6	7458933	19.9							
681789.6	7459133	26.1							
681789.6	7459333	12.6							
681789.6	7459533	78.1							
681789.6	7459733	109.0							
681789.6	7459933	252.8							
681789.6	7460133	319.6							
681789.6	7460333	422.7							
681789.6	7460533	535.8							
681789.6	7460733	577.7							
681789.6	7460933	680.3							
681789.6	7461133	676.1							
681789.6	7461333	591.7							
681789.6	7461533	606.1							
681789.6	7461733	598.2							
681789.6	7461933	498.9							
681789.6	7462133	430.6							
681789.6	7462333	361.8							
681789.6	7462533	306.5							
681789.6	7462733	230.2							
681789.6	7462933	163.3							
681789.6	7463133	96.1							
681789.6	7463333	29.5							
681789.6	7463533	31.5							
681789.6	7463733	22.7							
681789.6	7463933	24.1							
681789.6	7464133	14.8							
681789.6	7464333	18.1							
681789.6	7464533	20.4							
681789.6	7464733	15.8							
681789.6	7464933	14.1							
681789.6	7465133	8.2							
681789.6	7465333	7.5							
681789.6	7465533	9.3							
681789.6	7465733	9.0							
681789.6	7465933	12.1							
681789.6	7466133	12.6							
681789.6	7466333	17.3							
681789.6	7466533	15.7							
681789.6	7466733	31.7							
681789.6	7466933	17.3							
681789.6	7467133	9.1							
681789.6	7467333	7.0							
681789.6	7467533	3.9							
681789.6	7467733	9.6							
681789.6	7467933	8.2							
681789.6	7468133	3.0							
681789.6	7468333	9.1							
681789.6	7468533	5.9							
681789.6	7468733	4.4							
681789.6	7468933	6.1							
681789.6	7469133	14.0							
681789.6	7469333	4.1							
681789.6	7469533	2.4							
681789.6	7469733	2.0							
681789.6	7469933	4.3							
681789.6	7470133	0.0							
681789.6	7470333	10.9							
681789.6	7470533	7.7							
681789.6	7470733	13.8							
681789.6	7470933	4.5							
681789.6	7471133	3.4							
681789.6	7471333	3.1							
681789.6	7471533	0.0							
681789.6	7471733	0.0							
681989.6	7451933	0.0							
681989.6	7452133	0.0							
681989.6	7452333	0.0							
681989.6	7452533	0.0							
681989.6	7452733	0.0							
681989.6	7452933	0.0							
681989.6	7453133	0.0							
681989.6	7453333	0.0							
681989.6	7453533	0.0							
681989.6	7453733	0.0							
681989.6	7453933	0.0							
681989.6	7454133	0.0							
681989.6	7454333	0.0							
681989.6	7454533	0.0							
681989.6	7454733	0.0							
681989.6	7454933	0.0							
681989.6	7455133	0.0							
681989.6	7455333	0.0							
681989.6	7455533	0.0							
681989.6	7455733	0.0							
681989.6	7455933	0.0							
681989.6	7456133	0.0							
681989.6	7456333	0.0							
681989.6	7456533	0.0							
681989.6	7456733	0.0							
681989.6	7456933	21.5							
681989.6	7457133	27.4							
681989.6	7457333	19.0							
681989.6	7457533	19.0							
681989.6	7457733	4.4							
681989.6	7457933	14.0							
681989.6	7458133	6.2							
681989.6	7458333	6.3							
681989.6	7458533	5.9							
681989.6	7458733	22.0							
681989.6	7458933	20.6							
681989.6	7459133	16.0							
681989.6	7459333	16.6							
681989.6	7459533	47.1							
681989.6	7459733	70.5							
681989.6	7459933	201.8							
681989.6	7460133	264.2							
681989.6	7460333	339.0							
681989.6	7460533	492.6							
681989.6	7460733	465.6							
681989.6	7460933	547.1							
681989.6	7461133	660.2							
681989.6	7461333	562.0							
681989.6	7461533	595.8							
681989.6	7461733	614.2							
681989.6	7461933	548.7							
681989.6	7462133	524.7							
681989.6	7462333	468.4							
681989.6	7462533	338.9							
681989.6	7462733	267.2							
681989.6	7462933	194.1							
681989.6	7463133	139.5							
681989.6	7463333	60.9							
681989.6	7463533	23.7							
681989.6	7463733	26.9							
681989.6	7463933	17.4							
681989.6	7464133	13.8							
681989.6	7464333	22.6							
681989.6	7464533	15.2							
681989.6	7464733	22.1							
681989.6	7464933	14.3							
681989.6	7465133	14.0							
681989.6	7465333	5.8							
681989.6	7465533	14.5							
681989.6	7465733	12.2							
681989.6	7465933	19.2							
681989.6	7466133	11.3							
681989.6	7466333	8.3							
681989.6	7466533	13.2							
681989.6	7466733	18.4							
681989.6	7466933	23.2							
681989.6	7467133	18.5							
681989.6	7467333	14.6							
681989.6	7467533	7.1							
681989.6	7467733	10.6							
681989.6	7467933	3.6							
681989.6	7468133	2.4							
681989.6	7468333	1.1							
681989.6	7468533	4.3							
681989.6	7468733	2.4							
681989.6	7468933	7.5							
681989.6	7469133	5.2							
681989.6	7469333	1.5							
681989.6	7469533	1.9							
681989.6	7469733	4.3							
681989.6	7469933	0.0							
681989.6	7470133	4.1							
681989.6	7470333	31.2							
681989.6	7470533	3.0							
681989.6	7470733	5.6							
681989.6	7470933	2.1							
681989.6	7471133	3.6							
681989.6	7471333	0.0							
681989.6	7471533	0.0							
681989.6	7471733	0.0							
682189.6	7451933	0.0							
682189.6	7452133	0.0							
682189.6	7452333	0.0							
682189.6	7452533	0.0							
682189.6	7452733	0.0							
682189.6	7452933	0.0							
682189.6	7453133	0.0							
682189.6	7453333	0.0							
682189.6	7453533	0.0							
682189.6	7453733	0.0							
682189.6	7453933	0.0							
682189.6	7454133	0.0							
682189.6	7454333	0.0							
682189.6	7454533	0.0							
682189.6	7454733	0.0							
682189.6	7454933	0.0							
682189.6	7455133	0.0							
682189.6	7455333	0.0							
682189.6	7455533	0.0							
682189.6	7455733	0.0							
682189.6	7455933	0.0							
682189.6	7456133	0.0							
682189.6	7456333	0.0							
682189.6	7456533	0.0							
682189.6	7456733	0.0							
682189.6	7456933	23.1							
682189.6	7457133	18.4							
682189.6	7457333	13.3							
682189.6	7457533	23.0							
682189.6	7457733	6.4							
682189.6	7457933	3.9							
682189.6	7458133	1.8							
682189.6	7458333	1.9							
682189.6	7458533	5.6							
682189.6	7458733	12.8							
682189.6	7458933	18.3							
682189.6	7459133	16.0							
682189.6	7459333	16.1							
682189.6	7459533	34.2							
682189.6	7459733	63.5							
682189.6	7459933	107.3							
682189.6	7460133	175.6							
682189.6	7460333	238.0							
682189.6	7460533	347.9							
682189.6	7460733	346.1							
682189.6	7460933	497.6							
682189.6	7461133	619.8							
682189.6	7461333	541.1							
682189.6	7461533	545.8							
682189.6	7461733	603.5							
682189.6	7461933	597.3							
682189.6	7462133	532.1							
682189.6	7462333	540.8							
682189.6	7462533	420.8							
682189.6	7462733	339.4							
682189.6	7462933	292.1							
682189.6	7463133	222.5							
682189.6	7463333	148.8							
682189.6	7463533	56.2							
682189.6	7463733	39.6							
682189.6	7463933	19.7							
682189.6	7464133	14.2							
682189.6	7464333	17.3							
682189.6	7464533	16.1							
682189.6	7464733	24.0							
682189.6	7464933	12.9							
682189.6	7465133	9.4							
682189.6	7465333	9.4							
682189.6	7465533	26.4							
682189.6	7465733	11.9							
682189.6	7465933	4.0							
682189.6	7466133	39.4							
682189.6	7466333	17.9							
682189.6	7466533	16.8							
682189.6	7466733	12.2							
682189.6	7466933	33.6							
682189.6	7467133	12.2							
682189.6	7467333	8.7							
682189.6	7467533	6.4							
682189.6	7467733	6.6							
682189.6	7467933	7.1							
682189.6	7468133	4.7							
682189.6	7468333	2.1							
682189.6	7468533	4.8							
682189.6	7468733	15.1							
682189.6	7468933	4.4							
682189.6	7469133	1.4							
682189.6	7469333	0.0							
682189.6	7469533	0.0							
682189.6	7469733	0.0							
682189.6	7469933	0.3							
682189.6	7470133	2.7							
682189.6	7470333	4.1							
682189.6	7470533	17.2							
682189.6	7470733	2.3							
682189.6	7470933	4.2							
682189.6	7471133	0.0							
682189.6	7471333	0.0							
682189.6	7471533	0.0							
682189.6	7471733	0.0							
682389.6	7451933	0.0							
682389.6	7452133	0.0							
682389.6	7452333	0.0							
682389.6	7452533	0.0							
682389.6	7452733	0.0							
682389.6	7452933	0.0							
682389.6	7453133	0.0							
682389.6	7453333	0.0							
682389.6	7453533	0.0							
682389.6	7453733	0.0							
682389.6	7453933	0.0							
682389.6	7454133	0.0							
682389.6	7454333	0.0							
682389.6	7454533	0.0							
682389.6	7454733	0.0							
682389.6	7454933	0.0							
682389.6	7455133	0.0							
682389.6	7455333	0.0							
682389.6	7455533	0.0							
682389.6	7455733	0.0							
682389.6	7455933	0.0							
682389.6	7456133	0.0							
682389.6	7456333	0.0							
682389.6	7456533	0.0							
682389.6	7456733	0.0							
682389.6	7456933	13.9							
682389.6	7457133	17.4							
682389.6	7457333	23.2							
682389.6	7457533	11.3							
682389.6	7457733	3.4							
682389.6	7457933	7.4							
682389.6	7458133	1.6							
682389.6	7458333	1.9							
682389.6	7458533	1.9							
682389.6	7458733	3.2							
682389.6	7458933	4.9							
682389.6	7459133	14.5							
682389.6	7459333	17.5							
682389.6	7459533	51.6							
682389.6	7459733	60.9							
682389.6	7459933	110.6							
682389.6	7460133	151.1							
682389.6	7460333	188.4							
682389.6	7460533	235.3							
682389.6	7460733	311.7							
682389.6	7460933	428.9							
682389.6	7461133	563.4							
682389.6	7461333	500.6							
682389.6	7461533	543.1							
682389.6	7461733	595.0							
682389.6	7461933	575.7							
682389.6	7462133	518.0							
682389.6	7462333	467.9							
682389.6	7462533	382.1							
682389.6	7462733	328.0							
682389.6	7462933	318.3							
682389.6	7463133	259.0							
682389.6	7463333	142.1							
682389.6	7463533	34.6							
682389.6	7463733	25.6							
682389.6	7463933	29.5							
682389.6	7464133	23.1							
682389.6	7464333	15.1							
682389.6	7464533	18.9							
682389.6	7464733	14.4							
682389.6	7464933	14.7							
682389.6	7465133	17.6							
682389.6	7465333	8.2							
682389.6	7465533	11.4							
682389.6	7465733	11.7							
682389.6	7465933	16.7							
682389.6	7466133	22.3							
682389.6	7466333	26.7							
682389.6	7466533	17.8							
682389.6	7466733	10.1							
682389.6	7466933	18.0							
682389.6	7467133	5.0							
682389.6	7467333	10.4							
682389.6	7467533	4.1							
682389.6	7467733	6.3							
682389.6	7467933	11.8							
682389.6	7468133	4.7							
682389.6	7468333	6.4							
682389.6	7468533	7.1							
682389.6	7468733	26.4							
682389.6	7468933	14.5							
682389.6	7469133	10.8							
682389.6	7469333	1.4							
682389.6	7469533	0.0							
682389.6	7469733	0.6							
682389.6	7469933	0.4							
682389.6	7470133	2.5							
682389.6	7470333	2.6							
682389.6	7470533	5.4							
682389.6	7470733	5.3							
682389.6	7470933	1.8							
682389.6	7471133	0.0							
682389.6	7471333	0.0							
682389.6	7471533	0.0							
682389.6	7471733	0.0							
682589.6	7451933	0.0							
682589.6	7452133	0.0							
682589.6	7452333	0.0							
682589.6	7452533	0.0							
682589.6	7452733	0.0							
682589.6	7452933	0.0							
682589.6	7453133	0.0							
682589.6	7453333	0.0							
682589.6	7453533	0.0							
682589.6	7453733	0.0							
682589.6	7453933	0.0							
682589.6	7454133	0.0							
682589.6	7454333	0.0							
682589.6	7454533	0.0							
682589.6	7454733	0.0							
682589.6	7454933	0.0							
682589.6	7455133	0.0							
682589.6	7455333	0.0							
682589.6	7455533	0.0							
682589.6	7455733	0.0							
682589.6	7455933	0.0							
682589.6	7456133	0.0							
682589.6	7456333	0.0							
682589.6	7456533	0.0							
682589.6	7456733	0.0							
682589.6	7456933	16.5							
682589.6	7457133	23.2							
682589.6	7457333	6.7							
682589.6	7457533	16.9							
682589.6	7457733	9.9							
682589.6	7457933	3.2							
682589.6	7458133	3.7							
682589.6	7458333	2.0							
682589.6	7458533	5.7							
682589.6	7458733	5.1							
682589.6	7458933	9.7							
682589.6	7459133	12.8							
682589.6	7459333	18.6							
682589.6	7459533	40.5							
682589.6	7459733	52.0							
682589.6	7459933	161.1							
682589.6	7460133	235.0							
682589.6	7460333	274.6							
682589.6	7460533	249.9							
682589.6	7460733	278.5							
682589.6	7460933	405.4							
682589.6	7461133	511.3							
682589.6	7461333	509.0							
682589.6	7461533	524.4							
682589.6	7461733	592.1							
682589.6	7461933	513.6							
682589.6	7462133	423.2							
682589.6	7462333	388.9							
682589.6	7462533	363.4							
682589.6	7462733	306.2							
682589.6	7462933	259.1							
682589.6	7463133	264.8							
682589.6	7463333	158.1							
682589.6	7463533	78.0							
682589.6	7463733	17.9							
682589.6	7463933	25.0							
682589.6	7464133	14.6							
682589.6	7464333	11.6							
682589.6	7464533	12.7							
682589.6	7464733	15.5							
682589.6	7464933	9.0							
682589.6	7465133	10.1							
682589.6	7465333	8.6							
682589.6	7465533	6.8							
682589.6	7465733	2.9							
682589.6	7465933	4.1							
682589.6	7466133	11.3							
682589.6	7466333	46.0							
682589.6	7466533	14.8							
682589.6	7466733	6.1							
682589.6	7466933	5.1							
682589.6	7467133	9.1							
682589.6	7467333	5.6							
682589.6	7467533	9.2							
682589.6	7467733	3.6							
682589.6	7467933	10.5							
682589.6	7468133	5.0							
682589.6	7468333	4.2							
682589.6	7468533	6.5							
682589.6	7468733	36.1							
682589.6	7468933	27.7							
682589.6	7469133	3.6							
682589.6	7469333	1.9							
682589.6	7469533	4.5							
682589.6	7469733	0.0							
682589.6	7469933	7.7							
682589.6	7470133	2.0							
682589.6	7470333	4.5							
682589.6	7470533	4.1							
682589.6	7470733	3.0							
682589.6	7470933	3.2							
682589.6	7471133	0.0							
682589.6	7471333	0.0							
682589.6	7471533	0.0							
682589.6	7471733	0.0							
682789.6	7451933	0.0							
682789.6	7452133	0.0							
682789.6	7452333	0.0							
682789.6	7452533	0.0							
682789.6	7452733	0.0							
682789.6	7452933	0.0							
682789.6	7453133	0.0							
682789.6	7453333	0.0							
682789.6	7453533	0.0							
682789.6	7453733	0.0							
682789.6	7453933	0.0							
682789.6	7454133	0.0							
682789.6	7454333	0.0							
682789.6	7454533	0.0							
682789.6	7454733	0.0							
682789.6	7454933	0.0							
682789.6	7455133	0.0							
682789.6	7455333	0.0							
682789.6	7455533	0.0							
682789.6	7455733	0.0							
682789.6	7455933	0.0							
682789.6	7456133	0.0							
682789.6	7456333	0.0							
682789.6	7456533	0.0							
682789.6	7456733	0.0							
682789.6	7456933	27.4							
682789.6	7457133	14.0							
682789.6	7457333	42.0							
682789.6	7457533	10.4							
682789.6	7457733	1.0							
682789.6	7457933	1.0							
682789.6	7458133	4.4							
682789.6	7458333	4.1							
682789.6	7458533	3.6							
682789.6	7458733	2.9							
682789.6	7458933	7.9							
682789.6	7459133	2.4							
682789.6	7459333	21.8							
682789.6	7459533	16.0							
682789.6	7459733	48.1							
682789.6	7459933	159.6							
682789.6	7460133	268.5							
682789.6	7460333	350.2							
682789.6	7460533	355.0							
682789.6	7460733	363.7							
682789.6	7460933	417.0							
682789.6	7461133	479.3							
682789.6	7461333	469.7							
682789.6	7461533	516.1							
682789.6	7461733	474.5							
682789.6	7461933	360.4							
682789.6	7462133	299.5							
682789.6	7462333	275.7							
682789.6	7462533	287.1							
682789.6	7462733	285.3							
682789.6	7462933	160.1							
682789.6	7463133	182.3							
682789.6	7463333	150.8							
682789.6	7463533	123.8							
682789.6	7463733	46.2							
682789.6	7463933	24.8							
682789.6	7464133	17.5							
682789.6	7464333	15.2							
682789.6	7464533	15.1							
682789.6	7464733	11.4							
682789.6	7464933	7.8							
682789.6	7465133	10.3							
682789.6	7465333	4.3							
682789.6	7465533	4.4							
682789.6	7465733	9.0							
682789.6	7465933	8.7							
682789.6	7466133	20.4							
682789.6	7466333	14.8							
682789.6	7466533	7.0							
682789.6	7466733	6.4							
682789.6	7466933	6.6							
682789.6	7467133	9.1							
682789.6	7467333	10.6							
682789.6	7467533	6.6							
682789.6	7467733	2.9							
682789.6	7467933	2.2							
682789.6	7468133	3.3							
682789.6	7468333	3.2							
682789.6	7468533	9.5							
682789.6	7468733	12.0							
682789.6	7468933	5.0							
682789.6	7469133	11.6							
682789.6	7469333	0.8							
682789.6	7469533	0.0							
682789.6	7469733	0.0							
682789.6	7469933	3.2							
682789.6	7470133	3.3							
682789.6	7470333	5.9							
682789.6	7470533	0.0							
682789.6	7470733	3.5							
682789.6	7470933	8.4							
682789.6	7471133	0.0							
682789.6	7471333	0.0							
682789.6	7471533	0.0							
682789.6	7471733	0.0							
682989.6	7451933	0.0							
682989.6	7452133	0.0							
682989.6	7452333	0.0							
682989.6	7452533	0.0							
682989.6	7452733	0.0							
682989.6	7452933	0.0							
682989.6	7453133	0.0							
682989.6	7453333	0.0							
682989.6	7453533	0.0							
682989.6	7453733	0.0							
682989.6	7453933	0.0							
682989.6	7454133	0.0							
682989.6	7454333	0.0							
682989.6	7454533	0.0							
682989.6	7454733	0.0							
682989.6	7454933	0.0							
682989.6	7455133	0.0							
682989.6	7455333	0.0							
682989.6	7455533	0.0							
682989.6	7455733	0.0							
682989.6	7455933	0.0							
682989.6	7456133	0.0							
682989.6	7456333	0.0							
682989.6	7456533	0.0							
682989.6	7456733	0.0							
682989.6	7456933	8.0							
682989.6	7457133	15.3							
682989.6	7457333	1.2							
682989.6	7457533	8.2							
682989.6	7457733	1.0							
682989.6	7457933	1.0							
682989.6	7458133	1.0							
682989.6	7458333	1.0							
682989.6	7458533	1.0							
682989.6	7458733	1.0							
682989.6	7458933	1.0							
682989.6	7459133	1.0							
682989.6	7459333	12.3							
682989.6	7459533	8.6							
682989.6	7459733	21.4							
682989.6	7459933	128.6							
682989.6	7460133	247.1							
682989.6	7460333	345.7							
682989.6	7460533	414.5							
682989.6	7460733	499.9							
682989.6	7460933	513.4							
682989.6	7461133	498.2							
682989.6	7461333	440.6							
682989.6	7461533	473.7							
682989.6	7461733	460.9							
682989.6	7461933	321.9							
682989.6	7462133	221.5							
682989.6	7462333	181.8							
682989.6	7462533	195.8							
682989.6	7462733	276.9							
682989.6	7462933	158.4							
682989.6	7463133	94.7							
682989.6	7463333	127.7							
682989.6	7463533	54.0							
682989.6	7463733	78.2							
682989.6	7463933	38.2							
682989.6	7464133	17.4							
682989.6	7464333	12.2							
682989.6	7464533	18.0							
682989.6	7464733	37.4							
682989.6	7464933	14.0							
682989.6	7465133	4.8							
682989.6	7465333	4.8							
682989.6	7465533	7.4							
682989.6	7465733	13.0							
682989.6	7465933	7.7							
682989.6	7466133	6.9							
682989.6	7466333	9.6							
682989.6	7466533	8.4							
682989.6	7466733	10.5							
682989.6	7466933	4.0							
682989.6	7467133	1.0							
682989.6	7467333	2.8							
682989.6	7467533	8.2							
682989.6	7467733	2.5							
682989.6	7467933	1.5							
682989.6	7468133	4.1							
682989.6	7468333	3.7							
682989.6	7468533	7.8							
682989.6	7468733	3.5							
682989.6	7468933	13.0							
682989.6	7469133	5.9							
682989.6	7469333	1.0							
682989.6	7469533	0.0							
682989.6	7469733	1.8							
682989.6	7469933	2.2							
682989.6	7470133	2.7							
682989.6	7470333	3.0							
682989.6	7470533	6.4							
682989.6	7470733	0.0							
682989.6	7470933	15.3							
682989.6	7471133	0.0							
682989.6	7471333	0.0							
682989.6	7471533	0.0							
682989.6	7471733	0.0							
683189.6	7451933	0.0							
683189.6	7452133	0.0							
683189.6	7452333	0.0							
683189.6	7452533	0.0							
683189.6	7452733	0.0							
683189.6	7452933	0.0							
683189.6	7453133	0.0							
683189.6	7453333	0.0							
683189.6	7453533	0.0							
683189.6	7453733	0.0							
683189.6	7453933	0.0							
683189.6	7454133	0.0							
683189.6	7454333	0.0							
683189.6	7454533	0.0							
683189.6	7454733	0.0							
683189.6	7454933	0.0							
683189.6	7455133	0.0							
683189.6	7455333	0.0							
683189.6	7455533	0.0							
683189.6	7455733	0.0							
683189.6	7455933	0.0							
683189.6	7456133	0.0							
683189.6	7456333	0.0							
683189.6	7456533	0.0							
683189.6	7456733	0.0							
683189.6	7456933	8.5							
683189.6	7457133	17.4							
683189.6	7457333	19.9							
683189.6	7457533	4.5							
683189.6	7457733	4.7							
683189.6	7457933	1.0							
683189.6	7458133	1.0							
683189.6	7458333	1.0							
683189.6	7458533	1.0							
683189.6	7458733	1.0							
683189.6	7458933	1.0							
683189.6	7459133	1.0							
683189.6	7459333	1.0							
683189.6	7459533	8.6							
683189.6	7459733	19.0							
683189.6	7459933	82.5							
683189.6	7460133	184.6							
683189.6	7460333	291.6							
683189.6	7460533	413.4							
683189.6	7460733	601.2							
683189.6	7460933	516.6							
683189.6	7461133	414.2							
683189.6	7461333	373.5							
683189.6	7461533	455.6							
683189.6	7461733	368.2							
683189.6	7461933	351.4							
683189.6	7462133	252.6							
683189.6	7462333	149.6							
683189.6	7462533	152.2							
683189.6	7462733	246.8							
683189.6	7462933	209.0							
683189.6	7463133	112.1							
683189.6	7463333	45.1							
683189.6	7463533	40.4							
683189.6	7463733	27.8							
683189.6	7463933	31.7							
683189.6	7464133	23.8							
683189.6	7464333	23.5							
683189.6	7464533	25.2							
683189.6	7464733	10.2							
683189.6	7464933	10.9							
683189.6	7465133	2.9							
683189.6	7465333	7.7							
683189.6	7465533	5.1							
683189.6	7465733	6.7							
683189.6	7465933	3.3							
683189.6	7466133	7.8							
683189.6	7466333	22.2							
683189.6	7466533	3.5							
683189.6	7466733	4.3							
683189.6	7466933	9.7							
683189.6	7467133	7.1							
683189.6	7467333	2.1							
683189.6	7467533	0.0							
683189.6	7467733	0.0							
683189.6	7467933	0.0							
683189.6	7468133	0.0							
683189.6	7468333	2.2							
683189.6	7468533	3.4							
683189.6	7468733	2.0							
683189.6	7468933	16.0							
683189.6	7469133	5.2							
683189.6	7469333	6.5							
683189.6	7469533	0.0							
683189.6	7469733	2.3							
683189.6	7469933	2.2							
683189.6	7470133	2.9							
683189.6	7470333	0.0							
683189.6	7470533	0.0							
683189.6	7470733	0.0							
683189.6	7470933	14.5							
683189.6	7471133	11.3							
683189.6	7471333	0.0							
683189.6	7471533	0.0							
683189.6	7471733	0.0							
683389.6	7451933	0.0							
683389.6	7452133	0.0							
683389.6	7452333	0.0							
683389.6	7452533	0.0							
683389.6	7452733	0.0							
683389.6	7452933	0.0							
683389.6	7453133	0.0							
683389.6	7453333	0.0							
683389.6	7453533	0.0							
683389.6	7453733	0.0							
683389.6	7453933	0.0							
683389.6	7454133	0.0							
683389.6	7454333	0.0							
683389.6	7454533	0.0							
683389.6	7454733	0.0							
683389.6	7454933	0.0							
683389.6	7455133	0.0							
683389.6	7455333	0.0							
683389.6	7455533	0.0							
683389.6	7455733	0.0							
683389.6	7455933	0.0							
683389.6	7456133	0.0							
683389.6	7456333	0.0							
683389.6	7456533	0.0							
683389.6	7456733	0.0							
683389.6	7456933	12.9							
683389.6	7457133	12.4							
683389.6	7457333	16.6							
683389.6	7457533	11.5							
683389.6	7457733	1.0							
683389.6	7457933	1.0							
683389.6	7458133	1.0							
683389.6	7458333	1.0							
683389.6	7458533	1.0							
683389.6	7458733	1.0							
683389.6	7458933	1.0							
683389.6	7459133	1.0							
683389.6	7459333	1.0							
683389.6	7459533	21.1							
683389.6	7459733	26.9							
683389.6	7459933	57.0							
683389.6	7460133	146.7							
683389.6	7460333	232.9							
683389.6	7460533	335.7							
683389.6	7460733	594.7							
683389.6	7460933	483.0							
683389.6	7461133	381.7							
683389.6	7461333	328.3							
683389.6	7461533	379.2							
683389.6	7461733	294.0							
683389.6	7461933	270.5							
683389.6	7462133	277.7							
683389.6	7462333	144.6							
683389.6	7462533	95.2							
683389.6	7462733	134.3							
683389.6	7462933	169.8							
683389.6	7463133	149.0							
683389.6	7463333	70.7							
683389.6	7463533	28.2							
683389.6	7463733	21.4							
683389.6	7463933	22.4							
683389.6	7464133	16.8							
683389.6	7464333	16.8							
683389.6	7464533	12.1							
683389.6	7464733	17.0							
683389.6	7464933	6.7							
683389.6	7465133	7.0							
683389.6	7465333	5.5							
683389.6	7465533	3.1							
683389.6	7465733	5.3							
683389.6	7465933	7.7							
683389.6	7466133	5.9							
683389.6	7466333	5.4							
683389.6	7466533	4.9							
683389.6	7466733	4.0							
683389.6	7466933	6.0							
683389.6	7467133	0.0							
683389.6	7467333	0.0							
683389.6	7467533	0.0							
683389.6	7467733	0.0							
683389.6	7467933	0.0							
683389.6	7468133	0.0							
683389.6	7468333	0.0							
683389.6	7468533	2.2							
683389.6	7468733	4.3							
683389.6	7468933	5.8							
683389.6	7469133	8.3							
683389.6	7469333	11.8							
683389.6	7469533	1.6							
683389.6	7469733	2.2							
683389.6	7469933	0.0							
683389.6	7470133	0.0							
683389.6	7470333	0.0							
683389.6	7470533	0.0							
683389.6	7470733	0.0							
683389.6	7470933	26.2							
683389.6	7471133	0.0							
683389.6	7471333	0.0							
683389.6	7471533	0.0							
683389.6	7471733	0.0							
683589.6	7451933	0.0							
683589.6	7452133	0.0							
683589.6	7452333	0.0							
683589.6	7452533	0.0							
683589.6	7452733	0.0							
683589.6	7452933	0.0							
683589.6	7453133	0.0							
683589.6	7453333	0.0							
683589.6	7453533	0.0							
683589.6	7453733	0.0							
683589.6	7453933	0.0							
683589.6	7454133	0.0							
683589.6	7454333	0.0							
683589.6	7454533	0.0							
683589.6	7454733	0.0							
683589.6	7454933	0.0							
683589.6	7455133	0.0							
683589.6	7455333	0.0							
683589.6	7455533	0.0							
683589.6	7455733	0.0							
683589.6	7455933	0.0							
683589.6	7456133	0.0							
683589.6	7456333	0.0							
683589.6	7456533	0.0							
683589.6	7456733	0.0							
683589.6	7456933	20.7							
683589.6	7457133	12.3							
683589.6	7457333	17.6							
683589.6	7457533	5.1							
683589.6	7457733	1.0							
683589.6	7457933	1.0							
683589.6	7458133	1.0							
683589.6	7458333	1.0							
683589.6	7458533	1.0							
683589.6	7458733	1.0							
683589.6	7458933	1.0							
683589.6	7459133	1.0							
683589.6	7459333	1.0							
683589.6	7459533	12.9							
683589.6	7459733	18.4							
683589.6	7459933	32.1							
683589.6	7460133	108.0							
683589.6	7460333	212.9							
683589.6	7460533	289.7							
683589.6	7460733	563.0							
683589.6	7460933	472.9							
683589.6	7461133	405.4							
683589.6	7461333	278.3							
683589.6	7461533	290.1							
683589.6	7461733	243.5							
683589.6	7461933	170.5							
683589.6	7462133	233.8							
683589.6	7462333	151.7							
683589.6	7462533	71.3							
683589.6	7462733	57.4							
683589.6	7462933	37.6							
683589.6	7463133	46.4							
683589.6	7463333	27.4							
683589.6	7463533	27.2							
683589.6	7463733	19.1							
683589.6	7463933	21.6							
683589.6	7464133	16.2							
683589.6	7464333	18.6							
683589.6	7464533	10.8							
683589.6	7464733	7.4							
683589.6	7464933	8.7							
683589.6	7465133	5.5							
683589.6	7465333	2.9							
683589.6	7465533	1.8							
683589.6	7465733	3.8							
683589.6	7465933	2.7							
683589.6	7466133	4.3							
683589.6	7466333	4.4							
683589.6	7466533	2.9							
683589.6	7466733	0.0							
683589.6	7466933	0.0							
683589.6	7467133	0.0							
683589.6	7467333	0.0							
683589.6	7467533	0.0							
683589.6	7467733	0.0							
683589.6	7467933	0.0							
683589.6	7468133	0.0							
683589.6	7468333	0.0							
683589.6	7468533	0.0							
683589.6	7468733	2.4							
683589.6	7468933	4.5							
683589.6	7469133	3.1							
683589.6	7469333	4.8							
683589.6	7469533	3.5							
683589.6	7469733	4.5							
683589.6	7469933	1.8							
683589.6	7470133	0.0							
683589.6	7470333	0.0							
683589.6	7470533	0.0							
683589.6	7470733	0.0							
683589.6	7470933	9.7							
683589.6	7471133	0.0							
683589.6	7471333	0.0							
683589.6	7471533	0.0							
683589.6	7471733	0.0							
683789.6	7451933	0.0							
683789.6	7452133	0.0							
683789.6	7452333	0.0							
683789.6	7452533	0.0							
683789.6	7452733	0.0							
683789.6	7452933	0.0							
683789.6	7453133	0.0							
683789.6	7453333	0.0							
683789.6	7453533	0.0							
683789.6	7453733	0.0							
683789.6	7453933	0.0							
683789.6	7454133	0.0							
683789.6	7454333	0.0							
683789.6	7454533	0.0							
683789.6	7454733	0.0							
683789.6	7454933	0.0							
683789.6	7455133	0.0							
683789.6	7455333	0.0							
683789.6	7455533	0.0							
683789.6	7455733	0.0							
683789.6	7455933	0.0							
683789.6	7456133	0.0							
683789.6	7456333	0.0							
683789.6	7456533	0.0							
683789.6	7456733	0.0							
683789.6	7456933	19.7							
683789.6	7457133	13.3							
683789.6	7457333	23.2							
683789.6	7457533	3.8							
683789.6	7457733	1.0							
683789.6	7457933	1.0							
683789.6	7458133	1.0							
683789.6	7458333	33.9							
683789.6	7458533	1.0							
683789.6	7458733	1.0							
683789.6	7458933	1.0							
683789.6	7459133	1.0							
683789.6	7459333	1.0							
683789.6	7459533	17.4							
683789.6	7459733	15.9							
683789.6	7459933	23.0							
683789.6	7460133	101.8							
683789.6	7460333	192.0							
683789.6	7460533	286.9							
683789.6	7460733	437.6							
683789.6	7460933	474.2							
683789.6	7461133	364.9							
683789.6	7461333	261.7							
683789.6	7461533	189.2							
683789.6	7461733	209.0							
683789.6	7461933	128.7							
683789.6	7462133	203.3							
683789.6	7462333	154.1							
683789.6	7462533	136.9							
683789.6	7462733	120.6							
683789.6	7462933	75.8							
683789.6	7463133	49.3							
683789.6	7463333	45.6							
683789.6	7463533	39.8							
683789.6	7463733	20.5							
683789.6	7463933	34.3							
683789.6	7464133	20.6							
683789.6	7464333	20.8							
683789.6	7464533	36.5							
683789.6	7464733	19.0							
683789.6	7464933	8.0							
683789.6	7465133	4.0							
683789.6	7465333	3.0							
683789.6	7465533	6.5							
683789.6	7465733	5.0							
683789.6	7465933	3.9							
683789.6	7466133	2.9							
683789.6	7466333	3.2							
683789.6	7466533	6.5							
683789.6	7466733	5.6							
683789.6	7466933	0.0							
683789.6	7467133	0.0							
683789.6	7467333	0.0							
683789.6	7467533	0.0							
683789.6	7467733	9.5							
683789.6	7467933	0.0							
683789.6	7468133	0.0							
683789.6	7468333	0.0							
683789.6	7468533	0.0							
683789.6	7468733	0.0							
683789.6	7468933	2.0							
683789.6	7469133	5.4							
683789.6	7469333	3.5							
683789.6	7469533	3.7							
683789.6	7469733	8.7							
683789.6	7469933	1.4							
683789.6	7470133	0.0							
683789.6	7470333	0.0							
683789.6	7470533	0.0							
683789.6	7470733	0.0							
683789.6	7470933	14.8							
683789.6	7471133	0.0							
683789.6	7471333	0.0							
683789.6	7471533	0.0							
683789.6	7471733	0.0							
683989.6	7451933	0.0							
683989.6	7452133	0.0							
683989.6	7452333	0.0							
683989.6	7452533	0.0							
683989.6	7452733	0.0							
683989.6	7452933	0.0							
683989.6	7453133	0.0							
683989.6	7453333	0.0							
683989.6	7453533	0.0							
683989.6	7453733	0.0							
683989.6	7453933	0.0							
683989.6	7454133	0.0							
683989.6	7454333	0.0							
683989.6	7454533	0.0							
683989.6	7454733	0.0							
683989.6	7454933	0.0							
683989.6	7455133	0.0							
683989.6	7455333	0.0							
683989.6	7455533	0.0							
683989.6	7455733	0.0							
683989.6	7455933	0.0							
683989.6	7456133	0.0							
683989.6	7456333	0.0							
683989.6	7456533	0.0							
683989.6	7456733	0.0							
683989.6	7456933	26.2							
683989.6	7457133	15.0							
683989.6	7457333	16.0							
683989.6	7457533	4.8							
683989.6	7457733	1.0							
683989.6	7457933	1.0							
683989.6	7458133	1.0							
683989.6	7458333	31.4							
683989.6	7458533	93.5							
683989.6	7458733	26.2							
683989.6	7458933	1.0							
683989.6	7459133	1.0							
683989.6	7459333	1.0							
683989.6	7459533	4.6							
683989.6	7459733	9.6							
683989.6	7459933	47.5							
683989.6	7460133	91.9							
683989.6	7460333	163.4							
683989.6	7460533	245.7							
683989.6	7460733	331.3							
683989.6	7460933	384.0							
683989.6	7461133	311.0							
683989.6	7461333	249.6							
683989.6	7461533	195.3							
683989.6	7461733	136.9							
683989.6	7461933	107.6							
683989.6	7462133	137.2							
683989.6	7462333	195.3							
683989.6	7462533	220.4							
683989.6	7462733	219.1							
683989.6	7462933	156.3							
683989.6	7463133	117.0							
683989.6	7463333	90.2							
683989.6	7463533	41.8							
683989.6	7463733	18.1							
683989.6	7463933	45.2							
683989.6	7464133	72.2							
683989.6	7464333	39.1							
683989.6	7464533	17.8							
683989.6	7464733	20.7							
683989.6	7464933	8.6							
683989.6	7465133	11.7							
683989.6	7465333	6.0							
683989.6	7465533	3.7							
683989.6	7465733	32.9							
683989.6	7465933	11.3							
683989.6	7466133	4.7							
683989.6	7466333	12.0							
683989.6	7466533	4.2							
683989.6	7466733	7.8							
683989.6	7466933	0.0							
683989.6	7467133	0.0							
683989.6	7467333	0.0							
683989.6	7467533	0.0							
683989.6	7467733	0.0							
683989.6	7467933	0.0							
683989.6	7468133	0.0							
683989.6	7468333	0.0							
683989.6	7468533	0.0							
683989.6	7468733	0.0							
683989.6	7468933	0.0							
683989.6	7469133	2.9							
683989.6	7469333	4.0							
683989.6	7469533	8.3							
683989.6	7469733	8.0							
683989.6	7469933	0.0							
683989.6	7470133	0.0							
683989.6	7470333	0.0							
683989.6	7470533	0.0							
683989.6	7470733	0.0							
683989.6	7470933	0.0							
683989.6	7471133	0.0							
683989.6	7471333	0.0							
683989.6	7471533	0.0							
683989.6	7471733	0.0							
684189.6	7451933	0.0							
684189.6	7452133	0.0							
684189.6	7452333	0.0							
684189.6	7452533	0.0							
684189.6	7452733	0.0							
684189.6	7452933	0.0							
684189.6	7453133	0.0							
684189.6	7453333	0.0							
684189.6	7453533	0.0							
684189.6	7453733	0.0							
684189.6	7453933	0.0							
684189.6	7454133	0.0							
684189.6	7454333	0.0							
684189.6	7454533	0.0							
684189.6	7454733	0.0							
684189.6	7454933	0.0							
684189.6	7455133	0.0							
684189.6	7455333	0.0							
684189.6	7455533	0.0							
684189.6	7455733	0.0							
684189.6	7455933	0.0							
684189.6	7456133	0.0							
684189.6	7456333	0.0							
684189.6	7456533	0.0							
684189.6	7456733	0.0							
684189.6	7456933	23.8							
684189.6	7457133	16.7							
684189.6	7457333	25.6							
684189.6	7457533	25.9							
684189.6	7457733	1.0							
684189.6	7457933	1.0							
684189.6	7458133	1.0							
684189.6	7458333	7.3							
684189.6	7458533	62.0							
684189.6	7458733	67.6							
684189.6	7458933	16.0							
684189.6	7459133	11.3							
684189.6	7459333	7.4							
684189.6	7459533	13.7							
684189.6	7459733	9.9							
684189.6	7459933	51.8							
684189.6	7460133	36.8							
684189.6	7460333	127.7							
684189.6	7460533	141.6							
684189.6	7460733	231.3							
684189.6	7460933	323.0							
684189.6	7461133	285.2							
684189.6	7461333	175.4							
684189.6	7461533	184.8							
684189.6	7461733	188.3							
684189.6	7461933	103.6							
684189.6	7462133	104.5							
684189.6	7462333	181.9							
684189.6	7462533	238.2							
684189.6	7462733	197.2							
684189.6	7462933	135.9							
684189.6	7463133	47.9							
684189.6	7463333	26.0							
684189.6	7463533	21.7							
684189.6	7463733	19.0							
684189.6	7463933	30.5							
684189.6	7464133	93.6							
684189.6	7464333	67.9							
684189.6	7464533	61.8							
684189.6	7464733	38.3							
684189.6	7464933	10.6							
684189.6	7465133	3.1							
684189.6	7465333	16.2							
684189.6	7465533	10.5							
684189.6	7465733	25.7							
684189.6	7465933	63.7							
684189.6	7466133	26.9							
684189.6	7466333	9.2							
684189.6	7466533	7.7							
684189.6	7466733	6.3							
684189.6	7466933	0.0							
684189.6	7467133	0.0							
684189.6	7467333	0.0							
684189.6	7467533	0.0							
684189.6	7467733	0.0							
684189.6	7467933	0.0							
684189.6	7468133	0.0							
684189.6	7468333	0.0							
684189.6	7468533	0.0							
684189.6	7468733	0.0							
684189.6	7468933	0.0							
684189.6	7469133	0.0							
684189.6	7469333	0.0							
684189.6	7469533	3.1							
684189.6	7469733	0.0							
684189.6	7469933	0.0							
684189.6	7470133	0.0							
684189.6	7470333	0.0							
684189.6	7470533	0.0							
684189.6	7470733	0.0							
684189.6	7470933	0.0							
684189.6	7471133	0.0							
684189.6	7471333	0.0							
684189.6	7471533	0.0							
684189.6	7471733	0.0							
684389.6	7451933	0.0							
684389.6	7452133	0.0							
684389.6	7452333	0.0							
684389.6	7452533	0.0							
684389.6	7452733	0.0							
684389.6	7452933	0.0							
684389.6	7453133	0.0							
684389.6	7453333	0.0							
684389.6	7453533	0.0							
684389.6	7453733	0.0							
684389.6	7453933	0.0							
684389.6	7454133	0.0							
684389.6	7454333	0.0							
684389.6	7454533	0.0							
684389.6	7454733	0.0							
684389.6	7454933	0.0							
684389.6	7455133	0.0							
684389.6	7455333	0.0							
684389.6	7455533	0.0							
684389.6	7455733	0.0							
684389.6	7455933	0.0							
684389.6	7456133	0.0							
684389.6	7456333	0.0							
684389.6	7456533	0.0							
684389.6	7456733	0.0							
684389.6	7456933	17.5							
684389.6	7457133	9.9							
684389.6	7457333	25.1							
684389.6	7457533	22.2							
684389.6	7457733	1.0							
684389.6	7457933	1.0							
684389.6	7458133	1.9							
684389.6	7458333	42.6							
684389.6	7458533	104.5							
684389.6	7458733	193.1							
684389.6	7458933	73.3							
684389.6	7459133	27.9							
684389.6	7459333	45.6							
684389.6	7459533	46.1							
684389.6	7459733	20.8							
684389.6	7459933	48.8							
684389.6	7460133	24.8							
684389.6	7460333	73.9							
684389.6	7460533	112.8							
684389.6	7460733	138.1							
684389.6	7460933	244.3							
684389.6	7461133	288.4							
684389.6	7461333	156.2							
684389.6	7461533	104.1							
684389.6	7461733	123.0							
684389.6	7461933	90.8							
684389.6	7462133	75.5							
684389.6	7462333	131.0							
684389.6	7462533	195.2							
684389.6	7462733	125.3							
684389.6	7462933	85.3							
684389.6	7463133	44.2							
684389.6	7463333	82.3							
684389.6	7463533	40.2							
684389.6	7463733	71.6							
684389.6	7463933	64.1							
684389.6	7464133	136.2							
684389.6	7464333	97.8							
684389.6	7464533	53.8							
684389.6	7464733	27.2							
684389.6	7464933	9.4							
684389.6	7465133	6.6							
684389.6	7465333	5.6							
684389.6	7465533	7.5							
684389.6	7465733	5.0							
684389.6	7465933	15.2							
684389.6	7466133	67.1							
684389.6	7466333	16.2							
684389.6	7466533	2.8							
684389.6	7466733	3.0							
684389.6	7466933	6.4							
684389.6	7467133	0.0							
684389.6	7467333	0.0							
684389.6	7467533	0.0							
684389.6	7467733	0.0							
684389.6	7467933	0.0							
684389.6	7468133	0.0							
684389.6	7468333	0.0							
684389.6	7468533	0.0							
684389.6	7468733	0.0							
684389.6	7468933	0.0							
684389.6	7469133	0.0							
684389.6	7469333	0.0							
684389.6	7469533	0.0							
684389.6	7469733	0.0							
684389.6	7469933	0.0							
684389.6	7470133	0.0							
684389.6	7470333	0.0							
684389.6	7470533	0.0							
684389.6	7470733	0.0							
684389.6	7470933	0.0							
684389.6	7471133	0.0							
684389.6	7471333	0.0							
684389.6	7471533	0.0							
684389.6	7471733	0.0							
684589.6	7451933	0.0							
684589.6	7452133	0.0							
684589.6	7452333	0.0							
684589.6	7452533	0.0							
684589.6	7452733	0.0							
684589.6	7452933	0.0							
684589.6	7453133	0.0							
684589.6	7453333	0.0							
684589.6	7453533	0.0							
684589.6	7453733	0.0							
684589.6	7453933	0.0							
684589.6	7454133	0.0							
684589.6	7454333	0.0							
684589.6	7454533	0.0							
684589.6	7454733	0.0							
684589.6	7454933	0.0							
684589.6	7455133	0.0							
684589.6	7455333	0.0							
684589.6	7455533	0.0							
684589.6	7455733	0.0							
684589.6	7455933	0.0							
684589.6	7456133	0.0							
684589.6	7456333	0.0							
684589.6	7456533	0.0							
684589.6	7456733	0.0							
684589.6	7456933	19.0							
684589.6	7457133	17.3							
684589.6	7457333	50.8							
684589.6	7457533	96.3							
684589.6	7457733	7.3							
684589.6	7457933	4.7							
684589.6	7458133	7.4							
684589.6	7458333	121.0							
684589.6	7458533	269.2							
684589.6	7458733	355.8							
684589.6	7458933	165.3							
684589.6	7459133	102.1							
684589.6	7459333	174.5							
684589.6	7459533	166.3							
684589.6	7459733	96.9							
684589.6	7459933	21.9							
684589.6	7460133	22.2							
684589.6	7460333	22.1							
684589.6	7460533	34.7							
684589.6	7460733	74.3							
684589.6	7460933	154.7							
684589.6	7461133	295.8							
684589.6	7461333	207.5							
684589.6	7461533	134.5							
684589.6	7461733	72.0							
684589.6	7461933	53.6							
684589.6	7462133	92.8							
684589.6	7462333	114.6							
684589.6	7462533	167.2							
684589.6	7462733	93.5							
684589.6	7462933	61.0							
684589.6	7463133	62.6							
684589.6	7463333	114.7							
684589.6	7463533	84.2							
684589.6	7463733	90.9							
684589.6	7463933	131.3							
684589.6	7464133	83.2							
684589.6	7464333	80.0							
684589.6	7464533	43.6							
684589.6	7464733	15.2							
684589.6	7464933	10.2							
684589.6	7465133	7.2							
684589.6	7465333	6.6							
684589.6	7465533	6.8							
684589.6	7465733	4.4							
684589.6	7465933	7.0							
684589.6	7466133	46.0							
684589.6	7466333	9.8							
684589.6	7466533	7.2							
684589.6	7466733	9.2							
684589.6	7466933	9.2							
684589.6	7467133	0.0							
684589.6	7467333	0.0							
684589.6	7467533	0.0							
684589.6	7467733	0.0							
684589.6	7467933	0.0							
684589.6	7468133	0.0							
684589.6	7468333	0.0							
684589.6	7468533	0.0							
684589.6	7468733	0.0							
684589.6	7468933	0.0							
684589.6	7469133	0.0							
684589.6	7469333	0.0							
684589.6	7469533	0.0							
684589.6	7469733	0.0							
684589.6	7469933	0.0							
684589.6	7470133	0.0							
684589.6	7470333	0.0							
684589.6	7470533	0.0							
684589.6	7470733	0.0							
684589.6	7470933	0.0							
684589.6	7471133	0.0							
684589.6	7471333	0.0							
684589.6	7471533	0.0							
684589.6	7471733	0.0							
684789.6	7451933	0.0							
684789.6	7452133	0.0							
684789.6	7452333	0.0							
684789.6	7452533	0.0							
684789.6	7452733	0.0							
684789.6	7452933	0.0							
684789.6	7453133	0.0							
684789.6	7453333	0.0							
684789.6	7453533	0.0							
684789.6	7453733	0.0							
684789.6	7453933	0.0							
684789.6	7454133	0.0							
684789.6	7454333	0.0							
684789.6	7454533	0.0							
684789.6	7454733	0.0							
684789.6	7454933	0.0							
684789.6	7455133	0.0							
684789.6	7455333	0.0							
684789.6	7455533	0.0							
684789.6	7455733	0.0							
684789.6	7455933	0.0							
684789.6	7456133	0.0							
684789.6	7456333	0.0							
684789.6	7456533	0.0							
684789.6	7456733	0.0							
684789.6	7456933	11.6							
684789.6	7457133	23.7							
684789.6	7457333	99.9							
684789.6	7457533	107.4							
684789.6	7457733	76.6							
684789.6	7457933	27.8							
684789.6	7458133	64.1							
684789.6	7458333	149.6							
684789.6	7458533	248.2							
684789.6	7458733	368.0							
684789.6	7458933	280.7							
684789.6	7459133	182.1							
684789.6	7459333	186.7							
684789.6	7459533	216.7							
684789.6	7459733	94.7							
684789.6	7459933	28.0							
684789.6	7460133	22.8							
684789.6	7460333	12.5							
684789.6	7460533	18.4							
684789.6	7460733	29.6							
684789.6	7460933	99.7							
684789.6	7461133	245.8							
684789.6	7461333	325.9							
684789.6	7461533	173.8							
684789.6	7461733	84.8							
684789.6	7461933	36.0							
684789.6	7462133	53.5							
684789.6	7462333	88.1							
684789.6	7462533	164.6							
684789.6	7462733	199.7							
684789.6	7462933	139.8							
684789.6	7463133	148.4							
684789.6	7463333	86.8							
684789.6	7463533	57.0							
684789.6	7463733	23.0							
684789.6	7463933	52.8							
684789.6	7464133	36.6							
684789.6	7464333	26.0							
684789.6	7464533	21.7							
684789.6	7464733	13.4							
684789.6	7464933	5.4							
684789.6	7465133	8.6							
684789.6	7465333	3.2							
684789.6	7465533	6.0							
684789.6	7465733	5.2							
684789.6	7465933	6.8							
684789.6	7466133	41.0							
684789.6	7466333	26.7							
684789.6	7466533	4.5							
684789.6	7466733	16.3							
684789.6	7466933	11.8							
684789.6	7467133	5.3							
684789.6	7467333	0.0							
684789.6	7467533	0.0							
684789.6	7467733	0.0							
684789.6	7467933	0.0							
684789.6	7468133	0.0							
684789.6	7468333	0.0							
684789.6	7468533	0.0							
684789.6	7468733	0.0							
684789.6	7468933	0.0							
684789.6	7469133	0.0							
684789.6	7469333	0.0							
684789.6	7469533	0.0							
684789.6	7469733	0.0							
684789.6	7469933	0.0							
684789.6	7470133	0.0							
684789.6	7470333	0.0							
684789.6	7470533	0.0							
684789.6	7470733	0.0							
684789.6	7470933	0.0							
684789.6	7471133	0.0							
684789.6	7471333	0.0							
684789.6	7471533	0.0							
684789.6	7471733	0.0							
684989.6	7451933	0.0							
684989.6	7452133	0.0							
684989.6	7452333	13.4							
684989.6	7452533	0.0							
684989.6	7452733	0.0							
684989.6	7452933	0.0							
684989.6	7453133	0.0							
684989.6	7453333	0.0							
684989.6	7453533	0.0							
684989.6	7453733	0.0							
684989.6	7453933	0.0							
684989.6	7454133	0.0							
684989.6	7454333	0.0							
684989.6	7454533	0.0							
684989.6	7454733	0.0							
684989.6	7454933	0.0							
684989.6	7455133	0.0							
684989.6	7455333	0.0							
684989.6	7455533	0.0							
684989.6	7455733	0.0							
684989.6	7455933	0.0							
684989.6	7456133	0.0							
684989.6	7456333	0.0							
684989.6	7456533	0.0							
684989.6	7456733	24.5							
684989.6	7456933	32.9							
684989.6	7457133	34.4							
684989.6	7457333	30.7							
684989.6	7457533	83.0							
684989.6	7457733	144.4							
684989.6	7457933	78.2							
684989.6	7458133	97.1							
684989.6	7458333	90.1							
684989.6	7458533	212.3							
684989.6	7458733	319.8							
684989.6	7458933	254.2							
684989.6	7459133	124.6							
684989.6	7459333	102.4							
684989.6	7459533	211.8							
684989.6	7459733	101.8							
684989.6	7459933	12.7							
684989.6	7460133	17.4							
684989.6	7460333	19.8							
684989.6	7460533	20.4							
684989.6	7460733	19.1							
684989.6	7460933	58.3							
684989.6	7461133	130.8							
684989.6	7461333	274.4							
684989.6	7461533	280.1							
684989.6	7461733	136.4							
684989.6	7461933	58.4							
684989.6	7462133	27.8							
684989.6	7462333	73.0							
684989.6	7462533	131.2							
684989.6	7462733	238.2							
684989.6	7462933	183.4							
684989.6	7463133	163.0							
684989.6	7463333	85.1							
684989.6	7463533	95.8							
684989.6	7463733	34.4							
684989.6	7463933	18.1							
684989.6	7464133	13.4							
684989.6	7464333	20.3							
684989.6	7464533	12.4							
684989.6	7464733	8.7							
684989.6	7464933	4.2							
684989.6	7465133	7.0							
684989.6	7465333	5.9							
684989.6	7465533	3.8							
684989.6	7465733	8.6							
684989.6	7465933	4.6							
684989.6	7466133	23.6							
684989.6	7466333	101.2							
684989.6	7466533	37.8							
684989.6	7466733	7.5							
684989.6	7466933	9.0							
684989.6	7467133	5.6							
684989.6	7467333	0.0							
684989.6	7467533	0.0							
684989.6	7467733	0.0							
684989.6	7467933	0.0							
684989.6	7468133	0.0							
684989.6	7468333	0.0							
684989.6	7468533	0.0							
684989.6	7468733	0.0							
684989.6	7468933	0.0							
684989.6	7469133	0.0							
684989.6	7469333	0.0							
684989.6	7469533	0.0							
684989.6	7469733	0.0							
684989.6	7469933	0.0							
684989.6	7470133	0.0							
684989.6	7470333	0.0							
684989.6	7470533	0.0							
684989.6	7470733	0.0							
684989.6	7470933	0.0							
684989.6	7471133	0.0							
684989.6	7471333	0.0							
684989.6	7471533	0.0							
684989.6	7471733	0.0							
685189.6	7451933	0.0							
685189.6	7452133	0.0							
685189.6	7452333	22.2							
685189.6	7452533	0.0							
685189.6	7452733	0.0							
685189.6	7452933	0.0							
685189.6	7453133	0.0							
685189.6	7453333	0.0							
685189.6	7453533	0.0							
685189.6	7453733	0.0							
685189.6	7453933	0.0							
685189.6	7454133	0.0							
685189.6	7454333	0.0							
685189.6	7454533	0.0							
685189.6	7454733	0.0							
685189.6	7454933	0.0							
685189.6	7455133	0.0							
685189.6	7455333	0.0							
685189.6	7455533	0.0							
685189.6	7455733	0.0							
685189.6	7455933	0.0							
685189.6	7456133	0.0							
685189.6	7456333	0.0							
685189.6	7456533	0.0							
685189.6	7456733	20.8							
685189.6	7456933	35.1							
685189.6	7457133	38.2							
685189.6	7457333	34.2							
685189.6	7457533	66.5							
685189.6	7457733	92.1							
685189.6	7457933	28.3							
685189.6	7458133	21.7							
685189.6	7458333	21.1							
685189.6	7458533	160.4							
685189.6	7458733	226.7							
685189.6	7458933	136.3							
685189.6	7459133	52.1							
685189.6	7459333	54.6							
685189.6	7459533	112.7							
685189.6	7459733	106.3							
685189.6	7459933	17.4							
685189.6	7460133	12.1							
685189.6	7460333	16.7							
685189.6	7460533	16.8							
685189.6	7460733	15.0							
685189.6	7460933	27.2							
685189.6	7461133	69.4							
685189.6	7461333	170.1							
685189.6	7461533	127.1							
685189.6	7461733	83.4							
685189.6	7461933	92.4							
685189.6	7462133	23.5							
685189.6	7462333	39.7							
685189.6	7462533	65.3							
685189.6	7462733	168.5							
685189.6	7462933	200.3							
685189.6	7463133	204.2							
685189.6	7463333	146.2							
685189.6	7463533	84.7							
685189.6	7463733	49.5							
685189.6	7463933	75.0							
685189.6	7464133	24.2							
685189.6	7464333	11.0							
685189.6	7464533	13.5							
685189.6	7464733	9.6							
685189.6	7464933	35.1							
685189.6	7465133	18.2							
685189.6	7465333	12.8							
685189.6	7465533	10.3							
685189.6	7465733	3.7							
685189.6	7465933	5.6							
685189.6	7466133	10.5							
685189.6	7466333	76.6							
685189.6	7466533	51.6							
685189.6	7466733	13.1							
685189.6	7466933	26.1							
685189.6	7467133	5.1							
685189.6	7467333	0.0							
685189.6	7467533	0.0							
685189.6	7467733	0.0							
685189.6	7467933	0.0							
685189.6	7468133	0.0							
685189.6	7468333	0.0							
685189.6	7468533	0.0							
685189.6	7468733	0.0							
685189.6	7468933	0.0							
685189.6	7469133	0.0							
685189.6	7469333	0.0							
685189.6	7469533	0.0							
685189.6	7469733	0.0							
685189.6	7469933	0.0							
685189.6	7470133	0.0							
685189.6	7470333	0.0							
685189.6	7470533	0.0							
685189.6	7470733	0.0							
685189.6	7470933	0.0							
685189.6	7471133	0.0							
685189.6	7471333	0.0							
685189.6	7471533	0.0							
685189.6	7471733	0.0							
685389.6	7451933	0.0							
685389.6	7452133	0.0							
685389.6	7452333	4.9							
685389.6	7452533	0.0							
685389.6	7452733	0.0							
685389.6	7452933	0.0							
685389.6	7453133	0.0							
685389.6	7453333	0.0							
685389.6	7453533	0.0							
685389.6	7453733	0.0							
685389.6	7453933	0.0							
685389.6	7454133	0.0							
685389.6	7454333	0.0							
685389.6	7454533	0.0							
685389.6	7454733	0.0							
685389.6	7454933	0.0							
685389.6	7455133	0.0							
685389.6	7455333	0.0							
685389.6	7455533	0.0							
685389.6	7455733	0.0							
685389.6	7455933	0.0							
685389.6	7456133	0.0							
685389.6	7456333	0.0							
685389.6	7456533	7.2							
685389.6	7456733	20.2							
685389.6	7456933	34.9							
685389.6	7457133	38.9							
685389.6	7457333	37.7							
685389.6	7457533	9.4							
685389.6	7457733	35.6							
685389.6	7457933	30.6							
685389.6	7458133	37.2							
685389.6	7458333	17.8							
685389.6	7458533	56.7							
685389.6	7458733	74.2							
685389.6	7458933	51.9							
685389.6	7459133	24.2							
685389.6	7459333	27.0							
685389.6	7459533	69.7							
685389.6	7459733	23.4							
685389.6	7459933	9.8							
685389.6	7460133	11.8							
685389.6	7460333	10.5							
685389.6	7460533	7.5							
685389.6	7460733	14.3							
685389.6	7460933	22.9							
685389.6	7461133	53.0							
685389.6	7461333	181.7							
685389.6	7461533	59.7							
685389.6	7461733	39.3							
685389.6	7461933	32.7							
685389.6	7462133	33.3							
685389.6	7462333	46.3							
685389.6	7462533	40.5							
685389.6	7462733	136.3							
685389.6	7462933	93.1							
685389.6	7463133	107.5							
685389.6	7463333	213.6							
685389.6	7463533	142.3							
685389.6	7463733	83.0							
685389.6	7463933	84.6							
685389.6	7464133	28.0							
685389.6	7464333	71.6							
685389.6	7464533	62.6							
685389.6	7464733	65.3							
685389.6	7464933	39.4							
685389.6	7465133	11.7							
685389.6	7465333	9.8							
685389.6	7465533	12.0							
685389.6	7465733	13.0							
685389.6	7465933	2.7							
685389.6	7466133	5.4							
685389.6	7466333	8.0							
685389.6	7466533	56.2							
685389.6	7466733	8.0							
685389.6	7466933	9.1							
685389.6	7467133	14.1							
685389.6	7467333	0.0							
685389.6	7467533	0.0							
685389.6	7467733	0.0							
685389.6	7467933	0.0							
685389.6	7468133	0.0							
685389.6	7468333	0.0							
685389.6	7468533	0.0							
685389.6	7468733	0.0							
685389.6	7468933	0.0							
685389.6	7469133	0.0							
685389.6	7469333	0.0							
685389.6	7469533	0.0							
685389.6	7469733	0.0							
685389.6	7469933	0.0							
685389.6	7470133	0.0							
685389.6	7470333	0.0							
685389.6	7470533	0.0							
685389.6	7470733	0.0							
685389.6	7470933	0.0							
685389.6	7471133	0.0							
685389.6	7471333	0.0							
685389.6	7471533	0.0							
685389.6	7471733	0.0							
685589.6	7451933	0.0							
685589.6	7452133	0.0							
685589.6	7452333	0.0							
685589.6	7452533	0.0							
685589.6	7452733	0.0							
685589.6	7452933	0.0							
685589.6	7453133	0.0							
685589.6	7453333	0.0							
685589.6	7453533	0.0							
685589.6	7453733	0.0							
685589.6	7453933	0.0							
685589.6	7454133	0.0							
685589.6	7454333	0.0							
685589.6	7454533	0.0							
685589.6	7454733	0.0							
685589.6	7454933	0.0							
685589.6	7455133	0.0							
685589.6	7455333	0.0							
685589.6	7455533	0.0							
685589.6	7455733	0.0							
685589.6	7455933	0.0							
685589.6	7456133	0.0							
685589.6	7456333	0.0							
685589.6	7456533	0.0							
685589.6	7456733	27.3							
685589.6	7456933	20.2							
685589.6	7457133	0.0							
685589.6	7457333	4.0							
685589.6	7457533	11.0							
685589.6	7457733	30.5							
685589.6	7457933	38.0							
685589.6	7458133	27.7							
685589.6	7458333	18.8							
685589.6	7458533	24.9							
685589.6	7458733	32.1							
685589.6	7458933	15.8							
685589.6	7459133	26.5							
685589.6	7459333	61.5							
685589.6	7459533	76.5							
685589.6	7459733	8.5							
685589.6	7459933	5.4							
685589.6	7460133	8.4							
685589.6	7460333	14.0							
685589.6	7460533	13.8							
685589.6	7460733	13.2							
685589.6	7460933	12.9							
685589.6	7461133	10.6							
685589.6	7461333	110.3							
685589.6	7461533	89.4							
685589.6	7461733	89.1							
685589.6	7461933	53.1							
685589.6	7462133	38.1							
685589.6	7462333	21.0							
685589.6	7462533	33.4							
685589.6	7462733	99.8							
685589.6	7462933	66.7							
685589.6	7463133	85.8							
685589.6	7463333	199.4							
685589.6	7463533	207.7							
685589.6	7463733	158.1							
685589.6	7463933	117.7							
685589.6	7464133	63.3							
685589.6	7464333	95.4							
685589.6	7464533	84.0							
685589.6	7464733	43.3							
685589.6	7464933	18.3							
685589.6	7465133	14.7							
685589.6	7465333	11.7							
685589.6	7465533	16.5							
685589.6	7465733	11.0							
685589.6	7465933	4.3							
685589.6	7466133	11.0							
685589.6	7466333	9.3							
685589.6	7466533	29.3							
685589.6	7466733	3.9							
685589.6	7466933	5.8							
685589.6	7467133	5.4							
685589.6	7467333	0.0							
685589.6	7467533	0.0							
685589.6	7467733	0.0							
685589.6	7467933	0.0							
685589.6	7468133	0.0							
685589.6	7468333	0.0							
685589.6	7468533	0.0							
685589.6	7468733	0.0							
685589.6	7468933	0.0							
685589.6	7469133	0.0							
685589.6	7469333	0.0							
685589.6	7469533	0.0							
685589.6	7469733	0.0							
685589.6	7469933	0.0							
685589.6	7470133	0.0							
685589.6	7470333	0.0							
685589.6	7470533	0.0							
685589.6	7470733	0.0							
685589.6	7470933	0.0							
685589.6	7471133	0.0							
685589.6	7471333	0.0							
685589.6	7471533	0.0							
685589.6	7471733	0.0							
685789.6	7451933	0.0							
685789.6	7452133	0.0							
685789.6	7452333	0.0							
685789.6	7452533	0.0							
685789.6	7452733	0.0							
685789.6	7452933	0.0							
685789.6	7453133	0.0							
685789.6	7453333	0.0							
685789.6	7453533	0.0							
685789.6	7453733	0.0							
685789.6	7453933	0.0							
685789.6	7454133	0.0							
685789.6	7454333	0.0							
685789.6	7454533	0.0							
685789.6	7454733	0.0							
685789.6	7454933	0.0							
685789.6	7455133	0.0							
685789.6	7455333	0.0							
685789.6	7455533	0.0							
685789.6	7455733	0.0							
685789.6	7455933	0.0							
685789.6	7456133	0.0							
685789.6	7456333	0.0							
685789.6	7456533	0.0							
685789.6	7456733	1.8							
685789.6	7456933	0.0							
685789.6	7457133	0.0							
685789.6	7457333	0.0							
685789.6	7457533	0.0							
685789.6	7457733	0.0							
685789.6	7457933	0.0							
685789.6	7458133	23.6							
685789.6	7458333	16.5							
685789.6	7458533	18.0							
685789.6	7458733	13.1							
685789.6	7458933	13.6							
685789.6	7459133	40.9							
685789.6	7459333	121.7							
685789.6	7459533	84.9							
685789.6	7459733	21.7							
685789.6	7459933	6.0							
685789.6	7460133	5.7							
685789.6	7460333	12.4							
685789.6	7460533	18.3							
685789.6	7460733	11.5							
685789.6	7460933	9.8							
685789.6	7461133	13.1							
685789.6	7461333	3.8							
685789.6	7461533	48.3							
685789.6	7461733	64.5							
685789.6	7461933	117.8							
685789.6	7462133	78.9							
685789.6	7462333	48.8							
685789.6	7462533	22.0							
685789.6	7462733	50.1							
685789.6	7462933	57.1							
685789.6	7463133	63.5							
685789.6	7463333	198.2							
685789.6	7463533	246.9							
685789.6	7463733	138.9							
685789.6	7463933	109.0							
685789.6	7464133	88.7							
685789.6	7464333	54.1							
685789.6	7464533	32.9							
685789.6	7464733	21.8							
685789.6	7464933	11.8							
685789.6	7465133	17.2							
685789.6	7465333	10.3							
685789.6	7465533	18.9							
685789.6	7465733	7.0							
685789.6	7465933	5.8							
685789.6	7466133	16.1							
685789.6	7466333	9.8							
685789.6	7466533	14.2							
685789.6	7466733	13.1							
685789.6	7466933	11.5							
685789.6	7467133	5.6							
685789.6	7467333	0.0							
685789.6	7467533	0.0							
685789.6	7467733	0.0							
685789.6	7467933	0.0							
685789.6	7468133	0.0							
685789.6	7468333	0.0							
685789.6	7468533	0.0							
685789.6	7468733	0.0							
685789.6	7468933	0.0							
685789.6	7469133	0.0							
685789.6	7469333	0.0							
685789.6	7469533	0.0							
685789.6	7469733	0.0							
685789.6	7469933	0.0							
685789.6	7470133	0.0							
685789.6	7470333	0.0							
685789.6	7470533	0.0							
685789.6	7470733	0.0							
685789.6	7470933	0.0							
685789.6	7471133	0.0							
685789.6	7471333	0.0							
685789.6	7471533	0.0							
685789.6	7471733	0.0							
685989.6	7451933	0.0							
685989.6	7452133	0.0							
685989.6	7452333	0.0							
685989.6	7452533	0.0							
685989.6	7452733	0.0							
685989.6	7452933	0.0							
685989.6	7453133	0.0							
685989.6	7453333	0.0							
685989.6	7453533	0.0							
685989.6	7453733	0.0							
685989.6	7453933	0.0							
685989.6	7454133	0.0							
685989.6	7454333	0.0							
685989.6	7454533	0.0							
685989.6	7454733	0.0							
685989.6	7454933	0.0							
685989.6	7455133	0.0							
685989.6	7455333	0.0							
685989.6	7455533	0.0							
685989.6	7455733	0.0							
685989.6	7455933	0.0							
685989.6	7456133	0.0							
685989.6	7456333	0.0							
685989.6	7456533	0.0							
685989.6	7456733	0.0							
685989.6	7456933	11.2							
685989.6	7457133	0.0							
685989.6	7457333	0.0							
685989.6	7457533	0.0							
685989.6	7457733	0.0							
685989.6	7457933	0.0							
685989.6	7458133	0.0							
685989.6	7458333	7.7							
685989.6	7458533	6.7							
685989.6	7458733	16.6							
685989.6	7458933	35.3							
685989.6	7459133	61.3							
685989.6	7459333	168.6							
685989.6	7459533	173.6							
685989.6	7459733	84.1							
685989.6	7459933	17.2							
685989.6	7460133	31.3							
685989.6	7460333	8.3							
685989.6	7460533	12.6							
685989.6	7460733	10.6							
685989.6	7460933	12.8							
685989.6	7461133	12.9							
685989.6	7461333	7.7							
685989.6	7461533	6.7							
685989.6	7461733	57.6							
685989.6	7461933	126.7							
685989.6	7462133	33.1							
685989.6	7462333	38.6							
685989.6	7462533	34.9							
685989.6	7462733	16.5							
685989.6	7462933	17.6							
685989.6	7463133	90.3							
685989.6	7463333	176.8							
685989.6	7463533	259.3							
685989.6	7463733	153.9							
685989.6	7463933	128.8							
685989.6	7464133	118.4							
685989.6	7464333	55.8							
685989.6	7464533	25.6							
685989.6	7464733	11.4							
685989.6	7464933	15.8							
685989.6	7465133	12.0							
685989.6	7465333	5.1							
685989.6	7465533	11.8							
685989.6	7465733	8.7							
685989.6	7465933	8.2							
685989.6	7466133	11.8							
685989.6	7466333	5.3							
685989.6	7466533	33.6							
685989.6	7466733	7.1							
685989.6	7466933	3.6							
685989.6	7467133	2.0							
685989.6	7467333	0.0							
685989.6	7467533	0.0							
685989.6	7467733	0.0							
685989.6	7467933	0.0							
685989.6	7468133	0.0							
685989.6	7468333	0.0							
685989.6	7468533	0.0							
685989.6	7468733	0.0							
685989.6	7468933	0.0							
685989.6	7469133	0.0							
685989.6	7469333	0.0							
685989.6	7469533	0.0							
685989.6	7469733	0.0							
685989.6	7469933	0.0							
685989.6	7470133	0.0							
685989.6	7470333	0.0							
685989.6	7470533	0.0							
685989.6	7470733	0.0							
685989.6	7470933	0.0							
685989.6	7471133	0.0							
685989.6	7471333	0.0							
685989.6	7471533	0.0							
685989.6	7471733	0.0							
686189.6	7451933	0.0							
686189.6	7452133	0.0							
686189.6	7452333	0.0							
686189.6	7452533	0.0							
686189.6	7452733	0.0							
686189.6	7452933	0.0							
686189.6	7453133	0.0							
686189.6	7453333	0.0							
686189.6	7453533	0.0							
686189.6	7453733	0.0							
686189.6	7453933	0.0							
686189.6	7454133	0.0							
686189.6	7454333	0.0							
686189.6	7454533	0.0							
686189.6	7454733	0.0							
686189.6	7454933	0.0							
686189.6	7455133	0.0							
686189.6	7455333	0.0							
686189.6	7455533	0.0							
686189.6	7455733	0.0							
686189.6	7455933	0.0							
686189.6	7456133	0.0							
686189.6	7456333	0.0							
686189.6	7456533	0.0							
686189.6	7456733	0.0							
686189.6	7456933	0.0							
686189.6	7457133	0.0							
686189.6	7457333	0.0							
686189.6	7457533	0.0							
686189.6	7457733	0.0							
686189.6	7457933	0.0							
686189.6	7458133	0.0							
686189.6	7458333	0.0							
686189.6	7458533	6.1							
686189.6	7458733	18.1							
686189.6	7458933	39.6							
686189.6	7459133	38.4							
686189.6	7459333	62.0							
686189.6	7459533	183.5							
686189.6	7459733	97.3							
686189.6	7459933	43.1							
686189.6	7460133	9.0							
686189.6	7460333	10.9							
686189.6	7460533	7.7							
686189.6	7460733	6.5							
686189.6	7460933	5.6							
686189.6	7461133	4.8							
686189.6	7461333	6.3							
686189.6	7461533	6.9							
686189.6	7461733	41.4							
686189.6	7461933	83.7							
686189.6	7462133	23.4							
686189.6	7462333	7.9							
686189.6	7462533	26.4							
686189.6	7462733	13.0							
686189.6	7462933	55.7							
686189.6	7463133	74.9							
686189.6	7463333	154.6							
686189.6	7463533	213.2							
686189.6	7463733	120.8							
686189.6	7463933	101.0							
686189.6	7464133	111.1							
686189.6	7464333	37.8							
686189.6	7464533	72.2							
686189.6	7464733	39.7							
686189.6	7464933	13.2							
686189.6	7465133	13.9							
686189.6	7465333	8.9							
686189.6	7465533	8.2							
686189.6	7465733	9.3							
686189.6	7465933	9.7							
686189.6	7466133	16.2							
686189.6	7466333	19.3							
686189.6	7466533	37.3							
686189.6	7466733	2.1							
686189.6	7466933	5.5							
686189.6	7467133	0.0							
686189.6	7467333	0.0							
686189.6	7467533	0.0							
686189.6	7467733	0.0							
686189.6	7467933	0.0							
686189.6	7468133	0.0							
686189.6	7468333	0.0							
686189.6	7468533	0.0							
686189.6	7468733	0.0							
686189.6	7468933	0.0							
686189.6	7469133	0.0							
686189.6	7469333	0.0							
686189.6	7469533	0.0							
686189.6	7469733	0.0							
686189.6	7469933	0.0							
686189.6	7470133	0.0							
686189.6	7470333	0.0							
686189.6	7470533	0.0							
686189.6	7470733	0.0							
686189.6	7470933	0.0							
686189.6	7471133	0.0							
686189.6	7471333	0.0							
686189.6	7471533	0.0							
686189.6	7471733	0.0							
686389.6	7451933	0.0							
686389.6	7452133	0.0							
686389.6	7452333	0.0							
686389.6	7452533	0.0							
686389.6	7452733	0.0							
686389.6	7452933	0.0							
686389.6	7453133	0.0							
686389.6	7453333	0.0							
686389.6	7453533	0.0							
686389.6	7453733	0.0							
686389.6	7453933	0.0							
686389.6	7454133	0.0							
686389.6	7454333	0.0							
686389.6	7454533	0.0							
686389.6	7454733	0.0							
686389.6	7454933	0.0							
686389.6	7455133	0.0							
686389.6	7455333	0.0							
686389.6	7455533	0.0							
686389.6	7455733	0.0							
686389.6	7455933	0.0							
686389.6	7456133	0.0							
686389.6	7456333	0.0							
686389.6	7456533	0.0							
686389.6	7456733	0.0							
686389.6	7456933	0.0							
686389.6	7457133	0.0							
686389.6	7457333	0.0							
686389.6	7457533	0.0							
686389.6	7457733	0.0							
686389.6	7457933	0.0							
686389.6	7458133	0.0							
686389.6	7458333	0.0							
686389.6	7458533	0.0							
686389.6	7458733	14.9							
686389.6	7458933	35.9							
686389.6	7459133	26.7							
686389.6	7459333	26.9							
686389.6	7459533	94.3							
686389.6	7459733	160.2							
686389.6	7459933	84.7							
686389.6	7460133	7.1							
686389.6	7460333	10.5							
686389.6	7460533	12.2							
686389.6	7460733	7.6							
686389.6	7460933	4.2							
686389.6	7461133	7.6							
686389.6	7461333	5.5							
686389.6	7461533	3.6							
686389.6	7461733	13.6							
686389.6	7461933	17.2							
686389.6	7462133	22.4							
686389.6	7462333	20.1							
686389.6	7462533	11.8							
686389.6	7462733	18.7							
686389.6	7462933	20.5							
686389.6	7463133	46.6							
686389.6	7463333	98.5							
686389.6	7463533	104.8							
686389.6	7463733	87.5							
686389.6	7463933	49.4							
686389.6	7464133	68.0							
686389.6	7464333	86.1							
686389.6	7464533	58.7							
686389.6	7464733	17.9							
686389.6	7464933	12.6							
686389.6	7465133	6.6							
686389.6	7465333	7.1							
686389.6	7465533	11.2							
686389.6	7465733	9.6							
686389.6	7465933	12.6							
686389.6	7466133	2.2							
686389.6	7466333	11.6							
686389.6	7466533	35.9							
686389.6	7466733	16.8							
686389.6	7466933	2.4							
686389.6	7467133	0.0							
686389.6	7467333	0.0							
686389.6	7467533	0.0							
686389.6	7467733	0.0							
686389.6	7467933	0.0							
686389.6	7468133	0.0							
686389.6	7468333	0.0							
686389.6	7468533	0.0							
686389.6	7468733	0.0							
686389.6	7468933	0.0							
686389.6	7469133	0.0							
686389.6	7469333	0.0							
686389.6	7469533	0.0							
686389.6	7469733	0.0							
686389.6	7469933	0.0							
686389.6	7470133	0.0							
686389.6	7470333	0.0							
686389.6	7470533	0.0							
686389.6	7470733	0.0							
686389.6	7470933	0.0							
686389.6	7471133	0.0							
686389.6	7471333	0.0							
686389.6	7471533	0.0							
686389.6	7471733	0.0							
686589.6	7451933	0.0							
686589.6	7452133	0.0							
686589.6	7452333	0.0							
686589.6	7452533	0.0							
686589.6	7452733	0.0							
686589.6	7452933	0.0							
686589.6	7453133	0.0							
686589.6	7453333	0.0							
686589.6	7453533	0.0							
686589.6	7453733	0.0							
686589.6	7453933	0.0							
686589.6	7454133	0.0							
686589.6	7454333	0.0							
686589.6	7454533	0.0							
686589.6	7454733	0.0							
686589.6	7454933	0.0							
686589.6	7455133	0.0							
686589.6	7455333	0.0							
686589.6	7455533	0.0							
686589.6	7455733	0.0							
686589.6	7455933	0.0							
686589.6	7456133	0.0							
686589.6	7456333	0.0							
686589.6	7456533	0.0							
686589.6	7456733	0.0							
686589.6	7456933	0.0							
686589.6	7457133	0.0							
686589.6	7457333	0.0							
686589.6	7457533	0.0							
686589.6	7457733	0.0							
686589.6	7457933	0.0							
686589.6	7458133	0.0							
686589.6	7458333	0.0							
686589.6	7458533	0.0							
686589.6	7458733	0.0							
686589.6	7458933	26.9							
686589.6	7459133	26.5							
686589.6	7459333	27.8							
686589.6	7459533	50.4							
686589.6	7459733	137.5							
686589.6	7459933	114.9							
686589.6	7460133	35.4							
686589.6	7460333	7.2							
686589.6	7460533	26.8							
686589.6	7460733	13.4							
686589.6	7460933	2.6							
686589.6	7461133	0.0							
686589.6	7461333	0.0							
686589.6	7461533	0.0							
686589.6	7461733	8.2							
686589.6	7461933	21.0							
686589.6	7462133	71.3							
686589.6	7462333	31.5							
686589.6	7462533	25.8							
686589.6	7462733	13.5							
686589.6	7462933	21.0							
686589.6	7463133	24.3							
686589.6	7463333	13.4							
686589.6	7463533	33.2							
686589.6	7463733	47.4							
686589.6	7463933	26.8							
686589.6	7464133	40.0							
686589.6	7464333	41.3							
686589.6	7464533	76.8							
686589.6	7464733	48.0							
686589.6	7464933	5.8							
686589.6	7465133	16.9							
686589.6	7465333	10.2							
686589.6	7465533	18.1							
686589.6	7465733	13.5							
686589.6	7465933	15.7							
686589.6	7466133	19.5							
686589.6	7466333	10.2							
686589.6	7466533	16.1							
686589.6	7466733	11.4							
686589.6	7466933	0.0							
686589.6	7467133	0.0							
686589.6	7467333	0.0							
686589.6	7467533	0.0							
686589.6	7467733	0.0							
686589.6	7467933	0.0							
686589.6	7468133	0.0							
686589.6	7468333	0.0							
686589.6	7468533	0.0							
686589.6	7468733	0.0							
686589.6	7468933	0.0							
686589.6	7469133	0.0							
686589.6	7469333	0.0							
686589.6	7469533	0.0							
686589.6	7469733	0.0							
686589.6	7469933	0.0							
686589.6	7470133	0.0							
686589.6	7470333	0.0							
686589.6	7470533	0.0							
686589.6	7470733	0.0							
686589.6	7470933	0.0							
686589.6	7471133	0.0							
686589.6	7471333	0.0							
686589.6	7471533	0.0							
686589.6	7471733	0.0							
686789.6	7451933	0.0							
686789.6	7452133	0.0							
686789.6	7452333	0.0							
686789.6	7452533	0.0							
686789.6	7452733	0.0							
686789.6	7452933	0.0							
686789.6	7453133	0.0							
686789.6	7453333	0.0							
686789.6	7453533	0.0							
686789.6	7453733	0.0							
686789.6	7453933	0.0							
686789.6	7454133	0.0							
686789.6	7454333	0.0							
686789.6	7454533	0.0							
686789.6	7454733	0.0							
686789.6	7454933	0.0							
686789.6	7455133	0.0							
686789.6	7455333	0.0							
686789.6	7455533	0.0							
686789.6	7455733	0.0							
686789.6	7455933	0.0							
686789.6	7456133	0.0							
686789.6	7456333	0.0							
686789.6	7456533	0.0							
686789.6	7456733	0.0							
686789.6	7456933	0.0							
686789.6	7457133	0.0							
686789.6	7457333	0.0							
686789.6	7457533	0.0							
686789.6	7457733	0.0							
686789.6	7457933	0.0							
686789.6	7458133	0.0							
686789.6	7458333	0.0							
686789.6	7458533	0.0							
686789.6	7458733	0.0							
686789.6	7458933	3.6							
686789.6	7459133	17.7							
686789.6	7459333	29.2							
686789.6	7459533	36.4							
686789.6	7459733	64.8							
686789.6	7459933	40.6							
686789.6	7460133	61.4							
686789.6	7460333	8.6							
686789.6	7460533	10.3							
686789.6	7460733	62.7							
686789.6	7460933	8.6							
686789.6	7461133	0.0							
686789.6	7461333	0.0							
686789.6	7461533	0.0							
686789.6	7461733	2.9							
686789.6	7461933	17.5							
686789.6	7462133	7.0							
686789.6	7462333	11.0							
686789.6	7462533	14.4							
686789.6	7462733	28.5							
686789.6	7462933	12.7							
686789.6	7463133	21.0							
686789.6	7463333	8.8							
686789.6	7463533	27.6							
686789.6	7463733	10.7							
686789.6	7463933	33.6							
686789.6	7464133	17.8							
686789.6	7464333	58.4							
686789.6	7464533	37.3							
686789.6	7464733	12.8							
686789.6	7464933	7.1							
686789.6	7465133	18.8							
686789.6	7465333	10.3							
686789.6	7465533	14.8							
686789.6	7465733	19.5							
686789.6	7465933	26.1							
686789.6	7466133	32.9							
686789.6	7466333	20.5							
686789.6	7466533	33.9							
686789.6	7466733	27.3							
686789.6	7466933	0.0							
686789.6	7467133	1.4							
686789.6	7467333	0.0							
686789.6	7467533	0.0							
686789.6	7467733	0.0							
686789.6	7467933	0.0							
686789.6	7468133	0.0							
686789.6	7468333	0.0							
686789.6	7468533	0.0							
686789.6	7468733	0.0							
686789.6	7468933	0.0							
686789.6	7469133	0.0							
686789.6	7469333	0.0							
686789.6	7469533	0.0							
686789.6	7469733	0.0							
686789.6	7469933	0.0							
686789.6	7470133	0.0							
686789.6	7470333	0.0							
686789.6	7470533	0.0							
686789.6	7470733	0.0							
686789.6	7470933	0.0							
686789.6	7471133	0.0							
686789.6	7471333	0.0							
686789.6	7471533	0.0							
686789.6	7471733	0.0							
686989.6	7451933	0.0							
686989.6	7452133	0.0							
686989.6	7452333	0.0							
686989.6	7452533	0.0							
686989.6	7452733	0.0							
686989.6	7452933	0.0							
686989.6	7453133	0.0							
686989.6	7453333	0.0							
686989.6	7453533	0.0							
686989.6	7453733	0.0							
686989.6	7453933	0.0							
686989.6	7454133	0.0							
686989.6	7454333	0.0							
686989.6	7454533	0.0							
686989.6	7454733	0.0							
686989.6	7454933	0.0							
686989.6	7455133	0.0							
686989.6	7455333	0.0							
686989.6	7455533	0.0							
686989.6	7455733	0.0							
686989.6	7455933	0.0							
686989.6	7456133	0.0							
686989.6	7456333	0.0							
686989.6	7456533	0.0							
686989.6	7456733	0.0							
686989.6	7456933	0.0							
686989.6	7457133	0.0							
686989.6	7457333	0.0							
686989.6	7457533	0.0							
686989.6	7457733	0.0							
686989.6	7457933	0.0							
686989.6	7458133	0.0							
686989.6	7458333	0.0							
686989.6	7458533	0.0							
686989.6	7458733	0.0							
686989.6	7458933	0.0							
686989.6	7459133	7.8							
686989.6	7459333	30.9							
686989.6	7459533	29.8							
686989.6	7459733	75.2							
686989.6	7459933	46.6							
686989.6	7460133	13.0							
686989.6	7460333	12.7							
686989.6	7460533	7.6							
686989.6	7460733	19.7							
686989.6	7460933	0.0							
686989.6	7461133	0.0							
686989.6	7461333	0.0							
686989.6	7461533	0.0							
686989.6	7461733	12.2							
686989.6	7461933	42.4							
686989.6	7462133	25.8							
686989.6	7462333	5.1							
686989.6	7462533	10.0							
686989.6	7462733	15.9							
686989.6	7462933	14.8							
686989.6	7463133	4.1							
686989.6	7463333	5.4							
686989.6	7463533	6.6							
686989.6	7463733	4.7							
686989.6	7463933	5.8							
686989.6	7464133	4.2							
686989.6	7464333	12.4							
686989.6	7464533	16.8							
686989.6	7464733	8.1							
686989.6	7464933	19.2							
686989.6	7465133	25.4							
686989.6	7465333	9.6							
686989.6	7465533	19.0							
686989.6	7465733	30.3							
686989.6	7465933	45.9							
686989.6	7466133	37.4							
686989.6	7466333	4.2							
686989.6	7466533	4.3							
686989.6	7466733	11.6							
686989.6	7466933	0.0							
686989.6	7467133	0.0							
686989.6	7467333	0.0							
686989.6	7467533	0.0							
686989.6	7467733	0.0							
686989.6	7467933	0.0							
686989.6	7468133	0.0							
686989.6	7468333	0.0							
686989.6	7468533	0.0							
686989.6	7468733	0.0							
686989.6	7468933	0.0							
686989.6	7469133	0.0							
686989.6	7469333	0.0							
686989.6	7469533	0.0							
686989.6	7469733	0.0							
686989.6	7469933	0.0							
686989.6	7470133	0.0							
686989.6	7470333	0.0							
686989.6	7470533	0.0							
686989.6	7470733	0.0							
686989.6	7470933	0.0							
686989.6	7471133	0.0							
686989.6	7471333	0.0							
686989.6	7471533	0.0							
686989.6	7471733	0.0							
687189.6	7451933	0.0							
687189.6	7452133	0.0							
687189.6	7452333	0.0							
687189.6	7452533	0.0							
687189.6	7452733	0.0							
687189.6	7452933	0.0							
687189.6	7453133	0.0							
687189.6	7453333	0.0							
687189.6	7453533	0.0							
687189.6	7453733	0.0							
687189.6	7453933	0.0							
687189.6	7454133	0.0							
687189.6	7454333	0.0							
687189.6	7454533	0.0							
687189.6	7454733	0.0							
687189.6	7454933	0.0							
687189.6	7455133	0.0							
687189.6	7455333	0.0							
687189.6	7455533	0.0							
687189.6	7455733	0.0							
687189.6	7455933	0.0							
687189.6	7456133	0.0							
687189.6	7456333	0.0							
687189.6	7456533	0.0							
687189.6	7456733	0.0							
687189.6	7456933	0.0							
687189.6	7457133	0.0							
687189.6	7457333	0.0							
687189.6	7457533	0.0							
687189.6	7457733	0.0							
687189.6	7457933	0.0							
687189.6	7458133	0.0							
687189.6	7458333	0.0							
687189.6	7458533	0.0							
687189.6	7458733	0.0							
687189.6	7458933	0.0							
687189.6	7459133	3.7							
687189.6	7459333	31.9							
687189.6	7459533	35.7							
687189.6	7459733	79.1							
687189.6	7459933	132.2							
687189.6	7460133	45.6							
687189.6	7460333	12.1							
687189.6	7460533	12.7							
687189.6	7460733	10.8							
687189.6	7460933	0.0							
687189.6	7461133	0.0							
687189.6	7461333	0.0							
687189.6	7461533	7.3							
687189.6	7461733	23.7							
687189.6	7461933	49.8							
687189.6	7462133	25.9							
687189.6	7462333	18.2							
687189.6	7462533	13.3							
687189.6	7462733	8.4							
687189.6	7462933	9.9							
687189.6	7463133	8.9							
687189.6	7463333	20.6							
687189.6	7463533	15.4							
687189.6	7463733	63.3							
687189.6	7463933	23.2							
687189.6	7464133	3.6							
687189.6	7464333	4.4							
687189.6	7464533	4.8							
687189.6	7464733	4.7							
687189.6	7464933	5.9							
687189.6	7465133	7.9							
687189.6	7465333	36.6							
687189.6	7465533	47.2							
687189.6	7465733	40.1							
687189.6	7465933	17.9							
687189.6	7466133	10.8							
687189.6	7466333	2.4							
687189.6	7466533	0.0							
687189.6	7466733	0.0							
687189.6	7466933	1.7							
687189.6	7467133	0.0							
687189.6	7467333	0.0							
687189.6	7467533	0.0							
687189.6	7467733	0.0							
687189.6	7467933	0.0							
687189.6	7468133	0.0							
687189.6	7468333	0.0							
687189.6	7468533	0.0							
687189.6	7468733	0.0							
687189.6	7468933	0.0							
687189.6	7469133	0.0							
687189.6	7469333	0.0							
687189.6	7469533	0.0							
687189.6	7469733	0.0							
687189.6	7469933	0.0							
687189.6	7470133	0.0							
687189.6	7470333	0.0							
687189.6	7470533	0.0							
687189.6	7470733	0.0							
687189.6	7470933	0.0							
687189.6	7471133	0.0							
687189.6	7471333	0.0							
687189.6	7471533	0.0							
687189.6	7471733	0.0							
687389.6	7451933	0.0							
687389.6	7452133	0.0							
687389.6	7452333	0.0							
687389.6	7452533	0.0							
687389.6	7452733	0.0							
687389.6	7452933	0.0							
687389.6	7453133	0.0							
687389.6	7453333	0.0							
687389.6	7453533	0.0							
687389.6	7453733	0.0							
687389.6	7453933	0.0							
687389.6	7454133	0.0							
687389.6	7454333	0.0							
687389.6	7454533	0.0							
687389.6	7454733	0.0							
687389.6	7454933	0.0							
687389.6	7455133	0.0							
687389.6	7455333	0.0							
687389.6	7455533	0.0							
687389.6	7455733	0.0							
687389.6	7455933	0.0							
687389.6	7456133	0.0							
687389.6	7456333	0.0							
687389.6	7456533	0.0							
687389.6	7456733	0.0							
687389.6	7456933	0.0							
687389.6	7457133	0.0							
687389.6	7457333	0.0							
687389.6	7457533	0.0							
687389.6	7457733	0.0							
687389.6	7457933	0.0							
687389.6	7458133	0.0							
687389.6	7458333	0.0							
687389.6	7458533	0.0							
687389.6	7458733	0.0							
687389.6	7458933	0.0							
687389.6	7459133	0.0							
687389.6	7459333	26.6							
687389.6	7459533	70.8							
687389.6	7459733	114.5							
687389.6	7459933	190.2							
687389.6	7460133	77.9							
687389.6	7460333	5.0							
687389.6	7460533	8.9							
687389.6	7460733	0.0							
687389.6	7460933	0.0							
687389.6	7461133	0.0							
687389.6	7461333	0.0							
687389.6	7461533	0.0							
687389.6	7461733	6.0							
687389.6	7461933	65.7							
687389.6	7462133	5.0							
687389.6	7462333	5.0							
687389.6	7462533	7.7							
687389.6	7462733	4.1							
687389.6	7462933	8.7							
687389.6	7463133	5.9							
687389.6	7463333	4.9							
687389.6	7463533	5.5							
687389.6	7463733	4.5							
687389.6	7463933	7.3							
687389.6	7464133	7.7							
687389.6	7464333	5.2							
687389.6	7464533	1.8							
687389.6	7464733	7.4							
687389.6	7464933	4.1							
687389.6	7465133	10.0							
687389.6	7465333	13.0							
687389.6	7465533	15.9							
687389.6	7465733	15.2							
687389.6	7465933	15.5							
687389.6	7466133	2.3							
687389.6	7466333	0.0							
687389.6	7466533	0.0							
687389.6	7466733	7.5							
687389.6	7466933	10.5							
687389.6	7467133	4.3							
687389.6	7467333	0.0							
687389.6	7467533	0.0							
687389.6	7467733	0.0							
687389.6	7467933	0.0							
687389.6	7468133	0.0							
687389.6	7468333	0.0							
687389.6	7468533	0.0							
687389.6	7468733	0.0							
687389.6	7468933	0.0							
687389.6	7469133	0.0							
687389.6	7469333	0.0							
687389.6	7469533	0.0							
687389.6	7469733	0.0							
687389.6	7469933	0.0							
687389.6	7470133	0.0							
687389.6	7470333	0.0							
687389.6	7470533	0.0							
687389.6	7470733	0.0							
687389.6	7470933	0.0							
687389.6	7471133	0.0							
687389.6	7471333	0.0							
687389.6	7471533	0.0							
687389.6	7471733	0.0							
687589.6	7451933	0.0							
687589.6	7452133	0.0							
687589.6	7452333	0.0							
687589.6	7452533	0.0							
687589.6	7452733	0.0							
687589.6	7452933	0.0							
687589.6	7453133	0.0							
687589.6	7453333	0.0							
687589.6	7453533	0.0							
687589.6	7453733	0.0							
687589.6	7453933	0.0							
687589.6	7454133	0.0							
687589.6	7454333	0.0							
687589.6	7454533	0.0							
687589.6	7454733	0.0							
687589.6	7454933	0.0							
687589.6	7455133	0.0							
687589.6	7455333	0.0							
687589.6	7455533	0.0							
687589.6	7455733	0.0							
687589.6	7455933	0.0							
687589.6	7456133	0.0							
687589.6	7456333	0.0							
687589.6	7456533	0.0							
687589.6	7456733	0.0							
687589.6	7456933	0.0							
687589.6	7457133	0.0							
687589.6	7457333	0.0							
687589.6	7457533	0.0							
687589.6	7457733	0.0							
687589.6	7457933	0.0							
687589.6	7458133	0.0							
687589.6	7458333	0.0							
687589.6	7458533	0.0							
687589.6	7458733	0.0							
687589.6	7458933	0.0							
687589.6	7459133	0.0							
687589.6	7459333	3.5							
687589.6	7459533	27.1							
687589.6	7459733	74.8							
687589.6	7459933	181.7							
687589.6	7460133	122.9							
687589.6	7460333	9.9							
687589.6	7460533	12.0							
687589.6	7460733	0.0							
687589.6	7460933	0.0							
687589.6	7461133	0.0							
687589.6	7461333	0.0							
687589.6	7461533	0.0							
687589.6	7461733	0.0							
687589.6	7461933	4.7							
687589.6	7462133	3.6							
687589.6	7462333	7.4							
687589.6	7462533	0.0							
687589.6	7462733	0.0							
687589.6	7462933	0.0							
687589.6	7463133	0.0							
687589.6	7463333	4.8							
687589.6	7463533	6.7							
687589.6	7463733	4.2							
687589.6	7463933	9.1							
687589.6	7464133	6.6							
687589.6	7464333	0.0							
687589.6	7464533	0.0							
687589.6	7464733	0.0							
687589.6	7464933	8.8							
687589.6	7465133	11.2							
687589.6	7465333	9.1							
687589.6	7465533	18.0							
687589.6	7465733	7.2							
687589.6	7465933	5.6							
687589.6	7466133	0.0							
687589.6	7466333	0.0							
687589.6	7466533	0.0							
687589.6	7466733	9.3							
687589.6	7466933	8.6							
687589.6	7467133	0.0							
687589.6	7467333	0.0							
687589.6	7467533	0.0							
687589.6	7467733	0.0							
687589.6	7467933	0.0							
687589.6	7468133	0.0							
687589.6	7468333	0.0							
687589.6	7468533	0.0							
687589.6	7468733	0.0							
687589.6	7468933	0.0							
687589.6	7469133	0.0							
687589.6	7469333	0.0							
687589.6	7469533	0.0							
687589.6	7469733	0.0							
687589.6	7469933	0.0							
687589.6	7470133	0.0							
687589.6	7470333	0.0							
687589.6	7470533	0.0							
687589.6	7470733	0.0							
687589.6	7470933	0.0							
687589.6	7471133	0.0							
687589.6	7471333	0.0							
687589.6	7471533	0.0							
687589.6	7471733	0.0							
687789.6	7451933	0.0							
687789.6	7452133	0.0							
687789.6	7452333	0.0							
687789.6	7452533	0.0							
687789.6	7452733	0.0							
687789.6	7452933	0.0							
687789.6	7453133	0.0							
687789.6	7453333	0.0							
687789.6	7453533	0.0							
687789.6	7453733	0.0							
687789.6	7453933	0.0							
687789.6	7454133	0.0							
687789.6	7454333	0.0							
687789.6	7454533	0.0							
687789.6	7454733	0.0							
687789.6	7454933	0.0							
687789.6	7455133	0.0							
687789.6	7455333	0.0							
687789.6	7455533	0.0							
687789.6	7455733	0.0							
687789.6	7455933	0.0							
687789.6	7456133	0.0							
687789.6	7456333	0.0							
687789.6	7456533	0.0							
687789.6	7456733	0.0							
687789.6	7456933	0.0							
687789.6	7457133	0.0							
687789.6	7457333	0.0							
687789.6	7457533	0.0							
687789.6	7457733	0.0							
687789.6	7457933	0.0							
687789.6	7458133	0.0							
687789.6	7458333	0.0							
687789.6	7458533	0.0							
687789.6	7458733	0.0							
687789.6	7458933	0.0							
687789.6	7459133	0.0							
687789.6	7459333	0.0							
687789.6	7459533	20.4							
687789.6	7459733	76.0							
687789.6	7459933	182.0							
687789.6	7460133	109.9							
687789.6	7460333	12.6							
687789.6	7460533	11.1							
687789.6	7460733	3.7							
687789.6	7460933	0.0							
687789.6	7461133	0.0							
687789.6	7461333	0.0							
687789.6	7461533	0.0							
687789.6	7461733	0.0							
687789.6	7461933	0.0							
687789.6	7462133	2.6							
687789.6	7462333	0.0							
687789.6	7462533	0.0							
687789.6	7462733	0.0							
687789.6	7462933	0.0							
687789.6	7463133	0.0							
687789.6	7463333	0.0							
687789.6	7463533	0.0							
687789.6	7463733	0.0							
687789.6	7463933	4.1							
687789.6	7464133	10.7							
687789.6	7464333	6.6							
687789.6	7464533	0.0							
687789.6	7464733	0.0							
687789.6	7464933	6.5							
687789.6	7465133	6.8							
687789.6	7465333	7.1							
687789.6	7465533	15.2							
687789.6	7465733	5.4							
687789.6	7465933	0.0							
687789.6	7466133	0.0							
687789.6	7466333	0.0							
687789.6	7466533	0.0							
687789.6	7466733	16.0							
687789.6	7466933	2.2							
687789.6	7467133	0.0							
687789.6	7467333	0.0							
687789.6	7467533	0.0							
687789.6	7467733	0.0							
687789.6	7467933	0.0							
687789.6	7468133	0.0							
687789.6	7468333	0.0							
687789.6	7468533	0.0							
687789.6	7468733	0.0							
687789.6	7468933	0.0							
687789.6	7469133	0.0							
687789.6	7469333	0.0							
687789.6	7469533	0.0							
687789.6	7469733	0.0							
687789.6	7469933	0.0							
687789.6	7470133	0.0							
687789.6	7470333	0.0							
687789.6	7470533	0.0							
687789.6	7470733	0.0							
687789.6	7470933	0.0							
687789.6	7471133	0.0							
687789.6	7471333	0.0							
687789.6	7471533	0.0							
687789.6	7471733	0.0							
687989.6	7451933	0.0							
687989.6	7452133	0.0							
687989.6	7452333	0.0							
687989.6	7452533	0.0							
687989.6	7452733	0.0							
687989.6	7452933	0.0							
687989.6	7453133	0.0							
687989.6	7453333	0.0							
687989.6	7453533	0.0							
687989.6	7453733	0.0							
687989.6	7453933	0.0							
687989.6	7454133	0.0							
687989.6	7454333	0.0							
687989.6	7454533	0.0							
687989.6	7454733	0.0							
687989.6	7454933	0.0							
687989.6	7455133	0.0							
687989.6	7455333	0.0							
687989.6	7455533	0.0							
687989.6	7455733	0.0							
687989.6	7455933	0.0							
687989.6	7456133	0.0							
687989.6	7456333	0.0							
687989.6	7456533	0.0							
687989.6	7456733	0.0							
687989.6	7456933	0.0							
687989.6	7457133	0.0							
687989.6	7457333	0.0							
687989.6	7457533	0.0							
687989.6	7457733	0.0							
687989.6	7457933	0.0							
687989.6	7458133	0.0							
687989.6	7458333	0.0							
687989.6	7458533	0.0							
687989.6	7458733	0.0							
687989.6	7458933	0.0							
687989.6	7459133	0.0							
687989.6	7459333	0.0							
687989.6	7459533	8.8							
687989.6	7459733	108.9							
687989.6	7459933	172.2							
687989.6	7460133	33.5							
687989.6	7460333	4.6							
687989.6	7460533	54.0							
687989.6	7460733	154.8							
687989.6	7460933	0.0							
687989.6	7461133	0.0							
687989.6	7461333	0.0							
687989.6	7461533	0.0							
687989.6	7461733	0.0							
687989.6	7461933	0.0							
687989.6	7462133	0.0							
687989.6	7462333	0.0							
687989.6	7462533	0.0							
687989.6	7462733	0.0							
687989.6	7462933	0.0							
687989.6	7463133	0.0							
687989.6	7463333	0.0							
687989.6	7463533	0.0							
687989.6	7463733	0.0							
687989.6	7463933	0.0							
687989.6	7464133	0.0							
687989.6	7464333	0.0							
687989.6	7464533	0.0							
687989.6	7464733	0.0							
687989.6	7464933	6.3							
687989.6	7465133	15.9							
687989.6	7465333	22.6							
687989.6	7465533	8.5							
687989.6	7465733	6.5							
687989.6	7465933	0.0							
687989.6	7466133	0.0							
687989.6	7466333	0.0							
687989.6	7466533	0.0							
687989.6	7466733	0.0							
687989.6	7466933	0.0							
687989.6	7467133	0.0							
687989.6	7467333	0.0							
687989.6	7467533	0.0							
687989.6	7467733	0.0							
687989.6	7467933	0.0							
687989.6	7468133	0.0							
687989.6	7468333	0.0							
687989.6	7468533	0.0							
687989.6	7468733	0.0							
687989.6	7468933	0.0							
687989.6	7469133	0.0							
687989.6	7469333	0.0							
687989.6	7469533	0.0							
687989.6	7469733	0.0							
687989.6	7469933	0.0							
687989.6	7470133	0.0							
687989.6	7470333	0.0							
687989.6	7470533	0.0							
687989.6	7470733	0.0							
687989.6	7470933	0.0							
687989.6	7471133	0.0							
687989.6	7471333	0.0							
687989.6	7471533	0.0							
687989.6	7471733	0.0							
688189.6	7451933	0.0							
688189.6	7452133	0.0							
688189.6	7452333	0.0							
688189.6	7452533	0.0							
688189.6	7452733	0.0							
688189.6	7452933	0.0							
688189.6	7453133	0.0							
688189.6	7453333	0.0							
688189.6	7453533	0.0							
688189.6	7453733	0.0							
688189.6	7453933	0.0							
688189.6	7454133	0.0							
688189.6	7454333	0.0							
688189.6	7454533	0.0							
688189.6	7454733	0.0							
688189.6	7454933	0.0							
688189.6	7455133	0.0							
688189.6	7455333	0.0							
688189.6	7455533	0.0							
688189.6	7455733	0.0							
688189.6	7455933	0.0							
688189.6	7456133	0.0							
688189.6	7456333	0.0							
688189.6	7456533	0.0							
688189.6	7456733	0.0							
688189.6	7456933	0.0							
688189.6	7457133	0.0							
688189.6	7457333	0.0							
688189.6	7457533	0.0							
688189.6	7457733	0.0							
688189.6	7457933	0.0							
688189.6	7458133	0.0							
688189.6	7458333	0.0							
688189.6	7458533	0.0							
688189.6	7458733	0.0							
688189.6	7458933	0.0							
688189.6	7459133	0.0							
688189.6	7459333	0.0							
688189.6	7459533	7.1							
688189.6	7459733	64.2							
688189.6	7459933	119.4							
688189.6	7460133	6.8							
688189.6	7460333	4.3							
688189.6	7460533	128.8							
688189.6	7460733	207.1							
688189.6	7460933	68.4							
688189.6	7461133	0.0							
688189.6	7461333	0.0							
688189.6	7461533	0.0							
688189.6	7461733	0.0							
688189.6	7461933	0.0							
688189.6	7462133	0.0							
688189.6	7462333	0.0							
688189.6	7462533	0.0							
688189.6	7462733	0.0							
688189.6	7462933	0.0							
688189.6	7463133	0.0							
688189.6	7463333	0.0							
688189.6	7463533	0.0							
688189.6	7463733	0.0							
688189.6	7463933	0.0							
688189.6	7464133	0.0							
688189.6	7464333	0.0							
688189.6	7464533	0.0							
688189.6	7464733	6.7							
688189.6	7464933	3.2							
688189.6	7465133	3.8							
688189.6	7465333	4.3							
688189.6	7465533	2.2							
688189.6	7465733	3.1							
688189.6	7465933	0.0							
688189.6	7466133	0.0							
688189.6	7466333	0.0							
688189.6	7466533	0.0							
688189.6	7466733	0.0							
688189.6	7466933	0.0							
688189.6	7467133	0.0							
688189.6	7467333	0.0							
688189.6	7467533	0.0							
688189.6	7467733	0.0							
688189.6	7467933	0.0							
688189.6	7468133	0.0							
688189.6	7468333	0.0							
688189.6	7468533	0.0							
688189.6	7468733	0.0							
688189.6	7468933	0.0							
688189.6	7469133	0.0							
688189.6	7469333	0.0							
688189.6	7469533	0.0							
688189.6	7469733	0.0							
688189.6	7469933	0.0							
688189.6	7470133	0.0							
688189.6	7470333	0.0							
688189.6	7470533	0.0							
688189.6	7470733	0.0							
688189.6	7470933	0.0							
688189.6	7471133	0.0							
688189.6	7471333	0.0							
688189.6	7471533	0.0							
688189.6	7471733	0.0							
688389.6	7451933	0.0							
688389.6	7452133	0.0							
688389.6	7452333	0.0							
688389.6	7452533	0.0							
688389.6	7452733	0.0							
688389.6	7452933	0.0							
688389.6	7453133	0.0							
688389.6	7453333	0.0							
688389.6	7453533	0.0							
688389.6	7453733	0.0							
688389.6	7453933	0.0							
688389.6	7454133	0.0							
688389.6	7454333	0.0							
688389.6	7454533	0.0							
688389.6	7454733	0.0							
688389.6	7454933	0.0							
688389.6	7455133	0.0							
688389.6	7455333	0.0							
688389.6	7455533	0.0							
688389.6	7455733	0.0							
688389.6	7455933	0.0							
688389.6	7456133	0.0							
688389.6	7456333	0.0							
688389.6	7456533	0.0							
688389.6	7456733	0.0							
688389.6	7456933	0.0							
688389.6	7457133	0.0							
688389.6	7457333	0.0							
688389.6	7457533	0.0							
688389.6	7457733	0.0							
688389.6	7457933	0.0							
688389.6	7458133	0.0							
688389.6	7458333	0.0							
688389.6	7458533	0.0							
688389.6	7458733	0.0							
688389.6	7458933	0.0							
688389.6	7459133	6.4							
688389.6	7459333	114.3							
688389.6	7459533	35.4							
688389.6	7459733	94.9							
688389.6	7459933	70.3							
688389.6	7460133	0.0							
688389.6	7460333	0.0							
688389.6	7460533	68.2							
688389.6	7460733	190.3							
688389.6	7460933	48.7							
688389.6	7461133	9.2							
688389.6	7461333	8.6							
688389.6	7461533	0.0							
688389.6	7461733	0.0							
688389.6	7461933	0.0							
688389.6	7462133	0.0							
688389.6	7462333	0.0							
688389.6	7462533	0.0							
688389.6	7462733	0.0							
688389.6	7462933	0.0							
688389.6	7463133	0.0							
688389.6	7463333	0.0							
688389.6	7463533	0.0							
688389.6	7463733	0.0							
688389.6	7463933	0.0							
688389.6	7464133	0.0							
688389.6	7464333	0.0							
688389.6	7464533	1.9							
688389.6	7464733	2.3							
688389.6	7464933	2.5							
688389.6	7465133	2.3							
688389.6	7465333	2.1							
688389.6	7465533	2.0							
688389.6	7465733	2.0							
688389.6	7465933	0.0							
688389.6	7466133	0.0							
688389.6	7466333	0.0							
688389.6	7466533	0.0							
688389.6	7466733	0.0							
688389.6	7466933	0.0							
688389.6	7467133	0.0							
688389.6	7467333	0.0							
688389.6	7467533	0.0							
688389.6	7467733	0.0							
688389.6	7467933	0.0							
688389.6	7468133	0.0							
688389.6	7468333	0.0							
688389.6	7468533	0.0							
688389.6	7468733	0.0							
688389.6	7468933	0.0							
688389.6	7469133	0.0							
688389.6	7469333	0.0							
688389.6	7469533	0.0							
688389.6	7469733	0.0							
688389.6	7469933	0.0							
688389.6	7470133	0.0							
688389.6	7470333	0.0							
688389.6	7470533	0.0							
688389.6	7470733	0.0							
688389.6	7470933	0.0							
688389.6	7471133	0.0							
688389.6	7471333	0.0							
688389.6	7471533	0.0							
688389.6	7471733	0.0							
688589.6	7451933	0.0							
688589.6	7452133	0.0							
688589.6	7452333	0.0							
688589.6	7452533	0.0							
688589.6	7452733	0.0							
688589.6	7452933	0.0							
688589.6	7453133	0.0							
688589.6	7453333	0.0							
688589.6	7453533	0.0							
688589.6	7453733	0.0							
688589.6	7453933	0.0							
688589.6	7454133	0.0							
688589.6	7454333	0.0							
688589.6	7454533	0.0							
688589.6	7454733	0.0							
688589.6	7454933	0.0							
688589.6	7455133	0.0							
688589.6	7455333	0.0							
688589.6	7455533	0.0							
688589.6	7455733	0.0							
688589.6	7455933	0.0							
688589.6	7456133	0.0							
688589.6	7456333	0.0							
688589.6	7456533	0.0							
688589.6	7456733	0.0							
688589.6	7456933	0.0							
688589.6	7457133	0.0							
688589.6	7457333	0.0							
688589.6	7457533	0.0							
688589.6	7457733	0.0							
688589.6	7457933	0.0							
688589.6	7458133	0.0							
688589.6	7458333	0.0							
688589.6	7458533	0.0							
688589.6	7458733	0.0							
688589.6	7458933	0.0							
688589.6	7459133	0.0							
688589.6	7459333	75.4							
688589.6	7459533	14.3							
688589.6	7459733	39.6							
688589.6	7459933	45.0							
688589.6	7460133	0.0							
688589.6	7460333	0.0							
688589.6	7460533	15.2							
688589.6	7460733	101.1							
688589.6	7460933	140.1							
688589.6	7461133	81.6							
688589.6	7461333	9.9							
688589.6	7461533	9.6							
688589.6	7461733	0.0							
688589.6	7461933	0.0							
688589.6	7462133	0.0							
688589.6	7462333	0.0							
688589.6	7462533	0.0							
688589.6	7462733	0.0							
688589.6	7462933	0.0							
688589.6	7463133	0.0							
688589.6	7463333	0.0							
688589.6	7463533	0.0							
688589.6	7463733	0.0							
688589.6	7463933	0.0							
688589.6	7464133	0.0							
688589.6	7464333	0.0							
688589.6	7464533	3.7							
688589.6	7464733	3.5							
688589.6	7464933	3.3							
688589.6	7465133	1.5							
688589.6	7465333	1.4							
688589.6	7465533	0.0							
688589.6	7465733	0.0							
688589.6	7465933	0.0							
688589.6	7466133	0.0							
688589.6	7466333	0.0							
688589.6	7466533	0.0							
688589.6	7466733	0.0							
688589.6	7466933	0.0							
688589.6	7467133	0.0							
688589.6	7467333	0.0							
688589.6	7467533	0.0							
688589.6	7467733	0.0							
688589.6	7467933	0.0							
688589.6	7468133	0.0							
688589.6	7468333	0.0							
688589.6	7468533	0.0							
688589.6	7468733	0.0							
688589.6	7468933	0.0							
688589.6	7469133	0.0							
688589.6	7469333	0.0							
688589.6	7469533	0.0							
688589.6	7469733	0.0							
688589.6	7469933	0.0							
688589.6	7470133	0.0							
688589.6	7470333	0.0							
688589.6	7470533	0.0							
688589.6	7470733	0.0							
688589.6	7470933	0.0							
688589.6	7471133	0.0							
688589.6	7471333	0.0							
688589.6	7471533	0.0							
688589.6	7471733	0.0							
688789.6	7451933	0.0							
688789.6	7452133	0.0							
688789.6	7452333	0.0							
688789.6	7452533	0.0							
688789.6	7452733	0.0							
688789.6	7452933	0.0							
688789.6	7453133	0.0							
688789.6	7453333	0.0							
688789.6	7453533	0.0							
688789.6	7453733	0.0							
688789.6	7453933	0.0							
688789.6	7454133	0.0							
688789.6	7454333	0.0							
688789.6	7454533	0.0							
688789.6	7454733	0.0							
688789.6	7454933	0.0							
688789.6	7455133	0.0							
688789.6	7455333	0.0							
688789.6	7455533	0.0							
688789.6	7455733	0.0							
688789.6	7455933	0.0							
688789.6	7456133	0.0							
688789.6	7456333	0.0							
688789.6	7456533	0.0							
688789.6	7456733	0.0							
688789.6	7456933	0.0							
688789.6	7457133	0.0							
688789.6	7457333	0.0							
688789.6	7457533	0.0							
688789.6	7457733	0.0							
688789.6	7457933	0.0							
688789.6	7458133	0.0							
688789.6	7458333	0.0							
688789.6	7458533	0.0							
688789.6	7458733	0.0							
688789.6	7458933	0.0							
688789.6	7459133	0.0							
688789.6	7459333	0.0							
688789.6	7459533	0.0							
688789.6	7459733	0.0							
688789.6	7459933	0.0							
688789.6	7460133	0.0							
688789.6	7460333	0.0							
688789.6	7460533	45.4							
688789.6	7460733	146.4							
688789.6	7460933	167.4							
688789.6	7461133	104.8							
688789.6	7461333	55.5							
688789.6	7461533	0.0							
688789.6	7461733	0.0							
688789.6	7461933	0.0							
688789.6	7462133	0.0							
688789.6	7462333	0.0							
688789.6	7462533	0.0							
688789.6	7462733	0.0							
688789.6	7462933	0.0							
688789.6	7463133	0.0							
688789.6	7463333	0.0							
688789.6	7463533	0.0							
688789.6	7463733	0.0							
688789.6	7463933	0.0							
688789.6	7464133	0.0							
688789.6	7464333	0.0							
688789.6	7464533	0.0							
688789.6	7464733	0.0							
688789.6	7464933	15.7							
688789.6	7465133	0.0							
688789.6	7465333	0.0							
688789.6	7465533	0.0							
688789.6	7465733	0.0							
688789.6	7465933	0.0							
688789.6	7466133	0.0							
688789.6	7466333	0.0							
688789.6	7466533	0.0							
688789.6	7466733	0.0							
688789.6	7466933	0.0							
688789.6	7467133	0.0							
688789.6	7467333	0.0							
688789.6	7467533	0.0							
688789.6	7467733	0.0							
688789.6	7467933	0.0							
688789.6	7468133	0.0							
688789.6	7468333	0.0							
688789.6	7468533	0.0							
688789.6	7468733	0.0							
688789.6	7468933	0.0							
688789.6	7469133	0.0							
688789.6	7469333	0.0							
688789.6	7469533	0.0							
688789.6	7469733	0.0							
688789.6	7469933	0.0							
688789.6	7470133	0.0							
688789.6	7470333	0.0							
688789.6	7470533	0.0							
688789.6	7470733	0.0							
688789.6	7470933	0.0							
688789.6	7471133	0.0							
688789.6	7471333	0.0							
688789.6	7471533	0.0							
688789.6	7471733	0.0							
688989.6	7451933	0.0							
688989.6	7452133	0.0							
688989.6	7452333	0.0							
688989.6	7452533	0.0							
688989.6	7452733	0.0							
688989.6	7452933	0.0							
688989.6	7453133	0.0							
688989.6	7453333	0.0							
688989.6	7453533	0.0							
688989.6	7453733	0.0							
688989.6	7453933	0.0							
688989.6	7454133	0.0							
688989.6	7454333	0.0							
688989.6	7454533	0.0							
688989.6	7454733	0.0							
688989.6	7454933	0.0							
688989.6	7455133	0.0							
688989.6	7455333	0.0							
688989.6	7455533	0.0							
688989.6	7455733	0.0							
688989.6	7455933	0.0							
688989.6	7456133	0.0							
688989.6	7456333	0.0							
688989.6	7456533	0.0							
688989.6	7456733	0.0							
688989.6	7456933	0.0							
688989.6	7457133	0.0							
688989.6	7457333	0.0							
688989.6	7457533	0.0							
688989.6	7457733	0.0							
688989.6	7457933	0.0							
688989.6	7458133	0.0							
688989.6	7458333	0.0							
688989.6	7458533	0.0							
688989.6	7458733	0.0							
688989.6	7458933	0.0							
688989.6	7459133	0.0							
688989.6	7459333	0.0							
688989.6	7459533	0.0							
688989.6	7459733	0.0							
688989.6	7459933	0.0							
688989.6	7460133	0.0							
688989.6	7460333	0.0							
688989.6	7460533	27.4							
688989.6	7460733	132.8							
688989.6	7460933	251.4							
688989.6	7461133	36.1							
688989.6	7461333	4.6							
688989.6	7461533	7.0							
688989.6	7461733	57.0							
688989.6	7461933	0.0							
688989.6	7462133	0.0							
688989.6	7462333	0.0							
688989.6	7462533	0.0							
688989.6	7462733	0.0							
688989.6	7462933	0.0							
688989.6	7463133	0.0							
688989.6	7463333	0.0							
688989.6	7463533	0.0							
688989.6	7463733	0.0							
688989.6	7463933	0.0							
688989.6	7464133	0.0							
688989.6	7464333	0.0							
688989.6	7464533	0.0							
688989.6	7464733	0.0							
688989.6	7464933	0.0							
688989.6	7465133	0.0							
688989.6	7465333	0.0							
688989.6	7465533	0.0							
688989.6	7465733	0.0							
688989.6	7465933	0.0							
688989.6	7466133	0.0							
688989.6	7466333	0.0							
688989.6	7466533	0.0							
688989.6	7466733	0.0							
688989.6	7466933	0.0							
688989.6	7467133	0.0							
688989.6	7467333	0.0							
688989.6	7467533	0.0							
688989.6	7467733	0.0							
688989.6	7467933	0.0							
688989.6	7468133	0.0							
688989.6	7468333	0.0							
688989.6	7468533	0.0							
688989.6	7468733	0.0							
688989.6	7468933	0.0							
688989.6	7469133	0.0							
688989.6	7469333	0.0							
688989.6	7469533	0.0							
688989.6	7469733	0.0							
688989.6	7469933	0.0							
688989.6	7470133	0.0							
688989.6	7470333	0.0							
688989.6	7470533	0.0							
688989.6	7470733	0.0							
688989.6	7470933	0.0							
688989.6	7471133	0.0							
688989.6	7471333	0.0							
688989.6	7471533	0.0							
688989.6	7471733	0.0							
689189.6	7451933	0.0							
689189.6	7452133	0.0							
689189.6	7452333	0.0							
689189.6	7452533	0.0							
689189.6	7452733	0.0							
689189.6	7452933	0.0							
689189.6	7453133	0.0							
689189.6	7453333	0.0							
689189.6	7453533	0.0							
689189.6	7453733	0.0							
689189.6	7453933	0.0							
689189.6	7454133	0.0							
689189.6	7454333	0.0							
689189.6	7454533	0.0							
689189.6	7454733	0.0							
689189.6	7454933	0.0							
689189.6	7455133	0.0							
689189.6	7455333	0.0							
689189.6	7455533	0.0							
689189.6	7455733	0.0							
689189.6	7455933	0.0							
689189.6	7456133	0.0							
689189.6	7456333	0.0							
689189.6	7456533	0.0							
689189.6	7456733	0.0							
689189.6	7456933	0.0							
689189.6	7457133	0.0							
689189.6	7457333	0.0							
689189.6	7457533	0.0							
689189.6	7457733	0.0							
689189.6	7457933	0.0							
689189.6	7458133	0.0							
689189.6	7458333	0.0							
689189.6	7458533	0.0							
689189.6	7458733	0.0							
689189.6	7458933	0.0							
689189.6	7459133	0.0							
689189.6	7459333	0.0							
689189.6	7459533	0.0							
689189.6	7459733	0.0							
689189.6	7459933	0.0							
689189.6	7460133	0.0							
689189.6	7460333	0.0							
689189.6	7460533	0.0							
689189.6	7460733	111.0							
689189.6	7460933	290.1							
689189.6	7461133	5.1							
689189.6	7461333	0.0							
689189.6	7461533	0.0							
689189.6	7461733	32.2							
689189.6	7461933	22.5							
689189.6	7462133	0.0							
689189.6	7462333	0.0							
689189.6	7462533	0.0							
689189.6	7462733	0.0							
689189.6	7462933	0.0							
689189.6	7463133	0.0							
689189.6	7463333	0.0							
689189.6	7463533	0.0							
689189.6	7463733	0.0							
689189.6	7463933	0.0							
689189.6	7464133	0.0							
689189.6	7464333	0.0							
689189.6	7464533	0.0							
689189.6	7464733	0.0							
689189.6	7464933	0.0							
689189.6	7465133	0.0							
689189.6	7465333	0.0							
689189.6	7465533	0.0							
689189.6	7465733	0.0							
689189.6	7465933	0.0							
689189.6	7466133	0.0							
689189.6	7466333	0.0							
689189.6	7466533	0.0							
689189.6	7466733	0.0							
689189.6	7466933	0.0							
689189.6	7467133	0.0							
689189.6	7467333	0.0							
689189.6	7467533	0.0							
689189.6	7467733	0.0							
689189.6	7467933	0.0							
689189.6	7468133	0.0							
689189.6	7468333	0.0							
689189.6	7468533	0.0							
689189.6	7468733	0.0							
689189.6	7468933	0.0							
689189.6	7469133	0.0							
689189.6	7469333	0.0							
689189.6	7469533	0.0							
689189.6	7469733	0.0							
689189.6	7469933	0.0							
689189.6	7470133	0.0							
689189.6	7470333	0.0							
689189.6	7470533	0.0							
689189.6	7470733	0.0							
689189.6	7470933	0.0							
689189.6	7471133	0.0							
689189.6	7471333	0.0							
689189.6	7471533	0.0							
689189.6	7471733	0.0							
689389.6	7451933	0.0							
689389.6	7452133	0.0							
689389.6	7452333	0.0							
689389.6	7452533	0.0							
689389.6	7452733	0.0							
689389.6	7452933	0.0							
689389.6	7453133	0.0							
689389.6	7453333	0.0							
689389.6	7453533	0.0							
689389.6	7453733	0.0							
689389.6	7453933	0.0							
689389.6	7454133	0.0							
689389.6	7454333	0.0							
689389.6	7454533	0.0							
689389.6	7454733	0.0							
689389.6	7454933	0.0							
689389.6	7455133	0.0							
689389.6	7455333	0.0							
689389.6	7455533	0.0							
689389.6	7455733	0.0							
689389.6	7455933	0.0							
689389.6	7456133	0.0							
689389.6	7456333	0.0							
689389.6	7456533	0.0							
689389.6	7456733	0.0							
689389.6	7456933	0.0							
689389.6	7457133	0.0							
689389.6	7457333	0.0							
689389.6	7457533	0.0							
689389.6	7457733	0.0							
689389.6	7457933	0.0							
689389.6	7458133	0.0							
689389.6	7458333	0.0							
689389.6	7458533	0.0							
689389.6	7458733	0.0							
689389.6	7458933	0.0							
689389.6	7459133	0.0							
689389.6	7459333	0.0							
689389.6	7459533	0.0							
689389.6	7459733	0.0							
689389.6	7459933	0.0							
689389.6	7460133	0.0							
689389.6	7460333	0.0							
689389.6	7460533	0.0							
689389.6	7460733	62.4							
689389.6	7460933	62.3							
689389.6	7461133	0.0							
689389.6	7461333	0.0							
689389.6	7461533	0.0							
689389.6	7461733	16.4							
689389.6	7461933	74.2							
689389.6	7462133	0.0							
689389.6	7462333	0.0							
689389.6	7462533	0.0							
689389.6	7462733	0.0							
689389.6	7462933	0.0							
689389.6	7463133	0.0							
689389.6	7463333	0.0							
689389.6	7463533	0.0							
689389.6	7463733	0.0							
689389.6	7463933	0.0							
689389.6	7464133	0.0							
689389.6	7464333	0.0							
689389.6	7464533	0.0							
689389.6	7464733	0.0							
689389.6	7464933	0.0							
689389.6	7465133	0.0							
689389.6	7465333	0.0							
689389.6	7465533	0.0							
689389.6	7465733	0.0							
689389.6	7465933	0.0							
689389.6	7466133	0.0							
689389.6	7466333	0.0							
689389.6	7466533	0.0							
689389.6	7466733	0.0							
689389.6	7466933	0.0							
689389.6	7467133	0.0							
689389.6	7467333	0.0							
689389.6	7467533	0.0							
689389.6	7467733	0.0							
689389.6	7467933	0.0							
689389.6	7468133	0.0							
689389.6	7468333	0.0							
689389.6	7468533	0.0							
689389.6	7468733	0.0							
689389.6	7468933	0.0							
689389.6	7469133	0.0							
689389.6	7469333	0.0							
689389.6	7469533	0.0							
689389.6	7469733	0.0							
689389.6	7469933	0.0							
689389.6	7470133	0.0							
689389.6	7470333	0.0							
689389.6	7470533	0.0							
689389.6	7470733	0.0							
689389.6	7470933	0.0							
689389.6	7471133	0.0							
689389.6	7471333	0.0							
689389.6	7471533	0.0							
689389.6	7471733	0.0							
689589.6	7451933	0.0							
689589.6	7452133	0.0							
689589.6	7452333	0.0							
689589.6	7452533	0.0							
689589.6	7452733	0.0							
689589.6	7452933	0.0							
689589.6	7453133	0.0							
689589.6	7453333	0.0							
689589.6	7453533	0.0							
689589.6	7453733	0.0							
689589.6	7453933	0.0							
689589.6	7454133	0.0							
689589.6	7454333	0.0							
689589.6	7454533	0.0							
689589.6	7454733	0.0							
689589.6	7454933	0.0							
689589.6	7455133	0.0							
689589.6	7455333	0.0							
689589.6	7455533	0.0							
689589.6	7455733	0.0							
689589.6	7455933	0.0							
689589.6	7456133	0.0							
689589.6	7456333	0.0							
689589.6	7456533	0.0							
689589.6	7456733	0.0							
689589.6	7456933	0.0							
689589.6	7457133	0.0							
689589.6	7457333	0.0							
689589.6	7457533	0.0							
689589.6	7457733	0.0							
689589.6	7457933	0.0							
689589.6	7458133	0.0							
689589.6	7458333	0.0							
689589.6	7458533	0.0							
689589.6	7458733	0.0							
689589.6	7458933	0.0							
689589.6	7459133	0.0							
689589.6	7459333	5.3							
689589.6	7459533	0.0							
689589.6	7459733	0.0							
689589.6	7459933	0.0							
689589.6	7460133	0.0							
689589.6	7460333	0.0							
689589.6	7460533	0.0							
689589.6	7460733	28.5							
689589.6	7460933	1.4							
689589.6	7461133	0.0							
689589.6	7461333	0.0							
689589.6	7461533	0.0							
689589.6	7461733	0.0							
689589.6	7461933	0.0							
689589.6	7462133	0.0							
689589.6	7462333	0.0							
689589.6	7462533	0.0							
689589.6	7462733	0.0							
689589.6	7462933	0.0							
689589.6	7463133	0.0							
689589.6	7463333	0.0							
689589.6	7463533	0.0							
689589.6	7463733	0.0							
689589.6	7463933	0.0							
689589.6	7464133	0.0							
689589.6	7464333	0.0							
689589.6	7464533	0.0							
689589.6	7464733	0.0							
689589.6	7464933	0.0							
689589.6	7465133	0.0							
689589.6	7465333	0.0							
689589.6	7465533	0.0							
689589.6	7465733	0.0							
689589.6	7465933	0.0							
689589.6	7466133	0.0							
689589.6	7466333	0.0							
689589.6	7466533	0.0							
689589.6	7466733	0.0							
689589.6	7466933	0.0							
689589.6	7467133	0.0							
689589.6	7467333	0.0							
689589.6	7467533	0.0							
689589.6	7467733	0.0							
689589.6	7467933	0.0							
689589.6	7468133	0.0							
689589.6	7468333	0.0							
689589.6	7468533	0.0							
689589.6	7468733	0.0							
689589.6	7468933	0.0							
689589.6	7469133	0.0							
689589.6	7469333	0.0							
689589.6	7469533	0.0							
689589.6	7469733	0.0							
689589.6	7469933	0.0							
689589.6	7470133	0.0							
689589.6	7470333	0.0							
689589.6	7470533	0.0							
689589.6	7470733	0.0							
689589.6	7470933	0.0							
689589.6	7471133	0.0							
689589.6	7471333	0.0							
689589.6	7471533	0.0							
689589.6	7471733	0.0							
689789.6	7451933	0.0							
689789.6	7452133	0.0							
689789.6	7452333	0.0							
689789.6	7452533	0.0							
689789.6	7452733	0.0							
689789.6	7452933	0.0							
689789.6	7453133	0.0							
689789.6	7453333	0.0							
689789.6	7453533	0.0							
689789.6	7453733	0.0							
689789.6	7453933	0.0							
689789.6	7454133	0.0							
689789.6	7454333	0.0							
689789.6	7454533	0.0							
689789.6	7454733	0.0							
689789.6	7454933	0.0							
689789.6	7455133	0.0							
689789.6	7455333	0.0							
689789.6	7455533	0.0							
689789.6	7455733	0.0							
689789.6	7455933	0.0							
689789.6	7456133	0.0							
689789.6	7456333	0.0							
689789.6	7456533	0.0							
689789.6	7456733	0.0							
689789.6	7456933	0.0							
689789.6	7457133	0.0							
689789.6	7457333	0.0							
689789.6	7457533	0.0							
689789.6	7457733	0.0							
689789.6	7457933	0.0							
689789.6	7458133	0.0							
689789.6	7458333	0.0							
689789.6	7458533	0.0							
689789.6	7458733	0.0							
689789.6	7458933	0.0							
689789.6	7459133	4.5							
689789.6	7459333	70.3							
689789.6	7459533	0.0							
689789.6	7459733	0.0							
689789.6	7459933	0.0							
689789.6	7460133	0.0							
689789.6	7460333	0.0							
689789.6	7460533	0.0							
689789.6	7460733	0.0							
689789.6	7460933	0.0							
689789.6	7461133	0.0							
689789.6	7461333	0.0							
689789.6	7461533	0.0							
689789.6	7461733	0.0							
689789.6	7461933	0.0							
689789.6	7462133	0.0							
689789.6	7462333	0.0							
689789.6	7462533	0.0							
689789.6	7462733	0.0							
689789.6	7462933	0.0							
689789.6	7463133	0.0							
689789.6	7463333	0.0							
689789.6	7463533	0.0							
689789.6	7463733	0.0							
689789.6	7463933	0.0							
689789.6	7464133	0.0							
689789.6	7464333	0.0							
689789.6	7464533	0.0							
689789.6	7464733	0.0							
689789.6	7464933	0.0							
689789.6	7465133	0.0							
689789.6	7465333	0.0							
689789.6	7465533	0.0							
689789.6	7465733	0.0							
689789.6	7465933	0.0							
689789.6	7466133	0.0							
689789.6	7466333	0.0							
689789.6	7466533	0.0							
689789.6	7466733	0.0							
689789.6	7466933	0.0							
689789.6	7467133	0.0							
689789.6	7467333	0.0							
689789.6	7467533	0.0							
689789.6	7467733	0.0							
689789.6	7467933	0.0							
689789.6	7468133	0.0							
689789.6	7468333	0.0							
689789.6	7468533	0.0							
689789.6	7468733	0.0							
689789.6	7468933	0.0							
689789.6	7469133	0.0							
689789.6	7469333	0.0							
689789.6	7469533	0.0							
689789.6	7469733	0.0							
689789.6	7469933	0.0							
689789.6	7470133	0.0							
689789.6	7470333	0.0							
689789.6	7470533	0.0							
689789.6	7470733	0.0							
689789.6	7470933	0.0							
689789.6	7471133	0.0							
689789.6	7471333	0.0							
689789.6	7471533	0.0							
689789.6	7471733	0.0							
689989.6	7451933	0.0							
689989.6	7452133	0.0							
689989.6	7452333	0.0							
689989.6	7452533	0.0							
689989.6	7452733	0.0							
689989.6	7452933	0.0							
689989.6	7453133	0.0							
689989.6	7453333	0.0							
689989.6	7453533	0.0							
689989.6	7453733	0.0							
689989.6	7453933	0.0							
689989.6	7454133	0.0							
689989.6	7454333	0.0							
689989.6	7454533	0.0							
689989.6	7454733	0.0							
689989.6	7454933	0.0							
689989.6	7455133	0.0							
689989.6	7455333	0.0							
689989.6	7455533	0.0							
689989.6	7455733	0.0							
689989.6	7455933	0.0							
689989.6	7456133	0.0							
689989.6	7456333	0.0							
689989.6	7456533	0.0							
689989.6	7456733	0.0							
689989.6	7456933	0.0							
689989.6	7457133	0.0							
689989.6	7457333	0.0							
689989.6	7457533	0.0							
689989.6	7457733	0.0							
689989.6	7457933	0.0							
689989.6	7458133	0.0							
689989.6	7458333	0.0							
689989.6	7458533	0.0							
689989.6	7458733	0.0							
689989.6	7458933	0.0							
689989.6	7459133	0.0							
689989.6	7459333	0.0							
689989.6	7459533	0.0							
689989.6	7459733	0.0							
689989.6	7459933	0.0							
689989.6	7460133	0.0							
689989.6	7460333	0.0							
689989.6	7460533	0.0							
689989.6	7460733	0.0							
689989.6	7460933	0.0							
689989.6	7461133	0.0							
689989.6	7461333	0.0							
689989.6	7461533	0.0							
689989.6	7461733	0.0							
689989.6	7461933	0.0							
689989.6	7462133	0.0							
689989.6	7462333	0.0							
689989.6	7462533	0.0							
689989.6	7462733	0.0							
689989.6	7462933	0.0							
689989.6	7463133	0.0							
689989.6	7463333	0.0							
689989.6	7463533	0.0							
689989.6	7463733	0.0							
689989.6	7463933	0.0							
689989.6	7464133	0.0							
689989.6	7464333	0.0							
689989.6	7464533	0.0							
689989.6	7464733	0.0							
689989.6	7464933	0.0							
689989.6	7465133	0.0							
689989.6	7465333	0.0							
689989.6	7465533	0.0							
689989.6	7465733	0.0							
689989.6	7465933	0.0							
689989.6	7466133	0.0							
689989.6	7466333	0.0							
689989.6	7466533	0.0							
689989.6	7466733	0.0							
689989.6	7466933	0.0							
689989.6	7467133	0.0							
689989.6	7467333	0.0							
689989.6	7467533	0.0							
689989.6	7467733	0.0							
689989.6	7467933	0.0							
689989.6	7468133	0.0							
689989.6	7468333	0.0							
689989.6	7468533	0.0							
689989.6	7468733	0.0							
689989.6	7468933	0.0							
689989.6	7469133	0.0							
689989.6	7469333	0.0							
689989.6	7469533	0.0							
689989.6	7469733	0.0							
689989.6	7469933	0.0							
689989.6	7470133	0.0							
689989.6	7470333	0.0							
689989.6	7470533	0.0							
689989.6	7470733	0.0							
689989.6	7470933	0.0							
689989.6	7471133	0.0							
689989.6	7471333	0.0							
689989.6	7471533	0.0							
689989.6	7471733	0.0							
690189.6	7451933	0.0							
690189.6	7452133	0.0							
690189.6	7452333	0.0							
690189.6	7452533	0.0							
690189.6	7452733	0.0							
690189.6	7452933	0.0							
690189.6	7453133	0.0							
690189.6	7453333	0.0							
690189.6	7453533	0.0							
690189.6	7453733	0.0							
690189.6	7453933	0.0							
690189.6	7454133	0.0							
690189.6	7454333	0.0							
690189.6	7454533	0.0							
690189.6	7454733	0.0							
690189.6	7454933	0.0							
690189.6	7455133	0.0							
690189.6	7455333	0.0							
690189.6	7455533	0.0							
690189.6	7455733	0.0							
690189.6	7455933	0.0							
690189.6	7456133	0.0							
690189.6	7456333	0.0							
690189.6	7456533	0.0							
690189.6	7456733	0.0							
690189.6	7456933	0.0							
690189.6	7457133	0.0							
690189.6	7457333	0.0							
690189.6	7457533	0.0							
690189.6	7457733	0.0							
690189.6	7457933	0.0							
690189.6	7458133	0.0							
690189.6	7458333	0.0							
690189.6	7458533	0.0							
690189.6	7458733	0.0							
690189.6	7458933	0.0							
690189.6	7459133	0.0							
690189.6	7459333	0.0							
690189.6	7459533	0.0							
690189.6	7459733	0.0							
690189.6	7459933	0.0							
690189.6	7460133	0.0							
690189.6	7460333	0.0							
690189.6	7460533	0.0							
690189.6	7460733	0.0							
690189.6	7460933	0.0							
690189.6	7461133	0.0							
690189.6	7461333	0.0							
690189.6	7461533	0.0							
690189.6	7461733	0.0							
690189.6	7461933	0.0							
690189.6	7462133	0.0							
690189.6	7462333	0.0							
690189.6	7462533	0.0							
690189.6	7462733	0.0							
690189.6	7462933	0.0							
690189.6	7463133	0.0							
690189.6	7463333	0.0							
690189.6	7463533	0.0							
690189.6	7463733	0.0							
690189.6	7463933	0.0							
690189.6	7464133	0.0							
690189.6	7464333	0.0							
690189.6	7464533	0.0							
690189.6	7464733	0.0							
690189.6	7464933	0.0							
690189.6	7465133	0.0							
690189.6	7465333	0.0							
690189.6	7465533	0.0							
690189.6	7465733	0.0							
690189.6	7465933	0.0							
690189.6	7466133	0.0							
690189.6	7466333	0.0							
690189.6	7466533	0.0							
690189.6	7466733	0.0							
690189.6	7466933	0.0							
690189.6	7467133	0.0							
690189.6	7467333	0.0							
690189.6	7467533	0.0							
690189.6	7467733	0.0							
690189.6	7467933	0.0							
690189.6	7468133	0.0							
690189.6	7468333	0.0							
690189.6	7468533	0.0							
690189.6	7468733	0.0							
690189.6	7468933	0.0							
690189.6	7469133	0.0							
690189.6	7469333	0.0							
690189.6	7469533	0.0							
690189.6	7469733	0.0							
690189.6	7469933	0.0							
690189.6	7470133	0.0							
690189.6	7470333	0.0							
690189.6	7470533	0.0							
690189.6	7470733	0.0							
690189.6	7470933	0.0							
690189.6	7471133	0.0							
690189.6	7471333	0.0							
690189.6	7471533	0.0							
690189.6	7471733	0.0							
690389.6	7451933	0.0							
690389.6	7452133	0.0							
690389.6	7452333	0.0							
690389.6	7452533	0.0							
690389.6	7452733	0.0							
690389.6	7452933	0.0							
690389.6	7453133	0.0							
690389.6	7453333	0.0							
690389.6	7453533	0.0							
690389.6	7453733	0.0							
690389.6	7453933	0.0							
690389.6	7454133	0.0							
690389.6	7454333	0.0							
690389.6	7454533	0.0							
690389.6	7454733	0.0							
690389.6	7454933	0.0							
690389.6	7455133	0.0							
690389.6	7455333	0.0							
690389.6	7455533	0.0							
690389.6	7455733	0.0							
690389.6	7455933	0.0							
690389.6	7456133	0.0							
690389.6	7456333	0.0							
690389.6	7456533	0.0							
690389.6	7456733	0.0							
690389.6	7456933	0.0							
690389.6	7457133	0.0							
690389.6	7457333	0.0							
690389.6	7457533	0.0							
690389.6	7457733	0.0							
690389.6	7457933	0.0							
690389.6	7458133	0.0							
690389.6	7458333	0.0							
690389.6	7458533	0.0							
690389.6	7458733	0.0							
690389.6	7458933	0.0							
690389.6	7459133	0.0							
690389.6	7459333	0.0							
690389.6	7459533	0.0							
690389.6	7459733	0.0							
690389.6	7459933	0.0							
690389.6	7460133	0.0							
690389.6	7460333	0.0							
690389.6	7460533	0.0							
690389.6	7460733	0.0							
690389.6	7460933	0.0							
690389.6	7461133	0.0							
690389.6	7461333	0.0							
690389.6	7461533	0.0							
690389.6	7461733	0.0							
690389.6	7461933	0.0							
690389.6	7462133	0.0							
690389.6	7462333	0.0							
690389.6	7462533	0.0							
690389.6	7462733	0.0							
690389.6	7462933	0.0							
690389.6	7463133	0.0							
690389.6	7463333	0.0							
690389.6	7463533	0.0							
690389.6	7463733	0.0							
690389.6	7463933	0.0							
690389.6	7464133	0.0							
690389.6	7464333	0.0							
690389.6	7464533	0.0							
690389.6	7464733	0.0							
690389.6	7464933	0.0							
690389.6	7465133	0.0							
690389.6	7465333	0.0							
690389.6	7465533	0.0							
690389.6	7465733	0.0							
690389.6	7465933	0.0							
690389.6	7466133	0.0							
690389.6	7466333	0.0							
690389.6	7466533	0.0							
690389.6	7466733	0.0							
690389.6	7466933	0.0							
690389.6	7467133	0.0							
690389.6	7467333	0.0							
690389.6	7467533	0.0							
690389.6	7467733	0.0							
690389.6	7467933	0.0							
690389.6	7468133	0.0							
690389.6	7468333	0.0							
690389.6	7468533	0.0							
690389.6	7468733	0.0							
690389.6	7468933	0.0							
690389.6	7469133	0.0							
690389.6	7469333	0.0							
690389.6	7469533	0.0							
690389.6	7469733	0.0							
690389.6	7469933	0.0							
690389.6	7470133	0.0							
690389.6	7470333	0.0							
690389.6	7470533	0.0							
690389.6	7470733	0.0							
690389.6	7470933	0.0							
690389.6	7471133	0.0							
690389.6	7471333	0.0							
690389.6	7471533	0.0							
690389.6	7471733	0.0							
690589.6	7451933	0.0							
690589.6	7452133	0.0							
690589.6	7452333	0.0							
690589.6	7452533	0.0							
690589.6	7452733	0.0							
690589.6	7452933	0.0							
690589.6	7453133	0.0							
690589.6	7453333	0.0							
690589.6	7453533	0.0							
690589.6	7453733	0.0							
690589.6	7453933	0.0							
690589.6	7454133	0.0							
690589.6	7454333	0.0							
690589.6	7454533	0.0							
690589.6	7454733	0.0							
690589.6	7454933	0.0							
690589.6	7455133	0.0							
690589.6	7455333	0.0							
690589.6	7455533	0.0							
690589.6	7455733	0.0							
690589.6	7455933	0.0							
690589.6	7456133	0.0							
690589.6	7456333	0.0							
690589.6	7456533	0.0							
690589.6	7456733	0.0							
690589.6	7456933	0.0							
690589.6	7457133	0.0							
690589.6	7457333	0.0							
690589.6	7457533	0.0							
690589.6	7457733	0.0							
690589.6	7457933	0.0							
690589.6	7458133	0.0							
690589.6	7458333	0.0							
690589.6	7458533	0.0							
690589.6	7458733	0.0							
690589.6	7458933	0.0							
690589.6	7459133	0.0							
690589.6	7459333	0.0							
690589.6	7459533	0.0							
690589.6	7459733	0.0							
690589.6	7459933	0.0							
690589.6	7460133	0.0							
690589.6	7460333	0.0							
690589.6	7460533	0.0							
690589.6	7460733	0.0							
690589.6	7460933	0.0							
690589.6	7461133	0.0							
690589.6	7461333	0.0							
690589.6	7461533	0.0							
690589.6	7461733	0.0							
690589.6	7461933	0.0							
690589.6	7462133	0.0							
690589.6	7462333	0.0							
690589.6	7462533	0.0							
690589.6	7462733	0.0							
690589.6	7462933	0.0							
690589.6	7463133	0.0							
690589.6	7463333	0.0							
690589.6	7463533	0.0							
690589.6	7463733	0.0							
690589.6	7463933	0.0							
690589.6	7464133	0.0							
690589.6	7464333	0.0							
690589.6	7464533	0.0							
690589.6	7464733	0.0							
690589.6	7464933	0.0							
690589.6	7465133	0.0							
690589.6	7465333	0.0							
690589.6	7465533	0.0							
690589.6	7465733	0.0							
690589.6	7465933	0.0							
690589.6	7466133	0.0							
690589.6	7466333	0.0							
690589.6	7466533	0.0							
690589.6	7466733	0.0							
690589.6	7466933	0.0							
690589.6	7467133	0.0							
690589.6	7467333	0.0							
690589.6	7467533	0.0							
690589.6	7467733	0.0							
690589.6	7467933	0.0							
690589.6	7468133	0.0							
690589.6	7468333	0.0							
690589.6	7468533	0.0							
690589.6	7468733	0.0							
690589.6	7468933	0.0							
690589.6	7469133	0.0							
690589.6	7469333	0.0							
690589.6	7469533	0.0							
690589.6	7469733	0.0							
690589.6	7469933	0.0							
690589.6	7470133	0.0							
690589.6	7470333	0.0							
690589.6	7470533	0.0							
690589.6	7470733	0.0							
690589.6	7470933	0.0							
690589.6	7471133	0.0							
690589.6	7471333	0.0							
690589.6	7471533	0.0							
690589.6	7471733	0.0							
690789.6	7451933	0.0							
690789.6	7452133	0.0							
690789.6	7452333	0.0							
690789.6	7452533	0.0							
690789.6	7452733	0.0							
690789.6	7452933	0.0							
690789.6	7453133	0.0							
690789.6	7453333	0.0							
690789.6	7453533	0.0							
690789.6	7453733	0.0							
690789.6	7453933	0.0							
690789.6	7454133	0.0							
690789.6	7454333	0.0							
690789.6	7454533	0.0							
690789.6	7454733	0.0							
690789.6	7454933	0.0							
690789.6	7455133	0.0							
690789.6	7455333	0.0							
690789.6	7455533	0.0							
690789.6	7455733	0.0							
690789.6	7455933	0.0							
690789.6	7456133	0.0							
690789.6	7456333	0.0							
690789.6	7456533	0.0							
690789.6	7456733	0.0							
690789.6	7456933	0.0							
690789.6	7457133	0.0							
690789.6	7457333	0.0							
690789.6	7457533	0.0							
690789.6	7457733	0.0							
690789.6	7457933	0.0							
690789.6	7458133	0.0							
690789.6	7458333	0.0							
690789.6	7458533	0.0							
690789.6	7458733	0.0							
690789.6	7458933	0.0							
690789.6	7459133	0.0							
690789.6	7459333	0.0							
690789.6	7459533	0.0							
690789.6	7459733	0.0							
690789.6	7459933	0.0							
690789.6	7460133	0.0							
690789.6	7460333	0.0							
690789.6	7460533	0.0							
690789.6	7460733	0.0							
690789.6	7460933	0.0							
690789.6	7461133	0.0							
690789.6	7461333	0.0							
690789.6	7461533	0.0							
690789.6	7461733	0.0							
690789.6	7461933	0.0							
690789.6	7462133	0.0							
690789.6	7462333	0.0							
690789.6	7462533	0.0							
690789.6	7462733	0.0							
690789.6	7462933	0.0							
690789.6	7463133	0.0							
690789.6	7463333	0.0							
690789.6	7463533	0.0							
690789.6	7463733	0.0							
690789.6	7463933	0.0							
690789.6	7464133	0.0							
690789.6	7464333	0.0							
690789.6	7464533	0.0							
690789.6	7464733	0.0							
690789.6	7464933	0.0							
690789.6	7465133	0.0							
690789.6	7465333	0.0							
690789.6	7465533	0.0							
690789.6	7465733	0.0							
690789.6	7465933	0.0							
690789.6	7466133	0.0							
690789.6	7466333	0.0							
690789.6	7466533	0.0							
690789.6	7466733	0.0							
690789.6	7466933	0.0							
690789.6	7467133	0.0							
690789.6	7467333	0.0							
690789.6	7467533	0.0							
690789.6	7467733	0.0							
690789.6	7467933	0.0							
690789.6	7468133	0.0							
690789.6	7468333	0.0							
690789.6	7468533	0.0							
690789.6	7468733	0.0							
690789.6	7468933	0.0							
690789.6	7469133	0.0							
690789.6	7469333	0.0							
690789.6	7469533	0.0							
690789.6	7469733	0.0							
690789.6	7469933	0.0							
690789.6	7470133	0.0							
690789.6	7470333	0.0							
690789.6	7470533	0.0							
690789.6	7470733	0.0							
690789.6	7470933	0.0							
690789.6	7471133	0.0							
690789.6	7471333	0.0							
690789.6	7471533	0.0							
690789.6	7471733	0.0							
690989.6	7451933	0.0							
690989.6	7452133	0.0							
690989.6	7452333	0.0							
690989.6	7452533	0.0							
690989.6	7452733	0.0							
690989.6	7452933	0.0							
690989.6	7453133	0.0							
690989.6	7453333	0.0							
690989.6	7453533	0.0							
690989.6	7453733	0.0							
690989.6	7453933	0.0							
690989.6	7454133	0.0							
690989.6	7454333	0.0							
690989.6	7454533	0.0							
690989.6	7454733	0.0							
690989.6	7454933	0.0							
690989.6	7455133	0.0							
690989.6	7455333	0.0							
690989.6	7455533	0.0							
690989.6	7455733	0.0							
690989.6	7455933	0.0							
690989.6	7456133	0.0							
690989.6	7456333	0.0							
690989.6	7456533	0.0							
690989.6	7456733	0.0							
690989.6	7456933	0.0							
690989.6	7457133	0.0							
690989.6	7457333	0.0							
690989.6	7457533	0.0							
690989.6	7457733	0.0							
690989.6	7457933	0.0							
690989.6	7458133	0.0							
690989.6	7458333	0.0							
690989.6	7458533	0.0							
690989.6	7458733	0.0							
690989.6	7458933	0.0							
690989.6	7459133	0.0							
690989.6	7459333	0.0							
690989.6	7459533	0.0							
690989.6	7459733	0.0							
690989.6	7459933	0.0							
690989.6	7460133	0.0							
690989.6	7460333	0.0							
690989.6	7460533	0.0							
690989.6	7460733	0.0							
690989.6	7460933	0.0							
690989.6	7461133	0.0							
690989.6	7461333	0.0							
690989.6	7461533	0.0							
690989.6	7461733	0.0							
690989.6	7461933	0.0							
690989.6	7462133	0.0							
690989.6	7462333	0.0							
690989.6	7462533	0.0							
690989.6	7462733	0.0							
690989.6	7462933	0.0							
690989.6	7463133	0.0							
690989.6	7463333	0.0							
690989.6	7463533	0.0							
690989.6	7463733	0.0							
690989.6	7463933	0.0							
690989.6	7464133	0.0							
690989.6	7464333	0.0							
690989.6	7464533	0.0							
690989.6	7464733	0.0							
690989.6	7464933	0.0							
690989.6	7465133	0.0							
690989.6	7465333	0.0							
690989.6	7465533	0.0							
690989.6	7465733	0.0							
690989.6	7465933	0.0							
690989.6	7466133	0.0							
690989.6	7466333	0.0							
690989.6	7466533	0.0							
690989.6	7466733	0.0							
690989.6	7466933	0.0							
690989.6	7467133	0.0							
690989.6	7467333	0.0							
690989.6	7467533	0.0							
690989.6	7467733	0.0							
690989.6	7467933	0.0							
690989.6	7468133	0.0							
690989.6	7468333	0.0							
690989.6	7468533	0.0							
690989.6	7468733	0.0							
690989.6	7468933	0.0							
690989.6	7469133	0.0							
690989.6	7469333	0.0							
690989.6	7469533	0.0							
690989.6	7469733	0.0							
690989.6	7469933	0.0							
690989.6	7470133	0.0							
690989.6	7470333	0.0							
690989.6	7470533	0.0							
690989.6	7470733	0.0							
690989.6	7470933	0.0							
690989.6	7471133	0.0							
690989.6	7471333	0.0							
690989.6	7471533	0.0							
690989.6	7471733	0.0							
691189.6	7451933	0.0							
691189.6	7452133	0.0							
691189.6	7452333	0.0							
691189.6	7452533	0.0							
691189.6	7452733	0.0							
691189.6	7452933	0.0							
691189.6	7453133	0.0							
691189.6	7453333	0.0							
691189.6	7453533	0.0							
691189.6	7453733	0.0							
691189.6	7453933	0.0							
691189.6	7454133	0.0							
691189.6	7454333	0.0							
691189.6	7454533	0.0							
691189.6	7454733	0.0							
691189.6	7454933	0.0							
691189.6	7455133	0.0							
691189.6	7455333	0.0							
691189.6	7455533	0.0							
691189.6	7455733	0.0							
691189.6	7455933	0.0							
691189.6	7456133	0.0							
691189.6	7456333	0.0							
691189.6	7456533	0.0							
691189.6	7456733	0.0							
691189.6	7456933	0.0							
691189.6	7457133	0.0							
691189.6	7457333	0.0							
691189.6	7457533	0.0							
691189.6	7457733	0.0							
691189.6	7457933	0.0							
691189.6	7458133	0.0							
691189.6	7458333	0.0							
691189.6	7458533	0.0							
691189.6	7458733	0.0							
691189.6	7458933	0.0							
691189.6	7459133	0.0							
691189.6	7459333	0.0							
691189.6	7459533	0.0							
691189.6	7459733	0.0							
691189.6	7459933	0.0							
691189.6	7460133	0.0							
691189.6	7460333	0.0							
691189.6	7460533	0.0							
691189.6	7460733	0.0							
691189.6	7460933	0.0							
691189.6	7461133	0.0							
691189.6	7461333	0.0							
691189.6	7461533	0.0							
691189.6	7461733	0.0							
691189.6	7461933	0.0							
691189.6	7462133	0.0							
691189.6	7462333	0.0							
691189.6	7462533	0.0							
691189.6	7462733	0.0							
691189.6	7462933	0.0							
691189.6	7463133	0.0							
691189.6	7463333	0.0							
691189.6	7463533	0.0							
691189.6	7463733	0.0							
691189.6	7463933	0.0							
691189.6	7464133	0.0							
691189.6	7464333	0.0							
691189.6	7464533	0.0							
691189.6	7464733	0.0							
691189.6	7464933	0.0							
691189.6	7465133	0.0							
691189.6	7465333	0.0							
691189.6	7465533	0.0							
691189.6	7465733	0.0							
691189.6	7465933	0.0							
691189.6	7466133	0.0							
691189.6	7466333	0.0							
691189.6	7466533	0.0							
691189.6	7466733	0.0							
691189.6	7466933	0.0							
691189.6	7467133	0.0							
691189.6	7467333	0.0							
691189.6	7467533	0.0							
691189.6	7467733	0.0							
691189.6	7467933	0.0							
691189.6	7468133	0.0							
691189.6	7468333	0.0							
691189.6	7468533	0.0							
691189.6	7468733	0.0							
691189.6	7468933	0.0							
691189.6	7469133	8.4							
691189.6	7469333	6.4							
691189.6	7469533	1.6							
691189.6	7469733	6.6							
691189.6	7469933	0.0							
691189.6	7470133	0.0							
691189.6	7470333	0.0							
691189.6	7470533	0.0							
691189.6	7470733	0.0							
691189.6	7470933	0.0							
691189.6	7471133	0.0							
691189.6	7471333	0.0							
691189.6	7471533	0.0							
691189.6	7471733	0.0							
691389.6	7451933	0.0							
691389.6	7452133	0.0							
691389.6	7452333	0.0							
691389.6	7452533	0.0							
691389.6	7452733	0.0							
691389.6	7452933	0.0							
691389.6	7453133	0.0							
691389.6	7453333	0.0							
691389.6	7453533	0.0							
691389.6	7453733	0.0							
691389.6	7453933	0.0							
691389.6	7454133	0.0							
691389.6	7454333	0.0							
691389.6	7454533	0.0							
691389.6	7454733	0.0							
691389.6	7454933	0.0							
691389.6	7455133	0.0							
691389.6	7455333	0.0							
691389.6	7455533	0.0							
691389.6	7455733	0.0							
691389.6	7455933	0.0							
691389.6	7456133	0.0							
691389.6	7456333	0.0							
691389.6	7456533	0.0							
691389.6	7456733	0.0							
691389.6	7456933	0.0							
691389.6	7457133	0.0							
691389.6	7457333	0.0							
691389.6	7457533	0.0							
691389.6	7457733	0.0							
691389.6	7457933	0.0							
691389.6	7458133	0.0							
691389.6	7458333	0.0							
691389.6	7458533	0.0							
691389.6	7458733	0.0							
691389.6	7458933	0.0							
691389.6	7459133	0.0							
691389.6	7459333	0.0							
691389.6	7459533	0.0							
691389.6	7459733	0.0							
691389.6	7459933	0.0							
691389.6	7460133	0.0							
691389.6	7460333	0.0							
691389.6	7460533	0.0							
691389.6	7460733	0.0							
691389.6	7460933	0.0							
691389.6	7461133	0.0							
691389.6	7461333	0.0							
691389.6	7461533	0.0							
691389.6	7461733	0.0							
691389.6	7461933	0.0							
691389.6	7462133	18.4							
691389.6	7462333	0.0							
691389.6	7462533	0.0							
691389.6	7462733	0.0							
691389.6	7462933	0.0							
691389.6	7463133	0.0							
691389.6	7463333	0.0							
691389.6	7463533	0.0							
691389.6	7463733	0.0							
691389.6	7463933	0.0							
691389.6	7464133	0.0							
691389.6	7464333	0.0							
691389.6	7464533	0.0							
691389.6	7464733	0.0							
691389.6	7464933	0.0							
691389.6	7465133	0.0							
691389.6	7465333	0.0							
691389.6	7465533	0.0							
691389.6	7465733	9.9							
691389.6	7465933	32.2							
691389.6	7466133	9.2							
691389.6	7466333	6.1							
691389.6	7466533	5.9							
691389.6	7466733	0.0							
691389.6	7466933	0.0							
691389.6	7467133	0.0							
691389.6	7467333	0.0							
691389.6	7467533	0.0							
691389.6	7467733	0.0							
691389.6	7467933	0.0							
691389.6	7468133	4.4							
691389.6	7468333	3.3							
691389.6	7468533	0.0							
691389.6	7468733	0.0							
691389.6	7468933	0.0							
691389.6	7469133	4.2							
691389.6	7469333	24.7							
691389.6	7469533	3.4							
691389.6	7469733	6.3							
691389.6	7469933	0.0							
691389.6	7470133	0.0							
691389.6	7470333	0.0							
691389.6	7470533	0.0							
691389.6	7470733	0.0							
691389.6	7470933	0.0							
691389.6	7471133	0.0							
691389.6	7471333	0.0							
691389.6	7471533	0.0							
691389.6	7471733	0.0							
691589.6	7451933	0.0							
691589.6	7452133	0.0							
691589.6	7452333	0.0							
691589.6	7452533	0.0							
691589.6	7452733	0.0							
691589.6	7452933	0.0							
691589.6	7453133	0.0							
691589.6	7453333	0.0							
691589.6	7453533	0.0							
691589.6	7453733	0.0							
691589.6	7453933	0.0							
691589.6	7454133	0.0							
691589.6	7454333	0.0							
691589.6	7454533	0.0							
691589.6	7454733	0.0							
691589.6	7454933	0.0							
691589.6	7455133	0.0							
691589.6	7455333	0.0							
691589.6	7455533	0.0							
691589.6	7455733	0.0							
691589.6	7455933	0.0							
691589.6	7456133	0.0							
691589.6	7456333	0.0							
691589.6	7456533	0.0							
691589.6	7456733	0.0							
691589.6	7456933	0.0							
691589.6	7457133	0.0							
691589.6	7457333	0.0							
691589.6	7457533	0.0							
691589.6	7457733	0.0							
691589.6	7457933	0.0							
691589.6	7458133	0.0							
691589.6	7458333	0.0							
691589.6	7458533	0.0							
691589.6	7458733	0.0							
691589.6	7458933	0.0							
691589.6	7459133	0.0							
691589.6	7459333	0.0							
691589.6	7459533	0.0							
691589.6	7459733	0.0							
691589.6	7459933	0.0							
691589.6	7460133	0.0							
691589.6	7460333	0.0							
691589.6	7460533	0.0							
691589.6	7460733	0.0							
691589.6	7460933	0.0							
691589.6	7461133	0.0							
691589.6	7461333	0.0							
691589.6	7461533	0.0							
691589.6	7461733	0.0							
691589.6	7461933	0.0							
691589.6	7462133	0.0							
691589.6	7462333	0.0							
691589.6	7462533	0.0							
691589.6	7462733	0.0							
691589.6	7462933	0.0							
691589.6	7463133	0.0							
691589.6	7463333	0.0							
691589.6	7463533	0.0							
691589.6	7463733	0.0							
691589.6	7463933	0.0							
691589.6	7464133	0.0							
691589.6	7464333	0.0							
691589.6	7464533	0.0							
691589.6	7464733	0.0							
691589.6	7464933	0.0							
691589.6	7465133	0.0							
691589.6	7465333	0.0							
691589.6	7465533	13.7							
691589.6	7465733	10.0							
691589.6	7465933	54.2							
691589.6	7466133	32.7							
691589.6	7466333	7.7							
691589.6	7466533	4.6							
691589.6	7466733	0.0							
691589.6	7466933	0.0							
691589.6	7467133	0.0							
691589.6	7467333	0.0							
691589.6	7467533	0.0							
691589.6	7467733	0.0							
691589.6	7467933	0.0							
691589.6	7468133	39.2							
691589.6	7468333	8.6							
691589.6	7468533	5.1							
691589.6	7468733	0.0							
691589.6	7468933	0.0							
691589.6	7469133	0.0							
691589.6	7469333	10.5							
691589.6	7469533	11.8							
691589.6	7469733	0.0							
691589.6	7469933	0.0							
691589.6	7470133	0.0							
691589.6	7470333	0.0							
691589.6	7470533	0.0							
691589.6	7470733	0.0							
691589.6	7470933	0.0							
691589.6	7471133	0.0							
691589.6	7471333	0.0							
691589.6	7471533	0.0							
691589.6	7471733	0.0							
691789.6	7451933	0.0							
691789.6	7452133	0.0							
691789.6	7452333	0.0							
691789.6	7452533	0.0							
691789.6	7452733	0.0							
691789.6	7452933	0.0							
691789.6	7453133	0.0							
691789.6	7453333	0.0							
691789.6	7453533	0.0							
691789.6	7453733	0.0							
691789.6	7453933	0.0							
691789.6	7454133	0.0							
691789.6	7454333	0.0							
691789.6	7454533	0.0							
691789.6	7454733	0.0							
691789.6	7454933	0.0							
691789.6	7455133	0.0							
691789.6	7455333	0.0							
691789.6	7455533	0.0							
691789.6	7455733	0.0							
691789.6	7455933	0.0							
691789.6	7456133	0.0							
691789.6	7456333	0.0							
691789.6	7456533	0.0							
691789.6	7456733	0.0							
691789.6	7456933	0.0							
691789.6	7457133	0.0							
691789.6	7457333	0.0							
691789.6	7457533	0.0							
691789.6	7457733	0.0							
691789.6	7457933	0.0							
691789.6	7458133	0.0							
691789.6	7458333	0.0							
691789.6	7458533	0.0							
691789.6	7458733	0.0							
691789.6	7458933	0.0							
691789.6	7459133	0.0							
691789.6	7459333	0.0							
691789.6	7459533	0.0							
691789.6	7459733	0.0							
691789.6	7459933	0.0							
691789.6	7460133	0.0							
691789.6	7460333	0.0							
691789.6	7460533	0.0							
691789.6	7460733	0.0							
691789.6	7460933	0.0							
691789.6	7461133	0.0							
691789.6	7461333	0.0							
691789.6	7461533	0.0							
691789.6	7461733	0.0							
691789.6	7461933	0.0							
691789.6	7462133	30.1							
691789.6	7462333	0.0							
691789.6	7462533	0.0							
691789.6	7462733	0.0							
691789.6	7462933	0.0							
691789.6	7463133	0.0							
691789.6	7463333	0.0							
691789.6	7463533	0.0							
691789.6	7463733	0.0							
691789.6	7463933	0.0							
691789.6	7464133	0.0							
691789.6	7464333	0.0							
691789.6	7464533	0.0							
691789.6	7464733	0.0							
691789.6	7464933	0.0							
691789.6	7465133	0.0							
691789.6	7465333	0.0							
691789.6	7465533	25.3							
691789.6	7465733	20.7							
691789.6	7465933	8.4							
691789.6	7466133	23.3							
691789.6	7466333	8.6							
691789.6	7466533	5.2							
691789.6	7466733	4.3							
691789.6	7466933	0.0							
691789.6	7467133	0.0							
691789.6	7467333	0.0							
691789.6	7467533	0.0							
691789.6	7467733	0.0							
691789.6	7467933	4.2							
691789.6	7468133	3.6							
691789.6	7468333	86.7							
691789.6	7468533	69.8							
691789.6	7468733	18.7							
691789.6	7468933	0.0							
691789.6	7469133	0.0							
691789.6	7469333	0.0							
691789.6	7469533	0.0							
691789.6	7469733	0.0							
691789.6	7469933	0.0							
691789.6	7470133	8.1							
691789.6	7470333	0.0							
691789.6	7470533	0.0							
691789.6	7470733	0.0							
691789.6	7470933	0.0							
691789.6	7471133	0.0							
691789.6	7471333	0.0							
691789.6	7471533	0.0							
691789.6	7471733	0.0							
