=== Artificial Neural Network Parameters ===

Number of layers (including input & output): 4
Layer sizes: (200, 100) (hidden), output=2

Activation function: relu

--- Layer 1 ---
Number of nodes: 200
Weights:
  -0.000613 0.170208 0.084416 0.007782 -0.132559 -0.162442 -0.199298 0.192137 0.024678 0.177136 -0.089383 0.236772 0.165815 -0.110866 0.002862 -0.087812 -0.006317 0.103409 0.077877 0.052526 0.054763 -0.088342 -0.070150 -0.005202 0.035168 0.152677 -0.176612 0.041664 0.125713 -0.160938 0.095459 0.014269 -0.134874 0.081707 0.137303 0.149261 0.008090 -0.104440 0.076312 -0.002121 -0.305931 -0.006953 -0.228962 0.185687 -0.009403 0.007405 -0.159542 0.023079 0.048131 -0.005792 0.119756 0.134107 0.234833 0.189910 0.063036 0.107808 -0.055082 -0.144580 -0.248107 -0.077935 -0.002657 -0.083510 0.144985 -0.000112 -0.152530 0.066568 -0.146383 0.141174 -0.038409 0.215919 0.125915 -0.024567 -0.132499 0.048764 0.000000 0.126538 0.056881 -0.174452 0.085515 -0.052272 0.160651 0.058701 -0.098989 -0.121700 -0.008258 -0.010461 0.097838 0.117507 0.213066 0.028303 -0.027716 0.077885 0.117516 0.102411 0.074543 0.074098 0.063701 0.000578 -0.328319 -0.059744 -0.178153 0.058283 -0.092420 0.028052 0.131069 -0.001570 0.040264 0.069478 -0.027444 -0.108196 -0.030451 -0.111663 0.197824 0.079270 0.050754 0.201032 0.134420 -0.085940 0.142429 0.198776 0.150690 0.188122 -0.036017 -0.086409 0.005110 -0.007030 0.157991 0.175834 -0.039965 0.001710 0.003380 -0.017255 -0.094492 0.000119 0.147148 -0.000131 0.048612 0.138272 -0.000000 0.223211 -0.012516 -0.030773 -0.012025 -0.087472 -0.169341 -0.217533 0.152172 0.030750 -0.172767 -0.106249 0.188688 -0.074066 -0.214400 0.051538 0.218147 -0.140726 0.066500 0.195484 -0.022841 0.094647 -0.011719 0.065267 0.114819 0.021994 -0.018910 0.124837 0.006519 -0.080778 -0.317914 0.031539 0.081326 -0.088636 0.013129 -0.132884 0.061884 -0.110281 0.118305 -0.017156 0.210656 -0.000002 -0.112579 -0.000505 0.023456 0.172407 -0.326344 -0.002041 0.070314 0.007087 0.090254 -0.039536 -0.008426 0.144367 0.199628 0.052346 -0.002482 -0.016088 0.113708 0.176563 0.207543 0.173139
  0.064058 -0.135679 -0.071812 0.187645 0.078309 -0.210793 -0.080100 0.086146 -0.223195 -0.126445 -0.017031 0.104625 0.097960 -0.028126 0.066030 -0.095555 -0.039134 0.062519 0.030629 0.010345 0.054280 0.103804 -0.082859 -0.046959 -0.099682 -0.039323 0.170603 -0.121646 0.133987 0.141751 0.146202 0.042323 0.014262 -0.103884 -0.053984 0.066190 -0.149317 -0.196844 0.021412 -0.113605 0.150378 0.182758 0.141473 -0.012367 -0.196620 0.259252 -0.081898 0.139655 0.182218 0.174530 -0.034985 -0.000166 0.182462 -0.062161 -0.117076 0.059333 0.170227 0.067663 0.023018 -0.127716 0.063242 0.119207 -0.123976 -0.001171 0.141132 0.156351 0.128000 0.077779 -0.018478 -0.073681 0.163946 0.082100 0.117667 0.156426 0.000000 -0.123824 0.066692 -0.001780 0.069150 0.109688 0.146965 -0.061541 -0.102360 -0.219723 0.000098 -0.179395 0.031842 0.107149 -0.075026 0.007120 0.002300 -0.093765 0.092441 -0.017187 -0.087250 0.017113 0.068358 -0.087344 0.000932 -0.197301 -0.227967 0.065522 -0.082286 0.058683 0.059547 0.324983 -0.015999 -0.091402 0.136624 -0.195559 -0.064478 -0.111331 -0.194002 0.120509 0.088032 0.065743 -0.012925 -0.112207 -0.088451 -0.175052 0.008235 0.040488 0.011972 -0.111234 0.217984 0.202368 -0.016067 0.014868 0.019629 -0.083344 -0.051716 0.093159 -0.184094 -0.201534 -0.239373 -0.183604 0.121197 0.035079 -0.000000 -0.112943 -0.069934 -0.042148 -0.079543 -0.045992 -0.041676 -0.023972 0.126626 -0.151636 -0.031308 0.036391 0.016695 0.209242 0.075306 -0.093653 -0.137964 0.038600 -0.159771 0.060635 0.105304 0.000623 -0.042869 0.026919 0.018361 0.047466 0.259015 -0.074793 0.242957 0.143253 -0.085992 -0.019555 -0.127266 -0.148288 -0.131026 0.105166 -0.190690 -0.064243 0.139555 -0.212233 0.188828 0.000015 -0.148903 0.062017 0.047054 0.259277 0.019376 0.117185 -0.023378 -0.161294 0.134510 0.143345 0.187229 -0.001022 -0.030821 0.065436 -0.070260 0.194921 0.074095 -0.074135 0.043313 0.067514
  -0.134834 0.203193 0.037330 0.040059 -0.097102 0.147047 -0.099691 -0.162394 0.137714 -0.129250 -0.040013 0.146009 0.230054 0.015192 -0.006629 -0.025148 -0.004828 -0.102479 0.104439 0.061248 0.060132 0.192809 -0.188670 -0.105363 -0.126943 0.014708 -0.022286 0.157238 -0.028691 -0.175072 -0.112337 0.023838 0.121591 -0.258248 -0.063199 0.074370 -0.123656 0.074549 0.036131 -0.214583 -0.176942 0.130709 0.001157 -0.019093 0.053803 0.211504 0.233593 -0.028638 -0.028710 -0.160404 0.135793 -0.001607 -0.088984 0.062335 -0.197342 -0.017206 -0.250991 -0.016135 -0.111327 -0.191086 -0.164331 0.056867 0.023980 0.008950 0.121240 -0.047009 -0.089045 0.167707 -0.012484 0.116039 -0.122587 0.186398 -0.167484 0.090105 0.000000 0.112154 -0.041829 0.022041 0.124712 -0.032865 0.025629 0.069299 -0.107272 0.123274 0.028261 0.166560 -0.100060 -0.094154 0.127296 0.126322 -0.020852 0.050212 -0.065372 -0.119742 -0.005131 -0.069473 0.020913 -0.193162 0.178024 0.201308 0.074413 -0.016066 -0.146839 0.056485 0.037328 -0.061775 0.086963 0.080989 0.212238 0.126996 0.059345 -0.146503 0.097125 0.073430 -0.210353 -0.150857 -0.034986 0.101902 0.165179 -0.143350 -0.043023 -0.069478 0.188141 0.079062 0.179684 0.008495 -0.014190 -0.110295 -0.126383 0.139883 0.158362 0.224884 0.120306 0.023880 0.127172 0.142899 0.219082 -0.084768 -0.000000 -0.119022 0.168993 0.064783 -0.118016 0.015217 0.050150 -0.019257 -0.148429 0.047370 0.002333 0.161743 -0.013471 0.172719 0.013402 0.001839 0.125410 -0.073454 -0.146284 -0.192534 0.157091 -0.029497 0.101524 -0.114912 -0.115808 -0.133178 0.001349 0.002416 -0.036502 -0.063180 0.067534 -0.011885 0.017193 0.101626 -0.009967 0.077896 0.123198 0.213982 -0.102737 0.185660 -0.030391 -0.000029 -0.028021 0.155301 -0.050054 -0.070814 0.000585 -0.041986 -0.066550 -0.140046 -0.124284 -0.162812 -0.132026 -0.006060 -0.115613 -0.042639 0.118151 0.004293 -0.001385 -0.114937 -0.092016 -0.171714
  0.021494 -0.004864 -0.075651 -0.189843 -0.103184 0.036557 -0.007551 -0.031545 -0.056814 0.084477 -0.095751 0.050958 0.030428 -0.071538 0.079312 0.094330 -0.037157 0.013639 -0.001117 -0.005568 -0.062660 -0.124909 0.052713 0.042238 0.078334 -0.025752 0.033368 0.129284 -0.086016 -0.001602 0.082862 0.176650 0.052716 0.078269 -0.114268 -0.010525 -0.018307 -0.106798 -0.083103 -0.094882 -0.140927 0.036044 -0.077775 -0.003393 -0.093450 0.120382 0.030977 0.076006 0.067876 -0.001713 -0.164698 -0.000187 0.015975 0.040395 0.012159 -0.184272 0.018918 -0.003067 0.125632 0.054804 0.030380 0.123855 0.087050 -0.002920 -0.167268 -0.103283 -0.067300 -0.048529 -0.011449 -0.070866 -0.027367 0.017334 -0.165869 0.067226 -0.000000 -0.027228 -0.000943 -0.027756 0.121634 0.113866 0.130104 -0.044875 -0.069504 0.138121 0.125130 0.018008 0.009818 -0.015998 0.082527 -0.115639 -0.008763 -0.008951 -0.001555 -0.080903 -0.139766 0.072670 -0.057307 0.056520 -0.081352 0.029797 0.020486 -0.226016 -0.000041 -0.071813 -0.036550 0.129863 -0.080541 0.000923 -0.158895 0.114172 0.076505 0.060706 -0.024184 0.070742 0.005590 0.156382 0.101884 0.143100 -0.049017 0.091043 0.091494 -0.079949 -0.111588 0.103801 0.098788 0.035936 -0.150309 0.113678 -0.044113 -0.083465 -0.168157 -0.007469 0.108276 0.002401 -0.036866 0.087521 -0.143995 0.078109 -0.000000 -0.033138 0.001341 -0.078990 0.080691 0.003054 -0.081001 0.185104 0.001328 0.048312 0.082479 -0.007617 -0.124874 0.100349 0.137439 -0.053562 -0.077918 0.112603 0.091476 0.012375 0.051545 0.037180 -0.166418 -0.067533 -0.168010 0.112420 -0.101822 0.061042 0.052204 0.114031 -0.026094 0.024748 -0.144207 0.096942 -0.050603 -0.087987 0.065795 -0.175166 -0.015055 0.027687 0.062134 0.000028 0.003051 -0.012453 -0.156041 0.009117 -0.040046 0.123573 0.076605 -0.062834 0.000008 0.123407 -0.047962 -0.000717 0.002510 0.035401 -0.148822 0.043093 0.126820 0.034853 0.072158 0.164048
Biases:
  0.083061 -0.114676 0.044265 0.108664 -0.016665 -0.025954 0.053284 0.224231 0.050603 -0.164955 0.167246 0.178201 -0.081498 0.140591 0.069815 0.028255 0.021552 -0.064581 -0.210017 -0.121729 0.162552 -0.170396 -0.172985 -0.129550 0.017839 0.251259 -0.078481 -0.054825 0.136673 -0.002812 -0.129985 -0.047867 -0.102202 -0.232871 -0.031551 0.020979 0.207992 -0.061787 0.086678 0.097999 -0.142100 0.138421 -0.140589 0.240401 -0.193130 -0.037234 -0.170802 0.109399 0.007104 0.116088 -0.168857 0.155016 -0.058150 0.236851 -0.160181 -0.151579 -0.283651 -0.149248 -0.068751 -0.237587 0.002828 -0.072517 0.025925 -0.054779 -0.042006 0.033814 -0.137578 -0.100637 0.044848 0.239444 -0.082877 -0.182241 -0.016642 -0.036699 -0.162791 -0.133054 -0.044690 -0.001439 -0.209291 -0.126534 -0.088182 0.141880 -0.113800 -0.146769 0.143979 -0.100457 0.066903 -0.093357 -0.112063 -0.197274 -0.018524 0.140736 0.146412 0.067496 0.136686 -0.131553 -0.076403 -0.100487 -0.114458 -0.182149 -0.202363 -0.163884 -0.099765 0.101074 -0.072673 0.141029 0.220760 -0.145024 -0.112938 -0.123421 0.137511 -0.112027 0.107442 -0.085099 0.111877 0.029366 -0.079982 0.281248 0.117237 -0.214246 0.226630 0.074419 0.133235 0.234882 -0.034335 -0.197526 -0.048706 0.084766 -0.054760 -0.046016 -0.146969 0.144405 0.279751 -0.069029 -0.086763 -0.065428 -0.159285 0.248295 -0.131110 0.003684 -0.129364 -0.061478 0.085848 0.183815 -0.102527 -0.139278 -0.099803 0.243163 0.077846 -0.019212 0.106501 0.068458 -0.051912 0.220762 0.024514 -0.081524 -0.005314 -0.131512 -0.221459 0.142285 -0.091205 0.105111 -0.187698 -0.054173 -0.128152 -0.029346 0.074900 -0.057192 0.042081 -0.028491 0.088816 0.237665 0.101728 -0.078586 -0.109556 -0.123803 0.098731 -0.105277 0.073285 -0.069017 -0.085273 0.087498 -0.254077 -0.141401 -0.012784 -0.057003 0.042031 0.004788 -0.030959 0.149520 0.108191 0.158511 -0.066903 0.077372 -0.093790 -0.180517 0.172217 -0.038804 0.261041 0.048723
Weight range: -0.328319 to 0.324983
Bias range: -0.283651 to 0.281248

--- Layer 2 ---
Number of nodes: 100
Weights:
  -0.065184 0.051756 0.140395 0.000000 0.000000 0.014547 0.111237 0.045929 -0.012778 -0.000000 -0.010547 0.000000 -0.000015 -0.000000 0.000000 0.094806 -0.000001 0.005162 0.155440 -0.088182 0.029451 -0.000000 0.083407 0.173689 0.099663 0.030576 0.000000 -0.000000 -0.000000 0.059246 -0.113942 0.017624 -0.105691 -0.035555 -0.054600 0.100074 -0.014744 0.107478 -0.671518 -0.001086 0.047180 -0.000000 -0.005499 0.095939 -0.000069 0.063219 -0.000000 -0.165395 0.103157 -0.092884 0.000000 0.031823 0.163064 0.000000 0.168745 0.006372 0.062660 0.043138 -0.000034 -0.002512 0.000000 0.163824 0.142319 0.042629 0.039182 0.147347 -0.109479 -0.120817 -0.041796 -0.006014 -0.069905 -0.000000 -0.000000 -0.163041 0.175088 -0.041346 -0.000000 0.095364 -0.019659 0.000000 -0.000168 -0.000192 -0.015761 -0.069885 0.171529 0.058197 0.060655 -0.016819 0.107549 -0.036831 -0.000000 0.000000 0.000000 -0.013623 -0.091609 -0.115412 -0.029782 -0.108318 0.000000 0.024679
  -0.063475 0.101784 0.138772 0.000000 0.000000 -0.032192 0.028220 0.148955 0.210876 -0.000000 0.143370 -0.000000 -0.000001 -0.000000 0.000000 0.095573 -0.000001 0.163631 0.000268 -0.069277 0.167589 -0.000000 0.141950 0.252875 0.104448 -0.000000 -0.000000 -0.000000 -0.000000 -0.002556 0.107965 0.055495 -0.058642 -0.016277 0.142327 -0.056695 0.135603 0.093454 0.007706 0.070581 0.241192 -0.000000 0.089459 0.072044 -0.000005 0.151562 0.000000 0.107529 0.142079 0.166076 0.000000 0.166522 0.106831 0.000000 0.076229 0.230877 -0.038278 0.164538 -0.000000 0.057834 0.000000 -0.028776 0.086040 0.137861 -0.014015 0.152365 0.173629 0.067252 -0.074981 -0.020228 0.104220 0.000000 0.000000 -0.004110 0.066358 0.081375 0.000000 -0.071795 0.126858 -0.000000 0.000112 -0.000161 -0.141763 0.052353 -0.047970 0.179765 0.085421 -0.065093 -0.149976 0.091810 -0.000000 0.000000 -0.000000 0.095201 -0.113434 0.178705 0.175444 0.196016 0.000000 -0.038111
  0.081583 -0.235890 -0.128413 -0.000000 -0.000000 0.056315 0.052904 0.034440 -0.062891 0.000000 0.058435 -0.000000 -0.000011 0.000000 0.000000 -0.080986 -0.000002 0.025200 0.078615 -0.024257 0.104981 -0.000000 -0.038160 0.087810 -0.030384 -0.006768 -0.000000 -0.000000 0.000000 -0.039810 0.127529 -0.099590 -0.104345 -0.064015 0.105754 -0.023624 0.111002 0.065330 0.061099 -0.027742 0.102513 -0.000000 0.128805 0.177842 -0.000039 0.071085 -0.000000 -0.144413 0.191470 0.044416 0.000000 0.051793 -0.056216 -0.000000 0.086897 -0.061443 -0.024783 -0.001799 -0.000003 0.068696 -0.000000 0.142260 -0.075910 0.072420 -0.182590 -0.037703 0.015101 -0.021215 0.029082 -0.069795 0.055674 0.000000 0.000000 -0.144443 0.019505 -0.103815 -0.000000 0.187517 -0.026086 -0.000000 -0.000103 -0.000236 -0.236792 -0.096692 -0.034564 0.087765 -0.105906 -0.039104 -0.156503 -0.086131 -0.000000 -0.000000 0.000000 0.051275 0.088978 -0.089145 -0.038995 -0.110077 0.000000 0.137466
  -0.120620 0.101561 -0.072679 0.000000 0.000000 0.115311 0.068323 0.001388 -0.051625 0.000000 -0.093801 0.000000 -0.000026 0.000000 -0.000000 0.033717 -0.000001 0.067869 -0.007815 -0.081102 -0.069063 -0.000000 0.223548 -0.373312 0.134774 -0.053119 -0.000000 -0.000000 0.000000 -0.002194 0.048401 0.066700 -0.077994 0.170212 0.178106 0.211115 -0.033343 0.081279 -0.034418 -0.093154 -0.002334 -0.000000 0.133056 0.079492 -0.000112 0.016384 -0.000000 -0.032485 0.106009 -0.101151 0.000000 0.100366 0.025024 0.000000 0.027843 0.103263 0.024600 -0.019317 -0.000018 -0.080579 0.000000 -0.009028 -0.026081 0.067350 0.062563 -0.078442 0.001109 0.137142 -0.066671 -0.076766 0.174386 -0.000000 0.000000 0.017719 -0.028537 0.151904 -0.000000 0.033265 -0.019521 0.000000 -0.000436 0.000031 0.193476 -0.019371 0.222532 -0.034512 0.165254 -0.093180 0.079752 0.028399 -0.000000 -0.000000 -0.000000 0.012118 -0.009547 0.121282 0.014723 -0.051480 0.000000 0.089433
  -0.077463 -0.032879 -0.134207 0.000000 0.000000 0.006288 0.126077 -0.076271 0.131998 0.000000 -0.079920 -0.000000 -0.000013 -0.000000 0.000000 0.189408 -0.000000 -0.059207 -0.038456 0.113810 0.010611 -0.000000 -0.084065 -0.122594 0.323957 0.007761 -0.000000 -0.000000 0.000000 0.189067 0.012221 0.052960 0.055440 0.076049 -0.105103 -0.016382 -0.053217 0.032075 -0.191633 0.017205 0.150252 -0.000000 0.037200 0.030744 -0.000075 -0.116851 0.000000 0.159763 0.098217 0.129196 -0.000000 0.080964 0.081819 0.000000 -0.123403 0.168894 0.007273 0.072142 -0.000028 0.093631 -0.000000 0.094944 -0.102745 0.063576 0.215015 -0.056677 0.225064 0.039552 0.080293 0.160158 0.089110 0.000000 0.000000 -0.002904 -0.055096 0.095075 0.000000 0.083033 0.123232 -0.000000 -0.000321 -0.000054 0.031467 0.088956 0.074919 -0.030288 -0.052386 0.091995 0.229511 -0.024581 -0.000000 -0.000000 -0.000000 0.086024 0.000689 0.181497 0.027889 0.040029 -0.000000 0.158646
  -0.019033 0.085729 -0.165978 -0.000000 -0.000000 -0.028198 0.032127 -0.105631 0.058472 0.000000 0.094356 0.000000 -0.000005 -0.000000 -0.000000 -0.125970 -0.000001 0.125868 -0.110427 0.099979 -0.106954 -0.000000 -0.020285 -0.101814 0.013597 -0.031028 -0.000000 -0.000000 0.000000 0.036802 -0.078911 0.033148 0.074211 -0.089699 -0.092214 -0.147691 -0.164567 0.030912 0.055897 -0.016821 0.105805 -0.000000 0.002210 -0.092695 -0.000035 -0.028984 0.000000 -0.001000 -0.142263 0.003678 0.000000 0.004903 0.061565 0.000000 -0.099051 -0.038187 -0.008678 -0.043587 -0.000049 0.156807 -0.000000 -0.094153 0.047289 -0.055537 0.092819 -0.034365 0.087500 -0.136006 -0.001721 -0.107141 -0.002578 -0.000000 0.000000 0.063908 -0.115250 -0.147424 -0.000000 0.001186 0.043026 -0.000000 -0.000504 -0.000054 0.026875 0.020854 0.086498 -0.111003 0.000830 -0.017329 -0.142426 0.014970 -0.000000 0.000000 -0.000000 -0.127528 -0.007751 -0.026949 -0.075669 -0.135796 -0.000000 0.102501
  -0.128671 0.022252 -0.124100 -0.000000 -0.000000 -0.028267 -0.152658 0.120684 -0.034494 0.000000 0.072737 0.000000 -0.000022 -0.000000 -0.000000 0.018621 -0.000001 0.015594 -0.048769 0.020594 -0.038347 -0.000000 -0.020358 0.088308 -0.115777 0.019923 -0.000000 -0.000000 -0.000000 -0.037710 0.036884 -0.080010 0.014851 0.015982 0.053819 -0.076492 -0.072864 -0.121436 -0.008067 0.063259 0.063473 -0.000000 -0.040163 -0.011993 -0.000033 0.010965 -0.000000 0.052225 0.036562 0.051059 -0.000000 -0.064548 -0.128446 -0.000000 -0.189644 0.122423 0.028062 -0.102953 -0.000073 -0.022842 0.000000 0.005516 0.108783 -0.049670 0.195556 0.072873 -0.085837 0.077206 -0.163100 0.029005 -0.059539 0.000000 0.000000 0.053918 0.036975 -0.102880 -0.000000 -0.089778 -0.117900 0.000000 -0.000373 -0.000103 0.107200 0.175581 -0.112377 0.063499 0.070805 -0.024895 -0.420852 0.027055 0.000000 -0.000000 -0.000000 -0.148516 -0.183435 -0.195751 -0.175351 -0.111220 0.000000 -0.035231
  0.213962 -0.033312 -0.022677 0.000000 -0.000000 -0.028344 0.105732 -0.057188 0.057088 0.000000 -0.038457 -0.000000 -0.000029 -0.000000 -0.000000 0.226431 -0.000001 0.128242 0.175990 -0.032805 -0.024193 -0.000000 -0.161858 -0.089658 0.018824 -0.047622 -0.000000 -0.000000 0.000000 0.116257 -0.026217 0.122732 0.082384 0.042901 -0.040292 0.135226 0.018167 -0.032375 -0.000508 0.021059 0.048935 -0.000000 0.116201 -0.083894 -0.000105 0.028010 -0.000000 0.018751 0.092068 -0.005929 -0.000000 -0.036060 -0.093502 -0.000000 0.168122 0.045880 0.091580 0.061915 -0.000022 -0.050922 -0.000000 0.140534 -0.080527 0.053609 -0.100267 0.012668 0.023562 0.092589 0.034949 -0.000764 -0.040201 0.000000 0.000000 0.215714 0.113990 0.037282 0.000000 0.024320 -0.019222 0.000000 -0.000128 -0.000361 -0.032859 0.053623 0.066073 0.168632 0.058804 0.109296 -0.145222 0.039337 -0.000000 0.000000 -0.000000 0.021805 -0.098763 -0.154501 0.102855 -0.075660 -0.000000 -0.083028
  0.127118 0.257554 0.006285 -0.000000 -0.000000 0.082429 0.040279 -0.057380 0.034250 -0.000000 0.054999 0.000000 -0.000010 -0.000000 -0.000000 0.162862 -0.000002 0.075778 0.112601 0.034959 -0.080435 -0.000000 0.069034 0.095903 0.055518 -0.167280 -0.000000 -0.000000 0.000000 -0.042693 0.138891 0.027127 0.028318 0.064403 0.143352 0.085161 -0.098196 0.020393 0.084137 -0.088026 0.134635 -0.000000 0.026161 0.017531 -0.000038 -0.056794 -0.000000 -0.079729 0.185535 0.037876 -0.000000 0.144603 0.112700 0.000000 0.118443 0.040899 -0.128412 -0.020818 -0.000018 0.206787 0.000000 0.100915 0.002812 0.012489 0.189338 0.122206 -0.098481 -0.092906 -0.104383 0.075257 0.117154 -0.000000 0.000000 0.106083 0.120943 0.027780 0.000000 0.035869 -0.060935 0.000000 -0.000130 -0.000231 0.121816 0.008419 -0.058686 -0.018216 -0.101471 -0.078002 0.079593 0.205817 -0.000000 -0.000000 0.000000 -0.068400 -0.042887 0.088465 0.061990 -0.073282 -0.000000 0.069979
  0.019752 -0.483119 0.099734 -0.000000 0.000000 -0.086396 0.114890 0.040348 -0.004197 -0.000000 -0.055235 0.000000 -0.000001 -0.000000 -0.000000 0.080037 -0.000001 0.017897 0.063995 0.036948 0.049342 -0.000000 -0.152674 0.080694 0.096923 -0.000001 0.000000 -0.000000 0.000000 -0.121363 0.037044 0.012743 0.011526 0.031176 0.160872 0.145024 -0.044954 0.195535 -0.153778 -0.033447 -0.099689 -0.000000 0.157377 0.053043 0.000000 0.061541 -0.000000 -0.091682 0.053213 -0.001364 -0.000000 0.014203 0.098542 0.000000 0.195861 0.040968 -0.301884 -0.039721 -0.000000 0.172976 -0.000000 0.069041 0.209564 -0.029735 -0.086928 0.038986 -0.076059 -0.035868 -0.060482 -0.176145 -0.104720 0.000000 -0.000000 0.010236 -0.010669 0.122143 -0.000000 0.054954 0.186759 0.000000 0.000229 -0.000241 0.025401 -0.214228 -0.046736 -0.123097 0.137932 -0.012316 -0.080216 0.117818 -0.000000 -0.000000 0.000000 -0.083249 0.027785 0.059896 0.207997 -0.085613 -0.000000 -0.061996
  -0.104418 -0.016249 0.135775 -0.000000 -0.000000 0.028044 -0.009770 -0.021031 -0.124614 -0.000000 -0.099473 -0.000000 -0.000040 -0.000000 0.000000 -0.026769 -0.000001 0.089407 -0.118314 0.074268 0.091426 -0.000000 0.098193 -0.166192 -0.059367 0.020072 0.000000 -0.000000 -0.000000 -0.003919 -0.078923 -0.026644 -0.070906 0.147774 0.083427 -0.009218 -0.097950 -0.063215 0.026003 -0.043300 0.136505 -0.000000 0.035329 -0.090007 -0.000107 0.073986 -0.000000 0.026800 0.014041 -0.123961 -0.000000 0.015509 -0.081427 0.000000 0.095720 0.060920 0.026792 -0.033482 -0.000077 0.022173 -0.000000 0.029721 0.077552 0.007656 -0.072560 0.117776 -0.082446 -0.075003 -0.163424 -0.022777 0.038923 -0.000000 -0.000000 0.067222 0.133048 0.055901 -0.000000 0.001191 0.171389 0.000000 -0.000258 -0.000181 0.025413 0.153436 0.040561 0.028806 -0.102815 0.062658 -0.025571 -0.007879 -0.000000 0.000000 -0.000000 -0.038946 -0.105869 0.021898 0.055894 0.008424 0.000000 -0.012780
  0.124938 0.010610 -0.067551 0.000000 0.000000 -0.048238 0.111951 0.139815 -0.055133 0.000000 -0.071219 -0.000000 -0.000007 0.000000 0.000000 -0.085893 -0.000001 0.038726 -0.054207 0.130795 0.092430 -0.000000 0.058582 -0.397847 0.139945 -0.113062 0.000000 -0.000000 0.000000 -0.012504 -0.060741 -0.131237 0.022306 0.036697 0.080423 0.229431 -0.083688 0.082280 0.016324 0.126165 0.049625 -0.000000 0.075114 -0.039170 -0.000108 0.121228 -0.000000 -0.035243 -0.000706 0.099604 -0.000000 -0.045164 0.091583 0.000000 -0.091088 -0.108161 -0.176777 -0.033258 -0.000009 0.058337 0.000000 0.055283 -0.050768 0.120961 -0.028713 0.152254 0.037102 -0.094859 0.067294 -0.018268 0.064512 -0.000000 -0.000000 0.100294 -0.054934 0.112676 -0.000000 0.056555 0.077353 -0.000000 -0.000178 -0.000313 -0.114413 0.014950 0.159847 0.138489 0.172238 0.086380 0.097277 0.065008 -0.000000 0.000000 0.000000 0.017825 -0.064662 0.001395 0.012845 0.107781 -0.000000 -0.021211
  0.178812 -0.076270 0.013469 -0.000000 0.000000 0.153641 -0.015956 0.140005 -0.038884 0.000000 0.132186 0.000000 0.000000 0.000000 0.000000 -0.011356 -0.000001 -0.018830 0.165665 -0.067345 0.099916 -0.000000 -0.275153 -0.081162 -0.103175 -0.116538 -0.000000 -0.000000 -0.000000 -0.014257 0.100559 -0.086641 0.155933 0.155476 0.097504 0.172546 0.152139 -0.038903 -0.066055 -0.026194 0.029296 -0.000000 0.066704 0.188674 -0.000067 0.058462 -0.000000 0.131435 0.061855 -0.070016 -0.000000 0.161805 0.086450 0.000000 0.151941 -0.046789 -0.109707 0.023743 -0.000000 0.093413 0.000000 0.073643 0.217038 0.040663 0.031927 0.082690 0.065480 0.100716 -0.017157 0.041764 -0.065820 -0.000000 -0.000000 0.076756 0.164084 0.079446 0.000000 0.038251 0.088554 -0.000000 0.000212 -0.000110 -0.023423 -0.063822 0.053641 -0.014309 0.220389 -0.001844 0.040181 -0.050307 -0.000000 -0.000000 -0.000000 0.037159 -0.089736 -0.087562 -0.028700 -0.098256 -0.000000 0.005837
  0.095284 -0.005269 0.071088 -0.000000 0.000000 -0.065688 -0.070562 -0.018519 -0.230582 -0.000000 0.061449 0.000000 -0.000030 0.000000 0.000000 -0.134199 -0.000001 0.006739 -0.023584 0.049752 0.144624 -0.000000 -0.006090 -0.177167 0.056349 0.024113 0.000000 -0.000000 0.000000 -0.091894 0.009842 -0.113094 0.054592 -0.020222 -0.088549 -0.002830 0.018587 -0.001875 0.018722 -0.079601 0.034569 -0.000000 -0.050769 0.003809 -0.000098 0.111151 0.000000 -0.006314 0.012316 -0.138886 0.000000 0.142155 0.080005 0.000000 0.084378 -0.150090 0.049577 -0.094348 -0.000064 -0.126539 -0.000000 0.012587 -0.140987 -0.055668 0.040866 -0.152302 -0.205658 0.046598 -0.105488 0.110048 0.014621 0.000000 0.000000 -0.047982 0.121259 -0.091071 -0.000000 0.121531 0.049495 0.000000 -0.000376 -0.000080 0.136595 0.133860 -0.037665 0.076943 -0.033441 0.081970 -0.199979 0.123024 -0.000000 -0.000000 -0.000000 -0.077214 0.105169 -0.112909 -0.022578 -0.161031 0.000000 -0.018080
  -0.073730 -0.052934 -0.028715 -0.000000 0.000000 -0.011822 -0.052243 -0.279327 0.175643 -0.000000 0.061182 -0.000000 -0.000006 -0.000000 0.000000 0.086277 -0.000000 -0.151279 -0.205598 -0.027624 -0.118275 -0.000000 0.030269 -0.020646 -0.105712 0.116504 -0.000000 -0.000000 -0.000000 0.081546 0.024686 0.073098 0.111077 -0.076029 0.107985 -0.003233 -0.050839 -0.067723 0.017245 -0.108161 0.020036 -0.000000 0.072077 0.081231 -0.000071 -0.056610 -0.000000 -0.118661 -0.140390 -0.086182 -0.000000 0.090665 -0.012174 -0.000000 0.008462 -0.099158 -0.005417 0.010651 -0.000017 0.025988 0.000000 0.066703 0.065680 0.007624 0.005994 -0.105546 -0.012479 -0.154838 -0.039366 0.056116 -0.161300 0.000000 0.000000 -0.012416 0.007087 0.048398 -0.000000 0.063495 -0.121436 0.000000 -0.000312 -0.000092 0.182312 -0.020760 0.010047 0.127131 -0.028090 0.091604 0.072927 -0.048894 -0.000000 -0.000000 0.000000 -0.084600 0.024316 -0.078435 0.031756 0.035647 0.000000 -0.068726
  0.121279 0.157033 -0.008330 0.000000 -0.000000 -0.073444 0.135073 -0.086770 0.093390 0.000000 -0.097697 0.000000 -0.000003 -0.000000 0.000000 0.142200 -0.000001 0.034039 0.045641 0.059366 0.098304 -0.000000 -0.070696 -0.030599 0.113258 -0.022620 -0.000000 -0.000000 -0.000000 0.192113 0.004171 0.129587 -0.018620 -0.106130 0.036670 0.045586 -0.005828 -0.110596 0.045850 0.080487 0.072406 -0.000000 0.098735 0.043978 -0.000026 -0.029794 -0.000000 0.005009 -0.006340 -0.078359 -0.000000 -0.110345 0.079324 0.000000 -0.111136 0.163871 0.033144 -0.034515 -0.000046 -0.032290 0.000000 0.050335 -0.175503 -0.063208 0.032762 -0.009701 -0.079353 -0.042276 0.098794 0.014054 -0.093490 0.000000 -0.000000 -0.050047 -0.097258 0.039582 0.000000 0.021564 0.010008 0.000000 -0.000509 -0.000085 0.035599 -0.030770 -0.038430 0.051991 -0.119760 0.087980 -0.100051 0.031858 -0.000000 0.000000 0.000000 0.027644 -0.195613 -0.007700 -0.058662 0.003491 -0.000000 -0.076197
  0.053510 -0.069140 0.113440 -0.000000 -0.000000 0.011963 -0.130581 -0.039076 0.030155 -0.000000 0.079415 -0.000000 -0.000008 0.000000 -0.000000 -0.089494 -0.000002 -0.061598 0.158995 -0.069520 0.088000 -0.000000 -0.036461 0.110130 -0.009451 -0.276861 -0.000000 -0.000000 -0.000000 -0.018301 0.106557 0.066164 -0.136115 -0.109539 0.138143 0.108657 0.175369 0.154816 0.035150 0.023060 -0.033617 -0.000000 0.057835 0.026570 -0.000017 -0.063490 0.000000 0.017984 0.061395 0.031079 -0.000000 0.041801 -0.059169 -0.000000 0.076183 -0.015973 0.059828 0.094557 -0.000017 0.037154 -0.000000 0.192008 -0.087903 0.035918 0.095442 -0.061691 -0.075473 0.062067 0.059037 -0.055536 0.080276 -0.000000 0.000000 -0.068381 0.118987 -0.046571 -0.000000 -0.132234 -0.095524 -0.000000 -0.000206 -0.000110 -0.114821 0.044392 0.013099 -0.150026 -0.052181 -0.017645 -0.592273 -0.032434 -0.000000 0.000000 -0.000000 0.019670 0.114610 0.019918 0.030568 -0.023975 0.000000 0.058618
  0.018913 0.239296 -0.089117 -0.000000 0.000000 0.085712 -0.107346 -0.152717 -0.043797 -0.000000 0.082190 -0.000000 -0.000000 -0.000000 -0.000000 -0.062503 -0.000000 0.134077 0.090832 -0.121542 0.114557 -0.000000 0.007295 -0.035903 -0.033456 -0.089867 -0.000000 -0.000000 -0.000000 -0.011690 0.078732 0.011978 -0.125474 0.135184 0.121076 0.072917 0.150942 0.005832 -0.626256 -0.115185 0.058780 -0.000000 -0.080867 -0.099885 -0.000011 0.083596 0.000000 -0.098949 0.041430 0.055658 -0.000000 0.030543 -0.056064 -0.000000 0.129590 0.083687 -0.127742 0.109023 -0.000001 -0.058336 -0.000000 -0.156578 0.035424 -0.013840 -0.086998 0.143503 0.129834 -0.048488 0.005613 0.099875 -0.101035 -0.000000 0.000000 -0.013462 0.025449 0.010039 -0.000000 -0.080580 -0.012717 -0.000000 -0.000062 -0.000103 0.196559 -0.675201 0.095424 -0.071189 0.099252 -0.072412 -0.015877 0.149514 -0.000000 0.000000 0.000000 -0.057108 0.046536 0.036544 -0.117203 0.041696 0.000000 -0.079866
  -0.051040 0.131355 0.042307 0.000000 -0.000000 0.007359 -0.063573 -0.053266 0.201584 0.000000 -0.222585 0.000000 -0.000000 -0.000000 0.000000 -0.031576 -0.000001 -0.265326 -0.326653 -0.153273 -0.005715 -0.000000 -0.000111 -0.000088 -0.145033 -0.000018 0.000000 -0.000000 -0.000000 -0.246837 -0.092055 -0.080851 -0.232095 -0.189921 -0.153704 -0.073961 0.028865 -0.252052 0.156819 -0.179829 -0.098758 0.000000 -0.015839 -0.015480 -0.000001 -0.129997 0.000000 -0.187767 -0.047976 -0.178468 0.000000 -0.220569 -0.211781 0.000000 -0.222300 -0.068783 -0.000000 -0.266569 -0.000000 0.011120 0.000000 -0.202201 0.260011 -0.112295 0.177101 -0.112946 0.081393 -0.050483 -0.191270 -0.091889 0.025580 0.000000 0.000000 -0.128026 -0.033658 -0.131018 -0.000000 -0.210466 -0.102014 -0.000000 -0.000001 -0.000006 -0.108191 0.121749 -0.317310 -0.019701 -0.162283 -0.162152 0.000159 -0.033616 -0.000000 0.000000 0.000000 -0.052430 -0.156943 0.032737 -0.115500 -0.170944 -0.000000 -0.277091
  -0.164654 0.095939 -0.132500 -0.000000 -0.000000 -0.193066 0.075064 0.093890 0.069694 -0.000000 -0.109235 -0.000000 -0.000000 0.000000 -0.000000 -0.019514 -0.000001 0.034895 -0.136415 -0.070152 -0.112408 -0.000000 0.007000 -0.012020 -0.092497 -0.000001 0.000000 -0.000000 0.000000 -0.093692 0.026674 -0.017651 -0.182995 -0.012709 -0.017944 -0.213496 0.058695 -0.053297 -0.012222 -0.164828 -0.062676 0.000000 -0.085623 0.012698 -0.000001 -0.126071 -0.000000 -0.063125 -0.088534 0.054660 0.000000 -0.034055 0.029228 -0.000000 0.108343 0.008348 -0.000000 0.043347 -0.000000 0.120247 -0.000000 -0.127146 0.077211 0.098674 0.242390 0.013708 0.070914 -0.047000 0.069379 -0.029885 -0.071777 -0.000000 0.000000 0.003656 -0.048806 -0.194661 0.000000 -0.157855 0.029512 0.000000 0.000000 -0.000003 0.093489 0.037826 -0.111793 0.082866 -0.232793 -0.055224 0.014198 0.075538 -0.000000 0.000000 -0.000000 -0.087090 -0.105963 0.075789 -0.110199 -0.130859 -0.000000 0.050169
  0.072860 0.088293 -0.023460 0.000000 0.000000 0.120381 0.138313 -0.169876 -0.001115 -0.000000 0.053248 -0.000000 -0.000023 -0.000000 0.000000 -0.032116 -0.000001 -0.006909 -0.052346 0.128413 -0.039661 -0.000000 -0.066804 -0.248554 -0.100562 0.009159 0.000000 -0.000000 0.000000 0.058434 -0.043173 -0.001100 0.088252 -0.074759 -0.024566 0.068869 0.028167 0.174556 -0.017685 0.048568 -0.120970 -0.000000 -0.073441 0.001509 -0.000106 0.099868 -0.000000 -0.021489 -0.034225 -0.031425 -0.000000 0.052239 -0.020777 -0.000000 0.078964 0.090486 0.033459 -0.098854 -0.000016 0.079900 -0.000000 -0.084406 -0.044279 0.069286 0.031784 -0.036598 -0.191192 0.164875 -0.037174 0.066690 0.111305 0.000000 -0.000000 -0.030585 0.072518 0.152969 0.000000 -0.076811 -0.068180 0.000000 -0.000350 -0.000208 -0.064604 0.037521 0.193896 0.079465 0.034545 -0.111148 0.052558 -0.027521 -0.000000 0.000000 -0.000000 0.119074 -0.024841 0.094095 0.177605 -0.076901 -0.000000 0.012779
  -0.218489 0.052001 0.161196 -0.000000 -0.000000 -0.096269 0.005808 0.146648 0.107078 0.000000 0.004101 -0.000000 -0.000002 -0.000000 -0.000000 0.010442 0.000000 -0.208331 -0.061009 -0.063853 -0.139633 -0.000000 -0.053031 0.002823 -0.028570 -0.241406 0.000000 -0.000000 0.000000 0.005876 0.099894 0.005979 0.043514 -0.084594 -0.066023 0.023913 0.083953 0.055809 -0.421386 -0.166269 -0.027778 0.000000 0.018227 -0.025498 -0.000075 -0.037111 0.000000 -0.037139 0.058195 -0.119162 0.000000 -0.066020 0.039625 -0.000000 -0.048582 0.019209 0.117637 -0.207608 -0.000008 -0.078030 -0.000000 -0.134780 -0.076040 -0.098055 -0.094485 -0.094893 0.186727 -0.195198 -0.014391 -0.014714 0.029146 -0.000000 -0.000000 -0.117075 -0.094232 -0.117876 0.000000 0.067082 0.017813 0.000000 -0.000087 0.000003 0.006889 -0.266544 -0.012032 -0.024881 -0.058999 -0.097626 -0.071753 0.095690 -0.000000 0.000000 0.000000 -0.151449 0.032338 -0.037167 0.127095 0.020925 -0.000000 -0.125326
  -0.060538 -0.154689 -0.139112 0.000000 0.000000 0.030680 0.035930 0.104800 0.112274 0.000000 -0.174545 0.000000 -0.000000 0.000000 -0.000000 -0.156168 -0.000001 -0.205614 -0.036127 -0.002324 -0.059359 -0.000000 -0.248467 -0.036407 -0.153872 -0.196272 -0.000000 -0.000000 -0.000000 -0.140269 0.005340 -0.034429 -0.138950 -0.209832 -0.112617 -0.130066 -0.118758 0.067394 -0.452746 -0.070261 -0.013352 -0.000000 -0.064403 -0.019231 -0.000001 -0.179631 -0.000000 -0.094266 0.034480 -0.018598 0.000000 -0.170643 -0.041824 -0.000000 -0.155588 -0.095309 0.101830 -0.156856 -0.000023 0.203106 -0.000000 -0.054574 0.071174 -0.228951 0.202481 -0.192362 0.078456 -0.070756 -0.039991 -0.042579 -0.122753 -0.000000 0.000000 -0.063140 0.030507 -0.001686 0.000000 -0.085350 -0.126547 0.000000 -0.000110 -0.000018 0.156243 -0.055108 -0.065446 -0.190194 -0.098043 0.028075 0.000000 -0.152028 0.000000 0.000000 -0.000000 -0.063236 -0.044211 -0.202346 -0.027487 -0.186563 -0.000000 -0.012102
  -0.183792 -0.064754 -0.049862 -0.000000 -0.000000 -0.186641 -0.182680 -0.040289 0.125797 -0.000000 -0.100412 0.000000 -0.000000 -0.000000 -0.000000 -0.104524 -0.000001 -0.285259 -0.082741 -0.074084 -0.130823 -0.000000 -0.022816 0.155839 -0.059629 -0.254452 0.000000 -0.000000 -0.000000 -0.094762 -0.039841 -0.074233 -0.241106 -0.263810 -0.028157 -0.059601 0.016167 -0.049159 0.097654 -0.118865 0.161076 0.000000 -0.124774 -0.256883 -0.000000 -0.115193 -0.000000 -0.240744 -0.152424 -0.207915 -0.000000 -0.151068 -0.034457 -0.000000 -0.292095 -0.071038 -0.008618 -0.191661 0.000000 0.188861 0.000000 -0.183970 0.201228 -0.245288 0.272954 -0.129269 0.134736 -0.246265 -0.238152 -0.190767 -0.217250 -0.000000 -0.000000 -0.106820 -0.061698 -0.114335 0.000000 -0.254855 -0.299293 0.000000 -0.000048 -0.000002 -0.061755 -0.156154 -0.262312 -0.046699 -0.204274 -0.124847 -0.000000 -0.109860 -0.000000 0.000000 0.000000 -0.217026 -0.154321 -0.026449 -0.064012 -0.024654 -0.000000 -0.172075
  -0.123837 -0.225046 0.184703 -0.000000 0.000000 0.074887 0.081744 0.192385 -0.040896 -0.000000 -0.045005 -0.000000 -0.000004 -0.000000 0.000000 0.030119 -0.000001 0.027609 -0.016510 -0.061424 0.060725 -0.000000 0.105235 -0.076230 0.096923 -0.048929 0.000000 -0.000000 0.000000 0.015827 0.080338 0.128564 0.057392 -0.043144 0.153225 0.013315 -0.035469 0.103458 -0.032922 0.098831 -0.014654 -0.000000 -0.053700 0.112481 -0.000000 0.087881 0.000000 0.056722 0.096869 -0.102340 -0.000000 0.122418 0.077721 -0.000000 0.182455 -0.079710 0.075908 0.031330 -0.000034 0.078250 -0.000000 -0.024713 0.070823 -0.000765 -0.094409 0.038328 0.023832 0.048472 0.075115 -0.099763 -0.120448 0.000000 0.000000 0.048036 0.158598 0.064911 0.000000 0.070717 0.024082 -0.000000 -0.000111 -0.000258 -0.066018 0.055991 0.065375 0.003000 0.006341 -0.134501 -0.131312 0.046461 -0.000000 0.000000 0.000000 0.115878 0.012769 -0.083743 0.123291 0.157642 -0.000000 0.030661
  0.024811 0.053021 0.165076 -0.000000 0.000000 0.130171 0.213280 0.007969 0.045225 -0.000000 0.023301 -0.000000 -0.000030 0.000000 0.000000 0.225186 -0.000001 0.054003 -0.075807 -0.038116 0.013776 -0.000000 -0.069045 -0.185507 0.006385 -0.039207 0.000000 -0.000000 0.000000 0.083430 -0.025581 0.173995 0.040170 0.019637 -0.004899 -0.102123 -0.042452 0.033343 0.051407 -0.067230 -0.174564 -0.000000 -0.050708 0.023840 -0.000105 -0.059518 -0.000000 0.093297 -0.003761 0.110509 0.000000 -0.037464 0.072552 -0.000000 -0.063632 -0.046784 -0.012327 0.074185 -0.000032 -0.049835 -0.000000 0.159204 -0.155187 0.049936 -0.103137 0.132459 -0.036881 0.146313 0.160745 0.124042 0.037397 -0.000000 0.000000 0.240794 0.141784 0.064628 -0.000000 0.043006 0.128122 -0.000000 -0.000221 -0.000359 -0.189832 0.084458 -0.030543 0.021725 0.009457 0.154026 -0.116863 -0.051188 -0.000000 -0.000000 0.000000 0.124566 0.022993 0.129874 -0.024865 0.125776 -0.000000 0.111867
  -0.259391 0.086955 -0.138812 -0.000000 -0.000000 -0.231049 0.013407 0.065562 0.159148 0.000000 -0.056784 -0.000000 -0.000008 0.000000 -0.000000 -0.289227 0.000001 0.016259 -0.024957 -0.160168 -0.032795 -0.000000 -0.317483 0.029195 -0.165082 0.098603 -0.000000 -0.000000 0.000000 -0.052968 -0.190534 -0.198859 -0.096858 -0.235064 -0.051153 -0.056184 -0.033625 -0.156571 -0.149670 -0.213390 0.002619 0.000000 -0.087360 -0.119185 -0.000062 -0.171813 -0.000000 -0.126114 0.027214 -0.055645 0.000000 -0.071578 -0.026178 -0.000000 -0.324632 -0.044834 0.019723 -0.130646 -0.000017 0.100799 -0.000000 -0.027313 -0.105466 -0.335855 0.068238 -0.193449 0.087857 -0.196503 -0.285703 -0.075458 -0.360401 -0.000000 0.000000 -0.328538 -0.027176 -0.266305 -0.000000 -0.211259 -0.101026 -0.000000 -0.000258 -0.000004 0.154284 -0.170638 -0.012087 -0.059342 -0.000253 -0.106018 -0.234351 -0.211983 -0.000000 -0.000000 0.000000 -0.181920 -0.153398 -0.339351 0.066884 -0.077304 0.000000 -0.279827
  0.068373 0.035513 -0.069717 0.000000 0.000000 0.147619 0.101231 -0.132959 -0.038369 0.000000 -0.097077 0.000000 -0.000001 0.000000 0.000000 0.016650 -0.000000 -0.077932 0.016083 -0.071429 -0.000051 -0.000000 0.126627 -0.017504 0.031771 -0.048935 -0.000000 -0.000000 -0.000000 0.086189 -0.104694 0.175408 0.031719 0.025756 -0.041573 0.098391 0.018774 0.095250 0.037671 0.028892 0.093102 0.000000 0.076028 -0.103393 -0.000013 -0.056743 0.000000 0.025758 0.019035 0.134375 0.000000 0.148847 -0.057446 0.000000 -0.064913 -0.075724 -0.126339 -0.013089 -0.000001 0.160710 -0.000000 0.093925 0.015329 -0.021295 0.023670 -0.031090 0.075481 0.029757 -0.063217 -0.089401 0.085574 0.000000 -0.000000 0.117124 0.031247 0.161890 0.000000 0.013757 0.060844 0.000000 -0.000350 -0.000148 -0.245347 0.068531 0.179193 -0.090241 0.115905 0.022419 -0.067714 0.114628 -0.000000 -0.000000 0.000000 0.134276 -0.185720 0.129333 0.019225 -0.062786 -0.000000 0.037514
  -0.055500 0.093922 0.118120 0.000000 -0.000000 0.134085 -0.026595 -0.227190 -0.129016 -0.000000 0.059051 -0.000000 -0.000020 0.000000 -0.000000 0.013197 -0.000001 0.082797 0.103832 0.012616 -0.049242 -0.000000 0.155543 -0.152563 -0.066639 -0.059427 -0.000000 -0.000000 0.000000 -0.083382 -0.025048 0.092645 0.080838 -0.033715 0.009398 0.029094 0.142353 -0.094974 0.010253 0.057107 0.097243 -0.000000 -0.001712 -0.032172 -0.000106 0.055308 0.000000 0.016402 0.028163 -0.105971 -0.000000 -0.110930 0.046762 0.000000 0.048797 -0.077713 -0.221814 0.005845 -0.000014 0.022465 0.000000 0.025576 -0.194101 -0.070701 -0.207826 -0.036132 -0.052560 0.071310 0.045128 -0.107291 0.003128 -0.000000 -0.000000 0.108216 -0.110931 0.004150 -0.000000 0.110430 0.012473 -0.000000 -0.000239 -0.000215 0.138858 -0.037777 0.213471 0.119817 0.107031 0.043059 -0.043588 -0.011234 -0.000000 0.000000 0.000000 0.008945 0.107650 0.120216 -0.093640 0.127955 -0.000000 0.097075
  -0.100054 0.092553 0.097391 -0.000000 0.000000 -0.086902 -0.060419 -0.250238 0.102984 -0.000000 -0.193592 -0.000000 -0.000011 0.000000 0.000000 -0.053847 -0.000000 -0.099945 -0.036856 0.057802 0.075894 -0.000000 0.121087 0.036196 0.222695 0.010687 0.000000 -0.000000 0.000000 -0.126403 0.025603 -0.163013 -0.018731 -0.185734 -0.078730 0.045955 -0.073616 -0.149678 -0.452807 -0.147749 0.070443 0.000000 -0.163830 -0.141138 -0.000069 -0.183635 0.000000 -0.034330 -0.170682 -0.146768 -0.000000 0.097420 0.087662 -0.000000 -0.181989 0.159214 0.032644 -0.108224 -0.000042 -0.099959 0.000000 -0.023024 -0.141375 -0.082899 -0.093334 0.012112 0.000866 -0.209403 -0.129257 -0.051621 0.088732 -0.000000 -0.000000 -0.027697 -0.089314 -0.029233 -0.000000 -0.070193 -0.210799 -0.000000 -0.000320 -0.000060 -0.056302 0.322275 0.126135 0.055152 -0.190306 -0.065577 -0.490714 0.074778 -0.000000 -0.000000 0.000000 -0.056332 -0.183742 0.015724 -0.086181 -0.093161 -0.000000 -0.188605
  0.039138 0.133215 0.082784 -0.000000 -0.000000 -0.033674 -0.032373 -0.473795 0.169873 -0.000000 -0.119182 -0.000000 -0.000000 -0.000000 0.000000 -0.040670 0.000000 0.122604 -0.038877 -0.066826 -0.010828 -0.000000 0.024649 0.322530 0.144992 0.003555 -0.000000 -0.000000 0.000000 -0.009922 0.050654 -0.015870 -0.104319 0.156223 -0.041778 0.142928 0.136286 0.113906 0.105020 0.035379 0.112521 -0.000000 -0.008737 0.031431 -0.000001 -0.019817 -0.000000 0.049001 0.104529 -0.052716 0.000000 0.074755 0.097812 -0.000000 0.096847 -0.126171 -0.042043 -0.125122 -0.000000 0.302454 -0.000000 -0.060610 0.300627 -0.063697 -0.061117 -0.096269 -0.033272 0.175978 0.071806 0.174295 0.052218 0.000000 0.000000 0.092745 0.052578 0.060057 -0.000000 -0.045939 0.086268 -0.000000 -0.000298 -0.000007 0.068952 0.140466 -0.071462 -0.116967 -0.097046 0.058278 0.028713 -0.129506 -0.000000 -0.000000 -0.000000 0.224573 0.009321 0.063175 -0.135427 -0.051989 -0.000000 -0.119708
  0.009040 -0.025077 -0.071445 -0.000000 -0.000000 0.014559 0.101352 -0.521117 0.126461 0.000000 -0.022785 -0.000000 -0.000001 -0.000000 0.000000 -0.070474 -0.000000 -0.049924 -0.192684 0.000236 -0.079396 -0.000000 0.064103 0.162026 0.079013 0.040145 0.000000 -0.000000 -0.000000 -0.153440 -0.136834 -0.098269 0.024109 -0.005335 -0.033379 -0.134652 -0.031261 -0.117559 0.069462 -0.043105 -0.073254 -0.000000 -0.171710 0.054383 -0.000011 -0.057334 -0.000000 -0.042220 0.062825 0.034849 -0.000000 -0.207943 -0.028793 -0.000000 -0.125325 -0.139676 0.032423 0.066734 -0.000000 0.084382 -0.000000 -0.188685 0.018759 -0.063458 0.017948 -0.081874 -0.020216 -0.134355 -0.099472 -0.123944 -0.094748 0.000000 -0.000000 -0.013376 0.032940 0.091516 0.000000 0.022808 -0.097253 -0.000000 -0.000013 -0.000015 0.000461 0.037444 -0.108299 -0.007410 -0.151976 -0.008935 0.112923 -0.034315 -0.000000 0.000000 -0.000000 0.058741 -0.028250 -0.078348 -0.180128 -0.095305 -0.000000 -0.028211
  0.032591 -0.059487 -0.174948 0.000000 -0.000000 -0.048219 -0.019957 -0.017484 -0.044965 -0.000000 -0.157882 0.000000 -0.000004 -0.000000 0.000000 0.004463 0.000001 -0.037914 -0.026737 -0.157584 -0.089330 -0.000000 0.112853 0.082035 -0.004430 0.008728 -0.000000 -0.000000 -0.000000 -0.114327 -0.104897 -0.024287 -0.073664 0.044849 -0.214483 -0.149037 -0.251904 -0.030193 0.026905 -0.131231 0.075225 -0.000000 -0.012026 -0.071195 -0.000017 0.051198 -0.000000 -0.139982 -0.051593 0.045794 -0.000000 -0.289643 -0.137453 0.000000 -0.195202 0.078897 0.144060 -0.066054 -0.000002 0.054762 -0.000000 -0.049581 0.012244 -0.086584 0.065217 -0.121181 0.108528 -0.161613 0.034883 0.137336 -0.052552 0.000000 -0.000000 -0.064619 -0.063281 -0.056757 -0.000000 -0.180753 -0.207059 -0.000000 -0.000031 -0.000006 -0.079656 -0.166093 -0.064192 -0.034005 -0.091672 -0.025378 -0.117559 -0.028052 -0.000000 -0.000000 0.000000 0.077169 0.025204 -0.108986 -0.166264 -0.148332 -0.000000 -0.068930
  -0.051940 -0.218799 0.098484 0.000000 0.000000 -0.070848 0.049286 0.145417 0.127264 0.000000 -0.008779 0.000000 -0.000000 0.000000 0.000000 -0.035974 -0.000001 -0.077103 0.133211 0.085381 0.071572 -0.000000 0.240180 0.199217 0.151320 -0.136833 -0.000000 -0.000000 -0.000000 0.135725 -0.041970 -0.045536 0.029067 0.105604 0.158538 -0.001480 0.054515 0.301232 -0.562334 0.014188 0.072204 -0.000000 0.170568 0.153495 -0.000000 0.031893 0.000000 0.072102 0.276789 0.109007 0.000000 0.205202 0.065508 0.000000 0.089381 0.057064 -0.074855 0.093533 0.000000 -0.002414 -0.000000 0.205057 0.288626 0.065191 0.137918 0.111479 -0.040647 0.036440 -0.039226 -0.085679 -0.008477 -0.000000 -0.000000 0.026296 0.060802 0.060583 -0.000000 0.192327 -0.013460 -0.000000 0.000051 -0.000165 0.069626 -0.529110 0.229119 0.078849 0.269105 -0.069702 -0.100684 -0.060819 -0.000000 0.000000 0.000000 -0.060484 0.125316 0.163107 0.018798 -0.051996 -0.000000 -0.047022
  -0.109151 -0.338358 -0.056548 -0.000000 0.000000 0.045899 0.107488 -0.051602 -0.051203 0.000000 -0.107941 -0.000000 -0.000008 0.000000 -0.000000 0.001140 -0.000001 -0.147339 0.021348 -0.036061 -0.123106 -0.000000 -0.015881 0.082615 -0.043988 -0.156975 -0.000000 -0.000000 -0.000000 0.081120 0.067831 0.007000 -0.017807 0.130388 -0.018355 -0.014337 -0.028986 0.179802 0.055434 0.006668 0.032635 -0.000000 -0.008649 -0.023100 -0.000015 0.183219 -0.000000 0.089639 0.044026 0.070175 -0.000000 0.110138 0.160250 0.000000 0.149816 -0.330371 0.013250 -0.122900 -0.000001 0.022817 -0.000000 0.093966 0.145359 -0.091295 0.107914 -0.003657 -0.115705 -0.096475 0.108725 0.094520 0.131274 0.000000 -0.000000 -0.040167 0.085098 -0.004262 -0.000000 0.028380 0.115814 0.000000 -0.000010 -0.000244 -0.170929 0.017916 -0.035066 0.077026 -0.083383 -0.056301 -0.055840 0.064788 -0.000000 0.000000 0.000000 0.098275 0.061874 0.039353 0.068803 -0.081378 -0.000000 -0.014346
  0.030876 -0.011274 -0.014658 -0.000000 -0.000000 -0.062675 0.071195 -0.100732 -0.006738 0.000000 -0.071543 -0.000000 -0.000000 0.000000 0.000000 -0.029092 -0.000001 0.112017 -0.013102 -0.098174 0.100204 -0.000000 -0.117430 -0.447093 0.085201 -0.293759 0.000000 -0.000000 0.000000 -0.093231 -0.024021 -0.086256 -0.076213 -0.034356 0.021679 0.154318 0.025880 0.045993 -0.002047 -0.096230 -0.244893 -0.000000 -0.057551 -0.049365 -0.000071 0.122513 -0.000000 0.037921 0.030877 0.089520 0.000000 -0.086434 -0.061445 0.000000 0.019452 -0.139595 -0.257682 0.055228 -0.000001 0.070841 0.000000 -0.041066 0.089698 -0.111689 -0.091475 0.126438 -0.097512 -0.077674 -0.086998 0.125652 0.011046 0.000000 -0.000000 0.067744 0.111268 -0.043290 -0.000000 -0.055504 0.154029 0.000000 -0.000285 -0.000173 0.049276 0.078775 0.191622 0.144037 0.038539 -0.098712 0.069327 0.099787 -0.000000 -0.000000 -0.000000 -0.056855 0.043262 0.052922 0.096044 -0.076248 -0.000000 -0.053858
  -0.075750 -0.090256 0.171241 -0.000000 0.000000 0.112887 0.094214 -0.049680 0.129323 -0.000000 -0.049494 -0.000000 -0.000034 -0.000000 -0.000000 -0.035698 -0.000001 0.105194 -0.013963 0.192858 0.102083 -0.000000 -0.106317 0.047002 0.136245 -0.001208 -0.000000 -0.000000 0.000000 0.008291 -0.031814 -0.047446 0.084601 0.087489 -0.014380 0.174709 0.007421 0.116355 0.020431 0.082518 0.147378 -0.000000 0.134325 -0.118187 -0.000066 0.114770 0.000000 -0.064155 0.164892 -0.058746 -0.000000 0.127765 0.027238 0.000000 0.024403 -0.089639 0.071282 0.006206 -0.000075 0.057290 -0.000000 0.100045 -0.032240 0.075545 0.073442 0.066264 -0.095299 0.115678 0.034918 0.073828 -0.025277 0.000000 0.000000 -0.109861 0.049255 0.102877 -0.000000 0.196675 0.090008 0.000000 -0.000208 -0.000350 0.124573 0.014833 0.121055 -0.038680 -0.065376 -0.129612 -0.069823 0.210735 -0.000000 -0.000000 -0.000000 0.020401 -0.038717 0.101868 0.028920 0.051016 -0.000000 0.112512
  -0.073509 0.031062 -0.026944 0.000000 -0.000000 -0.018284 0.076395 -0.182014 -0.052202 0.000000 -0.043794 -0.000000 -0.000004 0.000000 0.000000 -0.032872 -0.000001 0.141178 -0.021520 0.069861 -0.039861 -0.000000 -0.038395 0.080343 -0.061445 -0.386431 0.000000 -0.000000 0.000000 -0.078943 -0.154696 -0.126313 0.065247 0.073791 -0.086747 -0.075454 -0.097245 -0.052998 0.057385 -0.012041 0.115138 -0.000000 -0.173753 0.107137 0.000007 -0.183052 -0.000000 -0.126458 -0.025556 0.091017 -0.000000 0.006296 -0.002378 -0.000000 0.017482 0.109588 -0.207383 0.066117 -0.000023 0.233630 -0.000000 0.168149 0.105241 -0.085001 -0.002814 0.128672 0.079379 -0.134235 0.042197 0.019260 -0.096568 -0.000000 -0.000000 0.097473 -0.109416 0.103739 -0.000000 -0.098055 -0.066323 -0.000000 -0.000431 -0.000016 0.084691 -0.115098 0.005302 -0.056269 0.108374 0.112791 0.001323 -0.104786 -0.000000 0.000000 -0.000000 -0.049075 -0.194903 -0.066854 -0.132713 0.099063 -0.000000 0.013479
  -0.075260 -0.132658 0.140340 -0.000000 0.000000 0.052564 -0.097310 0.120511 -0.125189 0.000000 -0.069891 0.000000 -0.000014 -0.000000 0.000000 0.158089 -0.000001 0.115268 0.137164 -0.055978 -0.032419 -0.000000 -0.177721 -0.107308 0.062520 -0.164228 0.000000 -0.000000 -0.000000 0.038351 0.108536 0.097453 0.066637 -0.063820 0.054597 -0.150599 -0.006675 0.022571 -0.036032 -0.039120 0.080037 -0.000000 -0.021673 -0.107366 -0.000088 -0.008325 0.000000 -0.062026 0.083125 -0.067576 0.000000 0.006328 0.109847 -0.000000 0.057562 -0.142793 -0.038129 0.146144 -0.000009 0.065271 0.000000 0.125336 -0.115812 -0.015693 -0.180774 0.063758 -0.083199 -0.054210 0.061446 0.099908 0.033536 -0.000000 -0.000000 -0.020785 -0.031675 0.088427 0.000000 0.076409 -0.018011 0.000000 -0.000211 -0.000177 0.052965 -0.033248 -0.161256 0.127287 -0.044517 0.075045 -0.057485 0.078657 -0.000000 -0.000000 0.000000 -0.024146 0.016974 -0.059313 -0.077666 0.000383 -0.000000 0.142837
  -0.095821 -0.158265 -0.020052 -0.000000 0.000000 -0.068717 0.151499 -0.008746 0.036193 0.000000 0.126500 0.000000 -0.000027 -0.000000 -0.000000 0.170182 -0.000001 -0.012324 0.159586 0.018402 0.154100 -0.000000 0.018250 0.126932 -0.082460 -0.110596 -0.000000 -0.000000 0.000000 0.150853 0.077152 -0.014550 0.154992 0.000030 0.113465 0.040452 0.204529 0.114738 -0.225743 0.086842 -0.040807 -0.000000 0.119767 -0.024167 -0.000040 0.173664 0.000000 0.109291 0.167888 0.165496 -0.000000 -0.030129 0.016385 0.000000 0.053947 0.042349 0.015931 0.055949 -0.000056 0.058229 0.000000 0.014026 -0.041714 0.083071 0.071918 -0.055750 0.122699 0.106397 0.141554 0.008798 0.051803 0.000000 0.000000 0.093233 0.008269 0.020062 -0.000000 -0.033558 -0.093539 -0.000000 -0.000101 -0.000298 0.031110 0.003218 0.095530 -0.082777 0.148818 0.059048 -0.079119 0.134790 -0.000000 0.000000 -0.000000 0.094585 -0.115604 0.150034 -0.093221 0.037128 0.000000 0.038064
  -0.034903 0.069990 0.105335 -0.000000 0.000000 -0.073454 0.078184 0.017721 -0.151862 -0.000000 -0.086289 0.000000 -0.000010 0.000000 -0.000000 -0.091319 -0.000000 -0.046949 -0.138698 0.146946 0.053666 -0.000000 0.110289 -0.009011 0.219038 -0.010252 -0.000000 -0.000000 0.000000 -0.073017 -0.035405 -0.025898 0.021202 0.026399 -0.194767 -0.004547 0.051365 0.034522 0.093813 0.105445 0.107387 0.000000 -0.061348 0.002942 -0.000088 0.064108 -0.000000 -0.060449 -0.087793 0.047589 -0.000000 0.069046 -0.062436 -0.000000 -0.028116 0.091639 -0.068461 -0.081808 -0.000042 -0.206398 0.000000 0.104680 -0.067093 -0.061147 0.026715 -0.066462 -0.007626 -0.097418 0.044061 -0.101854 0.013710 0.000000 -0.000000 -0.070604 0.189293 0.044373 0.000000 -0.037728 -0.008395 -0.000000 -0.000445 -0.000003 0.125136 0.170393 -0.051835 0.010965 -0.048699 -0.110251 0.202080 -0.057491 -0.000000 -0.000000 0.000000 -0.070562 -0.228890 -0.005520 0.131093 -0.073170 -0.000000 -0.091941
  0.006508 0.066130 0.069632 -0.000000 -0.000000 -0.098133 -0.017482 -0.037125 0.107821 0.000000 0.172511 0.000000 -0.000013 0.000000 -0.000000 0.034621 -0.000001 0.009143 0.104485 -0.019135 -0.038150 -0.000000 -0.372353 0.023587 0.110084 0.043382 0.000000 -0.000000 -0.000000 0.107108 0.055046 0.022952 -0.102739 -0.083669 0.175970 0.089239 0.083378 -0.075420 -0.039164 0.180143 0.047952 -0.000000 0.057242 0.102536 -0.000112 0.153057 0.000000 0.126141 0.027187 -0.070297 -0.000000 -0.034451 0.160019 0.000000 0.091014 -0.044631 -0.000372 0.091358 -0.000018 -0.033221 0.000000 -0.107512 0.029033 0.041433 -0.048417 0.171179 -0.071450 -0.075881 -0.042752 0.077370 -0.005079 0.000000 -0.000000 -0.123674 0.025542 0.145209 0.000000 -0.082308 0.050224 0.000000 -0.000246 -0.000048 -0.013863 -0.048150 0.181676 0.150457 0.112788 -0.016163 0.137072 -0.026287 -0.000000 0.000000 0.000000 0.114136 -0.037395 0.086757 0.112082 -0.116035 -0.000000 -0.017684
  -0.176745 0.172096 0.028214 0.000000 0.000000 -0.087417 0.041832 0.083336 0.164462 -0.000000 0.086728 -0.000000 -0.000007 0.000000 -0.000000 -0.071317 0.000000 0.020592 -0.082378 -0.148087 -0.104692 -0.000000 -0.195069 -0.117681 -0.080895 -0.090266 0.000000 -0.000000 -0.000000 -0.028599 -0.110058 -0.084995 0.004324 -0.164903 0.139783 -0.139836 0.000415 0.110404 -0.093940 -0.106604 0.235815 -0.000000 -0.034998 0.047967 -0.000070 -0.014488 0.000000 0.031720 0.017371 -0.128425 -0.000000 0.137651 0.000498 -0.000000 -0.031505 0.070423 -0.138130 -0.078968 -0.000009 0.175645 -0.000000 0.091730 0.042195 -0.254440 0.280316 -0.086604 -0.038963 -0.047949 0.048353 -0.068221 -0.221934 -0.000000 -0.000000 0.017027 -0.023726 -0.125237 -0.000000 -0.162527 -0.008730 -0.000000 -0.000335 -0.000005 -0.038467 -0.002613 -0.016415 0.020019 0.060970 -0.157042 -0.328927 0.037511 -0.000000 -0.000000 -0.000000 -0.193878 0.010937 -0.137290 -0.037300 -0.014126 -0.000000 -0.229241
  0.165056 -0.147182 0.095284 0.000000 -0.000000 0.102282 0.067814 -0.016253 0.083126 0.000000 0.017932 0.000000 -0.000026 0.000000 -0.000000 0.085999 -0.000001 0.213406 -0.052474 0.061973 0.026259 -0.000000 -0.039026 0.091407 -0.026949 -0.040426 -0.000000 -0.000000 -0.000000 0.100174 -0.035234 0.037099 -0.030457 0.016580 0.195346 0.132252 -0.022311 0.092600 0.071611 -0.088477 0.020128 -0.000000 -0.071584 -0.031706 -0.000102 0.044018 -0.000000 0.029348 0.034432 0.146413 0.000000 0.204749 -0.014257 -0.000000 0.043576 -0.116965 -0.025466 0.208188 -0.000021 -0.039944 0.000000 -0.010734 -0.014393 0.121447 -0.104706 0.202873 -0.019760 0.062167 0.154767 -0.071281 0.057415 -0.000000 -0.000000 0.179114 0.024367 0.176910 0.000000 -0.002122 0.142962 -0.000000 -0.000172 -0.000365 -0.192829 -0.038397 0.039722 0.068284 0.010640 0.207718 0.001339 0.134078 -0.000000 0.000000 0.000000 0.126651 0.091473 0.054448 -0.069158 0.098681 -0.000000 0.163695
  -0.158020 0.319276 0.120895 -0.000000 -0.000000 0.022567 0.057398 -0.119298 -0.039676 0.000000 -0.015296 -0.000000 -0.000000 -0.000000 -0.000000 -0.088723 -0.000001 -0.133175 -0.170440 -0.084212 -0.169107 -0.000000 0.215615 0.239415 -0.114213 -0.000000 0.000000 -0.000000 0.000000 -0.020570 0.096880 -0.209753 -0.035186 -0.220361 -0.236451 -0.062563 -0.113570 -0.084482 0.104629 0.020735 0.091492 -0.000000 -0.154088 0.040051 -0.000002 -0.121681 -0.000000 -0.073615 -0.209191 -0.195442 -0.000000 -0.242043 -0.121864 -0.000000 -0.011893 -0.022207 -0.248627 -0.129068 -0.000000 0.312498 0.000000 -0.239971 0.037242 -0.124946 0.021075 -0.059215 -0.000389 -0.027157 0.017570 0.085146 -0.033785 -0.000000 -0.000000 -0.056770 -0.162108 -0.105666 -0.000000 0.018497 0.062064 -0.000000 -0.000090 -0.000004 0.025861 0.078714 -0.072835 0.070283 -0.247834 -0.027530 0.000000 0.084851 -0.000000 0.000000 0.000000 -0.186812 0.050775 -0.161117 -0.031094 -0.000613 0.000000 -0.038798
  0.036250 -0.056463 -0.049982 -0.000000 -0.000000 -0.059148 0.029028 0.106960 -0.073262 -0.000000 -0.053360 0.000000 -0.000003 0.000000 -0.000000 0.108064 -0.000001 0.102136 -0.098065 0.062079 0.120883 -0.000000 -0.160881 0.092089 0.024948 -0.132143 0.000000 -0.000000 -0.000000 -0.033144 0.028646 -0.074415 0.078383 0.152689 -0.055030 -0.041892 -0.073910 0.137361 -0.102652 0.043227 -0.110575 0.000000 0.125261 0.119350 -0.000093 -0.081421 -0.000000 -0.101394 -0.035786 -0.066399 -0.000000 -0.023714 0.149888 0.000000 0.131577 0.058029 -0.046971 0.095982 -0.000006 0.099919 -0.000000 0.154377 0.019898 -0.001064 0.141709 -0.094523 0.088004 0.092987 0.153275 0.136181 0.174098 -0.000000 0.000000 0.066554 0.057697 -0.052888 0.000000 0.161031 0.162867 -0.000000 0.000128 0.000008 0.160056 -0.055231 0.068789 -0.099347 -0.016937 0.018580 0.164353 0.050794 -0.000000 0.000000 -0.000000 0.146906 -0.013145 0.037774 -0.005888 0.074946 0.000000 0.105438
  -0.155723 0.028125 -0.245702 0.000000 -0.000000 -0.068043 0.028195 -0.230573 0.094756 -0.000000 -0.216419 0.000000 -0.000001 -0.000000 -0.000000 -0.056895 0.000000 -0.142020 -0.059512 -0.216697 -0.178258 -0.000000 0.128789 0.030047 -0.180560 -0.019851 -0.000000 -0.000000 -0.000000 -0.173145 -0.120644 -0.050208 -0.154530 -0.227031 -0.144718 -0.254421 -0.141843 0.031596 0.019896 -0.291860 0.020932 0.000000 -0.171396 -0.136272 0.000006 -0.201239 -0.000000 0.006183 -0.013573 -0.113648 0.000000 -0.089566 -0.241296 -0.000000 -0.241598 -0.065026 0.044132 0.010878 -0.000001 0.174542 -0.000000 -0.242189 0.190809 -0.080601 0.084110 -0.082253 0.168690 0.028436 -0.268983 0.022647 -0.059566 -0.000000 0.000000 -0.185532 -0.010885 -0.280071 0.000000 -0.262537 -0.096991 -0.000000 -0.000047 -0.000012 0.102173 0.024294 -0.228098 -0.025304 -0.191784 0.037560 -0.279737 -0.124573 -0.000000 -0.000000 0.000000 -0.033225 0.079335 -0.174364 -0.127091 -0.146724 0.000000 -0.188760
  -0.083128 0.004770 0.066939 -0.000000 0.000000 -0.106450 0.095817 -0.333318 0.059978 0.000000 -0.072989 0.000000 -0.000012 0.000000 0.000000 -0.100842 -0.000001 -0.081365 -0.146276 -0.067142 -0.139703 -0.000000 -0.075977 -0.081331 -0.156772 0.098194 -0.000000 -0.000000 -0.000000 0.083915 0.126665 -0.063734 0.013245 0.015018 0.033083 0.134177 0.083156 -0.086600 -0.032187 0.009444 0.111997 -0.000000 0.109844 0.131590 -0.000098 0.091292 0.000000 0.100654 0.094853 0.026680 -0.000000 0.081477 -0.077108 0.000000 0.135800 -0.052084 0.052084 -0.043673 -0.000020 0.001390 0.000000 0.085028 0.180791 -0.092668 0.102179 0.062928 -0.094612 -0.145615 -0.076859 0.149803 -0.015248 0.000000 -0.000000 0.006927 -0.098372 -0.048447 0.000000 -0.088579 0.098566 -0.000000 -0.000388 -0.000115 0.075292 -0.017049 -0.053192 0.113692 -0.056115 0.077811 0.179167 -0.055034 -0.000000 0.000000 0.000000 0.063040 0.042151 0.031049 -0.077303 0.088059 0.000000 -0.106252
  -0.013711 -0.008501 -0.012108 0.000000 -0.000000 -0.083956 -0.015139 0.047484 0.063111 -0.000000 -0.040785 0.000000 -0.000002 -0.000000 -0.000000 -0.101393 -0.000000 0.049169 0.151670 0.050116 0.122824 -0.000000 0.010947 0.153278 -0.057771 -0.062561 0.000000 -0.000000 -0.000000 0.035397 0.164112 0.051837 0.112907 0.042784 0.146601 0.089832 0.147625 0.018051 -0.138879 0.100496 0.101117 -0.000000 -0.071853 -0.103934 -0.000075 -0.024364 -0.000000 0.102271 -0.047047 0.051586 -0.000000 0.143949 0.152323 0.000000 0.032801 0.134068 -0.303663 -0.107587 -0.000005 0.026133 -0.000000 0.022237 -0.043705 0.030035 0.085908 0.039098 0.056661 -0.023265 0.146147 0.066916 -0.000665 -0.000000 0.000000 0.138175 0.023542 0.007172 0.000000 0.107582 0.036013 -0.000000 -0.000453 -0.000007 0.049617 -0.052754 0.065398 0.032134 0.033944 0.163672 0.098252 0.030129 -0.000000 0.000000 -0.000000 -0.041618 0.037179 -0.014585 0.169597 0.003186 0.000000 0.061218
  0.073214 0.124605 -0.066798 -0.000000 -0.000000 0.085019 0.008899 -0.034497 -0.063875 -0.000000 -0.000820 0.000000 -0.000021 -0.000000 -0.000000 -0.077654 -0.000000 0.075070 -0.079363 0.053288 -0.078595 -0.000000 -0.028016 -0.085438 0.058673 0.076729 0.000000 -0.000000 0.000000 0.157627 -0.108141 -0.003645 -0.042814 0.160107 -0.018007 0.133138 0.083535 -0.102760 -1.046112 -0.045175 -0.023820 -0.000000 -0.112598 0.119018 -0.000100 -0.031843 -0.000000 -0.103320 -0.009325 0.156962 -0.000000 -0.143180 0.101824 0.000000 -0.109581 0.083116 -0.001740 -0.017319 -0.000035 0.063065 -0.000000 0.085921 -0.137144 0.096759 0.012944 0.147540 0.105922 -0.059021 0.156017 0.140935 0.228846 -0.000000 0.000000 0.175436 -0.028353 0.177246 -0.000000 -0.078550 0.027350 0.000000 -0.000242 -0.000143 0.181929 -0.242716 -0.016886 -0.115788 -0.009932 0.165663 -0.025659 0.119076 -0.000000 0.000000 -0.000000 0.152066 -0.121241 0.215615 0.028099 0.154492 -0.000000 -0.079015
  0.096264 -0.017495 0.199148 0.000000 -0.000000 0.172856 0.059660 0.180598 -0.343664 -0.000000 0.141795 0.000000 -0.000001 -0.000000 -0.000000 0.114283 -0.000001 0.056949 -0.025312 -0.027089 0.022614 0.000000 -0.032528 0.053900 -0.079358 -0.000000 0.000000 -0.000000 0.000000 -0.072128 0.129091 0.004475 0.122013 -0.015626 -0.024764 -0.044773 0.157166 0.052422 -0.037647 0.160977 -0.236654 -0.000000 0.053757 -0.037560 -0.000011 0.157611 -0.000000 0.041667 0.038500 0.174559 -0.000000 0.066627 0.098431 -0.000000 0.182437 0.084510 -0.000000 0.051750 -0.000000 0.040840 -0.000000 -0.117263 0.162948 0.081584 -0.154161 0.144431 -0.618052 -0.005837 -0.053024 0.021743 0.162551 -0.000000 -0.000000 0.023997 0.037627 -0.087989 -0.000000 0.092401 0.083876 -0.000000 0.000115 0.000000 -0.158623 -0.103295 -0.039069 0.046294 0.019873 -0.028697 0.101933 -0.042867 -0.000000 0.000000 -0.000000 0.054080 0.007784 0.106356 -0.052698 0.130690 -0.000000 0.161080
  0.022084 0.019695 -0.038282 0.000000 -0.000000 -0.017132 0.055696 -0.117401 -0.118276 0.000000 0.188184 -0.000000 -0.000016 0.000000 -0.000000 0.140344 -0.000001 0.202956 -0.022425 0.075957 -0.057844 -0.000000 -0.155560 0.099603 0.173572 -0.071047 -0.000000 -0.000000 -0.000000 0.019430 -0.011889 0.141823 0.079608 -0.059452 -0.072344 -0.117414 -0.008936 0.186295 0.056639 0.125178 -0.135373 -0.000000 -0.080073 0.155934 -0.000088 -0.067798 -0.000000 0.074723 0.077430 0.194894 0.000000 0.068233 -0.088719 -0.000000 -0.064306 -0.244703 -0.004739 0.122017 -0.000009 0.068347 -0.000000 0.001532 -0.124373 0.018004 -0.191767 0.047430 -0.058469 0.217438 -0.062182 -0.089510 -0.036475 0.000000 -0.000000 0.178476 0.022343 0.086261 0.000000 -0.063191 -0.044872 -0.000000 -0.000165 -0.000306 -0.219986 0.118199 -0.150406 0.136792 0.101331 0.002250 -0.114902 -0.079465 -0.000000 0.000000 0.000000 0.211814 0.076323 -0.004437 -0.038940 0.188585 -0.000000 -0.073906
  0.091252 -0.061032 0.149872 0.000000 -0.000000 0.166021 -0.038868 0.016818 -0.124496 -0.000000 0.022191 -0.000000 -0.000000 -0.000000 0.000000 0.124878 -0.000001 -0.005813 0.036069 -0.064056 0.118483 -0.000000 0.000045 -0.180399 -0.054279 -0.011129 -0.000000 -0.000000 0.000000 0.009084 0.053070 0.155723 0.047367 -0.058175 0.018451 0.210818 0.070235 0.102103 -0.046413 0.137196 0.211388 -0.000000 0.040272 0.096718 -0.000049 0.059500 -0.000000 0.125597 0.087495 -0.078513 -0.000000 -0.029429 -0.010972 -0.000000 0.004138 0.042726 -0.052348 0.075728 -0.000003 -0.234285 -0.000000 0.160824 -0.187450 0.164863 0.010678 0.033236 0.117638 -0.071683 -0.020555 0.048067 0.026883 0.000000 -0.000000 0.061977 0.055670 0.081303 -0.000000 -0.005779 0.127486 -0.000000 -0.000231 -0.000196 -0.005303 -0.032139 0.043169 0.048400 0.159000 0.011587 0.131703 0.016259 -0.000000 -0.000000 0.000000 0.008787 0.148026 0.173677 -0.013467 -0.069980 0.000000 -0.025465
  0.117640 -0.007777 -0.000498 0.000000 -0.000000 0.029461 -0.000956 -0.042313 -0.026770 0.000000 -0.004088 -0.000000 -0.000021 -0.000000 -0.000000 0.181616 -0.000001 0.061187 0.052561 -0.122542 0.076239 -0.000000 -0.013807 -0.098923 -0.057731 -0.047115 0.000000 -0.000000 -0.000000 -0.071720 -0.114896 0.103539 0.053856 0.038943 -0.026242 0.026114 -0.083302 -0.042766 0.050919 -0.038263 -0.169264 -0.000000 0.056752 0.117268 -0.000097 -0.104244 -0.000000 0.184359 0.063643 0.097110 -0.000000 0.035694 -0.106941 0.000000 0.128782 0.055977 -0.094503 0.021298 -0.000015 0.024582 -0.000000 0.024826 -0.131765 0.026945 -0.064140 0.053008 -0.046103 -0.044694 0.041770 0.095109 0.110436 -0.000000 0.000000 0.171117 -0.077123 -0.078574 0.000000 0.104369 0.152555 0.000000 -0.000350 -0.000368 -0.159269 0.001438 -0.057370 0.062976 -0.002704 0.102104 -0.076674 0.023975 -0.000000 -0.000000 0.000000 0.114526 0.149033 0.005726 0.018055 0.010808 -0.000000 0.125687
  0.120854 0.020621 -0.010572 0.000000 -0.000000 0.168162 -0.006683 0.047673 -0.015583 0.000000 -0.102549 -0.000000 -0.000000 -0.000000 -0.000000 0.063243 -0.000001 0.167339 0.222710 0.117122 0.191641 -0.000000 -0.228386 0.028215 0.062093 -0.160218 0.000000 -0.000000 -0.000000 0.088731 0.132346 0.182937 0.160378 0.043239 0.239935 0.140304 0.086418 0.049945 -0.279481 0.023682 -0.058420 -0.000000 0.111406 -0.096154 -0.000000 0.099425 0.000000 0.074348 0.026969 0.099043 0.000000 0.288637 0.056818 -0.000000 0.208685 -0.115313 -0.010369 0.016094 -0.000000 -0.007845 -0.000000 0.203121 0.223218 -0.030857 0.226333 -0.086253 -0.025658 -0.059934 0.163448 0.088453 0.151427 0.000000 0.000000 0.203257 0.161251 0.182789 0.000000 -0.016951 0.063620 -0.000000 0.000010 -0.000172 0.107317 -0.338070 0.035156 0.026581 0.272556 0.013418 -0.007031 0.155814 -0.000000 -0.000000 -0.000000 0.011312 0.106137 -0.022945 -0.002705 -0.030148 -0.000000 0.109417
  -0.125188 -0.378990 -0.016853 -0.000000 -0.000000 0.021126 0.061068 -0.034133 0.058502 0.000000 -0.094796 0.000000 -0.000001 0.000000 -0.000000 -0.140170 -0.000001 0.012276 0.211100 -0.088681 -0.130123 0.000000 -0.073617 -0.050783 -0.174282 0.018068 -0.000000 -0.000000 -0.000000 0.032599 0.007109 0.064249 0.060316 -0.106294 -0.039690 -0.020022 0.038830 0.196294 0.359166 0.050763 -0.418530 0.000000 0.148508 -0.025101 -0.000051 -0.112157 0.000000 -0.058634 -0.033834 -0.057514 -0.000000 0.089257 0.038884 -0.000000 0.083450 -0.111656 -0.023664 -0.133828 -0.000001 0.178878 -0.000000 0.034366 -0.088648 0.063730 -0.489870 -0.001169 0.216570 -0.043167 -0.054869 -0.003802 -0.028358 -0.000000 -0.000000 0.051171 -0.119768 0.009691 0.000000 -0.047510 -0.009466 0.000000 -0.000165 -0.000004 -0.394541 0.202994 0.091469 0.010949 0.042639 -0.130396 -0.193928 0.087331 -0.000000 -0.000000 -0.000000 0.049575 0.070146 -0.111281 -0.089393 -0.126919 0.000000 0.061174
  -0.232852 0.111718 -0.144282 0.000000 -0.000000 -0.221482 -0.339084 -0.050535 0.385667 -0.000000 -0.136319 0.000000 -0.000000 -0.000000 -0.000000 -0.038548 0.000000 -0.230842 -0.140797 -0.119530 -0.266770 -0.000000 -0.001346 0.325279 -0.014920 -0.145945 0.000000 -0.000000 0.000000 -0.047566 -0.205410 -0.314608 -0.106575 -0.262699 -0.029108 -0.193427 -0.005121 -0.104891 -0.000000 -0.270281 0.107412 0.000000 -0.221325 -0.175103 -0.000000 -0.217031 0.000000 -0.068717 -0.099921 -0.155192 -0.000000 -0.063683 -0.243098 -0.000000 -0.314710 0.008025 -0.354224 -0.297232 0.000001 0.040367 0.000000 -0.185324 0.205295 -0.215536 0.245197 -0.176810 0.121690 -0.140847 -0.326493 -0.169771 -0.166821 0.000000 -0.000000 -0.258406 -0.262584 -0.155067 0.000000 -0.322135 -0.252462 -0.000000 -0.000243 -0.000005 0.249643 -0.509206 -0.091374 -0.369109 -0.176119 -0.264528 -0.479085 -0.294856 0.000000 -0.000000 0.000000 -0.017407 -0.188156 -0.043598 -0.172731 -0.126836 0.000000 -0.329632
  -0.096486 0.067582 -0.061265 -0.000000 -0.000000 0.064224 0.126144 0.088132 0.080111 0.000000 -0.083884 -0.000000 -0.000001 0.000000 0.000000 -0.130733 0.000000 -0.009125 -0.256109 -0.027093 0.078404 -0.000000 -0.018001 -0.237291 0.014391 0.013885 -0.000000 -0.000000 0.000000 0.082125 -0.170448 -0.092832 0.111254 0.058859 -0.130686 -0.053479 0.047116 -0.108101 -0.018585 0.042156 -0.058127 -0.000000 0.040375 -0.064247 -0.000002 0.115151 0.000000 -0.210587 0.069779 -0.186933 -0.000000 -0.104622 -0.108869 -0.000000 -0.240631 -0.006920 -0.148266 -0.140183 -0.000000 0.032405 -0.000000 -0.190890 -0.063545 -0.213433 0.134170 -0.179133 0.087978 -0.209999 0.217585 0.006723 -0.400228 0.000000 0.000000 -0.199087 0.007989 -0.158603 0.000000 -0.047505 -0.115443 -0.000000 -0.000153 0.000002 0.003248 -0.129856 -0.020880 0.114179 -0.246850 0.104153 -0.226619 -0.005968 -0.000000 -0.000000 -0.000000 -0.064350 -0.324588 -0.174086 0.146852 0.036720 -0.000000 -0.235370
  -0.202973 -0.052468 0.009352 -0.000000 -0.000000 0.107818 0.098101 0.219778 -0.061817 -0.000000 0.109028 -0.000000 -0.000008 0.000000 -0.000000 -0.015655 -0.000001 0.153485 -0.107737 0.104016 0.028952 -0.000000 -0.009918 -0.003090 -0.019552 0.111944 -0.000000 -0.000000 0.000000 0.017324 0.107418 -0.119163 0.033926 0.162579 -0.035153 -0.032669 0.062147 -0.058142 -0.069436 0.097676 0.093768 -0.000000 -0.080177 -0.168198 -0.000019 -0.036206 -0.000000 -0.081218 -0.111751 -0.168380 -0.000000 0.030996 0.113805 0.000000 -0.046114 -0.052147 0.019874 -0.115498 -0.000057 -0.147689 -0.000000 0.034869 0.055746 -0.140007 -0.061471 -0.002749 -0.119080 -0.151687 -0.086054 0.211332 -0.127278 -0.000000 0.000000 -0.159338 0.144347 -0.163099 -0.000000 -0.103274 0.158562 -0.000000 -0.000432 -0.000003 -0.056039 0.092301 0.184091 0.143049 -0.221559 -0.001073 0.039904 0.031656 0.000000 0.000000 0.000000 -0.049606 -0.046103 0.045448 0.123039 -0.173048 -0.000000 0.006967
  -0.227930 -0.150748 -0.213282 0.000000 -0.000000 -0.254046 -0.196365 0.158845 0.248685 -0.000000 -0.158532 0.000000 -0.000000 -0.000000 -0.000000 -0.231371 -0.000001 -0.008456 -0.190321 -0.122945 -0.001547 -0.000000 -0.272825 0.164796 -0.099338 -0.308712 -0.000000 -0.000000 0.000000 -0.086873 -0.139470 -0.243418 -0.148949 -0.260890 -0.093948 -0.151860 -0.135565 -0.093059 -0.521618 -0.183876 0.130172 0.000000 -0.065127 -0.253778 -0.000001 -0.045380 -0.000000 -0.223728 -0.069517 -0.284627 0.000000 -0.174181 -0.124096 -0.000000 -0.070135 -0.011122 0.058416 -0.081797 -0.000019 0.208226 0.000000 -0.186975 0.260528 -0.119105 0.079938 -0.251805 0.164093 -0.211554 -0.086130 -0.287950 -0.229901 -0.000000 -0.000000 -0.174104 -0.073624 -0.206424 0.000000 -0.032636 -0.075133 -0.000000 -0.000164 -0.000014 0.215680 -0.213470 -0.049195 -0.177349 -0.203078 -0.123990 -0.000000 -0.227682 0.000000 -0.000000 -0.000000 -0.281782 -0.172315 -0.151518 -0.061215 -0.024406 -0.000000 -0.140482
  -0.191838 -0.013404 0.122222 0.000000 -0.000000 -0.098862 -0.059368 -0.179885 -0.016440 -0.000000 -0.056360 0.000000 -0.000004 -0.000000 -0.000000 0.040985 -0.000000 -0.185402 -0.049095 0.103369 -0.050772 -0.000000 0.094868 0.116503 -0.008057 0.061100 -0.000000 -0.000000 -0.000000 -0.162508 0.033399 -0.117433 -0.043709 -0.037688 0.030373 0.107060 -0.042691 0.005232 -0.313341 0.053370 0.080230 -0.000000 0.073326 -0.092218 -0.000026 -0.013309 0.000000 -0.203966 -0.105390 -0.042612 0.000000 0.000316 0.151415 -0.000000 -0.004638 -0.085783 0.143171 -0.150056 -0.000018 0.097550 0.000000 0.003378 0.105672 0.075839 -0.051639 0.061270 -0.147603 -0.054460 -0.171966 -0.038222 -0.081986 -0.000000 0.000000 -0.183324 0.031057 -0.167975 0.000000 0.059653 0.051441 0.000000 -0.000076 -0.000130 0.035934 0.449343 0.053775 -0.149499 0.037971 -0.016862 -0.531498 -0.086586 -0.000000 0.000000 0.000000 -0.139072 -0.097221 -0.016956 0.134330 -0.184082 -0.000000 0.110943
  -0.147396 -0.025297 0.075639 0.000000 -0.000000 -0.125069 -0.142896 -0.112360 0.126331 -0.000000 0.044642 0.000000 -0.000004 -0.000000 0.000000 0.100547 0.000000 -0.127025 0.007688 -0.023202 0.112728 -0.000000 0.033946 0.165132 -0.022113 0.099592 -0.000000 -0.000000 -0.000000 0.126409 -0.164773 -0.004401 0.044399 -0.078773 -0.009977 0.065505 0.019485 -0.000783 0.040630 -0.136719 0.149164 -0.000000 0.038747 -0.089835 -0.000034 0.013998 0.000000 -0.073652 -0.023844 0.025731 0.000000 -0.188937 0.060261 0.000000 -0.096388 0.112214 0.094304 -0.022125 -0.000002 0.071838 0.000000 -0.097502 0.065557 0.065119 0.087143 -0.150325 0.158712 -0.012183 -0.066180 -0.059822 0.024541 0.000000 -0.000000 0.084620 -0.164198 -0.012099 0.000000 0.026440 -0.100005 -0.000000 -0.000044 -0.000004 0.128920 0.033738 -0.075752 0.095348 -0.040221 -0.043487 0.033210 -0.039937 -0.000000 -0.000000 -0.000000 -0.091489 0.119281 0.038430 -0.124650 0.067124 0.000000 0.098571
  0.038206 -0.092842 0.021543 -0.000000 0.000000 -0.010258 0.001071 -0.012136 -0.000885 0.000000 0.057236 -0.000000 -0.000001 -0.000000 -0.000000 0.128808 -0.000002 0.134432 0.142835 0.146438 0.202424 -0.000000 -0.091597 -0.025398 0.164561 -0.330104 0.000000 -0.000000 0.000000 0.065416 -0.103324 0.059413 -0.049532 0.082483 -0.005970 -0.034484 0.049397 0.140925 0.058675 0.034633 0.133006 0.000000 -0.068203 0.070753 -0.000023 -0.088401 0.000000 0.183851 -0.058014 0.162712 0.000000 0.141898 -0.013751 0.000000 -0.018463 0.000398 -0.219562 -0.059306 -0.000003 0.000633 -0.000000 -0.065845 0.088497 -0.066013 0.100635 -0.048993 -0.076070 0.052300 0.073820 -0.043020 -0.048613 0.000000 0.000000 -0.056640 0.000510 0.193730 -0.000000 -0.077801 0.128595 0.000000 0.000142 -0.000295 -0.283744 0.023623 -0.110660 0.066263 -0.010810 0.009355 0.128383 0.122288 -0.000000 -0.000000 -0.000000 0.048669 -0.119148 0.135434 -0.053843 0.079843 -0.000000 0.105896
  -0.065469 -0.015812 -0.003711 0.000000 -0.000000 0.026349 0.020162 0.076921 0.021912 -0.000000 0.049148 -0.000000 0.000000 -0.000000 -0.000000 0.030855 -0.000001 0.000588 0.024626 0.074583 -0.046831 -0.000000 0.000660 0.000119 -0.071114 -0.000095 -0.000000 -0.000000 -0.000000 -0.006279 -0.012494 0.019035 0.027626 -0.005881 0.000302 0.011593 -0.031817 -0.005832 -0.174332 0.002390 0.019920 -0.000000 0.022440 -0.005160 -0.000001 -0.012853 -0.000000 -0.017853 0.011895 0.036243 -0.000000 -0.027589 -0.000385 -0.000000 -0.029336 0.002674 0.003360 0.028033 -0.000000 0.017240 0.000000 0.012461 -0.002353 0.027426 -0.023164 -0.021202 -0.003549 -0.003738 -0.053782 0.037780 0.032106 0.000000 -0.000000 0.003649 -0.022346 -0.077432 0.000000 -0.006371 0.002421 -0.000000 -0.000005 0.000001 0.070118 -0.128545 0.077547 -0.022415 -0.005536 0.041206 -0.028268 0.002537 -0.000000 -0.000000 0.000000 -0.003980 -0.001420 -0.040071 -0.028965 0.022202 0.000000 -0.030575
  -0.157010 0.055182 0.083322 -0.000000 -0.000000 -0.117579 0.032857 -0.012193 -0.078600 0.000000 -0.021109 -0.000000 -0.000008 0.000000 -0.000000 -0.051416 -0.000000 -0.115005 -0.057937 0.101442 -0.113110 -0.000000 -0.024163 -0.035186 -0.049094 -0.156465 -0.000000 -0.000000 0.000000 0.009419 -0.031662 -0.046558 -0.117923 -0.111336 -0.077281 0.167400 -0.033560 -0.039775 0.058043 -0.088384 0.057742 -0.000000 -0.079650 0.042120 -0.000100 0.088581 0.000000 -0.102909 0.030311 -0.127451 -0.000000 0.024411 -0.068116 0.000000 0.121541 0.129427 0.008234 -0.062909 -0.000012 0.013236 -0.000000 0.000517 0.172889 -0.050289 0.011242 -0.048501 0.119456 0.018713 -0.008276 -0.036004 0.110848 -0.000000 0.000000 0.003257 0.026458 -0.016613 0.000000 -0.120271 0.084953 -0.000000 -0.000340 0.000026 0.032467 -0.170113 0.021473 0.049468 -0.000715 0.117320 -0.216697 0.132118 -0.000000 -0.000000 -0.000000 -0.030914 0.162800 -0.130561 -0.087999 0.049052 -0.000000 0.038519
  0.007103 0.142468 -0.051376 -0.000000 -0.000000 0.110662 -0.039452 -0.466802 0.124833 0.000000 0.100624 0.000000 -0.000010 -0.000000 0.000000 0.059945 -0.000000 -0.095047 0.113949 -0.088862 -0.058423 -0.000000 -0.026135 0.001907 -0.043093 -0.041596 0.000000 -0.000000 0.000000 -0.091540 -0.086808 -0.116478 -0.102756 -0.007629 0.064542 0.121323 0.122657 -0.080653 -0.133304 -0.016502 0.050832 -0.000000 0.042299 0.129373 -0.000096 -0.099155 0.000000 -0.088720 0.006469 0.059761 0.000000 -0.018188 0.073931 -0.000000 0.056448 0.072932 -0.393528 -0.016012 -0.000010 0.195718 0.000000 0.042530 -0.090134 0.058192 0.031839 0.120164 0.122516 -0.124360 0.081157 -0.109163 -0.027557 -0.000000 -0.000000 0.066526 -0.099399 -0.080176 0.000000 0.079814 0.118682 0.000000 -0.000324 -0.000013 -0.122970 -0.127224 0.079999 0.046559 -0.013989 0.061471 -0.150730 -0.085832 -0.000000 0.000000 0.000000 0.123870 -0.057583 0.156692 -0.066319 -0.127072 0.000000 -0.061554
  -0.018733 0.045044 0.053493 0.000000 -0.000000 0.113111 -0.142983 0.087036 -0.074791 -0.000000 -0.081768 -0.000000 -0.000004 -0.000000 -0.000000 -0.098368 0.000000 0.009747 0.085480 -0.000113 0.046895 -0.000000 -0.104956 0.055627 0.027564 -0.036951 0.000000 -0.000000 0.000000 0.040770 -0.086395 -0.054990 -0.103699 0.025408 0.151772 -0.136951 -0.072040 0.067986 0.071716 -0.178089 0.096364 -0.000000 -0.024564 -0.151602 -0.000057 0.055547 -0.000000 -0.192109 -0.038577 -0.030830 -0.000000 -0.116643 -0.117013 0.000000 -0.003374 0.148661 -0.214783 -0.050436 -0.000004 0.022892 -0.000000 0.022035 0.052231 -0.104801 -0.027676 -0.094678 -0.001200 -0.025690 0.080303 -0.034453 0.065984 -0.000000 0.000000 0.068601 0.027637 -0.013326 0.000000 0.092608 -0.216307 -0.000000 -0.000425 -0.000006 0.117538 0.013747 -0.122134 0.042815 0.022418 -0.090184 -0.101012 0.113398 -0.000000 0.000000 -0.000000 0.018921 -0.012774 0.047178 -0.024315 0.070556 -0.000000 -0.128892
  0.177733 0.027830 0.103822 -0.000000 -0.000000 -0.098983 0.055226 0.345352 -0.004133 0.000000 -0.077695 -0.000000 0.000000 -0.000000 -0.000000 0.155728 -0.000002 0.152038 0.082190 0.207251 0.047326 -0.000000 -0.094065 -0.011672 0.146940 -0.028290 -0.000000 -0.000000 0.000000 0.041448 0.070551 -0.069639 -0.111633 0.142646 -0.074874 0.209084 0.186878 -0.030165 -0.060431 -0.064018 -0.058817 -0.000000 0.128436 -0.006530 -0.000061 0.095436 -0.000000 0.097070 -0.043748 0.089217 -0.000000 0.116080 -0.039332 -0.000000 -0.007511 -0.030377 -0.075894 0.146189 -0.000000 -0.050278 0.000000 -0.070877 0.133770 0.117861 0.170003 0.086322 -0.058731 0.000413 -0.063041 0.088511 0.059020 0.000000 -0.000000 -0.012513 0.021431 -0.096372 -0.000000 0.145899 0.168532 -0.000000 0.000169 -0.000051 0.054894 -0.012279 0.279824 0.046173 0.052050 0.160426 -0.055653 0.092072 -0.000000 -0.000000 -0.000000 0.076480 0.131759 -0.084578 0.187101 -0.059650 -0.000000 -0.011060
  -0.130337 -0.068786 0.185521 -0.000000 -0.000000 -0.115491 0.051271 0.130966 -0.088012 -0.000000 -0.100213 -0.000000 -0.000013 -0.000000 -0.000000 0.010534 -0.000001 0.117187 0.148560 0.026721 -0.045992 -0.000000 -0.068203 0.046041 -0.005368 -0.004782 0.000000 -0.000000 0.000000 -0.114432 -0.010701 -0.031574 -0.091367 0.074001 -0.040710 0.031888 0.056489 0.105370 -0.052935 0.061105 0.074587 -0.000000 -0.144580 -0.034684 -0.000044 0.005791 0.000000 -0.003703 -0.070097 -0.102432 -0.000000 0.104079 0.059222 -0.000000 -0.005820 0.007003 0.037017 -0.090689 -0.000035 -0.104123 -0.000000 -0.028872 -0.142205 0.009918 0.001293 0.123868 -0.096115 -0.035562 -0.063681 -0.138136 0.115190 -0.000000 0.000000 0.113635 0.031167 0.006654 0.000000 -0.043548 0.049362 -0.000000 -0.000278 -0.000069 0.092666 0.087938 -0.071731 0.068626 -0.049016 -0.029291 -0.294106 -0.031801 -0.000000 -0.000000 0.000000 -0.013775 -0.046881 0.084492 0.032604 0.012287 -0.000000 0.079478
  0.089165 -0.086080 -0.047628 0.000000 -0.000000 0.216385 -0.042668 0.098447 -0.068252 -0.000000 0.161540 -0.000000 -0.000026 -0.000000 -0.000000 0.013271 -0.000001 -0.039346 -0.090958 0.006938 0.113307 -0.000000 -0.091323 -0.209788 0.210259 -0.229768 0.000000 -0.000000 0.000000 -0.011872 0.121611 0.147090 0.097843 0.017742 -0.007939 -0.132995 0.027122 0.085000 0.040618 0.036079 -0.137279 -0.000000 0.149591 -0.042036 -0.000105 -0.070315 0.000000 0.143656 0.163619 0.010494 0.000000 -0.079667 0.070499 -0.000000 0.142062 -0.068384 0.064406 0.155266 -0.000013 -0.137939 0.000000 -0.002724 -0.122791 0.052285 -0.054614 -0.077165 -0.094959 -0.051760 0.046971 0.126611 0.228505 0.000000 -0.000000 0.200462 0.029018 -0.013445 0.000000 0.108008 0.112660 0.000000 -0.000400 -0.000365 -0.038866 -0.012279 -0.044591 0.133098 0.069907 0.048313 0.091733 0.122759 -0.000000 -0.000000 -0.000000 0.032630 -0.077975 0.030626 -0.043532 0.076079 0.000000 -0.056367
  0.101173 0.124510 -0.106513 0.000000 0.000000 -0.047230 0.091177 -0.140200 0.126759 -0.000000 0.111200 -0.000000 -0.000001 -0.000000 0.000000 0.060195 -0.000000 0.055542 0.003666 0.121693 0.022510 -0.000000 0.008405 0.007771 -0.100202 -0.144907 0.000000 -0.000000 -0.000000 0.061028 -0.042680 0.077293 -0.050607 -0.092832 0.111168 -0.103165 -0.061423 0.118336 -0.505297 0.145070 0.089475 -0.000000 -0.124745 0.069527 -0.000053 -0.111035 0.000000 -0.149495 0.086179 -0.057443 -0.000000 -0.083347 0.139560 0.000000 0.090434 0.039510 -0.247222 -0.055633 -0.000004 0.068776 0.000000 -0.066247 0.175010 -0.080106 0.204969 -0.110825 0.065886 -0.019677 0.011232 0.040576 -0.032968 -0.000000 0.000000 0.025332 0.098080 -0.030140 0.000000 0.036819 -0.026571 -0.000000 -0.000201 -0.000050 -0.110173 -0.262173 0.069182 0.060279 0.125881 0.096603 -0.201864 0.111786 -0.000000 -0.000000 0.000000 0.133040 0.026140 0.102832 -0.111934 -0.101929 -0.000000 0.042329
  0.040088 0.149870 -0.082516 -0.000000 0.000000 -0.024706 -0.126418 0.041563 0.174367 0.000000 -0.043520 -0.000000 -0.000001 0.000000 -0.000000 -0.138655 -0.000000 -0.113426 -0.241021 -0.041254 -0.099733 -0.000000 -0.201740 0.155502 -0.107083 -0.135525 -0.000000 -0.000000 0.000000 -0.118596 -0.016601 -0.013583 0.090992 -0.076802 -0.035433 -0.201315 -0.121329 0.028780 0.110140 -0.130198 -0.079857 0.000000 -0.010972 -0.079742 -0.000033 -0.192758 -0.000000 0.076175 -0.118465 -0.132268 -0.000000 -0.047206 -0.202199 0.000000 0.035390 -0.064852 0.022735 -0.080432 -0.000001 0.203490 0.000000 -0.227738 0.032605 -0.044127 0.009249 -0.110408 -0.041445 0.010041 -0.084762 -0.060433 0.036102 0.000000 -0.000000 -0.119291 -0.014655 -0.131400 -0.000000 -0.008318 -0.183285 -0.000000 -0.000012 -0.000006 -0.127921 0.192750 -0.127875 -0.145910 -0.220156 0.081414 -0.069746 -0.117488 -0.000000 -0.000000 -0.000000 -0.132688 0.037329 -0.088488 0.011242 -0.134997 0.000000 -0.191482
  -0.116058 0.028810 0.181978 -0.000000 0.000000 -0.090427 -0.118159 -0.232360 0.006169 -0.000000 -0.066867 0.000000 -0.000020 0.000000 -0.000000 0.019194 -0.000000 -0.087681 -0.067811 0.102674 0.074396 -0.000000 -0.084391 0.139029 -0.024287 0.008930 -0.000000 -0.000000 0.000000 -0.016889 -0.057687 -0.043349 0.049434 0.016630 -0.094373 0.046088 0.114027 0.072357 -0.354162 -0.088695 0.031484 -0.000000 -0.107416 -0.005522 -0.000090 0.069834 -0.000000 0.001604 0.061137 0.080046 0.000000 0.113264 -0.116385 0.000000 -0.006904 0.137599 -0.032131 0.119867 -0.000036 0.154997 -0.000000 -0.108168 0.109308 -0.126949 0.125619 -0.070980 0.100898 -0.026145 -0.013938 0.142377 -0.019730 -0.000000 -0.000000 0.015691 0.048008 0.045847 0.000000 0.030574 0.019920 -0.000000 -0.000214 -0.000095 0.061831 0.210820 0.061131 0.129688 -0.022775 -0.132200 -0.198256 0.040848 -0.000000 0.000000 -0.000000 0.035934 0.058352 0.125023 0.066246 0.043755 -0.000000 0.119323
  0.086558 -0.012871 0.076756 -0.000000 -0.000000 -0.086203 -0.086674 0.042276 -0.028064 -0.000000 0.012537 -0.000000 -0.000000 0.000000 -0.000000 -0.067044 -0.000001 0.069152 0.100152 0.017757 -0.105436 -0.000000 -0.305120 0.094208 -0.141687 -0.167095 -0.000000 -0.000000 0.000000 -0.013689 0.083435 0.035287 0.082927 0.014163 0.113335 0.059243 0.145062 0.027468 -0.057978 0.104227 0.091314 0.000000 -0.079345 -0.001259 -0.000066 0.093744 0.000000 -0.133972 -0.000701 0.049438 0.000000 -0.113727 0.119828 -0.000000 -0.064747 -0.077258 -0.046381 0.013561 -0.000001 -0.056034 0.000000 -0.086426 0.021828 0.014637 0.031419 0.087875 0.009579 0.087775 0.058630 -0.125151 -0.104703 -0.000000 -0.000000 0.057398 0.037546 -0.010005 -0.000000 -0.062962 0.041083 -0.000000 0.000109 -0.000019 0.081378 0.035627 0.009809 0.005962 0.121789 -0.042821 0.048808 -0.105409 -0.000000 -0.000000 0.000000 0.039114 0.120198 0.049489 0.045380 -0.023072 0.000000 0.149516
  -0.000000 0.000000 0.000000 0.000000 -0.000000 -0.000000 -0.000000 -0.000000 0.000000 -0.000000 -0.000000 0.000000 -0.000000 -0.000000 -0.000000 -0.000000 0.000000 0.000000 0.000000 -0.000000 0.000000 -0.000000 -0.000000 -0.000000 -0.000000 -0.000000 -0.000000 0.000000 -0.000000 -0.000000 -0.000000 0.000000 -0.000000 0.000000 0.000000 -0.000000 -0.000000 -0.000000 0.000000 -0.000000 -0.000000 -0.000000 0.000000 -0.000000 -0.000000 0.000000 0.000000 0.000000 -0.000000 0.000000 0.000000 -0.000000 0.000000 -0.000000 0.000000 -0.000000 0.000000 -0.000000 0.000000 -0.000000 0.000000 0.000000 -0.000000 0.000000 0.000000 -0.000000 -0.000000 0.000000 -0.000000 -0.000000 -0.000000 -0.000000 -0.000000 -0.000000 0.000000 0.000000 -0.000000 0.000000 0.000000 0.000000 -0.000000 -0.000000 0.000000 0.000000 0.000000 0.000000 -0.000000 0.000000 -0.000000 -0.000000 0.000000 -0.000000 -0.000000 0.000000 -0.000000 0.000000 0.000000 0.000000 -0.000000 -0.000000
  -0.023603 -0.017559 -0.073254 0.000000 -0.000000 0.065256 -0.143568 -0.039516 0.242198 -0.000000 -0.068996 0.000000 -0.000001 0.000000 -0.000000 -0.046691 -0.000001 0.117632 -0.008628 0.089046 -0.014858 -0.000000 -0.169203 0.100405 0.012298 -0.000002 -0.000000 -0.000000 0.000000 0.043409 0.084723 -0.137515 0.016879 0.088725 -0.002754 -0.037325 -0.121120 0.091477 0.005938 0.106382 0.001982 0.000000 0.077937 0.041132 -0.000002 0.015574 0.000000 -0.036426 -0.038390 -0.116678 0.000000 -0.128642 0.032244 -0.000000 -0.029243 0.053004 -0.000000 0.023596 -0.000000 0.224417 -0.000000 0.092912 0.196404 0.120988 0.032647 0.021086 0.190611 0.114200 -0.007726 -0.057068 -0.017622 -0.000000 -0.000000 -0.062412 0.093004 -0.110280 0.000000 -0.100636 -0.038665 -0.000000 0.000088 -0.000091 0.006997 -0.035678 0.005836 -0.010490 0.087612 0.072018 -0.003829 0.039772 -0.000000 -0.000000 -0.000000 0.113864 0.043151 0.030193 0.006345 -0.037312 -0.000000 0.045133
  -0.002004 0.134279 0.128702 -0.000000 -0.000000 -0.011667 0.054911 -0.271472 0.104359 0.000000 -0.010510 0.000000 -0.000000 -0.000000 -0.000000 0.138859 -0.000000 -0.110113 -0.128934 -0.074543 0.145626 -0.000000 -0.000447 0.063259 -0.106309 -0.138549 -0.000000 -0.000000 -0.000000 0.062048 0.063276 -0.057669 -0.127820 -0.017005 -0.041121 0.178587 0.105559 -0.007025 -0.483104 0.042569 0.182358 -0.000000 -0.055356 -0.067987 -0.000019 -0.000963 -0.000000 -0.103041 0.021279 -0.050745 -0.000000 -0.031184 -0.057931 0.000000 -0.024200 0.078009 -0.054731 -0.083689 -0.000001 0.185485 -0.000000 -0.036408 -0.110344 0.003328 -0.067646 0.035652 0.098415 -0.061210 -0.059627 0.122736 0.162358 -0.000000 -0.000000 -0.057193 -0.105925 -0.018653 -0.000000 0.076102 0.018463 -0.000000 -0.000208 -0.000013 -0.130984 -0.331169 0.051935 0.029912 -0.058886 -0.100388 -0.206115 -0.072140 -0.000000 0.000000 -0.000000 -0.087273 0.044025 0.079566 0.138593 0.067299 -0.000000 0.030546
  0.076024 0.043430 -0.018471 -0.000000 -0.000000 -0.021394 0.083936 -0.149041 -0.092292 0.000000 0.108725 -0.000000 -0.000013 -0.000000 0.000000 -0.004903 -0.000000 0.065845 0.058386 0.021793 -0.041375 -0.000000 -0.180691 -0.079746 0.100535 0.026222 -0.000000 -0.000000 -0.000000 -0.053377 -0.145856 0.064718 -0.062134 -0.088011 -0.023471 0.208815 -0.053367 -0.114892 -0.103395 0.011281 0.041258 -0.000000 -0.004115 -0.130525 -0.000066 0.019150 -0.000000 -0.132606 -0.162691 -0.146354 0.000000 -0.028269 -0.091059 -0.000000 0.101041 0.082190 -0.038553 -0.066599 -0.000047 -0.017143 -0.000000 0.120372 0.020399 0.059025 -0.092400 0.050731 0.067178 -0.100338 -0.095333 -0.065296 -0.156858 -0.000000 0.000000 -0.081658 0.142894 -0.161807 0.000000 -0.124178 0.045235 -0.000000 -0.000428 -0.000002 -0.031492 -0.038034 0.076059 0.006381 -0.011109 0.088203 -0.192969 0.055637 -0.000000 -0.000000 -0.000000 0.017070 -0.015799 -0.073662 -0.074748 -0.005317 -0.000000 -0.054383
  0.084806 -0.056596 -0.043268 0.000000 0.000000 0.105544 -0.015620 0.000639 -0.179641 -0.000000 -0.098359 -0.000000 -0.000001 -0.000000 0.000000 0.082228 -0.000000 -0.024788 -0.040100 -0.074558 -0.099243 -0.000000 -0.232844 -0.113332 0.144431 -0.116315 0.000000 -0.000000 -0.000000 -0.042001 -0.102548 -0.007228 0.079452 0.005014 0.088475 -0.132665 -0.064492 -0.022533 0.031165 -0.166199 0.015668 0.000000 -0.096998 0.104036 -0.000001 0.041171 0.000000 0.067581 -0.029308 -0.133178 0.000000 -0.056860 -0.176881 0.000000 -0.028832 -0.123203 -0.223206 -0.117409 -0.000000 0.063145 -0.000000 0.039648 0.155561 0.032892 -0.118729 0.038227 -0.015911 0.037661 0.041927 -0.043318 0.168696 -0.000000 0.000000 -0.113545 0.082159 -0.107137 -0.000000 -0.083157 -0.050295 -0.000000 -0.000002 -0.000004 -0.144763 -0.016086 0.118430 0.047179 0.008618 0.062868 -0.013513 -0.167184 -0.000000 0.000000 0.000000 0.034983 -0.167995 -0.032337 -0.063459 0.032281 -0.000000 0.101182
  -0.071198 0.110468 0.031757 0.000000 0.000000 0.001611 -0.001602 0.109316 0.083648 0.000000 0.028490 0.000000 -0.000001 -0.000000 -0.000000 -0.055745 0.000000 0.056327 -0.116515 -0.036726 -0.027416 -0.000000 -0.118866 0.154548 -0.127491 0.087530 0.000000 -0.000000 -0.000000 0.103125 -0.157978 -0.090913 -0.128382 0.036856 -0.028233 0.001340 -0.195474 -0.008767 0.062485 -0.091279 0.057075 -0.000000 0.043383 0.054656 -0.000001 0.039227 0.000000 0.092257 -0.107895 -0.022137 -0.000000 -0.054297 -0.212237 0.000000 -0.081163 0.004046 -0.061169 0.056083 0.000000 0.203319 -0.000000 -0.127690 0.009991 -0.165086 -0.022327 0.000252 0.115616 0.021930 0.012874 0.011752 -0.113200 0.000000 -0.000000 -0.127015 -0.076948 -0.012828 -0.000000 0.013220 0.007082 -0.000000 -0.000209 -0.000003 0.100973 -0.197505 -0.178150 0.006003 -0.156927 0.084322 0.040304 -0.062864 -0.000000 -0.000000 -0.000000 -0.040153 0.058098 -0.010331 -0.137552 0.116289 -0.000000 0.060230
  0.115814 -0.014837 0.114336 -0.000000 0.000000 -0.055133 -0.058171 -0.151674 0.022523 0.000000 -0.036378 -0.000000 -0.000001 -0.000000 -0.000000 -0.124376 -0.000001 0.079195 -0.170227 0.082395 -0.075074 -0.000000 -0.151846 0.016301 -0.019318 -0.055908 0.000000 -0.000000 0.000000 -0.035484 -0.002565 0.054153 -0.050301 0.123102 -0.029265 0.008757 -0.066250 0.079136 0.041890 -0.049889 -0.159808 -0.000000 0.159401 -0.058958 -0.000018 -0.086752 -0.000000 0.005872 0.103517 0.002697 0.000000 -0.014965 -0.089107 -0.000000 0.064364 0.007821 -0.110369 -0.076591 -0.000000 -0.059227 0.000000 0.072768 0.148704 -0.006157 -0.013487 0.012980 -0.053763 -0.007744 -0.118097 -0.052467 0.100655 0.000000 -0.000000 -0.010687 0.002378 0.074026 0.000000 0.108861 0.095341 -0.000000 -0.000248 -0.000101 -0.085233 0.093258 -0.096110 -0.090388 -0.082731 0.134206 -0.024510 0.066096 -0.000000 -0.000000 -0.000000 0.029884 0.061569 0.096355 -0.028575 -0.130457 0.000000 -0.016565
  0.085429 0.093899 -0.029266 0.000000 -0.000000 0.018095 -0.040714 0.112555 -0.135647 0.000000 0.177884 -0.000000 -0.000019 -0.000000 -0.000000 0.073611 -0.000001 0.203679 0.127996 0.134714 0.180224 -0.000000 0.055482 -0.003018 0.024835 -0.121168 -0.000000 -0.000000 0.000000 0.205454 -0.035897 0.136807 0.074603 -0.004199 0.125681 -0.012487 0.067867 0.007598 0.046426 0.075769 -0.069400 -0.000000 0.165451 0.053301 -0.000088 0.005981 -0.000000 0.048812 0.013541 0.085852 -0.000000 0.037248 -0.064731 -0.000000 -0.069277 -0.139352 0.059646 0.085806 -0.000022 -0.041944 0.000000 0.084074 0.061685 0.020633 0.125807 0.143427 0.064288 -0.016193 0.001608 -0.050833 -0.041448 0.000000 -0.000000 -0.043029 -0.040146 0.005438 -0.000000 0.115094 0.065015 -0.000000 -0.000400 -0.000258 -0.124495 0.039301 0.029156 0.114933 0.040063 -0.081608 0.125838 0.115280 -0.000000 -0.000000 0.000000 0.154369 0.130649 -0.098505 0.105426 0.208940 0.000000 0.074126
  0.088924 0.097579 -0.013211 -0.000000 0.000000 -0.155618 -0.033260 0.004776 0.166787 0.000000 0.075817 0.000000 -0.000001 -0.000000 -0.000000 -0.054484 -0.000001 0.081365 0.034477 -0.139773 -0.148791 -0.000000 0.007631 -0.004700 0.077622 -0.418409 -0.000000 -0.000000 -0.000000 0.033126 0.028245 -0.139695 0.083496 -0.041629 -0.035192 -0.077712 -0.144153 -0.188489 0.039836 0.017131 0.038667 0.000000 0.014829 0.031220 0.000000 0.061163 -0.000000 -0.041643 -0.151601 -0.051338 -0.000000 -0.022393 -0.105678 -0.000000 0.034888 0.065124 -0.001338 -0.127265 -0.000023 0.008969 -0.000000 -0.048506 0.110389 0.010456 0.209822 -0.127804 0.032215 -0.129543 -0.144435 -0.045312 -0.059215 -0.000000 0.000000 -0.067275 0.027750 -0.062443 -0.000000 -0.009070 -0.129659 -0.000000 -0.000170 -0.000045 0.175754 0.000500 0.057183 0.031838 -0.007390 0.061532 -0.000000 -0.116356 0.000000 0.000000 0.000000 -0.025091 0.184706 0.061891 0.069680 0.035527 0.000000 -0.137768
  -0.113608 0.092044 0.080127 -0.000000 0.000000 -0.152887 -0.105717 -0.260712 -0.058656 -0.000000 -0.098933 -0.000000 -0.000001 -0.000000 0.000000 -0.123560 -0.000000 -0.072520 -0.065889 0.018280 -0.116425 -0.000000 0.078374 0.032528 -0.136263 0.010877 0.000000 -0.000000 -0.000000 0.058962 -0.029090 0.037710 -0.052684 0.021449 -0.165295 -0.161817 -0.048208 0.027978 0.017316 -0.056826 0.136528 -0.000000 0.045671 0.016928 0.000001 0.099701 0.000000 0.054584 -0.050310 0.033894 -0.000000 -0.153710 0.093242 -0.000000 -0.151080 0.164180 -0.052859 -0.140810 -0.000023 0.067641 -0.000000 -0.014921 -0.012492 -0.093117 0.012931 -0.017894 0.039914 0.028324 0.029782 -0.099494 0.071287 -0.000000 -0.000000 0.057867 -0.170512 -0.099800 0.000000 -0.089111 0.110065 -0.000000 -0.000413 -0.000047 0.066912 -0.064332 -0.081625 0.064733 -0.000272 -0.101855 -0.104052 -0.046252 -0.000000 0.000000 -0.000000 0.007325 -0.187300 -0.155270 -0.188370 -0.085058 -0.000000 -0.152661
  0.054957 0.008813 0.017163 -0.000000 -0.000000 -0.036523 -0.068748 -0.039693 -0.049183 -0.000000 -0.065225 0.000000 -0.000013 -0.000000 -0.000000 -0.116594 -0.000001 -0.062607 -0.021864 0.012017 0.124104 -0.000000 -0.006547 -0.078041 0.120998 0.104704 -0.000000 -0.000000 -0.000000 0.098275 0.109813 -0.081080 0.059497 -0.044865 -0.064368 -0.016975 0.056493 -0.086646 -0.009529 0.070527 -0.099840 -0.000000 -0.065711 -0.025042 -0.000084 -0.098144 0.000000 0.063512 -0.033776 -0.061566 -0.000000 0.016830 -0.100012 -0.000000 0.103236 -0.072331 -0.009471 0.105824 -0.000043 -0.012375 0.000000 -0.150861 0.085125 0.016529 0.076460 0.136760 0.151363 0.117479 0.002629 0.002763 -0.017433 0.000000 0.000000 -0.101127 0.118394 0.079051 0.000000 0.104827 -0.049937 -0.000000 -0.000292 -0.000224 0.075826 0.084788 0.141080 0.044787 -0.105462 -0.080752 -0.092051 -0.048654 -0.000000 -0.000000 -0.000000 -0.101655 0.073965 -0.015228 0.017722 -0.048280 0.000000 -0.088000
  0.121707 0.227672 0.067518 0.000000 -0.000000 0.109032 -0.002647 -0.019131 0.041272 -0.000000 0.120425 -0.000000 -0.000001 0.000000 0.000000 0.061669 -0.000000 0.181997 0.069218 0.033970 0.072300 -0.000000 0.205851 0.052748 0.011062 -0.033793 0.000000 -0.000000 0.000000 0.260768 -0.083038 0.242374 0.082528 0.218895 -0.001255 0.063439 0.052656 0.107003 -0.117553 0.115581 0.061079 -0.000000 0.032796 0.093025 -0.000005 -0.014426 -0.000000 -0.005479 0.027895 0.242582 -0.000000 0.150676 0.165284 0.000000 0.146524 0.281211 -0.122083 0.113033 -0.000000 0.137710 0.000000 -0.091818 0.109077 0.163793 0.069156 0.087459 0.129836 0.228974 0.119363 0.195894 0.092700 -0.000000 -0.000000 -0.026877 0.011314 0.083756 0.000000 0.138480 0.009192 -0.000000 -0.000250 -0.000047 0.000997 -0.208505 0.206377 0.183940 0.018148 0.086376 0.010632 0.126728 -0.000000 -0.000000 0.000000 0.101233 -0.069847 0.091894 0.078840 0.069659 -0.000000 0.103653
  -0.051275 -0.017913 -0.075191 -0.000000 0.000000 0.087880 0.156237 0.020763 -0.035077 0.000000 0.120986 -0.000000 -0.000009 -0.000000 0.000000 0.105412 -0.000001 0.196039 0.102272 -0.052564 0.056753 -0.000000 -0.145441 0.131326 -0.069983 -0.050168 0.000000 -0.000000 -0.000000 -0.076281 -0.080498 0.141926 -0.042193 0.113020 0.009905 -0.063137 0.141069 -0.080925 -0.012679 -0.090108 -0.042752 -0.000000 -0.012403 -0.047414 -0.000045 0.075791 0.000000 -0.023678 0.055517 0.018676 -0.000000 -0.047551 -0.030506 -0.000000 0.032464 -0.016408 0.092740 -0.019307 -0.000005 0.052527 0.000000 -0.023044 -0.010089 -0.071427 -0.068639 0.133316 -0.155369 -0.010596 0.127551 0.106489 -0.042063 0.000000 -0.000000 -0.136309 -0.004779 0.104873 0.000000 -0.083310 0.054705 -0.000000 -0.000062 -0.000258 -0.042470 0.073598 0.034237 0.048391 -0.038010 0.022842 -0.040168 0.121101 -0.000000 -0.000000 -0.000000 0.067059 -0.025297 -0.023796 -0.035957 0.065927 -0.000000 0.143418
  0.102224 0.004693 0.053442 0.000000 -0.000000 -0.089299 -0.128637 -0.084487 0.024159 -0.000000 -0.084896 0.000000 -0.000000 -0.000000 -0.000000 -0.001904 -0.000000 -0.049708 -0.057776 0.059224 0.083588 -0.000000 0.004663 0.055585 -0.110645 -0.084390 0.000000 -0.000000 -0.000000 -0.116911 -0.109997 0.086205 -0.006229 0.090418 0.103718 0.063368 0.041334 -0.100407 -0.755424 0.040815 -0.209543 -0.000000 0.097578 0.060249 -0.000024 0.044616 0.000000 -0.064339 -0.117988 0.139224 -0.000000 -0.074640 -0.004452 0.000000 -0.079299 -0.035307 -0.046857 0.150341 -0.000001 0.127296 0.000000 -0.067257 0.144903 0.132464 0.111701 -0.067333 0.179354 0.071656 0.151711 -0.063179 0.059915 -0.000000 -0.000000 -0.027707 0.074975 0.013972 0.000000 0.143175 -0.027511 0.000000 -0.000162 -0.000055 0.052443 -0.616654 0.045222 0.083478 -0.099859 -0.062193 -0.113282 -0.142870 -0.000000 -0.000000 -0.000000 -0.062486 0.022357 0.011688 0.118545 0.029934 -0.000000 0.130065
  0.108887 -0.096180 -0.081069 0.000000 0.000000 0.114186 0.095252 0.046570 0.158158 -0.000000 -0.071574 0.000000 -0.000000 0.000000 0.000000 0.112712 -0.000001 0.017839 0.055716 -0.024612 0.068896 -0.000000 0.028792 0.000445 0.034995 -0.126303 -0.000000 -0.000000 0.000000 0.084416 0.004748 0.141634 -0.062210 0.173916 -0.065362 -0.078079 0.133571 -0.040285 0.046836 0.114320 0.121344 0.000000 -0.040214 0.084051 -0.000001 0.008944 0.000000 -0.005632 0.041508 0.031410 0.000000 0.207685 -0.095407 0.000000 0.127911 -0.012272 -0.000000 0.044362 -0.000000 -0.081967 0.000000 0.070966 0.169515 0.129470 0.116013 -0.100686 0.021975 -0.050461 0.154536 -0.074143 -0.010946 -0.000000 -0.000000 -0.043895 0.042705 -0.071303 -0.000000 -0.018581 0.094536 0.000000 0.000153 -0.000219 -0.059644 0.082988 -0.067945 0.076179 0.191349 0.113476 -0.089496 -0.042615 -0.000000 -0.000000 0.000000 0.097296 0.045812 -0.060988 0.083144 0.089086 0.000000 -0.094818
  -0.295607 -0.189791 0.059495 0.000000 0.000000 -0.199478 -0.026422 0.350891 -0.042331 -0.000000 -0.101220 0.000000 -0.000000 0.000000 -0.000000 -0.047999 -0.000001 -0.231525 -0.208626 0.064447 -0.219327 -0.000000 -0.000000 0.000000 -0.169715 -0.000000 -0.000000 -0.000000 0.000000 -0.062307 0.242941 -0.268165 -0.237175 -0.244663 -0.176233 -0.159080 0.154621 -0.067992 -0.792208 0.041731 -0.294226 -0.000000 -0.110845 -0.028082 0.000000 0.009657 -0.000000 -0.236996 -0.170990 -0.173549 -0.000000 -0.041115 0.016084 -0.000000 -0.033598 -0.393890 -0.106574 -0.050860 -0.000000 -0.568080 0.000000 -0.072525 -0.252558 -0.072400 -0.181801 -0.057724 -0.054935 -0.273594 -0.063384 -0.087866 -0.292098 0.000000 0.000000 -0.312677 0.098982 -0.285790 -0.000000 0.119172 0.098229 0.000000 -0.000003 -0.000001 -0.243867 -0.794325 0.051244 -0.050852 -0.138906 -0.177605 -0.359351 0.181846 0.000000 -0.000000 -0.000000 -0.087529 0.104998 -0.072377 0.126404 -0.062982 -0.000000 -0.164195
  -0.031544 0.012263 -0.072070 0.000000 -0.000000 0.079932 -0.117068 0.024778 0.051405 0.000000 0.125815 0.000000 -0.000004 -0.000000 -0.000000 -0.126186 -0.000001 -0.065163 -0.133544 -0.045688 -0.083279 -0.000000 0.129488 -0.165408 0.071171 -0.034330 0.000000 -0.000000 0.000000 0.055480 -0.134106 0.123631 0.108685 0.085705 0.030195 -0.009721 0.130483 -0.051169 -0.000741 -0.158744 0.149282 -0.000000 -0.063716 0.021451 -0.000014 0.021850 -0.000000 -0.146788 0.073258 0.186092 0.000000 0.019550 0.088036 -0.000000 -0.016540 -0.000534 -0.004227 0.073452 -0.000019 -0.092968 -0.000000 -0.093011 0.026042 -0.082476 -0.039853 0.043371 -0.000315 0.072155 -0.051324 0.134702 0.110027 0.000000 0.000000 -0.077264 0.181409 -0.085764 -0.000000 -0.035667 -0.103076 0.000000 -0.000325 -0.000011 0.071621 0.049311 -0.109753 0.041590 0.054788 -0.001219 -0.038509 -0.044694 -0.000000 -0.000000 -0.000000 0.097697 0.033455 -0.069304 0.042320 0.042570 -0.000000 -0.107319
  0.214893 0.044963 0.144492 -0.000000 0.000000 0.002286 0.006650 0.027700 -0.021478 -0.000000 -0.000044 -0.000000 -0.000017 -0.000000 -0.000000 0.005316 -0.000002 0.111256 -0.089814 0.096567 -0.052430 -0.000000 0.107531 -0.004161 -0.111892 -0.117969 -0.000000 -0.000000 0.000000 0.123963 0.171242 0.005707 0.114633 0.059219 -0.071423 -0.144860 -0.097628 0.101108 0.054993 0.063652 -0.156438 -0.000000 0.154519 0.028445 -0.000073 0.108776 0.000000 0.089044 0.161413 0.053266 0.000000 -0.029074 -0.021360 -0.000000 0.100315 -0.075488 -0.037807 -0.005157 -0.000024 0.120907 -0.000000 0.080193 -0.002559 0.039651 0.089693 -0.041704 -0.047425 0.042896 0.073708 -0.009741 -0.010561 -0.000000 0.000000 -0.053758 -0.072182 -0.029067 0.000000 0.011160 0.090080 0.000000 -0.000257 -0.000296 -0.108955 0.007516 0.030695 0.061409 0.092911 0.180036 -0.131696 -0.080548 -0.000000 -0.000000 -0.000000 0.115408 -0.090676 0.093987 0.101143 0.099552 -0.000000 -0.016605
  0.052438 -0.091290 -0.025516 -0.000000 -0.000000 -0.028834 0.115088 -0.111107 -0.173632 0.000000 0.171571 -0.000000 -0.000016 0.000000 0.000000 0.134325 -0.000001 -0.011882 0.050888 -0.083313 0.094950 -0.000000 -0.098300 -0.058557 -0.064215 0.033904 0.000000 -0.000000 -0.000000 -0.013321 0.021980 0.009109 0.144033 0.030755 0.140595 0.062184 0.102817 -0.000617 0.025052 -0.032758 -0.153270 -0.000000 0.017571 -0.024795 -0.000096 0.156244 -0.000000 0.137918 0.141998 -0.073994 0.000000 -0.032244 -0.096248 -0.000000 0.147175 -0.238766 -0.050357 0.033807 -0.000011 -0.199573 0.000000 0.085373 -0.060278 0.157005 -0.003983 -0.091551 -0.060927 0.039531 -0.009766 -0.002869 0.051315 -0.000000 0.000000 -0.050354 0.145699 0.059645 0.000000 0.120535 -0.011091 -0.000000 -0.000200 -0.000273 0.085071 0.112293 -0.069638 -0.080146 0.003112 -0.068874 0.037506 -0.075612 -0.000000 -0.000000 -0.000000 0.129778 0.031897 0.210733 0.132539 0.055546 -0.000000 0.128247
  0.100268 -0.051986 -0.094993 0.000000 -0.000000 0.041224 0.081021 -0.073704 0.119051 -0.000000 0.210693 -0.000000 -0.000016 -0.000000 0.000000 -0.001811 -0.000001 -0.106250 0.113545 -0.045451 -0.010394 -0.000000 0.117196 -0.095268 -0.094672 -0.215095 -0.000000 -0.000000 -0.000000 0.085648 0.071345 0.002472 -0.143314 0.059073 -0.002659 0.122540 -0.060510 0.058995 -0.014388 0.163875 -0.099386 -0.000000 -0.047040 0.079699 -0.000056 0.013935 -0.000000 0.107709 0.074104 -0.008665 0.000000 0.126799 -0.062330 0.000000 0.015993 -0.117910 0.088213 -0.069974 -0.000008 0.053746 0.000000 0.183758 0.157443 0.148942 -0.059590 0.053956 0.093165 -0.052618 -0.006929 0.025371 -0.038498 0.000000 0.000000 -0.025279 0.167561 -0.017987 -0.000000 0.059228 0.163581 0.000000 -0.000072 -0.000279 -0.141146 0.037473 0.149264 -0.057041 -0.062253 0.109099 0.020320 0.145112 -0.000000 0.000000 0.000000 0.010010 -0.166725 0.058405 0.059375 0.047835 -0.000000 0.054019
  -0.079602 -0.212454 -0.067260 -0.000000 0.000000 -0.106224 -0.057005 0.077857 0.002556 -0.000000 0.178606 0.000000 -0.000026 -0.000000 0.000000 0.099075 -0.000001 -0.132010 0.016183 0.076735 -0.099053 -0.000000 0.018325 -0.091221 0.080732 -0.272321 -0.000000 -0.000000 -0.000000 0.091053 -0.054716 -0.128251 0.027750 0.057645 0.183820 -0.015829 -0.027023 0.070651 0.023911 0.037884 0.052159 -0.000000 0.171608 0.203838 -0.000085 0.114824 -0.000000 0.049692 0.059459 0.158066 0.000000 0.193689 0.164255 0.000000 0.145415 -0.030543 -0.040267 -0.025213 -0.000024 0.016010 -0.000000 0.075113 0.095847 0.212522 -0.115340 0.064746 -0.011292 -0.038156 0.083603 0.029574 0.028443 0.000000 0.000000 -0.106864 0.106100 -0.014422 -0.000000 -0.052079 0.097418 -0.000000 -0.000196 -0.000294 -0.003233 -0.050467 -0.105505 0.171756 -0.117281 0.134373 0.041191 0.003089 -0.000000 -0.000000 -0.000000 -0.097051 0.054344 -0.095511 0.082794 0.047914 -0.000000 -0.037206
  -0.066985 -0.069552 -0.055614 -0.000000 0.000000 0.082425 0.042009 0.184813 0.027349 -0.000000 -0.110408 0.000000 -0.000000 -0.000000 0.000000 0.106621 0.000000 0.092288 0.171606 -0.014544 0.098986 -0.000000 0.305899 0.235777 0.145096 0.148686 0.000000 -0.000000 0.000000 -0.013797 -0.049355 0.154079 0.215690 -0.099215 0.113353 0.079651 -0.165796 -0.015143 -0.179993 -0.031693 -0.106057 0.000000 0.026064 0.095652 0.000001 -0.108611 0.000000 0.207571 0.057990 -0.019109 -0.000000 0.077590 -0.038089 0.000000 0.004467 -0.114145 0.008603 0.153955 -0.000000 0.348747 -0.000000 0.226180 0.019747 -0.057335 -0.317033 0.056834 0.256235 0.074165 0.177326 0.041367 0.212082 0.000000 -0.000000 0.097066 0.023965 0.198938 0.000000 0.060187 -0.131871 0.000000 0.000020 -0.000032 0.070177 -0.253980 0.147616 -0.040017 -0.032025 0.161676 -0.149929 -0.183097 -0.000000 0.000000 -0.000000 0.096078 0.073688 0.232792 -0.021830 0.174237 -0.000000 0.001343
  -0.113503 -0.102805 0.046583 0.000000 -0.000000 -0.108872 0.010573 -0.127187 0.192931 0.000000 -0.011319 0.000000 -0.000000 -0.000000 -0.000000 -0.034183 -0.000001 0.071717 -0.029599 -0.097238 -0.073048 -0.000000 -0.069033 0.271190 0.106608 -0.150766 0.000000 -0.000000 -0.000000 -0.025726 0.006531 0.040389 -0.114796 -0.048816 -0.015059 0.273756 -0.021365 0.103693 -0.138527 -0.078008 0.028120 0.000000 -0.025530 0.099383 -0.000041 -0.132322 0.000000 0.068931 0.118820 0.031912 0.000000 0.137850 0.086091 0.000000 -0.048388 0.136679 -0.015085 -0.021119 -0.000001 -0.049924 -0.000000 -0.092340 0.157399 -0.029278 -0.007257 -0.122411 -0.064335 -0.091289 0.040793 -0.146139 0.122008 -0.000000 -0.000000 -0.106653 -0.143168 0.063498 0.000000 0.017680 -0.111178 -0.000000 -0.000369 -0.000002 -0.044552 -0.001125 0.128738 -0.085279 0.036329 -0.149744 -0.005547 -0.079384 -0.000000 -0.000000 0.000000 -0.105063 0.126680 0.082993 0.116184 -0.032118 0.000000 -0.049886
  0.011384 -0.250551 0.020691 0.000000 -0.000000 0.113275 0.110273 0.145541 0.032932 -0.000000 0.094259 -0.000000 -0.000000 0.000000 0.000000 -0.006654 -0.000001 -0.005409 0.007626 0.076789 0.134548 -0.000000 -0.096884 0.190450 0.163870 -0.238025 -0.000000 -0.000000 -0.000000 0.131526 0.079000 0.190630 0.155623 0.101747 0.142531 0.065903 0.191905 0.153812 -0.737871 -0.028077 -0.147688 -0.000000 0.016727 0.077517 -0.000001 0.145329 0.000000 0.211144 0.131784 -0.009914 -0.000000 0.187306 0.127199 0.000000 0.028973 -0.083925 0.064725 0.147118 -0.000022 0.054200 -0.000000 0.135222 0.147362 -0.010119 0.153084 0.119132 -0.009695 0.063219 0.061639 0.106971 0.121606 0.000000 -0.000000 0.008643 0.066210 -0.064136 -0.000000 0.198605 0.204516 -0.000000 -0.000045 -0.000163 0.097223 -0.272595 0.207921 -0.048259 0.078311 -0.052498 -0.028665 0.089543 -0.000000 -0.000000 0.000000 0.015700 -0.086088 0.058757 0.054048 0.090804 0.000000 -0.055741
  -0.102256 0.077966 -0.114512 0.000000 0.000000 -0.135277 -0.062964 -0.060367 0.160861 0.000000 0.029061 0.000000 -0.000010 0.000000 0.000000 -0.109582 0.000001 0.050703 -0.169756 -0.038078 -0.008297 -0.000000 0.076981 0.005942 0.029858 -0.046482 -0.000000 -0.000000 0.000000 -0.005398 -0.177081 -0.137458 -0.046998 -0.164446 -0.040669 0.097015 -0.090730 0.044050 -0.048282 -0.034913 0.137596 -0.000000 0.085659 -0.073241 -0.000063 0.088810 0.000000 0.081118 0.048852 -0.167152 -0.000000 -0.048817 -0.028169 0.000000 -0.141159 0.032942 0.018266 -0.129761 -0.000035 0.063570 0.000000 -0.026791 -0.075899 -0.068949 -0.099140 0.045347 -0.088034 0.052735 -0.086376 -0.032057 -0.332442 0.000000 0.000000 -0.184171 0.095157 -0.106405 -0.000000 -0.103383 -0.205993 0.000000 -0.000402 0.000002 -0.005167 0.012846 -0.043981 0.047087 -0.252826 -0.065870 0.107894 -0.148866 -0.000000 -0.000000 0.000000 -0.103120 0.045906 -0.264377 -0.125098 -0.130371 -0.000000 -0.104684
  -0.028791 0.142508 0.021368 0.000000 0.000000 -0.065036 -0.044077 -0.205395 0.145892 -0.000000 -0.190183 0.000000 -0.000001 0.000000 0.000000 -0.109199 0.000000 -0.029432 -0.005507 -0.151509 0.036433 -0.000000 0.076285 -0.122927 0.043311 -0.062711 0.000000 -0.000000 0.000000 0.091779 0.087270 -0.062712 -0.106710 0.075652 -0.087273 -0.178131 0.062202 -0.128188 -0.050221 -0.192815 0.172838 0.000000 -0.134785 -0.105047 0.000000 -0.009279 -0.000000 0.101072 -0.110604 0.081465 -0.000000 -0.001082 -0.103346 -0.000000 0.075347 0.261377 -0.061646 0.015001 -0.000000 0.158140 -0.000000 -0.061430 0.110863 0.008512 0.226989 -0.104078 -0.018981 -0.008352 0.026364 -0.256058 -0.011546 0.000000 -0.000000 0.037902 -0.029129 0.009584 0.000000 -0.015776 -0.003210 0.000000 -0.000131 -0.000022 0.166427 -0.192846 -0.162599 -0.138215 -0.244253 -0.167479 -0.112388 -0.052868 0.000000 0.000000 0.000000 -0.037390 0.020286 -0.014752 0.042264 -0.008446 -0.000000 0.044523
  -0.141858 0.055053 -0.115822 -0.000000 -0.000000 0.046569 -0.010577 -0.006674 0.028014 -0.000000 -0.047916 0.000000 -0.000001 -0.000000 0.000000 -0.088447 -0.000001 0.061369 0.015318 0.085833 -0.002528 -0.000000 0.174236 0.025264 -0.087364 -0.117865 -0.000000 -0.000000 0.000000 -0.184727 -0.356433 -0.227527 -0.082075 -0.229825 -0.023188 0.120075 -0.236520 -0.043212 0.104958 -0.109753 0.099145 0.000000 0.071826 -0.053333 -0.000001 -0.087124 -0.000000 -0.169546 -0.020019 -0.262985 -0.000000 -0.086653 -0.096956 0.000000 -0.172443 -0.013780 -0.124772 0.009718 -0.000025 0.017520 0.000000 -0.088716 0.046047 -0.128238 -0.064130 -0.359755 -0.121110 -0.185105 -0.125806 -0.001665 -0.156426 0.000000 -0.000000 -0.250647 -0.114024 -0.206543 -0.000000 -0.192187 -0.363845 0.000000 -0.000441 -0.000010 -0.012581 0.121303 0.039834 -0.088441 -0.043830 -0.034430 -0.156034 -0.010341 0.000000 0.000000 -0.000000 -0.182509 -0.348750 -0.159097 0.007581 -0.029500 0.000000 -0.110861
  -0.014777 -0.187616 0.188954 -0.000000 0.000000 -0.127831 0.132099 0.103644 0.005043 0.000000 0.139640 -0.000000 -0.000001 -0.000000 0.000000 0.070487 -0.000001 -0.000297 0.131203 0.092830 0.047350 0.000000 -0.350688 -0.011640 -0.185113 -0.026057 0.000000 -0.000000 -0.000000 0.061168 0.218225 -0.070250 -0.076038 0.176506 0.018409 -0.023879 0.069331 0.121688 -0.128998 0.276225 -0.075036 0.000000 0.027140 0.190107 -0.000063 0.155343 -0.000000 -0.059283 0.039813 0.134141 -0.000000 0.049358 0.072902 -0.000000 0.245269 -0.069238 -0.128869 -0.017389 -0.000003 -0.002198 -0.000000 -0.027970 -0.019890 0.216593 -0.229120 0.159793 0.123402 -0.109184 0.048586 -0.018814 0.061190 0.000000 0.000000 0.049914 0.233825 0.023991 0.000000 0.290318 0.174334 -0.000000 -0.000269 -0.000004 -0.374822 0.166804 0.118037 0.239134 -0.061459 0.104894 -0.195698 0.150040 -0.000000 -0.000000 -0.000000 -0.016573 0.028809 -0.113030 0.200703 -0.083113 -0.000000 0.269077
  -0.147869 -0.078741 -0.018947 0.000000 0.000000 0.051802 0.014217 -0.100842 -0.047533 -0.000000 -0.172006 0.000000 -0.000000 -0.000000 0.000000 -0.119974 -0.000001 -0.016484 -0.122238 -0.078584 -0.185567 -0.000000 0.000994 0.181622 -0.084791 -0.186308 0.000000 -0.000000 -0.000000 -0.078675 0.086466 -0.033749 -0.175776 -0.035284 -0.170489 -0.056554 -0.034662 0.027808 -0.266712 -0.143688 -0.039269 0.000000 -0.167046 -0.094008 -0.000001 -0.000976 -0.000000 -0.110837 -0.119099 0.040853 0.000000 -0.014435 0.044964 0.000000 -0.145165 0.161186 -0.032069 -0.104449 -0.000032 0.005519 -0.000000 -0.121078 0.094915 -0.102715 0.186473 0.063376 0.094244 -0.170005 0.044886 -0.106441 -0.146170 -0.000000 0.000000 -0.175860 -0.161490 -0.125769 -0.000000 -0.043082 0.028966 0.000000 -0.000136 -0.000054 0.201173 -0.062570 0.047079 -0.149714 0.061678 -0.099247 -0.000000 -0.003556 0.000000 -0.000000 0.000000 -0.009736 -0.175325 -0.222102 -0.077204 -0.147230 0.000000 -0.156238
  -0.019491 -0.087120 0.061217 -0.000000 -0.000000 -0.127875 0.127320 -0.003517 0.033963 -0.000000 -0.093787 -0.000000 -0.000016 0.000000 0.000000 0.061481 -0.000001 -0.020640 0.034636 0.164398 0.020869 -0.000000 -0.164206 -0.334472 0.112842 -0.081949 -0.000000 -0.000000 0.000000 -0.146343 0.128715 -0.109555 0.096982 0.084801 -0.068916 0.166202 -0.003688 -0.065964 -0.015859 0.006463 -0.004642 -0.000000 -0.009151 0.115501 -0.000098 0.160123 0.000000 -0.109239 -0.112791 0.117784 -0.000000 -0.080603 -0.029807 0.000000 0.112671 -0.120322 -0.038333 0.115599 -0.000012 -0.072016 0.000000 0.024450 0.038430 -0.015139 -0.116718 0.080225 -0.075178 0.143026 -0.031518 0.124071 0.147972 -0.000000 0.000000 -0.016363 0.157166 0.007898 0.000000 0.014560 -0.061254 -0.000000 -0.000367 -0.000081 0.098185 -0.035098 0.090388 0.002242 -0.072276 0.090740 0.181070 0.012225 -0.000000 -0.000000 0.000000 0.019128 0.134122 -0.058357 0.103274 0.056192 -0.000000 0.032207
  -0.097460 -0.054590 0.160832 -0.000000 0.000000 0.024721 -0.084311 0.157337 -0.005057 -0.000000 -0.088916 -0.000000 -0.000000 -0.000000 -0.000000 -0.057761 -0.000001 -0.037339 0.135189 0.054155 0.056046 0.000000 -0.005776 -0.242778 0.091079 0.040655 -0.000000 -0.000000 -0.000000 -0.010209 -0.032174 0.036548 0.130182 0.009567 0.090713 0.045152 0.053721 0.136778 -0.009775 0.103842 -0.250435 -0.000000 -0.050023 -0.004198 -0.000027 0.133273 0.000000 -0.025652 -0.159666 0.110056 -0.000000 0.056738 -0.087412 -0.000000 0.174472 -0.174838 -0.000000 -0.051640 -0.000000 -0.216271 -0.000000 -0.102683 0.088075 -0.029679 0.183840 -0.115628 -0.178201 0.058240 -0.070622 0.115891 -0.114576 -0.000000 0.000000 -0.022698 0.103539 -0.084241 0.000000 0.096305 -0.028806 0.000000 -0.000375 -0.000059 -0.009309 -0.023468 -0.075878 -0.015465 -0.004624 -0.023826 0.133567 0.039468 -0.000000 -0.000000 -0.000000 0.079427 0.074956 0.020931 -0.098069 -0.026194 -0.000000 0.153475
  -0.025802 0.140374 0.104624 -0.000000 -0.000000 0.116233 0.138969 -0.487565 -0.032611 -0.000000 -0.074572 0.000000 -0.000012 -0.000000 0.000000 0.053454 -0.000000 -0.078135 0.039084 0.154248 0.074569 -0.000000 -0.131564 -0.098272 0.034475 0.133010 -0.000000 -0.000000 -0.000000 0.069933 0.165378 -0.082880 0.131861 -0.050017 -0.013445 0.186749 0.161102 0.004021 -0.122927 0.114184 0.141496 -0.000000 0.135755 0.024066 -0.000114 0.033435 -0.000000 0.143067 -0.014816 0.168485 -0.000000 0.055491 0.139448 0.000000 0.085675 0.025570 0.089056 0.116807 -0.000017 0.096482 -0.000000 -0.098647 0.168408 0.029194 0.106711 -0.013633 -0.169845 0.028964 -0.067961 0.133419 -0.025412 -0.000000 -0.000000 -0.037234 0.133017 -0.058068 0.000000 0.166940 0.101968 0.000000 -0.000496 0.000012 0.198308 -0.116555 0.124977 0.085361 -0.029707 -0.087567 0.144756 0.096219 -0.000000 0.000000 -0.000000 -0.041948 0.146370 0.122488 0.061937 -0.095035 -0.000000 0.078555
  0.002292 0.121455 0.161282 0.000000 -0.000000 0.131999 -0.002448 -0.122851 -0.191848 -0.000000 0.161673 -0.000000 -0.000033 0.000000 -0.000000 0.124779 -0.000001 -0.090179 0.129113 -0.064800 0.057710 -0.000000 -0.121697 -0.281659 -0.054033 -0.053368 0.000000 -0.000000 -0.000000 0.026860 0.156028 0.154026 0.101117 0.151178 -0.010999 -0.025162 0.065682 0.080054 0.029456 0.010533 0.107197 -0.000000 0.014130 0.098886 -0.000109 -0.074484 -0.000000 0.012194 -0.113651 0.136225 -0.000000 0.057123 -0.084327 -0.000000 0.128546 -0.010286 0.071959 0.175059 -0.000040 -0.085591 0.000000 0.179091 -0.082345 0.124004 0.052637 -0.008941 -0.022592 0.142370 0.097952 -0.121908 0.023338 -0.000000 -0.000000 0.171697 -0.098112 -0.005784 -0.000000 0.056002 0.039591 -0.000000 -0.000430 -0.000266 0.039087 -0.019553 0.136626 0.025114 -0.128799 0.105035 -0.016617 0.075611 -0.000000 0.000000 0.000000 0.167278 -0.043237 0.019569 0.031447 0.176457 0.000000 -0.082530
  -0.049065 0.070757 -0.080189 -0.000000 -0.000000 0.118306 0.175225 0.056458 0.103334 0.000000 0.162350 -0.000000 -0.000000 -0.000000 -0.000000 0.082546 0.000000 0.119020 0.143307 -0.024066 -0.035576 -0.000000 -0.103958 0.042140 0.159937 -0.000000 -0.000000 0.000000 -0.000000 -0.018783 0.071161 -0.013366 0.022509 0.042769 0.138856 0.272724 0.047404 0.194614 -0.161324 -0.011310 -0.091437 -0.000000 -0.022039 0.174521 -0.000001 -0.041963 -0.000000 -0.043982 0.033599 -0.049758 -0.000000 0.276414 0.102691 -0.000000 0.007531 -0.023209 0.000000 0.143325 -0.000000 0.192043 0.000000 0.061842 0.064293 -0.013626 0.007733 0.092238 0.068416 -0.043310 -0.080075 0.049823 0.022451 -0.000000 -0.000000 0.022542 0.159425 0.029584 -0.000000 0.043066 0.146241 0.000000 -0.000063 0.000000 0.012982 -0.179558 0.257274 0.146565 0.260133 0.067932 0.017279 0.064426 -0.000000 -0.000000 0.000000 0.057524 -0.076570 0.267062 -0.040532 0.110311 -0.000000 0.024518
  -0.089056 -0.073959 0.001758 0.000000 0.000000 -0.093639 0.066614 -0.018462 -0.221121 -0.000000 0.141940 0.000000 -0.000002 -0.000000 -0.000000 0.001586 -0.000001 -0.079465 0.223484 -0.025755 0.118452 -0.000000 0.098653 0.006478 0.104214 -0.258131 -0.000000 -0.000000 -0.000000 -0.130237 0.025585 0.080915 0.072707 0.149857 0.098778 0.064476 0.055079 0.162837 -0.316437 -0.064301 -0.139664 0.000000 0.128290 0.057783 -0.000094 -0.108567 0.000000 0.089557 -0.058956 0.152500 -0.000000 0.224610 0.099622 0.000000 0.044092 -0.139587 0.061160 -0.041095 -0.000010 0.080334 0.000000 -0.022101 0.095391 0.151805 0.043749 -0.093608 -0.112735 -0.129252 0.054176 0.035885 0.240387 -0.000000 -0.000000 0.077973 0.123043 0.137075 0.000000 -0.001103 0.049976 0.000000 -0.000283 0.000018 -0.036754 -0.145043 0.236406 -0.102120 0.085367 -0.053440 0.055278 -0.002025 -0.000000 -0.000000 -0.000000 0.014801 -0.014542 0.034148 -0.090792 0.120285 0.000000 -0.086349
  -0.172620 0.221767 -0.001508 -0.000000 0.000000 0.018860 0.033856 -0.430008 0.032323 -0.000000 0.078557 0.000000 -0.000001 0.000000 0.000000 0.108503 -0.000000 0.098166 -0.173194 0.035597 0.050539 -0.000000 -0.086049 0.178389 -0.097963 0.005173 -0.000000 -0.000000 -0.000000 -0.107167 -0.053676 -0.025201 -0.161595 -0.142784 -0.135865 -0.163332 -0.021629 -0.112723 -0.003441 -0.061109 -0.067313 -0.000000 -0.136782 0.042327 0.000001 0.020306 -0.000000 -0.111928 -0.040221 -0.006554 0.000000 -0.197081 -0.169206 0.000000 0.053669 0.163856 -0.086791 0.074077 -0.000019 0.181484 0.000000 0.003907 -0.007814 -0.097025 0.090955 -0.054581 0.157405 -0.168932 -0.119888 -0.049314 -0.133361 -0.000000 -0.000000 -0.017079 -0.163766 0.058255 -0.000000 0.046929 -0.033186 -0.000000 -0.000386 -0.000046 0.007940 -0.096843 -0.115113 -0.030165 -0.165959 -0.137626 0.021435 0.044793 -0.000000 -0.000000 0.000000 -0.176930 -0.008540 -0.146787 0.046959 -0.132052 0.000000 -0.092098
  0.061347 -0.053881 -0.107221 0.000000 -0.000000 0.139269 -0.000894 0.048587 0.012274 0.000000 0.156113 -0.000000 -0.000014 0.000000 -0.000000 0.081351 -0.000001 0.117235 -0.120064 -0.130173 -0.003871 -0.000000 0.076270 0.086213 0.016063 -0.059536 0.000000 -0.000000 -0.000000 -0.021283 0.002126 -0.024381 0.095357 0.028492 0.115786 0.041723 -0.114011 0.106677 0.058893 -0.083508 0.025058 -0.000000 0.094801 -0.003172 -0.000076 -0.122108 -0.000000 0.159701 0.142944 -0.087757 -0.000000 -0.058822 0.024518 0.000000 0.060022 0.005055 0.047754 -0.003452 -0.000043 0.039821 0.000000 0.083439 0.010767 0.072870 0.141795 -0.002771 -0.016682 0.154115 0.116758 -0.044291 0.026689 -0.000000 -0.000000 0.155873 -0.051396 0.118815 -0.000000 -0.000069 -0.119687 0.000000 -0.000417 -0.000213 -0.145572 -0.007116 -0.099832 -0.050179 0.091657 0.037707 0.057695 -0.018542 -0.000000 -0.000000 -0.000000 0.124393 0.015404 -0.046745 -0.086935 0.118199 0.000000 0.044686
  -0.076404 0.032403 0.074006 0.000000 -0.000000 0.049253 0.025609 0.020679 0.031596 -0.000000 -0.167692 0.000000 -0.000001 0.000000 0.000000 -0.136880 -0.000001 0.037515 -0.006081 0.021549 -0.089442 -0.000000 -0.085773 0.208602 -0.094954 -0.215634 -0.000000 -0.000000 0.000000 -0.053669 -0.051540 -0.115706 -0.113558 -0.187448 -0.203961 -0.089606 0.004572 -0.034580 -0.195726 0.028871 0.065968 0.000000 -0.011620 -0.144000 -0.000002 -0.029673 -0.000000 -0.183444 -0.179121 -0.102479 -0.000000 -0.061313 -0.163431 0.000000 -0.069817 -0.046188 -0.060874 -0.174831 -0.000041 -0.068772 -0.000000 -0.016638 0.096681 -0.138129 0.055686 -0.013869 0.085512 -0.003000 -0.042119 -0.237177 -0.062206 0.000000 -0.000000 0.086327 -0.011303 -0.026905 -0.000000 -0.044770 -0.037381 -0.000000 -0.000244 -0.000043 0.110878 -0.151319 -0.169740 0.008275 0.006879 -0.010843 -0.069540 -0.076053 0.000000 -0.000000 0.000000 -0.036125 -0.213523 -0.090759 0.031315 -0.132303 -0.000000 -0.021733
  0.010545 0.106293 -0.105629 0.000000 -0.000000 -0.068821 0.170121 0.049292 0.021418 -0.000000 0.080897 -0.000000 -0.000013 0.000000 0.000000 0.068914 -0.000002 0.115641 -0.101540 -0.038454 -0.052631 -0.000000 -0.061291 -0.015691 0.035241 -0.349341 -0.000000 -0.000000 -0.000000 0.010535 0.045995 0.200967 -0.041375 -0.027319 0.036473 0.107543 0.079384 0.157233 0.045923 0.169507 0.014180 -0.000000 0.122443 0.165965 -0.000051 -0.092766 -0.000000 -0.039416 -0.034813 0.198111 0.000000 0.104001 0.107668 -0.000000 0.094605 0.076567 -0.520590 0.073031 -0.000006 0.185231 0.000000 0.000982 0.148665 -0.056352 0.070628 0.015148 -0.128387 0.035363 0.095404 -0.131255 0.083323 -0.000000 0.000000 0.066511 -0.043657 0.049223 0.000000 0.045751 0.084958 -0.000000 0.000133 -0.000355 -0.173767 0.010078 -0.085302 0.121855 0.049272 -0.001926 -0.175886 -0.130408 -0.000000 -0.000000 0.000000 -0.049318 -0.089454 0.073814 0.022575 0.022207 -0.000000 0.016311
  0.131952 0.041695 -0.027009 0.000000 0.000000 -0.064894 0.008174 0.209787 -0.088855 0.000000 0.053640 0.000000 -0.000001 -0.000000 0.000000 -0.089706 -0.000001 -0.086260 -0.135746 0.153699 -0.017969 -0.000000 -0.338822 0.018745 -0.098983 -0.153907 0.000000 -0.000000 0.000000 -0.088322 0.040509 0.141248 0.107146 0.158998 -0.009455 -0.052097 -0.070343 0.034505 -0.031809 -0.073595 0.037731 -0.000000 -0.031626 0.056373 -0.000032 0.108301 -0.000000 0.080397 -0.109176 -0.078567 0.000000 0.120336 -0.047877 -0.000000 0.026474 -0.126081 -0.124362 0.083447 -0.000000 -0.002226 0.000000 -0.023001 0.127209 -0.103125 0.059514 -0.085899 0.116280 -0.032753 -0.038251 0.086619 -0.128722 -0.000000 -0.000000 -0.071388 0.132075 0.092160 -0.000000 0.075729 0.023103 0.000000 0.000116 -0.000014 0.002255 0.014502 0.055771 -0.072607 0.060919 -0.006607 0.155953 -0.055257 -0.000000 0.000000 0.000000 0.088381 0.130350 -0.042607 0.051028 -0.102137 -0.000000 -0.057034
  0.156936 0.073217 0.012878 -0.000000 0.000000 -0.118234 -0.045897 -0.081299 0.196396 0.000000 0.121279 0.000000 -0.000019 0.000000 -0.000000 -0.107090 -0.000001 0.036432 0.129531 0.014958 0.143764 -0.000000 -0.095947 0.066234 0.024795 0.029196 -0.000000 -0.000000 -0.000000 0.023756 0.158530 -0.106954 0.109976 0.101773 0.008481 0.173405 0.034829 0.007663 -0.474883 -0.010870 0.107687 -0.000000 0.171512 -0.003765 -0.000073 -0.095547 -0.000000 0.139474 0.065454 0.037476 0.000000 0.117705 -0.081475 0.000000 -0.009419 -0.053938 0.005728 0.075488 -0.000033 -0.105953 -0.000000 0.109668 0.231929 0.154069 0.015608 0.016077 -0.104445 -0.075747 0.077828 0.092145 0.050701 0.000000 -0.000000 -0.068727 0.094516 -0.010802 -0.000000 0.021729 0.001955 -0.000000 -0.000099 -0.000265 -0.049027 -0.234444 0.113662 -0.006055 0.006926 -0.021950 -0.080938 0.128441 -0.000000 -0.000000 -0.000000 -0.118162 -0.094434 0.116836 0.100673 0.020174 0.000000 0.177339
  0.136938 -0.130075 -0.100194 0.000000 -0.000000 0.199042 0.087610 0.141652 -0.072337 0.000000 -0.028032 0.000000 -0.000001 -0.000000 0.000000 0.058866 -0.000001 0.188797 0.039622 0.029511 -0.070324 -0.000000 0.057897 0.052468 -0.050669 0.015479 -0.000000 -0.000000 0.000000 -0.018837 -0.089387 0.104131 -0.070323 -0.013916 -0.037880 0.067387 0.034719 0.120012 0.060371 -0.100829 -0.146055 -0.000000 0.130746 -0.052345 -0.000004 -0.113751 0.000000 0.120434 0.084594 0.163734 -0.000000 -0.045763 -0.048858 0.000000 0.035882 -0.032628 -0.019125 0.077126 -0.000003 0.008947 0.000000 -0.017661 0.019422 0.141149 -0.138150 0.109674 0.096478 -0.057979 0.071265 -0.099891 0.232475 0.000000 -0.000000 -0.029048 0.018067 0.017294 -0.000000 0.018750 -0.012062 -0.000000 -0.000101 -0.000302 0.025247 0.108717 -0.036785 -0.037064 -0.036615 0.119778 0.187045 0.053129 -0.000000 0.000000 -0.000000 0.066093 -0.131488 -0.039655 0.062454 0.073717 -0.000000 0.042905
  -0.026644 -0.055933 -0.000945 -0.000000 0.000000 0.032123 0.060472 0.140108 0.148427 0.000000 -0.037510 -0.000000 -0.000000 -0.000000 0.000000 0.110960 -0.000001 -0.064861 -0.021056 0.041955 0.107355 -0.000000 0.109657 -0.029200 0.012750 0.017779 -0.000000 -0.000000 0.000000 0.121852 0.013914 -0.091113 -0.078346 0.048698 0.057901 0.057396 0.071188 0.078242 0.044605 0.092063 0.046902 0.000000 0.082126 0.161714 -0.000000 -0.007604 -0.000000 -0.032776 0.042285 0.159089 -0.000000 -0.072909 -0.036005 -0.000000 -0.052126 -0.155965 -0.044340 -0.108514 -0.000000 0.089814 -0.000000 0.021807 0.064400 0.076973 -0.036181 -0.009878 0.140854 0.124872 -0.009028 -0.128117 -0.041681 -0.000000 0.000000 -0.065093 -0.042391 0.125359 -0.000000 0.083187 0.093045 -0.000000 0.000282 -0.000178 -0.072838 -0.012077 0.144976 0.148178 0.131970 -0.060850 0.055338 -0.017514 -0.000000 0.000000 -0.000000 0.155885 0.037377 0.111684 -0.088331 0.163483 0.000000 -0.075583
  0.036196 -0.010767 0.058384 0.000000 -0.000000 0.150125 -0.044993 0.049065 -0.006017 -0.000000 -0.043605 -0.000000 -0.000031 0.000000 -0.000000 -0.035952 -0.000001 0.118000 0.065632 -0.112431 0.068756 -0.000000 0.085155 0.031315 0.115428 0.048817 0.000000 -0.000000 0.000000 0.007052 -0.057787 -0.001355 0.087563 -0.050877 -0.040089 0.040639 -0.094962 0.054644 0.078430 0.092249 0.022605 -0.000000 0.015695 -0.056342 -0.000105 -0.035402 -0.000000 0.118886 -0.027587 -0.002023 -0.000000 -0.087164 -0.080800 -0.000000 0.047788 0.081295 -0.015903 0.141650 -0.000086 -0.041779 -0.000000 0.060318 -0.066250 0.085451 0.071045 0.050484 0.052168 0.167951 -0.018137 -0.033205 0.128033 0.000000 -0.000000 0.018378 -0.012232 0.018145 -0.000000 0.122144 0.107647 -0.000000 -0.000553 -0.000296 -0.126955 -0.011253 0.056283 0.119079 -0.049611 0.181734 0.018696 -0.049078 -0.000000 -0.000000 0.000000 0.178843 -0.031951 0.190645 0.119548 0.040161 0.000000 0.007386
  0.064916 -0.100777 0.068040 -0.000000 0.000000 0.146635 -0.033625 -0.017334 -0.039557 0.000000 -0.026159 0.000000 -0.000011 -0.000000 -0.000000 -0.045512 -0.000002 0.175984 -0.027020 0.023055 -0.050840 -0.000000 -0.040399 -0.060999 0.179555 -0.102491 0.000000 -0.000000 -0.000000 -0.052389 -0.009439 -0.044081 0.012624 0.022577 -0.012249 0.025443 0.141310 0.020047 0.030965 -0.038277 0.107266 -0.000000 0.005586 -0.067166 -0.000084 -0.038843 0.000000 0.166035 -0.087012 0.057739 -0.000000 -0.002258 0.138845 -0.000000 -0.025389 -0.046462 0.121068 0.076039 -0.000006 -0.090545 -0.000000 0.161076 0.032502 0.019375 0.040963 0.118113 -0.049632 -0.032345 0.074302 0.060947 0.128539 0.000000 -0.000000 -0.058209 0.143607 0.050313 0.000000 0.068829 0.047486 -0.000000 0.000005 -0.000282 0.003850 0.012333 -0.118726 -0.084839 -0.079284 -0.013307 0.130212 0.093813 -0.000000 0.000000 -0.000000 0.194454 -0.013417 -0.041090 0.018682 0.168461 0.000000 -0.095734
  0.106522 -0.436734 -0.125249 0.000000 0.000000 0.016246 -0.002583 0.146995 0.143841 0.000000 0.008140 0.000000 -0.000001 -0.000000 0.000000 0.011935 -0.000001 0.014722 -0.028704 0.049965 0.090280 -0.000000 -0.202311 0.265148 -0.013418 0.000001 -0.000000 -0.000000 0.000000 0.078363 -0.021977 0.076310 -0.005221 -0.052645 0.167713 0.118047 0.017184 -0.022285 -0.197841 0.004643 -0.020563 0.000000 -0.072721 0.062913 -0.000000 -0.011870 -0.000000 -0.081236 0.219592 -0.101783 -0.000000 0.190421 0.090407 -0.000000 0.019265 -0.016584 -0.224069 0.084188 0.000000 0.241147 -0.000000 -0.040867 0.226091 -0.088392 -0.218366 -0.062770 0.000389 0.059218 0.012330 -0.132554 0.028016 0.000000 0.000000 -0.052756 0.168176 0.044387 -0.000000 -0.069037 -0.032455 0.000000 0.000245 -0.000251 -0.076950 -0.160266 0.008851 0.103367 0.202128 -0.158715 -0.015250 -0.095179 -0.000000 -0.000000 -0.000000 -0.097510 -0.118854 0.132811 0.114431 0.142302 -0.000000 -0.136400
  0.182035 -0.100223 0.133024 -0.000000 -0.000000 0.111737 0.179130 0.122834 -0.140891 -0.000000 0.063670 0.000000 -0.000020 -0.000000 0.000000 0.111567 -0.000001 0.061495 0.024596 0.151356 0.077292 -0.000000 0.102779 0.025817 0.093162 0.032867 -0.000000 -0.000000 -0.000000 -0.002349 -0.038341 0.015805 0.031819 -0.066710 -0.067042 0.051372 0.023183 0.043867 0.058253 0.122733 -0.134379 -0.000000 0.148312 0.131142 -0.000096 0.060873 -0.000000 0.080287 0.181049 0.056612 0.000000 0.029009 0.169298 0.000000 -0.112700 -0.068788 -0.049019 -0.090403 -0.000032 -0.098933 0.000000 -0.005581 -0.168097 0.175170 -0.136295 0.068776 0.015748 0.078773 0.168430 0.052887 0.057799 0.000000 -0.000000 0.083427 0.136803 0.096115 0.000000 0.061742 0.126619 0.000000 -0.000231 -0.000354 -0.054991 0.078063 -0.093859 -0.102643 -0.015423 0.175994 0.046569 -0.018145 -0.000000 -0.000000 -0.000000 -0.032266 0.119847 0.224550 -0.070179 -0.046586 -0.000000 0.020911
  -0.027089 -0.122718 -0.076931 0.000000 0.000000 0.101613 0.014813 0.112376 0.137428 -0.000000 -0.045066 -0.000000 -0.000013 -0.000000 0.000000 0.071368 -0.000001 0.066026 0.157919 -0.062812 0.101890 -0.000000 -0.184049 0.030140 -0.163350 -0.072645 -0.000000 -0.000000 0.000000 -0.019948 0.056843 -0.025946 0.087861 0.020273 0.084227 0.134472 0.131931 -0.089440 0.027739 -0.097221 -0.034565 -0.000000 -0.012171 -0.076376 -0.000071 0.077254 0.000000 0.099639 0.089189 0.135562 -0.000000 -0.084950 -0.114973 -0.000000 -0.055375 -0.188543 0.019350 -0.059095 -0.000006 -0.119735 -0.000000 0.070117 0.053112 -0.074226 -0.128403 -0.087621 -0.052117 -0.019805 0.069026 0.072887 -0.038388 -0.000000 -0.000000 0.117054 -0.066968 0.131370 0.000000 -0.000038 -0.029782 -0.000000 -0.000074 -0.000288 -0.225025 -0.014262 -0.012329 0.135199 -0.073201 0.172115 0.088102 0.144471 -0.000000 -0.000000 -0.000000 -0.030904 0.043585 0.049536 0.162078 0.001846 -0.000000 -0.053411
  -0.120831 0.003047 0.066434 0.000000 -0.000000 0.137611 0.063520 0.199339 -0.106815 0.000000 0.091090 -0.000000 -0.000023 0.000000 -0.000000 -0.013174 -0.000001 0.068818 0.227257 0.011407 0.001471 -0.000000 0.036257 0.055359 0.000622 -0.109606 -0.000000 -0.000000 -0.000000 -0.044385 -0.076635 -0.000795 0.111221 -0.099814 0.125553 0.264569 -0.023320 0.117311 -0.003132 0.178614 -0.089355 -0.000000 -0.057306 0.090602 -0.000107 0.096447 -0.000000 -0.077415 0.013059 0.033223 0.000000 0.096368 -0.015541 -0.000000 -0.045730 -0.096648 -0.015074 -0.024008 -0.000021 0.030748 0.000000 0.072452 0.079416 0.097334 0.003450 0.155608 -0.139151 0.106335 0.147999 0.113234 -0.040364 -0.000000 -0.000000 0.054546 0.108614 -0.024832 0.000000 0.087414 0.010255 0.000000 -0.000288 -0.000034 0.087325 -0.089796 0.144921 0.161145 0.242695 0.003439 -0.040092 -0.030947 -0.000000 -0.000000 0.000000 -0.128054 0.005430 -0.041313 0.182120 0.084185 -0.000000 -0.077888
  0.024901 -0.016167 -0.027519 0.000000 0.000000 0.069684 0.042967 0.072957 0.129695 -0.000000 -0.024755 -0.000000 -0.000029 0.000000 0.000000 -0.053044 -0.000001 0.030145 0.095634 0.009387 0.090253 -0.000000 0.006849 -0.078610 0.094650 -0.026673 -0.000000 -0.000000 -0.000000 0.178909 -0.092195 -0.020818 0.039388 0.120035 -0.005626 0.098453 0.053290 -0.030079 0.044396 -0.039662 0.071518 -0.000000 -0.052767 0.066098 -0.000097 -0.042290 0.000000 -0.052802 0.041916 0.017215 0.000000 -0.057869 0.073359 0.000000 -0.156938 0.055576 -0.078885 0.160457 -0.000079 -0.039397 -0.000000 -0.013151 -0.078920 -0.000252 -0.043466 0.051704 -0.072043 0.125259 0.108991 -0.013896 0.149008 -0.000000 -0.000000 0.068068 -0.037129 0.036567 0.000000 0.113362 0.052703 0.000000 -0.000555 -0.000267 0.041462 0.013431 0.012456 -0.036950 0.076490 -0.058182 0.055302 -0.124404 -0.000000 -0.000000 -0.000000 0.144415 -0.147737 -0.051934 0.023276 0.026190 -0.000000 -0.136557
  0.156640 0.086240 -0.025132 -0.000000 -0.000000 -0.023973 0.060235 0.453898 -0.089676 0.000000 -0.081370 -0.000000 -0.000003 -0.000000 0.000000 -0.003080 -0.000001 0.146484 0.099867 0.081576 0.139091 -0.000000 -0.089467 0.178419 0.112620 -0.038608 -0.000000 -0.000000 -0.000000 -0.034087 -0.112396 0.143004 -0.045267 0.060054 0.001364 0.229158 -0.045628 0.105912 -0.082678 0.010122 -0.019063 0.000000 0.127307 0.088782 -0.000087 0.124159 -0.000000 0.038266 0.099106 -0.061267 0.000000 0.020133 0.098069 -0.000000 -0.002470 0.111999 0.005770 -0.091127 -0.000005 -0.006648 0.000000 -0.086294 0.059596 0.117230 0.098220 0.045355 0.044043 0.119337 -0.038962 -0.017196 -0.066130 0.000000 -0.000000 -0.029570 -0.002090 -0.105071 -0.000000 0.060567 0.007433 0.000000 0.000090 0.000006 0.113817 -0.155582 0.169520 0.153045 -0.000629 0.070230 -0.048245 -0.019378 -0.000000 -0.000000 -0.000000 -0.009223 0.085064 -0.002992 0.149446 -0.116534 -0.000000 0.085890
  0.065168 0.049631 -0.002216 -0.000000 -0.000000 0.273418 0.124731 0.131294 -0.005333 0.000000 0.097799 0.000000 0.000001 0.000000 -0.000000 0.161947 -0.000001 0.232730 -0.098060 0.025688 0.088721 -0.000000 -0.022836 -0.033062 0.133308 -0.046017 0.000000 -0.000000 -0.000000 -0.001384 0.208469 0.108637 0.082212 0.129690 -0.024935 -0.046960 0.024344 0.077739 0.206725 0.079554 0.030487 0.000000 -0.030603 0.213366 -0.000005 0.180784 0.000000 0.148276 0.106393 0.039626 -0.000000 -0.020162 0.195382 -0.000000 0.231389 0.056086 -0.158489 0.214737 -0.000001 0.088286 -0.000000 -0.063638 0.080905 0.186753 -0.076792 0.142214 0.037893 0.110044 0.295805 0.307434 0.073037 -0.000000 0.000000 0.176421 0.091178 0.252403 -0.000000 0.125317 0.292343 0.000000 0.000007 0.000001 -0.019689 0.127685 -0.029940 -0.032249 0.124083 0.015919 -0.085858 0.004656 -0.000000 -0.000000 0.000000 0.220962 0.145626 0.133937 0.123037 0.073383 -0.000000 0.266012
  -0.064369 -0.198541 -0.031272 -0.000000 -0.000000 -0.115514 0.017923 0.018970 -0.083404 -0.000000 0.059050 0.000000 -0.000005 -0.000000 -0.000000 0.047661 -0.000001 -0.024425 -0.080088 -0.126988 -0.011327 -0.000000 0.079386 0.042641 -0.032494 -0.000079 -0.000000 -0.000000 0.000000 0.106387 -0.112306 -0.110073 -0.113065 0.107481 0.126159 0.126913 0.049942 0.077229 -0.025486 0.079080 -0.172834 -0.000000 0.061289 0.070520 -0.000040 0.032310 0.000000 0.013393 0.085560 0.064103 -0.000000 0.004388 -0.125252 -0.000000 0.031064 -0.023682 -0.002188 0.029606 -0.000001 -0.100143 0.000000 0.009552 0.057568 0.108128 -0.137016 0.156536 0.010594 -0.071304 0.165226 0.101734 -0.110593 -0.000000 -0.000000 -0.087013 0.126397 0.016695 -0.000000 0.126037 0.018717 -0.000000 -0.000039 -0.000170 -0.169930 -0.057868 0.104627 -0.039779 0.050213 0.205655 0.007157 0.084378 -0.000000 -0.000000 0.000000 -0.110426 0.026022 -0.133402 0.148707 -0.086372 -0.000000 -0.054774
  0.185237 0.034388 0.065249 -0.000000 -0.000000 -0.041600 0.068546 -0.059358 0.143048 0.000000 0.012195 -0.000000 -0.000004 -0.000000 -0.000000 0.000374 -0.000001 0.141112 -0.003116 -0.106032 0.053640 -0.000000 -0.061803 -0.012376 0.209244 0.034500 0.000000 -0.000000 -0.000000 -0.007073 -0.038038 0.015130 0.192577 0.133200 0.123531 -0.074712 0.114233 0.150893 0.039913 0.132753 -0.091664 -0.000000 0.061544 0.084251 -0.000030 -0.041446 0.000000 0.125013 0.109276 -0.013706 -0.000000 -0.009363 -0.048601 -0.000000 -0.073313 -0.033549 0.084425 0.140730 -0.000005 -0.016843 -0.000000 0.047381 -0.154418 0.178647 0.002499 0.043531 -0.111239 0.099425 0.131431 -0.080300 0.080938 0.000000 0.000000 0.166038 0.109853 0.194360 -0.000000 0.037064 0.112228 0.000000 -0.000076 -0.000323 -0.123296 0.033218 -0.062393 -0.036831 0.086602 -0.064110 0.077642 0.059068 -0.000000 -0.000000 0.000000 0.108816 0.105565 0.129226 0.151279 0.113139 0.000000 0.126899
  0.139467 -0.158191 0.155150 -0.000000 0.000000 -0.088762 -0.023392 -0.049715 -0.019493 -0.000000 0.082738 -0.000000 -0.000004 -0.000000 0.000000 -0.039302 -0.000001 0.006651 0.093576 -0.123741 -0.079139 -0.000000 0.103497 -0.009914 0.065107 -0.026018 -0.000000 -0.000000 -0.000000 0.010898 0.047060 -0.082086 0.062244 0.131347 0.038619 0.096532 0.178960 0.141366 -0.157357 0.053353 -0.065501 -0.000000 -0.081362 -0.096651 -0.000035 -0.139453 0.000000 0.014820 0.023829 -0.042591 -0.000000 0.065593 0.116489 -0.000000 -0.099030 0.161226 -0.026913 0.111200 -0.000014 0.068320 -0.000000 -0.012450 -0.018306 0.103795 0.138293 0.069569 0.160097 -0.043717 0.027467 0.039984 0.132928 -0.000000 0.000000 0.141770 -0.032863 -0.093842 0.000000 -0.054941 0.060002 0.000000 -0.000117 -0.000053 0.107346 0.238518 -0.009718 0.116264 0.112255 -0.119233 -0.009165 0.035929 0.000000 0.000000 -0.000000 0.157613 -0.007682 0.073673 0.014065 -0.062723 0.000000 -0.104890
  0.060941 0.391051 0.123446 0.000000 -0.000000 0.077801 0.237225 0.155043 0.141158 -0.000000 0.205303 -0.000000 -0.000001 0.000000 -0.000000 0.202093 -0.000001 0.172014 0.147381 0.070938 0.014623 -0.000000 0.025239 -0.249728 0.087323 0.028936 -0.000000 -0.000000 0.000000 0.132863 0.047551 0.213622 -0.015687 0.295171 0.040906 -0.064092 0.157165 0.096154 0.008020 0.217056 0.082262 -0.000000 -0.016152 0.032042 -0.000010 0.237703 -0.000000 0.089310 0.027399 0.244437 0.000000 0.072391 0.254103 0.000000 0.262363 0.373703 0.252338 0.099335 -0.000001 0.172675 -0.000000 0.028545 0.323385 0.040468 0.154337 0.217356 0.253500 0.229357 0.201750 0.141140 0.013064 -0.000000 0.000000 0.217651 0.157242 0.064562 0.000000 0.064190 0.017003 -0.000000 0.000087 -0.000005 0.197063 -0.111867 0.159101 0.076101 -0.127762 0.055496 -0.209183 -0.024833 -0.000000 0.000000 -0.000000 0.032615 0.294906 0.076489 0.215441 0.083928 -0.000000 0.246201
  -0.269516 -0.166439 0.083677 -0.000000 0.000000 -0.018680 -0.140093 0.246826 0.368685 0.000000 0.016053 0.000000 -0.000000 0.000000 -0.000000 -0.214897 -0.000000 -0.258108 0.041283 -0.091073 -0.035876 -0.000000 0.283182 -0.129303 -0.108353 0.000000 0.000000 -0.000000 -0.000000 -0.246987 0.023695 -0.040077 -0.021476 -0.198172 -0.024249 -0.001665 -0.002445 -0.054777 0.119368 -0.184546 -0.200104 -0.000000 0.006262 -0.201535 -0.000030 -0.052163 -0.000000 -0.219092 0.099356 -0.271483 0.000000 -0.061006 0.039682 0.000000 -0.099748 -0.014305 0.146386 -0.025708 -0.000001 0.090556 0.000000 0.103585 -0.301153 -0.117647 -0.216810 0.004167 0.079088 -0.185495 -0.050822 -0.061485 -0.117036 -0.000000 -0.000000 -0.024205 -0.073062 -0.120988 0.000000 -0.146893 -0.114968 0.000000 -0.000138 0.000003 0.111598 0.080667 -0.172835 -0.093293 -0.026265 -0.169482 -0.353604 0.025566 -0.000000 -0.000000 -0.000000 -0.013896 0.107178 -0.068977 -0.018138 -0.001995 0.000000 -0.001321
  0.085500 0.103692 -0.039043 -0.000000 0.000000 -0.028803 0.050368 0.014200 0.116262 -0.000000 0.146625 0.000000 -0.000016 0.000000 -0.000000 -0.028717 -0.000001 -0.094307 0.184420 -0.106656 0.074704 -0.000000 0.008003 0.001801 0.061328 -0.004540 0.000000 -0.000000 0.000000 -0.035515 -0.114129 0.004079 0.007701 0.049165 0.102128 0.061683 -0.041208 -0.082916 -0.013229 0.068468 -0.036053 -0.000000 0.038418 0.024341 -0.000112 0.081504 0.000000 -0.034061 -0.068548 -0.063937 0.000000 0.170303 -0.020154 -0.000000 0.101138 0.100413 0.101548 0.060913 -0.000019 -0.024517 -0.000000 -0.075337 0.142748 -0.061433 0.048193 0.033673 -0.021919 0.135305 -0.054744 -0.022385 0.100825 -0.000000 0.000000 0.105810 0.141776 0.137846 -0.000000 0.047430 -0.079739 -0.000000 -0.000248 -0.000071 0.175548 -0.080210 0.117930 0.012222 0.074785 0.165372 -0.031064 0.050914 -0.000000 -0.000000 -0.000000 0.093125 -0.092853 -0.095109 -0.056267 0.082612 0.000000 0.053000
  0.041454 0.143997 0.055106 0.000000 0.000000 0.103272 0.045830 0.083217 0.115698 -0.000000 -0.070315 0.000000 -0.000034 0.000000 -0.000000 -0.018610 -0.000001 -0.033733 -0.063381 0.006887 0.123904 -0.000000 -0.035715 -0.052823 0.080155 -0.049073 -0.000000 -0.000000 -0.000000 -0.034308 -0.084035 0.117908 -0.017462 0.158509 0.150421 0.155254 0.094089 -0.027357 0.051310 -0.065075 0.053061 -0.000000 0.120324 0.020221 -0.000102 -0.087741 -0.000000 0.132971 0.048175 0.188641 -0.000000 0.124883 0.007091 0.000000 0.090918 0.098717 -0.037822 0.174401 -0.000090 -0.114083 -0.000000 0.124242 -0.064463 0.154305 0.072829 -0.037083 0.136323 -0.066788 0.162640 -0.063908 0.049371 -0.000000 -0.000000 0.002615 -0.093083 -0.029643 -0.000000 0.000644 0.123271 0.000000 -0.000562 -0.000310 0.013142 0.030841 0.002928 0.096139 -0.126076 0.158713 0.087384 -0.081895 -0.000000 -0.000000 -0.000000 -0.057915 0.047033 0.121727 0.118574 -0.076802 -0.000000 0.092052
  -0.018666 0.096351 -0.095128 -0.000000 -0.000000 0.113354 -0.032131 -0.056799 -0.051164 -0.000000 -0.002010 -0.000000 -0.000001 -0.000000 0.000000 0.174294 -0.000001 -0.058205 0.206115 -0.064420 -0.028282 -0.000000 0.069853 0.034298 0.212233 -0.137342 -0.000000 -0.000000 -0.000000 -0.019731 -0.053060 -0.037009 -0.038207 -0.004700 -0.018534 0.212314 0.025008 0.201041 -0.068348 0.037971 0.067712 -0.000000 -0.039935 0.180697 -0.000005 -0.062832 -0.000000 0.051671 -0.052834 0.045024 -0.000000 0.052150 0.003916 -0.000000 -0.075706 0.053886 -0.038668 0.012656 -0.000013 0.147126 0.000000 0.147193 0.048121 0.186093 -0.168159 0.074991 0.107167 0.140553 0.201674 0.167919 0.202998 0.000000 0.000000 0.084664 0.170993 0.171863 0.000000 0.105145 0.025783 -0.000000 -0.000344 -0.000111 0.026183 -0.190036 0.171515 0.156689 0.157666 0.110297 -0.122976 -0.004192 -0.000000 0.000000 -0.000000 0.114138 0.084585 0.090347 0.183093 -0.046633 0.000000 -0.060922
  -0.094510 0.092558 -0.081559 0.000000 -0.000000 -0.096305 -0.098073 0.074769 0.186757 -0.000000 0.041180 0.000000 -0.000001 -0.000000 0.000000 0.081527 -0.000001 0.068077 0.181571 -0.069914 0.163161 -0.000000 0.089993 -0.084494 0.004825 -0.000000 0.000000 -0.000000 -0.000000 -0.073795 0.175954 0.147219 -0.097304 0.130142 0.148961 0.000355 0.086974 0.027645 -0.000111 -0.031720 0.113665 -0.000000 -0.092447 0.119543 -0.000008 -0.009097 0.000000 0.039524 0.031104 0.166286 0.000000 -0.054337 0.016225 0.000000 -0.026120 0.069085 -0.018597 -0.078551 -0.000000 0.205599 0.000000 0.119452 0.044738 -0.097228 0.148549 -0.013384 0.029103 0.156924 0.058667 -0.011964 0.151115 0.000000 -0.000000 0.140442 0.002735 0.050200 0.000000 0.144680 -0.049745 -0.000000 0.000039 -0.000236 -0.143687 -0.083797 -0.077644 0.003830 -0.115206 0.126390 -0.043183 -0.025978 -0.000000 0.000000 -0.000000 -0.081337 0.089035 0.010373 0.085413 0.028923 -0.000000 0.014353
  0.112288 0.182138 -0.113170 -0.000000 -0.000000 0.029358 0.150340 -0.080040 0.185069 0.000000 0.179004 0.000000 -0.000001 -0.000000 -0.000000 -0.024829 -0.000000 0.035925 0.128823 0.006858 0.126514 -0.000000 0.106179 0.104438 0.052070 -0.043790 -0.000000 -0.000000 0.000000 0.042190 -0.012601 0.181333 -0.077683 0.033572 0.062365 -0.046814 -0.000356 -0.087749 0.040503 -0.020825 -0.009330 0.000000 -0.061633 -0.024542 -0.000013 0.016308 0.000000 0.074898 0.023087 0.072889 -0.000000 -0.107635 0.106242 0.000000 -0.035785 0.029253 -0.150234 0.048055 -0.000002 -0.059503 0.000000 -0.131466 0.075444 0.155255 0.057836 -0.050189 0.187916 0.153477 0.117760 -0.005366 -0.037356 0.000000 0.000000 0.145214 -0.028912 -0.007425 0.000000 0.026878 -0.056098 -0.000000 -0.000328 -0.000113 -0.039187 -0.039098 0.121271 -0.005371 0.192139 -0.049083 0.005168 -0.109072 -0.000000 0.000000 0.000000 0.067536 -0.032082 0.154930 0.154373 0.171307 -0.000000 0.175316
  -0.068771 -0.163054 -0.040258 -0.000000 0.000000 0.137258 0.102717 0.141547 -0.063482 0.000000 0.012097 0.000000 0.000000 0.000000 0.000000 0.131470 -0.000001 -0.014178 0.236289 0.062199 0.129475 -0.000000 -0.102029 0.012144 0.033255 -0.247811 -0.000000 -0.000000 0.000000 -0.085266 0.181211 0.097200 -0.070026 0.111361 0.099504 0.107980 0.011197 0.045598 -0.351709 0.095448 -0.024595 0.000000 0.123374 0.066461 -0.000081 0.013731 0.000000 0.055666 0.084022 0.050888 -0.000000 0.123928 0.017399 0.000000 0.054811 0.009481 0.001339 0.076691 -0.000006 0.102929 0.000000 0.187244 -0.064984 0.065636 -0.258660 0.049855 -0.071675 0.042512 0.091954 -0.018744 0.112933 0.000000 -0.000000 0.138815 -0.028533 -0.077086 -0.000000 0.129888 0.019255 0.000000 -0.000118 0.000009 0.046049 -0.085480 0.282620 -0.061007 0.103874 0.098310 0.157920 0.027600 -0.000000 -0.000000 0.000000 0.092433 -0.022326 0.059214 -0.043848 0.015749 -0.000000 0.091624
  0.201303 -0.100876 0.030724 0.000000 0.000000 0.073243 0.069331 -0.012720 -0.122890 -0.000000 0.030083 -0.000000 -0.000025 -0.000000 0.000000 -0.021243 -0.000001 0.175637 -0.036462 -0.014593 0.098222 -0.000000 -0.075160 -0.086639 0.209854 0.093422 0.000000 -0.000000 0.000000 0.199806 0.153797 -0.035578 -0.030775 0.107772 0.081528 -0.102102 -0.102122 0.170116 0.071942 -0.000054 -0.020015 -0.000000 0.117063 0.024076 -0.000102 0.010728 -0.000000 0.089503 -0.071178 0.211339 -0.000000 -0.029693 0.046786 -0.000000 0.006284 -0.020008 0.026635 0.085609 -0.000041 -0.196113 0.000000 0.162527 -0.240416 0.020927 0.014001 0.007166 -0.046499 0.212495 -0.021749 -0.106515 0.197606 0.000000 -0.000000 0.087018 0.118318 0.138894 -0.000000 -0.108931 0.033452 0.000000 -0.000230 -0.000356 0.034122 0.073939 0.006839 0.126707 0.103304 0.071488 -0.115253 0.143874 -0.000000 -0.000000 0.000000 0.141377 -0.068135 0.187443 -0.022623 0.012688 -0.000000 0.105957
  0.000000 0.000000 0.000000 -0.000000 -0.000000 0.000000 -0.000000 0.000000 0.000000 0.000000 -0.000000 -0.000000 0.000000 -0.000000 0.000000 -0.000000 -0.000000 -0.000000 -0.000000 0.000000 -0.000000 -0.000000 -0.000000 -0.000000 -0.000000 -0.000000 0.000000 0.000000 0.000000 0.000000 -0.000000 0.000000 0.000000 -0.000000 0.000000 -0.000000 -0.000000 0.000000 -0.000000 -0.000000 -0.000000 -0.000000 -0.000000 0.000000 0.000000 0.000000 -0.000000 0.000000 0.000000 -0.000000 0.000000 0.000000 0.000000 -0.000000 -0.000000 0.000000 0.000000 0.000000 0.000000 0.000000 -0.000000 0.000000 -0.000000 0.000000 0.000000 -0.000000 0.000000 -0.000000 -0.000000 -0.000000 -0.000000 -0.000000 -0.000000 0.000000 0.000000 0.000000 -0.000000 0.000000 0.000000 -0.000000 0.000000 -0.000000 0.000000 -0.000000 -0.000000 0.000000 -0.000000 -0.000000 0.000000 0.000000 0.000000 -0.000000 -0.000000 0.000000 -0.000000 -0.000000 0.000000 -0.000000 -0.000000 -0.000000
  -0.100963 -0.287494 -0.087663 -0.000000 0.000000 0.082152 -0.029407 0.057768 -0.131334 -0.000000 -0.051355 0.000000 -0.000008 0.000000 -0.000000 -0.096999 -0.000001 -0.049063 0.125687 0.070377 0.059541 -0.000000 0.061828 0.037008 0.008810 -0.192251 0.000000 -0.000000 -0.000000 -0.021094 -0.072329 -0.005265 0.008830 -0.032496 -0.028750 0.161376 0.106503 0.183565 -0.004436 0.159687 -0.034245 -0.000000 -0.029007 -0.033346 -0.000000 0.201955 -0.000000 -0.012400 0.067666 -0.045369 0.000000 -0.024335 0.157115 -0.000000 0.084297 -0.001805 -0.047488 0.077287 -0.000001 0.002595 -0.000000 0.151796 0.129197 -0.095501 -0.042610 0.106676 -0.018908 -0.041870 -0.039760 0.025635 0.155610 -0.000000 -0.000000 -0.095180 -0.077905 0.015819 0.000000 -0.007237 0.148393 0.000000 0.000026 -0.000340 0.055321 -0.060317 0.108935 0.000864 0.123574 0.064134 -0.052554 0.159183 -0.000000 0.000000 -0.000000 -0.016200 0.072657 0.048756 -0.011209 -0.095957 0.000000 -0.056809
  0.115359 0.155737 0.031960 -0.000000 -0.000000 0.064028 0.038096 0.222991 0.000842 -0.000000 -0.047700 -0.000000 -0.000000 -0.000000 0.000000 0.279928 0.000000 0.183195 0.071134 0.070569 0.068677 -0.000000 -0.172728 0.074941 0.078605 0.017770 -0.000000 -0.000000 -0.000000 0.120588 0.130299 0.256337 0.006921 0.231740 0.141756 0.257505 0.044560 0.102419 -0.135020 0.048979 0.028386 -0.000000 -0.060482 0.118250 0.000003 0.069798 -0.000000 0.134578 0.036831 0.120610 0.000000 0.191349 -0.045041 0.000000 0.042390 0.133589 -0.035801 0.151778 -0.000000 0.077306 -0.000000 0.009556 0.010131 0.041872 -0.011818 0.138763 -0.090696 0.179632 0.035329 0.110713 0.360521 -0.000000 0.000000 0.061583 0.127318 0.164469 -0.000000 -0.013361 -0.040433 -0.000000 -0.000004 -0.000001 -0.175709 -0.284270 0.105389 -0.036481 0.183944 0.000245 0.078267 -0.034492 -0.000000 0.000000 -0.000000 0.165967 0.035623 0.248558 -0.013042 0.203126 0.000000 -0.020726
  -0.046439 -0.020003 -0.123517 0.000000 0.000000 0.119322 -0.132862 -0.137222 0.133649 -0.000000 0.058890 0.000000 -0.000001 -0.000000 -0.000000 0.060587 0.000001 0.094983 -0.053219 0.015744 0.004598 -0.000000 0.047604 -0.019582 -0.104112 0.004373 0.000000 -0.000000 0.000000 -0.061372 -0.137184 0.096562 0.095382 -0.136452 0.116928 -0.038976 -0.214034 -0.023058 0.195734 0.054862 0.066958 0.000000 0.043786 -0.053365 -0.000003 0.118997 0.000000 0.013917 0.218867 -0.091317 0.000000 0.175777 0.100155 -0.000000 -0.064337 0.079316 0.031808 0.001669 -0.000001 -0.035658 -0.000000 0.092693 -0.101393 -0.012781 -0.129069 -0.091627 -0.084035 -0.116822 0.009627 0.109704 -0.046931 -0.000000 0.000000 -0.033986 0.111047 0.099220 -0.000000 -0.075014 0.003180 -0.000000 -0.000194 -0.000001 0.146008 0.050844 -0.081120 0.032879 0.066412 -0.005160 0.087980 0.000724 -0.000000 -0.000000 -0.000000 -0.154673 -0.076196 -0.031659 0.080759 0.133119 -0.000000 0.018588
  0.040760 -0.092994 0.041319 -0.000000 -0.000000 -0.037182 0.070976 0.124956 -0.063407 -0.000000 0.111326 -0.000000 -0.000012 -0.000000 0.000000 0.028286 -0.000001 -0.124730 -0.011707 0.062218 0.093844 -0.000000 0.147150 0.171165 -0.139483 -0.043550 -0.000000 -0.000000 0.000000 0.106501 -0.010854 0.025581 0.108552 -0.028362 -0.028233 0.030572 0.022477 0.088667 -0.068563 -0.145766 0.173716 -0.000000 0.087935 0.108729 -0.000028 -0.003056 0.000000 -0.069485 0.146943 -0.046248 -0.000000 0.072010 -0.032672 0.000000 0.108639 0.103561 0.083400 -0.106758 -0.000052 0.079213 0.000000 0.159405 0.050764 -0.027485 0.023586 -0.066199 -0.109235 0.034780 -0.093010 -0.104471 -0.129409 -0.000000 -0.000000 0.062217 0.039537 -0.021505 -0.000000 0.131401 -0.001201 0.000000 -0.000182 -0.000268 0.140084 -0.020852 0.049230 0.055888 0.104561 0.106218 0.055364 0.222356 -0.000000 0.000000 0.000000 0.057887 -0.067348 0.074546 0.211430 -0.040915 0.000000 -0.058557
  0.144847 0.053320 -0.083368 -0.000000 0.000000 -0.090227 0.057068 0.065009 0.061874 -0.000000 0.164640 0.000000 -0.000030 -0.000000 -0.000000 0.119677 -0.000001 -0.047440 0.048125 0.034339 0.110168 -0.000000 -0.163980 -0.020726 -0.037583 0.033362 0.000000 -0.000000 0.000000 0.032132 -0.125997 0.143675 0.049965 0.054549 0.021458 0.105803 -0.150445 -0.043053 0.037163 -0.123881 0.041962 -0.000000 -0.052899 -0.129579 -0.000096 0.090856 -0.000000 0.031006 -0.060829 0.051530 -0.000000 0.006162 0.023772 0.000000 -0.056716 0.053265 0.017587 0.132347 -0.000068 -0.068730 0.000000 -0.108471 -0.208310 -0.100328 0.072486 -0.130503 0.065474 0.004433 -0.125577 -0.036371 -0.054979 0.000000 0.000000 0.024823 -0.132236 0.054416 0.000000 0.042809 0.096565 -0.000000 -0.000436 -0.000189 -0.116645 0.054459 0.142887 0.062597 -0.100699 -0.040765 -0.016704 0.105264 -0.000000 0.000000 -0.000000 0.105178 0.103174 -0.006231 -0.017192 0.115473 -0.000000 0.045311
  -0.189766 -0.010915 0.015354 -0.000000 0.000000 -0.155654 -0.031620 -0.203188 -0.105098 -0.000000 -0.033297 0.000000 -0.000004 -0.000000 0.000000 -0.198636 -0.000000 -0.127754 -0.415774 -0.135277 -0.149978 -0.000000 -0.042380 0.094404 0.014838 -0.212484 0.000000 -0.000000 0.000000 -0.162874 -0.132675 -0.010712 -0.075720 -0.302544 -0.326233 -0.188682 -0.163894 -0.188252 0.102649 -0.304674 0.202077 -0.000000 -0.108629 -0.082088 -0.000009 -0.139552 -0.000000 -0.186813 -0.015652 -0.186701 0.000000 -0.086611 0.006695 -0.000000 -0.382626 0.089558 -0.018230 -0.273818 -0.000017 -0.083159 -0.000000 0.096564 0.037122 -0.406216 0.191457 -0.121783 0.176267 -0.068220 -0.086647 0.079247 -0.323097 0.000000 0.000000 -0.245939 -0.093168 -0.208434 0.000000 -0.155212 -0.122101 -0.000000 -0.000367 -0.000006 0.117036 0.003100 -0.014476 -0.011992 -0.261109 -0.215648 -0.006225 -0.042388 0.000000 -0.000000 0.000000 -0.186707 -0.098990 -0.222264 -0.125549 -0.219231 -0.000000 -0.097496
  0.048824 0.036864 -0.085839 0.000000 0.000000 0.006769 0.006516 0.206181 0.037642 -0.000000 -0.133113 0.000000 -0.000005 0.000000 -0.000000 -0.175686 -0.000000 -0.095739 -0.087796 -0.071404 -0.195641 -0.000000 -0.007359 0.072316 -0.023538 0.060071 0.000000 -0.000000 -0.000000 -0.037831 -0.176807 -0.005013 0.060645 -0.147135 -0.231473 0.007348 -0.106601 -0.108754 -0.000732 -0.075596 0.014209 -0.000000 -0.231731 -0.026292 -0.000006 -0.036922 0.000000 -0.128950 -0.259944 -0.023329 -0.000000 -0.208820 -0.186830 -0.000000 -0.045402 0.134068 0.062645 0.028489 -0.000039 0.137438 -0.000000 -0.254700 0.095505 -0.097239 -0.055859 -0.136915 0.070106 -0.122200 -0.176454 0.002370 0.007147 0.000000 0.000000 -0.176641 -0.199495 -0.112105 -0.000000 -0.084852 0.035373 0.000000 -0.000313 -0.000003 -0.015403 0.026156 -0.215474 -0.142792 -0.254560 -0.097776 0.012470 -0.270495 -0.000000 0.000000 0.000000 -0.000274 -0.035913 -0.124959 -0.197013 0.007403 0.000000 -0.138966
  -0.007253 0.199524 0.028066 0.000000 -0.000000 -0.059977 0.108293 0.011921 0.130966 0.000000 0.035420 0.000000 -0.000000 -0.000000 0.000000 -0.033780 -0.000000 0.080358 0.182315 -0.007528 0.002815 -0.000000 0.012553 0.041247 -0.025800 -0.057934 0.000000 -0.000000 0.000000 -0.094193 -0.019137 0.024949 0.154580 0.076324 0.018200 -0.091425 0.016401 -0.077180 -0.870330 0.088897 -0.077844 -0.000000 0.125231 -0.035937 -0.000028 0.127305 0.000000 0.108438 -0.071278 -0.066440 -0.000000 -0.035009 0.088829 -0.000000 0.079190 -0.022791 -0.077620 0.163439 -0.000002 0.071319 -0.000000 -0.075057 -0.007074 -0.013515 0.084593 0.119436 0.166767 -0.105743 0.064685 -0.088338 0.013999 0.000000 -0.000000 0.110010 0.120022 0.124652 -0.000000 0.043237 0.133204 -0.000000 -0.000095 -0.000099 -0.045945 -0.817347 0.116760 0.105723 0.143449 -0.068011 -0.171217 0.118171 -0.000000 0.000000 0.000000 -0.122539 -0.054042 -0.004476 0.112534 0.064129 0.000000 0.023457
  0.026946 -0.040027 -0.014011 -0.000000 -0.000000 0.072657 0.057890 -0.112361 -0.020921 0.000000 -0.041192 0.000000 -0.000029 0.000000 -0.000000 0.215387 -0.000002 0.158867 -0.001412 0.095742 0.061875 -0.000000 0.069862 -0.179043 0.184474 -0.079754 -0.000000 -0.000000 -0.000000 0.016523 0.115169 0.166859 0.209812 0.039022 0.057302 -0.037059 -0.056047 0.126370 0.037980 0.032396 -0.058846 -0.000000 0.158156 0.110164 -0.000089 0.118203 0.000000 -0.031386 -0.041920 -0.042855 -0.000000 0.138163 -0.007677 -0.000000 0.136859 0.056899 0.030323 0.010009 -0.000065 -0.172257 -0.000000 -0.009329 -0.043969 -0.044852 -0.121813 -0.019402 0.014600 0.126338 0.092374 -0.067843 -0.054633 -0.000000 -0.000000 0.148216 0.153862 0.134527 0.000000 0.074802 -0.069975 0.000000 -0.000402 -0.000343 -0.121968 0.007061 0.037335 0.050456 -0.062492 0.034250 -0.060052 0.151930 -0.000000 -0.000000 -0.000000 0.158071 -0.128352 -0.106068 0.006027 0.169543 -0.000000 -0.043356
  -0.028377 -0.022412 0.020050 -0.000000 -0.000000 -0.098856 -0.076063 0.172250 0.075424 -0.000000 -0.082921 -0.000000 -0.000017 0.000000 -0.000000 0.046628 -0.000000 0.151257 -0.166068 -0.079987 -0.091087 -0.000000 0.054226 -0.146559 -0.078194 0.037643 -0.000000 -0.000000 -0.000000 -0.083621 0.006163 -0.037490 0.013219 -0.106857 0.078651 0.045367 0.070943 -0.005338 0.001614 0.085076 0.026603 -0.000000 -0.049985 -0.054035 -0.000063 0.025367 0.000000 0.069059 -0.109982 -0.037104 -0.000000 0.024809 -0.110352 0.000000 -0.119878 -0.062017 0.035110 -0.021670 -0.000069 -0.035910 -0.000000 0.127175 -0.030964 -0.061589 0.004761 -0.138387 0.051503 0.122261 0.102248 -0.026722 -0.027469 -0.000000 0.000000 -0.003310 -0.018046 0.085518 -0.000000 -0.197319 -0.129965 -0.000000 -0.000454 -0.000057 -0.032045 -0.116640 0.087357 -0.073811 0.037060 -0.010809 0.074342 0.104564 -0.000000 -0.000000 0.000000 0.014793 -0.068472 0.008547 0.064289 0.124081 -0.000000 -0.136137
  -0.134758 -0.016790 -0.117327 -0.000000 -0.000000 -0.190307 0.066027 -0.019753 0.004704 -0.000000 0.075512 0.000000 -0.000006 -0.000000 0.000000 -0.159611 -0.000000 -0.038058 -0.078015 0.026326 0.050340 -0.000000 -0.115479 0.012995 -0.210340 -0.002078 -0.000000 -0.000000 -0.000000 -0.102838 -0.241094 -0.115358 0.046774 -0.235325 -0.096833 -0.200826 -0.140486 -0.170410 0.039260 0.019628 -0.038130 -0.000000 -0.032863 -0.157842 -0.000074 -0.044037 -0.000000 -0.014485 -0.063297 -0.024774 0.000000 -0.218451 -0.153868 -0.000000 -0.192398 0.071319 0.088119 -0.074555 -0.000007 -0.004327 -0.000000 -0.004640 0.064775 -0.159247 0.065162 -0.152639 0.061257 -0.065963 -0.158365 0.032867 -0.037250 -0.000000 0.000000 -0.125225 0.000966 -0.035950 -0.000000 -0.002373 -0.198336 -0.000000 -0.000092 -0.000006 0.148475 0.097088 -0.074796 -0.107152 -0.026612 -0.107900 -0.086283 -0.061861 -0.000000 -0.000000 0.000000 -0.067287 0.151781 -0.278739 -0.021152 -0.050356 0.000000 -0.006958
  -0.071256 -0.189131 0.010876 -0.000000 0.000000 -0.007030 0.049543 -0.100790 0.005001 -0.000000 -0.083889 -0.000000 -0.000018 0.000000 -0.000000 0.086047 -0.000001 0.146352 0.160637 0.163643 0.064846 -0.000000 -0.228951 -0.052125 0.043535 -0.098768 0.000000 -0.000000 -0.000000 0.179658 0.012701 -0.011506 0.168589 0.034875 0.110543 -0.004734 -0.010271 0.138304 0.022325 0.006905 -0.253341 -0.000000 -0.098672 0.151989 -0.000090 0.063788 0.000000 -0.021564 0.047137 0.148752 0.000000 0.048171 0.071766 0.000000 0.127358 -0.006325 -0.135003 0.198840 -0.000008 -0.134971 -0.000000 -0.062170 -0.103893 -0.008414 -0.128480 0.104896 -0.157874 -0.008470 -0.051670 -0.096210 -0.104436 -0.000000 0.000000 0.186780 0.129839 -0.016008 -0.000000 -0.083779 0.120870 -0.000000 -0.000107 -0.000295 -0.181547 0.097137 0.047599 0.142313 0.015086 0.163110 0.105934 0.152311 -0.000000 0.000000 0.000000 -0.071822 0.145327 0.094780 0.031779 0.022271 -0.000000 0.147647
  0.034313 -0.029554 -0.000456 -0.000000 0.000000 -0.058096 -0.013823 0.160793 -0.104712 -0.000000 -0.014119 -0.000000 -0.000010 0.000000 0.000000 0.093754 -0.000000 -0.052827 -0.092860 -0.085196 0.085314 -0.000000 -0.122851 0.037347 -0.018119 0.063150 0.000000 -0.000000 0.000000 -0.025722 0.046662 0.118342 0.105406 -0.104358 -0.068566 0.019430 -0.046379 0.044334 -0.013875 -0.100639 0.015739 -0.000000 0.100969 0.125128 -0.000107 -0.104714 0.000000 0.049627 -0.025873 0.105684 0.000000 -0.015145 -0.011739 -0.000000 0.018734 0.011820 0.070840 -0.129371 -0.000012 -0.010897 -0.000000 0.004741 0.108177 -0.008449 0.025857 0.094924 0.032414 0.133619 -0.013826 0.029390 -0.131087 0.000000 0.000000 0.109198 0.125199 -0.065832 0.000000 -0.029495 0.024183 -0.000000 -0.000002 -0.000000 0.080477 -0.067608 -0.076499 0.043619 -0.080079 0.109817 0.086552 0.015955 -0.000000 -0.000000 0.000000 0.009822 0.144254 0.005101 0.064012 -0.150642 0.000000 0.068296
  -0.006545 0.079536 -0.142152 0.000000 0.000000 -0.195055 0.062220 0.151233 0.122284 -0.000000 0.078905 -0.000000 -0.000008 -0.000000 -0.000000 -0.070151 0.000001 0.005630 0.041969 -0.000849 0.048059 -0.000000 -0.013851 0.034223 -0.173376 0.127741 -0.000000 -0.000000 -0.000000 0.043724 -0.320367 -0.185662 0.008712 -0.132871 -0.022444 -0.042422 -0.237665 0.017337 -0.004934 -0.031915 0.063906 0.000000 -0.144082 -0.169192 -0.000024 -0.094672 -0.000000 -0.005489 -0.016053 -0.226723 -0.000000 -0.216701 -0.220648 -0.000000 -0.234266 0.197249 0.085474 -0.198840 -0.000037 0.144715 -0.000000 -0.080340 0.170405 -0.039667 -0.045082 -0.043687 0.189265 -0.035991 -0.012885 -0.032105 -0.096191 0.000000 0.000000 0.000068 -0.010818 -0.173921 -0.000000 -0.142229 -0.201662 0.000000 -0.000338 -0.000003 0.116942 -0.193348 -0.149691 -0.030967 -0.056100 -0.027120 -0.075130 -0.249199 -0.000000 -0.000000 0.000000 0.042614 -0.034683 -0.106848 -0.145216 0.058552 -0.000000 -0.067596
  0.083278 0.064003 0.006214 -0.000000 0.000000 0.010023 0.039016 -0.064976 -0.036037 -0.000000 0.127644 0.000000 -0.000033 -0.000000 -0.000000 -0.002606 -0.000001 0.095452 -0.045662 0.084891 0.101296 -0.000000 0.114413 0.010576 0.105945 -0.042630 -0.000000 -0.000000 0.000000 0.112786 -0.033601 0.048714 0.049660 0.211750 0.111976 0.141253 -0.008683 0.019288 0.038451 0.039505 -0.107437 -0.000000 0.135773 0.154270 -0.000098 0.061163 -0.000000 -0.151540 0.066831 0.016598 -0.000000 0.125077 -0.076086 0.000000 0.044629 0.122685 -0.037244 0.117343 -0.000054 0.120236 -0.000000 -0.010175 0.075671 0.056176 -0.145244 0.057716 0.008922 -0.073154 0.053401 -0.097246 0.017089 0.000000 -0.000000 -0.035950 -0.070396 -0.057232 -0.000000 0.054071 0.091292 0.000000 -0.000254 -0.000331 0.056308 0.020979 0.110100 0.005917 -0.119280 0.149350 -0.082067 -0.084355 -0.000000 -0.000000 0.000000 -0.102264 -0.028597 -0.023491 0.056181 0.148850 -0.000000 0.209113
  0.076539 0.078547 -0.019707 -0.000000 0.000000 0.170635 -0.025194 -0.045077 0.079135 0.000000 -0.015023 0.000000 -0.000006 0.000000 0.000000 0.037945 -0.000002 0.083885 0.039299 -0.033376 0.103833 -0.000000 -0.053669 0.042025 -0.051610 0.000000 -0.000000 -0.000000 -0.000000 0.071906 -0.050698 0.115973 0.141783 -0.020997 -0.039997 -0.000155 0.059730 0.080304 0.059965 -0.010259 0.139137 -0.000000 -0.081190 0.092412 -0.000025 0.135247 0.000000 0.156741 0.138495 0.030281 0.000000 -0.096199 -0.114882 0.000000 -0.110146 0.260629 -0.031048 0.119639 -0.000003 0.150103 -0.000000 0.098494 0.005530 0.100119 -0.066731 -0.081664 0.028106 -0.030530 0.117326 -0.074352 -0.096689 -0.000000 -0.000000 -0.063487 0.095110 -0.027823 -0.000000 -0.033266 0.006967 -0.000000 0.000181 -0.000302 -0.178482 0.002458 -0.077968 0.080346 0.076541 0.050954 0.069448 -0.046403 -0.000000 -0.000000 -0.000000 -0.108517 -0.116727 -0.070344 -0.027970 -0.139850 -0.000000 0.148315
  -0.175460 0.034124 0.044540 -0.000000 -0.000000 -0.169022 -0.035138 -0.066787 -0.027155 -0.000000 0.067433 -0.000000 -0.000003 -0.000000 0.000000 -0.040275 -0.000000 0.057575 -0.236236 -0.149675 -0.151564 -0.000000 0.037452 -0.104885 -0.029047 0.129482 -0.000000 -0.000000 -0.000000 0.073043 -0.009867 -0.044691 -0.114539 -0.134102 -0.186082 0.067861 0.082866 -0.122016 -0.017267 -0.062655 -0.079777 -0.000000 0.018087 -0.110256 -0.000007 -0.026978 0.000000 -0.218660 -0.114524 -0.309191 -0.000000 -0.048370 -0.126019 0.000000 0.082120 -0.004613 -0.014259 -0.112765 -0.000027 0.013458 -0.000000 0.061380 0.117052 -0.158574 0.080969 -0.039841 0.013219 -0.088092 0.067900 0.048974 -0.158918 -0.000000 0.000000 -0.096960 -0.152304 -0.114234 0.000000 -0.050887 -0.221052 -0.000000 -0.000364 0.000002 0.084704 -0.035958 -0.030997 0.037993 -0.166735 -0.123398 0.000324 -0.112665 -0.000000 0.000000 0.000000 -0.089293 0.151180 -0.120597 -0.132561 -0.082699 0.000000 -0.084428
  -0.027882 -0.019293 0.092479 0.000000 -0.000000 0.004514 0.009227 0.211275 -0.053396 -0.000000 -0.062902 -0.000000 -0.000003 -0.000000 0.000000 -0.029267 -0.000001 -0.064890 -0.051430 0.198627 0.010079 -0.000000 0.004039 0.159966 -0.001510 -0.242957 -0.000000 -0.000000 0.000000 -0.069899 -0.051802 0.018680 -0.015275 -0.136107 0.064455 0.047649 0.127834 -0.034906 -0.064813 0.071415 0.079542 -0.000000 0.114496 -0.028282 -0.000002 0.178675 0.000000 -0.038707 -0.015342 -0.037100 -0.000000 -0.057269 -0.004932 0.000000 0.152010 0.027255 0.040256 -0.161791 -0.000035 -0.083018 0.000000 -0.023459 0.131406 0.020158 -0.093078 -0.107071 0.091093 0.112065 0.043094 -0.065325 0.045308 -0.000000 0.000000 0.068044 0.089660 -0.030241 0.000000 0.011578 -0.109647 -0.000000 -0.000083 -0.000298 -0.057776 0.023007 -0.023622 -0.096210 -0.000056 0.006791 -0.017760 0.061706 -0.000000 -0.000000 0.000000 -0.082106 0.056232 0.048240 0.063248 0.027986 0.000000 -0.145889
  0.113496 0.032220 -0.075687 0.000000 0.000000 -0.126306 0.146553 0.206168 0.091888 -0.000000 0.155897 -0.000000 -0.000000 0.000000 0.000000 0.118630 -0.000001 -0.087321 0.032316 0.041528 -0.062130 -0.000000 0.008644 0.234697 0.075189 -0.085256 -0.000000 -0.000000 0.000000 0.004747 0.046326 -0.129474 -0.079571 0.126169 0.198100 0.194794 0.023368 0.115803 -0.502456 0.090095 -0.090440 0.000000 0.154610 0.214682 0.000001 0.058477 0.000000 -0.113406 0.170609 -0.098400 0.000000 0.132478 -0.022026 -0.000000 0.109895 0.009330 -0.108810 0.141441 -0.000001 0.010574 -0.000000 0.218645 0.061676 0.104303 0.070031 0.017340 0.085029 -0.079374 0.094350 0.020249 0.114958 0.000000 0.000000 0.061793 0.056630 -0.039714 0.000000 0.184307 0.058955 -0.000000 -0.000008 -0.000196 -0.119406 -0.613036 0.072035 0.125223 0.030866 0.072483 -0.002551 0.177943 -0.000000 -0.000000 0.000000 0.072248 -0.046476 -0.088575 -0.025876 -0.087843 -0.000000 0.209729
  -0.040146 0.074975 0.010550 0.000000 0.000000 0.071050 -0.066256 0.068027 0.177898 -0.000000 -0.005665 0.000000 -0.000000 -0.000000 0.000000 -0.212931 -0.000001 -0.169743 -0.140675 0.019416 -0.128209 -0.000000 -0.099232 0.058179 -0.041438 -0.166859 0.000000 -0.000000 -0.000000 -0.029654 -0.105241 -0.179093 -0.025911 0.051010 -0.023563 -0.175063 -0.107270 -0.054892 0.148679 0.010637 0.168616 0.000000 0.022909 0.013642 -0.000008 -0.022764 0.000000 0.001144 -0.088332 -0.107353 0.000000 -0.265542 -0.047498 0.000000 -0.015519 0.186023 -0.080019 -0.185842 -0.000000 0.083549 -0.000000 -0.170481 -0.011462 -0.075731 0.000280 -0.049333 0.205108 -0.103077 -0.150320 0.124066 -0.001294 0.000000 -0.000000 0.038761 -0.068568 -0.039598 -0.000000 -0.106661 -0.148089 -0.000000 -0.000000 -0.000005 0.054791 0.240338 -0.043144 -0.078584 -0.017687 -0.033113 -0.148181 -0.180337 -0.000000 0.000000 -0.000000 0.045497 0.122537 0.013982 -0.173117 -0.118231 0.000000 0.015361
  -0.007786 -0.072758 -0.006942 -0.000000 0.000000 0.197380 0.009968 -0.134259 0.071048 -0.000000 0.176917 0.000000 -0.000015 -0.000000 -0.000000 0.074908 -0.000001 0.008411 0.177118 0.109715 0.105811 -0.000000 0.063174 0.043446 0.062077 0.085986 -0.000000 -0.000000 -0.000000 0.156958 0.050481 0.008774 -0.034468 -0.076214 -0.029762 -0.010460 -0.059509 -0.006675 0.078053 0.037622 -0.052296 -0.000000 -0.015792 0.033981 -0.000080 -0.086080 0.000000 0.193103 -0.075621 0.015805 0.000000 -0.062151 0.070537 0.000000 0.152523 -0.093904 -0.034500 -0.036714 -0.000021 0.084955 0.000000 0.130235 -0.014304 0.093257 -0.008800 0.096588 -0.013436 -0.005782 0.126597 -0.007431 0.030974 0.000000 0.000000 0.200258 -0.083582 0.111137 -0.000000 0.134005 -0.080640 0.000000 -0.000210 -0.000292 0.046608 0.106071 -0.070407 -0.096871 -0.031357 -0.013123 0.092090 0.144343 -0.000000 -0.000000 -0.000000 -0.032473 -0.033062 0.035529 0.037296 0.131959 0.000000 -0.063184
  0.058670 -0.003181 0.152755 -0.000000 0.000000 0.069891 -0.025562 -0.052450 0.468245 0.000000 0.121215 0.000000 -0.000001 -0.000000 -0.000000 0.101262 -0.000000 -0.135477 -0.080754 0.095998 -0.084576 -0.000000 0.254738 0.010412 0.021067 -0.000098 0.000000 -0.000000 0.000000 -0.092257 0.137730 -0.042169 -0.075921 0.096489 -0.129320 0.056144 -0.041957 -0.192234 0.467150 0.026509 -0.069390 -0.000000 -0.062469 0.057140 -0.000032 0.039212 0.000000 0.088243 -0.022707 -0.135936 0.000000 -0.107566 -0.060706 -0.000000 0.037361 -0.130614 0.012583 0.107355 -0.000003 0.032639 -0.000000 0.060502 0.114029 -0.132216 0.056897 0.028698 0.166833 0.087430 0.040466 0.184487 -0.080370 -0.000000 0.000000 -0.123229 0.060312 -0.050479 -0.000000 0.000799 0.107372 0.000000 -0.000264 0.000005 -0.108860 0.246212 -0.030824 0.081755 -0.053362 -0.076530 -0.411199 0.167458 -0.000000 0.000000 0.000000 -0.139639 0.181900 0.027989 0.087640 -0.129745 -0.000000 -0.113033
  0.167974 0.111362 0.049808 -0.000000 -0.000000 0.066352 0.124775 0.094227 0.108425 0.000000 0.124694 0.000000 -0.000020 0.000000 0.000000 -0.032089 -0.000001 -0.034645 0.055856 -0.035157 -0.071964 -0.000000 -0.052562 0.116306 -0.039511 -0.032061 -0.000000 -0.000000 -0.000000 0.068865 0.079461 -0.052880 0.033541 -0.011026 0.210087 0.163628 0.031221 0.119419 -0.004034 0.100482 0.043969 -0.000000 0.058953 0.091011 -0.000081 0.068115 0.000000 -0.084107 -0.005210 -0.014157 -0.000000 0.038783 0.173229 0.000000 0.101485 -0.040868 0.032230 0.098523 -0.000020 -0.073465 -0.000000 0.088621 0.065963 0.171583 0.157136 0.195260 0.014132 0.158777 0.159033 -0.032278 -0.047374 -0.000000 -0.000000 -0.123686 -0.121522 0.100423 -0.000000 -0.020142 0.117749 0.000000 -0.000141 -0.000256 -0.051868 -0.022761 -0.045694 -0.026889 0.000675 0.216907 -0.198024 -0.063644 -0.000000 0.000000 -0.000000 -0.040052 -0.092281 -0.067514 -0.078167 0.002609 -0.000000 0.137447
  0.029922 -0.138826 -0.034064 -0.000000 -0.000000 0.017325 -0.009333 -0.016411 0.143014 0.000000 0.040698 -0.000000 -0.000000 -0.000000 0.000000 -0.015513 -0.000001 0.100744 0.161577 -0.002275 -0.129766 -0.000000 0.115248 0.172853 0.173399 -0.134855 0.000000 -0.000000 -0.000000 -0.100489 0.017111 0.047929 0.067118 0.055056 0.239166 0.151875 -0.090399 0.131865 -0.245098 0.099859 -0.068820 -0.000000 -0.068019 -0.100325 -0.000016 0.042016 -0.000000 0.106389 0.239621 0.144801 -0.000000 0.175891 -0.025140 -0.000000 0.044593 0.066214 -0.053282 0.121912 -0.000000 0.224433 0.000000 0.116235 0.180472 -0.056458 0.242780 -0.101473 0.146138 0.031157 -0.062034 -0.007606 0.051689 0.000000 0.000000 -0.008092 -0.054027 -0.007829 0.000000 0.075479 -0.119118 -0.000000 -0.000045 -0.000044 -0.117840 0.063216 0.053324 -0.027271 0.146173 -0.080441 -0.058414 0.030937 -0.000000 0.000000 -0.000000 0.157806 -0.044684 0.075075 0.086879 0.114339 0.000000 0.048286
  0.084691 0.124638 -0.108699 -0.000000 0.000000 -0.031552 -0.008780 0.258844 -0.027948 -0.000000 0.093467 0.000000 0.000000 0.000000 -0.000000 0.194533 -0.000000 0.119931 0.180442 0.011436 0.059699 -0.000000 0.056648 -0.005674 0.039747 0.086653 0.000000 -0.000000 0.000000 0.015265 0.075189 0.137837 -0.004770 0.206712 0.004195 0.172246 -0.115073 -0.032075 -0.330798 -0.079029 0.085367 0.000000 0.129028 -0.005699 -0.000000 0.074230 -0.000000 0.155253 0.054004 0.024156 0.000000 0.095013 0.094135 -0.000000 -0.027332 -0.005817 0.001609 0.002853 -0.000002 0.053902 0.000000 -0.054941 0.167696 -0.013976 0.105344 0.217411 0.121690 0.242715 0.140175 0.022555 -0.042145 -0.000000 -0.000000 0.096617 -0.038025 0.178814 -0.000000 0.038029 0.200103 -0.000000 -0.000075 -0.000063 0.072521 -0.146060 -0.004001 0.153294 0.094581 0.096306 -0.195929 -0.043992 -0.000000 0.000000 0.000000 0.138153 -0.011716 0.176080 0.016047 0.100682 -0.000000 0.210109
  -0.043379 0.140227 -0.145311 0.000000 0.000000 -0.059493 -0.157772 0.046686 0.034466 -0.000000 -0.161211 -0.000000 -0.000002 -0.000000 -0.000000 0.000304 -0.000000 -0.133219 -0.034132 -0.019549 0.015090 -0.000000 -0.135419 0.334143 -0.124769 -0.257523 -0.000000 -0.000000 0.000000 -0.168507 0.050848 0.043578 -0.079795 -0.248808 -0.176528 -0.025856 -0.078523 -0.046068 -0.293016 0.035730 0.115730 0.000000 0.040831 -0.193320 -0.000094 -0.176382 -0.000000 -0.098232 -0.178286 -0.120695 0.000000 -0.142869 -0.064170 -0.000000 -0.130551 0.085628 -0.353163 -0.139124 -0.000010 0.125690 -0.000000 -0.106616 0.169093 -0.228243 0.126847 -0.056262 0.060358 -0.218177 0.029435 -0.096233 0.015496 -0.000000 -0.000000 -0.117606 -0.086168 -0.230738 -0.000000 0.027911 -0.049198 -0.000000 -0.000385 -0.000002 0.101737 -0.272785 0.079136 -0.147055 -0.070986 -0.079142 -0.218439 0.073452 -0.000000 -0.000000 0.000000 -0.203422 -0.075289 -0.073360 -0.075267 -0.070271 -0.000000 0.023107
  -0.013668 -0.077517 0.123038 -0.000000 0.000000 0.117773 0.056728 0.058214 0.009665 0.000000 -0.060769 -0.000000 -0.000001 0.000000 0.000000 0.199640 -0.000002 0.072123 0.119473 0.011915 0.080303 -0.000000 -0.057106 0.161599 -0.028398 -0.077877 0.000000 -0.000000 0.000000 0.074387 0.059170 0.033134 0.055741 0.167603 0.144337 0.067700 -0.093784 0.127336 0.075243 -0.007838 0.075483 0.000000 0.040454 0.185196 -0.000001 0.078417 0.000000 0.067299 0.128995 0.077157 -0.000000 -0.096076 -0.005211 0.000000 0.135787 -0.088486 -0.004301 -0.043310 -0.000000 0.192347 0.000000 0.047112 0.106113 -0.066195 0.047331 0.074247 0.081914 0.184760 0.141787 0.065945 0.126350 0.000000 0.000000 -0.038336 -0.001673 0.149518 -0.000000 -0.103776 -0.089615 0.000000 0.000246 -0.000227 -0.360791 0.033069 -0.095534 -0.016748 -0.004020 0.071697 -0.009037 0.054071 -0.000000 0.000000 -0.000000 -0.080093 0.043239 0.053073 -0.063583 -0.030647 0.000000 0.123304
  0.013550 0.082445 -0.018323 -0.000000 -0.000000 0.023469 -0.063821 0.103581 0.008953 -0.000000 -0.051402 -0.000000 -0.000007 -0.000000 0.000000 0.001881 -0.000000 0.067275 0.144126 -0.025224 -0.083941 -0.000000 0.115911 0.109912 0.038258 0.069503 0.000000 -0.000000 0.000000 0.148132 0.124298 0.064036 0.033097 0.126889 0.003152 0.101803 -0.063393 -0.091712 -0.290361 0.180127 0.019592 -0.000000 0.035436 -0.054790 -0.000102 0.178274 -0.000000 0.107479 -0.094537 0.211621 -0.000000 -0.065683 0.088337 0.000000 0.004323 0.082351 -0.103125 0.172788 -0.000012 0.115721 -0.000000 -0.008499 0.171178 0.218047 0.072502 -0.019004 -0.046841 0.068449 0.083577 0.093722 -0.056617 0.000000 0.000000 -0.043195 0.104833 0.104094 0.000000 -0.027661 0.115372 -0.000000 -0.000482 0.000026 0.143795 -0.360928 0.144700 0.197050 -0.062670 0.169745 0.069555 0.155921 -0.000000 -0.000000 0.000000 0.008364 -0.050692 0.099073 -0.015942 0.121786 0.000000 0.178908
  -0.002853 -0.021271 -0.053329 0.000000 -0.000000 0.036120 0.006339 0.030076 0.199926 -0.000000 -0.148784 0.000000 -0.000003 0.000000 -0.000000 -0.128512 0.000000 -0.111504 -0.265451 -0.016317 0.049942 -0.000000 -0.121153 0.175979 -0.005990 0.163177 -0.000000 -0.000000 -0.000000 -0.034840 -0.108913 -0.033836 -0.155781 -0.043246 -0.044992 -0.103549 0.008862 -0.125499 0.016993 -0.126598 0.041455 -0.000000 -0.007325 0.009270 -0.000007 -0.176076 0.000000 -0.142245 -0.205022 -0.133384 0.000000 -0.192537 -0.037505 -0.000000 -0.149539 -0.006709 0.088266 -0.055578 -0.000003 0.008356 0.000000 -0.044939 0.026659 -0.045925 -0.148295 -0.116178 -0.067542 -0.003800 -0.088603 0.147797 -0.035616 0.000000 -0.000000 -0.174277 0.088687 -0.016978 0.000000 -0.204448 -0.101887 0.000000 0.000152 -0.000001 0.072937 -0.374734 -0.165930 -0.117937 -0.247079 -0.018657 -0.170206 -0.128955 -0.000000 -0.000000 -0.000000 -0.018225 0.151608 -0.241351 -0.051149 -0.061750 -0.000000 -0.007017
  0.064605 0.102837 -0.058712 -0.000000 0.000000 -0.024888 -0.075385 -0.003894 -0.077910 -0.000000 0.118052 -0.000000 -0.000022 -0.000000 0.000000 -0.207261 -0.000001 0.044307 0.021711 -0.073473 0.099365 -0.000000 0.035163 -0.061417 -0.106021 -0.016201 -0.000000 -0.000000 -0.000000 0.060781 -0.188947 -0.103690 -0.130181 -0.150854 -0.057729 -0.062221 -0.197468 -0.003827 0.026532 0.005943 0.119962 -0.000000 0.123617 -0.064883 -0.000064 -0.060891 -0.000000 -0.065552 -0.049747 0.025244 0.000000 0.136913 -0.002154 -0.000000 -0.249248 0.140452 -0.008027 0.022801 -0.000080 0.011410 0.000000 -0.077513 -0.053178 -0.196887 0.074362 -0.201464 -0.125387 -0.080000 -0.158448 -0.030176 -0.249699 0.000000 0.000000 -0.145014 0.057395 -0.067741 -0.000000 -0.154292 -0.076615 -0.000000 -0.000497 -0.000044 0.021398 0.042630 -0.087921 0.007365 -0.140141 0.015539 -0.111754 0.062619 -0.000000 0.000000 0.000000 -0.016138 -0.117314 -0.107370 -0.108928 0.040889 -0.000000 -0.136760
  -0.114228 -0.020273 0.124077 -0.000000 -0.000000 0.118107 -0.033131 0.012371 0.101376 -0.000000 -0.044525 -0.000000 -0.000001 0.000000 -0.000000 -0.067806 -0.000001 0.083462 -0.026149 0.141973 -0.129208 -0.000000 0.022113 0.096306 -0.047263 -0.090118 -0.000000 -0.000000 -0.000000 0.100196 0.091749 0.003849 0.018183 -0.104022 0.141687 0.070826 0.049496 0.027734 0.024406 0.156328 0.096799 -0.000000 0.076829 0.061041 -0.000001 -0.016947 -0.000000 0.025199 0.039165 -0.052563 0.000000 0.038910 -0.072733 -0.000000 0.129530 0.051668 -0.008836 0.118850 -0.000001 0.189888 -0.000000 -0.109987 0.057424 -0.035789 0.000235 0.108195 0.130432 -0.025555 -0.030930 -0.136844 -0.143153 0.000000 -0.000000 0.051961 0.034858 -0.100355 0.000000 -0.049184 0.040990 0.000000 0.000130 -0.000095 -0.001681 -0.071736 0.052234 0.020059 -0.004120 0.097935 -0.003705 -0.103979 -0.000000 0.000000 -0.000000 0.001267 -0.022032 -0.000473 0.120000 0.075208 0.000000 0.086891
  0.048441 -0.082109 0.040146 0.000000 0.000000 -0.068108 -0.055586 0.187402 -0.011408 -0.000000 0.059320 0.000000 -0.000020 0.000000 -0.000000 0.124296 -0.000002 0.102914 -0.018743 -0.044688 -0.011174 -0.000000 0.038819 0.083529 0.058134 -0.208408 -0.000000 -0.000000 0.000000 0.060574 0.068095 0.031067 0.050791 -0.046470 0.135936 0.146812 0.040212 0.108455 0.042687 0.141493 0.011503 -0.000000 0.072287 -0.118814 -0.000060 0.123172 0.000000 -0.096985 -0.079941 0.136908 -0.000000 0.136987 0.180237 0.000000 -0.032481 0.012917 0.048949 -0.033894 -0.000012 -0.018178 -0.000000 0.161061 0.060015 0.164925 0.020156 0.109274 -0.069188 0.055596 0.031957 0.134378 0.106606 0.000000 0.000000 0.104105 -0.058418 0.110970 0.000000 0.058097 -0.005693 0.000000 -0.000190 -0.000275 0.058593 0.038560 0.113198 -0.007235 -0.017261 -0.082034 -0.147441 -0.036881 -0.000000 0.000000 -0.000000 -0.030790 0.053739 0.011741 -0.043968 0.157257 -0.000000 -0.115237
  -0.082111 0.063767 -0.133249 -0.000000 -0.000000 0.080845 -0.065532 -0.079206 -0.025299 -0.000000 0.044575 -0.000000 -0.000030 -0.000000 -0.000000 -0.040103 -0.000001 0.166477 0.051818 0.091592 0.157596 -0.000000 0.055505 -0.031067 0.020070 -0.054049 0.000000 -0.000000 -0.000000 0.124340 0.015581 0.026338 0.024948 0.029212 -0.020638 0.087685 0.070630 0.131927 0.029548 0.122079 -0.069757 -0.000000 0.076361 -0.029096 -0.000096 -0.045352 0.000000 -0.003486 0.088840 0.082776 0.000000 0.121308 -0.028443 -0.000000 -0.060767 -0.030972 0.021029 -0.104166 -0.000081 0.078944 0.000000 0.084010 0.036480 0.129521 0.052688 0.014715 0.146511 0.062182 -0.051335 -0.062034 0.101644 0.000000 -0.000000 -0.083882 0.094202 0.144890 -0.000000 -0.040801 0.076397 -0.000000 -0.000559 -0.000280 -0.159361 -0.027958 -0.036983 -0.080785 -0.128014 0.117054 -0.084597 0.097830 -0.000000 0.000000 -0.000000 -0.025137 -0.003963 0.057442 0.094947 0.120004 0.000000 0.001682
  0.140408 0.031865 0.207359 0.000000 -0.000000 -0.035421 0.028809 0.127411 -0.002733 0.000000 -0.054819 -0.000000 -0.000019 0.000000 0.000000 -0.011957 -0.000002 -0.114802 -0.065162 0.156918 -0.022986 -0.000000 0.077956 0.061760 -0.068556 -0.279160 0.000000 -0.000000 0.000000 -0.056730 0.016972 0.039366 0.080883 -0.047571 -0.046814 0.106270 0.010307 -0.029352 0.032450 -0.064660 0.042794 -0.000000 -0.124401 -0.114706 -0.000035 0.083741 -0.000000 0.042063 -0.044266 -0.035895 -0.000000 -0.054261 0.079551 -0.000000 0.166173 -0.110457 -0.049201 -0.049419 -0.000040 -0.044714 -0.000000 0.013922 -0.159469 0.129907 0.024622 0.091119 0.084904 0.034560 -0.113863 0.075522 -0.064992 -0.000000 0.000000 0.096919 0.136556 0.072988 -0.000000 -0.000211 -0.079917 0.000000 -0.000233 -0.000266 -0.107812 0.036722 0.146249 0.017878 -0.089446 0.148307 -0.146171 -0.023197 -0.000000 -0.000000 -0.000000 0.019734 0.116502 0.058017 -0.120221 0.191624 -0.000000 0.067029
  -0.004936 -0.044667 -0.053114 0.000000 -0.000000 -0.004226 -0.029334 0.078048 0.039641 -0.000000 -0.058292 0.000000 -0.000004 -0.000000 0.000000 0.013474 0.000000 0.101335 0.102113 -0.079831 -0.116243 -0.000000 0.061087 -0.000108 -0.121910 -0.077879 0.000000 -0.000000 -0.000000 -0.001274 0.070082 -0.048733 -0.083509 -0.068043 0.010708 0.153631 0.093816 -0.088445 -0.230907 0.011022 0.066736 -0.000000 0.087940 0.060702 -0.000081 0.097958 0.000000 0.035899 0.116585 -0.097263 -0.000000 0.126604 0.061975 0.000000 -0.129472 0.044554 -0.048703 -0.049237 -0.000007 -0.021505 -0.000000 0.051009 0.019062 -0.139849 0.010881 -0.123765 0.189627 -0.092059 -0.091237 0.116652 0.078830 0.000000 0.000000 0.160602 -0.058610 0.170749 0.000000 0.019875 0.010372 0.000000 -0.000183 0.000006 0.201403 -0.206838 -0.015029 0.056747 0.021652 -0.166513 -0.085993 0.076637 -0.000000 0.000000 -0.000000 -0.073272 -0.057503 0.031984 -0.023550 -0.089907 0.000000 -0.162239
  0.132846 0.114570 0.199752 0.000000 -0.000000 -0.080873 0.159932 0.078178 0.098955 0.000000 0.070421 0.000000 -0.000001 0.000000 0.000000 0.155532 -0.000000 0.141924 0.014547 0.186979 0.068206 -0.000000 0.064126 0.275242 -0.055510 -0.144910 0.000000 -0.000000 -0.000000 -0.053017 0.130543 0.118842 -0.089991 0.127328 0.041618 -0.158145 -0.030741 -0.003941 -0.008840 0.135770 0.101557 -0.000000 0.190376 -0.018166 -0.000003 -0.019473 -0.000000 0.025980 -0.100524 0.029714 -0.000000 -0.033434 0.115738 -0.000000 0.167515 0.016744 0.000082 0.095746 -0.000000 0.099487 -0.000000 0.029811 0.203522 -0.028680 0.011330 0.155632 0.066652 -0.062982 0.020802 -0.108565 0.008839 0.000000 -0.000000 -0.005932 0.166226 0.068005 0.000000 -0.014381 0.093529 0.000000 -0.000090 -0.000135 0.203667 -0.039484 -0.004833 0.046854 -0.111406 -0.002759 0.017136 0.036946 -0.000000 -0.000000 -0.000000 0.061814 -0.045604 0.117835 0.195931 -0.081805 -0.000000 -0.042461
  0.003497 -0.056449 0.112620 -0.000000 0.000000 -0.042068 0.014576 0.023742 0.065362 -0.000000 0.033712 -0.000000 -0.000003 0.000000 0.000000 -0.096092 0.000001 -0.044374 -0.099572 0.017226 -0.141554 -0.000000 0.092842 0.295726 -0.125955 -0.009203 -0.000000 -0.000000 -0.000000 0.011683 -0.047689 -0.112596 -0.035924 -0.083635 0.015117 0.065660 -0.066468 0.080501 0.218704 0.047661 0.085256 0.000000 0.039867 0.046718 -0.000050 0.103755 -0.000000 -0.051470 0.070125 -0.166999 0.000000 0.044220 0.024133 -0.000000 -0.036797 0.117265 -0.046343 -0.008324 -0.000006 0.179162 0.000000 -0.004791 -0.175971 -0.066370 -0.147798 0.088528 0.081838 0.047308 -0.087003 0.052934 -0.121208 -0.000000 -0.000000 -0.047481 -0.035570 0.074663 0.000000 0.004358 -0.104009 -0.000000 -0.000268 0.000007 -0.082430 0.145143 0.096928 -0.069694 0.040266 0.049745 0.171758 -0.033200 -0.000000 -0.000000 -0.000000 -0.025454 0.149629 0.025769 -0.076636 -0.271438 0.000000 -0.051397
  -0.021080 0.038131 -0.097389 0.000000 -0.000000 0.063229 0.102004 -0.145827 0.102716 -0.000000 0.130434 -0.000000 -0.000012 -0.000000 0.000000 0.052824 -0.000001 0.128365 -0.013157 -0.066549 0.045412 -0.000000 -0.004703 0.026813 0.167188 -0.048339 -0.000000 -0.000000 0.000000 0.087085 0.116297 -0.024250 0.080587 0.071107 -0.018980 0.028901 0.045494 0.021520 -0.060552 0.100437 0.062364 -0.000000 0.000244 -0.031727 -0.000091 0.001711 -0.000000 0.029178 -0.114923 0.091201 -0.000000 -0.057638 0.141102 0.000000 0.084357 0.094551 -0.306947 0.081889 -0.000008 0.039924 -0.000000 0.132056 -0.103713 0.013938 -0.095502 0.028058 0.020752 0.180273 0.150822 0.139552 -0.018472 0.000000 -0.000000 0.138384 -0.070940 0.039666 0.000000 0.134085 0.056413 0.000000 -0.000192 -0.000238 0.026856 -0.069217 -0.092592 -0.104523 0.064621 -0.079642 -0.084195 -0.032653 -0.000000 0.000000 0.000000 0.056401 0.012285 0.005478 0.106213 0.018732 -0.000000 0.077209
  0.078324 0.244064 0.010213 0.000000 -0.000000 0.083839 0.071437 0.043608 0.231276 -0.000000 0.208715 0.000000 -0.000001 0.000000 -0.000000 0.173495 -0.000000 -0.019299 -0.004251 0.194122 0.239800 -0.000000 0.186880 0.187656 -0.033670 -0.071943 -0.000000 -0.000000 -0.000000 0.125472 0.130384 0.220235 0.153065 0.240634 0.027037 0.191375 0.006220 -0.029710 -0.041216 0.065015 0.148386 -0.000000 0.132110 0.246711 -0.000005 0.233924 -0.000000 0.082425 -0.060137 0.183104 -0.000000 0.043092 0.048060 -0.000000 0.181929 0.090892 -0.185555 0.050226 -0.000001 0.143068 -0.000000 -0.042199 0.034736 0.098088 0.186590 0.213929 0.109933 0.070610 0.162177 0.184946 0.133799 0.000000 0.000000 0.111531 0.005738 0.173326 -0.000000 0.158898 0.213096 0.000000 -0.000337 -0.000058 -0.002171 -0.124744 0.188603 0.147846 0.016942 0.237968 0.144609 0.038566 -0.000000 0.000000 0.000000 0.242593 -0.135187 0.133536 0.143838 0.204066 0.000000 0.262048
  0.015730 0.056616 0.010722 -0.000000 -0.000000 0.102622 0.145799 -0.056983 -0.156527 0.000000 0.051364 0.000000 -0.000001 -0.000000 -0.000000 -0.105995 -0.000001 -0.098683 0.004235 -0.085649 0.136199 -0.000000 -0.180151 -0.066318 0.072326 -0.025089 0.000000 -0.000000 0.000000 0.049903 0.137528 0.022886 -0.056478 0.130564 0.038712 0.278481 -0.102809 0.002030 0.060371 -0.049436 0.045403 0.000000 0.125196 0.029796 -0.000090 0.129563 0.000000 0.047179 0.137622 0.068896 0.000000 -0.075366 -0.073521 -0.000000 -0.006181 -0.025597 -0.345515 0.144150 -0.000005 -0.042415 -0.000000 0.053047 -0.154729 -0.078828 0.012110 -0.068266 -0.068975 0.096986 -0.094436 0.001613 -0.094597 -0.000000 0.000000 -0.099333 0.134282 0.136154 -0.000000 0.161832 -0.034641 -0.000000 -0.000247 -0.000250 0.014847 0.012300 0.277827 0.075176 0.040662 0.075803 0.160291 -0.093299 -0.000000 -0.000000 -0.000000 0.035079 -0.005978 0.082998 0.061075 0.044477 -0.000000 0.009068
  -0.000133 -0.000002 0.000294 -0.000000 -0.000000 -0.000042 0.000201 0.000175 0.000068 -0.000000 -0.000034 0.000000 -0.000000 0.000000 0.000000 0.000034 -0.000001 0.000199 0.000029 0.000585 -0.000036 -0.000000 0.000082 -0.000293 -0.000185 0.000016 0.000000 -0.000000 -0.000000 0.000044 -0.000068 0.000302 -0.000019 0.000005 -0.000194 0.000267 0.000087 0.000457 -0.000122 -0.000122 0.000214 -0.000000 -0.000015 0.000240 0.000000 0.000354 -0.000000 0.000085 0.000129 0.000005 0.000000 -0.000151 0.000281 0.000000 -0.000101 0.000399 0.000039 0.000082 -0.000000 0.000291 0.000000 -0.000172 0.000149 -0.000516 -0.000019 -0.000517 -0.000361 -0.000411 -0.000066 0.000058 -0.000026 -0.000000 0.000000 0.000012 -0.000053 0.000057 0.000000 0.000100 -0.000022 -0.000000 0.000003 0.000002 -0.000178 0.000020 0.000112 0.000031 0.000368 -0.000332 0.000004 -0.000343 0.000000 -0.000000 0.000000 0.000014 0.000173 -0.000582 -0.000115 -0.000296 -0.000000 0.000030
  -0.089905 0.113751 -0.179432 -0.000000 0.000000 -0.059620 0.021674 0.024786 -0.128302 -0.000000 0.012683 0.000000 -0.000000 -0.000000 -0.000000 -0.109926 -0.000001 -0.118324 -0.139768 -0.160938 -0.152429 -0.000000 0.051723 0.184329 -0.083789 -0.238658 -0.000000 -0.000000 -0.000000 -0.175763 0.058422 -0.029750 0.075146 -0.136843 -0.194283 -0.067613 -0.017442 -0.051308 0.037330 -0.205968 0.135817 -0.000000 -0.152583 -0.050863 -0.000002 -0.159001 -0.000000 -0.071429 -0.126207 -0.100044 -0.000000 -0.202536 0.067814 0.000000 -0.092769 0.188906 -0.011821 -0.174629 -0.000033 0.118319 0.000000 0.044770 0.140307 -0.067692 -0.064107 -0.111957 -0.173665 -0.168801 -0.084865 -0.140938 -0.108114 -0.000000 -0.000000 -0.057067 -0.072036 -0.048487 0.000000 -0.179397 -0.139064 0.000000 -0.000452 -0.000021 0.021501 0.030130 0.072713 -0.014689 -0.201863 0.071224 0.007158 0.022909 0.000000 0.000000 -0.000000 -0.148263 -0.253749 -0.156876 -0.013132 -0.006657 -0.000000 -0.012654
  0.153101 -0.033031 0.042411 -0.000000 -0.000000 -0.025288 -0.002863 0.049645 0.143511 0.000000 0.048585 -0.000000 -0.000008 -0.000000 -0.000000 0.013916 -0.000001 -0.055377 0.086312 0.123877 -0.063363 -0.000000 -0.095566 0.164219 0.114080 -0.079875 0.000000 -0.000000 0.000000 -0.026223 -0.055820 0.071073 -0.002877 0.098259 -0.011532 0.148727 -0.062914 -0.084319 0.001003 0.150271 0.119577 -0.000000 0.081576 0.054636 -0.000099 -0.065100 -0.000000 0.139679 -0.068198 0.157466 -0.000000 0.132001 -0.113194 -0.000000 0.160927 -0.070884 0.016354 -0.048818 -0.000011 0.038206 0.000000 0.033260 0.100423 -0.041782 0.137164 0.123391 -0.110370 0.001315 -0.086107 0.104877 0.104669 0.000000 -0.000000 0.012215 -0.072292 -0.009089 0.000000 -0.101866 0.101938 0.000000 -0.000009 -0.000064 0.165079 -0.000877 0.220372 0.113255 0.181817 0.059140 -0.038116 0.062433 -0.000000 0.000000 -0.000000 -0.050926 0.079515 0.176364 -0.047042 -0.041844 -0.000000 -0.053732
  0.412061 0.142076 0.739299 -0.000000 -0.000000 0.600382 0.672965 0.111133 -0.043776 0.000000 0.454820 0.000000 0.000000 -0.000000 -0.000000 0.416375 0.000001 0.492689 0.435875 0.544543 0.447925 0.000000 -0.009640 0.031931 0.430278 -0.000000 -0.000000 -0.000000 -0.000000 0.580774 0.603882 0.449006 0.477532 0.595675 0.345321 0.421412 0.649479 0.206213 -0.000000 0.709908 0.157056 -0.000000 0.619550 0.611939 -0.000000 0.757279 0.000000 0.401937 0.292573 0.578949 0.000000 0.318023 0.581953 -0.000000 0.534406 0.139823 -0.003637 0.422122 -0.000000 -0.285742 -0.000000 0.471290 -0.195263 0.481524 -0.090408 0.696386 0.064394 0.601092 0.597337 0.663450 0.484241 0.000000 -0.000000 0.432488 0.612036 0.523949 0.000000 0.635569 0.480667 -0.000000 -0.000277 0.000001 0.150911 -0.064514 0.492089 0.651771 0.420036 0.477230 -0.000980 0.699507 0.000000 0.000000 0.000000 0.569809 0.764251 0.386536 0.606878 0.518769 -0.000000 0.660107
  0.114663 0.016614 0.200501 -0.000000 0.000000 0.052155 -0.025354 -0.394315 0.158394 0.000000 0.122956 0.000000 -0.000000 -0.000000 -0.000000 0.162974 -0.000000 0.162764 0.155185 0.191684 0.019564 -0.000000 0.001085 -0.017498 -0.033353 -0.025419 -0.000000 -0.000000 -0.000000 -0.033418 -0.055879 0.142089 0.049826 0.160221 0.058141 0.163149 0.059435 0.051420 -0.278945 0.045719 0.339531 0.000000 0.127752 0.114977 -0.000054 0.092283 -0.000000 0.057798 0.026806 0.184906 -0.000000 -0.102709 -0.066591 -0.000000 0.151707 0.277141 0.000000 0.145658 -0.000003 -0.028752 -0.000000 0.112781 0.153603 0.101976 -0.281830 0.017508 0.140439 -0.087817 0.117979 -0.015329 -0.060675 0.000000 -0.000000 0.106884 0.112069 0.054454 0.000000 0.083842 -0.009668 0.000000 -0.000435 -0.000001 0.114007 -0.175704 0.145420 0.141283 -0.010024 0.034778 -0.139163 0.037732 -0.000000 0.000000 -0.000000 0.083864 0.212466 0.087994 0.122680 0.117355 -0.000000 0.009532
  0.000593 -0.027417 0.038608 0.000000 0.000000 -0.067741 -0.068974 -0.360815 0.022634 -0.000000 0.053909 -0.000000 -0.000016 -0.000000 0.000000 -0.112835 -0.000000 0.143031 -0.166469 0.098653 0.149330 -0.000000 0.041838 -0.234351 0.028224 -0.002742 -0.000000 -0.000000 -0.000000 0.076430 0.098012 -0.111378 -0.023310 -0.099346 -0.075301 0.195466 -0.050159 -0.147527 -0.053180 0.033982 -0.018168 -0.000000 -0.059014 -0.071747 -0.000063 0.021815 0.000000 -0.007184 -0.102811 -0.123028 -0.000000 0.113145 -0.027707 -0.000000 -0.043080 -0.102050 -0.078681 -0.163748 -0.000066 -0.196785 -0.000000 0.166419 0.061962 -0.070666 0.067406 -0.103968 0.066254 -0.013660 -0.157320 0.003605 -0.162022 0.000000 -0.000000 -0.120271 -0.000062 -0.151311 -0.000000 -0.167278 -0.109328 0.000000 -0.000453 -0.000007 0.035042 0.099828 0.032768 -0.031684 0.056884 -0.050211 -0.217934 -0.031139 -0.000000 0.000000 0.000000 -0.084747 -0.039503 -0.033908 0.156106 0.093262 -0.000000 -0.000958
  -0.076581 0.048461 0.025068 -0.000000 -0.000000 -0.120700 0.093244 -0.037892 0.174432 0.000000 0.034287 -0.000000 -0.000002 0.000000 0.000000 0.087855 0.000000 -0.127056 -0.039453 0.040599 0.124936 -0.000000 0.019388 0.060803 0.111596 0.042760 0.000000 -0.000000 0.000000 0.038899 0.044231 -0.041809 -0.028890 0.140066 -0.050332 0.062387 -0.024194 0.120412 0.004298 -0.058191 0.190079 0.000000 -0.120219 -0.093190 -0.000004 -0.080470 0.000000 0.006340 0.167640 0.096110 0.000000 -0.123067 0.111906 -0.000000 0.127046 0.008172 -0.107552 -0.116371 -0.000000 -0.009188 -0.000000 -0.096880 -0.030850 -0.067810 -0.105507 0.130235 0.010130 0.087483 -0.079481 0.040425 0.096282 0.000000 0.000000 0.046116 0.063922 -0.043529 0.000000 -0.119442 -0.027417 -0.000000 0.000063 -0.000004 0.179013 0.000140 -0.055473 0.071865 0.118773 0.127753 0.081407 0.045600 -0.000000 -0.000000 -0.000000 -0.074233 -0.042833 0.068740 0.143348 0.048222 0.000000 0.067152
  -0.026727 -0.121072 0.027691 0.000000 0.000000 -0.057449 0.170521 -0.003263 0.109531 0.000000 -0.050917 -0.000000 -0.000004 -0.000000 0.000000 -0.103873 -0.000001 -0.064838 0.131262 0.125480 0.071071 -0.000000 -0.078818 0.131598 -0.116590 -0.014672 -0.000000 -0.000000 0.000000 0.020145 0.005972 -0.112341 0.108517 0.080158 0.050761 0.039294 -0.070037 -0.036421 0.034858 -0.019740 -0.076361 -0.000000 0.058051 0.066263 -0.000016 0.161816 -0.000000 0.079717 0.078512 -0.038285 -0.000000 0.058513 0.103944 -0.000000 0.044221 0.016200 0.054550 0.181464 -0.000015 0.011490 0.000000 -0.060349 -0.086191 0.037033 0.016580 0.109861 0.000192 -0.099424 -0.045976 0.128036 0.083285 0.000000 0.000000 -0.004249 -0.056669 -0.021520 0.000000 0.058997 -0.071554 0.000000 -0.000087 -0.000256 -0.012587 0.099588 -0.103425 0.075100 0.012068 0.046067 0.057523 -0.001159 -0.000000 -0.000000 -0.000000 -0.048282 0.044577 -0.112753 0.093276 0.056159 -0.000000 0.094599
  0.100537 0.022032 0.035025 0.000000 0.000000 0.015722 -0.006549 0.093331 -0.160810 0.000000 -0.032894 -0.000000 -0.000012 -0.000000 -0.000000 -0.047594 -0.000001 0.122101 0.224714 -0.046072 0.044445 -0.000000 -0.054416 0.020503 -0.010916 -0.412399 -0.000000 -0.000000 0.000000 0.087818 0.083372 0.026549 0.031438 0.003189 0.096675 0.089830 0.080079 0.170397 -0.240307 -0.035524 -0.028356 -0.000000 0.017682 0.004365 0.000009 0.083888 0.000000 0.111131 0.239715 0.110466 0.000000 0.015360 -0.099826 0.000000 0.169126 -0.068025 0.024440 0.028803 -0.000034 -0.060710 0.000000 0.247124 0.145778 -0.043713 0.051594 -0.010467 -0.042739 -0.066113 0.095100 -0.052806 0.184459 0.000000 -0.000000 0.184158 0.105780 0.050154 -0.000000 0.035010 -0.017871 0.000000 -0.000087 -0.000246 -0.033079 -0.169205 0.103985 0.037881 0.083659 -0.089430 0.171025 0.066433 -0.000000 -0.000000 -0.000000 -0.060344 0.025935 0.139854 0.074525 0.005912 0.000000 -0.030878
  0.157862 0.032257 0.032065 0.000000 -0.000000 0.101484 0.049988 -0.140896 0.094239 -0.000000 -0.067310 0.000000 -0.000000 -0.000000 0.000000 -0.028010 -0.000000 0.137618 -0.043596 0.115676 0.017646 -0.000000 0.023271 -0.064678 0.089430 -0.077872 -0.000000 -0.000000 0.000000 0.073488 0.115988 -0.027326 0.026255 0.151897 -0.045769 -0.098711 0.034076 -0.045876 -0.767532 0.130211 0.156806 -0.000000 0.097947 0.114248 -0.000049 -0.108116 -0.000000 -0.096052 -0.188797 -0.022545 -0.000000 -0.098316 -0.096952 -0.000000 -0.033748 0.184229 -0.350401 0.111332 -0.000004 0.116100 0.000000 0.093374 -0.121102 0.154147 0.168311 0.093864 0.057050 0.045597 0.065574 0.084503 0.165283 -0.000000 -0.000000 0.023013 -0.038807 -0.053093 -0.000000 -0.004688 0.015668 -0.000000 -0.000167 -0.000085 0.135289 -0.554934 0.030809 0.025258 0.115000 0.102120 -0.050604 0.123860 -0.000000 -0.000000 0.000000 0.016925 -0.076167 0.222056 -0.046016 0.086138 0.000000 -0.030481
  -0.047717 0.013194 -0.076230 -0.000000 -0.000000 0.037506 -0.016762 0.066316 0.069860 0.000000 0.052648 -0.000000 -0.000020 -0.000000 -0.000000 0.165573 -0.000000 -0.041644 0.088848 0.149281 -0.003915 -0.000000 -0.052849 -0.051800 -0.011225 0.112401 0.000000 -0.000000 0.000000 0.182817 -0.061037 0.118677 -0.035323 0.103070 0.095576 0.010107 0.083283 0.073444 -0.151394 -0.072888 -0.146715 -0.000000 0.166665 0.106154 -0.000095 0.035149 -0.000000 -0.054760 -0.041084 0.042932 -0.000000 0.092855 0.054158 0.000000 -0.087529 0.126165 0.048852 0.129564 -0.000058 -0.058922 -0.000000 -0.120119 -0.020796 0.137579 -0.215300 -0.081395 0.027120 -0.017599 0.076221 0.102468 0.103805 0.000000 0.000000 0.190686 0.104742 0.150551 -0.000000 -0.056054 -0.093052 -0.000000 -0.000276 -0.000186 0.144534 0.006468 0.050038 0.142129 -0.023479 0.129200 0.049741 0.149164 -0.000000 0.000000 -0.000000 0.115915 0.131183 0.275468 -0.087504 0.020428 -0.000000 -0.082070
  0.081150 0.030676 0.004858 0.000000 -0.000000 0.092046 0.140462 -0.340665 0.107238 -0.000000 -0.004038 -0.000000 -0.000023 -0.000000 -0.000000 0.119733 -0.000000 0.142931 -0.001855 -0.040763 -0.037297 -0.000000 0.028906 -0.027842 0.092361 0.033821 -0.000000 -0.000000 -0.000000 -0.092437 0.104999 -0.087831 0.070833 -0.022751 -0.120907 0.184567 0.061522 -0.100574 -0.515198 -0.112325 -0.019862 -0.000000 0.081139 -0.054390 -0.000105 0.120133 -0.000000 -0.074810 -0.064925 0.158226 -0.000000 0.063526 0.039136 -0.000000 0.088477 0.194588 -0.045625 -0.096206 -0.000026 0.063216 -0.000000 -0.002671 -0.010155 0.088665 0.067468 0.004023 -0.064611 0.075829 -0.006847 0.063276 0.110358 -0.000000 -0.000000 0.109779 0.120938 0.032001 -0.000000 -0.004484 0.092985 -0.000000 -0.000276 -0.000081 -0.019548 -0.139240 -0.010343 0.021027 -0.120604 -0.095737 -0.153732 0.032393 -0.000000 0.000000 0.000000 0.075062 0.060125 0.165400 0.003823 0.073763 0.000000 -0.072818
  0.169958 -0.127316 -0.047375 -0.000000 0.000000 -0.038085 0.157910 0.093648 0.012670 -0.000000 0.166342 0.000000 -0.000016 0.000000 0.000000 0.099125 -0.000001 0.046327 -0.083925 -0.021895 0.116515 -0.000000 0.118569 -0.021889 0.110373 -0.074345 0.000000 -0.000000 -0.000000 0.120458 -0.037131 -0.065944 0.154711 -0.002070 -0.065266 -0.135671 -0.059371 -0.031884 0.065103 -0.019833 -0.035653 -0.000000 0.021155 0.094873 -0.000088 0.044521 0.000000 -0.006719 0.036299 0.169010 -0.000000 -0.073719 -0.048046 0.000000 -0.052510 -0.198580 -0.008605 0.081187 -0.000009 -0.066062 0.000000 0.178298 0.013686 0.125589 -0.156006 -0.021953 -0.035620 0.158518 0.043438 0.102112 0.222250 -0.000000 -0.000000 -0.023524 -0.021744 -0.035162 0.000000 -0.112534 -0.020647 -0.000000 -0.000155 -0.000312 0.011040 0.118418 -0.026178 -0.031632 -0.076121 -0.028719 0.042187 -0.117323 -0.000000 0.000000 0.000000 0.126645 -0.018692 0.171143 0.035457 -0.027913 0.000000 0.167058
  -0.128586 -0.301174 0.005963 -0.000000 0.000000 -0.071355 0.081374 0.093745 0.047195 -0.000000 0.003230 -0.000000 -0.000001 -0.000000 0.000000 -0.041333 -0.000001 -0.034265 0.153161 0.181136 -0.087700 -0.000000 -0.110176 0.160957 0.047042 -0.163429 -0.000000 -0.000000 -0.000000 0.131768 0.079053 -0.061314 0.077778 0.100703 0.041359 -0.090763 -0.096997 0.214214 0.017102 0.010696 -0.153849 0.000000 0.186141 0.139643 -0.000001 -0.031529 -0.000000 -0.079270 0.189016 -0.037780 0.000000 0.059041 0.147814 -0.000000 0.029230 -0.122114 -0.036253 0.129269 -0.000000 0.050782 0.000000 0.198731 0.077762 0.163931 -0.196355 -0.021191 0.028335 -0.048733 -0.014950 -0.051904 -0.018762 0.000000 0.000000 0.138075 0.111705 -0.073922 -0.000000 0.012821 0.173626 -0.000000 0.000046 -0.000268 -0.056287 -0.113019 -0.036100 0.191029 0.160418 -0.063710 -0.091811 0.133182 -0.000000 0.000000 -0.000000 0.123295 -0.058112 -0.091080 0.123851 0.020360 0.000000 -0.058559
  0.095739 -0.011287 0.050462 -0.000000 0.000000 0.066749 -0.044766 -0.099146 -0.000141 0.000000 -0.047564 -0.000000 -0.000007 0.000000 -0.000000 -0.130471 -0.000001 0.051363 -0.075026 0.139574 0.028102 -0.000000 -0.075107 0.005671 -0.040294 0.050719 -0.000000 -0.000000 0.000000 0.037229 -0.074790 0.051242 0.070635 -0.036674 0.118000 0.054530 0.078747 -0.101269 0.059205 0.134100 0.073559 -0.000000 -0.023230 -0.133921 -0.000070 0.018001 -0.000000 -0.100061 0.130595 0.014510 -0.000000 -0.017465 -0.055995 0.000000 0.120980 0.048301 -0.004067 0.084021 -0.000006 -0.090193 0.000000 -0.035240 -0.107601 0.133743 -0.184765 0.074540 0.133595 0.014027 -0.133320 -0.044341 -0.056125 -0.000000 0.000000 0.001391 -0.020811 0.030861 0.000000 0.099723 -0.055244 0.000000 -0.000206 -0.000186 -0.044533 0.077300 0.154975 -0.081870 0.137818 0.018981 0.141985 -0.133876 -0.000000 -0.000000 -0.000000 0.138895 -0.101477 0.030928 -0.111067 0.011303 0.000000 0.027421
  0.017725 -0.060364 0.255667 0.000000 -0.000000 -0.069574 0.074339 0.287490 0.050712 -0.000000 -0.100150 0.000000 -0.000001 -0.000000 0.000000 -0.145776 -0.000001 0.072623 -0.010036 0.016746 -0.080771 -0.000000 0.112558 0.124588 0.049957 -0.000001 -0.000000 -0.000000 -0.000000 -0.198010 0.311206 -0.086799 -0.067592 0.078833 -0.112379 -0.043738 0.105754 -0.010919 0.272540 -0.127864 -0.164758 -0.000000 -0.049566 0.017352 -0.000020 0.114370 -0.000000 -0.164682 -0.071216 0.072624 0.000000 0.067096 0.087783 0.000000 0.100008 -0.010414 -0.093626 -0.036792 -0.000001 0.031883 -0.000000 -0.167264 -0.077081 -0.140756 -0.008496 -0.122145 -0.057350 0.049098 -0.055689 -0.033540 -0.090408 -0.000000 -0.000000 -0.207579 0.076728 0.037295 0.000000 0.078893 -0.044606 -0.000000 -0.000237 0.000004 0.132168 0.141963 0.017325 -0.077804 -0.166274 0.028129 -0.229364 0.001584 -0.000000 -0.000000 -0.000000 -0.069344 0.184802 0.038455 -0.019520 -0.196484 0.000000 -0.070063
  0.105510 0.025276 -0.044098 -0.000000 -0.000000 0.202728 0.128156 0.104922 -0.009540 -0.000000 -0.015312 0.000000 0.000000 0.000000 0.000000 0.096256 -0.000001 0.207590 0.122480 0.063967 0.035125 -0.000000 -0.008852 0.076755 0.198524 -0.024279 0.000000 -0.000000 0.000000 0.097719 0.000533 0.147705 0.069883 0.091415 -0.008746 0.088164 -0.068866 -0.033293 0.099005 0.193291 0.079563 -0.000000 0.199462 -0.057915 -0.000004 0.160778 0.000000 -0.012900 0.124514 0.255570 -0.000000 -0.018991 -0.052459 0.000000 0.101298 0.134438 -0.142733 0.173752 -0.000001 -0.001823 -0.000000 -0.133724 0.123726 0.235397 -0.027078 0.156903 0.180556 0.058133 0.115562 0.090781 0.235888 -0.000000 -0.000000 0.187758 0.184203 0.196150 0.000000 0.169008 0.131000 0.000000 -0.000016 0.000003 0.030833 0.002244 0.027369 0.185127 -0.042033 0.051692 0.140093 0.062982 -0.000000 0.000000 -0.000000 0.158059 -0.014997 0.057475 0.062781 0.132883 0.000000 0.258601
  0.098519 -0.007163 0.139102 0.000000 -0.000000 0.057204 -0.136931 -0.083024 0.089826 0.000000 -0.021482 -0.000000 -0.000012 0.000000 -0.000000 -0.097783 -0.000001 0.135298 0.035780 -0.002926 0.001202 -0.000000 -0.079930 -0.117076 -0.018774 0.059436 0.000000 -0.000000 0.000000 0.132959 0.102516 0.058459 0.098097 0.040511 -0.065363 0.108134 0.145936 -0.006977 0.067507 -0.106415 -0.080230 -0.000000 -0.129475 -0.110021 -0.000097 0.104656 -0.000000 -0.051748 -0.118402 0.054284 0.000000 0.082743 -0.022539 -0.000000 0.064156 0.055615 -0.026010 -0.006514 -0.000014 -0.092695 0.000000 0.038562 -0.099851 -0.046339 0.056538 0.099875 0.114970 -0.002799 0.043644 -0.028450 -0.087277 -0.000000 0.000000 -0.056289 0.099966 -0.084221 -0.000000 -0.108346 -0.023424 -0.000000 -0.000207 -0.000294 0.021202 0.063217 0.081366 0.007271 0.076746 -0.050596 0.109406 0.010091 -0.000000 0.000000 0.000000 0.148215 0.075490 -0.003501 -0.055929 0.059555 0.000000 0.031032
  0.087887 -0.249996 -0.001186 0.000000 0.000000 0.118919 0.049260 0.032713 0.042423 0.000000 0.022595 -0.000000 -0.000001 0.000000 -0.000000 0.056947 -0.000001 -0.049663 0.148662 0.047241 0.076108 -0.000000 0.032862 0.008654 -0.135332 0.000526 0.000000 -0.000000 0.000000 -0.014201 0.149919 -0.016821 -0.029093 -0.004740 0.038243 0.046194 0.010225 -0.039225 -0.035769 -0.010454 0.052737 0.000000 0.143084 0.140333 -0.000000 0.187019 -0.000000 -0.100136 0.058251 -0.019918 0.000000 0.092699 0.003886 0.000000 0.056940 -0.195288 -0.102672 0.086701 -0.000000 0.088435 -0.000000 -0.036146 0.088274 0.081295 -0.079136 -0.057264 0.115209 0.073168 0.011929 -0.118994 -0.099400 -0.000000 0.000000 -0.119663 0.139498 0.121174 -0.000000 0.053938 0.136322 0.000000 0.000057 -0.000291 -0.142179 -0.072020 0.086684 -0.089106 0.040512 0.052992 -0.326454 0.153616 -0.000000 0.000000 0.000000 -0.056348 0.062582 0.075969 0.192896 -0.040327 0.000000 0.040436
  0.075718 0.084780 -0.124312 -0.000000 -0.000000 -0.014379 0.176319 0.047942 -0.047893 0.000000 0.038482 0.000000 -0.000024 -0.000000 -0.000000 0.138230 -0.000001 0.010437 0.044245 -0.052966 0.190789 -0.000000 0.072832 0.004107 0.129142 0.056766 0.000000 -0.000000 0.000000 0.220909 0.130040 0.086008 0.207915 0.116173 -0.013882 0.002626 -0.027226 0.021170 0.064400 0.063678 -0.263937 -0.000000 -0.026678 0.189185 -0.000103 0.148509 0.000000 0.002820 0.048969 -0.000867 -0.000000 0.091134 -0.094195 0.000000 0.144537 -0.119640 0.057946 0.050337 -0.000028 0.003700 -0.000000 0.043264 -0.116151 0.181853 -0.198184 -0.063306 0.072694 0.195512 0.172694 0.019144 0.146434 -0.000000 -0.000000 0.115085 -0.117121 0.029343 0.000000 -0.024898 0.164024 -0.000000 -0.000185 -0.000377 -0.000583 0.063219 0.126211 -0.078896 0.155785 -0.021160 0.106653 -0.007005 -0.000000 0.000000 -0.000000 0.215075 -0.047978 0.025395 0.122298 -0.008504 -0.000000 0.048610
  0.144232 -0.082466 0.002723 0.000000 0.000000 0.188511 0.120036 0.041921 0.000916 -0.000000 0.079823 0.000000 -0.000001 -0.000000 -0.000000 0.115750 -0.000001 0.112899 0.075843 -0.077661 0.180341 -0.000000 -0.057550 0.028332 0.209783 0.011240 -0.000000 -0.000000 -0.000000 0.010251 0.033520 0.087361 0.093097 0.100273 -0.068598 -0.065986 -0.049019 -0.042202 0.044048 0.055013 0.091672 -0.000000 0.093987 0.069717 -0.000009 -0.064981 0.000000 -0.017534 -0.038156 0.007427 0.000000 0.191106 0.094549 0.000000 0.011159 0.122346 -0.035023 0.162666 -0.000004 -0.063870 0.000000 -0.050748 0.089109 0.029067 0.039275 -0.010177 0.090873 0.064762 0.085078 0.011197 0.239382 0.000000 -0.000000 0.197316 -0.065988 0.024513 -0.000000 0.120653 -0.039506 -0.000000 -0.000115 -0.000303 -0.105881 0.118805 0.162888 -0.092352 0.139985 0.060192 0.126407 -0.009737 -0.000000 -0.000000 0.000000 -0.040024 -0.030028 -0.002493 0.098677 0.048471 -0.000000 0.007564
Biases:
  0.152938 0.029378 0.128625 -0.127907 -0.103817 0.104375 0.203667 -0.114563 -0.213900 -0.113730 0.118863 -0.040359 0.000012 -0.131984 -0.091818 0.035942 -0.003766 0.133379 -0.068296 0.181680 0.039342 -0.000358 -0.025280 -0.181703 0.195879 0.114243 -0.041636 -0.003874 -0.084603 0.146497 -0.006311 0.180604 0.002055 -0.066373 -0.000190 -0.073461 0.045895 -0.028847 0.076554 -0.013449 -0.020483 -0.001480 0.193767 0.202804 -0.003042 0.129502 -0.044427 0.152965 0.154087 -0.041363 -0.005073 -0.033136 0.073707 -0.027528 0.053815 -0.058083 0.104151 0.084069 -0.000444 -0.140013 -0.035741 0.040562 -0.217334 0.034715 -0.054618 0.087016 -0.035818 0.052735 0.027263 0.057727 -0.010836 -0.100689 -0.129506 -0.027713 -0.023680 -0.040197 -0.077289 0.085228 -0.066893 -0.032862 0.001120 -0.003329 -0.103521 0.130260 -0.031168 -0.051030 0.168581 0.187789 -0.013320 0.095947 -0.004286 -0.094105 -0.098136 0.083433 0.141297 -0.056008 0.142049 -0.007297 -0.023308 0.095424
Weight range: -1.046112 to 0.764251
Bias range: -0.217334 to 0.203667

--- Layer 3 ---
Number of nodes: 2
Weights:
  0.118076 -0.235867
  -0.157830 0.194971
  -0.139473 -0.212925
  0.000000 0.000000
  -0.000000 0.000000
  0.207127 -0.251632
  0.093868 -0.231958
  0.098102 -0.457404
  -0.181948 0.190644
  -0.000000 0.000000
  -0.010662 -0.171201
  0.000000 0.000000
  -0.000002 0.000002
  -0.000000 0.000000
  -0.000000 0.000000
  0.246953 -0.266055
  -0.000001 0.000001
  0.103229 -0.176864
  0.239415 -0.003999
  -0.115770 -0.270693
  0.160170 -0.229818
  0.000000 -0.000000
  -0.003007 0.292130
  -0.315821 0.380441
  0.256299 -0.141845
  -0.254767 0.105717
  0.000000 0.000000
  0.000000 0.000000
  0.000000 0.000000
  0.263866 -0.263987
  -0.156373 -0.235989
  0.132212 -0.204290
  0.074063 -0.107854
  0.045815 -0.171768
  0.169334 0.030560
  0.246426 -0.017571
  -0.112077 -0.191750
  0.233549 0.045427
  -0.260560 0.296180
  -0.024952 -0.115237
  -0.063017 0.158193
  -0.000000 -0.000000
  -0.049106 -0.199442
  0.029180 -0.262667
  0.000139 -0.000111
  -0.045127 -0.124837
  -0.000000 0.000000
  0.150361 -0.167032
  0.193268 0.059163
  0.120925 -0.229289
  -0.000000 0.000000
  0.159030 0.006029
  -0.068409 -0.234265
  0.000000 0.000000
  -0.106732 -0.284384
  -0.012339 0.089430
  -0.120763 0.250517
  0.083684 -0.213028
  -0.000003 0.000029
  -0.028886 0.258187
  -0.000000 0.000000
  0.174857 0.020184
  -0.222611 0.300519
  0.034662 -0.231688
  -0.340456 0.096364
  0.006558 -0.230667
  0.049050 0.160828
  0.129413 -0.168321
  0.111604 -0.271809
  0.066434 -0.108882
  0.192300 -0.097175
  -0.000000 -0.000000
  -0.000000 0.000000
  0.238368 -0.187817
  -0.094735 -0.204672
  0.179914 -0.254521
  -0.000000 0.000000
  -0.069530 -0.237784
  -0.020919 -0.142178
  0.000000 0.000000
  -0.000349 -0.000146
  0.000022 -0.000019
  -0.063350 0.125443
  -0.307787 0.410718
  0.249718 -0.021974
  0.010869 -0.157293
  0.086748 -0.002687
  0.087594 -0.259355
  0.132515 -0.071520
  -0.077568 -0.203575
  0.000000 0.000000
  0.000000 0.000000
  -0.000000 0.000000
  0.147789 -0.061601
  -0.091540 -0.150091
  0.258112 -0.124046
  -0.041661 -0.187399
  0.110062 -0.097870
  -0.000000 -0.000000
  0.010122 -0.077803
Biases:
  0.050294 0.082663
Weight range: -0.457404 to 0.410718
Bias range: 0.050294 to 0.082663

