=== Artificial Neural Network Parameters ===

Number of layers (including input & output): 4
Layer sizes: (200, 100) (hidden), output=2

Activation function: relu

--- Layer 1 ---
Number of nodes: 200
Weights:
  0.007818 0.231799 0.111147 -0.002781 -0.134747 -0.024277 -0.166381 0.058958 0.064257 0.089873 -0.148377 0.133599 0.173563 -0.061342 -0.031618 -0.177134 -0.003994 0.008618 0.077861 0.041092 0.034677 -0.033518 0.005610 0.018843 -0.035317 0.140847 0.002710 0.049791 0.028586 -0.275356 0.138821 -0.091016 -0.312482 0.203122 0.216836 0.119669 -0.079279 -0.289190 0.091289 -0.002296 0.021956 0.003058 -0.092503 0.177735 -0.226515 0.055226 -0.006582 0.022058 0.063704 -0.116847 0.155982 0.091158 0.172367 0.095559 0.022101 0.128958 0.000746 -0.232111 -0.282662 -0.001198 0.011641 -0.027868 0.139636 0.013755 -0.029662 0.054579 -0.214756 0.145375 -0.213204 0.185188 0.102319 0.010210 -0.142206 0.114510 0.000000 0.163734 0.136921 -0.269058 -0.004495 -0.079890 0.108492 0.071744 -0.011731 -0.267117 -0.009846 -0.210362 0.133316 0.075545 0.204264 0.075835 -0.076147 0.117130 0.121431 0.036579 0.122563 -0.010032 0.061103 0.019107 -0.050717 -0.184337 -0.130893 -0.002589 0.006547 0.011987 0.183109 0.000794 -0.019716 0.138689 0.019768 -0.224490 0.009563 -0.112180 0.105703 0.156594 0.076681 0.180245 0.151086 -0.004088 0.155542 0.028814 0.128986 0.162696 -0.015111 -0.237109 0.014512 -0.128435 0.099957 0.076505 -0.259943 -0.055592 0.023737 -0.076677 0.001708 -0.070471 0.210014 -0.011195 0.109700 0.092573 -0.000000 0.198162 0.180550 -0.002164 -0.004076 -0.022674 -0.009632 -0.213761 0.108411 0.003068 -0.218939 -0.049803 0.150299 -0.068121 -0.130950 0.003702 0.105562 -0.011218 0.070018 0.152173 0.008162 0.108958 -0.046030 0.116892 0.123133 -0.007239 -0.204506 0.133371 -0.001688 -0.222842 -0.075278 0.004896 0.091174 -0.169348 0.048718 -0.207877 0.022637 -0.103058 0.077930 -0.007866 0.172294 -0.150223 -0.017339 -0.003743 0.182761 0.173511 -0.003192 0.108283 0.177037 -0.001163 0.008734 -0.065007 -0.004332 0.151497 0.181621 0.088617 -0.032805 -0.006611 0.085187 0.117570 0.120789 0.129110
  0.160610 -0.139829 -0.092365 0.211027 -0.082451 -0.269554 -0.161274 0.107262 -0.155109 -0.071941 0.013558 0.084982 -0.007305 -0.073124 0.070843 -0.122480 0.017793 0.209882 0.088331 0.172030 0.032957 0.091465 -0.192987 -0.071550 -0.084198 0.014023 0.239128 -0.069138 0.218038 -0.006997 0.140075 -0.108073 0.078917 0.032453 -0.062570 0.085295 -0.084497 -0.129682 0.081122 -0.097850 0.218828 0.106946 0.258642 0.025366 -0.161936 0.095619 -0.092706 0.154394 0.265749 0.181213 -0.169235 0.026799 0.217609 -0.054907 -0.094371 0.109166 0.256541 -0.036699 -0.033520 -0.126948 0.041804 0.248001 -0.179701 -0.018288 0.101961 0.076755 0.125802 0.007255 -0.072343 -0.010388 0.145522 0.114154 0.190121 0.165419 0.000000 -0.034874 0.135572 -0.009021 0.116572 0.135282 0.170853 -0.006034 -0.156580 -0.136431 0.016573 -0.150193 0.014761 0.055821 -0.130116 -0.001707 -0.211401 -0.097065 0.076310 -0.170881 -0.070078 0.017752 0.220860 0.030047 0.132913 -0.154299 -0.187171 0.053704 0.017272 0.012234 0.109101 0.183686 0.023614 -0.103761 0.111876 -0.180373 -0.025442 -0.149470 -0.137072 0.184447 0.183905 0.142587 -0.035077 -0.127981 -0.053239 -0.075357 0.034427 0.040767 -0.016914 -0.026811 0.107221 0.006761 0.050410 0.055917 -0.020276 -0.150847 -0.092368 0.045980 -0.180840 -0.110433 -0.218821 -0.188125 0.080053 0.068042 -0.000000 -0.059043 -0.022359 -0.030440 -0.105330 0.019851 -0.132884 0.010759 0.085944 -0.130077 -0.110467 0.077268 0.048373 0.189303 0.059702 -0.149272 -0.186508 0.088613 -0.138791 -0.012233 0.165427 0.045885 0.037033 0.123096 -0.068123 0.014883 0.180114 -0.069044 0.275122 0.121715 -0.225670 -0.052566 -0.069738 -0.197661 -0.044667 0.191160 -0.297480 0.042407 0.165498 -0.228943 0.182886 -0.081622 -0.227477 0.025361 0.143769 0.129421 0.225128 0.142693 -0.033681 -0.104713 0.171941 0.044673 0.187106 0.023349 0.003804 0.131763 -0.096284 0.214672 0.163860 -0.090914 0.063570 0.163307
  -0.195351 0.139554 -0.015067 -0.040299 -0.134784 0.154538 -0.073910 -0.113953 0.093639 -0.152566 -0.074495 0.007130 0.188227 0.022735 -0.040165 -0.145889 -0.036663 -0.056606 0.059017 0.074778 -0.008177 0.142520 -0.151186 -0.053864 -0.189837 -0.032114 -0.019365 0.194635 -0.007482 -0.223912 -0.178769 0.006380 -0.006184 -0.166606 -0.144935 -0.009858 -0.131968 0.172869 -0.033429 -0.187526 -0.228585 0.212476 -0.126105 -0.058851 0.109015 0.077697 0.179645 -0.028631 -0.095029 -0.212778 0.158745 -0.072107 -0.043163 0.078701 -0.166255 -0.019772 -0.291443 0.013731 -0.222763 -0.292417 -0.150429 0.094558 0.092506 0.030110 0.118767 -0.050752 -0.066564 0.199725 -0.114689 0.038774 -0.192865 0.232609 -0.229732 0.126660 0.000000 0.150261 -0.137871 0.041180 0.178427 -0.002241 -0.110494 -0.011922 -0.096964 0.014189 -0.044845 0.100919 -0.163983 -0.073748 0.102303 0.189134 -0.075466 0.054971 -0.089424 -0.082320 -0.072457 -0.205455 -0.021137 -0.149444 0.239726 0.001041 0.094699 -0.046211 -0.163671 0.159016 -0.004738 -0.249327 0.027331 0.102937 0.104666 0.106138 -0.014285 -0.123533 0.114318 0.023021 -0.185286 -0.229012 -0.043095 0.108189 0.092995 -0.142755 -0.077565 -0.039790 0.255009 0.043895 0.077347 -0.048662 -0.020139 -0.079262 -0.215665 0.024717 0.227033 0.046441 0.160945 -0.019860 0.009055 0.203571 0.184549 -0.121360 -0.000000 -0.152250 0.231663 0.038651 -0.140574 0.011298 -0.063589 -0.085631 -0.143524 -0.006797 -0.089198 0.068249 -0.018993 0.089998 0.029545 0.002770 0.111353 -0.001908 -0.172226 -0.150430 0.123041 -0.063847 0.227023 -0.122828 -0.145295 -0.208253 -0.066708 0.005138 -0.067952 -0.025108 0.143027 -0.141626 0.012038 0.040064 -0.019297 0.074313 0.026698 0.252322 -0.167161 0.242041 -0.090718 -0.112227 0.012881 0.214059 -0.113752 -0.135853 -0.002285 -0.175111 -0.173403 -0.150525 -0.196096 -0.042329 -0.082054 -0.056137 -0.105869 -0.104899 0.146328 0.105696 -0.053151 -0.155988 -0.105929 -0.231872
  -0.107464 0.016481 -0.003221 -0.099313 -0.049678 -0.025754 -0.094870 0.055392 0.069653 0.103197 -0.048840 0.113037 0.012823 -0.091251 0.172884 0.197471 -0.068378 -0.090026 0.083069 0.110607 -0.006053 -0.109911 -0.085496 -0.017000 0.053539 0.050551 -0.004152 0.071387 -0.105954 0.002853 0.065452 0.033722 0.050325 0.025564 -0.126632 0.064818 0.064950 -0.006324 0.007555 -0.080931 -0.174331 -0.048826 -0.014762 0.066715 -0.140906 0.053462 0.075681 0.077017 0.040872 0.018545 -0.031174 0.053370 0.019380 0.070330 0.012983 -0.044431 0.024479 0.034987 0.064027 0.031749 -0.031668 0.168194 0.016327 -0.149087 -0.107058 -0.090821 -0.008101 -0.108119 -0.028550 -0.008620 -0.069233 0.084137 -0.037826 0.038798 -0.000000 0.099344 -0.018805 0.024368 0.187348 0.121019 0.099457 0.029693 -0.068970 0.091223 0.147606 0.023917 0.091203 -0.066624 0.110277 -0.167403 -0.106764 0.045709 0.106619 -0.110527 -0.058524 -0.029697 -0.118596 0.091341 -0.106145 0.048336 0.125169 -0.206581 -0.009089 -0.091023 -0.075750 0.109619 0.041828 0.109675 -0.071109 0.115225 0.116315 -0.045933 -0.027888 0.004308 -0.025532 0.191169 0.132886 0.137051 -0.043416 0.154816 0.114872 -0.137973 -0.047483 0.076043 0.035886 0.120307 -0.100777 0.062121 -0.010554 -0.119086 -0.142431 0.007544 0.120278 0.009357 -0.000327 0.022138 -0.146620 0.140664 -0.000000 0.010259 0.017668 -0.145218 0.083899 0.088413 -0.073948 0.201980 -0.094503 0.005483 0.130993 0.035895 -0.009746 0.156638 0.097626 -0.027229 -0.135990 0.184689 0.133282 -0.014816 0.054976 0.116061 -0.022926 -0.015741 -0.054892 0.135153 -0.049307 0.067711 0.031885 0.097080 0.019991 0.001981 -0.205185 0.078586 -0.189611 -0.038943 0.056332 -0.124175 -0.022162 0.020812 0.033236 0.019870 0.053991 0.046497 -0.063671 -0.017803 -0.101809 0.162700 0.107094 -0.005812 0.018966 0.218488 -0.062721 0.050095 0.113903 0.089780 -0.170641 0.121011 0.164129 0.068570 0.127901 0.146621
Biases:
  0.076373 -0.087131 0.078819 0.026738 -0.017486 0.095899 0.207256 0.094132 0.030727 -0.205770 0.132218 0.102501 -0.072980 0.195765 0.147192 -0.047290 -0.095405 -0.019045 -0.182134 -0.044026 0.168453 -0.213673 0.016240 -0.138212 -0.046055 0.230706 -0.059701 0.042901 0.057495 -0.003767 -0.016604 -0.010681 -0.138782 -0.057268 0.068478 0.031621 0.151905 -0.057604 0.118293 0.083536 -0.163660 0.092301 -0.089057 0.247243 -0.129565 -0.090568 -0.161489 0.239582 0.034958 -0.003627 -0.201017 0.127108 -0.125945 0.130152 -0.229762 -0.148851 -0.208254 -0.046863 0.015543 -0.156477 0.151019 0.025159 0.057772 -0.029700 -0.089448 -0.093339 -0.127078 -0.090610 0.112009 0.233824 -0.063897 -0.113310 0.005503 -0.024501 -0.162791 -0.093432 0.115187 0.047186 -0.173928 -0.139839 -0.120999 0.152642 -0.242862 -0.205869 0.142537 -0.164480 0.102307 -0.162997 -0.085470 -0.032557 0.117616 0.190050 0.203077 -0.069358 0.118966 -0.148855 -0.015082 0.209680 -0.240517 -0.197867 -0.142482 -0.266598 -0.245277 0.062091 0.060608 0.198940 0.159396 0.006013 -0.249657 -0.029753 0.029692 -0.106070 0.017665 0.007183 0.049760 0.053157 -0.013339 0.179601 0.190665 -0.193583 0.219428 0.064192 0.194228 0.049165 -0.037403 -0.206392 -0.059516 -0.016435 -0.005280 -0.112797 -0.065300 0.021751 0.259975 -0.091175 -0.076100 -0.142220 -0.118607 0.208731 -0.131110 0.068087 -0.052179 -0.012491 0.082615 0.162589 -0.176086 -0.102559 -0.089070 0.116243 0.069797 0.052752 0.102138 0.056742 -0.104443 0.119776 -0.063105 -0.047512 0.034464 -0.116526 -0.039149 0.168233 -0.141166 0.105814 -0.093850 -0.066255 -0.138086 -0.009169 0.122109 -0.171300 0.004871 -0.089093 0.126980 0.188001 0.152033 -0.079100 -0.180520 -0.074235 0.033231 -0.173173 0.027942 0.000034 -0.095931 0.170384 -0.091458 -0.113344 0.116883 0.032597 0.129129 -0.045518 -0.146743 0.071934 0.087205 0.164008 -0.031273 0.114754 -0.164222 -0.249353 0.217497 -0.086004 0.182835 0.012029
Weight range: -0.312482 to 0.275122
Bias range: -0.266598 to 0.259975

--- Layer 2 ---
Number of nodes: 100
Weights:
  -0.000001 0.000000 0.127135 0.000000 0.105890 -0.000000 -0.001161 0.134413 -0.032548 0.052655 -0.000004 0.174704 -0.000839 -0.059080 0.089250 0.000000 -0.045271 -0.015498 0.000000 -0.115451 0.000000 -0.017257 0.138118 0.158842 0.002295 0.014167 0.000000 0.120717 -0.028364 -0.000000 -0.115212 -0.003488 -0.000000 -0.000000 -0.000000 0.000000 -0.029109 0.000000 -0.097835 -0.000000 0.038055 0.096028 -0.029098 -0.020155 0.136715 0.050926 -0.054518 -0.000004 -0.000719 -0.000000 0.151710 0.048771 0.140703 0.000000 0.140457 -0.020442 0.082475 -0.000000 0.011319 -0.000306 0.156508 0.000000 0.105414 -0.000000 0.004870 -0.000000 -0.058521 -0.000000 -0.000000 -0.037635 -0.000000 -0.055987 -0.000000 -0.000000 0.155837 -0.000000 -0.000000 0.059980 -0.052335 0.159521 0.098953 -0.000011 0.002442 0.128680 0.000000 -0.007109 -0.004148 0.091497 0.155371 -0.056923 0.145535 0.064210 0.062345 -0.000000 -0.052597 -0.000000 -0.000335 -0.000000 0.096742 -0.021574
  -0.000001 0.000000 0.159033 0.000000 0.187634 -0.000000 -0.003738 0.129163 0.112870 -0.045320 -0.000002 -0.018690 -0.000709 0.068437 0.074149 0.000000 -0.059545 -0.245401 -0.000000 -0.067579 0.000000 0.171233 0.152196 0.140958 -0.000337 0.065458 -0.000000 0.020845 0.019775 -0.000000 0.124785 -0.003665 -0.000000 -0.000000 0.000000 -0.000000 0.154226 -0.000000 0.039694 0.000000 0.141309 -0.010426 0.083050 0.010974 -0.011902 0.137334 0.137329 -0.000004 0.000370 0.000000 0.104300 0.032823 0.113270 0.000000 0.068478 0.117603 -0.081081 0.000000 0.158715 -0.203998 0.144170 -0.000000 0.010497 0.000000 -0.050446 -0.000000 0.096744 -0.000000 -0.000000 -0.021333 0.000000 0.169668 0.000000 -0.000000 0.090460 0.000000 0.000000 -0.061223 0.117773 0.069351 0.165871 -0.000007 0.093653 0.168801 -0.000000 0.109621 -0.003457 -0.082339 -0.001271 0.109594 -0.068158 0.074162 0.014887 0.000000 -0.083268 0.000000 -0.000284 0.000000 0.110156 -0.064422
  -0.000001 -0.000000 -0.112166 -0.000000 0.034469 -0.000000 -0.003708 0.016721 -0.013691 0.199161 -0.000002 0.034425 -0.000658 0.146874 0.105789 -0.000000 -0.062649 0.027874 0.000000 -0.059787 0.000000 -0.054944 0.008355 0.164375 0.001797 0.069866 -0.000000 -0.024995 0.171777 -0.000000 0.146598 -0.003078 -0.000000 -0.000000 0.000000 -0.000000 0.121001 -0.000000 0.172168 -0.000000 0.144105 0.112819 0.079124 0.046140 0.114323 0.064160 -0.062247 -0.000003 -0.000473 0.000000 0.133978 0.009525 -0.092169 -0.000000 0.063327 0.016407 -0.056054 -0.000000 -0.093896 0.039698 -0.010131 0.000000 -0.010208 -0.000000 -0.098125 -0.000000 0.029497 -0.000000 0.000000 -0.024292 0.000000 0.135663 0.000000 -0.000000 0.007627 -0.000000 -0.000000 0.149644 -0.058893 0.037230 0.066796 -0.000047 0.058509 -0.100072 -0.000000 0.017371 -0.003753 -0.095415 -0.097493 -0.100332 0.011981 -0.067347 0.078546 0.000000 0.112865 -0.000000 -0.000279 -0.000000 0.083099 0.097475
  -0.000000 0.000000 -0.084771 0.000000 0.092573 -0.000000 -0.000332 0.155244 0.002819 0.125360 -0.000004 0.135582 0.000180 0.121771 0.052502 0.000000 0.048762 -0.018768 -0.000000 -0.072210 -0.000000 -0.065571 0.143379 -0.054709 0.000976 0.071647 -0.000000 0.120319 0.059647 0.000000 0.055175 -0.003227 -0.000000 0.000000 0.000000 0.000000 -0.040516 0.000000 -0.100171 -0.000000 -0.041685 0.030968 0.135539 -0.229248 0.092599 0.011658 -0.018145 -0.000005 -0.000707 -0.000000 0.135307 0.048442 0.038092 0.000000 0.036145 0.129025 0.047558 -0.000000 -0.002041 -0.226487 0.144429 -0.000000 0.065176 0.000000 0.095903 -0.000000 -0.071222 0.000000 -0.000000 -0.042965 0.000000 -0.042963 0.000000 -0.000000 -0.023902 0.000000 -0.000000 0.047117 -0.000699 0.050806 -0.054683 -0.000020 0.156584 -0.048006 0.000000 -0.032659 -0.001087 -0.079116 0.154244 0.030637 -0.046262 -0.076754 -0.070276 -0.000000 -0.009436 0.000000 -0.000298 -0.000000 0.050974 0.096980
  -0.000000 -0.000000 -0.165215 0.000000 -0.010672 -0.000000 -0.002093 0.022740 -0.014156 0.101293 -0.000004 -0.143439 -0.001253 -0.148166 -0.047495 0.000000 -0.146021 -0.091179 -0.000000 0.094270 -0.000000 -0.013118 -0.180555 -0.127340 0.001371 0.072124 -0.000000 0.076969 -0.007457 -0.000000 -0.068488 -0.003052 -0.000000 0.000000 -0.000000 -0.000000 -0.094652 0.000000 -0.113323 0.000000 0.108471 -0.174324 -0.005508 0.040711 0.079018 -0.129781 0.007665 -0.000004 -0.000533 0.000000 -0.024728 0.081058 0.044057 0.000000 -0.186069 0.087651 0.083194 0.000000 -0.152464 0.047738 -0.035146 0.000000 -0.135790 0.000000 0.115619 -0.000000 -0.196213 -0.000000 0.000000 0.044412 0.000000 0.008155 0.000000 -0.000000 -0.088903 0.000000 0.000000 0.033468 0.032757 -0.054072 0.039455 -0.000018 -0.016616 -0.189337 -0.000000 -0.041972 -0.003763 -0.336862 -0.086221 -0.053356 -0.120035 -0.087413 -0.115361 -0.000000 -0.005075 0.000000 -0.000326 -0.000000 -0.079259 0.050324
  -0.000001 -0.000000 -0.094698 -0.000000 0.031839 -0.000000 -0.005045 0.034862 0.071677 0.164929 -0.000002 0.107072 -0.001390 -0.083427 -0.006515 -0.000000 0.114747 0.095844 -0.000000 0.114338 -0.000000 0.157556 -0.030275 -0.069271 -0.000146 -0.058811 -0.000000 -0.011797 0.125710 -0.000000 0.018126 -0.003852 0.000000 -0.000000 -0.000000 -0.000000 -0.063683 0.000000 -0.051101 -0.000000 0.106564 -0.060945 0.020857 -0.038400 0.177579 0.050006 0.154644 -0.000004 -0.000771 0.000000 0.187166 0.067480 0.091272 0.000000 -0.062388 -0.041976 0.026653 -0.000000 0.124765 0.074952 0.006735 -0.000000 0.126619 -0.000000 0.138214 -0.000000 0.038470 -0.000000 0.000000 0.049987 0.000000 -0.057457 0.000000 0.000000 -0.061576 -0.000000 -0.000000 0.047278 0.087099 0.058340 -0.040208 -0.000090 0.076209 0.032952 0.000000 -0.087908 -0.003903 0.016836 0.014698 0.091531 0.108617 0.196544 -0.048088 -0.000000 0.100810 0.000000 -0.000174 -0.000000 -0.064144 0.149421
  -0.000001 -0.000000 -0.040237 -0.000000 -0.075748 -0.000000 -0.004374 0.123517 0.001947 0.114778 -0.000003 0.117898 -0.000803 0.049952 0.016881 0.000000 0.225896 0.036915 0.000000 0.077564 -0.000000 -0.065255 0.076976 0.192512 0.002076 0.115493 -0.000000 0.053159 -0.054093 -0.000000 0.131880 -0.003469 0.000000 0.000000 0.000000 -0.000000 0.000810 -0.000000 0.193961 0.000000 0.072852 0.139133 0.031795 0.026559 -0.050857 0.110350 -0.042914 -0.000005 -0.001050 0.000000 -0.052439 -0.036061 -0.071613 -0.000000 -0.119576 0.176482 0.075782 -0.000000 0.023006 -0.039541 0.112466 -0.000000 0.183745 -0.000000 0.196914 -0.000000 -0.175396 0.000000 -0.000000 0.137853 -0.000000 0.134989 0.000000 0.000000 0.105361 -0.000000 -0.000000 -0.032333 -0.030766 0.117857 -0.010266 -0.000104 0.102917 0.127179 -0.000000 0.046366 -0.004362 -0.078548 0.082129 0.108067 -0.034233 0.059116 0.049529 -0.000000 0.002416 -0.000000 -0.000276 -0.000000 0.182579 0.061007
  -0.000001 -0.000000 -0.027957 0.000000 0.012951 -0.000000 -0.000480 -0.039411 0.074144 0.091542 -0.000003 -0.080847 -0.001562 0.051965 -0.086820 0.000000 -0.081203 0.042518 0.000000 -0.051603 -0.000000 -0.065486 -0.036493 -0.088029 0.003518 -0.099481 -0.000000 0.171724 0.115780 -0.000000 -0.028068 -0.003476 -0.000000 -0.000000 -0.000000 0.000000 0.008076 -0.000000 -0.006851 -0.000000 0.119053 0.092341 0.089348 0.001323 0.002449 0.017618 -0.108821 -0.000004 -0.000466 -0.000000 0.053761 -0.044113 -0.107839 -0.000000 0.144147 0.107623 0.197636 -0.000000 -0.088742 -0.000559 0.035879 0.000000 -0.083115 -0.000000 -0.070573 -0.000000 0.121213 -0.000000 -0.000000 -0.002513 -0.000000 0.109685 0.000000 0.000000 0.101224 -0.000000 0.000000 0.005918 -0.031981 0.131008 -0.102740 -0.000018 0.015817 0.070190 0.000000 0.105990 -0.003363 -0.101522 -0.096763 0.027458 -0.070718 0.097294 0.041317 0.000000 -0.103256 -0.000000 -0.000304 -0.000000 -0.089640 -0.106102
  -0.000000 0.000000 -0.032404 -0.000000 0.002818 -0.000000 -0.004729 -0.080119 -0.066854 -0.065291 -0.000002 0.108233 -0.000773 -0.098974 -0.069647 0.000000 -0.012961 0.090351 0.000000 -0.018049 -0.000000 -0.091508 0.056511 0.103878 0.002410 0.039759 -0.000000 0.159710 0.118315 -0.000000 0.184456 -0.003921 0.000000 0.000000 0.000000 0.000000 -0.102107 -0.000000 0.139242 -0.000000 -0.011372 0.004023 -0.027407 0.004083 0.152792 -0.043637 -0.058321 -0.000003 -0.000506 0.000000 -0.027668 0.111846 0.160081 0.000000 0.159968 -0.049429 0.126140 -0.000000 0.128807 0.024131 0.104478 0.000000 -0.061164 0.000000 0.159381 -0.000000 -0.098430 -0.000000 -0.000000 0.104095 0.000000 -0.065980 0.000000 0.000000 0.084452 0.000000 0.000000 0.035700 -0.034989 0.055129 0.071939 -0.000045 0.071818 0.094560 -0.000000 0.013442 -0.003336 -0.006494 0.092700 0.141808 -0.078163 0.026371 0.118788 -0.000000 0.025438 0.000000 -0.000216 -0.000000 -0.014295 0.103407
  -0.000001 -0.000000 0.080451 -0.000000 0.068357 -0.000000 -0.005881 -0.039090 -0.048021 -0.083362 -0.000001 0.106748 -0.000660 -0.018791 -0.013893 0.000000 0.118060 0.097170 -0.000000 -0.007768 0.000000 -0.137031 0.010727 -0.042001 0.003673 -0.137205 0.000000 -0.006887 0.025528 -0.000000 0.039656 -0.001189 0.000000 0.000000 0.000000 0.000000 -0.053392 0.000000 -0.001387 -0.000000 -0.120830 -0.049724 0.058872 0.018561 0.082956 0.009625 -0.024275 -0.000002 -0.000016 -0.000000 -0.099997 0.063292 0.050250 0.000000 0.153611 0.123497 0.079263 -0.000000 -0.002152 0.253199 -0.097163 -0.000000 0.099065 -0.000000 0.029158 -0.000000 -0.153335 -0.000000 -0.000000 -0.124556 -0.000000 0.100262 -0.000000 -0.000000 -0.031985 0.000000 -0.000000 -0.011059 0.107751 0.081615 -0.082942 -0.000003 -0.006518 -0.001655 -0.000000 0.054205 -0.002765 0.114477 -0.030381 0.065297 0.071398 -0.113672 0.038361 -0.000000 0.076551 0.000000 -0.000181 -0.000000 -0.118095 -0.059769
  -0.000001 -0.000000 0.141651 -0.000000 -0.062128 -0.000000 -0.002247 0.110291 -0.098976 0.045205 -0.000005 -0.110526 -0.000230 -0.060886 0.024855 -0.000000 -0.013402 0.086231 -0.000000 0.061418 0.000000 0.038499 0.120466 -0.109840 0.000969 -0.077549 0.000000 0.142289 -0.073717 -0.000000 -0.064456 -0.003433 -0.000000 0.000000 0.000000 -0.000000 -0.087030 -0.000000 -0.068286 -0.000000 0.119829 0.025820 0.018721 -0.008450 0.121297 0.077866 -0.117710 -0.000005 -0.000916 -0.000000 0.018264 0.021005 -0.108049 0.000000 0.094037 0.060046 -0.054778 -0.000000 0.036392 -0.069542 -0.090092 -0.000000 0.107136 -0.000000 -0.104986 -0.000000 -0.437610 -0.000000 -0.000000 -0.031081 0.000000 0.004637 -0.000000 0.000000 0.127770 0.000000 -0.000000 -0.005244 0.161685 0.087616 -0.131910 -0.000077 0.005938 0.108267 0.000000 -0.010187 -0.004438 -0.100430 0.081524 -0.010143 0.083389 0.123736 -0.068681 -0.000000 -0.038534 0.000000 -0.000311 0.000000 0.079841 -0.026244
  -0.000001 0.000000 -0.071347 0.000000 0.130875 -0.000000 -0.001814 0.148329 -0.019274 0.184038 -0.000002 -0.041683 -0.000773 0.158672 0.097798 -0.000000 0.030107 -0.089573 -0.000000 0.124966 0.000000 0.036910 0.162747 0.014835 0.003607 0.080372 0.000000 -0.053822 0.148137 -0.000000 -0.069473 -0.004362 0.000000 -0.000000 0.000000 0.000000 -0.096658 0.000000 -0.052332 0.000000 0.126650 0.047498 0.050400 0.000191 0.029483 0.129729 0.033440 -0.000004 0.000033 0.000000 -0.010912 -0.101427 0.082777 0.000000 -0.084796 -0.040921 -0.021622 -0.000000 0.027151 -0.046297 0.081903 0.000000 0.001763 0.000000 0.027131 -0.000000 0.062893 -0.000000 0.000000 -0.008503 0.000000 -0.086157 -0.000000 0.000000 -0.059173 0.000000 -0.000000 0.065081 0.093086 0.052060 -0.016602 -0.000038 -0.091746 -0.018312 0.000000 0.110576 -0.003441 0.061469 0.120256 0.067388 -0.020996 0.170465 0.089097 -0.000000 -0.083214 -0.000000 -0.000357 0.000000 0.047817 0.002648
  -0.000000 -0.000000 0.027907 -0.000000 0.136028 0.000000 -0.003864 0.158644 0.009886 0.183642 -0.000003 0.149609 -0.000544 0.200470 0.122126 -0.000000 0.160936 -0.011142 0.000000 -0.068011 0.000000 0.071734 -0.080117 -0.006647 -0.000679 0.007238 -0.000000 0.093438 0.000107 -0.000000 0.119558 -0.004585 0.000000 0.000000 0.000000 0.000000 0.159462 -0.000000 -0.058250 -0.000000 0.146084 -0.072881 0.038605 0.017102 0.164973 0.062695 -0.056326 -0.000005 0.000213 -0.000000 -0.055532 0.115064 0.086045 0.000000 0.148343 0.080262 -0.067941 -0.000000 -0.013997 0.197007 0.141705 0.000000 0.182089 -0.000000 0.090719 -0.000000 -0.023725 0.000000 -0.000000 0.062820 -0.000000 0.027746 -0.000000 0.000000 0.171061 0.000000 0.000000 0.049800 0.096294 -0.053948 -0.008721 -0.000005 0.058903 -0.068884 -0.000000 -0.053196 -0.001968 -0.015479 0.054981 -0.038729 0.102892 -0.011100 -0.019800 -0.000000 -0.088947 -0.000000 -0.000352 -0.000000 -0.054677 0.016344
  -0.000001 0.000000 0.048354 -0.000000 0.161184 -0.000000 -0.003682 0.080832 -0.043467 0.042897 -0.000003 0.163198 -0.000501 0.145015 0.196688 -0.000000 0.008534 -0.062271 -0.000000 0.003427 0.000000 0.110435 0.073853 -0.001114 0.000752 0.172697 0.000000 -0.100575 0.076131 -0.000000 -0.005475 -0.003418 0.000000 0.000000 -0.000000 -0.000000 0.025410 -0.000000 -0.062086 -0.000000 0.124288 -0.078681 -0.078407 -0.003106 0.179592 0.088697 0.097354 -0.000005 -0.001159 -0.000000 0.107235 0.115591 0.038983 0.000000 0.085893 -0.061154 0.127953 -0.000000 0.044223 -0.137340 -0.069984 -0.000000 -0.002340 -0.000000 0.074337 -0.000000 -0.137428 0.000000 -0.000000 0.112079 0.000000 0.135383 0.000000 -0.000000 0.083379 -0.000000 -0.000000 0.101441 0.047206 0.128325 0.128678 -0.000107 0.171265 0.012318 -0.000000 -0.012377 -0.004804 -0.055045 0.093303 0.094047 0.009093 -0.055307 0.046052 -0.000000 0.154273 -0.000000 -0.000311 -0.000000 0.089033 0.080479
  -0.000001 -0.000000 0.008737 -0.000000 0.080829 -0.000000 -0.003473 -0.050254 0.148581 0.025752 -0.000002 -0.088608 -0.001307 -0.113152 0.047573 0.000000 -0.003259 -0.189613 -0.000000 -0.012450 -0.000000 -0.119987 0.063494 0.003173 0.004987 0.107341 -0.000000 0.147210 -0.045570 -0.000000 0.047566 -0.005222 0.000000 -0.000000 0.000000 -0.000000 -0.006569 -0.000000 0.029091 -0.000000 0.035175 0.036942 0.042393 0.043329 0.000550 -0.020889 -0.049563 -0.000004 -0.000649 -0.000000 -0.048303 0.132304 0.030350 -0.000000 0.020301 -0.089595 0.088249 0.000000 0.007454 -0.123511 0.151270 0.000000 0.053419 0.000000 0.055821 -0.000000 -0.010290 -0.000000 -0.000000 0.048514 -0.000000 0.152189 0.000000 0.000000 0.028218 0.000000 -0.000000 0.074695 -0.072940 0.107725 -0.040156 -0.000056 0.143522 -0.083323 -0.000000 0.113247 -0.003419 0.112966 0.028163 -0.009538 -0.039179 -0.049832 0.082902 -0.000000 0.026470 -0.000000 -0.000300 0.000000 0.146984 -0.021513
  0.000000 0.000000 -0.023601 0.000000 -0.154661 -0.000000 -0.005088 -0.113640 -0.002797 0.054999 -0.000002 0.015624 -0.000664 -0.080026 -0.074284 0.000000 -0.208289 0.013014 0.000000 -0.010401 0.000000 -0.174425 -0.162345 -0.097774 0.003751 -0.164059 -0.000000 0.054296 -0.224838 -0.000000 -0.037545 -0.003220 -0.000000 -0.000000 0.000000 0.000000 0.011129 -0.000000 0.007934 0.000000 0.000722 -0.004521 0.000829 0.029983 -0.169004 -0.047067 -0.199611 -0.000004 -0.000452 -0.000000 -0.114223 -0.041682 0.013124 0.000000 -0.259404 0.075224 0.084672 -0.000000 -0.232615 0.003148 -0.006898 0.000000 -0.178911 -0.000000 -0.065988 -0.000000 -0.069831 -0.000000 0.000000 0.083864 -0.000000 0.059054 -0.000000 -0.000000 -0.148838 0.000000 0.000000 -0.072881 -0.102916 -0.042122 -0.171372 -0.000014 -0.049677 -0.069573 0.000000 0.095349 -0.003255 0.111994 -0.174247 0.004643 0.013823 0.011515 -0.081512 -0.000000 -0.141362 0.000000 -0.000281 -0.000000 -0.122176 -0.200068
  0.000000 -0.000000 -0.029199 -0.000000 -0.054955 -0.000000 -0.004980 -0.019688 0.274003 0.065664 -0.000002 0.070637 -0.000377 0.278241 0.116982 -0.000000 0.157800 0.110441 0.000000 -0.189834 0.000000 0.250553 0.089325 0.147050 0.000775 0.237308 -0.000000 0.138770 0.241364 0.000000 -0.035429 -0.001643 -0.000000 -0.000000 0.000000 0.000000 0.014580 0.000000 0.209750 0.000000 -0.047601 -0.087132 0.189411 -0.245633 -0.093880 -0.107547 0.302598 -0.000004 -0.000196 -0.000000 0.019612 0.086969 -0.164567 -0.000000 -0.013138 -0.020652 0.293994 0.000000 0.171628 0.037291 0.196807 0.000000 -0.049690 0.000000 0.016685 -0.000000 0.000000 0.000000 0.000000 -0.097773 0.000000 -0.010295 0.000000 -0.000000 -0.008824 -0.000000 -0.000000 -0.145064 -0.040819 0.245075 -0.123266 -0.000017 -0.109088 0.006373 -0.000000 -0.231225 -0.000809 -0.000000 0.185240 -0.131145 0.158211 0.239600 0.060182 -0.000000 0.067272 -0.000000 -0.000018 -0.000000 0.124894 0.160412
  -0.000000 0.000000 -0.061415 -0.000000 0.122965 0.000000 -0.000314 -0.002412 -0.082661 0.001609 -0.000005 0.049138 0.000087 0.027789 -0.075613 -0.000000 0.097390 0.100433 0.000000 -0.089220 0.000000 0.132621 0.113304 0.022282 0.001042 0.068372 -0.000000 -0.027079 -0.034527 0.000000 0.109135 -0.003251 -0.000000 0.000000 0.000000 0.000000 0.181477 0.000000 0.164960 -0.000000 -0.000741 -0.032741 -0.046702 -0.430408 0.070132 0.117370 0.062791 -0.000004 -0.000537 0.000000 0.018104 0.110383 -0.018034 -0.000000 0.151941 -0.025561 -0.079879 0.000000 0.110834 -0.299588 -0.044729 -0.000000 0.076023 -0.000000 -0.064001 -0.000000 -0.107880 -0.000000 -0.000000 0.089176 -0.000000 -0.013001 0.000000 -0.000000 0.059613 -0.000000 -0.000000 -0.055194 0.024681 -0.037152 -0.089681 -0.000015 0.170327 0.115220 0.000000 -0.052212 -0.000495 -0.015787 0.155956 0.184085 0.100138 0.178570 0.059279 -0.000000 0.024765 0.000000 -0.000231 0.000000 0.162721 -0.041277
  -0.000000 0.000000 0.107537 0.000000 -0.020400 0.000000 -0.004598 -0.117671 -0.078232 0.027604 -0.000003 -0.041453 -0.000397 -0.142487 -0.041611 0.000000 -0.055696 -0.094005 -0.000000 -0.093991 0.000000 -0.114582 -0.093730 -0.143151 0.000748 -0.045104 0.000000 -0.147220 -0.109035 -0.000000 -0.017698 -0.002916 -0.000000 -0.000000 -0.000000 0.000000 0.116194 -0.000000 0.032311 -0.000000 -0.079871 0.053724 0.049538 0.099152 -0.039765 -0.065439 0.023122 -0.000005 -0.000006 -0.000000 -0.003215 -0.035650 -0.105476 0.000000 -0.151215 -0.051620 -0.161757 -0.000000 -0.259356 0.176811 0.052208 -0.000000 0.068064 0.000000 -0.057932 -0.000000 -0.014637 0.000000 -0.000000 -0.067927 0.000000 0.100393 0.000000 -0.000000 0.051123 -0.000000 -0.000000 -0.128749 -0.001913 -0.158254 -0.073619 -0.000011 -0.141525 -0.159121 -0.000000 0.241630 -0.000139 0.010169 0.004933 0.068606 -0.087467 -0.088293 0.006220 0.000000 -0.122345 0.000000 -0.000008 -0.000000 -0.056572 -0.175920
  -0.000000 0.000000 -0.121516 -0.000000 0.049861 -0.000000 -0.003291 -0.042721 -0.001576 -0.002545 -0.000002 -0.091634 -0.000324 0.178229 -0.029476 0.000000 0.125513 0.178903 -0.000000 -0.062958 -0.000000 0.102107 0.108852 -0.051105 0.003828 0.120725 0.000000 0.179802 0.109120 -0.000000 0.044676 -0.005469 -0.000000 0.000000 0.000000 -0.000000 0.091278 0.000000 0.164755 -0.000000 -0.028556 0.069392 -0.095916 0.044964 0.112949 -0.088474 0.043879 -0.000004 -0.000379 0.000000 0.117774 0.075542 0.049823 -0.000000 0.114434 0.085987 0.146893 0.000000 -0.024694 0.239715 -0.042903 -0.000000 -0.005959 0.000000 0.135064 -0.000000 0.042059 0.000000 0.000000 0.029477 -0.000000 -0.059265 0.000000 0.000000 -0.031037 -0.000000 0.000000 -0.145849 0.076230 0.185278 0.012427 -0.000009 0.094872 0.120708 0.000000 0.116391 -0.000566 0.001205 0.086673 0.113353 -0.042194 0.116947 0.052610 -0.000000 -0.086441 0.000000 -0.000303 -0.000000 -0.037382 0.132166
  -0.000001 0.000000 -0.019658 0.000000 0.076255 -0.000000 -0.001746 -0.069329 0.118807 -0.063824 -0.000003 -0.001630 -0.000817 0.022882 0.105963 -0.000000 0.128921 -0.140834 -0.000000 0.125524 -0.000000 0.037924 0.104110 0.014320 0.002871 0.018624 0.000000 0.097229 0.098128 -0.000000 -0.035948 -0.003407 0.000000 -0.000000 -0.000000 -0.000000 0.030820 0.000000 -0.067120 -0.000000 -0.029800 0.188167 -0.088188 0.027182 0.128612 0.110840 0.033873 -0.000004 -0.000932 -0.000000 -0.025864 -0.014409 -0.023467 -0.000000 0.086541 0.188366 0.072798 -0.000000 -0.062892 0.002463 0.001814 -0.000000 0.094987 0.000000 0.102670 -0.000000 -0.124477 0.000000 -0.000000 0.107011 0.000000 0.092679 -0.000000 -0.000000 0.071884 0.000000 0.000000 -0.074853 -0.042922 0.182393 0.125013 -0.000077 -0.023041 0.076404 0.000000 0.016318 -0.004379 -0.212554 0.077316 -0.019953 0.044282 0.194840 0.032945 0.000000 -0.035097 0.000000 -0.000329 -0.000000 -0.086322 0.038753
  -0.000000 0.000000 0.179529 -0.000000 -0.113632 -0.000000 -0.000791 -0.151138 -0.009313 -0.009231 -0.000002 -0.197701 0.000834 -0.183888 -0.111519 0.000000 0.019104 -0.153299 -0.000000 0.004207 -0.000000 -0.106474 -0.229115 0.000017 -0.004156 -0.101786 0.000000 -0.162727 -0.055559 0.000000 0.061591 0.001099 0.000000 0.000000 -0.000000 0.000000 0.126124 0.000000 0.004822 -0.000000 -0.003529 0.102570 0.029021 -0.283923 -0.045657 0.005884 0.052493 -0.000005 0.000163 -0.000000 0.049783 -0.074726 0.131949 -0.000000 0.016903 0.067651 0.098992 -0.000000 -0.062008 -0.111826 -0.075542 -0.000000 -0.032502 -0.000000 -0.088728 -0.000000 0.000261 -0.000000 0.000000 0.012082 0.000000 -0.079905 -0.000000 -0.000000 -0.040834 -0.000000 0.000000 0.104814 0.059846 -0.074377 -0.091481 -0.000015 -0.031719 -0.095190 -0.000000 0.091795 -0.000063 -0.226994 -0.022108 0.143019 -0.107842 -0.072548 0.076427 -0.000000 0.011262 -0.000000 -0.000045 0.000000 -0.131805 -0.077568
  -0.000000 -0.000000 -0.040604 0.000000 0.115382 -0.000000 -0.006280 0.128079 0.069899 0.132356 -0.000002 0.133479 -0.000501 0.152887 0.000447 -0.000000 -0.001558 -0.078482 0.000000 0.079447 -0.000000 -0.008565 -0.075346 -0.069581 0.002563 0.146940 -0.000000 0.026485 -0.046401 -0.000000 0.074709 -0.001971 -0.000000 -0.000000 -0.000000 -0.000000 -0.039408 0.000000 0.113521 0.000000 0.044851 0.043674 0.052723 0.019748 0.125934 -0.041437 0.072907 -0.000003 -0.000538 0.000000 0.104178 -0.079866 0.044962 -0.000000 -0.025325 -0.038350 0.063040 -0.000000 0.007179 0.176622 0.012477 -0.000000 0.046222 -0.000000 0.151031 -0.000000 -0.249236 0.000000 0.000000 0.111814 -0.000000 -0.080688 0.000000 -0.000000 0.127493 0.000000 0.000000 0.007781 0.016262 0.148702 0.044077 -0.000017 0.168485 0.177591 -0.000000 -0.112137 -0.003751 0.001385 0.172309 -0.044019 -0.049286 0.162707 0.057242 0.000000 0.187246 -0.000000 -0.000308 -0.000000 0.042154 0.156537
  0.000000 0.000000 -0.107693 -0.000000 -0.242864 -0.000000 -0.003124 -0.292039 -0.202482 -0.132194 -0.000001 -0.126059 -0.000295 -0.291639 -0.241772 0.000000 -0.156256 -0.195564 0.000000 -0.065427 -0.000000 -0.280004 -0.077038 -0.089616 0.000864 -0.091285 0.000000 -0.138206 -0.289611 -0.000000 -0.109526 0.000935 -0.000000 -0.000000 0.000000 0.000000 -0.012273 0.000000 -0.134777 0.000000 0.002768 -0.142142 -0.132584 0.078966 -0.117734 -0.059941 -0.230628 -0.000003 -0.000018 -0.000000 -0.218628 0.142414 -0.033494 -0.000000 -0.276955 -0.230419 -0.022280 -0.000000 -0.146100 0.183384 -0.066782 -0.000000 -0.055771 -0.000000 0.017990 -0.000000 -0.089336 -0.000000 -0.000000 -0.063379 -0.000000 -0.082241 -0.000000 0.000000 -0.046347 0.000000 0.000000 -0.263655 -0.272366 -0.130563 -0.166930 -0.000013 -0.240862 -0.189908 -0.000000 0.277507 -0.002488 -0.101410 -0.321517 -0.084207 -0.215147 -0.061585 -0.056283 -0.000000 -0.003012 0.000000 -0.000081 0.000000 -0.244492 -0.166202
  -0.000001 -0.000000 0.194141 -0.000000 0.123561 0.000000 0.000143 0.204046 -0.009797 -0.036362 -0.000003 -0.043645 -0.000802 0.056584 0.134424 0.000000 0.023928 0.094246 -0.000000 -0.094915 0.000000 0.105718 0.095124 -0.084601 0.002626 0.048557 0.000000 0.088821 0.142130 -0.000000 0.091863 -0.002540 0.000000 -0.000000 0.000000 -0.000000 -0.027983 0.000000 0.183129 0.000000 0.005516 0.062488 -0.030185 0.028398 0.184448 0.090291 0.137132 -0.000003 -0.000469 -0.000000 0.075137 0.092228 0.100354 -0.000000 0.175136 -0.048473 0.095387 0.000000 0.056735 0.090581 0.016790 -0.000000 0.088270 0.000000 -0.037130 -0.000000 -0.219756 0.000000 0.000000 -0.039729 -0.000000 0.125321 0.000000 0.000000 0.139522 0.000000 0.000000 0.060793 0.076349 0.016366 -0.046738 -0.000011 -0.012670 0.179145 0.000000 0.068474 -0.003532 -0.178491 -0.093331 0.026390 -0.064701 0.065782 0.172760 0.000000 0.099314 -0.000000 -0.000323 0.000000 -0.016154 0.125194
  -0.000001 0.000000 0.201759 -0.000000 0.182105 -0.000000 -0.002105 0.057561 0.170230 -0.050531 -0.000002 -0.053162 -0.001291 0.165256 0.176036 0.000000 -0.045863 -0.129475 -0.000000 -0.037703 -0.000000 0.059853 -0.010732 -0.045784 0.003228 -0.040019 0.000000 0.142684 0.195352 -0.000000 0.000269 -0.003418 -0.000000 -0.000000 -0.000000 -0.000000 -0.010670 -0.000000 0.117456 -0.000000 -0.013344 0.153757 -0.071718 0.020559 0.171591 -0.032956 -0.050383 -0.000004 -0.000922 0.000000 0.156087 -0.133240 0.074164 -0.000000 -0.050756 0.098910 0.003286 -0.000000 -0.058066 -0.082042 0.016472 0.000000 -0.053008 -0.000000 0.058147 -0.000000 0.058682 0.000000 0.000000 0.172287 -0.000000 0.077864 0.000000 0.000000 0.161895 -0.000000 -0.000000 0.045405 0.135970 0.065126 0.062647 -0.000082 0.030881 0.169417 -0.000000 -0.099792 -0.004336 0.002206 -0.041425 -0.028263 0.197984 -0.025734 0.093547 0.000000 0.060853 0.000000 -0.000351 0.000000 0.034165 0.115081
  -0.000000 0.000000 -0.171405 -0.000000 -0.170738 -0.000000 -0.000152 -0.110384 0.033352 0.061606 -0.000004 -0.183722 0.000017 0.006694 -0.108936 -0.000000 -0.055053 0.167058 0.000000 -0.170164 0.000000 -0.168697 -0.183131 0.010646 0.002759 -0.104328 -0.000000 0.020216 -0.013618 -0.000000 -0.022457 -0.004076 -0.000000 -0.000000 -0.000000 -0.000000 0.035798 -0.000000 -0.157233 -0.000000 -0.166404 0.026866 -0.157690 0.100571 -0.019610 -0.193435 -0.101400 -0.000005 -0.000382 0.000000 -0.014634 0.099159 0.001061 -0.000000 -0.219593 -0.183009 -0.131540 -0.000000 -0.030234 0.082546 -0.078149 -0.000000 -0.219061 -0.000000 -0.077367 -0.000000 0.097596 -0.000000 -0.000000 -0.110360 -0.000000 -0.222995 0.000000 -0.000000 -0.045829 -0.000000 -0.000000 -0.128806 -0.027859 -0.108159 -0.018154 -0.000012 -0.019517 -0.178230 0.000000 0.126283 -0.000399 -0.012990 -0.232592 -0.219989 -0.003871 -0.078921 -0.024753 -0.000000 -0.137672 -0.000000 -0.000209 0.000000 0.001979 -0.168396
  -0.000000 0.000000 -0.022015 0.000000 0.182653 0.000000 -0.004649 -0.036924 -0.042899 0.182974 -0.000002 0.083605 -0.001407 0.068014 0.180018 -0.000000 -0.002570 -0.154900 -0.000000 -0.043508 -0.000000 0.119495 0.121785 -0.062854 0.001789 0.118202 -0.000000 -0.082027 -0.072928 -0.000000 -0.060519 -0.005166 -0.000000 0.000000 -0.000000 -0.000000 0.068958 0.000000 0.098257 0.000000 0.142190 0.127462 0.051088 -0.047473 -0.112104 -0.035782 0.091463 -0.000004 -0.000704 0.000000 0.145852 0.136038 -0.002060 0.000000 0.003799 -0.063956 -0.093414 -0.000000 -0.017978 0.140000 -0.082564 0.000000 0.038703 -0.000000 0.025720 -0.000000 0.001998 -0.000000 -0.000000 -0.057879 0.000000 0.142324 -0.000000 0.000000 0.066109 0.000000 0.000000 0.059003 0.085957 0.145778 0.001060 -0.000056 -0.105580 0.119461 0.000000 -0.089665 -0.003352 0.031199 -0.086811 0.158272 -0.041509 -0.103148 0.050904 0.000000 -0.107441 0.000000 -0.000326 -0.000000 -0.058206 0.045979
  -0.000000 0.000000 0.149452 0.000000 -0.011028 0.000000 -0.000373 0.051087 -0.059880 -0.053629 -0.000004 0.039863 0.000205 0.108162 0.015633 0.000000 0.029839 0.025370 0.000000 0.061278 -0.000000 0.023718 0.123100 -0.002010 0.001194 0.008115 -0.000000 0.057249 0.134860 0.000000 0.023809 -0.003181 0.000000 -0.000000 -0.000000 -0.000000 0.180821 -0.000000 0.166494 0.000000 0.058440 -0.071887 0.054151 -0.217438 -0.048402 0.095314 0.181965 -0.000005 -0.000752 -0.000000 0.038635 -0.074057 0.102220 0.000000 0.100097 -0.073843 -0.110574 -0.000000 0.021155 -0.149402 0.153122 0.000000 0.016789 -0.000000 -0.059008 -0.000000 -0.120309 0.000000 0.000000 -0.069578 -0.000000 -0.022123 -0.000000 0.000000 -0.067194 -0.000000 -0.000000 0.168277 0.075437 -0.025584 0.057427 -0.000040 0.176364 -0.035019 0.000000 0.122501 -0.001175 0.040117 0.073567 0.032294 0.121372 0.051194 0.098415 -0.000000 0.120712 0.000000 -0.000345 0.000000 0.050770 0.156687
  -0.000001 -0.000000 0.072144 -0.000000 -0.009869 -0.000000 0.000803 -0.147016 -0.076405 -0.108234 -0.000005 -0.167413 -0.001191 0.048931 0.018611 -0.000000 -0.015308 -0.034304 0.000000 0.055522 0.000000 -0.094088 -0.006620 -0.123050 0.001119 -0.229763 0.000000 -0.049816 -0.055393 -0.000000 0.021502 -0.004102 0.000000 -0.000000 -0.000000 -0.000000 -0.072201 -0.000000 -0.168206 -0.000000 0.022069 0.005482 -0.221489 0.025558 -0.166405 -0.192040 -0.061469 -0.000005 -0.000575 -0.000000 -0.202361 0.161662 0.067341 -0.000000 -0.149925 0.043802 -0.032103 -0.000000 -0.247226 -0.115896 -0.041071 -0.000000 -0.185853 0.000000 -0.187480 -0.000000 -0.052303 -0.000000 0.000000 -0.084712 0.000000 -0.079231 -0.000000 0.000000 -0.111440 0.000000 -0.000000 -0.049359 -0.222476 -0.108214 0.012065 -0.000017 -0.135122 -0.159183 0.000000 0.150987 -0.003981 -0.204527 -0.157815 0.056564 -0.221014 -0.177260 -0.033577 -0.000000 -0.050359 -0.000000 -0.000358 -0.000000 -0.098606 -0.201461
  -0.000001 0.000000 0.109241 -0.000000 -0.051567 -0.000000 -0.000576 0.029082 0.092313 -0.065031 -0.000004 0.016441 -0.000538 -0.020372 0.088424 -0.000000 0.159018 0.228905 -0.000000 -0.047888 -0.000000 -0.014623 0.079072 0.128690 0.003490 0.136011 -0.000000 -0.049654 0.105017 -0.000000 0.076680 -0.003347 -0.000000 0.000000 -0.000000 0.000000 0.166229 0.000000 0.090443 0.000000 0.141996 -0.016808 0.008808 -0.087557 0.013139 0.013540 -0.008755 -0.000003 -0.000172 -0.000000 0.178320 0.111028 0.122467 -0.000000 0.103433 -0.102231 0.105463 -0.000000 0.143579 0.221929 0.000087 -0.000000 0.115265 -0.000000 0.142157 -0.000000 -0.104510 0.000000 0.000000 0.135740 -0.000000 0.095526 0.000000 0.000000 0.081529 0.000000 -0.000000 -0.029828 0.112435 -0.025626 0.091423 -0.000008 0.072029 0.116220 -0.000000 -0.080968 -0.002990 -0.546331 0.137208 -0.096557 0.106994 -0.007414 0.035178 0.000000 -0.006947 -0.000000 -0.000194 -0.000000 -0.030827 -0.089601
  -0.000000 -0.000000 -0.014327 -0.000000 -0.075497 -0.000000 -0.004416 -0.182764 0.055552 0.003224 -0.000002 -0.043234 -0.000996 -0.156182 -0.000452 -0.000000 0.088369 -0.042785 -0.000000 -0.011767 -0.000000 -0.034785 -0.008896 0.088029 0.002928 -0.011011 0.000000 0.087117 -0.097102 -0.000000 -0.117281 -0.004011 0.000000 0.000000 0.000000 -0.000000 0.021567 -0.000000 0.012451 0.000000 -0.060951 -0.131828 -0.197905 0.045243 0.097143 0.026397 -0.137550 -0.000004 -0.000449 0.000000 -0.141158 -0.074795 -0.015305 -0.000000 -0.153327 -0.161763 0.068844 0.000000 0.086698 0.090825 -0.042486 -0.000000 -0.006514 -0.000000 0.015717 -0.000000 -0.051452 -0.000000 -0.000000 -0.118927 -0.000000 0.106851 -0.000000 -0.000000 0.046238 0.000000 0.000000 0.009242 -0.090289 -0.088577 -0.074018 -0.000025 0.034177 -0.093207 -0.000000 0.089505 -0.002805 0.056305 0.008452 0.015735 0.047725 0.064837 -0.042672 0.000000 0.009525 -0.000000 -0.000109 -0.000000 -0.042440 -0.018917
  -0.000000 -0.000000 -0.115610 0.000000 -0.233303 -0.000000 -0.005591 -0.149805 -0.195417 -0.225132 -0.000000 -0.070220 0.000646 -0.243221 -0.125713 0.000000 -0.223229 0.005721 0.000000 -0.064594 -0.000000 -0.080153 0.159980 0.030977 0.003081 0.077497 -0.000000 -0.127749 -0.030946 -0.000000 -0.026861 -0.002783 -0.000000 0.000000 -0.000000 -0.000000 -0.153640 0.000000 -0.053129 -0.000000 0.004456 -0.172425 -0.070935 0.107957 -0.078160 0.100789 -0.098648 -0.000004 0.000106 0.000000 -0.145672 -0.104650 -0.084235 0.000000 -0.271564 -0.007401 0.094131 -0.000000 -0.033054 0.008091 -0.216105 0.000000 -0.075611 -0.000000 0.006758 -0.000000 -0.045630 -0.000000 0.000000 0.101958 0.000000 0.016192 -0.000000 -0.000000 -0.018293 0.000000 -0.000000 -0.148560 -0.245523 -0.042869 -0.261747 -0.000037 -0.131725 -0.378852 0.000000 0.035941 -0.001985 0.067111 -0.135751 0.056140 -0.092414 -0.208545 -0.133906 0.000000 -0.067967 -0.000000 -0.000195 -0.000000 -0.169289 -0.108522
  -0.000001 0.000000 0.117528 0.000000 0.124378 -0.000000 -0.002685 0.082339 0.110130 0.111024 -0.000002 0.136199 -0.000601 0.134532 0.160674 -0.000000 0.084929 -0.171688 -0.000000 0.048967 0.000000 0.156147 0.029982 0.012371 0.003495 0.105534 -0.000000 0.167404 -0.116266 -0.000000 -0.017651 -0.003457 -0.000000 0.000000 -0.000000 -0.000000 0.073245 0.000000 -0.003267 -0.000000 0.010095 -0.090453 0.110184 0.052644 0.045335 -0.003704 0.100869 -0.000003 0.000112 0.000000 0.115926 0.063848 0.020774 0.000000 0.051857 0.053164 0.002185 0.000000 -0.002296 -0.017109 -0.097405 0.000000 0.098443 -0.000000 -0.044436 -0.000000 -0.022293 -0.000000 -0.000000 -0.052491 -0.000000 0.007786 -0.000000 -0.000000 0.049167 -0.000000 -0.000000 0.134917 -0.062250 0.009880 -0.086881 -0.000009 0.043364 0.048399 0.000000 0.098442 -0.003618 -0.160664 -0.107185 -0.085814 -0.065131 0.004559 0.064356 -0.000000 0.169756 0.000000 -0.000279 -0.000000 -0.057775 -0.074177
  -0.000001 0.000000 -0.024068 -0.000000 0.175791 -0.000000 -0.003595 -0.049825 0.004493 0.070971 -0.000002 -0.107563 -0.000483 0.099515 0.016482 -0.000000 0.022824 -0.158194 -0.000000 -0.049081 -0.000000 0.176499 0.026473 0.094400 0.003254 -0.036181 -0.000000 -0.074869 -0.075805 -0.000000 0.103201 -0.003130 -0.000000 0.000000 -0.000000 -0.000000 0.002827 0.000000 0.179420 -0.000000 0.142466 0.135963 -0.045567 0.021716 0.006636 0.177840 -0.060493 -0.000003 -0.000497 0.000000 0.031605 0.031407 0.139190 0.000000 0.140172 -0.091145 0.137632 -0.000000 -0.029626 0.039328 0.023464 -0.000000 0.176176 -0.000000 0.091624 -0.000000 -0.040616 -0.000000 0.000000 0.151125 0.000000 0.186429 -0.000000 -0.000000 0.092132 -0.000000 -0.000000 0.002666 0.081112 0.041109 -0.053094 -0.000024 0.049505 0.058074 -0.000000 0.104374 -0.003837 -0.145783 0.097198 0.062899 -0.033972 0.063177 0.064639 0.000000 0.113514 0.000000 -0.000343 -0.000000 -0.018884 0.018925
  -0.000000 0.000000 -0.040728 -0.000000 0.037433 -0.000000 -0.001082 -0.096874 0.065773 0.163362 -0.000003 0.031058 -0.000585 0.077963 0.056544 -0.000000 0.046164 -0.075418 -0.000000 -0.122045 0.000000 0.055476 0.134699 0.062026 0.003300 0.004704 0.000000 0.155211 0.055473 -0.000000 -0.042289 -0.004016 -0.000000 -0.000000 0.000000 0.000000 -0.000913 0.000000 -0.085091 -0.000000 -0.058948 0.037203 -0.085372 0.008899 0.006203 0.113828 -0.101214 -0.000004 0.000270 0.000000 0.154575 -0.138961 -0.082591 0.000000 0.003609 0.048784 0.083877 0.000000 0.157864 -0.011996 0.100164 -0.000000 0.145969 -0.000000 -0.043159 -0.000000 -0.031323 -0.000000 -0.000000 0.129869 -0.000000 0.084380 -0.000000 0.000000 0.089540 -0.000000 -0.000000 -0.065106 0.159470 0.081242 0.158003 -0.000005 0.113784 0.110204 0.000000 0.126747 -0.002297 -0.145600 0.081879 0.083110 0.062039 -0.045790 0.040289 -0.000000 0.002863 0.000000 -0.000322 -0.000000 0.002930 -0.030581
  -0.000001 0.000000 0.135149 -0.000000 0.082350 -0.000000 -0.004490 -0.076181 0.155187 0.024835 -0.000002 -0.090201 -0.001649 -0.044049 -0.049980 -0.000000 0.132211 0.106986 -0.000000 0.107641 0.000000 0.098380 -0.089413 0.074222 0.003869 0.066143 -0.000000 0.009760 0.055973 -0.000000 -0.085169 -0.003329 0.000000 0.000000 -0.000000 0.000000 -0.036756 0.000000 0.086873 0.000000 0.148391 -0.045676 0.097156 -0.017248 0.080902 0.084429 0.068043 -0.000004 -0.000641 -0.000000 -0.084121 0.099605 -0.012188 0.000000 -0.053664 -0.077762 0.200916 -0.000000 -0.086369 0.033121 0.046062 0.000000 0.012945 0.000000 0.116272 -0.000000 -0.062185 0.000000 0.000000 0.079283 -0.000000 0.113225 0.000000 -0.000000 -0.020087 0.000000 -0.000000 0.120636 0.082955 0.056422 -0.056662 -0.000061 0.148506 -0.044934 0.000000 -0.024858 -0.003932 -0.147933 0.019958 0.148306 -0.023690 -0.018762 -0.012369 -0.000000 0.001206 0.000000 -0.000282 -0.000000 -0.082675 0.148462
  -0.000000 -0.000000 0.020375 0.000000 -0.147727 -0.000000 -0.004983 -0.179635 -0.094224 -0.124110 -0.000001 -0.271081 0.000029 -0.148174 -0.156052 -0.000000 -0.167377 0.153485 -0.000000 0.098563 -0.000000 -0.249157 -0.142218 -0.091600 0.002281 -0.177381 0.000000 -0.019935 -0.217795 -0.000000 -0.138637 -0.005247 0.000000 0.000000 -0.000000 -0.000000 -0.031963 -0.000000 -0.140038 0.000000 0.009731 -0.166459 -0.129117 0.118600 -0.139079 -0.162161 -0.250095 -0.000004 -0.000573 0.000000 -0.136214 0.023259 -0.042097 -0.000000 0.028420 0.042762 -0.179955 0.000000 -0.355427 0.158935 -0.195620 0.000000 0.010117 -0.000000 -0.033199 -0.000000 0.131155 -0.000000 0.000000 -0.077808 -0.000000 -0.093700 -0.000000 0.000000 -0.079250 0.000000 -0.000000 -0.101007 -0.147276 -0.311048 -0.228053 -0.000054 -0.043768 -0.222019 -0.000000 0.030957 -0.003090 0.127486 -0.222011 -0.077532 -0.258713 -0.126162 -0.304442 -0.000000 -0.087625 -0.000000 -0.000093 0.000000 -0.170676 -0.081787
  -0.000000 -0.000000 0.145840 -0.000000 0.135789 -0.000000 -0.001099 0.178849 -0.016349 0.150884 -0.000003 0.150484 -0.000795 0.055965 0.130673 0.000000 0.168151 -0.103047 0.000000 -0.064426 -0.000000 -0.016447 0.008547 0.017153 0.002965 -0.049100 0.000000 -0.047449 -0.006455 -0.000000 0.114309 -0.003370 0.000000 -0.000000 0.000000 -0.000000 -0.004204 -0.000000 -0.087916 -0.000000 0.175037 0.169778 -0.039189 -0.004931 -0.043491 0.004061 0.171905 -0.000004 -0.000605 -0.000000 0.179149 -0.025336 0.104907 -0.000000 0.050213 -0.044848 -0.047568 0.000000 0.174575 0.046160 0.083486 0.000000 -0.070308 -0.000000 -0.009457 -0.000000 -0.004345 -0.000000 0.000000 0.127054 -0.000000 -0.056601 -0.000000 -0.000000 -0.030303 0.000000 0.000000 0.076453 -0.003969 0.143260 -0.039275 -0.000050 0.131504 -0.047308 -0.000000 0.094853 -0.003863 -0.055713 -0.088845 0.082782 -0.002934 -0.071695 0.080859 -0.000000 0.002253 -0.000000 -0.000337 -0.000000 -0.079174 0.159175
  -0.000001 -0.000000 -0.058636 -0.000000 0.172958 -0.000000 -0.004159 -0.027664 0.143769 0.111334 -0.000003 0.087485 -0.001299 0.018957 -0.030490 0.000000 0.036981 -0.016197 0.000000 -0.011554 0.000000 0.140995 0.074779 0.164887 0.003600 -0.020995 -0.000000 -0.022397 0.123636 -0.000000 0.041229 -0.002883 0.000000 -0.000000 -0.000000 -0.000000 0.157981 0.000000 0.137066 0.000000 0.013551 0.032135 0.145207 -0.009822 0.142368 0.171567 0.094639 -0.000004 -0.000579 0.000000 0.055030 -0.099061 0.001413 0.000000 0.011227 0.123571 0.049135 0.000000 -0.051985 0.079661 0.100709 -0.000000 0.001481 0.000000 0.053745 -0.000000 -0.001596 0.000000 0.000000 0.033316 -0.000000 0.160657 0.000000 0.000000 -0.033427 -0.000000 -0.000000 -0.043277 -0.065920 -0.072985 0.182368 -0.000028 0.106061 0.149632 0.000000 -0.093871 -0.003828 -0.220549 0.114875 0.118916 0.191652 0.075577 0.033069 0.000000 -0.071061 0.000000 -0.000317 -0.000000 0.157734 0.086312
  -0.000001 -0.000000 0.032006 -0.000000 0.025763 -0.000000 -0.002138 0.007342 -0.146970 -0.061995 -0.000005 0.007259 -0.001215 0.004977 -0.157303 -0.000000 -0.177008 0.016548 0.000000 0.021194 0.000000 -0.069058 0.065593 0.006990 0.002055 -0.057085 -0.000000 -0.194624 0.010697 -0.000000 -0.162063 -0.003583 0.000000 0.000000 -0.000000 -0.000000 -0.037462 0.000000 0.001929 0.000000 0.019058 -0.069592 -0.178921 -0.042670 -0.017980 -0.041960 -0.076672 -0.000004 -0.000448 0.000000 -0.137238 0.226053 -0.174347 -0.000000 -0.116309 -0.017781 -0.148478 -0.000000 -0.034584 0.231814 0.081365 0.000000 -0.051747 -0.000000 0.009171 -0.000000 -0.187238 -0.000000 0.000000 -0.204972 0.000000 -0.004038 -0.000000 -0.000000 0.065387 -0.000000 0.000000 -0.175161 -0.112895 -0.057356 -0.193907 -0.000010 0.038247 -0.142365 -0.000000 0.098757 -0.002733 -0.275178 -0.041580 -0.178937 -0.205483 -0.173811 0.026152 -0.000000 -0.191838 -0.000000 -0.000176 -0.000000 -0.113354 -0.219477
  -0.000000 0.000000 0.081737 -0.000000 0.005695 -0.000000 -0.003676 -0.021333 0.137457 0.189764 -0.000003 0.145312 0.000018 0.107332 0.019653 0.000000 0.049307 -0.057236 0.000000 0.003425 -0.000000 0.174368 -0.100645 0.049912 0.000312 0.070682 0.000000 -0.009746 -0.018672 -0.000000 0.081889 -0.004831 -0.000000 -0.000000 0.000000 -0.000000 0.090732 -0.000000 0.101182 0.000000 0.076982 -0.037392 0.061026 -0.018707 0.026620 0.165443 0.088335 -0.000005 -0.001010 -0.000000 -0.002341 -0.085481 0.181252 0.000000 0.108520 -0.004974 -0.067002 0.000000 0.016329 0.030565 0.080976 -0.000000 0.009472 -0.000000 -0.042195 -0.000000 -0.205080 -0.000000 -0.000000 0.134313 -0.000000 0.092929 -0.000000 -0.000000 0.042528 0.000000 0.000000 -0.045493 0.077330 0.156714 0.037416 -0.000082 -0.050392 0.167658 0.000000 0.140842 -0.002663 -0.082075 0.154360 -0.002465 0.006130 0.108679 0.118917 0.000000 -0.024776 0.000000 -0.000382 -0.000000 0.016463 -0.001714
  -0.000001 0.000000 -0.012756 0.000000 0.040468 -0.000000 -0.000387 -0.104054 0.012676 -0.146460 -0.000005 -0.170582 -0.000345 0.005741 -0.114639 0.000000 -0.079710 0.075918 -0.000000 -0.162489 -0.000000 -0.086025 -0.200498 -0.114035 0.001947 -0.263904 0.000000 0.030764 -0.198438 0.000000 -0.051500 -0.003779 0.000000 -0.000000 0.000000 -0.000000 -0.002046 0.000000 -0.217278 -0.000000 0.068526 -0.120633 -0.107915 -0.467293 -0.008788 -0.044070 -0.012562 -0.000005 -0.000268 -0.000000 -0.101834 0.225311 0.004848 -0.000000 0.033786 -0.080434 -0.352475 0.000000 -0.124477 0.083460 -0.151028 0.000000 -0.052628 -0.000000 0.068584 -0.000000 -0.131020 -0.000000 0.000000 -0.123630 -0.000000 -0.204434 -0.000000 0.000000 -0.046191 -0.000000 -0.000000 -0.129297 0.019646 -0.117443 0.063454 -0.000013 -0.163738 0.016736 -0.000000 0.129910 -0.000936 0.045491 -0.221645 0.007657 -0.162860 -0.187163 -0.235822 -0.000000 0.016826 -0.000000 -0.000168 0.000000 -0.143491 -0.231756
  -0.000001 -0.000000 0.134153 0.000000 0.049440 -0.000000 -0.002107 0.036645 0.178448 0.182358 -0.000002 0.099348 -0.000871 0.205048 0.076339 -0.000000 0.006596 0.021826 -0.000000 0.066032 -0.000000 0.005001 0.023559 0.204432 0.003284 0.078075 -0.000000 -0.029784 0.044137 -0.000000 -0.007075 -0.003396 -0.000000 -0.000000 0.000000 0.000000 0.010675 0.000000 0.182218 -0.000000 0.153182 0.191992 -0.087054 0.004263 0.195120 0.072944 -0.072517 -0.000004 -0.000890 0.000000 0.134280 0.086935 -0.007214 -0.000000 0.053956 0.034240 -0.026604 0.000000 0.157359 -0.065617 0.098445 -0.000000 0.081286 0.000000 0.071404 -0.000000 0.075275 -0.000000 0.000000 -0.026156 -0.000000 0.022973 -0.000000 0.000000 0.047156 0.000000 0.000000 0.001630 0.154028 -0.008632 -0.011210 -0.000080 -0.001577 -0.071617 0.000000 -0.049920 -0.004297 0.060722 0.082248 0.159456 -0.033913 0.083250 0.175365 0.000000 0.124254 -0.000000 -0.000358 -0.000000 0.038457 0.171495
  -0.000000 0.000000 0.052069 -0.000000 -0.149058 -0.000000 -0.001378 -0.090354 -0.167017 -0.087451 -0.000004 -0.224727 -0.000020 -0.296028 -0.199038 -0.000000 -0.156288 -0.022310 -0.000000 -0.126080 -0.000000 -0.181796 0.078288 -0.067730 -0.004023 -0.051571 0.000000 -0.186158 -0.124046 -0.000000 0.036548 -0.003451 0.000000 -0.000000 0.000000 0.000000 -0.176363 0.000000 -0.254591 0.000000 -0.055630 -0.106524 -0.048433 0.027322 -0.161304 -0.157530 -0.116874 -0.000005 -0.000271 -0.000000 -0.179914 -0.010688 -0.255693 -0.000000 0.006379 -0.133010 -0.040953 -0.000000 -0.081278 0.200400 -0.024571 -0.000000 -0.162997 -0.000000 -0.116694 -0.000000 0.277011 0.000000 0.000000 -0.102058 0.000000 -0.155284 -0.000000 0.000000 -0.219349 -0.000000 -0.000000 0.002689 0.040575 -0.213844 -0.038785 -0.000022 -0.057486 -0.119707 0.000000 0.164972 -0.002988 0.064798 -0.114830 0.037316 -0.177724 -0.091056 -0.075728 -0.000000 -0.076532 -0.000000 -0.000205 0.000000 -0.086260 -0.046013
  -0.000000 -0.000000 -0.056336 -0.000000 -0.018940 -0.000000 -0.004110 -0.024332 -0.033070 0.024698 -0.000003 0.150107 -0.000146 0.091133 -0.070448 0.000000 0.124185 -0.017086 -0.000000 0.056363 0.000000 0.048962 0.047411 0.016632 0.001813 -0.140384 0.000000 -0.088330 0.003291 -0.000000 0.032643 -0.004066 0.000000 0.000000 -0.000000 -0.000000 -0.086856 0.000000 0.031891 -0.000000 -0.085737 0.073200 0.079770 0.043429 0.062666 -0.096246 -0.079997 -0.000005 -0.000235 -0.000000 -0.054251 -0.001169 0.137019 0.000000 0.107525 0.080659 -0.066681 0.000000 -0.052183 0.235125 -0.019570 0.000000 -0.034992 -0.000000 0.144950 -0.000000 0.029887 0.000000 0.000000 0.160803 0.000000 -0.094592 0.000000 0.000000 0.048068 -0.000000 0.000000 0.160510 0.140797 0.019623 -0.104832 -0.000009 0.119663 0.073145 -0.000000 -0.114804 -0.000276 -0.014265 0.135235 0.052369 -0.015887 0.052205 -0.102189 0.000000 -0.023995 -0.000000 -0.000210 0.000000 0.063119 0.082298
  -0.000000 -0.000000 -0.191219 0.000000 -0.140958 0.000000 -0.004860 0.022224 -0.028637 -0.014564 0.000000 0.065099 -0.001022 -0.071355 -0.024140 0.000000 0.111658 -0.006080 0.000000 -0.244027 -0.000000 0.090196 0.119656 0.078446 0.003230 0.152555 -0.000000 -0.065898 0.043957 -0.000000 -0.007026 -0.002073 -0.000000 -0.000000 -0.000000 -0.000000 -0.080979 0.000000 -0.153435 -0.000000 0.015839 0.043207 -0.175323 -0.007940 0.032377 -0.116043 -0.122466 -0.000002 -0.000231 0.000000 0.055759 0.109850 -0.158950 -0.000000 -0.239189 -0.114226 0.208569 0.000000 0.174351 0.114720 -0.102996 -0.000000 0.092280 0.000000 0.016214 -0.000000 0.104482 0.000000 -0.000000 0.043045 0.000000 -0.108996 0.000000 -0.000000 0.013857 -0.000000 0.000000 -0.218431 -0.015717 -0.066438 -0.132308 -0.000006 0.124046 -0.099704 -0.000000 0.085487 -0.001613 0.203039 -0.084406 -0.056761 -0.073119 -0.076796 0.042056 0.000000 0.006254 -0.000000 -0.000174 -0.000000 0.119059 -0.104605
  -0.000001 -0.000000 0.063703 -0.000000 0.158565 -0.000000 -0.001825 -0.051173 0.083616 0.162743 -0.000003 0.161325 -0.000627 0.166164 0.110698 -0.000000 -0.042531 -0.174312 -0.000000 -0.051949 -0.000000 0.013013 0.102590 -0.068987 0.003143 0.058434 -0.000000 -0.078989 -0.073325 -0.000000 0.125040 -0.003861 0.000000 -0.000000 0.000000 0.000000 0.079031 -0.000000 -0.100686 -0.000000 0.144240 0.060246 0.097692 0.046104 -0.062763 0.098941 0.080576 -0.000004 -0.001065 0.000000 -0.040495 0.087333 -0.065745 0.000000 0.142493 -0.005098 0.082152 -0.000000 0.015149 -0.234928 0.106088 0.000000 0.162012 -0.000000 0.141356 -0.000000 -0.061345 -0.000000 -0.000000 0.161050 0.000000 0.106032 -0.000000 0.000000 -0.095161 -0.000000 0.000000 -0.054368 0.139903 -0.037689 0.087833 -0.000084 0.059356 -0.084798 -0.000000 0.090897 -0.004090 0.042265 0.161321 -0.039746 -0.033037 0.104240 0.158303 0.000000 0.039602 0.000000 -0.000362 0.000000 0.155222 -0.063134
  -0.000000 -0.000000 -0.000736 0.000000 0.030689 -0.000000 -0.000757 0.232981 0.077107 0.042867 -0.000004 0.170103 -0.000347 -0.002335 -0.048336 -0.000000 -0.049961 -0.023749 0.000000 0.067671 0.000000 0.043124 0.055228 0.094225 0.002906 0.040076 0.000000 -0.059607 -0.016674 -0.000000 0.204802 -0.003740 0.000000 -0.000000 0.000000 0.000000 0.171491 -0.000000 0.070355 0.000000 0.012719 -0.028013 -0.073926 -0.212911 0.135693 -0.019178 -0.039202 -0.000004 -0.000484 -0.000000 -0.045116 0.190037 0.178378 0.000000 0.039989 0.105652 -0.198780 -0.000000 -0.119079 -0.061339 0.041466 -0.000000 -0.104428 -0.000000 0.103345 -0.000000 0.055279 -0.000000 0.000000 0.076374 -0.000000 -0.016282 0.000000 0.000000 0.040851 -0.000000 0.000000 0.127357 0.055966 0.037939 -0.022299 -0.000016 -0.009971 0.182093 -0.000000 0.044194 -0.000242 0.099260 0.104435 0.046898 0.110370 0.065177 0.032946 -0.000000 0.045946 -0.000000 -0.000261 -0.000000 0.165071 0.067068
  -0.000002 0.000000 -0.178992 -0.000000 -0.227103 0.000000 -0.000536 -0.026032 -0.198924 -0.177569 -0.000005 0.008215 -0.001380 -0.123927 -0.118406 -0.000000 0.041567 0.125282 -0.000000 -0.043993 -0.000000 0.036771 -0.205946 -0.054762 0.001942 -0.061016 0.000000 -0.050267 -0.090598 -0.000000 -0.231299 -0.003745 -0.000000 0.000000 -0.000000 0.000000 -0.022638 -0.000000 -0.177264 -0.000000 -0.115589 -0.191107 -0.256402 -0.004294 0.038279 -0.133404 -0.174486 -0.000004 -0.000410 0.000000 -0.195572 0.037986 0.018448 0.000000 -0.215899 -0.064016 -0.247265 -0.000000 -0.057946 0.176438 -0.117619 0.000000 -0.119249 0.000000 -0.092746 -0.000000 -0.011231 -0.000000 0.000000 0.001332 0.000000 -0.199705 0.000000 0.000000 -0.127208 0.000000 -0.000000 -0.176403 -0.100712 -0.075966 -0.050940 -0.000010 0.033322 -0.229905 -0.000000 -0.016478 -0.003351 0.171795 -0.086997 0.014251 -0.260735 -0.092777 -0.142237 -0.000000 -0.201234 0.000000 -0.000218 0.000000 -0.136762 -0.222459
  -0.000001 -0.000000 0.157259 0.000000 -0.110259 0.000000 -0.000476 -0.096588 0.079663 -0.059399 -0.000002 0.150111 -0.000636 0.034596 0.003884 0.000000 -0.073710 -0.682175 0.000000 -0.100219 -0.000000 0.090319 0.194124 -0.077706 -0.000884 0.043731 0.000000 -0.113029 0.129409 -0.000000 0.083064 0.000077 0.000000 -0.000000 0.000000 -0.000000 0.094864 0.000000 -0.106305 0.000000 0.040727 -0.120946 0.002401 -0.091821 0.088510 0.057987 -0.085150 -0.000003 0.000249 0.000000 -0.006561 0.300407 0.047840 -0.000000 0.098792 0.010777 0.113887 -0.000000 0.195051 0.421807 -0.005154 -0.000000 0.034469 0.000000 -0.075437 -0.000000 -0.176650 -0.000000 -0.000000 -0.101966 0.000000 -0.071747 -0.000000 -0.000000 -0.033684 -0.000000 -0.000000 0.035271 0.006102 0.019682 -0.044957 0.000009 -0.003338 -0.065996 -0.000000 0.063092 -0.002616 -0.062546 0.115439 -0.086920 -0.006114 0.160421 -0.007163 -0.000000 -0.094403 0.000000 -0.000145 0.000000 -0.106926 0.086242
  -0.000001 0.000000 -0.004156 0.000000 -0.047383 -0.000000 -0.002057 -0.063860 -0.027778 0.185597 -0.000002 0.020529 -0.000860 0.075902 -0.001287 0.000000 0.103052 0.043183 -0.000000 0.077034 -0.000000 -0.054926 -0.100051 0.192788 0.003619 0.124213 -0.000000 0.000252 -0.048317 -0.000000 0.012545 -0.003412 -0.000000 -0.000000 -0.000000 -0.000000 0.019306 0.000000 0.092645 0.000000 0.043189 0.013432 -0.102697 0.054784 0.132610 -0.042515 0.058366 -0.000004 -0.000572 0.000000 0.078203 -0.035966 -0.086379 -0.000000 -0.054538 -0.083409 0.141006 0.000000 -0.057895 0.041672 -0.040742 -0.000000 -0.013220 -0.000000 -0.014941 -0.000000 0.027895 0.000000 -0.000000 -0.044625 -0.000000 0.088594 -0.000000 0.000000 0.041143 -0.000000 0.000000 -0.061885 -0.031467 0.003013 0.080652 -0.000046 -0.052688 0.188387 -0.000000 0.047348 -0.003784 -0.113649 -0.051231 -0.057275 0.113959 0.094553 0.139586 0.000000 0.103859 -0.000000 -0.000318 0.000000 -0.024931 -0.064397
  -0.000000 -0.000000 0.174490 0.000000 -0.044430 0.000000 -0.000975 0.024559 0.036342 -0.058559 -0.000004 -0.047523 -0.000074 0.027976 0.149733 0.000000 -0.032120 -0.045085 -0.000000 -0.048816 0.000000 0.124990 -0.030040 0.017886 0.002450 0.153648 -0.000000 0.207014 0.133727 0.000000 0.080636 -0.003692 0.000000 -0.000000 -0.000000 0.000000 0.097061 0.000000 0.166001 0.000000 0.177570 -0.045267 0.049009 -0.140413 0.128918 0.089480 -0.031217 -0.000004 0.000291 -0.000000 0.053317 -0.061676 0.009236 -0.000000 0.022437 0.069924 -0.006208 0.000000 0.219042 -0.209419 -0.040559 0.000000 -0.037005 0.000000 0.157871 -0.000000 0.149866 -0.000000 -0.000000 0.099097 -0.000000 0.189192 -0.000000 0.000000 0.080669 0.000000 -0.000000 0.015878 0.158091 -0.025249 0.157352 -0.000016 0.130324 0.125455 -0.000000 0.048968 -0.000235 -0.102621 0.186041 0.041396 -0.032844 0.017566 0.192296 -0.000000 0.162436 0.000000 -0.000106 -0.000000 0.124700 0.014680
  -0.000000 -0.000000 0.032846 0.000000 0.024852 -0.000000 -0.003347 -0.001016 0.052991 0.142844 -0.000002 0.052338 -0.001409 -0.013294 -0.000727 0.000000 0.115521 -0.073513 0.000000 -0.113760 0.000000 0.043715 0.045373 0.006426 0.002473 -0.051757 0.000000 0.021318 0.034495 -0.000000 -0.085885 -0.004199 -0.000000 -0.000000 -0.000000 0.000000 -0.061782 -0.000000 0.032255 -0.000000 -0.025226 0.085569 0.038686 0.043082 0.023344 -0.070385 -0.008677 -0.000004 -0.000711 0.000000 -0.092518 -0.013414 -0.080255 -0.000000 0.158790 0.174245 0.040227 -0.000000 0.164784 0.004365 -0.079494 -0.000000 -0.021616 -0.000000 0.033564 -0.000000 -0.013303 -0.000000 -0.000000 0.151002 0.000000 -0.000092 0.000000 0.000000 -0.058014 -0.000000 0.000000 0.133900 0.174984 0.160601 0.074148 -0.000069 -0.081623 -0.028621 -0.000000 0.024916 -0.004061 0.075394 -0.018425 0.049314 -0.063913 0.028725 0.117810 0.000000 0.178114 -0.000000 -0.000314 -0.000000 0.029933 0.144914
  -0.000000 0.000000 -0.150222 0.000000 -0.277107 0.000000 -0.006170 -0.179333 -0.155048 -0.009296 -0.000002 -0.206120 -0.000597 -0.179302 -0.241766 -0.000000 -0.174487 0.075254 0.000000 -0.082103 0.000000 -0.144517 -0.268208 -0.166273 0.002139 -0.252667 0.000000 -0.053429 -0.248326 -0.000000 -0.054903 0.000160 0.000000 -0.000000 0.000000 0.000000 -0.054445 -0.000000 -0.250431 -0.000000 -0.153242 -0.277214 -0.089817 0.027879 -0.069568 -0.062416 -0.032267 -0.000003 -0.000051 0.000000 -0.032932 0.322722 -0.098928 -0.000000 -0.019511 -0.177185 -0.015617 -0.000000 -0.370219 0.109659 -0.204395 0.000000 0.032372 -0.000000 0.010132 -0.000000 -0.340004 -0.000000 0.000000 0.001336 0.000000 0.020394 0.000000 0.000000 -0.007356 0.000000 0.000000 -0.246331 -0.126594 -0.290467 -0.062159 -0.000014 -0.056534 -0.238659 -0.000000 0.205158 -0.003319 -0.000000 -0.204751 -0.010792 -0.130840 -0.225340 -0.175956 -0.000000 0.064812 -0.000000 -0.000205 -0.000000 -0.209302 -0.058036
  -0.000000 -0.000000 -0.007741 -0.000000 -0.098863 0.000000 0.000768 0.122553 0.151971 0.075681 -0.000004 0.146399 0.000070 0.124183 0.035514 -0.000000 0.130529 -0.023988 0.000000 -0.093522 -0.000000 -0.062994 0.249987 -0.045738 0.001242 0.314175 -0.000000 0.113032 0.036244 0.000000 0.018574 -0.004245 0.000000 -0.000000 -0.000000 -0.000000 0.046306 0.000000 0.008346 0.000000 -0.064497 0.090317 0.120948 -0.385664 0.034644 -0.115252 0.044890 -0.000004 0.000175 -0.000000 -0.028568 0.061546 0.030508 -0.000000 0.072213 0.082957 -0.053774 -0.000000 0.244430 -0.032571 -0.045986 -0.000000 -0.050640 0.000000 -0.076254 -0.000000 0.025175 0.000000 -0.000000 -0.015168 0.000000 -0.129577 -0.000000 0.000000 -0.119677 0.000000 0.000000 -0.065040 -0.032315 0.087404 0.117263 -0.000008 0.099142 -0.096140 0.000000 -0.002022 -0.000163 -0.000149 -0.024276 0.081984 0.011871 0.054588 0.008727 0.000000 0.071833 -0.000000 -0.000052 -0.000000 0.131992 0.035721
  -0.000001 0.000000 -0.193071 0.000000 -0.177559 -0.000000 -0.000348 -0.182220 -0.049680 -0.203725 -0.000004 -0.083423 -0.001853 -0.280171 -0.298849 0.000000 -0.243531 0.082772 -0.000000 -0.090143 -0.000000 -0.184538 -0.157089 -0.147370 0.003378 -0.231686 0.000000 -0.118737 -0.142334 -0.000000 -0.217553 -0.003859 0.000000 -0.000000 0.000000 -0.000000 -0.038080 0.000000 -0.285749 -0.000000 -0.085729 -0.112346 -0.195874 -0.027551 -0.222527 -0.189452 -0.073620 -0.000003 -0.000330 0.000000 -0.277652 0.333117 -0.211372 -0.000000 -0.252671 -0.187787 -0.268921 -0.000000 -0.250866 0.229144 -0.129186 -0.000000 -0.199967 0.000000 -0.048006 -0.000000 -0.134182 0.000000 -0.000000 -0.268889 -0.000000 -0.081056 -0.000000 -0.000000 -0.252641 0.000000 0.000000 -0.251358 -0.192565 -0.138882 -0.124644 -0.000006 -0.057762 -0.221583 0.000000 0.069894 -0.002089 0.000000 -0.159594 -0.278198 -0.104318 -0.218545 -0.132304 0.000000 -0.140679 0.000000 0.000006 -0.000000 -0.106103 -0.253025
  -0.000000 0.000000 -0.041667 -0.000000 -0.163268 0.000000 -0.003745 -0.210873 -0.083856 -0.018374 -0.000001 -0.180063 -0.000009 -0.032731 -0.091546 -0.000000 -0.219477 -0.009546 -0.000000 -0.057423 0.000000 -0.228513 0.151480 -0.043540 0.003175 -0.076685 -0.000000 -0.245124 0.040988 -0.000000 -0.106822 -0.003740 0.000000 -0.000000 -0.000000 0.000000 0.105961 -0.000000 -0.166591 0.000000 -0.107387 -0.298585 -0.157181 0.049275 -0.025999 0.124890 -0.017847 -0.000004 -0.000044 -0.000000 -0.150555 0.037794 -0.120787 -0.000000 -0.358421 -0.037485 0.057131 0.000000 0.064880 -0.133503 -0.169170 -0.000000 -0.113217 -0.000000 0.070882 -0.000000 0.075570 -0.000000 0.000000 -0.060010 -0.000000 0.011521 0.000000 -0.000000 -0.049127 -0.000000 0.000000 -0.220695 -0.043741 -0.177313 -0.140421 -0.000032 -0.018688 -0.200156 0.000000 0.117813 -0.002624 0.081988 0.016286 0.001063 -0.010417 -0.121596 -0.148067 -0.000000 -0.028945 -0.000000 -0.000176 -0.000000 -0.201875 -0.146018
  -0.000001 -0.000000 -0.091645 -0.000000 -0.104204 0.000000 0.002547 -0.059302 -0.155827 -0.092748 -0.000005 -0.245363 -0.001237 -0.018664 -0.115330 -0.000000 -0.154036 0.143383 0.000000 0.061607 -0.000000 -0.048001 0.020989 0.070334 0.001257 -0.037518 -0.000000 -0.158755 -0.089437 -0.000000 0.080968 -0.003862 -0.000000 0.000000 0.000000 -0.000000 -0.049956 0.000000 -0.163486 0.000000 0.069608 -0.165812 -0.147269 -0.006461 0.059239 -0.118339 -0.133821 -0.000005 -0.000552 -0.000000 -0.129059 0.175742 0.084908 0.000000 -0.148164 -0.105246 -0.066934 -0.000000 -0.080582 0.039124 -0.183728 0.000000 0.074354 -0.000000 -0.030796 -0.000000 -0.151400 -0.000000 0.000000 0.092314 -0.000000 -0.181114 0.000000 -0.000000 0.087854 -0.000000 -0.000000 -0.106351 0.027869 -0.178803 0.015767 -0.000018 -0.108539 -0.084223 0.000000 0.182645 -0.003648 -0.105577 -0.232740 -0.011822 -0.111937 -0.007464 0.008389 -0.000000 -0.024815 0.000000 -0.000357 -0.000000 -0.135174 -0.106337
  -0.000000 -0.000000 -0.069237 0.000000 0.007341 -0.000000 -0.000205 0.155857 0.182977 0.095266 -0.000002 0.215640 -0.000653 0.010271 0.018317 -0.000000 0.055385 0.191556 0.000000 0.000359 0.000000 -0.036005 -0.042364 0.091537 0.002525 -0.097083 -0.000000 0.118313 0.118261 -0.000000 0.023774 -0.002205 -0.000000 -0.000000 0.000000 -0.000000 0.005007 0.000000 0.086911 -0.000000 0.165878 0.177713 0.087144 -0.063798 0.094531 0.139954 -0.028329 -0.000003 -0.000473 -0.000000 0.173101 0.021640 0.022596 -0.000000 0.130028 0.032057 0.097891 0.000000 0.079952 0.240566 0.103484 -0.000000 0.204423 0.000000 0.021906 -0.000000 -0.304398 -0.000000 0.000000 0.062957 -0.000000 0.103250 -0.000000 -0.000000 0.062038 -0.000000 0.000000 0.113909 0.143093 -0.067708 -0.012589 -0.000014 0.198806 0.179912 0.000000 -0.004326 -0.003688 -0.136006 -0.039120 -0.077026 0.204501 -0.023381 0.012127 -0.000000 0.193173 0.000000 -0.000345 0.000000 0.032331 0.113461
  -0.000001 -0.000000 0.130260 0.000000 -0.018158 -0.000000 -0.001425 -0.090755 -0.038409 -0.023120 -0.000004 0.119454 -0.001085 -0.013994 0.033187 0.000000 -0.028278 -0.123217 -0.000000 0.105411 -0.000000 0.134144 0.136936 0.107512 0.003100 0.006927 -0.000000 0.164147 -0.019937 -0.000000 0.080376 -0.003399 0.000000 0.000000 -0.000000 0.000000 -0.034507 -0.000000 0.040945 0.000000 0.109163 -0.004823 0.078047 0.005287 0.149565 -0.004758 0.083564 -0.000004 -0.000764 -0.000000 0.159350 0.041668 0.151127 -0.000000 0.017355 -0.084001 0.139772 -0.000000 0.112014 0.091531 0.176725 -0.000000 0.079566 0.000000 -0.072870 -0.000000 -0.135503 -0.000000 -0.000000 -0.058889 -0.000000 0.009992 0.000000 -0.000000 0.033757 -0.000000 0.000000 0.069452 0.059085 0.092148 -0.019976 -0.000048 0.007112 0.021777 0.000000 -0.136201 -0.003991 -0.233890 -0.041800 -0.083281 -0.094570 0.131423 0.084431 -0.000000 -0.005539 0.000000 -0.000317 -0.000000 -0.044763 0.136332
  -0.000000 -0.000000 0.161998 0.000000 -0.011199 -0.000000 -0.003548 -0.025957 0.165337 0.042542 -0.000002 0.174501 -0.000256 -0.029638 0.072973 0.000000 0.153205 -0.111181 0.000000 0.033461 0.000000 -0.056675 0.040622 0.154779 0.004972 0.016343 -0.000000 -0.010306 -0.004159 -0.000000 -0.028341 -0.005849 0.000000 -0.000000 -0.000000 0.000000 0.126488 0.000000 0.091587 -0.000000 0.172612 -0.052430 0.046524 0.025889 0.170907 0.099354 0.122171 -0.000005 -0.000626 0.000000 0.111015 -0.102171 0.150382 0.000000 -0.055288 0.131059 0.110473 -0.000000 -0.008236 0.082091 0.118276 -0.000000 0.086031 0.000000 0.103203 -0.000000 0.077608 -0.000000 -0.000000 -0.029391 -0.000000 0.150555 -0.000000 0.000000 -0.100950 -0.000000 0.000000 0.084417 -0.044118 0.063619 -0.035555 -0.000012 0.125492 0.115202 -0.000000 0.093001 -0.001612 -0.045096 0.032714 0.052444 0.074703 0.051281 0.045838 -0.000000 0.113918 -0.000000 -0.000356 0.000000 0.151598 0.162534
  -0.000001 -0.000000 0.026677 -0.000000 0.175564 -0.000000 -0.004466 0.003800 0.010906 0.135890 -0.000002 -0.046230 -0.000702 0.054561 -0.043940 0.000000 0.069731 -0.011702 0.000000 0.140802 0.000000 -0.034713 -0.071685 -0.014961 -0.000330 0.170670 0.000000 -0.063246 0.169054 -0.000000 -0.080160 -0.003587 -0.000000 0.000000 -0.000000 -0.000000 0.064509 0.000000 0.084457 -0.000000 0.131004 0.154890 -0.088924 0.032730 -0.018864 -0.092937 0.098146 -0.000004 -0.000499 0.000000 0.146309 0.111905 -0.007585 0.000000 -0.011976 0.051595 -0.088138 -0.000000 0.099782 -0.004553 -0.023636 -0.000000 0.093662 -0.000000 0.126228 -0.000000 -0.040509 -0.000000 -0.000000 0.002561 -0.000000 0.164252 0.000000 -0.000000 0.018812 0.000000 -0.000000 -0.070467 0.107870 0.075333 0.057589 -0.000055 -0.055506 0.077666 -0.000000 0.018597 -0.003681 -0.009549 0.169320 0.118592 0.114052 -0.075744 -0.062346 -0.000000 -0.069741 0.000000 -0.000267 -0.000000 0.005093 0.083173
  -0.000000 -0.000000 -0.091502 0.000000 -0.172007 -0.000000 -0.006203 -0.095638 0.025120 -0.152015 -0.000005 -0.054474 0.000394 -0.079634 -0.174379 0.000000 -0.165808 0.027722 -0.000000 0.105633 -0.000000 -0.021512 -0.103825 0.000466 -0.006821 -0.197509 -0.000000 0.026703 -0.165243 0.000000 -0.102690 -0.003404 0.000000 -0.000000 -0.000000 -0.000000 -0.161054 -0.000000 0.004857 -0.000000 0.078902 -0.059250 0.033941 0.179624 -0.049393 -0.108004 -0.065960 -0.000005 -0.000543 0.000000 -0.076221 -0.147187 -0.046412 0.000000 -0.101259 0.018245 0.057152 0.000000 -0.179878 0.100307 0.020610 -0.000000 -0.040386 0.000000 -0.047313 -0.000000 0.087349 0.000000 -0.000000 0.069122 0.000000 -0.008285 -0.000000 0.000000 -0.133200 -0.000000 0.000000 -0.046900 -0.010569 -0.180828 -0.062910 -0.000032 0.082162 -0.033913 0.000000 0.030226 -0.003006 0.549512 -0.130950 -0.053282 -0.001829 -0.225585 0.040203 -0.000000 -0.094999 -0.000000 -0.000171 0.000000 0.007689 -0.119921
  -0.000000 0.000000 0.063700 -0.000000 0.002959 -0.000000 -0.000791 0.226101 -0.039442 0.073577 -0.000004 0.023848 0.000960 0.124950 0.057800 -0.000000 -0.003932 -0.008062 -0.000000 0.114354 -0.000000 0.094489 0.004422 0.019723 -0.003833 -0.033108 -0.000000 -0.003117 0.067340 -0.000000 -0.002692 -0.001071 -0.000000 -0.000000 -0.000000 0.000000 -0.041510 -0.000000 -0.035916 -0.000000 0.081181 -0.061709 -0.022626 -0.235232 -0.002964 0.094143 0.048344 -0.000005 -0.000450 -0.000000 0.050441 -0.051460 -0.023068 0.000000 0.184046 0.177259 -0.022236 -0.000000 -0.027682 0.016363 0.031268 -0.000000 0.161152 -0.000000 0.005865 -0.000000 -0.044241 0.000000 0.000000 -0.009413 0.000000 -0.071395 0.000000 -0.000000 0.020201 -0.000000 0.000000 -0.066906 0.147406 0.016292 0.014500 -0.000007 0.022842 0.027232 -0.000000 0.066210 -0.000467 0.060381 0.038793 0.130396 -0.072143 -0.001502 -0.014425 -0.000000 0.142051 -0.000000 -0.000247 0.000000 -0.067144 0.090331
  -0.000000 0.000000 -0.124529 -0.000000 0.026961 0.000000 -0.000681 -0.030597 0.076032 0.155236 -0.000004 0.180010 -0.000649 -0.059333 0.073728 0.000000 -0.019454 -0.089835 0.000000 -0.146944 -0.000000 0.026191 0.045183 0.077455 0.001423 0.068164 0.000000 0.030859 0.078467 0.000000 -0.143599 -0.003394 -0.000000 -0.000000 0.000000 0.000000 0.059272 -0.000000 -0.013796 -0.000000 -0.079832 -0.128332 0.001928 -0.121871 -0.081482 -0.142461 0.101272 -0.000003 -0.000286 0.000000 0.148107 0.026264 0.024795 -0.000000 0.010632 -0.010398 -0.053497 -0.000000 0.063291 0.275473 0.100786 0.000000 -0.092635 0.000000 0.002937 -0.000000 -0.102429 -0.000000 0.000000 -0.137792 -0.000000 0.025004 -0.000000 0.000000 -0.161837 -0.000000 0.000000 0.035654 0.108707 0.103764 0.044334 -0.000006 -0.130473 -0.095935 0.000000 0.081767 -0.001132 -0.000011 0.038187 -0.140031 -0.070730 0.145566 0.090384 0.000000 -0.119417 0.000000 -0.000088 -0.000000 0.140227 -0.052277
  -0.000001 -0.000000 -0.023690 0.000000 -0.172209 0.000000 -0.000378 -0.075008 -0.166197 -0.149046 -0.000005 -0.233856 -0.000100 -0.129263 -0.207545 -0.000000 -0.139618 0.153559 0.000000 -0.035762 0.000000 -0.099634 -0.158724 -0.023870 -0.000353 -0.006655 0.000000 -0.124687 0.008780 -0.000000 -0.114714 -0.003168 -0.000000 0.000000 0.000000 -0.000000 -0.099343 0.000000 -0.264131 -0.000000 -0.085465 -0.183012 -0.234710 0.001167 -0.169700 -0.011139 -0.098464 -0.000005 0.000195 0.000000 -0.204253 -0.031168 -0.146833 0.000000 -0.013149 -0.008065 -0.157469 0.000000 -0.039864 -0.039432 -0.193199 0.000000 0.004733 -0.000000 -0.108296 -0.000000 0.043724 0.000000 0.000000 -0.114725 0.000000 -0.151748 0.000000 -0.000000 -0.031235 0.000000 0.000000 0.055301 -0.227267 -0.210477 0.008246 -0.000028 -0.045414 -0.135160 -0.000000 0.133232 -0.001734 -0.014303 -0.189473 0.048106 -0.244922 0.034253 -0.202905 0.000000 0.063828 0.000000 -0.000182 0.000000 -0.239054 -0.171052
  -0.000000 0.000000 0.080087 -0.000000 -0.034036 -0.000000 -0.002477 0.133111 0.126715 0.197149 -0.000004 0.075854 -0.000391 0.092680 -0.014413 0.000000 0.029363 0.000001 -0.000000 0.166043 0.000000 0.213527 0.014623 0.173853 -0.006708 0.034637 -0.000000 0.075957 0.232334 0.000000 0.047510 -0.003169 -0.000000 0.000000 -0.000000 0.000000 0.150558 -0.000000 0.135715 -0.000000 0.124274 -0.017847 0.089312 -0.066647 0.089474 0.090948 0.011951 -0.000005 0.000070 0.000000 -0.011020 0.047095 -0.078659 -0.000000 -0.047875 0.163707 -0.063529 0.000000 0.275529 0.063573 0.134043 -0.000000 0.075541 0.000000 0.134294 -0.000000 -0.178647 -0.000000 -0.000000 0.135426 -0.000000 0.142113 -0.000000 -0.000000 -0.017160 -0.000000 -0.000000 0.119423 0.175359 0.116916 0.069270 -0.000016 0.207356 -0.046299 0.000000 0.000847 -0.001517 0.229628 -0.027262 0.061873 0.117192 0.083521 0.086653 0.000000 0.120576 -0.000000 -0.000331 -0.000000 0.004144 0.022881
  -0.000001 -0.000000 0.140949 -0.000000 -0.148322 -0.000000 -0.001509 0.082649 -0.081916 -0.127405 -0.000004 -0.147919 -0.000726 -0.042031 -0.107389 -0.000000 -0.074949 0.115617 0.000000 0.019606 -0.000000 -0.041255 -0.038910 0.069005 0.001357 0.085419 0.000000 -0.076314 -0.025781 -0.000000 -0.103092 -0.003671 -0.000000 0.000000 -0.000000 -0.000000 0.027069 0.000000 -0.041711 0.000000 0.027329 -0.048413 -0.152659 0.029188 0.098557 0.027877 0.059014 -0.000005 -0.000713 -0.000000 -0.056807 0.094507 0.048308 -0.000000 -0.034576 -0.024369 -0.002482 -0.000000 -0.161859 -0.142658 -0.128833 -0.000000 -0.130654 0.000000 -0.045237 -0.000000 -0.193889 -0.000000 -0.000000 -0.138858 0.000000 -0.162426 0.000000 0.000000 0.007191 0.000000 0.000000 -0.054674 0.025087 -0.151747 -0.149574 -0.000064 0.018409 0.076131 -0.000000 0.057579 -0.004088 -0.107654 -0.096426 -0.028357 -0.132037 -0.029421 0.061865 -0.000000 -0.003323 0.000000 -0.000308 -0.000000 -0.096528 0.075033
  -0.000001 -0.000000 -0.014304 0.000000 -0.062078 -0.000000 -0.001479 0.144289 0.038392 0.065584 -0.000002 0.040195 -0.000989 -0.057571 -0.069195 -0.000000 0.117581 -0.200636 -0.000000 0.024388 0.000000 0.122918 -0.038489 -0.055289 0.002738 -0.012608 0.000000 0.168557 0.136987 -0.000000 0.154479 -0.003319 0.000000 -0.000000 -0.000000 -0.000000 0.057915 0.000000 0.023439 -0.000000 0.024898 0.101274 0.141350 0.009374 0.030495 -0.043702 0.099375 -0.000004 -0.001024 -0.000000 0.191572 -0.174389 0.085184 -0.000000 0.159294 0.067744 0.087884 0.000000 -0.040686 -0.184942 0.172789 -0.000000 -0.036034 -0.000000 0.091682 -0.000000 -0.030545 -0.000000 -0.000000 0.174670 0.000000 0.101327 -0.000000 0.000000 0.064715 -0.000000 0.000000 0.126151 0.123471 0.123205 -0.022216 -0.000090 0.119228 -0.016576 -0.000000 0.037508 -0.004751 -0.073506 0.144039 0.143565 0.111303 -0.016602 0.004901 -0.000000 -0.052701 -0.000000 -0.000353 -0.000000 0.179842 -0.047335
  -0.000001 0.000000 -0.090494 0.000000 0.040972 -0.000000 -0.001378 -0.032037 0.078652 -0.093164 -0.000004 0.004456 -0.001338 -0.030131 0.077585 0.000000 0.020941 0.044154 -0.000000 0.135921 -0.000000 0.131583 0.078660 -0.013727 0.003142 -0.034163 0.000000 -0.054439 0.017102 -0.000000 -0.026765 -0.003472 -0.000000 -0.000000 0.000000 -0.000000 -0.043074 0.000000 -0.023322 0.000000 0.151332 -0.047348 -0.119921 -0.041507 -0.000560 -0.094494 0.073500 -0.000003 -0.000420 -0.000000 -0.070372 -0.037571 0.155153 0.000000 0.097803 -0.015462 -0.096685 -0.000000 -0.010739 0.080013 0.072771 -0.000000 0.144646 -0.000000 0.151268 -0.000000 0.009885 -0.000000 -0.000000 0.039768 -0.000000 0.005983 0.000000 0.000000 0.117017 -0.000000 0.000000 0.042445 -0.014793 0.016097 -0.034668 -0.000009 -0.067109 -0.091402 0.000000 0.099877 -0.003115 0.000000 -0.114696 0.130592 0.117991 -0.008176 0.043877 0.000000 0.034957 0.000000 -0.000206 -0.000000 0.003189 0.046278
  -0.000000 0.000000 -0.023950 -0.000000 0.120159 0.000000 -0.004954 0.012009 0.112665 0.120037 -0.000002 -0.009315 -0.000268 0.084260 0.006931 -0.000000 0.113568 -0.027499 -0.000000 -0.012962 -0.000000 0.066193 -0.069503 0.083651 0.003551 -0.105366 -0.000000 0.152330 0.144374 -0.000000 0.085967 -0.000321 0.000000 -0.000000 0.000000 -0.000000 -0.031774 0.000000 0.040281 -0.000000 -0.072273 0.085456 0.003729 -0.027149 0.167913 -0.119599 -0.019008 -0.000004 -0.000546 -0.000000 0.027185 0.113994 -0.127139 0.000000 0.064585 -0.061520 0.167536 -0.000000 0.011825 0.224468 0.163506 -0.000000 0.017893 -0.000000 -0.006162 -0.000000 -0.183124 0.000000 -0.000000 -0.060508 0.000000 0.110451 -0.000000 -0.000000 0.025879 -0.000000 -0.000000 0.046291 -0.121638 -0.061635 -0.123030 -0.000010 -0.082922 0.160077 -0.000000 -0.083510 -0.000730 0.126761 0.030616 -0.041035 0.147693 -0.001444 -0.016075 -0.000000 -0.025704 -0.000000 -0.000332 -0.000000 0.039987 -0.109146
  -0.000001 -0.000000 0.094544 -0.000000 -0.002622 -0.000000 -0.001037 -0.154599 -0.082472 -0.102925 -0.000005 0.047181 -0.001103 0.013662 -0.070870 -0.000000 0.001702 -0.057179 -0.000000 0.027122 0.000000 -0.115179 -0.152092 0.086963 0.001496 -0.037042 -0.000000 -0.143977 -0.011758 -0.000000 -0.141992 -0.003625 0.000000 0.000000 -0.000000 -0.000000 0.023523 0.000000 -0.004995 -0.000000 0.035365 -0.007947 -0.189682 -0.043848 -0.070325 0.012028 -0.124559 -0.000004 -0.000546 0.000000 0.096592 0.242666 -0.181087 0.000000 -0.085811 0.070113 -0.231198 0.000000 -0.010723 0.188890 -0.129228 -0.000000 0.050975 -0.000000 0.064227 -0.000000 -0.102686 -0.000000 0.000000 0.023013 -0.000000 -0.163326 -0.000000 0.000000 -0.023126 0.000000 0.000000 -0.082537 -0.083576 -0.155112 -0.085924 -0.000011 0.078652 -0.088298 0.000000 0.145917 -0.003730 0.235827 -0.168551 -0.028871 0.085637 0.017122 -0.162242 -0.000000 0.047621 0.000000 -0.000287 0.000000 -0.199692 0.040224
  0.000000 -0.000000 0.075348 -0.000000 -0.096229 -0.000000 -0.002314 -0.006636 0.018268 0.037892 -0.000003 -0.031819 -0.000288 0.064676 0.018460 -0.000000 0.143148 0.110532 0.000000 0.009661 -0.000000 0.084066 -0.071733 0.012478 0.001741 0.088985 -0.000000 0.148403 0.127815 -0.000000 0.092760 -0.004958 0.000000 -0.000000 0.000000 -0.000000 0.141132 -0.000000 0.015469 0.000000 0.118107 0.048375 -0.097930 0.000295 0.160545 0.091017 0.119471 -0.000005 -0.000023 0.000000 0.116926 -0.087505 0.112387 -0.000000 -0.073791 -0.027714 -0.025937 -0.000000 -0.106467 0.021088 0.119785 -0.000000 -0.042194 -0.000000 0.030232 -0.000000 -0.045663 0.000000 0.000000 -0.087674 -0.000000 0.014683 -0.000000 0.000000 0.035012 -0.000000 -0.000000 -0.054697 0.048191 0.011110 0.035602 -0.000006 0.074136 0.123048 -0.000000 0.034443 -0.001535 -0.084605 0.048909 -0.100840 0.066276 -0.078287 0.159577 0.000000 0.099355 0.000000 -0.000355 -0.000000 0.121777 0.160347
  -0.000000 0.000000 0.000000 0.000000 -0.000000 -0.000000 -0.000000 -0.000000 0.000000 -0.000000 -0.000000 0.000000 -0.000000 -0.000000 -0.000000 -0.000000 0.000000 0.000000 0.000000 -0.000000 0.000000 -0.000000 -0.000000 -0.000000 -0.000000 -0.000000 -0.000000 0.000000 -0.000000 -0.000000 -0.000000 0.000000 -0.000000 0.000000 0.000000 -0.000000 -0.000000 -0.000000 0.000000 -0.000000 -0.000000 -0.000000 0.000000 -0.000000 -0.000000 0.000000 0.000000 0.000000 -0.000000 0.000000 0.000000 -0.000000 0.000000 -0.000000 0.000000 -0.000000 0.000000 -0.000000 0.000000 -0.000000 0.000000 0.000000 -0.000000 0.000000 0.000000 -0.000000 -0.000000 0.000000 -0.000000 -0.000000 -0.000000 -0.000000 -0.000000 -0.000000 0.000000 0.000000 -0.000000 0.000000 0.000000 0.000000 -0.000000 -0.000000 0.000000 0.000000 0.000000 0.000000 -0.000000 0.000000 -0.000000 -0.000000 0.000000 -0.000000 -0.000000 0.000000 -0.000000 0.000000 0.000000 0.000000 -0.000000 -0.000000
  -0.000000 -0.000000 -0.049874 0.000000 -0.066983 0.000000 -0.004294 0.037186 0.124494 -0.030076 -0.000002 0.052748 -0.000757 0.072927 -0.026246 -0.000000 0.151791 0.142500 -0.000000 0.108515 -0.000000 -0.013398 -0.104592 -0.010485 0.001031 -0.142181 -0.000000 0.094180 0.061081 -0.000000 0.134579 -0.004300 0.000000 0.000000 0.000000 -0.000000 -0.095262 0.000000 0.000748 0.000000 0.033986 0.066033 0.047061 0.022739 -0.018107 0.027133 0.106853 -0.000004 0.000132 -0.000000 0.129688 -0.073239 0.070461 -0.000000 0.029009 0.056614 -0.127954 0.000000 0.074692 0.187070 -0.083332 0.000000 0.058057 0.000000 0.004544 -0.000000 0.096908 0.000000 -0.000000 -0.037792 -0.000000 -0.023215 -0.000000 -0.000000 0.108616 -0.000000 0.000000 -0.066797 -0.019925 -0.101455 -0.051477 -0.000004 0.123577 -0.066597 -0.000000 0.004929 -0.002600 0.112188 0.011540 0.053598 0.119446 -0.126961 -0.020064 0.000000 0.074296 -0.000000 -0.000333 -0.000000 0.017499 0.052899
  -0.000001 0.000000 0.143446 -0.000000 0.023048 -0.000000 -0.000918 -0.014261 0.081613 0.157107 -0.000004 0.153157 -0.001110 -0.051048 -0.027232 0.000000 0.174172 -0.210628 -0.000000 -0.054648 0.000000 -0.042326 0.014117 0.127358 0.003220 0.045488 -0.000000 0.140454 -0.036674 -0.000000 0.085610 -0.003349 -0.000000 -0.000000 -0.000000 0.000000 0.124428 -0.000000 0.065770 0.000000 0.125502 0.015371 -0.037690 0.015715 0.040757 0.021505 0.012350 -0.000004 -0.000587 -0.000000 -0.038247 -0.006555 -0.032781 0.000000 -0.008749 0.014892 0.041564 -0.000000 -0.077980 0.083541 0.029149 -0.000000 -0.096448 -0.000000 0.051999 -0.000000 0.102837 -0.000000 -0.000000 0.125025 0.000000 -0.056053 -0.000000 -0.000000 -0.084317 -0.000000 -0.000000 0.093476 0.050674 -0.067292 -0.100707 -0.000029 -0.060885 0.064053 -0.000000 0.020809 -0.003986 -0.417356 -0.053693 -0.048399 0.011741 0.070697 -0.031427 -0.000000 0.046266 0.000000 -0.000328 0.000000 0.027396 0.058402
  -0.000000 0.000000 -0.050641 -0.000000 -0.151502 -0.000000 -0.004904 -0.088760 -0.212128 -0.003311 -0.000002 -0.157113 0.000112 -0.118941 0.005624 0.000000 -0.067884 0.051144 0.000000 -0.002015 -0.000000 -0.005054 -0.073197 -0.047841 0.003894 0.143692 -0.000000 -0.167203 -0.138135 -0.000000 -0.156601 -0.004821 -0.000000 -0.000000 -0.000000 0.000000 -0.044957 -0.000000 -0.180300 0.000000 0.017764 -0.094886 -0.058864 0.013353 -0.008327 -0.007524 -0.172229 -0.000004 -0.000637 -0.000000 -0.038428 -0.063848 -0.133242 -0.000000 0.039883 0.080551 -0.069220 -0.000000 -0.173458 -0.030815 -0.216621 0.000000 -0.005841 0.000000 -0.103734 -0.000000 0.089837 -0.000000 -0.000000 -0.097879 -0.000000 -0.140657 0.000000 -0.000000 0.107514 -0.000000 0.000000 -0.129661 0.017129 -0.111044 -0.175635 -0.000066 -0.066445 -0.075905 0.000000 -0.003636 -0.003472 0.059401 -0.216336 0.039876 0.027900 -0.204553 -0.196958 0.000000 -0.032731 -0.000000 -0.000265 -0.000000 -0.188258 -0.099556
  0.000000 -0.000000 -0.031394 0.000000 0.030248 0.000000 -0.005460 0.029414 -0.184196 -0.135458 -0.000001 -0.079451 -0.000467 -0.082166 -0.009403 0.000000 -0.011508 0.065936 0.000000 -0.105795 -0.000000 0.111870 -0.175452 -0.159083 0.004660 -0.112118 0.000000 -0.084059 -0.082692 -0.000000 -0.083395 -0.001630 0.000000 0.000000 0.000000 -0.000000 -0.040890 0.000000 0.093890 -0.000000 -0.007528 0.074510 -0.157033 0.059783 -0.171148 0.041008 0.083759 -0.000003 -0.000424 -0.000000 0.087031 0.005178 -0.183874 0.000000 -0.068489 -0.139266 0.065054 -0.000000 -0.044159 0.151469 -0.045046 0.000000 0.068216 0.000000 -0.162039 -0.000000 -0.027978 0.000000 0.000000 -0.056888 0.000000 -0.125364 0.000000 -0.000000 0.070577 -0.000000 -0.000000 -0.117034 -0.084567 -0.124304 -0.022977 -0.000009 -0.162511 -0.089100 0.000000 0.132734 -0.000803 0.089632 -0.111493 -0.150483 -0.090859 0.002719 0.080880 -0.000000 -0.165016 -0.000000 -0.000279 0.000000 -0.138970 0.075243
  -0.000000 0.000000 0.108307 0.000000 0.023311 0.000000 -0.006854 0.042492 -0.007608 0.144924 0.000002 0.063630 0.000226 -0.096972 -0.132703 -0.000000 0.003620 0.206882 -0.000000 0.045286 -0.000000 -0.115756 0.064407 0.075764 0.007951 0.136976 0.000000 -0.095709 -0.136807 -0.000000 -0.017521 -0.001642 -0.000000 0.000000 0.000000 0.000000 -0.096952 0.000000 -0.020431 -0.000000 -0.011788 -0.021283 0.091029 -0.048826 -0.067791 0.120707 0.061728 -0.000003 -0.000195 0.000000 -0.087288 0.079058 -0.162141 0.000000 -0.079872 -0.056687 0.034785 0.000000 0.027075 0.099844 -0.080119 -0.000000 -0.024582 -0.000000 0.023646 -0.000000 -0.106576 0.000000 0.000000 -0.103116 -0.000000 0.035136 -0.000000 -0.000000 -0.013772 0.000000 -0.000000 0.089552 0.033947 -0.062506 0.043860 -0.000029 0.028905 -0.016359 -0.000000 0.070446 0.000022 0.123751 0.041093 0.043763 -0.090965 -0.111437 -0.092794 -0.000000 -0.050218 -0.000000 -0.000058 0.000000 -0.118175 0.085687
  -0.000000 0.000000 0.073445 -0.000000 0.062491 -0.000000 -0.000169 0.048842 0.016167 0.045479 -0.000004 -0.022197 -0.000512 -0.103233 -0.041978 -0.000000 -0.090824 0.108813 -0.000000 0.054125 -0.000000 0.117420 -0.010487 -0.049990 0.003482 -0.039244 0.000000 -0.087266 0.152272 -0.000000 -0.025896 -0.004578 -0.000000 0.000000 -0.000000 0.000000 -0.101373 0.000000 0.076749 -0.000000 -0.094478 -0.027821 0.116430 -0.027983 -0.007330 -0.122415 -0.012456 -0.000004 -0.000014 -0.000000 0.099553 0.088107 -0.114570 -0.000000 0.035386 0.129792 0.031694 -0.000000 -0.068041 0.011864 0.137704 0.000000 0.086930 -0.000000 0.007587 -0.000000 -0.036592 -0.000000 -0.000000 -0.094504 0.000000 0.084574 -0.000000 -0.000000 -0.027974 0.000000 0.000000 0.094537 0.085114 -0.062751 -0.027691 -0.000010 -0.042480 0.087460 -0.000000 -0.055589 -0.000023 0.078754 -0.066997 0.038939 0.004654 -0.102906 0.011488 0.000000 0.010634 0.000000 -0.000023 -0.000000 0.130147 -0.016978
  -0.000001 0.000000 -0.000436 0.000000 -0.040749 -0.000000 -0.002228 0.143946 -0.014079 0.127013 -0.000002 0.069477 -0.001258 0.054675 0.018585 -0.000000 0.092920 0.051960 0.000000 0.144010 0.000000 0.051051 0.093105 0.172752 0.003290 0.182259 -0.000000 0.089895 0.115055 -0.000000 -0.012148 -0.003452 -0.000000 -0.000000 0.000000 -0.000000 0.092495 -0.000000 0.055077 0.000000 0.035053 -0.026635 0.146698 0.035594 0.128269 0.030248 0.020548 -0.000004 -0.000774 -0.000000 0.074589 -0.019524 -0.056875 -0.000000 -0.049401 -0.048323 0.177257 0.000000 0.098221 -0.086620 0.179090 0.000000 0.141989 -0.000000 0.192595 -0.000000 0.138954 -0.000000 -0.000000 0.000292 -0.000000 0.159267 -0.000000 -0.000000 -0.014257 -0.000000 -0.000000 0.130528 0.073055 -0.079957 0.037642 -0.000068 -0.045511 0.108358 0.000000 0.029024 -0.004090 -0.195516 0.185558 0.135185 0.177781 -0.078516 0.190287 0.000000 0.149217 -0.000000 -0.000319 0.000000 0.112238 0.081017
  0.000000 -0.000000 -0.141269 -0.000000 -0.083407 -0.000000 -0.003034 -0.151853 -0.106608 -0.144009 -0.000002 -0.064424 -0.000234 -0.213559 -0.330648 -0.000000 -0.166318 0.133098 0.000000 -0.302661 -0.000000 -0.157741 -0.128108 -0.205644 0.000369 -0.013885 -0.000000 -0.072646 -0.223338 -0.000000 -0.201578 -0.000068 0.000000 -0.000000 0.000000 -0.000000 -0.307541 -0.000000 -0.185025 0.000000 -0.187587 -0.145315 -0.154407 0.101067 -0.140500 -0.046221 -0.196778 -0.000003 -0.000226 -0.000000 -0.312033 0.206465 -0.270818 -0.000000 -0.143723 -0.195293 -0.101718 -0.000000 -0.140499 0.072857 -0.189120 -0.000000 -0.085681 0.000000 -0.056348 -0.000000 -0.001981 -0.000000 -0.000000 -0.218498 -0.000000 -0.147367 0.000000 -0.000000 -0.116976 -0.000000 -0.000000 -0.216110 -0.345716 -0.312891 -0.193046 -0.000016 -0.079102 -0.276480 0.000000 0.230618 -0.003479 -0.516908 -0.227724 -0.253069 -0.188915 -0.155856 -0.184265 0.000000 -0.033554 0.000000 -0.000197 0.000000 -0.073731 -0.319781
  0.000000 -0.000000 0.033475 0.000000 -0.040517 -0.000000 -0.001373 -0.197770 -0.234980 -0.151553 -0.000001 -0.129186 -0.000468 -0.148463 -0.121684 -0.000000 -0.005028 -0.003537 0.000000 -0.006699 -0.000000 -0.011620 -0.105021 -0.083002 0.003965 0.074710 0.000000 -0.189270 -0.130709 -0.000000 -0.115387 -0.004000 -0.000000 0.000000 -0.000000 -0.000000 -0.041794 0.000000 -0.159711 -0.000000 0.001630 -0.114900 0.020714 0.023569 -0.182622 0.082887 -0.000963 -0.000004 -0.000019 0.000000 -0.215420 -0.011033 -0.017258 -0.000000 -0.277239 0.025361 0.088038 -0.000000 -0.042680 -0.046267 -0.107137 0.000000 -0.078940 -0.000000 -0.103140 -0.000000 0.041793 0.000000 0.000000 -0.022567 0.000000 -0.150964 -0.000000 0.000000 -0.219285 -0.000000 0.000000 -0.173030 -0.043533 -0.159828 -0.250497 -0.000028 -0.034337 -0.113575 0.000000 0.157667 -0.002292 -0.000427 -0.103475 -0.062949 0.048210 0.057217 -0.182011 0.000000 -0.087706 -0.000000 -0.000091 -0.000000 -0.053673 -0.238398
  -0.000001 -0.000000 0.062262 -0.000000 -0.039066 -0.000000 -0.003721 0.041663 -0.065098 0.062977 -0.000002 0.072806 -0.001437 -0.074098 0.049344 -0.000000 0.073668 -0.096830 -0.000000 0.032180 0.000000 0.039996 0.021110 -0.003738 0.004678 0.079296 -0.000000 0.129129 0.002705 -0.000000 0.126006 -0.004474 0.000000 -0.000000 -0.000000 -0.000000 0.099568 -0.000000 -0.112331 0.000000 -0.063845 -0.073124 -0.099964 0.016778 0.019856 -0.075016 0.174863 -0.000003 -0.000594 -0.000000 0.022031 0.034352 -0.065114 -0.000000 0.129156 -0.046862 0.051236 0.000000 0.060166 -0.084945 0.077192 -0.000000 0.094954 -0.000000 0.119773 -0.000000 0.148141 0.000000 -0.000000 0.016258 -0.000000 0.084195 0.000000 -0.000000 0.146058 0.000000 0.000000 0.109131 -0.013309 -0.075800 -0.074116 -0.000053 0.061529 0.117572 0.000000 0.020942 -0.003496 -0.069561 -0.096322 -0.002629 0.037359 -0.082174 -0.018679 -0.000000 0.076196 -0.000000 -0.000288 -0.000000 0.158223 -0.059140
  -0.000000 0.000000 -0.016454 0.000000 -0.126672 -0.000000 -0.001332 -0.152148 -0.224165 -0.236463 -0.000001 -0.157368 -0.000651 -0.116519 -0.090137 -0.000000 -0.151112 0.078992 0.000000 -0.081406 -0.000000 -0.084721 -0.027953 -0.017705 0.001693 -0.075345 0.000000 -0.222519 -0.036911 -0.000000 -0.212150 -0.003521 -0.000000 0.000000 -0.000000 -0.000000 -0.007309 0.000000 -0.232520 0.000000 -0.134276 -0.114763 -0.075970 0.049792 -0.106803 -0.152020 -0.195582 -0.000004 -0.000183 0.000000 -0.208571 0.166521 -0.046916 0.000000 -0.014732 0.037170 -0.132117 -0.000000 -0.162555 -0.019158 -0.069466 -0.000000 -0.004971 0.000000 -0.070327 -0.000000 0.066835 0.000000 -0.000000 0.055806 -0.000000 -0.154824 -0.000000 -0.000000 -0.080711 -0.000000 0.000000 -0.004651 -0.268676 -0.267656 -0.192568 -0.000025 -0.157423 -0.262128 0.000000 0.168872 -0.002058 0.045968 -0.194747 0.041821 -0.103591 -0.285254 -0.086210 -0.000000 -0.095713 -0.000000 0.000018 -0.000000 -0.097911 -0.147920
  -0.000001 0.000000 -0.059767 -0.000000 0.071908 -0.000000 -0.002375 0.038382 -0.051158 0.114880 -0.000002 -0.037958 -0.000882 -0.055934 0.166137 0.000000 0.091858 0.127400 0.000000 -0.060426 -0.000000 -0.081587 -0.027043 0.090772 0.004088 -0.041083 0.000000 0.135538 -0.113622 -0.000000 -0.060397 -0.003290 -0.000000 0.000000 -0.000000 -0.000000 0.153716 -0.000000 0.013987 -0.000000 0.022495 0.029574 -0.034736 0.015325 -0.010132 0.077849 0.100577 -0.000003 -0.000492 -0.000000 -0.012436 -0.054895 -0.036281 -0.000000 0.023715 0.040855 0.145469 -0.000000 0.039176 0.093742 0.061820 -0.000000 -0.039228 -0.000000 -0.024346 -0.000000 -0.058468 -0.000000 0.000000 0.111876 -0.000000 0.088674 -0.000000 -0.000000 -0.000617 0.000000 0.000000 -0.091361 0.044892 -0.027001 0.033940 -0.000007 -0.026864 0.122905 0.000000 0.007688 -0.003621 -0.062415 -0.017911 0.124476 0.156356 -0.002998 0.004753 0.000000 0.013121 -0.000000 -0.000335 0.000000 0.045864 0.118448
  -0.000000 -0.000000 0.018310 0.000000 -0.064439 -0.000000 -0.001275 -0.044527 -0.044669 0.008641 -0.000003 0.103236 -0.000293 -0.073140 -0.015694 -0.000000 -0.084255 -0.134284 -0.000000 0.006547 0.000000 -0.024597 0.072268 0.055287 0.004990 0.159670 0.000000 -0.103223 -0.084670 -0.000000 -0.144088 -0.003906 -0.000000 0.000000 0.000000 0.000000 0.006194 -0.000000 -0.071214 0.000000 -0.155352 -0.163646 0.044261 0.016906 -0.077219 0.016168 0.068624 -0.000002 -0.000023 0.000000 -0.055811 0.017921 -0.050535 0.000000 -0.131963 -0.084232 -0.028102 0.000000 -0.069509 0.326686 0.116417 -0.000000 0.122394 0.000000 0.086865 -0.000000 -0.230601 0.000000 0.000000 -0.120339 0.000000 -0.072079 -0.000000 -0.000000 0.035327 -0.000000 0.000000 0.088264 -0.065770 0.038814 -0.068815 -0.000001 0.041779 0.105740 0.000000 0.188274 -0.000944 -0.000000 -0.004265 -0.180020 -0.085517 0.015560 -0.142284 -0.000000 -0.031261 0.000000 -0.000023 0.000000 -0.051222 0.098058
  -0.000000 -0.000000 -0.078752 0.000000 0.057201 0.000000 -0.004018 0.059884 0.161988 0.049667 -0.000002 0.125336 -0.000775 0.113447 0.161080 0.000000 0.065036 -0.043074 -0.000000 -0.001278 0.000000 0.084396 0.071863 -0.063827 0.002039 0.108674 -0.000000 0.035417 0.110284 -0.000000 0.030041 -0.003578 -0.000000 0.000000 -0.000000 -0.000000 0.143755 -0.000000 0.080119 0.000000 0.119616 0.159155 -0.046987 0.018536 -0.086944 -0.003536 0.136442 -0.000003 0.000205 -0.000000 0.066203 0.156037 -0.058504 -0.000000 0.175648 0.009341 -0.077719 0.000000 -0.017542 -0.100825 0.124036 -0.000000 0.147141 0.000000 0.069062 -0.000000 0.006111 -0.000000 0.000000 -0.065235 -0.000000 0.014330 -0.000000 -0.000000 0.071990 -0.000000 -0.000000 0.021056 0.084440 0.054736 -0.003850 -0.000005 -0.012156 0.148680 -0.000000 0.062374 -0.003297 0.160277 -0.058227 -0.030911 0.092989 -0.084031 0.115110 0.000000 0.070900 -0.000000 -0.000295 0.000000 0.109721 -0.108900
  0.000000 -0.000000 -0.047713 0.000000 0.183274 -0.000000 -0.001641 -0.068357 0.007022 -0.060478 -0.000005 0.219013 0.000268 0.109962 0.076735 0.000000 -0.017273 0.082610 -0.000000 0.027016 -0.000000 0.170312 0.147748 0.114054 -0.007254 -0.013289 -0.000000 0.215047 0.199285 0.000000 0.144750 -0.002960 -0.000000 -0.000000 -0.000000 -0.000000 0.041656 0.000000 0.168623 0.000000 0.194229 -0.058711 -0.109464 -0.070717 0.020365 -0.014120 0.029157 -0.000005 -0.000334 -0.000000 0.068656 0.030607 0.009844 -0.000000 -0.052310 0.024525 0.075670 0.000000 0.183077 0.285973 0.098828 0.000000 0.077198 0.000000 0.065203 -0.000000 -0.150581 -0.000000 0.000000 -0.044772 -0.000000 0.201398 0.000000 -0.000000 0.031141 -0.000000 -0.000000 0.139414 0.179140 0.139126 0.026967 -0.000047 0.022571 0.179528 0.000000 0.021809 -0.002036 0.034029 -0.046365 0.139368 0.058333 0.100102 0.072204 0.000000 -0.051379 0.000000 -0.000297 0.000000 0.026693 -0.011401
  -0.000001 -0.000000 -0.055245 0.000000 0.055740 -0.000000 -0.005669 0.082114 0.159717 0.186485 -0.000002 0.151846 -0.001049 0.062200 0.079987 -0.000000 -0.040076 -0.064254 -0.000000 -0.059189 -0.000000 -0.063141 0.167746 -0.072363 0.002162 -0.050754 0.000000 0.167703 0.113226 -0.000000 -0.071069 -0.002749 0.000000 0.000000 0.000000 -0.000000 0.136993 -0.000000 0.084310 -0.000000 0.185617 -0.043994 -0.048069 0.026645 0.143850 0.075873 0.003829 -0.000004 -0.000718 0.000000 0.177327 0.014306 0.108765 -0.000000 0.006809 0.051577 -0.048920 0.000000 0.057153 -0.053943 0.027326 -0.000000 0.092545 -0.000000 -0.036671 -0.000000 -0.053544 0.000000 -0.000000 0.165004 0.000000 0.126371 0.000000 -0.000000 0.157389 -0.000000 -0.000000 -0.025574 -0.052814 0.204663 0.068960 -0.000079 0.112336 0.048532 -0.000000 -0.005190 -0.004108 -0.058288 0.133251 -0.047445 -0.004615 -0.031912 0.057022 0.000000 0.136384 -0.000000 -0.000267 0.000000 -0.005406 -0.031720
  -0.000001 0.000000 0.180616 -0.000000 0.115100 -0.000000 -0.003284 0.049838 0.008902 -0.025893 -0.000002 -0.072927 -0.001408 0.065635 -0.047434 -0.000000 -0.049223 -0.009696 -0.000000 0.112432 -0.000000 -0.017275 0.146201 0.113466 0.002112 0.128544 -0.000000 0.152732 0.076014 -0.000000 0.206811 -0.003672 0.000000 -0.000000 -0.000000 -0.000000 -0.067289 0.000000 0.071121 0.000000 -0.078932 0.043521 0.147481 0.027053 0.088787 0.128797 0.139317 -0.000004 -0.000852 -0.000000 0.170373 -0.082048 -0.011293 -0.000000 0.127829 0.025361 -0.065179 -0.000000 0.155154 0.060966 0.076567 0.000000 0.049455 -0.000000 0.172038 -0.000000 -0.001378 -0.000000 -0.000000 0.045138 -0.000000 -0.052094 0.000000 -0.000000 -0.043496 -0.000000 0.000000 0.029859 0.094456 0.114650 0.099489 -0.000087 0.025211 0.015272 0.000000 -0.008211 -0.004260 0.089885 -0.045435 -0.062863 0.093532 -0.003404 -0.069985 0.000000 -0.031488 0.000000 -0.000326 0.000000 -0.022995 -0.019435
  -0.000001 -0.000000 -0.009693 -0.000000 -0.037361 -0.000000 -0.001883 -0.032707 -0.074147 0.098721 -0.000003 0.011346 -0.001505 0.088463 0.178580 0.000000 0.095868 -0.108506 0.000000 -0.083275 0.000000 0.123064 0.174413 -0.015501 0.003687 0.062896 0.000000 0.140285 -0.032932 -0.000000 0.048316 -0.003568 0.000000 -0.000000 0.000000 0.000000 0.120029 -0.000000 0.149434 -0.000000 0.066496 -0.026045 0.010672 0.020682 -0.012777 0.181293 -0.041386 -0.000004 -0.000730 -0.000000 0.114457 -0.062882 -0.088348 -0.000000 0.145265 -0.089030 0.121633 -0.000000 0.159841 -0.166624 0.112655 0.000000 0.105400 0.000000 0.145824 -0.000000 0.039171 -0.000000 -0.000000 0.039692 -0.000000 0.036175 0.000000 -0.000000 0.156648 -0.000000 0.000000 0.128764 0.013191 0.040857 0.030190 -0.000060 0.173278 0.150377 -0.000000 -0.142604 -0.004052 -0.183264 0.086741 -0.058380 0.064124 -0.081900 0.007059 0.000000 0.045833 0.000000 -0.000352 -0.000000 -0.074008 0.154922
  0.000000 0.000000 -0.070960 0.000000 -0.004466 -0.000000 -0.003590 -0.027503 0.210768 0.045337 -0.000002 0.036585 -0.000431 -0.023946 0.141864 -0.000000 0.091988 -0.020459 0.000000 -0.093645 -0.000000 0.015278 0.200102 -0.054982 0.000245 -0.004384 -0.000000 -0.007921 0.079356 -0.000000 0.104037 0.000756 -0.000000 0.000000 -0.000000 0.000000 -0.046526 -0.000000 0.037676 0.000000 -0.029938 0.070959 -0.091290 0.022981 0.193679 0.029618 0.076497 -0.000003 -0.000473 -0.000000 0.107914 0.086588 -0.103600 0.000000 -0.020193 -0.048400 0.132470 -0.000000 -0.045247 0.122131 0.209597 0.000000 0.209820 0.000000 -0.067408 -0.000000 -0.167561 -0.000000 0.000000 0.090395 -0.000000 0.170196 0.000000 -0.000000 0.155118 -0.000000 -0.000000 0.008713 0.143606 0.158718 0.138271 -0.000019 0.010634 0.174171 0.000000 -0.071828 -0.003691 -0.060685 0.181446 0.138153 0.186772 0.090724 0.138714 -0.000000 -0.081011 0.000000 -0.000267 0.000000 0.077861 0.066923
  -0.000001 -0.000000 -0.059933 -0.000000 0.177119 -0.000000 -0.003241 0.070505 0.085668 -0.032144 -0.000002 0.131345 -0.000670 0.008071 0.178754 0.000000 0.115890 -0.137207 -0.000000 0.041314 -0.000000 0.036912 0.051193 -0.008831 0.003391 0.118968 -0.000000 0.140184 -0.077968 -0.000000 -0.047512 -0.003133 0.000000 -0.000000 0.000000 -0.000000 -0.027007 -0.000000 0.033600 -0.000000 0.097486 0.117269 0.121063 0.053580 -0.024171 0.098553 0.014981 -0.000004 -0.000664 0.000000 0.123622 0.139287 0.125496 0.000000 0.114362 0.027281 0.013541 -0.000000 -0.112624 0.007567 0.062899 -0.000000 0.179110 0.000000 -0.051055 -0.000000 0.026825 -0.000000 0.000000 0.048758 0.000000 0.142706 0.000000 -0.000000 0.089722 -0.000000 -0.000000 -0.096375 0.053352 -0.003489 -0.029221 -0.000059 0.119554 -0.029235 -0.000000 0.108691 -0.004019 0.041647 0.070685 -0.017297 -0.026886 -0.105314 -0.011660 -0.000000 0.070526 -0.000000 -0.000311 0.000000 -0.002945 -0.085311
  -0.000001 -0.000000 0.238420 -0.000000 0.250444 -0.000000 -0.001329 0.172896 0.212459 0.104876 -0.000005 0.144347 -0.000722 0.142246 0.198720 -0.000000 0.188681 0.068274 0.000000 0.209426 -0.000000 0.222698 0.210715 0.139343 0.002017 0.151088 0.000000 0.045184 0.238631 -0.000000 0.222284 0.001356 0.000000 -0.000000 0.000000 -0.000000 0.123932 -0.000000 0.188197 -0.000000 0.055365 0.197509 0.220896 -0.116970 0.276399 0.141409 0.281974 -0.000003 -0.000195 -0.000000 0.151928 -0.024752 0.181375 0.000000 0.235051 0.164932 -0.257307 0.000000 0.017672 0.284200 0.054144 0.000000 0.047229 -0.000000 0.041963 -0.000000 -0.433444 -0.000000 0.000000 0.192791 0.000000 0.275312 -0.000000 -0.000000 0.283708 0.000000 0.000000 0.272450 0.044229 0.230205 0.140633 -0.000019 0.153536 0.192823 0.000000 0.013082 -0.003335 0.000000 0.226917 0.063297 0.241525 0.157552 0.127573 -0.000000 0.284182 0.000000 -0.000232 0.000000 0.047006 0.150950
  -0.000000 -0.000000 0.094799 0.000000 0.018526 -0.000000 -0.000273 0.174499 0.123428 0.152654 -0.000004 0.107559 0.000130 0.002243 0.038945 -0.000000 0.173007 0.102246 -0.000000 -0.039707 -0.000000 -0.014071 0.094006 0.142860 0.000953 0.162528 0.000000 0.057866 -0.049247 0.000000 0.063385 -0.003167 -0.000000 -0.000000 -0.000000 0.000000 0.035429 0.000000 0.103641 -0.000000 0.053994 0.162988 0.028879 -0.221633 -0.050670 -0.079838 0.146673 -0.000004 -0.000520 0.000000 0.164526 0.153020 0.153555 0.000000 0.013169 0.152681 -0.093398 -0.000000 0.084955 -0.206692 0.033698 -0.000000 0.141769 -0.000000 0.062329 -0.000000 -0.256239 -0.000000 0.000000 -0.074658 0.000000 -0.022769 -0.000000 -0.000000 -0.083717 0.000000 0.000000 0.081692 -0.044272 -0.025598 0.038218 -0.000014 -0.042173 0.098602 -0.000000 -0.025638 -0.000610 -0.120799 0.108220 -0.022292 0.102519 -0.069690 0.163192 -0.000000 0.153035 0.000000 -0.000289 -0.000000 0.094133 0.012534
  -0.000001 -0.000000 -0.062081 0.000000 -0.091391 -0.000000 -0.002455 0.041476 0.077429 -0.046980 -0.000003 -0.025068 -0.001915 0.142275 0.163952 -0.000000 -0.012526 -0.089737 -0.000000 -0.042502 0.000000 -0.043734 0.007290 0.128577 0.003897 -0.022149 -0.000000 0.008545 -0.078120 -0.000000 0.000345 -0.003519 0.000000 0.000000 -0.000000 -0.000000 0.105463 -0.000000 -0.054988 -0.000000 -0.071770 0.099899 -0.061888 0.026442 0.007972 0.048579 0.128662 -0.000004 -0.000737 -0.000000 0.029123 0.067215 0.039034 0.000000 -0.091071 0.058739 -0.014808 0.000000 -0.047284 0.021991 -0.080385 -0.000000 0.081431 -0.000000 0.109340 -0.000000 0.056613 -0.000000 -0.000000 0.058924 -0.000000 0.076039 -0.000000 -0.000000 -0.056577 -0.000000 -0.000000 0.093826 0.129812 -0.065331 0.150204 -0.000063 0.141490 0.079537 0.000000 -0.116266 -0.004056 -0.150054 0.069510 -0.016213 0.099432 -0.027852 0.126864 -0.000000 -0.063920 -0.000000 -0.000328 -0.000000 0.105002 -0.090143
  0.000000 0.000000 -0.235369 0.000000 -0.032580 -0.000000 -0.004547 -0.198302 -0.075878 -0.129887 -0.000003 -0.079925 0.000845 -0.071712 -0.114027 0.000000 -0.035992 -0.330992 -0.000000 -0.124771 -0.000000 -0.285537 0.037645 -0.216659 0.001413 -0.093488 -0.000000 -0.042604 -0.079248 -0.000000 -0.227169 0.000429 -0.000000 -0.000000 -0.000000 0.000000 -0.104325 0.000000 -0.094052 -0.000000 -0.015668 -0.154457 0.007023 -0.210326 -0.217056 -0.024056 -0.137575 -0.000005 -0.000070 -0.000000 -0.133644 0.071776 -0.075583 0.000000 -0.145057 -0.105400 0.096505 -0.000000 -0.046264 -0.026701 -0.044405 -0.000000 -0.221957 -0.000000 -0.234534 -0.000000 0.001578 0.000000 -0.000000 -0.162127 -0.000000 -0.126820 0.000000 -0.000000 0.011690 -0.000000 -0.000000 -0.123527 -0.269455 -0.026325 -0.161869 -0.000014 -0.146681 -0.115529 -0.000000 0.170727 -0.000293 -0.142224 -0.076179 -0.233132 -0.065090 -0.292138 -0.069061 -0.000000 -0.085827 -0.000000 -0.000212 -0.000000 -0.265366 -0.226469
  0.000000 0.000000 -0.004006 0.000000 -0.030699 -0.000000 -0.001339 -0.112195 -0.042978 -0.184544 -0.000003 -0.074022 -0.000299 -0.035623 0.022285 -0.000000 -0.216525 0.036199 0.000000 -0.179938 0.000000 -0.124453 -0.132150 -0.173308 0.001817 -0.161233 0.000000 -0.102801 -0.081602 -0.000000 0.141509 -0.003227 -0.000000 0.000000 -0.000000 -0.000000 0.010417 -0.000000 -0.261210 -0.000000 -0.001048 0.046653 0.030702 -0.027279 -0.081230 -0.020544 -0.174432 -0.000004 0.000069 0.000000 -0.239815 0.121917 -0.166413 -0.000000 0.073431 0.056863 0.014408 0.000000 -0.157412 0.059883 -0.201674 -0.000000 -0.040476 -0.000000 0.072085 -0.000000 -0.011200 0.000000 0.000000 -0.127871 -0.000000 0.055827 -0.000000 0.000000 -0.045193 -0.000000 0.000000 0.054035 -0.109250 -0.121388 -0.047771 -0.000026 0.074978 -0.158884 -0.000000 -0.075661 -0.002335 -0.054093 -0.021166 -0.049478 -0.027466 -0.045827 -0.032486 -0.000000 0.036714 -0.000000 -0.000160 0.000000 -0.155520 -0.091277
  -0.000000 -0.000000 -0.074533 -0.000000 -0.209786 0.000000 -0.005618 -0.054802 -0.105201 -0.139550 -0.000000 -0.094539 -0.000762 -0.204023 -0.011857 0.000000 -0.071031 0.173511 -0.000000 -0.008298 0.000000 -0.245321 -0.055523 -0.115361 0.004532 -0.135226 -0.000000 -0.101659 -0.044724 -0.000000 -0.192503 -0.003361 -0.000000 0.000000 0.000000 0.000000 -0.091851 -0.000000 0.011871 0.000000 -0.068559 -0.040113 0.013004 0.085176 -0.142220 -0.022316 -0.231093 -0.000003 -0.000341 -0.000000 -0.229242 -0.031708 -0.013794 0.000000 0.009156 -0.139507 0.063943 0.000000 -0.245534 0.061446 -0.062239 -0.000000 -0.001062 0.000000 -0.211032 -0.000000 -0.064656 -0.000000 -0.000000 -0.059403 -0.000000 0.036489 -0.000000 -0.000000 -0.195583 -0.000000 -0.000000 -0.205680 -0.233059 -0.053964 0.023086 -0.000014 -0.131762 -0.086569 0.000000 0.078836 -0.002322 0.120508 -0.157012 -0.075917 0.032183 -0.058293 -0.266365 -0.000000 -0.093817 -0.000000 0.000117 0.000000 -0.014825 0.004151
  0.000000 0.000000 0.511787 -0.000000 0.684168 -0.000000 -0.006496 0.657757 0.573391 0.688255 0.000000 0.505299 -0.000136 0.602403 0.660290 0.000000 0.742625 0.064926 0.000000 0.406960 0.000000 0.571850 0.321438 0.470351 -0.002024 0.367432 0.000000 0.593966 0.572965 0.000000 0.588139 0.001260 -0.000000 0.000000 0.000000 -0.000000 0.379808 0.000000 0.620106 0.000000 0.513383 0.734724 0.630437 -0.471690 0.300837 0.475045 0.622858 -0.000003 -0.000327 0.000000 0.464660 -0.319420 0.389733 -0.000000 0.642664 0.381389 0.153721 -0.000000 0.532731 -0.055589 0.576767 -0.000000 0.535752 0.000000 0.392341 -0.000000 -0.000000 -0.000000 -0.000000 0.313840 0.000000 0.642956 0.000000 0.000000 0.549361 0.000000 0.000000 0.760723 0.681808 0.469135 0.508608 -0.000027 0.517749 0.544823 0.000000 -0.257787 -0.000494 0.000000 0.524147 0.477373 0.658310 0.426560 0.550108 0.000000 0.347805 -0.000000 -0.000028 -0.000000 0.586036 0.743409
  -0.000000 -0.000000 -0.227356 0.000000 -0.333865 0.000000 0.000648 -0.444739 -0.637192 -0.465299 -0.000004 -0.449475 -0.000734 -0.617161 -0.389139 -0.000000 -0.490490 -0.026299 -0.000000 -0.227707 -0.000000 -0.450869 -0.361981 -0.265800 0.003303 -0.461287 0.000000 -0.280298 -0.588093 -0.000000 -0.257533 -0.001320 -0.000000 0.000000 -0.000000 -0.000000 -0.234440 0.000000 -0.451001 -0.000000 -0.435976 -0.300700 -0.409132 0.227547 -0.465907 -0.224087 -0.502481 -0.000002 -0.000013 0.000000 -0.405589 0.396423 -0.130554 0.000000 -0.309918 -0.237441 -0.515900 -0.000000 -0.474003 0.339405 -0.514509 -0.000000 -0.343772 -0.000000 -0.277810 -0.000000 -0.168680 -0.000000 0.000000 -0.388324 -0.000000 -0.410523 0.000000 -0.000000 -0.327822 -0.000000 -0.000000 -0.262219 -0.304414 -0.437806 -0.391471 0.000003 -0.244875 -0.499858 0.000000 0.329125 -0.001812 -0.000000 -0.536371 -0.197491 -0.455434 -0.525158 -0.480850 0.000000 -0.396803 -0.000000 -0.000012 -0.000000 -0.379447 -0.523179
  -0.000000 -0.000000 0.069016 -0.000000 -0.069824 -0.000000 -0.003107 -0.013622 0.151759 -0.051354 -0.000004 0.071906 0.000084 0.195500 0.222123 0.000000 0.108045 -0.055926 -0.000000 0.183121 0.000000 0.082574 -0.000342 -0.053878 -0.004185 0.096311 -0.000000 -0.039330 0.152812 -0.000000 0.153578 -0.003551 0.000000 0.000000 -0.000000 0.000000 -0.007929 -0.000000 0.159403 -0.000000 0.040725 -0.027320 -0.006286 -0.053190 0.033699 0.184134 0.188529 -0.000005 -0.000771 0.000000 0.034930 -0.139763 -0.000763 0.000000 0.138870 -0.037555 -0.075190 0.000000 0.143997 0.279054 0.137231 -0.000000 0.151410 -0.000000 -0.004064 -0.000000 -0.147811 0.000000 -0.000000 0.180575 0.000000 0.005272 0.000000 -0.000000 0.171570 -0.000000 0.000000 0.039953 -0.015385 -0.021472 0.054913 -0.000073 0.101568 0.109913 -0.000000 0.000785 -0.002330 0.073014 0.201839 0.030180 -0.076514 -0.009701 0.107110 0.000000 0.139358 -0.000000 -0.000324 0.000000 0.003556 0.082984
  -0.000000 -0.000000 0.128875 -0.000000 0.129458 -0.000000 -0.000546 0.053528 0.040924 0.006183 -0.000003 0.009706 -0.000560 -0.074259 0.017725 -0.000000 0.156187 -0.128238 0.000000 0.027994 0.000000 -0.034433 0.154090 0.039024 0.002373 0.041772 -0.000000 0.083190 -0.108433 -0.000000 -0.065154 -0.003319 0.000000 -0.000000 0.000000 -0.000000 0.021019 0.000000 0.141496 0.000000 -0.026767 0.039461 -0.072319 0.037180 0.026204 0.115410 0.142082 -0.000004 -0.000020 0.000000 -0.059293 0.050528 -0.110438 -0.000000 0.153549 -0.084991 0.056297 -0.000000 0.155603 0.067979 -0.040305 -0.000000 0.071214 -0.000000 0.079890 -0.000000 -0.029653 0.000000 -0.000000 0.125217 -0.000000 -0.044236 0.000000 -0.000000 0.078401 -0.000000 0.000000 0.081157 -0.030911 0.127408 0.057522 -0.000041 0.046553 0.053098 -0.000000 -0.009201 -0.003694 -0.093568 0.103034 0.016243 0.157975 -0.024433 0.011463 0.000000 0.036761 -0.000000 -0.000352 -0.000000 -0.038707 0.169866
  -0.000001 0.000000 0.091209 -0.000000 0.054037 -0.000000 -0.000324 -0.038584 -0.005410 0.018380 -0.000004 0.067546 -0.001344 0.023124 0.127134 0.000000 0.017757 -0.118108 0.000000 0.128597 0.000000 -0.091864 -0.054939 -0.088417 0.003547 0.102110 -0.000000 0.131210 0.047549 -0.000000 0.152110 -0.003464 0.000000 -0.000000 -0.000000 0.000000 0.148150 -0.000000 0.061401 0.000000 0.128915 -0.073631 0.071532 -0.060433 0.021223 0.017095 0.034048 -0.000004 -0.000640 0.000000 -0.049976 0.083753 0.129852 0.000000 0.038719 0.045627 0.141261 0.000000 -0.069409 0.041404 0.022932 -0.000000 0.141423 -0.000000 0.121592 -0.000000 -0.157340 -0.000000 -0.000000 0.113465 -0.000000 0.013703 -0.000000 -0.000000 0.111074 -0.000000 0.000000 0.136679 0.092963 0.140307 -0.073030 -0.000026 0.144323 0.096314 0.000000 0.029399 -0.003765 -0.318279 0.103540 0.084497 0.026152 0.163214 -0.017240 -0.000000 0.141703 0.000000 -0.000325 -0.000000 -0.062685 0.067617
  -0.000001 0.000000 0.169220 0.000000 0.001616 -0.000000 -0.002360 -0.037286 -0.079562 0.016596 -0.000003 -0.039585 -0.000944 0.171427 -0.072994 0.000000 -0.001435 -0.233413 0.000000 -0.061072 0.000000 -0.030625 -0.093350 -0.086793 0.003567 -0.090456 0.000000 0.031131 -0.021664 -0.000000 0.158343 -0.004327 0.000000 0.000000 -0.000000 -0.000000 0.072512 0.000000 0.026771 -0.000000 0.177973 0.130010 -0.017470 0.040849 -0.024955 -0.071842 -0.006403 -0.000004 -0.000907 0.000000 -0.003570 0.018685 -0.095246 -0.000000 0.140695 0.064895 0.180654 0.000000 0.001753 -0.205089 0.135495 0.000000 0.081085 0.000000 0.120829 -0.000000 0.022839 0.000000 0.000000 -0.091965 -0.000000 -0.054194 -0.000000 0.000000 -0.098003 -0.000000 -0.000000 0.063936 0.052058 -0.046295 -0.050553 -0.000077 0.040776 -0.039653 0.000000 -0.039278 -0.003921 0.013245 -0.023046 0.083480 -0.027389 0.080305 0.112877 0.000000 -0.028454 -0.000000 -0.000314 0.000000 0.142703 -0.079797
  -0.000000 -0.000000 -0.086993 -0.000000 -0.041057 0.000000 -0.004303 0.165077 -0.000988 0.084088 -0.000002 -0.066129 -0.000810 0.021721 -0.027237 -0.000000 -0.067149 0.072646 -0.000000 -0.022532 -0.000000 0.131850 0.025027 0.055228 0.001844 0.004557 -0.000000 0.108730 -0.061770 -0.000000 0.119349 -0.004105 -0.000000 -0.000000 -0.000000 0.000000 0.054506 0.000000 0.091278 -0.000000 -0.017136 0.017525 -0.049735 0.038442 0.124299 -0.052412 -0.084642 -0.000004 -0.000184 -0.000000 0.050100 0.109242 0.129367 -0.000000 0.042130 0.031511 0.128346 0.000000 0.150883 0.018197 0.091497 -0.000000 0.057056 -0.000000 0.011171 -0.000000 -0.048125 -0.000000 -0.000000 -0.087058 -0.000000 -0.084273 -0.000000 -0.000000 0.171587 -0.000000 -0.000000 0.068232 0.138790 0.100721 -0.025211 -0.000022 0.101510 0.101398 0.000000 0.099152 -0.003216 0.080465 0.020171 0.058101 0.137070 -0.093622 0.177115 -0.000000 0.013215 0.000000 -0.000304 -0.000000 -0.068918 0.004710
  -0.000000 -0.000000 -0.154083 0.000000 -0.028922 -0.000000 0.003870 -0.317843 -0.208853 -0.244546 -0.000002 0.054715 0.000891 -0.215049 -0.202433 -0.000000 -0.079650 -0.000117 0.000000 -0.187371 0.000000 -0.106234 -0.012569 0.013773 -0.002856 -0.042674 -0.000000 -0.031379 -0.171453 -0.000000 -0.215376 -0.000613 0.000000 0.000000 0.000000 -0.000000 -0.107256 0.000000 -0.210994 -0.000000 -0.218286 -0.153645 -0.134364 -0.381391 0.065085 -0.239541 -0.009779 -0.000006 0.000080 0.000000 -0.163445 0.339524 -0.085919 0.000000 -0.149818 -0.193224 0.146340 -0.000000 0.117000 0.000000 -0.019272 -0.000000 0.016979 0.000000 -0.010988 -0.000000 0.249130 -0.000000 0.000000 -0.073635 0.000000 -0.194067 -0.000000 0.000000 -0.026942 0.000000 0.000000 -0.259897 -0.169708 0.035295 -0.136643 0.000001 -0.166866 -0.261339 0.000000 -0.071928 -0.000003 -0.427663 -0.076603 -0.150498 -0.087365 -0.169805 -0.224732 -0.000000 -0.160661 -0.000000 0.000007 0.000000 -0.096126 -0.272425
  -0.000000 0.000000 -0.006120 -0.000000 -0.023814 0.000000 -0.005306 -0.124889 -0.144647 -0.223159 -0.000000 -0.099275 -0.001046 -0.003168 0.011446 0.000000 0.001041 0.188604 -0.000000 0.012821 0.000000 -0.166212 -0.270807 0.046351 0.004248 -0.037637 -0.000000 -0.219986 -0.132564 -0.000000 -0.049371 -0.005150 -0.000000 -0.000000 -0.000000 -0.000000 0.008550 -0.000000 -0.197812 -0.000000 -0.182992 -0.182061 -0.169105 0.091903 0.037263 0.030917 -0.132111 -0.000003 -0.000518 0.000000 0.059584 -0.045516 -0.239752 0.000000 -0.068881 0.022684 0.158473 0.000000 -0.127932 0.112752 0.014739 0.000000 -0.134518 -0.000000 -0.043054 -0.000000 0.172104 -0.000000 -0.000000 0.022849 -0.000000 -0.108094 -0.000000 0.000000 -0.184598 0.000000 -0.000000 0.004817 -0.102258 -0.186419 -0.202293 -0.000033 -0.066449 -0.210014 -0.000000 0.130982 -0.002761 -0.030418 -0.049754 0.056236 -0.201972 -0.228970 0.020188 -0.000000 0.082357 -0.000000 0.000040 -0.000000 0.071500 -0.165115
  -0.000000 -0.000000 -0.100445 0.000000 0.022508 0.000000 -0.004833 0.059348 -0.010670 0.168538 -0.000001 -0.027387 -0.000834 0.111503 -0.063593 0.000000 -0.094671 0.058684 -0.000000 -0.195438 -0.000000 0.011114 0.117889 0.144760 0.004452 -0.088819 0.000000 0.012333 0.014865 -0.000000 -0.035017 -0.003957 0.000000 0.000000 0.000000 0.000000 -0.117623 0.000000 0.013805 -0.000000 0.042563 -0.058230 0.018176 0.006882 0.076847 -0.117854 -0.004884 -0.000003 -0.000387 -0.000000 -0.059192 -0.032310 -0.012541 0.000000 0.011728 0.002780 0.190233 -0.000000 -0.068767 0.046721 0.127788 0.000000 0.034548 0.000000 0.122915 -0.000000 -0.028661 0.000000 0.000000 -0.041636 -0.000000 -0.039053 -0.000000 0.000000 -0.080575 0.000000 -0.000000 -0.058078 -0.149618 0.106804 0.005144 -0.000012 -0.112977 -0.081668 -0.000000 -0.062165 -0.002398 0.072121 0.045061 -0.026065 -0.052861 -0.022971 -0.094453 0.000000 0.008984 -0.000000 -0.000181 0.000000 0.059043 0.021423
  -0.000000 -0.000000 0.056408 0.000000 -0.140357 0.000000 -0.002796 -0.145348 -0.091538 -0.128150 -0.000003 -0.020461 -0.000409 0.012504 0.050552 -0.000000 -0.071458 0.128552 0.000000 -0.026229 -0.000000 -0.077065 -0.059555 0.071788 0.001221 0.024888 -0.000000 0.061805 -0.050487 -0.000000 -0.023464 -0.002234 -0.000000 -0.000000 -0.000000 -0.000000 -0.006882 0.000000 -0.177731 0.000000 -0.029688 0.051097 -0.028509 0.024955 -0.066388 -0.033079 -0.208812 -0.000004 -0.000462 -0.000000 -0.075734 0.095937 -0.208567 0.000000 -0.080050 -0.123809 -0.174097 -0.000000 -0.178534 -0.021944 -0.101409 0.000000 -0.045598 -0.000000 -0.103539 -0.000000 -0.353655 0.000000 -0.000000 -0.108143 -0.000000 0.035585 -0.000000 0.000000 -0.044891 0.000000 -0.000000 -0.069275 -0.066665 -0.208574 -0.141035 -0.000017 -0.044416 -0.097670 -0.000000 0.154823 -0.003922 -0.148822 -0.105749 -0.102884 -0.051379 -0.162480 0.042071 0.000000 -0.121359 -0.000000 -0.000312 -0.000000 -0.135253 -0.037178
  -0.000001 0.000000 -0.066874 0.000000 -0.064582 -0.000000 -0.004212 0.074419 0.011344 -0.017530 -0.000002 0.056587 -0.000660 0.193767 0.099840 -0.000000 0.055156 0.123265 -0.000000 -0.019136 -0.000000 -0.080236 -0.044976 0.043008 -0.000921 0.034933 -0.000000 -0.067143 0.063995 -0.000000 0.096368 -0.003615 -0.000000 -0.000000 -0.000000 0.000000 0.117754 0.000000 -0.005710 0.000000 -0.068000 -0.084407 0.128418 0.044762 -0.068298 -0.075322 -0.072813 -0.000004 -0.000441 0.000000 0.095938 0.048102 0.143114 -0.000000 0.119428 0.067827 -0.040880 0.000000 0.052850 0.096274 0.186885 -0.000000 0.126732 -0.000000 0.120091 -0.000000 -0.109447 -0.000000 0.000000 -0.063898 0.000000 -0.086609 0.000000 0.000000 -0.007185 -0.000000 0.000000 0.077288 0.093783 0.020678 0.035283 -0.000048 -0.027768 0.022173 -0.000000 0.080621 -0.003639 -0.008528 -0.067687 -0.100004 0.036854 0.026513 0.194477 -0.000000 -0.044602 0.000000 -0.000214 0.000000 -0.068381 0.014730
  -0.000000 0.000000 -0.001310 0.000000 0.158640 -0.000000 -0.000497 0.198000 -0.048927 0.103284 -0.000004 0.082087 -0.000249 -0.014253 0.110644 -0.000000 0.020766 -0.137230 -0.000000 0.179693 -0.000000 0.169737 -0.098299 0.052158 0.001976 0.140035 0.000000 -0.064585 0.138815 -0.000000 0.081561 -0.003756 0.000000 0.000000 -0.000000 -0.000000 -0.041885 -0.000000 0.115765 -0.000000 0.075615 0.000814 -0.020138 -0.021681 0.018010 0.124478 -0.064376 -0.000004 0.000079 -0.000000 0.078589 0.115733 -0.021002 -0.000000 0.058071 -0.054233 0.033329 0.000000 -0.074809 -0.228794 0.112729 -0.000000 0.070488 -0.000000 0.063983 -0.000000 0.076186 -0.000000 -0.000000 0.130739 -0.000000 0.021431 -0.000000 -0.000000 0.162184 0.000000 -0.000000 0.109660 0.053221 0.142813 -0.003649 -0.000010 0.027927 0.030477 -0.000000 -0.058396 -0.001351 -0.039923 0.151715 -0.024476 0.090891 0.158846 0.078327 0.000000 0.131367 -0.000000 -0.000327 -0.000000 0.042441 -0.032477
  -0.000001 0.000000 -0.000476 -0.000000 0.174799 -0.000000 -0.000158 -0.036171 0.182914 0.194490 -0.000004 0.159331 -0.001108 0.212036 -0.053647 -0.000000 -0.055508 0.023280 0.000000 -0.016438 0.000000 0.032902 -0.067371 0.022020 0.002764 0.129771 -0.000000 0.062194 -0.023934 -0.000000 0.149528 -0.003497 0.000000 0.000000 -0.000000 0.000000 0.015010 -0.000000 -0.057259 -0.000000 0.125767 0.055339 0.127237 -0.091755 -0.074342 -0.116122 0.037275 -0.000004 -0.000520 -0.000000 0.155901 0.137142 -0.109673 0.000000 -0.054929 -0.070560 -0.062337 -0.000000 0.019938 -0.052039 -0.032718 0.000000 0.175290 0.000000 -0.025693 -0.000000 -0.082645 -0.000000 -0.000000 0.058164 0.000000 0.083596 -0.000000 -0.000000 0.071191 -0.000000 -0.000000 -0.020954 -0.038076 -0.065300 0.119804 -0.000009 -0.047435 -0.091651 0.000000 -0.073575 -0.003702 0.060463 -0.041683 0.104719 0.118408 -0.039528 -0.007102 -0.000000 -0.092201 0.000000 -0.000275 0.000000 0.099629 0.130282
  -0.000001 -0.000000 -0.064948 0.000000 -0.001243 0.000000 -0.001137 0.161721 -0.056011 0.139875 -0.000003 0.170590 -0.001110 0.048346 0.115031 -0.000000 0.022998 0.177308 -0.000000 0.037993 -0.000000 0.130298 0.055370 -0.004164 0.003922 0.045462 -0.000000 -0.109179 0.057827 -0.000000 -0.069967 -0.003509 -0.000000 -0.000000 -0.000000 0.000000 0.066002 0.000000 -0.038539 -0.000000 -0.093906 0.007043 0.114641 0.016136 -0.044135 -0.087584 0.055920 -0.000003 -0.000162 0.000000 0.030647 -0.054176 -0.043051 0.000000 0.034899 0.030233 0.128384 0.000000 0.125584 0.078541 0.114578 -0.000000 0.078391 0.000000 -0.005542 -0.000000 0.131745 -0.000000 0.000000 -0.075386 0.000000 0.115167 -0.000000 -0.000000 0.040947 -0.000000 -0.000000 0.024459 -0.004068 -0.080125 0.112329 -0.000005 0.097938 0.124009 -0.000000 -0.039521 -0.003220 0.056359 0.151995 0.080262 0.138111 0.065385 -0.002094 -0.000000 -0.093441 -0.000000 -0.000329 -0.000000 0.043688 0.047093
  -0.000001 -0.000000 0.010005 -0.000000 0.126490 -0.000000 -0.003582 0.128083 0.132433 0.145811 -0.000002 -0.096532 -0.000937 -0.025073 0.154435 0.000000 -0.083607 -0.025467 -0.000000 0.061012 0.000000 0.124482 0.148962 -0.059369 0.003062 -0.039057 -0.000000 0.147643 0.054031 -0.000000 0.040895 -0.003622 -0.000000 -0.000000 0.000000 -0.000000 0.091305 0.000000 -0.000830 0.000000 -0.002294 0.073214 0.079606 0.076583 -0.017206 -0.003145 -0.061486 -0.000003 -0.000018 0.000000 -0.000376 -0.054405 -0.013081 -0.000000 -0.024672 -0.054192 0.136939 -0.000000 0.043388 0.153805 -0.035080 0.000000 0.076451 0.000000 0.008533 -0.000000 0.160023 0.000000 -0.000000 -0.083575 -0.000000 -0.096482 0.000000 -0.000000 -0.012937 0.000000 -0.000000 0.109579 0.089144 -0.036318 0.087093 -0.000006 -0.000338 -0.051613 0.000000 0.158649 -0.003038 -0.030193 0.082382 -0.003528 0.061132 0.102415 0.036232 0.000000 0.076814 0.000000 -0.000301 0.000000 0.147981 -0.076235
  -0.000000 -0.000000 0.107394 0.000000 -0.048125 -0.000000 -0.004267 0.101250 0.014405 0.019553 -0.000002 -0.060507 -0.001368 0.052850 -0.044924 -0.000000 -0.067293 0.041711 0.000000 -0.117004 0.000000 -0.095724 0.126915 0.146930 0.003116 0.139018 0.000000 0.122486 0.052251 -0.000000 -0.043481 -0.004938 0.000000 -0.000000 -0.000000 -0.000000 -0.051612 0.000000 0.147322 0.000000 0.080907 0.057183 -0.022082 -0.016393 0.145998 -0.023248 -0.066870 -0.000004 -0.000830 -0.000000 -0.091648 -0.100023 -0.078304 -0.000000 0.069314 0.121748 -0.001599 0.000000 -0.052606 -0.080951 -0.071169 0.000000 0.012628 0.000000 0.106821 -0.000000 0.038220 0.000000 -0.000000 0.014503 0.000000 0.058309 -0.000000 -0.000000 0.007841 -0.000000 -0.000000 0.109553 0.118474 0.035413 0.077307 -0.000088 -0.065460 -0.044813 0.000000 0.059687 -0.003885 0.164351 0.011461 -0.014289 -0.019632 -0.030936 0.115420 0.000000 0.003056 0.000000 -0.000302 -0.000000 0.082798 0.000649
  -0.000000 -0.000000 0.106812 -0.000000 0.150182 -0.000000 -0.001907 0.010143 0.056360 0.089907 -0.000002 0.084146 -0.000884 -0.062303 -0.074898 -0.000000 0.143253 0.097789 -0.000000 0.051540 -0.000000 0.070761 -0.057355 0.088044 0.001932 -0.042071 0.000000 -0.075302 0.016717 -0.000000 0.026264 -0.003333 -0.000000 -0.000000 -0.000000 0.000000 0.177873 -0.000000 -0.030683 -0.000000 0.156993 0.075553 0.021112 0.010806 0.043034 -0.013078 0.183935 -0.000004 -0.001001 -0.000000 -0.020093 -0.063729 0.164162 -0.000000 0.002743 -0.029692 0.073170 0.000000 0.039494 -0.111077 0.013530 0.000000 0.067408 -0.000000 0.063311 -0.000000 -0.030156 -0.000000 0.000000 0.101711 0.000000 0.162439 -0.000000 -0.000000 0.186621 -0.000000 0.000000 0.097800 0.063353 -0.027620 0.126501 -0.000089 0.074437 0.051935 -0.000000 -0.139836 -0.004699 -0.097116 0.182026 0.132428 0.106526 0.055442 -0.029827 0.000000 0.011808 -0.000000 -0.000338 0.000000 0.168209 -0.080018
  -0.000001 -0.000000 -0.190899 0.000000 -0.004810 0.000000 -0.002821 0.002884 -0.057955 0.001248 -0.000001 -0.008394 -0.000791 -0.219764 -0.031233 -0.000000 -0.155012 0.141024 -0.000000 -0.074771 0.000000 -0.196896 -0.177828 0.004406 0.004130 -0.202405 -0.000000 -0.099228 -0.118849 -0.000000 -0.081628 -0.001156 -0.000000 -0.000000 0.000000 0.000000 -0.047028 -0.000000 -0.213988 -0.000000 -0.167120 -0.047809 -0.247476 0.037398 -0.181565 -0.130238 -0.128102 -0.000002 -0.000015 -0.000000 -0.110560 0.345558 0.000658 -0.000000 -0.076555 -0.049881 -0.002445 0.000000 -0.248766 0.398038 -0.258255 -0.000000 -0.022146 -0.000000 -0.216272 -0.000000 -0.183592 0.000000 0.000000 -0.152153 -0.000000 0.042352 0.000000 -0.000000 0.077567 0.000000 -0.000000 -0.214603 -0.189302 -0.094463 -0.162746 0.000010 -0.222512 0.029395 -0.000000 0.375064 -0.002465 -0.034801 -0.160071 -0.201243 -0.010152 -0.153862 -0.253011 -0.000000 -0.100446 0.000000 -0.000144 0.000000 -0.144554 -0.230045
  -0.000001 -0.000000 0.176840 -0.000000 -0.073647 -0.000000 -0.002412 0.186624 -0.039893 -0.026369 -0.000002 0.093722 -0.001049 -0.025049 0.195946 0.000000 0.159846 -0.069470 -0.000000 0.169535 0.000000 0.159970 0.167644 0.101259 0.003669 -0.096726 -0.000000 -0.024829 -0.037066 -0.000000 -0.006744 -0.003582 -0.000000 -0.000000 -0.000000 0.000000 0.057270 -0.000000 0.094200 0.000000 0.034158 0.096556 0.134458 0.048332 0.031702 0.097372 -0.032681 -0.000004 -0.000748 -0.000000 0.178728 -0.042137 0.187206 -0.000000 -0.092018 0.074275 0.026506 -0.000000 0.137567 -0.115740 0.141733 -0.000000 -0.029346 0.000000 0.016199 -0.000000 0.073403 0.000000 0.000000 0.110878 -0.000000 0.157247 -0.000000 0.000000 0.166734 0.000000 0.000000 0.083496 0.153664 0.184479 -0.006640 -0.000069 0.050632 0.115264 -0.000000 -0.160191 -0.004112 0.112626 0.106467 0.017291 -0.024647 0.020149 -0.037174 -0.000000 0.166408 0.000000 -0.000349 -0.000000 0.008408 0.047094
  -0.000000 -0.000000 -0.045024 0.000000 0.105210 -0.000000 -0.000918 0.165348 0.176292 -0.045698 -0.000003 0.044483 -0.000812 0.034063 0.072796 -0.000000 -0.003233 -0.081114 0.000000 -0.047794 0.000000 -0.081900 -0.106276 0.051707 0.002387 -0.118738 -0.000000 0.063144 0.088626 -0.000000 0.089309 -0.003286 0.000000 -0.000000 0.000000 0.000000 0.162829 -0.000000 0.151982 -0.000000 0.166920 -0.017518 -0.008878 0.025113 -0.071253 0.102184 0.162532 -0.000004 -0.000683 0.000000 -0.019640 -0.115098 -0.101349 -0.000000 -0.039777 -0.088087 -0.016541 -0.000000 0.138830 -0.100984 0.055380 0.000000 0.055374 -0.000000 -0.009574 -0.000000 -0.004368 -0.000000 0.000000 0.094126 -0.000000 0.030328 -0.000000 0.000000 -0.041666 0.000000 0.000000 0.014365 -0.014332 0.029640 -0.073135 -0.000042 -0.073056 -0.046601 -0.000000 0.116800 -0.004034 -0.102253 0.162588 0.168077 0.137342 -0.010077 -0.075548 -0.000000 0.058444 0.000000 -0.000309 0.000000 0.000770 -0.046107
  -0.000000 -0.000000 0.082699 0.000000 0.054093 -0.000000 -0.003884 0.180929 -0.029391 0.164597 -0.000003 -0.043947 -0.000340 0.174920 -0.046049 -0.000000 0.013381 -0.083768 0.000000 0.027564 -0.000000 0.187385 0.133618 0.175701 -0.000887 0.011904 -0.000000 0.115016 -0.078442 -0.000000 -0.066748 -0.004974 0.000000 -0.000000 0.000000 0.000000 -0.009415 0.000000 0.182232 0.000000 -0.010404 -0.050080 -0.054190 -0.025186 0.127289 0.112574 0.001122 -0.000005 -0.001249 -0.000000 0.119392 -0.027041 0.008895 -0.000000 -0.037473 -0.007344 -0.068214 -0.000000 -0.091252 -0.030069 0.121051 -0.000000 0.114851 0.000000 0.088487 -0.000000 -0.244754 0.000000 0.000000 0.167516 -0.000000 0.028106 -0.000000 0.000000 0.121796 -0.000000 0.000000 0.115580 0.040585 0.144142 0.146056 -0.000110 0.096778 -0.034717 0.000000 0.124485 -0.003912 -0.067819 -0.022143 -0.009014 0.059600 -0.049240 0.064280 -0.000000 0.015249 -0.000000 -0.000353 0.000000 0.005043 -0.058092
  -0.000000 -0.000000 0.038515 0.000000 0.013446 -0.000000 -0.005023 0.079317 0.059391 -0.011463 0.000000 -0.081274 -0.000388 -0.023466 -0.047214 -0.000000 -0.121017 -0.029356 0.000000 0.028162 0.000000 -0.089857 -0.049699 -0.021314 0.005639 -0.097065 -0.000000 -0.092709 -0.129406 -0.000000 -0.084955 -0.005573 -0.000000 0.000000 -0.000000 0.000000 0.114740 -0.000000 -0.064248 -0.000000 0.101679 -0.139163 -0.096353 0.071476 0.017145 0.001360 -0.017931 -0.000004 -0.000587 -0.000000 0.089693 -0.062174 0.055356 0.000000 -0.227573 0.061928 -0.074882 0.000000 0.023373 -0.074410 -0.121943 -0.000000 -0.040942 -0.000000 -0.038140 -0.000000 -0.065320 0.000000 0.000000 0.017238 0.000000 -0.092510 -0.000000 0.000000 -0.003932 0.000000 0.000000 0.076106 0.033389 0.012236 -0.147928 -0.000058 0.067431 -0.082046 -0.000000 -0.030991 -0.003200 -0.081680 -0.043144 -0.072034 -0.149950 -0.130281 -0.128650 0.000000 -0.112070 -0.000000 -0.000207 -0.000000 -0.144543 -0.174774
  0.000000 0.000000 -0.030700 -0.000000 -0.060577 -0.000000 -0.004050 0.142874 -0.071342 0.110487 -0.000003 -0.079189 -0.000114 -0.099089 0.131829 -0.000000 -0.100936 0.104934 0.000000 0.072578 0.000000 -0.065079 0.078533 0.062396 0.002936 0.054730 -0.000000 0.090757 -0.090141 -0.000000 -0.107657 -0.005036 -0.000000 -0.000000 -0.000000 0.000000 -0.043395 0.000000 0.112442 -0.000000 -0.021825 0.089267 0.079483 0.033599 -0.066302 0.112963 -0.036833 -0.000005 -0.000214 -0.000000 0.083447 0.054596 0.082903 -0.000000 -0.019446 0.098650 -0.116791 -0.000000 0.133277 0.055494 0.137208 -0.000000 -0.028327 0.000000 0.057071 -0.000000 -0.052635 0.000000 -0.000000 -0.009566 -0.000000 0.045082 -0.000000 -0.000000 -0.010597 -0.000000 -0.000000 0.043455 -0.024210 0.098329 0.067127 -0.000012 0.040945 -0.114804 0.000000 0.166900 -0.000446 0.077056 -0.096833 -0.015961 0.105033 -0.121610 -0.069701 -0.000000 0.065647 -0.000000 -0.000266 -0.000000 -0.040317 0.058299
  0.000000 0.000000 -0.088736 -0.000000 -0.064458 0.000000 -0.003073 0.045470 -0.078146 0.090300 0.000004 0.196025 0.000401 0.144369 -0.093457 0.000000 0.080851 0.277658 -0.000000 -0.105848 -0.000000 -0.077894 -0.170323 0.033506 0.007986 0.024452 0.000000 -0.012954 0.090866 -0.000000 0.152603 -0.002983 -0.000000 -0.000000 -0.000000 -0.000000 -0.040305 0.000000 0.082970 -0.000000 -0.044600 0.098942 -0.168547 -0.030027 -0.138709 0.048244 0.109508 -0.000001 0.000002 -0.000000 -0.129488 0.047181 0.282356 -0.000000 0.044023 -0.064975 -0.106716 0.000000 -0.069289 0.126446 -0.051556 -0.000000 -0.028012 0.000000 -0.044616 -0.000000 -0.080194 -0.000000 0.000000 0.096576 -0.000000 -0.137395 0.000000 -0.000000 -0.013927 0.000000 -0.000000 -0.010296 0.123573 0.139814 -0.090303 -0.000036 -0.135331 0.195170 -0.000000 -0.063579 0.000009 -0.031114 -0.040604 -0.080261 -0.045664 -0.096397 0.070000 0.000000 -0.010362 -0.000000 -0.000024 -0.000000 -0.061342 0.129962
  -0.000000 -0.000000 0.007655 -0.000000 -0.122770 -0.000000 -0.000070 0.072591 -0.066870 -0.009184 -0.000004 0.113240 -0.000240 -0.087763 0.015314 0.000000 -0.099350 -0.054119 -0.000000 -0.112339 -0.000000 -0.043457 0.082712 0.031438 0.001078 0.043292 -0.000000 -0.117211 0.110743 -0.000000 -0.072847 -0.003375 -0.000000 0.000000 0.000000 0.000000 0.087881 -0.000000 0.041987 0.000000 0.010696 0.007367 0.047315 0.080773 0.044803 0.039960 0.068118 -0.000004 -0.000057 0.000000 -0.000337 -0.056315 -0.121401 -0.000000 0.046385 0.137656 -0.011365 -0.000000 -0.091567 -0.080703 0.089762 -0.000000 0.039012 0.000000 0.000581 -0.000000 -0.063499 -0.000000 0.000000 0.109354 -0.000000 -0.115540 -0.000000 -0.000000 0.152586 0.000000 -0.000000 0.127970 -0.000768 -0.047170 0.135055 -0.000010 0.101625 0.012932 0.000000 -0.034052 -0.002195 -0.135041 -0.057599 0.098760 0.008122 -0.133655 0.086284 -0.000000 0.050421 -0.000000 -0.000171 -0.000000 -0.066348 -0.094702
  -0.000001 0.000000 0.077116 -0.000000 0.015071 -0.000000 -0.000827 -0.055352 0.155137 0.107554 -0.000003 -0.076075 -0.000987 -0.074127 -0.063493 -0.000000 0.037428 0.094374 -0.000000 -0.126471 -0.000000 0.088456 -0.063684 -0.062410 0.003670 0.150618 0.000000 0.107102 -0.070087 -0.000000 -0.041966 -0.003171 0.000000 0.000000 0.000000 -0.000000 0.121137 0.000000 -0.077498 0.000000 -0.047823 -0.105158 0.012774 0.036864 -0.097003 -0.037722 0.156682 -0.000003 0.000018 -0.000000 -0.099936 -0.018719 -0.067915 -0.000000 -0.103190 0.034545 0.042330 0.000000 -0.076014 0.055102 -0.115200 -0.000000 -0.102960 0.000000 0.099248 -0.000000 -0.034506 0.000000 0.000000 -0.068480 0.000000 0.103768 0.000000 0.000000 0.107351 0.000000 -0.000000 0.013089 0.095045 0.079813 0.155381 -0.000004 -0.021264 -0.040794 -0.000000 -0.054275 -0.002447 -0.139099 0.086523 0.058222 -0.049477 -0.046457 0.056882 0.000000 0.119636 0.000000 -0.000235 0.000000 0.131954 0.105416
  -0.000001 -0.000000 0.090075 -0.000000 -0.014063 -0.000000 0.000397 -0.149928 -0.128914 -0.149686 -0.000005 -0.213825 -0.001144 -0.167589 -0.070675 -0.000000 -0.128216 0.006467 0.000000 -0.142813 -0.000000 -0.130993 0.079612 -0.067701 0.001113 -0.128868 -0.000000 -0.207213 -0.212081 -0.000000 -0.122467 -0.004012 0.000000 0.000000 -0.000000 0.000000 0.083683 0.000000 -0.074071 0.000000 -0.140729 -0.097422 -0.165700 0.009160 -0.056411 -0.152852 -0.031283 -0.000005 -0.000585 -0.000000 -0.157133 0.086846 0.062177 -0.000000 -0.149915 0.059000 -0.167273 0.000000 -0.076615 -0.036964 -0.100445 -0.000000 -0.090130 0.000000 0.026160 -0.000000 0.159719 -0.000000 0.000000 -0.057345 0.000000 -0.137610 0.000000 0.000000 -0.073904 -0.000000 0.000000 -0.120226 -0.040592 0.063371 -0.076776 -0.000017 0.003618 -0.186106 -0.000000 0.119487 -0.003993 -0.231490 -0.173494 0.006843 -0.013083 0.030116 -0.140236 0.000000 -0.028679 0.000000 -0.000361 -0.000000 0.032798 -0.200596
  0.000000 0.000000 0.039265 0.000000 -0.008218 -0.000000 -0.001909 -0.075893 0.032030 -0.081680 -0.000003 -0.212671 -0.000043 0.037476 -0.015967 0.000000 0.038525 0.139635 0.000000 0.009028 -0.000000 -0.134496 -0.229907 -0.173839 -0.001401 -0.285445 -0.000000 -0.148301 -0.057859 -0.000000 0.108201 -0.001281 -0.000000 0.000000 0.000000 -0.000000 0.055386 0.000000 -0.049602 0.000000 -0.153525 -0.002665 -0.016898 0.043656 -0.142924 0.094827 -0.145044 -0.000004 -0.000375 0.000000 0.113809 0.090867 0.129132 0.000000 0.244987 -0.001768 -0.472126 -0.000000 -0.196014 -0.013822 -0.093172 0.000000 0.055979 -0.000000 0.033935 -0.000000 0.039393 0.000000 0.000000 -0.025804 -0.000000 -0.008083 0.000000 0.000000 0.104980 -0.000000 0.000000 0.023862 -0.066306 -0.215774 -0.136490 -0.000018 -0.132438 -0.115216 0.000000 0.134729 -0.003476 -0.066632 -0.230868 -0.103468 -0.151076 -0.154763 -0.119764 -0.000000 0.090746 -0.000000 -0.000141 -0.000000 0.013961 0.081049
  -0.000000 -0.000000 0.015504 -0.000000 0.158223 0.000000 -0.000056 0.059937 0.119263 0.228623 -0.000003 0.247969 -0.000523 0.174517 0.048180 -0.000000 0.226205 0.097014 0.000000 -0.187641 0.000000 -0.011643 0.110321 0.001148 -0.009170 0.135765 0.000000 -0.057817 0.015743 -0.000000 -0.015371 -0.003625 0.000000 -0.000000 0.000000 0.000000 -0.103677 -0.000000 0.058985 -0.000000 -0.074066 -0.038054 -0.000920 -0.157315 -0.009147 -0.044016 -0.011536 -0.000005 -0.000489 -0.000000 0.087803 -0.139832 -0.007821 0.000000 -0.170153 0.151277 0.178062 0.000000 0.145344 0.323681 0.179672 0.000000 0.080313 -0.000000 0.114108 -0.000000 -0.347324 -0.000000 0.000000 -0.063879 0.000000 -0.074517 -0.000000 0.000000 -0.154455 0.000000 0.000000 -0.161234 -0.027014 0.146885 -0.038524 -0.000028 0.204424 -0.020838 -0.000000 -0.035635 -0.001785 -0.038282 -0.013851 -0.019238 0.231244 0.141577 0.092498 0.000000 0.048658 0.000000 -0.000185 0.000000 0.103422 0.181468
  -0.000000 0.000000 -0.008883 -0.000000 0.106551 -0.000000 -0.005051 -0.034744 0.096732 -0.083646 -0.000002 0.030828 0.000249 0.018660 -0.024871 -0.000000 -0.020176 -0.184968 0.000000 -0.085161 0.000000 -0.025249 0.031866 -0.012371 0.006235 0.056414 0.000000 -0.088576 0.032326 -0.000000 -0.096843 -0.003604 -0.000000 -0.000000 0.000000 -0.000000 -0.010824 -0.000000 0.059728 0.000000 -0.008145 0.092035 0.002986 0.018682 0.033629 0.082626 0.056245 -0.000004 -0.000528 -0.000000 0.049462 0.101225 -0.010653 -0.000000 0.089611 0.120795 0.188059 0.000000 0.081087 -0.070857 -0.104147 -0.000000 0.091741 -0.000000 0.035868 -0.000000 -0.087707 0.000000 -0.000000 0.004158 0.000000 -0.099203 0.000000 0.000000 0.158186 0.000000 -0.000000 0.040559 -0.088892 -0.064305 -0.092506 -0.000051 0.137143 -0.046177 0.000000 0.006723 -0.001432 0.140322 -0.076897 0.078784 -0.003679 -0.144181 -0.001676 0.000000 -0.077162 -0.000000 -0.000265 0.000000 0.068395 0.027928
  -0.000001 0.000000 0.117235 0.000000 0.143582 -0.000000 -0.004125 0.129356 0.150466 -0.064216 -0.000002 0.161531 -0.001197 0.144016 0.032634 -0.000000 -0.062670 -0.137690 -0.000000 0.012489 0.000000 0.162574 -0.003866 0.039556 0.002494 0.027365 -0.000000 -0.106905 -0.112841 -0.000000 -0.053823 -0.004839 -0.000000 0.000000 0.000000 0.000000 0.156153 -0.000000 0.033062 -0.000000 0.123614 0.149832 0.086664 0.006308 0.110110 -0.060975 -0.078760 -0.000004 -0.001068 0.000000 -0.067083 0.100155 0.026123 0.000000 0.125311 0.147158 -0.042412 0.000000 -0.074670 -0.191672 0.011025 0.000000 0.030473 0.000000 0.101691 -0.000000 0.130739 -0.000000 0.000000 0.003489 -0.000000 0.010229 -0.000000 -0.000000 -0.062119 -0.000000 -0.000000 0.005998 0.133941 0.056620 0.143762 -0.000109 0.093586 0.074528 -0.000000 0.031314 -0.004487 0.125018 0.101731 -0.038787 0.114921 -0.078205 -0.041945 -0.000000 0.113493 0.000000 -0.000322 -0.000000 0.039680 0.082672
  0.000000 0.000000 -0.160466 -0.000000 -0.056843 0.000000 -0.001604 -0.145415 -0.118597 -0.085224 -0.000004 -0.088215 -0.000274 -0.066635 0.015964 0.000000 -0.132642 -0.096902 0.000000 -0.176979 -0.000000 -0.167189 -0.014252 0.013756 -0.001113 0.040531 -0.000000 -0.080527 -0.126835 -0.000000 -0.102281 -0.002474 -0.000000 -0.000000 -0.000000 0.000000 -0.029167 0.000000 -0.053611 -0.000000 -0.056323 -0.122749 -0.116114 0.003338 0.131105 -0.160509 -0.138380 -0.000004 -0.000204 -0.000000 -0.140424 0.024799 -0.132235 -0.000000 -0.136393 -0.035758 0.045383 -0.000000 -0.027605 0.103427 0.088719 0.000000 0.038605 0.000000 -0.130215 -0.000000 0.090023 0.000000 0.000000 0.058020 0.000000 0.022444 0.000000 -0.000000 0.069677 0.000000 0.000000 -0.019453 -0.065904 -0.193762 0.082296 -0.000017 -0.063808 -0.143470 0.000000 0.126118 -0.002786 0.057578 -0.118115 -0.103248 -0.178263 0.035493 -0.160656 0.000000 -0.029989 -0.000000 -0.000190 -0.000000 0.051584 -0.165155
  -0.000000 -0.000000 -0.094602 0.000000 0.062542 -0.000000 -0.005390 0.069270 0.156221 0.044527 -0.000002 0.157798 -0.000624 -0.008211 0.094453 0.000000 0.133686 0.059771 0.000000 -0.101848 0.000000 0.060446 0.122498 -0.047693 0.000301 0.158287 0.000000 -0.077076 0.084491 -0.000000 0.172780 -0.002796 -0.000000 0.000000 0.000000 -0.000000 0.082226 -0.000000 0.097073 -0.000000 0.009383 0.013411 -0.100910 0.029570 0.023206 0.003490 0.176330 -0.000003 -0.000171 0.000000 0.161893 -0.110252 0.010317 0.000000 -0.061905 0.019916 -0.000128 -0.000000 0.144084 0.125036 0.195109 0.000000 -0.004046 -0.000000 0.190592 -0.000000 -0.030609 0.000000 0.000000 -0.037970 0.000000 0.172305 -0.000000 0.000000 -0.023491 0.000000 0.000000 0.139294 -0.034585 -0.009980 -0.083447 -0.000009 -0.070004 0.029793 -0.000000 -0.016904 -0.003585 0.151208 -0.013423 -0.025747 0.168746 0.139454 -0.009310 -0.000000 0.093057 -0.000000 -0.000298 -0.000000 0.000711 0.031874
  -0.000000 0.000000 -0.130558 0.000000 -0.054046 -0.000000 -0.004455 -0.036654 0.167288 0.118624 -0.000001 0.144486 -0.001071 -0.010056 0.051314 -0.000000 0.077257 -0.050756 0.000000 -0.056676 0.000000 0.154876 0.166420 -0.027076 0.001801 0.029752 -0.000000 0.016297 0.173809 -0.000000 0.076345 -0.001413 -0.000000 -0.000000 0.000000 -0.000000 0.012605 -0.000000 0.140388 -0.000000 0.001833 0.068172 -0.068232 -0.077964 0.033124 -0.008349 0.091071 -0.000003 -0.000267 0.000000 0.001240 -0.045657 0.197792 0.000000 0.033921 0.018769 0.116612 -0.000000 0.125576 -0.150066 0.115875 -0.000000 0.047663 0.000000 0.028108 -0.000000 0.165449 0.000000 0.000000 0.027300 -0.000000 0.145257 0.000000 0.000000 -0.046909 -0.000000 0.000000 0.067078 -0.074597 0.000729 0.026155 -0.000006 0.050913 0.025579 0.000000 -0.013233 -0.002326 0.013544 0.094296 -0.130915 0.135936 0.225345 0.150154 -0.000000 0.002231 0.000000 0.000024 0.000000 0.015845 0.179296
  0.000000 -0.000000 -0.117226 -0.000000 0.095745 0.000000 -0.001912 0.059411 0.063766 0.085341 -0.000004 0.194933 0.000303 0.092863 0.033978 0.000000 -0.025088 -0.115140 0.000000 -0.009129 0.000000 -0.027249 0.053747 0.139385 -0.006049 0.077295 -0.000000 -0.039500 0.159933 -0.000000 0.112810 -0.003071 -0.000000 0.000000 0.000000 -0.000000 -0.064321 -0.000000 0.064516 0.000000 0.024590 0.094041 0.044831 -0.008338 0.109031 -0.048824 0.141834 -0.000005 -0.000052 0.000000 -0.072139 0.109962 -0.060143 0.000000 -0.014966 0.107537 0.063803 0.000000 0.039372 0.071883 0.126784 0.000000 -0.015915 0.000000 -0.092762 -0.000000 -0.224461 0.000000 0.000000 -0.029929 -0.000000 0.120606 -0.000000 0.000000 -0.095733 -0.000000 -0.000000 0.075209 -0.027237 0.211549 0.018666 -0.000010 0.086283 -0.100904 0.000000 -0.061389 -0.000394 0.143382 0.193295 -0.038330 0.123353 0.038226 0.119723 0.000000 -0.088468 -0.000000 -0.000298 -0.000000 -0.082023 0.060047
  -0.000001 -0.000000 0.056139 0.000000 0.170926 -0.000000 -0.002226 0.047610 -0.012403 -0.065352 -0.000002 -0.070905 -0.001572 0.015898 0.066455 -0.000000 0.179555 0.075054 -0.000000 -0.007266 0.000000 -0.059970 -0.005954 -0.025205 0.003990 0.139240 0.000000 0.058070 0.168464 -0.000000 0.173868 -0.003661 -0.000000 0.000000 0.000000 -0.000000 -0.082845 0.000000 0.153454 -0.000000 0.157143 0.073883 0.101316 0.026989 -0.062966 0.027206 0.036370 -0.000004 -0.000670 0.000000 -0.018376 -0.070729 0.051005 -0.000000 0.004332 0.118630 0.113069 0.000000 0.105846 -0.177857 0.077837 0.000000 -0.085797 -0.000000 0.168391 -0.000000 0.035537 0.000000 -0.000000 -0.072368 0.000000 0.151368 -0.000000 -0.000000 0.129856 0.000000 -0.000000 -0.096106 0.046433 0.157499 0.161138 -0.000057 0.154534 0.073843 -0.000000 0.058472 -0.003987 -0.041090 -0.071023 0.160539 0.039068 0.015182 0.087934 0.000000 -0.036494 0.000000 -0.000346 -0.000000 0.021823 0.115941
  0.000000 0.000000 0.000000 -0.000000 -0.000000 0.000000 -0.000000 0.000000 0.000000 0.000000 -0.000000 -0.000000 0.000000 -0.000000 0.000000 -0.000000 -0.000000 -0.000000 -0.000000 0.000000 -0.000000 -0.000000 -0.000000 -0.000000 -0.000000 -0.000000 0.000000 0.000000 0.000000 0.000000 -0.000000 0.000000 0.000000 -0.000000 0.000000 -0.000000 -0.000000 0.000000 -0.000000 -0.000000 -0.000000 -0.000000 -0.000000 0.000000 0.000000 0.000000 -0.000000 0.000000 0.000000 -0.000000 0.000000 0.000000 0.000000 -0.000000 -0.000000 0.000000 0.000000 0.000000 0.000000 0.000000 -0.000000 0.000000 -0.000000 0.000000 0.000000 -0.000000 0.000000 -0.000000 -0.000000 -0.000000 -0.000000 -0.000000 -0.000000 0.000000 0.000000 0.000000 -0.000000 0.000000 0.000000 -0.000000 0.000000 -0.000000 0.000000 -0.000000 -0.000000 0.000000 -0.000000 -0.000000 0.000000 0.000000 0.000000 -0.000000 -0.000000 0.000000 -0.000000 -0.000000 0.000000 -0.000000 -0.000000 -0.000000
  -0.000001 -0.000000 -0.077596 -0.000000 0.096541 -0.000000 -0.003574 0.044293 -0.090571 -0.066494 -0.000002 0.051077 -0.000651 0.088951 0.010958 -0.000000 0.127827 -0.058282 0.000000 0.036814 0.000000 0.158517 0.129788 0.043069 0.003420 -0.055765 0.000000 0.025504 -0.083762 -0.000000 -0.058377 -0.003124 0.000000 -0.000000 -0.000000 0.000000 0.116366 0.000000 0.000170 0.000000 0.033845 -0.047334 -0.087732 0.022621 -0.067056 0.180382 -0.095869 -0.000003 -0.000466 -0.000000 0.072628 -0.087343 0.119336 -0.000000 0.050310 0.095771 0.188691 0.000000 0.036694 -0.010692 0.051506 0.000000 0.145680 -0.000000 0.009434 -0.000000 0.043648 -0.000000 -0.000000 0.071602 0.000000 0.040532 -0.000000 -0.000000 -0.092634 0.000000 0.000000 -0.050402 0.105586 0.092376 -0.028065 -0.000009 0.176763 0.002642 0.000000 0.016326 -0.003699 0.024039 0.070013 0.138406 0.158216 0.041324 -0.025274 -0.000000 0.115249 0.000000 -0.000344 -0.000000 0.098559 -0.031051
  -0.000000 0.000000 0.070019 -0.000000 -0.025988 -0.000000 -0.003937 0.074674 0.061533 -0.022037 -0.000003 -0.037643 -0.000689 0.054371 0.156486 0.000000 0.063530 -0.128205 -0.000000 0.119932 -0.000000 0.153844 -0.092017 0.138251 -0.000376 0.119881 -0.000000 0.105047 0.044789 -0.000000 0.110254 -0.004881 -0.000000 0.000000 0.000000 0.000000 0.029194 -0.000000 0.165661 -0.000000 0.071744 -0.079897 -0.056985 -0.005581 0.122670 0.080757 -0.042461 -0.000005 -0.000006 -0.000000 0.165510 0.038616 -0.048033 0.000000 0.066244 0.127800 -0.169760 0.000000 -0.046713 0.062437 -0.077060 -0.000000 -0.049197 -0.000000 -0.051650 -0.000000 -0.171267 0.000000 -0.000000 0.185430 0.000000 -0.017668 0.000000 -0.000000 0.190588 0.000000 -0.000000 0.024581 -0.067168 0.026183 0.106410 -0.000023 0.030512 -0.047382 -0.000000 -0.101713 -0.002633 -0.120563 0.080884 0.008624 -0.013401 0.078364 0.047866 -0.000000 0.080742 -0.000000 -0.000373 0.000000 0.106849 -0.076064
  -0.000000 -0.000000 -0.069094 0.000000 0.091894 -0.000000 -0.006123 -0.008335 0.010391 -0.075736 -0.000005 0.041807 0.000438 -0.135712 -0.082763 0.000000 0.049723 0.081218 -0.000000 0.044527 0.000000 -0.127322 -0.071694 0.009794 -0.006804 -0.158993 0.000000 -0.014095 0.046127 -0.000000 -0.034128 -0.003067 0.000000 -0.000000 0.000000 -0.000000 -0.118755 -0.000000 -0.072066 0.000000 0.050397 0.144766 0.099603 0.149241 0.039076 0.141401 0.037393 -0.000005 -0.000611 -0.000000 0.071716 0.071479 0.117120 -0.000000 0.018497 0.033146 -0.176586 0.000000 -0.142345 -0.092101 -0.012303 -0.000000 -0.029800 -0.000000 -0.059428 -0.000000 -0.098735 -0.000000 0.000000 0.078789 -0.000000 -0.112533 0.000000 -0.000000 0.150558 0.000000 -0.000000 -0.052245 0.025793 -0.156223 -0.106553 -0.000044 0.058546 -0.017666 -0.000000 0.107203 -0.003354 0.239025 -0.125001 0.031149 0.121027 -0.188913 -0.073874 -0.000000 -0.059197 -0.000000 -0.000171 0.000000 -0.086602 0.000632
  -0.000000 -0.000000 -0.008911 -0.000000 0.024399 -0.000000 -0.005607 0.080521 -0.075667 -0.062868 -0.000002 0.044943 -0.000809 -0.070788 0.043771 0.000000 0.148793 -0.094829 -0.000000 -0.018454 0.000000 0.140867 0.156590 0.148813 0.004102 -0.102674 -0.000000 -0.026598 0.115757 -0.000000 -0.051514 -0.002817 0.000000 -0.000000 -0.000000 -0.000000 -0.033059 0.000000 -0.002372 -0.000000 0.158683 0.024151 -0.021853 0.035708 -0.076069 -0.068667 0.119221 -0.000003 -0.000553 -0.000000 -0.091073 0.044763 -0.055029 0.000000 0.062794 0.133587 0.151088 -0.000000 0.096596 0.045871 0.082796 0.000000 0.043263 -0.000000 0.057052 -0.000000 -0.014181 0.000000 -0.000000 -0.088690 -0.000000 0.037086 -0.000000 0.000000 -0.034374 -0.000000 -0.000000 0.061145 -0.006028 0.154291 0.134433 -0.000020 0.143679 0.006620 0.000000 0.105836 -0.003643 0.158512 0.075328 0.143264 -0.021342 0.133169 0.089135 0.000000 -0.038790 0.000000 -0.000296 -0.000000 0.059772 -0.014253
  -0.000001 -0.000000 -0.033666 -0.000000 0.086078 -0.000000 -0.002852 0.160057 0.127835 -0.064818 -0.000002 0.079985 -0.001199 -0.103088 -0.039816 0.000000 -0.088317 -0.157205 0.000000 0.049929 0.000000 0.092015 -0.115391 0.139081 0.004135 0.029662 0.000000 -0.067998 0.149245 -0.000000 -0.081989 -0.004837 0.000000 0.000000 0.000000 0.000000 -0.094583 -0.000000 0.015249 -0.000000 0.089480 0.006636 -0.084664 -0.019140 0.092128 0.140772 0.008221 -0.000004 -0.000834 0.000000 -0.099779 -0.003650 0.062278 0.000000 -0.014589 0.098635 0.115181 0.000000 -0.009310 -0.168771 0.134684 -0.000000 -0.071088 -0.000000 0.129873 -0.000000 0.118396 -0.000000 -0.000000 0.021961 -0.000000 0.067996 0.000000 -0.000000 -0.101894 0.000000 0.000000 0.070344 0.137102 -0.057910 0.145508 -0.000072 -0.106601 0.115922 0.000000 0.024708 -0.003967 -0.075245 0.001823 0.149784 -0.071261 0.142378 -0.031290 0.000000 0.155566 -0.000000 -0.000307 0.000000 0.034858 0.075420
  0.000000 -0.000000 -0.065138 -0.000000 -0.062121 -0.000000 -0.002752 -0.253753 -0.206059 -0.197817 -0.000002 -0.141328 -0.000184 -0.230714 -0.118637 0.000000 -0.240655 0.003481 -0.000000 -0.194919 -0.000000 -0.100657 -0.195844 -0.066007 0.000387 -0.092945 0.000000 -0.285521 -0.067022 -0.000000 -0.129651 0.000151 0.000000 0.000000 -0.000000 -0.000000 -0.083541 -0.000000 -0.104619 -0.000000 -0.025485 -0.268186 -0.156487 0.067278 -0.135944 -0.199899 -0.167334 -0.000003 -0.000319 -0.000000 -0.139800 0.062894 -0.035327 -0.000000 -0.251942 -0.140231 0.061509 -0.000000 -0.140260 0.154076 -0.231904 0.000000 -0.161417 -0.000000 -0.040207 -0.000000 -0.070974 0.000000 0.000000 -0.053737 -0.000000 -0.072118 0.000000 -0.000000 -0.167196 -0.000000 0.000000 -0.165320 -0.036578 -0.259185 -0.129674 -0.000016 -0.095069 -0.083104 0.000000 0.245143 -0.003474 -0.655279 -0.223053 -0.114081 -0.165274 -0.235502 -0.133568 -0.000000 -0.184448 0.000000 -0.000202 -0.000000 -0.279772 -0.076135
  -0.000000 0.000000 -0.045938 0.000000 -0.009083 0.000000 -0.005629 -0.121410 -0.140890 -0.151052 0.000002 -0.029232 -0.000498 -0.014021 -0.142727 -0.000000 -0.204271 0.043197 -0.000000 0.020273 -0.000000 0.081132 -0.253442 -0.010745 0.008180 -0.225394 0.000000 0.002053 -0.101816 -0.000000 -0.186552 -0.003657 0.000000 -0.000000 -0.000000 0.000000 -0.086018 0.000000 -0.050314 0.000000 -0.096909 -0.122217 -0.219530 0.043385 -0.031682 0.023784 -0.048992 -0.000003 -0.000251 0.000000 -0.062685 -0.026460 -0.087278 -0.000000 -0.230284 0.006968 0.100651 0.000000 0.006874 0.005763 -0.076328 -0.000000 -0.012540 -0.000000 -0.116990 -0.000000 -0.006178 -0.000000 -0.000000 -0.037877 0.000000 -0.028438 0.000000 -0.000000 -0.139958 0.000000 -0.000000 -0.038604 0.001274 -0.031334 0.069561 -0.000026 -0.176656 -0.021002 -0.000000 0.078166 -0.001813 0.049769 -0.208486 -0.161196 -0.029936 -0.096884 -0.058451 0.000000 -0.135011 -0.000000 -0.000087 0.000000 0.022213 -0.164499
  -0.000000 0.000000 0.049357 0.000000 -0.039721 -0.000000 -0.001388 0.091099 0.070784 0.052913 -0.000004 0.083107 -0.000721 -0.004419 0.131069 -0.000000 0.039088 0.110397 0.000000 -0.003044 -0.000000 0.135516 0.076989 0.077658 0.003051 -0.059613 0.000000 0.133315 0.115300 -0.000000 -0.000901 -0.003531 0.000000 0.000000 -0.000000 -0.000000 0.038926 -0.000000 0.120729 0.000000 0.005993 0.006009 0.122492 -0.018698 -0.056341 0.142636 0.102812 -0.000003 -0.000380 -0.000000 -0.093481 -0.016776 0.094839 -0.000000 0.083970 -0.056381 -0.053595 0.000000 -0.085194 0.072712 -0.020257 -0.000000 0.013612 -0.000000 0.075252 -0.000000 0.016520 -0.000000 0.000000 -0.105675 0.000000 0.084506 -0.000000 0.000000 0.136375 0.000000 -0.000000 0.045674 0.140575 -0.031092 0.110217 -0.000010 -0.126153 0.098914 0.000000 0.158596 -0.003058 -0.000000 -0.065106 0.134211 -0.071535 0.052130 0.028828 -0.000000 -0.033631 -0.000000 -0.000186 0.000000 0.058835 0.023902
  -0.000001 -0.000000 0.001622 -0.000000 -0.021957 -0.000000 -0.005641 -0.108932 0.103423 0.114098 -0.000002 0.210307 -0.001174 0.192283 -0.048868 0.000000 -0.038750 0.067507 -0.000000 0.069017 -0.000000 -0.071836 0.142611 -0.057249 0.002344 -0.054140 -0.000000 0.109607 0.041279 -0.000000 0.114160 -0.003179 0.000000 -0.000000 -0.000000 -0.000000 -0.055478 0.000000 0.004913 -0.000000 0.032189 0.100216 0.109905 0.029756 0.057157 0.124977 0.121001 -0.000004 -0.000649 -0.000000 0.060717 0.103866 -0.042796 -0.000000 0.113184 0.147874 0.097874 -0.000000 -0.038512 -0.166661 -0.032925 -0.000000 0.081335 -0.000000 -0.048208 -0.000000 0.049756 0.000000 -0.000000 -0.009311 -0.000000 -0.081434 -0.000000 0.000000 0.139483 0.000000 0.000000 0.038556 -0.072416 0.209460 -0.076077 -0.000072 -0.001479 0.012791 0.000000 -0.082345 -0.003916 -0.034127 0.015561 0.148878 0.147042 0.075547 0.002025 0.000000 -0.064964 -0.000000 -0.000248 0.000000 -0.045805 -0.055070
  -0.000001 -0.000000 0.035924 -0.000000 -0.023091 -0.000000 -0.004755 0.059023 0.074984 -0.054402 -0.000002 -0.145990 -0.001231 0.051316 -0.045395 0.000000 0.059396 0.101764 -0.000000 -0.105728 -0.000000 0.087281 0.043281 0.025315 0.003780 -0.101907 -0.000000 -0.004128 -0.091305 -0.000000 0.057395 -0.003871 -0.000000 -0.000000 0.000000 0.000000 0.115088 -0.000000 0.117687 0.000000 0.035220 0.108048 -0.102185 0.007980 -0.119858 0.045834 0.052990 -0.000004 -0.000602 -0.000000 -0.093770 0.070200 -0.140166 0.000000 -0.160729 -0.054233 0.243248 -0.000000 -0.166434 -0.051903 -0.134506 0.000000 0.034191 -0.000000 0.034206 -0.000000 0.100833 0.000000 0.000000 -0.017303 -0.000000 -0.144951 0.000000 -0.000000 -0.021824 0.000000 -0.000000 -0.197313 -0.116753 -0.091834 -0.147891 -0.000036 -0.041738 -0.105457 0.000000 -0.096620 -0.003519 -0.032791 -0.028286 0.128578 -0.139895 -0.010042 0.076080 0.000000 -0.052865 -0.000000 -0.000251 0.000000 -0.130133 -0.148692
  -0.000000 -0.000000 -0.036950 -0.000000 -0.060214 -0.000000 -0.004322 -0.073820 -0.064939 -0.041730 -0.000003 0.082149 -0.000016 -0.099386 0.127509 -0.000000 -0.040831 -0.072708 0.000000 0.095285 0.000000 0.133841 -0.061224 0.007721 0.004447 0.118118 -0.000000 0.121115 -0.047719 -0.000000 -0.108640 -0.005309 0.000000 -0.000000 -0.000000 -0.000000 -0.014993 -0.000000 -0.058699 0.000000 0.011973 -0.038672 -0.007852 -0.031167 -0.037776 0.045207 -0.058363 -0.000005 -0.000638 0.000000 0.137442 -0.112490 -0.041714 -0.000000 -0.098798 0.110649 0.159527 -0.000000 0.006949 -0.019671 0.026632 0.000000 0.052224 -0.000000 0.076355 -0.000000 -0.025047 -0.000000 -0.000000 0.097145 0.000000 -0.115520 0.000000 -0.000000 0.072810 0.000000 -0.000000 0.089479 -0.067899 -0.080597 0.066351 -0.000050 0.140780 0.044690 -0.000000 -0.034253 -0.001712 -0.061532 0.061745 0.031190 0.050261 -0.027967 0.140003 -0.000000 0.143612 -0.000000 -0.000310 0.000000 0.070907 0.122034
  -0.000001 -0.000000 0.019735 -0.000000 0.179375 -0.000000 -0.000910 -0.083899 0.056111 0.014084 -0.000003 0.001678 -0.000582 0.192110 -0.029399 -0.000000 0.185715 -0.040220 0.000000 0.159598 -0.000000 0.100628 -0.071911 0.029133 0.002846 0.046035 0.000000 0.114779 -0.025525 -0.000000 0.017215 -0.003307 0.000000 -0.000000 0.000000 -0.000000 -0.007013 0.000000 0.069007 -0.000000 -0.064670 0.150866 -0.128018 0.052845 0.006595 0.075598 0.163270 -0.000004 -0.000491 0.000000 0.118260 -0.023448 0.058671 0.000000 0.123535 0.116748 0.022036 0.000000 0.025420 -0.148032 0.009359 -0.000000 -0.055799 -0.000000 -0.079990 -0.000000 -0.068248 -0.000000 -0.000000 -0.082440 -0.000000 0.064156 0.000000 0.000000 0.134426 -0.000000 -0.000000 -0.095729 0.110057 -0.074012 0.058487 -0.000049 -0.025442 0.184057 0.000000 0.083860 -0.004043 -0.004563 0.085143 0.151607 -0.014866 0.073619 0.105307 -0.000000 0.143688 0.000000 -0.000334 -0.000000 0.036168 0.142212
  -0.000000 -0.000000 0.038870 -0.000000 0.120142 -0.000000 -0.004051 0.113369 -0.082308 -0.045039 -0.000002 -0.030391 -0.000316 0.183293 0.153856 0.000000 0.177894 -0.110731 -0.000000 -0.061236 0.000000 0.082124 -0.033010 0.011224 0.005575 0.046112 0.000000 0.002508 0.154302 -0.000000 0.088667 -0.005880 0.000000 -0.000000 -0.000000 -0.000000 -0.002841 0.000000 0.156177 -0.000000 0.029380 -0.053506 0.070558 0.046640 0.040238 -0.076909 0.121382 -0.000005 -0.000721 0.000000 0.157761 0.020965 0.024324 -0.000000 0.018940 0.019066 0.092303 -0.000000 -0.023803 -0.006406 0.048281 0.000000 0.077965 -0.000000 0.016613 -0.000000 -0.027329 0.000000 -0.000000 0.083888 -0.000000 0.073984 0.000000 0.000000 0.148334 -0.000000 0.000000 -0.018639 0.047293 -0.043104 0.130520 -0.000040 0.031043 -0.038118 -0.000000 0.030782 -0.002065 0.095923 0.073340 0.058879 0.060199 -0.073693 0.155378 0.000000 0.158990 -0.000000 -0.000353 -0.000000 0.052013 0.096271
  -0.000000 0.000000 -0.043843 0.000000 0.134182 -0.000000 -0.006676 -0.070174 -0.001031 -0.056780 0.000004 -0.168454 0.000116 -0.072708 -0.071401 0.000000 -0.130390 0.091070 0.000000 0.124906 0.000000 -0.051853 -0.033640 -0.015928 0.010314 0.160498 -0.000000 0.103959 -0.199953 -0.000000 -0.072602 -0.001853 0.000000 -0.000000 0.000000 0.000000 -0.095711 0.000000 -0.021665 0.000000 0.001316 0.047794 -0.055251 0.013007 -0.003818 0.013798 -0.061673 -0.000002 -0.000243 -0.000000 -0.064969 -0.054883 -0.090427 -0.000000 -0.153661 0.135791 0.056497 -0.000000 -0.211278 0.044614 -0.061422 0.000000 0.106527 0.000000 -0.075567 -0.000000 0.061908 0.000000 0.000000 -0.013964 -0.000000 0.080388 0.000000 0.000000 0.082539 -0.000000 -0.000000 0.042454 -0.098512 -0.027663 -0.068879 -0.000027 0.078189 -0.058106 -0.000000 0.089506 -0.000217 0.084413 -0.209152 -0.123545 -0.075367 -0.180292 0.022064 0.000000 -0.054339 -0.000000 -0.000101 0.000000 -0.006309 0.010672
  -0.000001 0.000000 0.005743 -0.000000 0.103118 -0.000000 -0.005893 -0.060534 0.050568 0.080360 -0.000002 0.205976 -0.001210 0.032020 0.011686 -0.000000 0.080709 0.041807 -0.000000 0.037417 0.000000 0.174923 0.201074 0.148640 0.000630 0.000830 -0.000000 -0.082799 0.132397 -0.000000 -0.038857 -0.003146 0.000000 0.000000 0.000000 0.000000 -0.018249 -0.000000 0.072675 -0.000000 -0.072891 0.116985 0.087221 0.029738 0.028793 0.058595 0.044261 -0.000004 -0.000708 -0.000000 -0.038213 0.071852 -0.120898 0.000000 0.014655 0.198141 -0.086016 0.000000 0.033318 0.054169 0.046610 -0.000000 0.175481 -0.000000 -0.071897 -0.000000 0.052074 -0.000000 -0.000000 -0.059235 0.000000 0.119181 -0.000000 -0.000000 -0.100147 -0.000000 -0.000000 0.010500 0.077082 0.201776 -0.070277 -0.000077 0.082290 0.058935 0.000000 -0.155306 -0.003983 0.033969 0.025091 -0.105621 -0.000859 0.036058 0.128378 -0.000000 0.019643 -0.000000 -0.000246 0.000000 -0.061792 0.188462
  -0.000001 0.000000 -0.004773 -0.000000 0.163101 -0.000000 -0.005169 -0.056410 0.076621 0.179939 -0.000002 0.121498 -0.000444 0.155018 0.091323 -0.000000 0.204260 0.077392 0.000000 -0.049530 0.000000 -0.015526 -0.003381 0.130991 -0.000607 0.116010 -0.000000 0.085531 0.057768 -0.000000 -0.027367 -0.003112 0.000000 -0.000000 -0.000000 0.000000 0.072856 0.000000 0.107728 -0.000000 0.033343 -0.037293 -0.094834 0.005743 -0.045209 0.148164 0.163364 -0.000004 -0.000337 -0.000000 0.150853 -0.154601 -0.117028 0.000000 -0.129498 0.198454 0.059341 0.000000 0.000016 0.094449 -0.059220 0.000000 -0.018665 0.000000 -0.021605 -0.000000 -0.005656 -0.000000 0.000000 -0.033828 -0.000000 0.051933 -0.000000 -0.000000 0.095799 -0.000000 -0.000000 -0.040565 0.005712 0.086741 0.000535 -0.000035 -0.057400 0.038725 -0.000000 0.027515 -0.003767 -0.044943 0.211431 -0.044168 -0.062732 -0.022068 0.049435 -0.000000 -0.096454 -0.000000 -0.000145 -0.000000 -0.007819 0.159713
  -0.000000 0.000000 -0.049412 -0.000000 -0.139586 -0.000000 -0.005190 -0.132949 -0.169969 -0.165152 -0.000001 -0.098919 -0.000616 -0.077055 0.029124 0.000000 -0.075486 0.255682 0.000000 -0.222973 -0.000000 0.013948 -0.011770 -0.077194 0.005384 -0.048650 -0.000000 -0.027380 -0.190501 -0.000000 -0.022606 -0.004445 -0.000000 -0.000000 -0.000000 0.000000 -0.057441 -0.000000 -0.037811 0.000000 -0.213731 -0.088881 -0.043159 0.082522 -0.043869 -0.078095 0.063291 -0.000003 -0.000329 -0.000000 -0.177395 0.022673 -0.186928 0.000000 0.002424 -0.131427 0.181373 -0.000000 0.011217 0.148936 -0.221781 0.000000 -0.016013 -0.000000 0.037823 -0.000000 0.034075 0.000000 0.000000 -0.130924 -0.000000 -0.160890 0.000000 0.000000 -0.219023 0.000000 0.000000 0.004466 -0.216893 -0.069722 -0.039914 -0.000011 -0.037079 0.009651 -0.000000 0.187623 -0.001006 -0.024561 -0.220836 -0.133508 -0.102810 -0.009016 -0.049466 -0.000000 -0.039268 -0.000000 -0.000210 0.000000 -0.034276 -0.032701
  -0.000000 0.000000 0.050097 0.000000 -0.062754 0.000000 -0.005276 0.144098 -0.052698 0.052785 -0.000002 0.046024 -0.000768 -0.075781 0.047919 -0.000000 -0.045473 0.000458 -0.000000 0.136627 0.000000 0.105060 0.000025 0.131134 0.004086 0.053908 -0.000000 0.080904 0.040849 -0.000000 -0.065884 -0.002580 -0.000000 -0.000000 -0.000000 -0.000000 0.088661 -0.000000 -0.030053 0.000000 0.057841 -0.050677 0.102489 0.015653 0.018361 0.138911 0.151156 -0.000003 -0.000508 -0.000000 -0.093305 -0.086721 -0.002734 0.000000 0.129886 0.014912 0.109102 -0.000000 -0.065023 -0.100374 0.109975 -0.000000 0.124449 0.000000 -0.061953 -0.000000 0.112312 0.000000 0.000000 -0.028317 0.000000 -0.048734 0.000000 0.000000 0.042638 -0.000000 0.000000 -0.020139 -0.107016 -0.010183 0.131396 -0.000008 -0.096076 0.131284 -0.000000 -0.019593 -0.003541 0.090747 0.028441 -0.009851 0.079590 -0.020357 0.117828 -0.000000 0.082530 0.000000 -0.000331 -0.000000 0.069630 -0.101490
  -0.000001 -0.000000 -0.093031 0.000000 0.080244 -0.000000 -0.004153 0.137848 0.048205 0.018181 -0.000002 -0.026267 -0.000495 0.132076 0.143869 0.000000 -0.047115 -0.083903 -0.000000 -0.027076 -0.000000 -0.015732 0.050228 0.093013 0.003492 0.112393 -0.000000 -0.114210 0.097337 -0.000000 0.016935 -0.002824 -0.000000 0.000000 0.000000 0.000000 0.000049 0.000000 0.110617 0.000000 0.023987 0.119098 0.048014 0.011252 -0.059448 0.015836 0.108393 -0.000002 -0.000104 -0.000000 0.110674 0.112066 -0.090595 -0.000000 0.030435 0.054626 0.110293 0.000000 0.012498 0.122072 -0.099063 0.000000 -0.068950 -0.000000 0.105569 -0.000000 -0.023449 -0.000000 0.000000 0.033625 0.000000 0.125020 0.000000 0.000000 0.009794 -0.000000 0.000000 0.099582 -0.022354 -0.031684 -0.018768 -0.000011 -0.100051 0.017588 -0.000000 0.131557 -0.003518 -0.034519 0.121789 0.129586 0.037150 -0.113250 0.151491 0.000000 -0.033033 -0.000000 -0.000154 -0.000000 -0.115989 0.125488
  -0.000000 0.000000 0.099806 0.000000 0.132474 0.000000 -0.004087 0.145835 0.089703 -0.089913 -0.000003 0.073085 -0.000061 -0.015170 0.038768 -0.000000 -0.015269 -0.054379 -0.000000 0.060853 -0.000000 0.030382 -0.087380 -0.089884 0.003165 -0.136350 0.000000 -0.110631 -0.104453 -0.000000 0.035387 -0.005374 0.000000 0.000000 0.000000 -0.000000 0.024769 0.000000 -0.115606 0.000000 0.132840 0.126761 0.046461 0.032665 0.056547 0.057474 0.100217 -0.000005 -0.000302 -0.000000 0.116486 -0.109705 0.033511 0.000000 0.034252 0.150525 0.120051 -0.000000 0.095108 0.098820 0.003646 -0.000000 -0.046093 -0.000000 -0.018434 -0.000000 0.047957 -0.000000 -0.000000 0.060857 0.000000 0.132814 -0.000000 0.000000 -0.004544 0.000000 -0.000000 -0.037677 -0.077158 -0.045895 0.009047 -0.000012 0.085153 0.032975 0.000000 0.002509 -0.000726 0.024376 -0.074575 -0.078962 0.057785 -0.008374 -0.129153 0.000000 0.061642 0.000000 -0.000323 -0.000000 0.126697 0.106622
  -0.000001 -0.000000 0.021467 -0.000000 0.103745 -0.000000 -0.002336 -0.081626 0.155448 -0.080099 -0.000002 0.088567 -0.001086 -0.035322 -0.073952 -0.000000 0.034595 -0.125991 0.000000 0.113861 0.000000 -0.054381 0.092664 0.101877 0.003847 0.151416 -0.000000 -0.021531 -0.083718 -0.000000 0.068617 -0.003722 -0.000000 -0.000000 -0.000000 -0.000000 -0.039298 -0.000000 0.147017 -0.000000 0.103431 -0.088390 -0.044348 0.032432 -0.050116 -0.063048 0.150236 -0.000004 -0.000605 -0.000000 0.171682 -0.112472 0.073829 0.000000 0.162747 0.025728 -0.008750 -0.000000 0.147927 0.080954 0.073043 0.000000 0.110752 0.000000 0.131523 -0.000000 0.049558 -0.000000 0.000000 0.039160 -0.000000 0.124808 0.000000 0.000000 -0.069167 0.000000 -0.000000 0.143816 -0.067964 0.092218 0.125749 -0.000054 0.169057 0.142306 -0.000000 -0.140506 -0.003858 -0.070949 0.148789 0.162683 -0.073123 0.043929 0.056810 -0.000000 -0.000083 -0.000000 -0.000338 0.000000 0.097674 -0.061412
  -0.000000 0.000000 -0.036168 -0.000000 -0.050242 0.000000 -0.005220 -0.208003 -0.010969 -0.083279 -0.000002 -0.029385 0.000219 -0.257529 -0.197576 0.000000 -0.180520 -0.083698 0.000000 -0.075130 -0.000000 -0.196597 -0.020650 -0.231229 0.006762 0.007125 0.000000 -0.063669 -0.066825 -0.000000 -0.169791 -0.001007 -0.000000 0.000000 -0.000000 0.000000 -0.267663 -0.000000 0.007967 0.000000 -0.108205 -0.163090 -0.265169 -0.014163 -0.214737 -0.128409 -0.119436 -0.000005 -0.000477 -0.000000 -0.115527 -0.006506 -0.263102 -0.000000 -0.154862 -0.233449 0.044578 0.000000 -0.023374 0.123166 -0.225026 0.000000 0.012945 -0.000000 -0.033816 -0.000000 0.033632 0.000000 0.000000 -0.043467 -0.000000 -0.124607 0.000000 -0.000000 -0.136369 -0.000000 -0.000000 -0.218272 -0.125318 0.004348 -0.173590 -0.000013 -0.214883 -0.039281 0.000000 0.201783 -0.000333 0.054004 -0.113071 -0.018702 -0.261330 -0.052146 -0.016292 -0.000000 -0.044682 0.000000 -0.000277 -0.000000 -0.203477 -0.297071
  -0.000001 0.000000 0.072252 -0.000000 -0.090560 -0.000000 -0.000885 0.165891 0.099566 0.139699 -0.000004 0.068233 -0.001073 0.172128 0.081007 -0.000000 -0.078484 -0.130975 0.000000 -0.029089 -0.000000 0.050315 -0.087834 0.105856 0.003177 0.029422 -0.000000 -0.018916 -0.008211 -0.000000 0.105732 -0.003370 0.000000 -0.000000 0.000000 0.000000 0.050419 0.000000 0.113965 0.000000 0.081855 0.158524 0.047978 0.029431 0.121613 0.076514 0.087019 -0.000004 -0.000561 -0.000000 0.044717 0.016766 0.177466 0.000000 0.102231 -0.025542 0.110428 0.000000 0.067285 -0.072363 0.058028 0.000000 0.051588 0.000000 0.141580 -0.000000 0.109102 0.000000 0.000000 -0.035144 -0.000000 -0.036087 -0.000000 -0.000000 -0.106669 0.000000 -0.000000 -0.024889 0.108498 0.120634 0.164540 -0.000027 0.011819 -0.028505 -0.000000 -0.077742 -0.003896 -0.205035 -0.124899 -0.052635 -0.063974 0.078100 -0.013509 -0.000000 -0.065446 -0.000000 -0.000317 0.000000 -0.086182 0.112087
  -0.000000 0.000000 0.037112 -0.000000 -0.066527 -0.000000 -0.005200 0.048125 0.113743 0.156481 -0.000002 -0.057845 -0.000445 -0.057579 0.103509 -0.000000 -0.050046 0.088871 0.000000 0.003536 -0.000000 0.071256 0.139485 0.078303 0.002754 -0.086409 0.000000 0.134544 0.034729 -0.000000 0.074647 -0.001552 0.000000 0.000000 0.000000 0.000000 -0.024166 -0.000000 0.130600 0.000000 -0.061666 0.057579 -0.026855 -0.012652 0.055045 0.089100 -0.099292 -0.000002 -0.000384 0.000000 -0.026218 0.044206 0.028977 -0.000000 0.053070 0.133740 -0.088792 0.000000 0.091302 0.151100 0.134631 -0.000000 0.126667 -0.000000 0.174263 -0.000000 -0.107869 0.000000 -0.000000 0.039666 -0.000000 0.165713 0.000000 -0.000000 -0.017118 -0.000000 0.000000 0.108150 -0.055439 -0.044471 0.023236 -0.000014 0.023741 0.138095 -0.000000 0.063979 -0.003651 -0.277618 0.092316 0.069776 0.028964 0.108428 -0.022858 0.000000 0.081031 0.000000 -0.000254 0.000000 0.083112 0.121381
  -0.000001 0.000000 -0.125242 -0.000000 0.103739 -0.000000 -0.002252 0.087660 -0.111582 -0.017951 -0.000004 0.067559 -0.000999 0.055504 0.012365 0.000000 0.035332 0.084872 0.000000 -0.041326 -0.000000 -0.114469 0.055617 -0.114385 0.003644 0.115621 0.000000 -0.052094 0.108144 -0.000000 0.050623 -0.003002 -0.000000 0.000000 -0.000000 0.000000 -0.146958 -0.000000 -0.067027 -0.000000 0.081958 0.051322 0.058577 -0.100297 0.004087 0.045541 -0.002925 -0.000003 -0.000300 -0.000000 0.115740 0.162505 0.049651 -0.000000 -0.094832 -0.018102 -0.007628 -0.000000 0.098254 0.122274 0.060394 -0.000000 0.139123 -0.000000 0.097370 -0.000000 0.097281 0.000000 0.000000 -0.070605 -0.000000 -0.046393 -0.000000 0.000000 -0.078788 0.000000 -0.000000 -0.016631 0.139360 -0.040004 0.069599 -0.000003 -0.060203 0.032346 -0.000000 0.179171 -0.002977 -0.016604 0.100667 -0.081338 0.085085 0.138970 0.131139 0.000000 -0.020019 0.000000 -0.000254 0.000000 -0.086950 0.147283
  -0.000001 0.000000 -0.152326 0.000000 -0.033741 0.000000 -0.001793 -0.115664 -0.183795 -0.068923 -0.000005 -0.132449 0.000079 -0.146844 -0.203443 0.000000 -0.057052 0.007477 -0.000000 0.010508 0.000000 -0.199183 -0.107281 0.083776 -0.001025 -0.129986 -0.000000 -0.225908 0.061472 -0.000000 0.046941 -0.003110 0.000000 -0.000000 -0.000000 -0.000000 -0.065219 0.000000 -0.113643 0.000000 -0.039879 -0.075068 -0.036108 0.010935 -0.125187 -0.157193 -0.189681 -0.000005 0.000118 -0.000000 0.071070 -0.021955 -0.014224 -0.000000 -0.127071 -0.050027 0.038318 -0.000000 -0.164706 -0.047168 -0.166764 -0.000000 -0.014521 -0.000000 -0.060746 -0.000000 0.351086 -0.000000 0.000000 -0.087092 0.000000 -0.192046 -0.000000 -0.000000 -0.060921 -0.000000 -0.000000 -0.024974 -0.057875 -0.156658 -0.043586 -0.000025 0.003603 -0.209752 0.000000 -0.014811 -0.001410 0.078069 -0.005130 0.090477 0.012600 -0.213235 0.010693 -0.000000 -0.107849 -0.000000 -0.000191 0.000000 -0.149926 0.009239
  -0.000001 -0.000000 0.136893 -0.000000 0.059525 0.000000 -0.003634 0.078981 -0.065068 0.129071 -0.000002 0.002737 -0.000823 0.045925 0.080935 0.000000 0.097520 0.024360 0.000000 0.010574 0.000000 0.045546 -0.002743 0.118910 0.002406 0.047605 0.000000 0.140318 0.136834 -0.000000 0.076606 -0.003451 -0.000000 0.000000 0.000000 0.000000 -0.077735 0.000000 0.146629 -0.000000 0.027246 0.095091 0.024847 0.075124 0.011568 0.071909 0.110332 -0.000003 0.000150 -0.000000 -0.000649 -0.095768 0.004256 0.000000 0.141378 -0.051672 0.011967 -0.000000 0.083002 0.185847 0.066897 0.000000 0.042341 -0.000000 0.084965 -0.000000 0.095029 0.000000 0.000000 0.097915 0.000000 0.151441 0.000000 -0.000000 0.018496 0.000000 -0.000000 -0.094725 -0.113432 0.096284 0.017511 -0.000007 -0.085233 0.091511 -0.000000 -0.033086 -0.003121 0.058247 -0.011907 0.057350 -0.033763 0.109854 -0.046527 -0.000000 0.086031 0.000000 -0.000273 -0.000000 0.113994 0.098787
  -0.000000 0.000000 -0.030639 0.000000 -0.064958 -0.000000 -0.001259 0.103310 0.033436 0.065926 -0.000004 0.004654 -0.000116 0.029766 0.151484 -0.000000 0.047845 -0.000903 0.000000 -0.034438 -0.000000 0.098327 0.141663 0.186171 0.002652 0.092708 0.000000 0.084752 0.067705 -0.000000 0.137968 -0.003661 -0.000000 0.000000 -0.000000 -0.000000 -0.065247 -0.000000 0.048745 0.000000 -0.008868 0.084228 -0.005079 -0.221547 0.179098 0.166798 -0.070147 -0.000004 -0.000716 0.000000 0.006478 -0.048056 0.102542 0.000000 -0.018067 0.106103 -0.205138 0.000000 -0.090458 0.024695 0.060724 -0.000000 0.186412 0.000000 0.099693 -0.000000 -0.043530 -0.000000 -0.000000 0.084479 -0.000000 0.127325 0.000000 -0.000000 0.093377 0.000000 0.000000 -0.028642 0.114559 -0.009375 0.072647 -0.000042 0.105981 -0.056788 0.000000 0.146976 -0.001796 0.045715 0.084516 0.148424 -0.006197 -0.014331 0.159946 -0.000000 -0.057307 0.000000 -0.000351 0.000000 0.081959 0.165084
  -0.000001 -0.000000 -0.052896 0.000000 -0.122159 0.000000 -0.006588 -0.272512 0.039397 -0.168690 0.000005 -0.001200 0.000749 -0.060801 -0.183454 -0.000000 -0.083280 -0.004276 -0.000000 0.008000 0.000000 -0.107158 -0.015472 0.034640 0.008589 0.168592 -0.000000 -0.212475 -0.000470 -0.000000 -0.118352 -0.001810 -0.000000 -0.000000 0.000000 -0.000000 0.017869 -0.000000 -0.123118 -0.000000 -0.076225 -0.274137 -0.151523 0.015587 -0.097984 -0.162488 0.079701 -0.000004 -0.000081 -0.000000 -0.034143 -0.007477 -0.056073 -0.000000 -0.292239 -0.106380 0.060091 0.000000 -0.092982 -0.159058 -0.021950 0.000000 -0.098863 0.000000 -0.138320 -0.000000 -0.266876 0.000000 -0.000000 0.052099 0.000000 -0.002541 -0.000000 -0.000000 0.086486 0.000000 0.000000 -0.259420 -0.189271 0.068350 -0.258948 -0.000040 -0.077847 -0.280956 -0.000000 -0.048695 -0.000541 0.011281 -0.171065 -0.089828 0.009642 -0.061389 -0.167107 0.000000 0.069777 -0.000000 -0.000098 0.000000 -0.194465 -0.039403
  -0.000001 0.000000 -0.059207 -0.000000 0.131844 -0.000000 -0.004825 0.031994 -0.078760 -0.048680 -0.000002 -0.113008 -0.001333 -0.084706 0.027563 -0.000000 -0.004888 0.060521 0.000000 -0.102195 0.000000 -0.092432 0.014904 -0.019749 0.001186 0.025999 -0.000000 -0.098191 -0.058582 -0.000000 -0.041251 -0.003840 -0.000000 -0.000000 -0.000000 -0.000000 -0.130976 -0.000000 0.071991 0.000000 0.108797 -0.134296 0.148756 -0.027401 0.142667 -0.063938 -0.002930 -0.000004 -0.000563 0.000000 0.070115 0.213355 0.038797 -0.000000 -0.098900 0.138019 -0.022676 0.000000 -0.051493 0.226280 0.109152 -0.000000 -0.054365 -0.000000 0.090198 -0.000000 -0.153263 -0.000000 -0.000000 -0.011827 -0.000000 0.127063 0.000000 -0.000000 0.061630 0.000000 -0.000000 -0.051012 0.004380 -0.036486 -0.068487 -0.000063 0.000523 0.025912 -0.000000 0.088699 -0.003277 0.072739 0.059172 0.074472 -0.043886 0.036259 0.120935 0.000000 -0.096555 0.000000 0.000081 0.000000 0.005632 -0.060241
  -0.000000 -0.000000 0.113378 -0.000000 0.026812 0.000000 -0.000796 -0.023165 0.044590 0.034958 -0.000002 -0.103838 -0.000646 0.160546 -0.070253 -0.000000 0.005779 0.095435 -0.000000 0.119662 -0.000000 0.132922 0.040044 0.062910 0.002267 0.108558 -0.000000 -0.110406 -0.002114 -0.000000 0.112238 -0.001399 0.000000 -0.000000 0.000000 0.000000 0.036067 -0.000000 0.141736 0.000000 0.057238 -0.025488 0.008198 0.002107 -0.009933 -0.036670 0.013108 -0.000003 -0.000357 -0.000000 0.104972 0.067394 -0.071354 -0.000000 0.132422 0.083856 0.078365 0.000000 -0.104186 0.174145 -0.045919 -0.000000 0.002500 -0.000000 0.025397 -0.000000 0.071696 -0.000000 -0.000000 -0.068825 -0.000000 0.046007 -0.000000 0.000000 0.020782 -0.000000 0.000000 -0.070088 0.005350 0.112851 0.001027 -0.000010 0.087966 -0.064410 0.000000 0.074317 -0.003461 0.052949 0.077835 -0.139762 -0.032579 0.155944 -0.105974 -0.000000 0.066472 0.000000 -0.000268 0.000000 0.074546 0.103907
  -0.000001 -0.000000 0.032567 0.000000 0.156482 -0.000000 -0.002088 0.171928 0.089529 -0.009788 -0.000003 0.202060 -0.000592 0.153100 -0.016656 0.000000 0.082274 0.101375 -0.000000 -0.095377 -0.000000 -0.005935 0.092122 0.175952 -0.000237 0.138440 -0.000000 0.127622 0.140256 -0.000000 0.059731 -0.003221 0.000000 -0.000000 0.000000 0.000000 0.025529 0.000000 0.117830 0.000000 0.061946 0.158669 0.018936 -0.013412 0.145827 0.090646 0.154305 -0.000004 -0.001025 0.000000 -0.029147 0.093427 0.121862 0.000000 -0.082425 0.091773 0.168106 -0.000000 0.009629 -0.012199 -0.042370 0.000000 0.155679 0.000000 0.073996 -0.000000 -0.075689 0.000000 0.000000 0.159977 0.000000 0.169235 0.000000 0.000000 -0.090610 0.000000 0.000000 0.002127 -0.057573 0.096301 -0.005072 -0.000086 0.101117 0.162221 0.000000 -0.009951 -0.004737 -0.154483 0.006716 -0.072894 0.186253 0.063191 -0.027291 -0.000000 0.056144 -0.000000 -0.000305 0.000000 -0.002179 -0.082501
  -0.000001 0.000000 -0.066318 -0.000000 0.019635 -0.000000 -0.004598 -0.039734 0.009224 -0.018916 -0.000002 -0.073710 -0.001012 0.050749 -0.006654 -0.000000 0.040208 0.084409 0.000000 0.085180 0.000000 0.159180 0.096126 0.076066 0.003978 -0.066028 0.000000 0.170193 0.031410 -0.000000 0.039789 -0.004174 -0.000000 -0.000000 -0.000000 0.000000 0.127369 0.000000 -0.044713 0.000000 0.002746 -0.018259 0.047607 -0.025009 -0.077903 0.015456 0.118473 -0.000004 -0.000863 0.000000 0.116234 0.134513 -0.023514 -0.000000 -0.046314 0.020050 0.151088 -0.000000 -0.015453 0.015911 0.086067 0.000000 0.136944 0.000000 0.097019 -0.000000 0.150577 0.000000 -0.000000 0.002064 0.000000 0.143397 -0.000000 -0.000000 0.118978 0.000000 -0.000000 -0.054690 0.093192 -0.002867 0.132337 -0.000098 -0.080171 -0.055139 -0.000000 -0.119034 -0.004094 0.105156 -0.062807 0.142893 0.009051 0.108573 -0.033175 -0.000000 0.053861 0.000000 -0.000254 0.000000 0.090423 0.009580
  -0.000001 0.000000 0.189039 0.000000 -0.079501 -0.000000 -0.001881 0.119858 0.079276 0.168796 -0.000003 -0.028871 -0.000571 0.113566 0.116454 -0.000000 0.108746 -0.135271 -0.000000 0.100187 -0.000000 0.109285 0.122853 0.146823 0.001834 0.022315 0.000000 0.127726 0.118228 -0.000000 -0.015122 -0.003253 0.000000 -0.000000 -0.000000 0.000000 -0.011315 -0.000000 -0.048899 -0.000000 0.076488 0.014040 -0.084468 -0.012071 -0.009969 0.091666 -0.061226 -0.000004 -0.001077 -0.000000 -0.016216 -0.120190 0.087570 -0.000000 0.127090 -0.067999 -0.064515 -0.000000 0.099018 -0.065010 0.051896 -0.000000 -0.067267 0.000000 0.066315 -0.000000 0.022871 -0.000000 -0.000000 0.091064 -0.000000 0.022434 0.000000 0.000000 0.096740 0.000000 -0.000000 0.004992 -0.050413 0.103815 0.175053 -0.000088 -0.066161 0.036770 0.000000 0.004100 -0.004798 0.076321 0.130208 -0.057192 0.169661 0.020811 0.037739 -0.000000 0.144529 0.000000 -0.000313 0.000000 -0.036884 0.124818
  -0.000000 -0.000000 -0.173357 0.000000 -0.238226 0.000000 -0.004367 -0.127015 -0.181729 -0.262327 -0.000002 -0.112855 0.000870 -0.297465 -0.100085 0.000000 -0.323623 0.017925 0.000000 -0.154988 -0.000000 -0.138453 -0.014145 -0.179757 0.002550 -0.167840 0.000000 -0.306970 -0.327228 -0.000000 -0.059095 -0.003365 -0.000000 -0.000000 -0.000000 0.000000 -0.022935 -0.000000 -0.194406 0.000000 -0.072283 -0.207157 -0.116720 -0.021111 -0.103190 -0.001287 -0.143102 -0.000005 -0.000370 -0.000000 -0.229983 0.207399 0.010497 0.000000 -0.219105 -0.075275 -0.052226 -0.000000 -0.256000 -0.379350 -0.351254 0.000000 -0.143463 -0.000000 -0.153772 -0.000000 0.014734 -0.000000 -0.000000 -0.008295 0.000000 -0.126150 0.000000 0.000000 -0.157507 0.000000 0.000000 -0.115885 -0.130182 -0.139690 -0.248926 -0.000029 0.022795 -0.184820 -0.000000 0.171702 -0.000976 -0.149037 -0.147977 -0.022114 -0.312271 -0.065562 -0.288793 -0.000000 -0.218116 0.000000 -0.000303 -0.000000 -0.109871 -0.370080
  -0.000000 0.000000 0.235902 0.000000 0.032998 -0.000000 -0.006999 0.226582 0.061085 0.187222 -0.000002 0.250638 -0.000497 0.268660 0.250335 0.000000 0.064623 0.193283 0.000000 0.177190 0.000000 -0.023332 0.112734 0.155431 0.002595 0.050502 0.000000 0.098190 0.081215 -0.000000 0.263675 0.002095 -0.000000 0.000000 0.000000 -0.000000 0.047706 0.000000 0.080733 0.000000 0.080432 0.051125 0.203298 -0.104772 0.166606 0.002836 0.098841 -0.000003 -0.000345 -0.000000 0.036321 0.128307 0.164680 -0.000000 0.213818 0.008625 -0.037744 0.000000 0.075367 0.153354 0.015527 0.000000 0.140129 -0.000000 0.062030 -0.000000 -0.052070 -0.000000 -0.000000 0.043744 -0.000000 0.181940 -0.000000 -0.000000 0.188532 0.000000 0.000000 -0.000268 0.176339 0.142274 0.078870 -0.000013 0.220431 0.195429 0.000000 0.084976 -0.003399 0.091659 0.196619 0.076421 0.245442 0.006281 0.121351 0.000000 0.107810 0.000000 -0.000193 -0.000000 0.006875 0.021912
  -0.000000 -0.000000 -0.000743 -0.000000 -0.072394 -0.000000 -0.004075 -0.092049 -0.222221 -0.128734 -0.000003 -0.131615 0.000953 -0.013019 0.003482 -0.000000 -0.035326 0.036629 -0.000000 -0.129994 -0.000000 -0.153897 -0.033817 0.067127 -0.002718 0.101463 -0.000000 -0.190426 -0.141032 -0.000000 -0.225567 -0.000670 -0.000000 -0.000000 0.000000 -0.000000 -0.179166 0.000000 -0.135427 0.000000 0.026181 0.038476 -0.090513 -0.005468 -0.106977 -0.020645 -0.116717 -0.000005 -0.000704 -0.000000 0.039631 0.148758 -0.086301 -0.000000 -0.139715 0.078348 -0.059296 0.000000 -0.061747 0.380908 -0.039403 0.000000 -0.163900 -0.000000 -0.156230 -0.000000 0.014471 0.000000 0.000000 -0.063403 -0.000000 -0.138885 -0.000000 0.000000 -0.164608 0.000000 0.000000 -0.125509 -0.214792 -0.172951 -0.125628 -0.000045 -0.167667 -0.000974 0.000000 -0.020030 -0.001531 0.084152 -0.026602 -0.157366 -0.213296 -0.215147 -0.146113 0.000000 0.000846 0.000000 -0.000334 -0.000000 -0.048282 -0.174771
  -0.000001 0.000000 -0.086644 0.000000 -0.020625 -0.000000 -0.000225 -0.050509 0.164269 0.057511 -0.000004 -0.044010 -0.001206 0.036220 0.122467 0.000000 0.043239 0.096435 -0.000000 -0.054196 0.000000 0.078064 0.002871 0.021556 0.002793 0.089901 -0.000000 -0.050517 0.164657 -0.000000 0.130957 -0.003483 0.000000 0.000000 -0.000000 -0.000000 0.058359 -0.000000 0.118889 0.000000 0.125686 0.107450 0.004775 -0.072386 0.120007 0.020266 -0.043686 -0.000004 -0.000476 0.000000 -0.006278 -0.014583 0.158679 0.000000 0.085975 0.058496 0.098738 0.000000 0.058267 0.140327 -0.039543 0.000000 0.003079 -0.000000 -0.078526 -0.000000 -0.001693 0.000000 0.000000 0.157925 -0.000000 0.173139 -0.000000 0.000000 -0.056712 -0.000000 0.000000 0.141272 0.076148 0.123381 -0.066128 -0.000009 0.059175 -0.089691 -0.000000 -0.094897 -0.003462 0.108114 0.016804 -0.016257 0.040622 0.091787 0.083217 -0.000000 0.017902 -0.000000 -0.000259 -0.000000 -0.047382 0.098379
  -0.000000 0.000000 -0.012926 0.000000 0.038122 -0.000000 -0.004354 0.169938 0.258607 0.158808 -0.000002 0.222754 -0.001023 0.247276 0.060757 0.000000 0.182117 -0.216101 -0.000000 0.143879 0.000000 0.183795 0.273299 0.219763 0.001730 0.084438 -0.000000 0.028918 0.095271 -0.000000 0.296238 -0.001059 0.000000 0.000000 -0.000000 0.000000 0.014470 -0.000000 0.224418 -0.000000 0.125539 0.065985 0.178657 -0.094774 0.000289 0.198746 0.042762 -0.000003 -0.000224 0.000000 0.012339 0.052457 0.137668 -0.000000 0.201159 0.040357 0.081629 -0.000000 0.189570 -0.000962 0.008743 -0.000000 0.114122 -0.000000 0.220143 -0.000000 0.063051 -0.000000 0.000000 0.210334 0.000000 0.157181 0.000000 0.000000 0.015288 0.000000 -0.000000 0.201453 0.200445 0.261243 0.092771 -0.000005 0.025812 0.204654 0.000000 0.038987 -0.002469 0.251015 0.300979 0.005855 0.187622 0.249604 0.215912 0.000000 -0.053550 0.000000 0.000105 0.000000 0.221793 0.258888
  -0.000000 0.000000 0.010946 -0.000000 -0.023484 0.000000 -0.000919 -0.021746 -0.082541 0.133743 -0.000004 0.170200 -0.000807 -0.073317 0.047184 -0.000000 -0.023901 -0.173865 -0.000000 -0.089760 0.000000 -0.022646 0.008938 0.146049 0.002822 0.060879 0.000000 0.137480 0.143750 -0.000000 0.142884 -0.003401 -0.000000 0.000000 0.000000 0.000000 -0.098218 -0.000000 0.163962 -0.000000 0.158985 0.171646 0.114288 0.015358 0.075213 0.137428 0.117679 -0.000004 0.000103 0.000000 0.172180 -0.142546 -0.074674 -0.000000 -0.011723 0.110573 -0.102046 0.000000 -0.016106 -0.081985 -0.021001 0.000000 -0.086465 -0.000000 0.104465 -0.000000 -0.037389 0.000000 -0.000000 0.017065 -0.000000 -0.003543 0.000000 -0.000000 0.136447 0.000000 -0.000000 0.165064 -0.018815 -0.074586 -0.100956 -0.000011 0.070803 -0.007518 0.000000 0.062928 -0.002272 -0.040870 0.160296 -0.087385 -0.009920 0.027691 0.041367 -0.000000 -0.023152 0.000000 -0.000299 0.000000 -0.073397 0.035048
  -0.000000 -0.000000 0.083402 -0.000000 -0.201975 -0.000000 -0.000649 0.024042 -0.055082 -0.100482 -0.000004 -0.053508 -0.001308 -0.026532 -0.022072 -0.000000 -0.087726 0.111343 -0.000000 0.109722 -0.000000 -0.160483 0.000391 -0.157189 0.000802 -0.095045 0.000000 -0.058603 -0.208760 -0.000000 -0.074955 -0.003097 -0.000000 0.000000 -0.000000 0.000000 0.020877 0.000000 -0.165871 -0.000000 0.025703 -0.174577 -0.056353 0.049798 -0.043756 0.100313 -0.191302 -0.000004 -0.000493 -0.000000 0.091955 -0.048174 0.062434 0.000000 -0.120487 0.078802 0.019652 0.000000 -0.155880 0.091603 -0.004050 -0.000000 0.016722 -0.000000 -0.051237 -0.000000 -0.168249 -0.000000 -0.000000 -0.036506 -0.000000 -0.130479 0.000000 0.000000 -0.083174 0.000000 0.000000 0.017016 -0.109825 -0.197338 0.052415 -0.000017 -0.134115 -0.090583 0.000000 0.050920 -0.003475 -0.110925 -0.102946 -0.154644 -0.091417 -0.192581 0.044329 -0.000000 0.063053 -0.000000 -0.000308 -0.000000 -0.086665 0.017811
  -0.000000 -0.000000 -0.020126 -0.000000 0.235699 -0.000000 -0.006954 0.177520 0.006143 0.075647 -0.000002 0.182309 -0.000525 0.027610 0.019635 -0.000000 0.015312 -0.064278 -0.000000 -0.035459 -0.000000 0.226876 0.079501 0.232096 0.003396 0.094504 -0.000000 0.181688 0.002808 -0.000000 0.308797 0.000499 0.000000 -0.000000 -0.000000 -0.000000 0.159516 0.000000 0.235401 -0.000000 0.177403 0.102768 0.031980 -0.085982 0.115292 0.015207 0.064120 -0.000003 -0.000413 -0.000000 0.062236 -0.093053 0.282712 0.000000 0.098996 0.252145 0.033580 -0.000000 -0.042771 0.109375 0.172305 0.000000 0.227435 -0.000000 -0.006338 -0.000000 -0.151176 -0.000000 -0.000000 0.023853 -0.000000 0.099321 -0.000000 -0.000000 0.085496 0.000000 0.000000 -0.006384 0.058000 0.211435 0.132065 -0.000015 0.039533 0.232030 0.000000 0.094756 -0.003236 0.231011 0.191815 0.169491 0.015839 0.179628 0.028979 -0.000000 0.128821 -0.000000 -0.000172 0.000000 0.028817 0.181996
  -0.000000 -0.000000 0.079192 -0.000000 0.034551 -0.000000 -0.004197 -0.074489 0.181782 0.088977 -0.000002 0.004386 -0.000567 0.002755 0.027857 -0.000000 -0.011480 -0.176390 0.000000 0.137130 -0.000000 -0.096145 -0.040706 0.187900 0.001868 0.051432 0.000000 0.027298 0.160226 -0.000000 -0.032629 -0.005621 -0.000000 0.000000 -0.000000 0.000000 -0.018978 -0.000000 0.153681 0.000000 0.186537 0.110519 0.054015 -0.020388 -0.052228 -0.036380 -0.021088 -0.000005 -0.001051 0.000000 0.043011 0.052416 -0.088689 -0.000000 0.152402 -0.020515 0.022831 -0.000000 -0.075517 -0.008588 0.075428 -0.000000 0.069433 -0.000000 0.137505 -0.000000 -0.207717 -0.000000 -0.000000 0.137930 0.000000 0.163727 -0.000000 -0.000000 -0.047888 -0.000000 0.000000 -0.105890 0.109004 0.052705 0.144479 -0.000095 0.166263 0.172329 0.000000 0.067438 -0.003854 0.013709 -0.066952 0.094921 0.102266 0.172432 0.046905 -0.000000 0.097058 0.000000 -0.000365 -0.000000 0.040758 -0.061760
  -0.000000 -0.000000 0.102089 -0.000000 -0.005933 0.000000 0.000274 0.139579 -0.007570 0.141405 -0.000004 0.080909 -0.000166 -0.051968 0.019825 -0.000000 0.118393 -0.111348 0.000000 -0.098600 -0.000000 0.152874 0.091207 0.139790 0.002343 0.034646 -0.000000 0.011922 -0.080514 -0.000000 -0.038491 -0.003653 -0.000000 0.000000 0.000000 -0.000000 0.005961 -0.000000 0.130280 0.000000 0.061708 -0.129885 -0.003171 0.003833 0.149904 0.139371 0.111039 -0.000003 -0.000003 0.000000 0.098745 0.020624 -0.054299 -0.000000 -0.098551 -0.033450 0.119976 -0.000000 -0.076978 -0.040100 -0.012965 0.000000 -0.079546 -0.000000 0.127272 -0.000000 -0.149260 0.000000 0.000000 0.077544 -0.000000 0.148374 -0.000000 -0.000000 -0.030005 -0.000000 0.000000 0.018396 -0.127078 -0.011249 -0.019618 -0.000008 0.037037 0.052203 0.000000 0.136737 -0.002350 -0.000000 0.115240 0.063987 0.082007 0.157369 0.100971 0.000000 0.130329 -0.000000 -0.000211 0.000000 -0.041016 0.102924
  -0.000000 0.000000 0.135545 -0.000000 0.091225 0.000000 0.000341 -0.089566 0.153057 0.057949 -0.000003 0.055189 -0.000315 0.000221 0.004266 0.000000 -0.101935 0.125838 0.000000 0.121562 -0.000000 0.157295 0.036992 -0.100980 0.002769 0.279089 -0.000000 0.037431 -0.069053 -0.000000 -0.123131 -0.003974 0.000000 0.000000 0.000000 0.000000 -0.006353 0.000000 0.046343 -0.000000 0.125154 0.052459 0.060576 -0.078407 -0.054865 0.045652 -0.051784 -0.000003 -0.000091 0.000000 -0.106974 -0.041837 -0.128219 -0.000000 0.073489 0.120325 0.142495 0.000000 0.020671 -0.036255 -0.088122 0.000000 0.100749 0.000000 -0.024876 -0.000000 0.114032 -0.000000 0.000000 -0.043439 -0.000000 0.084741 -0.000000 0.000000 0.046814 0.000000 0.000000 0.013490 -0.055382 0.114884 0.037206 -0.000007 0.143781 0.039222 0.000000 0.156651 -0.002270 -0.000000 0.016606 -0.021386 0.140887 0.142731 -0.067990 0.000000 0.145708 0.000000 -0.000168 0.000000 -0.025632 -0.016425
  -0.000000 -0.000000 0.081519 0.000000 0.128324 -0.000000 -0.000421 0.036176 0.063906 0.021844 -0.000004 -0.084535 0.000243 0.019905 0.091476 -0.000000 0.001923 0.061574 -0.000000 0.117279 0.000000 0.062981 0.128353 -0.061516 0.001137 0.094962 -0.000000 0.038722 -0.010762 0.000000 0.185887 -0.003258 -0.000000 -0.000000 -0.000000 0.000000 0.045180 -0.000000 0.099789 0.000000 0.052009 0.084640 -0.037800 -0.138860 -0.029127 0.030684 0.160946 -0.000005 -0.000936 -0.000000 0.022643 0.057579 0.038220 -0.000000 0.071881 -0.031083 -0.184222 -0.000000 -0.033681 -0.311988 0.006357 0.000000 0.109741 0.000000 0.150092 -0.000000 -0.014135 -0.000000 -0.000000 0.023841 -0.000000 0.197514 -0.000000 -0.000000 0.013382 -0.000000 -0.000000 -0.060358 0.000769 0.143876 0.013193 -0.000065 0.084952 0.178521 -0.000000 -0.065956 -0.001819 -0.109497 0.030338 -0.012450 0.167052 0.173067 0.131979 -0.000000 0.027458 -0.000000 -0.000372 0.000000 0.011481 0.096217
  -0.000001 -0.000000 0.049009 -0.000000 -0.010811 -0.000000 -0.000586 0.139043 0.147198 0.092206 -0.000003 -0.046609 -0.001037 0.059671 0.081255 0.000000 0.121477 -0.063425 -0.000000 0.052278 0.000000 0.074891 -0.025557 -0.032748 0.003907 0.072856 0.000000 -0.036141 0.133550 -0.000000 0.093314 -0.003548 -0.000000 0.000000 -0.000000 -0.000000 0.002611 0.000000 -0.045730 -0.000000 0.128907 0.043582 -0.133371 0.008214 0.148662 -0.070995 0.048908 -0.000003 -0.000098 0.000000 0.044127 -0.082277 0.125919 -0.000000 0.124160 0.002953 0.127796 -0.000000 0.078942 -0.005296 -0.017731 -0.000000 -0.088827 -0.000000 -0.039071 -0.000000 0.028066 0.000000 -0.000000 0.042564 -0.000000 0.149105 0.000000 -0.000000 0.082281 -0.000000 0.000000 -0.102373 -0.016444 -0.050221 0.078603 -0.000003 0.078603 0.024907 -0.000000 0.099208 -0.002690 0.091453 0.032113 0.078033 0.093301 -0.072093 -0.080439 -0.000000 -0.039407 -0.000000 -0.000252 -0.000000 0.075849 0.074299
  -0.000001 -0.000000 0.053529 0.000000 0.181087 -0.000000 -0.003116 0.011731 0.095762 0.082148 -0.000002 -0.077178 -0.000864 0.024378 0.111755 -0.000000 0.077353 -0.060503 0.000000 0.120767 0.000000 0.052191 -0.045955 0.120967 0.004057 -0.041940 -0.000000 0.090070 0.078101 -0.000000 0.022950 -0.003317 0.000000 -0.000000 -0.000000 0.000000 -0.049082 -0.000000 0.013702 -0.000000 -0.034413 0.150756 0.029591 0.032398 0.089465 0.166856 -0.075824 -0.000003 -0.000518 -0.000000 -0.003275 0.019737 0.095014 -0.000000 0.055310 0.086152 0.017318 0.000000 0.115885 -0.009792 0.184102 -0.000000 -0.101464 -0.000000 0.069813 -0.000000 0.041695 -0.000000 -0.000000 0.142803 0.000000 0.090509 0.000000 0.000000 -0.045298 -0.000000 0.000000 0.060487 -0.084097 0.158315 0.139221 -0.000020 0.071072 0.162229 -0.000000 0.021854 -0.003766 -0.036475 0.121240 0.002734 -0.086665 -0.096764 -0.083057 -0.000000 0.103702 -0.000000 -0.000341 0.000000 -0.021207 0.070334
  -0.000000 -0.000000 -0.011494 0.000000 0.184200 -0.000000 -0.000759 0.035158 -0.047995 0.103289 -0.000002 -0.037459 -0.000562 -0.046108 0.032730 -0.000000 -0.053124 0.147165 0.000000 -0.072013 -0.000000 0.004963 0.041350 0.035582 0.002425 0.099732 -0.000000 -0.074135 0.128922 -0.000000 0.048962 -0.002046 -0.000000 -0.000000 -0.000000 -0.000000 0.035790 0.000000 0.120885 -0.000000 0.029416 0.009269 0.031249 0.014220 0.165238 0.094550 0.170741 -0.000003 -0.000488 0.000000 0.209893 -0.076955 -0.104388 0.000000 0.155556 0.026659 -0.002577 -0.000000 0.075465 0.007095 0.142510 0.000000 0.168447 -0.000000 0.005024 -0.000000 -0.165980 -0.000000 0.000000 0.009502 0.000000 0.164501 -0.000000 0.000000 0.080056 -0.000000 -0.000000 0.030746 0.013310 0.088357 -0.070044 -0.000014 -0.006751 -0.078720 0.000000 0.049331 -0.003582 -0.259821 0.161196 0.060049 -0.052329 0.056246 0.073937 -0.000000 0.071539 0.000000 -0.000312 -0.000000 0.167455 0.011893
  -0.000001 -0.000000 -0.146488 0.000000 -0.217970 0.000000 -0.000221 -0.269807 -0.099470 -0.124566 -0.000004 0.020907 -0.001594 -0.164249 -0.124947 -0.000000 -0.048160 0.218561 -0.000000 -0.058190 -0.000000 -0.158732 0.034395 -0.128309 0.003441 -0.018223 -0.000000 -0.192337 0.009933 -0.000000 -0.071402 -0.003841 -0.000000 0.000000 -0.000000 -0.000000 -0.142049 -0.000000 -0.245979 0.000000 0.001622 -0.142072 -0.111834 -0.035066 -0.074236 -0.277241 -0.235715 -0.000003 -0.000254 -0.000000 -0.166235 0.169643 -0.268924 -0.000000 -0.227619 -0.055738 -0.246541 0.000000 0.040847 0.309254 -0.054291 0.000000 -0.210413 0.000000 -0.062891 -0.000000 -0.100315 0.000000 0.000000 -0.110324 0.000000 -0.260130 -0.000000 -0.000000 -0.209004 -0.000000 -0.000000 -0.201126 -0.171680 -0.224461 -0.025784 -0.000006 -0.068419 -0.233383 0.000000 0.192518 -0.001480 0.000000 -0.102002 -0.047246 -0.247295 -0.224174 -0.085955 -0.000000 -0.253589 0.000000 -0.000001 0.000000 -0.043537 -0.204900
  -0.000000 -0.000000 -0.101965 -0.000000 -0.133456 -0.000000 -0.005080 0.043502 0.057560 0.083562 -0.000001 -0.145569 -0.001014 -0.054699 -0.135885 0.000000 -0.060876 -0.031825 0.000000 0.091052 -0.000000 -0.057057 -0.046453 0.030229 0.005989 -0.032952 0.000000 -0.093225 0.069638 -0.000000 -0.092309 -0.005512 -0.000000 0.000000 0.000000 -0.000000 0.051841 0.000000 -0.058816 -0.000000 -0.139408 -0.003084 0.064462 0.067264 -0.049910 0.007599 -0.099470 -0.000003 -0.000507 -0.000000 -0.011140 0.140872 0.007327 0.000000 -0.156773 0.108786 0.247526 0.000000 -0.067621 -0.086695 -0.018742 -0.000000 0.023632 0.000000 -0.113102 -0.000000 0.085652 -0.000000 0.000000 0.053036 -0.000000 0.069938 0.000000 0.000000 0.058276 0.000000 -0.000000 -0.116873 -0.130468 -0.040084 0.082901 -0.000018 0.068254 -0.077255 -0.000000 0.151336 -0.002580 0.093828 -0.127308 0.119364 -0.010737 0.041503 -0.166179 -0.000000 0.102757 0.000000 -0.000269 -0.000000 -0.044616 -0.134591
  -0.000001 -0.000000 -0.049262 0.000000 -0.010027 -0.000000 0.000098 -0.091000 0.079997 -0.043591 -0.000004 -0.108404 -0.000150 -0.009723 -0.029476 0.000000 0.095974 0.140675 0.000000 -0.091972 -0.000000 -0.040445 -0.036381 0.057436 0.001817 -0.015407 -0.000000 -0.132941 -0.070270 -0.000000 0.061428 -0.003620 0.000000 -0.000000 -0.000000 0.000000 0.011343 -0.000000 0.109794 -0.000000 -0.077389 0.059328 0.044393 -0.061952 -0.113815 0.090663 -0.054059 -0.000004 -0.000735 0.000000 -0.112366 0.162505 -0.003052 -0.000000 0.036233 0.131396 -0.117528 -0.000000 0.143480 0.136981 0.008560 0.000000 0.080787 0.000000 0.122576 -0.000000 -0.240926 0.000000 -0.000000 0.021798 -0.000000 -0.108806 -0.000000 0.000000 0.076704 -0.000000 -0.000000 -0.047713 0.067119 -0.001135 0.049564 -0.000035 -0.067254 0.078006 -0.000000 0.029619 -0.003211 0.013850 -0.001116 -0.008982 0.056474 0.083421 0.069111 -0.000000 0.031207 0.000000 -0.000318 0.000000 0.102967 -0.096327
  -0.000001 -0.000000 -0.008254 -0.000000 0.095166 -0.000000 -0.002058 0.146224 0.101535 0.048157 -0.000002 0.149033 -0.000797 0.119059 0.082628 0.000000 0.010122 -0.118679 -0.000000 -0.001615 0.000000 0.183545 0.172591 0.070113 0.003328 -0.043441 0.000000 -0.063660 -0.010022 -0.000000 -0.008268 -0.003388 0.000000 -0.000000 -0.000000 -0.000000 -0.026139 -0.000000 0.133305 -0.000000 0.141326 -0.039394 0.007168 0.044616 0.098197 0.080956 0.174811 -0.000004 -0.000673 0.000000 -0.062752 -0.157193 -0.036436 0.000000 -0.028511 -0.036539 0.049630 0.000000 -0.023864 -0.093754 0.089158 0.000000 0.109311 0.000000 0.018404 -0.000000 0.032167 0.000000 -0.000000 0.155010 0.000000 -0.065957 -0.000000 -0.000000 0.012909 -0.000000 0.000000 -0.094789 -0.000922 -0.033297 0.177788 -0.000059 0.173731 0.190101 -0.000000 -0.100744 -0.004022 -0.133036 0.110940 -0.087672 -0.067638 0.080948 0.099460 0.000000 0.013692 0.000000 -0.000340 -0.000000 0.140109 0.183451
  -0.000001 -0.000000 0.001367 -0.000000 0.114532 -0.000000 -0.002249 0.057709 0.040195 -0.072946 -0.000002 -0.116057 -0.000924 -0.024217 0.107868 -0.000000 0.085427 0.000458 0.000000 0.140735 -0.000000 0.114201 0.032453 0.098168 0.003182 -0.016253 -0.000000 -0.110929 0.015456 -0.000000 0.072511 -0.003315 0.000000 0.000000 -0.000000 -0.000000 -0.104897 0.000000 0.106127 -0.000000 -0.051141 0.089490 0.098896 0.056209 0.040254 -0.066228 0.013228 -0.000003 0.000208 -0.000000 0.107760 0.026480 0.093882 -0.000000 0.001285 0.039672 -0.069280 0.000000 0.021073 0.082000 0.109299 0.000000 0.019791 0.000000 -0.110764 -0.000000 0.094894 -0.000000 -0.000000 -0.037876 -0.000000 0.100500 0.000000 0.000000 0.091564 -0.000000 -0.000000 -0.041247 0.100676 -0.125499 -0.067711 -0.000005 0.052146 -0.067316 -0.000000 0.181148 -0.003220 -0.049518 -0.016482 0.095366 0.086546 0.093277 0.021684 0.000000 -0.042198 -0.000000 -0.000305 0.000000 0.112506 -0.108978
  -0.000001 -0.000000 0.071837 -0.000000 0.073144 -0.000000 -0.000966 -0.031137 0.055112 0.142688 -0.000003 -0.024839 -0.001364 0.182423 0.009743 -0.000000 0.127839 0.013193 -0.000000 0.155460 0.000000 0.042966 -0.001837 0.148370 0.003666 -0.021691 -0.000000 0.114663 0.068067 -0.000000 -0.053374 -0.003565 0.000000 -0.000000 0.000000 -0.000000 0.099060 -0.000000 0.050886 0.000000 0.170359 -0.023842 -0.015564 -0.003333 0.142110 0.048585 0.007141 -0.000004 -0.000376 -0.000000 -0.022168 -0.012535 -0.037612 0.000000 0.131248 0.130565 0.035213 0.000000 0.024440 -0.085579 0.184406 -0.000000 -0.009667 0.000000 -0.069125 -0.000000 0.177693 -0.000000 -0.000000 -0.002682 -0.000000 0.013325 0.000000 -0.000000 0.002890 0.000000 0.000000 0.122133 -0.019813 0.140192 0.055845 -0.000022 -0.022678 -0.000449 0.000000 -0.081377 -0.003260 -0.063314 0.156470 -0.102784 -0.004098 -0.088860 -0.022149 0.000000 -0.099984 -0.000000 -0.000326 -0.000000 0.126959 0.073750
  -0.000000 -0.000000 0.151793 0.000000 -0.022467 -0.000000 -0.000344 0.184805 -0.075497 -0.071683 -0.000004 -0.122257 0.000117 -0.126636 -0.010336 -0.000000 -0.027743 0.232887 0.000000 0.008240 -0.000000 0.025265 -0.188431 -0.101643 -0.005226 -0.247164 -0.000000 -0.136583 -0.347594 -0.000000 0.287800 -0.000380 -0.000000 0.000000 0.000000 0.000000 -0.034329 0.000000 -0.206472 -0.000000 -0.172868 0.060607 0.125796 0.416902 -0.188122 0.026437 -0.212337 -0.000006 -0.000107 0.000000 0.052007 0.159076 0.141296 0.000000 0.209008 -0.059106 -0.379856 -0.000000 -0.281110 0.141493 -0.073524 -0.000000 -0.145174 -0.000000 0.071081 -0.000000 0.212128 0.000000 -0.000000 -0.143593 -0.000000 -0.148796 -0.000000 -0.000000 0.053870 0.000000 0.000000 0.205649 0.040496 -0.244339 0.123060 -0.000008 -0.006842 -0.110544 0.000000 0.062183 -0.000839 0.286279 -0.106006 -0.046156 0.068180 -0.381795 -0.230425 0.000000 0.060438 0.000000 0.000143 -0.000000 0.033339 -0.052300
  -0.000000 -0.000000 -0.244685 -0.000000 -0.207865 0.000000 -0.006178 -0.228436 -0.278129 -0.250296 -0.000002 -0.171738 0.000243 -0.169800 -0.173934 -0.000000 -0.244106 0.193647 0.000000 -0.147846 -0.000000 -0.077078 -0.321874 -0.119990 0.005256 -0.313620 0.000000 -0.051817 -0.118696 -0.000000 -0.225699 -0.004282 -0.000000 -0.000000 -0.000000 0.000000 -0.249892 -0.000000 -0.302133 0.000000 -0.139848 -0.277175 -0.054754 0.056386 -0.165816 -0.068421 -0.136916 -0.000005 -0.000319 0.000000 -0.181818 0.182537 -0.314791 0.000000 -0.189457 -0.108250 -0.067592 0.000000 -0.324844 -0.062300 -0.303752 -0.000000 -0.177968 0.000000 -0.137745 -0.000000 -0.026481 -0.000000 -0.000000 -0.208051 0.000000 -0.237419 -0.000000 0.000000 -0.001134 0.000000 0.000000 -0.108062 -0.180141 -0.158837 -0.099892 -0.000022 -0.237076 -0.294467 -0.000000 0.321137 -0.000143 0.033380 -0.158052 -0.126069 -0.200992 -0.160748 -0.236936 0.000000 -0.260275 -0.000000 -0.000143 -0.000000 -0.037090 -0.077974
  -0.000001 -0.000000 0.168794 0.000000 0.020375 -0.000000 -0.001926 -0.050846 0.131915 0.091266 -0.000002 0.035682 -0.001079 0.082955 0.029861 -0.000000 -0.010480 0.047280 -0.000000 0.024604 -0.000000 0.147659 0.050313 0.086948 0.003806 -0.110091 0.000000 0.168238 0.158079 -0.000000 0.124537 -0.004216 0.000000 0.000000 -0.000000 -0.000000 0.167281 -0.000000 0.140049 -0.000000 -0.013280 0.002105 -0.128476 -0.018965 -0.054027 0.139158 -0.081841 -0.000004 -0.000771 0.000000 0.070260 0.049599 0.001843 -0.000000 0.085651 0.116578 -0.010224 -0.000000 -0.036908 -0.190192 0.104241 0.000000 -0.042774 -0.000000 0.166734 -0.000000 0.130228 -0.000000 0.000000 0.010683 -0.000000 0.011863 0.000000 -0.000000 0.126184 -0.000000 -0.000000 -0.065997 0.023523 -0.085766 -0.020942 -0.000062 0.027827 0.048519 -0.000000 -0.001615 -0.004026 -0.079644 0.122292 0.045473 -0.004561 0.180768 0.132356 0.000000 0.088566 -0.000000 -0.000364 0.000000 0.169930 0.073917
  -0.000001 -0.000000 -0.020554 0.000000 0.079847 0.000000 -0.005618 -0.016365 0.021929 0.126635 -0.000002 -0.055019 -0.000612 0.018247 -0.103543 0.000000 -0.097305 -0.002382 0.000000 0.001092 0.000000 -0.034825 0.143666 -0.060596 0.003605 0.127014 0.000000 -0.067333 0.146003 -0.000000 0.125171 -0.000113 -0.000000 -0.000000 -0.000000 -0.000000 -0.011448 -0.000000 -0.057891 -0.000000 0.126085 0.027334 0.041827 0.040004 0.063826 0.146768 -0.046128 -0.000002 -0.000411 -0.000000 0.122844 0.077687 -0.047277 0.000000 0.005004 -0.076242 0.128513 0.000000 0.097862 0.124880 -0.020365 -0.000000 0.016608 0.000000 -0.017516 -0.000000 0.208946 0.000000 0.000000 -0.086174 -0.000000 -0.097670 0.000000 -0.000000 0.111371 0.000000 -0.000000 -0.012203 0.055819 0.134776 0.124158 -0.000009 -0.069745 0.090563 0.000000 0.019030 -0.003462 0.141498 -0.070810 0.106402 -0.115882 0.091769 0.048720 -0.000000 0.073130 0.000000 -0.000299 -0.000000 0.059397 0.033856
  -0.000001 0.000000 -0.095978 -0.000000 0.066516 -0.000000 -0.002161 0.098534 0.048302 0.147698 -0.000002 0.071615 -0.001033 0.027597 -0.042492 0.000000 0.050688 -0.102568 -0.000000 -0.052382 0.000000 -0.071932 0.140484 0.049847 0.003925 -0.013746 0.000000 -0.007294 0.073832 -0.000000 0.152444 -0.003640 0.000000 0.000000 -0.000000 -0.000000 -0.005440 -0.000000 0.124556 0.000000 -0.082645 0.157216 -0.043651 0.063889 0.176060 0.170717 0.138856 -0.000004 -0.000585 -0.000000 -0.014214 0.037604 -0.086700 0.000000 0.141954 0.010058 0.103828 -0.000000 0.152908 0.009562 -0.005653 -0.000000 0.032574 0.000000 -0.042277 -0.000000 0.156478 0.000000 0.000000 0.053939 0.000000 0.067696 -0.000000 0.000000 -0.101866 -0.000000 0.000000 -0.019121 0.177380 -0.014847 -0.000900 -0.000050 0.122767 0.054097 0.000000 -0.158704 -0.003913 -0.139771 0.157806 0.012448 0.148115 0.102154 -0.036997 0.000000 -0.025696 -0.000000 -0.000345 -0.000000 -0.026614 0.054763
  -0.000001 -0.000000 0.031836 0.000000 0.136289 0.000000 -0.000338 0.075163 0.013450 -0.067501 -0.000003 0.177560 -0.000896 -0.085439 0.033821 0.000000 0.090642 0.124669 0.000000 -0.070977 0.000000 0.090359 -0.053031 -0.025687 0.003699 0.138196 -0.000000 -0.098533 -0.095333 -0.000000 0.049507 -0.003406 0.000000 0.000000 -0.000000 -0.000000 -0.025515 -0.000000 -0.089130 0.000000 0.114490 0.097467 0.078893 0.011964 0.092457 -0.043952 0.169089 -0.000003 -0.000117 -0.000000 0.169766 0.192097 0.100474 0.000000 0.007433 0.154502 0.089463 0.000000 -0.024306 0.012083 0.142060 -0.000000 0.155054 -0.000000 0.146180 -0.000000 0.131808 -0.000000 0.000000 0.026353 0.000000 0.078135 -0.000000 0.000000 -0.047210 -0.000000 -0.000000 0.126473 -0.035364 -0.026663 0.141795 -0.000003 -0.075613 0.111918 0.000000 -0.088562 -0.003015 -0.065909 0.078512 0.011472 0.088462 -0.097113 0.106186 -0.000000 0.009171 -0.000000 -0.000241 -0.000000 0.010548 0.010297
Biases:
  -0.002716 -0.010549 0.151530 -0.120630 -0.024135 -0.002827 -0.000771 -0.045118 -0.062867 -0.013469 -0.001474 0.031858 -0.005178 -0.037563 -0.001451 -0.069977 0.112741 -0.019040 -0.115115 0.191794 -0.061859 0.121796 0.048094 -0.021128 0.006982 0.131008 -0.039755 0.081390 -0.026919 -0.004445 0.013429 -0.002820 -0.095757 -0.152152 -0.071423 -0.104163 0.067364 -0.094402 0.130034 -0.085414 0.118812 0.084585 0.184739 0.136015 0.163270 0.142436 0.026407 -0.000725 0.004426 -0.149013 0.083335 -0.093162 0.078124 -0.032606 0.063184 0.068532 0.184782 -0.002125 0.137268 -0.176993 0.050756 -0.019185 -0.000049 -0.047295 0.090936 -0.001021 0.041435 -0.052835 -0.067599 0.104547 -0.117963 -0.006525 -0.129506 -0.130882 -0.012948 -0.146280 -0.072009 0.107558 -0.047881 0.035089 0.179570 -0.001187 0.005206 0.169267 -0.057701 -0.166189 0.004490 0.054473 0.031522 0.112728 0.102804 -0.021683 -0.023198 -0.029294 0.182223 -0.153068 -0.001040 -0.131267 0.054431 0.097766
Weight range: -0.682175 to 0.760723
Bias range: -0.176993 to 0.191794

--- Layer 3 ---
Number of nodes: 2
Weights:
  -0.000001 -0.000000
  -0.000000 0.000000
  -0.252603 -0.119860
  0.000000 0.000000
  -0.206999 0.063787
  0.000000 -0.000000
  0.002237 -0.000865
  -0.293643 -0.107548
  -0.082740 0.191078
  -0.166646 0.128301
  -0.000002 0.000001
  -0.046155 0.197385
  -0.000386 -0.001068
  -0.138595 0.212951
  -0.192167 0.167997
  0.000000 -0.000000
  -0.091487 0.140372
  0.122332 -0.137180
  0.000000 0.000000
  -0.216902 -0.157329
  0.000000 -0.000000
  -0.224011 0.089699
  0.016025 0.118650
  -0.079280 0.155261
  0.003215 -0.003790
  0.058290 0.234734
  0.000000 0.000000
  -0.181049 0.065234
  -0.014232 0.144761
  -0.000000 0.000000
  -0.270976 -0.131557
  0.003218 -0.005825
  0.000000 -0.000000
  -0.000000 -0.000000
  0.000000 0.000000
  0.000000 0.000000
  -0.209782 -0.118558
  0.000000 0.000000
  -0.275778 0.155736
  -0.000000 -0.000000
  -0.204496 0.198314
  -0.262671 -0.042004
  -0.148681 -0.075282
  0.030548 -0.148753
  -0.146131 0.254340
  -0.135968 -0.019736
  -0.052706 0.077546
  0.000004 -0.000004
  0.000334 -0.000398
  0.000000 -0.000000
  -0.289046 0.107955
  0.208716 -0.042406
  -0.207403 -0.114032
  0.000000 0.000000
  -0.220246 -0.155477
  -0.062324 0.058942
  0.079607 0.137992
  0.000000 -0.000000
  0.047218 0.274923
  0.537555 -0.278264
  -0.149166 0.179630
  0.000000 0.000000
  -0.157071 0.248828
  -0.000000 -0.000000
  -0.223998 0.108746
  0.000000 -0.000000
  0.290134 -0.013506
  0.000000 -0.000000
  0.000000 -0.000000
  -0.153250 0.011676
  0.000000 -0.000000
  -0.286327 -0.019932
  -0.000000 0.000000
  0.000000 -0.000000
  -0.190674 -0.113560
  0.000000 -0.000000
  -0.000000 0.000000
  -0.190577 -0.113016
  -0.127727 -0.034152
  -0.050246 0.293148
  -0.229486 -0.001437
  0.000027 -0.000016
  -0.085528 0.128868
  -0.263951 0.168615
  0.000000 0.000000
  -0.007390 -0.183809
  0.004097 -0.003933
  0.129080 -0.309957
  -0.029240 0.100289
  -0.175472 -0.094867
  -0.161669 0.156494
  0.010033 0.207973
  -0.137591 0.241194
  0.000000 -0.000000
  -0.241854 -0.064393
  0.000000 -0.000000
  0.000334 -0.000475
  0.000000 -0.000000
  -0.122486 0.013063
  -0.098139 0.030850
Biases:
  -0.066399 0.209044
Weight range: -0.309957 to 0.537555
Bias range: -0.066399 to 0.209044

