=== Artificial Neural Network Parameters ===

Number of layers (including input & output): 4
Layer sizes: (200, 100) (hidden), output=2

Activation function: relu

--- Layer 1 ---
Number of nodes: 200
Weights:
  0.009025 0.152592 0.089428 -0.001419 -0.015780 -0.180386 -0.116360 0.157970 -0.001704 0.123818 -0.079820 0.196511 0.179417 -0.156399 -0.121510 0.003056 0.015314 0.074715 0.079061 0.075935 0.050501 -0.040171 -0.086289 -0.153099 -0.001773 0.144805 -0.258410 -0.001238 0.126338 -0.029640 0.112834 0.011118 -0.100905 0.129104 0.175261 0.085509 0.005282 -0.110001 0.114735 -0.003647 -0.255318 -0.028408 -0.182706 0.181048 -0.010138 0.018042 0.029055 0.010422 0.014552 -0.179919 0.123277 -0.005313 0.201603 0.185340 0.103181 0.030493 0.016790 -0.391916 -0.223236 -0.023799 0.002530 0.031979 0.129239 0.010804 -0.125790 0.006570 -0.197216 0.089754 -0.057401 0.199186 0.111935 0.019194 -0.191392 0.080823 0.000000 0.202135 0.054439 -0.152811 -0.047933 -0.017931 0.133963 0.075735 -0.046179 -0.212426 -0.016288 -0.054693 0.080488 0.111179 0.219195 0.036757 -0.002731 0.107729 0.141159 0.071288 0.116927 0.003315 -0.005092 -0.004092 -0.222683 -0.172722 -0.193688 0.001046 -0.085769 -0.004457 0.056679 -0.051407 0.037366 0.149517 -0.057197 -0.055492 0.038652 -0.098154 0.136090 0.097824 0.044446 0.171603 0.156233 -0.028050 0.130558 0.000636 0.161545 0.000000 -0.062404 0.014119 0.000208 0.027673 0.134643 0.158774 0.003149 -0.001638 -0.131026 -0.093222 -0.012450 -0.069618 0.148996 -0.000362 0.116673 0.104736 -0.000000 0.154105 0.196385 -0.003152 0.006010 -0.049970 -0.133936 -0.211815 0.128528 0.003584 -0.224670 -0.093561 0.179547 -0.078953 -0.116982 0.010491 0.101654 -0.073022 0.025288 0.175817 -0.006050 0.125540 -0.158652 0.156936 0.049168 -0.024078 -0.135529 0.135011 0.065419 -0.060387 -0.312386 0.093042 0.062352 -0.071226 0.061180 -0.134947 0.010558 -0.230168 0.039943 -0.001148 0.165123 -0.003382 -0.085136 -0.004325 0.117255 0.202768 0.000017 0.082828 0.161490 -0.001840 0.128462 0.006770 -0.081232 0.045757 0.198220 0.075162 -0.011282 -0.023913 0.110812 0.147744 0.173213 0.133635
  0.043543 -0.267312 -0.081924 0.176043 0.051715 -0.121426 -0.083555 0.092344 -0.251872 -0.115299 -0.001183 0.061499 0.045899 -0.036880 0.076751 -0.021431 -0.027769 0.118428 0.069460 0.096065 0.082634 0.089888 -0.130161 -0.121690 -0.068301 0.051549 0.234721 -0.144574 0.144862 0.065836 0.180483 -0.058747 0.007981 -0.003552 -0.000674 0.115161 -0.006836 -0.186115 0.085825 -0.102218 0.159410 0.089403 0.188144 0.076245 -0.256857 0.204860 0.020721 0.197644 0.223198 0.172385 -0.049439 0.001102 0.135888 0.016376 -0.150423 0.050358 0.224498 -0.035251 -0.020707 -0.097609 0.025371 0.152711 -0.160809 0.090899 0.127382 0.031165 0.075352 0.044498 0.001750 -0.028972 0.048164 0.044387 0.182622 0.100824 0.000000 -0.020288 0.046110 0.070643 0.047367 0.117372 0.192403 0.000085 -0.146526 -0.166883 0.028229 -0.185767 0.019320 0.025807 -0.148847 0.064461 0.009188 -0.005252 0.157020 0.016341 -0.062868 -0.080499 0.193050 -0.083403 0.032929 -0.126464 -0.163174 0.052774 -0.033978 0.011619 -0.042590 0.168451 0.074828 -0.098637 0.130883 -0.130041 -0.027981 -0.165644 -0.148140 0.100623 0.120748 0.101026 0.000119 -0.142906 -0.099507 -0.076192 0.044247 0.000000 0.016327 -0.111477 0.150769 0.027897 0.024494 0.050546 -0.021645 -0.119013 -0.076276 0.076935 -0.142217 -0.116287 -0.257043 -0.330669 0.155410 0.093458 -0.000000 -0.053195 -0.019369 0.017345 0.028781 -0.020161 -0.105253 0.006084 0.095787 -0.093421 0.011285 0.070341 0.044424 0.163831 0.074720 -0.204659 -0.155922 0.024513 -0.194442 0.046055 0.206601 0.068041 -0.041316 0.152539 0.008654 0.033741 0.103496 -0.001040 0.075498 0.143081 -0.034490 -0.164531 -0.195177 -0.044353 -0.082131 0.180603 -0.344001 -0.137273 0.174304 -0.264538 0.180976 0.013245 -0.161690 0.106013 0.116895 0.210730 0.117635 0.077138 -0.037522 -0.079375 0.089477 0.203247 0.121272 0.045624 0.000564 0.102963 -0.230838 0.194855 0.171352 -0.119171 0.110946 0.125328
  -0.054701 0.169498 -0.008687 0.011769 -0.056790 0.102624 -0.055846 -0.188558 0.162865 -0.202711 -0.114959 0.124762 0.206817 0.050844 0.108050 0.008342 -0.045816 -0.055138 0.010413 0.079644 -0.018023 0.211631 -0.151898 -0.100854 -0.164297 -0.053609 -0.024725 0.140706 0.009427 -0.112650 -0.084929 0.030924 0.128918 -0.120993 -0.183293 -0.010401 -0.155790 0.063348 -0.025175 -0.210193 -0.192512 0.058858 -0.043864 -0.060785 0.119196 0.206423 0.198287 0.041636 -0.037617 -0.214499 0.105716 -0.002508 0.009598 0.010596 -0.166708 -0.100079 -0.294038 0.017800 -0.155949 -0.219560 -0.062274 0.013449 -0.004474 0.080897 0.248709 0.004280 -0.092078 0.192675 -0.024541 0.145520 -0.092179 0.129189 -0.223716 0.189374 0.000000 0.209827 -0.049703 0.026606 0.193499 -0.045145 -0.004254 0.066455 -0.084975 -0.026994 -0.073531 0.122635 -0.122765 -0.071283 0.135161 0.176712 -0.113796 -0.024974 -0.084186 -0.036095 -0.064333 -0.212827 0.006040 -0.054912 0.215112 0.159868 0.050035 -0.057163 -0.100028 0.178674 0.063536 -0.067734 0.081660 0.144917 0.231178 0.065048 0.047897 -0.093321 0.142881 0.196832 -0.126852 -0.170378 -0.061494 0.106929 0.081311 -0.171034 -0.049748 0.000000 0.280875 0.182295 0.150347 -0.060235 -0.039350 -0.149121 -0.178654 0.204935 0.115834 0.125422 0.133049 -0.015994 0.164166 0.063848 0.055737 -0.141417 -0.000000 -0.093690 0.203136 0.041524 -0.111812 0.050171 0.040308 -0.122677 -0.145518 0.023986 -0.006728 0.109843 -0.025645 0.142016 0.048453 -0.010700 0.197571 -0.048258 -0.129925 -0.165464 0.019920 -0.083597 0.054709 -0.119751 -0.086354 -0.155785 -0.085363 -0.012128 -0.015306 -0.009309 0.039455 -0.043710 -0.012643 0.021686 -0.039610 0.055551 0.085539 0.118047 -0.175927 0.262422 -0.055333 -0.139951 0.032180 0.219603 -0.000925 -0.028014 0.103495 -0.100478 -0.199807 -0.135384 -0.141325 -0.238352 -0.092198 -0.034840 -0.122084 -0.068458 0.131540 0.013684 -0.066277 -0.161113 -0.128894 -0.193234
  -0.033991 -0.045577 -0.074233 0.028536 -0.168957 -0.024040 -0.080855 0.039848 -0.042294 0.136051 -0.110131 0.040384 0.004891 -0.139605 0.038260 0.069121 -0.128472 0.033591 0.096034 0.026852 -0.055324 -0.006258 -0.022411 -0.083562 0.134598 -0.013174 0.012986 0.006530 -0.109856 -0.057333 0.010626 0.048753 0.013853 -0.046918 -0.153336 0.081688 0.036631 -0.120075 -0.025164 -0.047077 -0.164806 -0.072187 -0.019792 -0.051144 -0.072236 0.122733 0.003977 -0.012196 0.004820 -0.018683 -0.064424 0.000667 0.018809 0.010776 -0.032318 -0.162051 0.031824 0.004357 0.040111 0.088558 0.009819 0.070392 0.001717 -0.099540 -0.098276 -0.099606 -0.055976 -0.121252 -0.031194 -0.093262 -0.009760 0.174545 -0.019166 -0.034247 -0.000000 -0.016674 -0.007252 0.019558 0.061253 0.170203 0.040659 -0.052560 -0.098428 0.009001 0.178272 0.070386 0.042366 -0.028970 0.060636 -0.032811 -0.005565 -0.056533 0.025114 -0.013067 -0.088401 -0.011186 -0.010240 0.012141 -0.064771 0.009921 -0.012744 -0.212026 -0.149521 -0.099682 -0.117259 0.092238 -0.071920 0.086908 -0.019827 0.079124 0.136802 -0.020967 -0.026605 -0.053442 -0.007165 0.114832 0.148923 0.128733 -0.132776 0.082215 0.121246 0.000000 -0.200390 0.036330 0.049140 0.182366 -0.116167 0.120543 -0.125180 -0.073929 -0.117267 0.038120 0.089076 0.004699 -0.045101 -0.019112 -0.011883 0.064469 -0.000000 -0.004113 -0.020526 -0.184096 0.123295 -0.018035 -0.041122 0.190216 0.000154 0.021040 0.152557 0.031972 -0.114741 0.078696 0.089060 -0.029084 -0.126418 0.134792 0.038155 0.009233 0.076593 0.044949 -0.119906 -0.056098 -0.150395 0.125488 -0.202876 -0.009320 0.072238 0.130477 -0.007294 -0.014029 -0.040850 0.066744 -0.115775 -0.012996 0.001066 -0.112151 -0.024046 0.027259 0.003639 0.021061 0.009985 -0.068742 -0.010902 -0.001197 -0.153850 0.209652 0.026817 0.030139 0.004090 0.104011 -0.024054 -0.014441 0.030738 0.032828 -0.048149 0.128547 0.067164 0.054670 0.084623 0.183222
Biases:
  -0.018005 -0.114596 0.050815 -0.164633 -0.123452 -0.054872 0.165609 0.144081 0.080551 -0.194362 0.178893 0.135903 -0.087164 0.112559 0.114904 -0.036865 0.075720 -0.159400 -0.267062 -0.120261 0.126825 -0.174164 -0.202337 -0.073678 0.015831 0.218594 -0.086995 -0.100470 0.127826 -0.099299 -0.060222 -0.099127 -0.109977 -0.178411 0.092436 -0.101384 0.206901 -0.044106 0.106154 0.085887 -0.171078 0.045109 -0.136501 0.229341 -0.148629 -0.073958 -0.140377 0.226054 0.078088 -0.003817 -0.204632 -0.029194 -0.106269 0.209111 -0.140075 -0.198761 -0.200934 -0.087474 -0.039461 -0.276936 0.048665 -0.154803 -0.009423 -0.029715 -0.076177 -0.061915 -0.174546 -0.123498 0.054815 0.214829 -0.080471 -0.044825 -0.000579 0.008927 -0.162791 -0.071885 -0.043367 0.032780 -0.265438 -0.104278 -0.116394 0.112868 -0.218947 -0.149331 0.162296 -0.159091 0.030138 -0.092340 -0.080245 -0.134769 -0.104526 0.179766 0.205155 -0.066567 0.117535 -0.156181 -0.183442 0.037610 -0.133008 -0.212240 -0.167143 -0.307681 -0.190409 0.124970 -0.120301 0.178046 0.165375 -0.012784 -0.134107 -0.103527 -0.056693 -0.115343 0.031319 -0.021465 0.025199 0.032602 -0.076839 0.201226 0.119222 -0.226888 0.190983 -0.084843 0.192719 -0.028003 0.001288 -0.161061 -0.029180 0.061080 -0.025408 -0.165352 -0.082706 -0.006161 0.239252 -0.093068 -0.113330 -0.136482 -0.253912 0.230817 -0.131110 -0.024641 -0.069238 -0.039205 0.055643 0.139312 -0.100980 -0.122908 -0.070733 0.149461 0.040046 -0.000149 0.122497 0.079183 -0.134027 0.179138 -0.134712 -0.058578 0.046226 -0.109433 -0.144353 0.148123 -0.166495 0.126302 -0.138940 -0.168691 -0.154665 -0.025911 -0.104188 -0.138474 0.005621 0.067172 0.098825 0.099519 0.149970 -0.141814 -0.175594 -0.081027 0.069550 -0.184586 0.043577 -0.130837 -0.052559 0.116149 -0.175761 -0.166325 -0.014087 0.013536 0.112416 -0.069941 -0.073212 0.215832 0.083407 0.042159 -0.093415 0.112939 -0.274517 -0.285586 0.203495 -0.091664 0.209118 0.014281
Weight range: -0.391916 to 0.280875
Bias range: -0.307681 to 0.239252

--- Layer 2 ---
Number of nodes: 100
Weights:
  -0.071979 0.093983 0.130206 0.096040 0.071179 0.047925 0.068044 0.130666 -0.043701 0.011159 -0.069359 0.000000 0.147434 -0.000000 0.000000 0.125420 -0.000000 0.026194 0.000000 -0.108139 0.066147 -0.051354 0.082508 0.166827 0.257944 -0.000000 0.000000 0.087334 -0.000000 0.107646 -0.120780 0.044623 -0.072295 -0.110663 -0.000000 0.000000 -0.032715 0.000000 -0.101960 -0.049837 0.032133 0.076625 -0.032999 0.055663 0.060481 0.052962 -0.000000 -0.134765 -0.000000 -0.106360 0.126956 0.036691 0.126626 0.000000 0.148494 -0.000000 -0.000008 -0.029461 -0.000000 0.027985 0.000000 0.000000 0.067562 -0.022249 -0.010086 0.075423 -0.000000 -0.073127 -0.035859 -0.039643 -0.000000 -0.059778 -0.000000 -0.133091 0.160381 -0.034099 -0.000000 0.066145 -0.069505 0.000000 0.094747 -0.000000 -0.060104 0.098886 0.000000 0.006275 -0.000000 -0.071952 0.000000 -0.053360 -0.000000 0.000000 0.000000 -0.031308 -0.062272 -0.000000 -0.079684 -0.066938 0.081099 -0.037420
  -0.115622 0.304677 0.119513 0.167176 0.163679 -0.060294 -0.020484 0.082976 0.208526 -0.091928 0.096288 -0.000000 -0.176906 -0.000000 0.000000 0.063452 -0.000000 0.124373 -0.000000 -0.099010 0.133329 0.129397 0.109618 0.162309 -0.117519 -0.000000 -0.000000 -0.019099 -0.000000 -0.025983 0.087270 0.011202 -0.110449 -0.058648 0.000000 -0.000000 0.107226 -0.000000 -0.012303 0.028126 0.247125 -0.010566 0.054679 0.032371 -0.019961 0.112351 0.000000 0.085034 -0.000000 0.126961 0.078466 0.102780 0.071055 0.000000 0.051949 0.000000 -0.000003 0.126509 -0.000000 -0.226508 0.000000 -0.000000 0.037727 0.101895 -0.098677 0.118445 -0.000000 0.020534 -0.120617 -0.045840 0.000000 0.144893 0.000000 -0.025784 0.041442 0.048133 0.000000 -0.096511 0.101918 -0.000000 0.140735 -0.000000 0.338104 0.137926 -0.000000 0.137429 -0.000000 -0.113240 -0.000000 0.061516 -0.000000 0.000000 -0.000000 0.192889 -0.123425 0.000000 0.136476 0.163662 0.105930 -0.080010
  0.118514 -0.321763 -0.090997 -0.040092 0.046176 0.097148 0.080203 0.037180 -0.078252 0.192041 0.022382 -0.000000 -0.148666 0.000000 0.000000 -0.038336 -0.000000 0.072149 0.000000 -0.017157 0.150543 -0.045033 -0.065169 0.117436 0.047801 -0.000000 -0.000000 -0.020137 0.000000 0.002418 0.184589 -0.050334 -0.059544 -0.080105 0.000000 -0.000000 0.150574 -0.000000 0.178428 -0.053868 0.105194 0.126736 0.117406 0.134588 0.090873 0.075062 -0.000000 -0.095764 -0.000000 0.082614 0.144145 0.021309 -0.058523 -0.000000 0.101268 -0.000000 -0.000004 0.035474 -0.000000 0.007295 -0.000000 0.000000 -0.078758 0.038810 -0.093196 -0.071007 -0.000000 0.032131 0.056726 -0.014894 0.000000 0.148643 0.000000 -0.090381 0.038646 -0.080591 -0.000000 0.190414 -0.036693 -0.000000 0.078568 -0.000000 -0.023259 -0.087963 -0.000000 0.042577 -0.000001 -0.009023 -0.000000 -0.075085 -0.000000 -0.000000 0.000000 0.156897 0.128099 -0.000000 -0.048450 -0.078864 0.101194 0.102500
  0.085030 0.341026 0.076941 0.296920 0.256676 0.379544 0.273164 0.314908 -0.261056 0.229393 0.102208 0.000000 -0.838177 0.000000 -0.000000 0.283245 0.000000 0.284830 -0.000000 0.095607 0.149844 0.094013 -0.051270 0.030772 -0.224962 -0.000000 -0.000000 0.250567 0.000000 0.234175 0.239880 0.300720 0.132484 0.386500 0.000000 0.000000 0.128244 0.000000 0.005633 0.113956 -0.749268 0.198213 0.317817 0.276809 -0.019740 0.188247 -0.000000 0.203485 -0.000000 0.121883 0.290848 -0.136632 0.211824 0.000000 0.215645 0.000000 -0.000004 0.215199 -0.000000 0.296378 0.000000 -0.000000 0.081825 0.276440 0.209575 0.127473 0.000000 0.349910 0.168539 0.135059 0.000000 0.111799 0.000000 0.283881 0.142190 0.423753 -0.000000 0.217884 0.189843 0.000000 0.093823 -0.000000 0.304447 0.004160 0.000000 0.159773 -0.000001 0.110462 0.000000 0.201397 -0.000000 -0.000000 -0.000000 0.179658 0.161381 0.000000 0.203398 0.196075 0.254448 0.275167
  -0.089851 -0.069067 -0.161802 0.210366 -0.069651 0.009145 0.099906 0.032805 0.088426 0.012653 -0.117256 -0.000000 0.205985 -0.000000 0.000000 0.140611 -0.000000 -0.096664 -0.000000 0.104969 -0.037251 -0.079693 0.028522 -0.040181 0.139405 -0.000000 -0.000000 0.029460 0.000000 0.144626 -0.065620 0.007863 -0.011387 -0.000691 -0.000000 -0.000000 -0.095781 0.000000 -0.163660 -0.015474 0.138297 -0.214331 0.029002 -0.021473 0.107765 -0.116608 0.000000 0.100094 -0.000000 0.081136 -0.069089 0.080144 0.036395 0.000000 -0.177184 0.000000 -0.000009 0.043211 -0.000000 0.066559 -0.000000 0.000000 -0.087172 0.013299 0.060839 -0.156619 -0.000000 -0.001435 0.085544 0.049234 0.000000 -0.001558 0.000000 0.033492 -0.066944 0.039187 0.000000 0.055871 0.028455 -0.000000 0.034098 -0.000000 0.059326 -0.277936 -0.000000 -0.047471 -0.000001 0.055006 -0.000000 -0.033318 -0.000000 -0.000000 -0.000000 -0.257189 -0.009400 0.000000 -0.025222 0.044748 -0.108522 0.059963
  -0.029203 0.020751 -0.202227 -0.000718 -0.053614 -0.059862 0.028734 -0.056952 0.038397 0.127348 0.102994 0.000000 0.133521 -0.000000 -0.000000 -0.217055 -0.000000 0.119513 -0.000000 0.120086 -0.110930 0.033517 -0.069167 -0.124797 0.074184 -0.000000 -0.000000 -0.066797 0.000000 0.026044 -0.114470 -0.027402 0.062290 -0.172182 -0.000000 -0.000000 -0.211574 0.000000 -0.134622 -0.055259 0.091323 -0.208922 0.016492 -0.065202 0.073454 -0.003670 0.000000 -0.063478 -0.000000 -0.056617 0.102783 0.044352 -0.025569 0.000000 -0.195733 -0.000000 -0.000012 -0.097113 -0.000000 0.165555 -0.000000 -0.000000 0.101816 -0.131734 0.054318 -0.133174 -0.000000 -0.197950 -0.007661 -0.010959 0.000000 -0.124003 0.000000 0.043906 -0.082732 -0.203107 -0.000000 -0.022976 -0.060010 -0.000000 -0.152973 -0.000000 -0.074435 -0.063298 0.000000 -0.107320 -0.000001 -0.016921 -0.000000 0.058336 -0.000000 0.000000 -0.000000 -0.103177 0.058991 0.000000 -0.194368 -0.196276 -0.191879 0.031620
  -0.047933 -0.021665 -0.055934 -0.037682 -0.108810 0.015210 -0.086859 0.107986 -0.084898 0.069659 0.140484 0.000000 -0.107712 -0.000000 -0.000000 0.098608 -0.000000 0.074803 0.000000 0.101734 0.022962 -0.113402 -0.056908 0.150524 -0.009673 -0.000000 -0.000000 0.037187 -0.000000 0.013465 0.131797 -0.016635 0.072782 0.108124 0.000000 -0.000000 -0.009752 -0.000000 0.132433 0.124954 -0.017098 0.124818 0.040416 0.072208 -0.144530 0.104110 -0.000000 0.120067 -0.000000 0.123704 -0.091341 -0.068332 -0.053314 -0.000000 -0.083643 0.000000 -0.000008 -0.019238 -0.000000 -0.033752 0.000000 -0.000000 0.078112 0.057215 0.134873 0.141225 -0.000000 0.163644 -0.094722 0.122440 -0.000000 0.127525 0.000000 0.096695 0.118141 -0.046093 -0.000000 0.010283 -0.045552 0.000000 -0.021139 -0.000000 0.082899 0.085715 -0.000000 0.129675 -0.000001 0.033074 0.000000 0.110641 -0.000000 -0.000000 -0.000000 -0.118580 -0.010273 -0.000000 -0.118473 -0.077480 0.149710 0.046565
  0.176361 0.005094 -0.001255 -0.008397 0.027986 -0.075098 0.073474 -0.013743 0.025983 0.091203 -0.047291 -0.000000 0.058196 -0.000000 -0.000000 0.191964 -0.000000 0.090561 0.000000 -0.018878 -0.064431 -0.049968 -0.084458 -0.212252 0.063878 -0.000000 -0.000000 0.188281 0.000000 0.088328 -0.002555 0.079684 0.034650 0.026109 -0.000000 0.000000 0.034713 -0.000000 0.017752 0.017793 0.114681 0.113335 0.123468 -0.097190 0.056895 0.041243 -0.000000 -0.030641 -0.000000 -0.050233 0.074159 -0.056827 -0.082186 -0.000000 0.187071 0.000000 -0.000004 0.032163 -0.000000 -0.021348 -0.000000 0.000000 -0.149008 0.041173 -0.047699 -0.000020 -0.000000 0.046712 0.001127 0.020932 -0.000000 0.133786 0.000000 0.205394 0.130750 -0.017461 0.000000 0.038770 -0.017267 0.000000 -0.079581 -0.000000 -0.066143 0.091554 0.000000 0.152099 -0.000001 0.072474 -0.000000 0.053282 -0.000000 0.000000 -0.000000 -0.020306 -0.081169 -0.000000 0.104757 -0.055272 -0.067966 -0.090141
  0.141800 0.156763 -0.028954 0.064785 0.022965 0.107091 0.066753 -0.070000 0.069690 -0.054108 0.076845 0.000000 -0.053389 -0.000000 -0.000000 0.192607 -0.000000 0.103067 0.000000 -0.016033 -0.052759 -0.083579 0.058471 0.100684 -0.113599 -0.000000 -0.000000 0.177906 0.000000 0.003391 0.201665 0.045128 0.047251 0.129368 0.000000 0.000000 -0.082837 -0.000000 0.116126 -0.071403 0.070503 0.036931 -0.002282 0.053470 0.197359 -0.041566 -0.000000 -0.039838 -0.000000 0.081915 0.003373 0.106388 0.152026 0.000000 0.167693 -0.000000 -0.000005 0.015015 -0.000000 0.069926 0.000000 0.000000 -0.026610 0.081405 0.130767 0.179509 -0.000000 -0.051396 -0.067735 0.099515 0.000000 -0.061088 0.000000 0.152428 0.083423 0.056228 0.000000 0.034601 0.015223 0.000000 0.074172 -0.000000 0.028864 0.106214 -0.000000 0.011382 -0.000001 -0.050956 0.000000 0.157737 -0.000000 -0.000000 0.000000 0.012801 0.034069 0.000000 0.042187 -0.042855 0.022618 0.135587
  0.052166 -0.935331 0.104840 0.041475 0.087290 -0.071749 0.148787 -0.010680 -0.031110 -0.070138 -0.031641 0.000000 0.258350 -0.000000 -0.000000 0.096027 -0.000000 0.029992 -0.000000 0.005992 0.060682 -0.120559 0.157425 -0.360076 0.056408 -0.000000 0.000000 0.019558 0.000000 -0.115586 0.054360 0.024582 0.032317 0.056173 0.000000 0.000000 -0.042050 0.000000 0.045669 -0.094738 -0.421829 -0.026641 0.106115 0.083295 0.185227 0.031930 -0.000000 -0.073996 -0.000000 0.029539 -0.076472 -0.078975 0.053774 0.000000 0.161930 0.000000 -0.000005 -0.004591 -0.000000 0.209276 -0.000000 -0.000000 0.234948 -0.005947 0.064210 0.055267 -0.000000 -0.025678 -0.032957 -0.099970 -0.000000 0.130452 -0.000000 0.015911 -0.029755 0.137187 -0.000000 0.006872 0.139862 0.000000 -0.059459 -0.000000 0.164808 0.017114 -0.000000 -0.094572 0.000000 0.022170 -0.000000 0.091351 -0.000000 -0.000000 0.000000 -0.394075 0.101674 0.000000 0.149115 -0.087419 -0.097361 -0.044668
  -0.051148 -0.193584 0.137154 -0.143037 -0.046373 0.065752 0.007918 0.109359 -0.099326 0.050135 -0.113418 -0.000000 0.060998 -0.000000 0.000000 -0.008139 -0.000000 0.128566 -0.000000 0.068831 0.150660 0.050395 0.057842 -0.077067 0.038168 -0.000000 0.000000 0.158125 -0.000000 0.051801 -0.029167 0.035926 -0.000112 0.163475 0.000000 -0.000000 -0.086758 -0.000000 -0.051517 -0.070775 0.090789 0.038386 0.026410 -0.084069 0.056307 0.083634 -0.000000 0.063458 -0.000000 -0.064779 0.033776 0.002182 -0.080964 0.000000 0.140040 0.000000 -0.000007 -0.002120 -0.000000 -0.023953 -0.000000 -0.000000 0.051916 0.031451 -0.104171 0.119762 -0.000000 -0.021664 -0.088338 -0.025676 0.000000 0.025925 -0.000000 0.084222 0.131415 0.081873 -0.000000 0.025245 0.176593 0.000000 -0.109634 -0.000000 -0.093349 0.126053 0.000000 0.017755 -0.000001 0.072464 0.000000 -0.009848 -0.000000 0.000000 -0.000000 -0.062876 -0.041646 0.000000 0.035536 0.039690 0.107468 0.005347
  0.168653 -0.008970 -0.038332 0.007113 0.146831 -0.003445 0.151821 0.178306 -0.112139 0.194876 -0.037080 -0.000000 -0.087505 0.000000 0.000000 -0.047496 -0.000000 0.076436 -0.000000 0.162128 0.131693 0.055918 0.124094 -0.031965 0.107990 -0.000000 0.000000 -0.043174 0.000000 0.032972 -0.033644 -0.091696 0.063974 0.075685 0.000000 0.000000 -0.063979 0.000000 -0.036331 0.161753 0.016685 0.072363 0.110120 -0.003391 -0.005793 0.152423 -0.000000 -0.000900 -0.000000 0.152220 0.013454 -0.088734 0.125127 0.000000 -0.058100 -0.000000 -0.000003 0.009703 -0.000000 0.054489 0.000000 0.000000 -0.087037 0.157636 0.039800 0.192525 -0.000000 -0.049165 0.105873 0.013522 0.000000 -0.063808 -0.000000 0.149151 -0.026979 0.150660 -0.000000 0.091320 0.110197 -0.000000 0.005573 -0.000000 -0.129124 0.010436 0.000000 0.172481 -0.000001 0.126306 0.000000 0.097126 -0.000000 0.000000 0.000000 0.026045 -0.054019 -0.000000 0.044436 0.144884 0.067573 0.015584
  0.210784 -0.044225 0.056984 -0.031843 0.148299 0.182806 0.013639 0.179061 -0.084851 0.186531 0.152164 0.000000 -0.132881 0.000000 0.000000 0.015353 -0.000000 0.009356 0.000000 -0.033606 0.128692 0.086684 -0.038723 -0.008012 -0.108751 -0.000000 -0.000000 0.092004 -0.000000 0.008596 0.147188 -0.055099 0.185522 0.180534 0.000000 0.000000 0.184379 -0.000000 -0.023980 -0.000501 0.094244 -0.056217 0.095137 0.217290 0.286842 0.086090 -0.000000 0.154198 -0.000000 -0.026167 -0.037255 0.093874 0.124680 0.000000 0.184452 0.000000 -0.000003 0.054484 -0.000000 0.051749 0.000000 0.000000 0.080534 0.065440 0.121753 0.113247 -0.000000 0.136037 0.012593 0.082566 -0.000000 0.037733 -0.000000 0.110515 0.201417 0.101833 0.000000 0.069534 0.116224 -0.000000 0.005956 -0.000000 0.019844 -0.043023 -0.000000 0.012740 -0.000001 0.027083 -0.000000 -0.011096 -0.000000 -0.000000 -0.000000 0.064520 -0.066105 -0.000000 0.001249 -0.072338 -0.042972 0.026947
  0.120594 -0.159370 0.034909 -0.284146 0.187435 -0.026174 -0.084855 0.083950 -0.132413 0.066270 0.047376 0.000000 -0.247262 0.000000 0.000000 -0.079836 -0.000000 -0.002694 -0.000000 0.023106 0.145427 0.132425 -0.100341 -0.039400 0.133356 -0.000000 0.000000 -0.065326 0.000000 -0.112161 0.056844 -0.108707 0.051537 0.118810 -0.000000 -0.000000 0.028575 -0.000000 -0.084718 -0.022257 -0.003204 -0.059160 -0.073323 -0.001772 0.089994 0.095477 0.000000 -0.024392 -0.000000 -0.039048 0.102167 0.080930 0.054884 0.000000 0.145623 -0.000000 -0.000010 -0.057067 -0.000000 -0.143672 -0.000000 -0.000000 -0.105507 0.095081 0.052069 -0.067269 -0.000000 0.078704 -0.040158 0.114165 0.000000 0.137721 0.000000 0.005647 0.098562 -0.049575 -0.000000 0.159645 0.057812 0.000000 0.133407 -0.000000 0.072772 0.016469 -0.000000 0.055470 -0.000001 0.059799 0.000000 0.103090 -0.000000 -0.000000 -0.000000 -0.192423 0.153759 -0.000000 -0.070181 -0.091493 0.096159 0.125939
  -0.043247 -0.146504 0.006425 -0.033869 0.095853 0.034895 -0.026000 -0.037898 0.141550 0.052201 0.087563 -0.000000 0.007684 -0.000000 0.000000 0.148497 -0.000000 -0.120082 -0.000000 -0.005174 -0.081916 -0.105340 0.113142 -0.023050 -0.291173 -0.000000 -0.000000 0.160089 -0.000000 0.126675 0.077872 0.098031 0.140328 -0.009703 0.000000 -0.000000 -0.015224 -0.000000 0.048381 -0.101538 -0.111425 0.059055 0.095179 0.114420 -0.130015 -0.014637 -0.000000 -0.066279 -0.000000 -0.022910 -0.029248 0.117252 0.056191 -0.000000 0.059180 -0.000000 -0.000011 0.039806 -0.000000 0.008203 0.000000 0.000000 0.087140 0.068147 0.061244 -0.043617 -0.000000 -0.119217 -0.005148 0.055503 -0.000000 0.163101 0.000000 0.109079 0.038045 0.120538 -0.000000 0.098770 -0.068799 0.000000 -0.016654 -0.000000 0.022989 -0.084847 -0.000000 0.150491 -0.000001 0.117321 0.000000 -0.006391 -0.000000 -0.000000 0.000000 -0.013953 0.028094 -0.000000 0.036822 0.107173 0.164144 0.008077
  0.100673 0.061135 0.009483 0.139938 -0.001494 -0.080555 0.107287 -0.048082 0.138386 0.222884 -0.120151 0.000000 0.026788 -0.000000 0.000000 0.201699 -0.000000 0.012800 0.000000 0.058798 0.078559 -0.093242 -0.051600 -0.013038 0.204429 -0.000000 -0.000000 0.143785 -0.000000 0.187890 0.059603 0.088136 -0.055255 -0.154936 0.000000 0.000000 0.049756 -0.000000 0.120138 0.051859 -0.112363 0.090167 0.090149 0.030036 -0.160884 -0.000086 -0.000000 -0.003579 -0.000000 -0.112834 0.044939 -0.102072 0.093076 0.000000 -0.142752 0.000000 -0.000006 -0.082930 -0.000000 -0.018356 0.000000 0.000000 -0.100057 -0.120132 0.018549 -0.063694 -0.000000 -0.068465 0.086417 0.126127 -0.000000 0.110528 -0.000000 0.062926 -0.085341 0.062512 0.000000 0.007316 -0.029584 0.000000 -0.105559 -0.000000 -0.185738 0.026433 0.000000 0.022881 -0.000001 0.055644 -0.000000 0.051237 -0.000000 0.000000 0.000000 -0.094877 -0.113118 0.000000 -0.099815 0.047011 -0.053350 -0.118068
  0.081283 -0.283589 0.093143 -0.105252 -0.123403 0.015983 -0.102155 -0.032946 0.072421 -0.066967 0.121208 -0.000000 -0.071292 0.000000 -0.000000 -0.079007 -0.000000 -0.043431 0.000000 -0.027686 0.107607 0.149126 -0.055213 0.113601 0.037699 -0.000000 -0.000000 0.062558 -0.000000 -0.006485 0.102993 0.080552 -0.124371 -0.058550 0.000000 0.000000 0.156588 0.000000 0.142993 0.064923 -0.053180 -0.092104 0.103144 0.071733 -0.180901 -0.022136 0.000000 0.021776 -0.000000 0.053409 -0.029777 -0.002541 -0.017869 -0.000000 0.113691 -0.000000 -0.000006 0.125567 -0.000000 0.033976 -0.000000 0.000000 -0.089709 0.087870 0.046837 -0.020233 -0.000000 0.093993 0.079372 -0.035287 0.000000 -0.019851 0.000000 -0.079476 0.134057 -0.043031 -0.000000 -0.081868 -0.057595 -0.000000 -0.052313 -0.000000 -0.148890 -0.010443 -0.000000 -0.109083 -0.000001 0.009946 -0.000000 -0.003703 -0.000000 0.000000 -0.000000 -0.019279 0.147393 -0.000000 0.068885 -0.015783 0.115970 0.105020
  -0.004671 0.369264 -0.175707 -0.020969 -0.007692 0.178595 -0.119585 -0.121612 0.049889 -0.136852 0.034370 -0.000000 0.080823 -0.000000 -0.000000 0.038999 0.000000 0.152843 0.000000 -0.183493 0.143023 0.004903 0.154733 -0.340791 -0.045600 -0.000000 -0.000000 -0.155214 -0.000000 0.100495 0.005421 0.012512 -0.140753 0.093085 0.000000 0.000000 0.068399 0.000000 0.061919 -0.174808 -0.211506 -0.159617 -0.139456 -0.136852 0.000000 -0.001674 0.000000 -0.037331 0.000000 0.058985 -0.102544 0.169359 -0.118675 -0.000000 0.066202 -0.000000 -0.000002 0.084664 -0.000000 -0.127125 -0.000000 -0.000000 0.059298 -0.055977 -0.173509 0.090732 -0.000000 -0.048503 -0.001175 -0.033247 -0.000000 -0.130019 0.000000 0.120942 -0.047344 0.049004 -0.000000 -0.144063 -0.069964 -0.000000 -0.207227 -0.000000 0.261622 0.005208 0.000000 -0.110312 -0.000001 -0.093708 0.000000 0.076047 0.000000 0.000000 0.000000 0.258116 -0.102114 0.000000 -0.174534 0.134486 0.052333 -0.146516
  0.085970 0.410275 0.219500 0.062314 0.008692 0.139993 0.076295 -0.025310 0.076602 0.053182 0.014374 0.000000 -0.025685 -0.000000 0.000000 0.097976 -0.000000 -0.143266 -0.000000 0.054286 0.110960 -0.081033 0.015645 0.055391 0.027553 -0.000000 0.000000 -0.121750 -0.000000 -0.112833 0.091194 0.033878 -0.108309 0.045947 -0.000000 0.000000 0.218387 -0.000000 0.019607 0.050358 0.000001 0.128595 0.214022 0.164156 0.055793 0.038556 0.000000 -0.084279 -0.000000 -0.034263 0.036127 -0.062335 0.020281 0.000000 0.004196 -0.000000 -0.000002 -0.121330 -0.000000 -0.048202 0.000000 -0.000000 0.240106 0.106615 -0.062553 0.108635 -0.000000 0.059515 -0.082202 0.023365 0.000000 0.165686 0.000000 0.020716 0.165451 -0.029607 -0.000000 0.013819 0.138555 -0.000000 0.006348 -0.000000 0.046153 -0.159512 -0.000000 0.159884 -0.000001 -0.017637 0.000000 0.180533 -0.000000 0.000000 0.000000 0.118886 -0.034257 0.000000 0.120521 -0.076484 0.036432 -0.044165
  -0.133088 0.224738 -0.102709 0.145470 0.067789 -0.179302 0.106928 -0.039361 0.020499 0.007455 -0.054472 -0.000000 -0.062162 0.000000 -0.000000 -0.023519 -0.000000 0.058785 -0.000000 -0.034147 -0.090569 0.119597 0.185806 0.101701 -0.197700 -0.000000 0.000000 0.175189 0.000000 -0.093417 0.054365 0.011947 -0.154209 0.043143 0.000000 -0.000000 0.104284 0.000000 0.211901 -0.110870 -0.116986 0.068986 -0.044205 0.046826 0.154282 -0.077478 -0.000000 -0.058618 -0.000000 0.083625 0.159648 0.029855 0.074108 -0.000000 0.137863 0.000000 -0.000003 0.081500 -0.000000 0.368794 -0.000000 -0.000000 0.018207 0.151282 0.179713 0.059850 -0.000000 -0.019402 0.073360 0.034047 -0.000000 -0.060259 0.000000 0.000564 -0.008262 -0.184590 0.000000 -0.128159 0.076918 0.000000 0.025461 -0.000000 0.270844 0.158719 0.000000 0.114876 -0.000001 -0.021961 0.000000 0.128745 -0.000000 0.000000 -0.000000 0.006441 -0.069269 0.000000 -0.073716 -0.159302 -0.031759 0.116677
  0.070881 0.045752 -0.031289 -0.045936 0.058244 0.126468 0.140211 -0.073902 0.009153 -0.091792 0.054702 -0.000000 -0.201662 -0.000000 0.000000 -0.005480 -0.000000 -0.003754 -0.000000 0.125186 -0.032658 0.021008 -0.080811 -0.119894 -0.047184 -0.000000 0.000000 0.081040 0.000000 0.097218 -0.038346 -0.001993 0.088217 -0.066551 -0.000000 -0.000000 0.022238 0.000000 -0.080348 0.041057 -0.112273 0.169383 -0.073048 0.002816 -0.128863 0.095945 -0.000000 -0.014769 -0.000000 -0.027087 -0.042531 0.015895 -0.026711 -0.000000 0.078116 0.000000 -0.000005 -0.094073 -0.000000 0.069935 -0.000000 -0.000000 -0.042251 0.075162 0.081170 -0.032662 -0.000000 0.165068 -0.045042 0.089677 0.000000 0.081307 -0.000000 -0.011953 0.069081 0.125456 0.000000 -0.074152 -0.067726 0.000000 0.113929 -0.000000 -0.109209 0.061025 0.000000 0.078754 -0.000001 -0.112227 -0.000000 -0.027519 -0.000000 0.000000 -0.000000 0.127870 -0.049652 0.000000 0.162358 -0.052490 -0.105906 0.017742
  -0.201942 0.059597 -0.014360 0.097879 -0.152420 -0.100718 -0.009135 -0.238505 0.189750 -0.122296 -0.040383 -0.000000 0.115411 -0.000000 -0.000000 -0.016020 -0.000000 -0.205310 -0.000000 -0.149431 -0.128100 -0.157553 -0.052339 0.050352 -0.022464 0.000000 0.000000 -0.268159 0.000000 0.057234 -0.051764 -0.003478 0.039153 -0.110055 -0.000000 0.000000 -0.052807 0.000000 -0.056730 -0.265492 -0.207076 0.003190 -0.051126 -0.059197 0.095885 -0.107533 0.000000 -0.074852 -0.000000 -0.169305 -0.026441 -0.025367 -0.065003 -0.000000 -0.156477 0.000000 -0.000009 -0.252374 -0.000000 -0.032036 -0.000000 -0.000000 -0.019464 -0.126079 -0.179801 -0.126565 -0.000000 -0.266649 -0.077569 -0.096494 0.000000 -0.196369 -0.000000 -0.217815 -0.193274 -0.317710 0.000000 -0.013081 -0.038838 0.000000 -0.246772 -0.000000 -0.010663 -0.244190 -0.000000 -0.063364 -0.000002 -0.113523 0.000000 0.010059 -0.000000 0.000000 0.000000 -0.036843 -0.109022 -0.000000 -0.011801 -0.040299 -0.223809 -0.166719
  -0.063097 0.184492 -0.149712 0.238509 -0.087197 0.072139 0.054325 -0.011416 0.148009 -0.071788 -0.193917 0.000000 0.026927 0.000000 -0.000000 -0.151217 -0.000000 -0.181971 0.000000 0.004984 -0.033211 -0.215481 -0.038401 -0.215011 -0.402059 0.000000 -0.000000 -0.127674 -0.000000 -0.095099 -0.073986 -0.030063 -0.126831 -0.231142 -0.000000 -0.000000 -0.156804 0.000000 -0.062446 -0.066838 -0.039427 -0.106632 -0.054944 0.003452 0.088859 -0.162020 -0.000000 -0.105864 -0.000000 -0.010471 -0.098508 -0.012151 -0.044250 -0.000000 -0.147459 -0.000000 -0.000008 -0.177438 -0.000000 0.156364 -0.000000 -0.000000 0.051774 -0.235846 -0.014736 -0.212892 -0.000000 -0.046270 -0.016587 -0.017361 -0.000000 -0.208534 0.000000 -0.073767 0.032195 -0.047402 0.000000 -0.101326 -0.123541 0.000000 -0.102598 -0.000000 0.139142 -0.009743 -0.000000 -0.180789 -0.000001 0.023083 0.000000 -0.147102 -0.000000 0.000000 -0.000000 -0.000080 0.061040 -0.000000 -0.033089 -0.173923 -0.144715 -0.030844
  -0.089808 -0.219249 -0.037511 0.013369 -0.227164 -0.074062 -0.068812 -0.221429 0.017012 -0.115544 -0.010349 0.000000 0.117077 -0.000000 -0.000000 0.033203 -0.000000 -0.167163 0.000000 0.027307 -0.009503 -0.254406 0.073445 -0.006347 0.122581 -0.000000 0.000000 -0.088076 -0.000000 0.045357 -0.051179 0.014870 -0.133203 -0.193855 0.000000 0.000000 0.037452 0.000000 -0.096273 -0.038308 0.069637 -0.072132 -0.018379 -0.136222 0.004532 0.001263 -0.000000 -0.148385 -0.000000 -0.109750 -0.186170 0.043620 0.028815 -0.000000 -0.193688 -0.000000 -0.000007 -0.110868 -0.000000 0.049113 0.000000 -0.000000 0.047285 -0.152145 0.015050 -0.052982 -0.000000 -0.120917 -0.142571 -0.007235 -0.000000 -0.056677 -0.000000 -0.006378 0.036409 -0.054630 0.000000 -0.186981 -0.193417 0.000000 -0.119057 -0.000000 -0.051924 -0.239587 -0.000000 0.059606 -0.000001 -0.031013 -0.000000 -0.006355 -0.000000 0.000000 0.000000 0.133702 0.043666 0.000000 0.012984 0.069509 -0.190553 -0.092582
  -0.098972 -0.206303 0.134869 0.031176 0.056825 0.109345 0.095501 0.136761 -0.108595 -0.120661 -0.029174 -0.000000 -0.070623 -0.000000 0.000000 0.081129 -0.000000 0.045479 -0.000000 -0.143023 0.081069 0.011982 0.100648 -0.222869 0.246656 -0.000000 0.000000 0.022535 0.000000 0.055405 0.052589 0.147688 0.061680 -0.001500 0.000000 -0.000000 -0.088953 0.000000 0.080910 0.102255 -0.288193 0.012882 -0.090467 0.131589 0.048730 0.029697 0.000000 0.093694 -0.000000 -0.075368 0.003312 0.091132 0.057592 -0.000000 0.133936 -0.000000 -0.000006 0.043630 -0.000000 0.004031 -0.000000 -0.000000 0.067757 0.047367 -0.123986 0.084165 -0.000000 0.081773 0.089876 -0.100601 -0.000000 0.071131 0.000000 0.102586 0.084362 0.098737 0.000000 0.015791 0.033321 -0.000000 -0.103766 -0.000000 -0.130216 0.084252 0.000000 0.014312 -0.000001 -0.127075 -0.000000 -0.032663 -0.000000 0.000000 0.000000 0.078833 0.031915 -0.000000 0.092768 0.191092 -0.069984 0.067590
  -0.002924 0.009209 0.201660 -0.129742 0.165792 0.089191 0.187708 0.055691 0.063341 -0.080235 0.014885 -0.000000 0.073690 0.000000 0.000000 0.185617 -0.000000 0.017257 -0.000000 -0.018815 -0.024378 0.045880 -0.153936 -0.213433 -0.017303 -0.000000 0.000000 0.121550 0.000000 0.039267 0.006854 0.136031 -0.001550 0.008361 -0.000000 -0.000000 -0.009571 -0.000000 0.094968 -0.070936 -0.125066 0.145850 -0.042113 0.011466 0.101107 -0.040894 -0.000000 0.053548 -0.000000 0.080241 0.136657 -0.092213 0.086402 -0.000000 -0.041412 0.000000 -0.000004 0.047861 -0.000000 -0.100126 -0.000000 0.000000 -0.208464 0.040614 0.034346 0.125921 -0.000000 0.106174 0.128705 0.162297 -0.000000 0.069711 0.000000 0.202629 0.169241 0.013730 -0.000000 0.059090 0.130693 -0.000000 0.055016 -0.000000 -0.111133 0.151870 -0.000000 0.009210 -0.000001 0.128037 -0.000000 -0.026785 -0.000000 -0.000000 0.000000 0.018397 0.054934 0.000000 -0.022037 0.073835 0.023007 0.101959
  -0.290340 0.022949 -0.203556 0.052308 -0.204281 -0.228788 -0.006688 -0.244394 0.227834 -0.031066 -0.085673 -0.000000 -0.195685 0.000000 -0.000000 -0.281909 0.000000 -0.010433 0.000000 -0.181643 -0.052592 -0.212840 -0.008187 0.173063 -0.093197 -0.000000 -0.000000 -0.064244 0.000000 -0.038043 -0.182010 -0.234256 -0.122927 -0.268172 -0.000000 -0.000000 -0.044052 -0.000000 -0.084987 -0.242179 -0.135647 -0.093182 -0.100123 -0.109061 -0.271095 -0.180064 -0.000000 -0.212283 -0.000000 -0.051896 -0.044093 0.046422 -0.082455 -0.000000 -0.347121 -0.000000 -0.000011 -0.190236 -0.000000 0.208906 -0.000000 -0.000000 -0.025933 -0.335168 -0.021436 -0.191544 -0.000000 -0.257714 -0.317197 -0.097138 -0.000000 -0.323041 0.000000 -0.279733 -0.053439 -0.281386 -0.000000 -0.228413 -0.090407 -0.000000 -0.067403 -0.000000 0.067821 -0.175958 0.000000 -0.087381 -0.000000 -0.134213 -0.000000 -0.221355 -0.000000 -0.000000 0.000000 -0.026299 -0.148190 -0.000000 -0.051669 -0.116682 -0.052543 -0.256481
  0.101022 0.156824 -0.007623 0.184262 0.176996 0.165575 0.135011 -0.019087 0.008334 0.173511 -0.072549 0.000000 0.117284 0.000000 0.000000 0.024158 -0.000000 -0.040242 -0.000000 -0.021490 0.032956 0.117555 0.123662 0.029505 -0.442487 -0.000000 -0.000000 -0.081649 -0.000000 0.109147 -0.053876 0.190371 0.054060 0.077079 -0.000000 -0.000000 0.085506 0.000000 0.088638 0.063434 0.209197 0.138300 0.118088 -0.067989 -0.011889 -0.016443 0.000000 0.058916 -0.000000 0.180693 0.172877 0.099097 0.018089 0.000000 -0.014593 -0.000000 -0.000008 0.005348 -0.000000 0.191315 -0.000000 0.000000 0.020164 0.023185 0.021466 0.010435 -0.000000 0.052802 -0.018296 -0.045102 0.000000 0.155118 -0.000000 0.136490 0.092512 0.198226 0.000000 0.068708 0.116361 0.000000 0.013982 -0.000000 -0.060940 0.091181 0.000000 -0.056325 -0.000001 0.059441 -0.000000 0.183259 -0.000000 -0.000000 0.000000 0.129417 -0.089884 0.000000 0.050304 -0.047969 -0.033416 0.076853
  -0.047999 0.128926 0.114108 0.084813 -0.034597 0.169019 -0.009600 0.004586 -0.110503 -0.086164 0.076077 -0.000000 -0.155096 0.000000 -0.000000 0.062861 -0.000000 0.114033 0.000000 0.017816 -0.017404 0.004989 -0.050785 -0.089854 -0.028622 0.000000 -0.000000 0.025642 0.000000 -0.031179 -0.012519 0.111679 0.090996 -0.014856 -0.000000 -0.000000 0.145730 -0.000000 0.178940 0.063363 -0.030109 -0.109660 0.009866 -0.013922 -0.321923 0.064700 0.000000 0.040099 -0.000000 -0.097157 0.028862 -0.069992 0.053371 0.000000 0.063008 -0.000000 -0.000004 0.024097 -0.000000 0.111426 0.000000 0.000000 -0.099765 -0.051812 -0.061005 -0.025381 -0.000000 0.083211 0.050468 -0.097171 -0.000000 -0.050521 -0.000000 0.146189 -0.109008 0.006763 -0.000000 0.127768 0.031358 -0.000000 0.028251 -0.000000 0.141173 -0.034673 0.000000 0.130512 -0.000001 0.053641 0.000000 -0.005990 -0.000000 0.000000 0.000000 -0.057138 0.089804 0.000000 -0.088396 0.157229 0.033761 0.115015
  -0.013396 0.053005 0.111050 0.119508 0.044580 -0.006576 0.020550 -0.060525 0.049547 -0.054171 -0.155024 -0.000000 0.072674 0.000000 0.000000 -0.028347 -0.000000 -0.024788 0.000000 0.085062 0.146309 -0.044513 0.191523 -0.031263 -0.379093 -0.000000 0.000000 0.015211 0.000000 -0.090639 0.097287 -0.078752 0.041354 -0.107684 -0.000000 -0.000000 -0.031196 -0.000000 -0.114191 -0.049190 0.081763 0.074595 -0.117700 -0.018819 -0.107426 -0.145030 0.000000 0.019392 -0.000000 -0.066882 -0.150263 0.117548 0.112407 -0.000000 -0.086746 0.000000 -0.000009 -0.036883 -0.000000 -0.091489 0.000000 -0.000000 -0.103677 0.011706 -0.165432 0.082603 -0.000000 -0.115806 0.019178 -0.038370 0.000000 -0.026328 -0.000000 0.049054 -0.067309 0.098631 -0.000000 0.017571 -0.142330 -0.000000 0.083072 -0.000000 0.008701 -0.107985 0.000000 0.125385 -0.000001 0.000490 -0.000000 0.100951 -0.000000 -0.000000 0.000000 -0.094344 -0.023205 -0.000000 -0.069884 -0.013599 -0.021993 -0.104595
  0.052862 0.248953 0.114710 0.136452 -0.056048 -0.007388 -0.014226 0.046759 0.174153 -0.073340 -0.103228 -0.000000 0.039150 -0.000000 0.000000 -0.010010 -0.000000 0.142367 -0.000000 -0.038211 0.007021 -0.013870 0.101999 0.106405 -0.236903 0.000000 -0.000000 -0.055628 0.000000 0.026435 0.088404 -0.011857 -0.099870 0.176223 -0.000000 0.000000 0.168874 0.000000 0.105086 0.048479 0.224345 -0.015195 0.019994 0.062664 0.303686 0.012876 -0.000000 0.060738 0.000000 -0.036283 0.177511 0.073402 0.128888 -0.000000 0.124823 -0.000000 -0.000005 -0.101129 -0.000000 0.230845 -0.000000 -0.000000 0.231000 -0.035643 0.152548 -0.071195 -0.000000 0.184909 0.078259 0.136533 -0.000000 0.092676 0.000000 0.120136 0.084417 0.075158 -0.000000 -0.018555 0.110488 -0.000000 0.094294 -0.000000 0.126934 0.135535 -0.000000 -0.094604 -0.000001 0.069758 0.000000 -0.095669 -0.000000 -0.000000 -0.000000 0.039504 -0.008380 -0.000000 -0.108234 -0.053749 -0.023210 -0.092396
  0.014207 -0.009540 0.011605 -0.029857 -0.010231 0.018418 0.113765 -0.127973 0.139959 0.095075 0.018885 -0.000000 -0.073719 -0.000000 0.000000 -0.102911 -0.000000 -0.044151 -0.000000 0.051811 -0.071780 0.019969 0.072639 0.139940 0.153066 -0.000000 0.000000 0.144152 -0.000000 -0.157088 -0.071292 -0.129751 0.022487 0.037075 0.000000 -0.000000 0.049234 -0.000000 0.107506 -0.020528 -0.131321 -0.096749 -0.127095 0.083160 0.040183 0.058119 -0.000000 -0.075383 -0.000000 0.021574 -0.027949 -0.152250 0.053635 -0.000000 -0.081258 -0.000000 -0.000008 0.047523 -0.000000 0.073617 -0.000000 -0.000000 0.078486 -0.038112 0.091906 -0.045459 -0.000000 -0.172344 -0.108072 -0.084889 -0.000000 0.157273 -0.000000 -0.018403 0.097320 0.085245 0.000000 0.070371 -0.061151 -0.000000 -0.018534 -0.000000 -0.000000 -0.030748 -0.000000 0.021973 -0.000001 0.007255 0.000000 0.049524 -0.000000 0.000000 -0.000000 0.025389 0.040743 -0.000000 -0.162817 -0.132211 -0.022850 0.022262
  0.043197 -0.078144 -0.245053 0.140197 -0.202639 -0.071232 -0.021303 -0.074105 -0.043611 -0.170016 -0.154954 0.000000 0.053865 -0.000000 0.000000 -0.058423 -0.000000 -0.040707 0.000000 -0.125392 -0.089023 -0.093708 0.173442 0.086084 0.240335 -0.000000 -0.000000 -0.107880 -0.000000 -0.091683 -0.066204 -0.073596 -0.087212 0.030560 -0.000000 -0.000000 -0.260870 0.000000 -0.023914 -0.177462 0.215733 -0.147025 0.015354 -0.063225 0.121606 0.069197 -0.000000 -0.201466 -0.000000 0.003751 -0.094805 -0.080401 -0.163323 0.000000 -0.227651 0.000000 -0.000015 -0.129363 -0.000000 0.011218 -0.000000 0.000000 0.002542 -0.130677 -0.038089 -0.115124 -0.000000 -0.245378 -0.028014 0.071352 0.000000 0.027520 -0.000000 -0.074588 -0.029148 -0.030531 -0.000000 -0.133410 -0.233802 -0.000000 -0.238494 -0.000000 -0.132261 -0.210431 0.000000 -0.028052 -0.000002 -0.026688 -0.000000 0.025080 -0.000000 -0.000000 0.000000 0.054877 -0.093157 -0.000000 -0.243908 -0.234685 -0.143391 -0.079319
  -0.130650 0.345299 0.031811 0.096559 0.047100 -0.104479 -0.026556 0.000912 0.104711 0.042441 -0.104659 0.000000 0.017090 0.000000 0.000000 -0.070259 -0.000000 -0.134034 -0.000000 -0.029997 0.022279 0.082172 0.171577 -0.044983 0.104908 -0.000000 -0.000000 0.091174 -0.000000 0.113557 -0.098473 -0.107874 -0.040320 0.009833 -0.000000 -0.000000 -0.015166 0.000000 -0.048477 -0.120523 -0.043937 -0.173097 0.049306 0.068729 0.088550 -0.088283 0.000000 0.024083 -0.000000 0.041274 0.043319 0.117449 -0.059148 0.000000 -0.027606 0.000000 -0.000006 0.011595 -0.000000 0.076560 -0.000000 0.000000 0.270561 -0.029579 -0.100471 0.014018 -0.000000 -0.027155 -0.109030 -0.131728 -0.000000 -0.078077 -0.000000 0.009601 -0.038732 0.002171 -0.000000 0.059924 -0.135810 -0.000000 -0.169048 -0.000000 0.165668 0.003553 0.000000 -0.006680 0.000000 -0.145856 -0.000000 -0.172042 -0.000000 0.000000 0.000000 -0.007441 0.081535 0.000000 -0.099295 -0.102624 -0.133054 -0.148207
  -0.053567 -0.060702 -0.017288 -0.071703 0.192571 0.078425 0.161682 -0.036848 -0.044054 0.077297 -0.069886 -0.000000 0.029731 0.000000 -0.000000 0.039990 -0.000000 -0.110383 -0.000000 -0.033610 -0.087718 0.196507 -0.001382 0.045778 0.025896 -0.000000 -0.000000 -0.058324 -0.000000 0.111218 0.116612 0.052126 0.024244 0.175155 -0.000000 -0.000000 0.010723 0.000000 0.205790 -0.029392 0.124040 0.142612 -0.027470 0.017386 -0.045334 0.184895 -0.000000 0.120402 -0.000000 0.119162 0.050422 0.031505 0.148541 0.000000 0.161122 -0.000000 -0.000005 -0.060618 -0.000000 0.016191 -0.000000 -0.000000 0.163060 -0.049127 0.111393 0.029605 -0.000000 -0.049042 0.162744 0.159794 0.000000 0.191728 -0.000000 -0.004025 0.100264 0.031339 -0.000000 0.024191 0.087400 0.000000 -0.041201 -0.000000 -0.043614 0.084072 -0.000000 0.114114 -0.000001 -0.000515 0.000000 0.068364 -0.000000 0.000000 0.000000 -0.065555 0.118450 0.000000 0.044115 -0.067266 -0.006610 0.028280
  0.004898 0.198347 -0.084498 -0.068581 0.009567 -0.044253 0.043256 -0.139764 0.128983 0.124902 -0.114709 -0.000000 -0.244190 0.000000 0.000000 -0.010271 -0.000000 0.096049 -0.000000 -0.152027 0.092052 0.031221 0.036722 0.129864 -0.108864 -0.000000 0.000000 0.119676 0.000000 -0.056979 -0.087309 -0.103432 -0.096608 -0.072294 0.000000 0.000000 -0.044068 0.000000 -0.102772 -0.139950 -0.277887 -0.003089 -0.106315 -0.091104 -0.025757 0.068573 -0.000000 0.036232 0.000000 0.072122 0.134622 -0.076573 -0.116088 0.000000 -0.037642 0.000000 -0.000003 0.022714 -0.000000 0.211016 0.000000 -0.000000 0.163677 -0.149591 -0.060475 0.086032 -0.000000 -0.094150 -0.115497 0.088367 -0.000000 0.050326 -0.000000 0.123137 0.050132 -0.060478 -0.000000 -0.107998 0.110348 0.000000 0.119658 -0.000000 0.229725 0.086960 0.000000 0.100541 -0.000001 -0.125843 0.000000 0.042137 -0.000000 -0.000000 -0.000000 -0.018074 -0.033160 0.000000 0.043668 -0.060361 -0.039547 -0.090857
  -0.035300 -0.020562 0.149507 -0.038206 0.101806 0.125107 0.129689 -0.048940 0.108959 0.026279 -0.000978 -0.000000 -0.015923 -0.000000 -0.000000 -0.004041 -0.000000 0.132557 -0.000000 0.140507 0.130557 0.111300 -0.142727 0.028146 0.101031 -0.000000 -0.000000 0.028645 0.000000 0.033351 -0.039400 -0.019142 0.109508 0.140660 -0.000000 0.000000 -0.017563 0.000000 0.095881 0.113642 0.080128 -0.010185 0.136138 -0.067878 -0.008880 0.103283 0.000000 -0.043540 -0.000000 -0.026871 -0.067125 0.085300 0.030779 0.000000 0.010022 -0.000000 -0.000006 0.040446 -0.000000 -0.002715 -0.000000 0.000000 -0.048825 0.144182 0.118015 0.111252 -0.000000 0.154322 0.070347 0.094614 -0.000000 0.132135 0.000000 -0.102189 0.010526 0.124540 -0.000000 0.177344 0.113573 0.000000 -0.031519 -0.000000 0.028221 -0.042490 0.000000 0.002320 -0.000001 -0.096601 -0.000000 0.170416 -0.000000 -0.000000 -0.000000 -0.346188 0.016009 0.000000 0.032025 0.052419 -0.053744 0.172601
  -0.098668 0.049880 0.024183 -0.051663 -0.084106 -0.053615 0.080387 -0.128619 0.172232 0.063753 -0.024643 -0.000000 -0.281673 0.000000 0.000000 -0.053601 -0.000000 0.134755 -0.000000 0.121336 -0.045521 -0.180564 -0.131017 0.009361 0.060007 -0.000000 0.000000 0.104471 0.000000 -0.098629 -0.105083 -0.145470 0.059181 0.059510 -0.000000 -0.000000 -0.032388 -0.000000 -0.093827 0.005385 0.105102 -0.126400 -0.133433 0.140992 -0.077250 -0.128110 -0.000000 -0.148125 -0.000000 0.050158 -0.054490 -0.016949 -0.003801 -0.000000 0.043657 0.000000 -0.000006 0.046046 -0.000000 0.044563 -0.000000 0.000000 0.080194 -0.074673 -0.033966 0.087715 -0.000000 -0.150424 0.030050 -0.042872 -0.000000 -0.041785 -0.000000 0.032708 -0.044432 0.005753 -0.000000 -0.093130 -0.081057 -0.000000 -0.155510 -0.000000 0.005322 -0.124792 -0.000000 -0.038635 -0.000001 0.119004 -0.000000 -0.046735 -0.000000 0.000000 -0.000000 0.177256 -0.056829 -0.000000 -0.141754 0.032565 -0.137472 0.005676
  -0.080808 -0.062611 0.137555 -0.098181 0.117836 0.083747 -0.097283 0.166761 -0.105946 0.120194 -0.069101 0.000000 -0.240163 -0.000000 0.000000 0.201160 -0.000000 0.124329 0.000000 -0.057979 -0.022298 -0.030548 -0.097142 -0.065305 0.047798 -0.000000 0.000000 -0.072921 -0.000000 0.083217 0.111695 0.097510 0.057463 -0.065034 0.000000 -0.000000 -0.011271 -0.000000 -0.096077 -0.049793 0.100992 0.151665 -0.020789 -0.105793 -0.340722 -0.010002 0.000000 -0.057021 -0.000000 -0.071233 0.165215 0.018697 0.105519 -0.000000 0.059796 -0.000000 -0.000004 0.142810 -0.000000 0.084538 0.000000 0.000000 -0.178542 -0.018350 -0.021057 0.062251 -0.000000 -0.064864 0.052587 0.110084 -0.000000 -0.070485 -0.000000 0.012510 -0.032594 0.078391 0.000000 0.080506 -0.018656 0.000000 -0.056352 -0.000000 0.081577 -0.063417 -0.000000 0.129385 -0.000000 0.073366 -0.000000 0.078137 -0.000000 -0.000000 0.000000 -0.035720 -0.007668 -0.000000 -0.081541 0.027217 -0.093734 0.138700
  -0.054105 -0.344139 -0.053112 -0.071279 0.185775 -0.047651 0.183267 -0.024680 0.027837 0.110322 0.166071 0.000000 -0.035648 -0.000000 -0.000000 0.196662 -0.000000 0.012938 0.000000 0.009775 0.179957 0.149441 -0.018865 0.085780 -0.088680 -0.000000 -0.000000 -0.008616 0.000000 0.171993 0.089957 0.014282 0.175198 0.061081 -0.000000 -0.000000 0.172085 0.000000 0.118411 0.128594 -0.059602 0.046890 0.149127 0.015320 0.072876 0.171561 0.000000 0.133532 -0.000000 0.197653 0.072898 -0.131637 0.031879 0.000000 0.069166 0.000000 -0.000007 0.093110 -0.000000 0.057403 0.000000 -0.000000 -0.063540 0.148495 0.042010 -0.000010 -0.000000 0.147023 0.172076 0.029074 -0.000000 0.157990 0.000000 0.097782 -0.018473 0.023145 -0.000000 0.002641 -0.034254 -0.000000 0.184489 -0.000000 0.143365 0.157306 0.000000 -0.046694 -0.000001 0.086256 0.000000 0.127094 -0.000000 0.000000 -0.000000 -0.688463 -0.076573 0.000000 -0.050917 0.038862 0.178007 0.103245
  -0.146345 -0.109684 0.053065 -0.051166 0.022973 -0.231291 0.038075 0.030734 -0.065337 -0.050419 -0.176659 0.000000 0.125958 0.000000 -0.000000 -0.201198 0.000000 -0.094270 0.000000 0.058577 0.006738 -0.048989 0.144240 0.115836 0.034591 -0.000000 -0.000000 -0.179701 0.000000 -0.153633 -0.161552 -0.085764 -0.033029 -0.099727 -0.000000 -0.000000 -0.032926 0.000000 0.036178 0.023061 0.070231 -0.092371 -0.133613 0.006917 0.026240 -0.017600 -0.000000 -0.139353 -0.000000 -0.113454 -0.125928 0.141131 -0.188502 -0.000000 -0.089381 0.000000 -0.000010 -0.188473 -0.000000 -0.047614 0.000000 0.000000 -0.032974 -0.151243 0.025260 -0.211691 -0.000000 -0.144010 0.019381 -0.184255 0.000000 -0.044913 -0.000000 -0.285636 0.093249 -0.153165 0.000000 -0.119055 -0.097721 -0.000000 -0.174428 -0.000000 0.119719 -0.095282 -0.000000 -0.044712 -0.000001 -0.178849 0.000000 -0.147969 -0.000000 -0.000000 0.000000 -0.127665 -0.195842 -0.000000 -0.006725 -0.181954 -0.117362 -0.178159
  -0.028441 -0.007251 0.013152 0.000298 -0.057827 -0.094736 -0.033547 -0.088572 0.146081 0.123530 0.134252 0.000000 -0.669055 0.000000 -0.000000 0.057270 -0.000000 0.006965 0.000000 -0.064145 -0.034759 0.114268 -0.192708 -0.082498 0.007898 0.000000 0.000000 -0.081163 -0.000000 0.139541 0.010301 0.007430 -0.116793 -0.132161 0.000000 -0.000000 0.021130 -0.000000 0.055953 0.112700 -0.072261 -0.116445 0.014773 0.070453 -0.263857 0.103403 0.000000 0.120797 -0.000000 -0.096522 -0.064237 -0.037794 0.104233 0.000000 0.034313 -0.000000 -0.000006 0.057198 -0.000000 -0.011242 0.000000 -0.000000 -0.085798 -0.008081 -0.096815 0.125268 -0.000000 -0.105963 -0.084666 0.070079 -0.000000 0.023088 -0.000000 -0.106589 -0.019485 0.074347 0.000000 -0.130622 -0.009729 0.000000 -0.029493 -0.000000 -0.100388 0.111303 0.000000 0.115011 -0.000001 -0.036546 0.000000 -0.066154 -0.000000 0.000000 0.000000 0.168689 -0.089802 0.000000 0.051035 -0.116684 -0.053682 -0.072214
  -0.178225 0.185452 -0.018432 0.159932 0.112644 -0.090535 0.045663 -0.100063 0.231620 -0.194666 0.055947 -0.000000 -0.165618 0.000000 -0.000000 -0.063083 0.000000 0.034178 -0.000000 -0.174030 -0.084579 -0.050252 -0.060021 0.027337 -0.214998 -0.000000 0.000000 -0.014322 -0.000000 -0.010351 -0.122956 -0.076165 0.005254 -0.180431 0.000000 -0.000000 -0.027641 0.000000 -0.116996 -0.124915 0.078041 -0.175811 -0.052974 0.059484 0.218285 -0.024595 0.000000 -0.007182 -0.000000 -0.124695 -0.087873 0.169427 -0.040495 -0.000000 -0.042115 -0.000000 -0.000010 -0.078695 -0.000000 0.231684 -0.000000 0.000000 0.111692 -0.240961 0.131420 -0.072207 -0.000000 -0.072333 0.005265 -0.101989 -0.000000 -0.263232 -0.000000 -0.013705 -0.055577 -0.296310 -0.000000 -0.175132 0.025779 -0.000000 0.054808 -0.000000 -0.088746 0.008910 -0.000000 -0.001632 -0.000000 -0.174298 -0.000000 0.014219 -0.000000 -0.000000 -0.000000 -0.169046 0.004305 -0.000000 -0.122530 -0.027966 -0.111138 -0.226734
  0.135994 -0.168257 0.133863 0.058203 0.029257 0.068139 0.043471 0.033727 0.074516 0.155024 0.014002 0.000000 0.064813 0.000000 -0.000000 0.049746 -0.000000 0.182800 -0.000000 0.083790 -0.004244 -0.012232 -0.115019 0.035105 -0.043730 -0.000000 -0.000000 -0.049549 -0.000000 0.071124 -0.002797 0.003082 -0.071615 0.008582 0.000000 0.000000 0.011358 0.000000 0.166057 -0.087483 0.040667 0.183896 -0.058270 -0.037001 0.116852 0.067128 -0.000000 -0.008173 -0.000000 0.118931 0.117890 0.152496 0.002504 -0.000000 0.068931 -0.000000 -0.000004 0.187164 -0.000000 -0.089323 0.000000 -0.000000 -0.077261 0.116306 0.057245 0.200296 -0.000000 0.024300 0.128330 -0.035499 -0.000000 0.015434 -0.000000 0.152648 0.052460 0.130301 0.000000 0.017345 0.149081 -0.000000 -0.019289 -0.000000 -0.133291 -0.083703 0.000000 0.061673 -0.000001 0.184615 -0.000000 0.159609 -0.000000 0.000000 0.000000 0.011092 0.118061 -0.000000 -0.060265 0.058074 0.029017 0.157647
  -0.145136 0.291944 0.047057 0.116024 -0.113455 0.044250 0.061931 -0.097052 0.264627 0.030708 -0.032008 -0.000000 0.158188 -0.000000 -0.000000 -0.044454 -0.000000 -0.121489 -0.000000 -0.121738 -0.154595 -0.133634 0.300749 0.018551 -0.433447 -0.000000 0.000000 -0.146389 0.000000 -0.005060 0.055516 -0.192527 -0.023406 -0.209775 0.000000 0.000000 -0.169315 0.000000 -0.260172 0.009108 0.130852 -0.123148 -0.176671 0.057867 -0.086871 -0.161628 -0.000000 -0.002139 -0.000000 -0.154561 -0.091563 0.013939 -0.176491 -0.000000 -0.014718 -0.000000 -0.000005 -0.103566 -0.000000 0.203599 0.000000 -0.000000 0.038572 -0.082078 -0.186596 -0.065537 -0.000000 0.007841 0.047266 -0.114768 0.000000 -0.124817 -0.000000 -0.041056 -0.209580 -0.131817 -0.000000 -0.012059 0.072615 -0.000000 -0.018465 -0.000000 0.114104 -0.018730 0.000000 0.062394 -0.000000 -0.022165 0.000000 0.045356 -0.000000 0.000000 0.000000 0.247110 -0.080408 -0.000000 -0.067492 0.022787 -0.006358 -0.011831
  0.048910 -0.109129 0.002501 -0.003954 0.036501 -0.037431 0.039483 0.036614 -0.099513 0.077152 -0.024016 0.000000 0.057732 0.000000 -0.000000 0.109790 -0.000000 0.111890 -0.000000 0.105068 0.131739 0.100304 0.073956 0.038506 -0.191356 -0.000000 0.000000 -0.045675 -0.000000 -0.027128 0.097657 -0.067102 0.086300 0.181305 -0.000000 -0.000000 -0.029013 0.000000 0.104548 0.063271 -0.479269 0.122560 0.164095 0.135458 0.074177 -0.042448 -0.000000 -0.083911 -0.000000 -0.044338 0.015296 -0.067370 0.214951 0.000000 0.178821 0.000000 -0.000007 0.119939 -0.000000 0.144842 -0.000000 0.000000 -0.000173 0.017580 0.218399 -0.067660 -0.000000 0.110045 0.156611 0.211510 0.000000 -0.048236 0.000000 0.107085 0.103864 -0.048289 0.000000 0.205336 0.192376 -0.000000 -0.050403 -0.000000 0.150219 0.116224 -0.000000 -0.084641 -0.000002 0.034265 0.000000 0.102760 -0.000000 0.000000 -0.000000 0.162433 0.031553 -0.000000 0.035116 0.080371 0.105088 0.131539
  -0.010736 -0.022925 -0.075289 -0.075367 -0.123357 0.096261 0.158477 0.141746 -0.000412 -0.025138 -0.072183 0.000000 -0.035551 -0.000000 -0.000000 0.134897 -0.000000 -0.029780 0.000000 -0.042943 -0.065249 0.143961 0.056401 0.144949 -0.256207 -0.000000 -0.000000 -0.039359 -0.000000 -0.061512 0.107917 0.057384 -0.043276 -0.021951 -0.000000 -0.000000 0.041637 0.000000 -0.131326 -0.106203 0.213446 0.118498 -0.007719 0.006502 0.388476 -0.019762 -0.000000 0.108832 -0.000000 0.080141 0.110425 0.009738 -0.058844 -0.000000 -0.065649 -0.000000 -0.000007 0.146244 -0.000000 0.074212 -0.000000 -0.000000 0.120604 0.079429 0.049110 0.121723 -0.000000 0.130403 -0.098576 0.112921 0.000000 -0.027691 0.000000 0.036857 0.170101 -0.078422 0.000000 -0.070995 0.093123 -0.000000 -0.041125 -0.000000 0.079914 -0.142657 -0.000000 0.116693 -0.000001 0.172542 -0.000000 0.080850 -0.000000 -0.000000 0.000000 0.091610 0.110137 -0.000000 0.010884 0.002556 0.167267 -0.031754
  -0.021037 -0.075287 0.072459 -0.169674 0.171559 -0.021497 0.152831 -0.037018 0.043544 0.169037 -0.034690 0.000000 -0.314475 0.000000 0.000000 -0.008507 -0.000000 -0.001151 -0.000000 -0.048491 -0.055739 0.032074 -0.034941 -0.175031 -0.131302 -0.000000 -0.000000 -0.059439 -0.000000 0.175819 0.140898 0.006460 0.078141 0.071739 0.000000 0.000000 0.082646 -0.000000 -0.071235 0.040029 0.057078 0.067646 0.141309 0.181232 -0.230100 0.111213 0.000000 0.187788 -0.000000 0.100404 -0.025158 0.089069 -0.058733 0.000000 0.162710 -0.000000 -0.000005 0.016329 -0.000000 -0.128199 0.000000 0.000000 0.058211 -0.038537 0.165013 0.112837 -0.000000 -0.069394 -0.017236 0.174118 0.000000 0.123053 -0.000000 0.101672 -0.083065 0.021954 0.000000 -0.051197 0.131680 -0.000000 0.102686 -0.000000 -0.001195 -0.063293 -0.000000 0.155622 -0.000001 0.129153 0.000000 -0.030427 -0.000000 0.000000 0.000000 0.131648 0.050899 0.000000 -0.059847 0.179023 0.168075 -0.050968
  -0.012608 -0.004850 0.004671 0.114917 0.056364 -0.071374 -0.005388 0.240952 0.143765 0.074546 -0.026261 0.000000 -0.176208 -0.000000 -0.000000 -0.086713 -0.000000 0.060962 0.000000 0.065079 0.136772 0.089929 -0.005708 0.108673 -0.333586 0.000000 0.000000 -0.043203 -0.000000 0.058889 0.204726 0.052805 0.120697 0.047751 0.000000 0.000000 0.173393 -0.000000 0.125678 0.094056 0.025360 -0.030176 -0.056735 -0.082156 -0.199082 -0.011310 -0.000000 0.113276 -0.000000 0.065424 -0.002676 0.112751 0.167966 0.000000 0.044393 0.000000 -0.000006 -0.079030 -0.000000 0.016300 -0.000000 -0.000000 -0.099953 0.038847 0.150654 0.054277 -0.000000 -0.007552 0.139366 0.091144 -0.000000 -0.004720 0.000000 0.140296 0.037436 0.025496 0.000000 0.115572 0.048792 -0.000000 -0.010419 -0.000000 -0.003104 0.232711 -0.000000 0.048950 -0.000000 0.167944 0.000000 0.048542 -0.000000 0.000000 -0.000000 -0.179576 0.051023 -0.000000 0.177786 -0.027610 0.192349 0.079253
  -0.089824 0.073927 -0.200474 0.041892 -0.297520 -0.055496 -0.084478 -0.069920 -0.000406 -0.262063 -0.143969 0.000000 0.134582 -0.000000 -0.000000 -0.205543 -0.000000 -0.018201 -0.000000 -0.073864 -0.171662 -0.035959 0.006246 0.103910 0.045303 -0.000000 0.000000 -0.105061 0.000000 0.062014 -0.300940 -0.142925 -0.151023 -0.025579 -0.000000 0.000000 -0.071008 -0.000000 -0.178558 -0.184821 -0.051650 -0.231266 -0.233418 0.030317 -0.206929 -0.147573 -0.000000 -0.273163 -0.000000 -0.032289 -0.243791 0.022163 -0.047637 0.000000 -0.277652 0.000000 -0.000008 -0.178056 -0.000000 0.093516 -0.000000 0.000000 0.027562 -0.067707 -0.117192 -0.016163 -0.000000 -0.214504 0.020618 -0.014063 0.000000 -0.233386 0.000000 -0.013427 -0.155447 -0.028695 -0.000000 -0.246534 -0.127064 0.000000 -0.075156 -0.000000 0.115723 -0.298048 -0.000000 -0.223611 -0.000001 0.052246 0.000000 -0.005666 -0.000000 0.000000 -0.000000 0.225180 -0.240407 0.000000 -0.132188 -0.005100 -0.162046 -0.249055
  0.169751 0.150318 0.205759 -0.272299 -0.034963 0.259973 0.129083 -0.012934 0.007274 -0.049842 0.190500 0.000000 -0.402035 -0.000000 -0.000000 0.207688 -0.000000 0.138607 0.000000 -0.005722 0.108502 0.150825 -0.416669 0.159326 0.314387 -0.000000 0.000000 -0.034947 0.000000 0.027067 0.141277 0.088822 0.198896 0.039281 0.000000 -0.000000 0.161116 0.000000 -0.127403 0.200399 -0.009323 -0.009645 0.083659 0.020145 0.179150 0.169268 -0.000000 0.136639 0.000000 0.255240 0.050216 0.036470 0.119321 -0.000000 0.201536 -0.000000 -0.000003 0.117890 -0.000000 -0.273505 -0.000000 -0.000000 -0.547774 0.133825 -0.072490 0.195883 -0.000000 0.083847 0.021523 0.023375 0.000000 0.039034 -0.000000 0.128687 0.047685 0.004118 -0.000000 0.118383 0.120706 -0.000000 0.078731 -0.000000 -0.152915 -0.081248 -0.000000 0.102284 -0.000000 0.040995 0.000000 -0.032980 -0.000000 0.000000 -0.000000 0.421783 0.012875 0.000000 -0.021558 0.219603 0.015170 0.204043
  -0.015070 0.011460 -0.015276 0.061547 -0.034862 -0.063198 0.000353 -0.055645 -0.041402 0.117634 0.110085 -0.000000 0.087267 0.000000 -0.000000 0.043005 -0.000000 0.085350 -0.000000 0.041364 -0.092972 -0.043613 -0.126437 0.074257 0.038146 -0.000000 -0.000000 -0.006247 -0.000000 -0.040142 0.002402 0.040913 0.004966 -0.048045 -0.000000 -0.000000 -0.002854 0.000000 0.058769 0.051683 -0.039869 -0.003736 -0.062722 0.078256 0.022034 -0.044598 -0.000000 0.003103 -0.000000 0.098426 0.040291 0.015595 -0.055237 -0.000000 -0.032608 -0.000000 -0.000006 0.045705 -0.000000 0.020319 -0.000000 -0.000000 -0.053783 0.001367 -0.012168 0.018212 -0.000000 0.101333 -0.086959 -0.046819 -0.000000 0.029867 -0.000000 0.061407 0.010177 0.012309 0.000000 -0.039861 -0.028063 -0.000000 0.030815 -0.000000 -0.117065 0.139097 -0.000000 0.060244 -0.000001 -0.034409 -0.000000 -0.052968 -0.000000 0.000000 0.000000 0.030841 0.042802 -0.000000 -0.029461 0.064252 -0.028308 -0.056495
  0.083326 0.165344 0.137880 0.018716 -0.075750 0.168919 -0.043255 -0.019197 -0.050632 -0.085609 0.008561 -0.000000 -0.219901 -0.000000 0.000000 0.129096 -0.000000 -0.014128 -0.000000 -0.078494 0.111818 0.099320 -0.222440 0.065944 -0.056901 -0.000000 -0.000000 0.174219 0.000000 0.022474 0.041082 0.145143 0.035652 -0.072631 -0.000000 0.000000 0.058923 0.000000 0.164833 0.122760 -0.002827 -0.090692 0.028394 0.091461 0.052621 0.046413 -0.000000 0.117480 0.000000 -0.085356 0.033851 -0.057181 -0.025479 -0.000000 -0.011277 0.000000 -0.000002 0.070719 -0.000000 -0.080679 -0.000000 0.000000 -0.058394 0.152262 0.153259 0.018477 -0.000000 -0.084517 -0.027824 0.057535 -0.000000 0.151426 -0.000000 0.068677 0.040890 0.082940 -0.000000 -0.019404 0.113855 -0.000000 0.119334 -0.000000 0.178638 0.123929 -0.000000 0.041381 -0.000001 0.005929 0.000000 0.002362 -0.000000 -0.000000 0.000000 -0.040468 0.124385 0.000000 -0.025826 -0.081673 0.082339 -0.039934
  0.126606 -0.051375 0.055569 0.024613 0.020831 0.027642 0.011719 0.021302 -0.005120 0.118751 0.019911 -0.000000 0.043499 -0.000000 -0.000000 0.174571 -0.000000 0.063852 0.000000 -0.079333 0.072141 0.034266 -0.052794 -0.082885 -0.038774 -0.000000 0.000000 0.013854 -0.000000 -0.078949 -0.066914 0.107147 0.053919 0.060420 -0.000000 0.000000 -0.037776 -0.000000 0.013990 -0.010707 -0.114016 0.099220 0.092344 0.135959 -0.130788 -0.062924 -0.000000 0.173761 -0.000000 0.109538 -0.094397 0.016373 -0.063457 0.000000 0.176797 0.000000 -0.000003 0.032352 -0.000000 -0.002474 -0.000000 -0.000000 -0.111365 0.048394 0.010630 0.076858 -0.000000 -0.042843 0.053047 0.154731 0.000000 0.008277 0.000000 0.160838 -0.030725 -0.091934 0.000000 0.142296 0.190202 0.000000 0.085415 -0.000000 -0.182478 -0.043945 -0.000000 0.080874 -0.000000 0.116245 -0.000000 0.069997 -0.000000 -0.000000 0.000000 0.052283 0.191384 -0.000000 0.052804 -0.009347 0.037458 0.156633
  0.116132 -0.631907 -0.029612 0.115470 -0.067168 0.139399 -0.010050 0.003605 -0.045138 0.207617 -0.080428 -0.000000 0.097430 -0.000000 -0.000000 0.026507 -0.000000 0.147925 0.000000 0.056636 0.168551 0.058047 -0.093296 -0.280782 0.068722 -0.000000 0.000000 0.133375 -0.000000 0.048071 0.136557 0.161222 0.140567 0.059762 0.000000 0.000000 0.069810 -0.000000 -0.023432 0.053708 -0.199158 -0.082925 0.113321 -0.080486 0.094139 0.060296 0.000000 0.039547 -0.000000 0.083125 0.176462 0.116223 0.033065 -0.000000 0.168170 -0.000000 -0.000006 0.014276 -0.000000 0.051539 -0.000000 0.000000 0.238142 -0.010095 0.164856 -0.064769 -0.000000 -0.076105 0.160358 0.131413 0.000000 0.149755 0.000000 0.153849 0.112271 0.146466 0.000000 -0.046161 0.076176 -0.000000 0.083201 -0.000000 0.144123 -0.060784 -0.000000 0.047597 -0.000001 0.007633 -0.000000 0.112042 -0.000000 -0.000000 -0.000000 -0.122663 0.184951 -0.000000 0.014852 -0.093539 -0.016948 0.124497
  -0.099669 0.135972 -0.023805 0.182783 -0.122541 0.091411 0.057159 0.099499 0.181359 0.045647 -0.151926 0.000000 0.340859 0.000000 -0.000000 -0.065013 -0.000000 0.047973 0.000000 -0.109973 -0.081789 -0.083713 0.317119 -0.038041 -0.096762 -0.000000 -0.000000 0.085461 -0.000000 0.115963 0.003822 0.101810 0.095013 -0.154541 -0.000000 -0.000000 0.022796 0.000000 0.000407 -0.010418 -0.214535 0.060483 0.113650 -0.081028 0.272178 -0.138788 0.000000 0.001321 -0.000000 -0.026127 -0.055290 0.061301 -0.001111 -0.000000 0.056751 0.000000 -0.000008 -0.148258 -0.000000 0.320519 -0.000000 -0.000000 0.057016 0.004496 -0.090341 -0.056608 -0.000000 0.004543 -0.047230 -0.042638 0.000000 -0.157764 -0.000000 0.137346 -0.135148 0.038463 0.000000 -0.080351 -0.058245 0.000000 0.085107 -0.000000 0.260442 -0.101128 0.000000 -0.043767 -0.000000 -0.150088 -0.000000 0.066136 -0.000000 -0.000000 -0.000000 0.095067 0.046705 -0.000000 -0.136172 -0.061264 0.102573 0.002947
  -0.120198 0.195949 -0.175003 0.284615 -0.206135 -0.207009 -0.202122 -0.148414 0.315290 -0.242654 -0.040722 0.000000 0.176636 -0.000000 -0.000000 -0.029606 -0.000000 -0.122873 -0.000000 -0.066169 -0.191754 -0.204612 0.264498 0.058980 -2.288658 -0.000000 0.000000 -0.129785 0.000000 -0.008327 -0.220986 -0.187481 -0.058808 -0.171606 0.000000 -0.000000 -0.027684 0.000000 -0.290504 -0.156301 0.152834 -0.096368 -0.131011 0.004594 -0.000000 -0.168376 0.000000 -0.014036 -0.000000 -0.021498 -0.278348 0.276431 -0.197140 -0.000000 -0.230260 -0.000000 -0.000006 -0.195005 -0.000000 0.041177 0.000000 -0.000000 0.157550 -0.096151 -0.066739 -0.069819 -0.000000 -0.025738 -0.203238 -0.249722 -0.000000 -0.084100 -0.000000 -0.225160 -0.235499 -0.059340 0.000000 -0.223348 -0.140323 -0.000000 -0.105999 -0.000000 0.156986 -0.244082 0.000000 -0.249142 -0.000000 -0.135472 -0.000000 -0.254462 -0.000000 -0.000000 0.000000 -0.127428 -0.141031 0.000000 -0.099101 -0.113509 -0.083328 -0.219781
  -0.110341 0.032453 -0.100946 -0.364818 -0.304271 -0.060879 0.072291 -0.104428 0.078850 -0.129255 -0.154061 -0.000000 -0.194868 0.000000 0.000000 -0.138913 0.000000 -0.065264 -0.000000 -0.078654 0.029507 -0.255385 0.093103 0.016308 -0.041010 -0.000000 -0.000000 -0.170937 0.000000 0.083717 -0.630529 -0.225495 0.065680 -0.467588 -0.000000 0.000000 -0.034212 -0.000000 -0.033838 -0.019931 -0.121844 -0.558894 -0.006843 0.058938 -0.181766 0.126988 0.000000 -0.273970 -0.000000 -0.400649 -0.112911 0.003561 -0.407619 -0.000000 -0.779559 -0.000000 -0.000013 -0.245876 -0.000000 0.000715 -0.000000 -0.000000 -0.022850 -0.536207 0.120908 -0.349986 -0.000000 -0.413039 -0.033410 -0.055664 -0.000000 0.045152 0.000000 -0.399677 -0.036906 -0.350418 0.000000 -0.152045 -0.190654 -0.000000 -0.087318 -0.000000 -0.112371 -0.379111 0.000000 0.056899 -0.000001 0.029760 0.000000 -0.002033 -0.000000 -0.000000 -0.000000 -0.180419 -0.035835 -0.000000 -0.133429 -0.215432 -0.347986 -0.267791
  -0.144249 -0.158065 -0.056358 -0.133315 -0.053441 0.033142 0.069347 -0.007060 -0.085829 -0.022209 0.086108 -0.000000 -0.348285 0.000000 -0.000000 -0.094819 -0.000000 0.111288 0.000000 0.087601 -0.014091 0.006757 0.049991 0.151326 0.314196 -0.000000 -0.000000 -0.027250 0.000000 -0.035429 0.119360 -0.137531 -0.003344 0.139842 0.000000 -0.000000 -0.047954 0.000000 -0.034474 0.110217 0.089812 -0.072312 -0.084390 -0.105548 0.087358 -0.050870 -0.000000 -0.037723 -0.000000 -0.109638 -0.064929 0.068310 0.122042 0.000000 -0.087083 -0.000000 -0.000008 -0.077430 -0.000000 -0.054158 -0.000000 0.000000 0.035752 -0.074510 0.067339 -0.006509 -0.000000 -0.091553 -0.004471 0.166919 -0.000000 -0.110893 0.000000 -0.091578 0.132393 -0.015733 -0.000000 -0.067107 0.082388 -0.000000 0.098914 -0.000000 -0.085390 -0.030405 0.000000 0.121322 -0.000001 -0.053142 -0.000000 0.034857 -0.000000 0.000000 0.000000 -0.076265 0.014182 0.000000 0.074680 -0.106175 -0.068884 0.016137
  -0.253542 0.171363 -0.256236 0.345848 -0.313060 -0.254089 -0.208905 -0.088273 0.351342 -0.226929 -0.200709 0.000000 0.018657 -0.000000 -0.000000 -0.224010 -0.000000 -0.022705 0.000000 -0.151932 -0.013204 -0.367433 0.088015 -0.066955 -0.512275 -0.000000 -0.000000 -0.136326 0.000000 -0.097802 -0.253900 -0.259943 -0.161520 -0.313156 0.000000 -0.000000 -0.204098 0.000000 -0.115527 -0.196929 0.396733 -0.072541 -0.085299 -0.258148 0.223280 -0.056175 -0.000000 -0.249494 -0.000000 -0.288226 -0.161024 0.136385 -0.168455 -0.000000 -0.119990 -0.000000 -0.000009 -0.141761 -0.000000 0.261157 0.000000 -0.000000 0.302970 -0.159956 -0.175548 -0.297990 -0.000000 -0.201881 -0.091371 -0.137568 -0.000000 -0.096883 -0.000000 -0.183934 -0.114328 -0.227348 0.000000 -0.111483 -0.112591 -0.000000 -0.236934 -0.000000 0.178978 -0.145215 0.000000 -0.196286 -0.000001 -0.159502 -0.000000 -0.260132 -0.000000 -0.000000 -0.000000 -0.000000 -0.009889 0.000000 -0.109234 -0.031875 -0.272000 -0.186366
  -0.098906 -0.050645 0.123981 0.002422 -0.028492 -0.035179 0.032183 -0.090200 -0.064682 -0.030569 -0.039368 0.000000 -0.118334 -0.000000 -0.000000 0.109617 -0.000000 -0.105357 -0.000000 0.104884 0.029989 0.121856 0.072554 0.118344 0.067512 -0.000000 -0.000000 0.154338 -0.000000 -0.093006 0.082331 -0.033870 0.035429 0.043281 -0.000000 0.000000 -0.043570 -0.000000 0.047460 0.061951 0.089018 -0.007626 0.071964 -0.069579 0.154056 -0.010697 0.000000 -0.132061 -0.000000 0.036343 0.155557 0.032877 0.144624 -0.000000 0.026825 -0.000000 -0.000006 -0.059562 -0.000000 0.098301 0.000000 -0.000000 0.039390 0.103790 -0.073525 0.060552 -0.000000 0.042457 -0.087671 -0.066319 -0.000000 0.002972 0.000000 -0.132298 0.033250 -0.092641 0.000000 0.070972 0.049528 0.000000 -0.021602 -0.000000 -0.054005 0.019074 0.000000 -0.111908 -0.000001 0.069740 -0.000000 -0.085531 -0.000000 0.000000 0.000000 -0.391679 -0.020736 0.000000 0.111436 -0.120951 -0.049350 0.133174
  -0.125607 0.061468 0.186999 0.221943 0.008390 -0.090969 -0.109888 -0.039250 0.143094 0.086733 0.112078 0.000000 -0.059159 -0.000000 0.000000 0.094805 0.000000 -0.112360 0.000000 0.065728 0.126488 -0.053468 0.032968 0.160186 -0.012333 -0.000000 -0.000000 -0.052475 -0.000000 0.123431 -0.020177 0.003995 0.059775 -0.034237 -0.000000 0.000000 0.130315 0.000000 0.125136 -0.077834 -0.111266 -0.054752 0.119391 -0.030256 -0.063185 0.116919 0.000000 -0.082275 -0.000000 0.040980 0.153874 -0.154991 0.177689 0.000000 -0.013759 0.000000 -0.000004 0.000367 -0.000000 0.132136 0.000000 -0.000000 0.039002 0.082111 0.130634 -0.098830 -0.000000 -0.017477 -0.074455 -0.018074 -0.000000 0.139148 -0.000000 0.079573 -0.068333 0.026108 0.000000 0.096929 -0.037705 -0.000000 -0.042572 -0.000000 0.225949 0.167495 -0.000000 0.150696 -0.000002 -0.005919 -0.000000 0.074521 -0.000000 -0.000000 -0.000000 -0.048487 0.131080 -0.000000 -0.067363 0.016306 0.140716 0.149533
  0.018348 0.042022 0.056933 0.002468 0.178230 -0.024472 -0.016408 0.027800 -0.012967 0.123238 0.049132 -0.000000 -0.071719 -0.000000 -0.000000 0.115069 -0.000000 0.114360 0.000000 0.170756 0.182700 -0.037988 -0.104220 -0.054833 0.024520 -0.000000 0.000000 -0.074590 0.000000 0.060808 -0.072201 0.036681 -0.073672 0.077114 -0.000000 -0.000000 0.080696 0.000000 0.064661 0.034599 0.115259 0.170485 -0.056018 0.067650 -0.018729 -0.074927 0.000000 0.167221 -0.000000 0.147127 0.147511 0.126822 -0.004551 0.000000 0.002660 -0.000000 -0.000003 -0.076735 -0.000000 0.013270 -0.000000 -0.000000 0.076023 -0.069789 0.104118 -0.051762 -0.000000 0.030798 0.054136 0.014647 -0.000000 0.172027 0.000000 -0.056515 0.031441 0.175433 -0.000000 -0.059066 0.136864 0.000000 0.062939 -0.000000 0.105440 0.059847 -0.000000 0.062465 -0.000000 -0.005312 0.000000 0.146902 -0.000000 -0.000000 -0.000000 -0.025041 -0.051023 0.000000 -0.046594 0.067958 0.025464 0.092545
  -0.155050 -0.062875 -0.131109 0.100158 -0.171523 0.072718 0.056301 -0.133231 0.174318 -0.171336 0.069822 -0.000000 -0.046884 -0.000000 -0.000000 0.107485 -0.000000 0.014234 -0.000000 0.071783 -0.096761 -0.041491 -0.057340 0.088362 -0.027218 0.000000 -0.000000 0.002401 -0.000000 -0.000317 -0.130715 0.051016 0.074436 -0.076647 -0.000000 -0.000000 -0.188368 -0.000000 0.013926 -0.077294 0.153310 -0.096624 -0.000040 -0.045964 -0.026604 -0.118215 -0.000000 -0.054298 -0.000000 0.075913 -0.090886 -0.075418 -0.070791 -0.000000 -0.159277 0.000000 -0.000005 0.065377 -0.000000 0.218823 0.000000 -0.000000 0.081616 0.035903 -0.039272 -0.099845 -0.000000 -0.046244 -0.167210 0.059688 0.000000 -0.032694 -0.000000 -0.002533 -0.160206 -0.206738 0.000000 -0.094367 -0.039014 -0.000000 -0.088615 -0.000000 0.142914 -0.036049 0.000000 -0.095608 -0.000001 0.096977 -0.000000 -0.074034 -0.000000 -0.000000 0.000000 0.020384 -0.112029 -0.000000 -0.169572 0.063247 -0.008836 -0.139036
  -0.147136 0.010708 -0.024029 0.043078 -0.041065 -0.111647 0.054113 0.129826 -0.089509 -0.037521 -0.034066 -0.000000 0.001006 0.000000 -0.000000 -0.011737 -0.000000 -0.081854 -0.000000 0.054386 -0.072132 0.036103 -0.004804 -0.096208 0.127107 0.000000 -0.000000 -0.101001 0.000000 0.069297 -0.086099 -0.027603 -0.090898 -0.096395 -0.000000 0.000000 -0.108899 -0.000000 -0.080215 -0.162536 -0.132177 -0.143965 -0.110363 0.039675 -0.180776 0.047074 0.000000 -0.093913 -0.000000 -0.127324 -0.017745 0.018382 -0.100942 0.000000 0.069842 0.000000 -0.000010 -0.057864 -0.000000 -0.026279 -0.000000 -0.000000 0.161728 -0.051849 -0.049871 -0.063588 -0.000000 -0.005322 -0.020221 -0.058681 0.000000 -0.169765 0.000000 -0.058414 -0.033205 -0.114588 0.000000 -0.164579 0.075064 -0.000000 -0.090726 -0.000000 -0.026652 -0.087927 -0.000000 0.045734 -0.000001 0.135317 0.000000 0.082496 -0.000000 -0.000000 -0.000000 0.066776 0.094841 -0.000000 -0.159087 0.021262 -0.109756 0.020788
  0.045324 0.223293 -0.131310 -0.021882 -0.061843 0.222021 0.007895 -0.054128 0.143072 0.025156 0.103613 0.000000 -0.117961 -0.000000 0.000000 0.185923 -0.000000 -0.020516 0.000000 -0.121971 0.023291 -0.063833 0.001204 0.162560 0.080652 0.000000 0.000000 -0.065738 0.000000 0.066216 -0.145729 -0.055412 -0.049464 -0.001768 0.000000 0.000000 0.056824 -0.000000 -0.103287 -0.044466 -0.050827 -0.177886 0.025260 0.154638 -0.190679 -0.145545 0.000000 0.001709 -0.000000 0.113955 0.077899 0.058973 0.028957 -0.000000 0.018809 -0.000000 -0.000008 0.026456 -0.000000 0.069206 0.000000 0.000000 -0.168176 0.062292 -0.072505 0.114861 -0.000000 -0.052531 0.123577 -0.150521 -0.000000 -0.031368 -0.000000 0.243288 -0.144364 -0.007429 0.000000 0.055791 0.101823 0.000000 0.005865 -0.000000 -0.096870 -0.228155 0.000000 0.062963 -0.000000 0.095429 -0.000000 -0.126082 -0.000000 0.000000 0.000000 0.066055 -0.128811 0.000000 -0.099457 0.005773 0.105647 -0.078775
  -0.094095 -0.172403 -0.009084 -0.024171 -0.321519 -0.038172 -0.090912 -0.079255 -0.093382 -0.278830 -0.138969 -0.000000 0.030894 -0.000000 -0.000000 -0.060548 0.000000 0.074220 0.000000 -0.035255 0.115621 -0.176267 -0.034641 0.075972 -0.777789 -0.000000 0.000000 -0.131643 0.000000 0.105562 -0.251963 -0.067924 -0.060269 -0.104579 0.000000 -0.000000 -0.103459 0.000000 -0.144649 -0.274183 -0.061162 -0.267076 -0.044247 -0.076277 -0.310404 0.023519 -0.000000 -0.231806 -0.000000 -0.167245 -0.254406 -0.072169 -0.250115 0.000000 -0.124764 0.000000 -0.000011 -0.150148 -0.000000 0.066727 -0.000000 0.000000 0.043476 -0.205128 -0.071828 -0.221804 -0.000000 -0.065977 0.028745 -0.076117 0.000000 -0.135846 0.000000 -0.158533 -0.012002 -0.163977 0.000000 -0.015339 -0.272433 -0.000000 0.098881 -0.000000 0.064632 -0.199337 -0.000000 0.057444 -0.000000 -0.094961 -0.000000 0.075948 -0.000000 0.000000 -0.000000 0.105449 0.052848 0.000000 -0.151267 -0.034385 -0.200265 -0.203165
  0.170743 0.103329 0.044703 0.105144 -0.106576 -0.089874 0.045940 0.088980 -0.032906 0.080292 -0.104380 -0.000000 -0.003870 -0.000000 -0.000000 0.164348 -0.000000 0.148387 -0.000000 0.166699 0.046452 0.135944 0.313770 0.139361 0.105622 0.000000 -0.000000 -0.019385 0.000000 0.051772 0.025320 -0.070490 -0.114555 0.111515 -0.000000 0.000000 0.126814 -0.000000 0.070682 -0.117775 -0.332842 -0.087459 0.092886 -0.030313 0.198341 0.048250 -0.000000 0.097834 -0.000000 0.084222 -0.075094 0.093631 -0.079441 -0.000000 -0.054291 0.000000 -0.000003 0.133957 -0.000000 0.102676 0.000000 -0.000000 -0.072285 0.086487 0.062912 0.053957 0.000000 0.002306 -0.089519 0.075771 -0.000000 0.068670 -0.000000 0.006825 -0.021313 -0.090937 -0.000000 0.102911 0.132767 -0.000000 -0.010657 -0.000000 0.123767 -0.142884 0.000000 0.018577 -0.000001 0.151212 -0.000000 0.049708 -0.000000 -0.000000 -0.000000 0.169455 0.081423 -0.000000 0.140172 -0.052626 -0.055705 -0.053408
  -0.122270 -0.223993 0.144411 -0.076328 -0.117060 -0.130365 0.067493 0.112410 -0.036358 -0.092417 -0.073822 -0.000000 -0.133708 -0.000000 -0.000000 0.009143 -0.000000 0.123391 0.000000 0.029235 -0.038962 -0.030471 -0.080328 0.108795 0.077228 -0.000000 0.000000 -0.041115 0.000000 -0.118222 -0.055847 -0.027152 -0.089139 0.108084 -0.000000 -0.000000 0.024287 0.000000 -0.021746 0.085633 0.023102 -0.019770 -0.115131 -0.004628 0.091742 0.039718 0.000000 -0.018269 -0.000000 -0.089579 -0.040399 0.066155 0.073928 -0.000000 0.013708 -0.000000 -0.000009 -0.075426 -0.000000 -0.105487 -0.000000 -0.000000 -0.166084 0.055445 -0.044320 0.149809 -0.000000 -0.018489 -0.061615 -0.130025 0.000000 -0.134249 0.000000 0.084840 0.020916 -0.014390 0.000000 -0.012108 0.057022 -0.000000 -0.121816 -0.000000 -0.059017 0.101718 -0.000000 0.088782 -0.000001 -0.020663 -0.000000 -0.017606 -0.000000 -0.000000 0.000000 -0.164280 -0.001453 0.000000 0.044528 0.005412 -0.073899 0.117321
  0.082165 -0.102177 -0.021511 0.002778 -0.087465 0.197583 -0.046252 0.136124 -0.068503 0.026512 0.158195 -0.000000 -0.020932 -0.000000 -0.000000 0.003664 -0.000000 -0.045700 -0.000000 0.027315 0.105442 0.099401 -0.192614 -0.182140 0.120662 -0.000000 0.000000 0.142319 0.000000 -0.024072 0.147457 0.134644 0.082121 0.007349 -0.000000 -0.000000 0.050513 0.000000 -0.010930 0.036550 -0.099894 0.089818 0.160527 -0.039639 -0.115776 -0.057500 0.000000 0.130348 -0.000000 0.001671 0.170071 -0.112881 0.083300 -0.000000 0.160643 -0.000000 -0.000003 0.150804 -0.000000 -0.218393 0.000000 -0.000000 -0.176743 0.043099 0.054105 -0.082720 -0.000000 -0.067218 0.042055 0.157767 0.000000 0.086114 -0.000000 0.187804 0.050149 -0.037878 0.000000 0.123086 0.115821 0.000000 -0.039894 -0.000000 -0.037904 -0.044512 -0.000000 0.135243 -0.000001 0.044538 0.000000 0.141716 -0.000000 -0.000000 -0.000000 -0.029833 -0.063660 -0.000000 -0.036975 0.057877 0.164939 -0.063224
  0.082314 0.218587 -0.096881 0.192354 0.036409 0.018570 0.083105 -0.030115 0.135841 -0.106714 0.117284 -0.000000 0.097360 -0.000000 0.000000 0.145046 -0.000000 0.054269 -0.000000 0.131624 0.025567 0.131108 0.141620 0.016154 -0.156685 0.000000 0.000000 -0.058012 -0.000000 0.169160 -0.020678 0.075464 -0.065570 -0.091260 0.000000 -0.000000 -0.048903 0.000000 -0.020246 0.145316 0.250739 -0.049516 -0.114537 0.074695 0.059602 -0.100528 0.000000 -0.097978 -0.000000 -0.062153 -0.067187 -0.037590 0.149493 0.000000 0.109000 -0.000000 -0.000005 -0.065422 -0.000000 0.138898 0.000000 -0.000000 0.204090 -0.075326 0.147900 -0.108673 -0.000000 -0.009783 0.006124 0.034338 -0.000000 -0.000007 0.000000 0.154573 0.109376 -0.039846 0.000000 0.051755 -0.018559 -0.000000 -0.035688 -0.000000 -0.043760 -0.084519 0.000000 0.061421 -0.000000 0.086873 -0.000000 0.123336 -0.000000 -0.000000 0.000000 -0.009625 0.024617 0.000000 -0.103985 -0.006711 0.004506 0.045225
  0.080793 0.085284 -0.044805 -0.147824 0.070157 0.061904 -0.096561 -0.007496 0.073395 0.052740 0.003907 -0.000000 0.162735 0.000000 -0.000000 -0.053405 -0.000000 -0.073470 -0.000000 0.003519 -0.056927 0.017704 -0.082018 0.072325 0.355973 -0.000000 -0.000000 0.099200 0.000000 -0.042766 0.073489 0.014496 0.114981 -0.013060 0.000000 -0.000000 -0.056007 0.000000 -0.001472 -0.082399 -0.145665 0.040666 0.033117 -0.046434 0.182625 -0.127747 -0.000000 0.112580 -0.000000 -0.074300 0.006706 0.113804 -0.121847 0.000000 0.081039 -0.000000 -0.000008 -0.055986 -0.000000 0.131412 0.000000 -0.000000 0.029590 0.002500 -0.040955 -0.048166 -0.000000 0.036355 -0.053134 -0.078263 0.000000 0.070646 -0.000000 0.009120 0.033290 -0.061037 -0.000000 0.051804 -0.140318 -0.000000 -0.147504 -0.000000 -0.081002 0.068537 -0.000000 -0.111142 -0.000002 0.112428 -0.000000 -0.042920 -0.000000 -0.000000 -0.000000 -0.078538 -0.036081 -0.000000 0.041529 -0.075168 -0.001097 -0.142755
  -0.177100 0.024155 0.061143 0.004327 -0.103378 -0.126083 -0.138942 -0.226251 -0.012266 -0.215530 -0.175105 0.000000 -0.079390 0.000000 -0.000000 -0.045674 -0.000000 -0.085155 -0.000000 0.004874 0.075603 -0.216178 -0.071331 0.171992 0.141088 -0.000000 -0.000000 -0.216328 0.000000 -0.016411 -0.213939 -0.078505 0.039612 -0.094563 -0.000000 -0.000000 -0.030132 0.000000 -0.036592 -0.185272 0.029497 -0.075371 -0.194206 -0.066157 -0.231556 -0.017537 -0.000000 -0.072032 -0.000000 0.028605 0.001308 0.215600 -0.233329 0.000000 -0.128630 0.000000 -0.000008 0.030980 -0.000000 0.074898 -0.000000 -0.000000 0.081997 -0.234603 0.010311 -0.227823 -0.000000 -0.108543 -0.038171 -0.012816 -0.000000 -0.218233 -0.000000 -0.038757 -0.052785 -0.035850 0.000000 -0.118223 -0.129017 -0.000000 -0.128033 -0.000000 0.089351 -0.188642 0.000000 0.047138 -0.000001 -0.174461 -0.000000 -0.056537 -0.000000 0.000000 -0.000000 0.039689 -0.005279 0.000000 -0.071552 -0.007888 -0.258425 -0.000336
  0.118346 -0.019065 0.098689 -0.020762 -0.092033 -0.033656 -0.050090 0.005214 -0.041066 0.029305 0.039024 -0.000000 -0.174680 0.000000 -0.000000 -0.020355 -0.000000 0.109896 0.000000 0.039175 -0.060624 0.095726 -0.038107 0.015817 -0.081320 -0.000000 -0.000000 0.142028 0.000000 0.036545 0.115741 0.071946 0.123066 0.038335 0.000000 -0.000000 0.165088 -0.000000 0.024653 0.119479 -0.145057 0.064540 -0.054397 0.026808 0.115922 0.107507 0.000000 -0.091752 -0.000000 0.094115 0.131955 -0.109360 0.146009 -0.000000 -0.046340 -0.000000 -0.000004 0.050158 -0.000000 0.054218 0.000000 -0.000000 -0.019073 0.036044 0.040049 0.113233 0.000000 0.127514 0.085068 -0.074825 -0.000000 0.025719 -0.000000 0.119966 0.058656 0.031053 -0.000000 -0.036568 0.058700 -0.000000 0.046921 -0.000000 0.093330 0.130853 -0.000000 0.031640 -0.000001 -0.008450 -0.000000 -0.079058 -0.000000 -0.000000 0.000000 0.100597 0.117058 0.000000 0.068284 0.021718 0.136939 0.167598
  -0.000000 0.000000 0.000000 0.000000 -0.000000 -0.000000 -0.000000 -0.000000 0.000000 -0.000000 -0.000000 0.000000 -0.000000 -0.000000 -0.000000 -0.000000 0.000000 0.000000 0.000000 -0.000000 0.000000 -0.000000 -0.000000 -0.000000 -0.000000 -0.000000 -0.000000 0.000000 -0.000000 -0.000000 -0.000000 0.000000 -0.000000 0.000000 0.000000 -0.000000 -0.000000 -0.000000 0.000000 -0.000000 -0.000000 -0.000000 0.000000 -0.000000 -0.000000 0.000000 0.000000 0.000000 -0.000000 0.000000 0.000000 -0.000000 0.000000 -0.000000 0.000000 -0.000000 0.000000 -0.000000 0.000000 -0.000000 0.000000 0.000000 -0.000000 0.000000 0.000000 -0.000000 -0.000000 0.000000 -0.000000 -0.000000 -0.000000 -0.000000 -0.000000 -0.000000 0.000000 0.000000 -0.000000 0.000000 0.000000 0.000000 -0.000000 -0.000000 0.000000 0.000000 0.000000 0.000000 -0.000000 0.000000 -0.000000 -0.000000 0.000000 -0.000000 -0.000000 0.000000 -0.000000 0.000000 0.000000 0.000000 -0.000000 -0.000000
  0.012647 -0.023873 -0.003524 0.162630 -0.032448 0.112144 -0.107667 0.078032 0.100420 0.007906 -0.019608 0.000000 0.112534 0.000000 -0.000000 -0.010904 -0.000000 0.159388 -0.000000 0.146540 0.031620 0.028879 -0.016268 0.019592 -0.000964 -0.000000 -0.000000 0.122408 0.000000 0.075805 0.173350 -0.099584 0.045145 0.148085 0.000000 -0.000000 -0.053601 0.000000 0.054231 0.156145 0.124379 0.100423 0.131725 0.084238 0.253174 0.072266 0.000000 0.011683 -0.000000 -0.069763 0.175031 -0.116942 0.107623 -0.000000 0.032662 0.000000 -0.000003 0.058692 -0.000000 0.151131 -0.000000 0.000000 0.014076 0.169782 0.054311 0.066094 -0.000000 0.151884 0.032377 0.000958 -0.000000 0.015300 -0.000000 -0.029784 0.149943 -0.073852 0.000000 -0.046845 0.019142 -0.000000 -0.008264 -0.000000 0.075233 -0.020541 -0.000000 0.031532 -0.000001 0.108438 -0.000000 0.097766 -0.000000 -0.000000 -0.000000 0.163185 0.115447 -0.000000 0.066676 -0.019529 0.048619 0.091934
  -0.011307 0.160389 0.128570 0.030275 0.005052 0.009328 0.063037 -0.023491 0.090419 0.134834 0.001264 0.000000 0.159072 -0.000000 -0.000000 0.168804 -0.000000 -0.101147 -0.000000 -0.068841 0.155878 -0.053513 -0.044691 0.088907 -0.044719 0.000000 -0.000000 0.124657 -0.000000 0.118761 0.069066 -0.051019 -0.124575 -0.011886 -0.000000 0.000000 0.108885 -0.000000 0.068998 0.044135 0.161498 -0.004554 -0.042955 -0.048815 -0.008564 0.004919 -0.000000 -0.099047 -0.000000 -0.055125 -0.038496 0.017333 -0.051589 0.000000 -0.017409 -0.000000 -0.000005 -0.077690 -0.000000 0.166521 -0.000000 -0.000000 -0.124833 0.013098 0.047416 0.037049 -0.000000 -0.056950 -0.055443 0.110844 0.000000 -0.070217 -0.000000 -0.010279 -0.101137 -0.027202 -0.000000 0.087744 0.030109 -0.000000 -0.112984 -0.000000 -0.081741 0.064055 -0.000000 0.040999 -0.000000 -0.096354 -0.000000 -0.064960 -0.000000 0.000000 -0.000000 -0.234744 0.024070 0.000000 0.146572 0.100058 0.015575 0.043188
  0.101943 -0.110883 -0.079561 -0.137423 -0.087516 -0.016269 0.076023 -0.022211 -0.116688 0.066674 0.098895 -0.000000 -0.028810 -0.000000 0.000000 0.131796 -0.000000 0.064774 0.000000 0.004676 -0.036693 0.022893 -0.089712 -0.050102 -0.158595 -0.000000 -0.000000 -0.116879 -0.000000 -0.008242 -0.104296 0.058081 -0.073087 -0.003708 -0.000000 0.000000 -0.085786 -0.000000 -0.132722 -0.011120 -0.058001 -0.058415 -0.016376 -0.122086 -0.100437 0.007113 -0.000000 -0.097512 -0.000000 -0.100299 -0.007900 -0.097950 -0.106362 -0.000000 0.112667 0.000000 -0.000014 -0.046311 -0.000000 -0.006145 -0.000000 0.000000 0.045353 0.129559 -0.102927 0.088641 -0.000000 -0.083350 -0.046526 -0.086402 -0.000000 -0.094750 0.000000 0.009882 0.131873 -0.038555 0.000000 -0.095710 0.060578 -0.000000 -0.127372 -0.000000 -0.242784 -0.028219 0.000000 -0.009578 -0.000001 0.072648 -0.000000 0.052769 -0.000000 -0.000000 -0.000000 0.073359 -0.022093 -0.000000 -0.147853 0.022838 -0.151993 -0.012441
  0.057713 0.068644 0.055771 0.133096 0.181889 0.039075 -0.038000 0.113938 -0.008470 0.069871 -0.047495 -0.000000 -0.034535 -0.000000 0.000000 -0.084220 -0.000000 -0.078275 0.000000 0.000667 -0.154824 0.255100 -0.044070 0.013700 -0.066317 -0.000000 0.000000 0.034061 -0.000000 -0.142849 0.026743 -0.100991 0.035692 0.043921 0.000000 -0.000000 0.028270 0.000000 0.274314 -0.128431 0.011081 0.175851 -0.032118 0.114438 0.179857 0.129192 0.000000 -0.046415 -0.000000 -0.182285 0.267810 -0.092381 -0.094606 0.000000 0.048773 -0.000000 -0.000011 -0.173349 -0.000000 0.063871 -0.000000 0.000000 0.149119 0.045855 0.018995 0.051727 -0.000000 -0.057285 -0.051564 0.036850 0.000000 -0.044905 0.000000 -0.241867 0.169258 -0.201104 -0.000000 -0.022334 -0.004806 -0.000000 0.094697 -0.000000 -0.231801 0.127086 0.000000 0.058007 -0.000001 0.046213 -0.000000 -0.062493 -0.000000 0.000000 0.000000 -0.111392 -0.068359 -0.000000 -0.033369 -0.173689 -0.065987 0.157206
  -0.067202 0.223948 0.027819 0.042514 0.010296 0.041621 0.006786 -0.020715 0.134336 0.130843 0.025454 0.000000 0.078298 -0.000000 -0.000000 -0.027256 0.000000 0.067906 -0.000000 -0.033364 -0.014063 -0.173353 0.128774 0.154152 0.005162 -0.000000 0.000000 -0.158310 -0.000000 0.144697 -0.069497 -0.121751 -0.129706 0.017452 0.000000 0.000000 -0.191043 0.000000 -0.038009 -0.132599 -0.032434 -0.076908 0.049214 0.076037 -0.022101 0.060883 0.000000 0.095154 -0.000000 -0.010509 -0.044060 0.131024 -0.181289 0.000000 -0.091622 -0.000000 -0.000008 0.036193 -0.000000 0.115213 -0.000000 -0.000000 0.045461 -0.198145 0.009835 -0.010969 -0.000000 0.020330 -0.035773 -0.161628 -0.000000 -0.052431 -0.000000 -0.060583 -0.076459 0.053227 -0.000000 -0.005989 -0.020356 -0.000000 0.011607 -0.000000 0.137986 -0.032481 -0.000000 0.006564 -0.000002 0.091300 0.000000 -0.030901 -0.000000 -0.000000 -0.000000 -0.001892 -0.108329 -0.000000 -0.169059 0.106781 -0.168335 0.063325
  0.089301 0.165644 0.057016 0.134643 0.030870 -0.052612 -0.083059 0.009695 0.154262 0.016599 -0.071689 -0.000000 -0.049792 -0.000000 -0.000000 -0.125844 -0.000000 0.062472 -0.000000 0.029981 -0.083487 0.087858 0.163637 -0.019057 -0.303781 -0.000000 0.000000 -0.126198 0.000000 -0.026044 -0.052035 0.036218 -0.068614 0.098235 -0.000000 0.000000 -0.128049 0.000000 0.072136 -0.097158 -0.346242 -0.062682 0.116450 -0.080611 -0.114009 -0.147581 -0.000000 -0.000118 0.000000 -0.016262 0.076140 0.083571 -0.134867 -0.000000 0.011755 0.000000 -0.000002 -0.098516 -0.000000 0.024969 0.000000 0.000000 0.273411 -0.036291 -0.000758 -0.020312 -0.000000 -0.024146 -0.150455 -0.118587 0.000000 0.055732 -0.000000 0.008987 -0.055563 0.064379 0.000000 0.057734 0.050274 -0.000000 -0.056075 -0.000000 0.048287 0.083400 -0.000000 -0.115238 -0.000001 0.111707 -0.000000 0.012883 -0.000000 -0.000000 -0.000000 0.057532 -0.015347 0.000000 -0.067997 -0.138138 0.101239 -0.050691
  0.062083 0.029475 -0.022465 0.000520 -0.070324 -0.021396 -0.065178 0.130433 -0.089846 0.086252 0.160820 -0.000000 -0.030339 -0.000000 -0.000000 0.045967 -0.000000 0.175690 0.000000 0.140230 0.147309 0.024715 -0.059606 0.068005 0.037941 -0.000000 -0.000000 0.059214 0.000000 0.169996 -0.020532 0.107366 0.037213 -0.024141 0.000000 -0.000000 0.083891 -0.000000 0.022852 0.057857 -0.022372 -0.044399 0.162862 0.033159 0.006488 0.005394 -0.000000 0.025039 -0.000000 0.059490 0.047197 0.038640 -0.065045 -0.000000 -0.056018 -0.000000 -0.000004 0.067162 -0.000000 -0.093473 0.000000 0.000000 0.018416 0.006709 0.156600 0.127477 -0.000000 -0.049843 -0.023394 -0.027271 -0.000000 0.135342 -0.000000 -0.069679 -0.029520 -0.045375 -0.000000 0.120882 0.057446 -0.000000 0.010926 -0.000000 -0.171530 0.075996 0.000000 0.093232 -0.000001 -0.106188 0.000000 0.123529 -0.000000 -0.000000 0.000000 0.132648 0.127591 -0.000000 0.098192 0.175205 0.089356 0.057837
  -0.047587 -0.146198 -0.088096 0.125946 -0.052972 -0.211581 -0.112682 -0.085255 0.275923 -0.124386 -0.034131 0.000000 0.274608 -0.000000 -0.000000 -0.175127 -0.000000 0.001797 0.000000 -0.221496 -0.224387 -0.131006 0.182556 -0.168407 -0.293896 0.000000 -0.000000 -0.019154 -0.000000 -0.032128 -0.141391 -0.234496 -0.001203 -0.172737 0.000000 -0.000000 -0.270680 -0.000000 -0.111717 -0.079985 -0.082602 -0.094709 -0.067801 -0.057725 0.012358 -0.003502 -0.000000 -0.162838 -0.000000 -0.179500 -0.286121 0.151508 -0.207692 -0.000000 -0.088713 -0.000000 -0.000007 -0.246456 -0.000000 0.011887 -0.000000 -0.000000 0.239060 -0.120729 -0.035086 -0.284454 -0.000000 -0.224157 -0.214273 -0.180312 -0.000000 -0.111363 0.000000 -0.170409 -0.054918 -0.261431 -0.000000 -0.139610 -0.288305 -0.000000 -0.155874 -0.000000 0.139728 -0.272125 0.000000 -0.052882 -0.000001 -0.025734 -0.000000 -0.195904 -0.000000 0.000000 0.000000 -0.000268 0.009159 0.000000 -0.034268 -0.067748 -0.043532 -0.285925
  -0.139628 0.072646 0.067746 -0.106080 0.053434 -0.159268 -0.092751 -0.006664 -0.080695 0.002244 -0.096624 -0.000000 -0.191607 -0.000000 0.000000 -0.176820 -0.000000 -0.070966 0.000000 0.056766 -0.114521 0.018598 -0.010664 0.036285 0.044857 -0.000000 0.000000 -0.079679 -0.000000 0.041249 -0.017273 0.002979 -0.042913 -0.027554 -0.000000 -0.000000 -0.029315 0.000000 -0.093188 -0.064686 -0.026586 0.009861 0.082733 0.057847 -0.105232 0.126041 0.000000 0.032651 -0.000000 -0.005228 -0.093965 -0.054532 0.059183 -0.000000 -0.220134 0.000000 -0.000008 -0.159246 -0.000000 0.027938 -0.000000 0.000000 -0.039575 -0.116908 -0.100042 -0.062965 -0.000000 0.005779 0.044173 0.011857 0.000000 -0.102010 -0.000000 0.007057 -0.126704 -0.184687 0.000000 -0.093824 0.071516 -0.000000 -0.202879 -0.000000 -0.201016 -0.028185 0.000000 0.082922 -0.000001 -0.099018 -0.000000 0.006764 -0.000000 0.000000 -0.000000 0.133721 -0.040025 -0.000000 -0.193411 -0.104701 -0.011563 -0.189334
  0.104571 -0.070270 0.103608 -0.071275 0.016815 0.022323 -0.019139 0.087952 -0.097814 0.126496 -0.015406 0.000000 0.092063 -0.000000 -0.000000 -0.047204 -0.000000 -0.013947 -0.000000 0.077789 0.175711 0.084040 0.013718 -0.044419 -0.025582 -0.000000 -0.000000 0.179645 -0.000000 0.159429 0.184761 -0.039969 0.107755 0.036296 -0.000000 -0.000000 0.133129 -0.000000 -0.065718 0.119184 -0.269173 -0.010340 -0.010825 0.032624 -0.150525 -0.038984 0.000000 0.119566 -0.000000 0.009476 0.093176 -0.007812 -0.003666 -0.000000 0.188529 -0.000000 -0.000006 0.151018 -0.000000 -0.111416 0.000000 -0.000000 0.051029 0.085098 0.163704 0.212101 -0.000000 0.166637 0.056508 0.051743 -0.000000 0.123646 0.000000 -0.029537 0.190321 0.134485 0.000000 0.173351 0.034346 -0.000000 -0.015183 -0.000000 -0.157697 0.175835 0.000000 0.096459 -0.000001 -0.033759 -0.000000 0.033153 -0.000000 -0.000000 -0.000000 -0.095700 0.115110 -0.000000 0.061298 0.011907 0.205821 -0.004486
  -0.074873 0.115762 -0.027361 0.182194 0.026198 -0.135826 -0.185987 0.012773 -0.002353 0.012890 -0.014548 -0.000000 -0.105598 0.000000 0.000000 -0.260834 -0.000000 -0.030789 0.000000 -0.039488 -0.146204 0.054349 0.070773 0.074221 -0.023701 -0.000000 0.000000 -0.075631 0.000000 0.011496 -0.150669 0.000366 -0.115623 0.008599 -0.000000 -0.000000 -0.010344 0.000000 -0.038877 -0.034368 -0.017621 -0.052055 -0.058254 -0.052943 0.033062 -0.118098 -0.000000 -0.296760 -0.000000 -0.047172 -0.010618 0.110324 0.007061 0.000000 -0.016653 0.000000 -0.000009 -0.113360 -0.000000 0.109781 0.000000 -0.000000 0.072021 -0.034978 0.050183 -0.110400 -0.000000 -0.049775 -0.134682 0.095321 -0.000000 -0.113892 -0.000000 -0.310494 -0.044831 -0.192390 0.000000 0.050236 -0.165183 -0.000000 -0.092821 -0.000000 -0.000007 -0.046963 0.000000 0.034545 -0.000001 -0.092831 -0.000000 0.071751 -0.000000 -0.000000 0.000000 -0.103236 -0.071431 -0.000000 -0.074128 -0.243266 -0.083311 -0.055941
  -0.105812 -0.054656 -0.064769 -0.097338 0.060442 0.082840 0.097552 0.036939 -0.069435 0.106751 0.085123 -0.000000 0.150414 -0.000000 0.000000 0.122790 -0.000000 0.124487 0.000000 -0.058963 -0.014052 -0.089660 0.004748 -0.040475 0.020730 -0.000000 0.000000 0.128662 -0.000000 -0.022367 -0.061847 0.076205 -0.107191 0.066161 -0.000000 -0.000000 0.144646 -0.000000 0.015041 -0.116652 0.038819 0.024558 -0.028612 -0.086586 0.053823 0.069202 0.000000 0.022637 -0.000000 -0.044108 -0.015490 -0.052305 -0.041543 -0.000000 0.033171 -0.000000 -0.000005 -0.077087 -0.000000 0.068755 0.000000 -0.000000 -0.059030 -0.109741 -0.023602 0.099144 -0.000000 -0.044684 0.069240 0.105240 -0.000000 0.081461 -0.000000 -0.077718 -0.004662 0.025538 0.000000 -0.088859 0.035312 -0.000000 0.025823 -0.000000 -0.105945 0.118388 0.000000 0.003225 -0.000001 -0.036270 -0.000000 0.118193 -0.000000 -0.000000 -0.000000 -0.431419 0.000989 -0.000000 -0.056680 0.104383 0.040839 0.111389
  0.084798 0.023900 0.067687 0.135043 -0.034349 -0.052801 -0.139718 -0.001445 0.032555 0.026436 -0.087542 0.000000 0.022703 -0.000000 -0.000000 0.046229 -0.000000 -0.058491 -0.000000 0.066161 0.083850 0.009873 0.154660 0.100459 -0.129025 -0.000000 0.000000 -0.077587 -0.000000 -0.038936 -0.093301 0.086911 -0.013069 0.083152 0.000000 0.000000 0.057266 -0.000000 -0.029007 0.034139 -0.044654 -0.128600 0.102238 0.054702 -0.037356 0.052294 0.000000 -0.043789 -0.000000 0.136338 -0.019406 -0.039643 0.002535 0.000000 -0.070501 -0.000000 -0.000005 0.138482 -0.000000 0.175516 0.000000 -0.000000 0.263138 0.128455 0.126106 -0.073982 -0.000000 0.080819 0.142882 -0.089495 0.000000 -0.035943 -0.000000 0.063896 0.086276 0.002313 0.000000 0.149727 -0.025129 0.000000 -0.032973 -0.000000 0.038175 0.146587 0.000000 0.076238 0.000000 -0.073781 -0.000000 -0.132287 -0.000000 -0.000000 -0.000000 -0.103718 0.008942 0.000000 0.121922 0.091356 -0.020738 0.125376
  0.108015 -0.001128 -0.062001 0.028451 0.062646 0.102600 0.094176 0.072126 0.176868 0.047995 -0.065003 0.000000 -0.037297 0.000000 0.000000 0.095389 -0.000000 0.013186 -0.000000 -0.002924 0.061971 0.092354 0.086954 -0.007933 -0.041942 -0.000000 -0.000000 0.032632 0.000000 0.078082 0.020363 0.137827 -0.068953 0.186112 -0.000000 -0.000000 0.145154 -0.000000 0.093641 0.123854 0.162530 0.176681 -0.025716 0.090358 -0.125202 0.020766 0.000000 -0.004168 -0.000000 0.036515 0.080498 0.156902 -0.070030 0.000000 0.147510 -0.000000 -0.000002 0.040480 -0.000000 -0.087279 0.000000 -0.000000 0.187392 0.139552 0.083139 -0.091178 -0.000000 -0.051476 0.155530 -0.042849 -0.000000 0.035127 -0.000000 -0.050641 0.062561 -0.083092 -0.000000 -0.003053 0.113148 0.000000 0.013796 -0.000000 -0.152089 0.155466 -0.000000 0.083830 -0.000001 0.111478 -0.000000 -0.024052 -0.000000 -0.000000 0.000000 0.078263 0.099019 -0.000000 0.098603 0.074643 0.130552 -0.085032
  -0.194099 0.135652 -0.192124 0.204430 0.018011 -0.064555 0.048542 -0.220538 0.281763 -0.287813 -0.113562 0.000000 0.115358 0.000000 -0.000000 0.077021 -0.000000 -0.133105 -0.000000 -0.084445 -0.108047 -0.004977 0.383030 0.256877 -0.094815 0.000000 -0.000000 0.011178 0.000000 0.082661 0.007011 -0.173069 -0.133848 -0.210935 -0.000000 -0.000000 -0.092567 0.000000 0.018113 -0.018503 0.127651 -0.221788 -0.205931 -0.013226 0.225366 -0.145857 -0.000000 -0.112308 -0.000000 -0.063567 -0.090951 0.170276 -0.111943 -0.000000 -0.181752 -0.000000 -0.000003 0.001036 -0.000000 0.085786 0.000000 0.000000 0.080291 -0.050433 -0.090804 -0.057509 0.000000 -0.172067 0.004426 -0.181501 -0.000000 0.027794 0.000000 -0.150268 -0.087183 -0.191444 -0.000000 0.001327 0.048956 0.000000 -0.150353 -0.000000 0.065782 -0.048599 0.000000 -0.046138 -0.000001 -0.109151 -0.000000 0.019689 -0.000000 -0.000000 -0.000000 0.215422 -0.181995 0.000000 0.027095 0.070238 -0.117350 -0.167886
  0.035295 -0.076762 -0.020770 0.180257 0.071839 0.112943 -0.085915 0.105342 0.080226 0.208141 0.160330 0.000000 0.182974 -0.000000 -0.000000 -0.062184 -0.000000 -0.049720 -0.000000 0.005493 -0.065953 -0.058980 0.170659 -0.178094 -0.204726 -0.000000 0.000000 0.197263 0.000000 0.051492 -0.041376 0.180754 0.141150 0.158403 0.000000 -0.000000 0.176425 -0.000000 0.130553 -0.063808 0.101962 -0.023197 -0.008399 0.074010 0.254649 0.110973 -0.000000 -0.102314 -0.000000 0.216789 0.204108 -0.093702 0.167751 -0.000000 0.072673 -0.000000 -0.000010 0.119627 -0.000000 0.033224 -0.000000 -0.000000 0.112967 0.004422 0.010636 0.115894 -0.000000 0.114753 0.035224 0.191872 0.000000 0.169401 0.000000 -0.054464 0.211442 -0.048537 -0.000000 0.051438 -0.028175 0.000000 0.102236 -0.000000 0.155206 0.079596 -0.000000 0.077917 -0.000000 0.021001 0.000000 -0.001590 -0.000000 -0.000000 -0.000000 0.000000 0.167657 -0.000000 0.081214 0.097384 -0.000718 -0.027031
  0.180495 -0.028288 0.186077 -0.038496 0.101294 -0.049499 -0.026249 0.061451 -0.059460 -0.055058 -0.009551 -0.000000 0.015390 -0.000000 -0.000000 -0.039307 -0.000000 0.063501 -0.000000 0.126776 -0.103809 -0.028262 0.044382 -0.009832 -0.029593 -0.000000 -0.000000 0.144566 0.000000 0.086413 0.209001 -0.038692 0.072219 0.048219 -0.000000 -0.000000 -0.056253 0.000000 0.056125 0.062469 -0.127847 0.043555 0.170039 0.016538 0.066466 0.131105 0.000000 0.042294 -0.000000 0.016116 0.156561 -0.058665 -0.009085 -0.000000 0.132753 -0.000000 -0.000004 -0.031369 -0.000000 0.029486 -0.000000 0.000000 -0.078766 0.032058 0.152299 -0.051402 -0.000000 0.001940 0.034603 0.045622 -0.000000 -0.050332 0.000000 -0.024705 -0.036916 -0.086082 0.000000 0.036500 0.095574 0.000000 0.103474 -0.000000 -0.092990 0.009404 0.000000 0.045329 -0.000001 0.147451 -0.000000 -0.050629 -0.000000 -0.000000 -0.000000 0.126899 -0.026206 0.000000 0.107785 0.114537 -0.028751 -0.026293
  0.050285 -0.069740 -0.005913 -0.056998 -0.049671 -0.025513 0.121313 -0.028208 -0.152187 0.075120 0.181639 -0.000000 -0.168953 0.000000 0.000000 0.146094 -0.000000 -0.009673 0.000000 -0.066958 0.094558 0.116750 0.078901 -0.137332 -0.065638 -0.000000 0.000000 0.127379 -0.000000 0.010228 0.051641 -0.002796 0.134313 0.038709 0.000000 0.000000 0.123756 -0.000000 0.141283 -0.023526 0.014835 -0.033650 0.034707 -0.008547 -0.167923 0.174738 -0.000000 0.128815 -0.000000 -0.086592 0.109087 -0.038042 -0.079741 -0.000000 0.170232 -0.000000 -0.000004 0.044382 -0.000000 -0.155252 0.000000 0.000000 -0.017473 0.171156 0.136440 -0.079717 -0.000000 0.024394 -0.006494 0.031389 -0.000000 0.033466 0.000000 -0.034183 0.164385 0.046578 0.000000 0.142027 0.005007 -0.000000 0.023174 -0.000000 0.093563 0.139282 -0.000000 -0.069419 -0.000001 -0.068232 0.000000 -0.055695 -0.000000 -0.000000 -0.000000 0.025614 0.039675 0.000000 0.146666 0.036960 -0.081955 0.142029
  0.127882 0.130237 -0.094734 0.138908 -0.061300 0.081484 0.107715 -0.049242 0.157351 -0.036002 0.142094 -0.000000 0.162578 -0.000000 0.000000 0.041065 -0.000000 -0.087870 0.000000 -0.076412 0.004641 -0.043472 0.169225 -0.118696 -0.028505 -0.000000 -0.000000 -0.064296 -0.000000 0.139753 0.081304 0.025234 -0.129873 0.060521 -0.000000 0.000000 -0.063317 -0.000000 -0.016601 0.099846 -0.008234 0.026088 -0.095281 0.055946 0.183849 -0.013368 -0.000000 0.114307 -0.000000 0.016633 0.052286 0.110892 -0.101142 0.000000 -0.004781 -0.000000 -0.000005 -0.041565 -0.000000 0.126659 0.000000 0.000000 0.226953 0.109240 -0.119783 -0.018056 -0.000000 -0.029124 0.021847 0.037703 -0.000000 0.124730 0.000000 0.033863 0.147754 -0.005754 -0.000000 0.025396 0.105065 0.000000 0.088394 -0.000000 -0.074813 0.126531 0.000000 -0.088332 0.000000 0.136457 0.000000 0.116856 -0.000000 0.000000 0.000000 -0.072488 -0.117582 0.000000 0.003827 0.081814 0.013679 0.007687
  -0.039787 -0.194294 -0.044347 -0.086035 0.182433 -0.073296 -0.034087 0.083532 0.009071 -0.037689 0.131886 0.000000 -0.148002 -0.000000 0.000000 0.132963 -0.000000 -0.096974 -0.000000 0.070175 -0.061270 0.042679 -0.026323 -0.072671 0.104969 -0.000000 -0.000000 0.143437 -0.000000 0.119111 -0.020064 -0.087528 0.063913 0.049143 0.000000 -0.000000 -0.007578 -0.000000 0.039336 -0.003531 0.058071 0.125649 0.147135 0.175242 -0.051694 0.106585 -0.000000 0.088556 -0.000000 0.197435 0.132550 0.148137 0.149321 0.000000 0.139997 -0.000000 -0.000005 0.003003 -0.000000 -0.027832 -0.000000 -0.000000 0.086545 0.171407 -0.045402 0.016781 -0.000000 0.005385 0.113856 0.057107 0.000000 0.151839 0.000000 -0.067523 0.110750 0.011830 -0.000000 -0.068223 0.065775 -0.000000 -0.018579 -0.000000 0.020858 -0.017041 -0.000000 0.140341 -0.000001 0.160140 0.000000 -0.000225 -0.000000 -0.000000 -0.000000 -0.029994 0.081305 -0.000000 0.056778 0.060936 0.010260 -0.082954
  -0.031678 -0.000268 0.157199 0.145684 0.188823 0.051937 0.065658 0.093062 0.069317 0.051109 -0.044477 0.000000 0.115394 -0.000000 0.000000 0.091340 -0.000000 0.085829 0.000000 0.146478 0.085141 0.151725 0.289331 0.082243 -0.176242 -0.000000 0.000000 -0.026212 0.000000 -0.067322 0.174427 0.148754 0.198932 -0.024393 0.000000 -0.000000 0.043326 -0.000000 0.137174 0.066261 -0.029276 0.124463 0.153822 0.156308 0.233131 0.059467 0.000000 0.190156 -0.000000 0.011006 0.089511 -0.071478 0.115133 0.000000 0.180708 0.000000 -0.000008 0.192662 -0.000000 0.354374 -0.000000 0.000000 0.156290 0.027351 -0.014825 0.158845 -0.000000 0.062819 0.195587 0.108016 0.000000 0.186204 -0.000000 0.020950 0.203064 0.190205 0.000000 0.220405 -0.005120 0.000000 0.067885 -0.000000 0.174426 0.139290 0.000000 0.021780 -0.000000 0.180723 0.000000 -0.013584 -0.000000 0.000000 -0.000000 -0.000000 0.187336 0.000000 0.108336 0.116763 -0.018992 0.086383
  0.022382 0.174225 0.153574 0.457681 0.147890 0.026577 0.137058 0.271416 0.084031 0.242321 0.128070 0.000000 -0.250087 -0.000000 -0.000000 0.090238 0.000000 0.193117 -0.000000 0.035161 0.052849 0.117228 -0.101500 0.423751 0.283868 0.000000 0.000000 0.154411 -0.000000 0.081623 0.155977 0.172649 0.009986 0.109835 -0.000000 0.000000 0.113587 0.000000 0.233556 0.057440 -0.112713 0.249637 0.111332 0.230276 -0.017942 0.002608 0.000000 0.199703 -0.000000 0.180011 0.282957 -0.006363 0.238120 0.000000 0.098854 0.000000 -0.000006 0.135004 -0.000000 0.377356 -0.000000 -0.000000 0.380084 0.125870 0.182632 0.035436 -0.000000 0.049140 0.170159 0.012018 0.000000 0.065647 -0.000000 0.026699 -0.010685 0.229275 0.000000 0.176706 0.046834 -0.000000 0.108618 -0.000000 0.126021 0.197890 -0.000000 0.046164 -0.000001 -0.026269 0.000000 0.056292 -0.000000 -0.000000 0.000000 -0.103613 0.232449 0.000000 0.255546 0.088628 0.208206 0.106658
  -0.037695 -0.032063 -0.065124 0.183453 -0.071324 0.057800 0.069812 0.041010 -0.009499 -0.042771 0.057323 -0.000000 0.114960 0.000000 0.000000 -0.056621 -0.000000 -0.054135 -0.000000 -0.036135 0.085336 -0.047388 -0.026270 0.083489 0.114997 -0.000000 -0.000000 0.018213 -0.000000 0.075680 0.027781 0.141229 0.101464 0.066388 -0.000000 -0.000000 0.107475 -0.000000 -0.069506 -0.063393 -0.165813 0.124748 -0.044023 0.043493 -0.097610 0.055724 0.000000 0.150432 -0.000000 -0.064090 0.050692 0.039730 0.050600 0.000000 -0.062999 0.000000 -0.000006 0.100577 -0.000000 0.052103 -0.000000 -0.000000 0.035016 -0.027052 0.091648 0.087285 -0.000000 0.025411 0.026126 0.065137 -0.000000 0.085472 -0.000000 -0.051243 -0.047087 -0.110728 -0.000000 0.100861 0.146969 -0.000000 0.156366 -0.000000 0.148074 0.069505 0.000000 -0.084568 -0.000001 -0.095167 0.000000 -0.010913 -0.000000 -0.000000 0.000000 -0.629311 -0.060723 -0.000000 0.001070 0.034248 0.128741 -0.081543
  -0.103490 -0.032284 -0.222193 -0.001685 0.050932 -0.181665 -0.082582 -0.125751 0.168579 -0.038791 -0.007943 0.000000 -0.035408 0.000000 0.000000 -0.083500 -0.000000 0.047215 -0.000000 -0.060041 -0.005403 -0.237189 0.174907 -0.125452 -0.025995 0.000000 -0.000000 -0.016556 0.000000 0.032457 -0.183077 -0.161633 -0.068637 -0.164220 -0.000000 0.000000 -0.096444 0.000000 0.009194 -0.130452 0.155992 -0.101836 0.061969 -0.088970 0.033940 0.062551 0.000000 0.033424 -0.000000 -0.228673 -0.097903 -0.021395 -0.070613 0.000000 -0.171747 -0.000000 -0.000016 -0.178409 -0.000000 0.051260 0.000000 -0.000000 -0.073786 -0.089317 -0.142724 0.010453 -0.000000 -0.031060 -0.120762 -0.070571 -0.000000 -0.042179 0.000000 -0.113525 0.077600 -0.153695 -0.000000 -0.074655 -0.219480 0.000000 -0.140766 -0.000000 -0.077992 -0.072433 -0.000000 0.015600 -0.000001 -0.084098 0.000000 -0.156503 -0.000000 -0.000000 0.000000 -0.065946 -0.001928 -0.000000 -0.250638 -0.181257 -0.209766 -0.121958
  -0.031661 0.061898 -0.179285 0.180060 -0.132762 -0.072920 -0.038494 -0.126636 0.144605 -0.133210 -0.194376 0.000000 -0.136102 0.000000 0.000000 -0.367756 -0.000000 -0.020260 0.000000 -0.131778 0.046051 -0.110687 0.006404 -0.111930 0.668562 -0.000000 0.000000 -0.205944 0.000000 0.125485 -0.157380 -0.096154 -0.108191 -0.151391 -0.000000 -0.000000 -0.101507 -0.000000 -0.214582 -0.280430 0.273421 -0.168210 -0.120763 -0.097156 0.180019 -0.016380 -0.000000 0.051023 -0.000000 -0.118160 -0.094395 0.159576 -0.281521 -0.000000 -0.154139 0.000000 -0.000014 -0.048066 -0.000000 0.200111 -0.000000 -0.000000 0.077142 -0.203686 0.023613 -0.289248 -0.000000 -0.095496 -0.026642 -0.144489 -0.000000 0.010320 -0.000000 -0.074158 -0.004371 -0.069753 0.000000 -0.007274 -0.201179 0.000000 -0.199407 -0.000000 0.000004 -0.203880 -0.000000 -0.130981 -0.000001 -0.161835 0.000000 -0.022817 -0.000000 0.000000 0.000000 -0.108904 0.024584 -0.000000 -0.097771 -0.113425 -0.174703 -0.113508
  -0.124341 -0.000177 -0.131483 -0.052578 -0.411266 0.001030 -0.034117 -0.051703 0.108993 -0.141254 -0.078937 0.000000 0.155449 -0.000000 0.000000 -0.125624 -0.000000 0.044775 -0.000000 0.049924 -0.017725 -0.333043 0.156189 0.027139 -0.233532 -0.000000 -0.000000 -0.120168 0.000000 -0.210508 -0.411617 -0.277564 -0.094409 -0.312946 0.000000 0.000000 -0.192620 -0.000000 -0.025955 -0.055320 0.076588 -0.209202 0.039767 -0.014937 -0.026233 -0.022824 -0.000000 -0.213604 -0.000000 -0.443307 -0.262283 -0.021694 -0.192216 0.000000 -0.219357 -0.000000 -0.000009 -0.053747 -0.000000 0.134171 0.000000 -0.000000 0.142912 -0.203366 -0.269490 -0.436568 -0.000000 -0.268042 -0.140397 -0.064603 -0.000000 0.016109 -0.000000 -0.341358 -0.136150 -0.220453 -0.000000 -0.222591 -0.411004 0.000000 -0.071810 -0.000000 -0.112930 -0.186241 0.000000 -0.109893 -0.000001 -0.058017 -0.000000 -0.038881 -0.000000 0.000000 -0.000000 0.031529 -0.091875 -0.000000 -0.185571 -0.132896 -0.151162 -0.166808
  0.685174 0.015220 0.768665 -0.064974 0.945069 0.440033 0.657285 0.848520 0.119066 0.940339 0.704258 -0.000000 0.395348 -0.000000 0.000000 0.578663 -0.000000 0.534371 0.000000 0.655348 0.591937 0.834442 0.211257 0.940965 -1.573480 -0.000000 0.000000 0.842055 -0.000000 0.512538 0.925498 0.584453 0.511681 0.841259 0.000000 -0.000000 0.647096 0.000000 0.898998 0.775806 0.606554 0.890152 0.584293 0.688839 0.252700 0.738942 -0.000000 0.608800 -0.000000 0.827435 0.751856 -0.663675 0.655559 -0.000000 0.930619 -0.000000 -0.000008 0.674840 -0.000000 0.605034 -0.000000 -0.000000 0.111725 0.879415 0.788326 0.810852 -0.000000 0.630171 0.605010 0.587135 0.000000 0.820171 0.000000 0.587175 0.801404 0.691675 0.000000 0.981803 0.766814 -0.000000 0.776108 -0.000000 0.720235 0.945779 0.000000 0.743217 0.000000 0.631275 -0.000000 0.720004 -0.000000 -0.000000 -0.000000 -0.305746 0.607086 -0.000000 0.790895 0.524488 0.798281 0.957921
  -0.095662 0.037608 0.023487 0.185825 -0.000627 0.128505 0.087531 -0.125595 -0.114507 -0.096777 -0.152357 0.000000 0.318693 -0.000000 0.000000 -0.045365 -0.000000 0.061874 -0.000000 -0.022055 -0.104340 -0.096418 0.118004 0.121762 -0.385090 -0.000000 0.000000 0.056956 -0.000000 0.016835 0.039164 0.024215 -0.107169 -0.016430 -0.000000 -0.000000 -0.016994 0.000000 -0.061976 -0.106187 -0.052398 0.033314 -0.103637 -0.017499 -0.085251 0.063816 -0.000000 -0.053805 -0.000000 0.094248 -0.052147 0.080038 0.064979 0.000000 -0.088353 0.000000 -0.000009 -0.071416 -0.000000 -0.002986 -0.000000 -0.000000 0.028949 -0.062473 0.005760 0.083703 -0.000000 -0.079880 0.111841 -0.081046 -0.000000 -0.143194 0.000000 -0.112224 -0.107256 -0.126671 -0.000000 -0.000063 0.056444 0.000000 -0.097566 -0.000000 0.277776 -0.213554 0.000000 -0.085850 -0.000001 -0.059266 -0.000000 0.052341 -0.000000 -0.000000 0.000000 0.000397 -0.161451 -0.000000 -0.045944 -0.076344 -0.017006 -0.127508
  0.014900 -0.060750 0.014907 -0.052247 -0.103201 -0.072624 0.174920 -0.054681 0.028977 -0.116941 -0.065739 -0.000000 0.073579 0.000000 0.000000 0.135443 -0.000000 0.049489 -0.000000 0.164391 0.094830 0.031363 -0.021259 -0.174583 0.093560 0.000000 -0.000000 -0.106806 0.000000 -0.063016 0.134548 -0.056691 0.148234 0.120009 -0.000000 0.000000 -0.022562 -0.000000 0.105135 -0.013115 -0.154192 -0.061145 0.001653 0.151031 0.072214 0.145012 0.000000 -0.041388 -0.000000 0.166309 -0.030551 -0.091756 -0.026427 0.000000 0.122609 -0.000000 -0.000007 0.169641 -0.000000 0.075841 0.000000 -0.000000 0.065090 0.015322 -0.068294 0.102968 -0.000000 0.190319 0.007481 0.133162 0.000000 -0.050317 0.000000 0.059975 0.149363 0.011792 0.000000 0.020748 -0.046240 -0.000000 -0.013166 -0.000000 -0.081963 0.045332 -0.000000 0.037282 -0.000001 0.138666 0.000000 0.006037 -0.000000 -0.000000 0.000000 0.138736 0.100137 -0.000000 0.103673 0.131099 -0.024919 0.048927
  -0.058132 -0.015373 0.167251 -0.256744 0.179040 0.121865 -0.046668 0.090862 -0.257695 0.056593 -0.056538 -0.000000 -0.196609 -0.000000 -0.000000 0.040995 -0.000000 0.014621 0.000000 0.065222 0.112611 0.016780 -0.103666 -0.359420 0.293654 0.000000 -0.000000 0.131500 -0.000000 0.087999 -0.025270 0.076483 0.166594 0.043273 0.000000 -0.000000 0.059674 0.000000 0.225059 0.121642 -0.367589 0.079970 -0.028050 0.023787 -0.160241 0.152380 0.000000 0.047702 0.000000 0.147527 0.000915 0.027663 -0.075224 -0.000000 0.188156 -0.000000 -0.000004 -0.012734 -0.000000 0.026477 -0.000000 -0.000000 -0.029543 0.002838 0.159667 -0.085863 -0.000000 0.096848 -0.037934 0.163447 -0.000000 -0.005630 0.000000 0.083732 0.113010 0.019547 0.000000 0.115249 -0.001193 0.000000 0.099309 0.000000 0.096158 0.131682 -0.000000 0.010701 0.000000 0.015356 0.000000 0.052411 -0.000000 -0.000000 -0.000000 0.302807 0.077487 -0.000000 -0.078222 0.066148 0.000219 0.192612
  -0.058364 0.092246 0.060826 -0.023702 0.019336 0.087442 0.116600 -0.073589 0.022538 -0.021351 -0.111139 0.000000 0.082347 -0.000000 0.000000 0.037299 -0.000000 -0.098690 0.000000 0.110095 0.056908 -0.129776 -0.055151 -0.110239 -0.163437 -0.000000 -0.000000 0.086330 -0.000000 0.044865 0.137849 -0.108778 0.111199 -0.084939 -0.000000 0.000000 0.108405 -0.000000 0.031063 0.057442 0.063673 -0.103770 0.095048 0.005777 -0.595995 -0.008332 -0.000000 0.114123 -0.000000 0.144983 -0.073884 0.098928 0.099159 0.000000 0.045357 -0.000000 -0.000007 0.084687 -0.000000 0.048654 -0.000000 -0.000000 0.162520 -0.002974 0.089304 -0.046759 -0.000000 0.006749 -0.114139 0.084292 -0.000000 -0.019643 -0.000000 -0.073925 0.088801 -0.091828 0.000000 0.123166 0.059371 0.000000 -0.100727 -0.000000 0.072266 0.056876 0.000000 0.051852 -0.000001 -0.116660 0.000000 0.059318 -0.000000 0.000000 -0.000000 -0.029913 0.105251 0.000000 0.004472 -0.125804 -0.088045 0.048514
  -0.013207 0.047954 0.161126 -0.025088 -0.011353 0.113773 -0.017862 -0.039171 -0.160785 -0.012600 0.158687 -0.000000 -0.378979 0.000000 -0.000000 0.146854 -0.000000 -0.099602 0.000000 -0.060737 0.054120 -0.038722 -0.260826 -0.158164 -0.029400 -0.000000 0.000000 0.025340 -0.000000 0.047947 0.161178 0.143293 0.080942 0.150131 -0.000000 -0.000000 0.066038 0.000000 0.021055 0.009239 0.135680 0.119106 0.017539 0.095114 -0.095675 -0.072649 -0.000000 0.015937 -0.000000 0.130774 -0.015694 0.045169 -0.088156 -0.000000 0.136432 0.000000 -0.000005 0.168157 -0.000000 -0.118285 0.000000 0.000000 -0.077906 0.122843 0.106340 -0.014270 -0.000000 0.130785 0.087289 -0.095917 -0.000000 -0.057459 -0.000000 0.170193 -0.091541 -0.057924 -0.000000 0.065235 0.035354 -0.000000 -0.053304 -0.000000 -0.031078 -0.056550 0.000000 0.017742 -0.000001 0.090537 -0.000000 0.083477 -0.000000 0.000000 0.000000 0.178250 -0.030251 -0.000000 0.015675 0.177556 0.135556 -0.088087
  -0.052280 0.017879 -0.062934 0.019340 -0.043155 0.079390 0.178426 0.182343 -0.016515 0.071763 0.164886 -0.000000 0.136589 -0.000000 -0.000000 0.023469 -0.000000 0.096284 -0.000000 -0.009980 -0.063882 0.123576 0.061167 0.061204 -0.069457 -0.000000 -0.000000 0.100013 -0.000000 -0.051151 0.110396 -0.036255 -0.003025 0.053787 -0.000000 0.000000 0.076215 0.000000 0.079047 -0.006883 -0.038784 0.025316 -0.010857 0.189309 0.064570 -0.035298 -0.000000 -0.087828 -0.000000 -0.058113 0.053405 0.116595 0.131877 -0.000000 0.016905 -0.000000 -0.000004 0.136286 -0.000000 0.037930 0.000000 -0.000000 0.068252 -0.007035 0.004266 0.096174 -0.000000 -0.075221 -0.079917 -0.072647 -0.000000 -0.071757 -0.000000 -0.034968 0.178024 -0.017976 -0.000000 0.056969 0.156308 0.000000 -0.017598 -0.000000 -0.025513 0.085871 0.000000 0.157261 -0.000001 0.071876 -0.000000 0.079440 -0.000000 -0.000000 0.000000 -0.091233 0.033502 0.000000 -0.037747 0.023482 -0.063031 0.015832
  -0.156226 -0.013888 -0.148242 0.255682 0.055346 -0.172153 0.011011 -0.189212 -0.021601 -0.238791 0.067193 0.000000 -0.043566 -0.000000 -0.000000 -0.080808 -0.000000 -0.128043 0.000000 -0.113569 0.075227 -0.022733 0.075182 0.088984 0.101005 0.000000 -0.000000 0.002324 -0.000000 -0.148745 -0.109125 0.017626 0.013560 0.030698 0.000000 -0.000000 -0.074347 0.000000 -0.199925 -0.203564 -0.179407 -0.065950 0.048075 -0.009887 0.196315 -0.188126 0.000000 0.007351 -0.000000 0.027580 -0.135352 0.193323 -0.005455 0.000000 -0.092975 -0.000000 -0.000008 -0.132438 -0.000000 0.137834 0.000000 -0.000000 0.105391 0.027380 -0.000522 -0.204188 -0.000000 -0.232542 -0.087473 -0.027948 0.000000 -0.112691 -0.000000 -0.060131 0.033135 -0.046939 0.000000 -0.111587 -0.070644 0.000000 -0.112424 -0.000000 -0.044180 -0.253386 0.000000 -0.171921 -0.000002 -0.111032 -0.000000 -0.089000 -0.000000 -0.000000 -0.000000 0.080468 -0.106943 -0.000000 -0.223024 -0.013707 -0.042877 -0.207790
  -0.200837 0.146955 0.012106 0.059476 0.074125 -0.017494 0.011125 -0.059223 0.033996 -0.045761 0.091212 0.000000 -0.019103 0.000000 0.000000 0.009377 -0.000000 0.067368 -0.000000 0.061308 0.020685 -0.085966 -0.107724 0.173361 -0.248941 -0.000000 -0.000000 -0.111479 -0.000000 -0.142544 0.009724 -0.091677 -0.188369 -0.153721 -0.000000 -0.000000 0.037424 -0.000000 -0.034810 -0.086420 -0.138442 -0.132004 -0.113523 0.048805 0.100959 0.067320 -0.000000 -0.189629 -0.000000 -0.082372 0.211795 -0.122892 -0.173533 0.000000 0.025724 0.000000 -0.000009 0.017665 -0.000000 0.200055 0.000000 0.000000 0.013477 -0.126698 0.087156 -0.066749 -0.000000 -0.238683 -0.180732 0.067738 -0.000000 -0.062385 -0.000000 -0.074773 -0.133719 -0.021583 -0.000000 0.066864 -0.053978 -0.000000 -0.127216 -0.000000 -0.006116 -0.077661 -0.000000 -0.032796 -0.000001 -0.157860 0.000000 0.089454 -0.000000 -0.000000 0.000000 -0.221750 0.108059 -0.000000 0.024323 -0.186229 0.092305 -0.106796
  0.053543 -0.121105 -0.072102 0.045620 0.018202 0.154284 -0.009230 0.100100 -0.026056 0.161114 0.153460 -0.000000 0.169394 0.000000 -0.000000 0.037660 -0.000000 0.110513 -0.000000 -0.112435 -0.005783 0.014356 0.120480 0.143098 0.522434 -0.000000 0.000000 0.008374 -0.000000 0.002013 0.001596 -0.057755 0.074077 0.019695 0.000000 0.000000 -0.096646 0.000000 0.006430 -0.075660 -0.007984 -0.047397 0.107381 -0.004549 -0.006031 -0.099464 -0.000000 0.136480 -0.000000 -0.114623 -0.035126 -0.028474 0.043066 0.000000 0.066315 -0.000000 -0.000006 -0.032958 -0.000000 0.070502 0.000000 0.000000 0.057105 0.049505 0.119493 -0.014879 -0.000000 0.110181 0.082839 -0.030702 -0.000000 -0.027776 -0.000000 0.172433 -0.021769 0.097647 -0.000000 0.019291 -0.138707 0.000000 0.021206 -0.000000 -0.285950 -0.123241 -0.000000 -0.058793 -0.000002 0.033581 0.000000 0.019798 -0.000000 -0.000000 -0.000000 0.113030 0.032982 -0.000000 -0.107815 0.090536 0.048286 0.030229
  -0.075671 -0.401326 0.087679 0.098283 -0.157204 0.082435 0.043826 -0.136236 0.104026 -0.144297 -0.177141 0.000000 -0.075691 0.000000 0.000000 -0.126991 -0.000000 0.057866 0.000000 0.031873 -0.065610 -0.130097 0.048613 0.086680 -0.287829 -0.000000 -0.000000 0.070434 0.000000 -0.018600 -0.024202 -0.106428 -0.099795 -0.202135 -0.000000 -0.000000 0.009512 0.000000 -0.217581 0.031829 -0.083893 0.074963 0.001617 -0.125448 0.005431 -0.009778 -0.000000 -0.185761 -0.000000 -0.121593 -0.101304 0.052722 -0.167462 0.000000 -0.061694 -0.000000 -0.000007 -0.181189 -0.000000 -0.113954 -0.000000 0.000000 0.046784 -0.130718 -0.143490 -0.035110 -0.000000 0.011745 -0.028623 -0.093531 -0.000000 0.050950 -0.000000 0.074391 0.002982 -0.066357 -0.000000 -0.045249 -0.047187 -0.000000 -0.140927 -0.000000 0.027709 -0.152997 -0.000000 0.015762 -0.000001 -0.008735 -0.000000 -0.063060 -0.000000 -0.000000 0.000000 0.366115 -0.102190 -0.000000 0.027447 -0.140531 -0.141984 -0.037230
  -0.028615 0.156798 -0.062689 0.047283 -0.051310 -0.131700 0.133503 0.072440 -0.025676 -0.015619 0.080122 -0.000000 0.134445 0.000000 0.000000 0.003372 -0.000000 0.063568 -0.000000 -0.005007 -0.102224 -0.068242 -0.110049 0.039516 0.076809 -0.000000 -0.000000 -0.058101 -0.000000 -0.053735 0.086178 0.150557 -0.087650 -0.034191 -0.000000 0.000000 0.120926 0.000000 0.010356 0.174304 0.001308 -0.072833 0.139915 0.153805 -0.112657 -0.062123 -0.000000 -0.091138 -0.000000 0.156005 0.117655 0.071252 0.126523 -0.000000 0.125274 0.000000 -0.000003 0.044320 -0.000000 0.019314 0.000000 -0.000000 0.118791 -0.059336 0.129170 0.011224 -0.000000 -0.013238 0.055602 -0.054185 0.000000 -0.072303 0.000000 0.061416 -0.007176 -0.024642 0.000000 0.073624 0.098998 -0.000000 0.040853 -0.000000 -0.074296 0.037807 -0.000000 0.110175 -0.000000 -0.030583 -0.000000 -0.097106 -0.000000 -0.000000 0.000000 0.040531 -0.025363 0.000000 0.035597 0.033658 -0.060133 0.014035
  0.155715 0.075832 -0.007404 0.068738 0.157679 -0.020473 0.035764 0.181061 -0.096210 0.084681 0.073414 0.000000 -0.131406 -0.000000 0.000000 -0.046251 -0.000000 -0.059892 -0.000000 0.170077 0.012165 0.170767 -0.047827 0.087200 -0.055869 -0.000000 0.000000 -0.078852 0.000000 -0.048036 0.075278 0.167704 0.136017 0.179873 -0.000000 -0.000000 -0.049916 -0.000000 0.117942 -0.061960 -0.174228 -0.006807 -0.011927 0.079642 0.182852 0.118633 -0.000000 0.114709 -0.000000 -0.041189 0.080299 0.125567 -0.023246 -0.000000 0.048526 -0.000000 -0.000004 0.110677 -0.000000 0.158095 0.000000 -0.000000 0.105549 -0.082507 0.062777 -0.064400 0.000000 -0.004520 -0.020416 0.127392 -0.000000 0.013855 -0.000000 -0.015296 0.149120 0.129603 -0.000000 0.091579 0.042901 0.000000 -0.015509 -0.000000 0.044794 0.020824 -0.000000 -0.051492 -0.000001 0.019234 0.000000 -0.033870 -0.000000 0.000000 0.000000 0.145891 0.125760 -0.000000 0.070370 -0.065744 0.047975 -0.037545
  0.098869 0.105410 0.013208 0.008542 0.170976 -0.102586 -0.105690 -0.019243 0.179880 0.182710 0.077457 0.000000 -0.042454 0.000000 -0.000000 -0.090874 -0.000000 0.036653 0.000000 0.002210 0.152214 0.033275 -0.127354 0.068995 0.068916 -0.000000 -0.000000 0.059522 -0.000000 0.074124 0.167063 -0.089818 0.124372 0.042358 -0.000000 0.000000 0.027448 -0.000000 -0.037102 -0.047504 0.151221 0.061167 0.148668 -0.043668 -0.124837 -0.105709 -0.000000 0.160524 -0.000000 -0.013155 0.166171 0.101257 -0.102041 0.000000 -0.019777 -0.000000 -0.000006 0.010878 -0.000000 -0.021304 -0.000000 0.000000 0.151422 0.104174 -0.013764 -0.037078 -0.000000 -0.056648 0.037297 0.067854 0.000000 0.090507 -0.000000 0.006533 0.087375 -0.014042 -0.000000 0.007165 -0.033115 -0.000000 0.130597 -0.000000 -0.075370 -0.086209 0.000000 -0.051973 -0.000001 -0.087298 -0.000000 0.118481 -0.000000 -0.000000 -0.000000 -0.239215 -0.088163 0.000000 0.068473 0.050760 0.109550 0.132330
  0.115452 -0.095360 -0.063305 0.035879 -0.009858 0.151769 0.067332 0.158584 -0.061393 0.125894 -0.035179 0.000000 -0.046207 -0.000000 0.000000 0.005689 -0.000000 0.148583 -0.000000 0.054106 -0.113244 0.120264 0.091233 -0.094680 -0.060666 -0.000000 -0.000000 -0.119756 0.000000 -0.072229 -0.058704 0.069077 -0.111130 -0.025994 -0.000000 0.000000 0.066652 0.000000 -0.035381 -0.100074 -0.094047 0.003523 0.143590 -0.060858 -0.228931 -0.092173 0.000000 0.072671 -0.000000 0.138398 0.024329 -0.054322 -0.028863 0.000000 0.063179 -0.000000 -0.000004 0.058830 -0.000000 0.017910 0.000000 -0.000000 0.094869 0.135701 -0.004287 0.107714 -0.000000 -0.096551 0.048387 -0.081050 0.000000 0.107808 -0.000000 -0.079376 0.046881 -0.023908 -0.000000 0.038433 -0.004930 -0.000000 0.107117 -0.000000 0.001315 0.125682 -0.000000 -0.047911 -0.000000 0.097610 0.000000 0.080550 -0.000000 0.000000 -0.000000 -0.190511 -0.101040 -0.000000 0.073244 0.010241 0.037978 0.037820
  0.005371 0.014731 0.073122 -0.055157 0.184765 0.025499 0.095231 0.189655 0.091495 0.195309 0.008147 -0.000000 0.011405 -0.000000 0.000000 0.088162 -0.000000 -0.054585 -0.000000 0.111231 0.111855 0.180759 0.186919 -0.054967 -0.062604 -0.000000 -0.000000 0.197630 0.000000 0.100494 0.080832 -0.067305 -0.059063 0.098845 0.000000 -0.000000 0.140038 0.000000 0.041951 0.142324 -0.240251 0.128310 0.147044 0.207118 -0.199161 0.055830 -0.000000 -0.034431 -0.000000 0.193458 0.060365 -0.119233 0.029038 -0.000000 0.021201 -0.000000 -0.000003 -0.074792 -0.000000 0.093458 -0.000000 0.000000 0.162894 0.123639 0.055124 0.040629 -0.000000 0.144776 0.020631 -0.028165 -0.000000 -0.039705 0.000000 -0.098041 0.024495 0.131554 -0.000000 0.149452 0.150009 -0.000000 0.144891 -0.000000 -0.160649 -0.002593 0.000000 0.188159 -0.000001 -0.024634 0.000000 0.048935 -0.000000 0.000000 -0.000000 0.054258 0.137837 0.000000 -0.023495 0.116042 0.201987 -0.026583
  0.021109 -0.061430 0.127246 0.051384 -0.028608 0.135427 -0.064145 0.124828 0.032113 0.036888 -0.050577 -0.000000 0.092290 0.000000 -0.000000 -0.055317 -0.000000 0.097301 0.000000 -0.094113 0.049940 -0.083451 0.126820 0.116008 -0.087203 -0.000000 0.000000 0.146318 0.000000 0.000217 0.007921 -0.035991 0.058740 -0.026845 -0.000000 -0.000000 -0.035318 0.000000 0.142644 0.084547 0.035440 0.097288 0.022841 -0.065724 0.046354 -0.022054 -0.000000 0.109456 -0.000000 -0.000011 -0.062045 -0.110979 -0.020253 -0.000000 0.106716 0.000000 -0.000006 0.124871 -0.000000 -0.042830 -0.000000 0.000000 -0.018623 0.105941 0.102744 0.072257 -0.000000 0.140013 -0.030518 0.017239 0.000000 0.071409 -0.000000 0.010631 0.023108 -0.002490 -0.000000 0.159101 0.145199 -0.000000 0.109949 -0.000000 -0.336031 -0.034393 0.000000 0.102865 -0.000001 0.161802 -0.000000 -0.007605 -0.000000 -0.000000 0.000000 0.125959 0.010039 0.000000 0.125916 0.016001 0.106647 0.039227
  0.053844 -0.128128 0.089962 -0.123852 0.130944 0.130445 -0.044461 -0.004665 -0.017711 0.064430 -0.022435 0.000000 -0.174918 -0.000000 -0.000000 -0.045813 -0.000000 0.161138 -0.000000 0.042035 -0.067675 0.051923 -0.190862 0.026893 0.131684 -0.000000 0.000000 -0.096704 -0.000000 -0.044829 0.015831 -0.055754 -0.013852 0.019369 -0.000000 0.000000 0.156198 -0.000000 -0.048353 -0.037878 0.135754 0.064736 0.022265 -0.071718 0.059291 -0.029630 0.000000 0.154776 -0.000000 0.049354 -0.032430 -0.002535 0.149448 -0.000000 -0.001815 -0.000000 -0.000003 0.068503 -0.000000 -0.156954 -0.000000 0.000000 -0.062700 0.015976 0.038370 0.118266 -0.000000 -0.047827 0.057791 0.081163 0.000000 0.145195 -0.000000 -0.056720 0.161224 0.015697 0.000000 0.091506 0.060790 -0.000000 0.108786 -0.000000 -0.081549 0.043318 -0.000000 -0.090401 -0.000001 -0.025179 0.000000 0.111937 -0.000000 0.000000 -0.000000 0.217865 -0.002770 -0.000000 0.033260 0.174686 0.153918 -0.095576
  -0.057626 0.156487 -0.257122 0.415929 -0.104754 -0.113558 -0.131903 -0.077863 0.342624 -0.081310 -0.167730 0.000000 0.239654 -0.000000 0.000000 -0.130905 -0.000000 -0.125816 -0.000000 -0.137300 -0.051376 -0.301106 0.200186 0.036007 -0.543425 -0.000000 -0.000000 -0.170732 0.000000 -0.073434 -0.201988 -0.068967 -0.147214 -0.234713 0.000000 0.000000 -0.142915 -0.000000 -0.184358 -0.209434 0.373070 -0.131496 -0.281696 -0.076452 0.195327 -0.185637 -0.000000 -0.230962 -0.000000 -0.260848 -0.204284 0.247807 -0.127075 -0.000000 -0.202124 0.000000 -0.000009 -0.083128 -0.000000 0.334635 -0.000000 -0.000000 0.334320 -0.273116 -0.220092 -0.250384 -0.000000 -0.110644 -0.117405 -0.197317 -0.000000 -0.007776 0.000000 -0.187446 -0.005836 -0.118906 -0.000000 -0.319726 -0.272677 0.000000 -0.239268 -0.000000 0.070440 -0.094306 -0.000000 -0.037335 -0.000000 -0.302768 -0.000000 -0.275701 -0.000000 -0.000000 -0.000000 -0.000000 -0.163483 0.000000 -0.117213 -0.023527 -0.238899 -0.314989
  0.186160 -0.159552 0.188117 -0.054071 -0.075137 0.106347 0.183107 0.196459 -0.105408 -0.033127 0.086150 0.000000 0.070151 -0.000000 0.000000 0.103160 -0.000000 0.049607 -0.000000 0.194604 0.064714 0.151675 0.099021 0.008161 0.013791 -0.000000 -0.000000 -0.035433 -0.000000 -0.010465 0.013306 0.003167 0.023501 -0.042031 -0.000000 0.000000 0.066681 -0.000000 0.088776 0.149255 -0.089972 0.102993 0.184079 0.151382 -0.150833 0.103000 -0.000000 0.064566 -0.000000 0.056594 0.180732 -0.025273 0.211576 0.000000 -0.064940 0.000000 -0.000003 -0.081246 -0.000000 -0.116740 0.000000 -0.000000 -0.106026 0.201035 0.009818 0.095563 -0.000000 0.065490 0.167796 0.115353 -0.000000 0.162893 -0.000000 0.068726 0.183870 0.089707 0.000000 0.104832 0.156577 0.000000 -0.005053 -0.000000 -0.061282 0.115802 -0.000000 -0.084496 -0.000001 0.184570 0.000000 0.028578 -0.000000 -0.000000 -0.000000 -0.139108 0.173526 0.000000 -0.038126 -0.071035 0.008359 0.046961
  -0.000000 0.000000 -0.000000 0.000000 0.000000 0.000000 -0.000000 0.000000 0.000000 -0.000000 -0.000000 -0.000000 -0.000000 -0.000000 0.000000 0.000000 -0.000000 0.000000 0.000000 -0.000000 0.000000 -0.000000 -0.000000 -0.000000 -0.000000 -0.000000 -0.000000 0.000000 0.000000 -0.000000 0.000000 -0.000000 0.000000 -0.000000 0.000000 0.000000 0.000000 -0.000000 0.000000 -0.000000 0.000000 -0.000000 -0.000000 -0.000000 -0.000000 0.000000 0.000000 0.000000 -0.000000 0.000000 -0.000000 -0.000000 -0.000000 -0.000000 -0.000000 -0.000000 -0.000000 -0.000000 -0.000000 -0.000000 -0.000000 0.000000 0.000000 -0.000000 -0.000000 -0.000000 -0.000000 -0.000000 0.000000 0.000000 -0.000000 -0.000000 -0.000000 0.000000 -0.000000 0.000000 0.000000 -0.000000 -0.000000 -0.000000 -0.000000 -0.000000 -0.000000 -0.000000 -0.000000 0.000000 -0.000000 0.000000 0.000000 0.000000 -0.000000 -0.000000 -0.000000 0.000000 0.000000 0.000000 0.000000 0.000000 -0.000000 -0.000000
  -0.085472 -0.020919 0.043274 0.089962 0.056703 0.175520 0.104044 0.191949 -0.168109 0.145965 0.128920 -0.000000 -0.042239 0.000000 -0.000000 0.057887 -0.000000 0.118702 0.000000 0.030337 0.056972 0.192190 0.106701 0.045425 -0.030465 -0.000000 -0.000000 0.103748 -0.000000 0.020742 -0.051833 0.046209 0.155862 -0.046738 0.000000 0.000000 -0.001588 0.000000 0.166922 0.169785 -0.196930 -0.048403 -0.032393 0.126038 0.186530 0.104549 -0.000000 -0.020920 -0.000000 0.080593 0.097619 -0.012908 0.018184 -0.000000 -0.019836 -0.000000 -0.000007 0.027389 -0.000000 -0.051761 0.000000 -0.000000 0.054377 0.145765 0.056775 0.192987 -0.000000 0.144343 0.197435 0.148395 -0.000000 0.011714 -0.000000 0.105225 0.124165 0.002360 0.000000 0.119827 0.039325 0.000000 0.117095 -0.000000 -0.091893 -0.044766 0.000000 0.195525 -0.000001 0.044810 -0.000000 -0.011832 -0.000000 -0.000000 0.000000 -0.051874 0.004016 -0.000000 0.195464 0.150009 0.015147 -0.048229
  0.014805 -0.041373 0.001133 0.142751 0.043358 0.034997 0.024321 0.119297 0.146942 0.036048 -0.034230 -0.000000 -0.042419 0.000000 0.000000 -0.129211 -0.000000 -0.003520 0.000000 0.031557 0.059762 -0.065572 0.030089 0.003534 0.470938 -0.000000 -0.000000 -0.062843 -0.000000 0.147728 -0.082548 -0.066391 0.008339 0.104085 -0.000000 0.000000 0.086568 -0.000000 -0.011469 -0.043698 0.130726 -0.129412 -0.045111 0.055109 -0.027085 0.011028 0.000000 -0.093725 -0.000000 -0.010786 0.147906 -0.064624 0.099192 0.000000 -0.149312 0.000000 -0.000009 0.131251 -0.000000 0.019139 -0.000000 -0.000000 -0.004496 -0.015145 -0.032980 0.042446 -0.000000 0.083494 0.084448 0.022561 0.000000 -0.069911 -0.000000 0.048810 0.004023 -0.005223 0.000000 0.127573 0.037893 0.000000 -0.123369 -0.000000 -0.139238 -0.052597 -0.000000 -0.057559 -0.000002 -0.077532 0.000000 -0.075146 -0.000000 -0.000000 -0.000000 0.137301 -0.109959 -0.000000 -0.004148 -0.041405 -0.143784 -0.156898
  0.149868 0.016686 -0.004354 -0.004019 -0.026382 -0.033366 0.060039 0.174238 -0.132467 0.144905 -0.075857 -0.000000 -0.181581 -0.000000 0.000000 -0.016716 -0.000000 0.141562 0.000000 0.097593 0.137303 -0.034887 0.137510 0.078752 0.116426 -0.000000 -0.000000 0.105986 -0.000000 -0.047385 -0.062438 0.133476 -0.051331 0.055528 -0.000000 0.000000 -0.015542 0.000000 0.162824 0.010780 -0.647299 0.111259 0.141123 0.087543 -0.061540 0.146989 -0.000000 0.023110 -0.000000 -0.061814 0.128639 0.012634 0.141186 -0.000000 0.016191 0.000000 -0.000006 -0.088793 -0.000000 0.045552 0.000000 -0.000000 0.022527 0.105914 0.098354 0.041711 -0.000000 0.112707 -0.071939 0.020712 -0.000000 0.067868 -0.000000 -0.054445 0.020463 -0.135870 -0.000000 0.074729 0.007011 0.000000 0.084226 -0.000000 0.046163 -0.079710 0.000000 0.150344 -0.000002 0.069658 -0.000000 0.011396 -0.000000 -0.000000 -0.000000 0.026716 0.098574 -0.000000 0.154430 -0.154565 -0.020266 0.089795
  -0.017047 0.142483 -0.060602 -0.172814 -0.184693 0.256169 0.074415 0.074865 -0.012831 -0.071427 0.007256 0.000000 0.084489 0.000000 -0.000000 0.185357 -0.000000 0.212146 -0.000000 -0.055761 0.073396 -0.158335 -0.045761 0.150494 0.304973 -0.000000 0.000000 -0.160974 -0.000000 0.050792 0.161171 0.032763 0.026313 0.038835 -0.000000 -0.000000 -0.032264 0.000000 -0.100944 -0.049858 0.112529 0.106213 -0.111715 0.140360 0.399952 0.053756 0.000000 0.118296 -0.000000 -0.015677 -0.108292 0.067600 0.143952 -0.000000 0.144798 -0.000000 -0.000007 0.100045 -0.000000 0.011717 -0.000000 -0.000000 0.134874 0.063780 -0.197987 0.035748 -0.000000 0.052935 0.170670 0.086519 -0.000000 -0.161169 0.000000 0.231999 0.013862 0.191739 -0.000000 0.008446 0.170136 0.000000 -0.099924 -0.000000 0.065514 -0.084806 -0.000000 -0.109742 -0.000001 -0.042993 -0.000000 -0.073590 -0.000000 -0.000000 0.000000 0.252406 -0.027369 -0.000000 0.054345 0.062768 -0.119522 0.133832
  -0.078581 0.011107 0.016568 -0.006244 -0.094308 -0.081284 -0.030873 0.079064 -0.062675 0.021180 0.028572 0.000000 0.002264 -0.000000 -0.000000 0.095097 -0.000000 -0.025496 -0.000000 -0.113901 -0.004004 -0.009618 0.103898 -0.074580 0.046020 0.000000 -0.000000 -0.089897 0.000000 0.180039 -0.063751 -0.107394 -0.105180 0.060043 0.000000 0.000000 0.093846 -0.000000 0.104354 0.060229 -0.116070 0.021196 0.057663 0.024061 -0.183465 0.051632 0.000000 0.046720 -0.000000 0.055791 0.035839 -0.031027 -0.122227 -0.000000 0.043652 0.000000 -0.000004 -0.022333 -0.000000 -0.019683 0.000000 -0.000000 0.129022 0.066521 0.055331 0.121223 -0.000000 -0.062070 0.113219 0.125782 -0.000000 -0.100300 -0.000000 -0.016011 0.151313 0.013080 -0.000000 0.130409 0.004227 -0.000000 0.153588 -0.000000 0.083695 0.076629 0.000000 -0.084261 -0.000000 0.143610 -0.000000 0.101732 -0.000000 -0.000000 0.000000 -0.146807 0.062447 -0.000000 0.140931 -0.029671 -0.050823 -0.088153
  0.157235 0.059212 0.098086 0.012482 0.021563 -0.082722 0.042251 -0.038491 0.134687 0.108971 -0.002032 -0.000000 0.103235 -0.000000 -0.000000 -0.039692 -0.000000 0.103165 -0.000000 -0.091330 0.015253 0.098374 -0.056823 -0.157605 0.059192 -0.000000 0.000000 0.109666 -0.000000 -0.048002 -0.010897 -0.022658 0.150744 0.114789 0.000000 -0.000000 0.143301 0.000000 -0.060189 0.124658 -0.078334 -0.090649 0.065007 0.069199 -0.216820 -0.025540 0.000000 0.083993 -0.000000 -0.044646 -0.087444 -0.020380 -0.040385 -0.000000 -0.057534 0.000000 -0.000004 0.118539 -0.000000 -0.044762 -0.000000 -0.000000 -0.113827 0.164539 0.114277 0.030833 -0.000000 0.056371 0.101000 -0.061424 0.000000 0.118908 0.000000 0.122803 0.129518 0.160993 -0.000000 0.046418 0.108526 0.000000 0.167763 -0.000000 -0.121305 -0.026215 -0.000000 -0.054650 -0.000000 -0.089251 0.000000 0.076567 -0.000000 -0.000000 0.000000 -0.064053 0.130409 0.000000 0.152963 0.061454 0.142352 0.109690
  0.096295 -0.087249 0.104537 0.001301 0.033923 -0.134744 -0.051388 -0.095280 -0.070128 -0.107180 0.044601 -0.000000 -0.011097 -0.000000 0.000000 -0.089276 -0.000000 -0.027500 0.000000 -0.134179 -0.112252 -0.093528 0.115003 -0.021070 0.197931 -0.000000 -0.000000 -0.159065 -0.000000 -0.028083 -0.058977 -0.125188 0.020100 0.090228 -0.000000 0.000000 0.099145 0.000000 -0.043261 0.017132 -0.077977 -0.044796 -0.092065 -0.118418 -0.052684 -0.137308 0.000000 -0.048458 -0.000000 -0.097844 -0.105070 0.074552 0.093469 -0.000000 -0.096361 0.000000 -0.000008 0.069808 -0.000000 -0.023520 -0.000000 -0.000000 -0.068524 0.072451 0.023043 0.015522 -0.000000 -0.073352 -0.003436 -0.044785 0.000000 -0.094957 0.000000 0.066580 -0.054570 -0.177668 0.000000 -0.069755 0.016746 0.000000 -0.040502 -0.000000 0.178327 -0.139043 -0.000000 0.088044 -0.000001 -0.155383 -0.000000 0.023991 -0.000000 0.000000 -0.000000 -0.257528 -0.023000 0.000000 -0.015466 -0.134184 0.086407 -0.147462
  0.159231 0.373478 0.259681 -0.054665 0.254066 0.178004 0.342998 0.134196 0.167574 0.178407 0.336334 -0.000000 -0.608383 0.000000 -0.000000 0.290419 -0.000000 0.286586 0.000000 0.229760 0.131755 0.114946 -0.343535 0.182905 0.053819 -0.000000 -0.000000 0.142728 0.000000 0.248545 0.214872 0.328958 0.103034 0.378956 0.000000 -0.000000 0.284446 0.000000 0.138599 0.317635 0.276067 0.234933 0.126502 0.149536 0.275947 0.361941 -0.000000 0.230237 -0.000000 0.349691 0.417457 -0.126072 0.368041 0.000000 0.385493 0.000000 -0.000010 0.196808 0.000000 0.273897 -0.000000 0.000000 0.129096 0.148306 0.262238 0.300013 -0.000000 0.343872 0.318391 0.254091 -0.000000 0.278385 0.000000 0.348946 0.324763 0.132447 0.000000 0.217620 0.134145 -0.000000 0.111452 -0.000000 -0.050201 0.145100 0.000000 0.195027 -0.000000 0.165367 -0.000000 0.131551 -0.000000 0.000000 -0.000000 0.315643 0.347744 -0.000000 0.338722 0.213457 0.251707 0.364796
  -0.195204 -0.094323 -0.068443 -0.324852 0.141726 0.095345 -0.034724 -0.066900 0.092309 0.151210 0.070272 0.000000 -0.000062 0.000000 -0.000000 -0.121415 -0.000000 -0.129395 0.000000 -0.118755 0.099770 -0.072379 0.050968 -0.053323 0.062523 0.000000 0.000000 -0.182296 -0.000000 -0.083833 0.002564 0.054108 0.096468 -0.072676 0.000000 0.000000 -0.160241 -0.000000 -0.116478 -0.203993 0.094570 -0.105235 0.012274 -0.136613 0.183282 -0.073543 -0.000000 -0.073038 -0.000000 -0.098582 0.003084 -0.006736 -0.073727 0.000000 -0.049015 0.000000 -0.000013 0.069507 -0.000000 0.210377 0.000000 0.000000 0.054073 0.018858 -0.029717 -0.000201 -0.000000 -0.097364 0.064828 -0.109271 0.000000 -0.182085 -0.000000 0.118652 -0.122844 -0.053580 0.000000 -0.189426 -0.056667 0.000000 -0.200527 -0.000000 0.217824 -0.101776 -0.000000 -0.034817 -0.000001 -0.068999 -0.000000 -0.013267 -0.000000 -0.000000 -0.000000 0.082843 0.029444 0.000000 -0.103256 0.108374 0.069377 0.133384
  0.039150 0.006504 -0.066328 -0.053737 0.095662 -0.056719 0.016324 -0.057832 0.081243 -0.096177 0.117049 0.000000 -0.126024 0.000000 -0.000000 -0.077515 -0.000000 -0.133115 0.000000 -0.124591 0.041010 -0.035277 0.062698 -0.059033 0.204414 -0.000000 0.000000 -0.109180 0.000000 -0.064195 -0.131480 -0.044877 -0.026983 0.012333 0.000000 -0.000000 -0.065962 -0.000000 0.069357 0.010908 0.098364 0.064226 0.014795 -0.002553 0.080419 0.063055 0.000000 -0.076125 -0.000000 -0.112577 0.049790 0.107345 -0.032184 -0.000000 0.061401 0.000000 -0.000012 0.000296 -0.000000 -0.082286 -0.000000 -0.000000 0.087021 -0.103931 0.017776 -0.012360 -0.000000 0.076595 -0.118892 -0.013686 0.000000 -0.120093 0.000000 0.097084 0.130371 0.071506 -0.000000 0.013210 -0.132993 -0.000000 -0.094481 -0.000000 0.046085 -0.070022 0.000000 -0.017618 -0.000002 0.139174 -0.000000 0.044277 -0.000000 -0.000000 -0.000000 0.138524 -0.097429 -0.000000 -0.106762 0.019842 0.051676 0.005464
  -0.000102 0.086877 0.092272 0.061240 0.159557 0.051590 -0.002175 0.128116 0.186820 -0.054930 -0.098618 0.000000 -0.031972 0.000000 -0.000000 -0.074331 -0.000000 -0.088698 -0.000000 0.017023 0.069693 0.169285 0.004144 0.001726 -0.088545 -0.000000 -0.000000 -0.089174 -0.000000 -0.084528 -0.032775 0.057511 -0.078112 0.160452 0.000000 0.000000 0.154458 -0.000000 0.018496 -0.097542 0.096317 0.173665 0.116090 -0.007418 0.026762 -0.084382 -0.000000 0.092445 -0.000000 0.167688 -0.040176 0.105651 0.031454 0.000000 0.133954 0.000000 -0.000005 0.137264 -0.000000 -0.121864 -0.000000 0.000000 -0.007381 0.155547 0.078035 -0.033312 -0.000000 -0.115948 0.119777 -0.025034 -0.000000 0.000857 -0.000000 -0.022042 -0.070057 -0.095205 -0.000000 0.019894 0.143209 0.000000 0.147666 -0.000000 -0.136556 0.072444 -0.000000 0.060347 -0.000001 0.110957 0.000000 -0.056094 -0.000000 -0.000000 -0.000000 -0.124302 0.096271 0.000000 0.110428 -0.136372 0.050409 0.099764
  -0.123496 0.139896 -0.131882 -0.091830 -0.046719 0.041164 -0.101628 -0.129923 -0.025161 -0.067030 -0.086512 -0.000000 -0.286475 -0.000000 0.000000 0.026831 -0.000000 -0.135375 0.000000 -0.114130 -0.104019 -0.203009 -0.028395 0.073549 0.270837 -0.000000 -0.000000 -0.019894 -0.000000 -0.103198 -0.134256 -0.126360 -0.115961 -0.153131 -0.000000 0.000000 -0.012275 0.000000 -0.067684 -0.039312 -0.154444 -0.100174 -0.101506 0.126502 0.093611 -0.123822 -0.000000 -0.065869 -0.000000 -0.095041 -0.116861 -0.007258 -0.104205 -0.000000 -0.196524 -0.000000 -0.000006 -0.089857 -0.000000 -0.037400 0.000000 0.000000 0.021625 0.080042 -0.148658 -0.056286 -0.000000 0.021016 0.114385 0.083133 0.000000 0.058585 0.000000 -0.073888 0.124014 -0.035478 0.000000 0.003523 -0.066419 -0.000000 0.082781 -0.000000 -0.183414 -0.141563 0.000000 0.084358 -0.000001 0.037372 -0.000000 -0.051026 -0.000000 0.000000 -0.000000 0.295425 0.005434 -0.000000 0.077110 -0.199545 0.050360 -0.178053
  -0.098140 0.188708 -0.080077 0.141560 0.068782 -0.090825 -0.100992 0.074456 0.252082 0.025369 0.051887 0.000000 -0.043019 -0.000000 0.000000 0.093988 -0.000000 0.066981 0.000000 -0.049933 0.165412 0.044440 0.064645 -0.024114 -0.203301 -0.000000 0.000000 -0.092652 -0.000000 -0.057145 0.196879 0.140543 -0.105513 0.152697 0.000000 -0.000000 0.100523 -0.000000 0.079463 -0.014860 0.106675 0.039262 -0.067032 0.127919 0.007374 0.010303 0.000000 0.055855 -0.000000 0.171504 0.163563 -0.105190 0.037868 0.000000 0.011684 -0.000000 -0.000003 -0.072635 -0.000000 -0.008996 0.000000 0.000000 0.025949 -0.064239 0.166831 0.014722 -0.000000 0.153567 0.063006 -0.038698 0.000000 0.177989 -0.000000 0.163330 0.002291 0.066861 0.000000 0.173581 -0.011033 -0.000000 -0.078557 -0.000000 0.186914 0.029936 -0.000000 0.013627 -0.000000 0.126288 -0.000000 -0.016402 -0.000000 0.000000 -0.000000 0.029701 0.095756 -0.000000 0.107272 0.031103 0.023148 0.043473
  0.165332 0.189221 -0.021481 0.113696 0.033890 0.091051 0.207374 0.059936 0.272288 0.191816 0.230000 0.000000 -0.386573 -0.000000 -0.000000 0.050247 -0.000000 0.088330 0.000000 0.078539 0.180600 0.215025 0.081601 -0.052428 -0.717489 -0.000000 -0.000000 0.056914 0.000000 0.082733 0.143586 0.235106 -0.029357 0.123900 0.000000 -0.000000 0.133568 -0.000000 0.138334 0.039087 0.029523 0.166341 0.006876 0.037354 0.051543 0.070516 0.000000 0.162631 -0.000000 0.164688 0.095185 -0.187108 0.205395 0.000000 0.062295 -0.000000 -0.000004 0.121309 -0.000000 -0.243157 0.000000 -0.000000 0.010048 0.249488 0.031306 0.040748 -0.000000 0.226568 0.184921 0.096595 -0.000000 0.227317 0.000000 0.209597 0.052422 0.075596 0.000000 0.107708 0.054276 -0.000000 0.092965 -0.000000 -0.046014 0.074408 0.000000 0.053222 -0.000000 0.009503 0.000000 -0.019705 -0.000000 0.000000 0.000000 -0.360315 0.096840 0.000000 0.220659 0.246956 0.113182 0.266189
  -0.170613 0.221918 -0.186004 0.334328 0.021347 0.076259 0.009060 -0.003513 -0.019294 -0.004873 -0.098697 0.000000 -0.103950 0.000000 0.000000 0.074262 -0.000000 -0.095639 0.000000 -0.066436 0.049746 -0.100770 -0.031908 0.102401 0.394802 0.000000 -0.000000 -0.127282 0.000000 -0.119616 0.037140 0.009504 -0.161016 -0.012764 0.000000 -0.000000 -0.124224 -0.000000 0.048183 -0.039033 -0.040668 0.019042 0.001260 -0.040010 0.088576 -0.112978 0.000000 -0.025186 0.000000 -0.043741 -0.128735 0.111199 -0.100207 0.000000 -0.084467 0.000000 -0.000002 -0.027235 -0.000000 0.630944 0.000000 0.000000 -0.172220 -0.056963 -0.121827 -0.068743 -0.000000 -0.050324 -0.023845 -0.098169 -0.000000 0.042791 -0.000000 0.082301 -0.160296 -0.168768 -0.000000 -0.003101 -0.095382 0.000000 -0.055366 -0.000000 0.401320 -0.135748 0.000000 -0.168655 -0.000001 0.002528 0.000000 -0.100535 -0.000000 -0.000000 0.000000 0.175764 -0.150232 -0.000000 -0.175898 -0.078711 -0.149265 -0.035832
  0.193640 -0.144071 0.071967 0.010824 0.165492 0.040807 0.058474 0.060873 -0.080592 -0.083968 0.034269 -0.000000 0.006889 -0.000000 0.000000 -0.055179 -0.000000 0.145429 -0.000000 0.014484 0.067499 -0.063089 -0.085201 -0.129226 0.084276 -0.000000 0.000000 0.055926 0.000000 0.165928 0.192419 -0.061812 -0.056765 0.113360 0.000000 -0.000000 -0.071534 0.000000 0.149351 0.014264 0.072300 0.083974 0.139437 0.030644 -0.149920 0.037827 -0.000000 0.051969 -0.000000 0.192795 -0.024018 -0.067151 0.070438 -0.000000 0.041605 0.000000 -0.000005 0.077238 -0.000000 -0.200237 0.000000 0.000000 -0.182173 0.031005 0.164542 0.020400 -0.000000 0.191460 -0.038766 -0.065953 0.000000 0.158669 -0.000000 0.046573 0.149525 0.108214 -0.000000 -0.079803 0.052303 0.000000 0.170457 -0.000000 0.028049 0.069304 -0.000000 0.128099 -0.000001 0.061667 -0.000000 0.174760 -0.000000 -0.000000 0.000000 -0.011230 -0.027604 0.000000 -0.006585 -0.033679 0.027691 0.118431
  0.000000 0.000000 0.000000 -0.000000 -0.000000 0.000000 -0.000000 0.000000 0.000000 0.000000 -0.000000 -0.000000 0.000000 -0.000000 0.000000 -0.000000 -0.000000 -0.000000 -0.000000 0.000000 -0.000000 -0.000000 -0.000000 -0.000000 -0.000000 -0.000000 0.000000 0.000000 0.000000 0.000000 -0.000000 0.000000 0.000000 -0.000000 0.000000 -0.000000 -0.000000 0.000000 -0.000000 -0.000000 -0.000000 -0.000000 -0.000000 0.000000 0.000000 0.000000 -0.000000 0.000000 0.000000 -0.000000 0.000000 0.000000 0.000000 -0.000000 -0.000000 0.000000 0.000000 0.000000 0.000000 0.000000 -0.000000 0.000000 -0.000000 0.000000 0.000000 -0.000000 0.000000 -0.000000 -0.000000 -0.000000 -0.000000 -0.000000 -0.000000 0.000000 0.000000 0.000000 -0.000000 0.000000 0.000000 -0.000000 0.000000 -0.000000 0.000000 -0.000000 -0.000000 0.000000 -0.000000 -0.000000 0.000000 0.000000 0.000000 -0.000000 -0.000000 0.000000 -0.000000 -0.000000 0.000000 -0.000000 -0.000000 -0.000000
  -0.064612 -0.491276 -0.089586 -0.046767 0.077163 0.117616 0.006427 0.033787 -0.156793 -0.101766 -0.036589 0.000000 0.109430 0.000000 -0.000000 -0.051107 -0.000000 -0.020512 0.000000 0.035547 0.089432 0.137667 0.130743 -0.212224 0.029326 -0.000000 0.000000 0.007850 -0.000000 0.019415 -0.060607 0.020768 0.031417 -0.014566 -0.000000 0.000000 0.103090 0.000000 -0.014060 0.098549 -0.073572 -0.061115 -0.078719 -0.021695 -0.104400 0.163661 -0.000000 0.024302 -0.000000 -0.013628 0.050499 -0.060373 0.113982 -0.000000 0.054185 0.000000 -0.000004 0.113610 -0.000000 -0.044477 -0.000000 0.000000 0.113364 -0.081647 -0.010896 0.111692 -0.000000 -0.015230 -0.005313 0.057589 0.000000 0.023706 -0.000000 -0.027473 -0.101429 0.047956 0.000000 -0.048034 0.097838 0.000000 -0.042892 -0.000000 0.055869 -0.022084 0.000000 0.010974 -0.000000 0.099422 0.000000 0.127555 -0.000000 0.000000 -0.000000 -0.107961 0.099472 0.000000 -0.065919 -0.071352 0.087128 -0.047575
  0.089426 0.086478 0.119566 -0.046590 0.021358 0.001208 0.020544 0.124023 -0.086112 0.020255 -0.024096 -0.000000 0.162665 -0.000000 0.000000 0.183610 -0.000000 0.140412 -0.000000 0.149647 0.021652 0.199412 -0.062949 0.131171 -0.065233 -0.000000 -0.000000 0.148551 -0.000000 0.038997 0.145224 0.211074 -0.045797 0.215747 0.000000 0.000000 0.069166 -0.000000 0.230901 0.064280 0.096106 -0.032766 -0.005056 0.131996 0.299231 0.122377 -0.000000 0.069314 -0.000000 0.094978 0.213355 0.010002 -0.018337 0.000000 0.087613 0.000000 -0.000003 0.138567 -0.000000 -0.034281 -0.000000 -0.000000 -0.209522 0.026584 0.004177 0.149673 -0.000000 0.127023 -0.007332 0.225253 0.000000 0.025982 0.000000 -0.073702 0.216928 0.089229 -0.000000 0.047200 -0.022476 -0.000000 0.151510 -0.000000 -0.077207 0.019925 -0.000000 -0.020904 -0.000001 -0.013975 0.000000 0.051628 -0.000000 0.000000 -0.000000 0.059189 0.124324 -0.000000 0.040700 0.087669 0.145712 -0.036192
  -0.056235 -0.091561 -0.164196 -0.108629 0.005101 0.057594 -0.164847 -0.101587 0.113856 -0.185389 0.022226 0.000000 0.376677 -0.000000 -0.000000 0.052021 -0.000000 0.069252 -0.000000 -0.026360 -0.017633 -0.219925 0.074218 0.101479 0.051704 0.000000 0.000000 -0.116998 0.000000 -0.066248 -0.124156 0.080231 0.062583 -0.211455 0.000000 -0.000000 -0.204566 -0.000000 -0.166246 0.000279 0.030936 0.033360 0.003032 -0.069208 -0.116674 0.076174 0.000000 0.010271 -0.000000 -0.157357 -0.009884 0.175733 0.045258 -0.000000 -0.081307 0.000000 -0.000009 -0.030114 -0.000000 -0.030828 -0.000000 -0.000000 0.055409 -0.065573 -0.153174 -0.164191 -0.000000 -0.135243 -0.061132 0.015178 -0.000000 -0.208734 0.000000 -0.083918 0.070204 -0.015434 -0.000000 -0.121330 -0.055712 -0.000000 -0.194147 -0.000000 0.077229 -0.135031 -0.000000 -0.002379 -0.000001 -0.037333 -0.000000 -0.042602 -0.000000 -0.000000 -0.000000 -0.108825 -0.135101 -0.000000 0.004521 0.078768 -0.163617 -0.067189
  0.064270 0.017885 0.001447 0.006099 0.068692 -0.013060 0.089691 0.097723 -0.092472 -0.021251 0.148141 0.000000 0.187666 -0.000000 0.000000 0.065566 -0.000000 -0.113172 -0.000000 -0.003172 0.107719 0.161135 0.162599 0.113957 -0.018111 -0.000000 -0.000000 -0.016312 0.000000 0.136134 -0.035943 0.036584 0.121547 0.034293 -0.000000 -0.000000 -0.025708 0.000000 0.010754 -0.122073 -0.053943 0.039303 0.007880 0.140615 -0.147359 -0.052758 0.000000 -0.047809 -0.000000 -0.019784 -0.047933 0.019586 -0.049618 0.000000 0.065676 0.000000 -0.000006 -0.088352 -0.000000 -0.013143 0.000000 0.000000 0.055977 0.035966 0.070032 -0.005814 -0.000000 0.059188 -0.070007 -0.079003 -0.000000 0.047644 -0.000000 0.100572 -0.011569 0.016699 -0.000000 0.074632 0.014860 0.000000 0.134459 -0.000000 0.047520 0.048153 0.000000 0.079546 -0.000000 0.120406 0.000000 0.165349 -0.000000 0.000000 0.000000 -0.066418 -0.027018 0.000000 0.119520 -0.032568 0.077035 -0.004731
  0.141615 -0.074988 -0.060606 -0.050888 0.090218 -0.143158 0.036848 0.145915 0.124216 -0.061746 0.165749 0.000000 -0.063802 -0.000000 -0.000000 0.112614 -0.000000 -0.073224 0.000000 0.046395 0.088877 0.076576 -0.156499 0.088018 0.003083 -0.000000 0.000000 -0.078230 0.000000 -0.000021 -0.068540 0.115376 0.023541 0.091606 0.000000 0.000000 -0.125079 -0.000000 -0.010903 -0.122428 -0.011319 -0.000700 -0.045238 -0.125696 0.034340 0.124380 -0.000000 0.027141 -0.000000 0.054985 -0.107108 0.010143 0.058497 0.000000 -0.002650 0.000000 -0.000007 0.125514 -0.000000 -0.098235 0.000000 -0.000000 -0.126954 -0.077897 0.097738 -0.113858 -0.000000 -0.009640 -0.145501 0.006962 -0.000000 0.054510 0.000000 -0.030881 -0.109372 0.009544 0.000000 0.073896 0.127698 -0.000000 0.136236 -0.000000 -0.324027 0.112709 0.000000 0.053980 -0.000001 -0.060971 -0.000000 0.133322 -0.000000 0.000000 -0.000000 0.097785 0.143111 -0.000000 -0.036649 0.063367 0.030208 0.082401
  -0.037762 -0.102126 0.039210 -0.232313 -0.153310 -0.136518 0.063736 -0.177734 -0.072465 -0.226467 0.054716 0.000000 -0.035789 -0.000000 0.000000 0.109262 -0.000000 -0.029421 -0.000000 -0.055662 -0.048556 -0.119782 -0.092886 0.016440 -0.118677 -0.000000 0.000000 -0.167860 0.000000 -0.064064 -0.106702 0.085397 0.019406 -0.104722 -0.000000 -0.000000 -0.026119 -0.000000 -0.109806 -0.198694 0.153319 -0.186779 -0.019513 0.021166 -0.032931 -0.072259 -0.000000 0.019588 -0.000000 -0.154892 -0.141396 -0.038265 0.033240 -0.000000 -0.290522 -0.000000 -0.000010 -0.153684 -0.000000 0.052237 -0.000000 0.000000 -0.067560 -0.140441 -0.047937 -0.107644 -0.000000 0.040947 0.035650 0.063612 -0.000000 0.016552 0.000000 -0.108108 -0.015635 -0.173626 0.000000 -0.088087 0.023366 -0.000000 -0.082474 -0.000000 -0.016341 -0.125340 0.000000 0.079770 -0.000001 -0.120655 -0.000000 0.033704 -0.000000 -0.000000 0.000000 0.223210 -0.057144 0.000000 -0.114183 -0.110819 -0.221659 -0.059402
  0.069761 0.029436 -0.058716 0.014105 -0.147899 0.027712 0.051641 -0.107632 -0.047008 -0.126203 -0.076837 0.000000 0.040374 0.000000 -0.000000 -0.133551 -0.000000 -0.072306 -0.000000 0.026996 -0.174476 0.004293 -0.056541 0.118281 0.094367 -0.000000 0.000000 -0.006053 -0.000000 -0.032008 -0.253387 -0.044511 0.087671 -0.174548 -0.000000 0.000000 -0.154320 0.000000 0.006537 -0.025418 -0.184611 -0.110428 -0.136079 0.053528 -0.199867 0.047588 0.000000 -0.162005 -0.000000 -0.011378 -0.065721 -0.086525 -0.156299 -0.000000 -0.134969 0.000000 -0.000012 0.014118 -0.000000 0.051563 0.000000 -0.000000 0.094767 -0.167629 -0.062333 -0.132018 -0.000000 -0.143830 -0.166621 -0.009545 0.000000 -0.011270 0.000000 -0.201374 -0.096874 -0.105171 -0.000000 -0.037934 0.008660 0.000000 0.075393 -0.000000 -0.590640 -0.049080 -0.000000 -0.084008 -0.000001 -0.072402 -0.000000 -0.135166 -0.000000 0.000000 0.000000 0.010968 -0.133204 -0.000000 -0.183319 -0.003760 -0.024679 -0.208496
  -0.022482 0.282493 0.047061 0.194906 -0.046833 -0.016938 0.093899 0.094749 0.158154 0.030940 0.031097 0.000000 0.043032 -0.000000 0.000000 0.016685 -0.000000 0.079541 0.000000 0.000578 0.005322 0.132975 0.141784 0.190100 -0.173422 0.000000 0.000000 0.128293 0.000000 -0.025342 0.004954 0.023603 0.141719 0.068430 -0.000000 -0.000000 0.036075 -0.000000 0.124226 0.081807 0.136606 0.002273 0.129269 -0.045835 0.023948 0.140568 0.000000 0.127212 -0.000000 -0.068574 -0.098775 -0.025657 0.096131 -0.000000 0.094556 -0.000000 -0.000005 0.148848 -0.000000 0.134111 -0.000000 -0.000000 0.102773 -0.012244 0.075615 0.116874 -0.000000 -0.101933 0.052775 -0.106926 0.000000 0.079519 -0.000000 0.182879 0.133832 0.126629 -0.000000 0.053800 0.133765 -0.000000 0.111675 -0.000000 -0.056180 0.107913 0.000000 0.092711 -0.000000 -0.080488 -0.000000 0.131571 -0.000000 0.000000 0.000000 -0.258647 -0.041153 -0.000000 0.114996 0.133806 0.059544 0.024549
  -0.030532 -0.083297 0.004014 -0.062208 -0.034771 -0.016092 -0.000905 -0.093522 0.034907 0.063210 -0.076600 0.000000 -0.100211 0.000000 -0.000000 0.145185 -0.000000 0.088373 -0.000000 0.100166 -0.008455 -0.093649 0.038754 -0.143878 0.124922 -0.000000 -0.000000 0.100284 -0.000000 -0.054902 0.138474 0.092247 0.139209 0.018957 -0.000000 -0.000000 -0.041284 0.000000 -0.035710 -0.004843 -0.053136 0.104500 0.146015 0.072156 0.010457 0.121019 0.000000 -0.099239 -0.000000 -0.094449 0.033647 0.110240 -0.012029 -0.000000 0.151393 0.000000 -0.000005 -0.047975 -0.000000 -0.162391 -0.000000 -0.000000 -0.004009 -0.065689 -0.091038 -0.044046 -0.000000 0.063756 0.032703 -0.018253 -0.000000 -0.077529 -0.000000 0.103209 0.168030 0.058587 0.000000 0.075009 -0.076967 0.000000 -0.076749 -0.000000 -0.111317 -0.002005 0.000000 0.007510 -0.000001 -0.020083 -0.000000 0.162075 -0.000000 -0.000000 -0.000000 0.067801 -0.055959 -0.000000 -0.020171 0.115834 -0.051935 -0.067603
  -0.020756 -0.078626 -0.027367 -0.051854 -0.062032 -0.111046 -0.101203 0.035005 0.108298 -0.045984 -0.107732 -0.000000 -0.005286 0.000000 -0.000000 0.068493 -0.000000 0.124598 -0.000000 -0.097933 -0.115761 0.013184 0.102029 0.007550 -0.267386 -0.000000 -0.000000 -0.038217 -0.000000 -0.102637 -0.000452 -0.084049 -0.021036 -0.143606 0.000000 0.000000 0.024742 -0.000000 0.064033 0.063545 -0.154459 0.086918 -0.063537 -0.044437 -0.259311 0.008966 0.000000 0.059515 -0.000000 -0.031496 -0.109608 0.071980 -0.152357 0.000000 -0.137214 -0.000000 -0.000013 -0.052500 -0.000000 -0.012238 -0.000000 0.000000 0.065624 -0.100953 -0.035176 -0.159825 -0.000000 0.110337 0.088691 -0.060762 -0.000000 -0.180475 0.000000 0.054915 -0.024886 0.146238 -0.000000 -0.193583 -0.165792 -0.000000 -0.185447 -0.000000 -0.194887 -0.133521 0.000000 -0.100580 -0.000001 -0.043863 -0.000000 0.108685 -0.000000 -0.000000 0.000000 0.050691 -0.091281 -0.000000 -0.022266 0.134641 -0.198133 -0.184772
  -0.103280 -0.136016 -0.120701 -0.049300 -0.103349 -0.145299 0.090163 -0.139602 -0.069032 -0.062438 0.102954 0.000000 0.059567 -0.000000 0.000000 -0.095611 -0.000000 -0.020842 0.000000 0.053799 0.071627 0.066247 -0.022387 -0.034251 0.107787 -0.000000 -0.000000 0.045336 -0.000000 -0.070281 -0.164967 -0.107595 0.068753 -0.151026 -0.000000 -0.000000 -0.092443 -0.000000 -0.125260 0.030715 0.172063 -0.098261 -0.002002 -0.129211 0.060521 -0.009172 -0.000000 -0.002762 -0.000000 0.019547 0.088966 -0.070028 -0.090804 -0.000000 -0.138995 0.000000 -0.000013 -0.070594 -0.000000 -0.073724 -0.000000 0.000000 0.036503 -0.091690 -0.010700 -0.087221 -0.000000 -0.073346 -0.120035 0.040317 0.000000 -0.192564 0.000000 -0.043014 0.032188 0.007212 -0.000000 0.037069 -0.141469 -0.000000 0.006132 -0.000000 0.057473 0.019730 -0.000000 -0.080788 -0.000002 -0.079898 0.000000 -0.015165 -0.000000 -0.000000 0.000000 0.079300 0.097907 -0.000000 -0.033202 -0.028623 0.023520 0.068212
  -0.112004 -0.088583 0.024179 -0.133857 0.174843 -0.025248 0.012016 -0.085282 -0.005415 0.002550 -0.096902 -0.000000 -0.136888 0.000000 -0.000000 0.071475 -0.000000 0.105429 0.000000 0.166512 0.024431 0.099905 -0.184357 -0.056694 0.106683 -0.000000 0.000000 0.106980 -0.000000 0.175625 0.027385 -0.057956 0.115214 0.013402 0.000000 -0.000000 -0.002525 0.000000 0.080955 -0.008763 -0.149909 0.146355 -0.101643 0.130078 -0.005296 0.068320 0.000000 -0.061973 -0.000000 0.105923 0.120566 0.048336 0.069433 0.000000 0.129201 0.000000 -0.000004 0.165060 -0.000000 -0.143422 -0.000000 -0.000000 -0.145019 -0.028510 -0.074816 0.087159 -0.000000 -0.057042 -0.096710 -0.091314 -0.000000 0.058338 0.000000 0.183677 0.135439 -0.063407 -0.000000 -0.083952 0.112739 -0.000000 0.052250 -0.000000 -0.092366 0.191116 0.000000 0.121793 -0.000001 0.128660 0.000000 0.155684 -0.000000 0.000000 0.000000 -0.004476 0.141013 0.000000 0.025979 0.034789 0.027908 0.127612
  0.060638 -0.157141 0.055762 -0.128697 0.124491 -0.015996 0.018387 0.131010 -0.172368 -0.041514 0.023784 -0.000000 -0.065333 0.000000 0.000000 0.130466 -0.000000 -0.026138 -0.000000 -0.041495 0.116202 0.088243 -0.045009 -0.041831 -0.120898 -0.000000 0.000000 -0.004493 0.000000 0.003612 0.127553 0.136755 0.133235 -0.062594 -0.000000 -0.000000 0.015001 0.000000 0.180616 -0.064562 -0.251047 -0.037896 0.143961 0.158997 0.012655 -0.058902 0.000000 0.076780 -0.000000 0.142138 0.178670 0.002829 0.065202 -0.000000 0.063760 -0.000000 -0.000009 -0.096501 -0.000000 -0.011260 -0.000000 0.000000 0.084026 0.019287 0.029493 0.133784 -0.000000 0.155975 0.004665 0.093419 -0.000000 0.080363 0.000000 0.161978 0.175369 -0.047189 0.000000 0.012667 0.056510 -0.000000 0.149569 -0.000000 -0.055961 -0.048048 -0.000000 0.075576 -0.000001 0.143862 0.000000 0.075981 -0.000000 -0.000000 0.000000 0.068495 0.177478 -0.000000 0.095851 -0.126597 0.057244 0.112176
  0.049468 -0.004464 -0.152787 0.103838 -0.023549 -0.139940 0.095982 -0.131778 0.098613 -0.202982 0.105746 -0.000000 0.061218 -0.000000 -0.000000 -0.000197 0.000000 0.032549 0.000000 0.052622 0.074917 -0.161362 -0.011035 0.008017 -0.077079 -0.000000 -0.000000 -0.041941 -0.000000 0.102980 -0.227391 -0.192135 0.030397 -0.102943 0.000000 0.000000 -0.219568 0.000000 -0.042661 -0.001900 -0.435940 -0.099003 -0.091425 -0.114155 -0.119772 -0.044310 -0.000000 0.002171 -0.000000 -0.163539 -0.113067 -0.023047 -0.185894 -0.000000 -0.239384 0.000000 -0.000014 -0.195738 -0.000000 0.084926 -0.000000 0.000000 0.134438 -0.054392 -0.116862 0.004230 -0.000000 -0.041819 -0.008599 -0.070891 -0.000000 -0.001745 0.000000 0.043511 0.045860 0.001928 -0.000000 -0.065617 -0.186480 0.000000 -0.152940 -0.000000 0.073092 -0.233022 -0.000000 0.007080 -0.000002 0.000669 -0.000000 -0.172403 -0.000000 -0.000000 0.000000 0.034993 -0.113154 -0.000000 -0.182748 0.049083 -0.125200 -0.069676
  0.068389 0.090111 0.045850 0.037630 0.106458 0.101135 0.025803 -0.015572 -0.100623 0.044617 0.126627 0.000000 -0.183519 -0.000000 -0.000000 0.121342 -0.000000 0.146709 -0.000000 0.110811 0.193925 0.170926 0.061108 0.058455 0.105939 -0.000000 -0.000000 -0.062466 0.000000 0.212845 0.038350 0.122050 0.149954 0.225741 0.000000 0.000000 0.041039 -0.000000 0.023413 0.038202 -0.218033 0.161560 0.151855 0.155055 -0.054722 0.086148 -0.000000 -0.036295 -0.000000 0.017391 -0.039048 0.049168 -0.043924 0.000000 0.092478 0.000000 -0.000005 0.112896 -0.000000 0.075188 -0.000000 -0.000000 0.050979 0.084600 -0.113438 0.076936 -0.000000 0.043242 0.066951 -0.041599 0.000000 0.147105 -0.000000 0.055468 -0.035840 -0.003738 -0.000000 0.086879 0.123428 0.000000 -0.044602 -0.000000 0.031958 0.015201 0.000000 0.000673 -0.000001 0.136794 -0.000000 -0.056507 -0.000000 -0.000000 0.000000 -0.029961 0.053102 -0.000000 0.070212 0.238303 -0.026078 0.214540
  0.000235 0.251478 -0.053447 0.180378 0.070798 0.149323 -0.098505 -0.112596 0.113334 0.081153 -0.085702 0.000000 0.219155 0.000000 0.000000 0.016549 -0.000000 0.027452 0.000000 -0.077256 0.054283 -0.109265 -0.055060 0.144858 0.199406 -0.000000 -0.000000 -0.008669 -0.000000 0.081954 -0.090180 0.054141 0.063286 -0.105781 -0.000000 0.000000 0.015224 0.000000 0.044980 -0.073542 0.100854 -0.100523 -0.135698 0.020214 -0.188880 0.087923 0.000000 0.115527 -0.000000 -0.034209 0.070467 -0.040861 -0.172371 0.000000 -0.161113 0.000000 -0.000002 0.043498 -0.000000 0.033650 -0.000000 0.000000 -0.107214 0.020961 -0.089478 -0.156314 -0.000000 -0.097792 0.054533 -0.105431 -0.000000 -0.018808 -0.000000 0.016781 0.053822 -0.077457 -0.000000 -0.084184 -0.055967 -0.000000 -0.080458 -0.000000 0.090926 -0.029860 -0.000000 0.011420 -0.000000 -0.024282 0.000000 -0.090195 -0.000000 -0.000000 -0.000000 0.249550 -0.147683 -0.000000 -0.091617 -0.064127 -0.086553 0.072915
  -0.064766 0.013634 -0.036369 -0.070886 -0.196091 -0.013746 0.006346 -0.131004 -0.059477 -0.219080 0.071056 -0.000000 0.041119 -0.000000 0.000000 0.107988 -0.000000 0.115642 0.000000 -0.159201 -0.087797 -0.062076 0.144137 -0.001155 0.038748 -0.000000 -0.000000 -0.061578 -0.000000 0.183361 -0.018742 -0.001634 -0.074627 -0.135726 -0.000000 0.000000 -0.071406 -0.000000 -0.056811 0.007640 -0.274274 -0.108309 0.021402 -0.022947 -0.202769 -0.052132 0.000000 -0.106451 -0.000000 -0.124140 -0.175958 0.042044 -0.149994 0.000000 0.064622 -0.000000 -0.000011 -0.058771 -0.000000 -0.007069 -0.000000 0.000000 0.124215 -0.071625 0.025192 0.060138 -0.000000 -0.005433 0.085109 -0.121736 -0.000000 -0.189292 0.000000 0.223033 -0.167148 0.182874 0.000000 0.039610 -0.198108 -0.000000 -0.027413 -0.000000 -0.021611 -0.094864 -0.000000 0.053572 -0.000002 -0.100351 -0.000000 -0.096284 -0.000000 0.000000 0.000000 0.090042 -0.040910 -0.000000 -0.183671 0.116841 -0.055762 -0.012107
  0.008044 0.006566 0.080641 0.186860 -0.056877 0.033610 0.040527 0.169796 -0.128068 0.045321 -0.014275 0.000000 -0.029228 -0.000000 0.000000 0.000954 -0.000000 -0.043433 -0.000000 0.155997 0.032007 0.101192 -0.020908 0.047197 0.072226 -0.000000 -0.000000 0.084294 0.000000 -0.040365 -0.045807 0.043320 0.005808 -0.075368 -0.000000 -0.000000 0.119223 -0.000000 -0.055303 0.110136 -0.086962 -0.021737 0.121725 0.014328 -0.062602 0.158752 0.000000 -0.012168 -0.000000 0.001687 -0.088827 -0.107989 0.008923 0.000000 0.135705 -0.000000 -0.000005 -0.122813 -0.000000 -0.112878 0.000000 -0.000000 0.127672 0.082582 -0.080835 -0.048500 -0.000000 0.152456 0.071599 -0.013711 0.000000 -0.032844 0.000000 0.092500 0.058319 -0.007578 0.000000 -0.010535 -0.073992 -0.000000 0.141142 -0.000000 -0.078589 0.116417 -0.000000 -0.056522 -0.000001 0.036359 -0.000000 0.022592 -0.000000 -0.000000 0.000000 -0.691220 0.103524 0.000000 0.079812 0.041431 0.096832 -0.092805
  0.126506 -0.075959 -0.075476 0.025462 0.092068 -0.057574 0.140521 0.163462 0.052874 0.021801 0.080943 -0.000000 0.044011 0.000000 0.000000 0.195615 -0.000000 -0.039873 -0.000000 0.007881 -0.011640 -0.002818 0.082994 0.055551 -0.068788 -0.000000 -0.000000 -0.105035 0.000000 0.094699 0.044905 -0.083962 -0.053777 0.059935 0.000000 0.000000 0.020882 0.000000 0.130286 0.024667 0.098820 0.136082 0.101419 0.140034 -0.088506 0.026250 0.000000 -0.063984 -0.000000 -0.050047 0.123006 0.082360 -0.064672 -0.000000 0.077262 0.000000 -0.000005 0.128660 -0.000000 0.127017 -0.000000 0.000000 0.042560 0.027073 0.118612 -0.057912 -0.000000 -0.041481 0.095287 0.041696 0.000000 0.135127 0.000000 0.159052 0.035392 0.012183 0.000000 0.139990 -0.003069 -0.000000 -0.009539 -0.000000 -0.147454 0.035477 -0.000000 0.044672 0.000000 0.060550 0.000000 0.149502 -0.000000 -0.000000 0.000000 -0.199364 -0.022211 -0.000000 -0.084065 -0.016380 -0.104487 0.132836
  0.038900 0.178057 0.176453 0.259484 0.204293 0.155092 0.001655 0.223609 0.010893 -0.005449 0.102402 0.000000 0.070246 -0.000000 0.000000 -0.164609 -0.000000 -0.127807 -0.000000 0.145934 -0.088171 0.112437 -0.022801 0.036009 -0.174947 -0.000000 0.000000 -0.054835 -0.000000 -0.024974 0.111375 -0.109541 0.026838 0.183520 0.000000 -0.000000 0.094391 0.000000 -0.011799 0.157508 -0.511275 0.189096 0.142711 0.099190 -0.174306 0.119764 0.000000 0.043839 -0.000000 -0.007290 0.212627 -0.203137 0.121444 0.000000 0.138447 0.000000 -0.000005 -0.089783 -0.000000 0.117553 -0.000000 -0.000000 0.035648 0.050159 0.082347 0.091665 -0.000000 -0.038669 -0.070067 0.117465 0.000000 0.194565 -0.000000 0.099332 0.065685 0.063651 -0.000000 0.048499 -0.006195 -0.000000 0.071329 -0.000000 0.193467 0.134633 0.000000 0.007621 -0.000001 0.037119 -0.000000 -0.016093 -0.000000 0.000000 -0.000000 0.166877 0.123860 0.000000 -0.045413 -0.083942 0.181878 0.170807
  -0.018980 -0.098652 0.031401 -0.032310 0.092552 0.172632 -0.001533 -0.075876 0.103950 -0.098358 0.177031 0.000000 0.106166 -0.000000 -0.000000 0.052397 -0.000000 -0.009880 0.000000 0.135443 0.081924 -0.056684 0.015892 -0.003049 0.020479 -0.000000 -0.000000 -0.031443 -0.000000 0.138405 0.082668 -0.010356 -0.062610 -0.077316 -0.000000 -0.000000 -0.028496 -0.000000 0.142803 0.047153 0.030043 -0.087183 0.001709 0.033224 -0.199095 -0.063876 0.000000 0.161998 -0.000000 0.001365 0.170926 -0.092972 0.091550 0.000000 0.182395 -0.000000 -0.000004 -0.048627 -0.000000 0.044799 0.000000 0.000000 0.029379 0.094715 0.126460 0.101444 -0.000000 -0.028219 0.112843 0.037142 -0.000000 0.124990 0.000000 0.177740 -0.053165 0.081879 -0.000000 0.157768 -0.066664 0.000000 0.126878 -0.000000 0.059622 0.138753 -0.000000 -0.100028 -0.000001 -0.026114 0.000000 0.173634 -0.000000 -0.000000 -0.000000 -0.141416 0.004554 -0.000000 0.052072 0.096624 0.098239 -0.062127
  -0.285158 -0.067755 -0.071911 -0.242985 0.018025 -0.114217 -0.121766 -0.349447 0.157141 0.291456 -0.011161 0.000000 -0.253548 -0.000000 -0.000000 -0.086386 0.000000 -0.209951 0.000000 -0.066357 -0.154315 -0.197013 0.200220 -0.047777 0.201039 -0.000000 0.000000 -0.035635 0.000000 -0.108868 0.205390 -0.157288 -0.153583 0.085649 -0.000000 0.000000 -0.281393 -0.000000 -0.060399 -0.207534 0.149047 -0.176232 -0.219253 -0.059941 0.043135 -0.116411 0.000000 -0.002874 -0.000000 -0.195349 -0.033619 0.013953 -0.397043 -0.000000 0.128210 -0.000000 -0.000013 0.050909 -0.000000 -0.003641 -0.000000 0.000000 0.221506 -0.063347 -0.103534 -0.058382 -0.000000 -0.036177 -0.114799 -0.041385 -0.000000 -0.247636 0.000000 -0.221672 -0.113119 -0.320061 -0.000000 -0.204438 -0.041008 0.000000 -0.175240 -0.000000 0.129405 0.130710 0.000000 -0.048079 -0.000001 -0.177574 -0.000000 -0.004900 -0.000000 0.000000 0.000000 0.231769 -0.034004 0.000000 -0.289805 -0.244196 -0.215012 -0.158198
  0.129071 0.125821 0.086612 -0.058773 -0.062995 0.104894 0.092023 0.184495 0.053805 0.162463 0.115215 0.000000 -0.060429 0.000000 0.000000 0.006916 -0.000000 -0.038314 0.000000 -0.011849 -0.056757 0.081656 -0.229390 0.010593 0.034885 -0.000000 -0.000000 0.009381 -0.000000 0.134152 0.121565 -0.044604 0.050597 -0.037183 0.000000 0.000000 0.062848 0.000000 0.166473 0.097277 0.075193 0.175872 0.071575 0.073885 -0.138690 0.093900 0.000000 -0.057440 -0.000000 -0.059323 0.083892 0.005113 0.188547 0.000000 0.128513 -0.000000 -0.000005 0.058799 -0.000000 -0.044231 -0.000000 0.000000 0.003368 0.151625 0.187311 0.172049 -0.000000 0.176431 0.118092 -0.014178 -0.000000 -0.015065 -0.000000 -0.024836 -0.091173 0.085399 -0.000000 -0.001777 0.118169 0.000000 0.188175 -0.000000 -0.011739 0.019134 -0.000000 -0.047396 -0.000001 0.177491 -0.000000 -0.036433 -0.000000 0.000000 -0.000000 -0.113912 -0.050961 -0.000000 -0.075571 0.060453 -0.063875 0.124984
  0.002052 0.047663 -0.022330 0.029250 -0.084301 -0.043367 -0.025267 0.008697 0.088612 0.140394 0.060328 -0.000000 0.200970 -0.000000 0.000000 -0.067940 -0.000000 0.062473 0.000000 -0.042426 -0.169465 0.055945 0.184788 0.170896 0.222956 -0.000000 0.000000 0.113543 -0.000000 -0.162108 0.029869 0.010245 0.027107 0.063879 0.000000 0.000000 -0.085148 -0.000000 0.151761 0.105932 -0.089223 0.009998 -0.061541 -0.095245 -0.037003 0.026658 -0.000000 0.042216 -0.000000 0.116088 -0.041223 0.051392 -0.028773 -0.000000 0.020687 0.000000 -0.000008 0.108282 -0.000000 0.210373 0.000000 -0.000000 0.210167 -0.044036 0.171951 -0.094890 -0.000000 -0.007913 -0.082371 -0.016551 -0.000000 0.112566 0.000000 -0.063791 -0.076616 -0.072800 0.000000 0.075175 -0.111647 -0.000000 -0.025773 0.000000 0.148657 0.153321 -0.000000 -0.017274 -0.000000 -0.093842 0.000000 0.007722 -0.000000 0.000000 -0.000000 0.080024 0.020219 0.000000 0.090869 0.036272 0.034859 0.071661
  -0.056431 -0.116863 -0.070451 -0.140900 0.286124 -0.237646 -0.154161 0.172604 -0.114711 0.202500 0.008834 0.000000 0.252623 0.000000 -0.000000 -0.038062 0.000000 -0.056222 0.000000 -0.011119 -0.119764 0.053533 0.267460 -0.260086 -0.031149 -0.000000 0.000000 0.112316 0.000000 -0.191158 0.129345 -0.020813 -0.161067 0.107059 -0.000000 0.000000 -0.093998 -0.000000 0.177755 -0.149937 -0.032572 0.150316 0.085172 -0.105836 0.148607 0.100546 -0.000000 -0.026301 -0.000000 -0.139083 0.314714 -0.041712 0.079522 -0.000000 -0.009457 -0.000000 -0.000007 -0.145889 -0.000000 -0.046579 0.000000 -0.000000 0.371387 -0.101535 0.320166 0.138122 -0.000000 0.071285 -0.024851 -0.009993 -0.000000 0.052422 -0.000000 -0.109806 -0.036214 -0.017892 -0.000000 0.032626 0.160682 -0.000000 0.153755 -0.000000 -0.301653 0.281101 -0.000000 0.029124 -0.000001 -0.070113 0.000000 -0.043048 -0.000000 0.000000 0.000000 0.114951 0.025183 0.000000 -0.033784 -0.054483 -0.008430 0.189949
  0.200078 0.065238 -0.029973 0.093325 0.205307 0.128691 0.033014 0.162974 -0.015849 0.142955 0.012280 -0.000000 0.017975 -0.000000 -0.000000 0.200718 0.000000 0.055036 -0.000000 0.135008 0.208167 0.077638 -0.078321 0.241638 -0.347277 -0.000000 -0.000000 -0.004736 0.000000 0.036761 0.262031 0.235837 0.106616 -0.002204 -0.000000 -0.000000 0.076510 0.000000 0.093633 0.173518 0.017649 0.118599 0.209606 -0.002602 0.080882 -0.012862 -0.000000 0.112845 -0.000000 0.162289 0.277305 -0.190384 0.074584 -0.000000 0.101882 -0.000000 -0.000011 0.115898 -0.000000 -0.012572 -0.000000 -0.000000 0.038987 0.033632 0.095550 0.181264 -0.000000 0.044419 0.204433 0.061896 0.000000 0.035305 -0.000000 0.117387 0.056268 0.104856 -0.000000 0.296717 0.142904 -0.000000 0.118734 -0.000000 0.151154 0.049192 0.000000 0.036070 -0.000001 0.098583 0.000000 0.222371 -0.000000 -0.000000 0.000000 -0.143573 0.020438 -0.000000 0.069519 0.160648 0.112990 0.293858
  -0.047283 -0.061508 0.136053 -0.094383 0.056537 0.080599 0.025852 0.075649 -0.074148 0.115964 -0.085661 -0.000000 -0.102967 0.000000 0.000000 0.160672 -0.000000 0.038200 0.000000 0.012301 0.046472 0.046424 0.025356 0.089855 -0.055497 -0.000000 0.000000 0.133040 0.000000 0.039764 0.059850 0.000526 0.016248 0.136697 0.000000 0.000000 -0.086441 0.000000 0.152424 -0.028430 -0.019306 0.095572 0.034235 0.155579 -0.157509 0.076562 0.000000 0.022400 -0.000000 0.046789 -0.000584 -0.080462 -0.011994 0.000000 0.136780 -0.000000 -0.000002 -0.076614 -0.000000 0.139567 0.000000 0.000000 0.116301 -0.094440 0.087688 0.050291 -0.000000 0.146776 0.113715 0.097304 0.000000 0.155947 0.000000 -0.063190 0.001676 0.112254 -0.000000 -0.106113 -0.103008 0.000000 0.017048 -0.000000 -0.279230 0.093568 -0.000000 -0.049661 -0.000000 0.037723 -0.000000 0.053053 -0.000000 0.000000 -0.000000 -0.116776 0.095924 0.000000 -0.073100 -0.075665 0.111972 0.089929
  -0.037881 0.132466 -0.073788 0.064698 -0.108736 0.019064 -0.101788 0.030026 0.060323 0.044074 -0.106770 -0.000000 0.000745 -0.000000 0.000000 -0.001972 0.000000 0.046101 0.000000 -0.090891 -0.098777 0.071300 0.191840 0.140976 0.135942 -0.000000 0.000000 0.032242 0.000000 0.166519 0.082329 0.031134 -0.000292 0.062048 -0.000000 -0.000000 -0.116152 -0.000000 0.026440 0.096643 -0.400059 0.029205 -0.033174 -0.098894 -0.436681 0.142861 -0.000000 0.079569 -0.000000 0.159836 0.013825 -0.098840 0.043469 0.000000 -0.056044 0.000000 -0.000005 0.112390 -0.000000 0.179127 -0.000000 -0.000000 0.225089 0.139850 0.076791 -0.091440 -0.000000 0.026453 0.012567 0.063338 -0.000000 0.084937 0.000000 -0.034560 0.045688 0.056378 0.000000 -0.116031 0.061287 -0.000000 0.029653 -0.000000 0.158266 -0.099117 0.000000 0.139153 -0.000001 0.128904 0.000000 0.102982 -0.000000 -0.000000 0.000000 0.077844 -0.091305 0.000000 -0.090308 0.110531 0.056747 0.115438
  0.064870 0.053595 -0.039245 0.188261 -0.046723 0.132026 0.060543 -0.163234 0.173837 -0.086359 -0.085685 0.000000 0.033970 0.000000 -0.000000 -0.071475 0.000000 -0.067021 -0.000000 0.043299 0.095966 -0.087490 -0.095365 0.157607 -0.008986 -0.000000 -0.000000 -0.187438 -0.000000 0.006084 -0.051880 0.003824 -0.106183 -0.001408 0.000000 -0.000000 0.032117 -0.000000 -0.055802 -0.102633 -0.165636 -0.168097 0.059115 0.100399 0.096811 -0.111119 0.000000 -0.103298 -0.000000 -0.059765 0.075998 -0.061755 0.022857 -0.000000 -0.130292 -0.000000 -0.000007 -0.007851 -0.000000 -0.047035 0.000000 0.000000 -0.003274 -0.014579 -0.103401 -0.077525 -0.000000 0.038693 -0.057753 0.106445 0.000000 0.049844 -0.000000 -0.105237 0.144287 0.107350 0.000000 -0.167659 -0.046866 0.000000 -0.149483 -0.000000 0.158192 -0.110151 -0.000000 -0.062708 -0.000002 0.029652 -0.000000 -0.052120 -0.000000 -0.000000 -0.000000 0.079304 0.106452 -0.000000 -0.028406 -0.046889 -0.090893 0.021013
  0.065762 0.086176 -0.132312 -0.112020 0.030539 -0.083376 -0.113974 -0.026441 -0.050171 -0.085893 0.093917 -0.000000 -0.208154 -0.000000 0.000000 -0.139805 -0.000000 0.000597 0.000000 -0.092897 0.058417 -0.182516 0.045726 -0.008493 -0.141677 -0.000000 -0.000000 -0.128544 -0.000000 0.047055 -0.186573 -0.176653 -0.174585 -0.106539 -0.000000 -0.000000 -0.232921 -0.000000 0.055954 -0.026506 0.045451 -0.215478 0.109272 -0.071128 0.092134 -0.082762 -0.000000 -0.110709 -0.000000 0.002582 -0.001249 0.138330 -0.067361 -0.000000 -0.258815 0.000000 -0.000013 -0.000379 -0.000000 0.061541 0.000000 -0.000000 -0.010199 -0.152796 0.061523 -0.207001 -0.000000 -0.113830 -0.080282 -0.034995 -0.000000 0.076377 0.000000 -0.121624 0.048682 -0.068427 -0.000000 -0.152898 -0.076016 -0.000000 -0.119634 -0.000000 -0.136427 -0.061556 -0.000000 -0.024097 -0.000001 -0.032168 0.000000 0.059191 -0.000000 0.000000 0.000000 -0.026894 -0.122855 0.000000 -0.217576 0.046358 -0.092219 -0.157412
  -0.090875 0.066607 0.138807 -0.005724 0.065122 0.148023 -0.016002 0.003551 0.060779 0.059539 -0.050448 -0.000000 0.082724 0.000000 -0.000000 -0.031586 -0.000000 0.105288 -0.000000 0.132191 -0.106141 0.156673 0.046675 0.083049 -0.041131 -0.000000 -0.000000 -0.103884 -0.000000 0.129155 0.138228 0.022889 0.033771 -0.058711 0.000000 0.000000 0.063607 -0.000000 0.151634 0.127978 0.012019 0.010054 0.055401 0.034365 -0.037451 -0.021741 -0.000000 0.052202 -0.000000 -0.029168 0.143277 0.039489 -0.082877 -0.000000 0.146115 0.000000 -0.000004 0.142025 -0.000000 0.195915 -0.000000 -0.000000 0.042051 0.015054 0.024712 0.135697 -0.000000 0.003776 -0.003004 -0.058259 -0.000000 0.063359 -0.000000 0.086791 0.032801 -0.051172 0.000000 -0.053982 0.043572 0.000000 0.012974 -0.000000 0.186597 -0.044943 0.000000 0.008166 -0.000001 0.116416 0.000000 -0.110204 -0.000000 0.000000 -0.000000 -0.102191 0.085200 0.000000 0.094341 0.095777 0.112139 0.133580
  0.114489 0.130368 0.056312 0.104027 0.175011 -0.021586 0.003658 0.197040 -0.026208 -0.014887 0.113105 0.000000 0.028344 0.000000 -0.000000 0.174912 -0.000000 0.152988 -0.000000 -0.056050 0.038567 0.005208 0.009119 0.134066 0.081246 -0.000000 -0.000000 0.139000 0.000000 0.102539 0.112140 0.087594 0.100197 0.010260 0.000000 0.000000 0.057726 0.000000 0.091029 0.101824 -0.012631 0.186413 0.047127 -0.070135 0.109475 0.106089 0.000000 -0.036210 -0.000000 0.204775 -0.014101 0.092891 0.165090 0.000000 -0.029811 0.000000 -0.000005 0.039093 -0.000000 0.000648 -0.000000 0.000000 0.073736 0.221743 0.055089 0.151776 -0.000000 0.119268 0.094356 0.177119 0.000000 0.184079 0.000000 0.140607 -0.063623 0.150576 0.000000 0.045732 -0.021554 0.000000 0.009537 -0.000000 0.125766 0.164144 0.000000 0.041322 -0.000001 -0.020813 -0.000000 -0.050611 -0.000000 0.000000 -0.000000 0.025341 0.074988 -0.000000 -0.065356 0.184487 0.036434 -0.067416
  -0.115725 0.048669 -0.137268 -0.035615 -0.008063 0.065141 -0.098626 -0.104373 0.041792 -0.052190 -0.003370 -0.000000 -0.085413 -0.000000 -0.000000 -0.045717 -0.000000 0.138910 0.000000 0.068626 0.132112 0.105106 0.096333 0.040049 -0.071638 -0.000000 0.000000 0.101062 -0.000000 0.115812 0.037467 -0.021248 -0.019749 0.015371 -0.000000 0.000000 0.054342 0.000000 -0.155858 0.066310 -0.065176 -0.051463 0.041794 -0.057067 -0.134526 -0.053022 0.000000 -0.027911 -0.000000 0.060076 0.083064 0.177428 -0.040158 -0.000000 -0.046508 -0.000000 -0.000007 -0.151667 -0.000000 0.067323 0.000000 0.000000 0.091708 0.111518 -0.018910 0.001367 -0.000000 0.016575 -0.081641 -0.079333 0.000000 0.073255 -0.000000 -0.049025 0.083986 0.130126 -0.000000 -0.059080 0.066127 -0.000000 0.077938 -0.000000 -0.397030 -0.103094 -0.000000 -0.119635 -0.000002 0.080457 -0.000000 0.091904 -0.000000 0.000000 -0.000000 -0.041039 -0.012590 0.000000 0.034470 0.110089 0.045186 -0.014617
  0.168106 -0.080255 0.183376 0.048291 -0.077725 -0.038274 0.053365 0.120935 0.005349 0.159710 -0.010179 -0.000000 -0.209814 0.000000 0.000000 -0.016146 -0.000000 -0.104584 -0.000000 0.104670 -0.011524 0.109670 0.042887 0.109371 -0.000497 -0.000000 0.000000 0.126178 0.000000 -0.061914 0.003044 0.055643 0.095179 0.005030 -0.000000 0.000000 -0.010736 -0.000000 -0.053917 -0.018340 0.057640 0.014825 -0.093344 -0.074906 -0.046172 0.086454 -0.000000 0.047645 -0.000000 -0.018599 -0.010495 -0.107218 0.095706 -0.000000 0.149860 -0.000000 -0.000005 -0.017870 -0.000000 -0.089108 -0.000000 -0.000000 -0.155977 0.182898 0.058757 0.137652 -0.000000 0.056140 -0.089153 0.086337 -0.000000 0.020901 0.000000 0.087558 0.097057 0.068372 -0.000000 0.020577 -0.049022 0.000000 0.178342 -0.000000 -0.142780 0.044483 0.000000 0.052937 -0.000001 0.175673 0.000000 -0.059589 -0.000000 -0.000000 -0.000000 0.068278 0.141532 0.000000 -0.082713 0.162663 -0.031883 0.119405
  -0.089933 0.023846 -0.220530 0.233470 -0.057344 -0.065400 -0.090155 -0.035375 0.043604 -0.137661 -0.126597 0.000000 0.005279 -0.000000 0.000000 -0.063110 -0.000000 0.040185 0.000000 -0.176345 -0.168279 0.001409 0.175685 0.036003 0.126482 0.000000 0.000000 -0.206488 -0.000000 -0.033237 -0.080594 -0.103021 -0.140291 -0.173305 -0.000000 0.000000 -0.047193 -0.000000 -0.087824 -0.119110 -0.308853 -0.138792 0.007694 -0.009576 -0.093013 0.023154 0.000000 -0.065273 -0.000000 -0.257546 -0.156399 0.160287 -0.046995 0.000000 -0.273043 -0.000000 -0.000011 -0.128838 -0.000000 0.027191 -0.000000 0.000000 0.123864 -0.248787 -0.105868 -0.202832 -0.000000 -0.200111 -0.229872 0.020528 0.000000 -0.106904 0.000000 -0.027525 -0.161774 0.044025 0.000000 -0.109473 -0.075317 0.000000 -0.259800 -0.000000 0.160446 -0.067620 -0.000000 -0.014957 -0.000001 -0.234919 0.000000 -0.013664 -0.000000 0.000000 -0.000000 0.003300 -0.196747 0.000000 -0.182313 -0.196778 -0.015994 -0.261601
  0.163204 0.137601 0.240090 0.163050 0.014571 -0.028116 0.193775 0.188056 0.135860 0.151034 0.103538 0.000000 -0.046547 0.000000 0.000000 0.244297 -0.000000 0.180220 0.000000 0.227081 0.111376 -0.041519 0.041290 0.103863 -0.867870 -0.000000 0.000000 0.050857 -0.000000 0.008212 0.244813 0.158513 -0.052267 0.207109 0.000000 -0.000000 0.056562 0.000000 0.016707 0.171354 0.057684 0.025958 0.228205 0.014561 0.136814 0.012653 -0.000000 0.102684 -0.000000 0.092007 0.026393 -0.035232 0.176002 -0.000000 0.227962 -0.000000 -0.000004 0.140239 -0.000000 -0.067993 -0.000000 0.000000 0.106031 0.048979 0.001943 0.225845 -0.000000 -0.001454 0.070895 0.044146 -0.000000 0.183525 -0.000000 0.107020 0.208974 0.154513 0.000000 0.031147 0.168047 0.000000 0.052238 -0.000000 0.053545 0.151511 0.000000 0.076681 0.000000 0.030442 0.000000 0.080057 -0.000000 -0.000000 -0.000000 -0.216247 0.098377 0.000000 0.234894 0.016543 0.022259 0.020746
  -0.050277 -0.003334 -0.043291 -0.221348 -0.151685 -0.005698 -0.024212 -0.115540 -0.073536 -0.165783 -0.022606 -0.000000 0.059141 0.000000 0.000000 -0.132674 -0.000000 -0.070018 -0.000000 -0.081884 -0.157092 -0.184042 -0.000421 0.160206 -0.032540 -0.000000 -0.000000 -0.142548 -0.000000 0.018008 -0.263504 -0.175754 -0.052378 -0.193424 0.000000 -0.000000 -0.249236 0.000000 -0.155998 -0.040066 0.193634 -0.034616 -0.043516 -0.004503 -0.063366 0.010022 -0.000000 -0.067097 -0.000000 -0.199977 0.005462 0.127645 -0.199892 -0.000000 -0.219223 0.000000 -0.000012 -0.014478 -0.000000 0.194235 0.000000 0.000000 -0.071436 -0.105920 -0.183528 -0.048607 -0.000000 0.008609 -0.055376 -0.032509 -0.000000 -0.122497 -0.000000 0.049887 -0.134038 -0.038188 0.000000 -0.102893 -0.260208 -0.000000 -0.157971 -0.000000 -0.119629 -0.104269 0.000000 -0.129846 -0.000001 0.008911 0.000000 -0.126367 -0.000000 -0.000000 -0.000000 0.182855 0.030189 0.000000 -0.286689 -0.165490 -0.096132 -0.189841
  -0.031491 0.108539 -0.081069 0.094662 -0.017933 0.042255 0.107857 -0.041367 0.164390 0.051856 0.144022 -0.000000 0.076051 -0.000000 0.000000 0.039117 -0.000000 0.122587 -0.000000 -0.046621 0.038330 0.087541 -0.059646 0.078707 0.136729 -0.000000 -0.000000 -0.050567 0.000000 0.084990 0.144146 -0.032394 0.073268 0.079894 -0.000000 -0.000000 0.062810 -0.000000 0.148709 0.110542 0.147045 0.110978 0.021624 -0.012721 0.062014 0.025209 -0.000000 0.012245 -0.000000 0.081108 0.007281 -0.039846 0.155779 0.000000 0.110198 0.000000 -0.000007 0.084582 -0.000000 0.167329 -0.000000 0.000000 -0.018360 0.028331 -0.060259 0.037655 -0.000000 0.172644 0.144206 0.163857 -0.000000 0.175199 -0.000000 0.138692 -0.052357 0.016289 0.000000 0.162286 0.076367 0.000000 -0.057253 -0.000000 0.032309 -0.071323 -0.000000 -0.092505 -0.000001 -0.084300 -0.000000 -0.012474 -0.000000 0.000000 0.000000 -0.123661 0.016378 -0.000000 0.120603 -0.013833 -0.037335 0.098637
  0.097977 0.216712 0.068225 0.138290 0.015641 0.080614 0.092176 0.210777 0.196204 0.129782 0.230844 0.000000 0.199633 0.000000 -0.000000 0.190729 -0.000000 -0.008505 -0.000000 0.242147 0.246663 0.185897 0.106586 0.199863 -0.718376 -0.000000 -0.000000 0.004050 -0.000000 0.125259 0.237625 0.221370 0.170451 0.273428 -0.000000 0.000000 0.097723 -0.000000 0.201603 0.079879 0.144145 0.094412 0.169660 0.273774 -0.046554 0.251003 -0.000000 0.101501 -0.000000 0.208786 0.025249 -0.083911 0.090694 -0.000000 0.210595 -0.000000 -0.000008 0.058389 -0.000000 0.178929 -0.000000 -0.000000 -0.001696 0.127852 0.203625 0.228032 -0.000000 0.081502 0.198096 0.241783 0.000000 0.204371 0.000000 0.120920 0.072357 0.200972 -0.000000 0.206761 0.246836 0.000000 0.109495 -0.000000 -0.059991 0.136429 0.000000 0.173232 -0.000001 0.259278 0.000000 0.105207 -0.000000 0.000000 0.000000 0.171557 0.013887 0.000000 0.163057 0.220984 0.251190 0.286497
  0.045619 0.145425 0.018439 -0.074421 -0.031801 0.156167 0.176030 -0.024709 -0.140872 0.114411 0.070332 0.000000 -0.102525 -0.000000 -0.000000 -0.047159 -0.000000 -0.066708 -0.000000 -0.069637 0.172065 -0.027450 -0.084385 0.127680 0.031844 -0.000000 0.000000 0.124586 0.000000 0.110861 0.151196 0.053094 -0.030387 0.153464 0.000000 0.000000 -0.093490 -0.000000 0.167715 -0.039200 0.123119 0.167843 0.143495 0.052644 -0.069249 0.138351 0.000000 0.085425 -0.000000 0.098137 0.168440 -0.091306 -0.057158 -0.000000 0.006089 0.000000 -0.000003 0.175314 -0.000000 -0.012835 -0.000000 0.000000 -0.166767 -0.057687 0.105770 -0.046029 -0.000000 0.124514 -0.069452 0.017785 -0.000000 -0.008920 0.000000 -0.043913 0.143013 0.180298 -0.000000 0.175619 -0.016360 -0.000000 -0.103806 -0.000000 0.054806 -0.003164 0.000000 0.097188 -0.000001 0.106750 0.000000 -0.083308 -0.000000 -0.000000 -0.000000 -0.009931 -0.022511 0.000000 0.077525 0.086929 -0.072477 0.028994
  0.004016 -0.112846 0.163817 0.108179 -0.112442 -0.010535 0.116438 0.110513 0.002831 -0.005644 0.015424 0.000000 0.167530 0.000000 0.000000 0.078172 -0.000000 0.097845 -0.000000 0.186671 0.000046 -0.113566 0.107350 -0.216269 0.056925 -0.000000 0.000000 0.045975 -0.000000 0.031940 0.015719 0.150537 0.017833 0.088956 -0.000000 0.000000 0.095316 0.000000 -0.062119 0.012004 -0.155661 -0.051579 0.016724 0.159283 0.250085 0.190097 -0.000000 0.096174 -0.000000 0.051015 0.191528 -0.163111 0.164115 0.000000 -0.032302 0.000000 -0.000008 0.103285 -0.000000 0.104695 0.000000 -0.000000 0.093521 -0.029098 0.043469 -0.031827 -0.000000 -0.044852 0.035294 0.051112 -0.000000 -0.016026 0.000000 0.070409 0.008689 0.115019 0.000000 0.086355 0.002966 -0.000000 0.148967 -0.000000 -0.205910 -0.028535 0.000000 0.063220 -0.000000 -0.078747 -0.000000 -0.064882 -0.000000 -0.000000 0.000000 0.000001 0.142862 -0.000000 -0.044800 -0.011490 0.000971 0.112436
  -0.069752 -0.078085 -0.177009 0.024910 -0.045963 -0.043523 0.046100 -0.021389 -0.022463 -0.182633 0.027047 0.000000 -0.135949 -0.000000 -0.000000 -0.011016 -0.000000 -0.096569 -0.000000 -0.131473 -0.128215 -0.033975 -0.013386 0.127998 0.071341 -0.000000 -0.000000 -0.043883 -0.000000 -0.152280 0.047791 -0.028823 0.094548 -0.116878 -0.000000 -0.000000 -0.018064 0.000000 -0.011041 -0.198594 -0.017938 -0.109198 -0.117443 -0.016178 -0.053746 -0.141172 -0.000000 -0.030494 -0.000000 -0.069936 -0.194518 -0.093900 0.068627 0.000000 -0.083457 0.000000 -0.000007 -0.176164 -0.000000 0.037174 0.000000 0.000000 0.100012 -0.035689 -0.242162 -0.128084 -0.000000 -0.134248 -0.046268 -0.151160 -0.000000 -0.059523 -0.000000 0.004890 -0.046534 0.033960 0.000000 -0.173657 -0.154767 0.000000 -0.087513 -0.000000 -0.215569 -0.069854 0.000000 0.006593 -0.000001 0.091214 0.000000 0.043115 -0.000000 0.000000 -0.000000 -0.289003 -0.010013 -0.000000 -0.029782 0.025421 -0.186883 -0.027667
  0.171421 -0.102610 0.089204 -0.035896 0.067673 -0.012275 0.022894 -0.049871 0.071482 0.122236 0.078360 -0.000000 -0.038329 -0.000000 -0.000000 0.048803 -0.000000 -0.032638 0.000000 0.164583 -0.041045 -0.063671 -0.049643 0.134023 -0.011618 -0.000000 0.000000 0.045355 0.000000 0.000629 0.007535 0.093562 0.019769 0.117585 -0.000000 0.000000 0.005850 -0.000000 0.168366 0.177896 -0.015870 0.135930 0.117065 0.080647 0.091904 -0.012854 -0.000000 0.157278 -0.000000 0.193146 0.059411 0.026252 -0.045928 -0.000000 0.196223 -0.000000 -0.000007 -0.022487 -0.000000 0.025840 0.000000 -0.000000 0.053938 -0.024176 0.138491 0.143117 -0.000000 0.026408 -0.068483 0.158433 0.000000 0.186810 -0.000000 0.028052 -0.021781 0.010021 0.000000 -0.061531 0.126307 0.000000 0.166412 -0.000000 0.045571 0.201015 0.000000 0.137824 -0.000001 0.085814 -0.000000 0.117882 -0.000000 0.000000 -0.000000 -0.010958 0.121639 0.000000 -0.022628 -0.033709 0.073195 -0.029631
  -0.236817 0.201968 -0.011744 0.045071 -0.109986 0.000425 0.024284 0.020892 0.113116 0.043801 -0.238129 0.000000 0.101394 -0.000000 -0.000000 -0.170451 -0.000000 -0.140051 0.000000 -0.198842 -0.178844 0.047768 0.068101 -0.140913 0.101446 0.000000 -0.000000 -0.091966 -0.000000 0.021290 -0.150707 -0.184284 -0.155443 -0.076110 0.000000 -0.000000 -0.107781 -0.000000 0.086080 0.008059 -0.053611 -0.249256 -0.093394 -0.064445 0.366379 0.021655 0.000000 -0.210851 0.000000 -0.065292 -0.000288 0.118799 -0.155769 -0.000000 -0.207696 -0.000000 -0.000001 -0.233481 -0.000000 -0.013070 -0.000000 0.000000 -0.228228 -0.198289 0.068733 0.010891 -0.000000 -0.032557 -0.055531 -0.040589 -0.000000 0.029920 -0.000000 -0.077266 -0.138111 -0.115069 0.000000 -0.086286 -0.230280 -0.000000 -0.131996 -0.000000 0.217394 0.001749 0.000000 -0.023954 -0.000001 -0.176314 0.000000 -0.046815 0.000000 0.000000 0.000000 0.096651 0.011766 -0.000000 -0.103279 -0.043979 -0.160345 -0.017738
  0.122388 0.234111 0.205326 0.072127 0.132318 0.089968 -0.005833 -0.028485 0.168413 0.082026 0.145729 0.000000 -0.320770 -0.000000 -0.000000 0.208510 -0.000000 0.189513 0.000000 0.202220 0.052309 0.198258 -0.264053 -0.215445 -0.254979 0.000000 -0.000000 0.076294 -0.000000 0.035355 -0.051096 0.158217 0.069904 0.173825 0.000000 0.000000 0.066186 0.000000 0.102912 0.048061 0.126643 0.101215 0.143970 0.133172 -0.235141 0.103746 -0.000000 0.090441 0.000000 0.199937 -0.066110 -0.103270 -0.054279 -0.000000 0.154674 0.000000 -0.000003 0.162668 -0.000000 -0.099991 -0.000000 0.000000 0.006918 0.112617 0.027217 0.023945 -0.000000 -0.067201 0.131766 0.003928 -0.000000 0.137555 -0.000000 0.185006 0.121365 0.061488 0.000000 0.086824 -0.000690 0.000000 0.087428 -0.000000 0.233289 0.092415 0.000000 0.159223 -0.000001 0.055365 -0.000000 0.047589 -0.000000 0.000000 -0.000000 -0.024224 0.202505 0.000000 0.139467 0.147001 0.018069 0.026215
  0.010291 -0.010447 -0.014905 0.078711 0.069271 -0.117776 -0.139671 -0.105870 0.115820 -0.050394 -0.017315 -0.000000 -0.243382 -0.000000 0.000000 -0.062007 -0.000000 0.081100 -0.000000 0.017624 0.090755 -0.000939 -0.022768 -0.098541 0.040522 0.000000 -0.000000 -0.042740 -0.000000 0.033310 0.083956 -0.163709 -0.097254 -0.070483 -0.000000 0.000000 -0.050672 -0.000000 0.079232 0.052424 -0.030265 -0.019652 -0.127929 -0.119470 -0.139424 -0.045971 0.000000 -0.045460 -0.000000 -0.115109 -0.033873 0.071979 -0.071623 -0.000000 -0.032930 -0.000000 -0.000006 -0.193071 -0.000000 -0.034228 -0.000000 0.000000 0.057992 -0.016915 0.110964 -0.113912 -0.000000 -0.077988 -0.101670 -0.051868 -0.000000 0.110398 -0.000000 -0.108971 -0.079894 -0.231253 -0.000000 -0.173379 -0.108680 0.000000 -0.073669 -0.000000 0.047853 0.138546 -0.000000 -0.106974 -0.000000 -0.125019 -0.000000 -0.101623 -0.000000 0.000000 0.000000 -0.081510 -0.048756 -0.000000 0.060541 0.050349 -0.066634 -0.004489
  -0.071413 0.050255 0.112819 -0.090680 0.069223 -0.132866 0.102513 0.195683 0.136880 0.180928 0.068635 -0.000000 0.186500 0.000000 0.000000 0.063212 -0.000000 -0.129361 -0.000000 0.100371 0.122976 0.151059 0.013486 -0.052868 0.021542 -0.000000 0.000000 0.037671 0.000000 0.019690 0.164924 -0.056549 -0.032011 0.171901 -0.000000 -0.000000 0.062146 0.000000 0.047736 -0.024661 -0.032307 0.112494 -0.061591 -0.063303 -0.221534 -0.014455 0.000000 -0.010818 -0.000000 0.102422 0.139006 -0.149135 0.185203 -0.000000 0.199071 -0.000000 -0.000004 -0.101194 -0.000000 -0.064201 -0.000000 -0.000000 -0.034285 -0.035353 0.053558 0.161572 -0.000000 0.084375 -0.087733 0.097286 -0.000000 0.207794 0.000000 -0.012492 0.133954 -0.049574 0.000000 -0.057740 0.025147 -0.000000 0.148065 -0.000000 0.049107 0.139577 -0.000000 0.089090 -0.000001 0.135735 -0.000000 0.127467 -0.000000 -0.000000 -0.000000 -0.160938 0.011816 -0.000000 0.199982 -0.029616 0.141349 0.123085
  -0.034136 -0.285078 0.061138 0.039702 0.177452 -0.012585 0.142321 0.020796 0.035804 0.072427 -0.077798 -0.000000 -0.102872 -0.000000 0.000000 -0.049593 -0.000000 -0.034084 0.000000 0.130752 0.104362 0.050650 -0.062838 0.002974 -0.043522 -0.000000 -0.000000 0.089450 0.000000 0.075020 0.035118 -0.080616 0.142118 0.050333 -0.000000 0.000000 -0.041672 -0.000000 0.010380 -0.037214 -0.108674 0.156050 0.049272 0.037099 0.015598 0.168484 -0.000000 0.128018 -0.000000 -0.042875 -0.001819 0.021396 0.102205 -0.000000 0.053813 0.000000 -0.000005 0.136379 -0.000000 -0.068735 0.000000 -0.000000 -0.159182 0.014298 0.065876 0.088099 -0.000000 -0.061595 -0.064933 0.144645 0.000000 0.091695 0.000000 0.059168 -0.039314 0.004753 0.000000 0.060694 -0.079262 0.000000 0.140322 -0.000000 -0.073211 0.155742 -0.000000 0.042654 -0.000001 0.012657 0.000000 0.010224 -0.000000 -0.000000 -0.000000 -0.273335 0.104746 -0.000000 0.083297 0.103714 -0.015697 0.068325
  0.086854 -0.577286 -0.025675 0.051433 0.168369 -0.003282 -0.021122 0.017461 -0.171718 0.078820 -0.033491 -0.000000 -0.005105 -0.000000 -0.000000 -0.072614 -0.000000 0.096860 0.000000 -0.063390 0.018911 -0.021133 0.010259 -0.137946 0.133545 -0.000000 -0.000000 -0.095519 0.000000 0.065847 0.058634 -0.000094 0.003990 0.016080 -0.000000 -0.000000 0.029860 0.000000 0.083105 -0.026500 -0.190329 -0.001122 0.023107 0.001331 0.124406 0.069715 0.000000 0.081136 -0.000000 0.084000 0.196965 -0.082394 -0.103788 0.000000 0.168451 -0.000000 -0.000006 0.021739 -0.000000 0.002050 0.000000 0.000000 0.170544 -0.027161 -0.028573 0.004840 -0.000000 -0.085372 0.077567 -0.014813 0.000000 0.142291 -0.000000 0.144926 0.076202 0.003378 -0.000000 0.045995 0.008449 0.000000 -0.089936 -0.000000 0.017720 -0.093743 0.000000 0.036272 -0.000001 -0.107570 0.000000 0.047618 -0.000000 -0.000000 -0.000000 -0.003774 0.051068 0.000000 0.090497 -0.043890 0.149576 -0.017892
  0.154543 0.084854 0.025992 0.148771 -0.037918 0.140595 0.054902 -0.074239 0.136042 0.038004 -0.053984 0.000000 0.191330 -0.000000 0.000000 0.014921 -0.000000 0.146942 -0.000000 0.114889 0.026568 0.028399 0.161532 0.132453 -0.205390 0.000000 -0.000000 -0.013725 0.000000 0.128340 0.125378 -0.015623 0.025365 0.162356 -0.000000 -0.000000 0.029160 -0.000000 -0.052578 0.131053 0.289034 0.049520 0.101695 0.129163 0.037538 -0.103702 -0.000000 -0.083631 -0.000000 -0.011903 0.030081 -0.036110 -0.095742 -0.000000 -0.025468 0.000000 -0.000006 0.117065 -0.000000 0.210154 0.000000 0.000000 0.018104 0.168726 0.110804 0.101201 -0.000000 0.058849 0.068124 0.061386 0.000000 -0.077350 -0.000000 0.071019 -0.040981 -0.043621 -0.000000 0.001179 0.022816 -0.000000 0.156606 -0.000000 0.159944 -0.043943 0.000000 0.033303 -0.000000 0.106144 -0.000000 0.125357 -0.000000 -0.000000 0.000000 -0.306330 -0.079955 0.000000 -0.044463 0.104632 0.150645 -0.017269
  -0.023168 -0.088534 -0.032672 -0.182673 -0.049275 0.011507 0.002878 0.139448 0.118790 0.170792 0.075359 -0.000000 0.058742 -0.000000 -0.000000 0.131307 -0.000000 -0.039972 0.000000 0.183234 -0.004726 0.025904 -0.062435 0.100589 -0.178637 -0.000000 0.000000 -0.012452 0.000000 0.152716 -0.004204 0.128201 -0.031976 0.135919 0.000000 -0.000000 0.119934 0.000000 0.027962 -0.033836 -0.123083 0.084072 0.201088 0.152093 0.061676 0.077487 -0.000000 -0.061004 -0.000000 0.056070 0.087775 0.111054 0.097265 0.000000 -0.032283 0.000000 -0.000006 0.156901 -0.000000 -0.016452 -0.000000 -0.000000 0.017781 0.185190 -0.032059 -0.038420 -0.000000 -0.002572 0.083811 0.120726 -0.000000 0.145148 0.000000 0.115797 0.135403 0.154302 -0.000000 -0.002003 -0.046563 -0.000000 0.174229 -0.000000 0.043899 0.007708 -0.000000 0.165603 -0.000001 0.143092 -0.000000 0.187115 -0.000000 0.000000 -0.000000 0.006916 0.166720 0.000000 -0.065686 -0.025853 0.036596 -0.029691
  0.055547 -0.018568 -0.042923 0.142410 -0.020489 0.055365 0.130508 -0.086709 0.152888 -0.070235 -0.020297 -0.000000 -0.055479 -0.000000 -0.000000 0.099797 -0.000000 0.124239 0.000000 -0.068917 -0.055712 -0.056207 0.046628 0.124669 -0.055887 -0.000000 -0.000000 -0.159298 -0.000000 -0.105534 0.077296 -0.108808 0.054149 -0.038139 -0.000000 0.000000 0.011428 -0.000000 0.110967 -0.138522 -0.099028 0.055895 0.062009 -0.056556 -0.533529 0.096164 -0.000000 -0.103634 -0.000000 0.133892 -0.126802 0.118677 0.005129 -0.000000 0.069786 0.000000 -0.000008 -0.111186 -0.000000 0.070553 -0.000000 0.000000 0.122718 0.075601 0.112601 -0.018249 -0.000000 0.063857 -0.040068 0.017604 -0.000000 -0.116073 -0.000000 0.039119 0.086288 -0.004050 -0.000000 -0.027274 0.073971 -0.000000 0.049618 -0.000000 -0.097417 0.057977 -0.000000 0.004371 -0.000001 -0.113824 -0.000000 0.001302 -0.000000 0.000000 0.000000 -0.133459 0.025275 0.000000 -0.033185 0.018114 0.110866 -0.081652
  0.138493 -0.121369 -0.031558 -0.037633 0.051307 -0.073133 0.127728 0.119933 0.038747 -0.000308 0.149134 0.000000 -0.005061 0.000000 0.000000 0.069620 -0.000000 0.010934 -0.000000 -0.017122 0.077641 0.140292 0.093161 -0.049348 0.062132 -0.000000 0.000000 -0.109865 -0.000000 0.094694 -0.027606 -0.103803 0.110117 -0.024239 -0.000000 -0.000000 -0.049352 -0.000000 0.098452 -0.031003 0.031717 -0.074576 0.015565 0.073482 0.045703 0.046706 0.000000 -0.050440 -0.000000 0.136396 -0.104755 -0.106752 -0.048489 0.000000 -0.047664 -0.000000 -0.000004 0.050096 -0.000000 -0.094384 0.000000 0.000000 0.014241 0.105924 -0.016867 -0.038761 -0.000000 0.116675 0.013701 0.118952 0.000000 -0.103541 -0.000000 -0.043099 -0.012180 -0.081061 0.000000 -0.113803 -0.031133 -0.000000 0.139929 -0.000000 0.069813 0.156129 -0.000000 -0.053373 -0.000001 -0.059323 0.000000 -0.109437 -0.000000 0.000000 0.000000 0.022652 -0.019346 0.000000 0.025701 -0.062667 0.103649 0.145704
  -0.097809 -0.347307 0.016774 -0.047317 0.125649 -0.005268 0.097970 0.074266 0.025645 -0.064587 -0.061505 -0.000000 -0.011216 -0.000000 0.000000 0.030318 -0.000000 0.012069 0.000000 0.155866 -0.040266 0.128499 0.097200 -0.356508 -0.013963 -0.000000 -0.000000 -0.099845 -0.000000 0.222576 0.093173 -0.023177 0.104570 0.101872 -0.000000 -0.000000 -0.089934 0.000000 0.126132 -0.044050 -0.159692 0.102002 0.141319 0.100869 0.081901 -0.056534 -0.000000 -0.032696 -0.000000 0.005237 0.128853 0.018187 0.112652 -0.000000 0.002440 0.000000 -0.000003 0.146828 -0.000000 0.049010 0.000000 0.000000 0.091327 0.143429 -0.097127 -0.084612 -0.000000 -0.016050 0.007426 -0.029175 -0.000000 0.110986 0.000000 0.233856 0.099175 -0.025048 -0.000000 -0.023828 0.118479 -0.000000 -0.057714 -0.000000 -0.155349 -0.046221 -0.000000 0.124347 -0.000000 -0.045468 -0.000000 0.112031 -0.000000 0.000000 -0.000000 -0.214704 -0.030516 -0.000000 0.075080 0.089648 0.121177 -0.102844
  0.121856 -0.003637 0.076646 -0.100008 0.060500 0.097762 -0.015913 -0.033358 0.025003 0.118917 -0.023418 -0.000000 -0.071308 0.000000 -0.000000 -0.099801 -0.000000 0.074301 -0.000000 0.168024 0.054905 0.036109 -0.038607 0.095211 -0.029147 -0.000000 -0.000000 0.102306 0.000000 0.071232 -0.049444 0.073242 0.089264 -0.009770 0.000000 -0.000000 0.101084 -0.000000 0.051657 0.156256 0.157238 -0.029694 0.006848 -0.101504 -0.077634 0.043950 -0.000000 -0.080532 -0.000000 0.040033 -0.023135 0.005273 -0.030154 0.000000 0.153353 0.000000 -0.000004 0.117314 -0.000000 -0.080015 0.000000 -0.000000 -0.069575 0.163819 -0.072408 0.103513 -0.000000 0.037617 -0.110477 -0.008662 -0.000000 0.006436 0.000000 0.038524 0.006526 0.053821 0.000000 0.131225 -0.025946 0.000000 0.051283 -0.000000 -0.068468 -0.003992 0.000000 -0.053511 -0.000000 0.046534 0.000000 -0.102526 -0.000000 -0.000000 -0.000000 0.066287 -0.106261 -0.000000 -0.083380 0.013264 0.123994 0.063710
  0.323428 0.252801 0.472646 -0.339876 0.612096 0.147448 0.367430 0.420247 -0.086128 0.599591 0.238144 0.000000 -0.448831 -0.000000 0.000000 0.120133 -0.000000 0.333754 0.000000 0.285988 0.181687 0.612539 -0.509830 0.242258 -0.000011 -0.000000 -0.000000 0.382802 -0.000000 0.005364 0.582315 0.205188 0.230658 0.488827 0.000000 0.000000 0.333730 0.000000 0.281774 0.187740 0.122244 0.452705 0.265744 0.330854 0.227320 0.402287 -0.000000 0.178664 -0.000000 0.410197 0.728040 -0.217316 0.399089 0.000000 0.470537 -0.000000 -0.000008 0.296937 -0.000000 0.336648 -0.000000 -0.000000 -0.376447 0.297885 0.513739 0.259027 -0.000000 0.351088 0.276132 0.258370 -0.000000 0.284764 -0.000000 0.006123 0.324607 0.343365 0.000000 0.409542 0.372553 -0.000000 0.450073 -0.000000 0.140754 0.512438 0.000000 0.229835 -0.000000 0.328117 0.000000 0.267242 -0.000000 -0.000000 -0.000000 0.979260 0.422331 0.000000 0.310901 0.022354 0.540865 0.400822
  -0.089413 0.227953 -0.215584 0.328474 -0.177739 0.043075 0.001722 -0.223174 0.013922 -0.259170 -0.136454 0.000000 0.060522 0.000000 0.000000 -0.116047 0.000000 0.071744 0.000000 -0.042774 -0.100022 -0.033081 -0.153484 0.089584 -0.012738 -0.000000 0.000000 -0.060381 0.000000 -0.021974 -0.254608 -0.044935 -0.072463 -0.209387 -0.000000 0.000000 -0.245443 -0.000000 -0.190572 -0.057970 -0.000006 -0.296035 0.092260 -0.169926 0.139409 0.025976 0.000000 -0.219021 -0.000000 0.005530 -0.064471 0.070788 -0.250679 0.000000 -0.174713 0.000000 -0.000006 -0.052560 -0.000000 0.020625 -0.000000 -0.000000 -0.001424 -0.083217 -0.031477 -0.105451 -0.000000 -0.150797 -0.156755 -0.110836 0.000000 -0.241547 -0.000000 -0.024868 0.081974 0.021615 0.000000 -0.079124 -0.107436 0.000000 -0.066443 -0.000000 0.282760 -0.265556 -0.000000 0.068323 -0.000002 -0.074758 0.000000 -0.044174 -0.000000 0.000000 -0.000000 0.099872 -0.184533 -0.000000 -0.127911 -0.144234 0.003753 -0.049075
  0.136683 -0.063550 0.176504 -0.014632 0.011812 0.109518 -0.095817 -0.043474 0.083717 0.071752 0.014184 -0.000000 0.091791 0.000000 -0.000000 -0.052991 -0.000000 0.172755 -0.000000 0.037096 0.040369 0.141975 -0.006242 0.027697 0.000140 -0.000000 0.000000 0.155904 0.000000 0.179545 0.139860 0.096056 0.132563 0.088635 -0.000000 -0.000000 0.175982 -0.000000 0.132445 -0.073407 -0.080871 0.008527 -0.090682 -0.068870 -0.387616 0.142318 -0.000000 -0.011017 -0.000000 0.103165 0.066810 0.075438 0.020372 -0.000000 0.110653 0.000000 -0.000004 0.037062 -0.000000 -0.128490 0.000000 0.000000 -0.110514 -0.000518 0.157016 0.148542 -0.000000 0.037869 0.087676 0.010080 -0.000000 0.011275 0.000000 -0.009710 0.140638 -0.042649 -0.000000 -0.063528 0.023067 -0.000000 -0.021914 -0.000000 -0.024146 0.040379 -0.000000 0.044186 -0.000001 -0.012987 0.000000 0.055406 -0.000000 0.000000 0.000000 0.121889 0.089529 -0.000000 -0.018960 0.098064 0.177298 0.079217
  0.118637 -0.780219 -0.021530 0.160542 0.076169 0.151076 0.079147 -0.010261 -0.012396 0.120452 0.004317 -0.000000 0.089340 0.000000 -0.000000 0.092915 -0.000000 -0.023748 0.000000 -0.000339 0.102083 -0.036952 0.207730 -0.432045 -0.037526 -0.000000 0.000000 -0.069489 0.000000 0.016084 0.134388 0.005338 -0.011135 -0.008627 -0.000000 -0.000000 -0.014251 -0.000000 -0.027096 -0.085410 -0.036611 0.026017 0.078396 0.130482 0.039543 0.136955 -0.000000 -0.070681 -0.000000 0.011429 0.128147 0.067295 -0.053355 0.000000 0.006083 -0.000000 -0.000005 0.116305 -0.000000 0.077048 -0.000000 -0.000000 0.087124 0.073598 -0.006596 -0.070421 -0.000000 0.091746 0.041054 -0.099334 -0.000000 -0.103883 0.000000 -0.088409 0.102387 0.143629 -0.000000 -0.006584 0.064755 0.000000 0.116106 -0.000000 -0.009529 0.092306 0.000000 -0.103026 -0.000000 0.080585 -0.000000 0.109702 -0.000000 0.000000 0.000000 -0.850984 0.064885 0.000000 0.123614 -0.019088 0.057052 0.026097
  0.057545 0.065449 -0.087901 -0.046681 0.053834 -0.054478 0.160592 0.103659 -0.022839 0.128276 0.037003 0.000000 -0.169024 -0.000000 -0.000000 0.101089 -0.000000 -0.021635 -0.000000 -0.029832 0.156245 -0.079537 0.058864 -0.067583 0.035789 -0.000000 0.000000 -0.018609 0.000000 0.188871 0.161005 0.053956 0.177472 0.110718 -0.000000 -0.000000 0.002679 -0.000000 0.115737 0.069554 -0.143764 0.157976 -0.011872 0.187664 0.033154 0.170846 0.000000 -0.039545 -0.000000 -0.027606 -0.018963 0.059994 -0.073550 0.000000 0.170442 -0.000000 -0.000004 0.034596 -0.000000 -0.010650 -0.000000 -0.000000 -0.075016 0.180754 -0.051790 -0.061444 -0.000000 0.165744 0.149303 0.052147 0.000000 0.068145 -0.000000 0.086946 -0.089264 -0.005046 0.000000 -0.003712 0.175834 -0.000000 -0.001924 -0.000000 0.012916 0.046479 0.000000 -0.085073 -0.000001 -0.038403 0.000000 0.020019 -0.000000 0.000000 -0.000000 0.059549 -0.025187 -0.000000 0.134548 -0.059395 -0.027958 0.048429
  0.132221 -0.028352 0.041677 0.032559 0.131787 0.147087 0.106656 0.083822 0.003259 -0.072320 0.081219 0.000000 0.131859 -0.000000 -0.000000 0.067327 -0.000000 0.082847 0.000000 -0.051271 0.145203 0.089574 -0.034056 -0.084522 0.015036 -0.000000 -0.000000 -0.106040 -0.000000 -0.043462 0.067218 0.064237 0.058341 0.094012 -0.000000 -0.000000 -0.015868 -0.000000 -0.071211 0.062573 0.129356 0.100800 0.111433 0.073138 -0.470651 -0.042235 0.000000 -0.054678 -0.000000 -0.008204 0.172088 0.189753 0.119219 0.000000 0.046971 0.000000 -0.000005 0.151848 -0.000000 -0.031352 0.000000 -0.000000 0.171576 0.031724 0.162850 -0.004444 -0.000000 0.035040 0.071039 0.027174 0.000000 0.079245 -0.000000 0.136808 -0.034708 -0.003041 -0.000000 0.146479 -0.029255 -0.000000 0.145177 -0.000000 -0.130067 0.125393 0.000000 -0.093761 -0.000000 0.043420 0.000000 0.020437 -0.000000 -0.000000 0.000000 -0.234623 0.006122 -0.000000 0.115927 -0.013723 0.014826 0.009902
Biases:
  0.136034 -0.085325 0.152317 -0.149877 -0.031517 0.061647 0.187273 -0.033254 -0.161587 -0.036479 0.120937 -0.039409 0.044587 -0.131328 -0.091817 0.007895 -0.000076 0.104177 -0.117741 0.197327 0.011869 0.115022 -0.074927 -0.139372 0.109151 -0.000289 -0.041224 0.089809 -0.084429 0.114753 0.031713 0.152792 -0.025766 -0.054525 -0.071423 -0.103393 0.064238 -0.094579 0.109427 -0.012625 -0.005049 0.094177 0.204138 0.205612 0.045007 0.146116 -0.044359 0.130040 -0.002142 -0.059803 0.076405 -0.090766 0.092852 -0.026947 0.092688 -0.015883 -0.004923 0.072716 -0.000082 -0.146370 -0.036059 -0.018962 -0.140694 0.045736 0.071841 0.098086 -0.000158 0.029958 0.000807 0.110348 -0.118308 0.002170 -0.129506 -0.074380 -0.003965 -0.069712 -0.072009 0.118328 -0.045373 -0.032544 0.192921 -0.003745 -0.180927 0.142837 -0.057818 -0.058382 -0.000990 0.169161 -0.032987 0.117564 -0.000527 -0.093820 -0.098108 -0.034085 0.186310 -0.153529 0.139101 -0.057130 0.062081 0.109280
Weight range: -2.288658 to 0.981803
Bias range: -0.180927 to 0.205612

--- Layer 3 ---
Number of nodes: 2
Weights:
  0.042495 -0.253696
  0.342874 0.460224
  -0.247428 -0.206524
  0.471726 0.432839
  -0.187286 -0.010045
  0.162695 -0.246111
  0.039547 -0.224056
  -0.282811 -0.197420
  0.087488 0.314097
  -0.160571 0.011112
  -0.083147 -0.157963
  -0.000000 0.000000
  0.337951 0.451443
  -0.000000 0.000000
  -0.000000 0.000000
  0.168235 -0.266011
  0.000000 0.000000
  0.076735 -0.166544
  0.000000 0.000000
  -0.189490 -0.248665
  0.107463 -0.223177
  -0.205169 -0.012905
  0.166806 0.157311
  -0.036825 0.201378
  0.871927 0.990474
  -0.000000 0.000000
  0.000000 0.000000
  -0.144504 -0.000570
  0.000000 0.000000
  0.186284 -0.250141
  -0.260693 -0.244991
  0.066092 -0.208346
  0.025906 -0.098537
  -0.073076 -0.181395
  0.000000 0.000000
  0.000000 0.000000
  -0.191491 -0.161910
  0.000000 0.000000
  -0.247175 0.065731
  -0.040823 -0.081321
  0.218601 0.494362
  -0.253614 -0.142035
  -0.131421 -0.199993
  -0.022691 -0.251905
  0.361267 0.602090
  -0.127827 -0.089373
  -0.000000 0.000000
  0.092388 -0.189718
  -0.000000 -0.000000
  0.071984 -0.226779
  -0.267978 -0.005232
  0.151994 0.002103
  -0.150480 -0.196658
  0.000000 0.000000
  -0.209929 -0.272130
  -0.000000 0.000000
  -0.000002 -0.000008
  0.017344 -0.219411
  0.000000 -0.000000
  0.330249 0.292756
  -0.000000 0.000000
  0.000000 0.000000
  -0.061932 0.311118
  -0.076960 -0.223389
  -0.206431 0.046808
  -0.077482 -0.239577
  -0.000000 -0.000000
  0.057949 -0.177845
  0.061553 -0.245198
  -0.137487 -0.077413
  0.000000 -0.000000
  -0.270842 -0.108503
  -0.000000 0.000000
  0.156491 -0.190406
  -0.159757 -0.171757
  0.097254 -0.229326
  -0.000000 0.000000
  -0.164126 -0.234974
  -0.102570 -0.153440
  -0.000000 0.000000
  -0.230259 -0.106256
  0.000000 0.000000
  0.282650 0.472473
  -0.242894 0.052420
  0.000000 0.000000
  -0.008423 -0.139302
  0.000000 -0.000000
  0.034660 -0.259961
  0.000000 0.000000
  -0.157142 -0.164089
  -0.000000 -0.000000
  0.000000 0.000000
  -0.000000 0.000000
  0.301625 -0.022099
  -0.220292 -0.142034
  0.000000 -0.000000
  -0.099751 -0.163503
  0.101228 -0.139498
  -0.127556 -0.076924
  -0.083128 -0.086917
Biases:
  -0.069426 0.084592
Weight range: -0.282811 to 0.990474
Bias range: -0.069426 to 0.084592

