=== Artificial Neural Network Parameters ===

Number of layers (including input & output): 4
Layer sizes: (200, 100) (hidden), output=2

Activation function: relu

--- Layer 1 ---
Number of nodes: 200
Weights:
  -0.016831 0.158161 0.084477 0.057192 -0.112604 -0.028688 -0.201684 0.175573 0.058407 0.123785 -0.114227 0.222376 0.131714 -0.162613 -0.033829 -0.076708 -0.019224 0.059085 0.020161 0.022828 0.079832 -0.096772 -0.094520 -0.018008 0.026296 0.137007 -0.186029 0.036221 0.077185 -0.113456 0.086673 -0.146281 -0.152779 0.170829 0.162423 0.156356 -0.003595 -0.125499 0.066715 0.004303 -0.235814 0.002428 -0.196898 0.169538 -0.052884 0.037729 -0.146967 0.094575 0.031749 0.000569 0.173351 0.141806 0.200596 0.179629 0.058733 0.184065 -0.066863 -0.023955 -0.195846 -0.079023 -0.062061 -0.084937 0.113431 -0.003294 -0.149761 0.054632 -0.135774 0.156848 -0.133743 0.203200 0.111462 -0.097790 -0.111016 0.086117 0.001694 0.145337 0.098146 -0.143174 -0.006957 -0.083768 0.167371 0.051717 -0.067033 -0.138243 0.004394 0.008574 0.079877 0.071837 0.173179 0.008078 -0.129590 0.091146 0.075091 0.055494 0.121025 0.064556 0.023538 -0.048850 -0.236812 -0.136926 -0.166001 0.056121 -0.131115 0.061494 0.119203 -0.015826 0.014142 0.068779 0.000541 -0.174197 -0.003181 -0.112927 0.197458 0.083905 0.072993 0.181877 0.150762 -0.037426 0.144777 0.081620 0.143002 0.166462 -0.081755 -0.079604 -0.020199 -0.003255 0.137693 0.166872 -0.064988 0.015448 -0.003189 -0.063736 -0.060888 -0.042692 0.156918 -0.014656 0.071796 0.118185 -0.000904 0.216931 0.161687 -0.145222 0.020513 -0.036058 -0.126991 -0.214628 0.008079 0.036426 -0.172753 -0.088763 0.188347 -0.066845 -0.140622 0.044435 0.209253 -0.124900 0.061073 0.178001 -0.019095 0.093003 -0.046429 0.076802 0.089001 0.045931 -0.043900 0.116855 -0.024456 -0.096592 -0.194220 0.044722 0.114247 -0.114593 -0.002982 -0.069531 0.109036 -0.098068 0.115570 0.023904 0.196903 -0.055013 -0.095595 -0.102119 0.090382 0.177576 -0.191389 0.083854 0.097586 0.015123 0.096889 -0.026292 -0.052834 0.165640 0.197537 0.053039 -0.061071 0.036061 0.103488 0.185911 0.176703 0.162188
  0.077514 -0.152069 -0.085087 0.203909 0.078602 -0.167114 -0.131138 0.078229 -0.248804 -0.156185 0.021089 0.071174 0.096849 -0.053656 0.064339 -0.140513 -0.097120 0.112911 0.089859 0.119888 0.039173 0.096128 -0.106753 -0.055168 -0.131789 -0.040489 0.167601 -0.081304 0.179102 0.073839 0.150282 -0.004900 -0.043184 0.043445 -0.085748 0.099726 -0.102346 -0.190837 0.012974 -0.122394 0.129504 0.196549 0.164632 -0.017723 -0.165234 0.205338 -0.035644 0.141164 0.193871 0.177795 -0.108857 -0.002176 0.156687 -0.074592 -0.161751 0.027291 0.163877 0.076981 0.003565 -0.123058 0.025593 0.142497 -0.136478 0.030171 0.123686 0.131398 0.081165 0.055787 -0.054297 -0.071999 0.138982 0.114552 0.124222 0.127237 0.000051 -0.059346 0.085235 0.034601 0.056227 0.158268 0.153882 -0.051387 -0.108475 -0.166682 -0.018664 -0.208465 0.018873 0.050906 -0.099097 0.001418 -0.161199 -0.109173 0.056676 -0.057617 -0.119002 0.085095 0.147043 -0.102175 0.020552 -0.148278 -0.179550 0.051107 -0.033679 0.055915 0.049727 0.176285 -0.034213 -0.004840 0.125971 -0.106684 -0.072366 -0.146688 -0.192405 0.134676 0.140185 0.042180 -0.026522 -0.137353 -0.098130 -0.127710 0.010898 0.095743 0.030204 -0.122510 0.155710 0.136919 0.036285 0.003810 -0.013027 -0.134701 -0.048389 0.123849 -0.188157 -0.168352 -0.233638 -0.211444 0.146726 0.037349 -0.000121 -0.132777 -0.020998 -0.034076 -0.142037 -0.044513 -0.035089 -0.013245 0.099438 -0.153578 -0.028199 0.055260 0.021974 0.164812 0.048192 -0.093889 -0.169439 0.052064 -0.133070 0.053087 0.201533 0.002984 -0.100293 0.029490 0.034822 -0.009566 0.185096 -0.052569 0.216364 0.176243 -0.102260 -0.170906 -0.124101 -0.142581 -0.123135 0.106642 -0.226574 -0.001819 0.131849 -0.204208 0.120316 -0.101167 -0.121473 0.023637 0.026255 0.169048 0.019315 0.098941 -0.039969 -0.156792 0.136258 0.139442 0.190322 -0.022097 -0.043620 0.049157 -0.051970 0.156481 0.067208 -0.051855 0.042760 0.070208
  -0.161525 0.193345 0.035288 0.078796 -0.072126 0.142296 -0.067586 -0.155890 0.111715 -0.153484 -0.089555 0.145367 0.175042 0.055120 0.027438 -0.012779 -0.094331 -0.066093 0.063456 0.056786 0.070056 0.180170 -0.167371 -0.023307 -0.162657 0.027082 -0.001945 0.130764 -0.054896 -0.142312 -0.086241 0.076567 0.080999 -0.111942 -0.106750 0.050953 -0.132234 0.059132 0.033193 -0.188806 -0.152902 0.156088 -0.038682 -0.010362 0.086441 0.201898 0.181453 0.058071 -0.035774 -0.160259 0.080062 -0.002110 -0.081243 0.094022 -0.178648 -0.065064 -0.232385 0.006471 -0.159118 -0.175524 -0.128149 0.045981 0.081796 0.056495 0.146594 -0.054725 -0.112086 0.116553 -0.074638 0.108204 -0.197314 0.138527 -0.177579 0.122256 0.000131 0.170475 -0.120281 0.069671 0.115757 0.000134 0.019190 0.055675 -0.099008 0.048141 0.023503 0.090568 -0.114804 -0.056433 0.137198 0.169333 -0.030396 0.054594 -0.073671 -0.125056 0.019396 -0.044464 0.029666 -0.110984 0.183997 0.187491 0.030649 -0.041080 -0.124958 0.089093 0.082068 -0.144005 0.094278 0.036022 0.165534 0.056876 0.050716 -0.041356 0.112639 0.093901 -0.175956 -0.147273 -0.047720 0.106720 0.178720 -0.142516 -0.026997 -0.018426 0.119585 0.109512 0.170915 -0.008785 -0.031914 -0.093630 -0.152549 0.176984 0.136155 0.164140 0.132249 0.025804 0.109008 0.161982 0.149609 -0.072112 -0.000251 -0.146765 0.156352 -0.006604 -0.135784 0.056214 0.035629 -0.036746 -0.132743 0.082705 -0.021116 0.096640 -0.014251 0.143873 0.061842 0.022103 0.165140 -0.032081 -0.106448 -0.168799 0.089655 -0.019372 0.079125 -0.123201 -0.115399 -0.168236 0.001516 0.016263 -0.024386 -0.052788 0.102167 -0.099001 0.016045 0.094376 0.003864 0.090320 0.087055 0.184293 -0.137719 0.159996 -0.014920 -0.127705 -0.038725 0.188428 -0.021763 -0.103893 0.030749 -0.075540 -0.077878 -0.168686 -0.124833 -0.163765 -0.143212 0.005890 -0.119241 -0.044348 0.134909 -0.025576 0.001928 -0.122890 -0.075284 -0.156383
  -0.093551 -0.022491 -0.081377 -0.165271 -0.126354 0.010431 -0.038424 -0.028138 -0.008783 0.079844 -0.133233 0.087247 0.014049 -0.087791 0.109831 0.137457 -0.101509 -0.040833 0.080891 0.074755 -0.053529 -0.128461 -0.019432 -0.000251 0.085336 -0.022900 0.054006 0.100606 -0.153220 -0.039214 0.097897 0.114225 0.061421 0.019342 -0.133802 0.014852 0.011245 -0.132528 -0.081311 -0.096364 -0.096862 -0.014111 -0.059032 0.006148 -0.134152 0.096277 0.054810 0.056297 0.083790 -0.012958 -0.142299 0.001048 0.020091 0.054211 -0.035967 -0.131207 0.036151 -0.037366 0.077329 0.043516 -0.013117 0.169039 0.066524 -0.072356 -0.114661 -0.108797 -0.023263 -0.140389 -0.066830 -0.060938 -0.101627 0.097159 -0.125241 0.015968 -0.000515 0.178029 -0.048521 -0.029674 0.114280 0.116934 0.131450 -0.048784 -0.116627 0.111717 0.144832 -0.003591 0.058195 -0.059532 0.057230 -0.078850 -0.051011 -0.016174 0.035469 -0.081957 -0.122137 0.053427 -0.033777 0.063159 -0.114797 0.052424 0.016552 -0.151475 -0.060459 -0.136835 -0.074228 0.139795 -0.072265 0.040250 -0.122442 0.103571 0.101140 0.077110 0.002484 0.000513 -0.028009 0.158979 0.123930 0.169398 -0.068061 0.085679 0.089763 -0.075803 -0.148405 0.101205 0.027765 0.104417 -0.123373 0.122732 -0.088265 -0.116418 -0.151678 0.021012 0.075954 0.019846 -0.020233 0.117927 -0.080693 0.094821 -0.000320 -0.043643 0.005831 -0.058994 0.081813 0.001605 -0.094968 0.195426 0.023483 0.033091 0.123729 0.016876 -0.123297 0.125288 0.094866 -0.044647 -0.074135 0.136337 0.051968 0.003060 0.091102 0.044024 -0.131994 -0.070050 -0.078487 0.115919 -0.118290 0.052504 0.078101 0.136166 -0.016769 0.084688 -0.123461 0.089355 -0.121851 -0.071819 0.088515 -0.172070 -0.069221 0.033218 0.073620 0.059847 0.088430 0.010575 -0.046012 -0.056104 -0.002097 0.134711 0.051606 -0.056349 -0.006857 0.126642 -0.100436 0.009291 -0.008259 0.056772 -0.158755 0.115932 0.107730 0.015795 0.080627 0.167065
Biases:
  0.089893 -0.117287 0.044751 0.101581 -0.004865 0.046091 0.061261 0.213083 0.031702 -0.115189 0.218865 0.190790 -0.107580 0.097794 0.205398 0.024180 0.044542 -0.007393 -0.164448 -0.102132 0.198163 -0.152089 -0.132825 -0.078742 0.055942 0.224743 -0.072325 -0.032489 0.135087 -0.021353 -0.101078 -0.073108 -0.125016 -0.116614 0.020904 0.060172 0.205470 -0.048342 0.063096 0.073560 -0.186900 0.115787 -0.133246 0.228327 -0.141852 -0.021671 -0.143941 0.257376 0.023331 0.110137 -0.123537 0.162153 -0.052853 0.209631 -0.078820 -0.031633 -0.167868 -0.030157 0.020056 -0.191616 0.031523 -0.043425 0.020449 0.024011 -0.081878 0.067355 -0.163000 -0.087752 0.051252 0.224345 0.005868 -0.135746 0.006345 -0.049125 -0.162791 -0.067513 0.090811 0.070045 -0.189348 -0.114144 -0.065454 0.129958 -0.122904 -0.113920 0.174504 -0.085887 0.089994 -0.098828 -0.128771 -0.111886 0.116514 0.161508 0.133810 0.011139 0.115675 -0.078892 -0.007261 0.093033 -0.173663 -0.133232 -0.152974 -0.175202 -0.098653 0.100136 -0.047703 0.195195 0.203984 -0.104647 -0.051467 -0.020514 0.118205 -0.097679 0.106877 -0.038141 0.057607 0.028261 -0.041718 0.241875 0.134918 -0.099331 0.215906 0.051588 0.175445 0.173616 0.025418 -0.168307 -0.060913 0.075928 0.016512 -0.091339 -0.118264 0.101814 0.225784 0.012439 -0.100289 -0.073142 -0.132015 0.218669 -0.131110 0.078916 -0.070240 0.006041 0.077649 0.156786 -0.098912 -0.116283 -0.131603 0.206099 0.074308 -0.003406 0.102090 0.079498 -0.101602 0.210586 0.023215 -0.041640 -0.027532 -0.109941 -0.147939 0.135313 -0.126184 0.104138 -0.078041 -0.012340 -0.100593 -0.048336 0.097393 -0.086712 -0.000879 0.004994 0.128348 0.209959 0.062699 -0.105508 -0.120094 -0.089801 0.104586 -0.144258 0.068165 0.058972 -0.077741 0.043071 -0.190339 -0.123176 0.023727 -0.003379 0.065361 -0.009017 -0.036536 0.171958 0.143205 0.137555 -0.030956 0.067316 -0.051663 -0.172961 0.192132 -0.052033 0.231040 0.035590
Weight range: -0.248804 to 0.222376
Bias range: -0.191616 to 0.257376

--- Layer 2 ---
Number of nodes: 100
Weights:
  -0.066999 0.025348 0.100037 0.001499 0.002356 0.059203 0.071531 0.003427 -0.053925 -0.000411 -0.061297 0.006811 0.150100 -0.008070 0.001518 0.138443 -0.006742 0.035041 0.127461 -0.104149 0.068186 -0.008211 0.131669 0.005687 0.141804 -0.001213 0.138635 0.004435 -0.002028 0.106303 -0.009063 0.049895 -0.064120 -0.097057 -0.062521 0.073420 -0.027600 0.089629 -0.025148 -0.040734 -0.006151 0.002058 -0.028181 0.052129 0.038006 -0.002424 -0.003359 -0.119960 0.124608 -0.088318 0.003905 0.027316 0.164171 0.106385 0.006656 -0.028192 0.102744 -0.014215 -0.000236 0.057052 0.003756 0.158072 0.078252 -0.009685 -0.004933 0.087685 -0.047956 -0.072131 -0.027307 -0.002037 -0.034131 -0.006273 -0.005024 -0.120477 0.006752 -0.000401 -0.000558 -0.003024 -0.003567 0.005332 0.055025 -0.094333 -0.041879 0.001017 0.143548 0.007833 0.050478 -0.062798 0.154786 -0.091669 0.004439 0.000799 0.000498 0.032748 -0.026572 -0.083105 -0.073549 -0.048746 0.002268 -0.027400
  -0.095823 0.133506 -0.027223 0.004383 0.006548 -0.066888 -0.000740 0.001821 0.069367 -0.005440 0.126585 -0.003586 -0.047907 -0.000012 0.000423 0.057452 -0.006966 0.132737 -0.040788 -0.133191 0.136216 0.009101 0.137002 0.002405 0.064185 0.027187 -0.090735 -0.000934 -0.001440 -0.039657 0.001540 0.024349 -0.089682 -0.040570 0.076768 -0.100190 0.078734 0.018782 -0.002971 0.064351 0.078947 -0.001869 0.087749 0.050927 -0.042688 0.003343 0.002493 0.071274 0.126818 0.134977 0.001134 0.116692 0.043931 0.081823 0.000094 0.046465 -0.061255 0.136356 0.000695 -0.101399 0.002708 -0.088472 -0.022559 0.111798 -0.114588 0.131169 0.127500 0.034415 -0.106526 -0.002724 0.058252 0.005471 0.000662 -0.043397 0.000395 0.043692 0.002569 -0.007426 0.001999 -0.000061 0.050215 -0.016074 0.072585 0.003127 -0.089057 0.161825 0.077187 -0.093986 -0.035583 0.043434 -0.007714 0.000364 -0.001746 0.056340 -0.020097 0.132794 0.174044 0.161655 0.001671 -0.082598
  0.107381 -0.167345 -0.134028 -0.000992 -0.000440 0.099236 0.073763 -0.000644 -0.098367 0.006727 0.004603 -0.000588 -0.073570 0.002528 0.001379 -0.041591 -0.010748 0.073392 0.073965 -0.108064 0.150354 -0.005423 0.000833 0.004886 -0.000831 0.026504 -0.003136 -0.003045 0.006577 -0.001629 0.004627 -0.052123 -0.057356 -0.103129 0.070175 -0.016332 0.020970 0.013432 0.005910 -0.064320 0.080244 0.001834 0.107133 0.118424 0.044601 0.000179 -0.005714 -0.102678 0.137360 0.070369 0.002341 0.024115 -0.092617 -0.083585 0.000730 -0.106107 -0.058818 0.019703 -0.021109 0.044541 -0.002885 0.104338 -0.071123 0.015646 -0.224497 -0.095394 -0.003867 0.027236 0.052277 -0.001997 0.083115 0.003362 0.002027 -0.108100 -0.000415 -0.074634 -0.001772 0.004102 -0.004858 -0.000338 -0.000629 0.077179 0.022441 -0.022021 -0.022764 0.030474 -0.091493 -0.019100 -0.115070 -0.157145 -0.002168 -0.005403 0.000192 0.082711 -0.002565 -0.059464 -0.067832 -0.069181 0.000677 0.069893
  -0.102244 0.120017 -0.193558 0.000164 0.001298 0.136093 0.086101 0.002304 -0.079513 0.002421 -0.085793 0.004282 0.054155 0.002891 -0.000193 0.068326 -0.003194 0.091686 -0.080255 -0.129161 -0.044499 -0.016140 0.127660 -0.003763 0.160936 -0.021841 -0.032904 0.003798 0.000705 0.027382 0.000024 0.092107 -0.049935 0.179927 0.178115 0.072450 -0.088286 0.109843 -0.025410 -0.088803 -0.080642 -0.000640 0.125230 0.089963 -0.001326 -0.004286 -0.001462 -0.006161 0.169772 -0.094382 0.003432 0.059070 -0.024233 0.097272 -0.000880 0.098625 0.141367 0.000390 -0.014821 0.054138 0.004062 -0.042933 0.008001 0.069330 0.050402 -0.078666 0.091401 0.161831 -0.052787 -0.003540 0.181691 -0.004892 0.003065 0.030028 -0.003690 0.161269 -0.000455 -0.004808 -0.001599 0.000317 -0.073553 0.005917 0.133610 -0.017448 0.076455 -0.023394 0.106795 -0.076388 0.158087 -0.036016 -0.005506 -0.006636 -0.004861 0.042983 -0.011168 0.129455 0.009391 -0.026267 0.000332 0.090115
  -0.086484 -0.045357 -0.150884 0.001541 0.000745 0.001309 0.097841 0.002626 0.072019 0.003275 -0.093304 -0.006402 -0.060535 -0.004698 0.000121 0.133451 -0.011822 -0.101778 -0.020567 0.160738 -0.045853 -0.006031 -0.149877 -0.005739 0.146957 0.153004 -0.118461 0.006667 0.000605 0.110583 -0.000678 0.016932 0.002085 0.024204 -0.060096 -0.120602 -0.053141 0.073010 -0.010453 0.027574 0.140616 -0.007356 0.049730 -0.023723 0.054519 -0.012179 0.001203 0.097269 0.137640 0.063799 -0.000300 0.038726 0.152182 0.028514 -0.017234 0.164134 0.054956 0.041340 -0.017401 0.042467 -0.001248 0.058799 -0.128845 0.030684 0.167837 -0.134129 0.138546 -0.010284 0.101553 0.002854 0.033076 0.001133 0.003463 -0.013720 -0.001840 0.044622 0.002385 -0.001179 0.002110 -0.000797 0.075164 -0.095477 0.026161 -0.022396 -0.040649 -0.046080 -0.021311 0.067293 -0.030359 -0.034275 -0.005491 -0.001289 -0.003348 -0.103801 -0.002433 0.046059 0.008188 -0.004455 -0.001277 0.115288
  0.018344 0.027627 -0.110507 -0.001348 -0.001376 -0.022408 0.028934 -0.000078 0.044542 0.002103 0.112325 0.001508 0.127472 -0.009184 -0.002337 -0.100358 0.000745 0.118266 -0.079680 0.115365 -0.118254 0.004056 -0.041908 -0.007122 0.001470 -0.041348 -0.066047 -0.004453 0.002540 0.019240 -0.002106 0.037094 0.066892 -0.055355 -0.041905 -0.096549 -0.089020 0.044026 -0.014145 0.011450 0.082826 -0.006758 0.011938 -0.062356 0.063135 -0.002128 0.002716 0.019385 -0.118916 0.047506 0.005422 0.031146 0.121202 0.108247 -0.006365 -0.085584 0.033053 -0.019349 -0.000146 0.107119 -0.001639 -0.071212 0.108830 -0.032658 0.100969 -0.000114 0.048210 -0.108074 0.030109 -0.000992 0.033229 -0.007715 0.001546 0.098379 -0.004270 -0.121008 -0.005447 -0.004745 0.000415 -0.000063 -0.046586 -0.029558 0.064674 -0.006576 0.133476 -0.098467 0.058689 -0.020420 -0.032514 0.062923 0.000880 0.007009 -0.005936 -0.108141 0.008787 0.031460 -0.073405 -0.113094 -0.007412 0.120623
  -0.098151 -0.009560 -0.082680 -0.001200 -0.008108 0.000024 -0.130097 0.002538 -0.072391 0.000056 0.099185 0.000933 0.000234 -0.001767 -0.001559 0.051802 0.009168 0.039194 -0.019185 0.082765 -0.015787 -0.017488 0.001878 0.005247 -0.097683 0.044826 -0.107321 -0.000881 -0.006591 -0.019124 0.001797 -0.046759 0.039299 0.036896 0.082103 -0.078564 -0.032325 -0.127924 0.009827 0.097527 0.025171 0.002931 -0.004927 0.027270 -0.064485 0.000220 -0.005825 0.074120 0.072651 0.066996 -0.008773 -0.065028 -0.025023 -0.047434 -0.011588 0.126968 0.003231 -0.066968 -0.006119 -0.025535 0.000296 0.000258 0.117826 -0.007818 0.152705 0.073705 -0.092527 0.123012 -0.130624 0.002915 -0.045394 0.003120 0.003286 0.055700 0.002308 -0.074605 -0.004210 -0.007525 -0.004864 0.000985 -0.002045 0.130251 0.059135 0.004401 -0.121788 0.091476 0.109966 -0.004870 -0.010538 0.067349 -0.007243 -0.000186 -0.000975 -0.117391 -0.004586 -0.147547 -0.171446 -0.106726 0.005961 -0.002344
  0.178593 -0.018169 -0.057642 0.000022 -0.000854 -0.078508 0.081926 -0.003677 0.041195 0.000598 -0.055455 -0.007781 0.129857 -0.000466 -0.007246 0.176634 -0.011616 0.089844 0.178994 -0.086727 -0.065975 -0.011184 -0.011523 -0.007217 0.090483 -0.118314 0.062748 0.008133 0.002679 0.065724 -0.002367 0.079725 0.039787 0.019369 -0.037477 0.149523 -0.004202 -0.035192 -0.010863 0.010774 0.041519 0.001287 0.110756 -0.100222 0.000133 -0.002934 -0.009192 -0.031046 0.117779 -0.040183 -0.000074 -0.030339 -0.130981 -0.025182 0.005971 0.063204 0.184991 0.037994 -0.024178 0.063303 -0.000687 0.141004 -0.133240 0.035416 -0.116466 -0.008054 0.120458 0.045916 0.009991 -0.001220 0.032998 0.001945 0.003702 0.165287 0.002265 -0.006219 0.001336 -0.006696 -0.002475 0.003011 -0.076490 0.160281 -0.059077 -0.009513 0.087137 0.152327 0.081343 0.085860 -0.076561 -0.082384 -0.008004 0.001789 -0.000141 0.097844 -0.036197 -0.081845 0.088511 -0.058502 -0.007681 -0.106592
  0.168553 0.098732 -0.004624 -0.001878 -0.001806 0.110962 0.080731 -0.004601 -0.075288 -0.006792 0.096394 0.002057 -0.044985 -0.009173 -0.004185 0.190653 -0.002398 0.109876 0.096726 -0.046594 -0.049498 -0.008981 0.057449 0.001890 0.071394 0.040734 -0.096032 0.004398 0.002395 -0.020894 0.006549 0.062141 0.059892 0.118241 0.124736 0.083953 -0.120078 -0.018805 0.004193 -0.036917 -0.007690 -0.000920 0.011609 0.068703 0.049357 -0.007383 -0.005985 -0.050404 0.150874 0.079621 -0.002774 0.121692 0.126698 0.122209 0.005045 -0.097287 0.095515 0.024002 0.001107 0.086919 0.002049 0.071071 -0.074306 0.073406 0.138444 0.178481 -0.106821 -0.056045 -0.069795 0.001631 0.134076 -0.006587 0.000021 0.125849 0.001196 0.057079 0.000408 -0.005945 -0.002266 0.000048 0.021315 0.128146 0.115665 0.001189 -0.062185 0.029610 -0.099343 -0.036690 0.097574 0.143880 -0.006597 -0.000700 0.002389 -0.049718 -0.001586 0.107871 0.060883 -0.048342 -0.001730 0.120617
  0.063822 -0.049493 0.164577 -0.005177 0.001484 -0.051102 0.159744 -0.001517 -0.021077 -0.004764 -0.029084 0.004381 0.182856 -0.000662 -0.000449 0.110534 0.004519 0.058192 0.021953 -0.013732 0.087169 -0.006712 0.080331 -0.001887 0.118147 -0.088042 0.079265 -0.000396 0.000744 -0.089428 0.000274 0.050947 0.051128 0.063239 0.109125 0.124828 -0.050048 0.134412 -0.007346 -0.092961 -0.052709 -0.002170 0.096822 0.086681 -0.048486 0.000757 -0.000662 -0.062698 -0.007024 0.039185 -0.006734 -0.035849 0.094682 0.109385 0.006791 0.171137 0.088775 0.007902 -0.006592 0.122124 -0.005806 0.014561 0.164700 0.000616 0.062389 0.057733 -0.043150 0.002488 -0.016281 -0.008578 -0.086899 0.002527 -0.001446 0.039231 -0.002472 0.161898 -0.001586 -0.000829 0.004509 0.002979 -0.060121 0.126608 0.092110 -0.009376 -0.062697 -0.087970 0.106701 0.032771 0.028991 0.000983 0.001904 -0.004752 0.000473 -0.058576 -0.001672 0.080348 0.143443 -0.061053 -0.007847 -0.043137
  -0.051412 -0.045862 0.091280 -0.001690 -0.003013 0.088198 0.003160 0.002190 -0.179072 -0.000454 -0.121508 -0.007736 0.132740 -0.005369 0.000060 -0.008748 -0.003930 0.127037 -0.138130 0.071271 0.145865 -0.006910 0.126429 -0.008841 -0.012388 -0.060591 0.085198 0.007243 -0.003045 0.056341 -0.004441 0.039512 0.001726 0.127232 0.079412 -0.032073 -0.109326 -0.083100 -0.016903 -0.072097 0.087092 -0.000007 0.009381 -0.097037 0.047197 -0.000919 -0.007516 0.070216 0.026424 -0.084644 -0.000592 0.001203 -0.056429 0.140399 0.003011 0.050167 0.008084 -0.015568 0.002585 0.028120 -0.008338 0.021054 0.077283 -0.007172 -0.121519 0.085582 -0.066817 -0.034048 -0.089995 -0.002049 0.083718 -0.000442 -0.002218 0.107051 0.003939 0.106644 -0.002850 -0.006753 0.005971 0.001904 -0.058556 -0.105802 -0.011487 0.004056 0.017227 0.010012 -0.104210 0.072570 0.084347 -0.041813 0.000400 0.006217 -0.003826 0.018527 -0.011789 0.078037 0.014954 0.049505 0.002392 -0.022052
  0.153610 0.019968 -0.158009 0.001346 0.002272 -0.010840 0.136189 0.004370 -0.063060 0.006044 -0.054829 -0.004061 -0.036527 0.004400 0.000821 -0.048262 -0.004093 0.070141 -0.048037 0.109791 0.124076 -0.003409 0.185633 -0.000927 0.178959 0.093248 0.093804 -0.006361 0.003781 0.022463 -0.005118 -0.098985 0.057464 0.057652 0.120417 0.167781 -0.100472 0.119259 -0.017553 0.129254 0.067998 -0.000122 0.067682 -0.020735 0.006270 0.001241 -0.000437 0.000677 0.061885 0.132482 -0.002041 -0.032486 0.036377 0.144010 -0.008236 -0.106900 -0.044916 -0.007971 -0.008910 0.125490 0.000532 0.089402 -0.060123 0.137529 -0.043184 0.172979 0.089936 -0.061445 0.098230 -0.003941 0.100473 -0.011462 -0.002624 0.141610 -0.004439 0.146343 -0.002238 -0.004995 0.001263 -0.000185 -0.015564 -0.028516 -0.147666 -0.011666 0.099386 0.158862 0.154470 0.110304 0.130304 0.053461 -0.003188 0.003981 0.000831 0.059281 -0.022631 0.038134 0.023351 0.153621 -0.000096 -0.017420
  0.169344 -0.051882 -0.000780 -0.007170 0.001860 0.155588 -0.027207 0.003340 -0.045730 0.004190 0.116946 0.002575 -0.082270 0.006109 0.001443 -0.010366 0.002883 -0.026687 0.161387 -0.072659 0.092955 -0.006541 -0.055132 -0.003169 -0.102301 0.035998 -0.007644 0.000398 -0.002604 -0.017415 0.001664 -0.092706 0.151213 0.144290 0.097264 0.073138 0.128028 -0.042165 -0.017494 -0.031608 0.102408 -0.008924 0.030566 0.175259 -0.002494 -0.000140 -0.007072 0.129312 0.080053 -0.071591 -0.007487 0.166301 0.093024 0.144261 0.002953 0.020876 0.066712 0.015448 -0.015624 0.035780 0.001711 0.075113 0.127588 0.026683 0.019050 0.076161 0.083184 0.096194 -0.025257 -0.000302 -0.069423 -0.001320 -0.000045 0.080902 0.004395 0.074973 0.002029 -0.000330 0.000617 -0.007313 -0.056685 0.013154 -0.001684 -0.013942 -0.051480 -0.025175 0.175171 -0.013146 0.037494 -0.060910 0.000436 -0.001371 -0.004211 0.040753 -0.020528 -0.091791 -0.036552 -0.087653 -0.007162 -0.039474
  0.114848 0.011643 -0.036160 -0.001855 0.004843 0.007910 -0.086399 0.000474 -0.120395 -0.001775 0.026669 0.003898 0.020903 0.001296 0.005846 -0.066836 -0.006198 0.004453 -0.019462 -0.013067 0.150679 -0.006634 0.038242 -0.002487 0.128143 0.121105 0.100833 -0.011883 0.000606 -0.087782 -0.003034 -0.087096 0.063888 0.025648 -0.111169 -0.006407 -0.039473 -0.022838 -0.019945 -0.022807 0.056651 -0.008120 -0.130568 -0.015520 0.061293 -0.001529 0.001011 -0.008926 0.043254 -0.115753 0.000529 0.133030 0.058477 0.125282 0.001409 -0.131297 0.131225 -0.099217 -0.007371 -0.085905 -0.010213 0.002271 -0.088094 -0.000169 0.008460 -0.121962 -0.088419 0.059956 -0.049619 0.001286 0.057565 0.002620 0.001126 -0.029032 0.000889 -0.057467 -0.001137 -0.002704 -0.000921 0.002273 0.073191 0.124387 0.110184 -0.006887 -0.038711 0.045838 -0.009772 0.064676 0.052046 0.040850 -0.003384 -0.004710 -0.000699 -0.071632 0.013081 -0.032091 -0.107959 -0.096584 0.000626 0.030719
  -0.030525 -0.071769 -0.122720 -0.001694 0.001044 0.054123 -0.019607 -0.003865 0.148081 -0.000738 0.085204 -0.005480 0.018419 -0.008820 0.000020 0.163039 -0.003583 -0.109677 -0.109480 -0.029081 -0.074718 -0.020396 0.095936 -0.000536 -0.034488 0.154520 -0.079290 0.004214 -0.002288 0.133999 0.000288 0.117322 0.158206 -0.033956 0.158441 0.005660 -0.004470 -0.018397 -0.004381 -0.093216 0.003570 -0.000032 0.031995 0.110054 0.004480 -0.005645 -0.002804 -0.064206 -0.081773 -0.030400 -0.003090 0.159720 0.043632 -0.020746 -0.000009 -0.124091 0.013186 0.052074 -0.011567 -0.011136 0.006124 0.140512 0.036842 0.039919 0.019414 -0.067371 -0.005846 -0.102924 0.013901 -0.002377 -0.053377 0.007275 0.004024 0.078113 -0.000291 0.121781 -0.005120 -0.002890 -0.006886 0.002384 -0.014879 0.132435 0.119737 -0.025069 0.015911 0.149572 0.016500 0.124152 0.043343 -0.031857 -0.004382 -0.003860 0.001845 -0.010493 0.000951 0.028357 0.021430 0.124119 0.005897 -0.022802
  0.085036 0.098482 0.049594 0.006062 -0.004468 -0.119524 0.093084 -0.000767 0.129974 0.004502 -0.106745 0.004191 -0.019665 -0.000056 0.000628 0.137684 -0.008520 -0.016073 0.029186 0.069637 0.045232 -0.010003 -0.062235 -0.001659 0.076989 -0.031910 -0.093461 0.004032 -0.009763 0.133358 0.000963 0.083522 -0.067671 -0.141077 0.039577 0.093795 0.078161 -0.126033 0.001035 0.075751 0.073909 0.001856 0.066910 0.027924 -0.082062 -0.000404 -0.006883 -0.037870 -0.022531 -0.126045 -0.001763 -0.117854 0.138418 0.120238 -0.008428 0.135374 0.006371 -0.064037 -0.018471 -0.013506 0.002421 0.051636 -0.089550 -0.107005 -0.006022 -0.055348 -0.080478 -0.070920 0.071235 0.005058 -0.033598 0.004834 -0.001009 -0.027852 -0.004246 0.022413 0.005509 -0.001884 -0.001414 0.000597 -0.056399 0.105391 0.044048 -0.009758 0.010272 0.029757 -0.130003 0.046204 -0.091738 0.067141 0.002621 0.002710 0.000013 -0.007136 -0.015445 0.067472 -0.092221 -0.009748 -0.002793 -0.116138
  0.072553 -0.097944 0.074821 -0.001041 -0.010858 0.025104 -0.109084 -0.002647 -0.069347 -0.007923 0.107346 -0.009781 -0.050827 0.001588 -0.001769 -0.078255 -0.001194 -0.044105 0.114985 -0.030279 0.102972 0.002375 -0.010495 0.004069 -0.011890 0.134164 -0.092922 0.001557 -0.000251 -0.009849 0.000577 0.083022 -0.119412 -0.086350 0.100531 0.069497 0.116630 0.090410 0.005012 0.056459 -0.055908 -0.007162 0.100201 0.054359 -0.088254 -0.006607 0.005860 0.022352 0.002914 0.047818 -0.003984 -0.015367 0.011401 -0.104746 0.001607 -0.023773 0.114583 0.116596 -0.009728 0.065485 -0.000424 0.130333 -0.070964 0.066415 0.046954 -0.045205 -0.079162 0.079539 0.087940 -0.001512 0.067414 -0.002662 0.001313 -0.066517 0.004138 -0.035828 -0.000665 -0.014703 -0.006850 -0.000245 -0.070150 0.116860 -0.130503 -0.003229 -0.022719 -0.122135 -0.083824 0.004203 0.007018 -0.039138 -0.001330 0.000356 -0.009181 0.023847 0.009564 0.020912 0.050453 -0.019682 0.002245 0.090603
  0.029421 0.154593 -0.085143 -0.005607 0.001943 0.105968 -0.092993 -0.001521 -0.215328 -0.002635 0.094470 -0.000120 -0.035622 -0.001218 -0.009180 -0.040101 -0.000311 0.149739 0.109622 -0.109954 0.128802 -0.002059 0.070370 -0.000606 -0.012717 -0.052167 -0.096534 -0.002943 -0.003221 0.011476 0.001669 0.021191 -0.109071 0.146607 0.141578 0.094460 0.172481 0.034035 0.008128 -0.101999 -0.031147 -0.003883 -0.065531 -0.085421 -0.028384 0.000156 0.000261 -0.079542 0.084953 0.067055 -0.001153 0.055960 -0.041238 -0.043797 0.004166 -0.010910 -0.001571 0.122808 0.003349 -0.121398 -0.005517 -0.132649 0.038838 0.002883 -0.076450 0.149277 0.012988 -0.033717 0.019931 0.001517 -0.085658 -0.003213 0.002373 0.017281 0.000066 0.014680 -0.007580 -0.004471 -0.000448 -0.003758 -0.189919 0.097026 0.145796 -0.006433 0.116245 -0.056189 0.143291 -0.058614 0.135511 0.016888 0.000716 0.006800 0.000205 -0.036469 -0.007735 0.043343 -0.106662 0.075131 0.006550 -0.072605
  0.075482 0.139191 0.006051 0.006172 -0.000037 0.130187 0.065113 -0.005295 0.015950 0.001354 -0.095627 0.000661 0.058551 -0.004443 0.000276 0.078954 -0.000145 -0.144086 -0.148052 -0.005482 0.114792 -0.004135 0.051435 -0.003343 -0.053238 0.148159 0.066933 -0.003932 -0.000970 -0.136607 -0.000396 0.040094 -0.113473 -0.048443 -0.027404 0.123389 0.165626 -0.129489 0.003402 -0.047318 -0.011062 0.001970 0.074634 0.116637 -0.012495 -0.001617 0.002607 -0.075240 0.035878 -0.047094 0.000574 -0.068795 -0.020216 0.127462 -0.007876 0.017824 -0.063604 -0.138285 -0.021764 -0.082976 0.003180 -0.057272 0.173122 0.022101 -0.005400 0.020871 0.015212 0.067498 -0.056878 -0.001660 0.111897 0.005354 0.003710 -0.023568 0.001357 -0.012019 -0.000009 -0.004606 0.000338 -0.003936 -0.072672 0.111054 -0.054407 -0.017686 -0.114776 0.113381 0.002920 -0.033490 0.086608 0.110128 -0.001662 0.001136 0.001892 0.040343 -0.008336 0.117647 -0.009021 -0.065886 -0.001121 -0.149660
  -0.115805 0.114433 -0.017042 -0.000645 -0.000067 -0.131509 0.123124 -0.003657 -0.039253 -0.002498 -0.084160 -0.010011 0.068533 0.006358 -0.001978 0.039320 0.001044 0.089795 -0.037307 -0.039866 -0.057448 -0.001131 0.088313 -0.004196 -0.040829 0.150403 0.082338 0.007006 0.001681 -0.036985 0.000242 0.037663 -0.128177 0.034377 0.047867 -0.090979 0.115887 0.018171 0.006578 -0.138470 -0.030865 0.000387 -0.094396 0.046028 -0.016833 -0.007020 -0.000090 -0.004484 -0.029814 0.110291 0.002656 0.053327 0.112011 -0.005991 0.004009 0.085852 0.067322 0.090513 -0.010933 0.079303 -0.004926 -0.037265 0.007222 0.130505 0.125892 0.043776 0.063074 0.009894 0.122553 -0.000364 -0.033906 -0.005032 0.002105 0.061206 -0.001813 -0.150713 0.003621 -0.010499 0.001027 0.006463 -0.100051 -0.065980 0.100174 -0.004311 0.014630 0.116206 -0.138835 -0.009509 0.049579 0.116413 -0.004782 0.002281 -0.000001 -0.035212 -0.020659 0.111289 -0.088363 -0.069466 -0.002865 0.096992
  0.105551 0.061879 -0.199118 0.000617 0.000117 0.154576 0.167380 -0.009306 0.014379 -0.008875 0.069217 -0.002502 0.005830 -0.001523 0.000593 0.008856 -0.000500 0.028631 -0.050764 0.052956 -0.003880 -0.006715 0.105187 -0.001962 -0.066072 -0.012498 0.194238 -0.000484 0.000812 0.097456 -0.004279 0.035539 0.128458 -0.054941 0.001221 0.002937 -0.053692 0.205559 -0.025758 0.062511 -0.145809 0.005593 -0.080360 0.021214 0.044796 -0.000731 -0.000762 0.015668 0.028502 -0.006937 -0.004348 0.061675 -0.086999 -0.005089 0.000221 0.072811 0.088500 -0.069196 -0.027716 0.184350 -0.002794 -0.050037 -0.030915 0.086886 -0.011616 -0.019702 -0.078252 0.199926 -0.008030 -0.000203 0.126831 0.000186 -0.001080 -0.004889 0.000101 0.173325 0.006172 -0.015892 -0.005341 0.005410 0.048561 0.164840 -0.118378 -0.005935 0.122603 0.100555 0.035674 -0.083335 0.081184 -0.087027 -0.002269 0.006336 -0.001118 0.156255 -0.015826 0.116143 0.177874 -0.042007 -0.010537 0.019179
  -0.185078 0.092152 0.026185 -0.000280 -0.002859 -0.080775 0.001519 -0.005799 0.017319 0.000613 -0.022770 -0.002958 -0.033336 -0.006303 -0.002291 0.035050 0.000531 -0.201913 -0.180152 -0.077391 -0.129302 -0.011226 -0.200243 -0.000518 -0.002689 0.060369 -0.058861 -0.006264 0.005570 0.026990 0.002920 0.025743 0.056087 -0.050740 -0.215240 -0.040284 0.062136 -0.055332 0.004534 -0.166947 0.011958 0.005231 -0.053116 -0.046572 -0.089700 -0.004757 0.004615 -0.023524 0.001547 -0.113360 0.000458 -0.147489 0.079423 -0.099179 -0.001160 0.089451 0.048352 -0.194678 -0.017390 -0.178776 -0.001002 -0.211202 -0.008772 -0.077424 -0.080137 -0.066579 0.040256 -0.183095 -0.009173 -0.001179 -0.052373 -0.002823 -0.002850 -0.189291 -0.008053 -0.152960 0.000896 0.003877 0.002220 0.001151 -0.056940 -0.140568 0.004122 -0.013645 -0.072566 -0.047476 -0.126972 -0.103494 0.005539 0.072134 -0.002531 0.004107 0.005901 -0.126173 -0.005329 -0.085210 0.083014 0.031212 -0.007053 -0.086130
  -0.034870 0.045581 -0.040702 0.003135 0.000801 0.050683 0.053866 0.001776 0.009955 0.000526 -0.153513 0.000970 -0.122946 0.001139 -0.003098 -0.142981 -0.002764 -0.186851 -0.007462 0.105909 -0.041307 -0.011710 -0.162453 -0.010349 -0.137084 0.172676 -0.129016 -0.002264 -0.006114 -0.122959 -0.000069 -0.011208 -0.118494 -0.198271 -0.109891 -0.113957 -0.023034 0.066249 -0.004944 -0.047261 0.027067 -0.000947 -0.050484 0.003588 -0.091761 -0.009051 -0.000231 -0.080331 0.071429 0.020011 0.000027 -0.150364 0.101509 -0.141613 -0.003464 -0.052509 0.025001 -0.131037 -0.009012 0.084447 -0.002225 -0.033909 0.035926 -0.185418 0.146558 -0.178678 -0.036722 -0.029028 -0.010696 0.001213 -0.121837 -0.015765 0.001411 -0.052614 0.003077 0.039222 0.002893 -0.000460 -0.001502 0.002158 -0.078790 -0.119841 0.149294 0.004409 -0.051154 -0.173427 -0.073961 0.047560 0.050788 -0.139508 -0.008004 0.004102 -0.000970 -0.033786 0.003208 -0.185716 -0.029280 -0.178733 -0.001177 0.003995
  -0.097824 0.190413 0.074079 -0.001012 -0.003716 -0.112384 -0.104842 -0.007481 0.098947 -0.000140 -0.015444 0.000996 -0.013862 -0.005816 -0.002058 -0.019369 -0.000060 -0.209890 -0.029179 0.108628 -0.056443 -0.011570 -0.007531 0.000152 0.007861 0.136607 -0.018645 -0.000257 -0.004924 -0.022518 0.000588 -0.003155 -0.165123 -0.176080 -0.003976 -0.003380 0.133796 -0.034925 -0.003836 -0.033774 0.192909 0.000165 -0.019376 -0.166167 -0.175347 0.001321 -0.001467 -0.176037 -0.123008 -0.138270 -0.003361 -0.097562 0.184737 -0.069101 -0.004174 -0.060332 -0.013879 -0.102279 -0.001178 -0.021326 0.002758 -0.138343 0.117919 -0.117258 0.179133 -0.032053 -0.120472 -0.151595 -0.158256 0.001294 -0.153895 0.000180 -0.001531 -0.054344 0.002764 0.003018 0.001805 -0.004623 -0.004065 0.001050 -0.184639 -0.085987 -0.057624 -0.008361 -0.208354 0.036159 -0.143841 -0.050793 -0.236726 0.021895 -0.001918 0.004492 0.004455 -0.140036 0.003137 0.045686 0.007230 0.018560 -0.002955 -0.046500
  -0.075939 -0.063609 0.176107 -0.000967 0.001514 0.117135 0.130012 0.006836 -0.043709 -0.008366 0.003963 -0.005584 -0.101698 -0.000715 0.002609 0.068420 0.001123 0.073252 -0.039883 -0.136163 0.104376 0.001271 0.110844 -0.009588 0.126458 0.046109 0.059936 -0.000570 0.003821 0.054862 0.000140 0.173827 0.103032 0.007419 0.114476 0.000998 -0.085689 0.052505 0.003159 0.142005 -0.032219 -0.000239 -0.061065 0.167297 0.041896 -0.000730 0.002633 0.092822 0.061620 -0.052369 -0.000509 0.086358 0.097617 -0.001728 0.005215 -0.103939 0.038521 0.082749 -0.009905 0.074949 -0.002513 -0.064309 0.066384 0.061454 -0.077448 0.088801 0.024803 0.097290 0.123527 -0.004583 -0.097330 0.001725 0.000521 0.079391 0.003098 0.119413 0.005091 -0.005313 -0.000041 -0.001210 -0.050286 0.053375 -0.035624 0.002036 0.057317 0.055396 -0.004356 -0.086918 -0.097254 -0.055929 -0.008640 0.000457 0.004140 0.149093 -0.002879 -0.056390 0.109225 0.189083 -0.004052 0.083171
  -0.003313 0.020279 0.088076 -0.007510 0.003986 0.087673 0.190570 -0.000546 0.095245 -0.008319 0.014747 -0.007618 0.204124 0.002887 0.003868 0.182686 -0.011436 0.020485 -0.049666 -0.136124 -0.025030 -0.001707 0.005104 -0.007262 -0.037241 -0.090065 0.203785 0.000459 0.005948 0.038427 -0.002679 0.137376 0.004384 0.004975 -0.005480 -0.040188 -0.112529 0.026015 -0.005643 -0.069681 -0.172395 0.002273 -0.060049 0.012778 0.061538 -0.011375 -0.007080 0.052142 0.010846 0.078020 0.002373 -0.030424 -0.019616 0.070828 -0.010636 -0.068034 0.010245 0.052940 -0.026575 0.059511 -0.002476 0.157295 -0.185858 0.036841 -0.093430 0.121148 0.094292 0.107058 0.133020 0.002608 0.008155 -0.000540 0.002844 0.193610 0.003673 0.025047 -0.003686 -0.006632 0.001904 -0.000380 0.009887 0.163574 -0.132694 0.002405 0.039045 0.012036 0.053068 0.131759 -0.045078 -0.114237 0.004745 -0.004339 0.000103 0.079925 -0.004230 0.100034 -0.029470 0.081041 -0.001536 0.089805
  -0.175578 0.074667 -0.107527 -0.001391 -0.003566 -0.139050 0.041092 -0.001323 0.131570 0.005830 -0.027149 -0.005384 -0.089205 0.002860 -0.000668 -0.183535 -0.001601 0.047155 -0.037326 -0.057893 -0.000783 -0.012078 -0.136397 0.003890 -0.117450 -0.037586 -0.252795 0.003803 0.002338 -0.013517 0.001662 -0.144600 -0.063015 -0.142839 -0.230723 -0.044784 0.164134 -0.241552 -0.002749 -0.145218 -0.033905 0.004603 -0.102179 -0.061929 0.044387 -0.010343 -0.000244 -0.073357 -0.023250 0.048503 0.001953 -0.072730 0.165281 -0.140541 -0.010300 -0.041753 -0.087338 -0.058964 -0.015302 0.034028 -0.000319 -0.035013 -0.075994 -0.232778 0.048747 -0.083626 0.047961 -0.149634 -0.207928 -0.001823 -0.188949 -0.008203 0.001423 -0.210567 0.000304 -0.178788 -0.004134 -0.001352 0.002198 -0.001053 0.046542 -0.152317 0.113946 -0.010988 -0.008384 -0.034587 0.046029 -0.078718 -0.204270 -0.151055 0.002358 -0.000033 0.002178 -0.136971 -0.002672 -0.211136 0.093951 -0.017863 0.004883 -0.186372
  0.040203 0.058616 -0.137227 0.003585 0.005911 0.119453 0.076257 -0.002786 -0.039318 0.005797 -0.111350 0.001417 0.078092 0.000537 0.005779 -0.026697 -0.001724 -0.109861 0.003247 -0.059154 -0.034856 0.004012 0.149727 -0.004349 -0.023177 0.177263 -0.095066 -0.006476 -0.005181 0.044005 -0.005249 0.141702 -0.002791 0.007701 -0.040906 0.014898 0.056289 0.091983 0.003469 0.011565 0.126265 0.002793 0.023533 -0.118619 -0.057380 -0.003358 0.001039 -0.012994 0.023085 0.117936 0.003931 0.134024 -0.032928 0.072898 -0.003385 -0.087912 -0.057870 -0.036170 -0.011259 0.119857 -0.006527 0.081798 0.032503 -0.046868 -0.000347 -0.046928 0.051626 -0.006966 -0.093178 -0.006312 0.030850 0.005466 -0.000834 0.072789 0.000438 0.124367 0.003277 -0.000819 0.000833 0.004468 -0.005977 -0.029247 -0.113551 -0.000916 0.104158 -0.103202 0.052038 -0.001703 -0.080748 0.148978 -0.003652 -0.004485 0.000241 0.080258 -0.018752 0.065711 -0.019056 -0.095101 -0.005218 0.007268
  -0.026481 0.125332 0.048023 0.005619 -0.003219 0.161502 0.002341 -0.000807 -0.169729 -0.008797 0.079628 -0.000543 -0.048959 0.000492 -0.002698 0.049281 -0.004366 0.116169 0.111798 -0.000688 -0.016655 -0.008998 0.101157 -0.002094 -0.054078 -0.104219 0.035697 0.001330 0.003089 -0.052232 -0.001367 0.123334 0.117370 -0.009032 0.028751 -0.025483 0.126109 -0.068959 0.005291 0.076210 -0.023260 -0.009685 0.014846 -0.005235 -0.051652 -0.001459 0.006383 0.047879 0.080753 -0.079098 -0.000971 -0.080090 0.034768 0.143984 0.000218 -0.121356 -0.012638 0.032952 -0.009103 0.116470 0.002436 0.058639 -0.064771 -0.046653 -0.121088 -0.018071 0.001190 0.104667 0.071188 -0.007673 0.014469 -0.007836 -0.002891 0.126941 -0.008647 0.025350 -0.004248 0.000986 0.000134 -0.003527 0.002449 0.086138 0.105589 -0.020526 0.140355 0.144454 0.147936 0.071728 0.060987 -0.135115 0.000636 -0.000007 0.001007 0.022510 -0.006799 0.120838 -0.083350 0.154027 -0.000062 0.121593
  -0.033837 0.022169 0.125536 -0.001672 0.003054 -0.016926 -0.009029 -0.002151 0.030296 -0.001805 -0.157795 -0.002471 -0.174197 0.005494 0.006691 -0.038626 0.002416 -0.057555 -0.014055 0.130540 0.113121 -0.006475 0.013387 -0.003149 0.117088 -0.111988 -0.000421 0.001285 0.001058 -0.122421 0.004970 -0.096366 0.020006 -0.119335 -0.085709 -0.013647 0.002871 -0.137979 -0.010507 -0.058297 0.083570 0.003997 -0.126952 -0.056163 -0.073749 -0.020236 0.000896 0.008530 -0.124534 -0.073951 -0.009086 0.061101 0.201463 -0.135435 -0.006876 0.148941 0.085126 -0.045964 -0.027398 -0.164423 0.000155 -0.058696 -0.124537 -0.004989 -0.098545 0.061895 -0.087839 -0.138182 0.003734 -0.001278 0.103327 -0.000247 -0.001424 0.029430 -0.002662 0.087782 -0.000619 0.000084 -0.008683 -0.000935 0.069424 0.057449 -0.064906 -0.010657 0.059291 0.095535 -0.147279 -0.013657 -0.087012 0.090354 -0.009489 -0.003738 0.001980 -0.146788 -0.007664 -0.057487 -0.084146 -0.047693 -0.000055 -0.106676
  0.078410 0.105777 0.079365 -0.002935 -0.005429 -0.005464 0.015120 -0.000725 0.038066 -0.008030 -0.075354 -0.001056 0.097595 -0.002368 0.000845 -0.009801 0.005224 0.167111 -0.000026 -0.063774 0.030040 -0.004404 0.084215 0.002882 0.107925 0.075593 0.040779 -0.004821 0.001646 0.015518 0.000819 0.009545 -0.062705 0.196312 -0.023973 0.190307 0.205511 0.148905 0.000765 0.074292 0.132012 -0.002621 0.034852 0.087308 -0.062010 -0.001383 -0.001735 0.079905 0.140074 -0.011975 0.005608 0.109235 0.107904 0.059786 0.001723 -0.083649 0.136531 -0.075600 0.000733 0.179862 -0.002320 -0.032730 0.114502 -0.016878 0.115577 -0.054384 -0.061464 0.211763 0.111450 0.003420 0.029416 0.000885 0.000430 0.091931 0.001069 0.085372 -0.000305 -0.002367 0.003433 -0.003284 -0.018157 -0.033588 0.053780 -0.008417 -0.018139 -0.067393 -0.051484 0.100654 0.156064 -0.135697 0.001552 -0.001533 -0.000294 0.186658 -0.001776 0.047543 -0.095111 -0.062898 -0.002908 -0.097489
  0.022803 0.015825 -0.087806 -0.003864 -0.002257 0.041395 0.121056 -0.008457 0.121841 0.000168 0.018231 -0.000216 -0.133947 -0.006570 0.000469 -0.071432 0.005209 -0.034468 -0.137453 0.076230 -0.065555 -0.009262 0.042189 0.004566 0.080329 0.076268 0.015923 0.005337 -0.002509 -0.147417 -0.002760 -0.086813 0.037118 0.037470 -0.015733 -0.151559 0.088736 -0.089001 0.003656 -0.015211 -0.035391 -0.005536 -0.142855 0.078678 0.048912 0.000617 -0.005891 -0.033421 0.043155 0.059900 -0.006626 -0.162905 0.104438 -0.056684 -0.003561 -0.135775 0.002160 0.087011 0.004943 -0.018525 -0.000253 -0.131702 0.048899 -0.047527 0.034975 -0.046622 -0.085071 -0.122863 -0.071187 -0.007614 -0.107429 0.006472 -0.000231 -0.011483 0.003128 0.106825 0.000367 0.001747 -0.001822 -0.002099 -0.014841 0.035463 0.066788 -0.011471 -0.124572 0.019542 -0.123962 0.011584 0.029525 0.061711 0.001464 0.003367 -0.000306 0.057110 0.009499 -0.091649 -0.155573 -0.073950 -0.000850 0.019310
  0.034935 -0.030815 -0.159333 0.006258 -0.006300 -0.057316 -0.029358 0.000010 -0.065795 -0.004699 -0.155501 0.000772 -0.046939 -0.001867 0.000703 0.002499 -0.005035 -0.052368 -0.053622 -0.049202 -0.105496 -0.007894 0.058284 0.002791 -0.042738 0.087148 -0.156256 0.000326 -0.000267 -0.136456 0.001526 -0.037085 -0.091093 0.053849 -0.241778 -0.120794 -0.100522 -0.044416 0.005715 -0.103752 0.090352 -0.000487 0.017094 -0.070670 -0.019588 0.005071 -0.002796 -0.160768 -0.063876 0.056065 -0.001300 -0.194445 0.002104 -0.060597 -0.005271 0.088967 0.091022 -0.070196 -0.006852 -0.122595 -0.005933 0.037632 0.025263 -0.097314 0.109702 -0.076357 -0.014538 -0.182094 -0.016399 0.005509 -0.077811 0.005917 -0.002974 -0.110325 0.000287 -0.090247 -0.000455 -0.002058 -0.005700 -0.000971 -0.056036 0.000599 -0.050833 -0.022751 -0.073000 -0.031592 -0.001503 -0.033636 -0.147699 0.090989 -0.000287 -0.004242 0.000227 0.038012 0.004307 -0.148473 -0.162195 -0.169932 -0.000777 -0.031455
  -0.105699 0.050165 0.084428 0.000388 0.002687 -0.102555 -0.002625 0.000627 0.141285 0.002213 -0.062674 0.005625 -0.060437 0.003405 0.006847 -0.071664 0.000698 -0.118190 0.012099 -0.063121 0.035351 0.002189 0.099426 -0.000509 0.110486 0.151870 -0.090369 0.006686 -0.006881 0.105326 -0.002701 -0.086133 -0.001905 0.050911 0.002694 -0.095982 0.069061 0.153141 -0.003859 -0.067052 0.003557 -0.009171 0.093636 0.091969 0.014278 -0.002077 0.002578 0.038018 0.130374 0.060676 0.002379 0.071908 -0.034068 0.173982 -0.000638 0.067717 -0.019430 0.039395 -0.003869 -0.042484 -0.007698 0.065627 0.141505 0.006998 -0.073038 0.052789 -0.062574 0.002078 -0.087405 -0.004499 -0.058762 -0.002542 -0.004825 -0.009129 -0.000165 0.014916 -0.000568 0.003525 -0.003887 -0.000273 -0.095067 -0.078855 0.054764 -0.010352 0.141015 0.021989 0.164139 -0.121016 -0.080784 -0.088908 -0.004597 0.000104 0.000843 -0.104296 0.005222 0.119510 -0.048924 -0.087205 -0.004521 -0.123755
  -0.072491 -0.057902 -0.041781 -0.000731 0.006221 0.074073 0.146824 -0.005375 -0.101838 0.000021 -0.099230 -0.009737 0.068665 0.000795 -0.000753 0.027230 -0.000566 -0.113549 -0.019723 -0.097104 -0.092165 0.009663 0.044931 0.001261 -0.029859 -0.042228 -0.046556 -0.005537 -0.004491 0.105804 0.000973 0.037641 0.015206 0.142579 -0.088267 -0.040645 -0.047952 0.100365 0.007685 -0.057356 0.085997 0.002598 -0.047682 -0.010992 -0.009015 0.005242 -0.004473 0.112240 -0.027409 0.107320 -0.000900 0.051463 0.137094 0.107388 0.003443 -0.157946 0.078064 -0.081772 -0.010171 0.033096 -0.001016 0.027122 0.154192 -0.082996 0.066747 -0.007442 -0.079530 -0.066913 0.148629 0.003831 0.140830 0.006686 -0.002174 -0.019527 0.000879 0.025566 -0.000361 -0.006231 0.000854 0.000108 -0.109768 0.010743 0.003405 -0.000986 -0.056372 0.089759 -0.110770 -0.016402 0.100620 -0.030917 -0.004802 0.001284 0.000238 0.114405 -0.003409 0.052768 0.020672 -0.061463 -0.002697 -0.014310
  0.060149 0.004525 -0.062722 -0.005864 -0.000296 -0.024194 0.097183 -0.009466 0.018663 0.004906 -0.060890 -0.000447 -0.062952 0.000568 0.000206 0.010994 -0.002943 0.145064 -0.034024 -0.138036 0.135926 -0.007131 0.158160 0.000324 0.124906 0.020792 0.123931 0.004460 0.000082 -0.053499 -0.002917 -0.050557 -0.036908 -0.014991 0.064325 0.069758 -0.022185 0.084688 -0.024189 -0.084909 -0.116189 -0.000265 -0.063563 -0.033040 -0.023823 0.000481 -0.008897 0.078872 0.098286 0.120887 0.004750 -0.083506 -0.152128 0.159767 -0.001166 -0.001773 0.095774 0.081473 0.006515 0.192070 0.001102 -0.010350 0.072255 -0.093987 -0.118739 0.140948 -0.018254 -0.039661 -0.060518 0.002510 0.044782 0.000922 -0.001806 0.111543 0.001328 -0.012888 -0.000731 -0.009606 0.006894 0.000718 0.053724 -0.005627 0.071441 -0.004120 0.101419 0.162156 0.015158 -0.073668 0.089233 0.064060 0.000147 -0.002193 -0.000269 -0.015703 -0.007429 0.085650 0.100790 -0.032256 -0.001260 -0.053278
  -0.042521 0.068592 0.120690 -0.000649 0.001565 0.142820 0.127073 -0.004519 0.123366 -0.001305 -0.017203 -0.007567 0.026909 -0.003682 -0.002770 -0.004218 0.004072 0.135998 -0.027988 0.104124 0.130950 0.000566 -0.065674 0.000870 0.156215 0.046553 -0.010525 -0.001549 0.000727 0.033241 -0.006534 -0.016418 0.115580 0.118402 -0.051056 0.158346 -0.051527 0.069831 -0.004637 0.099813 0.114847 -0.002501 0.116764 -0.078310 0.029858 -0.000208 0.001004 -0.038968 0.137278 -0.021057 -0.008001 0.094302 0.031622 0.131004 -0.002991 -0.112458 0.132108 0.042257 -0.020059 0.093825 -0.000128 0.060444 -0.014214 0.121942 0.084930 0.084146 -0.075133 0.150808 0.074920 0.000521 -0.005154 0.003621 0.001430 -0.088121 -0.001006 0.141917 -0.004911 0.001958 0.001000 0.000447 -0.022668 -0.039194 0.125040 -0.013708 0.106908 -0.003398 -0.069543 -0.097319 0.038175 0.101861 -0.003343 -0.001427 -0.001566 0.043782 -0.006091 0.129244 0.009791 0.075331 -0.005476 0.150703
  -0.093011 -0.047082 0.049949 0.000453 -0.000988 -0.046731 0.053560 -0.004194 0.100408 0.000780 -0.055843 -0.000385 -0.095548 0.002018 0.000047 -0.047240 -0.000878 0.114170 -0.050876 0.124356 -0.069352 -0.018734 -0.112646 -0.001109 -0.102445 -0.081543 0.080652 0.002817 0.001761 -0.115687 -0.003482 -0.148126 0.037029 0.063582 -0.074867 -0.129680 -0.009530 -0.073992 -0.007020 -0.017298 0.118289 -0.006607 -0.155237 0.109740 -0.071059 -0.016466 -0.003787 -0.162579 -0.049426 0.067457 -0.001769 -0.037778 0.085601 -0.020154 0.004163 0.133831 -0.164271 0.049292 -0.008336 0.119260 -0.000336 0.116296 0.109560 -0.079926 0.025561 0.104099 0.076918 -0.141250 0.022221 -0.001299 -0.146470 -0.001487 -0.001855 0.049355 -0.001905 0.065197 -0.006011 -0.007491 -0.003852 -0.003821 -0.130147 -0.108533 0.077643 -0.004614 -0.052290 -0.066834 0.096933 0.090200 -0.050710 -0.026873 -0.007407 0.005878 -0.007702 -0.091357 -0.007166 -0.078363 -0.162562 0.058070 -0.006087 0.021499
  -0.078013 -0.110374 0.019488 -0.002412 0.002738 0.040982 -0.097302 0.006196 -0.133923 0.003238 -0.066527 0.003458 -0.102186 -0.000140 0.001904 0.150403 0.003488 0.114088 0.137099 -0.096099 -0.036078 -0.010820 -0.009511 -0.001205 0.039518 -0.075360 0.089879 -0.004412 -0.002286 0.028664 0.002409 0.094584 0.066345 -0.064211 0.042861 -0.094667 -0.071907 0.010728 -0.026455 -0.029063 0.082362 0.005224 -0.014481 -0.107733 -0.029626 -0.004558 0.005832 -0.071275 0.095643 -0.074859 0.006127 -0.005467 0.059224 -0.018948 0.000053 -0.120447 -0.065389 0.144442 0.004961 0.142029 0.000362 0.111114 -0.161760 -0.018705 -0.105786 0.061526 -0.007742 -0.058671 0.057704 0.003082 0.005100 -0.006566 -0.002325 -0.040265 -0.002574 0.081578 0.000521 -0.003246 -0.001454 0.002908 -0.078118 0.018140 0.058206 -0.016776 -0.084109 0.131525 -0.025233 0.075176 -0.119838 0.023273 -0.003444 -0.004726 0.000392 -0.039151 -0.011600 -0.087970 -0.071346 -0.013361 -0.007374 0.131847
  -0.087743 0.002512 -0.088939 -0.001125 0.004547 -0.062469 0.163603 -0.003991 -0.000847 0.000062 0.139251 0.000172 0.039700 -0.002341 -0.004368 0.167750 -0.000384 -0.003526 0.104142 -0.041632 0.160579 0.000816 0.053797 0.003462 -0.093966 -0.073754 0.026701 -0.003284 0.001835 0.151390 -0.000895 -0.007019 0.163466 0.010517 0.045006 -0.009536 0.103760 0.043727 -0.000575 0.106944 -0.047193 -0.000990 0.130024 -0.009271 0.015875 0.004186 0.000523 0.103668 0.117624 0.175330 -0.001086 -0.090486 0.018055 0.081401 -0.001908 0.057734 -0.006654 0.069794 -0.012456 0.100324 0.000062 -0.051020 -0.046582 0.103392 0.007746 -0.048530 0.166433 0.114147 0.161821 -0.000199 0.029938 0.003940 0.000095 0.086012 -0.003129 0.023365 -0.003429 -0.010013 -0.007904 -0.009197 0.024786 -0.041959 0.058365 0.004980 0.048482 -0.067137 0.098292 0.070925 0.093437 0.002328 0.005424 0.000226 -0.001536 0.087591 -0.034103 0.138531 -0.095887 0.032074 0.002952 0.049746
  -0.085899 0.047285 0.120066 -0.000863 0.003786 -0.156276 0.030294 0.003661 -0.037984 -0.000832 -0.153099 0.001381 -0.033205 0.000686 -0.002327 -0.119834 -0.009677 -0.093268 -0.074230 0.153536 0.005569 -0.007267 0.059837 0.001366 0.085275 0.052002 -0.112976 -0.008182 0.001487 -0.145662 -0.002349 -0.024489 -0.024269 -0.056310 -0.128001 -0.064800 0.058268 0.072736 0.002388 0.046967 0.114003 0.000234 -0.123109 -0.009896 0.021600 -0.003778 -0.000232 -0.043606 -0.075265 -0.039328 -0.003979 0.054863 -0.031982 -0.151121 -0.000940 0.113798 -0.056051 -0.124494 -0.009092 -0.086235 0.005179 0.094610 0.028521 -0.115151 0.115323 -0.175531 -0.044679 -0.097176 0.062235 -0.009975 -0.037358 0.001475 -0.000056 -0.163022 0.006758 -0.049039 0.000549 -0.002893 -0.000491 -0.000693 -0.067711 -0.140692 0.140598 -0.012230 -0.122691 -0.054717 0.041639 -0.157045 -0.012426 -0.115124 -0.009552 -0.007958 0.003345 -0.149524 -0.034211 -0.073234 0.027679 -0.104816 -0.000809 -0.156048
  0.017097 0.041617 -0.026678 -0.001437 -0.001977 -0.074809 -0.008777 -0.006404 0.058991 0.005512 0.172154 0.003663 0.080165 0.001272 -0.001328 0.069741 -0.004274 0.025312 0.122601 -0.067946 -0.020175 -0.002343 -0.083107 -0.000324 0.150887 0.070566 0.074667 -0.004151 -0.001864 0.133229 0.000049 0.038238 -0.081887 -0.091633 0.183496 0.008059 0.053199 -0.053714 -0.007035 0.169866 0.019903 -0.006133 0.020253 0.102487 -0.074291 0.001446 0.000884 0.146997 0.077250 -0.068124 -0.002399 -0.038469 0.116584 0.118747 0.000466 -0.057361 -0.048719 0.098535 -0.010411 -0.036206 0.000255 -0.077996 -0.038458 0.025004 -0.101561 0.162353 -0.039252 -0.056008 -0.037978 0.000081 0.034763 0.000128 -0.005510 -0.095589 -0.000952 0.153320 0.004607 -0.015941 -0.000168 0.004839 -0.096626 0.142809 -0.093949 0.000367 0.113767 0.152006 0.083516 -0.007849 0.156288 -0.074166 -0.003156 0.001200 0.001928 0.161170 -0.012917 0.134250 0.097872 -0.076007 -0.001419 -0.033459
  -0.150245 0.177176 0.009138 0.001356 0.006612 -0.097080 0.019759 -0.000277 0.185577 -0.004674 0.057924 -0.003459 -0.098562 0.002203 -0.000500 -0.033925 -0.002345 0.004402 -0.182086 -0.092097 -0.119827 -0.007467 -0.147397 -0.001543 -0.086503 -0.078194 -0.026347 0.004175 -0.005337 -0.034811 0.000742 -0.077320 -0.007633 -0.158627 -0.065953 -0.190476 0.093673 -0.037305 -0.012036 -0.127294 0.188531 -0.000897 -0.099401 0.047543 0.052865 -0.003091 0.002729 0.034410 -0.056771 -0.112622 -0.001318 0.081496 0.105946 -0.158949 0.002829 0.058313 -0.148272 -0.069349 -0.014150 0.055726 -0.004363 0.047590 0.071677 -0.232988 0.186004 -0.064832 -0.093708 -0.060810 0.017631 -0.002898 -0.193280 -0.005523 -0.001211 -0.035908 -0.000412 -0.184191 -0.002750 -0.001765 0.004730 -0.001575 0.094855 -0.040226 -0.037817 0.001739 -0.069865 -0.008520 0.080401 -0.179992 -0.166978 0.010917 -0.003089 -0.004363 -0.008327 -0.205872 0.003233 -0.179467 -0.080603 -0.029126 -0.000840 -0.246469
  0.138485 -0.167898 0.043617 0.003724 -0.000911 0.063348 0.050613 -0.001232 0.105815 0.003987 0.011963 0.000461 0.190497 0.006136 -0.000064 0.044860 -0.005243 0.182833 -0.032321 -0.035761 -0.007816 -0.003649 0.040022 0.006400 -0.069490 0.026489 -0.047080 -0.006849 -0.000733 0.057575 -0.003067 0.004213 -0.063475 0.004491 0.196528 0.188171 -0.082904 0.086588 0.001359 -0.084491 -0.013685 0.004959 -0.072319 -0.038467 0.079206 -0.002030 -0.009402 -0.011232 0.051480 0.118708 0.001468 0.211645 -0.106909 0.079647 -0.000797 -0.127964 -0.019092 0.192232 0.001691 0.070081 0.000270 -0.012194 -0.044179 0.113589 -0.075215 0.194581 0.104961 0.024409 0.133529 -0.006025 0.027351 -0.003399 -0.000291 0.134929 -0.000457 0.145319 0.000344 -0.008700 0.003147 -0.003566 -0.032767 0.068573 -0.175463 -0.031603 0.106816 0.063722 0.049584 0.191047 0.080839 0.061075 -0.008008 0.000225 0.003723 0.081751 -0.002089 0.021931 -0.068876 0.055776 -0.001220 0.145294
  -0.113013 0.188682 0.187596 -0.001711 -0.001792 0.060224 0.079803 -0.000660 -0.040570 0.000100 -0.002225 -0.002370 0.023553 -0.006211 -0.004865 -0.049310 -0.000764 -0.104482 -0.050819 -0.047467 -0.138996 -0.009798 0.088765 -0.001238 -0.066256 0.067656 0.077777 -0.003175 0.001059 0.013577 0.000507 -0.168732 -0.002853 -0.189650 -0.048939 0.020392 -0.005191 0.054853 -0.023584 0.035815 0.114711 -0.003950 -0.114677 0.077161 -0.113063 -0.008879 -0.001525 -0.020055 -0.027005 -0.140856 -0.002450 -0.118543 -0.029171 -0.065794 0.001235 0.015001 -0.075923 -0.083565 0.005798 0.095292 0.002759 -0.117245 -0.033996 -0.084685 0.008387 -0.045587 0.041196 0.046103 0.044456 -0.001231 0.025819 -0.003124 -0.004617 -0.008613 -0.010043 -0.080846 -0.000945 0.000941 0.001869 -0.002487 -0.059020 -0.095918 0.114764 0.004629 0.005297 0.084830 -0.108753 -0.005827 -0.041251 0.194819 -0.004981 0.002038 0.000258 -0.119140 -0.005869 -0.091767 -0.035980 0.045966 0.000174 0.000648
  0.030736 -0.068469 -0.009217 -0.000141 -0.002026 -0.059365 0.026323 -0.002109 -0.056636 -0.000664 -0.058272 0.005060 0.145241 0.001346 -0.003732 0.118114 -0.000458 0.102150 -0.042985 0.050587 0.121386 -0.010303 0.081741 -0.000476 0.037145 -0.081148 0.073449 -0.006805 -0.000874 -0.027468 -0.000020 -0.076422 0.082666 0.138411 -0.062006 -0.068912 -0.064967 0.141259 -0.008096 0.024775 -0.094971 0.000683 0.081674 0.116191 -0.054487 -0.011196 -0.005747 -0.099339 -0.019569 -0.076333 -0.003304 0.006530 0.140886 0.070060 0.002291 0.060417 -0.071075 0.091798 -0.015817 0.077424 -0.002137 0.180801 -0.034464 -0.026258 0.116979 -0.106680 0.092622 0.094705 0.141632 0.004077 0.171671 -0.009459 0.002578 0.070862 0.000333 -0.060979 0.000943 0.005444 0.004791 -0.000624 -0.119529 0.002862 0.113072 -0.007175 0.032570 -0.100921 0.006830 0.016241 0.150945 0.049478 -0.002540 0.000097 -0.008029 0.162272 -0.010167 0.041379 -0.007925 0.087714 0.000626 0.070230
  -0.091413 -0.003194 -0.095070 0.000941 -0.008229 0.007799 0.078561 0.004138 0.005264 -0.000510 -0.145150 0.000959 0.070660 -0.003104 -0.000345 0.068440 0.004288 -0.095375 -0.023726 -0.067775 -0.134348 -0.003164 0.071053 0.002120 -0.145945 0.128337 -0.052359 -0.001256 -0.000016 -0.135814 0.001897 0.001284 -0.110904 -0.102370 -0.127096 -0.164032 0.051634 0.054325 -0.019600 -0.173727 0.043293 0.003057 -0.081583 -0.072578 -0.021912 -0.002414 -0.008136 0.046953 0.005642 -0.007655 0.001515 0.016515 -0.046121 -0.066377 -0.006650 -0.076869 0.035188 0.074157 0.005200 -0.002948 -0.004759 -0.139957 0.138677 0.002902 0.066206 0.054135 0.038023 0.072676 -0.167475 0.001474 0.072665 -0.002575 0.000721 -0.089558 0.004810 -0.186178 0.000351 -0.006511 0.001423 -0.004276 -0.085547 -0.024348 0.155600 -0.014113 -0.141312 0.041699 -0.035760 0.090319 -0.136104 0.050599 -0.003663 -0.002892 0.000959 0.006539 0.015476 -0.071142 -0.057760 -0.052762 0.006059 -0.065624
  -0.021731 -0.012221 -0.091330 -0.002500 0.004738 -0.023716 0.147375 -0.006769 0.045190 0.004143 -0.042435 0.006139 0.034029 0.005668 0.000995 -0.009160 -0.008480 -0.017908 -0.045164 -0.105844 -0.073460 -0.006576 0.128661 -0.005486 -0.062563 0.076739 -0.026804 -0.008591 -0.005152 0.161688 0.002722 0.001426 0.083481 0.059310 0.105613 0.107419 0.056056 -0.007091 -0.026217 0.040171 0.084583 0.000058 0.084268 0.171743 -0.039095 -0.000670 0.001111 0.177361 0.198907 0.092239 -0.003562 0.139039 -0.105126 0.124322 0.003530 -0.069082 0.080968 0.014014 -0.010541 -0.014063 0.001613 0.178133 0.108766 -0.055698 0.079790 0.100604 -0.025224 -0.072260 -0.016756 0.002374 0.088957 0.001582 -0.001608 0.101599 -0.010602 0.020827 0.000731 -0.014814 0.002729 -0.003375 0.038380 0.022541 0.010677 -0.026042 -0.084671 0.149286 -0.022333 0.128055 0.181045 -0.074134 -0.005017 0.000965 0.005858 0.161896 -0.001287 0.137721 -0.070505 0.187539 0.005460 -0.073391
  -0.014723 -0.028904 -0.050161 0.002998 -0.001251 -0.068034 -0.005007 0.006338 0.051713 -0.001048 -0.039827 0.006713 0.133875 -0.002395 -0.006878 -0.075280 -0.008765 0.065056 0.181232 0.006874 0.139661 -0.008408 0.102098 0.001593 -0.045775 -0.022370 0.115061 -0.006709 -0.001583 0.055545 0.006648 0.055022 0.132722 0.039450 0.161435 0.076063 0.170771 0.047518 -0.008284 0.092915 0.008092 -0.005601 -0.106632 -0.100505 -0.116176 -0.007006 -0.003532 0.115155 -0.000243 0.056764 -0.005276 0.182074 0.129368 0.147147 -0.001450 0.105868 -0.058888 -0.099967 -0.033783 0.064056 -0.000748 0.055983 -0.103571 0.023921 0.081675 0.025469 0.106951 -0.006955 0.153194 -0.001155 -0.003642 -0.005048 0.000637 0.147942 -0.001251 0.001489 0.004200 0.000763 -0.000675 -0.000242 -0.192886 0.082623 -0.009065 -0.007711 0.051643 0.033185 0.064618 0.171225 0.142626 0.002831 0.001234 0.000342 -0.000336 -0.028179 -0.008831 -0.011009 0.158777 0.019233 0.005171 0.043453
  0.059216 0.055330 -0.103433 -0.000612 -0.007002 0.058053 -0.000073 0.002222 -0.082521 -0.005177 -0.019214 0.005223 0.073076 -0.000358 -0.000020 -0.095460 0.008360 0.066218 -0.066451 0.060260 -0.090412 0.002974 -0.097454 0.000613 -0.049767 0.071607 0.107299 0.001970 0.000418 0.132772 -0.007784 -0.014974 -0.051791 0.139449 0.029940 0.089971 0.096603 -0.063268 -0.014411 -0.063760 -0.017161 -0.003738 -0.133765 0.114928 0.039354 -0.005428 -0.001663 -0.121731 0.059844 0.133022 -0.005154 -0.092947 0.122497 0.042087 -0.010692 0.077764 -0.039396 -0.026580 0.003485 0.096026 -0.001100 0.143313 -0.022952 0.081830 0.021336 0.122802 0.128115 -0.068740 0.142581 0.002430 0.117406 -0.006851 0.002348 0.121534 -0.002384 0.151493 -0.004853 -0.011114 -0.000064 0.000134 -0.013065 -0.124620 0.139934 -0.031399 -0.077801 -0.131066 0.034976 0.155360 0.058114 0.021267 -0.012856 0.000038 -0.000439 0.033327 -0.038108 0.069875 -0.003434 0.094097 -0.000343 -0.089408
  0.058345 -0.099692 0.102256 0.000542 -0.005530 0.140489 0.021939 -0.007296 -0.051094 -0.003397 0.109771 0.002771 0.116530 -0.000207 -0.000181 0.082526 -0.005779 0.025169 0.004804 -0.201297 -0.011421 0.003524 0.071686 -0.007389 -0.113535 -0.103392 0.097195 -0.005723 0.001312 -0.104445 0.000549 -0.028961 0.092399 -0.048608 0.015518 -0.080183 0.041040 0.093868 -0.019716 0.134561 0.068348 -0.006693 0.036701 -0.070975 0.034484 0.001148 -0.006434 0.012026 0.072641 0.140280 -0.000256 0.114353 0.060321 -0.047778 0.002540 -0.021722 -0.029410 0.014229 0.000897 0.072200 -0.001232 -0.058099 0.029812 0.047191 -0.094179 0.111748 -0.025657 -0.038227 -0.092962 -0.003713 0.129086 -0.004612 -0.002711 -0.005228 -0.002360 -0.121766 -0.001644 0.000036 0.000310 -0.001667 -0.065553 0.111995 0.009502 -0.003296 -0.075421 0.015668 0.066655 -0.066423 0.044403 0.000014 -0.000968 0.001979 -0.001767 0.021684 -0.008385 0.071279 -0.064961 0.101846 -0.004249 0.114122
  0.016608 -0.003774 -0.105342 0.004798 -0.006346 -0.035517 0.055416 -0.007439 -0.083564 0.005044 0.196745 -0.001303 0.188469 0.000037 -0.002429 0.117951 -0.000680 0.193673 0.003484 -0.023425 -0.070822 -0.009101 -0.067828 0.006524 0.139905 0.104364 0.071062 -0.003168 -0.005461 -0.005254 -0.001380 0.129680 0.067242 -0.056354 -0.065678 -0.049298 -0.063658 0.187785 -0.005544 0.134671 -0.123299 -0.001783 -0.074223 0.163570 0.050006 -0.009776 -0.000151 0.052501 0.101611 0.188036 0.000117 0.081083 -0.193560 -0.055695 -0.008882 -0.241182 0.142973 0.120661 -0.022323 0.166050 -0.005726 0.007586 -0.125515 0.024554 -0.156544 0.055339 0.046035 0.198883 -0.063896 -0.006582 -0.068991 0.000208 -0.004753 0.148629 -0.000401 0.071413 0.000245 -0.013608 -0.003830 -0.002181 0.023990 -0.015022 -0.232728 0.004196 -0.070868 0.146220 0.144808 0.000618 -0.041952 -0.133939 0.000276 0.000856 0.002131 0.179008 -0.007047 -0.040505 -0.024717 0.159536 -0.004355 -0.078914
  0.095054 -0.035470 0.026423 0.000791 -0.007299 0.170544 -0.034046 -0.001731 -0.051255 -0.008805 0.019877 -0.005949 0.024665 -0.001518 0.002437 0.129943 -0.006968 0.001455 0.017552 -0.174075 0.124693 -0.002155 -0.038466 -0.001460 -0.063594 0.072384 -0.053225 0.006846 0.002088 0.013488 0.000154 0.160141 0.057147 -0.057708 0.010029 0.151932 0.055668 0.091875 0.005816 0.132683 0.040341 -0.007489 0.026866 0.097972 -0.006952 -0.001949 -0.004578 0.130447 0.106535 -0.073438 -0.000592 -0.042035 -0.140934 -0.087016 -0.001893 -0.026965 0.093835 0.080415 -0.000431 -0.025971 -0.006709 0.147497 -0.158058 0.165303 0.018156 0.031083 0.192285 -0.065866 -0.015873 0.000521 0.010951 0.005434 -0.004519 0.061695 0.000116 0.083783 -0.002601 -0.001449 0.003934 -0.004040 0.017208 0.066965 -0.014511 -0.005678 -0.026844 0.051977 0.157064 0.016062 0.177801 -0.041472 -0.005541 -0.000526 0.005585 -0.002756 0.003823 0.156979 -0.023980 -0.070409 0.001278 -0.040389
  0.123521 -0.005615 -0.064742 0.002396 -0.001399 0.026589 0.006660 -0.001505 0.021679 0.002382 0.013654 -0.000098 0.104695 -0.002705 -0.002302 0.173456 -0.000271 0.065923 0.105614 -0.158511 0.076210 0.001184 0.074580 -0.001650 -0.078675 -0.045879 0.181402 -0.002644 -0.000559 -0.081865 -0.008808 0.102684 0.054556 0.048208 -0.013765 0.124246 -0.102258 -0.037210 -0.008648 -0.029542 -0.108620 0.000508 0.058836 0.133318 0.011027 -0.013327 -0.002643 0.177770 0.084458 0.105537 -0.010455 0.062287 -0.154746 0.074906 0.004852 0.064287 0.074004 0.029837 0.006383 0.107416 -0.008503 0.041230 -0.087972 0.036872 -0.056080 0.068113 0.019536 -0.047664 0.042650 0.001628 0.091894 -0.003223 0.004542 0.154198 -0.004770 -0.083874 0.001998 -0.002112 0.006407 0.004011 0.024328 0.063536 -0.160163 -0.013815 0.040907 0.081574 0.067321 0.110266 -0.012351 0.020208 -0.008580 -0.000386 0.001681 0.094774 0.016779 -0.015246 0.028508 -0.000080 -0.000867 0.125503
  0.107985 0.113617 -0.022216 0.003375 -0.008660 0.148509 -0.011898 -0.002094 -0.058715 0.005970 -0.095443 -0.000773 0.139540 -0.000487 -0.003673 0.029797 -0.000622 0.155427 0.118867 0.038080 0.176179 -0.002335 -0.089090 -0.003446 0.021837 -0.095682 0.171993 0.001879 -0.002610 0.064411 0.001619 0.164555 0.146648 0.038312 0.125271 0.057795 0.019364 -0.072586 -0.022258 0.035089 -0.030184 -0.010283 0.091488 -0.098609 -0.056714 -0.000593 0.006194 0.037606 -0.083994 0.084438 0.003370 0.185224 0.053663 -0.010300 0.004109 -0.061968 0.072066 0.009815 -0.014172 -0.005910 -0.001525 0.093636 0.173798 -0.028955 0.139865 -0.088499 0.051068 -0.078010 0.159476 0.002169 0.092140 0.002349 0.000771 0.166906 0.001315 0.162866 0.000064 -0.005747 0.000310 -0.006317 -0.097906 0.033455 0.081821 -0.018296 -0.043676 0.032320 0.169558 0.009415 0.019611 -0.057544 -0.000241 -0.002172 -0.000745 -0.029212 0.003396 -0.068184 -0.019601 -0.068221 -0.003097 0.101500
  -0.076909 -0.157176 -0.043617 -0.005777 -0.007730 0.092808 0.086114 0.004133 -0.071447 0.000858 -0.106400 0.002252 0.113280 0.002610 -0.000067 -0.069339 0.002899 0.069132 0.147398 -0.112886 -0.072156 -0.008566 0.090092 -0.004893 -0.116024 0.144604 -0.120026 0.003199 -0.001511 0.102300 0.000047 0.120681 0.126051 -0.113026 -0.112669 -0.062314 0.036038 0.121483 -0.002817 0.049637 -0.210693 0.002153 0.159284 -0.043651 0.021402 -0.014148 0.000103 0.009247 -0.090367 -0.006871 -0.001949 0.015486 0.013645 -0.125931 0.001126 -0.008250 -0.015574 -0.116930 -0.001720 0.142877 -0.003596 -0.039520 -0.090903 0.044988 -0.186935 -0.017449 0.072688 0.022350 -0.019656 -0.001033 0.026069 -0.016722 -0.004258 0.115412 -0.007415 0.060067 0.005455 -0.004146 -0.000703 0.000100 0.007444 0.137276 -0.058118 -0.015803 0.057547 -0.001760 0.002100 -0.117187 -0.083788 0.002312 -0.001679 -0.001178 -0.001189 0.108534 0.003759 -0.056789 -0.081286 -0.063362 0.004833 0.027943
  -0.078086 0.102344 0.041287 0.002375 -0.000090 -0.193614 -0.180775 0.000065 0.131213 -0.002111 0.025010 0.002092 -0.160334 -0.005153 -0.003812 -0.020503 -0.004321 -0.117695 -0.113268 0.123819 -0.190226 -0.007395 -0.123003 -0.000027 0.002776 -0.049467 -0.000026 0.001372 0.000059 -0.028480 -0.001040 -0.173663 -0.037528 -0.094857 -0.025715 -0.135549 0.191266 -0.071403 -0.011085 -0.100049 0.139546 0.002299 -0.058291 0.029529 -0.142304 -0.003998 0.004698 0.021105 -0.033138 0.023241 -0.006478 0.011506 0.042210 -0.177970 -0.003729 0.074228 -0.159373 -0.136606 -0.019770 -0.138178 0.000190 -0.104501 0.028025 -0.014308 0.182580 0.018690 -0.133715 -0.018462 -0.177938 -0.005604 -0.127149 0.002391 -0.001725 -0.214405 -0.005285 0.008014 0.000676 -0.002628 0.000013 -0.000026 -0.125867 -0.158112 0.177204 -0.013681 -0.039656 -0.215861 -0.130013 -0.100630 -0.067790 -0.069079 0.002127 -0.003611 0.001110 0.005715 -0.004744 -0.025709 -0.028988 -0.122832 0.002744 -0.131050
  -0.004151 0.094335 -0.077904 -0.001168 -0.000483 0.071816 0.098754 0.000017 0.045504 0.003852 -0.140530 -0.003339 0.053302 0.003276 0.003107 -0.044316 -0.010336 -0.038567 -0.102925 -0.035060 0.056800 -0.016468 0.077503 -0.000808 0.010659 -0.090060 -0.044340 -0.006624 0.005776 0.067579 -0.000696 -0.092571 0.101209 -0.081378 -0.085966 0.004374 0.150146 -0.144425 -0.009829 0.094590 -0.066517 -0.006499 -0.018120 0.076249 -0.071515 0.003973 0.001134 -0.142358 0.129957 -0.051310 -0.002695 -0.000668 -0.023210 -0.125084 -0.012779 0.024045 0.095119 -0.010518 0.005995 -0.073782 -0.003072 -0.103263 -0.064252 -0.094768 0.111291 0.085765 0.130708 -0.081590 0.080971 -0.001969 -0.120717 0.003659 0.000691 -0.114506 -0.000798 -0.087935 0.001932 -0.000618 0.005880 -0.007980 -0.047793 -0.009418 0.030578 -0.012819 0.048087 0.079182 0.105461 0.072680 0.076140 -0.017949 0.002480 -0.002213 -0.001024 -0.062276 -0.009351 -0.081581 0.104167 -0.070896 -0.007048 -0.009910
  -0.187287 -0.044692 -0.059611 -0.000303 -0.000819 0.047163 0.037621 -0.000810 -0.021460 -0.001964 0.054257 -0.007546 -0.187478 0.002223 -0.000253 -0.148400 -0.000361 0.087003 -0.004767 0.098759 -0.041969 -0.005961 0.061910 0.005650 -0.125479 0.103755 -0.157676 -0.004088 0.000969 -0.066685 0.004801 -0.148520 -0.035788 0.046482 0.038376 -0.142187 -0.005279 -0.061750 -0.008727 0.090373 0.148519 -0.005214 -0.145501 -0.144598 0.049639 -0.011432 -0.000814 -0.071268 -0.023507 -0.176492 -0.003500 0.071077 0.180139 0.031458 -0.014514 -0.012650 -0.017126 -0.100462 0.001098 -0.020295 -0.007218 0.069572 0.150995 -0.161501 0.057053 -0.106897 -0.079630 -0.126789 -0.028410 0.005237 -0.073515 -0.011411 0.000585 -0.131579 0.003540 -0.085506 -0.002376 -0.008803 0.002127 -0.003163 0.056762 -0.127202 -0.022029 -0.007387 0.064827 0.092717 -0.144465 -0.059489 -0.175518 -0.013174 -0.001380 0.004616 0.005456 -0.101229 0.000466 0.035720 0.035668 -0.183648 -0.001982 -0.093768
  -0.180503 0.005919 -0.058171 0.000742 -0.003159 -0.212933 -0.162906 0.002549 0.160693 -0.000063 -0.121337 0.007031 -0.156715 -0.002086 -0.002101 -0.171814 -0.000589 0.029348 -0.089807 0.031617 0.036424 -0.016611 -0.172742 -0.000003 -0.052464 -0.053503 -0.138579 0.000174 0.001389 -0.046537 -0.001702 -0.200716 -0.108578 -0.219614 -0.006882 -0.088364 0.030999 -0.037903 -0.006535 -0.149026 0.167070 0.003454 -0.054975 -0.216238 -0.153096 0.002322 -0.005446 -0.181892 0.034175 -0.205229 0.002129 -0.095752 0.086626 -0.214981 0.003314 0.037870 -0.060261 -0.037178 -0.003737 0.062420 0.000055 -0.107756 0.220989 -0.042506 0.027853 -0.205180 0.023815 -0.136774 -0.042034 -0.000351 -0.184259 0.000096 -0.004622 -0.136823 0.000006 -0.112297 0.001671 0.002731 0.002518 -0.009142 -0.202366 -0.060852 0.199368 -0.000318 0.010767 -0.146913 -0.104246 -0.090068 -0.212916 -0.188203 0.005463 -0.003138 -0.002976 -0.217314 0.002719 -0.086666 -0.055644 0.006812 -0.001377 -0.095377
  -0.114345 -0.029794 0.097584 0.001873 -0.001812 -0.023590 0.018353 -0.009921 -0.106198 -0.004115 -0.064655 0.002710 -0.062689 -0.003815 -0.000090 0.121568 -0.003304 -0.107388 -0.065114 0.102364 0.026451 -0.000543 0.115296 0.002145 0.037586 -0.008363 -0.120500 0.007440 -0.001220 -0.089549 0.000785 -0.037736 0.033330 0.007274 0.009631 0.098245 -0.044734 -0.020897 -0.004015 0.045567 0.072912 -0.001321 0.058522 -0.097885 0.041555 -0.005810 0.001597 -0.127550 -0.082456 0.044522 0.004050 0.001810 0.172817 -0.004673 -0.001072 -0.089783 0.087003 -0.066888 0.004428 0.113354 0.005444 0.008748 0.048560 0.077201 -0.083223 0.031991 -0.129879 0.030635 -0.093290 -0.004528 -0.031439 -0.001708 0.000606 -0.121426 -0.000211 -0.081179 0.000320 -0.003089 0.000055 0.001503 -0.004707 0.076335 -0.022047 -0.006230 0.043141 -0.131722 0.042895 0.058630 -0.060858 -0.143104 -0.009118 0.005185 0.001249 -0.090788 -0.012977 0.014767 0.093037 -0.126396 -0.003283 0.104634
  -0.150935 -0.022583 0.149546 0.000586 -0.002790 -0.126256 -0.141064 -0.003335 0.115309 -0.001042 0.066857 0.004868 -0.039017 -0.004067 0.000064 0.101681 0.001005 -0.129108 0.024184 0.047331 0.109631 -0.016685 -0.004438 0.004148 -0.027916 0.022089 -0.136675 -0.002827 -0.002120 0.120588 -0.002702 -0.015059 0.041634 -0.078259 -0.025136 0.069344 0.149536 0.016629 -0.003833 -0.108547 0.143941 -0.005629 0.042334 -0.076734 0.021973 0.000133 0.001986 -0.084533 -0.015827 0.018333 0.001832 -0.117884 0.193976 0.097729 -0.003355 0.101538 -0.003961 -0.020299 -0.021709 -0.010403 0.001262 -0.019793 0.076652 0.045418 0.073246 -0.138213 0.088773 -0.017109 -0.076556 -0.005724 -0.014299 0.004035 -0.000596 0.059722 -0.008005 -0.032411 0.007522 0.001211 -0.004221 -0.000174 -0.080564 -0.036946 0.099869 -0.005320 -0.082652 0.107155 0.007774 -0.040816 -0.021087 0.039980 -0.000376 -0.000192 -0.000273 -0.099149 0.009945 0.013205 -0.087204 0.057267 0.004651 0.112875
  -0.008434 -0.057115 0.036784 -0.005239 0.004882 -0.061155 -0.043163 -0.001066 -0.008040 0.002275 0.025258 -0.004701 -0.027188 -0.000163 -0.003036 0.077673 0.000115 0.088065 0.178739 0.100877 0.153827 -0.003681 -0.058297 -0.002493 0.140148 0.178679 0.144070 -0.007718 0.005381 0.011359 -0.009638 0.011232 -0.096891 0.049811 0.001831 0.032858 0.014448 0.139235 -0.000688 0.007434 0.096759 0.004125 -0.092118 0.034748 -0.016081 -0.010097 0.000912 0.132562 -0.052772 0.119259 0.003164 0.159619 -0.057525 0.153035 -0.004169 -0.015289 -0.074139 -0.102267 -0.002442 0.025023 -0.003269 -0.052910 0.057108 -0.098580 0.083118 -0.079087 -0.043894 0.002646 0.025710 -0.001708 -0.012875 0.006400 0.000729 -0.106081 -0.001091 0.145367 -0.001924 -0.011137 0.001990 0.000313 0.013408 -0.088821 -0.042018 -0.007206 -0.043099 0.032568 0.054502 -0.034663 0.166285 0.100805 0.001450 -0.004268 -0.006742 0.028062 -0.018086 0.173554 -0.075293 0.034772 -0.001654 0.056476
  -0.101246 0.001853 -0.195875 0.003624 -0.008383 0.121047 0.094242 -0.002258 0.024216 -0.010042 0.126965 -0.000116 -0.033956 -0.001443 -0.004502 0.138773 -0.013614 0.044346 -0.010391 0.135810 -0.070708 -0.008558 0.001655 0.001149 -0.119377 -0.054829 -0.058488 0.002052 -0.004513 0.021983 -0.003796 0.104090 0.125246 0.002302 -0.028496 -0.068657 -0.148743 -0.039942 -0.002657 0.011263 0.133486 -0.001209 0.044267 -0.003433 -0.005517 -0.008029 -0.000441 -0.006580 0.068126 0.124929 -0.002069 -0.126977 0.007231 0.026185 -0.011190 0.097214 0.155050 0.121083 -0.015455 0.122696 0.000913 0.003557 0.020440 0.095378 0.013876 -0.040063 0.015798 0.032911 -0.088947 0.004384 0.062397 0.000359 -0.003855 0.032528 -0.006189 -0.122394 0.000045 -0.005325 0.000100 -0.006955 -0.010452 -0.072549 0.162247 -0.005799 0.057809 -0.050314 -0.109650 0.136139 -0.068539 -0.019047 -0.000121 -0.008996 0.002754 0.016011 -0.009721 -0.119880 -0.101946 0.112417 0.000914 -0.051576
  -0.141600 0.072835 0.009609 -0.000437 -0.001356 -0.094031 0.032792 0.005314 -0.106732 0.000183 -0.041539 -0.000649 -0.094182 0.003019 -0.000055 -0.010497 -0.005396 -0.106757 -0.160553 0.072842 -0.102346 -0.007070 -0.056947 -0.000899 -0.027070 -0.009552 -0.147833 -0.002302 0.000774 0.029334 -0.002566 -0.027386 -0.104983 -0.104299 -0.180418 0.093201 -0.083527 -0.103227 -0.006487 -0.122323 0.055159 -0.007438 -0.139522 0.028418 -0.046216 -0.001640 0.000183 -0.088107 0.018936 -0.146851 -0.000095 -0.045558 -0.046984 0.007338 0.002906 0.160796 0.012639 -0.051701 -0.026814 -0.113687 -0.000586 -0.051165 0.153104 -0.066517 -0.015617 -0.053292 0.074899 0.026214 0.001971 -0.002093 0.068082 -0.008559 0.003332 -0.025344 -0.001273 -0.044056 0.001114 -0.009699 0.003072 -0.000582 0.027952 -0.120623 0.010008 -0.008438 -0.050704 0.037108 -0.055134 0.116184 -0.012535 0.078943 -0.007211 -0.000838 -0.001811 -0.002799 0.013132 -0.146245 -0.131231 0.067991 -0.004161 0.031061
  0.040101 0.102413 -0.133157 -0.003322 -0.000008 0.150219 -0.005596 -0.000965 -0.026937 0.004664 0.116107 0.006935 -0.115047 -0.006036 0.000572 0.113393 -0.005492 -0.052915 0.094140 -0.110988 -0.015405 -0.006691 0.022595 0.001359 -0.018164 0.043859 0.059983 0.001539 0.000593 -0.045930 -0.007421 -0.076376 -0.056184 0.019725 0.123899 0.080540 0.090488 -0.014864 -0.007669 -0.009682 -0.111861 -0.008632 0.046618 0.156316 -0.050152 -0.016246 0.002292 -0.044321 0.103822 0.094756 0.005353 -0.008930 0.056182 0.002285 -0.000072 -0.003115 -0.068093 0.017710 -0.005088 0.101905 0.001403 0.061544 -0.121075 0.081821 0.002943 0.131854 0.135960 -0.079562 0.112715 -0.008512 -0.000196 -0.000528 -0.003026 0.100634 -0.009721 -0.053277 0.000373 -0.002379 0.005351 0.001243 -0.006605 -0.017392 -0.159757 -0.025283 0.034248 0.068183 -0.003815 0.094583 0.023096 -0.230871 -0.006529 0.003372 0.001545 0.148697 -0.028461 0.162059 -0.067872 -0.087036 0.006813 -0.041698
  0.011273 -0.029535 0.058527 0.003921 -0.001974 0.013571 -0.131052 0.000535 0.002889 -0.002138 -0.105597 -0.002568 0.052099 -0.000480 -0.001737 -0.048724 -0.002345 0.030081 0.036983 0.038504 0.063911 -0.006128 -0.181909 0.001109 -0.035391 0.087360 0.063044 -0.000494 0.004323 0.033981 -0.000440 0.003873 -0.088034 0.070703 0.019823 -0.172117 -0.001152 -0.033316 -0.020676 -0.203525 0.041280 -0.002004 -0.015315 -0.123017 -0.057370 -0.001329 -0.000065 -0.128174 -0.100973 -0.004074 -0.007539 -0.147895 -0.049783 0.035562 0.001278 0.150596 -0.001244 -0.008596 -0.010074 -0.012337 -0.008729 -0.013135 0.111140 -0.054533 0.027512 -0.094744 -0.019595 0.020357 0.059757 -0.001650 0.019771 -0.000019 0.003538 -0.045837 0.000004 -0.025116 0.001678 0.007045 -0.007919 -0.007789 0.056133 -0.041108 0.085525 -0.008270 -0.162841 0.020630 0.020577 -0.077416 -0.099696 0.123937 -0.008271 0.004059 -0.002817 -0.006264 0.001656 -0.001909 -0.094277 0.026663 -0.001670 -0.071236
  0.153685 0.044418 -0.004153 -0.000751 -0.008157 -0.117160 0.029590 0.001818 -0.037684 0.002813 -0.111373 -0.001445 -0.059003 -0.000591 -0.004380 0.142637 -0.006620 0.132740 -0.001279 0.121849 0.029242 -0.000615 -0.135180 0.001805 0.126661 -0.064796 -0.088633 -0.000781 0.004868 0.026360 -0.000110 -0.087098 -0.127573 0.113257 -0.102961 0.053576 0.108378 -0.059388 0.000811 -0.092741 0.008334 -0.005340 0.088427 -0.039694 -0.000942 -0.002580 -0.004310 0.083425 -0.043022 0.065091 -0.005506 0.072881 -0.149615 -0.011546 -0.004802 0.071861 -0.049562 0.122585 0.003199 -0.074177 0.000217 -0.098045 -0.071561 0.083895 -0.011785 0.053172 -0.048982 -0.015572 -0.089586 0.001181 0.022214 0.001181 -0.001696 -0.032404 -0.002329 -0.115823 -0.001430 0.002601 0.004875 -0.000103 -0.003089 -0.121521 0.125543 -0.016561 0.142673 0.014512 -0.027945 0.134212 -0.124962 -0.029053 -0.000022 -0.002037 -0.000837 0.056721 0.001058 -0.122970 0.150308 -0.074955 -0.003852 -0.058937
  -0.127164 -0.070381 0.134779 -0.001061 -0.006698 -0.112822 0.057489 0.003495 -0.088546 -0.009078 -0.086133 -0.007419 -0.121898 -0.000293 -0.003092 0.014702 -0.003747 0.121562 0.086599 0.049162 -0.043464 -0.007678 -0.051124 0.001264 -0.014958 0.094982 0.113826 -0.001746 0.000113 -0.115268 -0.004330 -0.022819 -0.086800 0.074441 -0.119791 -0.015157 0.040288 0.034260 -0.006782 0.085385 0.023789 -0.000854 -0.121610 -0.015319 0.032364 -0.002481 0.003102 -0.012538 -0.112646 -0.108419 -0.002230 0.046764 0.132261 -0.065885 -0.000962 -0.011934 -0.036998 -0.084743 -0.018607 -0.094577 -0.008219 -0.089045 -0.139474 0.026979 -0.036085 0.115859 -0.096244 -0.030747 -0.050580 -0.009556 0.093009 -0.014549 0.004640 0.096239 -0.000049 0.005235 0.000817 -0.006334 0.000545 -0.008993 -0.059983 -0.016896 0.022414 0.006603 -0.120385 0.083693 -0.088219 -0.027344 -0.081041 -0.027735 -0.007830 -0.000179 0.002719 -0.020188 -0.001927 0.079897 0.034087 0.000778 -0.002960 0.103208
  0.070340 -0.107820 -0.115354 0.002785 -0.008989 0.184823 -0.057683 0.002344 -0.035660 -0.000419 0.161108 -0.000933 0.069591 -0.008085 -0.005967 -0.020854 -0.001383 -0.063893 -0.047427 -0.075114 0.085736 0.001608 -0.029744 -0.007839 0.171261 -0.046427 0.160249 0.002560 0.001972 -0.047074 0.002826 0.120859 0.073295 0.008914 -0.003883 -0.051949 -0.056068 0.082715 -0.012116 0.037902 -0.119407 0.000457 0.150912 -0.045863 0.004893 -0.011016 0.000547 0.111361 0.178680 -0.011514 0.005244 -0.061809 -0.032088 -0.067328 0.003992 -0.091010 0.109665 0.140601 -0.021106 -0.069162 0.003515 0.003522 -0.159168 0.045523 -0.050368 -0.080572 -0.002438 -0.080647 0.026627 0.003636 0.189327 0.000283 -0.002818 0.161223 -0.000352 -0.044649 0.005499 -0.003480 0.001730 0.001199 -0.041519 -0.024614 -0.017550 -0.013840 0.039087 0.132160 0.136566 0.033940 0.135736 0.062933 -0.000331 -0.001929 -0.002832 -0.004735 -0.022372 -0.011805 -0.037013 0.042721 0.004207 -0.077844
  0.082787 0.064588 -0.092258 0.004279 0.000037 -0.031250 0.094672 -0.001606 0.045406 -0.009153 0.116078 -0.000599 0.056526 -0.003447 0.001196 0.084508 -0.000951 0.039273 -0.000752 0.127211 0.005476 0.001044 0.093172 -0.001138 -0.068336 -0.020301 0.123053 -0.002158 -0.000110 0.092789 -0.001696 0.057099 -0.065524 -0.090250 0.111716 -0.104803 -0.035198 0.122382 -0.005125 0.150385 0.111445 -0.003241 -0.103254 0.076239 -0.011218 -0.012809 0.001338 -0.122239 0.115661 -0.072866 -0.005846 -0.074445 0.155623 0.068876 0.001860 0.000217 -0.025541 -0.055959 0.000565 0.029969 0.000532 -0.057424 0.145699 -0.074969 0.155231 -0.110312 0.013283 -0.024877 0.005974 0.001009 0.001588 -0.002156 0.001504 0.067111 0.003135 -0.054583 0.000588 -0.002913 -0.000652 -0.000383 -0.038642 -0.088614 -0.108273 -0.018334 0.061850 0.065414 0.138384 0.098463 -0.109557 0.004009 0.002658 -0.000565 0.000323 0.157559 -0.002231 0.122495 -0.102198 -0.058682 -0.000645 0.040783
  0.065642 0.163084 -0.006905 -0.007016 0.002667 0.011424 -0.107413 -0.000321 0.086372 0.001896 -0.015176 -0.002213 0.109983 0.000910 -0.000416 -0.097716 0.001561 -0.093434 -0.140484 0.018443 -0.079174 -0.006761 -0.131900 0.000878 -0.077830 -0.106380 -0.147573 0.005696 0.003480 -0.095313 0.002151 0.010673 0.112090 -0.039346 0.004182 -0.138814 0.007505 0.086453 -0.002237 -0.096241 -0.087008 0.001313 -0.000465 -0.061613 0.015540 -0.009702 -0.001963 0.100145 -0.078236 -0.100933 -0.000149 0.062093 -0.071082 0.096358 0.001984 -0.075195 0.042831 -0.056455 -0.012106 0.030272 0.005358 -0.126639 0.024765 -0.035507 -0.015695 -0.067509 -0.149091 0.031572 -0.050579 -0.005124 0.061583 0.002490 -0.000050 -0.086066 0.000321 -0.109156 -0.002928 0.001303 -0.008507 -0.006446 -0.165523 -0.124138 -0.093691 0.001354 -0.083714 -0.127025 -0.111060 0.100971 -0.033293 -0.033588 0.003476 -0.000493 -0.001941 -0.102602 -0.000757 -0.069559 0.031515 -0.088618 0.000061 -0.151547
  -0.079240 0.012463 0.117770 -0.000603 0.000782 -0.058811 -0.100799 -0.007901 -0.018804 -0.005335 -0.099649 0.002027 -0.148745 0.000217 -0.001047 0.014171 -0.000673 -0.045129 -0.093667 0.105020 0.113468 -0.010237 -0.146387 0.004108 -0.037379 0.025814 -0.040073 -0.005320 0.000263 0.016651 -0.004253 0.002863 0.091078 0.004917 -0.098220 0.006722 0.082688 0.070053 -0.000750 -0.116037 0.057368 0.000849 -0.133979 -0.029834 -0.031975 -0.002095 -0.003591 0.027075 0.107244 0.109641 0.004996 0.117132 -0.080434 0.022670 -0.002321 0.136416 -0.081000 0.133114 -0.004751 0.068930 -0.007245 -0.096983 0.071266 -0.145174 0.111672 -0.139576 0.033261 -0.015123 0.030305 0.001828 -0.053132 -0.007343 -0.004436 0.013406 -0.000088 0.064676 0.000036 -0.005164 -0.001317 -0.009316 -0.011532 0.126239 0.106996 -0.009599 0.014413 0.092111 -0.030428 -0.117061 -0.140745 -0.014993 0.005176 0.001212 -0.007148 -0.086841 -0.001945 0.082153 0.013209 0.049019 -0.008967 0.095576
  0.104731 -0.012302 0.001225 -0.002092 -0.008350 -0.055683 -0.069091 -0.001829 -0.016937 -0.000314 0.026131 -0.002771 -0.082228 0.000415 -0.000488 -0.027858 0.003061 0.092816 0.152534 -0.002082 -0.080491 -0.007820 -0.038276 -0.000615 -0.096578 0.139097 -0.059430 0.004650 0.003421 0.017887 0.001661 0.058709 0.110506 0.028453 0.124052 0.023902 0.177617 0.042764 -0.007632 0.118241 0.133681 0.000018 -0.078398 0.011520 -0.010132 0.001419 0.003040 -0.105412 0.030028 0.069834 0.002740 -0.083028 0.102154 0.057947 -0.005376 -0.034955 -0.015723 0.030647 -0.027403 -0.049447 0.002308 -0.061671 -0.056305 0.021250 0.009853 0.097363 0.031653 0.114093 0.077862 -0.007388 -0.053506 -0.000744 -0.000482 0.099676 -0.000002 0.017486 -0.004193 -0.003785 0.000240 -0.000767 -0.075644 -0.045023 0.075067 -0.001242 -0.028701 0.020325 0.165965 -0.025331 0.058610 -0.088685 0.000352 -0.004041 0.005691 0.087921 0.000109 0.101849 0.063168 0.024318 0.003152 0.138088
  -0.000003 0.004460 0.000370 0.000151 -0.000183 -0.002162 -0.005932 -0.001779 0.000036 -0.000585 -0.000210 0.005549 -0.000787 -0.000193 -0.003260 -0.004894 0.001974 0.000304 0.001803 -0.002998 0.000309 -0.001646 -0.001933 -0.005739 -0.003313 -0.001111 -0.003543 0.005675 -0.001117 -0.003313 -0.002293 0.000394 -0.004551 0.003194 0.005104 -0.001720 -0.000203 -0.005483 0.000723 -0.000385 -0.001476 -0.002193 0.000819 -0.000372 -0.002557 0.001097 0.000275 0.003133 -0.003532 0.002099 0.000969 -0.003576 0.001147 -0.000243 0.004742 -0.003129 0.000738 -0.000573 0.005000 -0.000941 0.005120 0.003874 -0.001472 0.002328 0.005915 -0.001656 -0.000266 0.000076 -0.001238 -0.005647 -0.002028 -0.001359 -0.000233 -0.002679 0.003373 0.001237 -0.004126 0.000790 0.000816 0.004986 -0.005950 -0.001707 0.004384 0.004472 0.001384 0.001861 -0.004006 0.000051 -0.001892 -0.002535 0.002418 -0.003235 -0.000121 0.004606 -0.002471 0.005486 0.005882 0.000230 -0.002693 -0.001053
  -0.005509 -0.014028 -0.100348 0.006513 -0.004884 0.085957 -0.125590 0.000252 0.138664 -0.002741 -0.055925 0.000747 0.096849 0.001124 -0.001027 -0.033770 0.005754 0.138075 0.016795 0.117513 0.005081 0.003246 -0.054450 -0.000785 0.032760 -0.069306 0.017727 0.002564 0.000875 0.061803 0.004595 -0.117761 0.037796 0.099828 0.048445 -0.008235 -0.086286 0.137612 -0.000574 0.109178 0.036985 0.000901 0.035592 0.057102 0.003609 0.000360 0.002522 -0.016393 0.022692 -0.097232 0.004281 -0.079566 0.073497 0.011240 -0.001451 0.048310 -0.075259 0.042138 -0.004898 0.131416 -0.005341 0.143821 0.064758 0.127385 -0.010035 0.029347 0.158600 0.134513 0.006641 -0.002964 -0.000082 -0.001873 -0.001313 -0.045599 0.002717 -0.101178 0.001221 -0.006777 -0.001631 -0.007730 -0.018390 0.112139 0.124816 -0.011953 0.027894 0.006109 0.139417 0.089809 0.037134 0.064431 0.003525 -0.005787 -0.001152 0.137519 0.005518 0.048725 -0.005666 -0.014714 -0.000266 0.029651
  0.009794 0.067276 0.104816 -0.002923 -0.000738 -0.012024 0.077927 -0.003048 -0.030723 0.003641 0.001247 0.004723 0.163006 -0.006161 -0.003037 0.140552 0.006701 -0.091769 -0.121330 -0.086979 0.158902 -0.009774 0.015435 0.003032 -0.124789 0.035218 -0.025433 0.005177 -0.002599 0.061740 0.000869 -0.048909 -0.116923 -0.004571 -0.013896 0.099999 0.108314 0.015222 -0.004139 0.046931 0.065699 -0.001045 -0.036547 -0.047615 0.004362 -0.003395 -0.000652 -0.101522 0.077373 -0.032298 -0.004240 -0.001614 -0.046668 0.042925 -0.003392 -0.001706 0.037351 -0.060197 -0.019380 0.128686 -0.000820 -0.008786 -0.125147 0.018775 0.030328 0.042258 0.083857 -0.051943 -0.041863 0.003123 0.148513 -0.009610 -0.000008 -0.065461 -0.007844 -0.016250 -0.004805 -0.002468 0.000177 -0.005643 -0.118651 0.104859 -0.124486 -0.011070 -0.031081 0.045138 -0.036935 -0.078062 -0.057521 -0.072583 -0.002204 0.000902 -0.002747 -0.112492 -0.015048 0.040686 0.145747 0.070767 -0.000438 0.037612
  0.100821 0.093711 -0.133227 -0.002731 -0.002773 -0.003679 0.061119 -0.000221 -0.122552 0.001274 0.082474 -0.002298 0.037944 -0.000718 0.003649 0.080936 -0.002687 0.047182 0.066041 0.013919 -0.059130 -0.006418 -0.086673 -0.001189 0.100693 0.092660 -0.054229 -0.005188 -0.001598 -0.066092 -0.005040 0.065548 -0.077599 -0.049310 -0.065856 0.137549 -0.016285 -0.150338 -0.021533 0.008642 0.039274 -0.000954 -0.071181 -0.136171 -0.001907 -0.003477 -0.004943 -0.124845 -0.110777 -0.139377 0.000328 -0.085981 -0.023835 -0.100856 0.004765 0.108819 -0.080350 -0.063977 -0.023151 -0.032518 -0.010426 0.054374 0.025638 0.086176 -0.086923 0.059202 0.075596 -0.103912 -0.052136 -0.006295 -0.101657 -0.002965 0.000233 -0.055557 0.005276 -0.130013 0.006957 -0.011019 0.001671 -0.001842 -0.036398 0.093813 -0.041587 -0.006726 0.005314 -0.019454 -0.022391 0.063453 -0.150404 0.028745 0.003041 -0.007880 -0.005432 0.049161 0.000375 -0.049805 -0.115606 -0.002728 -0.006291 -0.046292
  0.068368 -0.010590 -0.007012 0.007094 0.001173 0.093709 -0.030605 0.001919 -0.113507 -0.006336 -0.094708 -0.001031 0.087576 -0.001573 0.000823 0.058306 0.000257 -0.047379 0.006603 -0.025642 -0.124291 0.006913 -0.113820 -0.007109 0.103131 -0.019473 0.038920 -0.001604 -0.001298 -0.071640 -0.001736 -0.032075 0.055730 0.015806 0.119858 -0.126223 0.031540 0.015857 0.009756 -0.150999 0.036390 0.003572 -0.107631 0.096969 -0.082265 0.001432 0.005734 0.038660 -0.006661 -0.135468 0.004403 -0.007254 -0.091887 0.045338 -0.000645 -0.095595 -0.086580 -0.130095 -0.005540 0.019339 -0.000368 0.092088 0.143529 0.033893 -0.127629 0.050832 -0.032020 0.012076 0.044513 -0.001754 0.115847 -0.005847 0.000953 -0.145131 0.003838 -0.121112 -0.006055 -0.002165 -0.001293 -0.003468 -0.020288 -0.021922 -0.103723 -0.012301 0.091664 0.043501 0.057287 0.049302 -0.061806 -0.097704 -0.002725 0.002721 0.006153 -0.006425 -0.025027 -0.094413 -0.064543 0.015243 -0.008241 0.113198
  -0.101501 0.167626 0.119058 0.002075 0.000409 -0.015182 -0.016543 0.000511 0.040151 0.006713 0.023844 0.002221 0.055730 -0.003398 -0.004154 -0.066720 -0.002023 0.039265 -0.111977 0.044065 -0.045367 -0.018666 -0.013311 0.003316 -0.148469 0.068562 -0.058363 -0.004747 -0.006214 0.083386 -0.001254 -0.126995 -0.146935 0.010449 -0.069219 -0.011721 -0.055881 0.028114 -0.006487 -0.086059 0.048520 -0.000960 0.040703 0.062046 -0.062208 0.003484 0.002407 0.069998 -0.129879 -0.042159 -0.002987 0.044630 -0.067575 -0.035169 -0.002171 0.007762 0.002052 0.040526 -0.009110 0.013024 -0.003344 -0.034962 0.060420 -0.200645 0.070702 -0.017029 -0.019837 0.015254 -0.028735 -0.008450 -0.169150 0.000287 -0.001427 -0.179601 -0.001268 -0.057409 -0.000950 0.001142 0.000376 -0.001571 -0.081955 -0.011397 0.103733 -0.009458 -0.193978 -0.004583 -0.103327 0.071597 0.022169 0.020566 -0.003512 -0.003688 -0.001857 -0.062875 -0.009825 -0.048126 -0.104863 0.075380 -0.007213 0.050886
  0.147103 0.034052 -0.000864 -0.000497 0.000580 -0.011266 -0.026055 0.000137 0.018053 0.000096 -0.024689 -0.001414 -0.070053 -0.007944 -0.001648 -0.080613 -0.009818 0.119454 -0.078818 0.100944 -0.033218 -0.000182 0.045525 -0.002119 0.037558 0.006931 0.061757 -0.005937 0.006557 0.013323 -0.001732 0.091959 -0.005752 0.141319 0.030280 0.103284 -0.067208 0.139100 0.002098 -0.044890 -0.079055 -0.002219 0.140224 -0.041614 -0.008376 -0.010171 -0.000895 0.053142 0.172831 0.039158 0.002528 0.056843 -0.138085 -0.007534 -0.000134 0.130531 0.149457 -0.046635 -0.020860 -0.036955 0.004296 0.139885 0.083618 0.003811 -0.011748 0.021822 -0.022626 0.037212 -0.087600 -0.006816 0.150064 0.002057 -0.000337 0.039778 -0.002038 0.109735 0.002640 0.001751 0.001630 -0.003779 -0.019859 0.037337 -0.044405 -0.005605 -0.003264 -0.071759 0.009825 0.165668 -0.041020 0.052309 -0.000718 -0.004408 -0.000395 0.089699 -0.003941 0.147621 -0.020245 -0.077518 0.004689 -0.024661
  0.065502 0.032075 -0.110135 0.001341 -0.006039 -0.020435 -0.060096 0.002710 -0.094748 0.001216 0.174915 -0.000082 0.067865 -0.000483 -0.000973 0.036491 -0.001931 0.172194 0.180170 0.061252 0.145780 -0.004570 0.097753 0.003865 0.012016 0.137830 0.034508 -0.000996 0.001237 0.168191 -0.003181 0.106387 0.043830 -0.018974 0.133965 0.065385 -0.022354 0.007767 -0.008790 0.080414 -0.073283 -0.004645 0.168946 0.048641 0.040171 -0.004301 -0.001526 0.016411 0.026355 0.052858 -0.000062 0.059031 -0.123436 0.054207 -0.009616 -0.179106 0.181265 0.068855 -0.005146 0.029604 0.004189 0.093670 0.019158 0.005462 0.069683 0.136899 0.159539 -0.046153 -0.030662 -0.003039 -0.013116 0.003309 -0.005255 -0.076911 -0.002905 -0.031937 -0.003000 -0.002248 0.000059 -0.010255 0.000212 0.028416 -0.139824 -0.000405 0.108608 0.111217 0.117665 -0.100254 0.173659 0.060946 0.003509 -0.008643 0.005187 0.131384 0.007671 -0.066847 0.105141 0.183247 0.000912 0.049637
  0.051840 0.052962 0.084298 -0.000090 0.005434 -0.183781 -0.064313 0.001129 0.097144 0.000368 0.046827 0.004678 -0.195070 -0.000450 -0.005451 -0.106227 0.000369 0.051831 0.006113 -0.045459 -0.179120 -0.004907 -0.081143 -0.002738 0.049044 0.187195 -0.118194 0.004483 -0.001003 0.002901 -0.000213 -0.170138 0.055820 -0.089337 -0.022906 -0.101812 -0.073623 -0.201434 -0.006068 -0.016609 0.035447 0.001225 0.010901 -0.009755 -0.073300 0.004922 -0.000167 -0.094574 -0.150426 -0.097352 -0.007746 -0.026135 0.004406 -0.124869 0.003333 0.029987 -0.149065 -0.159669 -0.006093 -0.170813 -0.000186 -0.063191 0.118828 -0.028110 0.159777 -0.193083 -0.135808 -0.144652 -0.164867 -0.002109 -0.123645 -0.000285 0.000892 -0.109725 0.001586 -0.110999 -0.001281 0.000150 -0.008021 -0.007039 -0.023826 0.059316 0.110807 -0.007993 0.032792 -0.000042 -0.042269 0.033533 -0.130840 -0.099818 -0.000715 0.000033 0.000151 -0.045147 0.005093 0.032848 0.030615 0.007328 0.004708 -0.172662
  -0.117119 0.046372 0.170736 -0.000070 0.001962 -0.148142 -0.115973 0.001521 -0.056470 -0.000779 -0.111593 -0.001412 0.020028 -0.001165 0.000228 -0.167252 0.002347 -0.083648 -0.005837 0.085988 -0.128770 -0.003480 -0.008029 -0.000816 -0.134780 0.146913 0.032200 -0.004644 -0.001564 0.043994 0.001154 0.028051 -0.064096 -0.002758 -0.096099 -0.127338 0.044916 0.073808 -0.004568 -0.069158 0.106470 -0.000006 0.058456 0.030100 -0.117515 0.008183 0.001711 0.053968 -0.000019 0.051272 -0.006295 -0.086648 0.165374 -0.124199 -0.007822 0.123709 0.055006 -0.141890 0.005107 -0.001510 -0.000079 0.051815 0.028158 -0.110509 -0.025962 -0.044341 -0.030404 0.037431 0.020784 0.000388 0.037021 -0.004645 -0.004848 0.043403 -0.008126 -0.126838 0.001151 -0.002144 0.003425 -0.002412 -0.099991 -0.094725 0.073312 -0.011914 -0.045706 0.061670 0.080905 -0.112284 -0.063238 0.021880 0.005915 0.007400 -0.003405 0.013786 0.001908 -0.182643 -0.214762 -0.060512 -0.000396 -0.163610
  0.088094 -0.024357 -0.028540 -0.001823 -0.005051 0.016272 -0.037531 -0.000083 -0.073305 -0.000290 -0.044882 0.000937 0.108534 -0.006164 -0.000125 -0.063512 -0.000218 -0.026696 0.045141 0.007494 0.160434 -0.001179 0.063237 -0.001067 0.168295 0.118574 -0.019047 0.001390 -0.000854 0.137451 0.002755 -0.045587 0.098672 -0.019092 -0.019438 -0.006942 0.077139 -0.046480 -0.031084 0.093338 -0.110860 -0.006851 -0.111967 -0.000977 0.012132 -0.013828 0.006563 0.102258 0.007028 -0.015854 -0.000770 0.073561 -0.076668 -0.052495 0.002882 -0.101318 0.009849 0.142578 -0.006371 -0.011648 0.000835 -0.097989 0.062129 0.034999 0.070249 0.164646 0.159198 0.158847 0.035604 -0.003917 0.031465 0.001120 0.003558 -0.058750 0.003923 0.120060 0.007117 -0.000751 -0.002599 -0.006588 -0.053292 -0.021625 0.017452 -0.002470 0.153248 0.067509 -0.097207 -0.050081 -0.074623 -0.033280 -0.000935 -0.008014 -0.001756 -0.054026 0.004433 0.037612 0.002266 0.021296 0.005245 -0.065015
  0.019256 0.108280 0.117312 0.005359 -0.001200 0.001412 -0.103346 0.000342 -0.038741 -0.002838 0.042423 -0.000012 -0.120255 0.001390 0.000609 -0.051087 -0.000118 0.074157 0.016993 -0.022535 -0.038215 -0.004343 0.121911 0.000885 -0.110410 0.014958 0.122743 -0.006537 0.006565 0.142347 -0.007370 0.134124 -0.026226 0.121454 -0.019745 -0.003348 0.037869 0.085109 -0.024142 0.033633 -0.032667 -0.001649 -0.047195 0.005379 -0.101239 -0.006781 -0.003065 -0.119608 0.007619 0.141710 -0.006560 0.132477 0.117461 0.039214 0.000450 0.117247 -0.109730 0.014051 0.003028 0.018905 0.003045 -0.115883 0.129758 0.053534 -0.012376 -0.007654 0.031287 0.122282 0.006643 0.003151 -0.002999 -0.007188 -0.004604 -0.118881 -0.001743 -0.034693 0.001358 0.000737 -0.007996 -0.003759 -0.060852 0.014443 -0.010644 -0.015639 0.132625 0.100035 -0.070788 -0.013501 -0.031172 0.093557 -0.000056 -0.004111 0.001558 -0.018120 -0.018606 -0.008151 -0.006064 -0.033926 -0.003554 -0.003093
  -0.100894 0.066299 -0.063322 -0.004984 0.000609 0.105700 0.111915 -0.000310 -0.056806 0.001565 0.083636 -0.003056 0.154441 -0.005890 0.007208 0.136778 0.002536 0.150158 0.097452 -0.097439 0.010004 -0.007780 0.008822 0.001442 -0.002111 -0.041348 0.078310 0.003646 -0.008217 -0.004467 -0.005314 0.091978 -0.083613 0.069550 -0.002860 -0.053598 0.143653 -0.098355 -0.008109 -0.107054 -0.032644 -0.000405 -0.027692 -0.081501 -0.014265 -0.000376 0.002303 0.041752 0.060410 -0.028157 -0.002466 -0.053054 -0.043822 -0.038239 -0.000897 0.005355 0.175731 -0.062934 -0.006319 0.131016 0.000116 -0.035051 -0.060363 -0.106602 -0.047632 0.096514 -0.080570 -0.030476 0.083963 0.001676 0.024973 0.000847 -0.000535 -0.067660 -0.001089 0.057465 0.004808 -0.015561 0.000020 -0.002064 0.017754 -0.097017 -0.066212 -0.006332 0.050397 0.012236 -0.027013 -0.021381 0.009221 0.050364 0.005450 -0.000604 -0.000985 0.137052 -0.015040 0.042835 -0.053648 0.130784 -0.000031 0.095014
  0.092432 -0.100791 0.114761 0.002282 -0.001883 -0.083032 -0.137202 -0.000199 -0.018963 0.000021 -0.074550 0.003692 -0.042561 -0.001952 -0.000230 0.010756 -0.004205 -0.057662 -0.072293 0.033288 0.083528 -0.002609 0.081023 0.001399 -0.089873 0.141554 0.115266 -0.003897 -0.004243 -0.097602 -0.005491 0.087112 -0.000169 0.099589 0.085892 0.043892 0.076809 -0.111108 -0.006517 0.055994 -0.219040 -0.009519 0.116843 0.066031 -0.017698 -0.000222 0.002460 -0.043546 -0.111806 0.130408 -0.001577 -0.086133 -0.008490 0.100015 -0.008037 -0.059482 -0.040415 0.142582 -0.006999 0.045919 0.005135 -0.081086 0.144844 0.137870 0.093082 -0.059074 0.068362 0.078654 0.143090 -0.004668 0.092675 -0.003419 -0.002614 -0.006477 0.002439 0.005775 0.000148 0.007492 -0.000240 0.000406 -0.005612 -0.008554 -0.025012 -0.000051 0.029827 0.094563 -0.097414 -0.071113 0.018885 -0.015287 -0.003258 -0.000063 -0.008847 -0.045860 -0.000221 0.032264 0.133728 0.048476 -0.000795 0.116092
  0.097359 -0.038728 -0.142119 0.001136 0.000108 0.100082 0.084861 0.000463 0.166703 -0.000106 -0.077884 0.003024 -0.024960 0.002236 0.005006 0.092956 0.000311 0.006025 -0.002288 -0.010394 0.055804 0.006064 0.101008 -0.004158 0.022837 0.138794 0.039723 0.000144 0.001951 0.068737 -0.000963 0.128802 -0.073564 0.167432 -0.058043 -0.088237 0.120068 -0.031685 0.002034 0.103545 0.126709 0.006632 -0.072223 0.076758 -0.050677 -0.001173 0.003700 -0.019940 0.078209 0.020026 0.000544 0.179917 -0.052471 0.063416 0.002942 -0.007084 -0.065265 0.034403 -0.012672 -0.049689 0.003074 0.045599 0.152239 0.118701 0.059736 -0.109020 0.026277 -0.063653 0.141476 -0.004930 -0.024051 -0.000403 -0.001544 -0.056828 0.000075 -0.088154 -0.007130 -0.002196 0.001503 0.000065 -0.004935 0.060672 0.000436 0.002258 -0.077345 0.071520 0.156444 0.102889 -0.040237 -0.040659 0.001350 -0.004144 0.002532 0.087043 0.003191 -0.078146 0.073480 0.084173 0.002706 -0.134995
  -0.163446 -0.004636 -0.035623 0.000243 0.005061 -0.068205 0.079853 -0.006020 -0.103335 -0.009579 -0.048134 0.004551 -0.215643 0.000414 -0.000197 0.081926 -0.006227 -0.114653 -0.223996 0.024551 -0.097495 -0.000775 -0.079740 0.000462 -0.051565 -0.147877 -0.109119 0.007299 0.002978 0.067733 0.002917 -0.148085 -0.116897 -0.139064 -0.157810 -0.192887 0.036585 -0.046479 0.008044 0.096708 0.147617 -0.007995 -0.101441 0.052525 -0.068505 -0.005134 -0.001625 -0.109712 -0.098552 -0.055015 -0.000233 -0.045248 0.007958 -0.174414 -0.006129 -0.007367 -0.035782 0.051708 -0.015101 -0.179257 0.000124 -0.067229 0.030969 0.022171 0.012642 0.029377 -0.042369 -0.152017 0.039850 -0.006071 -0.186033 0.006759 0.005003 -0.178567 -0.000740 -0.165179 -0.000186 0.003073 0.004647 0.000663 -0.039674 -0.070693 -0.010343 0.006107 0.023958 0.024730 -0.140028 -0.076888 -0.230900 0.133587 -0.000720 -0.000979 -0.000454 0.024434 -0.019716 0.035827 0.157361 0.064301 -0.001199 -0.086073
  -0.005521 0.001746 -0.088999 0.000539 -0.000513 0.124478 -0.112590 0.000669 0.070334 0.001790 0.123616 0.001831 0.130424 -0.001578 -0.000094 -0.092179 -0.007860 -0.053272 -0.111484 -0.059707 -0.070643 -0.018965 0.121414 -0.010707 0.087611 -0.104032 0.127586 0.002968 0.000842 0.070937 -0.008804 0.158804 0.126257 0.109646 0.039847 -0.024226 0.112033 -0.053665 -0.008901 -0.118957 0.143849 -0.005942 -0.056948 0.032273 0.022805 -0.001630 -0.003444 -0.124464 0.089639 0.186666 0.002778 0.002855 0.161687 -0.013818 -0.000516 0.000609 -0.009125 0.095815 -0.001348 -0.040989 -0.002828 -0.113651 0.037109 -0.049695 -0.082778 0.057445 0.060255 0.099602 0.014168 0.004559 0.149686 0.002364 0.000688 -0.048057 0.006407 -0.052329 -0.002247 -0.007207 -0.008170 0.005935 0.007168 0.030677 0.074765 -0.002919 -0.120414 0.044778 0.080534 0.002283 0.073371 -0.077646 -0.006031 -0.004824 -0.001260 0.119409 0.008537 -0.021163 0.008711 0.089008 -0.003264 -0.076306
  0.178523 0.020071 0.114442 -0.001385 0.001067 -0.035129 -0.031098 -0.000212 -0.041322 -0.005045 -0.026959 -0.008621 0.112782 -0.000267 -0.006174 -0.034686 -0.010877 0.071325 -0.047470 0.037176 -0.095416 -0.004317 0.172581 0.001180 -0.074981 0.104635 0.055056 0.001695 0.000314 0.098368 0.006974 -0.034706 0.079978 0.028232 -0.068053 -0.082016 -0.145049 0.094056 -0.007681 0.045424 -0.174347 -0.000636 0.139454 0.001489 0.026660 0.001034 0.002299 0.052481 0.158021 0.017112 0.003904 -0.012751 -0.062868 -0.070022 0.002272 -0.116636 -0.014662 -0.039444 0.004118 0.152407 0.000000 0.085857 -0.038546 0.014862 0.073680 -0.068837 0.037692 0.008149 0.037208 -0.001058 0.057537 -0.009331 0.000049 -0.029907 -0.004989 -0.068843 0.001825 -0.007412 0.000592 0.001370 0.031320 0.046317 -0.057505 -0.008222 0.094253 0.033495 0.155665 0.143113 -0.043852 -0.112880 -0.000496 -0.002112 -0.009617 0.157557 -0.014358 0.171398 0.082212 0.132597 -0.004351 -0.047832
  0.053278 -0.070042 -0.062668 -0.001009 -0.005432 -0.034669 0.122107 -0.004746 -0.138407 0.000438 0.175587 -0.001840 -0.052015 0.000196 0.005083 0.129570 -0.000239 -0.007594 0.055613 -0.126718 0.096093 0.000313 0.183041 -0.003190 -0.091272 0.027699 0.122203 0.001932 -0.004382 -0.019170 -0.000224 0.008670 0.148444 0.031524 0.154278 0.062899 0.098456 0.008697 0.000201 -0.029606 -0.046735 -0.004316 0.017184 -0.017751 -0.020653 0.005177 -0.004886 0.133294 0.183665 -0.072674 0.001096 -0.016828 -0.129105 0.024134 0.005044 -0.167565 0.086924 0.040038 0.002077 -0.062483 0.000842 0.096862 0.019104 0.160521 0.065214 -0.092722 0.051181 0.039176 -0.005136 -0.001740 0.015898 -0.001736 0.005516 -0.070693 0.004661 0.054482 0.000705 -0.001292 -0.001393 -0.000825 0.006298 0.015918 0.075908 -0.004951 -0.068025 -0.074472 0.022000 -0.062005 0.081589 -0.137255 -0.001182 -0.009244 -0.002073 0.101079 -0.011557 0.176058 0.129532 0.033693 -0.008852 0.121609
  0.145842 0.066614 -0.078450 0.005973 -0.003351 0.079957 0.129614 -0.003322 -0.070317 -0.002299 0.144053 -0.002480 0.146220 -0.004773 0.001562 0.033316 0.001048 -0.062371 0.075213 -0.071120 0.030943 -0.002786 0.140705 -0.010028 -0.067462 -0.073238 -0.001725 -0.002277 -0.000253 0.121813 0.001278 0.043888 -0.099794 0.064298 -0.064644 0.098081 -0.063131 -0.008461 -0.007306 0.105323 -0.107675 -0.000022 -0.079817 0.067516 0.040371 -0.004634 -0.000312 0.139891 0.022892 0.037346 0.000194 0.075760 -0.057799 0.109579 -0.002389 -0.116540 0.102222 -0.020751 -0.016364 0.055202 0.004131 0.127481 0.151832 0.114787 -0.112481 -0.020239 0.110698 -0.012443 0.043704 0.000345 -0.016842 0.004046 0.000012 0.006634 0.006894 0.020369 -0.002574 -0.004293 0.004571 0.001963 -0.014989 0.075773 -0.066825 0.004110 0.130285 -0.075397 -0.085856 0.158268 0.121424 0.044797 0.003167 0.000041 0.000855 0.042657 -0.031548 0.083472 0.011599 0.075665 -0.000169 0.001290
  -0.043843 -0.133750 -0.109063 -0.002338 0.005788 -0.061336 -0.031649 0.000286 -0.009491 -0.005457 0.114854 0.002308 -0.040125 -0.002384 0.005902 0.143713 -0.000885 -0.082451 0.019507 -0.018231 -0.052048 -0.000656 0.059513 -0.002249 0.116475 0.085076 -0.010589 0.002851 -0.006547 0.133065 -0.004954 -0.079956 0.077433 0.025903 0.157502 -0.002203 -0.125003 0.035699 -0.009071 -0.014361 0.010664 0.001605 0.139574 0.162327 -0.018363 -0.000392 -0.001099 0.092538 0.027475 0.194168 0.001439 0.171456 0.101175 0.149817 0.002415 -0.089895 -0.032360 -0.003097 -0.024665 0.041142 -0.000262 0.043293 0.105834 0.150973 -0.182789 -0.007549 0.016969 0.009676 0.120679 0.000843 0.061527 0.003149 0.002359 -0.068005 0.001312 0.030439 -0.001241 -0.017319 -0.000124 -0.001713 -0.046340 0.088531 0.050975 -0.010231 -0.086675 0.130745 -0.098937 0.159705 0.065672 -0.091955 -0.005218 -0.009276 -0.003213 -0.057202 -0.006034 -0.056504 0.040723 0.086415 -0.002230 -0.110431
  -0.080498 -0.100943 0.032051 -0.001038 0.002298 0.034961 0.038690 0.000048 0.040027 -0.001441 -0.073811 0.000211 0.004212 -0.000239 0.000895 0.052178 -0.000643 0.066549 0.124396 0.048062 0.064005 0.000879 0.149406 -0.000856 0.032543 0.082518 0.073223 -0.006669 0.004200 -0.077134 0.001496 0.124114 0.182193 -0.082752 0.068506 0.038530 0.022169 -0.064401 -0.000596 0.023798 -0.106151 0.000328 0.078521 0.120851 -0.018038 -0.001498 0.006109 0.149547 -0.006232 -0.038273 -0.000273 0.022694 0.006012 0.073374 0.000667 0.052155 -0.059361 0.152841 -0.010817 0.182364 -0.003526 0.185573 -0.069835 -0.032455 -0.118093 0.093545 0.148664 0.032441 0.173920 0.000408 0.094944 0.002495 -0.001221 0.016787 0.004946 0.167229 0.005450 0.005160 -0.004649 0.003271 -0.053164 0.189676 -0.001915 -0.009190 0.064474 -0.007641 -0.063208 0.163178 0.137758 -0.134429 0.002081 0.000656 -0.000798 -0.014864 0.003649 0.113502 0.030180 0.076063 -0.006207 0.013680
  -0.060627 -0.032198 -0.000893 0.004058 -0.000987 -0.055961 0.062989 0.003339 0.013039 0.003329 0.031345 0.001814 -0.067615 -0.001536 -0.000526 0.025659 0.003554 0.127382 -0.075869 -0.092030 -0.017936 -0.012107 0.046384 0.004518 0.151877 0.067222 0.142356 -0.000005 -0.004088 0.028392 0.000034 0.094043 -0.057132 -0.005646 -0.009320 0.152126 0.006593 0.116698 -0.004460 -0.033291 0.036520 0.004163 0.009339 0.146642 -0.161572 -0.014128 0.004657 0.122211 0.162463 0.078033 0.005139 0.119479 0.095806 0.045987 -0.002240 0.150490 0.001261 0.029538 -0.009350 0.040704 -0.000642 -0.097545 0.117549 0.014391 0.041897 -0.081678 -0.118431 -0.036219 0.088560 -0.007248 0.157165 -0.003791 -0.002222 -0.057638 -0.009930 0.122337 0.004376 0.000521 -0.004373 -0.002372 -0.165687 0.155973 -0.047108 -0.009363 0.007246 -0.036061 0.010096 -0.097939 0.100495 -0.083170 0.001319 -0.006740 0.005804 -0.059828 -0.000314 0.116265 0.154368 0.024617 0.001381 -0.008097
  -0.043663 0.014360 -0.083656 0.006785 -0.007316 0.058193 0.068599 -0.000052 0.062402 -0.006072 0.056109 -0.002349 0.155423 0.001819 0.006895 -0.075724 0.000176 -0.053633 -0.098491 -0.073933 0.083061 -0.006552 0.038444 0.003677 0.087041 -0.036530 0.002994 -0.001983 -0.004497 0.070900 -0.001574 0.137660 0.105661 0.057420 0.012259 -0.047903 0.066472 0.018828 -0.018341 -0.060843 -0.099271 0.001843 -0.049898 0.040169 -0.009580 -0.002076 0.003983 0.137335 0.022341 -0.065537 -0.000794 0.066106 0.056168 0.075667 -0.009519 0.018314 -0.053073 0.103774 -0.015045 0.090369 -0.008017 0.006322 0.062432 -0.036085 0.079698 0.073321 0.061438 0.012637 0.025235 -0.000476 0.030261 0.000835 -0.000282 -0.062203 -0.003949 -0.104119 -0.001184 -0.003384 0.002227 -0.004386 0.087873 0.032778 0.127897 -0.002969 0.094666 -0.082671 -0.043272 -0.095914 0.090243 -0.058886 0.001364 -0.001638 0.002932 -0.066555 -0.018749 -0.018972 -0.016611 0.029759 0.001988 -0.093217
  -0.082774 0.115928 -0.148184 0.004685 0.006883 -0.152662 -0.094907 -0.001153 0.079017 0.000478 0.000892 0.002111 -0.155817 0.003366 0.001243 -0.030133 0.003454 0.019989 -0.131844 -0.012623 -0.039582 -0.017593 0.094545 -0.005781 0.017925 0.032980 -0.193819 0.005421 0.003415 -0.033455 -0.003260 -0.146058 -0.077935 -0.108975 -0.066018 0.095317 0.023862 0.057962 0.002484 -0.046494 0.141684 -0.000362 0.032047 -0.094783 -0.070184 0.001845 0.000354 0.066714 0.080931 -0.199573 -0.000315 -0.069866 0.069747 0.049635 -0.003095 0.059549 0.020368 -0.148061 -0.012812 -0.039162 0.005088 -0.078173 -0.068648 -0.074026 -0.079305 0.083682 -0.170758 0.028453 -0.062311 -0.001961 -0.164623 0.000531 0.000380 -0.100212 0.004402 -0.100134 -0.000205 -0.000028 -0.007818 0.005361 0.026282 -0.151486 0.011051 -0.006306 -0.043083 0.018309 -0.184760 -0.097574 0.036741 -0.136993 0.002992 -0.003998 0.003197 -0.086078 0.006054 -0.150057 -0.166548 -0.128148 -0.006185 -0.076684
  -0.035531 0.071447 0.100996 0.000947 0.000476 -0.065640 -0.043545 -0.000917 0.121117 -0.001910 -0.158794 0.000880 -0.109116 0.004577 0.003139 -0.170179 -0.003729 -0.041685 0.017147 -0.046996 0.021592 -0.006994 -0.074351 -0.008879 0.030627 -0.052994 0.065671 -0.001155 0.000261 0.066209 0.003213 -0.076330 -0.124635 0.021468 -0.057958 -0.126083 0.128091 -0.123081 -0.018955 -0.198472 0.091752 0.001028 -0.087148 -0.083284 -0.054017 0.001499 -0.004675 0.081186 -0.108446 0.096955 -0.004901 0.043076 -0.035439 -0.145930 0.003514 0.152587 -0.049307 0.020236 -0.000064 0.061609 -0.002053 -0.025517 0.058919 -0.072322 0.158433 -0.129557 -0.123237 -0.021274 -0.020193 -0.003949 -0.063794 0.005353 -0.001722 -0.002920 0.001395 -0.072513 0.004584 0.000645 -0.000412 0.000202 -0.011733 -0.000352 0.158913 -0.010726 -0.105889 -0.114452 -0.162401 -0.167328 0.068477 0.058726 0.000720 0.000551 0.003343 -0.047702 0.021131 -0.064014 0.042300 0.012243 -0.003153 0.009846
  -0.081593 -0.012963 0.076864 -0.001650 -0.007696 0.050065 -0.039356 0.003942 0.118477 -0.000739 -0.077930 0.001179 0.072812 -0.002684 0.003403 0.022205 0.000944 0.043537 -0.126237 0.140379 -0.020482 -0.018011 0.056157 -0.000398 -0.085244 0.066548 -0.187477 -0.001013 0.003423 -0.210539 -0.001447 -0.219017 -0.102727 -0.065218 -0.038731 0.056820 0.048867 -0.180659 0.006117 -0.015002 0.102146 0.001123 0.027569 -0.018852 -0.055987 0.000612 -0.005064 -0.118400 -0.095751 -0.185057 -0.008978 -0.167384 0.114052 0.028188 0.006463 0.011492 -0.026324 0.045297 -0.010326 -0.001337 0.002009 -0.179084 0.178036 0.038412 -0.082418 -0.228234 -0.181647 -0.130137 -0.098953 0.000282 -0.149597 0.004338 -0.000662 -0.254345 -0.002410 -0.077390 -0.000416 -0.003093 -0.003297 0.002670 0.036168 -0.103113 0.044958 -0.003355 -0.027636 -0.110318 0.057986 -0.061433 -0.120100 0.041906 0.006045 0.002559 -0.008390 -0.139296 0.003320 -0.147027 -0.081332 0.010502 0.001553 0.061720
  -0.028509 -0.004846 0.050444 -0.000703 0.001419 -0.085458 0.111693 0.000126 -0.002931 0.000564 0.068715 -0.004000 -0.110716 -0.000686 0.000298 0.132773 0.005226 0.034891 0.091825 -0.052621 0.096468 -0.008294 -0.029558 0.000460 -0.111562 0.051406 0.117986 -0.001021 -0.000666 0.125295 0.002256 -0.032445 -0.023014 0.082984 0.029360 -0.073122 -0.105716 0.138757 -0.001022 0.170361 -0.103481 0.004878 -0.027960 0.108510 -0.010908 -0.000405 -0.000420 -0.016798 0.122075 0.127871 -0.009386 0.053576 -0.055626 -0.004258 0.001819 -0.103688 0.142719 -0.061444 -0.003363 0.066029 -0.003408 -0.027900 0.034045 0.107200 -0.143428 0.043981 -0.109978 -0.060060 0.027356 -0.007744 0.124265 0.000894 0.004713 0.086212 0.005278 0.038255 0.000515 0.007355 0.001429 -0.008860 0.037428 0.133301 -0.042050 0.000148 0.070822 0.170767 -0.092690 0.077691 -0.046931 0.000436 0.000175 -0.002942 -0.003752 0.064946 -0.008796 -0.041345 0.140674 -0.027783 -0.000312 0.147427
  -0.141315 0.014911 0.075963 0.001743 0.004466 0.058454 0.019284 -0.003490 -0.070179 -0.000561 -0.163872 0.001287 -0.031080 -0.004982 0.002792 -0.127584 0.000950 -0.011181 -0.122580 0.046596 -0.181400 -0.006664 -0.020696 0.004915 -0.084924 0.019806 -0.029708 0.005232 -0.002801 -0.076637 0.002652 -0.023209 -0.169677 -0.043347 -0.146416 -0.060741 0.071736 0.009636 -0.005377 -0.129221 -0.009603 0.003657 -0.128765 -0.086593 -0.083379 -0.000227 -0.000314 -0.116917 -0.107177 0.042792 0.000221 -0.006015 0.189781 0.040174 -0.002642 0.194326 -0.215917 -0.097674 -0.001796 -0.136249 -0.001446 -0.122653 0.080043 -0.081897 0.131615 0.053636 -0.032413 -0.150501 0.063910 -0.002606 -0.171824 -0.007496 0.000267 -0.184999 -0.004901 -0.117715 -0.001362 0.000866 0.002834 0.001975 -0.032397 -0.141791 0.185799 -0.016031 0.040568 -0.148237 0.054801 -0.091974 -0.113137 0.048664 -0.000241 -0.001978 0.000142 0.004699 -0.030539 -0.222268 -0.078771 -0.159366 0.000961 -0.134533
  0.006361 -0.061323 -0.101025 -0.003557 -0.009190 -0.101523 0.149317 -0.004894 -0.016475 -0.008392 -0.083355 -0.000202 0.023000 0.005801 0.004739 0.098775 -0.002439 0.008318 -0.007451 0.120684 0.051003 -0.007767 -0.059127 -0.008536 0.146524 -0.017424 0.031051 -0.005712 0.002929 -0.113275 0.002994 -0.078648 0.130861 0.097376 -0.055735 0.043168 -0.075275 -0.040757 0.002028 0.010402 -0.039862 -0.005217 -0.018880 0.126694 -0.009851 0.003576 0.005981 -0.078277 -0.064798 0.131749 -0.001306 -0.108985 -0.080788 0.050374 0.001825 -0.109914 -0.084354 0.137030 0.000385 0.045346 0.001652 0.014019 0.055153 -0.010583 -0.090202 0.085843 -0.000726 0.173939 -0.012608 0.005066 0.161821 -0.003784 0.002258 0.005718 0.004158 0.026669 0.002039 -0.005662 -0.003932 -0.004113 -0.039025 0.098341 0.032290 -0.003867 -0.036181 0.016436 -0.105172 0.112007 0.156638 -0.033568 -0.012779 -0.002698 0.000718 0.059419 0.003315 -0.039548 0.098157 0.088102 -0.002240 0.039400
  -0.088110 -0.019645 0.003937 -0.000346 0.003011 0.037069 -0.077369 0.000358 -0.051043 -0.001263 -0.089942 -0.000902 -0.106129 -0.006506 -0.000374 -0.044976 0.004100 -0.026359 0.095088 0.013896 0.067306 -0.011772 0.128705 -0.000113 0.104560 -0.022944 -0.085662 0.000995 -0.010123 0.002985 -0.004340 0.047761 0.144793 0.015317 0.102615 0.015751 -0.004892 0.144079 0.006502 0.109055 -0.088282 -0.000101 -0.053111 -0.003103 -0.002433 0.000657 0.004498 -0.011295 -0.125552 0.119752 -0.004990 0.058408 -0.190127 -0.020084 0.006389 -0.125201 -0.004492 -0.044689 0.003264 0.116014 -0.003798 -0.099402 -0.024071 -0.024462 0.016422 -0.116814 -0.090523 0.071094 -0.062995 0.003283 -0.104531 -0.004397 0.005990 -0.005192 0.001059 -0.068613 0.000591 0.001583 -0.001710 0.002997 -0.044172 -0.022452 0.015937 0.000502 -0.078041 -0.012676 -0.028879 -0.017596 0.083816 -0.023063 0.005135 -0.001249 -0.000921 0.093364 -0.002180 0.029649 -0.098028 -0.006759 -0.003003 0.142520
  -0.035059 0.125958 0.045921 -0.001351 -0.000045 0.123011 0.126935 -0.005153 -0.027785 -0.002008 -0.101409 0.000352 0.129223 -0.001104 0.001959 0.062853 -0.002206 -0.079431 0.088999 0.108366 0.075401 -0.019208 -0.049902 -0.007771 0.048416 0.102250 -0.073808 0.002564 0.000026 0.079401 0.005846 -0.083864 0.136575 -0.087438 0.010796 0.138554 0.162940 0.027988 -0.003223 0.075603 0.085638 -0.006503 0.058013 0.008232 -0.003176 -0.002878 -0.000126 0.152619 0.046436 0.159652 -0.004831 0.088940 0.127752 0.076821 0.000103 0.013342 0.137680 0.107184 -0.027718 0.119811 -0.001141 -0.036846 0.114961 -0.009488 0.088662 -0.053216 -0.109509 0.041160 -0.087127 -0.000372 -0.029443 -0.001329 -0.004091 -0.040148 0.001794 -0.070657 0.000914 0.000435 0.000714 0.002596 -0.041758 -0.041606 0.109778 -0.008759 0.073045 0.058641 0.002266 -0.098586 0.110334 0.051766 -0.001883 0.004640 -0.001861 -0.024117 0.007956 0.111691 0.011247 -0.079796 -0.004207 0.043116
  0.016561 0.072822 0.030208 0.002829 -0.001280 0.135913 0.005417 -0.005015 -0.143630 -0.001437 0.168226 -0.003342 -0.034968 0.006306 -0.005415 0.139466 -0.005342 -0.081043 0.184439 -0.127631 0.065490 -0.010940 -0.074256 -0.008494 -0.055098 -0.083609 0.119737 -0.001974 -0.001876 0.031699 0.005021 0.167423 0.112628 0.155253 -0.005605 0.017026 0.000653 0.086593 -0.008126 0.021405 0.101217 0.002587 -0.021397 0.108312 -0.017094 -0.014172 -0.001379 0.024706 -0.085420 0.137496 -0.001729 0.070875 -0.130941 -0.046904 0.003918 -0.021321 0.176870 0.185913 -0.012704 -0.013736 0.003032 0.190909 0.009102 0.131025 0.038074 -0.000099 0.069602 0.153708 0.105109 -0.011036 0.007438 -0.005993 -0.001876 0.156154 -0.010159 -0.011178 -0.001817 -0.005460 -0.000199 -0.003844 -0.044620 -0.027074 -0.016108 -0.013504 0.172337 0.034047 -0.084280 0.113105 -0.016479 0.040262 -0.005021 0.000304 0.002005 0.173386 -0.010341 0.011359 0.018134 0.182130 0.004014 -0.083558
  -0.090496 0.023445 -0.013539 -0.001301 -0.005450 0.056974 0.139108 0.006740 -0.012713 0.000267 0.128975 -0.006070 0.084540 -0.000929 -0.002202 0.011749 -0.007375 0.072724 -0.044114 -0.001565 -0.089468 0.003238 0.036741 0.000150 0.042806 0.035348 -0.054433 0.001859 -0.006119 -0.086897 0.001320 -0.064828 -0.032947 0.011757 0.023930 0.097419 0.049744 0.067017 0.002521 -0.053076 -0.041647 -0.000779 -0.083944 0.145455 -0.001294 -0.005372 -0.009119 -0.109275 -0.023712 -0.093521 -0.000146 0.135365 0.104707 -0.050034 -0.001426 0.002907 0.129767 0.107862 0.003506 0.038906 0.000994 -0.083351 0.028220 -0.051154 -0.019283 0.057246 -0.034499 -0.104679 -0.120076 -0.009591 -0.108127 -0.009014 -0.001801 -0.053531 0.005614 -0.030369 -0.005200 -0.000086 0.003668 0.000971 -0.018087 0.047936 0.072990 0.002758 0.085692 0.115876 0.137114 0.034059 0.015347 0.059499 0.003051 -0.005884 0.006514 -0.066110 -0.000429 0.138180 -0.078523 0.025699 -0.006251 -0.044459
  -0.079655 -0.004311 -0.007002 0.007047 0.007163 -0.095075 0.073023 -0.007355 -0.150825 -0.007302 0.132403 0.005321 -0.056202 -0.004899 -0.001789 0.013216 -0.002568 -0.069053 0.080654 -0.061750 0.129636 -0.008053 0.005513 0.002426 0.101259 -0.027296 -0.020109 0.005559 -0.005213 -0.118427 -0.000603 0.095352 0.085753 0.137641 0.026257 -0.098428 0.026959 0.108161 -0.025456 -0.079081 -0.113791 0.000319 0.074977 0.055805 -0.018828 -0.015393 0.004891 0.098670 -0.035404 0.140589 -0.002759 0.121031 0.112894 0.091993 -0.000249 -0.084184 0.037123 -0.034946 -0.005353 0.092971 0.003818 -0.113790 0.122741 0.136762 0.098371 -0.102705 -0.093760 -0.122962 0.048790 0.000928 0.163823 -0.001092 -0.000926 0.050114 0.002380 0.127051 0.002957 -0.000912 0.000279 0.003642 0.001553 -0.055144 -0.059162 -0.024109 0.076187 -0.103196 -0.064672 -0.047816 0.019327 -0.011791 0.000727 -0.004728 -0.006108 0.011056 -0.006240 -0.036385 -0.109298 0.114738 0.000894 -0.091378
  -0.160773 0.149271 0.066818 -0.000638 0.001252 0.037521 0.051217 -0.000432 0.000899 -0.005751 0.101920 0.000431 -0.116217 0.005310 0.004129 0.070189 0.003387 0.104421 -0.142174 0.108559 0.055657 -0.011287 -0.146565 0.006491 -0.095165 0.128738 -0.203121 -0.011269 -0.000441 -0.108509 0.001061 -0.017596 -0.157058 -0.165671 -0.110343 -0.132292 0.090151 -0.097073 -0.012146 -0.054474 -0.086401 -0.005619 -0.120472 0.074094 0.053435 0.002845 -0.001509 -0.103853 -0.029341 0.015755 0.006679 -0.143345 -0.078643 0.022038 0.002751 0.121621 0.019801 0.099042 -0.001560 0.064322 0.006101 0.062431 -0.022423 -0.124100 0.038423 -0.064054 0.076674 -0.152142 -0.135450 0.001444 -0.176072 -0.002153 -0.000540 -0.032489 -0.005605 0.032075 -0.000215 0.003624 -0.000386 -0.002709 -0.053597 -0.171768 0.033734 -0.018830 -0.088921 -0.004707 -0.114963 -0.121441 0.008177 0.128436 -0.006909 -0.004713 0.005805 -0.179215 0.024204 -0.196314 0.032275 -0.099622 0.005049 -0.090987
  0.062287 -0.083187 -0.087843 0.002333 -0.000055 0.139437 -0.001104 0.003600 0.005118 0.006350 0.167891 -0.001825 0.140097 0.003540 -0.002144 0.073449 -0.008241 0.113919 -0.072737 -0.121761 -0.008991 -0.000566 0.133148 0.006247 0.001872 -0.085461 0.094185 -0.001877 -0.000701 -0.032597 -0.000238 -0.027976 0.090839 0.026051 0.126516 0.048058 -0.073223 0.117774 -0.005246 -0.079948 0.034217 -0.001579 0.049038 0.004277 0.041518 -0.010862 -0.000962 0.154398 0.136907 -0.081238 -0.002963 -0.020444 0.068154 0.102552 0.001368 -0.016370 0.124746 0.000875 -0.024594 0.045317 0.005294 0.109878 0.032811 0.062465 0.120922 -0.003850 -0.015147 0.152400 0.110775 -0.003810 0.010326 -0.001603 -0.003010 0.138531 -0.001504 0.112925 -0.002423 -0.005792 -0.008920 0.001919 0.023222 0.066973 -0.119887 -0.017902 -0.098662 -0.043339 0.062318 0.037965 0.049726 0.020044 -0.003092 -0.002911 -0.005864 0.114115 0.004556 -0.061377 -0.119301 0.123156 0.001443 0.050055
  -0.046980 0.004611 0.187376 0.002693 -0.002468 0.078730 0.054522 -0.002409 0.014741 -0.002469 -0.125100 0.001780 -0.098499 0.002553 0.005915 -0.113026 -0.000103 0.065620 0.037161 0.094869 -0.062180 -0.008556 -0.014332 0.005624 -0.069812 0.144897 -0.091224 0.006220 0.001042 -0.027546 0.000544 -0.084536 -0.084295 -0.142541 -0.173272 -0.064732 0.076263 -0.025045 -0.018539 0.072796 0.092409 0.005561 0.042132 -0.110111 -0.067335 0.000218 -0.008683 -0.165576 -0.131304 -0.080411 -0.000599 -0.032350 -0.026886 0.016358 0.000111 -0.024664 -0.177524 -0.138489 -0.004344 -0.137095 -0.001130 0.009748 0.052689 -0.063574 -0.015148 0.025391 0.065417 0.048656 -0.014299 -0.001228 -0.039566 0.003724 -0.005088 0.087349 0.000755 0.024224 -0.005116 -0.000205 -0.000056 -0.007071 -0.081280 0.080304 0.084059 -0.008448 -0.152710 0.040635 0.047885 0.016106 -0.027534 -0.018361 0.000284 -0.003314 0.005574 -0.003663 -0.009256 -0.041159 0.040091 -0.125186 -0.002412 0.049609
  -0.022597 0.091804 -0.087287 0.002175 -0.008157 -0.109204 0.139083 0.000170 -0.026808 -0.003718 0.063507 -0.000183 0.178281 0.006695 0.000684 0.025903 -0.001604 0.079129 -0.063172 -0.079301 -0.092144 -0.010122 -0.041407 -0.000483 0.109729 0.040315 -0.003922 -0.008859 -0.000008 -0.032395 0.000451 0.162826 -0.079272 -0.050584 0.039142 0.170368 0.048174 0.150714 -0.011347 0.158447 -0.124242 -0.008962 0.112617 0.145053 -0.046970 -0.009763 -0.008773 -0.080698 -0.041415 0.164134 0.000740 0.120440 0.070947 0.049142 0.002190 -0.035566 -0.005826 0.043721 -0.003610 0.133359 0.006028 0.010367 0.072045 -0.076589 0.048852 -0.003032 -0.086875 -0.004399 0.060809 -0.007141 0.158191 -0.012071 0.004429 0.088084 -0.002368 0.007270 0.001991 -0.005408 0.000985 -0.001298 0.004055 0.176523 -0.043994 -0.006173 -0.021028 0.103513 0.115622 -0.032321 -0.080703 -0.147468 -0.001299 -0.000405 0.006448 0.023131 -0.018217 0.148374 0.013342 0.065779 -0.007287 -0.017945
  0.150475 0.063751 -0.003115 0.000622 0.004752 -0.034003 0.024434 0.005888 -0.085709 0.001217 0.067111 0.000996 0.007499 -0.002020 0.001056 -0.051976 -0.003596 -0.064214 -0.087441 0.134738 0.005561 -0.001352 -0.061634 0.000292 -0.057579 0.118842 0.127688 -0.006085 0.004422 -0.058300 0.000391 0.163718 0.133392 0.179232 -0.002538 -0.078584 -0.028743 0.047780 -0.002080 -0.054737 0.091959 -0.002092 -0.024867 0.068111 -0.065744 0.001724 -0.004653 0.110104 -0.086142 -0.056139 0.000643 0.143629 -0.071640 -0.007937 -0.000351 -0.055063 0.131363 0.100542 -0.020791 0.033284 0.001775 -0.004701 0.061762 -0.091151 0.045904 -0.074557 0.136003 -0.006582 -0.015515 0.002454 -0.081703 -0.001126 -0.000650 -0.028750 0.003881 0.119960 -0.006954 0.001273 -0.000024 0.004609 -0.122624 0.065045 0.032375 -0.007303 0.026394 -0.059318 0.103534 0.009525 0.159484 -0.038278 0.000971 0.004651 0.000790 0.132773 0.000767 0.005748 0.067358 -0.057740 -0.000156 -0.062412
  0.109136 0.040925 -0.011630 -0.001488 0.006491 -0.090904 -0.100259 -0.003236 0.081297 0.005994 0.070827 0.004046 -0.054460 0.006584 -0.004911 -0.082497 -0.008518 0.051034 0.096882 -0.015071 0.165720 -0.003795 -0.083484 -0.000612 0.065526 0.102354 0.032496 0.001954 -0.002873 0.066511 0.006315 -0.083416 0.139770 0.039815 -0.017218 0.144535 0.030538 -0.013814 -0.016418 -0.053785 0.073093 0.000274 0.142449 -0.053225 -0.076690 -0.017179 -0.000167 0.171843 0.073810 0.001108 0.003937 0.103888 -0.105698 0.111647 -0.005578 -0.072485 -0.048611 0.018619 -0.007148 -0.036279 -0.004928 0.093152 0.153587 0.100678 -0.029981 -0.042075 -0.053245 -0.048409 0.046174 0.000920 0.087957 0.000642 -0.001262 -0.027912 0.001053 -0.000153 -0.003349 -0.005598 -0.001932 -0.007193 0.025464 0.120629 -0.100572 -0.025956 0.084660 -0.057576 -0.012010 -0.078302 -0.050597 0.070450 0.001618 -0.003729 -0.001670 -0.072133 -0.029696 0.153696 0.058544 0.059802 0.002029 0.118306
  0.125951 -0.102938 -0.071624 0.000825 -0.001521 0.171198 0.080351 0.005511 -0.054879 0.003512 -0.016091 0.006937 -0.040335 -0.000066 0.002759 0.021269 0.000440 0.171127 0.031347 0.009350 -0.093694 0.010401 0.102408 -0.001174 -0.099578 0.067221 -0.078299 -0.009889 0.000437 -0.052862 -0.004511 0.082183 -0.091559 -0.009644 -0.037649 0.066377 0.073497 0.114166 -0.010655 -0.085644 -0.140461 -0.001048 0.133075 -0.045695 -0.017965 -0.010250 0.000420 0.088823 0.091609 0.150427 -0.000387 -0.051584 -0.076266 0.100741 -0.000071 -0.003338 0.120522 0.072369 -0.000540 0.084165 0.002043 -0.024675 0.074780 0.148205 -0.044454 0.120712 0.126601 -0.082422 0.061151 -0.006604 0.179599 0.002461 -0.003669 -0.068131 0.000121 -0.004642 -0.007848 -0.000720 -0.000946 -0.006860 0.064683 0.171147 0.070228 -0.012100 -0.032883 -0.028459 -0.036180 0.112495 0.176688 0.043355 0.003887 0.000783 -0.001242 0.019709 -0.017927 -0.093985 0.070730 0.030509 -0.000055 0.035519
  -0.033816 0.011112 -0.018146 -0.000878 0.002575 0.015824 0.056397 0.004141 0.139373 0.004214 -0.039540 -0.008598 -0.010588 -0.002389 0.005157 0.083808 -0.006928 -0.074696 -0.043366 0.027037 0.094816 0.001836 0.193215 -0.004335 -0.023070 -0.007279 0.013004 0.004879 0.000166 0.100585 -0.000337 -0.103437 -0.090317 0.045328 0.114463 -0.037177 0.068091 0.132549 -0.005042 0.086587 -0.033602 0.000806 0.060718 0.162907 -0.001526 -0.000662 -0.004729 -0.051469 0.111058 0.151097 -0.001222 -0.043913 -0.057372 0.043193 -0.005110 -0.100263 0.143175 -0.112140 -0.010873 0.147749 -0.002938 0.070455 0.085137 0.074047 -0.021052 -0.012861 0.161708 0.109101 -0.018361 -0.006404 -0.083756 -0.011125 0.000367 -0.094862 -0.002257 0.108404 -0.001243 0.001287 0.001926 -0.003333 0.044211 0.124690 -0.006934 -0.018615 0.051865 0.150058 0.083888 -0.065126 0.097417 -0.024690 0.000272 0.001874 -0.000222 0.120764 0.005128 0.066959 -0.095245 0.135403 0.004834 -0.093905
  0.027207 -0.041526 0.048120 0.001640 -0.005795 0.135310 -0.060204 0.002362 0.003878 -0.001984 -0.042400 -0.004731 0.081209 0.000062 -0.003453 -0.059856 -0.009984 0.098138 0.082676 -0.129717 0.046726 -0.013561 0.152206 0.004362 0.084131 0.156541 0.117021 0.000867 0.000104 -0.023009 -0.003735 -0.019134 0.067447 -0.068791 -0.041137 0.035154 -0.079222 0.049236 0.003371 0.094671 0.041010 0.000147 -0.038377 -0.055118 0.067618 -0.007260 -0.006394 0.098146 -0.037660 -0.009854 -0.009607 -0.066840 -0.069690 -0.090544 0.000509 0.068195 0.005289 0.135584 -0.019785 -0.017007 -0.005616 0.068666 -0.023622 0.065076 0.067164 0.041541 0.073470 0.151909 -0.037723 -0.004117 0.091326 0.000252 -0.002572 -0.018257 -0.000772 -0.003483 -0.002576 0.000372 0.002049 -0.000448 0.036091 0.149034 -0.102894 -0.016927 0.044189 0.117589 -0.097146 0.167257 0.011288 -0.036438 -0.003404 -0.004430 0.002254 0.152536 -0.000854 0.164306 0.081813 0.024212 0.000769 -0.007013
  0.048651 -0.129600 0.062743 -0.006680 0.002578 0.125188 -0.044576 -0.002045 -0.006710 0.000208 -0.022782 0.000287 -0.015451 -0.007885 -0.005962 -0.071497 0.000023 0.161077 0.025839 -0.027173 -0.068226 -0.003323 -0.058291 0.000294 0.154085 -0.065746 0.119232 -0.010619 -0.001425 -0.077110 -0.001586 -0.060320 -0.001978 0.014944 -0.011350 0.083391 0.063945 0.014927 -0.018747 -0.032611 0.090707 0.000036 0.019204 -0.067034 0.010615 -0.005854 0.005542 0.143485 -0.078727 0.039059 -0.003900 0.020730 0.067981 0.048398 -0.004107 -0.139624 0.131409 0.064754 -0.005038 -0.035583 -0.002117 0.169590 -0.030851 0.012249 -0.038913 0.115996 -0.000402 -0.050936 0.055231 0.000563 0.099708 0.004010 -0.000642 -0.088499 0.005139 0.025539 0.000701 -0.004707 0.000062 -0.004206 0.032072 0.125385 0.037066 -0.004106 -0.068692 -0.081763 -0.004634 -0.023618 0.165403 0.061850 -0.000025 0.000066 -0.004998 0.168196 -0.004560 -0.070550 0.032076 0.146906 0.003817 -0.117486
  0.146352 0.024527 -0.032513 0.002962 0.003212 0.046565 0.037318 0.002572 0.121280 0.003666 0.023835 0.006627 0.172083 -0.003549 0.003807 0.037461 -0.000538 0.050095 -0.080993 0.034710 0.123097 -0.002195 0.014866 0.004684 0.001327 0.003861 0.024604 -0.000149 0.000670 0.105028 -0.000565 0.109421 0.029392 -0.028072 0.101148 0.088001 0.052632 -0.095402 -0.019598 -0.054959 0.030313 0.000717 -0.138802 0.085855 -0.122919 -0.002118 -0.000050 -0.058398 0.141637 -0.065137 -0.000547 0.128634 0.123110 -0.027387 -0.002628 0.131502 0.173308 0.127350 -0.005746 0.172064 -0.009463 -0.105907 0.176654 -0.065219 -0.061962 -0.054266 0.014675 0.093090 0.051637 -0.003048 0.038610 0.004375 0.002482 -0.030354 0.006215 0.080719 -0.004585 -0.009266 -0.003855 0.001339 -0.060355 0.033390 -0.002662 -0.003327 -0.016616 0.130683 0.156300 -0.118268 0.026960 -0.177008 0.004452 -0.000075 -0.007311 -0.078307 -0.007172 0.146789 0.048618 0.161465 -0.001381 -0.124679
  0.189640 -0.119721 0.090533 -0.001066 -0.010311 0.109035 0.190019 0.005847 -0.086412 -0.004907 0.081047 0.000630 0.135656 -0.004401 0.006494 0.099536 0.003193 0.068010 0.045717 0.091903 0.080329 0.006010 0.201927 0.000854 0.064450 -0.099861 -0.065166 -0.006041 -0.004635 -0.011043 -0.002341 0.017434 0.035628 -0.053686 -0.059422 0.111978 0.009800 0.044512 -0.005531 0.132525 -0.092555 0.000470 0.148112 0.148220 0.006182 -0.000634 -0.004490 0.074013 0.201794 0.065170 0.004688 0.041281 0.095608 0.089073 -0.015455 -0.052345 0.012690 -0.078080 -0.000045 0.006425 0.002152 0.001039 -0.112084 0.189925 -0.096591 0.082475 0.103175 0.077795 0.177357 -0.000767 0.028995 0.003687 -0.002537 0.064725 0.004729 0.095744 0.003204 -0.004988 0.003440 0.005298 -0.023212 -0.026960 -0.076827 -0.006132 -0.015606 -0.084374 0.014579 0.187180 0.115684 -0.031256 -0.005970 -0.001289 -0.005001 -0.058716 0.006712 0.195361 -0.056245 -0.063654 -0.002164 0.023619
  -0.047264 -0.059463 -0.145411 0.001960 0.001173 0.074874 -0.001966 0.004016 0.082308 -0.005123 -0.051094 -0.000091 -0.075796 -0.000663 0.000366 0.043097 -0.004660 0.045401 0.162384 -0.134674 0.078193 -0.018169 -0.090281 -0.000030 -0.073817 -0.122390 -0.054335 0.001279 0.001168 -0.047737 0.000824 -0.051585 0.067301 0.008647 0.072307 0.167532 0.111151 -0.104791 0.003285 -0.093198 0.033755 -0.002996 -0.004935 -0.088783 -0.045119 -0.000642 0.005623 0.071668 0.092181 0.114537 -0.003070 -0.092262 -0.184848 -0.006473 -0.007378 -0.164514 -0.046106 -0.076342 0.006626 -0.062470 -0.000136 0.056854 -0.026840 -0.084628 -0.136396 -0.098380 0.012478 -0.046358 0.052617 0.001592 0.052719 -0.001755 -0.000539 0.137864 -0.003858 0.106658 0.002228 -0.005182 -0.001677 -0.000478 -0.118915 -0.093406 -0.195742 -0.021444 0.031110 0.127980 -0.046302 0.155386 0.152067 0.089365 0.002342 -0.001253 -0.007429 0.061111 -0.008789 0.138579 0.167814 0.047158 -0.001808 -0.075301
  -0.112122 0.006712 -0.122815 0.002622 -0.000197 0.148750 0.061522 0.003362 -0.153836 0.003127 0.078121 -0.004796 -0.043823 0.005163 -0.005247 0.013549 -0.005828 0.073005 0.130757 -0.049461 0.006648 0.000468 0.116339 0.004228 0.012385 -0.048486 0.025105 0.000435 -0.006639 -0.035556 -0.008477 0.010110 0.119205 -0.111231 0.101644 0.158134 -0.110112 0.116254 0.007457 0.156033 -0.090069 -0.007008 -0.103723 0.081627 0.026861 -0.001478 -0.001579 -0.065463 0.060338 0.027124 0.001375 0.019639 -0.045344 -0.016773 -0.007778 -0.082571 -0.078514 -0.022787 -0.030903 -0.053083 0.001448 -0.003917 0.035784 0.082780 0.003432 0.146180 -0.095608 0.113317 0.156258 0.003088 -0.054479 -0.002173 -0.002659 0.055047 0.001128 -0.034764 0.000112 -0.004348 -0.001315 0.003423 0.053162 -0.077322 0.031827 -0.015904 0.046369 0.152739 0.134688 0.001170 -0.042009 -0.089821 -0.001959 -0.005525 0.000021 -0.107408 -0.005796 -0.045362 0.150242 0.102714 -0.001811 -0.094381
  0.016152 -0.054068 -0.019656 0.003347 0.000498 0.052391 0.025130 0.004883 0.136816 -0.000203 -0.017586 -0.000495 -0.069289 0.000641 0.000000 -0.081948 -0.007641 0.007009 0.116138 0.014734 0.064715 -0.006638 0.040643 -0.000678 0.056465 -0.094305 0.006484 -0.004823 -0.002038 0.146367 -0.004489 -0.040102 0.016138 0.108652 -0.021570 0.092122 0.101465 -0.048689 -0.008919 -0.041883 0.095036 -0.008626 -0.099707 0.068322 0.023819 -0.002861 0.000088 -0.073349 0.012778 0.006404 0.004078 -0.051545 0.130096 0.059235 -0.010558 0.046686 -0.107073 0.153181 0.000277 -0.044278 -0.003276 -0.015727 -0.037042 -0.020149 -0.054923 0.043918 -0.074061 0.110270 0.086580 -0.002589 0.109208 -0.004867 -0.005592 0.031432 -0.000868 0.013655 0.003834 0.001931 0.000611 0.001858 -0.061797 -0.075335 0.067998 -0.009104 -0.005696 -0.038759 0.041911 -0.075374 0.037214 -0.090131 -0.008904 -0.001703 -0.003633 0.116734 -0.023224 -0.074464 -0.011193 0.004746 -0.009052 -0.140841
  0.155161 0.072118 -0.003129 -0.000267 -0.002698 -0.020185 0.057886 0.004048 -0.082650 0.002757 -0.087050 -0.003834 -0.082440 -0.005379 0.004175 0.008566 -0.013311 0.148394 0.132578 0.075172 0.141791 -0.016532 0.132023 0.001173 0.128674 0.125303 -0.004732 0.002072 -0.003174 -0.026654 -0.006657 0.143597 -0.040449 0.040020 0.002979 0.164423 -0.015871 0.122120 -0.004341 -0.003718 -0.015808 0.001826 0.077371 0.083074 -0.108647 0.001114 -0.001018 0.042250 0.131537 -0.072993 0.002003 0.058190 0.146369 -0.052275 -0.001408 0.111315 -0.097701 -0.096561 0.006075 -0.025126 0.005345 -0.048040 -0.000471 0.087609 0.058093 0.029563 0.044083 0.121909 -0.049051 -0.002678 -0.060338 0.000302 -0.001679 -0.023081 -0.000797 -0.115161 -0.006138 0.000264 -0.001239 0.003806 -0.065227 -0.092855 0.061287 -0.020401 0.111529 0.148736 0.030171 0.068083 -0.052924 -0.015231 0.002841 -0.002732 -0.003002 0.008651 0.006519 0.003742 0.139583 -0.098520 -0.001669 0.071656
  -0.090477 0.118127 -0.030780 -0.006756 -0.005359 0.109183 0.003117 0.002325 -0.010239 0.000298 -0.015723 0.005565 0.030697 0.001482 -0.004930 0.010337 -0.002049 0.108149 -0.087421 -0.006029 -0.037636 -0.003814 -0.146582 0.004013 0.002424 0.126643 0.076520 -0.001358 -0.000067 -0.130662 0.004573 -0.039489 -0.043596 -0.020413 -0.033999 -0.086120 0.047619 0.069720 0.003081 -0.035167 0.064870 0.004228 -0.140416 0.099395 -0.029877 0.001025 0.000385 0.001476 0.091327 -0.125528 -0.001973 -0.007334 0.191257 -0.118429 0.001947 0.053743 -0.130040 0.061767 -0.020951 -0.047146 -0.009018 -0.056324 0.109585 0.023809 0.026637 -0.017498 -0.119361 -0.025864 0.138915 0.003389 -0.097905 -0.009218 0.004501 0.005252 -0.000528 0.076651 -0.001065 -0.000568 0.006466 0.000958 -0.095133 -0.142585 -0.014515 -0.004184 -0.068278 -0.146341 0.109032 -0.105192 -0.156641 -0.038346 -0.003076 -0.000341 0.004541 0.091421 -0.002022 -0.015859 0.038848 -0.092569 -0.009478 0.114577
  -0.081155 -0.136174 -0.024737 -0.000031 -0.010033 -0.097361 -0.027321 0.001052 -0.185703 -0.000979 0.035019 0.004198 -0.038358 -0.005455 -0.000177 0.072351 -0.009235 -0.020156 -0.128704 -0.125539 -0.003116 -0.007756 0.099943 0.000229 -0.010674 -0.025874 0.009913 -0.008380 0.004235 0.142256 -0.004504 -0.102471 -0.099108 0.069539 0.045130 0.101568 0.057887 -0.005775 -0.000202 0.073396 -0.116529 -0.000593 0.067649 0.035625 0.032548 -0.002017 0.001466 0.046323 0.010878 0.059434 -0.000650 -0.063566 -0.149626 0.025412 -0.000395 0.070230 -0.024216 -0.022709 -0.012998 -0.111860 0.002004 -0.064800 0.030691 0.074021 -0.081966 0.128140 -0.003281 -0.058275 0.120892 0.003351 -0.090208 -0.015204 -0.004034 -0.056123 0.006260 0.018713 -0.001081 0.004547 -0.000064 -0.002159 0.065131 0.105882 -0.025589 -0.005523 0.087629 -0.069012 0.026746 0.146622 -0.059470 0.002414 -0.001164 -0.007819 0.002094 -0.088334 -0.000216 -0.113810 0.151765 -0.054440 -0.003500 -0.102744
  0.164305 0.048256 0.057087 -0.000098 -0.000556 -0.071606 0.055235 -0.003369 0.161394 0.002247 0.011171 -0.005179 0.138969 -0.005805 -0.003872 -0.036927 0.001349 0.117824 0.004290 -0.159081 0.026824 0.009267 -0.015384 -0.004016 0.167323 0.165805 0.197712 0.001985 -0.004526 -0.041532 -0.001867 -0.011265 0.168190 0.124289 0.124116 -0.040564 0.117277 0.145639 -0.018729 0.142936 -0.127613 -0.008068 0.059473 0.078697 -0.051385 -0.004388 0.006987 0.091619 0.119511 -0.037054 -0.007722 -0.008565 -0.117731 -0.018283 -0.008818 -0.031783 0.019156 0.128869 -0.021260 0.051216 -0.010257 0.044493 -0.126675 0.172263 0.040015 0.038277 -0.053540 0.070508 0.114228 -0.005680 0.067546 0.002502 0.001890 0.127419 0.003274 0.167600 -0.000776 -0.004060 0.002726 0.001084 0.101474 -0.081563 -0.093762 -0.021165 -0.016413 -0.039263 0.109218 -0.077708 0.118743 0.027215 -0.003229 -0.002712 0.000485 0.116832 0.000790 0.142818 0.156251 0.073518 0.004134 0.110015
  0.123884 -0.085584 0.142128 -0.000101 0.002190 -0.100072 -0.027327 -0.002732 -0.084462 -0.005486 0.075481 -0.005795 -0.055007 -0.002631 0.000417 -0.054466 -0.001320 0.001025 0.027044 -0.072715 -0.086902 -0.007534 0.109396 -0.001347 0.033467 -0.064385 -0.001376 -0.007275 -0.008659 -0.003812 -0.001199 -0.092833 0.056519 0.119492 -0.032045 0.038918 0.137952 0.085120 -0.004792 0.045300 -0.091467 -0.000297 -0.065343 -0.104167 -0.033840 -0.015092 0.001229 -0.011834 0.010660 -0.061954 -0.005210 0.021073 0.193408 -0.115171 -0.005264 0.125588 -0.123694 0.105610 -0.007088 -0.027480 -0.002171 -0.054960 -0.037537 0.101279 0.091500 0.039702 0.083478 -0.049607 0.035502 -0.000138 0.084554 -0.004477 0.000741 0.105885 -0.001043 -0.122900 0.000060 -0.006656 0.000854 0.005212 0.020246 -0.007982 0.056649 -0.019908 -0.068516 0.108793 0.047105 -0.124271 -0.095684 0.035316 0.000895 0.003331 -0.002232 0.135310 -0.007043 0.046645 0.007315 -0.101600 0.006121 -0.108395
  -0.010114 0.118685 0.039211 0.002815 -0.000201 0.005835 0.172863 -0.008379 0.031265 -0.003791 0.165655 -0.005607 0.004255 0.004154 -0.000101 0.124762 0.002534 0.112003 0.141747 -0.038518 -0.048169 -0.013437 -0.105866 -0.006115 0.044354 -0.125865 -0.119824 -0.008316 0.002825 0.066759 -0.000732 0.154877 -0.078806 0.214656 0.039344 -0.080420 0.034688 0.088951 -0.006095 0.174578 -0.023927 -0.002975 -0.003215 -0.016419 -0.035809 0.003348 -0.007322 0.024270 0.000541 0.164909 0.006356 0.070530 0.103208 0.063142 0.005068 0.155977 -0.151947 0.025967 -0.001037 -0.066065 -0.003224 0.020291 0.182606 -0.040429 0.081827 0.148877 0.101894 0.164480 0.128245 -0.000117 -0.032675 -0.000330 0.001856 0.149511 0.002083 -0.021652 0.000462 -0.001906 -0.009712 -0.004377 -0.168800 0.076862 0.112231 -0.005268 0.142228 0.032218 -0.121314 -0.007868 -0.102125 -0.116248 -0.007623 0.000425 -0.004239 -0.005799 0.011049 0.028818 0.203743 0.035125 -0.001158 0.156037
  -0.210076 -0.070934 -0.000007 -0.000048 0.002516 0.025582 -0.107501 0.000436 0.007433 0.006501 0.032302 0.005004 -0.198675 0.002179 -0.001522 -0.174043 0.005075 -0.222615 -0.011353 -0.046939 0.002139 -0.008624 -0.153127 -0.004181 -0.080446 -0.055338 -0.096410 -0.005638 -0.007757 -0.207572 -0.000357 -0.000308 0.017890 -0.144891 -0.110985 -0.043082 -0.073850 -0.161451 0.001066 -0.151117 -0.063056 -0.004932 0.019939 -0.178334 -0.019225 -0.005243 -0.006659 -0.180367 0.001433 -0.236912 0.000655 -0.154995 0.071758 -0.085935 -0.008816 0.166666 -0.105316 0.007568 -0.015077 0.021734 0.001628 0.010043 0.068640 -0.078161 0.130141 0.054794 0.020947 -0.149348 -0.011384 -0.004075 -0.105638 -0.005520 -0.000808 0.003905 -0.005564 -0.079520 0.000423 -0.006156 -0.002869 0.000103 -0.068029 -0.025890 0.231771 -0.014286 -0.206726 -0.069866 -0.053752 -0.138549 -0.270589 0.089756 0.005675 -0.000515 -0.000722 0.016753 -0.000517 -0.058794 -0.002306 0.023165 0.000999 0.066707
  0.072529 0.086601 -0.081742 -0.001790 0.002387 -0.034769 0.035222 -0.003273 0.094153 -0.006914 0.126577 0.000359 -0.060708 0.000019 -0.001354 -0.022559 -0.005779 -0.104478 0.159058 -0.116868 0.065691 -0.012304 0.069131 -0.001491 0.072503 0.099997 0.081992 -0.008141 0.000664 -0.039763 -0.009162 -0.003703 0.000832 0.024389 0.083707 -0.017903 -0.028081 -0.093593 -0.006860 0.012528 -0.032843 0.001242 -0.024751 0.006466 -0.036309 -0.002055 0.000965 -0.039160 -0.060350 -0.084352 0.000487 0.135258 0.011717 -0.064788 0.001395 0.093877 0.134722 0.045240 -0.003111 -0.113412 -0.007235 -0.080232 0.092379 -0.099298 -0.000308 0.010045 -0.025497 0.126588 -0.073132 -0.003936 0.105187 -0.009194 0.000964 0.109572 0.004244 0.119952 -0.001691 -0.005224 -0.007918 -0.002945 -0.092826 -0.021808 0.118848 -0.015971 0.044399 -0.005285 0.007946 0.150467 -0.040551 0.042488 -0.001665 -0.004612 -0.000379 0.108269 -0.018211 -0.085903 -0.092351 0.093189 0.001233 0.028871
  0.014389 0.105218 0.043210 0.002936 0.002641 0.062544 0.009989 0.003554 0.134055 -0.009286 -0.083126 0.006018 -0.038594 0.003918 -0.000530 -0.061307 -0.012134 -0.076304 -0.059648 -0.013223 0.078366 0.006254 0.009004 -0.000208 0.026718 0.040894 0.019561 -0.012979 -0.010233 -0.089180 -0.006531 0.079203 -0.061567 0.129106 0.131807 0.168594 0.117181 -0.052386 -0.007736 -0.074317 0.083301 0.003946 0.071743 0.004133 0.041657 -0.013719 -0.007971 0.091625 0.018169 0.158027 -0.007158 0.126611 0.015373 0.117233 0.002861 0.090454 -0.029206 0.148150 -0.018930 -0.097985 -0.000872 0.119429 -0.004929 0.125008 0.055709 -0.062142 0.152504 -0.102172 0.123631 -0.004526 0.022865 -0.001585 -0.002668 -0.031177 -0.004991 -0.072098 -0.002454 -0.006775 0.002534 0.000073 0.071217 0.064982 0.062003 -0.003549 0.005849 0.077091 -0.098994 0.123956 0.086574 -0.071528 0.000830 -0.009191 -0.003886 -0.107991 0.008996 0.100550 0.077679 -0.118968 -0.000343 0.065988
  -0.054939 0.074257 -0.097493 -0.003730 -0.000532 0.072006 -0.070597 -0.004599 -0.066974 -0.001810 -0.036179 -0.000958 0.060736 -0.000529 0.001981 0.124947 -0.005249 -0.098898 0.152717 -0.127864 -0.070654 -0.015283 0.054287 0.000085 0.164849 0.129696 -0.000963 -0.003273 -0.002324 -0.067158 -0.005531 -0.075209 -0.079406 -0.040317 -0.036901 0.162340 0.006518 0.153579 -0.009288 0.015839 -0.023235 -0.004943 -0.075735 0.156115 0.035913 -0.015255 -0.005264 0.007073 -0.056932 0.011325 -0.005965 0.013585 -0.028598 -0.022508 -0.012091 -0.037334 0.153456 -0.018872 0.004897 0.112097 0.005777 0.105424 0.066123 0.156374 -0.117340 0.031871 0.156026 0.112664 0.156597 0.002493 0.144730 0.000899 0.001801 0.026777 0.004461 0.124353 0.002902 -0.003903 -0.002103 -0.009377 0.068031 0.043547 -0.010852 -0.019311 0.117711 0.125891 0.122382 0.072815 -0.019138 -0.053153 -0.009890 0.003199 -0.007157 0.066768 0.000700 0.038663 0.133103 -0.085561 0.001982 -0.097844
  -0.072557 0.034261 -0.043178 0.002142 -0.000161 -0.080256 -0.074461 0.000377 0.094207 -0.000723 0.076520 0.002583 0.062528 -0.003532 0.000542 0.100601 0.001579 0.087910 0.185572 -0.144641 0.181297 -0.002110 0.082197 -0.007271 0.015183 0.073410 0.108053 -0.008423 -0.000001 -0.060838 0.007162 0.165814 -0.078905 0.165050 0.159122 0.005107 0.016251 0.026099 -0.002589 0.015869 -0.024186 -0.001025 -0.043275 0.151330 -0.065912 -0.001494 0.004285 0.054733 0.050509 0.188299 0.003874 -0.049747 -0.002679 0.167289 -0.003151 -0.070497 -0.055122 -0.053524 -0.002369 0.106890 0.006037 0.117278 -0.058250 -0.060557 0.116635 0.023413 -0.021015 0.174450 0.081508 -0.003958 0.166550 0.006814 -0.004098 0.154684 -0.001396 0.068406 0.004127 0.005578 -0.002806 -0.004084 -0.098169 0.048769 -0.000609 -0.008491 -0.071933 0.036498 -0.078823 0.150151 -0.035943 -0.079410 0.003696 0.001645 -0.003807 -0.069039 -0.002103 0.026115 0.131921 0.041775 -0.001757 0.036113
  0.071161 0.132968 -0.077135 0.000025 -0.008508 -0.009271 0.109585 -0.001581 0.150501 0.000583 0.146270 0.001961 -0.113276 -0.003301 -0.000498 -0.073169 -0.000193 -0.008438 0.125207 -0.012357 0.080518 0.004343 0.109403 -0.003944 -0.002487 -0.009540 -0.021964 -0.001847 0.002837 -0.010238 -0.000101 0.135908 -0.123339 0.008438 0.083458 -0.090751 0.041760 -0.075095 0.005245 -0.055890 -0.022152 0.000315 -0.115679 -0.058772 -0.040233 -0.001047 0.000095 0.027601 0.041008 0.043596 -0.002427 -0.104523 0.107620 0.097834 -0.003585 -0.015664 0.009945 0.009820 0.001105 -0.132444 0.001368 -0.125301 0.035667 0.118575 0.002387 -0.077100 0.138707 0.110358 0.073156 -0.000761 -0.083099 0.006352 0.000126 0.095877 -0.002289 -0.049044 0.005667 -0.001161 -0.005340 -0.003738 -0.002370 -0.130074 0.037206 -0.009830 0.078715 -0.038525 0.142653 -0.089813 0.024316 -0.104984 0.001407 0.005894 0.002675 0.014109 0.002614 0.105366 0.105092 0.138631 -0.001286 0.142387
  -0.071458 -0.010048 -0.010270 -0.001459 0.002169 0.127214 0.102767 0.000751 0.008512 0.001013 -0.000697 0.003161 0.088818 0.001233 0.000141 0.133434 -0.004084 -0.010229 0.116313 -0.000888 0.133665 -0.009368 -0.007400 0.004351 0.012515 0.044327 -0.006015 -0.002504 0.000629 -0.082836 0.003837 0.102577 -0.064060 0.098460 0.055594 -0.064045 -0.032931 0.014710 -0.001719 0.087769 0.050902 0.002268 0.076597 0.058129 -0.054301 -0.002533 0.004414 0.056593 0.116400 0.041335 -0.004161 0.041464 -0.027117 0.084278 -0.001060 0.131529 0.076278 0.077011 -0.019088 0.166950 0.002488 0.114237 -0.002229 0.050728 -0.095742 0.035352 -0.067870 0.043051 0.082724 -0.001428 0.039157 0.003950 -0.003690 0.113576 -0.006019 -0.084382 -0.003880 0.001910 -0.001097 0.004071 -0.061858 -0.100076 0.105930 -0.011459 0.111546 -0.068617 -0.018896 0.097662 0.148518 -0.028425 0.002787 -0.002403 0.002484 0.068100 -0.013013 -0.016374 -0.066513 -0.004237 -0.004683 0.063256
  0.198547 -0.126186 -0.005502 0.000307 0.004357 0.061936 0.070697 -0.000509 -0.057360 -0.008555 0.037801 -0.008076 0.085283 -0.002093 0.000067 -0.039423 0.005998 0.168950 -0.021059 -0.074143 0.089893 -0.011219 0.034576 -0.003376 0.176954 0.123698 0.092757 -0.001653 0.004960 0.181757 0.005895 -0.042507 -0.036127 0.110726 0.087227 -0.073560 -0.112989 0.173056 0.000481 0.015471 0.038239 0.000145 0.110931 0.031478 -0.048730 -0.002885 -0.000509 0.075285 -0.045033 0.205829 -0.003487 -0.015668 -0.009733 0.079881 -0.002061 0.004951 0.083394 0.089177 -0.003648 -0.063362 0.000039 0.172042 -0.171497 0.029674 0.072001 0.014772 0.063549 0.206543 -0.022897 -0.010153 0.159033 0.003681 -0.000107 0.055999 0.002562 0.133989 -0.002451 -0.020793 -0.000277 0.003369 0.076460 0.197907 0.042354 -0.010175 0.046682 0.132910 0.127907 0.072949 -0.054616 0.109180 -0.001904 -0.001298 0.000504 0.105637 -0.016614 0.149859 -0.018861 -0.015881 -0.001202 0.103429
  0.005194 0.002404 0.004643 -0.003145 -0.004405 0.000240 -0.001281 0.002666 0.000956 0.005315 -0.001633 -0.000053 0.000004 -0.001805 0.000407 -0.000235 -0.000219 -0.000699 -0.005607 0.000084 -0.000900 -0.005993 -0.001123 -0.001391 -0.000502 -0.003288 0.000028 0.001126 0.000652 0.002330 -0.000194 0.000072 0.002419 -0.000312 0.001207 -0.000277 -0.000364 0.001798 -0.002625 -0.000874 -0.001979 -0.000724 -0.001906 0.000349 0.002257 0.002110 -0.000687 0.005746 0.000428 -0.000467 0.002776 0.001475 0.001677 -0.002332 -0.000123 0.003184 0.000015 0.001050 0.000395 0.002878 -0.001334 0.000328 -0.003433 0.001107 0.001496 -0.005007 0.000987 -0.000381 -0.003418 -0.000353 -0.002357 -0.000376 -0.000558 0.001562 0.001960 0.000505 -0.005470 0.004450 0.001073 -0.005202 0.002535 -0.002278 0.000348 -0.000130 -0.000353 0.003659 -0.000263 -0.004321 0.004777 0.004239 0.001058 -0.000125 -0.003980 0.002162 -0.004318 -0.004457 0.000147 -0.002841 -0.005832 -0.000336
  -0.053677 -0.090058 -0.088522 -0.002215 0.001167 0.122717 0.019738 -0.000246 -0.145644 -0.007732 -0.035784 0.000044 0.105221 0.000509 -0.000923 -0.059952 0.006282 -0.003994 0.108756 -0.029477 0.102237 0.011737 0.154342 -0.000183 0.039480 -0.068801 0.166971 0.000209 -0.005793 0.016776 -0.005968 0.037328 0.053514 -0.010755 -0.068239 0.162559 0.058923 0.131496 -0.007230 0.100864 -0.024160 -0.004699 -0.080382 -0.013306 -0.053128 0.006803 -0.008191 0.023201 0.022828 0.003124 0.000128 -0.055953 0.107810 -0.009112 -0.000240 0.015418 0.151534 0.128246 -0.005975 0.005419 -0.000207 0.113241 0.115766 -0.078200 -0.062293 0.111408 0.021577 0.000892 0.009424 0.000600 0.182237 -0.001115 -0.002172 -0.061152 -0.008728 0.058674 0.000179 -0.010798 0.001596 0.001513 -0.041140 -0.007900 0.145755 -0.007339 0.113957 0.020469 0.121626 0.113742 0.084271 0.029492 0.004534 0.000291 -0.003197 0.016090 -0.002485 0.077840 -0.069346 -0.062523 0.001043 -0.048566
  0.033170 0.056586 0.000021 -0.004163 -0.004493 -0.042422 -0.035334 0.000080 0.001576 -0.004423 -0.082307 -0.004762 0.181487 -0.000427 0.003275 0.142063 -0.000188 0.092531 -0.042723 0.069053 -0.029389 0.005333 -0.067979 0.002049 -0.077006 0.148650 -0.010090 0.000812 -0.000412 0.002166 0.000677 0.161253 -0.092265 0.156068 0.074025 0.131415 -0.048661 0.034648 0.005682 0.011357 -0.020950 -0.009822 -0.072881 0.072674 0.008078 0.000500 -0.004964 0.020907 0.001303 0.036216 0.003444 0.127496 -0.119996 0.152917 -0.000816 0.040789 -0.047929 0.081358 -0.016741 0.028965 -0.010318 -0.056367 -0.148583 -0.035270 -0.158201 0.090140 -0.085174 0.075106 -0.059082 0.005054 0.163383 -0.003954 0.000550 -0.095857 0.004303 0.048106 -0.007603 -0.002244 -0.007069 -0.001143 0.005831 0.033919 -0.035088 -0.009973 -0.024819 -0.076559 0.128471 -0.070350 0.068603 -0.039668 -0.003554 0.000715 -0.000623 0.008426 -0.002150 0.038886 -0.017119 0.062848 0.000732 -0.125298
  -0.005166 -0.100306 -0.115418 0.000226 0.003860 0.108241 -0.119350 -0.000885 0.010089 -0.004908 0.074737 0.001904 0.095743 -0.009354 -0.002070 0.092933 -0.000110 0.112921 -0.175613 0.053271 0.019406 -0.019757 -0.014506 0.000348 -0.092038 -0.048600 0.002940 -0.000538 0.003572 -0.042571 -0.002778 0.138141 0.114811 -0.182139 0.028134 -0.121320 -0.145283 -0.110551 -0.005605 0.070163 0.075735 0.006288 0.034249 -0.023179 0.031769 0.006111 0.001495 0.072856 0.108700 -0.116695 0.001139 0.086883 0.167448 -0.095836 -0.000927 0.056674 -0.087455 0.021918 -0.008342 -0.072345 -0.000901 -0.002886 -0.022300 -0.017235 -0.042672 -0.113665 -0.144935 -0.077466 -0.017108 0.002245 -0.121983 -0.007235 0.001677 -0.100880 0.005442 0.042413 -0.000966 -0.007788 -0.000318 -0.007669 -0.037570 -0.104444 0.089094 -0.003295 -0.164980 0.047713 -0.040439 0.010224 -0.137516 0.023763 0.005362 -0.007414 -0.002454 -0.084219 -0.009428 -0.072703 0.057189 0.122487 -0.004325 0.002565
  0.086385 0.031933 0.007706 -0.003523 -0.000469 0.005269 0.115869 0.001888 -0.083569 -0.006560 0.154892 0.000014 0.136916 -0.007232 0.000029 0.068399 0.008663 -0.081128 -0.023962 -0.034992 0.136096 0.007626 0.180563 0.005260 -0.106405 -0.104065 -0.057471 -0.003253 0.003076 0.145518 -0.004564 0.069122 0.152660 0.021676 -0.048550 0.026822 -0.044810 0.047801 -0.007009 -0.110085 0.142660 -0.000136 0.010876 0.159862 -0.067269 -0.009972 0.002686 -0.033010 0.128275 0.000759 -0.008924 0.045217 -0.045019 0.109607 0.000261 0.094031 0.122176 -0.057932 -0.005663 0.076735 0.000940 0.129089 0.042272 0.033108 0.037787 -0.019658 -0.049608 0.083207 -0.044500 -0.006883 -0.100418 -0.000000 -0.000703 0.096143 -0.001510 0.033598 -0.000423 -0.004641 -0.001439 0.005601 0.078493 0.133756 0.144878 -0.009080 0.048095 0.102966 0.096883 0.149993 0.098641 0.136851 -0.002629 0.003258 0.001128 0.094290 -0.011466 0.110196 0.122767 -0.009126 0.000456 -0.009065
  0.164958 0.003495 -0.137090 -0.000941 0.000798 -0.090363 0.058278 0.005099 0.101888 -0.008138 0.175061 0.001218 -0.070516 -0.009415 -0.002676 0.133077 -0.014064 -0.044561 0.083195 0.013405 0.111658 -0.003333 -0.104507 0.004067 -0.053617 0.045970 0.057320 -0.007008 0.006143 0.026410 -0.008104 0.156073 0.050949 0.067978 0.023138 0.119544 -0.151002 -0.048098 -0.008397 -0.107390 0.042670 -0.001206 -0.094323 -0.115530 0.034250 0.001742 -0.000948 0.045898 -0.049099 0.052386 -0.010148 0.014573 0.060025 0.140529 -0.001630 0.036035 0.053815 0.146532 -0.012731 -0.035015 0.003716 -0.103405 -0.121924 -0.092847 0.080309 -0.117545 0.126240 0.018111 -0.132256 -0.002581 -0.072604 0.000409 0.001016 0.004223 -0.009433 0.048554 0.003681 -0.004065 0.002219 -0.004309 0.075730 -0.024930 -0.147308 0.001199 0.137797 0.065480 -0.059133 -0.039632 -0.009881 0.108099 -0.007890 0.003019 -0.002508 0.110925 0.014293 -0.000755 -0.037746 0.105445 -0.000160 0.056456
  -0.020320 -0.056990 0.031697 -0.002337 0.005398 -0.115524 0.020731 -0.002463 -0.049610 -0.001105 0.021197 0.000235 0.047474 -0.001128 0.001122 0.020543 -0.003094 -0.073840 -0.092665 -0.009757 -0.095847 -0.006029 -0.149773 0.001302 0.079709 0.042312 -0.066040 -0.007577 0.003968 -0.107690 0.000554 0.090108 -0.019574 -0.064658 -0.155197 -0.167391 0.085312 -0.200277 0.003246 -0.204576 0.157671 -0.004722 -0.085546 -0.018919 -0.000883 -0.005231 -0.000357 -0.108269 -0.058650 -0.131735 0.000102 -0.116523 0.173246 -0.045186 -0.004351 0.038650 0.053075 -0.197412 -0.009029 -0.042898 -0.004753 0.050095 -0.006392 -0.152939 0.138894 -0.026296 0.059822 -0.007147 -0.020767 0.003391 -0.255599 0.002064 0.000546 -0.235085 -0.000179 -0.168724 0.001537 0.000024 0.005116 -0.004278 0.076778 -0.125720 0.078395 0.002729 0.011475 0.043823 0.052364 -0.161130 -0.139371 0.108310 -0.000259 -0.003379 0.000100 -0.098476 -0.003488 -0.016248 -0.123311 -0.180193 -0.008072 0.010695
  0.066221 0.071407 -0.015092 0.005601 0.001008 0.048045 0.023173 -0.001329 0.030476 -0.002467 -0.109507 0.002395 0.050670 0.001421 -0.000136 -0.199064 -0.004665 -0.086165 -0.133224 0.071166 -0.189572 -0.000543 -0.096042 0.003826 -0.051050 -0.088719 -0.006155 0.000877 -0.000021 -0.045842 -0.006465 -0.004557 0.066169 -0.171964 -0.161330 0.042748 -0.017843 -0.068931 0.003646 -0.028468 0.016549 -0.002121 -0.165505 0.013557 0.031773 0.000711 0.000797 -0.126658 -0.218030 0.029411 -0.000355 -0.124664 -0.028722 -0.185937 -0.001857 0.131200 0.062571 0.059440 0.001956 0.023104 -0.000083 -0.146573 0.135961 -0.130202 -0.007546 -0.129746 -0.054201 -0.101053 -0.168282 -0.001136 0.013212 0.000133 0.003460 -0.178063 -0.005678 -0.067396 -0.000144 0.000003 0.002978 0.002042 0.070676 -0.091818 -0.038902 -0.007512 -0.190878 -0.115799 -0.176763 -0.080766 -0.195353 -0.123180 0.000425 0.000495 0.001254 -0.024510 -0.011631 -0.146335 -0.142394 0.032062 0.001568 -0.151937
  -0.099090 0.169038 0.144421 0.002296 -0.003115 -0.138841 0.015246 0.001070 0.047466 0.000054 -0.048777 0.001740 -0.106351 -0.000769 0.004274 -0.110456 -0.000374 -0.004026 0.091219 -0.018250 -0.081253 -0.001623 0.044246 0.001384 -0.063869 -0.011965 -0.004096 0.004060 0.004169 -0.169663 -0.000820 -0.054508 0.075274 -0.015140 -0.059244 -0.187565 0.085985 -0.151813 0.007810 0.020973 0.076066 -0.000927 0.085820 -0.122110 -0.125126 0.003732 0.002773 0.035042 -0.134577 -0.154145 -0.008435 -0.116384 0.139782 -0.116445 0.001264 0.026195 -0.057797 0.071017 -0.014050 -0.074986 -0.002154 -0.159590 0.082416 -0.102089 0.128423 0.046538 -0.019642 -0.185458 -0.028629 -0.007921 -0.005899 0.000746 -0.002310 0.044553 0.004814 0.034483 -0.001147 0.000396 0.006925 -0.002000 -0.099246 -0.183733 -0.044193 -0.010534 0.023067 0.021733 0.070757 -0.159332 -0.115709 0.005096 -0.004825 0.001145 0.000032 -0.156311 -0.002617 -0.050617 0.057258 -0.004510 0.000586 -0.077147
  -0.013570 -0.076979 -0.046234 -0.007597 -0.004239 0.021772 0.013166 -0.008681 0.040352 -0.000004 -0.076824 0.005571 -0.065901 0.003546 -0.009218 0.169382 -0.014543 0.112021 0.035125 0.042889 0.011961 -0.012580 0.129459 -0.008233 0.162910 -0.106836 0.040789 -0.000551 -0.001189 -0.035050 0.001949 0.120595 0.162047 0.002244 0.061834 0.018074 -0.096785 0.112321 -0.013362 0.006899 -0.044113 0.001097 0.128998 0.077634 0.008474 0.001331 0.000656 -0.081544 -0.054953 -0.085032 -0.000669 0.147131 -0.042655 0.017548 0.004740 0.041478 0.100079 -0.029940 -0.023759 -0.088322 -0.006753 -0.009399 0.000598 -0.076350 -0.124833 -0.053873 0.089534 0.082035 0.047828 -0.004762 0.010993 -0.011195 -0.001952 0.148173 0.005678 0.087517 0.004166 -0.005229 -0.008591 0.006538 -0.061921 0.100760 -0.068828 -0.009178 0.089707 0.015412 -0.018346 -0.009675 -0.003441 0.125043 0.001362 -0.000474 -0.004285 0.132707 -0.017332 -0.035402 -0.027859 0.165759 -0.006158 -0.076609
  -0.018544 -0.029270 0.009312 -0.000389 -0.000745 -0.112946 -0.105342 0.002776 0.118236 -0.003320 -0.099808 -0.007902 0.014795 0.001544 -0.000632 0.035100 0.002526 0.120267 -0.192586 -0.075371 -0.124166 -0.001631 0.064330 0.000138 -0.130169 -0.034188 -0.101320 -0.001700 -0.003009 -0.126834 0.001488 -0.056139 -0.018030 -0.146724 0.029097 -0.000750 0.126851 -0.058901 0.006329 0.093626 0.024246 0.005062 -0.092326 -0.045560 -0.069409 -0.001868 0.001599 0.067281 -0.121287 -0.034649 -0.004868 0.022733 -0.050698 0.097058 -0.003923 -0.070372 0.083917 -0.019311 -0.034300 -0.037893 -0.007344 0.121916 0.031705 -0.082822 0.031608 -0.134659 0.069980 0.117549 0.070897 -0.003833 -0.093998 -0.012541 0.000799 -0.046143 -0.000745 0.062862 -0.002726 -0.020087 -0.008495 -0.003843 -0.065872 -0.013555 -0.036379 -0.022421 0.031198 -0.095168 0.015796 -0.041612 -0.046159 0.118536 -0.009693 -0.000200 0.003358 -0.002618 -0.006407 -0.072101 0.023675 0.091544 -0.009087 -0.161640
  -0.071080 -0.022311 -0.095794 -0.003001 -0.004019 -0.117861 0.107777 -0.005511 -0.071079 -0.003441 0.124470 0.001891 0.060098 -0.006355 0.002787 -0.054650 -0.004702 0.006890 0.053649 0.093213 0.096379 -0.003436 -0.094992 -0.000768 -0.149316 0.137831 -0.142634 0.003517 -0.002016 -0.052939 -0.008704 -0.062810 0.093992 -0.140721 -0.075752 -0.141848 -0.002062 -0.134438 -0.014564 0.086562 -0.004979 -0.002649 -0.018129 -0.117364 -0.049324 -0.002433 -0.003055 0.035673 -0.025877 0.044390 0.005195 -0.134176 0.001231 -0.075532 -0.006019 0.093189 0.058828 -0.023882 -0.012307 -0.171868 -0.000047 0.067293 0.056154 -0.092848 0.056057 -0.059031 -0.006176 -0.020248 -0.070834 0.000073 0.081760 -0.010027 0.004503 -0.024332 0.000906 0.052404 -0.000302 0.002240 -0.005265 -0.004938 0.012781 0.084651 0.127505 -0.008303 -0.015336 -0.066555 0.104615 -0.066089 0.033906 0.011812 -0.000057 -0.000502 0.005840 0.000126 0.019713 -0.154726 0.009981 0.035425 0.001506 0.098489
  -0.094676 -0.152765 -0.065333 -0.005315 0.005821 -0.048284 0.032405 -0.007528 -0.022319 -0.001477 -0.088748 -0.001812 0.012428 0.006935 -0.003502 0.044141 0.006473 0.117842 0.180139 0.097890 0.031159 -0.002169 -0.075115 -0.000864 0.116450 0.004891 0.101690 0.002822 -0.003200 0.134447 -0.000576 -0.045839 0.133422 0.021317 0.104517 0.048508 -0.063923 0.129463 -0.005268 0.008749 -0.207049 0.003738 -0.092435 0.141329 0.000450 -0.001413 0.005015 -0.066837 0.056312 0.120022 0.001750 0.050019 -0.002506 0.113085 0.002545 0.018230 0.003788 0.180377 -0.008769 -0.092808 -0.001718 -0.067550 -0.149578 -0.020810 -0.220451 0.093478 -0.076735 -0.048499 -0.072504 -0.007575 -0.032027 -0.000289 0.005177 0.138316 0.003712 -0.049473 -0.002455 -0.014087 0.002761 -0.007868 -0.001852 -0.032068 -0.175629 0.006606 0.107588 0.136270 0.057252 0.146851 0.072147 0.052732 -0.004493 0.000461 0.001107 0.003504 -0.002539 0.166561 0.035432 0.007428 -0.000512 0.126479
  0.051188 -0.068650 -0.002992 -0.007961 0.002317 -0.031334 0.003953 0.002371 -0.115560 -0.005577 0.001097 -0.003496 -0.025582 0.007162 0.002629 0.131835 0.003299 -0.031507 -0.044301 -0.054714 0.107421 -0.008744 -0.057163 -0.001231 0.019366 0.046910 0.128567 -0.003020 0.004259 0.000728 0.001662 0.136735 0.129600 -0.093383 -0.068554 0.024548 0.016619 0.057326 0.002578 -0.113333 -0.002233 -0.004267 0.072055 0.140833 -0.043027 -0.012270 0.002460 0.070933 -0.005330 0.118053 0.005792 0.040300 0.064749 -0.041350 -0.000003 -0.015350 -0.037004 -0.112165 -0.020654 -0.077129 -0.000167 0.056308 0.065465 -0.014092 -0.021275 0.107231 0.008533 0.154451 0.001680 -0.001784 -0.107601 0.001046 0.003018 0.137698 0.005675 -0.049425 0.000336 -0.001759 0.000030 -0.004943 0.055171 0.135181 -0.000664 -0.016422 -0.078396 0.060399 -0.042217 0.127786 0.057672 0.049702 -0.000667 -0.004942 0.004932 0.050206 0.021290 0.040039 0.062105 -0.110757 0.000399 0.076886
  0.013131 0.103401 -0.136567 0.006599 0.006997 -0.173950 0.065628 -0.002438 0.095029 -0.001474 0.092160 -0.006231 -0.057155 -0.000310 -0.000972 -0.036265 -0.003301 0.005279 0.028836 0.108719 0.046504 -0.010637 -0.100489 0.000018 -0.182925 0.157137 -0.208495 0.004373 -0.006923 0.038026 -0.004880 -0.185889 0.006765 -0.106371 -0.046059 -0.049778 -0.064672 0.015819 0.001076 0.036013 0.049371 0.000497 -0.115795 -0.146377 -0.002972 -0.000777 -0.000972 -0.005831 -0.028028 -0.200593 -0.001889 -0.094705 -0.047226 -0.136166 -0.009060 0.186913 0.021221 -0.177556 -0.016185 -0.033794 -0.000902 0.014845 0.177681 -0.043875 -0.035271 0.013357 0.075610 -0.034004 -0.013563 -0.002367 -0.113442 0.001608 0.004383 -0.039085 0.001859 -0.176792 -0.002128 -0.000227 -0.004699 0.000771 -0.037483 0.018702 0.140603 -0.007695 -0.152919 -0.020741 0.058656 -0.023904 -0.206983 -0.131436 -0.002424 -0.003761 0.002705 0.036979 -0.001399 -0.108964 -0.088216 0.058744 -0.000381 -0.033170
  0.032611 -0.011601 -0.057712 -0.001358 0.000455 0.075993 -0.015690 -0.005400 -0.044402 -0.001021 0.077465 0.004822 -0.070563 -0.003160 -0.003782 0.066145 -0.002836 0.112545 -0.007487 -0.000758 0.157300 0.003039 0.194994 0.001788 0.168516 -0.075986 -0.024110 -0.012283 0.001246 0.176800 -0.004264 0.088788 0.120365 0.157041 0.119670 0.192544 -0.083332 0.014091 -0.008716 0.005559 -0.190066 0.001271 0.102160 0.107175 -0.009290 -0.002954 -0.001487 -0.083490 0.078778 -0.037767 -0.007597 0.137831 -0.133331 0.191446 -0.000930 0.063313 -0.060085 0.065504 -0.012593 0.158172 -0.001610 -0.007450 0.062155 0.008545 -0.192055 0.003152 0.108707 -0.003785 0.022599 -0.009088 0.081704 0.001514 -0.000388 0.025007 -0.007367 -0.023803 -0.002924 -0.006726 -0.000129 0.005236 -0.066152 0.088612 -0.031767 -0.004308 0.162812 -0.043462 -0.068610 0.095268 0.006821 -0.158121 -0.005480 -0.002044 0.000461 -0.035502 -0.005415 0.047256 0.014500 0.212316 -0.008577 0.156658
  0.045320 0.080015 0.022356 -0.000186 0.003636 0.131501 -0.054058 -0.004296 -0.000406 0.004083 -0.027078 0.000738 0.078308 0.002259 0.000270 -0.000688 0.005533 0.050804 0.087933 -0.093318 0.067783 -0.005773 -0.054247 0.001129 0.024040 0.074474 -0.041465 -0.000627 -0.000733 0.049050 -0.002385 0.080634 0.107600 -0.041114 -0.037108 0.065038 -0.002216 0.078482 -0.000847 -0.009932 -0.029574 -0.003516 -0.076038 0.075170 -0.047132 0.003608 0.002985 0.123225 0.133338 -0.001664 0.003045 -0.073348 -0.159634 0.099951 -0.014263 0.090836 0.073468 0.091525 -0.012367 0.069678 -0.009138 0.113853 -0.105396 0.083827 -0.118835 -0.095769 0.017211 -0.069263 0.087908 -0.003692 -0.021193 -0.000319 -0.001330 -0.014699 0.002377 -0.065199 -0.006413 -0.008275 -0.000728 -0.000063 -0.025693 0.099737 -0.039997 -0.000193 -0.011106 0.066369 0.154888 0.022762 0.154656 -0.092131 -0.009263 -0.002758 -0.001173 -0.031838 -0.024092 0.005175 -0.022304 -0.081251 -0.002541 0.117844
  -0.104000 0.079919 0.039426 -0.000563 -0.003170 -0.070888 -0.010669 -0.001666 -0.068377 -0.005612 0.092611 -0.000653 -0.012070 -0.000169 0.003362 -0.039269 -0.001309 0.084470 -0.020697 -0.076998 -0.125958 -0.005882 0.048377 0.000069 -0.016751 0.056572 -0.084727 0.000541 -0.006526 0.096707 0.001553 0.003276 -0.087597 -0.117085 -0.105228 0.003096 0.083915 -0.121773 0.003731 0.071066 -0.103239 -0.000614 0.044026 -0.025987 0.018246 -0.000164 0.007221 -0.160937 -0.061132 -0.161424 -0.005288 -0.086364 -0.020704 0.081722 0.004984 -0.015356 -0.004068 -0.029108 -0.003013 -0.044953 -0.010423 0.025803 0.114767 -0.035930 0.144837 0.081068 -0.039183 -0.004937 0.106174 -0.003216 -0.103094 -0.004649 0.003770 0.017714 -0.007699 0.077735 0.001486 0.002467 -0.009444 -0.000199 0.011439 -0.036585 0.086191 -0.003228 -0.085465 0.058157 -0.154978 -0.100673 -0.180562 -0.030673 -0.001799 0.002727 0.000703 -0.057282 0.008018 -0.170424 -0.090776 -0.005567 0.000500 0.035366
  0.019447 0.105889 0.101849 0.005147 -0.004185 0.041265 0.052896 0.006854 -0.057120 -0.000009 -0.016289 0.000025 -0.043173 -0.004902 0.000303 0.007191 -0.004199 -0.024291 -0.080567 0.120782 0.048543 0.005559 0.018015 0.003978 0.023375 0.041580 0.040896 0.001098 0.000170 -0.036847 -0.005113 0.057300 0.024843 -0.087981 0.031138 0.036414 0.088654 -0.092062 -0.010379 0.109419 0.083516 -0.002836 0.117690 0.020312 -0.053122 0.007648 0.005623 -0.008438 -0.065435 0.014523 -0.008878 -0.095997 0.028205 0.158378 0.003916 0.020911 0.057390 -0.115548 -0.020149 -0.101466 0.001987 -0.068139 0.148474 0.074842 -0.047182 -0.065918 0.074310 0.157118 0.085901 -0.001549 0.064189 -0.004163 0.006005 0.092203 0.000388 0.013613 0.000573 -0.002404 -0.008547 -0.001260 0.065752 0.067350 -0.057269 -0.000430 -0.029964 -0.046055 -0.019936 0.051856 0.049383 -0.076380 0.001313 -0.001910 0.002281 -0.052241 0.000087 0.072263 0.059579 0.065190 0.000901 -0.101701
  0.118205 -0.093691 -0.045111 0.000335 0.001404 -0.101600 0.129465 0.005383 -0.097379 -0.000410 0.062061 -0.001800 0.034013 0.004153 0.006397 0.140517 -0.002889 -0.060206 -0.027165 -0.015392 -0.036627 -0.006071 0.067019 0.001660 0.089294 0.106074 -0.096118 -0.008144 0.002390 0.027659 0.000122 -0.102498 -0.051747 0.042608 0.131318 0.144056 0.043264 0.046435 0.003307 0.021078 0.012366 0.003948 0.094856 0.117768 -0.052429 -0.002042 0.003327 -0.089860 0.114472 -0.070808 0.002912 0.065320 -0.066904 0.027634 0.000292 0.081006 0.022851 0.123399 -0.006033 0.037532 -0.007609 0.149416 -0.032839 0.009560 0.116639 -0.078154 0.047693 -0.052843 0.086077 0.000116 0.129185 0.003854 0.000780 0.087162 0.000043 -0.014098 0.000776 0.005118 -0.000137 -0.002222 -0.113629 0.015502 -0.105754 -0.013800 0.025699 0.027847 -0.009790 0.052173 0.137903 0.006023 0.000165 -0.007960 0.006705 0.087455 -0.001986 -0.077761 -0.087025 -0.066582 -0.008028 0.101752
  -0.015547 0.105819 0.070410 0.002604 0.004207 0.112071 -0.043061 0.005522 0.089601 -0.008070 0.024627 0.001070 0.100067 -0.001217 0.000378 -0.162825 -0.003690 -0.147268 -0.027514 0.106469 -0.105719 -0.006502 -0.101489 -0.005611 -0.014772 -0.072655 0.001561 -0.008270 -0.006875 -0.007067 0.000248 -0.155701 -0.002748 0.103242 0.033862 -0.114159 0.067353 0.027276 -0.022306 0.076400 0.155271 0.003520 0.041483 0.038795 -0.024569 0.001114 0.002813 0.024673 -0.054789 -0.064646 0.003921 -0.149527 0.112909 0.111390 0.000894 0.173691 0.041725 -0.159119 -0.001736 -0.092410 -0.000911 -0.056825 -0.003156 -0.043337 -0.002318 0.005596 0.071005 -0.079737 -0.100634 0.000640 0.030212 0.004361 -0.005631 0.078132 -0.000465 0.001399 -0.006153 -0.000965 -0.003566 -0.002829 -0.096228 0.074776 0.115117 -0.008634 -0.000971 -0.052219 0.106863 -0.009043 -0.096092 -0.064711 0.000273 0.000086 -0.010207 0.071962 -0.000203 0.039197 -0.127597 -0.069011 0.004603 0.073684
  -0.006383 -0.098366 -0.047584 -0.001194 0.000900 0.186531 0.014446 -0.008066 0.121595 -0.009186 0.188659 0.000870 0.190849 -0.003991 -0.007806 0.054925 -0.001893 0.003895 0.199329 0.039694 0.097814 -0.007084 0.138662 0.001433 0.025998 0.162823 -0.030150 -0.004228 -0.008085 0.137440 0.000455 0.001419 -0.039779 -0.070565 -0.024685 0.048336 -0.080764 -0.008338 0.000819 0.041549 -0.015303 -0.009448 -0.021221 0.043491 -0.028867 -0.011133 0.003954 0.175960 -0.055180 0.014610 0.005463 -0.050942 -0.008957 0.198120 0.006619 -0.088986 -0.020297 -0.031002 0.003171 0.185974 0.000264 0.134724 0.040262 0.101471 0.032323 0.105555 0.079819 -0.014556 0.125609 -0.001603 -0.004330 0.002606 0.001163 0.169092 -0.005791 0.101295 -0.002788 0.000108 -0.006315 0.000738 0.056740 0.023513 0.044661 -0.002370 0.003358 -0.085555 0.000236 -0.008236 0.171053 0.122857 -0.009088 -0.000246 -0.000014 -0.067903 -0.008806 -0.000108 0.049432 0.103682 0.001045 -0.073925
  -0.035285 0.138063 0.102541 -0.000207 0.004385 -0.003563 -0.137587 -0.000578 0.193998 0.001332 -0.016461 0.002242 -0.004328 -0.003561 -0.001270 0.040374 -0.001026 -0.226420 -0.003430 0.042611 -0.170568 -0.009908 -0.022879 -0.009262 -0.010642 0.101852 0.023236 0.002316 0.000871 -0.152804 0.000061 -0.126665 -0.153951 -0.058414 -0.085508 0.026904 -0.079085 -0.154876 0.007898 -0.126964 0.138442 -0.000029 -0.224411 -0.070749 -0.082880 -0.002109 0.000275 0.009814 -0.027002 -0.231964 0.000134 -0.164474 -0.100371 -0.154384 -0.000655 -0.001656 0.000864 -0.004500 -0.002925 -0.129173 -0.004262 -0.003706 0.203850 -0.268668 0.193014 -0.123515 -0.000827 0.005595 -0.053730 0.003269 -0.120212 -0.000008 0.000556 -0.164007 0.000183 -0.174679 -0.003100 -0.001095 0.001425 0.004936 -0.094390 0.018097 0.020526 0.008754 -0.050420 -0.053224 0.034751 -0.189859 -0.094929 0.195365 -0.007236 0.001046 0.006029 -0.163143 0.006027 0.020360 -0.094429 -0.180196 -0.001843 -0.240104
  0.123987 0.085183 0.039778 -0.000771 -0.007969 0.093347 0.085358 0.004796 0.007167 0.002747 0.099883 0.000590 0.014328 0.004740 0.000933 -0.003373 -0.010046 -0.039756 0.039927 -0.053240 -0.058801 -0.003076 -0.067531 0.002210 0.020091 0.026890 -0.054412 -0.000677 -0.000979 0.108772 0.001945 -0.048872 0.053619 -0.044376 0.185485 0.154389 0.031627 0.092097 -0.001081 0.087273 0.019590 0.005179 0.058805 0.065605 0.046937 -0.001352 0.001632 -0.050236 -0.007288 -0.053489 -0.000222 0.022384 0.168298 0.063730 0.001641 -0.051643 0.131930 0.052825 -0.002640 -0.025180 -0.000004 0.067185 0.025099 0.144875 0.116020 0.166124 0.083877 0.174671 0.115988 -0.002198 0.012009 -0.006339 -0.005920 -0.062385 -0.009860 0.092312 -0.000607 -0.007166 0.002862 0.002872 0.052437 0.070969 -0.044545 -0.014410 -0.050352 -0.052389 0.003157 0.172833 -0.109933 -0.087812 -0.006699 0.001523 -0.001457 0.026311 -0.030731 -0.004166 -0.092926 0.064369 -0.006574 0.106074
  0.030303 0.035186 0.023006 -0.000576 -0.007273 0.010666 0.000478 -0.000458 0.007561 0.003051 0.057551 -0.005173 0.057504 -0.004222 0.001390 -0.025831 -0.005199 0.103472 0.049544 -0.033561 -0.131055 -0.002645 0.139161 0.000161 0.141867 -0.081655 0.043087 0.002540 -0.000038 -0.111567 0.000242 0.041220 0.067753 0.064698 0.099554 0.058669 -0.055539 -0.006662 0.001829 0.117866 -0.117762 -0.000165 -0.045881 -0.089458 0.003660 -0.002256 -0.009570 0.087668 0.108461 0.143596 -0.004328 0.049028 0.018066 -0.024196 -0.000543 0.112104 -0.104150 0.129146 0.008196 0.094302 0.002062 -0.014540 0.112177 -0.043479 0.151279 -0.095056 -0.030032 0.021402 -0.052721 -0.000832 0.012352 0.003132 0.000088 -0.028048 -0.003192 -0.017516 0.000058 0.001998 -0.003825 -0.003888 -0.058612 -0.019085 -0.028417 -0.002497 -0.034511 -0.009046 0.051288 -0.068799 0.082537 -0.000374 -0.001430 0.002852 -0.002903 0.129406 -0.002159 0.039298 0.103453 0.091004 0.000453 0.049998
  0.006836 0.048373 -0.064466 -0.004037 0.002667 -0.111893 -0.081062 0.002396 -0.097174 -0.002596 0.031851 0.000347 0.085992 0.000021 -0.000062 0.083425 0.001458 0.042739 0.118938 -0.002433 -0.020742 -0.011015 0.036645 -0.009764 0.011904 0.098510 0.040224 -0.002784 0.002320 -0.054359 0.001383 0.055444 -0.081416 0.122888 -0.047605 0.144647 -0.092414 -0.058034 -0.013325 -0.135316 0.084054 0.000888 0.084241 -0.057997 -0.041721 -0.001060 -0.000646 0.069524 0.043717 -0.057213 0.002432 0.072598 0.099878 -0.090198 -0.006473 -0.005516 -0.046204 -0.064551 -0.006269 0.046466 0.000165 -0.071211 0.169282 -0.076983 0.119949 0.148617 0.076797 0.172750 0.055956 -0.003615 -0.060427 -0.004092 -0.005847 0.061024 -0.002773 0.105521 -0.000724 -0.000287 0.008869 -0.003512 0.042756 0.077968 -0.042853 -0.012638 -0.032914 0.089768 0.041851 0.022187 0.099278 -0.097694 0.001716 0.003905 0.004307 0.102766 -0.008155 0.142549 -0.031573 0.080034 -0.004856 0.134818
  0.038634 0.099441 -0.171000 0.001834 0.002182 0.034091 -0.079518 -0.000207 -0.050321 -0.000622 -0.101069 -0.001613 -0.093032 -0.003232 -0.004296 0.102764 -0.003006 -0.047417 -0.010974 0.054930 0.101952 -0.012328 -0.072037 0.006234 -0.049479 -0.104855 -0.086694 -0.008702 0.006637 -0.078355 0.004680 0.130262 0.009912 -0.172072 -0.095609 -0.014289 -0.002255 0.035927 -0.002095 0.091251 0.033509 0.001049 0.085015 -0.124482 -0.091676 -0.013686 -0.005117 -0.014147 -0.054068 -0.041179 0.006423 -0.114118 0.038714 -0.116434 -0.003104 0.053377 0.135700 -0.060434 -0.025711 -0.033226 -0.005832 -0.077709 0.059542 -0.154414 0.020523 0.005651 -0.018559 -0.133773 0.113108 -0.001185 0.072880 -0.002160 -0.000095 -0.042733 -0.001610 -0.164953 -0.001218 0.004492 0.000883 -0.005198 -0.024317 0.114132 0.087503 -0.017808 0.093131 -0.081409 -0.024201 -0.001996 0.082842 0.027041 0.004413 -0.009590 0.005126 -0.129516 -0.019124 -0.013927 -0.037407 0.009035 -0.000426 0.106112
  -0.047791 -0.049165 0.081465 -0.004293 0.000298 0.077021 0.025960 0.001075 -0.072238 0.003199 -0.077011 -0.001038 -0.075750 0.000041 0.001119 0.157277 0.001649 0.036176 0.159320 -0.016347 0.042111 0.000191 0.028444 0.002913 -0.064085 0.065632 0.101739 0.004613 0.003916 0.030973 0.000662 -0.004807 0.019012 0.146688 0.155275 0.143860 -0.119420 0.133318 0.006211 -0.018694 -0.040631 0.001899 0.022626 0.163543 -0.013237 0.000945 0.002445 0.025468 0.143066 0.042287 -0.001088 -0.073059 -0.008015 0.109962 0.004718 -0.127329 0.018935 -0.073495 -0.004115 0.180110 0.000519 0.066335 0.031480 -0.088053 0.019410 0.056846 0.099145 0.144664 0.109461 0.002022 0.149257 0.006986 0.000359 -0.084019 -0.000789 0.110991 -0.008114 -0.009065 -0.007323 0.001466 0.009373 0.005426 -0.145956 -0.009327 -0.016237 -0.036167 0.076999 0.040942 -0.006204 0.015857 -0.002831 0.002214 -0.003694 -0.070224 0.004404 0.087044 -0.075452 -0.075297 0.002879 0.085759
  -0.009950 0.072407 -0.135982 -0.000060 -0.009159 0.014271 -0.082604 -0.000421 -0.019038 -0.000789 -0.080500 -0.001451 0.115771 -0.001259 0.001634 0.006604 -0.002932 0.057922 0.177475 -0.105177 -0.091539 -0.007604 0.163383 0.006761 0.039958 0.001499 0.106332 -0.000106 0.000532 0.148365 0.001610 0.050090 0.029336 0.089933 0.050456 0.037566 -0.094024 -0.027746 -0.010180 0.136133 -0.063820 -0.000147 -0.049775 -0.077440 -0.022636 0.001927 -0.006837 0.105941 0.007332 0.184913 -0.002449 -0.032652 0.050541 0.137135 -0.005327 0.059988 -0.088417 0.153159 -0.030497 0.145412 -0.000478 0.037328 0.142161 0.175946 0.045251 -0.071308 0.038201 0.067306 0.055034 -0.001880 -0.073556 0.001524 0.001306 -0.061154 -0.000025 0.076390 0.001273 -0.015058 0.000269 -0.002562 -0.063062 0.121662 0.066339 -0.029311 0.072976 0.165444 -0.059544 0.147428 0.099420 0.075504 -0.003650 -0.002337 0.004460 0.013102 -0.022102 0.081877 -0.068055 0.119231 0.000506 0.142381
  0.030363 -0.016675 -0.003181 0.002346 -0.000853 0.097451 0.025969 -0.009681 0.125337 -0.007069 -0.128480 0.001604 0.061589 0.000091 -0.001292 -0.086312 -0.002693 -0.088247 -0.159368 0.053066 0.074789 -0.011115 -0.128282 0.003338 0.033502 0.159318 -0.158161 -0.005532 -0.000081 -0.004806 -0.000513 -0.004169 -0.129897 -0.025628 -0.030001 -0.052899 0.115741 -0.082157 -0.004788 -0.071586 0.021502 -0.009229 -0.004239 0.054442 -0.046306 -0.009770 0.007013 -0.103756 -0.153227 -0.084661 0.001413 -0.098183 0.087720 -0.068889 -0.007253 0.004106 0.029596 -0.013152 -0.021047 -0.167892 0.000383 0.057564 0.024795 -0.019160 -0.056840 -0.093742 -0.174959 0.041544 -0.061901 0.001869 0.020518 0.002906 -0.001324 -0.133687 0.004845 0.004599 0.003523 -0.010547 -0.002149 0.001950 -0.184160 -0.024405 0.031228 -0.021143 -0.114998 -0.104910 -0.162996 0.001301 -0.117705 -0.070140 0.003910 -0.000392 -0.001246 0.023520 0.007997 -0.168957 0.000926 -0.020231 -0.002457 0.032872
  0.104961 0.125671 -0.103265 -0.002915 0.005984 -0.034413 -0.098892 0.001309 -0.048396 -0.002366 0.092857 -0.004634 -0.144027 -0.002666 0.000504 -0.147734 -0.000346 0.013065 0.041276 -0.077573 0.067505 -0.014755 0.027725 -0.000857 -0.133518 0.097475 -0.142749 -0.006478 -0.001480 0.019500 -0.002811 -0.111995 -0.161400 -0.103641 -0.100799 -0.100773 -0.127709 -0.082580 0.003308 0.013652 0.126543 -0.009894 0.052031 -0.065415 0.070840 -0.007954 -0.000332 -0.072318 -0.072055 0.040487 0.001662 0.114838 0.067759 -0.032504 -0.007518 0.154718 -0.003124 0.034771 -0.010396 -0.024067 0.005153 -0.115866 -0.037333 -0.145154 0.096468 -0.168226 -0.138233 -0.083714 -0.070992 -0.001566 -0.192807 0.005437 0.004912 -0.142905 0.001413 -0.047065 -0.001824 -0.009532 -0.000714 -0.001004 -0.029022 0.066891 0.019820 -0.002877 -0.135381 -0.013490 -0.091934 -0.008316 0.005899 0.068075 -0.002189 0.001223 0.005441 -0.006527 -0.013333 -0.008407 -0.184030 0.072208 -0.000197 -0.098666
  -0.085690 0.021889 0.159084 -0.007834 -0.000567 0.147108 -0.004703 -0.000859 0.044587 -0.000407 -0.058544 -0.009079 0.057360 0.005444 -0.005841 -0.028513 -0.001204 0.112262 -0.011343 0.107149 -0.101063 0.006461 0.049327 0.000618 -0.012798 0.115292 -0.058012 -0.010383 -0.001090 0.127664 0.001882 0.030333 0.048184 -0.073752 0.146575 0.114114 0.048947 0.011879 0.004400 0.131469 0.067665 -0.001626 0.043813 0.046402 -0.055367 -0.003789 -0.000960 0.048314 0.019774 -0.019484 0.001877 0.040510 -0.064260 -0.010169 0.004129 0.066649 -0.017041 0.149012 -0.030492 0.158411 -0.003156 -0.113070 0.023472 0.001971 0.025866 0.120852 0.127082 0.008680 0.004236 -0.005043 -0.090291 0.000276 -0.004543 0.085437 -0.000143 -0.052721 0.000156 -0.008802 -0.000622 0.002298 -0.002332 -0.073845 0.126854 -0.016603 0.099221 0.023521 0.022775 0.127326 0.091645 -0.132915 -0.002436 0.004011 -0.009638 0.044946 -0.001518 0.060067 0.082719 0.116624 0.001011 0.109950
  0.092706 -0.090365 -0.021141 0.001346 0.003554 -0.027477 -0.010319 0.005156 -0.014103 -0.004826 0.078704 0.006804 0.123587 0.001817 -0.003499 0.161115 -0.002525 0.146212 -0.006305 -0.151896 0.029916 -0.004724 0.089356 0.005185 0.090969 0.100820 0.023809 0.001457 0.003238 0.097258 -0.000107 0.073549 0.094286 -0.035971 0.132418 0.163363 -0.071797 0.090900 -0.004442 0.072685 -0.020877 0.003501 0.027361 -0.094356 0.054634 -0.001093 0.003401 -0.060660 -0.099155 0.180456 -0.005567 0.129289 0.103473 0.093677 -0.011290 -0.019718 0.145628 0.013153 -0.005274 0.016976 -0.007446 0.146264 0.079927 0.177996 -0.053448 0.101463 -0.047929 0.098071 0.079050 0.005339 0.135037 0.005063 0.003299 0.139689 -0.007941 0.146943 0.000508 -0.007625 -0.006955 0.000852 -0.029994 0.023305 0.036684 0.008788 0.131768 0.018596 0.008200 -0.036388 -0.008593 -0.146114 0.005350 0.000236 -0.005565 0.004390 -0.006459 0.046884 -0.099314 0.191198 -0.002571 -0.112071
  -0.111149 0.030872 -0.120842 -0.007189 -0.001356 0.042770 -0.099337 -0.002191 -0.007530 -0.004927 0.034524 -0.006883 -0.116950 -0.000079 -0.001708 -0.084335 -0.003193 0.126451 0.058663 0.083978 0.114734 0.004348 0.085348 0.000316 -0.031379 -0.063267 0.050114 0.005049 -0.000491 0.072668 -0.000272 -0.009882 -0.018563 0.002073 -0.049629 0.086626 0.103817 0.101254 -0.016650 0.115517 -0.043236 -0.002295 0.032141 -0.041875 -0.060116 -0.004485 0.001701 -0.043942 0.057343 0.053278 0.001469 0.122122 0.010581 -0.083310 -0.003854 -0.038689 0.074383 -0.128394 -0.016057 0.082948 0.000860 0.077461 0.095695 0.097799 0.048973 -0.011340 0.148969 0.026977 -0.090459 -0.004731 0.059133 0.005552 -0.002570 -0.126960 0.003462 0.106607 -0.001413 -0.008433 0.000870 -0.002058 0.069334 -0.097795 -0.118273 -0.018199 -0.060909 -0.098991 -0.117097 0.083867 -0.104257 0.117445 -0.002980 0.000978 -0.003708 -0.074250 0.003302 0.025098 0.054936 0.080349 0.000783 -0.021789
  0.166762 0.021218 0.133494 0.002543 -0.009046 -0.017283 0.053315 0.001463 -0.082758 0.002298 -0.027205 -0.004362 -0.105527 0.000282 0.001322 0.008265 -0.001610 -0.093492 -0.078862 0.061244 -0.003852 -0.004100 0.112191 0.002987 -0.060313 -0.026928 0.093678 0.001749 0.002342 -0.043147 -0.004018 0.060524 0.101684 -0.018092 -0.060138 0.090736 -0.087076 -0.072368 -0.017746 -0.027411 0.024764 -0.001808 -0.083881 -0.082304 -0.024114 -0.001035 -0.006640 0.053598 -0.081588 -0.007392 -0.004875 -0.089240 0.082034 0.014912 0.003047 -0.133705 -0.076292 -0.022494 0.006650 -0.031696 -0.000954 -0.027839 -0.126809 0.167201 0.003098 0.114635 0.071851 0.057067 -0.082191 0.001765 -0.058933 -0.002139 0.000644 0.108038 0.001020 0.094180 -0.003011 -0.007885 -0.009605 0.001261 0.043296 -0.042904 -0.104188 0.000028 0.133408 0.048519 -0.093528 0.173179 0.109218 -0.098265 0.004041 -0.000534 -0.001191 0.030641 0.005619 0.074520 -0.101303 0.205032 -0.005124 0.101403
  -0.028956 -0.027519 -0.024243 0.003324 -0.000810 -0.015279 -0.060242 0.001450 -0.010733 -0.002298 -0.104662 0.003905 -0.081955 -0.003396 0.004523 0.017790 -0.005765 0.078450 -0.038562 -0.089392 -0.136738 -0.006027 0.016799 -0.003103 -0.132500 -0.012580 -0.061364 -0.004226 -0.006724 -0.013268 0.002208 -0.062820 -0.102323 -0.081594 -0.140068 0.064833 0.111235 -0.183577 -0.000923 -0.034316 0.083612 -0.000388 0.004835 0.016223 -0.082148 0.001415 0.002009 0.012589 0.062008 -0.155625 -0.003082 0.043221 0.106449 0.055193 -0.009994 0.085419 -0.159112 -0.069918 -0.020489 -0.199585 -0.011300 -0.023555 0.017556 -0.184284 -0.004358 -0.160247 0.060845 -0.117956 -0.120891 0.002734 -0.043255 0.001339 0.000691 0.043991 -0.004441 0.067157 0.002709 0.000203 0.000566 0.000789 -0.110687 -0.146108 0.187047 -0.008899 -0.100273 0.014461 -0.068621 -0.199257 -0.008172 0.063581 -0.005472 0.006304 -0.003541 -0.081533 -0.019048 -0.044013 -0.076714 -0.113970 0.002618 -0.205217
  0.098375 0.069324 0.171806 0.000412 -0.008043 -0.115224 0.123956 0.003053 -0.011749 0.000474 0.031929 0.006221 0.139815 0.006720 0.003260 0.148518 -0.003535 0.106731 0.065683 0.141770 0.032852 -0.010103 0.047882 0.001039 -0.070825 0.015389 0.048377 -0.001181 -0.001413 -0.087954 0.005421 0.083309 -0.125493 0.103938 0.091070 -0.124504 -0.029622 0.039295 -0.003551 0.095480 0.012041 -0.005299 0.123097 -0.053922 -0.035241 -0.005785 -0.000948 -0.004835 -0.050277 0.000326 -0.005536 0.026061 0.103971 -0.111700 0.003106 -0.082204 -0.053092 0.061206 -0.009622 0.017936 -0.006032 0.091174 0.089583 -0.062964 -0.018460 0.126320 0.036989 -0.096088 -0.018571 -0.003229 0.023352 0.003636 -0.000269 -0.007805 0.003574 0.041494 0.000281 -0.004530 0.000440 0.000165 -0.016515 0.151178 0.172086 -0.010693 0.024053 0.011477 -0.070257 -0.039626 0.092480 0.003030 0.004535 -0.003029 -0.000267 0.050299 -0.002576 0.130477 0.146901 -0.094983 -0.006324 -0.095451
  0.000116 0.000143 -0.001359 -0.000734 0.000605 0.025957 -0.032215 -0.000013 -0.120393 -0.000769 -0.028311 -0.000416 0.015067 0.004730 0.002579 -0.092525 -0.000228 -0.080712 -0.181251 -0.005685 -0.173206 -0.011388 -0.091950 0.005668 -0.112296 0.126650 -0.168127 -0.003997 -0.000123 -0.009503 -0.007085 -0.131352 -0.066947 -0.102469 -0.054873 -0.066532 -0.109073 0.014078 -0.004809 0.026181 0.122270 0.006037 -0.044075 -0.005161 -0.031613 -0.001540 -0.000399 -0.076517 0.024244 -0.201571 0.003768 0.025460 0.038325 -0.081402 -0.002016 0.180561 -0.190250 -0.028486 -0.016543 0.016244 0.001817 -0.030600 -0.063647 -0.091266 -0.061912 0.065786 -0.012415 0.017073 -0.031776 -0.000159 -0.173310 -0.002044 -0.003205 -0.011807 -0.005355 0.006567 0.001124 -0.000713 -0.006951 -0.002189 -0.004942 -0.023540 -0.058665 -0.002098 -0.000454 -0.127228 -0.017876 0.001278 -0.009463 -0.030752 -0.005484 -0.001835 -0.001387 0.015382 0.007561 0.037004 -0.156292 -0.203302 0.001065 -0.091319
  -0.012988 0.036945 -0.120226 0.000737 -0.002190 0.064930 0.116829 -0.002679 0.050330 -0.000165 0.141140 -0.003916 0.057372 -0.000925 0.002458 0.056974 -0.001678 0.141880 -0.018209 -0.066429 0.056112 -0.003676 -0.000681 -0.000451 0.144013 0.080307 -0.068186 -0.002302 0.006201 0.090110 0.004522 -0.017950 0.094210 0.079462 -0.013173 0.027150 0.056017 0.027429 0.000828 0.112365 0.065944 0.002196 0.017979 -0.016491 0.034843 -0.002629 -0.003100 0.032226 -0.083658 0.101293 -0.001856 -0.045031 0.151095 0.100101 0.001637 0.053997 0.126468 0.094193 -0.003840 0.154646 -0.004611 0.142945 -0.024823 0.025781 -0.088881 0.034033 0.059113 0.190073 0.160460 0.006508 -0.018105 0.006768 -0.000179 0.121472 -0.003747 0.041757 0.006729 0.003409 0.001495 0.002402 -0.079025 0.083754 0.008636 -0.028405 -0.095374 -0.092266 0.078995 -0.065081 0.011614 -0.108731 -0.001216 0.001408 0.001112 0.032009 -0.017085 -0.016524 0.114828 0.001380 -0.003015 0.085625
  -0.031684 0.152053 0.003109 0.001412 -0.008001 -0.024232 -0.036363 0.002677 0.164442 -0.000381 0.103869 0.001275 0.141321 0.003067 -0.004278 0.082248 0.000139 -0.128995 -0.058625 0.129069 0.128534 0.002738 0.150236 0.002655 -0.130953 -0.032641 -0.109494 -0.006374 -0.003768 0.012498 0.003341 0.109955 0.041410 0.136159 0.024090 0.120507 -0.003841 -0.047989 0.004618 -0.045757 0.057104 -0.001824 0.038254 0.147411 -0.154201 0.004583 -0.005927 -0.030196 -0.063460 0.081114 -0.008554 0.022288 -0.023931 -0.094853 0.001776 -0.037163 -0.056590 -0.056064 -0.000106 0.058138 -0.009402 -0.066797 0.055863 -0.010224 0.147729 0.112454 0.050361 -0.037954 0.064211 0.003620 0.052381 0.002112 0.001675 0.030459 -0.002612 0.078594 -0.002193 0.001365 0.002724 0.002940 -0.022971 -0.076990 -0.022698 -0.005944 0.118594 0.049768 -0.073644 0.130789 0.155024 -0.000756 0.000434 0.001996 0.001533 0.139528 -0.015319 0.051670 0.038679 0.117586 0.003602 0.154882
  0.043123 0.071637 -0.136568 -0.000595 -0.003304 0.134205 0.175388 -0.003200 -0.118422 0.002488 0.069776 0.005914 -0.015633 -0.007338 -0.000158 -0.069298 -0.004960 -0.064804 -0.015015 -0.120890 0.169960 -0.008664 0.037738 0.004246 0.096480 0.075160 0.120381 0.002837 0.003717 0.085828 0.004030 0.053688 -0.019459 0.151096 0.071801 0.170151 -0.119313 0.031346 0.004855 -0.036703 0.059014 0.005131 0.122580 0.051644 -0.013253 0.002935 0.002297 0.082379 0.195230 0.097576 0.005889 -0.062927 -0.162475 0.042138 -0.001955 0.035919 -0.037723 0.172606 -0.013871 0.035167 -0.003128 0.079992 -0.152642 -0.062060 0.014887 -0.053540 -0.018524 0.131223 -0.067947 -0.001869 -0.082193 -0.003055 0.001183 -0.068994 0.003268 0.163148 -0.005781 0.005241 -0.002043 -0.007151 -0.086905 0.028158 -0.015055 -0.018549 0.153317 0.098297 0.013117 0.104548 0.177070 -0.120211 -0.002265 -0.000144 -0.000314 0.058302 -0.012760 0.098445 0.071321 0.075434 -0.006912 0.008322
  -0.025946 0.039668 0.142948 -0.000206 -0.010374 -0.007499 0.098974 0.002177 0.043864 -0.001687 -0.001155 0.000252 0.150505 0.000748 0.001385 0.027345 0.002461 0.097358 -0.007566 0.151387 -0.002843 -0.011628 0.058813 -0.009222 -0.060234 -0.023654 0.077742 -0.001370 -0.008664 0.043642 -0.001168 0.131776 0.008270 0.047295 -0.086515 0.086196 0.066099 0.110805 -0.026613 -0.023432 0.079951 -0.007418 -0.033716 0.130717 -0.026641 0.006178 -0.007809 0.067737 0.038027 0.035634 0.006660 -0.097782 0.168627 0.063452 -0.005663 0.124509 -0.011202 0.096869 -0.007709 0.109010 0.000707 -0.090655 0.075341 -0.075965 -0.002675 -0.088131 -0.124940 -0.063978 0.013803 -0.000411 0.014600 -0.006032 0.001064 0.053838 -0.001608 0.109672 0.000746 -0.003786 -0.002305 -0.010837 0.068936 0.103197 -0.071950 -0.009780 0.052473 0.047278 0.114042 -0.084887 -0.011099 -0.120006 -0.002232 -0.009200 0.004474 0.019123 0.007492 -0.124211 -0.102554 -0.054779 -0.001226 0.080975
  -0.068104 -0.017998 -0.074807 -0.006095 0.001803 -0.043034 0.036945 0.000972 -0.069301 -0.003108 0.042656 0.001653 -0.070485 -0.006652 -0.005725 -0.085021 -0.005795 -0.104217 -0.094211 -0.085041 -0.139390 -0.002376 -0.020499 0.004886 -0.072209 0.071643 -0.119770 -0.000074 -0.005591 -0.167100 0.005252 -0.012751 0.090362 -0.101269 -0.124861 -0.058989 0.061367 -0.049434 0.006904 -0.178286 0.108171 -0.001966 -0.121535 -0.022218 -0.049643 -0.007452 -0.003882 -0.062803 -0.063023 -0.079748 -0.005162 -0.178459 0.206122 0.088548 -0.000455 0.165351 0.005145 -0.149462 -0.012519 0.070530 0.000625 0.064937 0.145489 -0.019361 -0.110275 -0.114883 -0.162142 -0.122394 -0.066138 -0.005641 -0.114305 -0.000845 -0.000862 -0.067495 -0.000913 -0.002170 0.004577 -0.008076 -0.006254 0.003202 -0.025755 0.041698 -0.021768 -0.002926 0.074703 0.009007 -0.133850 0.086243 0.038470 0.074798 -0.008689 0.002621 -0.005626 -0.118384 0.000113 -0.105821 -0.021052 -0.008786 -0.006649 0.019131
  0.125912 -0.049093 -0.023889 -0.001341 -0.000468 -0.049022 -0.032720 -0.009018 0.135263 0.000387 0.024844 -0.001229 0.012139 -0.001219 -0.000719 -0.003719 -0.005974 -0.081451 0.014496 0.100200 -0.088542 -0.025261 -0.071073 0.006574 0.104918 0.051904 0.128390 -0.002303 0.006244 -0.047930 -0.003373 0.048792 -0.026101 0.062853 -0.055101 0.050007 -0.037066 -0.130042 0.001380 0.112657 0.140862 0.001392 0.033451 0.024184 -0.075315 -0.009368 -0.002199 0.118782 -0.079120 0.118075 -0.000205 0.064751 -0.075879 -0.065423 0.004932 -0.068721 -0.054298 -0.079834 -0.024527 -0.091690 0.000456 -0.000335 0.042267 -0.092837 0.084834 0.089869 -0.133806 -0.023946 -0.122882 0.000618 0.077760 0.004380 -0.001836 -0.006524 -0.005214 -0.044237 0.000018 -0.017007 0.000907 0.000009 0.027878 -0.061097 0.126017 0.004702 0.124684 0.083621 0.089289 0.029544 -0.093125 0.052736 0.000633 0.005663 -0.000043 -0.057474 0.008644 0.155575 -0.077812 -0.049632 -0.000108 -0.075470
  -0.067000 -0.069296 0.003755 -0.004993 -0.000909 0.144587 0.193542 0.005665 -0.002499 0.005242 -0.070578 0.001752 0.126585 -0.003001 -0.000073 -0.034604 0.003833 0.026927 0.116067 -0.004467 -0.014373 0.006634 0.150188 0.005714 0.014265 -0.077478 0.085421 -0.000246 -0.004778 0.135814 -0.001492 -0.016045 0.021511 0.086080 0.135833 0.069112 0.010481 -0.022121 0.003747 0.164655 0.001419 -0.010143 0.052365 0.096600 0.018929 0.005817 0.003654 -0.047651 0.202975 0.106408 0.002441 0.051562 -0.035392 0.070039 -0.010137 0.014056 0.193575 -0.063996 -0.010774 -0.019913 -0.001161 0.216793 -0.146779 -0.036653 0.008896 0.168487 -0.041428 0.146004 0.116558 0.001832 0.074772 0.006039 -0.004985 -0.002585 -0.001101 0.057775 0.005489 0.000171 -0.006464 -0.000984 -0.000838 0.210851 0.000414 0.000534 0.137802 0.138245 0.114559 -0.006750 0.176696 0.001673 0.001629 0.005939 0.002612 0.164423 0.005655 -0.024650 0.038185 0.092862 -0.001934 0.139261
  0.110546 0.054361 0.096723 -0.001585 0.001461 0.051738 -0.020954 -0.002834 0.000402 0.000177 0.118622 0.000013 -0.044763 -0.001658 -0.001026 0.170104 -0.012637 0.172011 0.162051 0.067014 0.028638 0.003615 -0.004404 -0.009316 -0.040225 0.135039 -0.103595 0.000047 -0.007658 -0.023998 -0.007294 0.141967 0.061726 0.148731 0.075774 0.166244 0.021893 0.067159 -0.000690 0.025126 0.050000 0.000509 0.117049 0.112167 -0.049077 -0.001878 -0.003897 0.062728 0.075345 0.179366 -0.009129 -0.088225 -0.177938 0.000125 0.002012 0.100695 0.105261 0.144161 -0.012085 -0.083316 -0.008665 0.124155 0.028655 0.088051 -0.084242 -0.000223 0.164911 -0.081158 0.112842 -0.002421 -0.086789 0.001540 -0.000933 0.104132 0.001225 0.047128 0.002531 0.000310 -0.001582 0.001699 -0.028485 -0.107426 0.072971 -0.004961 0.140144 0.140806 0.011786 0.038223 -0.004371 -0.002442 0.004123 0.002657 -0.005836 0.073505 0.007040 0.064805 0.110720 0.113636 -0.001751 -0.017296
  0.056276 0.017397 -0.042456 0.001310 0.002247 -0.053583 -0.093190 -0.002389 0.001409 -0.001957 0.022692 -0.008113 0.009910 -0.001339 0.000135 -0.023730 -0.005237 0.122565 -0.137970 0.068172 0.129198 -0.008998 0.101109 -0.006027 0.012221 0.000428 -0.161491 -0.001661 -0.001454 0.059536 0.005171 -0.103374 -0.040772 -0.066676 -0.035270 0.095667 -0.010160 -0.162829 -0.001553 0.088094 0.001830 0.000171 -0.129306 -0.075364 -0.035501 -0.004834 0.005534 0.008355 -0.082966 -0.072307 -0.001311 0.037110 0.027294 -0.025920 -0.000098 -0.070578 -0.110951 -0.136426 -0.020408 -0.128716 -0.002070 0.092490 0.075459 0.011084 0.100031 -0.077842 0.114216 -0.010115 -0.041410 -0.002245 -0.143601 0.006121 -0.003179 -0.077604 -0.002152 -0.152006 -0.004605 -0.016114 -0.003005 0.003722 0.005087 -0.097692 0.044376 0.006469 -0.075215 -0.060052 0.128153 -0.076130 -0.028117 -0.100899 0.004185 0.006648 0.002790 -0.053003 0.000055 -0.087047 0.092274 0.127444 -0.000985 0.001065
  -0.072809 0.027721 0.060499 -0.000908 -0.001647 -0.114061 0.105810 0.003994 0.162532 0.001291 0.046495 -0.002733 0.185124 0.000364 0.001240 0.088107 0.004393 -0.115694 -0.020681 0.074666 0.134932 -0.002821 0.024359 -0.001528 0.097084 0.113878 0.088702 -0.002316 0.004851 0.042122 0.002223 -0.045355 -0.018527 0.140678 -0.064229 0.048390 0.054601 0.123898 -0.009056 -0.048683 0.152427 0.000071 -0.128805 -0.072067 0.033459 -0.005977 0.000484 0.006813 0.162156 0.103509 0.000240 -0.088326 0.139803 0.027827 0.004202 0.022841 0.109020 -0.102199 -0.007271 0.002385 -0.001825 -0.064997 -0.064311 -0.068594 -0.030652 0.134655 0.008833 0.100002 -0.082827 -0.000671 0.043665 0.007227 0.002937 0.019519 0.001653 -0.050936 0.000250 -0.008360 -0.001472 -0.003545 0.046153 0.040820 0.101136 -0.016340 -0.064432 0.085309 0.135354 0.139647 0.068109 0.096746 0.001776 -0.004694 -0.005100 -0.088200 -0.009749 0.033295 0.154686 0.026265 0.001263 0.057126
  -0.040495 -0.104443 0.047977 0.001195 0.006476 -0.007959 0.140372 -0.001312 0.068495 0.000306 -0.098107 -0.007010 -0.093310 -0.001171 0.002039 -0.049551 0.002781 -0.029254 0.126429 0.050596 0.108584 0.006287 -0.016327 0.002327 -0.055158 -0.046444 -0.039183 0.000180 0.001092 0.075683 -0.000983 -0.077482 0.148872 0.031128 0.034378 0.061160 -0.089764 -0.066021 -0.008369 -0.058080 -0.102301 0.003735 0.019158 0.019190 0.023408 0.005231 -0.006204 0.131385 0.062579 -0.041642 -0.002379 0.040963 0.071977 -0.030848 -0.000650 0.009177 0.036728 0.130995 0.001264 0.034969 0.006374 -0.082517 -0.129722 -0.006871 0.018551 0.063867 0.042241 -0.056608 -0.063084 0.002940 0.143823 0.000599 0.000896 0.059682 -0.004172 0.019219 0.001156 -0.005105 -0.008432 0.005391 0.065086 -0.027727 0.031099 -0.001135 -0.074117 0.029100 0.025451 0.010659 0.137186 -0.088192 -0.009062 -0.007311 -0.008257 0.016390 -0.001704 -0.051342 0.053642 0.119223 -0.003075 0.042384
  0.109358 0.000707 -0.010081 0.000580 0.005821 0.018051 0.005592 -0.000501 -0.174799 0.000148 -0.014933 -0.003464 0.030910 -0.005941 -0.000834 -0.057785 -0.007303 0.129635 0.160009 -0.082311 0.049136 -0.003063 0.035650 -0.000977 -0.025098 0.060574 -0.060367 -0.008190 0.002186 0.085775 -0.000198 0.031939 0.038041 0.013629 0.022247 0.040947 -0.013430 0.088330 -0.002779 -0.009067 -0.017851 -0.001667 0.041615 0.019876 0.005314 -0.000875 0.004425 0.100992 0.174115 0.115407 0.006091 -0.050189 -0.074902 0.064735 0.006337 -0.034343 -0.038681 0.042370 0.000890 -0.012562 0.001538 0.176423 0.137910 -0.021885 -0.027550 -0.000426 0.013580 -0.060282 0.110734 -0.001379 0.152622 0.004571 -0.005429 0.170903 0.001281 0.049207 -0.000526 -0.004208 -0.001106 0.000385 -0.160265 0.074638 -0.039236 -0.023509 0.058283 0.056905 0.022117 -0.076699 0.150613 -0.078809 -0.008393 -0.000123 -0.000130 -0.072295 -0.009995 0.121480 0.084090 -0.005649 0.004010 -0.020859
  0.153194 -0.048346 0.078190 0.000447 -0.003477 0.099032 0.052667 -0.005579 -0.039570 -0.000382 -0.076764 0.007154 0.130905 -0.001260 0.000108 -0.029964 0.003651 0.141874 -0.030367 0.117860 0.019910 -0.004221 0.131573 -0.000274 0.008425 0.067400 -0.039280 -0.001844 0.005124 0.071434 0.002727 -0.030593 0.033070 0.141042 -0.011090 -0.088391 0.062020 -0.006817 -0.012308 0.112521 0.150070 0.000025 0.083481 0.111901 -0.008793 -0.015129 -0.004911 -0.098258 -0.126504 -0.023748 -0.000981 -0.058670 -0.088660 0.024113 -0.006692 0.151975 -0.115940 0.112836 0.005496 0.078467 0.001650 0.133779 -0.061817 0.148345 0.119207 0.080425 -0.019034 0.048025 0.062985 0.000644 0.083932 -0.011831 -0.000749 0.006445 -0.002792 -0.064788 -0.003172 -0.001177 0.000103 -0.007526 -0.007433 0.089605 0.088481 -0.016726 0.037722 0.019246 0.146066 0.104740 0.040150 0.002755 -0.005919 -0.009082 0.001275 -0.082456 -0.011953 0.083743 -0.065616 0.059460 0.004998 -0.047395
  -0.059591 -0.047798 -0.099902 -0.006580 -0.007417 0.007607 -0.031614 0.001202 0.125699 0.002156 0.036793 -0.006440 0.086946 -0.001217 -0.006419 0.128022 -0.002189 -0.056764 0.121079 0.125458 -0.021815 -0.006673 0.051867 0.001486 -0.094136 0.056457 0.155433 -0.003582 0.004474 0.153751 -0.003063 0.106353 -0.050124 0.082190 0.116257 -0.033152 0.109514 0.106545 -0.008642 -0.080487 -0.124979 0.000070 0.102823 0.104038 -0.004147 -0.001753 -0.002466 -0.069067 0.026334 0.024577 -0.000183 0.147454 0.073098 0.056162 -0.007070 0.137829 0.111650 0.123643 -0.013851 0.021392 -0.000217 -0.059967 0.057759 0.124564 -0.091433 -0.103486 0.097460 -0.021884 0.059663 -0.000830 -0.017198 0.002831 0.000203 0.124719 0.001565 0.127735 -0.008362 -0.011192 -0.007940 -0.000759 0.086646 0.019512 0.094622 -0.018085 -0.011606 0.122956 0.003136 0.113731 -0.051730 0.126902 -0.001122 0.002055 -0.007100 0.031171 0.008241 0.132450 -0.125722 -0.029287 -0.000836 -0.094768
  0.089522 -0.036935 -0.071374 0.000888 -0.000429 0.093516 0.148560 -0.006123 0.081415 -0.003846 -0.012600 -0.008741 -0.086633 -0.001853 -0.001453 0.137878 0.000719 0.155460 0.026617 -0.048183 -0.025968 -0.009881 -0.049682 0.000838 0.035043 -0.024804 -0.070909 -0.008692 -0.003798 -0.086946 0.002117 -0.076365 0.085602 -0.028790 -0.067519 0.114308 0.042175 -0.053582 0.002600 -0.125464 -0.090822 0.001626 0.068332 -0.047302 -0.085054 0.001705 -0.001967 -0.062956 0.018866 0.156054 -0.008510 0.085375 0.053659 -0.009908 0.001199 0.157382 -0.059669 -0.088110 0.012877 0.058255 -0.000840 0.046281 0.059176 0.085636 0.130466 -0.008374 -0.043385 0.089216 -0.003383 0.000276 0.010903 -0.005997 -0.000118 0.078531 0.002552 0.024551 -0.004313 -0.005847 0.002172 -0.000968 0.027129 0.015911 -0.075783 -0.002618 -0.093473 0.018380 -0.058568 -0.089824 0.018113 -0.041717 -0.000216 0.001831 0.001616 0.009711 -0.004798 0.039814 -0.022135 0.052083 0.005415 -0.070438
  0.158856 -0.151010 -0.105426 -0.001984 0.000408 -0.061947 0.152462 0.002869 0.046351 -0.000674 0.172758 0.003048 0.058970 0.001286 0.000266 0.072305 -0.003989 0.031237 -0.059918 -0.109318 0.097975 0.009664 0.194048 -0.000014 0.075133 -0.059291 0.113695 -0.008498 -0.002679 0.092453 -0.002216 -0.083742 0.136883 -0.000947 -0.063356 -0.066520 -0.112566 -0.035474 -0.002748 -0.011040 -0.024263 -0.005289 0.023105 0.098696 0.036931 -0.001271 0.005081 -0.032236 0.054822 0.154645 -0.007795 -0.065301 -0.147973 0.095886 -0.006297 -0.196935 0.052811 0.076550 -0.015605 0.005308 0.000294 0.180285 0.006912 0.128932 -0.119195 -0.016683 0.049682 0.134838 0.034461 0.002454 0.186487 -0.012249 -0.004950 -0.054804 -0.001618 -0.055084 0.004279 -0.019917 -0.001846 -0.004649 0.082012 0.105360 -0.002524 0.004218 0.054117 -0.025903 -0.033023 -0.033838 0.110529 -0.169154 -0.010089 0.000512 0.000592 0.092311 -0.012236 0.134074 0.046144 -0.058334 0.002189 0.155289
  -0.090128 -0.092618 0.034793 -0.003051 0.003335 -0.030469 0.106425 0.000885 0.018093 -0.004394 -0.061808 -0.008032 -0.033994 -0.001411 0.003482 -0.003250 0.003956 0.011937 0.120495 0.117508 -0.044242 0.010235 0.071270 0.002398 0.075957 -0.019670 -0.034122 -0.007507 -0.000017 0.169645 0.001559 -0.017272 0.123459 0.101767 -0.021777 -0.101823 -0.106729 0.144827 0.001827 -0.042684 -0.084126 0.001979 0.139297 0.100385 0.001568 -0.007046 -0.000079 -0.041202 0.124019 0.009722 0.003072 0.006683 0.109429 -0.007645 -0.002324 -0.004249 -0.077198 0.153195 -0.005202 0.040846 0.003300 0.140507 0.038108 0.143522 -0.141853 -0.087663 0.069837 -0.006288 0.017742 -0.001998 0.008992 0.002416 0.000426 0.172989 0.002265 -0.030261 -0.001534 -0.001651 0.004337 -0.009526 -0.051013 0.152336 0.037743 -0.012552 -0.041734 0.126380 0.148679 -0.040071 0.012927 0.032382 0.001625 0.003062 -0.000035 0.152766 -0.009496 -0.063793 0.080305 0.058899 0.003594 -0.111128
  0.130555 -0.023880 0.029150 -0.005068 0.000340 0.101253 -0.007457 -0.003947 0.029466 0.002821 -0.014862 -0.003046 -0.007302 0.005849 -0.001258 -0.099008 0.002644 0.090587 -0.050427 0.124912 0.065552 -0.000567 0.021770 0.004274 -0.029653 -0.021073 -0.047299 0.001557 0.000264 0.069820 -0.003905 0.088362 0.111614 -0.005086 0.144157 0.008708 0.109881 -0.078236 -0.004105 0.167358 0.103048 -0.002874 -0.010980 -0.100254 0.043691 -0.001122 -0.001118 -0.066169 0.173029 0.052628 -0.002745 0.011632 -0.062014 0.079453 0.003986 0.080339 0.055316 0.121660 -0.010709 -0.013394 0.005980 -0.009515 -0.065932 0.164244 -0.123797 0.101849 0.184163 0.054047 -0.097434 -0.002407 -0.051614 -0.001712 0.002153 0.026270 -0.001053 0.064249 0.000380 -0.000224 -0.001946 0.002953 0.026472 -0.005588 -0.085419 -0.016635 0.091012 -0.049446 0.167763 0.056105 0.169865 -0.136705 -0.002232 -0.008583 -0.002799 0.148208 -0.028280 0.030326 -0.091481 0.036081 0.002847 0.042577
  0.069038 -0.038410 0.056195 0.001276 -0.000829 -0.026234 0.118225 0.000231 -0.032239 -0.001099 -0.071461 0.001430 0.002460 -0.000235 0.000611 -0.092675 0.000623 0.121306 0.084802 -0.020008 -0.031908 -0.005625 -0.003801 -0.000053 0.106726 0.006763 -0.016259 -0.008183 -0.007884 -0.148162 0.005017 -0.031725 -0.016684 0.103364 0.003904 0.010953 -0.086247 0.077350 -0.011515 -0.108695 -0.072993 -0.002999 -0.037454 0.056642 -0.041156 -0.001725 -0.006495 -0.107588 -0.021032 0.111294 0.003268 0.108211 0.044134 0.026951 -0.000098 0.047525 -0.122000 0.006370 -0.016033 -0.044648 -0.000273 -0.120845 -0.026052 -0.119865 0.139476 -0.100121 -0.091524 0.105180 -0.021976 -0.005859 -0.041225 -0.007457 -0.002278 -0.143469 -0.000791 0.064379 0.000410 -0.002885 -0.005033 -0.001763 0.032049 -0.136688 0.134964 -0.005169 0.072345 -0.043124 -0.070866 0.070918 0.043109 -0.025587 0.005417 -0.004140 -0.007499 0.008957 0.006172 0.106953 -0.011401 -0.150078 0.000277 -0.030450
  -0.027044 0.082527 -0.097575 -0.000175 -0.000765 0.054618 0.034296 -0.004563 -0.047394 -0.003444 -0.101166 0.000780 0.111842 0.000805 0.000503 -0.026454 -0.004597 0.108314 0.122445 0.054971 -0.067017 0.001717 -0.132107 0.002190 0.081406 -0.089575 0.126588 0.006943 0.004856 -0.008829 -0.003494 0.017887 -0.031622 -0.041725 -0.035363 0.036826 -0.032211 -0.054202 -0.018323 0.100267 0.126544 -0.007757 0.112400 -0.140680 0.003672 0.001860 0.002543 -0.139985 0.108335 0.110163 -0.000022 -0.022623 -0.056268 -0.003831 -0.001449 0.166046 -0.056996 0.044807 -0.020165 -0.138369 -0.006658 -0.139708 0.095942 0.092142 0.090204 0.023438 0.020408 -0.051976 -0.024031 -0.002311 0.069040 -0.005144 -0.005702 0.027113 0.003913 0.032564 0.002619 0.000709 -0.000330 0.001674 -0.023391 -0.098478 0.029672 -0.011082 -0.014740 0.102513 -0.057351 -0.041925 0.088262 0.022239 -0.000074 0.003993 -0.000400 0.041973 -0.010209 -0.078178 0.013333 -0.025063 0.005165 0.130437
  0.142781 -0.027915 0.038756 0.001275 -0.001213 0.110456 -0.094078 -0.005563 0.096338 0.000554 0.016543 -0.000236 0.174245 0.000621 -0.000867 -0.048633 -0.004803 0.181855 0.060926 -0.028788 0.046985 0.004411 0.092258 0.001125 0.022108 -0.090932 0.190482 0.004355 0.005358 0.178762 0.002644 0.103146 0.147498 0.080924 -0.037305 0.041917 0.149315 0.020311 0.002035 -0.070837 -0.093152 -0.001822 -0.129784 -0.070867 -0.031889 0.002141 -0.007329 -0.005211 -0.074426 0.103390 0.000374 0.110600 -0.046578 -0.023867 0.000955 0.031029 -0.036675 0.038452 -0.017121 -0.034021 0.001342 0.077260 -0.106906 -0.009592 0.092192 0.138076 0.168322 0.044973 0.088892 -0.003520 -0.058016 -0.001863 0.000429 -0.010122 0.002693 -0.038516 -0.001144 -0.015423 -0.000931 -0.008589 -0.021174 0.033884 -0.045177 -0.008053 0.004930 0.046285 0.063738 -0.008153 0.156268 0.019073 -0.003079 0.005929 0.003154 0.189576 0.002331 0.026024 -0.027234 0.110459 0.005933 0.055772
  0.130572 -0.068097 0.019323 0.003963 0.001620 0.155621 0.094616 -0.000604 0.012954 0.004318 0.021790 -0.002901 0.009672 0.000061 -0.006106 0.090593 -0.005604 -0.008553 0.113165 -0.012612 0.115057 -0.000284 0.155785 -0.004432 -0.109469 0.114340 0.101559 -0.003399 0.006762 0.019845 0.005380 0.022243 0.011710 0.005043 -0.024696 0.032307 0.000395 -0.104946 -0.011849 -0.072383 0.109538 0.000142 0.078114 0.144223 -0.031059 0.006615 -0.002088 -0.066636 -0.002592 0.020652 0.004431 0.040960 -0.045912 0.096346 -0.001401 -0.095269 0.055554 0.133314 0.001822 0.051793 -0.001233 -0.092110 0.043466 0.086977 -0.034904 -0.059846 0.153236 0.111050 0.056882 -0.005706 -0.076096 -0.011716 0.000562 -0.088131 0.003233 0.161085 -0.000675 -0.000448 0.002086 0.005004 0.048814 -0.098866 -0.066895 -0.005969 0.077934 -0.086827 0.025191 0.098376 -0.056488 0.020458 -0.008473 0.002580 0.000602 -0.028630 -0.004518 0.100766 0.130931 -0.010267 0.001149 0.029042
  0.067959 0.065318 -0.160855 -0.001358 -0.000118 -0.030502 0.174717 0.000635 -0.004495 0.002494 0.046642 0.000092 -0.071639 -0.001354 -0.005008 0.115110 -0.001502 0.003829 0.055116 -0.125970 0.180567 -0.012357 0.171426 -0.000278 0.086976 -0.037286 0.202257 -0.004079 0.000219 0.198831 0.003805 0.073958 0.198690 0.117730 -0.010060 0.032246 -0.053143 0.020765 -0.002901 0.077518 -0.216120 0.003433 -0.024825 0.195639 0.072053 0.004628 0.002778 -0.017243 0.072919 -0.009832 -0.003177 0.099481 -0.176672 0.200005 0.004498 -0.107189 0.079832 0.049750 0.002719 0.123451 -0.002993 0.046736 -0.065068 0.186601 -0.159187 -0.058766 0.180507 0.181010 0.168322 -0.001673 0.103402 -0.000280 -0.004440 0.081501 -0.010624 0.017009 0.005777 -0.009648 0.005860 -0.003292 -0.014673 0.102677 -0.009902 -0.010661 0.169252 -0.071901 0.179644 -0.023178 0.169194 -0.062302 0.002127 0.001072 -0.004769 0.173631 -0.017731 -0.018889 0.129298 -0.046257 -0.004042 0.040539
  0.132679 -0.057403 0.047737 0.001295 0.003243 0.159440 0.117434 0.000649 0.010680 -0.006526 0.090696 0.007025 0.122085 -0.008342 -0.000136 0.072140 0.002567 0.097678 0.064917 -0.081831 0.160681 0.006336 -0.015893 -0.002190 0.152596 0.151696 0.033295 -0.008370 -0.008390 -0.026716 0.000466 0.068396 0.073563 0.100810 -0.070429 -0.071243 0.002801 -0.047029 -0.022069 0.067476 0.091159 0.001509 0.096796 0.080203 0.020860 -0.006240 0.007047 -0.052218 -0.031459 -0.008937 0.006148 0.187122 0.086415 0.089543 -0.001020 0.140608 0.123250 0.164350 -0.016613 0.011464 0.003274 -0.055307 0.152691 0.034475 0.129438 -0.006240 0.122843 0.040555 0.075533 -0.001244 0.178970 0.000772 -0.001671 0.153130 -0.002852 0.005939 -0.005852 0.003606 -0.002129 -0.003113 0.087657 0.138644 -0.081975 -0.013645 0.160545 -0.082367 0.135313 0.056914 0.098143 -0.011414 0.001112 -0.008202 0.001915 -0.092440 -0.005963 -0.063878 0.106181 -0.005500 -0.000733 0.000257
Biases:
  0.139952 -0.009563 0.043068 -0.125732 -0.103826 0.077769 0.182890 -0.133957 -0.138967 -0.113821 0.103170 -0.040295 0.148653 -0.131620 -0.091818 0.013945 0.020475 0.112167 -0.043629 0.109256 0.015682 0.035733 0.064600 -0.095424 0.152442 0.095616 0.029365 0.010124 -0.082653 0.114133 -0.068563 0.163147 -0.018037 -0.086246 0.009451 -0.031841 -0.006788 -0.028377 0.038537 -0.020030 0.010662 0.003586 0.161723 0.192796 0.100061 0.040876 -0.043076 0.135409 0.187394 -0.063047 -0.005093 -0.021237 0.028381 0.046169 -0.009800 -0.042837 0.188659 0.068891 0.070043 0.001241 -0.035235 0.047701 -0.103707 0.019430 -0.009999 0.070600 0.096241 0.039126 -0.000869 0.011732 -0.053486 -0.096703 -0.129506 -0.083628 -0.091373 -0.068974 -0.077289 0.018424 -0.140907 -0.033268 0.123976 0.138513 -0.089119 0.083992 -0.000316 -0.068083 0.187130 0.167635 0.032333 0.031506 0.026459 -0.095762 -0.098284 0.050472 0.090717 -0.094581 0.115361 -0.043597 -0.022877 0.074966
Weight range: -0.270589 to 0.231771
Bias range: -0.140907 to 0.192796

--- Layer 3 ---
Number of nodes: 2
Weights:
  0.141250 -0.253869
  -0.084515 0.077270
  -0.227522 -0.139566
  0.002402 0.000303
  -0.009510 0.000045
  0.236180 -0.264230
  0.096404 -0.230910
  -0.024695 -0.014382
  -0.066787 0.160223
  -0.003722 0.001301
  0.022442 -0.174747
  0.000366 0.007593
  0.202393 0.127359
  -0.002228 0.007294
  -0.007554 0.005145
  0.255409 -0.267949
  0.000805 0.003177
  0.128154 -0.186132
  0.253809 0.033956
  -0.182335 -0.194985
  0.172476 -0.229681
  -0.007700 -0.008590
  0.081727 0.059953
  -0.000929 0.005843
  0.274216 -0.146134
  0.071647 0.224363
  0.148358 0.037804
  -0.005950 -0.001062
  0.001254 0.003066
  0.283059 -0.261058
  -0.017858 -0.021916
  0.167430 -0.216540
  0.096166 -0.112984
  0.019851 -0.162025
  0.198172 0.068821
  0.253402 0.003528
  -0.240425 -0.108513
  0.264652 0.078777
  -0.022062 0.003961
  -0.006265 -0.103143
  -0.196877 0.182250
  -0.017243 -0.005894
  -0.032759 -0.209289
  0.039571 -0.267433
  -0.089771 0.183218
  -0.002467 -0.003762
  -0.000074 0.000458
  0.195649 -0.184404
  0.213963 0.094386
  0.145560 -0.235250
  -0.022164 0.000768
  0.179641 0.046033
  -0.212512 -0.122995
  0.128469 0.071578
  -0.011423 -0.039800
  -0.080405 0.070902
  0.132100 0.117477
  0.093721 -0.222548
  0.023979 0.036735
  0.217169 0.160874
  -0.002915 0.004774
  0.205868 0.052649
  -0.189262 0.291009
  0.036134 -0.225655
  -0.218774 0.094460
  0.020726 -0.235551
  0.147698 0.114733
  0.159677 -0.181557
  0.127029 -0.253154
  -0.003056 -0.002667
  0.208697 -0.093439
  -0.025650 -0.005791
  -0.000007 0.016224
  0.255485 -0.190767
  -0.007558 -0.014550
  0.182390 -0.257005
  -0.013383 0.000268
  -0.004524 -0.020712
  -0.001080 -0.007488
  0.000410 0.022332
  -0.244228 0.115063
  0.248884 0.145971
  -0.107589 0.133784
  -0.018783 0.003862
  0.261775 -0.008309
  0.023555 -0.169820
  0.101227 0.015387
  0.115365 -0.267312
  0.067046 0.010132
  -0.142884 -0.163198
  -0.004002 0.003354
  0.001845 0.010880
  -0.003381 0.015672
  0.157525 -0.087442
  -0.045384 -0.006606
  0.260153 -0.125026
  -0.032213 -0.176455
  0.186259 -0.108065
  -0.002205 -0.001714
  0.012473 -0.075199
Biases:
  0.051867 0.104948
Weight range: -0.267949 to 0.291009
Bias range: 0.051867 to 0.104948

