=== Artificial Neural Network Parameters ===

Number of layers (including input & output): 4
Layer sizes: (200, 100) (hidden), output=2

Activation function: relu

--- Layer 1 ---
Number of nodes: 200
Weights:
  0.006210 0.238985 0.046475 0.067511 -0.121662 -0.004988 -0.193148 0.122459 0.023514 0.095383 -0.027755 0.166543 0.170715 0.001913 -0.042280 -0.166041 -0.132511 0.093696 0.072369 0.006672 0.074567 -0.070379 -0.006334 -0.009471 -0.003520 0.139288 -0.036277 0.064695 0.056967 -0.278271 0.186209 -0.001044 -0.347777 0.192837 0.197863 0.128925 -0.028982 -0.235384 0.092787 -0.003295 0.004909 0.004599 -0.210825 0.180585 -0.277006 0.041038 0.106221 0.000903 0.034757 -0.023583 0.221726 0.105856 0.191373 0.148129 0.001680 0.222472 0.000326 -0.326889 -0.269885 -0.008805 -0.003664 -0.041038 0.146163 0.000500 -0.111569 0.060027 -0.247516 0.145204 -0.249854 0.163697 0.132747 0.008916 -0.070832 0.131397 0.000000 0.207415 0.165071 -0.295316 0.005679 -0.173874 0.190721 0.082185 0.002752 -0.196352 -0.000085 -0.201094 0.141814 0.080079 0.173212 0.026217 -0.062833 0.109358 0.141109 0.038261 0.108314 -0.005891 0.038391 -0.008516 -0.022257 -0.170264 -0.132953 0.011737 -0.006775 0.001462 0.193147 0.003608 -0.066279 0.144627 -0.003303 -0.217798 0.001690 -0.157616 0.160944 0.172413 0.074341 0.209038 0.179525 0.008243 0.145153 -0.002150 0.128290 0.149861 -0.035995 -0.149806 -0.067900 0.092689 0.154105 0.004368 -0.243265 -0.164653 0.011384 -0.187308 -0.040611 0.014873 0.254210 -0.007143 0.123948 0.097153 -0.000000 0.216637 0.184614 -0.017722 -0.000136 0.003661 -0.009395 -0.188485 -0.000802 0.016828 -0.068650 -0.083721 0.097437 -0.062356 -0.067992 -0.021463 0.164445 -0.010619 0.046758 0.058793 0.002899 0.121066 -0.153350 0.133965 0.109339 -0.042661 -0.057130 0.148140 0.000624 -0.209969 -0.196903 0.035636 0.080091 -0.121378 0.033563 -0.232866 -0.008390 -0.114396 0.085767 -0.003748 0.142816 -0.239764 0.008651 -0.020007 0.180388 0.203119 -0.011404 0.058286 0.168185 -0.003616 0.003080 -0.028392 -0.004273 0.192711 0.126496 0.117230 -0.005463 0.006061 0.128235 0.141684 0.140251 0.127230
  0.130802 -0.140680 -0.036145 0.195307 -0.079678 -0.331974 -0.161131 0.057278 -0.311014 -0.150137 0.011187 0.112668 0.124953 -0.221496 0.034075 -0.146990 -0.166368 0.180134 0.037744 0.212746 0.069364 0.123908 -0.130795 -0.146741 -0.082482 0.020254 0.333181 -0.023408 0.338578 0.030407 0.152471 0.054555 0.060070 0.019057 -0.041119 0.105727 -0.119233 -0.142569 0.097831 -0.088139 0.212639 0.116575 0.158065 0.027600 -0.177312 0.106870 0.019540 0.117666 0.327443 0.089367 -0.161887 0.037108 0.232607 -0.096834 -0.129710 0.174606 0.256743 -0.008249 -0.014804 -0.069616 0.061731 0.207571 -0.154243 0.085644 0.062098 -0.014939 0.133983 0.019368 -0.138997 -0.004950 0.096569 0.098015 0.079845 0.063831 0.000000 -0.012089 0.115468 0.006510 0.123778 0.081827 0.218696 0.033681 -0.175794 -0.219539 -0.000033 -0.213888 0.029960 0.156957 -0.041701 0.059794 -0.262696 -0.069153 0.059132 -0.112575 -0.059788 0.219414 0.225017 0.000404 0.145959 -0.142442 -0.117642 0.027653 0.000530 -0.020127 0.085897 0.150145 0.057704 -0.046682 0.125903 -0.148297 -0.078113 -0.195591 -0.168102 0.183980 0.096273 0.127670 -0.037119 -0.195885 -0.082161 0.020690 0.042230 0.056434 0.021294 -0.133441 0.171406 0.124442 0.008740 0.028819 -0.031263 -0.223764 -0.183894 0.144971 -0.190901 -0.237678 -0.311528 -0.178343 0.056167 0.040423 -0.000000 -0.043954 0.022842 0.013081 -0.142178 0.045772 -0.189287 0.038692 0.172049 -0.209899 -0.021101 0.106086 -0.023856 0.185177 0.107238 -0.016781 -0.094084 0.071397 -0.173219 -0.002125 0.200621 0.039757 -0.084110 0.124452 -0.082772 0.007976 0.277669 -0.060727 0.291933 0.099146 -0.163792 -0.093439 -0.087678 -0.190973 -0.022409 0.242428 -0.217782 0.026994 0.129673 -0.244327 0.136270 0.025830 -0.260189 0.111849 0.144444 0.238164 0.205428 0.118127 0.016494 -0.146802 0.169291 0.050608 0.294457 0.036810 -0.101316 0.100512 -0.206682 0.189208 0.111062 -0.165166 0.065276 0.156292
  -0.149858 0.160903 0.025052 0.016096 -0.158093 0.198242 -0.078664 -0.109844 0.095675 -0.182985 0.005260 0.103315 0.224112 -0.010720 0.026257 -0.130401 -0.089427 -0.072065 0.006171 0.145278 0.003238 0.144209 -0.157142 -0.152764 -0.174022 -0.051215 -0.107003 0.103195 -0.062098 -0.229698 -0.193090 0.309170 0.059726 -0.096215 -0.139615 -0.051684 -0.185401 0.153644 -0.046353 -0.176998 -0.234764 0.218850 -0.174831 -0.059435 0.082032 0.203987 0.227797 0.030508 -0.022475 -0.111162 -0.011112 -0.070355 -0.076420 0.093747 -0.206949 0.010536 -0.304206 -0.048471 -0.219442 -0.288747 -0.143758 0.047941 0.080844 -0.031170 0.057056 -0.041096 -0.070858 0.191117 -0.103450 0.021692 -0.100464 0.224146 -0.041606 0.149840 0.000000 0.213148 -0.068003 0.052398 0.166172 -0.002739 -0.031393 0.001203 -0.103217 0.125115 -0.000168 0.063147 -0.167376 -0.132373 0.143975 0.266460 -0.095543 0.029784 -0.123481 -0.085048 -0.041601 -0.015752 -0.042862 -0.174943 0.199434 0.181712 0.114010 -0.045932 -0.164778 0.130932 0.080326 -0.238414 0.026727 0.054020 0.142608 0.073750 -0.020092 -0.065341 0.199302 0.037502 -0.099362 -0.176561 -0.043490 0.131283 0.017202 -0.331073 -0.108905 -0.054363 0.077772 0.159398 0.015020 0.060843 -0.073363 -0.120135 -0.220635 0.000081 0.320977 0.267807 0.129644 0.084393 -0.018358 0.212377 0.166606 -0.131983 -0.000000 -0.195802 0.078979 -0.059859 -0.170169 0.059981 -0.035871 -0.181725 -0.213643 -0.010423 -0.002200 0.005687 -0.021816 0.046077 0.089827 0.003015 0.042671 0.015347 -0.173542 -0.308997 0.160923 -0.062717 0.156531 -0.111238 -0.153340 -0.224883 -0.143141 -0.035596 -0.055160 -0.016020 0.210791 -0.063369 -0.023209 0.045137 -0.026431 0.048981 0.258933 0.260337 -0.126645 0.262276 -0.088941 -0.022641 0.025964 0.216777 -0.144645 -0.037034 0.002616 -0.171261 -0.159156 -0.122916 -0.193404 -0.062168 -0.031815 -0.061780 -0.121440 -0.108839 0.228895 -0.005564 -0.051082 -0.114186 -0.141552 -0.227122
  -0.046375 0.028114 -0.176008 -0.100653 -0.018930 -0.019719 -0.160713 0.028569 0.142162 -0.030704 -0.037350 0.072154 0.018935 0.005456 0.124948 0.178494 -0.050076 0.014880 0.089197 0.059956 0.092117 -0.095012 -0.027788 0.102062 0.044828 0.130654 -0.134993 0.022977 -0.134122 -0.019041 0.049359 0.086395 0.030432 0.025433 -0.099295 0.076714 0.111410 -0.041113 0.041548 -0.077678 -0.102556 -0.045019 -0.071463 0.149675 -0.159355 0.073359 0.019966 0.043755 0.182701 0.014939 -0.014208 0.115716 0.024385 0.068474 0.001235 -0.054030 0.024914 0.046254 0.012298 -0.087659 0.001235 0.176459 0.048819 -0.102700 -0.175258 -0.127649 -0.003594 -0.180949 -0.029292 0.101157 -0.014840 0.047520 -0.180473 0.032554 -0.000000 0.016499 -0.115852 0.056089 0.205874 0.151383 0.015906 0.136682 -0.047355 0.176888 0.000143 -0.004181 0.104481 0.032588 0.090873 -0.254380 -0.113259 0.133550 0.169102 -0.049242 -0.099483 0.012817 -0.089424 0.180886 -0.114314 0.008286 -0.005395 -0.229551 -0.038121 0.024176 -0.137144 0.069464 -0.078417 0.135390 -0.082690 0.164645 0.078089 0.017333 0.052793 -0.005341 -0.016949 0.163448 0.181586 0.123666 -0.017513 -0.041756 0.206649 -0.030509 -0.195629 -0.009111 0.016713 0.153327 -0.082204 0.154400 0.007884 -0.161705 -0.239224 0.079399 0.142336 -0.009518 0.017079 0.007026 -0.036593 0.234631 -0.000000 -0.026197 0.017898 -0.097250 0.140724 0.010284 -0.079329 0.261334 0.008080 0.005178 0.050586 0.042665 -0.053850 0.116941 0.089838 0.050197 -0.074394 0.234972 0.184742 0.078263 0.200541 0.151222 -0.183418 -0.040070 -0.056189 0.040086 -0.010422 0.121321 -0.006214 0.102339 0.029091 0.109654 -0.141148 0.200418 -0.219417 -0.048274 0.001604 -0.143809 -0.026050 0.034116 0.091701 0.098765 0.044379 -0.040981 -0.029545 0.018946 -0.073557 0.152670 0.150582 -0.018675 0.051143 0.352340 0.003361 0.107460 0.046765 0.094233 -0.137528 0.147768 0.156289 0.026730 0.164105 0.083929
Biases:
  0.098294 -0.069352 0.092978 0.043302 -0.027669 0.120475 0.193244 0.149927 0.013831 -0.160308 0.019534 0.142234 -0.125078 0.206406 0.151136 -0.047283 -0.088820 -0.042239 -0.140454 -0.052076 0.200755 -0.177077 -0.025023 -0.072891 -0.080755 0.243355 -0.024642 -0.000346 -0.035235 0.000561 -0.041879 0.008672 -0.063921 -0.104330 0.074073 -0.010233 0.155197 -0.086880 0.110841 0.080997 -0.183829 0.098043 -0.153794 0.263622 -0.133997 -0.148375 -0.152451 0.257226 0.119822 0.142461 -0.132855 0.198109 -0.131757 0.150338 -0.235763 -0.161849 -0.200090 -0.096080 -0.024845 -0.199041 0.136042 0.019094 0.074006 0.000296 -0.108984 0.058010 -0.137556 -0.150937 0.096798 0.218354 -0.091045 -0.113376 0.030220 -0.082903 -0.162791 -0.095890 0.140730 0.055947 -0.163606 -0.108556 -0.157998 0.159953 -0.281631 -0.127231 -0.046007 -0.218791 0.093533 -0.195002 -0.133986 0.015411 0.125351 0.195455 0.205998 -0.041296 0.071998 -0.182068 -0.023715 0.173685 -0.300448 -0.250991 -0.135289 -0.307232 -0.204007 0.093799 0.074074 0.192247 0.087283 0.013218 -0.258193 -0.042495 0.023143 -0.112038 0.095062 -0.006346 -0.019975 0.020674 0.003108 0.166035 0.196090 -0.265131 0.191186 0.092443 0.219529 0.062135 -0.077181 -0.206982 -0.049487 -0.122897 -0.023897 -0.073942 -0.079429 0.114485 0.237960 -0.118505 -0.033773 -0.154842 -0.131598 0.206289 -0.131110 0.109391 -0.045562 -0.004102 0.116319 0.155102 -0.143836 -0.125628 -0.139374 0.177365 0.033355 0.035747 0.058682 0.066005 -0.187618 0.146396 0.017576 -0.090548 0.020343 -0.308392 -0.208388 0.170807 -0.224083 0.114734 -0.066803 -0.125079 -0.154182 0.000750 0.128195 -0.124965 -0.042749 -0.108163 0.146150 0.052766 0.174896 -0.082992 -0.193384 -0.063642 -0.004307 -0.199212 -0.015064 -0.061745 -0.143816 0.128651 -0.110307 -0.166756 0.142444 -0.048830 0.131290 0.014259 -0.087146 0.089750 0.124474 0.172444 -0.087013 0.098395 -0.137981 -0.268346 0.209381 -0.116524 0.209787 0.029075
Weight range: -0.347777 to 0.352340
Bias range: -0.308392 to 0.263622

--- Layer 2 ---
Number of nodes: 100
Weights:
  -0.044802 0.000000 -0.000000 0.000000 0.097045 0.000000 -0.000000 0.052492 -0.029041 0.045450 -0.000000 0.178809 0.149010 -0.060166 0.086580 0.000000 -0.044417 -0.000000 0.000000 -0.106543 0.000000 -0.025017 0.140548 0.154401 0.111942 0.022311 0.155164 0.107616 -0.021520 -0.000000 -0.000000 -0.000000 -0.000000 -0.000000 -0.105569 0.000000 -0.008665 0.000000 -0.104238 -0.000000 0.030762 0.067102 0.004744 0.074837 0.133105 -0.011869 -0.060509 -0.000000 0.190490 -0.000000 0.130763 -0.000000 0.123182 0.114129 0.000000 -0.033541 0.099305 -0.000000 0.033132 0.106211 0.149241 0.000000 0.101108 -0.000000 -0.008766 -0.000000 -0.039859 -0.000000 0.030697 -0.066531 -0.000000 -0.060411 -0.000000 -0.000000 0.136300 -0.000000 -0.000000 0.000001 -0.000000 0.162180 0.072080 -0.053860 -0.003489 0.118775 0.000000 -0.045125 0.058317 -0.071802 0.161353 -0.184321 0.141660 0.073774 0.049090 -0.000000 -0.091149 -0.000000 -0.000000 -0.000000 0.084712 -0.000000
  0.047032 0.000000 -0.000000 0.000000 0.167629 -0.000000 -0.000000 0.062175 0.074689 -0.067607 0.000000 -0.062577 -0.105626 0.036676 0.049449 0.000000 -0.091361 -0.000000 -0.000000 -0.340075 0.000000 0.152834 0.093189 0.105755 -0.565396 0.006000 -0.127097 0.000303 -0.028526 -0.000000 0.000000 -0.000000 -0.000000 -0.000000 0.103892 -0.000000 -0.580008 -0.000000 0.020980 0.000000 0.117030 -0.056347 -0.008999 0.010493 -0.045392 0.055710 0.105367 -0.000000 0.174827 0.000000 0.084408 0.000000 0.084825 0.030121 0.000000 0.092114 -0.107000 0.000000 0.100165 -0.103066 0.115463 -0.000000 -0.020932 0.000000 -0.068821 -0.000000 0.073527 -0.000000 -0.917630 -0.046680 0.000000 0.133884 0.000000 -0.000000 0.141029 0.000000 0.000000 -0.117640 0.000000 0.020628 0.132650 -0.056192 0.061008 0.147211 -0.000000 0.192880 0.030733 -0.094895 -0.047904 0.095898 -0.092191 0.025589 -0.019889 0.000000 -0.164152 0.000000 -0.000000 0.000000 0.084776 -0.000000
  0.150663 -0.000000 -0.000000 -0.000000 0.068038 0.000000 -0.000000 0.034906 0.015733 0.230136 -0.000000 0.063252 -0.010973 0.178098 0.144167 -0.000000 -0.031718 -0.000000 0.000000 -0.057279 0.000000 -0.018830 0.026660 0.179045 -0.045306 0.093947 0.040869 0.005695 0.198014 -0.000000 0.000000 -0.000000 -0.000000 -0.000000 0.119887 -0.000000 0.049974 -0.000000 0.186817 -0.000000 0.158934 0.144652 -0.154370 0.069000 0.129740 0.053589 -0.030730 -0.000000 0.289950 0.000000 0.157725 -0.000000 -0.149422 -0.041642 0.000000 0.027121 -0.028409 -0.000000 -0.055515 0.193847 0.025071 0.000000 0.006287 -0.000000 -0.082516 -0.000000 0.044559 -0.000000 -0.008648 -0.012352 0.000000 0.154711 0.000000 -0.000000 -0.022945 -0.000000 -0.000000 0.126200 -0.000000 0.061313 0.073514 0.211298 0.074925 -0.075222 -0.000000 -0.030643 -0.057292 -0.039023 -0.069982 -0.282784 0.029672 -0.040469 0.102041 0.000000 0.119226 -0.000000 -0.000000 -0.000000 0.114313 -0.000000
  -0.137606 0.000000 -0.000000 0.000000 0.103134 0.000000 -0.000000 -1.061594 -0.017182 0.125321 -0.000000 0.112445 0.012421 0.112673 0.041759 0.000000 0.035392 -0.000000 -0.000000 -0.104533 -0.000000 -0.057539 0.083338 -0.069109 0.025080 -0.060697 -0.094596 0.125479 0.036877 -0.000000 0.000000 0.000000 -0.000000 0.000000 0.129574 0.000000 -0.069018 0.000000 -0.089688 -0.000000 -0.044641 0.046711 0.115476 -0.026276 0.083162 -0.005351 -0.028340 -0.000000 0.212122 -0.000000 0.140483 0.000000 -0.020511 0.041446 -0.000000 0.122917 0.091820 -0.000000 -0.058261 0.092978 0.135439 -0.000000 0.055812 0.000000 0.098581 -0.000000 0.039705 0.000000 -0.402710 -0.037295 0.000000 -0.008906 0.000000 -0.000000 -0.235808 0.000000 -0.000000 -0.162250 -0.000000 0.029219 -0.048193 0.006722 0.147171 -0.038952 0.000000 -0.070254 0.060248 -0.085536 0.133338 -0.558580 -0.058375 -0.110124 -0.082425 -0.000000 0.013540 0.000000 -0.000000 -0.000000 0.071562 -0.000000
  0.005029 -0.000000 -0.000000 0.000000 -0.019127 -0.000000 0.000000 0.131972 0.004729 0.087103 -0.000000 -0.114085 -0.109802 -0.138586 -0.041890 0.000000 -0.132129 -0.000000 -0.000000 0.216126 -0.000000 -0.025942 -0.154894 -0.117411 0.080447 0.102563 -0.149071 0.053249 0.015301 -0.000000 -0.000000 -0.000000 -0.000000 0.000000 -0.077164 -0.000000 -0.074309 0.000000 -0.096162 0.000000 0.116645 -0.200881 0.193810 0.054004 0.089550 -0.175865 0.011736 -0.000000 0.111084 0.000000 -0.046402 0.000000 0.135332 -0.000509 -0.000000 0.089704 0.021985 0.000000 -0.075747 0.022232 -0.038689 0.000000 -0.125530 0.000000 0.119813 -0.000000 0.113337 -0.000000 0.027398 0.028686 0.000000 0.012048 0.000000 -0.000000 -0.048536 0.000000 0.000000 0.174333 0.000000 -0.043726 0.037323 -0.118266 0.000019 -0.196742 -0.000000 -0.027839 -0.036125 -0.331727 -0.048616 -0.004502 -0.093019 -0.060057 -0.109191 -0.000000 -0.082601 0.000000 -0.000000 -0.000000 -0.079629 -0.000000
  -0.012698 -0.000000 -0.000000 -0.000000 0.041600 -0.000000 -0.000000 -0.025563 0.100494 0.189051 -0.000000 0.130454 0.135653 -0.053868 0.018626 -0.000000 0.140461 -0.000000 -0.000000 0.004170 -0.000000 0.192818 -0.001565 -0.042585 -0.669443 -0.031515 -0.015533 0.007657 0.152681 -0.000000 -0.000000 -0.000000 0.000000 -0.000000 -0.061254 -0.000000 0.335760 0.000000 -0.018150 -0.000000 0.131965 -0.106398 0.066823 -0.106632 0.201672 0.032085 0.178948 -0.000000 0.069348 0.000000 0.203642 0.000000 0.070903 0.117673 -0.000000 -0.019853 0.060253 -0.000000 0.144861 0.291437 0.033828 -0.000000 0.152957 -0.000000 0.163014 -0.000000 0.046283 -0.000000 -0.588557 0.053292 0.000000 -0.046209 0.000000 0.000000 -0.084662 -0.000000 -0.000000 -0.008098 0.000000 0.079795 -0.017974 0.168916 0.103966 0.063201 0.000000 -0.193023 0.086417 0.061643 0.038051 0.139991 0.129844 0.225988 -0.026702 -0.000000 0.079020 0.000000 -0.000000 -0.000000 -0.070692 -0.000000
  0.018077 -0.000000 -0.000000 -0.000000 -0.062070 -0.000000 -0.000000 0.182390 0.009205 0.118738 -0.000000 0.127172 0.032507 0.060538 0.030397 0.000000 0.237957 -0.000000 0.000000 0.123656 -0.000000 -0.041446 0.053255 0.183947 -0.169370 0.086748 -0.015475 0.057564 -0.048791 -0.000000 0.000000 -0.000000 0.000000 0.000000 0.180956 -0.000000 -0.122231 -0.000000 0.207007 0.000000 0.073592 0.152824 -0.125249 0.021489 -0.057653 0.087714 -0.034590 -0.000000 0.163392 0.000000 -0.052172 -0.000000 -0.035645 -0.005168 -0.000000 0.172584 0.038343 -0.000000 0.038954 0.058805 0.121878 -0.000000 0.178599 -0.000000 0.204283 -0.000000 -0.040785 0.000000 -0.200198 0.139865 -0.000000 0.164434 0.000000 0.000000 0.061078 -0.000000 -0.000000 0.050186 -0.000000 0.114820 0.006123 0.180982 0.101356 0.134612 -0.000000 0.132137 0.186370 -0.157438 0.091604 -0.024689 -0.034603 0.065042 0.046588 -0.000000 -0.022187 -0.000000 -0.000000 -0.000000 0.205933 -0.000000
  0.126914 -0.000000 -0.000000 0.000000 0.036858 -0.000000 -0.000000 -0.102456 0.094639 0.110659 -0.000000 -0.063616 0.130341 0.068709 -0.064715 0.000000 -0.062729 -0.000000 0.000000 -0.149699 -0.000000 -0.042536 -0.027674 -0.070151 0.051303 -0.087202 0.053907 0.192200 0.133925 -0.000000 -0.000000 -0.000000 -0.000000 -0.000000 -0.093275 0.000000 -0.003144 -0.000000 0.014878 -0.000000 0.140237 0.109278 -0.046801 0.003598 0.021725 0.001790 -0.092093 -0.000000 0.223267 -0.000000 0.075590 -0.000000 -0.173654 -0.041413 0.000000 0.125105 0.161628 -0.000000 -0.066449 0.148660 0.051641 0.000000 -0.063436 -0.000000 -0.048077 -0.000000 0.107028 -0.000000 0.022014 0.017766 -0.000000 0.135578 0.000000 0.000000 0.067704 -0.000000 0.000000 -0.178337 -0.000000 0.147537 -0.082448 0.238037 0.034419 0.089138 0.000000 0.076905 0.075507 -0.187286 -0.079642 0.017021 -0.048870 0.116921 0.055025 0.000000 -0.090164 -0.000000 -0.000000 -0.000000 -0.069080 -0.000000
  0.055236 0.000000 -0.000000 -0.000000 -0.018156 -0.000000 -0.000000 -0.071171 -0.097419 -0.087228 0.000000 0.072844 -0.133061 -0.124940 -0.092593 0.000000 -0.040275 -0.000000 0.000000 -0.075692 -0.000000 -0.103000 -0.007248 0.066999 -0.798925 -0.036850 -0.155293 0.137417 0.081144 -0.000000 0.000000 -0.000000 0.000000 0.000000 0.077451 0.000000 -0.274581 -0.000000 0.120359 -0.000000 -0.041441 -0.044299 0.039529 -0.096526 0.114393 -0.080092 -0.086391 -0.000000 0.241397 0.000000 -0.052553 0.000000 0.074245 0.033736 0.000000 -0.081400 0.024319 -0.000000 0.075184 0.170460 0.077622 0.000000 -0.096043 0.000000 0.137843 -0.000000 -0.192522 -0.000000 -0.845977 0.088864 0.000000 -0.070343 0.000000 0.000000 0.072020 0.000000 0.000000 -0.013854 -0.000000 0.012853 0.069185 0.171927 0.039625 0.071600 -0.000000 -0.044390 -0.184917 0.058536 0.053117 0.218233 -0.101041 -0.010502 0.082799 -0.000000 0.019844 0.000000 -0.000000 -0.000000 -0.036431 -0.000000
  0.082150 -0.000000 -0.000000 -0.000000 0.136207 -0.000000 0.000000 0.066067 -0.004220 -0.027243 -0.000000 0.151467 0.298399 0.030786 0.033834 0.000000 0.168961 -0.000000 -0.000000 -0.100702 0.000000 -0.067704 0.059873 0.003100 0.247872 -0.090967 0.046175 0.054151 0.063020 -0.000000 0.000000 -0.000000 0.000000 0.000000 0.154752 0.000000 0.030423 0.000000 0.065558 -0.000000 -0.069835 0.067464 -0.000000 0.008657 0.129224 0.095460 0.018379 -0.000000 0.144800 -0.000000 -0.031048 -0.000000 0.165162 0.123897 0.000000 0.171541 0.075358 -0.000000 0.056836 0.277737 -0.050038 -0.000000 0.146108 -0.000000 0.088237 -0.000000 -0.002153 -0.000000 0.069905 -0.049435 -0.000000 0.193513 -0.000000 -0.000000 0.068519 0.000000 -0.000000 -0.737719 0.000000 0.119395 0.006355 0.286463 0.039185 0.042958 -0.000000 0.027297 0.069294 -0.330430 0.009527 0.086347 0.127916 -0.074585 0.079950 -0.000000 0.177342 0.000000 -0.000000 -0.000000 -0.034425 -0.000000
  0.049097 -0.000000 -0.000000 -0.000000 -0.086738 -0.000000 -0.000000 0.037519 -0.098658 0.024487 -0.000000 -0.102152 0.082406 -0.067054 0.019688 -0.000000 -0.016640 -0.000000 -0.000000 0.076142 0.000000 0.015402 0.116277 -0.115564 -0.032891 -0.078357 0.079703 0.114450 -0.064383 -0.000000 -0.000000 -0.000000 -0.000000 0.000000 0.063416 -0.000000 -0.114393 -0.000000 -0.067033 -0.000000 0.112795 -0.040121 -0.116862 -0.007073 0.117959 -0.061038 -0.121910 -0.000000 -0.019762 -0.000000 -0.024269 -0.000000 -0.093650 0.110507 0.000000 0.045643 -0.030491 -0.000000 0.064169 -0.040883 -0.099321 -0.000000 0.103394 -0.000000 -0.122128 -0.000000 -0.104742 -0.000000 -0.044171 -0.085544 0.000000 -0.022820 -0.000000 0.000000 0.028690 0.000000 -0.000000 -0.644193 0.000000 0.088601 -0.182692 -0.145987 0.000596 0.097190 0.000000 -0.054973 -0.107534 0.012386 0.095014 -0.155673 0.060296 0.138627 -0.079347 -0.000000 -0.144335 0.000000 -0.000000 0.000000 0.057933 -0.000000
  0.031896 0.000000 -0.000000 0.000000 0.148761 -0.000000 -0.000000 0.210879 0.005979 0.207415 -0.000000 -0.017885 0.084091 0.183109 0.120011 -0.000000 0.052974 -0.000000 -0.000000 0.061411 0.000000 0.057396 0.162668 0.029362 -0.032568 0.075874 0.081459 -0.032005 0.169352 -0.000000 -0.000000 -0.000000 0.000000 -0.000000 0.026350 0.000000 -0.171972 0.000000 -0.030727 0.000000 0.146696 0.050962 0.033296 -0.034740 0.046401 0.116744 0.052226 -0.000000 0.174958 0.000000 0.013523 -0.000000 -0.054704 0.113205 -0.000000 -0.023502 -0.073805 -0.000000 0.047111 0.251664 0.106004 0.000000 0.021224 0.000000 0.049511 -0.000000 0.067499 -0.000000 -0.356509 0.012904 0.000000 -0.065920 -0.000000 0.000000 -0.262693 0.000000 -0.000000 0.105069 0.000000 0.068947 0.007794 0.105165 -0.074211 0.004307 0.000000 0.139902 0.151767 0.057617 0.139289 0.047054 -0.002478 0.193013 0.108305 -0.000000 -0.072630 -0.000000 -0.000000 0.000000 0.061427 -0.000000
  -0.184733 -0.000000 -0.000000 -0.000000 0.126518 0.000000 -0.000000 -0.038438 -0.048452 0.154136 0.000000 0.083213 -0.017569 0.149864 0.087724 -0.000000 0.112033 -0.000000 0.000000 -0.061619 0.000000 0.063085 0.006094 -0.062096 0.091060 0.145159 0.052818 0.080465 -0.066412 -0.000000 0.000000 0.000000 0.000000 0.000000 0.124034 0.000000 0.099474 -0.000000 -0.068210 -0.000000 0.117519 -0.052415 0.047851 0.100536 0.117743 0.067858 -0.101218 -0.000000 0.102588 -0.000000 -0.053206 0.000000 0.264931 0.227571 0.000000 0.056133 0.158562 -0.000000 0.060088 0.055790 0.095038 0.000000 0.138897 -0.000000 0.084492 -0.000000 0.165353 0.000000 -0.000000 0.084467 -0.000000 0.060631 -0.000000 0.000000 0.256835 0.000000 0.000000 -0.003545 0.000000 -0.133411 0.023366 0.045281 0.016006 -0.092080 -0.000000 0.108002 0.228655 -0.164243 -0.008249 -0.162826 0.067956 -0.031210 -0.065283 -0.000000 -0.067956 -0.000000 -0.000000 -0.000000 -0.047747 -0.000000
  0.090353 0.000000 -0.000000 -0.000000 0.183953 -0.000000 -0.000000 0.073388 -0.007608 0.069151 -0.000000 0.204069 0.065633 0.181696 0.229199 -0.000000 0.044694 -0.000000 -0.000000 0.002985 0.000000 0.148992 0.091394 0.022176 -0.015816 0.192539 0.175245 -0.080951 0.117898 -0.000000 -0.000000 -0.000000 0.000000 0.000000 -0.066013 -0.000000 -0.143408 -0.000000 -0.028843 -0.000000 0.149489 -0.092335 -0.315105 0.014459 0.202597 0.036972 0.133025 -0.000000 0.243920 -0.000000 0.125331 0.000000 0.080812 0.158745 0.000000 -0.040845 0.170049 -0.000000 0.090610 0.089114 -0.034190 -0.000000 0.021909 -0.000000 0.098855 -0.000000 -0.050850 0.000000 -0.147357 0.118813 0.000000 0.141406 0.000000 -0.000000 0.010917 -0.000000 -0.000000 0.014529 -0.000000 0.162756 0.143196 0.212730 0.196794 0.044696 -0.000000 0.019492 0.048735 -0.020422 0.137736 -0.006649 0.035624 -0.009858 0.080356 -0.000000 0.109424 -0.000000 -0.000000 -0.000000 0.104204 -0.000000
  0.011558 -0.000000 -0.000000 -0.000000 0.078332 -0.000000 -0.000000 -0.037779 0.158185 0.031663 -0.000000 -0.080993 0.124126 -0.102025 0.045726 0.000000 0.003640 -0.000000 -0.000000 -0.015652 -0.000000 -0.123643 0.045372 -0.006222 -0.048252 0.077597 -0.109167 0.144984 -0.030538 -0.000000 0.000000 -0.000000 0.000000 -0.000000 0.117981 -0.000000 -0.117775 -0.000000 0.032187 -0.000000 0.030069 0.010619 0.096550 0.093432 -0.007894 -0.030443 -0.049086 -0.000000 -0.005231 -0.000000 -0.041625 0.000000 -0.005590 -0.000769 0.000000 -0.097919 -0.030288 0.000000 0.017063 0.069771 0.156400 0.000000 0.051477 0.000000 0.055103 -0.000000 -0.083669 -0.000000 0.060900 0.046814 -0.000000 0.162951 0.000000 0.000000 -0.056370 0.000000 -0.000000 0.064986 -0.000000 0.109717 -0.014184 0.233472 0.139171 -0.086182 -0.000000 0.163715 0.008075 0.172771 0.034191 -0.039312 -0.040609 -0.039252 0.083310 -0.000000 0.027076 -0.000000 -0.000000 0.000000 0.127688 -0.000000
  0.075757 0.000000 -0.000000 0.000000 -0.205241 -0.000000 0.000000 -0.156008 -0.011981 0.025127 -0.000000 -0.003149 -0.080860 -0.095593 -0.129422 0.000000 -0.224216 -0.000000 0.000000 0.093940 0.000000 -0.214688 -0.199835 -0.147352 -0.067101 -0.193045 -0.162604 0.001013 -0.239474 -0.000000 0.000000 -0.000000 -0.000000 -0.000000 0.203935 0.000000 -0.092157 -0.000000 -0.000269 0.000000 -0.046594 -0.058500 0.113703 0.051716 -0.220670 -0.046940 -0.247913 -0.000000 -0.011799 -0.000000 -0.132126 -0.000000 0.185475 0.060064 -0.000000 0.023913 -0.128222 -0.000000 -0.237167 0.029187 -0.038136 0.000000 -0.228658 -0.000000 -0.099953 -0.000000 -0.242460 -0.000000 -0.092721 0.085888 -0.000000 0.093259 -0.000000 -0.000000 -0.002717 0.000000 0.000000 0.043856 -0.000000 -0.066729 -0.121097 0.154096 -0.090008 -0.128433 0.000000 0.135252 -0.262940 0.109637 -0.189022 0.091054 0.001352 -0.020909 -0.122009 -0.000000 -0.137885 0.000000 -0.000000 -0.000000 -0.172208 -0.000000
  0.082660 -0.000000 -0.000000 -0.000000 -0.246671 -0.000000 0.000000 -0.019797 0.007831 -0.183493 -0.000000 -0.175979 -0.115633 0.017223 -0.134226 -0.000000 -0.086335 -0.000000 0.000000 0.078716 0.000000 0.043580 -0.089826 0.053728 -0.066247 0.052293 -0.143701 -0.054038 -0.062058 -0.000000 0.000000 -0.000000 -0.000000 -0.000000 0.106297 0.000000 0.138264 0.000000 0.080862 0.000000 -0.112641 -0.214883 0.051392 0.079329 -0.186096 -0.149878 0.052841 -0.000000 -0.003178 -0.000000 -0.174607 -0.000000 0.048525 -0.166199 0.000000 -0.090165 0.015505 0.000000 -0.101557 0.027400 -0.055293 0.000000 -0.138625 0.000000 -0.021373 -0.000000 -0.131785 0.000000 -0.016979 -0.113311 0.000000 -0.104166 0.000000 -0.000000 0.182228 -0.000000 -0.000000 -0.306738 -0.000000 -0.056119 -0.126461 0.073048 -0.188646 -0.126963 -0.000000 -0.089100 -0.164257 -0.523139 -0.056125 -0.039639 -0.062935 -0.023566 -0.208208 -0.000000 0.018294 -0.000000 -0.000000 -0.000000 -0.000492 -0.000000
  -0.526359 0.000000 -0.000000 -0.000000 0.078539 0.000000 0.000000 0.090004 -0.123810 -0.041779 -0.000000 0.003770 -0.037897 -0.011673 -0.117759 -0.000000 0.053292 -0.000000 0.000000 -0.020302 0.000000 0.088343 0.053041 -0.025959 -0.026121 -0.074182 -0.123161 -0.074153 -0.077450 -0.000000 0.000000 -0.000000 -0.000000 0.000000 0.170082 0.000000 0.219143 0.000000 0.123127 -0.000000 -0.047877 -0.091085 -0.007021 -0.179397 0.023369 0.030290 0.015759 -0.000000 0.152766 0.000000 -0.031231 0.000000 -0.016821 -0.056412 0.000000 -0.076568 -0.032607 0.000000 0.060867 -0.070756 -0.093324 -0.000000 0.029158 -0.000000 -0.113204 -0.000000 -0.001440 -0.000000 -0.131003 0.031466 -0.000000 -0.052558 0.000000 -0.000000 0.046457 -0.000000 -0.000000 -0.092917 -0.000000 -0.081477 -0.144617 0.133962 0.122068 0.075139 0.000000 -0.054373 0.102007 -0.009543 0.117946 0.041737 0.050687 0.133854 0.010407 -0.000000 -0.025916 0.000000 -0.000000 0.000000 0.122437 -0.000000
  -0.046060 0.000000 -0.000000 0.000000 -0.005047 0.000000 -0.000000 -0.152001 -0.030575 0.050632 0.000000 0.031640 0.215423 -0.105631 -0.014894 0.000000 -0.014673 0.000000 -0.000000 -0.019124 0.000000 -0.097372 0.014816 -0.118377 0.096592 0.147724 0.066163 -0.131498 -0.017437 -0.000000 -0.000000 -0.000000 -0.000000 -0.000000 0.023968 0.000000 0.423083 -0.000000 0.046291 -0.000000 -0.064420 0.057216 0.154773 0.275734 -0.014402 -0.032306 0.057033 -0.000000 0.235138 -0.000000 0.036586 -0.000000 -0.058006 0.221242 -0.000000 -0.037466 -0.000090 -0.000000 -0.106899 0.119579 0.079017 -0.000000 0.092890 0.000000 -0.042727 0.000000 0.114570 0.000000 -0.010276 -0.042255 0.000000 0.139155 0.000000 -0.000000 0.084617 -0.000000 -0.000000 -0.216486 0.000000 -0.099444 -0.030668 0.317942 -0.114728 -0.142088 -0.000000 0.152008 -0.023168 -0.070963 0.067506 -0.107631 -0.072861 0.051055 0.046314 0.000000 -0.101189 0.000000 -0.000000 -0.000000 -0.050509 -0.000000
  -0.767491 0.000000 -0.000000 -0.000000 0.094658 -0.000000 0.000000 -0.249024 -0.014634 0.023759 -0.000000 -0.112109 0.185748 0.181535 -0.012284 0.000000 0.127006 -0.000000 -0.000000 0.035081 -0.000000 0.135730 0.121803 -0.073018 0.166106 0.225347 0.170977 0.224230 0.085386 -0.000000 0.000000 -0.000000 -0.000000 0.000000 0.118667 -0.000000 -0.011833 0.000000 0.203743 -0.000000 -0.012640 0.117897 -0.023798 -0.497277 0.103040 -0.021844 0.045721 -0.000000 0.039666 0.000000 0.179748 0.000000 0.236778 0.129803 0.000000 0.104980 0.212643 0.000000 -0.032077 0.141154 -0.036868 -0.000000 -0.008512 0.000000 0.180592 -0.000000 0.199188 0.000000 0.000000 0.100101 -0.000000 0.023989 0.000000 0.000000 0.082435 -0.000000 0.000000 -0.021133 0.000000 0.150721 0.109430 0.014770 0.091744 0.147539 0.000000 0.225789 -0.077034 0.052765 0.079643 0.102335 -0.041568 0.112763 0.051054 -0.000000 -0.011756 0.000000 -0.000000 -0.000000 0.003785 -0.000000
  0.097620 0.000000 -0.000000 0.000000 0.087593 -0.000000 -0.000000 -0.146401 0.124983 -0.053759 -0.000000 0.006678 0.006089 0.030891 0.109877 -0.000000 0.136877 -0.000000 -0.000000 -0.005729 -0.000000 0.047789 0.094495 0.019294 -0.175427 0.005780 0.177263 0.107013 0.109535 -0.000000 -0.000000 -0.000000 0.000000 -0.000000 -0.073279 -0.000000 -0.080971 0.000000 -0.052320 -0.000000 -0.020605 0.186011 -0.172553 0.057256 0.135569 0.068273 0.043896 -0.000000 0.146212 -0.000000 -0.017075 -0.000000 -0.085410 -0.022490 0.000000 0.194158 0.065317 -0.000000 -0.058465 0.297460 0.012693 -0.000000 0.102760 0.000000 0.112739 -0.000000 -0.096881 0.000000 -0.083955 0.115094 0.000000 0.102496 -0.000000 -0.000000 -0.083304 0.000000 0.000000 -0.105133 -0.000000 0.189411 0.138441 0.297020 -0.017331 0.092057 0.000000 0.020424 0.034730 -0.162874 0.084870 -0.104405 0.052158 0.195252 0.044030 0.000000 -0.045386 0.000000 -0.000000 -0.000000 -0.079937 -0.000000
  0.000000 0.000000 -0.000000 -0.000000 -0.223008 -0.000000 -0.000000 -0.000000 -0.171671 -0.129377 0.000000 -0.266815 -0.040392 -0.319441 -0.248578 0.000000 -0.122178 -0.000000 -0.000000 -0.020624 -0.000000 -0.224424 -0.244275 -0.108446 0.097184 -0.083403 -0.144056 -0.261084 -0.079985 0.000000 0.000000 0.000000 0.000000 0.000000 -0.019001 0.000000 0.261849 0.000000 -0.039388 -0.000000 -0.088514 -0.015547 0.107362 -0.437360 -0.137101 -0.181944 -0.073208 -0.000000 -0.035759 -0.000000 -0.018448 -0.000000 0.279570 -0.107545 -0.000000 -0.015987 0.015131 -0.000000 -0.098026 -0.237273 -0.187081 -0.000000 -0.125999 -0.000000 -0.167780 -0.000000 0.008993 -0.000000 0.000000 -0.106164 0.000000 -0.162201 -0.000000 -0.000000 -0.400131 -0.000000 0.000000 -0.165301 0.000000 -0.103440 -0.179577 -0.178793 -0.125629 -0.185351 -0.000000 0.089502 -0.155760 0.041895 -0.013073 0.102394 -0.207418 -0.092052 0.041912 -0.000000 -0.113196 -0.000000 -0.000000 0.000000 -0.298765 -0.000000
  0.079546 -0.000000 -0.000000 0.000000 0.110050 -0.000000 0.000000 0.147320 0.065872 0.124739 -0.000000 0.135209 0.000410 0.154968 -0.005447 -0.000000 -0.001048 -0.000000 0.000000 0.189684 -0.000000 -0.013902 -0.072951 -0.084848 0.010470 0.159674 0.007067 0.016050 -0.042121 -0.000000 -0.000000 -0.000000 -0.000000 -0.000000 0.035201 -0.000000 -0.147220 0.000000 0.099622 0.000000 0.033801 0.044476 0.472020 0.107010 0.111565 -0.044183 0.062261 -0.000000 0.316181 0.000000 0.097084 -0.000000 0.127198 -0.037081 -0.000000 -0.053299 0.102195 -0.000000 0.050335 0.318581 0.004297 -0.000000 0.032312 -0.000000 0.145074 -0.000000 0.070929 0.000000 0.055438 0.115724 -0.000000 -0.074037 0.000000 -0.000000 0.149704 0.000000 0.000000 -0.153634 -0.000000 0.143999 0.052362 0.107778 0.158904 0.162257 -0.000000 -0.042834 0.022186 -0.396210 0.175331 -0.157983 -0.061213 0.174459 0.038540 0.000000 0.182269 -0.000000 -0.000000 -0.000000 0.047378 -0.000000
  0.019812 0.000000 -0.000000 -0.000000 -0.106727 -0.000000 0.000000 -0.091610 -0.088484 -0.007519 -0.000000 -0.005913 -0.030880 -0.160593 -0.127771 0.000000 -0.029557 -0.000000 0.000000 0.110857 -0.000000 -0.171236 0.002397 -0.028253 0.162290 -0.001761 -0.014233 -0.031178 -0.167180 -0.000000 0.000000 -0.000000 -0.000000 -0.000000 0.243305 0.000000 0.400835 0.000000 -0.008477 0.000000 0.066846 0.010947 0.223561 -0.402423 -0.054946 0.025823 -0.117725 -0.000000 0.000712 -0.000000 -0.092146 -0.000000 0.244661 -0.093470 -0.000000 -0.172027 -0.022713 -0.000000 0.010721 0.111012 0.035501 -0.000000 0.005943 -0.000000 0.085671 -0.000000 -0.159857 -0.000000 -0.067488 0.025515 -0.000000 0.004835 -0.000000 0.000000 0.151177 0.000000 0.000000 0.111106 -0.000000 -0.009120 -0.061777 0.020080 -0.171093 -0.107916 -0.000000 0.166874 -0.213631 0.291884 -0.203067 0.090968 -0.084993 0.035631 0.044004 -0.000000 0.083254 0.000000 -0.000000 0.000000 -0.091405 -0.000000
  -0.010267 -0.000000 -0.000000 -0.000000 0.160269 -0.000000 0.000000 0.260403 0.017140 -0.007268 -0.000000 -0.014661 -0.032386 0.089044 0.157723 0.000000 0.054629 -0.000000 -0.000000 -0.042106 0.000000 0.139161 0.105129 -0.073843 0.168353 0.067035 0.086173 0.114266 0.166091 -0.000000 0.000000 -0.000000 0.000000 -0.000000 0.150668 -0.000000 -0.042701 0.000000 0.208725 0.000000 0.025950 0.126215 -0.329020 0.010136 0.196944 0.163637 0.152809 -0.000000 0.218302 -0.000000 0.112063 0.000000 0.180025 0.013011 0.000000 -0.029282 0.030058 0.000000 0.115581 0.239651 0.034724 -0.000000 0.102112 0.000000 -0.004485 -0.000000 0.050832 0.000000 0.132492 0.017376 -0.000000 0.198409 0.000000 0.000000 0.190864 0.000000 0.000000 -0.118033 -0.000000 0.031676 0.019580 0.223299 0.006472 0.190842 0.000000 0.099306 -0.003050 -0.812623 -0.066433 0.019222 -0.042547 0.090885 0.176462 0.000000 0.165601 -0.000000 -0.000000 0.000000 0.035869 -0.000000
  0.066245 0.000000 -0.000000 -0.000000 0.187145 -0.000000 -0.000000 -0.020014 0.172049 -0.046056 -0.000000 -0.053100 0.188263 0.168508 0.178591 0.000000 -0.042875 -0.000000 -0.000000 -0.238015 -0.000000 0.064086 -0.027122 -0.050778 -0.133536 -0.059776 0.183824 0.145951 0.193862 -0.000000 -0.000000 -0.000000 -0.000000 -0.000000 -0.120432 -0.000000 -0.113646 -0.000000 0.119081 -0.000000 -0.015675 0.150218 -0.187907 0.029470 0.167300 -0.072185 -0.049862 -0.000000 0.132709 0.000000 0.160557 -0.000000 -0.008405 0.034492 -0.000000 0.093507 -0.027094 -0.000000 -0.063106 0.181306 0.020061 0.000000 -0.054738 -0.000000 0.059150 -0.000000 0.059119 0.000000 0.055016 0.174123 -0.000000 0.083216 0.000000 0.000000 0.057718 -0.000000 -0.000000 -0.014773 0.000000 0.060763 0.069482 0.294975 0.027970 0.173780 -0.000000 -0.086923 0.037499 0.031576 -0.045438 -0.096971 0.197952 -0.025559 0.092164 0.000000 0.049036 0.000000 -0.000000 0.000000 0.034782 -0.000000
  -0.857768 0.000000 -0.000000 -0.000000 -0.089150 -0.000000 -0.000000 -0.000000 0.129089 0.147709 -0.000000 -0.094763 -0.061116 0.099852 -0.016135 -0.000000 0.033882 -0.000000 0.000000 -0.042452 0.000000 -0.080047 -0.090729 0.101379 -0.161147 -0.076542 -0.132731 0.101493 0.081704 -0.000000 0.000000 -0.000000 -0.000000 -0.000000 -0.101596 -0.000000 0.186070 -0.000000 -0.065004 -0.000000 -0.077300 0.070669 0.102477 -0.090754 0.074329 -0.169518 -0.011945 -0.000000 0.045838 0.000000 0.058031 -0.000000 0.121397 -0.111233 -0.000000 -0.100181 -0.061623 -0.000000 0.058731 0.124435 0.003946 -0.000000 -0.126065 -0.000000 0.001724 -0.000000 0.073031 -0.000000 -0.376594 -0.057924 -0.000000 -0.125647 0.000000 -0.000000 -0.057934 -0.000000 -0.000000 -0.000000 0.000000 -0.015778 0.031106 -0.086733 0.071858 -0.087048 0.000000 0.008193 0.103263 0.009847 -0.129981 -0.233867 0.082150 0.015848 0.068205 -0.000000 -0.080438 -0.000000 -0.000000 0.000000 0.080155 -0.000000
  0.028368 0.000000 -0.000000 0.000000 0.159477 0.000000 -0.000000 0.101230 -0.074648 0.156510 -0.000000 0.049670 0.176553 0.037799 0.150600 -0.000000 -0.034606 -0.000000 -0.000000 0.009466 -0.000000 0.104251 0.072889 -0.104106 0.049403 0.066861 -0.165452 -0.104932 -0.102602 -0.000000 -0.000000 -0.000000 -0.000000 0.000000 -0.032930 -0.000000 0.093454 0.000000 0.078527 0.000000 0.111454 0.102810 0.094193 -0.175095 -0.151045 -0.027781 0.056486 -0.000000 0.089286 0.000000 0.132424 0.000000 -0.034727 0.089494 -0.000000 -0.094075 -0.077041 -0.000000 -0.048938 0.196813 -0.111239 0.000000 0.002789 -0.000000 0.006580 0.000000 -0.005044 -0.000000 0.000000 -0.064051 0.000000 0.149783 -0.000000 0.000000 0.060060 0.000000 0.000000 0.063614 0.000000 0.103628 0.013210 0.064866 -0.144041 0.093752 0.000000 -0.063113 -0.016591 0.065243 -0.124995 0.133217 -0.071878 -0.127165 0.016633 0.000000 -0.097011 0.000000 -0.000000 -0.000000 -0.085637 -0.000000
  -0.562938 0.000000 -0.000000 0.000000 -0.037539 0.000000 -0.000000 0.000000 -0.088786 -0.082530 -0.000000 0.005706 -0.089916 0.079283 -0.011918 0.000000 -0.002628 -0.000000 0.000000 0.012479 -0.000000 -0.005359 0.077856 -0.037934 -0.178598 -0.118485 0.011520 0.026716 0.106056 -0.000000 -0.000000 -0.000000 0.000000 -0.000000 -0.012280 -0.000000 0.148900 -0.000000 0.141636 0.000000 0.025814 -0.114290 0.047275 -0.101432 -0.081431 0.021072 0.151042 -0.000000 0.083422 -0.000000 -0.000240 -0.000000 0.024695 0.109705 0.000000 -0.111013 -0.053838 -0.000000 -0.006903 0.101972 0.116658 0.000000 -0.016224 -0.000000 -0.093450 -0.000000 -0.038938 0.000000 -0.265206 -0.111557 -0.000000 -0.038101 -0.000000 0.000000 -0.255118 -0.000000 -0.000000 -0.013504 0.000000 -0.056047 0.011912 0.088548 0.142081 -0.060355 0.000000 0.101151 0.113732 0.107298 0.045699 -0.089352 0.084498 0.028087 0.061861 -0.000000 0.095419 0.000000 -0.000000 0.000000 0.027484 -0.000000
  -0.019384 -0.000000 -0.000000 -0.000000 -0.015155 -0.000000 0.000000 -0.263148 -0.033783 -0.108616 -0.000000 -0.108689 -0.228309 0.069595 0.041616 -0.000000 0.024677 -0.000000 0.000000 0.149996 0.000000 -0.105452 0.049594 -0.086600 0.049917 -0.178263 -0.001068 -0.060046 -0.004314 -0.000000 0.000000 -0.000000 0.000000 -0.000000 -0.025821 -0.000000 -0.050731 -0.000000 -0.116267 -0.000000 0.050537 -0.044025 -0.292774 0.113402 -0.129732 -0.329641 -0.041691 -0.000000 -0.160559 -0.000000 -0.235353 0.000000 0.160401 -0.149417 -0.000000 0.064674 0.073286 -0.000000 -0.149692 -0.204920 -0.028925 -0.000000 -0.149015 0.000000 -0.174028 -0.000000 -0.107308 -0.000000 -0.037537 -0.116502 0.000000 -0.077836 -0.000000 0.000000 -0.119790 0.000000 -0.000000 0.032179 -0.000000 -0.071247 -0.006539 0.040981 -0.096399 -0.158170 0.000000 0.117844 -0.130928 -0.015533 -0.099436 0.057452 -0.160856 -0.134340 0.003702 -0.000000 -0.167836 -0.000000 -0.000000 -0.000000 -0.094594 -0.000000
  -0.067756 0.000000 -0.000000 -0.000000 -0.054921 -0.000000 -0.000000 0.011719 0.087069 -0.070188 -0.000000 0.008714 0.140217 -0.023491 0.081055 -0.000000 0.153447 -0.000000 -0.000000 0.049439 -0.000000 -0.018646 0.065033 0.115383 0.151473 0.123065 0.018317 -0.055246 0.099963 -0.000000 0.000000 -0.000000 -0.000000 0.000000 -0.101314 0.000000 0.259183 0.000000 0.079148 0.000000 0.130475 -0.012571 0.070473 -0.068323 0.001184 0.003568 -0.022582 -0.000000 0.298650 -0.000000 0.173255 0.000000 0.172379 0.054435 0.000000 -0.116051 0.115669 -0.000000 0.144745 0.327863 -0.012168 -0.000000 0.103386 -0.000000 0.132092 -0.000000 -0.062660 0.000000 0.205719 0.131470 -0.000000 0.095054 0.000000 0.000000 0.145739 0.000000 -0.000000 -0.000000 0.000000 -0.032295 0.088014 0.099973 0.058616 0.106293 -0.000000 -0.028402 -0.088545 -1.380989 0.128688 -0.174453 0.092150 -0.012491 0.019913 0.000000 -0.002406 -0.000000 -0.000000 -0.000000 -0.031284 -0.000000
  0.155774 -0.000000 -0.000000 -0.000000 -0.106116 -0.000000 -0.000000 -0.209710 0.002268 -0.041857 -0.000000 -0.112794 -0.096334 -0.213486 -0.051567 -0.000000 0.029226 -0.000000 -0.000000 0.093715 -0.000000 -0.051113 -0.005788 0.014092 0.073036 0.058565 -0.104479 0.059332 -0.166379 -0.000000 -0.000000 -0.000000 0.000000 0.000000 0.063761 -0.000000 0.078931 -0.000000 -0.006179 0.000000 -0.116405 -0.119837 -0.124819 0.741640 0.028888 0.086011 -0.202610 -0.000000 0.045274 0.000000 -0.142675 -0.000000 0.121498 -0.011115 -0.000000 -0.214379 0.041625 0.000000 -0.002035 -0.024975 -0.089369 -0.000000 -0.070122 -0.000000 -0.018367 -0.000000 -0.046906 -0.000000 0.000000 -0.114205 -0.000000 0.148943 -0.000000 -0.000000 0.182556 0.000000 0.000000 0.134766 -0.000000 -0.170175 -0.007012 0.044662 -0.037248 -0.134809 -0.000000 0.075338 -0.236645 0.077325 -0.065073 0.034939 -0.016072 -0.012017 -0.091599 0.000000 0.061723 -0.000000 -0.000000 -0.000000 -0.081461 -0.000000
  -0.318160 -0.000000 -0.000000 0.000000 -0.171221 -0.000000 0.000000 -0.100830 -0.128514 -0.132613 -0.000000 0.013499 -0.063255 -0.120071 -0.001319 0.000000 -0.142666 -0.000000 0.000000 -0.096192 -0.000000 -0.073293 0.037251 0.012465 0.022976 0.020697 -0.205978 -0.026716 -0.026532 -0.000000 0.000000 -0.000000 -0.000000 0.000000 -0.079889 -0.000000 -0.159210 0.000000 -0.000890 -0.000000 -0.006156 -0.189194 -0.014473 -0.502235 -0.087780 0.028493 -0.097340 -0.000000 0.024020 0.000000 -0.138196 -0.000000 -0.045809 -0.045762 -0.000000 -0.026038 0.116877 -0.000000 -0.107116 -0.155363 -0.155127 0.000000 -0.071770 -0.000000 -0.012163 -0.000000 -0.091548 -0.000000 -0.081681 0.032413 0.000000 0.059848 -0.000000 -0.000000 0.107222 0.000000 -0.000000 -0.045798 -0.000000 -0.039652 -0.138842 0.087130 -0.136080 -0.249711 0.000000 0.079795 0.057699 0.097881 -0.094918 0.171010 -0.094458 -0.140372 -0.035343 0.000000 -0.074465 -0.000000 -0.000000 -0.000000 -0.191968 -0.000000
  0.073922 0.000000 -0.000000 0.000000 0.123154 -0.000000 -0.000000 0.018466 0.097587 0.103660 -0.000000 0.127688 -0.089965 0.123941 0.150940 -0.000000 0.073429 -0.000000 -0.000000 -0.124785 0.000000 0.153797 0.032121 -0.002942 0.160319 0.115661 -0.151356 0.163908 -0.124097 -0.000000 -0.000000 -0.000000 -0.000000 0.000000 -0.000871 -0.000000 0.110853 0.000000 -0.008023 -0.000000 -0.001487 -0.077600 -0.001382 0.029910 0.030971 -0.019405 0.085899 -0.000000 0.196335 0.000000 0.114893 0.000000 0.014130 0.126174 -0.000000 0.039664 -0.094779 0.000000 0.008479 0.010659 -0.108657 0.000000 0.084599 -0.000000 -0.050864 -0.000000 -0.117373 -0.000000 0.045219 -0.051143 -0.000000 0.014954 -0.000000 -0.000000 0.104529 -0.000000 -0.000000 -0.144349 -0.000000 -0.001113 -0.080724 -0.039812 0.028577 0.040246 0.000000 0.037355 0.108788 -0.103155 -0.119657 -0.100200 -0.074642 0.003018 0.052175 -0.000000 0.169415 0.000000 -0.000000 -0.000000 -0.057615 -0.000000
  0.054018 0.000000 -0.000000 -0.000000 0.190202 0.000000 -0.000000 -0.130976 0.027063 0.088183 -0.000000 -0.081325 0.126438 0.119397 0.035050 -0.000000 0.042155 -0.000000 -0.000000 -0.193045 -0.000000 0.194320 0.064077 0.107779 -0.012690 0.013322 -0.031404 -0.062542 -0.049022 -0.000000 0.000000 -0.000000 -0.000000 0.000000 -0.054539 -0.000000 -0.032694 0.000000 0.190624 -0.000000 0.154116 0.134651 -0.197895 0.028152 0.020504 0.135009 -0.044890 -0.000000 0.133784 0.000000 0.046649 0.000000 0.087656 0.140050 0.000000 -0.083675 0.099809 -0.000000 0.020768 0.187973 0.042509 -0.000000 0.189722 -0.000000 0.100055 -0.000000 -0.043053 -0.000000 0.145588 0.150091 0.000000 0.177375 -0.000000 -0.000000 0.071751 -0.000000 -0.000000 -0.339601 0.000000 0.066664 -0.057460 0.146500 0.061847 0.070317 -0.000000 0.015701 -0.100179 -0.102596 0.119614 -0.096866 -0.019814 0.099787 0.081058 0.000000 0.082924 0.000000 -0.000000 -0.000000 -0.011641 -0.000000
  -0.007729 0.000000 -0.000000 -0.000000 0.040533 -0.000000 -0.000000 -0.090214 0.069958 0.168840 -0.000000 0.034857 -0.041817 0.083167 0.061494 -0.000000 0.050275 -0.000000 -0.000000 -0.148787 0.000000 0.060499 0.130892 0.064681 0.070860 0.003931 0.098529 0.158734 0.057801 -0.000000 -0.000000 -0.000000 -0.000000 -0.000000 -0.063639 0.000000 -0.010570 0.000000 -0.078609 -0.000000 -0.053180 0.032287 -0.088321 0.044847 0.010582 0.087082 -0.099736 -0.000000 0.220843 0.000000 0.162293 -0.000000 -0.207380 0.134075 -0.000000 0.051864 0.068518 0.000000 0.160878 0.312481 0.103760 -0.000000 0.151006 -0.000000 -0.036578 -0.000000 -0.037466 -0.000000 -0.339824 0.133934 -0.000000 0.085377 -0.000000 0.000000 -0.108335 -0.000000 -0.000000 -0.328334 0.000000 0.079654 0.158074 0.097243 0.118117 0.117124 0.000000 0.166587 -0.014475 -0.215005 0.082509 0.110072 0.063738 -0.040975 0.041962 -0.000000 -0.007065 0.000000 -0.000000 -0.000000 0.003405 -0.000000
  0.020741 0.000000 -0.000000 -0.000000 0.110040 -0.000000 -0.000000 -0.052975 0.167747 0.044699 -0.000000 -0.082422 -0.043400 -0.028363 -0.034637 -0.000000 0.149135 -0.000000 -0.000000 0.114476 0.000000 0.125303 -0.111733 0.069573 0.110018 0.037833 -0.034336 0.029272 0.058262 -0.000000 -0.000000 -0.000000 0.000000 0.000000 -0.061822 0.000000 -0.043935 0.000000 0.109381 0.000000 0.152629 -0.010493 -0.017628 -0.053087 0.077465 0.085940 0.076614 -0.000000 0.230160 -0.000000 -0.063735 0.000000 0.084023 0.072015 -0.000000 -0.075984 0.073729 -0.000000 -0.078790 0.172182 0.056039 0.000000 0.012158 0.000000 0.129991 -0.000000 -0.134204 0.000000 0.025350 0.099457 -0.000000 0.157301 0.000000 -0.000000 -0.041251 0.000000 -0.000000 0.037742 0.000000 0.050593 -0.010015 0.023289 0.151731 -0.032881 0.000000 0.025079 -0.106066 -0.052068 0.028243 0.157130 -0.004405 -0.024639 -0.016413 -0.000000 0.019661 0.000000 -0.000000 -0.000000 -0.043185 -0.000000
  -0.031074 -0.000000 -0.000000 0.000000 -0.119407 -0.000000 0.000000 -0.115726 -0.100433 -0.120368 -0.000000 -0.189380 -0.131679 -0.168631 -0.155379 -0.000000 -0.177399 -0.000000 -0.000000 0.037661 -0.000000 -0.189884 -0.112016 -0.077959 -0.502580 -0.169598 -0.007375 0.005250 -0.096721 -0.000000 -0.000000 -0.000000 0.000000 0.000000 0.020152 -0.000000 0.081874 -0.000000 -0.068076 0.000000 0.017989 0.038759 -0.160244 0.253134 -0.113197 -0.132461 -0.229037 -0.000000 -0.068190 0.000000 -0.119578 -0.000000 0.023201 -0.096970 0.000000 0.040562 -0.166097 0.000000 -0.205695 0.028488 -0.182871 0.000000 0.007032 -0.000000 -0.017881 -0.000000 -0.192751 -0.000000 0.000000 -0.041034 -0.000000 -0.036800 -0.000000 0.000000 -0.028501 0.000000 -0.000000 -0.134573 -0.000000 -0.223336 -0.108396 -0.094310 -0.045039 -0.176057 -0.000000 -0.045921 -0.025223 -0.012439 -0.166856 -0.070726 -0.314236 0.007470 -0.197871 -0.000000 -0.028656 -0.000000 -0.000000 0.000000 -0.107549 -0.000000
  0.041556 -0.000000 -0.000000 -0.000000 0.142588 0.000000 -0.000000 0.048696 -0.010521 0.159565 -0.000000 0.154121 -0.055663 0.063713 0.138340 0.000000 0.173761 -0.000000 0.000000 -0.162091 -0.000000 -0.009155 0.003982 0.021902 -0.011042 -0.053516 0.101183 -0.041179 -0.004381 -0.000000 0.000000 -0.000000 0.000000 -0.000000 0.013719 -0.000000 -0.046739 -0.000000 -0.075599 -0.000000 0.183669 0.161208 -0.119616 0.030212 -0.036901 -0.038103 0.176459 -0.000000 0.247388 -0.000000 0.187650 -0.000000 0.011994 0.007392 0.000000 -0.039815 -0.053644 0.000000 0.176024 0.270423 0.090560 0.000000 -0.062415 -0.000000 0.001308 -0.000000 0.018787 -0.000000 0.028599 0.129578 -0.000000 -0.054289 -0.000000 -0.000000 -0.141161 0.000000 0.000000 -0.208874 -0.000000 0.144902 -0.040066 0.144347 0.137945 -0.035238 -0.000000 0.053217 -0.005486 -0.063608 -0.087143 0.029515 0.001565 -0.069632 0.086077 -0.000000 -0.012921 -0.000000 -0.000000 -0.000000 -0.075939 -0.000000
  -0.019773 -0.000000 -0.000000 -0.000000 0.198010 -0.000000 -0.000000 -0.014629 0.163175 0.131525 -0.000000 0.109894 0.078656 0.043862 -0.007969 0.000000 0.061526 -0.000000 0.000000 -0.016045 0.000000 0.167555 0.081573 0.172880 -0.086871 -0.009973 0.064457 -0.003569 0.142008 -0.000000 -0.000000 -0.000000 0.000000 -0.000000 0.037482 -0.000000 0.137044 0.000000 0.153174 0.000000 0.027150 0.058089 -0.465536 -0.017648 0.151873 0.185581 0.109063 -0.000000 0.256136 0.000000 0.075017 -0.000000 0.037321 0.111187 -0.000000 0.132754 0.011054 0.000000 -0.012002 0.235663 0.120171 -0.000000 0.011695 0.000000 0.071879 -0.000000 0.204719 0.000000 0.115360 0.054122 -0.000000 0.197379 0.000000 0.000000 -0.054714 -0.000000 -0.000000 -0.484711 -0.000000 -0.063117 0.209127 0.084663 0.118088 0.165801 0.000000 -0.077046 0.128152 -0.422405 0.135908 -0.007249 0.207787 0.092392 0.039145 0.000000 -0.059548 0.000000 -0.000000 -0.000000 0.187669 -0.000000
  -0.114822 -0.000000 -0.000000 -0.000000 0.042831 -0.000000 -0.000000 -0.878503 -0.135409 -0.055516 -0.000000 0.016798 -0.016106 0.014657 -0.141187 -0.000000 -0.162911 -0.000000 0.000000 0.178426 0.000000 -0.049023 0.108370 0.027738 0.150280 -0.000331 -0.100646 -0.186149 0.019762 -0.000000 -0.000000 -0.000000 0.000000 0.000000 0.030467 -0.000000 0.138010 0.000000 0.020220 0.000000 0.031866 -0.046137 0.090983 -0.045403 0.003076 -0.055864 -0.067042 0.000000 -0.059266 0.000000 -0.135076 0.000000 -0.010837 -0.134735 -0.000000 -0.010203 -0.029958 -0.000000 -0.013301 -0.050823 0.089315 0.000000 -0.032235 -0.000000 0.010146 -0.000000 -0.036998 -0.000000 0.264645 -0.215190 0.000000 0.013955 -0.000000 -0.000000 0.379049 -0.000000 0.000000 -0.000000 -0.000000 -0.045601 -0.209525 -0.110745 0.055850 -0.127129 -0.000000 0.143834 0.027552 0.204397 -0.025808 0.078761 -0.171849 -0.167786 0.040095 -0.000000 -0.192623 -0.000000 -0.000000 -0.000000 -0.092442 -0.000000
  -0.214581 0.000000 -0.000000 -0.000000 0.021959 -0.000000 -0.000000 -0.095012 0.127181 0.196661 -0.000000 0.129252 0.163473 0.103749 0.018603 0.000000 0.041554 -0.000000 0.000000 -0.075030 -0.000000 0.187712 -0.081768 0.035265 0.202101 0.196263 0.126559 0.004736 -0.031812 -0.000000 0.000000 -0.000000 -0.000000 -0.000000 0.206006 -0.000000 0.020354 -0.000000 0.126337 0.000000 0.082691 -0.019551 0.011187 -0.061646 0.018681 0.174267 0.085274 -0.000000 0.128906 -0.000000 0.022906 -0.000000 0.216283 0.222822 0.000000 0.001059 0.081882 0.000000 0.042245 -0.015012 0.077633 -0.000000 0.006453 -0.000000 -0.022094 -0.000000 0.059195 -0.000000 -0.000000 0.166495 -0.000000 0.127163 -0.000000 -0.000000 0.119996 0.000000 0.000000 -0.223161 -0.000000 0.143816 0.074149 0.198373 -0.056505 0.178947 0.000000 0.155151 0.116341 -0.074248 0.147765 -0.053176 -0.003029 0.098752 0.121280 0.000000 0.004563 0.000000 -0.000000 -0.000000 0.034895 -0.000000
  -0.417135 0.000000 -0.000000 0.000000 0.006709 -0.000000 0.000000 0.229846 -0.059936 -0.210625 -0.000000 -0.240050 -0.306652 -0.074904 -0.192274 0.000000 -0.140291 -0.000000 -0.000000 -0.062284 -0.000000 -0.126492 -0.175561 -0.112712 -0.093612 -0.247133 -0.163112 -0.022284 -0.267153 -0.000000 0.000000 -0.000000 0.000000 -0.000000 0.144623 -0.000000 0.128145 0.000000 -0.203090 -0.000000 0.062534 -0.109206 -0.025566 -0.220946 -0.006640 -0.064212 -0.081010 -0.000000 -0.157121 -0.000000 -0.169859 0.000000 0.144167 -0.282293 0.000000 -0.092769 -0.231093 0.000000 -0.178240 -0.083309 -0.216052 0.000000 -0.052227 -0.000000 0.049662 -0.000000 -0.278428 -0.000000 -0.029569 -0.165110 -0.000000 -0.158227 -0.000000 0.000000 0.036879 -0.000000 -0.000000 -0.000000 0.000000 -0.185768 0.028229 -0.133927 -0.165281 -0.026249 -0.000000 0.092204 0.019484 0.110885 -0.261192 -0.148195 -0.153021 -0.261304 -0.272867 -0.000000 0.005364 -0.000000 -0.000000 0.000000 -0.135922 -0.000000
  0.109394 -0.000000 -0.000000 0.000000 0.055538 -0.000000 -0.000000 -0.044010 0.181890 0.187767 -0.000000 0.100928 0.178960 0.209855 0.079893 -0.000000 0.010736 -0.000000 -0.000000 -0.146640 -0.000000 0.010008 0.008756 0.199744 -0.151366 0.058089 -0.068476 -0.024902 0.043860 -0.000000 -0.000000 -0.000000 -0.000000 -0.000000 0.053165 0.000000 -0.083384 0.000000 0.182987 -0.000000 0.150995 0.190834 -0.205285 0.006492 0.191279 0.036055 -0.073416 -0.000000 0.174128 0.000000 0.139907 0.000000 -0.101669 0.043312 -0.000000 0.029097 -0.059272 0.000000 0.154311 0.194143 0.101233 -0.000000 0.079600 0.000000 0.072462 -0.000000 0.070295 -0.000000 0.069728 -0.023671 -0.000000 0.028742 -0.000000 0.000000 -0.049702 0.000000 0.000000 -0.072552 0.000000 -0.011435 -0.005777 0.200181 -0.004397 -0.067587 0.000000 -0.033673 0.032233 0.072796 0.079594 0.092513 -0.033033 0.083882 0.174867 0.000000 0.115859 -0.000000 -0.000000 -0.000000 0.040351 -0.000000
  -0.307765 0.000000 -0.000000 -0.000000 -0.112426 -0.000000 0.000000 -0.147434 -0.141153 -0.097120 0.000000 -0.167990 -0.014715 -0.265039 -0.116237 -0.000000 -0.125064 -0.000000 -0.000000 0.086405 -0.000000 0.009343 0.013821 -0.057083 0.121168 -0.123340 0.026987 -0.147623 -0.091434 -0.000000 0.000000 0.000000 0.000000 -0.000000 -0.030499 0.000000 0.184656 0.000000 -0.087237 0.000000 0.002053 -0.075812 -0.045505 -0.327086 -0.143609 -0.148633 -0.020341 -0.000000 -0.172064 -0.000000 -0.115343 -0.000000 0.036473 -0.157902 0.000000 -0.070787 -0.190491 -0.000000 -0.013306 -0.093599 0.055628 -0.000000 -0.139813 -0.000000 -0.016640 -0.000000 -0.078757 0.000000 0.126359 -0.002373 0.000000 -0.068231 -0.000000 0.000000 -0.038209 -0.000000 -0.000000 0.155390 0.000000 -0.156590 0.072689 -0.224049 -0.027889 -0.023200 0.000000 0.242622 -0.244480 -0.034874 -0.049775 -0.071452 -0.215433 -0.042505 0.012625 -0.000000 -0.120347 -0.000000 -0.000000 0.000000 0.017172 -0.000000
  -0.473803 -0.000000 -0.000000 -0.000000 0.002807 -0.000000 -0.000000 -0.144825 -0.070855 0.024276 -0.000000 0.107828 0.214044 0.067770 -0.080202 0.000000 0.099828 -0.000000 -0.000000 0.164333 0.000000 0.061785 0.035127 -0.026632 0.227453 0.004853 0.085061 -0.068503 -0.041717 -0.000000 -0.000000 0.000000 0.000000 0.000000 -0.020923 -0.000000 -0.079894 0.000000 0.046530 -0.000000 -0.094466 0.117391 0.134884 -0.485559 0.030585 -0.023599 -0.101225 -0.000000 0.010599 -0.000000 -0.012883 -0.000000 0.280818 0.153230 0.000000 0.075013 0.029480 0.000000 -0.085577 0.109300 -0.037221 0.000000 -0.060721 -0.000000 0.164891 -0.000000 0.184128 0.000000 -0.000000 0.220664 0.000000 -0.025930 0.000000 0.000000 0.126207 -0.000000 0.000000 0.134075 0.000000 -0.038524 -0.024365 0.043592 0.093946 0.080409 -0.000000 0.013626 -0.006504 -0.023133 0.101711 -0.056457 -0.030651 0.014624 -0.121722 0.000000 0.041750 -0.000000 -0.000000 0.000000 0.095779 -0.000000
  0.011703 -0.000000 -0.000000 0.000000 -0.221836 0.000000 -0.000000 -0.059905 -0.141376 -0.110442 0.000000 -0.071955 0.176096 -0.188570 -0.132813 0.000000 -0.004921 0.000000 0.000000 -0.168604 -0.000000 0.022702 0.011323 -0.040695 0.052997 0.165853 -0.077590 -0.153741 -0.097520 -0.000000 0.000000 -0.000000 -0.000000 -0.000000 0.036728 -0.000000 0.205106 0.000000 -0.228085 -0.000000 -0.079542 0.004130 -0.061225 0.369028 -0.079470 -0.111855 -0.246958 -0.000000 0.084164 0.000000 -0.010773 0.000000 0.014992 0.043104 -0.000000 -0.208647 0.127422 0.000000 0.008281 0.077598 -0.210024 -0.000000 -0.017140 0.000000 -0.056840 0.000000 0.142241 0.000000 0.000000 -0.001112 0.000000 -0.115628 0.000000 -0.000000 0.242928 -0.000000 0.000000 -0.078203 0.000000 -0.213920 -0.129574 0.056588 0.009178 -0.192606 -0.000000 0.213140 -0.111154 0.101308 -0.228382 -0.112869 -0.186184 -0.217703 -0.057450 0.000000 0.008220 -0.000000 -0.000000 -0.000000 0.017346 -0.000000
  -0.034100 -0.000000 -0.000000 -0.000000 0.174573 -0.000000 -0.000000 -0.048840 0.107682 0.182931 -0.000000 0.181836 0.108276 0.189110 0.129337 -0.000000 -0.023632 -0.000000 -0.000000 -0.160843 -0.000000 0.026515 0.098287 -0.057947 -0.135359 0.053791 -0.049495 -0.063131 -0.050433 -0.000000 0.000000 -0.000000 0.000000 -0.000000 0.034415 0.000000 0.014172 -0.000000 -0.080660 -0.000000 0.158624 0.054226 0.073845 0.134380 -0.049708 0.069302 0.098720 -0.000000 0.301739 0.000000 -0.024939 0.000000 -0.111050 0.075750 0.000000 0.005156 0.043591 -0.000000 0.033900 0.086790 0.126636 0.000000 0.179056 -0.000000 0.154833 -0.000000 -0.073010 -0.000000 -0.097149 0.163112 0.000000 0.119567 -0.000000 0.000000 -0.380066 -0.000000 0.000000 -0.114786 0.000000 -0.019352 0.099262 0.141416 0.072702 -0.066871 -0.000000 0.109687 -0.026739 0.104869 0.182735 -0.157136 -0.021460 0.124442 0.177532 0.000000 0.037052 0.000000 -0.000000 0.000000 0.162909 -0.000000
  -0.829997 -0.000000 -0.000000 0.000000 -0.012811 -0.000000 -0.000000 0.277982 0.029517 -0.002174 -0.000000 0.124559 0.050263 -0.046460 -0.098707 -0.000000 -0.097880 -0.000000 0.000000 0.067264 0.000000 -0.005728 -0.012318 0.031743 0.015981 -0.123533 -0.015977 -0.104400 -0.059202 -0.000000 0.000000 -0.000000 0.000000 -0.000000 0.105740 0.000000 0.230206 -0.000000 0.026497 0.000000 -0.040124 -0.071880 -0.117349 -0.233787 0.077758 -0.058684 -0.091026 -0.000000 0.029685 -0.000000 -0.092332 0.000000 0.183387 0.012346 -0.000000 0.051974 -0.184853 -0.000000 -0.151916 0.098782 -0.013833 -0.000000 -0.157167 -0.000000 0.058197 -0.000000 -0.024411 -0.000000 0.059627 0.040460 -0.000000 -0.027595 0.000000 0.000000 0.050257 -0.000000 0.000000 -0.082378 -0.000000 -0.016763 -0.043166 0.118825 -0.066223 0.131498 -0.000000 0.038734 -0.042681 0.056403 0.061879 0.075444 0.056813 0.020843 -0.019882 -0.000000 0.029905 -0.000000 -0.000000 -0.000000 0.132978 -0.000000
  -0.074546 0.000000 -0.000000 -0.000000 -0.109580 -0.000000 -0.000000 -0.033134 -0.055364 -0.056500 -0.000000 0.148650 0.033274 0.027606 0.020326 -0.000000 0.171943 -0.000000 -0.000000 0.079353 -0.000000 0.152222 -0.088142 0.053131 -0.041708 0.069213 0.105884 0.052661 0.047494 -0.000000 -0.000000 -0.000000 -0.000000 0.000000 -0.000878 0.000000 0.108162 -0.000000 -0.056201 -0.000000 -0.011600 -0.092858 -0.137214 0.063858 0.147237 -0.084881 -0.048193 -0.000000 0.081722 0.000000 -0.085924 -0.000000 0.123609 0.028471 -0.000000 0.035248 -0.055004 -0.000000 0.107189 0.095501 -0.001892 0.000000 -0.008921 0.000000 0.004500 -0.000000 0.109935 -0.000000 0.164324 0.082217 0.000000 -0.070443 0.000000 0.000000 -0.041953 0.000000 -0.000000 -0.412875 0.000000 0.048540 0.037194 -0.143054 0.139923 -0.127252 -0.000000 -0.149248 0.022768 0.166162 0.055716 -0.017130 -0.127583 0.030402 -0.012352 -0.000000 -0.133159 0.000000 -0.000000 0.000000 -0.015034 -0.000000
  0.109459 -0.000000 0.000000 0.000000 -0.021863 0.000000 -0.000000 -0.118961 0.127327 0.021432 0.000000 0.181391 0.223580 0.097928 0.078348 0.000000 -0.011542 -0.000000 0.000000 -0.152506 -0.000000 0.179282 0.176107 -0.022067 -0.139159 0.012738 0.183851 -0.026369 0.148785 0.000000 0.000000 0.000000 0.000000 -0.000000 0.077871 -0.000000 -0.264586 0.000000 -0.019344 0.000000 0.118478 -0.104937 -0.365834 -0.027377 0.148928 0.030492 -0.026256 -0.000000 0.254285 0.000000 0.082386 0.000000 0.033808 0.044707 0.000000 0.082687 0.070524 -0.000000 0.179513 0.212138 0.066266 -0.000000 0.094364 0.000000 0.011335 -0.000000 0.072332 -0.000000 -0.227179 -0.026682 0.000000 -0.032889 -0.000000 -0.000000 0.070982 -0.000000 -0.000000 0.125079 0.000000 0.048171 0.013723 0.231431 0.058836 0.019515 -0.000000 -0.226061 0.125929 -0.122871 0.143711 -0.145416 0.070200 0.160677 0.052265 -0.000000 -0.117609 0.000000 0.000000 0.000000 -0.036092 -0.000000
  0.075080 0.000000 -0.000000 0.000000 -0.037772 -0.000000 -0.000000 -0.127203 -0.020501 0.194753 -0.000000 0.026382 0.168039 0.082109 0.003866 0.000000 0.109398 -0.000000 -0.000000 -0.086256 -0.000000 -0.045844 -0.112204 0.191950 0.023908 0.108629 0.045617 0.008524 -0.043642 -0.000000 -0.000000 -0.000000 -0.000000 -0.000000 -0.206166 -0.000000 -0.047401 0.000000 0.098146 0.000000 0.045488 0.020945 -0.191667 0.080238 0.132945 -0.070539 0.060163 -0.000000 0.216867 0.000000 0.088186 0.000000 -0.166267 -0.099169 -0.000000 -0.084649 0.095871 0.000000 -0.054004 0.282454 -0.033960 -0.000000 -0.013434 -0.000000 -0.009255 -0.000000 0.004720 0.000000 -0.086003 -0.038191 -0.000000 0.101917 -0.000000 0.000000 -0.033628 -0.000000 0.000000 -0.108424 -0.000000 0.005056 0.093708 0.108315 -0.054524 0.195602 -0.000000 0.048601 0.124084 -0.102374 -0.050730 -0.105195 0.118118 0.099151 0.141255 0.000000 0.102208 -0.000000 -0.000000 0.000000 -0.019428 -0.000000
  -0.562238 -0.000000 -0.000000 0.000000 -0.083871 0.000000 -0.000000 0.185044 0.004655 -0.093503 -0.000000 -0.077586 0.049112 -0.004373 0.114644 0.000000 -0.065763 -0.000000 -0.000000 0.076728 0.000000 0.088559 -0.075670 -0.010258 -0.076884 0.055235 -0.084578 0.167907 0.103943 -0.000000 0.000000 0.000000 0.000000 -0.000000 -0.151224 0.000000 0.097038 0.000000 0.132481 0.000000 0.147851 -0.100608 0.065251 -0.131381 0.101129 -0.001234 -0.067432 -0.000000 0.236431 -0.000000 0.019708 -0.000000 -0.121473 -0.083221 -0.000000 0.036640 0.054972 0.000000 0.117576 0.090913 -0.076224 0.000000 -0.064579 0.000000 0.125008 -0.000000 0.192681 -0.000000 -0.179140 0.058175 -0.000000 0.138825 -0.000000 0.000000 0.022762 0.000000 -0.000000 -0.123561 0.000000 -0.058785 0.108942 0.176232 0.101054 0.091333 -0.000000 0.015992 0.117654 -0.539643 0.153770 0.184362 -0.069984 -0.005385 0.157526 -0.000000 0.098154 0.000000 -0.000000 -0.000000 0.083762 -0.000000
  0.112062 -0.000000 -0.000000 0.000000 0.034839 -0.000000 -0.000000 -0.034633 0.056212 0.152728 -0.000000 0.051343 0.217508 -0.007749 0.005814 0.000000 0.120000 -0.000000 0.000000 -0.211304 0.000000 0.060455 0.024294 0.004081 -0.281848 -0.077583 0.146420 0.033117 0.030523 -0.000000 -0.000000 -0.000000 -0.000000 -0.000000 -0.069842 0.000000 -0.286487 -0.000000 0.043084 -0.000000 -0.022692 0.092039 0.016256 0.036388 0.021437 -0.083220 -0.008567 -0.000000 0.180941 0.000000 -0.077311 -0.000000 -0.310025 0.019501 0.000000 0.174908 0.019113 -0.000000 0.151158 0.208671 -0.070298 -0.000000 -0.020717 -0.000000 0.042688 -0.000000 -0.034930 -0.000000 -0.193129 0.163752 0.000000 0.017873 0.000000 0.000000 -0.126633 -0.000000 0.000000 0.097270 0.000000 0.152822 0.094695 0.173191 -0.082068 -0.017280 -0.000000 -0.056146 0.034609 0.097409 -0.024670 0.088763 -0.057393 0.022167 0.120377 0.000000 0.188009 -0.000000 -0.000000 -0.000000 0.041879 -0.000000
  0.127824 0.000000 -0.000000 0.000000 -0.330093 0.000000 0.000000 0.099993 -0.185967 -0.071861 -0.000000 -0.225994 0.079352 -0.227915 -0.301263 -0.000000 -0.218678 -0.000000 0.000000 -0.056090 0.000000 -0.196795 -0.251619 -0.222701 0.169501 -0.226140 -0.041355 -0.119097 -0.266729 -0.000000 0.000000 -0.000000 0.000000 -0.000000 0.335500 0.000000 0.350783 -0.000000 -0.266280 -0.000000 -0.226912 -0.263773 0.117078 -0.223034 -0.127889 -0.125157 -0.086976 -0.000000 0.008185 0.000000 -0.088351 0.000000 0.162691 -0.178307 0.000000 -0.255884 -0.084305 -0.000000 -0.310771 0.087730 -0.262418 0.000000 -0.028390 -0.000000 -0.075478 -0.000000 -0.128311 -0.000000 0.192816 -0.083150 0.000000 -0.052186 0.000000 0.000000 0.212193 0.000000 0.000000 0.044710 0.000000 -0.292270 -0.123313 0.123992 -0.120044 -0.333310 -0.000000 0.094620 -0.071011 -0.199723 -0.221487 0.150989 -0.158425 -0.229045 -0.216856 -0.000000 0.012397 -0.000000 -0.000000 -0.000000 -0.245406 -0.000000
  -0.275992 -0.000000 -0.000000 -0.000000 -0.054322 0.000000 -0.000000 -0.571808 0.125596 0.099673 -0.000000 0.092871 0.190902 0.121138 0.054566 -0.000000 0.128285 0.000000 0.000000 0.166210 -0.000000 -0.022627 0.071281 -0.068023 -0.333903 0.153227 -0.123802 0.153212 -0.033101 -0.000000 0.000000 0.000000 0.000000 -0.000000 -0.219076 -0.000000 0.037346 0.000000 0.040535 0.000000 -0.049454 0.160665 0.322006 -0.098431 0.021858 -0.092618 0.046805 -0.000000 0.006234 -0.000000 0.013802 0.000000 -0.061531 -0.114728 0.000000 0.098227 -0.019393 -0.000000 0.067335 0.241153 -0.036652 -0.000000 -0.056379 0.000000 -0.041221 -0.000000 0.088568 0.000000 -0.395848 0.044009 0.000000 -0.063960 -0.000000 0.000000 -0.334448 0.000000 0.000000 0.118373 -0.000000 0.025812 0.179581 0.239239 0.095479 -0.067145 0.000000 -0.107633 -0.005459 -0.273971 -0.078073 -0.210340 0.027675 -0.053346 -0.003460 0.000000 0.133913 -0.000000 -0.000000 -0.000000 0.185523 0.000000
  -0.288223 0.000000 -0.000000 0.000000 -0.167114 -0.000000 -0.000000 -0.683926 -0.031079 -0.191572 -0.000000 -0.071241 -0.171698 -0.262262 -0.286486 0.000000 -0.222827 -0.000000 -0.000000 0.090904 -0.000000 -0.170736 -0.095941 -0.100130 0.112312 -0.172830 -0.064591 -0.110315 -0.130922 -0.000000 -0.000000 -0.000000 0.000000 -0.000000 0.187851 -0.000000 0.234464 0.000000 -0.237904 -0.000000 -0.047778 -0.104235 0.169661 -1.588754 -0.175082 -0.223331 -0.064678 0.000000 -0.015813 0.000000 -0.264888 0.000000 0.050885 -0.181780 -0.000000 -0.154413 -0.149222 -0.000000 -0.233917 -0.113720 -0.123903 -0.000000 -0.154084 0.000000 -0.022840 -0.000000 -0.165611 0.000000 0.070263 -0.263217 -0.000000 -0.067723 -0.000000 -0.000000 0.158408 0.000000 0.000000 -0.000000 0.000000 -0.114260 -0.117572 -0.128551 -0.014173 -0.206530 0.000000 0.024902 -0.169351 0.113023 -0.142062 -0.019748 -0.043017 -0.213441 -0.087700 0.000000 -0.154934 0.000000 -0.000000 -0.000000 -0.095246 -0.000000
  -1.065820 0.000000 -0.000000 -0.000000 -0.630303 -0.000000 0.000000 -0.279271 -0.477698 -0.895036 -0.000000 -0.821151 -0.150618 -0.727899 -0.378560 -0.000000 -0.773865 -0.000000 -0.000000 -0.030524 0.000000 -0.394793 0.009678 -0.063369 -0.693036 -0.229590 -0.345985 -0.486701 -0.583146 -0.000000 -0.000000 -0.000000 0.000000 -0.000000 -0.054091 0.000000 0.006937 -0.000000 -0.073842 0.000000 -0.091810 -0.617668 0.091358 -0.440000 -0.014716 -0.053840 -0.219987 -0.000000 0.097883 -0.000000 -0.253346 -0.000000 0.002933 -0.315603 -0.000000 -0.032851 -0.008624 0.000000 -0.301118 -0.126681 -0.436476 -0.000000 -0.116252 -0.000000 0.076518 -0.000000 -0.277002 -0.000000 -0.437288 -0.108190 -0.000000 0.029516 0.000000 -0.000000 -0.087415 -0.000000 0.000000 -0.037663 0.000000 -0.580609 -0.093471 -0.042423 -0.011850 -0.424038 0.000000 0.138899 0.093970 0.128675 -0.083349 -0.070138 0.184474 -0.431843 -0.131935 -0.000000 -0.120723 -0.000000 -0.000000 -0.000000 -0.654928 -0.000000
  -0.081930 -0.000000 -0.000000 -0.000000 -0.113618 -0.000000 0.000000 -0.150235 -0.096987 -0.092695 -0.000000 -0.165966 -0.228255 0.012078 -0.093247 -0.000000 -0.107097 -0.000000 0.000000 0.136225 -0.000000 -0.060125 0.091312 0.107515 -0.111709 0.030683 -0.120709 -0.169687 -0.007980 -0.000000 0.000000 -0.000000 -0.000000 0.000000 0.144175 -0.000000 -0.070087 0.000000 -0.109496 0.000000 0.096761 -0.220495 -0.140408 0.118503 0.095508 -0.226644 -0.105847 -0.000000 -0.061758 -0.000000 -0.156207 0.000000 0.171539 0.028822 -0.000000 -0.083631 -0.023753 -0.000000 0.080381 -0.042548 -0.163164 0.000000 0.110993 -0.000000 -0.016463 -0.000000 -0.068396 -0.000000 -0.028505 0.068850 -0.000000 -0.169597 0.000000 -0.000000 0.074598 -0.000000 -0.000000 -0.059877 0.000000 -0.112929 0.007010 -0.147266 -0.065951 -0.081380 0.000000 0.150740 -0.096725 -0.057746 -0.153665 -0.008456 -0.035818 0.072118 0.057514 -0.000000 -0.131624 0.000000 -0.000000 -0.000000 -0.128185 -0.000000
  0.027362 -0.000000 -0.000000 0.000000 0.008436 -0.000000 0.000000 0.192022 0.165891 0.083084 -0.000000 0.203015 0.085115 -0.001984 0.006429 -0.000000 0.043517 -0.000000 0.000000 0.067737 0.000000 -0.034452 -0.038060 0.073365 0.169944 -0.066950 0.038396 0.110858 0.102979 -0.000000 -0.000000 -0.000000 -0.000000 -0.000000 0.258426 -0.000000 0.009716 0.000000 0.075517 -0.000000 0.152574 0.209037 -0.147897 -0.103874 0.077418 0.183850 -0.047420 -0.000000 0.309247 -0.000000 0.174022 -0.000000 0.160328 -0.061727 0.000000 0.016234 0.076143 0.000000 0.123997 0.330915 0.085716 -0.000000 0.187866 0.000000 0.016006 -0.000000 0.215726 -0.000000 0.123253 0.081498 -0.000000 0.120270 -0.000000 -0.000000 0.131978 -0.000000 0.000000 -0.000000 0.000000 -0.082574 0.002402 0.202583 0.181348 0.155324 0.000000 0.078719 0.021672 -0.000001 -0.048222 -0.079696 0.186898 -0.026273 -0.022696 -0.000000 0.207016 0.000000 -0.000000 0.000000 0.057233 -0.000000
  -0.018563 -0.000000 -0.000000 0.000000 -0.013603 -0.000000 -0.000000 -0.189796 -0.031986 -0.022097 -0.000000 0.127536 -0.048829 -0.010277 0.035075 0.000000 -0.022885 -0.000000 -0.000000 0.087166 -0.000000 0.136603 0.140639 0.105360 0.025401 0.015212 -0.089628 0.162101 -0.010011 -0.000000 0.000000 -0.000000 0.000000 0.000000 0.007151 0.000000 -0.038935 -0.000000 0.044906 0.000000 0.108334 -0.003772 -0.024785 0.040275 0.148700 -0.027626 0.082771 -0.000000 -0.010049 -0.000000 0.152362 -0.000000 0.156064 0.010643 -0.000000 -0.088395 0.096337 -0.000000 0.139820 0.176781 0.174197 -0.000000 0.079063 0.000000 -0.073571 -0.000000 -0.111790 -0.000000 -0.037745 -0.063893 -0.000000 0.030602 0.000000 -0.000000 0.011615 -0.000000 0.000000 -0.734327 0.000000 0.096664 -0.015565 0.132049 0.004956 0.018934 0.000000 -0.171313 0.065577 -0.189652 -0.033970 -0.218312 -0.090520 0.142055 0.075195 -0.000000 -0.009388 0.000000 -0.000000 -0.000000 -0.041678 -0.000000
  -0.440917 -0.000000 -0.000000 0.000000 0.007114 -0.000000 -0.000000 -0.113935 0.159324 0.055613 -0.000000 0.164552 0.096481 -0.025041 0.078107 0.000000 0.153099 -0.000000 0.000000 0.055352 0.000000 -0.045215 -0.019302 0.127621 0.032171 0.110591 -0.097447 0.010044 -0.013329 -0.000000 -0.000000 -0.000000 0.000000 -0.000000 0.022811 0.000000 -0.014297 0.000000 0.109847 -0.000000 0.171793 -0.049046 0.115840 -0.070586 0.151375 0.137616 0.119543 -0.000000 0.082424 0.000000 0.142802 -0.000000 0.154661 0.254272 -0.000000 0.131052 0.159975 -0.000000 -0.012606 0.100307 0.119304 -0.000000 0.075527 0.000000 0.124011 -0.000000 0.234362 -0.000000 -0.263610 0.008180 -0.000000 0.205513 -0.000000 0.000000 -0.076976 -0.000000 0.000000 0.163974 -0.000000 0.043087 0.031551 0.083335 0.111305 0.123482 -0.000000 0.165827 0.029096 -0.004393 0.030601 -0.007843 0.069134 0.061596 0.042448 -0.000000 0.160092 -0.000000 -0.000000 0.000000 0.161832 -0.000000
  0.086661 -0.000000 -0.000000 -0.000000 0.182439 -0.000000 -0.000000 -0.034756 -0.002851 0.137401 0.000000 -0.065120 -0.072408 0.045766 -0.045828 0.000000 0.061578 -0.000000 0.000000 -0.024756 0.000000 -0.026165 -0.113395 -0.031484 0.128949 0.123203 0.100013 -0.059484 0.147328 -0.000000 -0.000000 -0.000000 -0.000000 0.000000 0.002253 -0.000000 -0.193349 0.000000 0.086056 -0.000000 0.124261 0.156756 -0.083398 -0.022280 -0.034598 -0.116534 0.088960 -0.000000 0.053280 0.000000 0.153713 0.000000 -0.166195 0.089678 -0.000000 0.043707 -0.139493 -0.000000 0.065568 0.137973 -0.031319 -0.000000 0.080010 -0.000000 0.128135 -0.000000 -0.110490 -0.000000 -0.074733 0.010179 -0.000000 0.174414 0.000000 -0.000000 0.012591 0.000000 -0.000000 -0.104077 0.000000 0.052446 0.064548 0.028492 -0.067913 0.076712 -0.000000 -0.007754 -0.001449 0.008763 0.146423 0.201193 0.112664 -0.097075 -0.075934 -0.000000 -0.071553 0.000000 -0.000000 -0.000000 0.015488 -0.000000
  0.356135 -0.000000 -0.000000 0.000000 -0.148769 0.000000 -0.000000 -0.731497 0.086192 -0.132067 -0.000000 0.003368 -0.039154 -0.041867 -0.109585 0.000000 -0.128953 0.000000 -0.000000 0.156034 -0.000000 -0.003368 -0.007976 0.052685 -0.221435 -0.077534 -0.065232 0.051342 -0.096266 -0.000000 -0.000000 0.000000 0.000000 -0.000000 0.060778 -0.000000 -0.134334 -0.000000 0.023289 -0.000000 0.115776 -0.088627 0.141720 0.051453 0.001160 -0.182915 -0.021015 -0.000000 0.118595 0.000000 -0.061267 -0.000000 -0.029905 0.024584 -0.000000 0.048245 0.137673 0.000000 -0.061717 0.144216 0.055588 -0.000000 0.009139 0.000000 -0.028433 -0.000000 0.003418 0.000000 -0.163705 0.048598 0.000000 -0.006471 -0.000000 0.000000 -0.108513 -0.000000 0.000000 -0.084063 0.000000 -0.113125 -0.098870 -0.033178 0.129354 0.008398 0.000000 -0.114805 -0.110471 0.223914 -0.064582 0.290463 0.022770 -0.132043 0.087210 -0.000000 -0.157047 -0.000000 -0.000000 0.000000 0.008821 -0.000000
  -0.281684 0.000000 -0.000000 -0.000000 0.107603 -0.000000 -0.000000 0.076123 0.084474 0.181260 0.000000 0.158664 0.003451 0.223239 0.190947 -0.000000 0.110945 -0.000000 -0.000000 0.188076 -0.000000 0.199570 0.015983 0.051184 -0.234429 0.008133 0.071104 0.105758 0.195370 0.000000 -0.000000 0.000000 -0.000000 -0.000000 -0.000328 0.000000 -0.023049 -0.000000 -0.002080 -0.000000 0.114759 -0.067014 -0.250865 -0.254168 0.033425 0.039163 0.189768 -0.000000 0.029654 -0.000000 0.116419 -0.000000 -0.015685 0.107531 0.000000 0.199043 0.048462 -0.000000 0.106371 -0.060092 0.149952 -0.000000 0.197118 -0.000000 0.019059 -0.000000 0.211192 0.000000 0.113582 -0.068360 0.000000 -0.092627 0.000000 -0.000000 0.668673 -0.000000 0.000000 -0.279268 0.000000 0.148790 -0.133881 -0.097509 0.057877 0.122025 -0.000000 0.077482 0.034874 0.247614 0.198932 -0.029315 -0.058089 0.126088 0.042393 -0.000000 0.036395 -0.000000 -0.000000 0.000000 0.026031 0.000000
  0.079284 0.000000 -0.000000 -0.000000 0.055164 0.000000 -0.000000 -0.089079 0.068549 0.165132 -0.000000 0.159991 -0.117152 -0.061387 0.086742 0.000000 -0.023301 -0.000000 0.000000 -0.155454 -0.000000 0.052340 0.021296 0.083276 -0.030346 0.043768 0.055630 0.046873 0.049382 -0.000000 -0.000000 -0.000000 -0.000000 -0.000000 0.133336 0.000000 0.123091 -0.000000 0.000991 -0.000000 -0.063291 -0.079356 0.059427 0.090839 -0.073224 -0.119146 0.097486 -0.000000 0.224004 0.000000 0.164060 -0.000000 0.043725 -0.006987 0.000000 0.001792 -0.083595 -0.000000 0.024640 0.195192 0.104427 0.000000 -0.083150 0.000000 0.027157 -0.000000 0.126682 -0.000000 0.130022 -0.103325 -0.000000 0.069879 -0.000000 0.000000 -0.122087 -0.000000 0.000000 -0.120873 0.000000 0.077425 0.075014 0.059248 -0.121448 -0.081072 0.000000 0.010361 -0.019462 0.029115 0.022823 -0.186725 -0.062449 0.110568 0.082254 0.000000 -0.067228 0.000000 -0.000000 -0.000000 0.175733 -0.000000
  -0.139477 -0.000000 -0.000000 0.000000 -0.191390 -0.000000 0.000000 0.196673 -0.205294 -0.196826 -0.000000 -0.253441 -0.112444 -0.192067 -0.250185 -0.000000 -0.158179 -0.000000 0.000000 0.084664 0.000000 -0.144799 -0.176902 -0.007963 -0.044976 -0.082324 -0.112113 -0.136664 -0.039054 -0.000000 -0.000000 -0.000000 -0.000000 0.000000 0.202574 -0.000000 -0.057340 0.000000 -0.178605 -0.000000 -0.065784 -0.160397 -0.037481 -0.357307 -0.143524 -0.275574 -0.169259 -0.000000 -0.227467 0.000000 -0.257180 -0.000000 -0.039724 -0.098535 0.000000 0.004957 -0.057441 0.000000 -0.139815 -0.189791 -0.278391 0.000000 0.032994 -0.000000 -0.104298 -0.000000 -0.123512 0.000000 -0.173772 -0.151296 0.000000 -0.016445 0.000000 -0.000000 0.032036 0.000000 0.000000 -0.588806 -0.000000 -0.275717 0.042703 -0.145325 -0.023815 -0.153078 -0.000000 0.080539 -0.009088 0.002382 -0.204372 0.250030 -0.180440 -0.059997 -0.173264 0.000000 0.024210 0.000000 -0.000000 0.000000 -0.162360 -0.000000
  0.143155 0.000000 -0.000000 -0.000000 -0.073169 -0.000000 -0.000000 -0.092014 0.254044 0.168929 -0.000000 0.204368 0.008408 0.112490 -0.039796 0.000000 0.005549 0.000000 -0.000000 0.140847 0.000000 0.178136 0.024747 0.276628 0.203927 0.046023 0.043545 0.036115 0.347984 0.000000 -0.000000 0.000000 -0.000000 0.000000 -0.155606 0.000000 0.029698 -0.000000 0.101395 -0.000000 0.098255 -0.061891 0.180068 -0.174466 0.147805 -0.009302 -0.012336 -0.000000 -0.024852 0.000000 -0.051415 0.000000 0.080482 0.088327 -0.000000 0.134961 0.065478 0.000000 0.288855 -0.053322 0.108231 -0.000000 0.102831 0.000000 0.098964 -0.000000 0.054969 -0.000000 -0.168084 0.087931 -0.000000 0.092146 -0.000000 -0.000000 -0.082460 -0.000000 -0.000000 0.216214 0.000000 0.237703 0.015174 -0.092724 0.223986 -0.074783 0.000000 0.022683 0.117200 0.129891 0.105770 -0.136974 0.088436 0.127118 0.138677 0.000000 0.071250 -0.000000 0.000000 -0.000000 -0.032753 0.000000
  -0.031739 -0.000000 -0.000000 -0.000000 -0.168922 -0.000000 -0.000000 0.093254 -0.082365 -0.148211 -0.000000 -0.136887 -0.193884 -0.049791 -0.115217 -0.000000 -0.070945 -0.000000 0.000000 0.088964 -0.000000 -0.044305 -0.063595 0.058067 -0.122893 0.049334 0.118103 -0.109199 -0.013312 -0.000000 -0.000000 -0.000000 -0.000000 0.000000 -0.063443 -0.000000 -0.007978 0.000000 -0.018113 0.000000 0.023385 -0.089604 -0.187646 0.016366 0.088773 -0.047869 0.055363 -0.000000 -0.185852 -0.000000 -0.084075 0.000000 0.140208 -0.116625 -0.000000 -0.032023 -0.082410 -0.000000 -0.113751 -0.177697 -0.132360 -0.000000 -0.139024 0.000000 -0.044142 -0.000000 -0.147307 -0.000000 -0.154029 -0.155819 0.000000 -0.151543 0.000000 0.000000 -0.018137 0.000000 0.000000 -0.092740 0.000000 -0.150154 -0.139351 -0.072025 0.014311 0.058061 -0.000000 0.124192 -0.074493 -0.159476 -0.073164 -0.075623 -0.116237 -0.021950 0.069160 -0.000000 -0.078378 0.000000 -0.000000 -0.000000 -0.109956 -0.000000
  0.102289 -0.000000 -0.000000 0.000000 -0.058052 0.000000 -0.000000 0.065280 0.038299 0.069111 -0.000000 0.037787 0.073693 -0.055583 -0.063989 -0.000000 0.118805 -0.000000 -0.000000 -0.267968 0.000000 0.128293 -0.053844 -0.057723 0.040643 -0.024792 0.145798 0.171587 0.131770 -0.000000 0.000000 -0.000000 0.000000 -0.000000 -0.118146 -0.000000 -0.072789 0.000000 0.026040 -0.000000 0.026858 0.098943 0.017351 0.007487 0.028491 -0.084356 0.099281 -0.000000 0.306930 -0.000000 0.195787 -0.000000 -0.036939 -0.078602 0.000000 0.066779 0.087116 0.000000 -0.051444 0.059835 0.175545 -0.000000 -0.035214 -0.000000 0.094350 -0.000000 -0.012414 -0.000000 -0.054923 0.177591 0.000000 0.103238 -0.000000 0.000000 -0.050229 -0.000000 0.000000 0.081983 0.000000 0.116275 -0.019513 0.114201 0.118304 -0.012260 -0.000000 0.014192 0.127180 -0.050513 0.137381 0.094074 0.113597 -0.018426 0.006076 -0.000000 -0.066085 -0.000000 -0.000000 -0.000000 0.180988 -0.000000
  -0.023864 0.000000 -0.000000 0.000000 0.046035 -0.000000 -0.000000 -0.042925 0.079198 -0.091206 -0.000000 0.005179 0.082476 -0.028495 0.079280 0.000000 0.021951 -0.000000 -0.000000 0.225738 -0.000000 0.136753 0.083449 -0.019536 -0.000630 -0.013221 0.114975 -0.052243 0.018247 -0.000000 -0.000000 -0.000000 -0.000000 -0.000000 0.031989 -0.000000 0.038352 0.000000 -0.027166 0.000000 0.145406 -0.031022 0.129835 0.021576 -0.005491 -0.108831 0.066106 -0.000000 0.263469 -0.000000 -0.067903 -0.000000 0.175027 0.068112 0.000000 -0.024285 -0.040823 -0.000000 0.006746 0.161869 0.069948 -0.000000 0.139151 -0.000000 0.145137 -0.000000 0.013236 -0.000000 0.131043 0.041011 -0.000000 0.009990 0.000000 0.000000 0.164096 -0.000000 0.000000 0.000000 -0.000000 0.014576 -0.033902 0.018790 -0.073770 -0.092802 0.000000 0.078619 0.121454 -0.000020 -0.118526 0.052697 0.111475 -0.005015 0.036360 0.000000 0.044774 0.000000 -0.000000 -0.000000 0.010450 -0.000000
  -0.489042 0.000000 -0.000000 -0.000000 0.136492 0.000000 -0.000000 -0.181717 0.085947 0.121870 -0.000000 -0.039327 0.249839 0.071152 -0.000256 -0.000000 0.096949 -0.000000 -0.000000 0.099809 -0.000000 0.080771 0.028689 0.049152 0.113185 0.018076 0.031464 0.166943 0.114672 -0.000000 0.000000 -0.000000 0.000000 -0.000000 0.116223 -0.000000 0.007196 0.000000 0.060381 -0.000000 -0.074236 0.110243 0.043931 -0.840411 0.144222 -0.045541 -0.036027 -0.000000 0.006661 -0.000000 0.071186 0.000000 -0.032177 0.265523 0.000000 -0.062068 0.215000 -0.000000 0.076723 0.124396 0.152672 -0.000000 0.000382 -0.000000 0.017789 -0.000000 0.018198 0.000000 0.000000 -0.006162 0.000000 0.175039 -0.000000 -0.000000 0.154433 -0.000000 -0.000000 0.046005 -0.000000 -0.103586 -0.039797 -0.024919 -0.103593 0.169032 -0.000000 -0.014205 0.045801 0.132380 0.011879 -0.125219 0.133383 -0.026024 -0.025935 -0.000000 0.038062 -0.000000 -0.000000 -0.000000 0.048174 -0.000000
  -0.002607 -0.000000 -0.000000 -0.000000 0.044965 -0.000000 -0.000000 -0.385689 -0.007371 -0.055051 -0.000000 0.124929 -0.118526 0.074749 0.001394 -0.000000 0.068069 -0.000000 -0.000000 0.087498 0.000000 -0.060533 -0.082995 0.139156 -0.104578 0.047353 0.026788 -0.102721 0.064013 -0.000000 -0.000000 0.000000 0.000000 0.000000 -0.054879 -0.000000 0.061815 0.000000 0.044864 -0.000000 0.077681 -0.003896 -0.204378 0.024219 -0.017791 -0.060968 -0.058336 -0.000000 0.131686 0.000000 0.118515 0.000000 -0.159652 0.073381 -0.000000 0.102458 -0.047818 0.000000 0.096333 0.082685 -0.068587 -0.000000 0.101835 -0.000000 0.087343 -0.000000 0.081886 -0.000000 0.038716 0.003337 -0.000000 -0.139357 -0.000000 0.000000 0.053773 0.000000 0.000000 -0.383204 -0.000000 -0.084548 -0.119829 0.159712 0.127404 -0.045838 0.000000 0.053948 0.010405 -0.002099 -0.081812 -0.106946 0.137874 0.096567 -0.105496 -0.000000 -0.004195 0.000000 -0.000000 0.000000 -0.151123 -0.000000
  -0.128368 -0.000000 -0.000000 -0.000000 -0.085203 -0.000000 -0.000000 -0.064831 -0.006042 0.036900 -0.000000 -0.059462 0.004424 0.050762 0.011276 -0.000000 0.127067 -0.000000 0.000000 0.027858 -0.000000 0.094034 -0.020644 -0.007433 0.104058 0.255885 -0.002573 0.158282 0.095991 -0.000000 0.000000 -0.000000 0.000000 -0.000000 0.169954 -0.000000 0.168281 -0.000000 0.027831 0.000000 0.117834 0.071434 -0.073098 -0.185843 0.145990 0.114300 0.105598 -0.000000 0.086806 0.000000 0.139309 -0.000000 0.190552 0.161225 -0.000000 -0.026711 0.100508 -0.000000 -0.111718 -0.003864 0.106875 -0.000000 -0.053342 -0.000000 0.045644 -0.000000 0.135991 0.000000 0.000000 -0.052259 -0.000000 0.055265 -0.000000 0.000000 0.132402 -0.000000 -0.000000 -0.212362 0.000000 -0.025926 0.074653 0.013311 0.063854 0.130445 -0.000000 0.060194 0.213897 -0.147592 0.024280 -0.258250 0.054451 -0.112043 0.146364 0.000000 0.137625 0.000000 -0.000000 -0.000000 0.142777 -0.000000
  -0.000000 0.000000 0.000000 0.000000 -0.000000 -0.000000 -0.000000 -0.000000 0.000000 -0.000000 -0.000000 0.000000 -0.000000 -0.000000 -0.000000 -0.000000 0.000000 0.000000 0.000000 -0.000000 0.000000 -0.000000 -0.000000 -0.000000 -0.000000 -0.000000 -0.000000 0.000000 -0.000000 -0.000000 -0.000000 0.000000 -0.000000 0.000000 0.000000 -0.000000 -0.000000 -0.000000 0.000000 -0.000000 -0.000000 -0.000000 0.000000 -0.000000 -0.000000 0.000000 0.000000 0.000000 -0.000000 0.000000 0.000000 -0.000000 0.000000 -0.000000 0.000000 -0.000000 0.000000 -0.000000 0.000000 -0.000000 0.000000 0.000000 -0.000000 0.000000 0.000000 -0.000000 -0.000000 0.000000 -0.000000 -0.000000 -0.000000 -0.000000 -0.000000 -0.000000 0.000000 0.000000 -0.000000 0.000000 0.000000 0.000000 -0.000000 -0.000000 0.000000 0.000000 0.000000 0.000000 -0.000000 0.000000 -0.000000 -0.000000 0.000000 -0.000000 -0.000000 0.000000 -0.000000 0.000000 0.000000 0.000000 -0.000000 -0.000000
  -0.048851 -0.000000 -0.000000 0.000000 -0.024763 0.000000 -0.000000 0.133859 0.159262 0.008171 0.000000 0.083238 0.242008 0.107519 0.010872 -0.000000 0.184999 -0.000000 -0.000000 -0.059779 -0.000000 0.031929 -0.086106 0.021280 0.165923 -0.087565 -0.003494 0.133593 0.090896 -0.000000 0.000000 -0.000000 0.000000 0.000000 0.072994 -0.000000 -0.151725 0.000000 0.045295 0.000000 0.073522 0.097400 0.045447 -0.282862 0.015093 0.059499 0.137791 -0.000000 0.120166 -0.000000 0.180023 -0.000000 -0.006103 0.153460 -0.000000 0.095367 0.029655 0.000000 0.099565 0.238080 -0.046512 0.000000 0.093396 0.000000 0.049830 0.000000 0.299977 0.000000 0.000000 0.007440 -0.000000 0.024819 -0.000000 -0.000000 0.152512 -0.000000 0.000000 -0.096630 -0.000000 -0.080981 -0.000854 0.229141 0.158072 -0.026718 -0.000000 0.012480 0.120439 0.045028 0.035817 0.113072 0.154508 -0.098767 0.017269 0.000000 0.107966 -0.000000 -0.000000 -0.000000 0.051816 -0.000000
  0.077400 0.000000 -0.000000 -0.000000 0.042528 -0.000000 -0.000000 -0.138396 0.093365 0.172189 -0.000000 0.159827 0.211962 -0.039538 -0.009161 0.000000 0.185099 -0.000000 -0.000000 -0.147098 0.000000 -0.022153 0.026542 0.133647 -0.117576 0.065819 -0.011466 0.155087 -0.028161 -0.000000 0.000000 0.000000 -0.000000 -0.000000 -0.029201 0.000000 0.095256 -0.000000 0.077213 0.000000 0.134267 0.035378 -0.053396 0.055166 0.048349 0.003813 0.022232 -0.000000 0.226233 -0.000000 -0.022760 -0.000000 -0.104077 0.065533 -0.000000 0.019663 0.046153 -0.000000 -0.061168 0.259654 0.041383 -0.000000 -0.088737 -0.000000 0.061303 -0.000000 0.108631 -0.000000 0.008351 0.133581 0.000000 -0.034408 -0.000000 -0.000000 -0.116769 -0.000000 -0.000000 0.154433 -0.000000 -0.058816 -0.093409 0.236568 -0.054290 0.079333 -0.000000 0.023511 -0.021575 -0.361864 -0.045762 -0.187089 0.022226 0.079334 -0.024767 -0.000000 0.058988 0.000000 -0.000000 0.000000 0.046431 -0.000000
  -0.245812 0.000000 -0.000000 -0.000000 -0.155852 -0.000000 -0.000000 0.017565 -0.222003 0.002055 -0.000000 -0.148647 -0.014269 -0.116109 -0.015316 0.000000 -0.060663 -0.000000 0.000000 -0.022987 -0.000000 -0.006891 -0.089150 -0.080397 -0.088729 0.037637 -0.053477 -0.176158 -0.135837 -0.000000 -0.000000 -0.000000 -0.000000 -0.000000 0.032617 0.000000 -0.095409 -0.000000 -0.131999 0.000000 -0.001304 -0.095729 -0.146199 -0.111313 -0.036047 -0.067921 -0.193562 -0.000000 -0.103544 -0.000000 -0.041131 -0.000000 -0.041333 -0.150163 0.000000 0.056255 -0.107684 -0.000000 -0.117882 -0.077344 -0.220377 0.000000 -0.021313 0.000000 -0.114191 -0.000000 -0.024353 -0.000000 -0.232402 -0.115673 -0.000000 -0.083627 0.000000 -0.000000 0.131297 -0.000000 0.000000 -0.112956 0.000000 -0.123132 -0.102519 0.126161 -0.084532 -0.057983 0.000000 -0.018005 -0.046110 0.050666 -0.214944 0.022719 0.020608 -0.216115 -0.169748 0.000000 -0.039035 -0.000000 -0.000000 -0.000000 -0.197537 -0.000000
  -0.012759 -0.000000 -0.000000 0.000000 0.036157 0.000000 -0.000000 -0.072722 -0.207007 -0.145760 -0.000000 -0.098177 0.163785 -0.101952 -0.027934 0.000000 -0.031815 -0.000000 0.000000 0.099188 -0.000000 0.108697 -0.165542 -0.212805 0.200423 -0.033372 -0.061698 -0.083684 -0.093428 -0.000000 -0.000000 -0.000000 0.000000 0.000000 0.174298 -0.000000 0.148000 0.000000 0.080463 -0.000000 -0.040630 0.113203 -0.040769 0.164923 -0.216191 0.132265 0.060681 -0.000000 0.012556 -0.000000 0.110610 -0.000000 -0.082513 0.122356 -0.000000 -0.168575 -0.046240 -0.000000 -0.052691 0.062446 -0.061397 0.000000 0.026465 0.000000 -0.170067 -0.000000 0.056030 0.000000 0.000000 -0.011887 0.000000 -0.047226 0.000000 -0.000000 0.156740 -0.000000 -0.000000 -0.040530 -0.000000 -0.158688 0.078899 0.029752 -0.208097 -0.102255 0.000000 0.132397 -0.023878 0.091392 -0.129572 -0.198357 -0.116180 -0.006124 0.063429 -0.000000 -0.078500 -0.000000 -0.000000 0.000000 -0.148830 -0.000000
  -0.088779 0.000000 -0.000000 0.000000 -0.001522 -0.000000 0.000000 0.082346 -0.042286 0.127790 -0.000000 0.033565 -0.005296 -0.109670 -0.174196 -0.000000 -0.018951 -0.000000 -0.000000 0.154113 -0.000000 -0.174723 -0.000724 -0.033088 0.004201 -0.002901 -0.038876 -0.123250 -0.147754 -0.000000 -0.000000 -0.000000 -0.000000 0.000000 0.037158 0.000000 -0.154483 0.000000 -0.074586 -0.000000 -0.089597 -0.041707 0.159519 0.093676 -0.165867 0.176278 0.016170 -0.000000 -0.209425 0.000000 -0.070208 0.000000 -0.105846 -0.043034 -0.000000 -0.134899 -0.003719 0.000000 -0.012671 -0.081426 -0.110650 0.000000 -0.102998 -0.000000 -0.020788 -0.000000 -0.058247 0.000000 0.024320 -0.111571 -0.000000 0.086000 -0.000000 -0.000000 0.079370 0.000000 -0.000000 0.114604 0.000000 -0.099481 0.154283 -0.059613 -0.055735 -0.072820 -0.000000 0.137765 -0.130721 0.248564 0.033829 0.158863 -0.104386 -0.134522 -0.112757 -0.000000 0.012627 -0.000000 -0.000000 0.000000 -0.182904 -0.000000
  -0.934175 0.000000 -0.000000 -0.000000 0.088632 -0.000000 -0.000000 0.224385 0.054194 0.077238 -0.000000 0.014005 -0.014137 -0.066874 -0.010284 -0.000000 -0.056212 -0.000000 -0.000000 0.229998 -0.000000 0.151970 0.031709 -0.003712 -0.013463 0.007669 0.060341 -0.058742 0.187432 -0.000000 -0.000000 0.000000 -0.000000 0.000000 -0.108094 0.000000 -0.053371 0.000000 0.114793 -0.000000 -0.050107 -0.029915 0.203851 -0.438326 0.038241 -0.157221 0.020249 -0.000000 0.346502 -0.000000 0.136325 0.000000 -0.209557 -0.002433 -0.000000 0.170972 0.146721 -0.000000 -0.027365 0.136668 0.170036 0.000000 0.134855 -0.000000 0.048329 -0.000000 -0.016965 -0.000000 -0.289613 -0.067917 0.000000 0.100466 -0.000000 -0.000000 -0.046383 0.000000 0.000000 -0.115963 0.000000 -0.032223 -0.011830 0.188286 0.002610 0.121468 -0.000000 -0.092357 0.008033 -0.166125 -0.031348 0.241468 0.036710 -0.064771 0.047311 0.000000 -0.004303 0.000000 -0.000000 -0.000000 0.156892 -0.000000
  0.099546 0.000000 -0.000000 0.000000 -0.042803 -0.000000 -0.000000 0.093718 -0.019577 0.126419 -0.000000 0.061886 0.137548 0.051063 0.016519 -0.000000 0.088564 -0.000000 0.000000 0.024798 0.000000 0.049704 0.065462 0.159394 -0.076613 0.151730 0.008666 0.087670 0.105965 -0.000000 -0.000000 -0.000000 -0.000000 -0.000000 0.070441 -0.000000 -0.007870 -0.000000 0.053747 0.000000 0.028097 -0.030729 0.054731 0.061895 0.115935 -0.009516 0.014952 -0.000000 0.133053 -0.000000 0.072172 -0.000000 -0.145247 0.017554 -0.000000 -0.057957 0.139470 0.000000 0.084372 0.130433 0.175896 0.000000 0.133551 -0.000000 0.188665 -0.000000 0.123830 -0.000000 -0.061145 0.000596 -0.000000 0.164428 -0.000000 -0.000000 -0.115307 -0.000000 -0.000000 0.100244 0.000000 -0.093875 0.047113 0.145104 -0.056339 0.109600 0.000000 0.006854 0.104853 -0.157348 0.174202 0.069789 0.170815 -0.086795 0.183107 0.000000 0.139547 -0.000000 -0.000000 0.000000 0.108193 -0.000000
  0.169384 -0.000000 -0.000000 -0.000000 -0.144148 -0.000000 0.000000 0.169481 -0.179903 -0.234938 -0.000000 -0.130451 -0.290148 -0.307320 -0.413653 -0.000000 -0.241416 -0.000000 0.000000 -0.081765 -0.000000 -0.222910 -0.173364 -0.268007 0.183541 -0.069726 -0.276142 -0.140775 -0.301181 -0.000000 -0.000000 0.000000 0.000000 -0.000000 0.259255 -0.000000 0.141529 -0.000000 -0.198784 0.000000 -0.249471 -0.094406 0.002265 0.037159 -0.202938 -0.027596 -0.280641 -0.000000 0.003690 -0.000000 -0.384778 0.000000 0.083759 -0.254894 0.000000 -0.259805 -0.246988 -0.000000 -0.158723 -0.014453 -0.264954 0.000000 -0.148063 0.000000 -0.111929 -0.000000 -0.282500 -0.000000 -0.049437 -0.243526 -0.000000 -0.153870 0.000000 -0.000000 0.258781 -0.000000 -0.000000 -0.257248 -0.000000 -0.369386 -0.184455 0.192955 -0.141649 -0.366725 0.000000 0.147638 -0.265318 -0.498642 -0.293735 0.025395 -0.248008 -0.228570 -0.255724 0.000000 -0.000968 0.000000 0.000000 0.000000 -0.085030 -0.000000
  0.077061 -0.000000 -0.000000 0.000000 0.021407 -0.000000 0.000000 -0.005304 -0.237801 -0.110337 -0.000000 -0.180639 0.004057 -0.161797 -0.099802 -0.000000 -0.020191 0.000000 0.000000 0.139663 -0.000000 0.022952 -0.026716 -0.144780 0.040693 0.060672 0.034447 -0.145916 -0.156386 -0.000000 0.000000 -0.000000 -0.000000 0.000000 -0.008303 -0.000000 0.059600 0.000000 -0.148182 -0.000000 -0.071072 0.015162 0.152497 -0.267710 -0.237667 0.214222 -0.026286 -0.000000 -0.069260 0.000000 -0.177368 -0.000000 0.183654 -0.141974 -0.000000 -0.049816 0.049109 -0.000000 0.016213 -0.034286 -0.117232 0.000000 -0.161476 -0.000000 -0.147483 -0.000000 -0.045258 0.000000 0.086974 0.036713 0.000000 -0.028093 -0.000000 0.000000 -0.099055 -0.000000 0.000000 -0.042336 0.000000 -0.188404 -0.093372 -0.122281 -0.108311 -0.129439 0.000000 0.175762 0.036895 0.024251 -0.162276 0.053665 0.027736 0.047320 -0.221004 0.000000 0.074945 -0.000000 -0.000000 -0.000000 -0.035664 -0.000000
  0.000340 -0.000000 -0.000000 -0.000000 -0.000884 -0.000000 -0.000000 0.000214 -0.001055 0.000696 -0.000000 0.001075 0.004785 -0.001307 0.000260 -0.000000 0.000980 -0.000000 -0.000000 0.001791 0.000000 0.000380 0.000052 -0.000409 0.000184 0.000888 -0.000667 0.002263 0.000082 -0.000000 0.000000 -0.000000 0.000000 -0.000000 -0.001224 -0.000000 -0.000047 -0.000000 -0.004245 0.000000 -0.001958 -0.002531 -0.000211 -0.000076 -0.000020 -0.001765 0.004544 -0.000000 0.001632 -0.000000 0.000203 0.000000 -0.003319 -0.002940 0.000000 -0.001326 -0.001142 0.000000 0.001660 0.001354 0.000931 -0.000000 0.001834 -0.000000 0.003081 -0.000000 0.001505 0.000000 -0.000028 0.000023 -0.000000 0.002292 0.000000 -0.000000 0.001369 0.000000 0.000000 0.003168 -0.000000 -0.001505 -0.001230 0.001261 0.000727 0.001800 0.000000 0.002562 -0.003543 -0.000027 -0.002117 0.000060 0.000413 -0.001445 -0.000626 -0.000000 0.001644 -0.000000 -0.000000 -0.000000 0.003184 -0.000000
  -0.164426 0.000000 -0.000000 0.000000 -0.046617 -0.000000 0.000000 -0.074024 -0.165598 -0.152091 0.000000 -0.094006 -0.096615 -0.033121 -0.015536 -0.000000 -0.068294 -0.000000 0.000000 -0.103071 -0.000000 0.102402 0.017260 0.015547 0.000010 -0.112578 -0.021188 -0.165200 0.045238 -0.000000 -0.000000 0.000000 -0.000000 0.000000 -0.065893 -0.000000 -0.192809 0.000000 -0.088937 0.000000 -0.082483 0.091459 -0.177784 0.101676 -0.075145 -0.027754 -0.101460 -0.000000 0.007650 0.000000 -0.119894 0.000000 0.213263 0.003335 0.000000 0.092607 -0.212388 -0.000000 -0.103349 0.031975 0.019223 -0.000000 0.021770 0.000000 0.015468 -0.000000 -0.169195 0.000000 -0.051398 0.179658 -0.000000 -0.026084 -0.000000 -0.000000 0.050014 -0.000000 0.000000 0.084962 -0.000000 -0.192428 0.016905 -0.002918 -0.114455 -0.190838 0.000000 0.182103 -1.096199 -0.057118 -0.145084 -0.058572 -0.027890 -0.216924 -0.007567 -0.000000 -0.008765 -0.000000 -0.000000 -0.000000 -0.032718 -0.000000
  0.033738 0.000000 -0.000000 -0.000000 0.077356 0.000000 -0.000000 -0.009727 -0.051437 0.117368 -0.000000 -0.035755 0.124003 -0.054111 0.165257 0.000000 0.093371 -0.000000 0.000000 -0.262598 -0.000000 -0.080227 -0.033993 0.083735 0.006607 -0.045806 0.041977 0.137147 -0.109630 -0.000000 -0.000000 -0.000000 -0.000000 0.000000 -0.048015 -0.000000 0.167845 -0.000000 0.014627 -0.000000 0.019238 0.033986 -0.121567 -0.021569 -0.015478 0.051974 0.096096 -0.000000 0.138160 -0.000000 -0.008603 -0.000000 -0.038533 -0.076346 -0.000000 0.034969 0.125403 -0.000000 0.052182 0.194728 0.056950 -0.000000 -0.044177 -0.000000 -0.024371 -0.000000 -0.120494 -0.000000 0.101767 0.115076 -0.000000 0.096786 -0.000000 -0.000000 -0.002737 0.000000 0.000000 -0.001009 -0.000000 -0.026598 0.040819 -0.053775 -0.031846 0.120671 0.000000 0.004956 -0.058120 -0.104312 -0.018464 0.149346 0.156976 0.001928 -0.004077 0.000000 0.009863 -0.000000 -0.000000 0.000000 0.047868 -0.000000
  -0.594078 -0.000000 -0.000000 0.000000 -0.059594 -0.000000 -0.000000 -0.150923 -0.055753 0.007888 -0.000000 0.083427 -0.065779 -0.079695 -0.018517 -0.000000 -0.090662 -0.000000 -0.000000 0.170340 0.000000 -0.019550 0.029538 0.034014 -0.148637 0.113658 0.076765 -0.099200 -0.105077 -0.000000 -0.000000 -0.000000 -0.000000 0.000000 0.115460 0.000000 0.213542 -0.000000 -0.083345 0.000000 -0.170511 -0.144099 0.389468 -0.735388 -0.096869 0.003232 0.055765 0.000000 -0.091085 0.000000 -0.053961 -0.000000 0.102794 0.067288 -0.000000 -0.100792 -0.091078 0.000000 -0.097444 0.054949 0.110756 -0.000000 0.104083 0.000000 0.077138 -0.000000 0.036416 0.000000 0.180521 -0.115865 0.000000 -0.066489 -0.000000 -0.000000 0.162587 -0.000000 0.000000 0.000000 -0.000000 0.021453 -0.070179 -0.000948 0.023278 0.103224 0.000000 0.287052 -0.145436 -0.052095 -0.023767 0.031940 -0.102650 -0.008194 -0.162727 -0.000000 -0.012263 0.000000 -0.000000 0.000000 -0.042865 -0.000000
  0.032062 -0.000000 -0.000000 0.000000 0.051421 0.000000 -0.000000 0.190569 0.131181 0.033680 0.000000 0.086930 -0.116858 0.087767 0.141614 0.000000 0.038051 -0.000000 -0.000000 -0.112346 0.000000 0.082475 0.014580 -0.093623 0.072956 0.043006 -0.036787 0.028431 0.068819 -0.000000 -0.000000 -0.000000 -0.000000 0.000000 -0.074717 -0.000000 0.344889 -0.000000 0.073122 0.000000 0.102475 0.162173 -0.040398 -0.119483 -0.115419 -0.008765 0.109844 -0.000000 0.176202 -0.000000 0.060482 0.000000 -0.108454 -0.027706 0.000000 -0.006763 -0.156382 0.000000 -0.071390 0.048021 0.099979 -0.000000 0.122209 0.000000 0.064179 0.000000 -0.068854 -0.000000 0.000000 -0.056139 -0.000000 0.031755 -0.000000 -0.000000 0.036473 -0.000000 -0.000000 -0.019752 0.000000 0.007442 0.008084 0.159753 -0.038840 0.134678 -0.000000 0.169105 0.074028 0.105630 -0.099237 0.052927 0.073061 -0.127890 0.082676 0.000000 0.085104 -0.000000 -0.000000 0.000000 0.116252 -0.000000
  0.087956 -0.000000 -0.000000 0.000000 0.175004 -0.000000 -0.000000 -0.382063 -0.017529 -0.076313 -0.000000 0.203399 -0.000906 0.079935 0.055087 0.000000 -0.046368 0.000000 -0.000000 0.014821 -0.000000 0.158693 0.153498 0.084155 0.096460 0.006543 0.137134 0.203525 0.177046 -0.000000 0.000000 0.000000 -0.000000 -0.000000 0.043645 -0.000000 -0.011335 0.000000 0.162243 0.000000 0.178961 -0.059384 -0.121467 -0.124886 -0.003650 -0.053481 0.000422 -0.000000 0.071642 -0.000000 0.066639 0.000000 0.116637 0.061577 -0.000000 0.006830 0.209113 0.000000 0.208482 -0.037313 0.067743 0.000000 0.052691 0.000000 0.055320 -0.000000 0.187648 -0.000000 -0.177717 -0.048491 -0.000000 0.208762 0.000000 -0.000000 -0.124423 -0.000000 -0.000000 0.607488 0.000000 0.124653 0.018178 0.102340 -0.000220 0.170104 0.000000 -0.056575 0.052434 0.008242 -0.053384 0.081241 0.019865 0.089148 0.049456 0.000000 -0.070444 0.000000 -0.000000 0.000000 0.025171 -0.000000
  0.054346 -0.000000 -0.000000 0.000000 0.081697 -0.000000 -0.000000 0.136991 0.187162 0.206388 -0.000000 0.178673 0.190380 0.093738 0.107759 -0.000000 -0.011043 -0.000000 -0.000000 0.029961 -0.000000 -0.026188 0.172598 -0.063628 0.009803 -0.036693 0.209324 0.191480 0.135556 -0.000000 -0.000000 -0.000000 0.000000 0.000000 0.116476 -0.000000 -0.064315 -0.000000 0.106898 -0.000000 0.202431 -0.015305 -0.081358 -0.001856 0.154027 0.092345 0.025847 -0.000000 0.236026 0.000000 0.197147 -0.000000 0.137120 0.039346 -0.000000 0.064396 0.037592 0.000000 0.104398 0.102224 0.053546 -0.000000 0.103720 -0.000000 -0.012383 -0.000000 0.124326 0.000000 -0.088232 0.193624 0.000000 0.167413 0.000000 -0.000000 0.136043 -0.000000 -0.000000 0.185051 -0.000000 0.220726 0.107802 0.170435 0.127520 0.077187 -0.000000 0.099289 0.136068 -0.059645 0.162949 -0.184170 0.011252 -0.003810 0.066880 0.000000 0.143160 -0.000000 -0.000000 0.000000 0.025491 -0.000000
  0.132250 0.000000 -0.000000 -0.000000 0.117972 -0.000000 -0.000000 0.005372 0.004417 -0.024060 -0.000000 -0.079105 0.116198 0.062490 -0.048712 -0.000000 -0.051015 -0.000000 -0.000000 -0.007484 -0.000000 -0.010571 0.125099 0.103065 -0.145588 0.102855 0.023019 0.154810 0.068369 -0.000000 0.000000 -0.000000 0.000000 -0.000000 -0.107808 -0.000000 -0.181207 0.000000 0.071416 0.000000 -0.084145 0.039064 0.050097 0.017180 0.078347 0.099581 0.136056 -0.000000 0.260781 -0.000000 0.172820 -0.000000 -0.133970 -0.123888 0.000000 0.017558 -0.067466 -0.000000 0.141955 0.256701 0.075818 0.000000 0.042132 -0.000000 0.171464 -0.000000 -0.018940 -0.000000 -0.035597 0.047515 -0.000000 -0.043429 0.000000 -0.000000 -0.126261 -0.000000 0.000000 -0.031506 0.000000 0.103398 0.108936 0.161982 0.016758 0.019222 0.000000 -0.049720 0.121321 0.133306 -0.056647 -0.082796 0.089439 -0.009786 -0.076074 0.000000 -0.034398 0.000000 -0.000000 0.000000 -0.022322 -0.000000
  0.084680 -0.000000 -0.000000 -0.000000 -0.036120 -0.000000 -0.000000 -0.105496 -0.077082 0.099222 -0.000000 0.005472 -0.072353 0.086307 0.175480 0.000000 0.093069 -0.000000 0.000000 -0.145627 0.000000 0.121080 0.147908 -0.029792 -0.132914 0.032649 0.099079 0.139130 -0.039567 -0.000000 -0.000000 -0.000000 0.000000 -0.000000 0.042814 0.000000 0.086796 -0.000000 0.143408 -0.000000 0.057206 -0.030623 -0.071204 0.026949 -0.026065 0.147435 -0.049026 -0.000000 0.315338 -0.000000 0.115316 -0.000000 -0.124125 -0.011046 0.000000 -0.101111 0.038422 -0.000000 0.151527 0.068373 0.108125 0.000000 0.094443 0.000000 0.140954 -0.000000 0.015335 -0.000000 -0.004552 0.037893 -0.000000 0.039883 0.000000 -0.000000 0.092383 -0.000000 0.000000 0.085768 -0.000000 0.030342 0.032349 0.135547 0.161351 0.146755 -0.000000 -0.121180 0.015761 -0.163976 0.077141 -0.103686 0.059297 -0.088369 -0.003963 0.000000 0.039112 0.000000 -0.000000 -0.000000 -0.075875 -0.000000
  0.108082 0.000000 -0.000000 0.000000 -0.011318 0.000000 0.000000 -0.010010 0.181827 0.023332 -0.000000 0.005197 0.221119 -0.045284 0.121121 -0.000000 0.065391 -0.000000 0.000000 -0.034393 -0.000000 0.006067 0.166043 -0.087792 0.020354 -0.036589 0.023693 -0.021873 0.040712 -0.000000 0.000000 -0.000000 -0.000000 0.000000 -0.006547 0.000000 -0.114140 -0.000000 0.018837 0.000000 -0.053020 0.097951 0.159344 0.043499 0.162633 0.038169 0.045449 -0.000000 0.208908 -0.000000 0.096581 0.000000 -0.039796 0.143754 -0.000000 -0.075247 0.118836 -0.000000 -0.060603 0.232459 0.183516 0.000000 0.179683 0.000000 -0.080366 -0.000000 0.150064 -0.000000 0.053686 0.093199 -0.000000 0.187119 0.000000 -0.000000 0.204382 -0.000000 -0.000000 -0.309662 0.000000 0.122420 0.152575 0.243583 -0.018179 0.148665 0.000000 -0.012758 -0.075994 -0.116729 0.151511 0.023299 0.161070 0.058192 0.101586 -0.000000 -0.057968 0.000000 -0.000000 0.000000 0.076629 -0.000000
  0.074428 -0.000000 -0.000000 -0.000000 0.187202 -0.000000 -0.000000 0.042248 0.108873 -0.012269 -0.000000 0.157481 0.008080 0.036728 0.199067 0.000000 0.140447 -0.000000 -0.000000 -0.015799 -0.000000 0.053742 0.074975 0.004406 0.076464 0.149065 0.005890 0.150419 -0.055723 -0.000000 -0.000000 -0.000000 0.000000 -0.000000 0.175061 -0.000000 -0.075627 -0.000000 0.041350 -0.000000 0.109768 0.107168 -0.225912 0.075140 -0.010577 0.059890 0.031771 -0.000000 0.187865 0.000000 0.135051 0.000000 0.074648 0.179346 0.000000 0.034810 -0.016719 -0.000000 -0.073378 0.195480 0.088037 -0.000000 0.192894 0.000000 -0.041890 -0.000000 0.053810 -0.000000 0.058400 0.044405 0.000000 0.132561 0.000000 -0.000000 0.057699 -0.000000 -0.000000 -0.084712 -0.000000 0.017491 -0.037880 0.225561 0.132911 -0.017434 -0.000000 0.058790 -0.092147 0.069399 0.092356 -0.156044 -0.014748 -0.076547 0.007900 -0.000000 0.038270 -0.000000 -0.000000 0.000000 0.000160 -0.000000
  -0.000000 -0.000000 -0.000000 -0.000000 0.323876 -0.000000 -0.000000 0.000000 0.391088 0.233691 -0.000000 0.354290 0.319237 0.315607 0.335488 -0.000000 0.356059 -0.000000 0.000000 0.298712 -0.000000 0.301933 0.371749 0.221819 0.239042 0.347091 0.380389 0.141868 0.461880 0.000000 0.000000 -0.000000 0.000000 -0.000000 -0.030441 -0.000000 0.007425 -0.000000 0.242735 -0.000000 0.125139 0.141237 0.185356 0.000001 0.361475 0.122678 0.428506 -0.000000 0.363942 -0.000000 0.221043 -0.000000 0.115635 0.338150 0.000000 0.229290 0.151646 0.000000 0.322184 0.541644 0.200476 0.000000 0.131157 -0.000000 0.091544 -0.000000 0.419998 -0.000000 0.337016 0.209935 0.000000 0.264856 -0.000000 -0.000000 0.348362 0.000000 0.000000 0.000020 -0.000000 0.435704 0.136719 0.537433 0.235134 0.289235 0.000000 -0.099125 0.159457 0.045208 0.409722 0.003923 0.334312 0.405284 0.228918 -0.000000 0.200217 0.000000 -0.000000 0.000000 0.082347 -0.000000
  -0.485740 -0.000000 -0.000000 0.000000 -0.019411 -0.000000 -0.000000 0.000000 0.087570 0.116550 -0.000000 0.067659 -0.107243 -0.034406 0.000932 -0.000000 0.133567 0.000000 -0.000000 -0.006747 -0.000000 -0.052041 0.008376 0.103033 0.048072 0.027783 0.097338 0.017925 -0.088925 -0.000000 0.000000 0.000000 -0.000000 -0.000000 -0.010912 0.000000 0.056443 0.000000 0.063206 -0.000000 0.013430 0.103272 0.138625 -0.040581 -0.088452 -0.171855 0.107318 -0.000000 0.161888 0.000000 0.115888 0.000000 0.132989 -0.000091 -0.000000 0.106451 -0.041341 -0.000000 -0.007505 0.027024 -0.007778 -0.000000 0.103589 -0.000000 0.016062 -0.000000 -0.156054 -0.000000 -0.246924 -0.133737 0.000000 -0.052076 -0.000000 -0.000000 -0.221717 0.000000 0.000000 -0.012452 -0.000000 -0.061211 -0.027468 0.148083 -0.081965 0.061976 -0.000000 -0.045211 -0.034805 -0.068904 0.073200 -0.088163 0.053607 -0.117318 0.116240 -0.000000 0.101415 0.000000 -0.000000 -0.000000 0.056603 -0.000000
  0.028164 -0.000000 -0.000000 0.000000 -0.098872 -0.000000 -0.000000 0.034010 0.076082 -0.052541 -0.000000 -0.025208 0.094866 0.137543 0.155264 -0.000000 -0.014907 -0.000000 -0.000000 -0.078507 0.000000 -0.050317 -0.008087 0.114956 0.046013 -0.040991 -0.020339 -0.002824 -0.079434 -0.000000 -0.000000 -0.000000 0.000000 0.000000 0.016602 -0.000000 0.098110 -0.000000 -0.061521 -0.000000 -0.084371 0.080932 -0.025046 0.026295 -0.006486 -0.000320 0.120019 -0.000000 0.159176 -0.000000 0.017920 0.000000 0.099832 0.021899 -0.000000 0.042001 -0.106363 0.000000 -0.035764 0.178301 -0.091167 -0.000000 0.070215 -0.000000 0.097878 -0.000000 0.011622 -0.000000 0.005217 0.042629 -0.000000 0.073718 -0.000000 -0.000000 -0.092982 -0.000000 -0.000000 0.000567 0.000000 -0.074273 0.151043 0.015263 0.130721 0.068469 0.000000 -0.058098 -0.073392 -0.060354 0.065571 -0.025126 0.094773 -0.028500 0.110102 -0.000000 -0.092867 -0.000000 -0.000000 -0.000000 0.099991 -0.000000
  -0.000000 0.000000 -0.000000 0.000000 -0.086919 -0.000000 -0.000000 -0.000000 -0.029426 -0.117823 -0.000000 -0.018241 -0.221760 -0.036339 -0.076700 0.000000 0.006087 -0.000000 -0.000000 0.058377 -0.000000 -0.327781 0.093429 -0.129864 0.130621 -0.031619 -0.255181 -0.081062 0.003098 0.000000 -0.000000 0.000000 -0.000000 -0.000000 0.138432 0.000000 0.398946 0.000000 -0.063684 -0.000000 0.056544 -0.193632 0.324522 -0.299372 -0.111991 -0.063196 -0.091303 -0.000000 0.011816 -0.000000 -0.122307 -0.000000 0.342021 0.036949 -0.000000 -0.050374 0.013823 -0.000000 -0.012193 -0.189597 0.001355 -0.000000 -0.117519 -0.000000 -0.223577 0.000000 -0.219428 0.000000 0.000000 -0.173371 -0.000000 -0.140256 0.000000 -0.000000 -0.084732 -0.000000 -0.000000 -0.544741 -0.000000 0.085291 -0.144859 -0.225101 -0.042868 -0.130453 -0.000000 0.036571 -0.156431 0.036409 0.055102 -0.040606 -0.007682 -0.232711 0.081753 -0.000000 -0.090416 -0.000000 -0.000000 -0.000000 -0.353144 -0.000000
  0.006839 0.000000 -0.000000 0.000000 -0.203856 -0.000000 0.000000 0.330205 0.000068 -0.298941 0.000000 -0.041349 -0.178832 -0.058171 -0.096429 -0.000000 -0.242180 -0.000000 0.000000 -0.003114 0.000000 -0.025692 -0.100805 -0.183947 -0.000000 -0.150279 -0.025180 -0.281743 0.027492 -0.000000 0.000000 0.000000 -0.000000 0.000000 0.097417 -0.000000 -0.006162 -0.000000 -0.270733 -0.000000 -0.058973 -0.112746 -0.060490 -0.194007 -0.109396 0.117542 -0.221013 -0.000000 -0.232882 0.000000 -0.173922 0.000000 0.028838 -0.244921 0.000000 -0.027064 -0.112327 0.000000 -0.148459 -0.055307 -0.214625 0.000000 -0.077489 -0.000000 -0.032738 -0.000000 -0.345307 0.000000 0.000000 -0.116943 -0.000000 0.147211 -0.000000 0.000000 0.180819 -0.000000 0.000000 0.029599 -0.000000 -0.059506 0.058288 -0.091452 -0.006980 -0.310211 -0.000000 0.010091 -0.492284 -0.087855 -0.002792 0.140012 -0.053021 0.015188 0.077669 -0.000000 0.175558 -0.000000 0.000000 0.000000 -0.288779 -0.000000
  -0.212133 -0.000000 -0.000000 -0.000000 -0.164389 0.000000 0.000000 0.098422 0.002300 -0.068655 0.000000 0.019719 0.146917 -0.107334 0.069177 0.000000 0.037861 -0.000000 -0.000000 0.062281 0.000000 -0.161481 0.132077 -0.008481 -0.000001 0.036195 -0.070319 -0.064019 0.082714 -0.000000 -0.000000 -0.000000 -0.000000 0.000000 0.146981 0.000000 -0.032819 -0.000000 0.094921 0.000000 0.014569 0.058152 0.085939 -0.348838 -0.030002 0.078250 -0.108155 -0.000000 -0.033468 -0.000000 -0.172327 -0.000000 0.037607 0.051552 0.000000 -0.074475 0.055229 0.000000 -0.166507 0.057410 0.028066 -0.000000 0.074847 0.000000 -0.154159 -0.000000 -0.267591 -0.000000 0.000000 0.021511 -0.000000 0.128448 -0.000000 -0.000000 0.009586 -0.000000 -0.000000 -0.100668 -0.000000 0.065140 0.155513 -0.015232 -0.060652 -0.058478 0.000000 -0.014342 -0.109024 -0.061500 -0.051005 -0.011044 0.125918 0.088515 -0.121729 -0.000000 0.015064 -0.000000 0.000000 0.000000 0.049442 -0.000000
  0.142384 0.000000 -0.000000 -0.000000 0.748090 -0.000000 -0.000000 -0.466220 0.903591 0.850554 0.000000 0.909714 0.870876 0.871351 0.933891 0.000000 1.015568 -0.000000 0.000000 1.180142 0.000000 0.688732 0.676355 0.667938 0.149573 0.873284 1.153622 0.672317 0.958924 0.000000 0.000000 -0.000000 -0.000000 0.000000 0.061437 -0.000000 -0.292470 0.000000 0.546527 0.000000 0.644719 0.307515 -0.000764 0.015682 0.493002 0.216539 0.893379 -0.000000 0.936840 0.000000 0.533600 0.000000 0.012584 0.898556 0.000000 0.474910 0.870991 -0.000000 1.090864 0.882652 0.860764 -0.000000 0.718643 0.000000 0.429987 -0.000000 0.943130 -0.000000 0.389795 0.182784 0.000000 0.305821 0.000000 0.000000 0.229272 0.000000 0.000000 0.000000 0.000000 0.825491 0.195352 0.936733 0.692354 0.707233 0.000000 0.830563 0.670365 0.144836 0.895683 -0.000000 0.640495 0.902832 0.627303 0.000000 -0.155327 -0.000000 -0.000000 -0.000000 0.561825 0.000000
  -0.017374 -0.000000 -0.000000 0.000000 -0.085616 0.000000 0.000000 0.065371 -0.395365 -0.237964 0.000000 -0.214127 -0.135155 -0.379410 -0.166837 -0.000000 -0.245215 -0.000000 -0.000000 -0.150770 -0.000000 -0.205734 -0.093362 -0.044675 0.138754 -0.191648 -0.247025 -0.045031 -0.348318 -0.000000 0.000000 -0.000000 -0.000000 0.000000 0.005924 -0.000000 0.345242 0.000000 -0.153797 -0.000000 -0.231831 0.010820 -0.075997 -0.508922 -0.246091 0.027944 -0.276630 0.000000 -0.153491 0.000000 -0.153579 0.000000 0.281552 -0.087618 -0.000000 -0.037832 -0.294286 -0.000000 -0.182778 -0.187044 -0.298685 -0.000000 -0.126059 -0.000000 -0.088563 -0.000000 -0.206032 -0.000000 0.264353 -0.180219 -0.000000 -0.242391 0.000000 -0.000000 0.047761 -0.000000 -0.000000 0.000000 0.000000 -0.176709 -0.199710 -0.211680 -0.031100 -0.303179 0.000000 -0.032121 -0.234997 0.000000 -0.286434 0.235487 -0.160945 -0.320013 -0.231514 0.000000 -0.220972 -0.000000 -0.000000 -0.000000 -0.097558 -0.000000
  -0.071302 -0.000000 -0.000000 -0.000000 -0.077709 -0.000000 -0.000000 0.122166 0.121973 -0.068163 0.000000 0.041065 0.140830 0.171312 0.201663 0.000000 0.079752 -0.000000 -0.000000 0.077958 0.000000 0.077897 -0.016033 -0.081390 0.133459 0.120882 0.051019 -0.047962 0.127756 -0.000000 0.000000 -0.000000 0.000000 0.000000 -0.020399 0.000000 -0.131045 -0.000000 0.164325 -0.000000 0.026733 -0.032029 -0.085668 -0.148737 0.007567 0.164590 0.167142 -0.000000 -0.002740 0.000000 0.032033 -0.000000 -0.078248 0.186022 0.000000 -0.052800 0.074535 0.000000 0.133643 0.090520 0.118857 -0.000000 0.130494 -0.000000 -0.005761 -0.000000 0.131310 0.000000 0.000000 0.193387 0.000000 0.018908 0.000000 -0.000000 0.151008 -0.000000 0.000000 0.070612 -0.000000 -0.047727 0.067782 0.175648 0.077026 0.103496 -0.000000 -0.018751 -0.073361 0.152604 0.172780 -0.089220 -0.094112 -0.024365 0.092824 0.000000 0.146389 -0.000000 -0.000000 0.000000 -0.000910 -0.000000
  0.046676 -0.000000 -0.000000 -0.000000 0.161932 0.000000 -0.000000 -0.129313 0.062617 0.035699 -0.000000 0.028831 -0.035219 -0.050802 0.046270 -0.000000 0.179081 -0.000000 0.000000 -0.009245 0.000000 -0.001977 0.167975 0.059980 0.053642 0.014952 -0.054799 0.113865 -0.088461 -0.000000 -0.000000 0.000000 0.000000 -0.000000 0.125195 -0.000000 -0.040103 0.000000 0.168995 0.000000 -0.001402 0.063659 -0.051539 0.073617 0.048823 0.094031 0.164749 -0.000000 0.015741 0.000000 -0.030022 0.000000 -0.222046 0.031476 0.000000 -0.062806 0.028259 -0.000000 0.169919 0.261329 -0.015704 -0.000000 0.092903 -0.000000 0.107956 -0.000000 -0.036731 0.000000 -0.047151 0.150145 -0.000000 -0.019217 0.000000 -0.000000 0.006617 -0.000000 0.000000 0.070053 -0.000000 0.142861 0.077479 0.121097 0.067627 0.083870 -0.000000 -0.119323 0.003433 -0.178331 0.121396 -0.030099 0.182397 -0.005113 0.032091 0.000000 0.046008 -0.000000 -0.000000 -0.000000 -0.008965 -0.000000
  -0.128956 0.000000 -0.000000 -0.000000 0.067347 -0.000000 -0.000000 0.026661 0.017537 0.036201 -0.000000 0.090305 0.102147 0.047724 0.134102 0.000000 0.039370 -0.000000 0.000000 0.144149 0.000000 -0.076507 -0.052380 -0.077317 0.035551 0.104904 -0.047834 0.142239 0.069393 -0.000000 0.000000 -0.000000 0.000000 -0.000000 -0.040929 0.000000 0.157096 -0.000000 0.080968 0.000000 0.142926 -0.079373 0.008828 0.066412 0.033999 0.015557 0.040128 -0.000000 0.082957 0.000000 -0.034919 0.000000 0.126196 0.072954 0.000000 0.055399 0.125728 0.000000 -0.038552 0.157870 0.038909 -0.000000 0.155136 -0.000000 0.136055 -0.000000 -0.114844 -0.000000 -0.035353 0.117697 -0.000000 0.045844 -0.000000 -0.000000 0.072096 -0.000000 0.000000 -0.405912 0.000000 0.152319 -0.058748 -0.036905 0.155675 0.101607 0.000000 0.012901 0.008208 -0.401046 0.125082 -0.077387 0.042022 0.184254 -0.015201 -0.000000 0.143838 0.000000 -0.000000 -0.000000 -0.050362 -0.000000
  0.083658 0.000000 -0.000000 0.000000 -0.041685 -0.000000 -0.000000 -0.335234 -0.084936 -0.009637 -0.000000 -0.047402 -0.117563 0.148919 -0.088799 0.000000 -0.018570 -0.000000 0.000000 -0.080923 0.000000 -0.057224 -0.121508 -0.102342 -0.249552 -0.124074 0.098303 -0.017994 -0.024924 -0.000000 0.000000 -0.000000 0.000000 0.000000 -0.026820 -0.000000 -0.036788 0.000000 0.016466 -0.000000 0.165240 0.021738 -0.109942 0.014241 -0.037028 -0.221001 -0.019284 -0.000000 -0.166439 0.000000 -0.046570 0.000000 -0.101008 -0.113878 0.000000 0.045596 0.116971 0.000000 0.005845 -0.123895 0.126087 0.000000 0.069646 0.000000 0.099618 -0.000000 -0.010065 0.000000 -0.124345 -0.159682 -0.000000 -0.122838 -0.000000 0.000000 -0.282784 -0.000000 -0.000000 -0.339074 -0.000000 -0.059976 -0.126699 -0.100113 0.025493 -0.072865 0.000000 -0.083604 -0.092012 0.060225 -0.025561 -0.001616 -0.068104 0.072459 0.096466 0.000000 -0.153055 -0.000000 -0.000000 0.000000 0.079491 -0.000000
  0.027938 -0.000000 -0.000000 -0.000000 -0.038696 0.000000 -0.000000 0.222049 -0.008113 0.083356 0.000000 -0.079602 0.033000 0.015480 -0.029895 -0.000000 -0.074844 -0.000000 -0.000000 0.016470 -0.000000 0.135781 -0.006038 0.040146 -0.258671 -0.033371 -0.075184 0.109492 -0.075538 -0.000000 0.000000 -0.000000 -0.000000 -0.000000 -0.001826 0.000000 -0.141001 0.000000 0.090808 -0.000000 -0.024441 0.008600 -0.038699 -0.103512 0.109525 -0.060823 -0.094405 -0.000000 0.109706 -0.000000 0.055762 0.000000 -0.019219 -0.096713 -0.000000 0.022775 0.081598 0.000000 0.131962 0.179710 0.086108 -0.000000 0.045201 -0.000000 0.011766 -0.000000 -0.081147 -0.000000 -0.446831 -0.078427 -0.000000 -0.071679 -0.000000 -0.000000 0.120403 -0.000000 -0.000000 0.050966 0.000000 0.080549 -0.012515 0.194095 0.089082 0.100042 0.000000 0.131123 0.110218 0.068991 0.003317 0.123266 0.133088 -0.101471 0.165926 -0.000000 0.020169 0.000000 -0.000000 -0.000000 -0.066295 -0.000000
  -0.000000 -0.000000 -0.000000 0.000000 -0.057559 -0.000000 -0.000000 -0.000000 -0.141174 -0.196860 -0.000000 0.109159 -0.068832 -0.131853 -0.147096 -0.000000 0.006853 0.000000 0.000000 0.006996 0.000000 -0.100418 0.019966 0.135309 0.198075 -0.007513 -0.072008 -0.023354 -0.127242 -0.000000 -0.000000 -0.000000 0.000000 0.000000 0.215936 -0.000000 0.563948 0.000000 -0.164868 -0.000000 -0.140886 -0.300529 0.492548 -0.000000 0.203744 -0.423069 0.074095 -0.000000 -0.037764 0.000000 -0.168291 0.000000 0.431664 0.128263 -0.000000 -0.125995 0.053688 -0.000000 0.096495 0.035240 0.027438 -0.000000 0.154218 0.000000 0.022754 0.000000 -0.089997 -0.000000 -0.000000 -0.189897 0.000000 -0.282383 -0.000000 0.000000 -0.070469 0.000000 0.000000 -0.000018 0.000000 0.108635 -0.229801 -0.061016 -0.030859 -0.217342 0.000000 -0.137136 -0.026458 0.004339 0.066790 -0.000000 -0.004014 -0.137002 -0.038552 -0.000000 -0.342084 -0.000000 -0.000000 0.000000 -0.261727 0.000000
  -0.015010 0.000000 -0.000000 -0.000000 -0.006788 -0.000000 0.000000 -0.025122 -0.138086 -0.205849 -0.000000 -0.090725 -0.120154 0.006124 -0.006182 0.000000 0.008145 -0.000000 -0.000000 0.131025 0.000000 -0.157161 -0.147224 0.033412 -0.036739 0.068177 -0.143892 -0.206069 -0.091799 -0.000000 0.000000 -0.000000 -0.000000 -0.000000 0.026640 -0.000000 0.121778 -0.000000 -0.199548 -0.000000 -0.215863 -0.112384 -0.023906 -0.218856 0.041097 0.140329 -0.140773 -0.000000 -0.070058 0.000000 0.072152 -0.000000 -0.086230 0.018564 0.000000 -0.019976 0.028002 0.000000 -0.050253 0.030025 0.027288 0.000000 -0.170597 -0.000000 -0.064364 -0.000000 0.060910 -0.000000 -0.035495 0.069392 -0.000000 -0.014633 -0.000000 0.000000 -0.109144 0.000000 -0.000000 0.094731 -0.000000 -0.160428 -0.068629 -0.185200 -0.102542 -0.201206 -0.000000 0.095777 -0.086361 -0.026205 -0.053852 0.160304 -0.233191 -0.137832 -0.007151 -0.000000 0.211966 -0.000000 -0.000000 -0.000000 0.076071 -0.000000
  0.050170 -0.000000 -0.000000 0.000000 0.011546 0.000000 -0.000000 0.110817 -0.034718 0.158145 -0.000000 -0.063166 0.126807 0.092906 -0.084078 0.000000 -0.114050 -0.000000 -0.000000 -0.076111 -0.000000 0.003036 0.034107 0.096958 -0.170802 -0.191359 0.039915 -0.002491 -0.024396 -0.000000 -0.000000 -0.000000 0.000000 0.000000 0.135197 0.000000 -0.089198 0.000000 -0.007140 -0.000000 0.005304 -0.078163 0.131136 -0.164833 0.028837 -0.085424 -0.033819 -0.000000 0.206235 -0.000000 -0.062710 -0.000000 0.045534 -0.008500 0.000000 -0.036906 0.012368 -0.000000 -0.130571 0.119433 0.106312 0.000000 -0.009189 0.000000 0.099437 -0.000000 -0.128659 0.000000 -0.025635 -0.047272 -0.000000 -0.020360 -0.000000 0.000000 -0.064550 0.000000 -0.000000 -0.023126 -0.000000 0.058926 0.033271 0.147170 -0.153770 -0.102438 -0.000000 -0.059648 -0.015399 0.115637 0.003872 0.076031 -0.081151 -0.082773 -0.138991 0.000000 0.038645 -0.000000 -0.000000 0.000000 0.039008 -0.000000
  -0.024915 -0.000000 -0.000000 0.000000 -0.223319 -0.000000 0.000000 -0.115040 -0.168840 -0.217569 0.000000 -0.080104 -0.215786 -0.076052 -0.047947 -0.000000 -0.135975 -0.000000 0.000000 0.204501 -0.000000 -0.127678 -0.137382 0.005320 -0.365694 -0.055299 -0.190521 -0.031355 -0.098378 -0.000000 0.000000 -0.000000 -0.000000 -0.000000 0.031589 -0.000000 -0.064143 0.000000 -0.195731 0.000000 -0.077742 -0.015679 -0.079330 0.039317 -0.130812 -0.018413 -0.286167 -0.000000 -0.258628 -0.000000 -0.161540 -0.000000 0.085038 -0.097623 0.000000 -0.170085 -0.311697 -0.000000 -0.161883 -0.232630 -0.191993 0.000000 -0.112085 -0.000000 -0.126694 -0.000000 -0.034214 0.000000 -0.325662 -0.084128 -0.000000 0.071256 -0.000000 0.000000 0.210222 0.000000 -0.000000 0.188512 -0.000000 -0.262138 -0.095483 -0.028123 -0.103211 -0.183668 -0.000000 0.228789 -0.125013 -0.208617 -0.150075 -0.030553 -0.131200 -0.205273 -0.037248 0.000000 -0.116776 -0.000000 -0.000000 -0.000000 -0.191969 -0.000000
  0.055881 0.000000 -0.000000 0.000000 -0.058547 -0.000000 -0.000000 0.042646 -0.013250 -0.020508 0.000000 0.026547 0.186321 0.177901 0.092512 -0.000000 0.038831 -0.000000 -0.000000 -0.060317 -0.000000 -0.067408 -0.106367 0.020445 -0.672307 -0.029906 -0.062036 -0.062348 0.029568 -0.000000 0.000000 -0.000000 -0.000000 -0.000000 0.004256 0.000000 -0.271644 0.000000 -0.001203 0.000000 -0.075748 -0.072893 0.113004 0.031570 -0.089889 -0.077161 -0.088703 -0.000000 0.026039 0.000000 0.102873 0.000000 0.001650 -0.036165 0.000000 0.060298 -0.081229 0.000000 0.000969 0.206379 0.173665 -0.000000 0.108874 -0.000000 0.126690 -0.000000 -0.172615 -0.000000 -0.927299 -0.040918 0.000000 -0.056084 0.000000 0.000000 -0.008555 -0.000000 0.000000 0.054948 0.000000 -0.015554 0.059654 0.255826 -0.046222 0.021263 -0.000000 0.102599 0.053079 0.011578 -0.101936 -0.045362 0.030094 -0.007509 0.171050 -0.000000 -0.017055 0.000000 -0.000000 0.000000 -0.053493 -0.000000
  -0.428758 0.000000 -0.000000 0.000000 0.178496 -0.000000 0.000000 0.316540 -0.038507 0.123452 -0.000000 0.089467 0.038051 0.001915 0.125633 -0.000000 0.034055 -0.000000 -0.000000 0.122980 -0.000000 0.191776 -0.098522 0.065289 -0.162737 0.089746 0.097866 -0.045017 0.143974 -0.000000 0.000000 -0.000000 0.000000 0.000000 -0.020704 -0.000000 -0.074680 -0.000000 0.139315 -0.000000 0.096765 0.002448 -0.062635 0.062442 0.034160 0.098647 -0.049919 -0.000000 0.022232 -0.000000 0.101741 0.000000 -0.094376 -0.007941 -0.000000 -0.035327 0.100235 0.000000 -0.069414 0.137078 0.126883 -0.000000 0.087930 -0.000000 0.087406 -0.000000 0.137471 -0.000000 -0.435256 0.147751 -0.000000 0.038063 -0.000000 -0.000000 -0.051321 0.000000 -0.000000 0.145554 -0.000000 0.146066 0.005726 0.175104 0.044468 0.051070 -0.000000 -0.044146 0.078071 -0.375063 0.162096 0.159286 0.106589 0.162093 0.090713 0.000000 0.128544 -0.000000 -0.000000 -0.000000 0.061363 -0.000000
  0.009027 0.000000 -0.000000 -0.000000 0.159888 -0.000000 -0.000000 -0.112732 0.160637 0.174059 -0.000000 0.131506 -0.063497 0.188986 -0.073303 -0.000000 -0.077746 -0.000000 0.000000 0.038288 0.000000 0.018899 -0.095986 -0.001858 0.086623 0.108184 0.022366 0.042047 -0.051477 -0.000000 0.000000 -0.000000 0.000000 0.000000 -0.081871 0.000000 0.065871 -0.000000 -0.075199 -0.000000 0.104141 0.047025 0.248834 0.073995 -0.096670 -0.152854 0.007541 -0.000000 0.154213 -0.000000 0.135106 0.000000 -0.100701 0.102726 -0.000000 -0.095554 -0.068225 -0.000000 -0.002555 0.017179 -0.059707 0.000000 0.152892 0.000000 -0.046561 -0.000000 -0.060851 -0.000000 0.117544 0.039665 0.000000 0.083460 -0.000000 -0.000000 0.093487 -0.000000 -0.000000 -0.000000 -0.000000 -0.095038 0.102935 0.169993 -0.071071 -0.112602 0.000000 -0.062964 -0.030897 -0.250910 -0.068190 -0.004356 0.097594 -0.068512 -0.039688 -0.000000 -0.097039 0.000000 -0.000000 0.000000 0.090032 -0.000000
  0.098443 -0.000000 -0.000000 0.000000 -0.003812 0.000000 -0.000000 0.103598 -0.075351 0.131126 -0.000000 0.147754 -0.118465 0.034040 0.100152 -0.000000 0.007935 -0.000000 -0.000000 -0.095853 -0.000000 0.126076 0.020791 -0.029600 -0.035993 0.008813 -0.141014 -0.114810 0.033750 -0.000000 -0.000000 -0.000000 -0.000000 -0.000000 -0.160696 0.000000 0.139033 0.000000 -0.052470 -0.000000 -0.112462 0.027710 0.107505 -0.022964 -0.067532 -0.095336 0.032462 -0.000000 0.161590 0.000000 0.028181 -0.000000 -0.043374 0.024553 0.000000 0.009712 0.031451 0.000000 0.101726 0.135368 0.095513 -0.000000 0.055963 0.000000 -0.016777 -0.000000 0.047016 -0.000000 0.146519 -0.075412 0.000000 0.127653 -0.000000 -0.000000 0.090043 -0.000000 -0.000000 -0.099475 -0.000000 -0.106494 0.119989 0.209586 0.074643 0.108519 -0.000000 -0.041078 -0.106031 -0.032946 0.125069 0.126540 0.117716 0.040672 -0.027259 -0.000000 -0.076414 -0.000000 -0.000000 -0.000000 0.047432 -0.000000
  0.094516 -0.000000 -0.000000 -0.000000 0.132707 -0.000000 -0.000000 0.130203 0.121165 0.145574 -0.000000 -0.110930 -0.084971 -0.031339 0.150765 0.000000 -0.090558 -0.000000 -0.000000 0.012782 0.000000 0.123842 0.114924 -0.076512 0.090373 -0.083778 -0.035849 0.151291 0.036001 -0.000000 -0.000000 -0.000000 -0.000000 -0.000000 0.079937 -0.000000 0.057394 0.000000 -0.005279 0.000000 -0.012486 0.084846 0.075222 -0.073176 -0.033388 -0.017422 -0.072047 -0.000000 0.247642 0.000000 0.004762 -0.000000 -0.115926 -0.028837 -0.000000 -0.066534 0.056720 -0.000000 0.017623 0.277328 -0.043768 0.000000 0.062209 0.000000 0.005139 -0.000000 0.080243 0.000000 0.094440 -0.078909 -0.000000 -0.084799 0.000000 -0.000000 0.031700 0.000000 -0.000000 0.059735 0.000000 -0.057765 0.094904 0.258195 -0.013112 -0.053175 0.000000 0.177087 0.038461 -0.035500 0.063538 0.091497 0.055623 0.084468 0.022152 0.000000 0.079759 0.000000 -0.000000 0.000000 0.160903 -0.000000
  0.015590 -0.000000 -0.000000 0.000000 -0.036607 -0.000000 -0.000000 0.085319 0.004659 0.027053 -0.000000 -0.078173 0.077352 0.050804 -0.043740 -0.000000 -0.070692 -0.000000 0.000000 -0.162035 0.000000 -0.078886 0.080025 0.127225 -0.382642 0.078083 0.063160 0.133810 0.034206 -0.000000 -0.000000 -0.000000 0.000000 -0.000000 -0.098074 -0.000000 -0.304500 0.000000 0.155595 0.000000 0.072636 0.068216 -0.040839 -0.103033 0.126542 0.012071 -0.072399 -0.000000 0.013762 -0.000000 -0.074865 -0.000000 -0.116696 -0.198207 0.000000 0.112329 -0.085374 0.000000 -0.094149 0.034579 -0.071354 0.000000 -0.000997 0.000000 0.112250 -0.000000 -0.045312 0.000000 -0.385412 0.033441 0.000000 0.095637 -0.000000 -0.000000 -0.069256 -0.000000 -0.000000 0.081908 0.000000 0.007444 0.125496 0.222117 -0.078467 -0.039916 0.000000 0.094797 -0.156285 0.223505 -0.010224 -0.017376 -0.027462 -0.063004 0.096709 0.000000 0.046242 0.000000 -0.000000 -0.000000 0.090730 -0.000000
  0.099714 -0.000000 -0.000000 -0.000000 0.165414 -0.000000 -0.000000 -0.074311 0.069897 0.106810 -0.000000 0.096566 0.021029 -0.047101 -0.057157 -0.000000 0.157746 -0.000000 -0.000000 -0.148901 -0.000000 0.090537 -0.048272 0.100259 0.026869 -0.028424 0.130144 -0.060721 0.026698 -0.000000 -0.000000 -0.000000 -0.000000 -0.000000 -0.080169 0.000000 0.007863 -0.000000 -0.014181 -0.000000 0.172420 0.074864 -0.167074 -0.005784 0.056174 -0.055601 0.196858 -0.000000 0.067061 -0.000000 -0.003375 -0.000000 0.037063 0.071433 -0.000000 -0.017709 0.142282 0.000000 0.050988 0.097090 0.030137 0.000000 0.081257 -0.000000 0.079157 -0.000000 0.021072 -0.000000 -0.059056 0.107743 0.000000 0.163857 -0.000000 -0.000000 0.086599 -0.000000 0.000000 0.146810 0.000000 -0.017446 0.129220 0.249059 0.087705 0.068906 -0.000000 -0.173894 0.006961 -0.082015 0.190656 0.077776 0.119715 0.067706 -0.014480 0.000000 -0.009711 -0.000000 -0.000000 0.000000 0.176467 -0.000000
  -0.071662 -0.000000 -0.000000 0.000000 0.271252 0.000000 0.000000 0.299670 0.213195 0.275778 -0.000000 0.258981 0.288072 0.051066 0.235005 -0.000000 0.118558 -0.000000 -0.000000 0.084484 0.000000 0.095638 0.066366 0.241327 0.166575 0.074799 0.100410 0.158777 0.147512 -0.000000 -0.000000 -0.000000 -0.000000 -0.000000 0.153696 0.000000 0.164362 -0.000000 0.052692 -0.000000 0.070414 0.252644 -0.597451 -0.358894 0.055992 0.168923 0.134635 0.000000 0.305617 -0.000000 0.179671 0.000000 0.202755 0.071372 -0.000000 0.185221 0.242867 0.000000 0.059187 0.329652 0.009650 -0.000000 0.215929 -0.000000 0.023627 -0.000000 0.139777 0.000000 0.177563 0.111361 -0.000000 0.299729 0.000000 -0.000000 0.272001 0.000000 -0.000000 -0.000000 -0.000000 0.173460 0.083808 0.186012 0.011046 0.260934 -0.000000 0.277209 0.201082 -0.000000 0.104449 0.000779 0.246790 0.110704 -0.011461 -0.000000 0.146823 0.000000 -0.000000 0.000000 0.153434 -0.000000
  0.123680 -0.000000 -0.000000 -0.000000 -0.080516 -0.000000 -0.000000 0.130933 -0.048644 -0.031865 -0.000000 0.082718 0.093479 -0.033409 0.185486 0.000000 0.150133 -0.000000 -0.000000 0.122824 0.000000 0.149488 0.135105 0.079817 -0.008997 -0.132611 -0.100410 -0.034958 -0.049122 -0.000000 -0.000000 -0.000000 -0.000000 -0.000000 -0.134038 0.000000 0.033293 -0.000000 0.076845 0.000000 0.014959 0.087596 0.097303 0.059173 0.010220 0.064465 -0.047777 -0.000000 0.308231 -0.000000 0.171718 -0.000000 0.152669 0.023033 -0.000000 0.052356 -0.058635 -0.000000 0.123778 0.115802 0.130074 -0.000000 -0.047074 0.000000 -0.000231 -0.000000 0.038291 0.000000 0.126508 0.101569 -0.000000 0.155354 -0.000000 0.000000 0.107178 0.000000 0.000000 0.051642 0.000000 0.168702 -0.009123 0.086952 0.031720 0.102341 -0.000000 -0.119747 -0.018647 0.130212 0.090021 -0.000453 -0.038361 0.009446 -0.054794 -0.000000 0.152507 0.000000 -0.000000 -0.000000 0.000949 -0.000000
  0.066839 -0.000000 -0.000000 0.000000 0.112928 0.000000 -0.000000 -0.000865 0.182104 -0.039719 -0.000000 0.052806 -0.041056 0.036822 0.079982 -0.000000 -0.000198 -0.000000 0.000000 -0.133694 0.000000 -0.075324 -0.092337 0.053249 -0.090134 -0.088717 -0.044442 0.069179 0.096733 -0.000000 0.000000 0.000000 0.000000 -0.000000 0.057502 0.000000 0.136625 -0.000000 0.155216 -0.000000 0.171893 -0.020058 -0.050628 0.025678 -0.068876 0.059252 0.165575 -0.000000 0.214334 0.000000 -0.013841 -0.000000 -0.196105 0.008547 -0.000000 -0.086512 -0.045891 -0.000000 0.158290 0.050876 0.060698 0.000000 0.058403 -0.000000 -0.004465 -0.000000 0.027902 -0.000000 0.088619 0.095309 -0.000000 0.028591 -0.000000 0.000000 -0.062154 0.000000 0.000000 0.080821 -0.000000 0.036286 -0.076322 0.012076 -0.069357 -0.038528 -0.000000 0.089790 -0.036444 -0.128064 0.167078 0.142381 0.140113 0.005658 -0.076100 -0.000000 0.044002 0.000000 -0.000000 0.000000 0.001039 -0.000000
  0.041150 -0.000000 -0.000000 0.000000 0.062868 -0.000000 -0.000000 0.032757 -0.026813 0.166923 -0.000000 -0.049759 -0.062990 0.174976 -0.039259 -0.000000 0.010119 -0.000000 0.000000 -0.059865 -0.000000 0.199509 0.106516 0.166070 -0.187189 -0.047821 0.020030 0.118734 -0.080064 -0.000000 -0.000000 -0.000000 0.000000 -0.000000 0.063524 0.000000 -0.133148 0.000000 0.195765 0.000000 -0.013227 -0.058707 -0.154577 0.087912 0.121317 0.041511 0.007354 -0.000000 0.118934 -0.000000 0.119288 -0.000000 -0.064437 -0.043972 -0.000000 -0.014965 -0.097645 -0.000000 -0.084579 0.010891 0.132274 -0.000000 0.110285 0.000000 0.084782 -0.000000 -0.124524 0.000000 -0.153069 0.142139 -0.000000 0.010589 -0.000000 0.000000 -0.207778 -0.000000 0.000000 -0.133224 -0.000000 0.142895 0.117007 -0.064249 0.089926 -0.021807 0.000000 0.067394 0.141955 -0.070324 -0.015571 -0.246555 0.051625 -0.051624 0.069934 -0.000000 -0.033774 -0.000000 -0.000000 0.000000 0.007363 -0.000000
  -0.174902 -0.000000 -0.000000 0.000000 0.136831 -0.000000 -0.000000 0.089779 0.177106 0.116142 -0.000000 0.053479 0.063749 0.113457 0.103936 -0.000000 0.007438 -0.000000 0.000000 -0.080732 0.000000 0.018671 0.128329 0.041116 -0.139921 -0.010887 0.095348 0.027650 0.019464 -0.000000 -0.000000 -0.000000 -0.000000 0.000000 -0.054349 0.000000 0.136221 -0.000000 0.035680 -0.000000 0.157527 -0.045393 -0.023965 -0.309659 0.076383 0.043754 0.107567 -0.000000 0.126645 -0.000000 0.190525 -0.000000 0.022035 0.151768 -0.000000 0.113959 -0.017404 0.000000 0.209465 0.037859 -0.001369 -0.000000 0.026087 -0.000000 0.016284 -0.000000 0.000611 0.000000 0.000000 0.070989 0.000000 -0.012021 -0.000000 0.000000 -0.090843 0.000000 0.000000 0.086749 0.000000 0.148110 -0.037433 0.060300 0.133442 0.036824 -0.000000 -0.081573 0.179737 -0.037853 0.090029 -0.093432 -0.059327 0.042855 -0.007904 0.000000 -0.067020 -0.000000 -0.000000 -0.000000 -0.049791 -0.000000
  -0.003641 0.000000 -0.000000 -0.000000 -0.038567 -0.000000 0.000000 -0.000007 -0.051502 0.141724 -0.000000 -0.055571 -0.023170 -0.074570 0.147539 -0.000000 -0.075950 -0.000000 0.000000 0.099011 0.000000 -0.067667 0.090745 0.070990 0.222726 0.081559 -0.039751 0.119142 -0.056453 -0.000000 -0.000000 -0.000000 -0.000000 0.000000 0.044066 0.000000 -0.087121 0.000000 0.138492 -0.000000 0.002744 0.066148 0.126135 0.109425 -0.046456 0.062223 -0.018028 -0.000000 0.234147 -0.000000 0.109455 0.000000 0.240252 -0.013673 -0.000000 0.117593 -0.110426 -0.000000 0.183696 0.017978 0.160650 -0.000000 -0.003835 0.000000 0.081761 -0.000000 0.071509 0.000000 -0.367715 -0.008483 -0.000000 0.064009 -0.000000 -0.000000 -0.145270 -0.000000 -0.000000 0.159626 -0.000000 0.130788 0.079103 0.009697 0.061641 -0.094753 0.000000 0.107941 0.021753 0.129913 -0.057566 0.202615 0.110477 -0.069533 -0.033018 -0.000000 0.057194 -0.000000 -0.000000 -0.000000 -0.058515 -0.000000
  -0.342486 0.000000 -0.000000 -0.000000 -0.127122 0.000000 -0.000000 0.092785 -0.146220 -0.018279 0.000000 0.025003 0.154338 -0.010049 -0.198999 0.000000 -0.088354 0.000000 -0.000000 0.083097 -0.000000 -0.097565 -0.237069 0.002147 0.257332 -0.017524 -0.038276 -0.090911 -0.087790 -0.000000 0.000000 -0.000000 -0.000000 -0.000000 0.068288 -0.000000 0.297931 0.000000 0.058732 -0.000000 -0.070941 0.125177 -0.039525 0.031181 -0.165961 0.101897 -0.059849 -0.000000 0.165851 -0.000000 -0.057560 0.000000 0.324352 -0.013262 0.000000 -0.090140 -0.108871 0.000000 -0.225196 0.067534 -0.200428 -0.000000 -0.054022 0.000000 -0.056470 -0.000000 -0.028374 -0.000000 0.000000 0.118748 -0.000000 -0.087242 0.000000 -0.000000 0.031838 0.000000 -0.000000 -0.243059 0.000000 -0.067324 -0.052847 -0.031169 -0.164363 0.026770 -0.000000 0.015356 -0.030803 -0.157367 -0.249680 -0.203446 -0.143701 -0.154464 0.034535 0.000000 0.030001 -0.000000 0.000000 -0.000000 -0.153918 -0.000000
  0.092268 -0.000000 -0.000000 -0.000000 -0.081791 -0.000000 0.000000 0.010576 -0.043505 0.024337 -0.000000 0.134577 0.019992 -0.062812 0.046301 0.000000 -0.074946 0.000000 -0.000000 -0.015029 -0.000000 -0.004095 0.113259 0.055205 0.026158 0.002295 0.028983 -0.079358 0.131140 -0.000000 -0.000000 0.000000 -0.000000 0.000000 0.064292 0.000000 0.119670 -0.000000 0.080080 0.000000 0.042395 0.063407 0.209340 0.069678 0.070067 0.067701 0.090885 -0.000000 0.155384 0.000000 0.040498 -0.000000 -0.159530 0.054454 -0.000000 0.168474 -0.009227 -0.000000 -0.059589 0.026768 0.116338 -0.000000 0.066249 0.000000 0.041229 -0.000000 0.030101 -0.000000 0.186366 0.159794 -0.000000 -0.063491 -0.000000 -0.000000 0.235264 0.000000 -0.000000 0.067007 -0.000000 -0.029486 0.188383 0.233967 0.128242 0.049944 0.000000 -0.083694 0.037383 0.060043 -0.039992 0.016794 0.036494 -0.109659 0.108794 -0.000000 0.096634 -0.000000 -0.000000 -0.000000 -0.021347 -0.000000
  0.059045 0.000000 0.000000 -0.000000 0.072166 -0.000000 -0.000000 0.182413 0.210301 0.162122 -0.000000 -0.015834 0.242223 -0.015883 -0.022147 -0.000000 0.093891 -0.000000 -0.000000 -0.093833 -0.000000 0.113204 0.070372 -0.054171 0.295712 0.283264 0.353820 0.160429 -0.003854 -0.000000 -0.000000 -0.000000 0.000000 0.000000 -0.028690 -0.000000 0.024261 0.000000 -0.079678 0.000000 -0.047078 -0.027916 0.105276 0.000430 -0.090092 0.017624 0.200892 0.000000 0.300073 -0.000000 -0.070359 -0.000000 -0.219500 0.097553 -0.000000 0.028526 0.096769 0.000000 0.100085 0.218259 -0.074801 -0.000000 -0.091541 0.000000 0.097424 -0.000000 0.060014 0.000000 0.329723 -0.033430 0.000000 0.145101 0.000000 0.000000 0.229057 0.000000 -0.000000 0.066481 0.000000 0.123988 0.193407 0.079798 -0.005404 0.004915 -0.000000 -0.134514 0.173546 -0.249942 0.132891 0.069784 -0.035515 0.050265 0.081090 0.000000 0.173016 0.000000 -0.000000 0.000000 0.197832 -0.000000
  -0.006120 -0.000000 -0.000000 -0.000000 0.006226 -0.000000 0.000000 -0.134641 -0.080029 -0.132848 -0.000000 -0.156780 -0.117216 -0.133150 -0.034991 -0.000000 -0.078672 -0.000000 0.000000 -0.035497 -0.000000 -0.111096 0.112244 -0.033501 -0.023417 -0.104821 0.000180 -0.196275 -0.162242 -0.000000 -0.000000 -0.000000 0.000000 0.000000 -0.042414 0.000000 0.093346 0.000000 -0.007352 0.000000 -0.106256 -0.112539 -0.189628 0.072990 -0.020936 -0.240535 0.001984 -0.000000 -0.046368 -0.000000 -0.159966 0.000000 0.163119 -0.140112 -0.000000 0.087794 -0.156671 0.000000 0.004318 -0.084766 -0.070771 -0.000000 -0.054101 0.000000 0.055314 -0.000000 0.064579 -0.000000 -0.021010 -0.060026 0.000000 -0.103335 0.000000 0.000000 -0.086988 -0.000000 0.000000 0.025170 0.000000 0.102290 -0.060773 -0.045914 0.046173 -0.164302 -0.000000 0.132886 0.063045 -0.206270 -0.108728 0.036385 0.062969 0.071777 -0.098179 0.000000 -0.105883 0.000000 -0.000000 -0.000000 0.066950 -0.000000
  -0.007214 0.000000 0.000000 0.000000 -0.070482 -0.000000 0.000000 0.009315 0.007268 -0.151487 0.000000 -0.196441 -0.081652 0.004437 -0.080611 0.000000 0.003168 -0.000000 0.000000 0.132197 -0.000000 -0.184874 -0.194414 -0.204067 0.054650 -0.226532 -0.249463 -0.209102 -0.031282 -0.000000 -0.000000 0.000000 -0.000000 0.000000 0.123574 -0.000000 0.123338 0.000000 -0.097503 0.000000 -0.188202 -0.054890 -0.058641 0.100220 -0.174025 0.032878 -0.176934 -0.000000 0.029678 0.000000 0.029446 0.000000 0.289818 -0.026483 0.000000 -0.036488 -0.251298 -0.000000 -0.047333 -0.070270 -0.131886 0.000000 0.024356 -0.000000 0.001879 0.000000 0.026770 0.000000 0.091782 -0.060571 -0.000000 -0.039856 0.000000 0.000000 0.282261 -0.000000 0.000000 -0.052495 -0.000000 -0.198728 -0.166578 0.058937 -0.158819 -0.164909 0.000000 0.110944 -0.245629 -0.243423 -0.214163 -0.102847 -0.217127 -0.109528 -0.162030 -0.000000 0.014423 -0.000000 -0.000000 -0.000000 -0.048368 -0.000000
  -0.125817 -0.000000 -0.000000 -0.000000 0.152780 0.000000 0.000000 0.377716 0.162304 0.259478 0.000000 0.277504 0.160849 0.220301 0.078648 -0.000000 0.270377 -0.000000 0.000000 0.255779 0.000000 0.047810 0.088115 0.067062 -0.097085 0.075995 0.179350 -0.051765 0.042384 -0.000000 -0.000000 -0.000000 0.000000 -0.000000 0.057339 0.000000 -0.659344 -0.000000 0.130784 -0.000000 0.008122 -0.127721 0.168444 0.471314 0.061315 -0.098716 0.022856 -0.000000 0.258895 -0.000000 0.132211 -0.000000 0.295901 0.221884 -0.000000 0.230690 0.113764 0.000000 0.129127 0.273569 0.209429 0.000000 0.153214 -0.000000 0.191518 0.000000 0.367615 -0.000000 0.050857 -0.041635 0.000000 -0.090956 -0.000000 0.000000 0.067853 0.000000 0.000000 0.123620 -0.000000 0.180738 -0.062719 0.249111 0.268888 0.013733 -0.000000 0.123697 0.231290 -0.176326 0.013392 -0.114069 0.266428 0.141106 0.138776 0.000000 -0.004157 0.000000 0.000000 0.000000 0.066841 -0.000000
  -0.254278 0.000000 -0.000000 -0.000000 0.123743 -0.000000 -0.000000 -0.192371 0.104479 -0.067216 -0.000000 0.037213 0.010036 0.031119 -0.018826 -0.000000 -0.013000 -0.000000 0.000000 -0.182464 0.000000 -0.006791 0.162695 -0.028376 0.128245 0.215390 0.140937 -0.070206 0.048250 -0.000000 -0.000000 -0.000000 -0.000000 -0.000000 0.112744 -0.000000 -0.118613 -0.000000 0.095943 0.000000 -0.010368 0.103455 -0.012457 -0.091487 0.022764 0.085567 0.062881 -0.000000 -0.029275 -0.000000 0.080465 0.000000 -0.029607 0.021901 0.000000 0.117592 0.253801 0.000000 0.103368 -0.113538 -0.097714 -0.000000 0.089513 -0.000000 0.044625 -0.000000 0.044534 0.000000 0.000000 0.018908 0.000000 -0.062018 0.000000 0.000000 0.230612 0.000000 -0.000000 0.067560 -0.000000 -0.061322 -0.035279 0.034848 0.127021 -0.034112 0.000000 0.007078 0.025295 0.197903 -0.061362 0.051533 -0.009092 -0.096638 0.014417 0.000000 -0.054217 -0.000000 0.000000 0.000000 0.081768 -0.000000
  0.006020 0.000000 -0.000000 0.000000 0.135055 -0.000000 -0.000000 0.108784 0.131889 -0.069985 -0.000000 0.135541 -0.035211 0.130867 0.014587 -0.000000 -0.077967 -0.000000 -0.000000 -0.066273 0.000000 0.165558 -0.049314 0.015770 -0.414288 -0.029965 -0.024954 -0.111479 -0.137353 -0.000000 -0.000000 -0.000000 -0.000000 0.000000 0.100179 0.000000 -0.037735 -0.000000 0.034664 -0.000000 0.109790 0.141530 0.072581 -0.048810 0.086881 -0.055169 -0.096430 -0.000000 0.084028 0.000000 -0.066990 0.000000 -0.010529 0.057586 0.000000 0.131441 -0.101658 0.000000 -0.118761 -0.039714 0.000596 0.000000 0.013002 0.000000 0.099286 -0.000000 0.038656 -0.000000 -0.240826 0.007340 -0.000000 0.029404 -0.000000 -0.000000 -0.148973 -0.000000 -0.000000 -0.043321 0.000000 0.022178 0.177563 0.146448 0.075386 0.069867 -0.000000 0.071659 -0.142275 0.188334 0.074075 -0.053787 0.095326 -0.117187 -0.065565 -0.000000 0.132682 0.000000 -0.000000 -0.000000 0.030155 -0.000000
  -0.067809 0.000000 -0.000000 -0.000000 -0.039689 -0.000000 0.000000 -0.091135 -0.032660 -0.023955 0.000000 0.038867 0.110615 0.055168 0.113107 0.000000 -0.038892 -0.000000 0.000000 -0.267682 -0.000000 -0.150843 0.093799 0.061076 -0.525556 0.173448 0.044273 -0.065037 0.007508 -0.000000 -0.000000 -0.000000 -0.000000 -0.000000 0.006911 0.000000 0.029561 0.000000 -0.031525 -0.000000 -0.026005 -0.268739 -0.262909 -0.450737 0.175640 -0.289196 -0.055377 -0.000000 0.022855 -0.000000 -0.122738 -0.000000 0.090094 0.016003 -0.000000 -0.013632 0.199575 -0.000000 0.182393 0.202883 0.161314 0.000000 0.079429 0.000000 -0.121171 -0.000000 0.193836 0.000000 -0.583849 0.022225 0.000000 -0.042561 0.000000 -0.000000 0.210636 0.000000 0.000000 0.111092 -0.000000 -0.069253 0.032679 0.125708 -0.011395 -0.110501 0.000000 0.052765 0.106032 0.168875 0.003605 -0.011652 -0.109340 0.183470 -0.061771 0.000000 -0.164215 -0.000000 -0.000000 -0.000000 -0.006561 -0.000000
  0.033381 -0.000000 -0.000000 0.000000 0.121072 -0.000000 -0.000000 0.040555 0.200441 0.103359 0.000000 0.195757 0.114960 0.042964 0.152165 0.000000 0.183745 -0.000000 0.000000 -0.198969 0.000000 0.118545 0.132412 -0.009797 0.049636 0.162093 0.146575 -0.019931 0.116579 0.000000 0.000000 -0.000000 -0.000000 0.000000 0.087683 -0.000000 -0.007233 -0.000000 0.148705 -0.000000 0.056914 0.031035 0.054857 -0.044483 0.062907 -0.028547 0.224602 -0.000000 0.153169 0.000000 0.219188 -0.000000 0.022160 0.210717 -0.000000 0.063847 -0.002920 -0.000000 0.162880 0.188005 0.247515 0.000000 0.037357 -0.000000 0.241739 -0.000000 0.022931 0.000000 -0.018144 -0.000568 0.000000 0.195958 -0.000000 0.000000 0.022150 0.000000 0.000000 0.295042 -0.000000 0.024059 -0.055590 0.119824 -0.027617 0.081869 -0.000000 -0.172377 -0.056668 0.117111 0.020789 -0.007308 0.225553 0.169521 0.039306 -0.000000 0.073021 -0.000000 -0.000000 -0.000000 0.050583 -0.000000
  -0.086274 0.000000 -0.000000 0.000000 -0.052635 -0.000000 0.000000 -0.014746 0.150114 0.118406 0.000000 0.121086 0.034005 -0.019815 0.047009 -0.000000 0.067582 -0.000000 0.000000 0.108848 0.000000 0.165121 0.171662 -0.067958 0.000000 0.043778 0.006469 0.013685 0.154873 -0.000000 -0.000000 -0.000000 -0.000000 -0.000000 0.006881 -0.000000 0.000000 -0.000000 0.132126 -0.000000 -0.028108 0.033401 -0.023135 -0.457905 -0.011462 0.054025 0.078965 -0.000000 0.195206 0.000000 -0.004061 -0.000000 0.160479 0.200513 -0.000000 -0.010021 0.087588 -0.000000 0.113539 0.039914 0.099234 -0.000000 0.005691 0.000000 0.016452 0.000000 0.213981 0.000000 0.000000 0.039991 -0.000000 0.179213 0.000000 0.000000 -0.152766 -0.000000 0.000000 0.017225 -0.000000 -0.030326 0.056054 0.041766 0.015807 0.012602 0.000000 -0.042218 0.220058 0.073747 0.067204 -0.132239 0.136453 0.199074 0.111167 -0.000000 0.043709 0.000000 -0.000000 0.000000 0.011901 0.000000
  -0.214596 -0.000000 -0.000000 -0.000000 0.100587 0.000000 -0.000000 -0.406266 0.005860 0.072632 -0.000000 0.114826 0.107639 0.053243 0.025295 0.000000 -0.062229 -0.000000 0.000000 0.049899 0.000000 -0.019685 0.091839 0.105021 0.285505 0.119583 0.070092 -0.036197 0.118513 -0.000000 0.000000 -0.000000 -0.000000 0.000000 0.190708 -0.000000 -0.137596 -0.000000 0.074461 0.000000 0.019986 0.138091 0.085899 -0.128582 0.080878 -0.026180 0.103456 -0.000000 0.093947 0.000000 -0.053554 0.000000 0.231841 0.137733 -0.000000 0.102822 0.152361 0.000000 0.075159 0.131343 0.093690 0.000000 -0.042471 0.000000 -0.081864 -0.000000 -0.015733 0.000000 -0.000000 0.004277 -0.000000 0.172288 -0.000000 0.000000 0.163816 -0.000000 -0.000000 0.166807 -0.000000 0.149911 0.061399 -0.122317 0.060677 -0.099025 0.000000 -0.035755 0.080445 0.042418 0.121782 -0.054173 0.098189 0.080537 0.086278 0.000000 -0.046634 -0.000000 0.000000 -0.000000 -0.054584 -0.000000
  0.121110 -0.000000 -0.000000 0.000000 0.166218 -0.000000 -0.000000 -0.004177 -0.018954 -0.069182 -0.000000 -0.080904 0.024811 0.009066 0.057085 -0.000000 0.172915 -0.000000 -0.000000 -0.027993 0.000000 -0.067999 -0.039403 -0.047008 0.104405 0.101399 0.057363 0.050572 0.158809 -0.000000 0.000000 -0.000000 -0.000000 0.000000 0.004382 -0.000000 -0.099064 0.000000 0.139922 -0.000000 0.139561 0.067423 0.043715 0.032047 -0.084489 -0.005576 0.022931 -0.000000 0.058610 0.000000 -0.023120 -0.000000 0.041391 0.010144 -0.000000 0.097920 0.003267 0.000000 0.096363 0.041871 0.067285 0.000000 -0.103915 -0.000000 0.155362 -0.000000 -0.004352 0.000000 -0.023959 -0.079382 0.000000 0.155284 -0.000000 -0.000000 0.071749 0.000000 -0.000000 -0.152904 -0.000000 0.142139 0.162899 0.307562 0.135490 0.062795 -0.000000 0.100616 0.092507 -0.012879 -0.084447 0.140412 0.028988 0.006724 0.069302 0.000000 -0.041888 0.000000 -0.000000 -0.000000 0.016942 -0.000000
  0.000000 0.000000 0.000000 -0.000000 -0.000000 0.000000 -0.000000 0.000000 0.000000 0.000000 -0.000000 -0.000000 0.000000 -0.000000 0.000000 -0.000000 -0.000000 -0.000000 -0.000000 0.000000 -0.000000 -0.000000 -0.000000 -0.000000 -0.000000 -0.000000 0.000000 0.000000 0.000000 0.000000 -0.000000 0.000000 0.000000 -0.000000 0.000000 -0.000000 -0.000000 0.000000 -0.000000 -0.000000 -0.000000 -0.000000 -0.000000 0.000000 0.000000 0.000000 -0.000000 0.000000 0.000000 -0.000000 0.000000 0.000000 0.000000 -0.000000 -0.000000 0.000000 0.000000 0.000000 0.000000 0.000000 -0.000000 0.000000 -0.000000 0.000000 0.000000 -0.000000 0.000000 -0.000000 -0.000000 -0.000000 -0.000000 -0.000000 -0.000000 0.000000 0.000000 0.000000 -0.000000 0.000000 0.000000 -0.000000 0.000000 -0.000000 0.000000 -0.000000 -0.000000 0.000000 -0.000000 -0.000000 0.000000 0.000000 0.000000 -0.000000 -0.000000 0.000000 -0.000000 -0.000000 0.000000 -0.000000 -0.000000 -0.000000
  0.057070 -0.000000 -0.000000 -0.000000 0.122076 0.000000 -0.000000 0.017548 -0.064734 -0.042111 -0.000000 0.077997 0.130353 0.114416 0.035528 -0.000000 0.151858 -0.000000 0.000000 -0.119787 0.000000 0.186687 0.155835 0.061822 0.039250 -0.024259 0.165224 0.048649 -0.058712 -0.000000 -0.000000 -0.000000 0.000000 -0.000000 -0.105833 0.000000 0.092311 0.000000 0.023933 0.000000 0.053821 -0.035375 -0.290616 0.007759 -0.047401 0.154811 -0.074851 -0.000000 0.133097 -0.000000 0.098321 -0.000000 0.062163 -0.008923 -0.000000 0.111667 0.150773 0.000000 0.074750 0.106108 0.074599 0.000000 0.165351 -0.000000 0.028603 -0.000000 0.022721 -0.000000 0.022368 0.084929 0.000000 0.048615 -0.000000 -0.000000 -0.119859 0.000000 0.000000 -0.064173 0.000000 0.117831 -0.017008 0.081014 0.195098 0.023716 0.000000 -0.087527 0.116022 -0.084531 0.093698 0.066197 0.181238 0.072722 -0.006378 -0.000000 0.101985 0.000000 -0.000000 -0.000000 0.117332 -0.000000
  0.051228 0.000000 -0.000000 -0.000000 -0.054104 -0.000000 -0.000000 0.061313 0.048696 -0.041869 0.000000 -0.047945 0.222561 0.038567 0.137477 0.000000 0.046773 -0.000000 -0.000000 -0.181134 -0.000000 0.126617 -0.086533 0.121207 -0.880778 0.140551 -0.023255 0.077462 0.036950 -0.000000 0.000000 -0.000000 -0.000000 0.000000 0.014105 0.000000 -0.151907 -0.000000 0.141793 -0.000000 0.052068 -0.134868 -0.126917 0.009228 0.105756 -0.013712 -0.062142 -0.000000 0.143183 -0.000000 0.138045 0.000000 -0.246136 0.138295 -0.000000 0.104353 -0.069637 0.000000 -0.036875 0.172607 -0.094450 -0.000000 -0.065694 -0.000000 -0.076723 -0.000000 -0.099616 0.000000 -1.572971 0.145438 0.000000 -0.066679 0.000000 -0.000000 0.000793 0.000000 -0.000000 -0.188799 -0.000000 0.013951 0.060915 0.185610 0.012549 -0.068665 -0.000000 -0.175251 0.114365 -0.200611 0.065849 -0.030289 -0.031933 0.080292 0.033370 -0.000000 -0.000632 -0.000000 -0.000000 0.000000 0.066596 -0.000000
  0.047846 -0.000000 -0.000000 0.000000 0.156010 0.000000 -0.000000 0.176325 0.058233 -0.026963 -0.000000 0.105374 0.080262 -0.080516 -0.041340 0.000000 0.108432 -0.000000 -0.000000 0.034726 0.000000 -0.047467 0.012006 0.062946 -0.130433 -0.058760 0.060089 0.038018 0.114194 -0.000000 -0.000000 -0.000000 0.000000 -0.000000 0.076120 -0.000000 -0.107886 -0.000000 -0.020413 0.000000 0.099197 0.217873 -0.097798 0.103476 0.093032 0.186064 0.097478 -0.000000 0.122260 -0.000000 0.115386 0.000000 0.128227 -0.085927 -0.000000 0.075614 -0.075483 0.000000 -0.047827 -0.069494 0.049920 -0.000000 0.022967 -0.000000 -0.017381 -0.000000 -0.139958 -0.000000 -0.000961 0.110213 -0.000000 -0.045108 0.000000 -0.000000 0.059785 0.000000 -0.000000 -0.470406 -0.000000 -0.090867 -0.086994 -0.089925 0.108915 0.042251 -0.000000 0.020360 -0.016769 -0.002677 -0.053342 0.063838 0.161368 -0.117073 -0.033777 -0.000000 -0.035941 -0.000000 -0.000000 0.000000 -0.011664 -0.000000
  0.073456 0.000000 -0.000000 -0.000000 0.037953 -0.000000 -0.000000 0.102992 -0.076966 -0.052211 -0.000000 0.039941 0.065133 -0.063006 0.043107 0.000000 0.153593 -0.000000 -0.000000 -0.063304 0.000000 0.159225 0.120146 0.137978 -0.062898 -0.149850 -0.097362 -0.016865 0.104039 -0.000000 -0.000000 -0.000000 0.000000 -0.000000 -0.075114 -0.000000 0.002309 0.000000 0.010539 -0.000000 0.157814 0.041001 0.001402 0.007725 -0.085547 -0.066225 0.112534 -0.000000 0.231194 -0.000000 -0.070579 -0.000000 0.028337 0.041278 0.000000 0.129773 0.053914 -0.000000 0.081869 0.176727 0.083287 0.000000 0.036370 -0.000000 0.066000 -0.000000 -0.118608 0.000000 -0.032974 -0.073799 -0.000000 0.072594 -0.000000 0.000000 -0.027712 -0.000000 -0.000000 -0.021518 -0.000000 0.138742 0.168003 0.214589 0.140050 0.008190 0.000000 0.115097 0.038813 0.214172 0.067601 0.192474 -0.017283 0.114127 0.079235 0.000000 -0.019233 0.000000 -0.000000 -0.000000 0.082919 -0.000000
  0.068528 -0.000000 -0.000000 -0.000000 0.094411 -0.000000 -0.000000 0.161047 0.148885 -0.047093 -0.000000 0.097341 0.064510 -0.083459 -0.024417 0.000000 -0.072283 -0.000000 0.000000 -0.062421 0.000000 0.106263 -0.117299 0.150490 -0.257640 0.017300 0.059535 -0.056114 0.170873 -0.000000 -0.000000 -0.000000 0.000000 0.000000 -0.002420 0.000000 -0.205149 -0.000000 0.040434 -0.000000 0.105268 -0.007976 -0.105139 -0.009825 0.105840 0.120984 0.023592 -0.000000 0.079705 0.000000 -0.087586 -0.000000 0.016937 0.137178 -0.000000 0.111120 0.027124 0.000000 0.005420 0.073216 0.153818 -0.000000 -0.053080 -0.000000 0.146455 -0.000000 0.082627 -0.000000 -0.453946 0.024671 -0.000000 0.082559 0.000000 -0.000000 -0.307831 0.000000 0.000000 0.046778 0.000000 -0.044604 0.166598 0.108809 -0.091850 0.134575 0.000000 0.013960 -0.045241 -0.022275 0.020041 0.085129 -0.060331 0.168464 -0.012451 0.000000 0.152548 -0.000000 -0.000000 0.000000 0.032499 -0.000000
  0.053768 -0.000000 -0.000000 -0.000000 -0.023889 -0.000000 0.000000 0.135238 -0.198750 -0.187144 -0.000000 -0.126864 -0.018537 -0.218120 -0.101909 0.000000 -0.232561 -0.000000 -0.000000 0.070433 -0.000000 -0.069076 -0.217829 -0.073484 0.178423 -0.125978 -0.129759 -0.257409 -0.065305 -0.000000 0.000000 0.000000 0.000000 0.000000 0.104536 -0.000000 0.408813 -0.000000 -0.056404 -0.000000 -0.021775 -0.137811 0.396608 -0.017104 -0.141766 -0.096272 -0.157006 -0.000000 0.045541 -0.000000 -0.125316 -0.000000 0.256670 -0.138370 -0.000000 -0.137973 -0.036838 -0.000000 -0.091078 0.071963 -0.223212 0.000000 -0.165830 -0.000000 -0.020445 -0.000000 -0.041864 0.000000 0.097017 0.000395 -0.000000 0.003088 0.000000 -0.000000 0.177524 -0.000000 0.000000 -0.324133 0.000000 -0.244137 -0.043726 -0.048183 -0.094258 -0.080224 0.000000 0.202115 -0.090565 -0.681798 -0.207511 -0.081457 -0.152359 -0.244555 -0.135685 -0.000000 -0.080993 0.000000 0.000000 -0.000000 -0.209908 -0.000000
  -0.159522 0.000000 -0.000000 0.000000 -0.038197 -0.000000 0.000000 -0.169751 -0.128308 -0.141194 -0.000000 -0.036826 -0.054927 0.004541 -0.198419 -0.000000 -0.188336 -0.000000 -0.000000 0.210002 -0.000000 0.011244 -0.169652 -0.083070 -0.195102 -0.226608 -0.023261 -0.008664 -0.082625 -0.000000 -0.000000 -0.000000 0.000000 -0.000000 0.069881 0.000000 -0.186312 0.000000 -0.092541 0.000000 -0.169207 -0.125632 -0.031339 0.312728 -0.109759 0.066917 -0.104180 -0.000000 -0.324642 0.000000 -0.085318 -0.000000 -0.028148 -0.251946 -0.000000 -0.067052 0.003947 0.000000 -0.015654 -0.034722 -0.117225 -0.000000 -0.071301 -0.000000 -0.164961 -0.000000 -0.125425 -0.000000 -0.190908 -0.049257 0.000000 0.029025 0.000000 -0.000000 0.015873 0.000000 -0.000000 0.148199 0.000000 -0.045021 0.150378 -0.160686 -0.215701 -0.062822 -0.000000 0.135602 -0.286938 0.135339 -0.240957 -0.103545 0.025315 -0.077487 -0.142540 0.000000 -0.099387 -0.000000 -0.000000 0.000000 -0.000112 -0.000000
  -0.351850 0.000000 -0.000000 0.000000 -0.170556 -0.000000 0.000000 -0.607923 -0.037095 -0.070579 -0.000000 -0.020992 -0.116944 -0.118896 0.006567 -0.000000 -0.072291 -0.000000 0.000000 0.000264 -0.000000 0.006534 0.026682 -0.016219 0.072524 -0.100585 -0.031927 0.003809 0.023582 -0.000000 -0.000000 -0.000000 0.000000 0.000000 0.126544 -0.000000 0.163473 -0.000000 0.000791 0.000000 -0.100854 -0.138496 0.324007 -1.683651 -0.151222 -0.028821 -0.021178 0.000000 -0.076422 -0.000000 -0.228986 -0.000000 0.209610 -0.125722 0.000000 -0.163847 -0.077611 0.000000 -0.146603 -0.033814 -0.143545 -0.000000 -0.081289 -0.000000 -0.043040 -0.000000 -0.042755 -0.000000 0.215662 -0.237206 0.000000 -0.046439 -0.000000 0.000000 0.403119 0.000000 -0.000000 0.000000 0.000000 -0.124030 -0.030814 -0.144247 -0.223200 -0.031439 0.000000 0.277948 0.044635 -0.041377 -0.169129 0.297639 -0.181429 -0.025573 -0.083812 -0.000000 -0.183940 -0.000000 -0.000000 0.000000 -0.081592 -0.000000
  0.062876 -0.000000 -0.000000 -0.000000 0.031069 -0.000000 -0.000000 -0.112725 0.155378 0.171838 -0.000000 0.256698 -0.032527 0.249571 0.007744 0.000000 0.014635 -0.000000 -0.000000 0.077812 -0.000000 -0.005399 0.163250 -0.015842 0.083951 -0.037830 0.099583 0.165801 0.081642 -0.000000 0.000000 -0.000000 0.000000 -0.000000 0.012014 -0.000000 -0.285054 0.000000 0.061225 -0.000000 0.079935 0.116701 0.090419 0.016294 0.099005 0.118382 0.172350 -0.000000 0.128041 -0.000000 0.112962 0.000000 -0.014225 0.048832 0.000000 0.191473 0.130920 -0.000000 -0.002482 0.091136 0.021775 -0.000000 0.125095 -0.000000 0.002764 -0.000000 0.120714 0.000000 -0.067544 0.026996 -0.000000 -0.039727 -0.000000 0.000000 0.092406 0.000000 0.000000 -0.016451 -0.000000 0.250134 -0.028769 0.255771 0.044455 0.073685 0.000000 -0.086234 0.030179 0.031630 0.062361 0.142388 0.199634 0.124818 0.049239 0.000000 -0.058360 -0.000000 -0.000000 0.000000 0.002584 -0.000000
  -0.050509 -0.000000 -0.000000 -0.000000 -0.002197 -0.000000 -0.000000 0.125221 0.076500 -0.039542 -0.000000 -0.151796 0.048416 0.058333 -0.047424 0.000000 0.068928 -0.000000 -0.000000 -0.112522 -0.000000 0.086671 0.073709 -0.015802 -0.347170 -0.075065 -0.111618 0.010076 -0.093367 -0.000000 0.000000 -0.000000 -0.000000 -0.000000 0.082644 0.000000 -0.053040 -0.000000 0.131830 0.000000 0.007353 0.156639 -0.069894 0.093046 -0.160526 0.081442 0.047417 -0.000000 -0.077908 -0.000000 -0.079538 0.000000 -0.074735 0.095744 -0.000000 -0.082780 0.081660 -0.000000 -0.156766 -0.008256 -0.136921 0.000000 0.004540 -0.000000 0.027247 -0.000000 0.068375 0.000000 -0.029162 0.005366 -0.000000 -0.073564 0.000000 -0.000000 -0.117681 0.000000 -0.000000 -0.162161 -0.000000 -0.116426 -0.050648 0.038638 -0.068055 -0.112673 0.000000 -0.065807 0.091585 0.009396 -0.042713 0.104664 -0.139553 -0.033673 0.051802 0.000000 0.003113 -0.000000 -0.000000 0.000000 -0.107229 -0.000000
  -0.436374 -0.000000 -0.000000 -0.000000 -0.049765 -0.000000 -0.000000 -0.220685 -0.078650 -0.038059 -0.000000 0.062577 0.166159 -0.104741 0.120124 -0.000000 -0.050703 -0.000000 0.000000 0.018222 0.000000 0.138693 -0.104861 -0.027596 -0.019814 0.186317 -0.062755 0.132999 -0.063830 -0.000000 -0.000000 -0.000000 0.000000 -0.000000 0.052496 -0.000000 -0.058732 -0.000000 -0.040578 0.000000 -0.001681 -0.028077 0.042780 -0.148901 -0.066221 0.045647 -0.068204 -0.000000 0.076348 0.000000 0.153536 -0.000000 0.035048 0.040952 -0.000000 0.095457 0.170099 -0.000000 -0.011193 -0.094705 0.020833 0.000000 0.033355 -0.000000 0.079148 -0.000000 0.072948 -0.000000 0.009265 0.106714 0.000000 -0.070862 0.000000 -0.000000 0.152282 0.000000 -0.000000 0.125677 -0.000000 -0.106926 0.113738 0.190411 0.114635 0.044176 -0.000000 0.002671 0.130173 0.026356 0.046606 0.039810 0.032618 -0.024905 0.133640 -0.000000 0.170131 -0.000000 -0.000000 0.000000 0.078690 -0.000000
  0.058334 -0.000000 -0.000000 -0.000000 0.188168 -0.000000 -0.000000 -0.164548 0.059491 0.021004 -0.000000 0.003046 0.039101 0.197508 -0.020071 -0.000000 0.189817 -0.000000 0.000000 -0.099436 -0.000000 0.110234 -0.073346 0.027946 0.042055 0.047585 0.106995 0.122189 -0.027101 -0.000000 -0.000000 -0.000000 0.000000 -0.000000 0.078700 -0.000000 -0.058425 0.000000 0.073908 -0.000000 -0.062322 0.147349 -0.155892 0.083340 0.006675 0.026086 0.166098 -0.000000 0.158806 0.000000 0.127223 -0.000000 -0.041719 0.120949 0.000000 0.115807 0.002872 0.000000 0.028679 0.004981 0.014924 -0.000000 -0.054011 -0.000000 -0.074671 -0.000000 -0.062130 -0.000000 -0.078737 -0.079110 -0.000000 0.062634 0.000000 0.000000 0.109356 -0.000000 -0.000000 -0.124230 0.000000 -0.076189 0.057519 0.059189 -0.024435 0.190254 0.000000 0.081650 0.059015 -0.086666 0.083220 0.071664 -0.011550 0.074019 0.108386 -0.000000 0.120714 0.000000 -0.000000 -0.000000 0.041222 -0.000000
  -0.413466 -0.000000 -0.000000 -0.000000 0.133108 -0.000000 -0.000000 0.010057 -0.098390 -0.038868 -0.000000 -0.056350 0.059418 0.177696 0.140726 0.000000 0.167374 -0.000000 -0.000000 -0.110759 0.000000 0.090108 -0.105485 -0.024503 0.083890 0.094665 0.129380 0.018413 0.127197 -0.000000 0.000000 -0.000000 0.000000 -0.000000 -0.037177 -0.000000 -0.104172 0.000000 0.173650 -0.000000 0.020145 -0.045630 0.133858 -0.040193 0.012475 -0.057188 0.107237 -0.000000 0.049207 0.000000 0.182867 0.000000 0.068449 0.069731 0.000000 0.009168 0.087288 -0.000000 -0.057832 -0.029568 0.043527 0.000000 0.059300 -0.000000 0.028112 -0.000000 0.091165 0.000000 -0.109199 0.107991 -0.000000 0.123292 0.000000 0.000000 0.191937 -0.000000 0.000000 0.049622 0.000000 -0.077606 0.189467 0.216751 0.006781 -0.035567 -0.000000 0.082254 -0.058004 0.160666 0.053015 0.031820 0.045866 -0.108891 0.147612 0.000000 0.196359 -0.000000 -0.000000 -0.000000 0.058719 -0.000000
  -0.483839 0.000000 -0.000000 0.000000 0.070833 -0.000000 -0.000000 -0.406904 -0.031582 -0.103054 -0.000000 -0.204081 0.011356 -0.110958 -0.138632 0.000000 -0.182783 -0.000000 0.000000 0.231291 0.000000 -0.086123 -0.179933 -0.099818 0.028720 0.139550 -0.225082 0.056886 -0.223167 -0.000000 -0.000000 -0.000000 0.000000 -0.000000 0.088988 0.000000 0.126470 0.000000 -0.045400 0.000000 -0.057589 -0.028247 0.003939 -0.105216 -0.070109 0.085706 -0.129205 -0.000000 0.015101 -0.000000 -0.055681 -0.000000 -0.057756 -0.032337 -0.000000 0.075472 0.107091 -0.000000 -0.227016 -0.012394 -0.092560 0.000000 0.045787 0.000000 -0.113587 -0.000000 0.111254 0.000000 0.000000 -0.029298 -0.000000 0.095726 0.000000 0.000000 0.219231 -0.000000 -0.000000 0.167675 -0.000000 -0.064668 0.003995 0.076074 0.009697 -0.095322 -0.000000 0.162315 0.036212 0.197808 -0.216856 -0.062541 -0.134062 -0.192145 0.014867 0.000000 0.001268 -0.000000 -0.000000 0.000000 -0.113177 -0.000000
  0.066598 0.000000 -0.000000 -0.000000 0.070779 -0.000000 -0.000000 -0.092841 0.010666 0.038301 -0.000000 0.157233 -0.037702 -0.010867 -0.029557 -0.000000 0.035031 -0.000000 -0.000000 -0.048094 0.000000 0.148092 0.130672 0.103596 0.020700 -0.078718 -0.069930 -0.115042 0.081416 -0.000000 -0.000000 -0.000000 0.000000 0.000000 0.075356 0.000000 -0.109808 -0.000000 0.045481 -0.000000 -0.110184 0.082093 -0.031360 0.061786 -0.014407 -0.001686 0.003197 -0.000000 0.170748 -0.000000 -0.071574 0.000000 -0.104673 0.105646 -0.000000 0.157351 -0.133298 0.000000 -0.026913 0.229449 0.007814 -0.000000 0.137646 -0.000000 -0.101168 -0.000000 0.018672 -0.000000 -0.060031 -0.087804 0.000000 0.106757 -0.000000 -0.000000 -0.187982 -0.000000 -0.000000 -0.038394 -0.000000 0.147954 -0.078984 0.186385 0.040202 0.029379 0.000000 -0.064057 -0.098742 0.089195 -0.023764 -0.162643 -0.046455 -0.008014 0.083297 -0.000000 -0.006074 -0.000000 -0.000000 0.000000 -0.095318 -0.000000
  0.125081 0.000000 -0.000000 -0.000000 0.157610 0.000000 -0.000000 -0.109845 0.043792 0.166487 0.000000 0.082300 0.098401 0.129633 0.072756 -0.000000 0.178345 -0.000000 0.000000 0.036681 0.000000 -0.019676 -0.054736 0.100021 -0.026255 0.084641 -0.037321 0.078190 0.013348 -0.000000 -0.000000 -0.000000 0.000000 -0.000000 -0.032334 0.000000 -0.199289 0.000000 0.099572 -0.000000 0.016332 -0.042269 -0.541331 0.053630 -0.073674 0.105712 0.134816 -0.000000 0.242014 -0.000000 0.146579 -0.000000 -0.209056 0.112042 -0.000000 0.178774 0.083713 0.000000 -0.048535 0.176208 -0.080631 0.000000 -0.045549 0.000000 -0.028444 -0.000000 0.032287 -0.000000 -0.080516 -0.035353 -0.000000 0.050881 -0.000000 -0.000000 0.142741 -0.000000 -0.000000 0.178602 -0.000000 0.044852 -0.002954 0.201671 -0.084220 0.028343 -0.000000 -0.111489 0.146880 -0.041836 0.168242 -0.059821 -0.081137 -0.067234 0.020000 -0.000000 -0.106953 -0.000000 -0.000000 -0.000000 -0.016016 -0.000000
  0.064134 0.000000 -0.000000 -0.000000 -0.178263 -0.000000 0.000000 -0.148096 -0.177160 -0.196369 -0.000000 -0.100874 0.108860 -0.097626 0.000488 0.000000 -0.096072 -0.000000 0.000000 0.124761 -0.000000 -0.028214 -0.014906 -0.123132 0.159014 0.013996 -0.102237 -0.065953 -0.184000 -0.000000 0.000000 -0.000000 -0.000000 -0.000000 0.051798 0.000000 0.228480 -0.000000 -0.085982 0.000000 -0.258698 -0.130215 0.145083 0.594620 -0.086267 -0.006624 0.032373 -0.000000 0.054929 -0.000000 -0.190544 -0.000000 -0.055678 0.179005 0.000000 -0.179986 0.045533 -0.000000 0.034470 0.089944 -0.241528 0.000000 -0.056874 -0.000000 -0.002185 -0.000000 0.068677 0.000000 -0.028865 -0.132663 -0.000000 -0.149427 0.000000 0.000000 -0.099697 0.000000 0.000000 0.124292 -0.000000 -0.086731 -0.000417 0.085251 -0.080157 -0.030983 -0.000000 0.156350 -0.174614 -0.011642 -0.226466 -0.105969 -0.150069 0.020825 -0.069530 -0.000000 -0.005615 -0.000000 -0.000000 0.000000 -0.103287 -0.000000
  0.071401 0.000000 -0.000000 0.000000 -0.035426 -0.000000 -0.000000 0.169704 -0.049806 0.073445 -0.000000 0.043970 -0.094659 -0.063886 0.058849 -0.000000 -0.033559 -0.000000 -0.000000 0.106217 0.000000 0.129274 -0.032244 0.126222 0.087231 0.010112 0.003606 0.102593 0.033940 -0.000000 -0.000000 -0.000000 -0.000000 -0.000000 0.017157 -0.000000 0.125083 -0.000000 -0.013695 0.000000 0.063445 -0.020296 0.209110 -0.039011 0.015398 0.143353 0.155008 -0.000000 0.055059 -0.000000 -0.066601 -0.000000 0.073991 0.105575 0.000000 0.017437 0.003425 -0.000000 -0.076374 -0.009344 0.115171 -0.000000 0.123022 0.000000 -0.047455 -0.000000 0.017018 0.000000 0.083572 -0.004219 0.000000 -0.015555 0.000000 0.000000 0.056067 -0.000000 0.000000 -0.029124 -0.000000 -0.017484 0.158493 0.096713 -0.092933 0.140376 -0.000000 -0.055947 -0.068736 0.119383 0.025807 0.067001 0.093182 -0.034177 0.113897 -0.000000 0.103142 0.000000 -0.000000 -0.000000 0.106562 -0.000000
  -0.024142 -0.000000 -0.000000 0.000000 0.119985 -0.000000 0.000000 0.093568 0.083156 0.058304 -0.000000 0.003984 0.243560 0.171595 0.166513 0.000000 -0.009363 -0.000000 -0.000000 -0.242627 -0.000000 0.025489 0.111879 0.129785 0.259694 0.205157 -0.030431 -0.077904 0.128849 -0.000000 0.000000 -0.000000 -0.000000 0.000000 0.300752 0.000000 0.116577 0.000000 0.147419 0.000000 0.059027 0.159264 -0.436111 -0.661218 -0.021913 0.038899 0.133426 0.000000 0.364834 -0.000000 0.152425 0.000000 0.048880 0.178286 0.000000 0.085606 0.129626 0.000000 0.065193 0.282753 -0.073654 0.000000 -0.031009 -0.000000 0.137384 -0.000000 0.199805 -0.000000 0.268022 0.071273 0.000000 0.141036 0.000000 0.000000 0.245647 -0.000000 0.000000 0.000000 -0.000000 0.000601 -0.000631 0.264036 -0.063018 0.051806 -0.000000 0.190975 0.035038 -0.000000 0.149006 0.280241 0.077480 -0.077289 0.171568 0.000000 -0.022187 -0.000000 -0.000000 -0.000000 -0.077053 -0.000000
  -0.442243 0.000000 -0.000000 0.000000 0.071567 0.000000 -0.000000 0.015955 -0.039895 -0.180094 -0.000000 -0.063258 0.130611 -0.132969 -0.061885 -0.000000 -0.134708 -0.000000 -0.000000 0.243069 -0.000000 -0.023489 -0.139295 -0.219779 0.231042 -0.102883 -0.092769 -0.170079 -0.241522 -0.000000 0.000000 -0.000000 0.000000 0.000000 0.135223 -0.000000 0.195223 0.000000 -0.168939 0.000000 0.045888 0.113834 0.152111 -0.436582 -0.058852 0.128707 -0.019552 -0.000000 -0.063534 -0.000000 0.096106 -0.000000 0.185769 0.158203 0.000000 0.068043 0.091151 -0.000000 -0.020177 -0.101414 -0.100682 -0.000000 -0.156084 -0.000000 -0.065761 -0.000000 0.118022 -0.000000 -0.000000 0.071543 0.000000 0.176693 -0.000000 0.000000 0.077865 0.000000 -0.000000 0.023726 -0.000000 -0.202149 0.063299 0.084682 -0.025267 -0.043439 0.000000 0.156855 -0.016467 0.087458 -0.194657 -0.072650 -0.058535 -0.128738 -0.229788 0.000000 0.118025 0.000000 -0.000000 -0.000000 0.071340 -0.000000
  0.065597 -0.000000 -0.000000 -0.000000 0.102075 0.000000 -0.000000 -0.130212 0.149438 -0.082482 -0.000000 0.080028 0.162544 -0.040494 -0.079284 -0.000000 0.028286 -0.000000 0.000000 0.085795 0.000000 -0.058205 0.062855 0.083604 -0.044346 0.116993 -0.077594 -0.025122 -0.092826 -0.000000 0.000000 -0.000000 -0.000000 -0.000000 -0.081988 -0.000000 -0.060021 -0.000000 0.136350 -0.000000 0.090177 -0.091899 -0.062011 0.036610 -0.067539 -0.087907 0.139789 -0.000000 0.041195 -0.000000 0.171434 -0.000000 0.064795 0.125009 0.000000 0.009986 -0.101033 -0.000000 0.136088 0.282391 0.067282 0.000000 0.096219 0.000000 0.123041 -0.000000 0.006952 -0.000000 0.082743 0.035886 -0.000000 0.128519 0.000000 0.000000 -0.126538 0.000000 -0.000000 0.143927 -0.000000 0.078677 0.129756 0.128302 0.152965 0.134957 -0.000000 -0.098262 -0.042100 -0.057091 0.135417 0.165666 -0.083361 0.036676 0.042724 -0.000000 -0.003108 -0.000000 -0.000000 0.000000 0.094667 -0.000000
  0.059171 0.000000 -0.000000 -0.000000 -0.326685 0.000000 0.000000 -0.324923 -0.446434 -0.489130 0.000000 -0.497446 -0.320513 -0.713034 -0.484537 0.000000 -0.608143 -0.000000 0.000000 0.249812 -0.000000 -0.506216 -0.245538 -0.349610 -0.000211 -0.336378 -0.392038 -0.351269 -0.537555 -0.000000 0.000000 0.000000 -0.000000 0.000000 0.265493 0.000000 0.507272 -0.000000 -0.084141 0.000000 -0.202498 -0.016970 0.168637 -0.135561 -0.329650 -0.347464 -0.357908 -0.000000 -0.148115 -0.000000 -0.210707 -0.000000 0.125806 -0.532556 -0.000000 -0.325638 -0.310649 0.000000 -0.552592 -0.438405 -0.685792 0.000000 -0.101873 -0.000000 -0.139166 0.000000 -0.650442 0.000000 0.000000 -0.242091 -0.000000 -0.536243 0.000000 -0.000000 0.333273 -0.000000 -0.000000 0.489224 0.000000 -0.424719 -0.411455 -0.129923 -0.322340 -0.313874 0.000000 0.331747 -0.178975 0.102750 -0.509641 0.111172 -0.863802 -0.461042 -0.035240 -0.000000 -0.374148 0.000000 0.000000 -0.000000 -0.294038 -0.000000
  0.079434 0.000000 -0.000000 -0.000000 -0.076507 0.000000 -0.000000 0.039724 0.108604 0.151420 -0.000000 0.074843 0.038902 0.182454 0.091340 -0.000000 -0.069409 -0.000000 0.000000 -0.092253 -0.000000 0.065699 -0.077189 0.112022 0.019733 0.048370 -0.058568 -0.009709 -0.000341 -0.000000 0.000000 -0.000000 0.000000 -0.000000 0.155806 0.000000 0.049264 0.000000 0.123963 0.000000 0.089492 0.172593 -0.004886 0.076838 0.129041 0.059126 0.091972 -0.000000 0.117089 -0.000000 0.055815 -0.000000 0.138645 0.061801 0.000000 -0.021796 0.119637 0.000000 0.082990 0.087608 0.065849 0.000000 0.058940 0.000000 0.149046 -0.000000 0.082940 0.000000 0.149049 -0.029189 -0.000000 -0.017290 -0.000000 -0.000000 -0.125347 0.000000 -0.000000 -0.037480 0.000000 0.126959 0.171239 0.173084 0.017923 -0.017790 -0.000000 -0.088800 -0.006456 -0.487032 -0.117255 -0.168415 -0.055080 0.087039 -0.010411 -0.000000 -0.055442 -0.000000 -0.000000 0.000000 -0.072615 -0.000000
  0.074094 0.000000 -0.000000 -0.000000 -0.059534 -0.000000 0.000000 0.026210 0.114948 0.156337 -0.000000 -0.053716 0.149182 -0.056696 0.104189 -0.000000 -0.049806 -0.000000 0.000000 -0.093608 -0.000000 0.079687 0.154258 0.069358 0.204464 -0.066503 0.049496 0.134903 0.036473 -0.000000 0.000000 -0.000000 0.000000 0.000000 0.164703 0.000000 -0.005521 -0.000000 0.133577 0.000000 -0.070553 0.079577 -0.576408 -0.021470 0.046693 0.071294 -0.104439 -0.000000 0.298604 0.000000 -0.020405 0.000000 0.058274 0.011215 -0.000000 0.120676 -0.094812 0.000000 0.117489 0.273563 0.134350 -0.000000 0.118127 -0.000000 0.165880 -0.000000 0.013662 0.000000 0.042968 0.032618 -0.000000 0.158997 0.000000 -0.000000 0.020330 -0.000000 0.000000 -0.075913 -0.000000 -0.044300 0.021222 0.154453 0.014179 0.128354 -0.000000 0.051075 0.053417 -0.082716 0.095176 -0.048262 0.030703 0.118173 -0.027865 0.000000 0.064104 0.000000 -0.000000 0.000000 0.092774 -0.000000
  -0.008531 0.000000 -0.000000 -0.000000 0.133899 -0.000000 0.000000 0.054023 -0.092278 0.007767 -0.000000 0.081067 0.117624 0.077982 0.026859 0.000000 0.061017 -0.000000 0.000000 0.066286 -0.000000 -0.077011 0.046712 -0.098749 0.093259 0.105894 0.061703 -0.036408 0.115403 -0.000000 0.000000 -0.000000 -0.000000 0.000000 0.006606 0.000000 -0.056350 -0.000000 -0.024798 -0.000000 0.110567 0.097773 -0.749897 -0.169988 0.022435 0.126285 0.004143 -0.000000 0.182660 -0.000000 0.155702 0.000000 0.181542 -0.066907 -0.000000 0.008187 -0.043934 -0.000000 0.121201 0.172080 0.074426 -0.000000 0.158785 -0.000000 0.138906 -0.000000 0.107488 0.000000 0.128647 -0.006647 -0.000000 0.031325 -0.000000 0.000000 0.028726 0.000000 -0.000000 0.000000 0.000000 -0.037006 0.141374 0.202454 -0.039974 0.029428 -0.000000 0.189450 0.051404 -0.031257 0.113532 -0.028039 0.112770 0.139256 0.125345 0.000000 0.036518 0.000000 -0.000000 0.000000 -0.037961 -0.000000
  -1.407464 0.000000 -0.000000 0.000000 -0.013542 0.000000 -0.000000 -0.000000 -0.231479 -0.087872 -0.000000 -0.173615 -0.314671 -0.175252 -0.219914 0.000000 -0.084209 -0.000000 -0.000000 0.108026 0.000000 -0.171209 -0.175547 0.040438 0.041991 -0.258874 -0.263506 -0.222726 -0.000208 -0.000000 0.000000 -0.000000 0.000000 -0.000000 0.055005 -0.000000 0.150543 0.000000 -0.092077 0.000000 -0.074676 0.007711 0.281064 -0.364419 -0.164201 -0.176838 -0.230914 -0.000000 -0.230815 -0.000000 0.037783 -0.000000 0.115213 -0.271407 -0.000000 -0.085439 -0.006554 -0.000000 -0.251475 -0.252928 -0.205104 -0.000000 -0.053630 -0.000000 -0.091525 -0.000000 -0.216338 -0.000000 0.061264 -0.123932 0.000000 -0.069089 -0.000000 -0.000000 0.160525 -0.000000 -0.000000 0.000000 0.000000 -0.214009 -0.042687 -0.049847 -0.036104 -0.204799 0.000000 0.012051 -0.146730 0.168866 -0.032041 0.002548 0.033518 -0.284395 0.008561 -0.000000 -0.070862 -0.000000 -0.000000 0.000000 -0.103002 -0.000000
  0.091156 -0.000000 -0.000000 -0.000000 0.062250 0.000000 -0.000000 0.064891 -0.083473 0.124298 0.000000 -0.021029 -0.130219 0.032114 0.073416 0.000000 0.083518 -0.000000 0.000000 -0.116050 0.000000 0.044001 -0.043611 0.099293 -0.006960 -0.002583 0.050070 0.140459 0.109221 -0.000000 0.000000 -0.000000 -0.000000 0.000000 0.133587 0.000000 -0.182447 0.000000 0.142378 -0.000000 0.016665 0.098214 -0.020789 -0.002970 -0.006485 0.039015 0.094840 -0.000000 0.266614 -0.000000 -0.001386 -0.000000 -0.121708 0.039646 0.000000 -0.064027 -0.059592 -0.000000 0.045472 0.285639 0.053827 0.000000 0.026037 -0.000000 0.081593 -0.000000 0.019927 0.000000 0.080123 0.100211 0.000000 0.155468 0.000000 -0.000000 0.033485 0.000000 -0.000000 -0.143950 -0.000000 0.067627 0.017824 0.100917 -0.100368 0.086987 -0.000000 -0.038990 0.022007 0.051805 -0.038408 0.128644 -0.042275 0.081534 -0.064865 -0.000000 0.075825 0.000000 -0.000000 -0.000000 0.121631 -0.000000
  -0.809006 0.000000 -0.000000 0.000000 -0.101950 -0.000000 -0.000000 -0.285445 0.040112 0.047395 -0.000000 0.018076 0.098932 0.030009 0.134169 -0.000000 0.043052 -0.000000 0.000000 -0.126203 -0.000000 0.063841 0.162462 0.177524 -0.070336 0.029961 0.096069 0.048564 0.090929 -0.000000 0.000000 -0.000000 -0.000000 0.000000 -0.016373 -0.000000 -0.110865 -0.000000 0.031093 0.000000 -0.023312 -0.019715 -0.114980 -0.332571 0.173419 0.049485 -0.082139 -0.000000 0.060976 0.000000 -0.031036 -0.000000 0.007640 0.125960 -0.000000 0.085296 -0.091601 0.000000 -0.041014 0.206927 0.045781 -0.000000 0.180250 0.000000 0.071535 -0.000000 0.027918 -0.000000 -0.147396 0.019805 -0.000000 0.074316 0.000000 -0.000000 -0.077458 0.000000 0.000000 -0.933443 0.000000 0.002739 0.004426 0.163604 0.096706 -0.083813 0.000000 0.085109 -0.063094 0.065531 0.099348 -0.387109 -0.029541 0.025975 0.151568 -0.000000 -0.150322 0.000000 -0.000000 0.000000 0.029078 -0.000000
  -0.109263 -0.000000 -0.000000 0.000000 -0.117485 0.000000 0.000000 -0.195022 0.104642 -0.094558 -0.000000 0.102987 -0.053204 0.060369 -0.129241 -0.000000 0.009464 -0.000000 -0.000000 0.114265 0.000000 -0.146398 -0.106403 -0.030384 0.088872 0.079291 -0.217834 -0.186923 0.084942 -0.000000 -0.000000 -0.000000 -0.000000 -0.000000 0.105882 -0.000000 0.027324 -0.000000 -0.120589 -0.000000 -0.118592 -0.324093 0.001710 0.041956 -0.134539 -0.154387 0.076611 -0.000000 -0.199539 -0.000000 0.006830 -0.000000 0.052802 -0.113137 -0.000000 -0.154442 0.026569 0.000000 -0.020812 -0.264118 0.003232 0.000000 -0.125494 0.000000 -0.166812 -0.000000 -0.296515 0.000000 -0.102141 0.035842 0.000000 0.091972 -0.000000 -0.000000 0.196255 0.000000 0.000000 -0.108569 -0.000000 0.120464 -0.105138 -0.047966 -0.113407 -0.277289 -0.000000 0.008818 -0.134607 0.095516 -0.053277 0.009091 0.071782 0.069101 -0.090736 0.000000 0.104454 -0.000000 -0.000000 0.000000 -0.233930 -0.000000
  0.131398 0.000000 -0.000000 -0.000000 0.031236 -0.000000 0.000000 -0.057340 -0.228717 -0.165404 -0.000000 -0.231515 -0.139066 -0.223430 -0.099212 -0.000000 -0.138894 -0.000000 0.000000 -0.135979 0.000000 -0.163188 0.069218 -0.080057 -0.169967 0.101022 -0.093100 -0.200978 -0.129185 -0.000000 -0.000000 -0.000000 -0.000000 -0.000000 0.065563 -0.000000 -0.248653 -0.000000 0.017410 0.000000 0.032135 -0.163768 0.135195 0.299731 0.105532 -0.067764 -0.123150 -0.000000 -0.064964 0.000000 -0.005879 0.000000 0.064279 -0.032112 -0.000000 0.051696 0.050744 0.000000 -0.078716 -0.070723 -0.024524 -0.000000 -0.139144 -0.000000 0.023562 -0.000000 -0.208181 -0.000000 0.000000 -0.035401 -0.000000 0.125340 0.000000 -0.000000 0.133304 0.000000 -0.000000 -0.110075 -0.000000 -0.151428 -0.043822 0.084940 -0.087657 -0.080654 -0.000000 0.007620 -0.058238 0.004500 -0.070281 0.080784 -0.188204 -0.001968 0.004504 0.000000 -0.061904 0.000000 -0.000000 0.000000 -0.079800 -0.000000
  0.036724 -0.000000 -0.000000 -0.000000 0.038610 0.000000 -0.000000 -0.010421 0.008766 0.030951 -0.000000 -0.146951 -0.050280 0.139674 -0.090268 -0.000000 -0.016524 -0.000000 -0.000000 0.137603 -0.000000 0.127104 -0.046972 0.009327 0.035037 0.016534 -0.143183 -0.103474 -0.055421 -0.000000 0.000000 -0.000000 0.000000 -0.000000 0.116217 0.000000 0.192694 -0.000000 0.123137 0.000000 0.020521 0.014096 0.262854 -0.426311 -0.060399 -0.030326 -0.018481 -0.000000 -0.013547 -0.000000 0.115382 0.000000 0.024808 -0.111304 0.000000 0.046271 -0.115425 0.000000 -0.167243 0.126140 -0.073044 -0.000000 -0.046401 -0.000000 0.005634 -0.000000 0.012671 -0.000000 -0.050039 -0.064329 -0.000000 0.069390 -0.000000 0.000000 0.049680 -0.000000 0.000000 -0.016067 -0.000000 0.053844 0.018394 -0.137704 0.048963 -0.078480 0.000000 -0.031609 -0.091570 0.202441 0.028171 -0.009473 -0.047674 0.089926 -0.143110 -0.000000 0.090668 0.000000 -0.000000 0.000000 0.107954 -0.000000
  0.111303 -0.000000 -0.000000 0.000000 0.168351 -0.000000 -0.000000 0.156890 0.107982 0.003724 -0.000000 0.223834 0.174530 0.173663 0.001895 0.000000 0.100659 -0.000000 -0.000000 -0.096788 -0.000000 0.010570 0.115035 0.188085 0.030571 0.166858 0.051247 0.138263 0.160678 -0.000000 -0.000000 -0.000000 0.000000 -0.000000 0.142705 0.000000 -0.038391 0.000000 0.126066 0.000000 0.074030 0.152606 -0.435764 -0.009573 0.158613 0.053500 0.172067 -0.000000 0.048617 0.000000 -0.022630 0.000000 0.076564 0.131788 -0.000000 0.098324 0.166237 -0.000000 0.045943 0.154371 -0.022154 0.000000 0.168329 0.000000 0.082950 -0.000000 -0.003999 0.000000 -0.003928 0.157167 0.000000 0.166644 0.000000 0.000000 -0.142671 0.000000 0.000000 0.096540 -0.000000 0.115395 -0.010541 0.152474 0.113420 0.177621 0.000000 -0.042132 0.023639 -0.116606 0.028733 -0.228307 0.193895 0.089561 -0.014751 -0.000000 0.030356 -0.000000 -0.000000 0.000000 0.002555 -0.000000
  -0.038216 0.000000 -0.000000 -0.000000 -0.051798 -0.000000 -0.000000 -0.061586 -0.078678 -0.094089 -0.000000 -0.167595 -0.089631 -0.031205 -0.105353 -0.000000 -0.042504 -0.000000 0.000000 0.069229 0.000000 0.093633 0.027817 -0.028662 -0.113886 -0.112665 -0.027499 0.097902 -0.055161 -0.000000 -0.000000 -0.000000 -0.000000 -0.000000 0.053912 0.000000 -0.065501 0.000000 -0.113760 0.000000 -0.091897 -0.077130 0.097624 -0.270287 -0.183234 -0.022736 0.029553 -0.000000 0.094554 0.000000 0.042040 0.000000 0.019101 -0.111772 -0.000000 -0.077989 0.041431 -0.000000 -0.126456 0.117607 -0.000518 0.000000 0.037331 0.000000 0.017527 -0.000000 0.077965 0.000000 -0.019235 -0.055489 0.000000 0.134938 -0.000000 -0.000000 0.113075 0.000000 -0.000000 -0.082412 0.000000 -0.110398 0.126193 -0.041949 -0.176301 -0.128034 -0.000000 -0.100845 -0.192232 0.169243 -0.158192 0.101955 -0.080591 -0.002547 -0.152173 -0.000000 0.046970 0.000000 -0.000000 0.000000 0.020053 -0.000000
  0.139723 0.000000 -0.000000 0.000000 -0.048741 -0.000000 -0.000000 0.127667 0.105976 0.194843 -0.000000 0.001313 -0.059210 0.141338 0.148041 -0.000000 0.137579 -0.000000 -0.000000 0.029744 -0.000000 0.144275 0.147086 0.165839 -0.117097 0.048463 0.128141 0.155696 0.146310 -0.000000 -0.000000 -0.000000 0.000000 -0.000000 -0.079028 0.000000 -0.107703 -0.000000 -0.026303 -0.000000 0.097539 0.038294 -0.430847 -0.005231 0.010110 0.077560 -0.032878 -0.000000 0.049543 -0.000000 0.003746 -0.000000 0.025277 0.038566 0.000000 -0.051555 -0.053201 -0.000000 0.140876 0.091533 0.081309 -0.000000 -0.047061 0.000000 0.086876 -0.000000 0.098827 -0.000000 -0.130723 0.106092 -0.000000 0.051256 0.000000 0.000000 0.013525 0.000000 -0.000000 -0.072708 -0.000000 0.128552 0.188431 0.076095 -0.046670 0.067016 0.000000 -0.053951 -0.069023 0.106845 0.159382 -0.248961 0.184840 0.051053 0.057989 -0.000000 0.148156 0.000000 -0.000000 0.000000 -0.006667 -0.000000
  -0.142799 -0.000000 -0.000000 0.000000 -0.202154 0.000000 0.000000 0.000000 -0.165138 -0.220380 -0.000000 -0.071619 -0.254830 -0.267790 -0.065100 0.000000 -0.295707 -0.000000 0.000000 -0.064926 -0.000000 -0.148198 -0.037087 -0.175193 0.050046 -0.196773 -0.183659 -0.265992 -0.294512 -0.000000 0.000000 -0.000000 -0.000000 -0.000000 0.122358 0.000000 0.176055 -0.000000 -0.130434 0.000000 -0.056958 -0.193969 0.198637 0.039936 -0.085527 -0.192285 -0.119279 -0.000000 -0.053935 -0.000000 -0.214602 0.000000 0.188852 -0.062280 -0.000000 -0.067052 -0.244178 -0.000000 -0.257561 -0.386294 -0.297782 0.000000 -0.122026 -0.000000 -0.150100 -0.000000 -0.137578 -0.000000 -0.147177 -0.062508 0.000000 -0.083634 0.000000 0.000000 -0.143667 0.000000 0.000000 -0.161899 0.000000 -0.099291 -0.254971 -0.253489 0.037390 -0.157244 -0.000000 0.105832 -0.105987 -0.032886 -0.094063 0.294393 -0.242131 -0.061848 -0.179811 -0.000000 -0.232632 0.000000 -0.000000 -0.000000 -0.167340 -0.000000
  -0.149551 0.000000 -0.000000 0.000000 0.024222 -0.000000 0.000000 0.130439 0.056810 0.187441 0.000000 0.261495 0.316706 0.272730 0.246397 0.000000 0.068107 0.000000 0.000000 0.277344 0.000000 -0.031700 0.168860 0.131487 -0.000000 0.131142 0.141217 0.090459 0.104332 -0.000000 0.000000 -0.000000 -0.000000 0.000000 -0.025054 -0.000000 0.000000 0.000000 0.065803 0.000000 0.056819 -0.059422 0.225182 -0.596226 0.137152 -0.032942 0.104236 -0.000000 0.166742 -0.000000 0.006999 0.000000 0.218840 0.039303 0.000000 -0.013207 0.091843 0.000000 0.138940 0.232118 -0.002102 0.000000 0.112225 -0.000000 0.044104 0.000000 0.166201 -0.000000 0.000000 0.030247 -0.000000 0.163886 -0.000000 -0.000000 -0.038876 0.000000 0.000000 -0.003476 0.000000 0.148848 0.051280 0.358461 0.199074 0.172875 0.000000 -0.034373 0.080184 0.142773 0.201371 0.010767 0.256652 0.038740 0.088634 0.000000 0.044684 0.000000 -0.000000 -0.000000 0.004220 0.000000
  0.657284 -0.000000 -0.000000 -0.000000 -0.071777 -0.000000 0.000000 0.039094 -0.273632 -0.144921 0.000000 -0.161460 0.043061 -0.051908 -0.036622 -0.000000 -0.083906 -0.000000 -0.000000 0.000589 -0.000000 -0.146713 -0.093035 0.057895 -0.108285 0.117466 -0.131458 -0.187066 -0.155490 -0.000000 -0.000000 0.000000 -0.000000 -0.000000 0.115079 -0.000000 -0.085276 0.000000 -0.089525 0.000000 0.040849 0.087798 -0.048526 0.022021 -0.100839 -0.029659 -0.150894 -0.000000 -0.000535 -0.000000 0.057282 0.000000 0.191631 -0.011994 -0.000000 0.093330 -0.093065 0.000000 0.003998 -0.107614 -0.050780 0.000000 -0.157492 -0.000000 -0.130614 -0.000000 -0.013731 0.000000 0.000000 -0.044442 -0.000000 -0.089795 -0.000000 0.000000 -0.273211 0.000000 0.000000 0.281269 -0.000000 -0.157941 -0.083409 -0.030561 -0.169142 0.017558 0.000000 0.006660 -0.023244 0.168282 -0.033032 0.207032 -0.234852 -0.205829 -0.108686 0.000000 0.029285 0.000000 0.000000 -0.000000 -0.062145 -0.000000
  -0.004514 0.000000 -0.000000 0.000000 -0.035855 0.000000 -0.000000 -0.134745 0.142031 0.036632 -0.000000 -0.070269 0.046238 0.013487 0.100694 0.000000 0.019961 -0.000000 -0.000000 -0.023688 0.000000 0.064264 -0.019761 -0.001651 0.144411 0.077760 -0.081177 -0.071871 0.138622 -0.000000 0.000000 -0.000000 0.000000 0.000000 -0.065908 -0.000000 0.098629 -0.000000 0.101016 0.000000 0.103701 0.100102 0.120215 0.112589 0.098148 -0.018764 -0.072574 -0.000000 -0.009392 0.000000 -0.026788 -0.000000 0.153013 0.088647 0.000000 0.032671 0.100824 0.000000 0.039362 0.198147 -0.064788 0.000000 -0.019033 -0.000000 -0.100581 -0.000000 0.047062 0.000000 0.209656 0.137559 -0.000000 0.171839 -0.000000 0.000000 -0.038934 -0.000000 0.000000 0.000000 0.000000 0.095714 -0.084303 0.125231 0.035636 -0.110573 -0.000000 -0.104280 0.059441 -0.211221 -0.008801 -0.137185 0.020567 0.066539 0.051903 -0.000000 0.011488 -0.000000 -0.000000 -0.000000 -0.057443 -0.000000
  -0.209033 0.000000 -0.000000 0.000000 0.038882 -0.000000 0.000000 0.154442 0.244763 0.161794 0.000000 0.201270 0.341422 0.239780 0.055575 0.000000 0.173776 0.000000 -0.000000 0.267684 0.000000 0.189360 0.285200 0.180969 -0.000000 0.111767 -0.018402 0.028537 0.080754 -0.000000 0.000000 -0.000000 0.000000 0.000000 -0.108992 0.000000 0.000000 -0.000000 0.215607 -0.000000 0.097075 0.006248 0.131769 -0.516972 -0.041245 0.222332 0.031537 -0.000000 0.167712 0.000000 -0.002622 0.000000 0.036120 0.070658 0.000000 0.011605 0.096752 -0.000000 0.172401 0.299786 -0.017815 -0.000000 0.075089 -0.000000 0.206843 0.000000 0.170359 -0.000000 0.000000 0.207832 0.000000 0.168856 0.000000 0.000000 -0.262010 0.000000 -0.000000 0.127667 0.000000 0.235639 0.093001 0.164215 -0.005865 0.189435 0.000000 0.016762 0.054067 0.322642 0.276124 -0.007282 0.190898 0.226973 0.169090 0.000000 -0.056205 0.000000 -0.000000 0.000000 0.225447 0.000000
  -0.011164 0.000000 -0.000000 -0.000000 -0.028279 0.000000 -0.000000 -0.015286 -0.094924 0.126214 -0.000000 0.157337 -0.029979 -0.082654 0.038067 -0.000000 -0.034803 -0.000000 -0.000000 -0.035053 0.000000 -0.027987 -0.018363 0.130409 0.120276 0.031209 0.066987 0.132237 0.128077 -0.000000 0.000000 -0.000000 -0.000000 0.000000 -0.089144 0.000000 -0.059906 -0.000000 0.155540 -0.000000 0.148526 0.173234 0.103124 0.050829 0.061287 0.124224 0.104440 -0.000000 0.289604 0.000000 0.169610 -0.000000 -0.173826 -0.017952 -0.000000 0.099086 -0.098763 0.000000 -0.032656 0.127996 -0.033114 0.000000 -0.098713 -0.000000 0.099157 -0.000000 -0.073913 0.000000 -0.145022 0.022146 -0.000000 0.002414 0.000000 -0.000000 0.033627 0.000000 -0.000000 -0.110260 -0.000000 -0.092851 -0.096350 0.096687 0.057780 -0.013558 0.000000 0.095413 -0.046689 -0.047768 0.141774 -0.077526 -0.024852 0.014912 0.022234 -0.000000 -0.019291 0.000000 -0.000000 0.000000 -0.071456 -0.000000
  -0.237641 -0.000000 -0.000000 -0.000000 -0.209820 -0.000000 0.000000 -0.029647 -0.005787 -0.068824 -0.000000 0.032252 0.097924 0.037469 -0.019691 -0.000000 -0.012548 -0.000000 -0.000000 0.167215 -0.000000 -0.177077 0.058689 -0.135398 -0.421263 -0.069517 0.163172 -0.082876 -0.106933 -0.000000 -0.000000 -0.000000 -0.000000 0.000000 -0.027266 0.000000 -0.094489 0.000000 -0.128405 -0.000000 0.060566 -0.253952 -0.042096 -0.012856 0.004956 0.077741 -0.137241 -0.000000 0.022448 -0.000000 0.098264 -0.000000 0.124327 -0.018291 -0.000000 0.082288 -0.050075 0.000000 0.058873 0.081409 0.015750 -0.000000 0.025391 -0.000000 -0.025609 -0.000000 -0.204345 -0.000000 -0.320472 0.010619 -0.000000 -0.058568 0.000000 0.000000 -0.079352 0.000000 0.000000 0.067816 -0.000000 -0.121164 0.147629 0.120908 -0.122877 -0.112568 0.000000 0.097160 0.223897 -0.146047 -0.021465 -0.179224 -0.015533 -0.041288 0.052973 -0.000000 0.082866 -0.000000 -0.000000 -0.000000 -0.093680 -0.000000
  -0.058076 -0.000000 -0.000000 -0.000000 0.138745 -0.000000 0.000000 0.039262 -0.054365 -0.001986 -0.000000 0.127200 -0.046976 -0.036951 -0.056991 -0.000000 -0.051869 -0.000000 -0.000000 -0.248926 -0.000000 0.151254 0.042118 0.163711 -0.857693 0.064855 -0.050578 0.081769 -0.041308 -0.000000 0.000000 -0.000000 0.000000 -0.000000 -0.079316 -0.000000 -0.087767 0.000000 0.169778 -0.000000 0.106990 -0.070661 -0.101156 -0.608143 0.046541 -0.110504 -0.007782 -0.000000 -0.044818 -0.000000 -0.035248 -0.000000 0.294430 0.119877 -0.000000 0.177112 0.059123 -0.000000 -0.062847 0.103605 0.087576 0.000000 0.156062 -0.000000 -0.078853 -0.000000 -0.129970 -0.000000 -0.782187 -0.058146 -0.000000 0.010960 -0.000000 -0.000000 0.056996 0.000000 0.000000 -0.153434 -0.000000 0.159503 0.033854 0.054742 -0.020467 0.134586 0.000000 0.077375 -0.125551 0.286702 0.129663 0.191755 -0.052769 0.154402 -0.045480 -0.000000 0.015417 -0.000000 -0.000000 0.000000 -0.080308 -0.000000
  -0.101864 -0.000000 -0.000000 -0.000000 0.043564 -0.000000 -0.000000 -0.142670 0.160955 0.085945 -0.000000 -0.025032 0.125230 -0.011631 0.014634 -0.000000 -0.029075 -0.000000 0.000000 0.042663 -0.000000 -0.084284 -0.058596 0.164618 0.150508 0.195235 0.197151 0.034843 0.134170 -0.000000 -0.000000 -0.000000 -0.000000 0.000000 0.015211 0.000000 -0.089908 -0.000000 0.176491 0.000000 0.182859 0.126492 0.016068 -0.054490 -0.069129 -0.028118 -0.035602 -0.000000 -0.005981 0.000000 0.061341 0.000000 -0.047726 0.073180 0.000000 -0.024347 0.108051 -0.000000 -0.100916 -0.036432 0.066416 -0.000000 0.057804 -0.000000 0.147688 -0.000000 -0.015774 -0.000000 -0.000000 0.153120 0.000000 0.193308 -0.000000 -0.000000 0.027165 -0.000000 0.000000 -0.108628 0.000000 0.022887 0.176657 0.034882 0.149205 0.174025 0.000000 0.124070 0.129476 0.034481 -0.086614 0.069825 0.082864 0.163053 0.040365 -0.000000 0.120378 0.000000 -0.000000 -0.000000 0.041450 -0.000000
  -0.112167 -0.000000 -0.000000 -0.000000 0.005770 0.000000 -0.000000 0.027867 -0.003896 0.148217 -0.000000 0.084520 0.110522 -0.048087 0.025564 -0.000000 0.121546 0.000000 0.000000 0.060352 -0.000000 0.163702 0.081041 0.134870 0.018438 -0.063986 0.034155 0.021719 -0.076298 -0.000000 -0.000000 -0.000000 -0.000000 0.000000 -0.004633 -0.000000 0.119559 -0.000000 0.129898 0.000000 0.061049 -0.103031 0.296392 0.038468 0.146305 0.137551 0.111040 -0.000000 0.276173 0.000000 0.110906 -0.000000 -0.037121 0.040158 -0.000000 -0.036346 0.130282 -0.000000 -0.073236 0.040530 -0.008702 0.000000 -0.082486 -0.000000 0.130582 -0.000000 -0.072300 0.000000 0.197919 0.095768 -0.000000 0.164224 -0.000000 -0.000000 0.042062 -0.000000 0.000000 0.000000 -0.000000 -0.008120 -0.005340 0.266197 0.033090 0.059102 0.000000 0.023159 0.052477 -0.000000 0.113804 -0.006562 0.077529 0.156325 0.094297 0.000000 0.151898 -0.000000 -0.000000 0.000000 -0.026743 -0.000000
  -0.959742 0.000000 -0.000000 -0.000000 0.116014 0.000000 -0.000000 -0.018543 0.170595 0.084154 -0.000000 0.066046 0.030269 0.021527 0.029566 0.000000 -0.082702 0.000000 0.000000 0.341008 -0.000000 0.182066 0.011146 -0.080447 -0.075496 0.172981 -0.083757 0.062110 -0.071508 -0.000000 -0.000000 0.000000 0.000000 0.000000 -0.037582 0.000000 0.065318 0.000000 0.075795 -0.000000 0.152578 0.061530 0.179675 -0.374181 -0.033029 0.014378 -0.032763 -0.000000 0.260500 0.000000 -0.080600 -0.000000 -0.201482 0.052274 0.000000 0.147147 0.121481 0.000000 -0.002666 0.090330 -0.067790 0.000000 0.125254 0.000000 0.006118 -0.000000 0.219756 -0.000000 -0.129132 -0.016257 -0.000000 0.099711 -0.000000 0.000000 0.029352 0.000000 0.000000 -0.119566 -0.000000 0.118459 0.058113 0.050239 0.166275 0.067646 0.000000 0.115182 0.029027 -0.359959 0.025586 0.104280 0.167049 0.131444 -0.048016 0.000000 0.140385 0.000000 -0.000000 0.000000 -0.004995 0.000000
  -0.189190 -0.000000 -0.000000 0.000000 0.123896 -0.000000 -0.000000 -0.614121 0.052070 0.012038 -0.000000 -0.101061 -0.022260 0.008892 0.081667 -0.000000 -0.012167 -0.000000 -0.000000 0.049947 0.000000 0.052216 0.109218 -0.079000 -0.131073 -0.011508 -0.122618 0.028951 -0.022352 -0.000000 0.000000 0.000000 -0.000000 -0.000000 -0.019688 0.000000 -0.014602 -0.000000 0.098749 0.000000 0.041570 0.060857 -0.138757 -0.137740 -0.041697 -0.038720 0.149832 -0.000000 -0.050886 -0.000000 0.007747 0.000000 -0.025603 -0.050232 -0.000000 -0.045646 -0.127003 -0.000000 -0.041167 -0.084895 -0.005710 0.000000 0.097946 0.000000 0.138647 -0.000000 0.078835 -0.000000 -0.220522 -0.005237 -0.000000 0.191814 -0.000000 -0.000000 -0.285203 -0.000000 -0.000000 -0.090552 -0.000000 0.129620 -0.016275 -0.081524 0.071158 0.173290 -0.000000 -0.117556 0.136744 -0.066527 0.022152 -0.565082 0.148715 0.165634 0.116696 -0.000000 -0.005862 -0.000000 -0.000000 0.000000 0.004359 -0.000000
  -0.084152 -0.000000 -0.000000 -0.000000 -0.010324 -0.000000 -0.000000 0.311768 0.147197 0.093441 -0.000000 -0.048503 0.123573 0.061034 0.074129 0.000000 0.121337 -0.000000 -0.000000 0.134809 0.000000 0.071816 -0.046075 -0.046687 0.153522 0.048209 0.040317 -0.037722 0.135507 -0.000000 0.000000 0.000000 -0.000000 0.000000 -0.177087 -0.000000 0.111591 0.000000 -0.055160 -0.000000 0.119155 0.048209 -0.080817 0.187820 0.135856 -0.061395 0.039198 0.000000 0.207167 0.000000 0.046292 -0.000000 0.122209 -0.035743 0.000000 -0.008583 0.032037 -0.000000 0.085983 0.046051 -0.026283 -0.000000 -0.099465 -0.000000 -0.043804 -0.000000 -0.053305 0.000000 0.057821 0.048113 -0.000000 0.164589 0.000000 -0.000000 0.079766 -0.000000 0.000000 0.027341 -0.000000 -0.055668 0.091723 0.074131 0.067497 0.015953 -0.000000 0.118642 0.074307 0.008960 0.023805 0.144145 0.079760 -0.068005 -0.096459 -0.000000 -0.022211 -0.000000 -0.000000 -0.000000 0.080377 -0.000000
  0.056884 -0.000000 -0.000000 0.000000 0.191413 -0.000000 -0.000000 -0.033913 0.097999 0.087041 -0.000000 -0.075209 -0.115753 0.025461 0.116388 -0.000000 0.081213 -0.000000 0.000000 -0.134209 0.000000 0.056305 -0.047841 0.119204 -0.039112 -0.043397 -0.067714 0.095938 0.083028 -0.000000 -0.000000 -0.000000 0.000000 -0.000000 -0.027008 0.000000 -0.056649 -0.000000 0.017692 -0.000000 -0.033141 0.155283 -0.084777 0.011748 0.088832 0.134769 -0.074382 -0.000000 0.146476 -0.000000 0.003958 -0.000000 0.065474 -0.064658 -0.000000 0.084250 -0.001775 0.000000 0.127284 0.101459 0.182315 -0.000000 -0.101359 -0.000000 0.072850 -0.000000 0.005322 -0.000000 -0.030080 0.146380 0.000000 0.093923 0.000000 0.000000 -0.072404 -0.000000 0.000000 0.036684 -0.000000 0.160407 0.142087 -0.000823 0.071749 0.164059 -0.000000 0.004210 0.002717 -0.026413 0.122619 0.021111 -0.080709 -0.089917 -0.085325 -0.000000 0.091065 -0.000000 -0.000000 0.000000 -0.015258 -0.000000
  0.086560 -0.000000 -0.000000 0.000000 0.201605 -0.000000 0.000000 0.039619 -0.029764 0.117394 -0.000000 -0.016203 0.079409 -0.024247 0.049486 -0.000000 -0.032572 -0.000000 0.000000 0.010511 -0.000000 0.019999 0.046503 0.039237 0.036627 0.109195 -0.029345 -0.063197 0.146043 -0.000000 -0.000000 -0.000000 -0.000000 -0.000000 0.041147 -0.000000 -0.065217 0.000000 0.128467 -0.000000 0.038257 0.029794 0.194977 0.024519 0.170128 0.096290 0.180824 -0.000000 0.335126 0.000000 0.223303 -0.000000 -0.044718 0.101723 0.000000 0.030574 -0.031879 -0.000000 0.120171 0.142711 0.157967 0.000000 0.173691 -0.000000 0.018173 -0.000000 0.055684 -0.000000 0.085187 0.028205 0.000000 0.184834 -0.000000 0.000000 0.112388 -0.000000 -0.000000 0.214672 -0.000000 0.101102 -0.048508 0.222624 0.003421 -0.076338 0.000000 0.091970 0.036980 -0.175119 0.181731 -0.043283 -0.038989 0.077980 0.081509 -0.000000 0.078902 0.000000 -0.000000 -0.000000 0.185517 -0.000000
  -0.548171 -0.000000 -0.000000 0.000000 -0.112928 0.000000 0.000000 -0.342939 0.001791 -0.021942 -0.000000 0.110189 0.096758 -0.063001 -0.020841 -0.000000 0.053614 0.000000 -0.000000 0.121136 -0.000000 -0.054793 0.101781 -0.027496 0.059047 0.032344 -0.076611 -0.089679 0.090786 -0.000000 0.000000 -0.000000 -0.000000 0.000000 0.049616 -0.000000 0.136731 -0.000000 -0.129492 0.000000 0.104296 -0.041906 0.343495 -0.944378 0.028045 -0.216300 -0.144234 0.000000 -0.110066 -0.000000 -0.063248 -0.000000 -0.001042 -0.004740 -0.000000 0.043491 -0.153826 0.000000 0.106801 0.086689 0.038595 0.000000 -0.107978 0.000000 0.037292 -0.000000 -0.051791 0.000000 0.193394 -0.018826 0.000000 -0.152082 -0.000000 -0.000000 0.100912 -0.000000 -0.000000 -0.000000 -0.000000 -0.136964 0.070873 0.096329 0.032811 -0.137975 0.000000 0.178643 0.105171 -0.090293 -0.017944 0.162605 -0.132364 -0.160383 0.018763 -0.000000 -0.166164 0.000000 -0.000000 0.000000 0.060031 -0.000000
  -0.069797 -0.000000 -0.000000 -0.000000 -0.124123 -0.000000 -0.000000 0.105817 0.112330 0.116293 -0.000000 -0.091433 0.157255 -0.004680 -0.114095 0.000000 -0.015167 -0.000000 0.000000 0.284291 -0.000000 -0.056325 -0.047070 0.013311 0.029775 -0.046181 0.116363 -0.078453 0.132984 -0.000000 -0.000000 0.000000 -0.000000 0.000000 0.168854 -0.000000 0.125190 0.000000 -0.076555 -0.000000 -0.160624 -0.028604 0.180383 0.518669 -0.066127 -0.012120 -0.077142 -0.000000 0.092835 -0.000000 -0.001008 0.000000 0.083633 0.041092 -0.000000 0.084283 0.029727 0.000000 0.004990 0.094558 0.015356 -0.000000 0.011189 0.000000 -0.135977 -0.000000 -0.002364 -0.000000 0.277877 0.025321 -0.000000 0.072872 0.000000 0.000000 0.183020 0.000000 -0.000000 0.003040 -0.000000 0.005437 0.101388 0.102688 0.055025 -0.077506 -0.000000 0.198553 -0.034452 0.102645 -0.072694 0.080218 0.011394 0.109486 -0.142909 -0.000000 0.093495 0.000000 -0.000000 -0.000000 -0.057208 -0.000000
  -0.670974 -0.000000 -0.000000 0.000000 -0.003499 -0.000000 -0.000000 -0.210024 0.099176 -0.027801 -0.000000 -0.089536 -0.129909 0.008358 -0.011393 0.000000 0.118347 -0.000000 0.000000 -0.045265 -0.000000 -0.040233 -0.039431 0.065787 -0.099173 -0.020450 -0.074506 -0.128397 -0.048486 -0.000000 0.000000 0.000000 0.000000 -0.000000 -0.110731 0.000000 0.043133 -0.000000 0.126295 -0.000000 -0.066019 0.016166 0.026475 -0.201480 -0.100751 -0.012751 -0.040309 -0.000000 -0.005588 0.000000 -0.120389 0.000000 0.022598 -0.027308 0.000000 0.135809 -0.073259 -0.000000 0.167957 0.014963 0.015843 0.000000 0.094318 0.000000 0.125722 -0.000000 -0.072990 0.000000 -0.192807 -0.007673 -0.000000 -0.118369 -0.000000 0.000000 -0.044325 -0.000000 -0.000000 -0.639676 0.000000 0.012027 0.021574 -0.007813 -0.055952 0.084126 -0.000000 -0.032393 -0.073745 -0.097069 0.021158 -0.377041 0.067926 0.101206 0.080446 -0.000000 -0.028093 0.000000 -0.000000 0.000000 0.094012 -0.000000
  0.130244 -0.000000 -0.000000 -0.000000 0.100073 -0.000000 -0.000000 0.067316 0.101246 0.051959 -0.000000 0.147205 0.062874 0.120326 0.085276 0.000000 0.010634 -0.000000 -0.000000 -0.304567 0.000000 0.188732 0.161341 0.067371 -0.016900 -0.054788 0.094587 -0.059515 -0.013952 -0.000000 -0.000000 -0.000000 0.000000 -0.000000 -0.174118 -0.000000 -0.089767 -0.000000 0.137199 -0.000000 0.142869 -0.037340 -0.091235 0.054685 0.096443 0.046742 0.172624 -0.000000 0.190286 0.000000 -0.056585 -0.000000 -0.126590 0.072550 -0.000000 -0.037951 0.023505 0.000000 -0.029449 0.138875 0.091047 0.000000 0.108853 0.000000 0.022442 -0.000000 0.026629 0.000000 0.008315 0.158464 0.000000 -0.060648 -0.000000 -0.000000 -0.062694 -0.000000 0.000000 -0.159822 -0.000000 -0.038391 0.182368 0.221476 0.172119 0.194663 -0.000000 -0.106189 -0.049067 -0.151358 0.104908 -0.102322 -0.066799 0.078970 0.098424 0.000000 0.004750 0.000000 -0.000000 -0.000000 0.141724 -0.000000
  0.045050 -0.000000 -0.000000 -0.000000 0.140239 -0.000000 0.000000 0.078506 0.046601 -0.054431 -0.000000 -0.112774 -0.044470 -0.012918 0.117578 -0.000000 0.094076 -0.000000 0.000000 -0.020388 -0.000000 0.137534 0.033723 0.108862 0.168096 -0.017946 -0.075157 -0.088252 0.012947 -0.000000 0.000000 -0.000000 0.000000 0.000000 -0.000714 -0.000000 -0.006897 0.000000 0.129577 -0.000000 -0.033499 0.129518 -0.067348 -0.057992 0.052400 -0.061246 0.017171 -0.000000 0.242194 -0.000000 0.135151 -0.000000 0.147259 -0.037655 -0.000000 0.055614 -0.116828 0.000000 0.012696 0.151910 0.117185 0.000000 0.031623 0.000000 -0.085669 -0.000000 0.035352 -0.000000 0.086703 -0.005510 -0.000000 0.135903 0.000000 0.000000 0.176707 -0.000000 -0.000000 -0.294303 0.000000 -0.128037 -0.033014 0.241888 0.065263 -0.048775 -0.000000 0.070057 0.090720 0.014628 -0.017640 0.143352 0.104861 0.091668 0.027457 0.000000 -0.016309 -0.000000 -0.000000 0.000000 0.143543 -0.000000
  0.098350 -0.000000 -0.000000 -0.000000 0.079315 0.000000 -0.000000 -0.121289 0.059182 0.149017 -0.000000 -0.024239 -0.016034 0.186918 0.013884 -0.000000 0.131757 -0.000000 -0.000000 0.149269 0.000000 0.050638 -0.012705 0.149881 -0.032105 -0.034920 -0.067681 0.118259 0.067616 -0.000000 -0.000000 -0.000000 0.000000 -0.000000 0.074286 -0.000000 0.115802 -0.000000 0.058356 0.000000 0.177867 -0.022543 -0.086249 0.017945 0.144907 0.024869 0.004857 -0.000000 0.266795 -0.000000 -0.013219 -0.000000 -0.081461 0.050718 0.000000 0.134439 0.012197 0.000000 0.021377 0.064063 0.185368 -0.000000 -0.005723 0.000000 -0.061415 -0.000000 0.150443 -0.000000 -0.038076 0.004197 -0.000000 0.026338 0.000000 -0.000000 -0.024372 0.000000 0.000000 -0.456388 -0.000000 0.137706 0.063433 0.065894 -0.020003 0.002689 0.000000 -0.093192 0.142936 -0.147621 0.155272 -0.097043 0.000510 -0.090005 -0.024513 0.000000 -0.099923 -0.000000 -0.000000 -0.000000 0.134209 -0.000000
  -0.155043 -0.000000 -0.000000 0.000000 0.053669 -0.000000 0.000000 0.317067 0.147673 0.090575 0.000000 0.145902 -0.062330 0.096657 0.146830 -0.000000 0.189672 -0.000000 0.000000 0.098818 -0.000000 0.222031 0.014600 0.066687 0.000000 -0.019556 -0.030000 -0.057227 -0.061771 -0.000000 0.000000 -0.000000 -0.000000 0.000000 -0.042604 0.000000 0.025229 0.000000 -0.029622 -0.000000 -0.022519 0.011590 -0.242916 0.695524 -0.024109 -0.004255 0.019510 -0.000000 -0.054349 0.000000 0.134593 0.000000 0.156599 -0.001218 0.000000 0.085032 -0.142528 -0.000000 -0.000898 -0.111111 0.119169 -0.000000 0.016320 -0.000000 0.195973 0.000000 -0.144680 0.000000 0.000000 -0.091606 -0.000000 -0.132585 -0.000000 -0.000000 0.040149 0.000000 0.000000 0.238697 -0.000000 0.033802 0.093067 -0.182664 0.145665 0.027246 0.000000 0.014694 -0.145863 0.055192 0.150568 -0.103113 0.225217 -0.076265 0.010783 0.000000 -0.020251 0.000000 -0.000000 -0.000000 0.117167 -0.000000
  -0.437315 -0.000000 -0.000000 -0.000000 -0.120525 0.000000 -0.000000 -0.077109 -0.162167 -0.139481 -0.000000 -0.013379 0.273096 -0.024435 -0.059932 -0.000000 -0.119935 -0.000000 0.000000 0.221199 -0.000000 -0.006431 -0.184487 -0.010941 0.371713 -0.185262 0.050662 0.042527 0.058727 -0.000000 -0.000000 -0.000000 -0.000000 -0.000000 0.026622 0.000000 0.380799 -0.000000 -0.196304 0.000000 -0.026522 -0.272766 0.279280 -0.000508 -0.044536 0.054675 -0.018833 -0.000000 0.305964 0.000000 -0.043225 -0.000000 0.203992 0.031940 -0.000000 0.000847 -0.103315 0.000000 -0.126468 0.063308 -0.180792 -0.000000 -0.055499 0.000000 -0.028971 -0.000000 0.084286 -0.000000 0.073928 -0.104886 0.000000 -0.139636 -0.000000 0.000000 0.222016 0.000000 0.000000 -0.028744 -0.000000 -0.025781 0.058183 0.115799 -0.113808 -0.178083 -0.000000 0.228753 -0.100491 -0.033849 0.026157 -0.090862 -0.078868 0.045143 -0.063927 0.000000 -0.190959 -0.000000 0.000000 -0.000000 -0.030802 -0.000000
  0.088066 -0.000000 -0.000000 0.000000 0.012945 -0.000000 -0.000000 -0.087966 0.129402 0.087154 -0.000000 0.032388 0.162914 0.080284 0.020799 -0.000000 -0.016161 -0.000000 -0.000000 -0.021022 -0.000000 0.137790 0.024940 0.070450 -0.019153 -0.138870 0.139808 0.160128 0.156355 -0.000000 0.000000 -0.000000 0.000000 0.000000 -0.094378 -0.000000 0.142928 -0.000000 0.128859 -0.000000 -0.026144 -0.014989 -0.142302 -0.007886 -0.069001 0.111814 -0.092181 -0.000000 0.023954 0.000000 0.066794 0.000000 -0.001562 -0.092007 0.000000 0.100928 -0.109926 -0.000000 -0.036994 0.064905 0.098699 -0.000000 -0.054764 -0.000000 0.156441 -0.000000 0.102107 -0.000000 0.057560 0.001719 -0.000000 0.009663 0.000000 -0.000000 0.022599 -0.000000 -0.000000 -0.057709 -0.000000 -0.093251 -0.019649 0.137967 0.013703 0.039602 -0.000000 0.046478 0.017774 -0.044482 0.116689 0.045446 -0.015469 0.179440 0.122300 0.000000 0.081225 -0.000000 -0.000000 0.000000 0.158968 -0.000000
  0.114048 -0.000000 -0.000000 0.000000 0.125424 0.000000 0.000000 0.016893 0.047290 0.163097 -0.000000 -0.033252 0.040501 0.045693 -0.068803 0.000000 -0.068966 -0.000000 0.000000 -0.202881 0.000000 0.007266 0.154433 -0.042790 0.079534 0.139207 0.099888 -0.024894 0.164222 -0.000000 0.000000 -0.000000 -0.000000 -0.000000 0.048107 -0.000000 -0.004109 -0.000000 -0.015466 -0.000000 0.150391 0.083868 -0.342492 -0.093542 0.083043 0.148072 -0.021960 -0.000000 0.133468 -0.000000 0.166332 0.000000 0.016031 0.104719 -0.000000 -0.054169 0.059683 0.000000 0.119850 0.180309 0.008672 -0.000000 0.035740 0.000000 0.015169 -0.000000 0.157006 0.000000 0.141090 -0.047893 -0.000000 -0.056910 0.000000 -0.000000 0.218863 0.000000 -0.000000 -0.358183 0.000000 0.153280 0.164502 0.019448 -0.048760 0.118180 0.000000 -0.081940 0.007380 0.199904 -0.051623 0.174490 -0.078599 0.107730 0.077558 -0.000000 0.101856 0.000000 -0.000000 -0.000000 0.105319 -0.000000
  0.083419 0.000000 -0.000000 -0.000000 0.069631 -0.000000 -0.000000 0.027302 0.048353 0.150748 -0.000000 0.068563 -0.107933 0.028031 -0.043407 0.000000 0.050811 -0.000000 -0.000000 -0.142764 0.000000 -0.071286 0.118409 0.039238 0.015916 -0.037408 0.171545 -0.006414 0.069955 -0.000000 0.000000 -0.000000 0.000000 0.000000 -0.130617 -0.000000 -0.034292 -0.000000 0.121514 0.000000 -0.088502 0.156067 -0.119739 0.085841 0.166480 0.139637 0.133179 -0.000000 0.187950 -0.000000 -0.009918 0.000000 -0.132232 0.148341 0.000000 0.001278 0.017922 -0.000000 0.148709 0.227328 -0.007899 -0.000000 0.025194 0.000000 -0.043912 -0.000000 0.130803 0.000000 0.122089 0.054825 0.000000 0.074876 -0.000000 0.000000 -0.156474 -0.000000 0.000000 -0.050805 0.000000 -0.022113 0.004248 0.186309 0.114546 0.051778 0.000000 -0.145488 0.154575 -0.134192 0.149504 -0.018185 0.145886 0.099078 -0.045617 0.000000 -0.028685 -0.000000 -0.000000 -0.000000 -0.024352 -0.000000
  0.065805 -0.000000 -0.000000 0.000000 0.134241 0.000000 -0.000000 0.078418 -0.003578 -0.075582 -0.000000 0.156094 0.058529 -0.098652 0.018567 0.000000 0.077294 -0.000000 0.000000 -0.080898 0.000000 0.087679 -0.080228 -0.042308 0.178404 0.111395 -0.012088 -0.105341 -0.116245 -0.000000 0.000000 -0.000000 0.000000 0.000000 -0.166130 -0.000000 0.059855 -0.000000 -0.096117 0.000000 0.103725 0.117136 0.083966 0.075932 0.077536 -0.041833 0.145588 0.000000 0.061440 -0.000000 0.168737 0.000000 0.130611 0.033473 -0.000000 0.141677 0.054060 0.000000 -0.045313 0.084063 0.121615 -0.000000 0.141294 -0.000000 0.139992 -0.000000 0.062122 -0.000000 0.160364 0.034235 0.000000 0.098077 -0.000000 0.000000 0.026765 -0.000000 -0.000000 0.000000 -0.000000 -0.049597 0.156032 0.199133 -0.090737 0.095448 0.000000 -0.103612 0.086687 -0.701578 0.053213 0.013491 0.074394 -0.118249 0.081801 -0.000000 0.029987 -0.000000 -0.000000 -0.000000 0.018453 -0.000000
Biases:
  0.104961 -0.008446 -0.000627 -0.120630 -0.014634 -0.002666 -0.003462 -0.142268 -0.041045 0.003119 -0.002026 0.052252 0.139867 -0.019355 0.014199 -0.069811 0.130140 -0.007497 -0.116234 0.106803 -0.061041 0.134777 0.059319 -0.007577 -0.001153 0.143157 0.041025 0.089817 -0.002224 -0.000444 -0.068261 -0.000132 -0.095292 -0.151655 -0.071672 -0.104602 -0.071036 -0.095143 0.148911 -0.083507 0.132486 0.066597 0.070816 0.149320 0.177822 0.093952 0.042197 -0.005838 0.342952 -0.147599 0.091744 -0.096557 -0.001280 0.026624 -0.005167 0.077299 0.176155 -0.001689 0.167109 0.144130 0.067983 -0.019623 0.016624 -0.046897 0.101069 -0.004476 0.072459 -0.053474 -0.132491 0.096305 -0.118881 -0.005210 -0.129506 -0.131161 -0.225791 -0.145999 -0.072009 -0.046300 -0.134764 0.054494 0.181227 0.265209 0.019700 0.185003 -0.057919 -0.167655 0.212063 0.096455 0.054346 0.004245 0.114713 0.005129 -0.006163 -0.030334 0.157407 -0.154027 -0.010243 -0.131102 0.055149 -0.000156
Weight range: -1.683651 to 1.180142
Bias range: -0.225791 to 0.342952

--- Layer 3 ---
Number of nodes: 2
Weights:
  0.220049 -0.355638
  -0.000000 0.000000
  -0.000000 0.000000
  0.000000 0.000000
  -0.223102 0.057640
  0.000000 -0.000000
  0.000000 0.000000
  -0.374640 -0.130094
  -0.092606 0.193546
  -0.182274 0.126440
  -0.000000 -0.000000
  -0.066566 0.198047
  0.078054 0.197721
  -0.146338 0.207352
  -0.192249 0.164908
  0.000000 -0.000000
  -0.102114 0.131801
  -0.000000 0.000000
  0.000000 0.000000
  -0.057496 -0.282671
  0.000000 -0.000000
  -0.224799 0.075979
  0.016568 0.107059
  -0.069648 0.138973
  0.475261 -0.552372
  0.036588 0.225441
  0.020290 0.144801
  -0.167007 0.054160
  -0.030327 0.147212
  0.000000 0.000000
  -0.000000 -0.000000
  0.000000 0.000000
  0.000000 -0.000000
  -0.000000 -0.000000
  0.170689 -0.050702
  0.000000 0.000000
  0.053848 -0.374123
  0.000000 0.000000
  -0.274751 0.134615
  -0.000000 -0.000000
  -0.203568 0.192279
  -0.263847 -0.053687
  0.235307 -0.581646
  0.658061 -1.008355
  -0.146068 0.247066
  -0.150440 -0.031943
  -0.053792 0.059918
  -0.000000 0.000000
  0.107239 0.167426
  0.000000 -0.000000
  -0.300323 0.092029
  0.000000 0.000000
  -0.087430 -0.259624
  0.032323 0.128180
  -0.000000 -0.000000
  -0.065694 0.043776
  0.038318 0.164462
  0.000000 -0.000000
  0.032476 0.274976
  0.128160 0.206337
  -0.149025 0.163684
  0.000000 0.000000
  -0.155465 0.238712
  -0.000000 -0.000000
  -0.222927 0.092121
  -0.000000 -0.000000
  0.046879 0.181053
  0.000000 -0.000000
  0.496876 -0.754274
  -0.149456 0.001559
  0.000000 -0.000000
  -0.288452 -0.042010
  -0.000000 0.000000
  0.000000 -0.000000
  0.102018 -0.434973
  0.000000 -0.000000
  -0.000000 0.000000
  0.420124 -0.381762
  -0.000000 -0.000000
  -0.058157 0.289979
  -0.225958 -0.031481
  0.130422 0.220651
  -0.076674 0.115892
  -0.261802 0.155423
  0.000000 0.000000
  -0.005327 -0.200799
  0.003492 0.085279
  0.111181 -0.267475
  -0.030545 0.091999
  -0.140812 -0.250092
  -0.157680 0.141480
  0.002014 0.208929
  -0.123758 0.212792
  0.000000 -0.000000
  -0.247521 -0.076293
  0.000000 -0.000000
  -0.000000 0.000000
  0.000000 -0.000000
  -0.118541 0.007226
  -0.000000 -0.000000
Biases:
  -0.068337 0.218298
Weight range: -1.008355 to 0.658061
Bias range: -0.068337 to 0.218298

