X[m]	Y[m]	Urban[%]	Water[%]	Other[%]	Classification
658377.3	7158911.0	0.0	0.0	100.0	Other
658377.3	7159311.0	0.0	0.0	100.0	Other
658377.3	7159711.0	0.8	0.0	99.2	Other
658377.3	7160111.0	0.0	0.0	100.0	Other
658377.3	7160511.0	0.0	0.0	100.0	Other
658377.3	7160911.0	0.0	0.0	100.0	Other
658377.3	7161311.0	0.0	0.0	100.0	Other
658377.3	7161711.0	0.0	0.0	100.0	Other
658377.3	7162111.0	0.0	0.0	100.0	Other
658377.3	7162511.0	0.0	0.0	100.0	Other
658377.3	7162911.0	0.0	0.0	100.0	Other
658377.3	7163311.0	0.0	0.0	100.0	Other
658377.3	7163711.0	8.8	0.3	90.9	Other
658377.3	7164111.0	4.8	0.2	95.0	Other
658377.3	7164511.0	3.3	0.0	96.7	Other
658377.3	7164911.0	2.0	0.0	98.0	Other
658377.3	7165311.0	0.0	0.0	100.0	Other
658377.3	7165711.0	3.3	3.8	93.0	Other
658377.3	7166111.0	20.0	0.0	80.0	Other
658377.3	7166511.0	9.5	0.0	90.5	Other
658377.3	7166911.0	21.0	3.9	75.2	Urban
658377.3	7167311.0	7.9	0.0	92.1	Other
658377.3	7167711.0	1.0	24.4	74.6	Other
658377.3	7168111.0	0.0	66.0	34.0	Water
658377.3	7168511.0	0.0	0.9	99.1	Other
658377.3	7168911.0	11.5	0.0	88.5	Other
658377.3	7169311.0	0.6	0.0	99.4	Other
658377.3	7169711.0	5.1	0.0	94.9	Other
658377.3	7170111.0	48.2	0.0	51.8	Urban
658377.3	7170511.0	55.5	0.0	44.5	Urban
658377.3	7170911.0	8.6	0.0	91.4	Other
658377.3	7171311.0	23.9	2.6	73.5	Urban
658377.3	7171711.0	52.5	1.2	46.3	Urban
658377.3	7172111.0	2.6	0.0	97.4	Other
658377.3	7172511.0	4.3	0.0	95.7	Other
658377.3	7172911.0	0.1	0.0	99.9	Other
658377.3	7173311.0	3.0	0.0	97.0	Other
658377.3	7173711.0	0.1	0.0	99.9	Other
658377.3	7174111.0	0.2	0.0	99.8	Other
658377.3	7174511.0	0.0	0.0	100.0	Other
658377.3	7174911.0	0.0	0.0	100.0	Other
658377.3	7175311.0	0.4	0.0	99.6	Other
658377.3	7175711.0	4.6	0.0	95.4	Other
658377.3	7176111.0	0.0	21.3	78.7	Other
658377.3	7176511.0	0.2	15.7	84.1	Other
658377.3	7176911.0	0.0	0.0	100.0	Other
658377.3	7177311.0	0.1	0.0	99.9	Other
658377.3	7177711.0	0.0	3.6	96.4	Other
658377.3	7178111.0	2.9	1.3	95.8	Other
658377.3	7178511.0	0.0	0.0	100.0	Other
658377.3	7178911.0	0.0	0.0	100.0	Other
658377.3	7179311.0	0.0	0.0	100.0	Other
658377.3	7179711.0	0.6	0.0	99.4	Other
658377.3	7180111.0	0.0	0.0	100.0	Other
658377.3	7180511.0	0.0	0.0	100.0	Other
658377.3	7180911.0	0.0	0.0	100.0	Other
658377.3	7181311.0	0.0	0.0	100.0	Other
658377.3	7181711.0	0.0	0.0	100.0	Other
658377.3	7182111.0	3.8	1.7	94.5	Other
658377.3	7182511.0	0.0	0.0	100.0	Other
658377.3	7182911.0	1.8	0.0	98.2	Other
658377.3	7183311.0	4.4	0.0	95.6	Other
658377.3	7183711.0	0.2	0.0	99.8	Other
658377.3	7184111.0	0.0	0.0	100.0	Other
658377.3	7184511.0	0.0	0.0	100.0	Other
658377.3	7184911.0	0.6	0.0	99.4	Other
658377.3	7185311.0	0.0	0.0	100.0	Other
658377.3	7185711.0	1.3	0.0	98.7	Other
658377.3	7186111.0	10.0	0.0	90.0	Other
658377.3	7186511.0	10.4	0.0	89.6	Other
658377.3	7186911.0	1.7	0.0	98.3	Other
658377.3	7187311.0	0.5	0.0	99.5	Other
658377.3	7187711.0	0.0	0.0	100.0	Other
658377.3	7188111.0	1.2	0.0	98.8	Other
658377.3	7188511.0	0.0	0.0	100.0	Other
658377.3	7188911.0	1.1	0.0	98.9	Other
658377.3	7189311.0	1.8	0.0	98.2	Other
658377.3	7189711.0	0.6	0.0	99.4	Other
658377.3	7190111.0	0.0	0.0	100.0	Other
658377.3	7190511.0	0.6	0.0	99.4	Other
658377.3	7190911.0	0.1	0.0	99.9	Other
658377.3	7191311.0	0.0	5.8	94.2	Other
658377.3	7191711.0	2.2	2.2	95.6	Other
658377.3	7192111.0	0.0	0.0	100.0	Other
658377.3	7192511.0	4.0	0.0	96.0	Other
658377.3	7192911.0	21.2	0.0	78.8	Urban
658377.3	7193311.0	19.6	0.0	80.4	Other
658377.3	7193711.0	28.1	0.0	71.9	Urban
658377.3	7194111.0	1.7	0.0	98.3	Other
658377.3	7194511.0	0.0	0.0	100.0	Other
658377.3	7194911.0	0.0	0.0	100.0	Other
658377.3	7195311.0	1.5	0.0	98.5	Other
658377.3	7195711.0	0.4	0.0	99.6	Other
658377.3	7196111.0	0.2	0.0	99.8	Other
658377.3	7196511.0	0.0	0.0	100.0	Other
658377.3	7196911.0	0.0	0.0	100.0	Other
658377.3	7197311.0	0.0	0.0	100.0	Other
658377.3	7197711.0	0.0	0.0	100.0	Other
658377.3	7198111.0	0.0	0.0	100.0	Other
658377.3	7198511.0	0.0	0.0	100.0	Other
658377.3	7198911.0	0.0	0.0	100.0	Other
658777.3	7158511.0	0.0	0.0	99.9	Other
658777.3	7158911.0	0.0	0.0	100.0	Other
658777.3	7159311.0	0.2	0.0	99.8	Other
658777.3	7159711.0	0.0	0.0	100.0	Other
658777.3	7160111.0	0.0	0.0	100.0	Other
658777.3	7160511.0	0.0	0.0	100.0	Other
658777.3	7160911.0	2.9	0.0	97.1	Other
658777.3	7161311.0	0.0	0.0	100.0	Other
658777.3	7161711.0	1.7	0.0	98.3	Other
658777.3	7162111.0	0.7	0.0	99.3	Other
658777.3	7162511.0	0.0	0.0	100.0	Other
658777.3	7162911.0	0.0	0.0	100.0	Other
658777.3	7163311.0	0.0	0.0	100.0	Other
658777.3	7163711.0	7.2	0.0	92.8	Other
658777.3	7164111.0	15.2	0.0	84.8	Other
658777.3	7164511.0	0.0	0.0	100.0	Other
658777.3	7164911.0	0.0	0.0	100.0	Other
658777.3	7165311.0	0.0	0.0	100.0	Other
658777.3	7165711.0	0.0	0.0	100.0	Other
658777.3	7166111.0	0.0	0.0	100.0	Other
658777.3	7166511.0	2.6	0.0	97.4	Other
658777.3	7166911.0	25.4	0.0	74.6	Urban
658777.3	7167311.0	13.3	0.7	85.9	Other
658777.3	7167711.0	6.0	10.0	84.1	Other
658777.3	7168111.0	0.4	12.4	87.2	Other
658777.3	7168511.0	6.3	0.1	93.5	Other
658777.3	7168911.0	44.4	0.0	55.6	Urban
658777.3	7169311.0	31.9	0.0	68.1	Urban
658777.3	7169711.0	36.0	0.0	64.0	Urban
658777.3	7170111.0	30.0	0.0	70.0	Urban
658777.3	7170511.0	49.3	0.0	50.7	Urban
658777.3	7170911.0	11.7	0.0	88.3	Other
658777.3	7171311.0	9.0	0.0	91.0	Other
658777.3	7171711.0	42.1	0.0	57.9	Urban
658777.3	7172111.0	3.3	0.1	96.6	Other
658777.3	7172511.0	2.5	0.0	97.5	Other
658777.3	7172911.0	0.6	0.0	99.4	Other
658777.3	7173311.0	1.7	0.0	98.3	Other
658777.3	7173711.0	0.0	0.0	100.0	Other
658777.3	7174111.0	0.0	0.0	100.0	Other
658777.3	7174511.0	0.0	0.0	100.0	Other
658777.3	7174911.0	0.0	0.0	100.0	Other
658777.3	7175311.0	2.9	0.0	97.1	Other
658777.3	7175711.0	1.3	0.0	98.7	Other
658777.3	7176111.0	0.0	0.0	100.0	Other
658777.3	7176511.0	0.0	0.5	99.5	Other
658777.3	7176911.0	0.0	0.0	100.0	Other
658777.3	7177311.0	0.0	0.5	99.5	Other
658777.3	7177711.0	0.2	0.0	99.8	Other
658777.3	7178111.0	3.2	0.0	96.8	Other
658777.3	7178511.0	0.0	0.0	100.0	Other
658777.3	7178911.0	0.0	0.0	100.0	Other
658777.3	7179311.0	0.0	0.0	100.0	Other
658777.3	7179711.0	0.2	0.0	99.8	Other
658777.3	7180111.0	0.0	0.0	100.0	Other
658777.3	7180511.0	0.0	0.0	100.0	Other
658777.3	7180911.0	0.0	0.0	100.0	Other
658777.3	7181311.0	0.0	0.0	100.0	Other
658777.3	7181711.0	0.4	0.0	99.6	Other
658777.3	7182111.0	0.0	0.0	100.0	Other
658777.3	7182511.0	0.0	0.0	100.0	Other
658777.3	7182911.0	9.4	0.0	90.6	Other
658777.3	7183311.0	2.0	0.0	98.0	Other
658777.3	7183711.0	0.1	0.0	99.9	Other
658777.3	7184111.0	0.0	0.0	100.0	Other
658777.3	7184511.0	0.0	0.0	100.0	Other
658777.3	7184911.0	0.0	0.0	100.0	Other
658777.3	7185311.0	0.1	0.0	99.9	Other
658777.3	7185711.0	0.0	0.0	100.0	Other
658777.3	7186111.0	20.1	0.0	79.9	Urban
658777.3	7186511.0	12.1	0.0	87.9	Other
658777.3	7186911.0	0.0	0.0	100.0	Other
658777.3	7187311.0	0.0	0.0	100.0	Other
658777.3	7187711.0	2.1	0.0	97.9	Other
658777.3	7188111.0	2.9	0.0	97.1	Other
658777.3	7188511.0	0.9	0.0	99.1	Other
658777.3	7188911.0	1.9	0.0	98.1	Other
658777.3	7189311.0	1.0	0.0	99.0	Other
658777.3	7189711.0	0.6	0.9	98.5	Other
658777.3	7190111.0	2.8	0.9	96.3	Other
658777.3	7190511.0	0.3	0.0	99.7	Other
658777.3	7190911.0	0.0	0.0	100.0	Other
658777.3	7191311.0	5.5	0.0	94.5	Other
658777.3	7191711.0	1.3	0.0	98.7	Other
658777.3	7192111.0	0.2	0.0	99.8	Other
658777.3	7192511.0	10.7	0.0	89.3	Other
658777.3	7192911.0	75.9	0.0	24.1	Urban
658777.3	7193311.0	16.4	0.0	83.6	Other
658777.3	7193711.0	2.8	0.0	97.2	Other
658777.3	7194111.0	5.8	0.0	94.2	Other
658777.3	7194511.0	2.0	0.0	98.0	Other
658777.3	7194911.0	0.0	0.0	100.0	Other
658777.3	7195311.0	0.0	0.0	100.0	Other
658777.3	7195711.0	0.0	0.0	100.0	Other
658777.3	7196111.0	0.0	0.0	100.0	Other
658777.3	7196511.0	0.0	0.0	100.0	Other
658777.3	7196911.0	0.0	0.0	100.0	Other
658777.3	7197311.0	0.0	0.0	100.0	Other
658777.3	7197711.0	0.0	0.0	100.0	Other
658777.3	7198111.0	0.0	0.0	100.0	Other
658777.3	7198511.0	0.0	0.0	100.0	Other
658777.3	7198911.0	0.0	0.0	100.0	Other
659177.3	7158511.0	0.0	0.0	100.0	Other
659177.3	7158911.0	0.5	0.0	99.5	Other
659177.3	7159311.0	0.2	0.0	99.8	Other
659177.3	7159711.0	0.1	0.0	99.9	Other
659177.3	7160111.0	0.0	0.0	100.0	Other
659177.3	7160511.0	0.0	0.0	100.0	Other
659177.3	7160911.0	0.1	0.0	99.9	Other
659177.3	7161311.0	0.1	0.0	99.9	Other
659177.3	7161711.0	0.0	0.0	100.0	Other
659177.3	7162111.0	0.0	0.0	100.0	Other
659177.3	7162511.0	0.0	0.0	100.0	Other
659177.3	7162911.0	0.0	0.0	100.0	Other
659177.3	7163311.0	0.0	0.0	100.0	Other
659177.3	7163711.0	0.0	0.0	100.0	Other
659177.3	7164111.0	0.4	0.0	99.6	Other
659177.3	7164511.0	2.2	0.0	97.8	Other
659177.3	7164911.0	0.6	0.0	99.4	Other
659177.3	7165311.0	9.6	0.0	90.4	Other
659177.3	7165711.0	1.3	0.0	98.7	Other
659177.3	7166111.0	9.8	0.0	90.2	Other
659177.3	7166511.0	3.3	0.0	96.7	Other
659177.3	7166911.0	0.0	0.0	100.0	Other
659177.3	7167311.0	0.0	0.0	100.0	Other
659177.3	7167711.0	0.4	2.0	97.6	Other
659177.3	7168111.0	16.4	2.3	81.3	Other
659177.3	7168511.0	26.3	0.0	73.7	Urban
659177.3	7168911.0	50.7	0.0	49.3	Urban
659177.3	7169311.0	53.1	0.0	46.9	Urban
659177.3	7169711.0	71.8	0.0	28.2	Urban
659177.3	7170111.0	49.4	0.0	50.6	Urban
659177.3	7170511.0	63.0	0.0	37.0	Urban
659177.3	7170911.0	15.3	0.0	84.7	Other
659177.3	7171311.0	0.0	0.0	100.0	Other
659177.3	7171711.0	0.0	0.0	100.0	Other
659177.3	7172111.0	0.8	0.0	99.2	Other
659177.3	7172511.0	2.2	0.0	97.8	Other
659177.3	7172911.0	1.9	0.0	98.1	Other
659177.3	7173311.0	21.5	0.0	78.5	Urban
659177.3	7173711.0	0.0	0.0	100.0	Other
659177.3	7174111.0	3.6	0.0	96.4	Other
659177.3	7174511.0	0.0	0.0	100.0	Other
659177.3	7174911.0	0.0	0.0	100.0	Other
659177.3	7175311.0	0.0	0.0	100.0	Other
659177.3	7175711.0	0.0	0.0	100.0	Other
659177.3	7176111.0	1.5	0.0	98.5	Other
659177.3	7176511.0	0.0	0.0	100.0	Other
659177.3	7176911.0	0.0	0.0	100.0	Other
659177.3	7177311.0	0.0	0.0	100.0	Other
659177.3	7177711.0	2.1	0.0	97.9	Other
659177.3	7178111.0	0.0	0.0	100.0	Other
659177.3	7178511.0	0.0	0.0	100.0	Other
659177.3	7178911.0	0.0	0.0	100.0	Other
659177.3	7179311.0	0.0	0.0	100.0	Other
659177.3	7179711.0	0.0	0.0	100.0	Other
659177.3	7180111.0	0.0	0.0	100.0	Other
659177.3	7180511.0	0.1	0.0	99.9	Other
659177.3	7180911.0	0.0	0.0	100.0	Other
659177.3	7181311.0	0.0	0.0	100.0	Other
659177.3	7181711.0	0.0	0.0	100.0	Other
659177.3	7182111.0	0.2	0.0	99.8	Other
659177.3	7182511.0	0.0	0.0	100.0	Other
659177.3	7182911.0	15.5	0.0	84.5	Other
659177.3	7183311.0	1.2	0.0	98.8	Other
659177.3	7183711.0	4.4	0.0	95.6	Other
659177.3	7184111.0	2.8	0.2	97.0	Other
659177.3	7184511.0	2.4	0.0	97.6	Other
659177.3	7184911.0	0.8	0.0	99.2	Other
659177.3	7185311.0	0.0	0.0	100.0	Other
659177.3	7185711.0	0.0	0.0	100.0	Other
659177.3	7186111.0	27.0	0.0	73.0	Urban
659177.3	7186511.0	10.1	0.0	89.9	Other
659177.3	7186911.0	0.2	0.0	99.8	Other
659177.3	7187311.0	0.7	0.0	99.3	Other
659177.3	7187711.0	0.0	0.0	100.0	Other
659177.3	7188111.0	0.0	0.0	100.0	Other
659177.3	7188511.0	0.0	0.0	100.0	Other
659177.3	7188911.0	14.0	0.0	86.0	Other
659177.3	7189311.0	0.0	0.0	100.0	Other
659177.3	7189711.0	0.7	0.0	99.3	Other
659177.3	7190111.0	0.7	0.0	99.3	Other
659177.3	7190511.0	0.0	0.0	100.0	Other
659177.3	7190911.0	2.1	0.0	97.9	Other
659177.3	7191311.0	0.4	0.0	99.6	Other
659177.3	7191711.0	0.0	0.0	100.0	Other
659177.3	7192111.0	0.9	0.0	99.1	Other
659177.3	7192511.0	1.3	0.0	98.7	Other
659177.3	7192911.0	41.4	0.0	58.6	Urban
659177.3	7193311.0	10.9	0.0	89.1	Other
659177.3	7193711.0	10.7	0.0	89.3	Other
659177.3	7194111.0	3.1	0.0	96.9	Other
659177.3	7194511.0	0.0	0.0	100.0	Other
659177.3	7194911.0	0.0	0.0	100.0	Other
659177.3	7195311.0	0.3	0.0	99.7	Other
659177.3	7195711.0	0.0	0.0	100.0	Other
659177.3	7196111.0	0.0	0.0	100.0	Other
659177.3	7196511.0	0.0	0.0	100.0	Other
659177.3	7196911.0	0.0	0.0	100.0	Other
659177.3	7197311.0	0.0	0.0	100.0	Other
659177.3	7197711.0	0.0	0.0	100.0	Other
659177.3	7198111.0	0.0	0.0	100.0	Other
659177.3	7198511.0	0.0	0.0	100.0	Other
659177.3	7198911.0	0.0	0.0	100.0	Other
659577.3	7158511.0	0.0	0.0	100.0	Other
659577.3	7158911.0	0.0	0.0	100.0	Other
659577.3	7159311.0	0.0	0.0	100.0	Other
659577.3	7159711.0	0.0	0.0	100.0	Other
659577.3	7160111.0	0.0	0.0	100.0	Other
659577.3	7160511.0	0.0	0.0	100.0	Other
659577.3	7160911.0	0.7	0.0	99.3	Other
659577.3	7161311.0	0.5	2.8	96.8	Other
659577.3	7161711.0	0.0	0.0	100.0	Other
659577.3	7162111.0	0.1	0.0	99.9	Other
659577.3	7162511.0	0.6	0.0	99.4	Other
659577.3	7162911.0	0.0	0.0	100.0	Other
659577.3	7163311.0	0.0	0.0	100.0	Other
659577.3	7163711.0	0.0	0.0	100.0	Other
659577.3	7164111.0	1.1	0.0	98.9	Other
659577.3	7164511.0	0.0	0.0	100.0	Other
659577.3	7164911.0	0.2	0.0	99.8	Other
659577.3	7165311.0	9.8	0.0	90.2	Other
659577.3	7165711.0	5.3	0.0	94.7	Other
659577.3	7166111.0	3.7	0.0	96.3	Other
659577.3	7166511.0	2.8	24.3	72.9	Other
659577.3	7166911.0	0.0	6.9	93.1	Other
659577.3	7167311.0	2.6	0.0	97.4	Other
659577.3	7167711.0	3.4	2.7	93.9	Other
659577.3	7168111.0	51.6	0.0	48.4	Urban
659577.3	7168511.0	83.5	0.0	16.5	Urban
659577.3	7168911.0	55.6	0.0	44.4	Urban
659577.3	7169311.0	68.8	0.0	31.2	Urban
659577.3	7169711.0	40.8	0.0	59.2	Urban
659577.3	7170111.0	39.2	0.0	60.8	Urban
659577.3	7170511.0	30.6	0.0	69.4	Urban
659577.3	7170911.0	30.7	0.3	69.0	Urban
659577.3	7171311.0	49.5	0.0	50.5	Urban
659577.3	7171711.0	21.7	0.0	78.3	Urban
659577.3	7172111.0	19.4	0.0	80.6	Other
659577.3	7172511.0	61.6	0.0	38.4	Urban
659577.3	7172911.0	1.2	0.0	98.8	Other
659577.3	7173311.0	2.0	0.0	98.0	Other
659577.3	7173711.0	1.3	0.3	98.4	Other
659577.3	7174111.0	0.0	0.0	100.0	Other
659577.3	7174511.0	0.1	0.0	99.9	Other
659577.3	7174911.0	0.0	0.0	100.0	Other
659577.3	7175311.0	0.0	0.0	100.0	Other
659577.3	7175711.0	0.0	0.0	100.0	Other
659577.3	7176111.0	0.3	0.0	99.7	Other
659577.3	7176511.0	0.9	0.0	99.1	Other
659577.3	7176911.0	0.0	0.0	100.0	Other
659577.3	7177311.0	0.0	0.0	100.0	Other
659577.3	7177711.0	0.0	0.0	100.0	Other
659577.3	7178111.0	0.4	0.0	99.6	Other
659577.3	7178511.0	0.0	0.0	100.0	Other
659577.3	7178911.0	0.0	0.0	100.0	Other
659577.3	7179311.0	0.7	0.0	99.3	Other
659577.3	7179711.0	0.0	0.0	100.0	Other
659577.3	7180111.0	0.0	0.0	100.0	Other
659577.3	7180511.0	0.0	0.0	100.0	Other
659577.3	7180911.0	0.2	1.1	98.7	Other
659577.3	7181311.0	1.5	0.0	98.5	Other
659577.3	7181711.0	9.0	0.0	91.0	Other
659577.3	7182111.0	41.1	0.0	58.9	Urban
659577.3	7182511.0	39.0	0.0	61.0	Urban
659577.3	7182911.0	28.8	0.0	71.2	Urban
659577.3	7183311.0	0.0	0.0	100.0	Other
659577.3	7183711.0	0.0	0.0	100.0	Other
659577.3	7184111.0	0.0	6.3	93.7	Other
659577.3	7184511.0	0.4	0.0	99.6	Other
659577.3	7184911.0	0.8	0.0	99.2	Other
659577.3	7185311.0	4.9	0.0	95.1	Other
659577.3	7185711.0	0.2	0.0	99.8	Other
659577.3	7186111.0	45.0	0.0	55.0	Urban
659577.3	7186511.0	47.9	0.0	52.1	Urban
659577.3	7186911.0	7.4	0.0	92.6	Other
659577.3	7187311.0	6.9	0.0	93.1	Other
659577.3	7187711.0	1.8	0.0	98.2	Other
659577.3	7188111.0	0.0	0.0	100.0	Other
659577.3	7188511.0	0.3	0.0	99.7	Other
659577.3	7188911.0	0.0	0.0	100.0	Other
659577.3	7189311.0	0.0	0.0	100.0	Other
659577.3	7189711.0	0.1	0.0	99.9	Other
659577.3	7190111.0	0.2	0.0	99.8	Other
659577.3	7190511.0	0.0	0.0	100.0	Other
659577.3	7190911.0	1.2	0.0	98.8	Other
659577.3	7191311.0	1.1	0.0	98.9	Other
659577.3	7191711.0	1.8	0.0	98.2	Other
659577.3	7192111.0	0.0	0.0	100.0	Other
659577.3	7192511.0	0.0	0.0	100.0	Other
659577.3	7192911.0	10.0	0.0	90.0	Other
659577.3	7193311.0	0.6	0.0	99.4	Other
659577.3	7193711.0	31.1	0.0	68.9	Urban
659577.3	7194111.0	4.4	0.0	95.6	Other
659577.3	7194511.0	0.1	0.0	99.9	Other
659577.3	7194911.0	0.0	0.0	100.0	Other
659577.3	7195311.0	0.0	0.0	100.0	Other
659577.3	7195711.0	0.0	0.0	100.0	Other
659577.3	7196111.0	0.0	0.0	100.0	Other
659577.3	7196511.0	0.2	0.0	99.8	Other
659577.3	7196911.0	0.0	0.0	100.0	Other
659577.3	7197311.0	0.0	0.0	100.0	Other
659577.3	7197711.0	0.0	0.0	100.0	Other
659577.3	7198111.0	0.0	0.0	100.0	Other
659577.3	7198511.0	0.0	0.0	100.0	Other
659577.3	7198911.0	0.0	0.0	100.0	Other
659977.3	7158511.0	0.5	0.0	99.5	Other
659977.3	7158911.0	0.0	0.0	100.0	Other
659977.3	7159311.0	0.0	0.0	100.0	Other
659977.3	7159711.0	0.0	0.0	100.0	Other
659977.3	7160111.0	0.1	0.0	99.9	Other
659977.3	7160511.0	0.1	0.0	99.9	Other
659977.3	7160911.0	0.1	0.0	99.9	Other
659977.3	7161311.0	1.7	1.4	96.9	Other
659977.3	7161711.0	4.7	6.8	88.5	Other
659977.3	7162111.0	1.3	0.4	98.3	Other
659977.3	7162511.0	0.0	0.0	100.0	Other
659977.3	7162911.0	0.0	0.0	100.0	Other
659977.3	7163311.0	0.0	0.0	100.0	Other
659977.3	7163711.0	0.0	0.0	100.0	Other
659977.3	7164111.0	0.0	0.0	100.0	Other
659977.3	7164511.0	0.1	0.0	99.9	Other
659977.3	7164911.0	3.9	0.0	96.1	Other
659977.3	7165311.0	4.2	1.1	94.8	Other
659977.3	7165711.0	8.1	0.0	91.9	Other
659977.3	7166111.0	0.0	0.0	100.0	Other
659977.3	7166511.0	0.0	3.1	96.9	Other
659977.3	7166911.0	0.5	6.3	93.2	Other
659977.3	7167311.0	0.0	4.7	95.3	Other
659977.3	7167711.0	14.9	1.8	83.4	Other
659977.3	7168111.0	75.1	0.0	24.9	Urban
659977.3	7168511.0	88.5	0.0	11.5	Urban
659977.3	7168911.0	46.9	0.0	53.1	Urban
659977.3	7169311.0	54.0	0.0	46.0	Urban
659977.3	7169711.0	12.2	0.0	87.8	Other
659977.3	7170111.0	74.1	0.0	25.9	Urban
659977.3	7170511.0	85.7	0.0	14.3	Urban
659977.3	7170911.0	76.5	0.0	23.5	Urban
659977.3	7171311.0	46.5	0.0	53.5	Urban
659977.3	7171711.0	54.7	0.0	45.3	Urban
659977.3	7172111.0	66.7	0.0	33.3	Urban
659977.3	7172511.0	77.9	0.0	22.1	Urban
659977.3	7172911.0	38.9	3.1	58.0	Urban
659977.3	7173311.0	0.9	0.0	99.1	Other
659977.3	7173711.0	0.0	0.0	100.0	Other
659977.3	7174111.0	0.3	0.0	99.7	Other
659977.3	7174511.0	0.0	1.0	99.0	Other
659977.3	7174911.0	1.2	0.5	98.3	Other
659977.3	7175311.0	0.0	0.0	100.0	Other
659977.3	7175711.0	0.0	0.0	100.0	Other
659977.3	7176111.0	0.0	0.0	100.0	Other
659977.3	7176511.0	0.0	0.0	100.0	Other
659977.3	7176911.0	0.0	0.0	100.0	Other
659977.3	7177311.0	0.0	0.0	100.0	Other
659977.3	7177711.0	0.0	0.0	100.0	Other
659977.3	7178111.0	0.4	0.0	99.6	Other
659977.3	7178511.0	0.8	0.0	99.2	Other
659977.3	7178911.0	0.2	0.0	99.8	Other
659977.3	7179311.0	0.2	0.0	99.8	Other
659977.3	7179711.0	0.0	0.0	100.0	Other
659977.3	7180111.0	0.0	0.0	100.0	Other
659977.3	7180511.0	0.0	0.0	100.0	Other
659977.3	7180911.0	0.0	0.0	100.0	Other
659977.3	7181311.0	0.0	0.0	100.0	Other
659977.3	7181711.0	1.1	0.0	98.9	Other
659977.3	7182111.0	26.2	0.0	73.8	Urban
659977.3	7182511.0	35.6	0.0	64.4	Urban
659977.3	7182911.0	25.6	0.0	74.4	Urban
659977.3	7183311.0	4.7	0.0	95.3	Other
659977.3	7183711.0	0.0	0.0	100.0	Other
659977.3	7184111.0	2.9	0.0	97.1	Other
659977.3	7184511.0	3.3	0.0	96.7	Other
659977.3	7184911.0	3.0	0.0	97.0	Other
659977.3	7185311.0	4.5	0.0	95.5	Other
659977.3	7185711.0	7.7	0.0	92.3	Other
659977.3	7186111.0	50.2	0.0	49.8	Urban
659977.3	7186511.0	4.1	0.0	95.9	Other
659977.3	7186911.0	0.6	0.0	99.4	Other
659977.3	7187311.0	1.7	0.0	98.3	Other
659977.3	7187711.0	0.0	0.0	100.0	Other
659977.3	7188111.0	0.0	0.0	100.0	Other
659977.3	7188511.0	2.5	0.0	97.5	Other
659977.3	7188911.0	0.0	0.0	100.0	Other
659977.3	7189311.0	0.3	0.0	99.7	Other
659977.3	7189711.0	0.3	0.0	99.7	Other
659977.3	7190111.0	2.2	0.0	97.8	Other
659977.3	7190511.0	3.8	0.6	95.6	Other
659977.3	7190911.0	7.5	1.4	91.1	Other
659977.3	7191311.0	0.9	0.0	99.1	Other
659977.3	7191711.0	0.4	0.0	99.6	Other
659977.3	7192111.0	2.6	0.0	97.4	Other
659977.3	7192511.0	0.0	0.0	100.0	Other
659977.3	7192911.0	11.6	0.0	88.4	Other
659977.3	7193311.0	3.9	0.0	96.1	Other
659977.3	7193711.0	3.7	0.0	96.3	Other
659977.3	7194111.0	0.0	6.8	93.2	Other
659977.3	7194511.0	0.1	0.0	99.9	Other
659977.3	7194911.0	0.0	0.0	100.0	Other
659977.3	7195311.0	0.0	0.0	100.0	Other
659977.3	7195711.0	0.0	0.0	100.0	Other
659977.3	7196111.0	2.3	0.0	97.7	Other
659977.3	7196511.0	1.1	0.1	98.8	Other
659977.3	7196911.0	0.0	0.0	100.0	Other
659977.3	7197311.0	0.0	0.0	100.0	Other
659977.3	7197711.0	0.0	0.4	99.6	Other
659977.3	7198111.0	0.0	0.1	99.9	Other
659977.3	7198511.0	0.0	0.0	100.0	Other
659977.3	7198911.0	0.0	0.0	100.0	Other
660377.3	7158511.0	0.0	0.0	100.0	Other
660377.3	7158911.0	1.2	0.0	98.8	Other
660377.3	7159311.0	0.0	0.0	100.0	Other
660377.3	7159711.0	0.2	0.0	99.8	Other
660377.3	7160111.0	0.0	0.9	99.1	Other
660377.3	7160511.0	0.3	0.0	99.7	Other
660377.3	7160911.0	5.5	0.0	94.5	Other
660377.3	7161311.0	1.1	0.0	98.9	Other
660377.3	7161711.0	0.9	0.0	99.1	Other
660377.3	7162111.0	0.3	0.0	99.7	Other
660377.3	7162511.0	0.0	0.0	100.0	Other
660377.3	7162911.0	0.0	0.0	100.0	Other
660377.3	7163311.0	0.0	0.0	100.0	Other
660377.3	7163711.0	0.0	0.0	100.0	Other
660377.3	7164111.0	0.0	0.0	100.0	Other
660377.3	7164511.0	1.5	0.0	98.5	Other
660377.3	7164911.0	3.6	0.0	96.4	Other
660377.3	7165311.0	1.1	1.4	97.5	Other
660377.3	7165711.0	1.9	12.0	86.1	Other
660377.3	7166111.0	0.0	16.4	83.6	Other
660377.3	7166511.0	0.0	4.2	95.8	Other
660377.3	7166911.0	0.0	15.0	85.0	Other
660377.3	7167311.0	0.0	12.5	87.5	Other
660377.3	7167711.0	0.3	0.8	99.0	Other
660377.3	7168111.0	42.1	0.0	57.9	Urban
660377.3	7168511.0	93.8	0.0	6.2	Urban
660377.3	7168911.0	58.2	0.0	41.8	Urban
660377.3	7169311.0	86.5	0.0	13.5	Urban
660377.3	7169711.0	86.2	0.0	13.8	Urban
660377.3	7170111.0	91.2	0.0	8.8	Urban
660377.3	7170511.0	97.7	0.0	2.3	Urban
660377.3	7170911.0	91.4	0.0	8.6	Urban
660377.3	7171311.0	18.5	0.0	81.5	Other
660377.3	7171711.0	31.5	0.0	68.5	Urban
660377.3	7172111.0	26.6	2.3	71.1	Urban
660377.3	7172511.0	69.8	0.0	30.2	Urban
660377.3	7172911.0	47.3	1.0	51.8	Urban
660377.3	7173311.0	5.7	0.0	94.3	Other
660377.3	7173711.0	11.2	0.0	88.8	Other
660377.3	7174111.0	24.4	0.0	75.6	Urban
660377.3	7174511.0	0.1	0.0	99.9	Other
660377.3	7174911.0	2.3	0.0	97.7	Other
660377.3	7175311.0	0.6	0.0	99.4	Other
660377.3	7175711.0	0.2	0.0	99.8	Other
660377.3	7176111.0	0.0	0.0	100.0	Other
660377.3	7176511.0	0.0	0.0	100.0	Other
660377.3	7176911.0	0.0	0.0	100.0	Other
660377.3	7177311.0	0.0	0.0	100.0	Other
660377.3	7177711.0	0.2	0.0	99.8	Other
660377.3	7178111.0	0.0	0.0	100.0	Other
660377.3	7178511.0	0.0	0.0	100.0	Other
660377.3	7178911.0	0.0	0.0	100.0	Other
660377.3	7179311.0	0.0	0.0	100.0	Other
660377.3	7179711.0	0.0	0.0	100.0	Other
660377.3	7180111.0	0.2	0.0	99.8	Other
660377.3	7180511.0	0.1	2.4	97.5	Other
660377.3	7180911.0	1.1	0.7	98.2	Other
660377.3	7181311.0	0.0	0.2	99.8	Other
660377.3	7181711.0	0.0	0.0	100.0	Other
660377.3	7182111.0	1.1	0.0	98.9	Other
660377.3	7182511.0	47.2	0.0	52.8	Urban
660377.3	7182911.0	41.2	0.0	58.8	Urban
660377.3	7183311.0	1.3	0.0	98.7	Other
660377.3	7183711.0	0.0	0.0	100.0	Other
660377.3	7184111.0	0.2	0.0	99.8	Other
660377.3	7184511.0	0.3	0.0	99.7	Other
660377.3	7184911.0	0.9	0.0	99.1	Other
660377.3	7185311.0	0.7	0.0	99.3	Other
660377.3	7185711.0	0.6	0.0	99.4	Other
660377.3	7186111.0	53.8	0.0	46.2	Urban
660377.3	7186511.0	55.7	0.0	44.3	Urban
660377.3	7186911.0	0.0	0.0	100.0	Other
660377.3	7187311.0	0.0	0.0	100.0	Other
660377.3	7187711.0	1.5	0.0	98.5	Other
660377.3	7188111.0	0.4	0.0	99.6	Other
660377.3	7188511.0	0.2	0.0	99.8	Other
660377.3	7188911.0	0.0	0.0	100.0	Other
660377.3	7189311.0	6.5	0.0	93.5	Other
660377.3	7189711.0	1.2	0.0	98.8	Other
660377.3	7190111.0	1.1	0.0	98.9	Other
660377.3	7190511.0	0.0	0.0	100.0	Other
660377.3	7190911.0	0.0	0.0	100.0	Other
660377.3	7191311.0	1.4	0.0	98.6	Other
660377.3	7191711.0	2.7	0.0	97.3	Other
660377.3	7192111.0	1.9	0.0	98.1	Other
660377.3	7192511.0	7.9	0.0	92.1	Other
660377.3	7192911.0	5.4	0.0	94.6	Other
660377.3	7193311.0	0.0	0.0	100.0	Other
660377.3	7193711.0	1.1	0.7	98.2	Other
660377.3	7194111.0	3.9	0.0	96.1	Other
660377.3	7194511.0	0.0	0.0	100.0	Other
660377.3	7194911.0	0.0	0.0	100.0	Other
660377.3	7195311.0	0.0	0.0	100.0	Other
660377.3	7195711.0	0.2	0.0	99.8	Other
660377.3	7196111.0	3.1	0.0	96.9	Other
660377.3	7196511.0	6.8	1.0	92.2	Other
660377.3	7196911.0	2.4	0.0	97.6	Other
660377.3	7197311.0	0.0	0.0	100.0	Other
660377.3	7197711.0	0.0	0.4	99.6	Other
660377.3	7198111.0	0.0	0.5	99.5	Other
660377.3	7198511.0	0.0	0.0	100.0	Other
660377.3	7198911.0	0.4	0.0	99.6	Other
660777.3	7158511.0	1.2	0.0	98.8	Other
660777.3	7158911.0	3.7	0.0	96.3	Other
660777.3	7159311.0	4.1	0.0	95.9	Other
660777.3	7159711.0	4.6	0.0	95.4	Other
660777.3	7160111.0	0.6	0.1	99.3	Other
660777.3	7160511.0	0.6	0.0	99.4	Other
660777.3	7160911.0	1.4	0.0	98.6	Other
660777.3	7161311.0	3.4	0.0	96.6	Other
660777.3	7161711.0	3.2	0.0	96.8	Other
660777.3	7162111.0	3.5	0.0	96.5	Other
660777.3	7162511.0	1.6	0.3	98.0	Other
660777.3	7162911.0	0.1	0.5	99.4	Other
660777.3	7163311.0	1.5	0.0	98.5	Other
660777.3	7163711.0	1.9	0.0	98.1	Other
660777.3	7164111.0	2.6	0.0	97.4	Other
660777.3	7164511.0	0.1	0.0	99.9	Other
660777.3	7164911.0	0.0	0.0	100.0	Other
660777.3	7165311.0	0.1	2.1	97.8	Other
660777.3	7165711.0	0.0	39.0	61.0	Other
660777.3	7166111.0	0.0	40.9	59.1	Other
660777.3	7166511.0	0.1	11.3	88.6	Other
660777.3	7166911.0	0.0	0.9	99.1	Other
660777.3	7167311.0	0.0	1.6	98.4	Other
660777.3	7167711.0	21.6	0.0	78.4	Urban
660777.3	7168111.0	69.0	0.0	31.0	Urban
660777.3	7168511.0	96.9	0.0	3.1	Urban
660777.3	7168911.0	95.6	0.0	4.4	Urban
660777.3	7169311.0	89.9	0.0	10.1	Urban
660777.3	7169711.0	98.1	0.0	1.9	Urban
660777.3	7170111.0	92.8	0.0	7.2	Urban
660777.3	7170511.0	90.6	0.0	9.4	Urban
660777.3	7170911.0	61.9	0.0	38.1	Urban
660777.3	7171311.0	26.5	0.0	73.5	Urban
660777.3	7171711.0	25.7	0.0	74.3	Urban
660777.3	7172111.0	30.1	0.1	69.7	Urban
660777.3	7172511.0	41.7	0.0	58.3	Urban
660777.3	7172911.0	23.0	0.0	77.0	Urban
660777.3	7173311.0	46.9	0.0	53.1	Urban
660777.3	7173711.0	91.8	0.0	8.2	Urban
660777.3	7174111.0	74.3	0.0	25.7	Urban
660777.3	7174511.0	0.0	0.0	100.0	Other
660777.3	7174911.0	0.0	0.0	100.0	Other
660777.3	7175311.0	0.0	0.0	100.0	Other
660777.3	7175711.0	0.0	0.0	100.0	Other
660777.3	7176111.0	2.5	0.4	97.2	Other
660777.3	7176511.0	0.0	0.0	100.0	Other
660777.3	7176911.0	0.0	0.6	99.4	Other
660777.3	7177311.0	0.3	0.0	99.7	Other
660777.3	7177711.0	0.0	0.0	100.0	Other
660777.3	7178111.0	0.0	0.0	100.0	Other
660777.3	7178511.0	0.3	0.0	99.7	Other
660777.3	7178911.0	0.0	0.0	100.0	Other
660777.3	7179311.0	0.0	0.0	100.0	Other
660777.3	7179711.0	0.0	0.0	100.0	Other
660777.3	7180111.0	0.0	0.0	100.0	Other
660777.3	7180511.0	0.0	0.0	100.0	Other
660777.3	7180911.0	0.2	0.0	99.8	Other
660777.3	7181311.0	0.5	9.9	89.6	Other
660777.3	7181711.0	1.0	1.4	97.6	Other
660777.3	7182111.0	0.0	0.0	100.0	Other
660777.3	7182511.0	4.0	0.0	96.0	Other
660777.3	7182911.0	30.8	0.0	69.2	Urban
660777.3	7183311.0	7.2	0.0	92.8	Other
660777.3	7183711.0	1.3	0.0	98.7	Other
660777.3	7184111.0	5.8	0.0	94.2	Other
660777.3	7184511.0	0.0	0.0	100.0	Other
660777.3	7184911.0	1.9	0.0	98.1	Other
660777.3	7185311.0	0.8	0.0	99.2	Other
660777.3	7185711.0	4.3	0.0	95.7	Other
660777.3	7186111.0	40.1	0.0	59.9	Urban
660777.3	7186511.0	7.2	0.0	92.8	Other
660777.3	7186911.0	0.6	0.0	99.4	Other
660777.3	7187311.0	5.3	0.0	94.7	Other
660777.3	7187711.0	0.0	2.6	97.4	Other
660777.3	7188111.0	0.0	0.0	100.0	Other
660777.3	7188511.0	0.0	0.0	100.0	Other
660777.3	7188911.0	0.1	0.0	99.9	Other
660777.3	7189311.0	0.5	0.0	99.5	Other
660777.3	7189711.0	0.0	0.0	100.0	Other
660777.3	7190111.0	0.4	0.0	99.6	Other
660777.3	7190511.0	0.4	0.0	99.6	Other
660777.3	7190911.0	0.0	0.0	100.0	Other
660777.3	7191311.0	4.8	0.0	95.2	Other
660777.3	7191711.0	2.0	0.0	98.0	Other
660777.3	7192111.0	10.5	0.0	89.5	Other
660777.3	7192511.0	40.4	0.0	59.6	Urban
660777.3	7192911.0	0.0	0.0	100.0	Other
660777.3	7193311.0	0.0	0.0	100.0	Other
660777.3	7193711.0	0.6	0.8	98.6	Other
660777.3	7194111.0	1.7	0.0	98.3	Other
660777.3	7194511.0	0.0	0.0	100.0	Other
660777.3	7194911.0	0.0	0.0	100.0	Other
660777.3	7195311.0	0.0	0.0	100.0	Other
660777.3	7195711.0	0.1	0.0	99.9	Other
660777.3	7196111.0	0.5	0.0	99.5	Other
660777.3	7196511.0	1.5	0.0	98.5	Other
660777.3	7196911.0	1.8	0.0	98.2	Other
660777.3	7197311.0	0.1	0.0	99.9	Other
660777.3	7197711.0	0.6	0.0	99.4	Other
660777.3	7198111.0	0.0	0.0	100.0	Other
660777.3	7198511.0	0.0	0.0	100.0	Other
660777.3	7198911.0	0.0	0.0	100.0	Other
661177.3	7158511.0	0.0	0.1	99.9	Other
661177.3	7158911.0	0.0	0.0	100.0	Other
661177.3	7159311.0	0.2	0.0	99.8	Other
661177.3	7159711.0	1.9	0.0	98.1	Other
661177.3	7160111.0	2.5	0.0	97.5	Other
661177.3	7160511.0	2.2	0.0	97.8	Other
661177.3	7160911.0	0.7	0.0	99.2	Other
661177.3	7161311.0	1.1	0.0	98.9	Other
661177.3	7161711.0	0.2	0.1	99.7	Other
661177.3	7162111.0	1.0	0.0	99.0	Other
661177.3	7162511.0	6.7	0.0	93.3	Other
661177.3	7162911.0	1.6	0.0	98.4	Other
661177.3	7163311.0	0.2	0.0	99.8	Other
661177.3	7163711.0	0.7	0.0	99.3	Other
661177.3	7164111.0	2.3	0.0	97.7	Other
661177.3	7164511.0	0.0	0.0	100.0	Other
661177.3	7164911.0	0.0	19.6	80.4	Other
661177.3	7165311.0	0.0	49.2	50.8	Other
661177.3	7165711.0	0.0	42.9	57.1	Other
661177.3	7166111.0	0.0	2.1	97.9	Other
661177.3	7166511.0	0.0	8.3	91.7	Other
661177.3	7166911.0	0.0	6.6	93.4	Other
661177.3	7167311.0	6.0	4.4	89.6	Other
661177.3	7167711.0	70.5	0.0	29.5	Urban
661177.3	7168111.0	92.9	0.0	7.1	Urban
661177.3	7168511.0	54.5	0.0	45.5	Urban
661177.3	7168911.0	33.8	0.0	66.2	Urban
661177.3	7169311.0	46.8	0.0	53.2	Urban
661177.3	7169711.0	74.9	0.0	25.1	Urban
661177.3	7170111.0	79.2	0.0	20.8	Urban
661177.3	7170511.0	89.5	0.0	10.5	Urban
661177.3	7170911.0	71.1	0.0	28.9	Urban
661177.3	7171311.0	33.4	0.0	66.6	Urban
661177.3	7171711.0	29.4	0.0	70.6	Urban
661177.3	7172111.0	67.9	0.0	32.1	Urban
661177.3	7172511.0	32.5	0.0	67.5	Urban
661177.3	7172911.0	54.5	0.0	45.5	Urban
661177.3	7173311.0	94.7	0.0	5.3	Urban
661177.3	7173711.0	82.7	0.0	17.3	Urban
661177.3	7174111.0	63.0	0.0	37.0	Urban
661177.3	7174511.0	38.4	0.0	61.6	Urban
661177.3	7174911.0	5.0	0.0	95.0	Other
661177.3	7175311.0	0.0	0.0	100.0	Other
661177.3	7175711.0	0.0	1.3	98.7	Other
661177.3	7176111.0	0.2	0.1	99.6	Other
661177.3	7176511.0	1.4	0.0	98.6	Other
661177.3	7176911.0	0.1	0.0	99.9	Other
661177.3	7177311.0	0.9	0.0	99.1	Other
661177.3	7177711.0	0.0	0.0	100.0	Other
661177.3	7178111.0	2.1	0.0	97.9	Other
661177.3	7178511.0	0.0	0.0	100.0	Other
661177.3	7178911.0	0.1	0.0	99.9	Other
661177.3	7179311.0	0.0	0.0	100.0	Other
661177.3	7179711.0	0.0	0.0	100.0	Other
661177.3	7180111.0	0.1	0.8	99.1	Other
661177.3	7180511.0	0.1	0.0	99.9	Other
661177.3	7180911.0	0.0	0.0	100.0	Other
661177.3	7181311.0	1.1	0.0	98.9	Other
661177.3	7181711.0	0.6	0.0	99.4	Other
661177.3	7182111.0	0.7	0.0	99.3	Other
661177.3	7182511.0	8.0	0.0	92.0	Other
661177.3	7182911.0	29.9	0.0	70.1	Urban
661177.3	7183311.0	24.7	0.0	75.3	Urban
661177.3	7183711.0	3.6	0.0	96.4	Other
661177.3	7184111.0	0.0	0.0	100.0	Other
661177.3	7184511.0	0.6	0.0	99.4	Other
661177.3	7184911.0	0.0	0.0	100.0	Other
661177.3	7185311.0	2.0	0.0	98.0	Other
661177.3	7185711.0	6.1	0.0	93.9	Other
661177.3	7186111.0	9.7	0.0	90.3	Other
661177.3	7186511.0	19.5	0.0	80.5	Other
661177.3	7186911.0	5.0	0.0	95.0	Other
661177.3	7187311.0	16.1	0.0	83.9	Other
661177.3	7187711.0	2.0	9.4	88.7	Other
661177.3	7188111.0	0.0	0.0	100.0	Other
661177.3	7188511.0	0.0	0.0	100.0	Other
661177.3	7188911.0	0.0	0.0	100.0	Other
661177.3	7189311.0	0.3	0.0	99.7	Other
661177.3	7189711.0	0.0	0.0	100.0	Other
661177.3	7190111.0	0.0	0.0	100.0	Other
661177.3	7190511.0	0.0	0.0	100.0	Other
661177.3	7190911.0	0.0	0.0	100.0	Other
661177.3	7191311.0	0.0	0.0	100.0	Other
661177.3	7191711.0	13.6	0.0	86.4	Other
661177.3	7192111.0	35.7	0.0	64.3	Urban
661177.3	7192511.0	47.9	0.0	52.1	Urban
661177.3	7192911.0	1.0	0.0	99.0	Other
661177.3	7193311.0	0.0	0.0	100.0	Other
661177.3	7193711.0	0.0	0.0	100.0	Other
661177.3	7194111.0	0.6	0.0	99.4	Other
661177.3	7194511.0	1.6	0.0	98.4	Other
661177.3	7194911.0	0.1	0.0	99.9	Other
661177.3	7195311.0	0.1	0.0	99.9	Other
661177.3	7195711.0	0.0	0.0	100.0	Other
661177.3	7196111.0	0.0	0.0	100.0	Other
661177.3	7196511.0	0.0	0.0	100.0	Other
661177.3	7196911.0	0.0	0.0	100.0	Other
661177.3	7197311.0	0.0	0.0	100.0	Other
661177.3	7197711.0	0.0	0.0	100.0	Other
661177.3	7198111.0	0.0	0.0	100.0	Other
661177.3	7198511.0	0.0	0.0	100.0	Other
661177.3	7198911.0	1.3	0.0	98.7	Other
661577.3	7158511.0	0.0	0.0	100.0	Other
661577.3	7158911.0	0.0	0.0	100.0	Other
661577.3	7159311.0	0.0	0.0	100.0	Other
661577.3	7159711.0	0.0	0.0	100.0	Other
661577.3	7160111.0	0.0	0.0	100.0	Other
661577.3	7160511.0	0.0	0.0	100.0	Other
661577.3	7160911.0	0.1	0.0	99.9	Other
661577.3	7161311.0	0.0	0.0	100.0	Other
661577.3	7161711.0	0.0	1.3	98.7	Other
661577.3	7162111.0	2.3	0.0	97.7	Other
661577.3	7162511.0	0.0	0.0	100.0	Other
661577.3	7162911.0	1.1	14.9	84.0	Other
661577.3	7163311.0	0.2	6.4	93.4	Other
661577.3	7163711.0	0.5	0.0	99.5	Other
661577.3	7164111.0	0.1	0.0	99.9	Other
661577.3	7164511.0	0.1	0.0	99.9	Other
661577.3	7164911.0	0.0	0.0	100.0	Other
661577.3	7165311.0	0.0	3.3	96.7	Other
661577.3	7165711.0	0.0	19.5	80.5	Other
661577.3	7166111.0	14.1	0.0	85.9	Other
661577.3	7166511.0	45.7	0.0	54.3	Urban
661577.3	7166911.0	56.7	0.0	43.3	Urban
661577.3	7167311.0	52.0	0.0	48.0	Urban
661577.3	7167711.0	85.5	0.0	14.5	Urban
661577.3	7168111.0	75.6	1.3	23.0	Urban
661577.3	7168511.0	65.2	0.4	34.4	Urban
661577.3	7168911.0	89.8	0.0	10.2	Urban
661577.3	7169311.0	46.4	0.0	53.6	Urban
661577.3	7169711.0	53.0	0.0	47.0	Urban
661577.3	7170111.0	70.0	0.0	30.0	Urban
661577.3	7170511.0	87.1	0.0	12.9	Urban
661577.3	7170911.0	91.5	0.0	8.5	Urban
661577.3	7171311.0	74.8	0.0	25.2	Urban
661577.3	7171711.0	54.2	0.0	45.8	Urban
661577.3	7172111.0	87.0	0.0	13.0	Urban
661577.3	7172511.0	92.3	0.0	7.7	Urban
661577.3	7172911.0	93.2	0.0	6.8	Urban
661577.3	7173311.0	95.4	0.0	4.6	Urban
661577.3	7173711.0	88.9	0.0	11.1	Urban
661577.3	7174111.0	79.0	0.0	21.0	Urban
661577.3	7174511.0	67.8	0.0	32.2	Urban
661577.3	7174911.0	8.1	0.0	91.9	Other
661577.3	7175311.0	2.0	41.1	56.9	Other
661577.3	7175711.0	0.0	96.4	3.6	Water
661577.3	7176111.0	0.9	53.9	45.3	Water
661577.3	7176511.0	0.0	38.5	61.5	Other
661577.3	7176911.0	0.0	7.8	92.2	Other
661577.3	7177311.0	0.0	0.0	100.0	Other
661577.3	7177711.0	0.3	0.0	99.7	Other
661577.3	7178111.0	0.0	0.0	100.0	Other
661577.3	7178511.0	0.3	0.0	99.7	Other
661577.3	7178911.0	0.3	0.0	99.7	Other
661577.3	7179311.0	0.0	0.0	100.0	Other
661577.3	7179711.0	0.4	0.0	99.6	Other
661577.3	7180111.0	1.0	0.0	99.0	Other
661577.3	7180511.0	0.0	0.0	100.0	Other
661577.3	7180911.0	0.0	0.0	100.0	Other
661577.3	7181311.0	0.0	0.0	100.0	Other
661577.3	7181711.0	1.2	0.1	98.6	Other
661577.3	7182111.0	6.3	0.0	93.7	Other
661577.3	7182511.0	32.1	0.0	67.9	Urban
661577.3	7182911.0	51.9	0.0	48.1	Urban
661577.3	7183311.0	79.4	0.0	20.6	Urban
661577.3	7183711.0	57.2	0.0	42.8	Urban
661577.3	7184111.0	35.8	0.0	64.2	Urban
661577.3	7184511.0	22.1	0.0	77.9	Urban
661577.3	7184911.0	0.6	0.0	99.4	Other
661577.3	7185311.0	2.7	0.0	97.3	Other
661577.3	7185711.0	0.3	0.0	99.7	Other
661577.3	7186111.0	1.8	0.0	98.2	Other
661577.3	7186511.0	14.8	0.0	85.2	Other
661577.3	7186911.0	13.9	0.0	86.1	Other
661577.3	7187311.0	13.0	0.0	87.0	Other
661577.3	7187711.0	0.1	0.0	99.9	Other
661577.3	7188111.0	0.0	0.0	100.0	Other
661577.3	7188511.0	0.2	0.0	99.8	Other
661577.3	7188911.0	0.0	0.0	100.0	Other
661577.3	7189311.0	0.0	0.0	100.0	Other
661577.3	7189711.0	0.9	0.0	99.1	Other
661577.3	7190111.0	2.0	0.0	98.0	Other
661577.3	7190511.0	1.5	0.0	98.5	Other
661577.3	7190911.0	0.0	0.0	100.0	Other
661577.3	7191311.0	0.0	0.0	100.0	Other
661577.3	7191711.0	8.6	0.0	91.4	Other
661577.3	7192111.0	22.6	0.0	77.4	Urban
661577.3	7192511.0	23.6	0.0	76.4	Urban
661577.3	7192911.0	12.1	0.0	87.9	Other
661577.3	7193311.0	0.0	0.0	100.0	Other
661577.3	7193711.0	0.0	0.0	100.0	Other
661577.3	7194111.0	2.5	0.0	97.5	Other
661577.3	7194511.0	0.0	0.0	100.0	Other
661577.3	7194911.0	0.6	0.0	99.4	Other
661577.3	7195311.0	1.2	0.0	98.8	Other
661577.3	7195711.0	4.3	0.0	95.7	Other
661577.3	7196111.0	5.1	0.0	94.9	Other
661577.3	7196511.0	0.0	0.0	100.0	Other
661577.3	7196911.0	0.0	0.0	100.0	Other
661577.3	7197311.0	0.0	0.0	100.0	Other
661577.3	7197711.0	0.0	0.0	100.0	Other
661577.3	7198111.0	0.0	0.0	100.0	Other
661577.3	7198511.0	0.0	0.0	100.0	Other
661577.3	7198911.0	0.1	0.0	99.9	Other
661977.3	7158511.0	0.0	0.0	100.0	Other
661977.3	7158911.0	0.0	0.0	100.0	Other
661977.3	7159311.0	0.0	0.0	100.0	Other
661977.3	7159711.0	0.0	0.0	100.0	Other
661977.3	7160111.0	0.0	0.0	100.0	Other
661977.3	7160511.0	0.0	0.0	100.0	Other
661977.3	7160911.0	0.0	0.0	100.0	Other
661977.3	7161311.0	0.7	0.0	99.3	Other
661977.3	7161711.0	4.7	0.2	95.1	Other
661977.3	7162111.0	1.2	2.3	96.5	Other
661977.3	7162511.0	0.0	0.0	100.0	Other
661977.3	7162911.0	5.7	47.3	47.0	Other
661977.3	7163311.0	0.3	49.4	50.3	Other
661977.3	7163711.0	0.0	1.2	98.8	Other
661977.3	7164111.0	0.0	0.0	100.0	Other
661977.3	7164511.0	0.0	18.4	81.5	Other
661977.3	7164911.0	0.0	15.2	84.8	Other
661977.3	7165311.0	0.0	6.7	93.3	Other
661977.3	7165711.0	0.0	2.0	98.0	Other
661977.3	7166111.0	30.6	0.0	69.4	Urban
661977.3	7166511.0	83.1	0.0	16.9	Urban
661977.3	7166911.0	66.7	0.0	33.3	Urban
661977.3	7167311.0	85.4	0.0	14.6	Urban
661977.3	7167711.0	91.0	0.0	9.0	Urban
661977.3	7168111.0	64.7	0.3	35.0	Urban
661977.3	7168511.0	7.3	0.9	91.8	Other
661977.3	7168911.0	85.2	0.0	14.8	Urban
661977.3	7169311.0	46.2	0.0	53.8	Urban
661977.3	7169711.0	23.6	0.0	76.4	Urban
661977.3	7170111.0	34.8	0.0	65.2	Urban
661977.3	7170511.0	57.0	0.0	43.0	Urban
661977.3	7170911.0	81.9	0.0	18.1	Urban
661977.3	7171311.0	82.5	0.0	17.5	Urban
661977.3	7171711.0	40.0	0.0	60.0	Urban
661977.3	7172111.0	87.5	0.0	12.5	Urban
661977.3	7172511.0	88.4	0.0	11.6	Urban
661977.3	7172911.0	88.7	0.0	11.3	Urban
661977.3	7173311.0	67.6	0.0	32.4	Urban
661977.3	7173711.0	44.8	0.0	55.2	Urban
661977.3	7174111.0	71.6	0.0	28.4	Urban
661977.3	7174511.0	6.8	0.0	93.2	Other
661977.3	7174911.0	3.2	9.9	86.8	Other
661977.3	7175311.0	0.0	98.3	1.7	Water
661977.3	7175711.0	0.0	100.0	0.0	Water
661977.3	7176111.0	0.0	100.0	0.0	Water
661977.3	7176511.0	0.0	100.0	0.0	Water
661977.3	7176911.0	0.0	35.1	64.9	Other
661977.3	7177311.0	0.0	0.0	100.0	Other
661977.3	7177711.0	0.0	0.0	100.0	Other
661977.3	7178111.0	0.0	0.0	100.0	Other
661977.3	7178511.0	0.0	0.0	100.0	Other
661977.3	7178911.0	1.2	0.0	98.8	Other
661977.3	7179311.0	0.0	0.0	100.0	Other
661977.3	7179711.0	0.7	0.0	99.3	Other
661977.3	7180111.0	0.0	0.0	100.0	Other
661977.3	7180511.0	0.0	6.1	93.9	Other
661977.3	7180911.0	0.1	0.0	99.9	Other
661977.3	7181311.0	3.6	0.5	95.9	Other
661977.3	7181711.0	1.8	13.1	85.1	Other
661977.3	7182111.0	21.2	1.5	77.3	Urban
661977.3	7182511.0	43.5	0.0	56.5	Urban
661977.3	7182911.0	31.3	0.0	68.7	Urban
661977.3	7183311.0	62.4	0.0	37.6	Urban
661977.3	7183711.0	88.0	0.0	12.0	Urban
661977.3	7184111.0	42.8	0.0	57.2	Urban
661977.3	7184511.0	7.3	0.0	92.7	Other
661977.3	7184911.0	1.3	0.0	98.7	Other
661977.3	7185311.0	0.0	0.0	100.0	Other
661977.3	7185711.0	0.1	0.0	99.9	Other
661977.3	7186111.0	0.0	0.0	100.0	Other
661977.3	7186511.0	14.4	0.0	85.6	Other
661977.3	7186911.0	3.2	0.0	96.8	Other
661977.3	7187311.0	10.0	1.5	88.5	Other
661977.3	7187711.0	3.1	0.0	96.9	Other
661977.3	7188111.0	1.2	0.0	98.8	Other
661977.3	7188511.0	0.2	0.0	99.8	Other
661977.3	7188911.0	0.0	0.0	100.0	Other
661977.3	7189311.0	0.9	0.0	99.1	Other
661977.3	7189711.0	0.1	0.0	99.9	Other
661977.3	7190111.0	0.9	0.0	99.1	Other
661977.3	7190511.0	26.1	0.0	73.9	Urban
661977.3	7190911.0	0.8	0.0	99.2	Other
661977.3	7191311.0	1.6	0.0	98.4	Other
661977.3	7191711.0	19.5	0.3	80.1	Other
661977.3	7192111.0	31.1	0.0	68.9	Urban
661977.3	7192511.0	41.5	0.0	58.5	Urban
661977.3	7192911.0	11.4	0.0	88.6	Other
661977.3	7193311.0	0.1	0.0	99.9	Other
661977.3	7193711.0	0.0	0.0	100.0	Other
661977.3	7194111.0	0.7	0.0	99.3	Other
661977.3	7194511.0	1.3	0.0	98.7	Other
661977.3	7194911.0	1.6	0.0	98.4	Other
661977.3	7195311.0	0.9	0.0	99.1	Other
661977.3	7195711.0	2.7	0.0	97.3	Other
661977.3	7196111.0	0.0	0.0	100.0	Other
661977.3	7196511.0	0.4	0.0	99.5	Other
661977.3	7196911.0	0.8	0.0	99.2	Other
661977.3	7197311.0	3.2	0.0	96.8	Other
661977.3	7197711.0	0.0	0.0	100.0	Other
661977.3	7198111.0	0.0	0.0	100.0	Other
661977.3	7198511.0	0.0	0.0	100.0	Other
661977.3	7198911.0	0.0	0.0	100.0	Other
662377.3	7158511.0	0.1	0.0	99.9	Other
662377.3	7158911.0	0.0	0.0	100.0	Other
662377.3	7159311.0	0.0	0.0	100.0	Other
662377.3	7159711.0	0.0	0.0	100.0	Other
662377.3	7160111.0	0.0	0.0	100.0	Other
662377.3	7160511.0	0.0	0.0	100.0	Other
662377.3	7160911.0	0.0	0.0	100.0	Other
662377.3	7161311.0	1.3	0.0	98.7	Other
662377.3	7161711.0	5.2	3.8	91.0	Other
662377.3	7162111.0	0.0	0.0	100.0	Other
662377.3	7162511.0	7.5	6.1	86.4	Other
662377.3	7162911.0	2.2	11.2	86.6	Other
662377.3	7163311.0	0.0	41.8	58.2	Other
662377.3	7163711.0	0.7	23.7	75.6	Other
662377.3	7164111.0	0.6	10.3	89.1	Other
662377.3	7164511.0	0.0	4.7	95.3	Other
662377.3	7164911.0	2.2	2.2	95.6	Other
662377.3	7165311.0	18.2	0.0	81.8	Other
662377.3	7165711.0	50.3	0.0	49.7	Urban
662377.3	7166111.0	60.8	0.0	39.2	Urban
662377.3	7166511.0	73.4	0.0	26.6	Urban
662377.3	7166911.0	91.9	0.0	8.1	Urban
662377.3	7167311.0	85.4	0.0	14.6	Urban
662377.3	7167711.0	51.8	0.0	48.2	Urban
662377.3	7168111.0	37.6	0.0	62.4	Urban
662377.3	7168511.0	37.4	0.0	62.6	Urban
662377.3	7168911.0	80.4	0.0	19.6	Urban
662377.3	7169311.0	89.3	0.0	10.7	Urban
662377.3	7169711.0	72.0	0.0	28.0	Urban
662377.3	7170111.0	31.7	0.0	68.3	Urban
662377.3	7170511.0	48.4	0.0	51.6	Urban
662377.3	7170911.0	39.6	0.0	60.4	Urban
662377.3	7171311.0	65.4	0.0	34.6	Urban
662377.3	7171711.0	26.2	0.0	73.8	Urban
662377.3	7172111.0	41.3	0.0	58.7	Urban
662377.3	7172511.0	54.5	0.0	45.5	Urban
662377.3	7172911.0	25.4	0.0	74.6	Urban
662377.3	7173311.0	0.2	0.0	99.8	Other
662377.3	7173711.0	72.3	0.0	27.7	Urban
662377.3	7174111.0	36.4	0.0	63.6	Urban
662377.3	7174511.0	32.9	0.0	67.1	Urban
662377.3	7174911.0	4.5	0.0	95.5	Other
662377.3	7175311.0	0.0	66.8	33.2	Water
662377.3	7175711.0	0.0	89.8	10.2	Water
662377.3	7176111.0	0.0	86.8	13.2	Water
662377.3	7176511.0	0.0	99.5	0.5	Water
662377.3	7176911.0	0.1	87.9	12.0	Water
662377.3	7177311.0	0.1	38.8	61.0	Other
662377.3	7177711.0	0.0	4.6	95.4	Other
662377.3	7178111.0	0.0	29.5	70.5	Other
662377.3	7178511.0	0.0	32.7	67.3	Other
662377.3	7178911.0	3.4	0.2	96.4	Other
662377.3	7179311.0	0.1	0.0	99.9	Other
662377.3	7179711.0	0.2	5.4	94.4	Other
662377.3	7180111.0	1.1	26.8	72.2	Other
662377.3	7180511.0	0.0	79.2	20.8	Water
662377.3	7180911.0	0.0	80.3	19.7	Water
662377.3	7181311.0	0.0	67.3	32.7	Water
662377.3	7181711.0	0.0	83.1	16.9	Water
662377.3	7182111.0	0.0	93.9	6.1	Water
662377.3	7182511.0	0.0	76.2	23.8	Water
662377.3	7182911.0	0.0	66.9	33.1	Water
662377.3	7183311.0	8.6	0.2	91.2	Other
662377.3	7183711.0	3.2	0.0	96.8	Other
662377.3	7184111.0	0.3	3.1	96.6	Other
662377.3	7184511.0	0.0	0.0	100.0	Other
662377.3	7184911.0	0.0	0.0	100.0	Other
662377.3	7185311.0	1.5	0.0	98.5	Other
662377.3	7185711.0	1.9	0.0	98.1	Other
662377.3	7186111.0	1.0	0.0	99.0	Other
662377.3	7186511.0	15.1	0.0	84.9	Other
662377.3	7186911.0	12.0	0.0	88.0	Other
662377.3	7187311.0	11.6	0.2	88.2	Other
662377.3	7187711.0	0.3	0.0	99.7	Other
662377.3	7188111.0	0.1	0.0	99.9	Other
662377.3	7188511.0	0.0	0.0	100.0	Other
662377.3	7188911.0	0.2	0.0	99.8	Other
662377.3	7189311.0	1.8	0.0	98.2	Other
662377.3	7189711.0	1.4	0.0	98.6	Other
662377.3	7190111.0	1.6	0.0	98.4	Other
662377.3	7190511.0	58.7	0.0	41.3	Urban
662377.3	7190911.0	25.3	0.0	74.7	Urban
662377.3	7191311.0	16.6	0.0	83.4	Other
662377.3	7191711.0	30.2	0.0	69.8	Urban
662377.3	7192111.0	39.8	0.0	60.2	Urban
662377.3	7192511.0	25.5	0.0	74.5	Urban
662377.3	7192911.0	47.5	0.0	52.5	Urban
662377.3	7193311.0	0.0	0.0	100.0	Other
662377.3	7193711.0	0.2	0.0	99.8	Other
662377.3	7194111.0	0.7	0.0	99.3	Other
662377.3	7194511.0	0.0	0.0	100.0	Other
662377.3	7194911.0	0.4	0.0	99.6	Other
662377.3	7195311.0	11.2	0.0	88.8	Other
662377.3	7195711.0	0.0	0.0	100.0	Other
662377.3	7196111.0	0.0	0.0	100.0	Other
662377.3	7196511.0	0.0	0.0	100.0	Other
662377.3	7196911.0	0.0	0.0	100.0	Other
662377.3	7197311.0	0.5	0.0	99.5	Other
662377.3	7197711.0	0.0	0.0	100.0	Other
662377.3	7198111.0	0.0	0.0	100.0	Other
662377.3	7198511.0	0.0	0.0	100.0	Other
662377.3	7198911.0	0.0	0.0	100.0	Other
662777.3	7158511.0	0.0	0.0	100.0	Other
662777.3	7158911.0	0.0	0.0	100.0	Other
662777.3	7159311.0	0.6	0.0	99.4	Other
662777.3	7159711.0	3.8	0.0	96.2	Other
662777.3	7160111.0	0.0	0.0	100.0	Other
662777.3	7160511.0	1.3	0.0	98.7	Other
662777.3	7160911.0	1.2	0.0	98.8	Other
662777.3	7161311.0	0.6	7.1	92.3	Other
662777.3	7161711.0	0.8	39.0	60.2	Other
662777.3	7162111.0	10.2	5.0	84.7	Other
662777.3	7162511.0	4.9	45.6	49.5	Other
662777.3	7162911.0	0.0	22.4	77.6	Other
662777.3	7163311.0	0.0	9.0	91.0	Other
662777.3	7163711.0	0.6	38.5	60.9	Other
662777.3	7164111.0	0.0	46.7	53.3	Other
662777.3	7164511.0	0.0	3.5	96.5	Other
662777.3	7164911.0	0.7	11.0	88.2	Other
662777.3	7165311.0	55.1	0.0	44.9	Urban
662777.3	7165711.0	83.8	0.0	16.2	Urban
662777.3	7166111.0	63.9	0.0	36.1	Urban
662777.3	7166511.0	65.3	0.0	34.7	Urban
662777.3	7166911.0	25.1	0.0	74.9	Urban
662777.3	7167311.0	70.7	0.0	29.3	Urban
662777.3	7167711.0	30.0	0.0	70.0	Urban
662777.3	7168111.0	69.2	0.0	30.8	Urban
662777.3	7168511.0	64.5	0.0	35.5	Urban
662777.3	7168911.0	50.7	0.0	49.3	Urban
662777.3	7169311.0	7.1	0.0	92.9	Other
662777.3	7169711.0	6.6	0.0	93.4	Other
662777.3	7170111.0	0.4	0.0	99.6	Other
662777.3	7170511.0	41.6	0.0	58.4	Urban
662777.3	7170911.0	65.7	0.0	34.3	Urban
662777.3	7171311.0	39.0	0.0	61.0	Urban
662777.3	7171711.0	61.1	0.0	38.9	Urban
662777.3	7172111.0	58.2	0.0	41.8	Urban
662777.3	7172511.0	39.8	0.0	60.2	Urban
662777.3	7172911.0	52.3	0.0	47.7	Urban
662777.3	7173311.0	21.0	0.0	79.0	Urban
662777.3	7173711.0	84.6	0.0	15.4	Urban
662777.3	7174111.0	91.4	0.0	8.6	Urban
662777.3	7174511.0	41.9	0.0	58.1	Urban
662777.3	7174911.0	0.1	0.0	99.9	Other
662777.3	7175311.0	0.0	79.4	20.6	Water
662777.3	7175711.0	0.0	38.1	61.9	Other
662777.3	7176111.0	2.1	1.1	96.8	Other
662777.3	7176511.0	0.0	39.9	60.1	Other
662777.3	7176911.0	0.0	97.5	2.5	Water
662777.3	7177311.0	0.0	92.8	7.2	Water
662777.3	7177711.0	0.0	49.0	51.0	Other
662777.3	7178111.0	0.9	19.9	79.2	Other
662777.3	7178511.0	0.0	0.0	100.0	Other
662777.3	7178911.0	0.0	0.0	100.0	Other
662777.3	7179311.0	0.0	0.0	100.0	Other
662777.3	7179711.0	0.0	73.4	26.6	Water
662777.3	7180111.0	0.0	87.7	12.3	Water
662777.3	7180511.0	1.0	81.1	17.9	Water
662777.3	7180911.0	1.8	56.2	42.0	Water
662777.3	7181311.0	0.6	60.8	38.6	Water
662777.3	7181711.0	0.1	31.8	68.1	Other
662777.3	7182111.0	0.2	12.8	87.0	Other
662777.3	7182511.0	0.0	25.0	75.0	Other
662777.3	7182911.0	0.0	29.8	70.2	Other
662777.3	7183311.0	7.6	2.1	90.2	Other
662777.3	7183711.0	15.6	0.1	84.3	Other
662777.3	7184111.0	0.5	0.3	99.2	Other
662777.3	7184511.0	0.0	0.0	100.0	Other
662777.3	7184911.0	0.0	0.0	100.0	Other
662777.3	7185311.0	0.0	3.2	96.8	Other
662777.3	7185711.0	11.8	0.0	88.2	Other
662777.3	7186111.0	8.3	0.0	91.7	Other
662777.3	7186511.0	32.5	5.9	61.6	Urban
662777.3	7186911.0	18.6	0.0	81.4	Other
662777.3	7187311.0	0.5	0.0	99.5	Other
662777.3	7187711.0	2.3	0.0	97.7	Other
662777.3	7188111.0	0.0	0.0	100.0	Other
662777.3	7188511.0	0.1	10.0	89.9	Other
662777.3	7188911.0	0.4	3.8	95.8	Other
662777.3	7189311.0	0.2	0.0	99.8	Other
662777.3	7189711.0	0.0	0.0	100.0	Other
662777.3	7190111.0	1.0	1.7	97.3	Other
662777.3	7190511.0	11.0	0.0	89.0	Other
662777.3	7190911.0	6.9	0.0	93.1	Other
662777.3	7191311.0	3.1	0.0	96.9	Other
662777.3	7191711.0	9.3	0.0	90.7	Other
662777.3	7192111.0	2.7	0.0	97.3	Other
662777.3	7192511.0	2.6	0.0	97.4	Other
662777.3	7192911.0	23.1	0.0	76.9	Urban
662777.3	7193311.0	9.7	0.0	90.3	Other
662777.3	7193711.0	7.8	0.0	92.2	Other
662777.3	7194111.0	0.4	0.0	99.6	Other
662777.3	7194511.0	0.0	0.0	100.0	Other
662777.3	7194911.0	0.0	0.0	100.0	Other
662777.3	7195311.0	1.9	0.0	98.1	Other
662777.3	7195711.0	0.0	0.0	100.0	Other
662777.3	7196111.0	0.0	0.0	100.0	Other
662777.3	7196511.0	0.0	0.0	100.0	Other
662777.3	7196911.0	2.4	0.0	97.6	Other
662777.3	7197311.0	2.1	0.0	97.9	Other
662777.3	7197711.0	0.0	0.0	100.0	Other
662777.3	7198111.0	0.0	0.0	100.0	Other
662777.3	7198511.0	0.0	0.0	100.0	Other
662777.3	7198911.0	0.0	0.0	100.0	Other
663177.3	7158511.0	1.8	0.0	98.2	Other
663177.3	7158911.0	3.6	0.0	96.4	Other
663177.3	7159311.0	2.6	0.0	97.4	Other
663177.3	7159711.0	4.1	1.0	95.0	Other
663177.3	7160111.0	22.2	0.0	77.8	Urban
663177.3	7160511.0	9.3	0.0	90.7	Other
663177.3	7160911.0	1.6	0.0	98.4	Other
663177.3	7161311.0	0.0	0.0	100.0	Other
663177.3	7161711.0	0.0	1.9	98.1	Other
663177.3	7162111.0	0.0	0.0	100.0	Other
663177.3	7162511.0	0.0	6.1	93.9	Other
663177.3	7162911.0	0.0	11.8	88.2	Other
663177.3	7163311.0	0.0	7.0	93.0	Other
663177.3	7163711.0	0.0	30.2	69.8	Other
663177.3	7164111.0	0.0	40.7	59.3	Other
663177.3	7164511.0	3.2	1.3	95.5	Other
663177.3	7164911.0	29.4	0.0	70.6	Urban
663177.3	7165311.0	36.4	0.0	63.6	Urban
663177.3	7165711.0	27.5	0.0	72.5	Urban
663177.3	7166111.0	60.2	0.0	39.8	Urban
663177.3	7166511.0	2.0	0.0	98.0	Other
663177.3	7166911.0	36.4	0.0	63.6	Urban
663177.3	7167311.0	48.6	0.0	51.4	Urban
663177.3	7167711.0	38.5	0.0	61.5	Urban
663177.3	7168111.0	77.5	0.0	22.5	Urban
663177.3	7168511.0	4.5	0.0	95.5	Other
663177.3	7168911.0	3.0	0.3	96.7	Other
663177.3	7169311.0	0.0	0.0	100.0	Other
663177.3	7169711.0	0.0	0.0	100.0	Other
663177.3	7170111.0	7.1	0.0	92.9	Other
663177.3	7170511.0	20.7	0.0	79.3	Urban
663177.3	7170911.0	17.0	0.0	83.0	Other
663177.3	7171311.0	8.8	0.0	91.2	Other
663177.3	7171711.0	26.6	0.0	73.4	Urban
663177.3	7172111.0	20.9	0.0	79.1	Urban
663177.3	7172511.0	55.9	0.0	44.1	Urban
663177.3	7172911.0	52.0	0.0	48.0	Urban
663177.3	7173311.0	52.2	0.0	47.8	Urban
663177.3	7173711.0	54.3	0.0	45.7	Urban
663177.3	7174111.0	60.2	0.0	39.8	Urban
663177.3	7174511.0	0.0	0.0	100.0	Other
663177.3	7174911.0	0.4	1.2	98.4	Other
663177.3	7175311.0	0.3	45.7	53.9	Other
663177.3	7175711.0	1.4	50.4	48.2	Water
663177.3	7176111.0	2.2	0.0	97.8	Other
663177.3	7176511.0	1.4	0.0	98.6	Other
663177.3	7176911.0	0.0	66.1	33.9	Water
663177.3	7177311.0	0.9	81.2	17.9	Water
663177.3	7177711.0	0.0	29.0	71.0	Other
663177.3	7178111.0	0.8	19.4	79.8	Other
663177.3	7178511.0	0.0	24.1	75.9	Other
663177.3	7178911.0	0.0	7.2	92.8	Other
663177.3	7179311.0	0.0	43.9	56.1	Other
663177.3	7179711.0	0.0	97.5	2.5	Water
663177.3	7180111.0	0.0	32.4	67.6	Other
663177.3	7180511.0	2.0	0.1	97.8	Other
663177.3	7180911.0	8.6	0.0	91.4	Other
663177.3	7181311.0	2.5	0.0	97.5	Other
663177.3	7181711.0	0.0	0.0	100.0	Other
663177.3	7182111.0	0.2	0.0	99.8	Other
663177.3	7182511.0	0.0	0.0	100.0	Other
663177.3	7182911.0	1.7	0.0	98.3	Other
663177.3	7183311.0	35.1	0.0	64.9	Urban
663177.3	7183711.0	80.0	0.0	20.0	Urban
663177.3	7184111.0	7.2	0.0	92.8	Other
663177.3	7184511.0	0.3	0.0	99.7	Other
663177.3	7184911.0	1.9	0.0	98.1	Other
663177.3	7185311.0	2.5	0.0	97.5	Other
663177.3	7185711.0	3.0	0.0	97.0	Other
663177.3	7186111.0	20.6	0.0	79.4	Urban
663177.3	7186511.0	10.3	0.0	89.7	Other
663177.3	7186911.0	1.9	0.0	98.1	Other
663177.3	7187311.0	0.0	0.0	100.0	Other
663177.3	7187711.0	0.0	0.0	100.0	Other
663177.3	7188111.0	0.0	0.0	100.0	Other
663177.3	7188511.0	0.0	8.0	92.0	Other
663177.3	7188911.0	0.0	3.1	96.9	Other
663177.3	7189311.0	0.0	0.0	100.0	Other
663177.3	7189711.0	0.0	0.0	100.0	Other
663177.3	7190111.0	1.1	0.4	98.5	Other
663177.3	7190511.0	0.0	0.0	100.0	Other
663177.3	7190911.0	0.6	0.0	99.4	Other
663177.3	7191311.0	0.1	0.0	99.9	Other
663177.3	7191711.0	24.4	0.0	75.6	Urban
663177.3	7192111.0	11.1	0.0	88.9	Other
663177.3	7192511.0	0.9	0.0	99.1	Other
663177.3	7192911.0	5.0	0.0	95.0	Other
663177.3	7193311.0	1.2	0.0	98.8	Other
663177.3	7193711.0	1.0	0.0	99.0	Other
663177.3	7194111.0	1.2	0.0	98.8	Other
663177.3	7194511.0	0.0	0.0	100.0	Other
663177.3	7194911.0	0.0	0.0	100.0	Other
663177.3	7195311.0	1.1	0.0	98.9	Other
663177.3	7195711.0	0.0	0.0	100.0	Other
663177.3	7196111.0	0.0	0.0	100.0	Other
663177.3	7196511.0	0.0	0.0	100.0	Other
663177.3	7196911.0	0.0	0.0	100.0	Other
663177.3	7197311.0	0.0	0.0	100.0	Other
663177.3	7197711.0	0.0	0.0	100.0	Other
663177.3	7198111.0	0.0	0.0	100.0	Other
663177.3	7198511.0	0.0	0.6	99.4	Other
663177.3	7198911.0	1.1	1.4	97.5	Other
663577.3	7158511.0	0.0	0.5	99.5	Other
663577.3	7158911.0	0.0	0.0	100.0	Other
663577.3	7159311.0	0.1	0.0	99.9	Other
663577.3	7159711.0	7.9	0.0	92.1	Other
663577.3	7160111.0	1.7	0.0	98.3	Other
663577.3	7160511.0	0.2	0.0	99.8	Other
663577.3	7160911.0	0.1	0.0	99.9	Other
663577.3	7161311.0	0.0	0.0	100.0	Other
663577.3	7161711.0	1.0	0.5	98.5	Other
663577.3	7162111.0	0.1	6.5	93.4	Other
663577.3	7162511.0	0.0	16.1	83.9	Other
663577.3	7162911.0	0.5	17.3	82.2	Other
663577.3	7163311.0	0.0	0.0	100.0	Other
663577.3	7163711.0	5.9	0.0	94.1	Other
663577.3	7164111.0	15.8	0.0	84.2	Other
663577.3	7164511.0	56.5	0.0	43.5	Urban
663577.3	7164911.0	90.3	0.0	9.7	Urban
663577.3	7165311.0	68.8	0.0	31.2	Urban
663577.3	7165711.0	53.8	0.0	46.2	Urban
663577.3	7166111.0	57.3	0.0	42.7	Urban
663577.3	7166511.0	6.8	0.0	93.2	Other
663577.3	7166911.0	70.1	0.0	29.9	Urban
663577.3	7167311.0	98.8	0.0	1.2	Urban
663577.3	7167711.0	85.0	0.0	15.0	Urban
663577.3	7168111.0	57.1	0.0	42.9	Urban
663577.3	7168511.0	0.1	0.0	99.9	Other
663577.3	7168911.0	0.0	0.0	100.0	Other
663577.3	7169311.0	0.0	0.0	100.0	Other
663577.3	7169711.0	7.7	0.0	92.3	Other
663577.3	7170111.0	63.2	0.0	36.8	Urban
663577.3	7170511.0	67.7	0.0	32.3	Urban
663577.3	7170911.0	71.8	0.0	28.2	Urban
663577.3	7171311.0	39.8	0.0	60.2	Urban
663577.3	7171711.0	50.2	0.0	49.8	Urban
663577.3	7172111.0	48.9	0.0	51.1	Urban
663577.3	7172511.0	87.5	0.0	12.5	Urban
663577.3	7172911.0	86.0	0.0	14.0	Urban
663577.3	7173311.0	31.0	0.0	69.0	Urban
663577.3	7173711.0	34.8	0.0	65.2	Urban
663577.3	7174111.0	41.0	0.0	59.0	Urban
663577.3	7174511.0	1.6	0.0	98.4	Other
663577.3	7174911.0	4.3	0.0	95.7	Other
663577.3	7175311.0	2.3	17.4	80.3	Other
663577.3	7175711.0	3.1	2.1	94.8	Other
663577.3	7176111.0	5.3	0.0	94.7	Other
663577.3	7176511.0	13.0	0.0	87.0	Other
663577.3	7176911.0	3.6	62.9	33.5	Water
663577.3	7177311.0	0.0	94.1	5.9	Water
663577.3	7177711.0	0.0	100.0	0.0	Water
663577.3	7178111.0	0.0	99.9	0.1	Water
663577.3	7178511.0	0.0	100.0	0.0	Water
663577.3	7178911.0	0.0	98.6	1.4	Water
663577.3	7179311.0	0.0	100.0	0.0	Water
663577.3	7179711.0	0.0	100.0	0.0	Water
663577.3	7180111.0	0.2	37.3	62.5	Other
663577.3	7180511.0	0.6	0.0	99.4	Other
663577.3	7180911.0	1.5	0.0	98.5	Other
663577.3	7181311.0	0.2	0.0	99.8	Other
663577.3	7181711.0	0.0	0.0	100.0	Other
663577.3	7182111.0	0.2	0.0	99.8	Other
663577.3	7182511.0	2.1	0.0	97.9	Other
663577.3	7182911.0	7.8	0.0	92.2	Other
663577.3	7183311.0	17.0	0.2	82.8	Other
663577.3	7183711.0	24.1	0.0	75.9	Urban
663577.3	7184111.0	2.9	0.0	97.1	Other
663577.3	7184511.0	35.4	0.0	64.6	Urban
663577.3	7184911.0	0.0	0.0	100.0	Other
663577.3	7185311.0	1.2	0.0	98.8	Other
663577.3	7185711.0	30.3	0.0	69.7	Urban
663577.3	7186111.0	45.4	0.0	54.6	Urban
663577.3	7186511.0	4.6	0.0	95.4	Other
663577.3	7186911.0	0.2	0.0	99.8	Other
663577.3	7187311.0	0.0	0.0	100.0	Other
663577.3	7187711.0	0.0	0.0	100.0	Other
663577.3	7188111.0	0.0	0.0	100.0	Other
663577.3	7188511.0	2.6	0.0	97.4	Other
663577.3	7188911.0	0.0	0.0	100.0	Other
663577.3	7189311.0	5.8	0.1	94.1	Other
663577.3	7189711.0	0.5	0.0	99.5	Other
663577.3	7190111.0	0.0	0.0	100.0	Other
663577.3	7190511.0	1.1	0.0	98.9	Other
663577.3	7190911.0	0.7	0.0	99.3	Other
663577.3	7191311.0	0.8	0.0	99.2	Other
663577.3	7191711.0	10.3	0.0	89.7	Other
663577.3	7192111.0	2.4	0.0	97.6	Other
663577.3	7192511.0	11.7	0.0	88.3	Other
663577.3	7192911.0	7.5	0.0	92.5	Other
663577.3	7193311.0	5.4	0.0	94.6	Other
663577.3	7193711.0	2.0	0.0	98.0	Other
663577.3	7194111.0	0.0	0.0	100.0	Other
663577.3	7194511.0	0.0	0.0	100.0	Other
663577.3	7194911.0	0.0	0.0	100.0	Other
663577.3	7195311.0	0.0	0.0	100.0	Other
663577.3	7195711.0	1.3	0.0	98.7	Other
663577.3	7196111.0	1.2	0.0	98.8	Other
663577.3	7196511.0	0.9	0.0	99.1	Other
663577.3	7196911.0	0.4	0.0	99.6	Other
663577.3	7197311.0	0.0	0.0	100.0	Other
663577.3	7197711.0	1.1	0.0	98.9	Other
663577.3	7198111.0	0.0	0.0	100.0	Other
663577.3	7198511.0	0.0	0.0	100.0	Other
663577.3	7198911.0	1.6	13.8	84.6	Other
663977.3	7158511.0	0.0	8.9	91.1	Other
663977.3	7158911.0	0.0	0.1	99.9	Other
663977.3	7159311.0	0.0	0.0	100.0	Other
663977.3	7159711.0	0.0	0.0	100.0	Other
663977.3	7160111.0	0.0	0.0	100.0	Other
663977.3	7160511.0	0.0	0.0	100.0	Other
663977.3	7160911.0	0.0	4.4	95.6	Other
663977.3	7161311.0	0.0	18.8	81.2	Other
663977.3	7161711.0	0.0	2.9	97.1	Other
663977.3	7162111.0	0.0	7.8	92.2	Other
663977.3	7162511.0	0.6	33.7	65.8	Other
663977.3	7162911.0	0.0	19.7	80.3	Other
663977.3	7163311.0	0.6	2.5	97.0	Other
663977.3	7163711.0	28.1	0.5	71.3	Urban
663977.3	7164111.0	50.1	0.2	49.7	Urban
663977.3	7164511.0	96.0	0.0	4.0	Urban
663977.3	7164911.0	90.5	0.0	9.5	Urban
663977.3	7165311.0	92.4	0.0	7.6	Urban
663977.3	7165711.0	45.1	0.0	54.9	Urban
663977.3	7166111.0	21.1	0.0	78.9	Urban
663977.3	7166511.0	37.5	0.0	62.5	Urban
663977.3	7166911.0	62.0	0.0	38.0	Urban
663977.3	7167311.0	51.5	0.0	48.5	Urban
663977.3	7167711.0	5.5	0.0	94.5	Other
663977.3	7168111.0	28.5	0.0	71.5	Urban
663977.3	7168511.0	0.0	0.0	100.0	Other
663977.3	7168911.0	0.0	0.0	100.0	Other
663977.3	7169311.0	0.0	0.0	100.0	Other
663977.3	7169711.0	15.6	1.3	83.1	Other
663977.3	7170111.0	78.1	2.8	19.1	Urban
663977.3	7170511.0	66.7	0.8	32.5	Urban
663977.3	7170911.0	99.8	0.0	0.2	Urban
663977.3	7171311.0	92.3	0.0	7.7	Urban
663977.3	7171711.0	50.7	0.0	49.3	Urban
663977.3	7172111.0	32.1	0.0	67.9	Urban
663977.3	7172511.0	61.8	0.0	38.2	Urban
663977.3	7172911.0	67.9	0.0	32.1	Urban
663977.3	7173311.0	52.8	0.0	47.2	Urban
663977.3	7173711.0	42.4	0.0	57.6	Urban
663977.3	7174111.0	16.1	0.0	83.9	Other
663977.3	7174511.0	19.7	2.0	78.3	Other
663977.3	7174911.0	0.0	0.0	100.0	Other
663977.3	7175311.0	32.9	0.0	67.1	Urban
663977.3	7175711.0	2.5	11.0	86.4	Other
663977.3	7176111.0	0.3	0.0	99.7	Other
663977.3	7176511.0	3.9	21.3	74.9	Other
663977.3	7176911.0	0.8	48.6	50.6	Other
663977.3	7177311.0	0.6	32.8	66.6	Other
663977.3	7177711.0	0.0	84.8	15.2	Water
663977.3	7178111.0	0.0	83.1	16.9	Water
663977.3	7178511.0	0.2	39.4	60.5	Other
663977.3	7178911.0	0.0	34.5	65.5	Other
663977.3	7179311.0	0.0	31.8	68.2	Other
663977.3	7179711.0	0.0	28.7	71.3	Other
663977.3	7180111.0	0.8	12.6	86.6	Other
663977.3	7180511.0	0.4	0.0	99.6	Other
663977.3	7180911.0	1.8	0.0	98.2	Other
663977.3	7181311.0	0.0	0.0	100.0	Other
663977.3	7181711.0	0.0	0.0	100.0	Other
663977.3	7182111.0	0.6	0.0	99.4	Other
663977.3	7182511.0	16.5	0.0	83.5	Other
663977.3	7182911.0	7.9	0.0	92.1	Other
663977.3	7183311.0	25.6	1.5	73.0	Urban
663977.3	7183711.0	11.1	0.1	88.8	Other
663977.3	7184111.0	48.6	0.0	51.4	Urban
663977.3	7184511.0	5.4	0.0	94.6	Other
663977.3	7184911.0	27.7	0.0	72.3	Urban
663977.3	7185311.0	54.2	0.0	45.8	Urban
663977.3	7185711.0	63.2	0.0	36.8	Urban
663977.3	7186111.0	63.4	0.9	35.7	Urban
663977.3	7186511.0	18.5	0.0	81.5	Other
663977.3	7186911.0	7.8	0.0	92.2	Other
663977.3	7187311.0	1.7	0.0	98.3	Other
663977.3	7187711.0	2.0	0.0	98.0	Other
663977.3	7188111.0	0.0	0.0	100.0	Other
663977.3	7188511.0	0.0	0.0	100.0	Other
663977.3	7188911.0	3.5	0.0	96.5	Other
663977.3	7189311.0	9.8	0.0	90.2	Other
663977.3	7189711.0	5.3	0.0	94.7	Other
663977.3	7190111.0	0.7	0.0	99.3	Other
663977.3	7190511.0	4.3	0.0	95.7	Other
663977.3	7190911.0	4.2	0.0	95.8	Other
663977.3	7191311.0	6.3	0.0	93.7	Other
663977.3	7191711.0	28.8	0.0	71.2	Urban
663977.3	7192111.0	23.3	0.0	76.7	Urban
663977.3	7192511.0	3.5	0.0	96.5	Other
663977.3	7192911.0	2.1	0.0	97.9	Other
663977.3	7193311.0	0.3	0.0	99.7	Other
663977.3	7193711.0	0.0	0.0	100.0	Other
663977.3	7194111.0	0.0	0.0	100.0	Other
663977.3	7194511.0	0.0	0.0	100.0	Other
663977.3	7194911.0	0.0	0.0	100.0	Other
663977.3	7195311.0	0.0	0.0	100.0	Other
663977.3	7195711.0	0.0	0.0	100.0	Other
663977.3	7196111.0	7.2	1.5	91.3	Other
663977.3	7196511.0	0.1	0.0	99.9	Other
663977.3	7196911.0	0.0	0.0	100.0	Other
663977.3	7197311.0	0.0	0.0	100.0	Other
663977.3	7197711.0	0.0	0.5	99.5	Other
663977.3	7198111.0	0.0	0.0	100.0	Other
663977.3	7198511.0	0.0	0.0	100.0	Other
663977.3	7198911.0	0.0	0.0	100.0	Other
664377.3	7158511.0	7.8	0.0	92.2	Other
664377.3	7158911.0	2.9	0.0	97.1	Other
664377.3	7159311.0	0.0	0.0	99.9	Other
664377.3	7159711.0	0.0	1.0	99.0	Other
664377.3	7160111.0	0.0	0.0	100.0	Other
664377.3	7160511.0	0.0	0.0	100.0	Other
664377.3	7160911.0	0.0	0.3	99.7	Other
664377.3	7161311.0	0.0	0.0	100.0	Other
664377.3	7161711.0	0.0	0.0	100.0	Other
664377.3	7162111.0	0.0	1.1	98.9	Other
664377.3	7162511.0	0.9	2.7	96.4	Other
664377.3	7162911.0	0.0	6.3	93.7	Other
664377.3	7163311.0	0.0	5.2	94.8	Other
664377.3	7163711.0	2.8	4.1	93.1	Other
664377.3	7164111.0	1.0	29.9	69.1	Other
664377.3	7164511.0	11.4	2.4	86.2	Other
664377.3	7164911.0	19.6	0.0	80.4	Other
664377.3	7165311.0	27.4	0.0	72.6	Urban
664377.3	7165711.0	8.2	0.0	91.8	Other
664377.3	7166111.0	43.6	0.0	56.4	Urban
664377.3	7166511.0	23.7	0.0	76.3	Urban
664377.3	7166911.0	29.4	0.0	70.6	Urban
664377.3	7167311.0	11.7	0.0	88.3	Other
664377.3	7167711.0	15.6	0.0	84.4	Other
664377.3	7168111.0	43.0	0.0	57.0	Urban
664377.3	7168511.0	23.1	0.0	76.9	Urban
664377.3	7168911.0	0.0	0.0	100.0	Other
664377.3	7169311.0	0.0	0.0	100.0	Other
664377.3	7169711.0	15.6	0.0	84.4	Other
664377.3	7170111.0	84.2	0.0	15.8	Urban
664377.3	7170511.0	93.0	0.0	7.0	Urban
664377.3	7170911.0	94.5	0.0	5.5	Urban
664377.3	7171311.0	90.9	0.0	9.1	Urban
664377.3	7171711.0	55.9	0.0	44.1	Urban
664377.3	7172111.0	38.5	0.0	61.5	Urban
664377.3	7172511.0	39.6	0.0	60.4	Urban
664377.3	7172911.0	19.1	0.0	80.9	Other
664377.3	7173311.0	39.6	0.0	60.4	Urban
664377.3	7173711.0	53.8	0.0	46.2	Urban
664377.3	7174111.0	59.6	0.0	40.4	Urban
664377.3	7174511.0	50.3	0.0	49.7	Urban
664377.3	7174911.0	25.8	0.0	74.2	Urban
664377.3	7175311.0	32.3	0.0	67.7	Urban
664377.3	7175711.0	0.0	0.0	100.0	Other
664377.3	7176111.0	0.0	0.0	100.0	Other
664377.3	7176511.0	2.6	5.5	91.9	Other
664377.3	7176911.0	1.5	4.2	94.3	Other
664377.3	7177311.0	0.7	8.0	91.2	Other
664377.3	7177711.0	0.0	16.4	83.6	Other
664377.3	7178111.0	0.0	22.5	77.5	Other
664377.3	7178511.0	2.2	5.5	92.3	Other
664377.3	7178911.0	1.2	0.0	98.8	Other
664377.3	7179311.0	1.0	0.0	99.0	Other
664377.3	7179711.0	3.2	0.0	96.8	Other
664377.3	7180111.0	4.4	0.0	95.6	Other
664377.3	7180511.0	0.6	0.0	99.4	Other
664377.3	7180911.0	0.1	0.0	99.9	Other
664377.3	7181311.0	2.3	0.0	97.7	Other
664377.3	7181711.0	0.1	0.0	99.9	Other
664377.3	7182111.0	9.6	0.0	90.4	Other
664377.3	7182511.0	20.7	0.0	79.3	Urban
664377.3	7182911.0	58.0	0.0	42.0	Urban
664377.3	7183311.0	89.4	0.0	10.6	Urban
664377.3	7183711.0	74.4	0.0	25.6	Urban
664377.3	7184111.0	76.2	0.0	23.8	Urban
664377.3	7184511.0	43.2	0.0	56.8	Urban
664377.3	7184911.0	48.3	0.0	51.7	Urban
664377.3	7185311.0	71.6	0.0	28.4	Urban
664377.3	7185711.0	92.9	0.0	7.1	Urban
664377.3	7186111.0	59.3	0.0	40.7	Urban
664377.3	7186511.0	45.0	0.0	55.0	Urban
664377.3	7186911.0	41.2	0.0	58.8	Urban
664377.3	7187311.0	46.4	0.0	53.6	Urban
664377.3	7187711.0	25.3	0.0	74.7	Urban
664377.3	7188111.0	8.3	0.0	91.7	Other
664377.3	7188511.0	14.2	0.0	85.8	Other
664377.3	7188911.0	22.0	0.0	78.0	Urban
664377.3	7189311.0	10.7	0.0	89.3	Other
664377.3	7189711.0	21.4	0.0	78.6	Urban
664377.3	7190111.0	2.3	0.0	97.7	Other
664377.3	7190511.0	14.1	0.0	85.9	Other
664377.3	7190911.0	11.8	0.0	88.2	Other
664377.3	7191311.0	2.5	0.0	97.5	Other
664377.3	7191711.0	84.2	0.0	15.8	Urban
664377.3	7192111.0	12.0	0.0	88.0	Other
664377.3	7192511.0	0.0	0.0	100.0	Other
664377.3	7192911.0	16.0	0.0	84.0	Other
664377.3	7193311.0	11.5	0.0	88.5	Other
664377.3	7193711.0	2.1	0.0	97.9	Other
664377.3	7194111.0	0.0	0.0	100.0	Other
664377.3	7194511.0	0.0	0.0	100.0	Other
664377.3	7194911.0	1.1	0.0	98.9	Other
664377.3	7195311.0	0.9	0.0	99.1	Other
664377.3	7195711.0	0.0	0.0	100.0	Other
664377.3	7196111.0	0.0	0.0	100.0	Other
664377.3	7196511.0	1.3	0.0	98.7	Other
664377.3	7196911.0	0.0	0.0	100.0	Other
664377.3	7197311.0	0.0	0.0	100.0	Other
664377.3	7197711.0	0.0	0.0	100.0	Other
664377.3	7198111.0	0.0	0.0	100.0	Other
664377.3	7198511.0	0.0	0.0	100.0	Other
664377.3	7198911.0	0.0	0.0	100.0	Other
664777.3	7158511.0	0.9	0.0	99.1	Other
664777.3	7158911.0	0.1	0.0	99.9	Other
664777.3	7159311.0	1.9	2.2	96.0	Other
664777.3	7159711.0	0.4	0.0	99.6	Other
664777.3	7160111.0	0.0	0.0	100.0	Other
664777.3	7160511.0	0.0	0.0	100.0	Other
664777.3	7160911.0	0.1	0.0	99.9	Other
664777.3	7161311.0	0.0	0.1	99.9	Other
664777.3	7161711.0	0.0	0.4	99.6	Other
664777.3	7162111.0	0.0	0.0	100.0	Other
664777.3	7162511.0	0.0	1.3	98.7	Other
664777.3	7162911.0	0.0	7.4	92.6	Other
664777.3	7163311.0	0.0	0.2	99.8	Other
664777.3	7163711.0	0.7	2.9	96.4	Other
664777.3	7164111.0	0.3	39.2	60.5	Other
664777.3	7164511.0	9.8	0.2	89.9	Other
664777.3	7164911.0	18.8	0.0	81.2	Other
664777.3	7165311.0	30.9	0.0	69.1	Urban
664777.3	7165711.0	35.4	0.0	64.5	Urban
664777.3	7166111.0	14.6	0.0	85.4	Other
664777.3	7166511.0	6.9	0.0	93.1	Other
664777.3	7166911.0	0.4	0.0	99.6	Other
664777.3	7167311.0	3.4	0.0	96.6	Other
664777.3	7167711.0	3.9	0.0	96.1	Other
664777.3	7168111.0	16.7	0.0	83.3	Other
664777.3	7168511.0	29.9	0.0	70.1	Urban
664777.3	7168911.0	0.4	0.0	99.6	Other
664777.3	7169311.0	0.0	0.0	100.0	Other
664777.3	7169711.0	5.1	0.0	94.9	Other
664777.3	7170111.0	52.3	0.0	47.7	Urban
664777.3	7170511.0	80.6	0.0	19.4	Urban
664777.3	7170911.0	88.5	0.0	11.5	Urban
664777.3	7171311.0	93.1	0.0	6.9	Urban
664777.3	7171711.0	80.8	0.6	18.6	Urban
664777.3	7172111.0	69.1	0.0	30.9	Urban
664777.3	7172511.0	83.2	0.0	16.8	Urban
664777.3	7172911.0	25.8	0.0	74.2	Urban
664777.3	7173311.0	22.7	0.0	77.3	Urban
664777.3	7173711.0	27.6	0.0	72.4	Urban
664777.3	7174111.0	47.3	0.0	52.7	Urban
664777.3	7174511.0	34.4	0.0	65.6	Urban
664777.3	7174911.0	73.7	0.0	26.3	Urban
664777.3	7175311.0	37.2	0.0	62.8	Urban
664777.3	7175711.0	0.1	0.0	99.9	Other
664777.3	7176111.0	9.0	0.0	91.0	Other
664777.3	7176511.0	1.5	0.0	98.5	Other
664777.3	7176911.0	1.6	0.0	98.4	Other
664777.3	7177311.0	0.5	0.0	99.5	Other
664777.3	7177711.0	1.2	0.0	98.8	Other
664777.3	7178111.0	2.6	0.0	97.4	Other
664777.3	7178511.0	0.2	0.0	99.8	Other
664777.3	7178911.0	0.5	0.0	99.5	Other
664777.3	7179311.0	0.2	0.0	99.8	Other
664777.3	7179711.0	8.5	0.0	91.5	Other
664777.3	7180111.0	7.1	0.0	92.9	Other
664777.3	7180511.0	0.0	0.0	100.0	Other
664777.3	7180911.0	19.8	0.0	80.2	Other
664777.3	7181311.0	56.2	0.0	43.8	Urban
664777.3	7181711.0	33.5	0.0	66.5	Urban
664777.3	7182111.0	9.8	0.0	90.2	Other
664777.3	7182511.0	53.2	0.0	46.8	Urban
664777.3	7182911.0	39.3	0.0	60.7	Urban
664777.3	7183311.0	69.4	0.0	30.6	Urban
664777.3	7183711.0	76.8	0.0	23.2	Urban
664777.3	7184111.0	68.6	0.0	31.4	Urban
664777.3	7184511.0	78.0	0.0	22.0	Urban
664777.3	7184911.0	73.6	0.0	26.4	Urban
664777.3	7185311.0	68.2	0.0	31.8	Urban
664777.3	7185711.0	94.8	0.0	5.2	Urban
664777.3	7186111.0	54.4	0.0	45.6	Urban
664777.3	7186511.0	69.2	0.0	30.8	Urban
664777.3	7186911.0	88.5	0.0	11.5	Urban
664777.3	7187311.0	75.4	0.0	24.6	Urban
664777.3	7187711.0	91.3	0.0	8.7	Urban
664777.3	7188111.0	56.1	0.0	43.9	Urban
664777.3	7188511.0	40.6	0.0	59.4	Urban
664777.3	7188911.0	34.1	0.0	65.9	Urban
664777.3	7189311.0	35.7	0.0	64.3	Urban
664777.3	7189711.0	42.9	0.0	57.1	Urban
664777.3	7190111.0	10.7	0.0	89.3	Other
664777.3	7190511.0	3.9	0.0	96.1	Other
664777.3	7190911.0	33.9	0.0	66.1	Urban
664777.3	7191311.0	49.6	0.0	50.4	Urban
664777.3	7191711.0	40.4	0.0	59.6	Urban
664777.3	7192111.0	31.7	0.0	68.3	Urban
664777.3	7192511.0	14.9	0.0	85.1	Other
664777.3	7192911.0	56.7	0.0	43.3	Urban
664777.3	7193311.0	16.1	0.0	83.9	Other
664777.3	7193711.0	0.0	0.0	100.0	Other
664777.3	7194111.0	0.0	0.0	100.0	Other
664777.3	7194511.0	0.0	0.0	100.0	Other
664777.3	7194911.0	0.0	0.0	100.0	Other
664777.3	7195311.0	0.9	0.0	99.1	Other
664777.3	7195711.0	0.7	0.0	99.3	Other
664777.3	7196111.0	4.6	0.0	95.4	Other
664777.3	7196511.0	0.1	0.0	99.9	Other
664777.3	7196911.0	0.6	0.0	99.4	Other
664777.3	7197311.0	0.0	0.0	100.0	Other
664777.3	7197711.0	0.0	0.0	100.0	Other
664777.3	7198111.0	0.0	0.0	100.0	Other
664777.3	7198511.0	0.0	0.0	100.0	Other
664777.3	7198911.0	0.0	0.0	100.0	Other
665177.3	7158511.0	0.1	0.0	99.9	Other
665177.3	7158911.0	0.0	0.0	100.0	Other
665177.3	7159311.0	0.0	0.0	100.0	Other
665177.3	7159711.0	1.1	0.0	98.9	Other
665177.3	7160111.0	0.0	0.0	100.0	Other
665177.3	7160511.0	2.4	0.0	97.6	Other
665177.3	7160911.0	0.8	0.0	99.2	Other
665177.3	7161311.0	0.6	0.0	99.4	Other
665177.3	7161711.0	0.6	0.0	99.4	Other
665177.3	7162111.0	4.3	0.0	95.6	Other
665177.3	7162511.0	0.0	0.7	99.3	Other
665177.3	7162911.0	0.3	8.2	91.5	Other
665177.3	7163311.0	3.5	0.0	96.5	Other
665177.3	7163711.0	16.2	0.0	83.8	Other
665177.3	7164111.0	0.4	0.0	99.6	Other
665177.3	7164511.0	0.0	0.0	100.0	Other
665177.3	7164911.0	14.0	0.0	86.0	Other
665177.3	7165311.0	72.5	0.0	27.5	Urban
665177.3	7165711.0	94.2	0.0	5.8	Urban
665177.3	7166111.0	14.6	3.9	81.5	Other
665177.3	7166511.0	0.0	0.0	100.0	Other
665177.3	7166911.0	0.0	0.0	100.0	Other
665177.3	7167311.0	3.6	0.0	96.4	Other
665177.3	7167711.0	0.0	0.0	100.0	Other
665177.3	7168111.0	0.0	0.0	100.0	Other
665177.3	7168511.0	5.1	0.0	94.9	Other
665177.3	7168911.0	45.0	0.0	55.0	Urban
665177.3	7169311.0	0.0	0.0	100.0	Other
665177.3	7169711.0	14.1	0.0	85.9	Other
665177.3	7170111.0	35.7	0.0	64.3	Urban
665177.3	7170511.0	32.7	0.0	67.3	Urban
665177.3	7170911.0	41.0	8.5	50.5	Urban
665177.3	7171311.0	78.4	0.0	21.6	Urban
665177.3	7171711.0	49.1	0.0	50.9	Urban
665177.3	7172111.0	49.4	0.0	50.6	Urban
665177.3	7172511.0	92.1	0.0	7.9	Urban
665177.3	7172911.0	54.3	0.0	45.7	Urban
665177.3	7173311.0	59.3	0.0	40.7	Urban
665177.3	7173711.0	4.4	0.0	95.6	Other
665177.3	7174111.0	5.6	0.0	94.4	Other
665177.3	7174511.0	33.4	0.0	66.6	Urban
665177.3	7174911.0	42.8	0.0	57.2	Urban
665177.3	7175311.0	53.8	0.0	46.2	Urban
665177.3	7175711.0	22.8	0.0	77.2	Urban
665177.3	7176111.0	46.9	0.0	53.1	Urban
665177.3	7176511.0	7.9	0.0	92.1	Other
665177.3	7176911.0	3.6	0.0	96.4	Other
665177.3	7177311.0	1.7	0.0	98.3	Other
665177.3	7177711.0	10.3	0.0	89.7	Other
665177.3	7178111.0	34.5	0.0	65.5	Urban
665177.3	7178511.0	13.6	0.0	86.4	Other
665177.3	7178911.0	20.5	0.6	78.9	Urban
665177.3	7179311.0	0.1	0.2	99.7	Other
665177.3	7179711.0	39.2	0.0	60.8	Urban
665177.3	7180111.0	18.3	0.0	81.7	Other
665177.3	7180511.0	34.3	0.0	65.7	Urban
665177.3	7180911.0	56.8	0.0	43.2	Urban
665177.3	7181311.0	37.1	0.0	62.9	Urban
665177.3	7181711.0	33.7	0.0	66.3	Urban
665177.3	7182111.0	43.8	0.0	56.1	Urban
665177.3	7182511.0	56.6	0.0	43.4	Urban
665177.3	7182911.0	82.5	0.0	17.5	Urban
665177.3	7183311.0	59.8	0.0	40.2	Urban
665177.3	7183711.0	47.9	0.0	52.1	Urban
665177.3	7184111.0	49.3	6.1	44.6	Urban
665177.3	7184511.0	55.6	8.7	35.7	Urban
665177.3	7184911.0	71.4	0.9	27.7	Urban
665177.3	7185311.0	95.2	0.0	4.8	Urban
665177.3	7185711.0	97.6	0.0	2.4	Urban
665177.3	7186111.0	30.2	0.0	69.8	Urban
665177.3	7186511.0	59.5	0.0	40.5	Urban
665177.3	7186911.0	83.4	0.0	16.6	Urban
665177.3	7187311.0	69.5	0.0	30.5	Urban
665177.3	7187711.0	86.3	0.0	13.7	Urban
665177.3	7188111.0	85.2	0.0	14.8	Urban
665177.3	7188511.0	56.1	0.0	43.9	Urban
665177.3	7188911.0	25.6	0.0	74.4	Urban
665177.3	7189311.0	22.9	0.0	77.1	Urban
665177.3	7189711.0	48.5	0.0	51.5	Urban
665177.3	7190111.0	46.3	0.0	53.7	Urban
665177.3	7190511.0	52.3	0.0	47.7	Urban
665177.3	7190911.0	26.9	0.0	73.1	Urban
665177.3	7191311.0	10.6	0.0	89.4	Other
665177.3	7191711.0	50.4	0.0	49.6	Urban
665177.3	7192111.0	80.7	0.0	19.3	Urban
665177.3	7192511.0	82.4	0.0	17.6	Urban
665177.3	7192911.0	72.7	0.0	27.3	Urban
665177.3	7193311.0	10.3	0.0	89.7	Other
665177.3	7193711.0	5.1	0.0	94.9	Other
665177.3	7194111.0	7.8	0.0	92.2	Other
665177.3	7194511.0	0.0	0.0	100.0	Other
665177.3	7194911.0	0.0	0.0	100.0	Other
665177.3	7195311.0	0.0	0.0	100.0	Other
665177.3	7195711.0	0.0	0.0	100.0	Other
665177.3	7196111.0	0.0	0.0	100.0	Other
665177.3	7196511.0	0.0	0.0	100.0	Other
665177.3	7196911.0	0.0	0.0	100.0	Other
665177.3	7197311.0	0.0	0.0	100.0	Other
665177.3	7197711.0	0.2	0.0	99.8	Other
665177.3	7198111.0	1.3	0.6	98.1	Other
665177.3	7198511.0	1.0	0.0	99.0	Other
665177.3	7198911.0	2.3	0.8	96.9	Other
665577.3	7158511.0	0.0	0.0	100.0	Other
665577.3	7158911.0	0.0	0.0	100.0	Other
665577.3	7159311.0	0.0	0.0	100.0	Other
665577.3	7159711.0	0.0	0.0	100.0	Other
665577.3	7160111.0	3.0	0.0	97.0	Other
665577.3	7160511.0	1.8	0.0	98.2	Other
665577.3	7160911.0	0.1	0.0	99.9	Other
665577.3	7161311.0	0.0	0.0	100.0	Other
665577.3	7161711.0	0.0	1.3	98.7	Other
665577.3	7162111.0	8.0	4.8	87.2	Other
665577.3	7162511.0	0.0	10.8	89.2	Other
665577.3	7162911.0	0.0	0.0	100.0	Other
665577.3	7163311.0	0.0	10.3	89.7	Other
665577.3	7163711.0	0.2	4.2	95.6	Other
665577.3	7164111.0	16.7	0.0	83.3	Other
665577.3	7164511.0	24.6	0.0	75.4	Urban
665577.3	7164911.0	13.0	0.0	87.0	Other
665577.3	7165311.0	19.3	0.0	80.7	Other
665577.3	7165711.0	40.0	0.0	60.0	Urban
665577.3	7166111.0	0.6	0.0	99.4	Other
665577.3	7166511.0	0.7	0.2	99.0	Other
665577.3	7166911.0	0.0	2.9	97.1	Other
665577.3	7167311.0	0.0	0.0	100.0	Other
665577.3	7167711.0	0.0	0.0	100.0	Other
665577.3	7168111.0	0.0	0.0	100.0	Other
665577.3	7168511.0	0.0	0.0	100.0	Other
665577.3	7168911.0	3.3	0.0	96.7	Other
665577.3	7169311.0	0.0	0.0	100.0	Other
665577.3	7169711.0	35.1	0.0	64.9	Urban
665577.3	7170111.0	42.6	3.8	53.6	Urban
665577.3	7170511.0	30.5	3.3	66.2	Urban
665577.3	7170911.0	33.1	11.0	56.0	Urban
665577.3	7171311.0	9.1	2.0	88.8	Other
665577.3	7171711.0	0.0	2.4	97.6	Other
665577.3	7172111.0	37.9	0.0	62.1	Urban
665577.3	7172511.0	93.5	0.0	6.5	Urban
665577.3	7172911.0	58.9	0.0	41.1	Urban
665577.3	7173311.0	85.6	0.0	14.4	Urban
665577.3	7173711.0	12.4	0.0	87.6	Other
665577.3	7174111.0	0.9	0.0	99.1	Other
665577.3	7174511.0	21.3	0.0	78.7	Urban
665577.3	7174911.0	11.3	0.0	88.7	Other
665577.3	7175311.0	34.9	0.7	64.4	Urban
665577.3	7175711.0	55.1	0.0	44.9	Urban
665577.3	7176111.0	53.5	0.0	46.5	Urban
665577.3	7176511.0	5.9	0.0	94.1	Other
665577.3	7176911.0	19.9	0.0	80.1	Other
665577.3	7177311.0	46.8	0.0	53.2	Urban
665577.3	7177711.0	51.0	0.0	49.0	Urban
665577.3	7178111.0	78.9	0.0	21.1	Urban
665577.3	7178511.0	65.5	0.0	34.5	Urban
665577.3	7178911.0	54.1	0.2	45.7	Urban
665577.3	7179311.0	39.8	0.0	60.1	Urban
665577.3	7179711.0	49.1	0.0	50.9	Urban
665577.3	7180111.0	83.9	0.0	16.1	Urban
665577.3	7180511.0	98.0	0.0	2.0	Urban
665577.3	7180911.0	88.1	0.0	11.9	Urban
665577.3	7181311.0	54.5	0.1	45.4	Urban
665577.3	7181711.0	66.9	0.0	33.1	Urban
665577.3	7182111.0	78.3	0.0	21.7	Urban
665577.3	7182511.0	72.5	0.0	27.5	Urban
665577.3	7182911.0	68.7	0.0	31.3	Urban
665577.3	7183311.0	57.4	0.0	42.6	Urban
665577.3	7183711.0	82.1	0.0	17.9	Urban
665577.3	7184111.0	76.3	0.0	23.7	Urban
665577.3	7184511.0	44.2	0.0	55.8	Urban
665577.3	7184911.0	61.1	0.0	38.9	Urban
665577.3	7185311.0	72.7	0.0	27.3	Urban
665577.3	7185711.0	95.4	0.0	4.6	Urban
665577.3	7186111.0	74.0	0.0	26.0	Urban
665577.3	7186511.0	72.5	0.0	27.5	Urban
665577.3	7186911.0	87.6	0.0	12.4	Urban
665577.3	7187311.0	56.8	0.0	43.2	Urban
665577.3	7187711.0	71.3	0.0	28.7	Urban
665577.3	7188111.0	78.7	0.0	21.3	Urban
665577.3	7188511.0	90.6	0.0	9.4	Urban
665577.3	7188911.0	23.5	0.0	76.5	Urban
665577.3	7189311.0	43.8	0.0	56.2	Urban
665577.3	7189711.0	15.2	0.0	84.8	Other
665577.3	7190111.0	40.1	0.0	59.9	Urban
665577.3	7190511.0	72.5	0.0	27.5	Urban
665577.3	7190911.0	62.4	0.0	37.6	Urban
665577.3	7191311.0	12.2	0.0	87.8	Other
665577.3	7191711.0	7.9	1.9	90.3	Other
665577.3	7192111.0	0.2	5.5	94.3	Other
665577.3	7192511.0	16.3	0.0	83.7	Other
665577.3	7192911.0	57.5	0.0	42.5	Urban
665577.3	7193311.0	13.5	0.0	86.5	Other
665577.3	7193711.0	4.2	0.0	95.8	Other
665577.3	7194111.0	0.4	0.0	99.6	Other
665577.3	7194511.0	0.4	0.0	99.6	Other
665577.3	7194911.0	0.0	0.0	100.0	Other
665577.3	7195311.0	0.0	0.0	100.0	Other
665577.3	7195711.0	0.0	0.0	100.0	Other
665577.3	7196111.0	0.0	0.0	100.0	Other
665577.3	7196511.0	0.0	0.0	100.0	Other
665577.3	7196911.0	0.0	0.0	100.0	Other
665577.3	7197311.0	0.4	0.0	99.6	Other
665577.3	7197711.0	0.5	0.0	99.5	Other
665577.3	7198111.0	0.0	0.1	99.9	Other
665577.3	7198511.0	0.0	0.0	100.0	Other
665577.3	7198911.0	0.9	0.0	99.1	Other
665977.3	7158511.0	0.4	0.0	99.6	Other
665977.3	7158911.0	1.9	0.0	98.1	Other
665977.3	7159311.0	3.1	0.0	96.9	Other
665977.3	7159711.0	14.5	0.0	85.5	Other
665977.3	7160111.0	0.1	0.0	99.9	Other
665977.3	7160511.0	1.1	0.0	98.9	Other
665977.3	7160911.0	0.1	0.0	99.9	Other
665977.3	7161311.0	0.0	0.0	100.0	Other
665977.3	7161711.0	0.0	0.0	100.0	Other
665977.3	7162111.0	0.0	0.0	100.0	Other
665977.3	7162511.0	0.0	18.1	81.9	Other
665977.3	7162911.0	0.0	0.0	100.0	Other
665977.3	7163311.0	0.0	4.6	95.4	Other
665977.3	7163711.0	0.0	10.6	89.4	Other
665977.3	7164111.0	0.0	0.7	99.3	Other
665977.3	7164511.0	8.2	0.0	91.8	Other
665977.3	7164911.0	5.3	0.0	94.7	Other
665977.3	7165311.0	20.8	0.0	79.2	Urban
665977.3	7165711.0	15.4	0.0	84.6	Other
665977.3	7166111.0	1.8	0.0	98.2	Other
665977.3	7166511.0	2.5	0.0	97.5	Other
665977.3	7166911.0	5.6	0.0	94.4	Other
665977.3	7167311.0	0.0	1.2	98.8	Other
665977.3	7167711.0	5.6	0.0	94.4	Other
665977.3	7168111.0	42.1	0.0	57.9	Urban
665977.3	7168511.0	14.2	0.1	85.7	Other
665977.3	7168911.0	0.0	0.5	99.5	Other
665977.3	7169311.0	0.0	0.0	100.0	Other
665977.3	7169711.0	6.1	0.0	93.9	Other
665977.3	7170111.0	2.8	0.0	97.2	Other
665977.3	7170511.0	16.4	0.0	83.6	Other
665977.3	7170911.0	4.6	0.0	95.4	Other
665977.3	7171311.0	3.4	0.0	96.6	Other
665977.3	7171711.0	2.2	0.0	97.8	Other
665977.3	7172111.0	7.2	0.0	92.8	Other
665977.3	7172511.0	76.3	0.0	23.7	Urban
665977.3	7172911.0	16.1	0.0	83.9	Other
665977.3	7173311.0	33.0	0.0	67.0	Urban
665977.3	7173711.0	16.7	0.0	83.3	Other
665977.3	7174111.0	0.0	0.0	100.0	Other
665977.3	7174511.0	20.3	0.0	79.7	Urban
665977.3	7174911.0	0.1	0.0	99.9	Other
665977.3	7175311.0	63.8	0.0	36.2	Urban
665977.3	7175711.0	13.2	0.0	86.8	Other
665977.3	7176111.0	18.9	0.0	81.1	Other
665977.3	7176511.0	42.2	0.0	57.8	Urban
665977.3	7176911.0	16.8	0.1	83.0	Other
665977.3	7177311.0	37.7	0.0	62.3	Urban
665977.3	7177711.0	21.8	0.0	78.2	Urban
665977.3	7178111.0	47.7	0.0	52.3	Urban
665977.3	7178511.0	78.8	0.0	21.2	Urban
665977.3	7178911.0	82.0	0.0	18.0	Urban
665977.3	7179311.0	98.9	0.0	1.1	Urban
665977.3	7179711.0	57.1	0.0	42.9	Urban
665977.3	7180111.0	96.2	0.0	3.8	Urban
665977.3	7180511.0	91.9	0.0	8.1	Urban
665977.3	7180911.0	94.1	0.0	5.9	Urban
665977.3	7181311.0	87.3	0.0	12.7	Urban
665977.3	7181711.0	68.1	0.0	31.9	Urban
665977.3	7182111.0	24.3	0.0	75.7	Urban
665977.3	7182511.0	9.8	0.0	90.2	Other
665977.3	7182911.0	93.3	0.0	6.7	Urban
665977.3	7183311.0	72.5	0.0	27.5	Urban
665977.3	7183711.0	54.0	0.0	46.0	Urban
665977.3	7184111.0	41.9	0.0	58.1	Urban
665977.3	7184511.0	55.0	0.0	45.0	Urban
665977.3	7184911.0	27.3	0.0	72.7	Urban
665977.3	7185311.0	81.8	0.0	18.1	Urban
665977.3	7185711.0	84.6	0.0	15.4	Urban
665977.3	7186111.0	42.2	0.0	57.8	Urban
665977.3	7186511.0	78.4	0.0	21.6	Urban
665977.3	7186911.0	68.0	0.0	32.0	Urban
665977.3	7187311.0	80.0	0.0	20.0	Urban
665977.3	7187711.0	74.1	0.0	25.9	Urban
665977.3	7188111.0	84.0	0.0	16.0	Urban
665977.3	7188511.0	76.7	0.0	23.3	Urban
665977.3	7188911.0	83.1	0.0	16.9	Urban
665977.3	7189311.0	79.1	0.0	20.9	Urban
665977.3	7189711.0	55.3	0.0	44.7	Urban
665977.3	7190111.0	64.4	0.0	35.6	Urban
665977.3	7190511.0	83.9	0.0	16.1	Urban
665977.3	7190911.0	40.4	0.0	59.6	Urban
665977.3	7191311.0	22.0	0.0	78.0	Urban
665977.3	7191711.0	0.6	0.0	99.4	Other
665977.3	7192111.0	0.1	0.0	99.9	Other
665977.3	7192511.0	0.0	0.0	100.0	Other
665977.3	7192911.0	8.0	0.0	92.0	Other
665977.3	7193311.0	2.2	0.0	97.8	Other
665977.3	7193711.0	8.5	0.0	91.5	Other
665977.3	7194111.0	6.0	0.0	94.0	Other
665977.3	7194511.0	0.0	0.0	100.0	Other
665977.3	7194911.0	0.0	0.0	100.0	Other
665977.3	7195311.0	0.0	0.0	100.0	Other
665977.3	7195711.0	0.0	0.0	100.0	Other
665977.3	7196111.0	0.2	4.4	95.3	Other
665977.3	7196511.0	1.7	0.0	98.3	Other
665977.3	7196911.0	0.0	0.0	100.0	Other
665977.3	7197311.0	0.0	0.0	100.0	Other
665977.3	7197711.0	0.0	0.0	100.0	Other
665977.3	7198111.0	0.0	0.0	100.0	Other
665977.3	7198511.0	1.3	0.0	98.7	Other
665977.3	7198911.0	0.0	0.0	100.0	Other
666377.3	7158511.0	0.0	0.0	100.0	Other
666377.3	7158911.0	1.0	0.0	99.0	Other
666377.3	7159311.0	4.6	0.0	95.4	Other
666377.3	7159711.0	17.5	0.0	82.5	Other
666377.3	7160111.0	0.0	0.0	100.0	Other
666377.3	7160511.0	3.4	0.0	96.6	Other
666377.3	7160911.0	16.4	0.0	83.6	Other
666377.3	7161311.0	0.6	0.0	99.4	Other
666377.3	7161711.0	0.0	0.0	100.0	Other
666377.3	7162111.0	0.0	0.5	99.5	Other
666377.3	7162511.0	0.0	2.8	97.2	Other
666377.3	7162911.0	0.0	5.5	94.5	Other
666377.3	7163311.0	0.0	0.0	100.0	Other
666377.3	7163711.0	0.0	6.1	93.9	Other
666377.3	7164111.0	0.0	0.1	99.9	Other
666377.3	7164511.0	0.0	6.6	93.4	Other
666377.3	7164911.0	0.0	0.0	100.0	Other
666377.3	7165311.0	0.0	0.0	100.0	Other
666377.3	7165711.0	10.6	0.0	89.4	Other
666377.3	7166111.0	39.0	0.0	61.0	Urban
666377.3	7166511.0	8.6	0.0	91.4	Other
666377.3	7166911.0	7.6	0.0	92.4	Other
666377.3	7167311.0	0.5	0.0	99.5	Other
666377.3	7167711.0	3.7	0.0	96.3	Other
666377.3	7168111.0	77.0	0.0	23.0	Urban
666377.3	7168511.0	84.9	0.0	15.1	Urban
666377.3	7168911.0	61.3	0.0	38.7	Urban
666377.3	7169311.0	47.2	0.0	52.7	Urban
666377.3	7169711.0	3.1	0.0	96.9	Other
666377.3	7170111.0	1.0	0.0	99.0	Other
666377.3	7170511.0	2.0	0.0	98.0	Other
666377.3	7170911.0	11.0	0.0	89.0	Other
666377.3	7171311.0	3.6	0.0	96.4	Other
666377.3	7171711.0	9.5	0.0	90.5	Other
666377.3	7172111.0	5.5	0.0	94.5	Other
666377.3	7172511.0	10.1	12.4	77.5	Other
666377.3	7172911.0	11.3	1.1	87.5	Other
666377.3	7173311.0	49.2	0.0	50.8	Urban
666377.3	7173711.0	58.5	0.0	41.5	Urban
666377.3	7174111.0	20.3	0.0	79.7	Urban
666377.3	7174511.0	0.3	0.0	99.7	Other
666377.3	7174911.0	3.5	0.0	96.5	Other
666377.3	7175311.0	16.9	0.0	83.1	Other
666377.3	7175711.0	25.7	0.0	74.3	Urban
666377.3	7176111.0	32.1	0.0	67.9	Urban
666377.3	7176511.0	71.2	0.0	28.8	Urban
666377.3	7176911.0	28.6	0.0	71.4	Urban
666377.3	7177311.0	15.7	0.0	84.3	Other
666377.3	7177711.0	4.7	0.0	95.3	Other
666377.3	7178111.0	63.5	0.0	36.5	Urban
666377.3	7178511.0	85.6	0.0	14.4	Urban
666377.3	7178911.0	75.0	0.0	25.0	Urban
666377.3	7179311.0	89.0	0.0	11.0	Urban
666377.3	7179711.0	67.3	0.0	32.7	Urban
666377.3	7180111.0	93.5	0.0	6.5	Urban
666377.3	7180511.0	98.4	0.0	1.6	Urban
666377.3	7180911.0	95.8	0.0	4.2	Urban
666377.3	7181311.0	71.3	0.0	28.7	Urban
666377.3	7181711.0	49.6	0.0	50.4	Urban
666377.3	7182111.0	29.1	0.0	70.9	Urban
666377.3	7182511.0	44.0	0.0	56.0	Urban
666377.3	7182911.0	95.0	0.0	5.0	Urban
666377.3	7183311.0	91.6	0.0	8.4	Urban
666377.3	7183711.0	71.1	0.0	28.9	Urban
666377.3	7184111.0	72.0	0.0	28.0	Urban
666377.3	7184511.0	52.5	0.0	47.5	Urban
666377.3	7184911.0	84.1	0.0	15.9	Urban
666377.3	7185311.0	76.3	0.0	23.7	Urban
666377.3	7185711.0	56.2	0.0	43.8	Urban
666377.3	7186111.0	54.2	0.0	45.8	Urban
666377.3	7186511.0	76.6	0.0	23.4	Urban
666377.3	7186911.0	79.2	0.0	20.8	Urban
666377.3	7187311.0	90.2	0.0	9.8	Urban
666377.3	7187711.0	69.5	0.0	30.5	Urban
666377.3	7188111.0	78.4	0.0	21.6	Urban
666377.3	7188511.0	59.5	0.0	40.5	Urban
666377.3	7188911.0	64.2	0.0	35.8	Urban
666377.3	7189311.0	50.6	0.0	49.4	Urban
666377.3	7189711.0	69.4	0.0	30.6	Urban
666377.3	7190111.0	83.8	0.0	16.2	Urban
666377.3	7190511.0	50.8	0.0	49.2	Urban
666377.3	7190911.0	41.8	0.0	58.2	Urban
666377.3	7191311.0	7.7	0.0	92.3	Other
666377.3	7191711.0	0.0	0.0	100.0	Other
666377.3	7192111.0	0.0	0.0	100.0	Other
666377.3	7192511.0	0.0	0.0	100.0	Other
666377.3	7192911.0	0.3	0.0	99.7	Other
666377.3	7193311.0	0.0	0.0	100.0	Other
666377.3	7193711.0	0.6	0.0	99.4	Other
666377.3	7194111.0	0.0	0.0	100.0	Other
666377.3	7194511.0	0.0	0.0	100.0	Other
666377.3	7194911.0	0.0	0.0	100.0	Other
666377.3	7195311.0	0.0	0.0	100.0	Other
666377.3	7195711.0	0.0	0.0	100.0	Other
666377.3	7196111.0	0.8	0.0	99.2	Other
666377.3	7196511.0	0.9	0.0	99.1	Other
666377.3	7196911.0	0.7	0.0	99.3	Other
666377.3	7197311.0	0.5	0.0	99.5	Other
666377.3	7197711.0	0.0	0.0	100.0	Other
666377.3	7198111.0	0.2	0.0	99.8	Other
666377.3	7198511.0	1.9	0.0	98.1	Other
666377.3	7198911.0	0.0	0.1	99.9	Other
666777.3	7158511.0	0.0	0.0	100.0	Other
666777.3	7158911.0	40.4	0.0	59.6	Urban
666777.3	7159311.0	50.2	0.0	49.8	Urban
666777.3	7159711.0	73.5	0.0	26.5	Urban
666777.3	7160111.0	53.9	0.0	46.1	Urban
666777.3	7160511.0	37.0	0.0	63.0	Urban
666777.3	7160911.0	32.9	0.0	67.1	Urban
666777.3	7161311.0	1.8	0.0	98.2	Other
666777.3	7161711.0	0.7	0.0	99.3	Other
666777.3	7162111.0	7.9	0.0	92.1	Other
666777.3	7162511.0	62.0	0.0	38.0	Urban
666777.3	7162911.0	1.1	1.5	97.4	Other
666777.3	7163311.0	0.0	1.9	98.0	Other
666777.3	7163711.0	0.0	1.5	98.5	Other
666777.3	7164111.0	0.0	4.1	95.9	Other
666777.3	7164511.0	0.0	0.0	100.0	Other
666777.3	7164911.0	1.0	1.0	98.0	Other
666777.3	7165311.0	0.2	0.0	99.8	Other
666777.3	7165711.0	2.3	0.0	97.7	Other
666777.3	7166111.0	10.0	0.0	90.0	Other
666777.3	7166511.0	19.7	0.0	80.3	Other
666777.3	7166911.0	0.2	0.9	98.9	Other
666777.3	7167311.0	0.0	0.0	100.0	Other
666777.3	7167711.0	6.1	0.0	93.9	Other
666777.3	7168111.0	88.1	0.0	11.9	Urban
666777.3	7168511.0	98.5	0.0	1.5	Urban
666777.3	7168911.0	91.0	0.0	9.0	Urban
666777.3	7169311.0	83.7	0.0	16.3	Urban
666777.3	7169711.0	7.8	16.2	75.9	Other
666777.3	7170111.0	36.9	10.8	52.3	Urban
666777.3	7170511.0	87.4	0.0	12.6	Urban
666777.3	7170911.0	86.8	0.0	13.2	Urban
666777.3	7171311.0	75.5	0.0	24.5	Urban
666777.3	7171711.0	94.8	0.0	5.2	Urban
666777.3	7172111.0	81.9	0.0	18.1	Urban
666777.3	7172511.0	47.7	0.0	52.3	Urban
666777.3	7172911.0	55.6	0.0	44.4	Urban
666777.3	7173311.0	89.6	0.0	10.4	Urban
666777.3	7173711.0	86.8	0.0	13.2	Urban
666777.3	7174111.0	85.1	0.0	14.9	Urban
666777.3	7174511.0	23.4	0.0	76.6	Urban
666777.3	7174911.0	50.3	0.0	49.7	Urban
666777.3	7175311.0	69.3	0.0	30.7	Urban
666777.3	7175711.0	20.5	0.1	79.4	Urban
666777.3	7176111.0	3.6	0.0	96.4	Other
666777.3	7176511.0	7.7	0.0	92.3	Other
666777.3	7176911.0	63.1	0.0	36.9	Urban
666777.3	7177311.0	46.5	0.0	53.5	Urban
666777.3	7177711.0	44.5	0.0	55.5	Urban
666777.3	7178111.0	80.4	0.0	19.6	Urban
666777.3	7178511.0	76.9	0.0	23.1	Urban
666777.3	7178911.0	80.8	0.0	19.2	Urban
666777.3	7179311.0	80.8	0.0	19.2	Urban
666777.3	7179711.0	62.7	0.0	37.3	Urban
666777.3	7180111.0	65.0	0.0	35.0	Urban
666777.3	7180511.0	76.0	0.0	24.0	Urban
666777.3	7180911.0	68.3	0.0	31.7	Urban
666777.3	7181311.0	85.8	0.0	14.2	Urban
666777.3	7181711.0	76.9	0.0	23.1	Urban
666777.3	7182111.0	52.9	0.0	47.1	Urban
666777.3	7182511.0	62.5	0.0	37.5	Urban
666777.3	7182911.0	87.0	0.0	13.0	Urban
666777.3	7183311.0	50.5	0.0	49.5	Urban
666777.3	7183711.0	47.6	0.0	52.4	Urban
666777.3	7184111.0	14.0	0.0	86.0	Other
666777.3	7184511.0	18.6	0.0	81.4	Other
666777.3	7184911.0	50.8	0.0	49.2	Urban
666777.3	7185311.0	57.4	0.0	42.6	Urban
666777.3	7185711.0	50.9	0.0	49.1	Urban
666777.3	7186111.0	47.5	0.0	52.5	Urban
666777.3	7186511.0	53.0	0.0	47.0	Urban
666777.3	7186911.0	80.6	0.0	19.4	Urban
666777.3	7187311.0	60.6	0.0	39.4	Urban
666777.3	7187711.0	93.9	0.0	6.1	Urban
666777.3	7188111.0	81.2	0.0	18.8	Urban
666777.3	7188511.0	69.9	0.0	30.1	Urban
666777.3	7188911.0	61.5	0.0	38.5	Urban
666777.3	7189311.0	61.2	0.0	38.8	Urban
666777.3	7189711.0	77.2	0.0	22.8	Urban
666777.3	7190111.0	75.8	0.0	24.2	Urban
666777.3	7190511.0	72.3	0.0	27.7	Urban
666777.3	7190911.0	70.0	0.0	30.0	Urban
666777.3	7191311.0	7.5	0.0	92.5	Other
666777.3	7191711.0	5.3	6.3	88.3	Other
666777.3	7192111.0	1.3	7.8	90.9	Other
666777.3	7192511.0	2.2	0.0	97.8	Other
666777.3	7192911.0	10.9	0.0	89.1	Other
666777.3	7193311.0	9.9	0.0	90.1	Other
666777.3	7193711.0	0.0	0.0	100.0	Other
666777.3	7194111.0	0.5	0.0	99.5	Other
666777.3	7194511.0	0.0	0.0	100.0	Other
666777.3	7194911.0	0.0	0.0	100.0	Other
666777.3	7195311.0	0.0	0.0	100.0	Other
666777.3	7195711.0	4.4	0.5	95.1	Other
666777.3	7196111.0	4.3	0.8	95.0	Other
666777.3	7196511.0	0.1	0.0	99.9	Other
666777.3	7196911.0	0.0	0.0	100.0	Other
666777.3	7197311.0	0.0	0.0	100.0	Other
666777.3	7197711.0	0.7	0.0	99.3	Other
666777.3	7198111.0	0.1	0.0	99.9	Other
666777.3	7198511.0	0.0	0.0	100.0	Other
666777.3	7198911.0	1.1	0.0	98.9	Other
667177.3	7158511.0	0.0	0.0	100.0	Other
667177.3	7158911.0	6.8	0.0	93.2	Other
667177.3	7159311.0	78.9	0.0	21.1	Urban
667177.3	7159711.0	56.0	0.0	44.0	Urban
667177.3	7160111.0	60.0	0.0	40.0	Urban
667177.3	7160511.0	92.2	0.0	7.8	Urban
667177.3	7160911.0	59.0	0.0	41.0	Urban
667177.3	7161311.0	4.5	0.0	95.5	Other
667177.3	7161711.0	28.9	0.0	71.1	Urban
667177.3	7162111.0	60.2	0.0	39.8	Urban
667177.3	7162511.0	99.8	0.0	0.2	Urban
667177.3	7162911.0	14.5	6.7	78.8	Other
667177.3	7163311.0	0.2	4.4	95.3	Other
667177.3	7163711.0	0.0	0.0	100.0	Other
667177.3	7164111.0	0.0	2.5	97.5	Other
667177.3	7164511.0	0.0	19.2	80.8	Other
667177.3	7164911.0	0.7	15.3	84.0	Other
667177.3	7165311.0	1.0	0.0	99.0	Other
667177.3	7165711.0	0.0	0.0	100.0	Other
667177.3	7166111.0	25.5	0.0	74.5	Urban
667177.3	7166511.0	26.3	0.0	73.7	Urban
667177.3	7166911.0	5.4	0.0	94.6	Other
667177.3	7167311.0	0.0	0.0	100.0	Other
667177.3	7167711.0	4.5	0.0	95.5	Other
667177.3	7168111.0	93.1	0.0	6.9	Urban
667177.3	7168511.0	96.6	0.0	3.4	Urban
667177.3	7168911.0	99.6	0.0	0.4	Urban
667177.3	7169311.0	51.8	0.0	48.2	Urban
667177.3	7169711.0	55.5	0.0	44.5	Urban
667177.3	7170111.0	88.2	0.0	11.8	Urban
667177.3	7170511.0	65.7	0.0	34.3	Urban
667177.3	7170911.0	74.6	0.0	25.4	Urban
667177.3	7171311.0	97.0	0.0	3.0	Urban
667177.3	7171711.0	88.6	0.0	11.4	Urban
667177.3	7172111.0	83.3	0.0	16.7	Urban
667177.3	7172511.0	65.8	0.0	34.2	Urban
667177.3	7172911.0	55.9	0.0	44.1	Urban
667177.3	7173311.0	20.6	0.0	79.4	Urban
667177.3	7173711.0	64.2	0.0	35.8	Urban
667177.3	7174111.0	96.3	0.0	3.7	Urban
667177.3	7174511.0	37.8	0.0	62.2	Urban
667177.3	7174911.0	57.1	0.0	42.9	Urban
667177.3	7175311.0	89.0	0.0	11.0	Urban
667177.3	7175711.0	83.8	0.0	16.2	Urban
667177.3	7176111.0	73.5	0.0	26.5	Urban
667177.3	7176511.0	39.4	0.0	60.6	Urban
667177.3	7176911.0	70.3	0.0	29.7	Urban
667177.3	7177311.0	83.7	0.0	16.3	Urban
667177.3	7177711.0	75.3	0.0	24.6	Urban
667177.3	7178111.0	85.2	0.0	14.8	Urban
667177.3	7178511.0	83.9	0.0	16.1	Urban
667177.3	7178911.0	83.0	0.5	16.5	Urban
667177.3	7179311.0	71.2	0.4	28.5	Urban
667177.3	7179711.0	33.7	0.0	66.3	Urban
667177.3	7180111.0	73.1	0.0	26.9	Urban
667177.3	7180511.0	60.2	0.0	39.8	Urban
667177.3	7180911.0	88.8	0.0	11.2	Urban
667177.3	7181311.0	90.6	0.0	9.4	Urban
667177.3	7181711.0	31.6	0.0	68.4	Urban
667177.3	7182111.0	5.9	0.0	94.1	Other
667177.3	7182511.0	3.8	0.0	96.2	Other
667177.3	7182911.0	52.5	0.0	47.5	Urban
667177.3	7183311.0	57.6	0.0	42.4	Urban
667177.3	7183711.0	46.1	0.0	53.9	Urban
667177.3	7184111.0	34.4	0.0	65.6	Urban
667177.3	7184511.0	30.8	0.0	69.2	Urban
667177.3	7184911.0	15.7	0.0	84.3	Other
667177.3	7185311.0	43.7	0.1	56.2	Urban
667177.3	7185711.0	58.5	0.0	41.5	Urban
667177.3	7186111.0	70.7	0.0	29.3	Urban
667177.3	7186511.0	71.8	0.0	28.2	Urban
667177.3	7186911.0	48.8	0.0	51.2	Urban
667177.3	7187311.0	68.1	0.0	31.9	Urban
667177.3	7187711.0	86.5	0.0	13.5	Urban
667177.3	7188111.0	75.4	0.0	24.6	Urban
667177.3	7188511.0	69.2	0.0	30.8	Urban
667177.3	7188911.0	47.2	0.0	52.8	Urban
667177.3	7189311.0	66.8	0.0	33.2	Urban
667177.3	7189711.0	72.5	0.0	27.5	Urban
667177.3	7190111.0	66.5	0.0	33.5	Urban
667177.3	7190511.0	88.7	0.0	11.3	Urban
667177.3	7190911.0	74.1	0.0	25.9	Urban
667177.3	7191311.0	61.4	0.0	38.6	Urban
667177.3	7191711.0	53.8	0.2	46.0	Urban
667177.3	7192111.0	9.9	0.0	90.1	Other
667177.3	7192511.0	3.2	0.0	96.8	Other
667177.3	7192911.0	0.2	0.0	99.8	Other
667177.3	7193311.0	0.7	0.0	99.3	Other
667177.3	7193711.0	0.0	0.0	100.0	Other
667177.3	7194111.0	0.9	0.0	99.1	Other
667177.3	7194511.0	0.0	0.0	100.0	Other
667177.3	7194911.0	0.0	0.0	100.0	Other
667177.3	7195311.0	0.0	0.0	100.0	Other
667177.3	7195711.0	0.8	0.0	99.2	Other
667177.3	7196111.0	0.3	4.9	94.8	Other
667177.3	7196511.0	0.6	1.4	98.0	Other
667177.3	7196911.0	2.1	0.0	97.9	Other
667177.3	7197311.0	0.0	0.0	100.0	Other
667177.3	7197711.0	1.6	0.0	98.4	Other
667177.3	7198111.0	0.9	0.0	99.1	Other
667177.3	7198511.0	0.0	0.0	100.0	Other
667177.3	7198911.0	0.0	0.0	100.0	Other
667577.3	7158511.0	3.3	0.0	96.7	Other
667577.3	7158911.0	4.1	0.0	95.9	Other
667577.3	7159311.0	7.4	0.0	92.6	Other
667577.3	7159711.0	34.0	0.0	66.0	Urban
667577.3	7160111.0	60.4	0.0	39.6	Urban
667577.3	7160511.0	81.9	0.0	18.1	Urban
667577.3	7160911.0	77.5	0.0	22.5	Urban
667577.3	7161311.0	80.6	0.0	19.4	Urban
667577.3	7161711.0	86.8	0.0	13.2	Urban
667577.3	7162111.0	99.7	0.0	0.3	Urban
667577.3	7162511.0	94.5	0.0	5.5	Urban
667577.3	7162911.0	57.5	0.0	42.5	Urban
667577.3	7163311.0	82.2	0.0	17.8	Urban
667577.3	7163711.0	5.0	0.0	95.0	Other
667577.3	7164111.0	0.0	0.4	99.6	Other
667577.3	7164511.0	0.0	1.2	98.8	Other
667577.3	7164911.0	0.0	0.7	99.3	Other
667577.3	7165311.0	0.0	0.0	100.0	Other
667577.3	7165711.0	0.0	0.0	100.0	Other
667577.3	7166111.0	0.0	0.0	100.0	Other
667577.3	7166511.0	8.4	0.0	91.6	Other
667577.3	7166911.0	65.6	0.0	34.4	Urban
667577.3	7167311.0	34.6	0.0	65.4	Urban
667577.3	7167711.0	35.8	0.0	64.2	Urban
667577.3	7168111.0	64.7	0.0	35.3	Urban
667577.3	7168511.0	75.1	0.0	24.9	Urban
667577.3	7168911.0	38.8	0.0	61.2	Urban
667577.3	7169311.0	17.3	0.0	82.7	Other
667577.3	7169711.0	61.3	0.0	38.7	Urban
667577.3	7170111.0	85.5	0.0	14.5	Urban
667577.3	7170511.0	97.0	0.0	3.0	Urban
667577.3	7170911.0	61.9	0.0	38.1	Urban
667577.3	7171311.0	87.5	0.0	12.5	Urban
667577.3	7171711.0	98.4	0.0	1.6	Urban
667577.3	7172111.0	85.6	0.0	14.4	Urban
667577.3	7172511.0	59.6	0.0	40.4	Urban
667577.3	7172911.0	65.8	0.1	34.1	Urban
667577.3	7173311.0	59.4	0.0	40.6	Urban
667577.3	7173711.0	59.3	0.0	40.7	Urban
667577.3	7174111.0	64.5	0.0	35.5	Urban
667577.3	7174511.0	46.2	0.4	53.4	Urban
667577.3	7174911.0	59.8	1.1	39.0	Urban
667577.3	7175311.0	59.5	0.0	40.5	Urban
667577.3	7175711.0	55.0	0.0	45.0	Urban
667577.3	7176111.0	52.5	0.0	47.5	Urban
667577.3	7176511.0	90.9	0.0	9.1	Urban
667577.3	7176911.0	100.0	0.0	0.0	Urban
667577.3	7177311.0	92.9	0.0	7.1	Urban
667577.3	7177711.0	73.1	0.0	26.9	Urban
667577.3	7178111.0	69.2	0.0	30.8	Urban
667577.3	7178511.0	45.4	0.0	54.6	Urban
667577.3	7178911.0	93.0	1.5	5.5	Urban
667577.3	7179311.0	71.1	0.5	28.4	Urban
667577.3	7179711.0	94.1	0.0	5.9	Urban
667577.3	7180111.0	98.7	0.0	1.3	Urban
667577.3	7180511.0	99.4	0.0	0.6	Urban
667577.3	7180911.0	41.9	0.0	58.1	Urban
667577.3	7181311.0	72.3	0.0	27.7	Urban
667577.3	7181711.0	21.5	0.0	78.5	Urban
667577.3	7182111.0	4.2	0.0	95.8	Other
667577.3	7182511.0	0.6	0.0	99.4	Other
667577.3	7182911.0	52.5	0.0	47.5	Urban
667577.3	7183311.0	62.1	0.0	37.9	Urban
667577.3	7183711.0	35.5	0.0	64.5	Urban
667577.3	7184111.0	35.2	0.0	64.8	Urban
667577.3	7184511.0	30.3	0.0	69.7	Urban
667577.3	7184911.0	45.7	0.0	54.3	Urban
667577.3	7185311.0	25.8	0.0	74.2	Urban
667577.3	7185711.0	57.7	0.0	42.3	Urban
667577.3	7186111.0	62.7	0.0	37.3	Urban
667577.3	7186511.0	59.0	0.0	41.0	Urban
667577.3	7186911.0	0.8	0.0	99.2	Other
667577.3	7187311.0	51.1	0.0	48.9	Urban
667577.3	7187711.0	70.3	0.0	29.7	Urban
667577.3	7188111.0	51.5	0.0	48.5	Urban
667577.3	7188511.0	39.8	0.0	60.2	Urban
667577.3	7188911.0	47.4	0.0	52.6	Urban
667577.3	7189311.0	76.9	0.0	23.1	Urban
667577.3	7189711.0	91.6	0.0	8.4	Urban
667577.3	7190111.0	83.0	0.0	17.0	Urban
667577.3	7190511.0	85.9	0.0	14.1	Urban
667577.3	7190911.0	78.5	0.0	21.5	Urban
667577.3	7191311.0	77.0	0.0	23.0	Urban
667577.3	7191711.0	91.6	0.0	8.4	Urban
667577.3	7192111.0	80.5	0.0	19.5	Urban
667577.3	7192511.0	29.3	0.0	70.7	Urban
667577.3	7192911.0	5.7	0.0	94.3	Other
667577.3	7193311.0	3.3	0.0	96.7	Other
667577.3	7193711.0	0.0	0.2	99.8	Other
667577.3	7194111.0	7.6	0.0	92.4	Other
667577.3	7194511.0	7.1	0.0	92.9	Other
667577.3	7194911.0	9.1	0.0	90.9	Other
667577.3	7195311.0	0.2	0.0	99.8	Other
667577.3	7195711.0	1.2	0.0	98.8	Other
667577.3	7196111.0	0.0	0.0	100.0	Other
667577.3	7196511.0	0.2	0.0	99.8	Other
667577.3	7196911.0	0.0	0.0	100.0	Other
667577.3	7197311.0	0.1	0.0	99.9	Other
667577.3	7197711.0	1.0	0.0	99.0	Other
667577.3	7198111.0	0.0	0.0	100.0	Other
667577.3	7198511.0	0.0	0.0	100.0	Other
667577.3	7198911.0	0.0	0.0	100.0	Other
667977.3	7158511.0	23.3	0.0	76.7	Urban
667977.3	7158911.0	51.0	0.0	49.0	Urban
667977.3	7159311.0	36.9	0.0	63.1	Urban
667977.3	7159711.0	56.3	0.0	43.7	Urban
667977.3	7160111.0	85.8	0.0	14.2	Urban
667977.3	7160511.0	71.9	0.0	28.1	Urban
667977.3	7160911.0	80.3	0.0	19.7	Urban
667977.3	7161311.0	53.4	0.0	46.6	Urban
667977.3	7161711.0	53.5	0.0	46.5	Urban
667977.3	7162111.0	59.6	0.0	40.4	Urban
667977.3	7162511.0	69.4	0.0	30.6	Urban
667977.3	7162911.0	100.0	0.0	0.0	Urban
667977.3	7163311.0	98.1	0.0	1.9	Urban
667977.3	7163711.0	26.7	0.0	73.3	Urban
667977.3	7164111.0	0.0	2.4	97.6	Other
667977.3	7164511.0	0.1	18.5	81.4	Other
667977.3	7164911.0	0.0	54.8	45.2	Water
667977.3	7165311.0	0.4	39.8	59.8	Other
667977.3	7165711.0	0.0	0.6	99.4	Other
667977.3	7166111.0	0.3	0.0	99.7	Other
667977.3	7166511.0	5.5	0.1	94.4	Other
667977.3	7166911.0	23.8	0.0	76.2	Urban
667977.3	7167311.0	56.1	0.0	43.9	Urban
667977.3	7167711.0	54.4	0.0	45.6	Urban
667977.3	7168111.0	15.6	0.0	84.4	Other
667977.3	7168511.0	67.6	0.0	32.4	Urban
667977.3	7168911.0	64.2	0.0	35.8	Urban
667977.3	7169311.0	61.8	0.0	38.2	Urban
667977.3	7169711.0	8.8	0.0	91.2	Other
667977.3	7170111.0	26.0	0.0	74.0	Urban
667977.3	7170511.0	31.9	0.0	68.1	Urban
667977.3	7170911.0	33.0	0.5	66.5	Urban
667977.3	7171311.0	93.7	0.0	6.3	Urban
667977.3	7171711.0	86.4	0.0	13.6	Urban
667977.3	7172111.0	72.4	0.0	27.6	Urban
667977.3	7172511.0	60.5	0.2	39.3	Urban
667977.3	7172911.0	72.0	0.5	27.5	Urban
667977.3	7173311.0	84.2	0.0	15.8	Urban
667977.3	7173711.0	84.3	0.0	15.7	Urban
667977.3	7174111.0	52.6	0.0	47.4	Urban
667977.3	7174511.0	33.1	0.0	66.9	Urban
667977.3	7174911.0	50.3	0.0	49.7	Urban
667977.3	7175311.0	79.6	0.0	20.4	Urban
667977.3	7175711.0	86.7	0.0	13.3	Urban
667977.3	7176111.0	81.6	0.0	18.4	Urban
667977.3	7176511.0	92.2	0.0	7.8	Urban
667977.3	7176911.0	98.0	0.0	2.0	Urban
667977.3	7177311.0	89.5	0.0	10.5	Urban
667977.3	7177711.0	81.5	0.0	18.5	Urban
667977.3	7178111.0	72.7	0.0	27.3	Urban
667977.3	7178511.0	84.9	0.0	15.1	Urban
667977.3	7178911.0	79.0	0.0	21.0	Urban
667977.3	7179311.0	60.0	0.0	40.0	Urban
667977.3	7179711.0	86.1	0.0	13.9	Urban
667977.3	7180111.0	97.6	0.0	2.4	Urban
667977.3	7180511.0	99.0	0.0	1.0	Urban
667977.3	7180911.0	71.1	0.2	28.6	Urban
667977.3	7181311.0	45.3	0.0	54.7	Urban
667977.3	7181711.0	57.1	0.0	42.9	Urban
667977.3	7182111.0	33.5	0.0	66.5	Urban
667977.3	7182511.0	52.8	0.0	47.2	Urban
667977.3	7182911.0	57.3	0.0	42.7	Urban
667977.3	7183311.0	26.2	0.0	73.8	Urban
667977.3	7183711.0	5.4	0.0	94.6	Other
667977.3	7184111.0	47.8	0.0	52.2	Urban
667977.3	7184511.0	25.1	0.0	74.9	Urban
667977.3	7184911.0	75.6	0.0	24.4	Urban
667977.3	7185311.0	21.4	0.0	78.6	Urban
667977.3	7185711.0	43.1	0.0	56.9	Urban
667977.3	7186111.0	63.3	0.0	36.7	Urban
667977.3	7186511.0	72.1	0.0	27.9	Urban
667977.3	7186911.0	13.3	0.0	86.7	Other
667977.3	7187311.0	49.5	0.0	50.5	Urban
667977.3	7187711.0	32.2	0.0	67.8	Urban
667977.3	7188111.0	37.2	0.0	62.8	Urban
667977.3	7188511.0	49.4	0.0	50.6	Urban
667977.3	7188911.0	34.3	0.0	65.7	Urban
667977.3	7189311.0	83.6	0.0	16.4	Urban
667977.3	7189711.0	80.3	0.0	19.7	Urban
667977.3	7190111.0	56.4	0.0	43.6	Urban
667977.3	7190511.0	28.4	0.0	71.6	Urban
667977.3	7190911.0	48.0	0.0	52.0	Urban
667977.3	7191311.0	87.4	0.0	12.6	Urban
667977.3	7191711.0	83.9	0.0	16.1	Urban
667977.3	7192111.0	94.6	0.0	5.4	Urban
667977.3	7192511.0	75.0	0.0	25.0	Urban
667977.3	7192911.0	36.1	0.0	63.9	Urban
667977.3	7193311.0	21.7	0.0	78.3	Urban
667977.3	7193711.0	5.8	0.0	94.2	Other
667977.3	7194111.0	18.9	0.0	81.1	Other
667977.3	7194511.0	2.3	0.0	97.7	Other
667977.3	7194911.0	3.0	0.0	97.0	Other
667977.3	7195311.0	2.3	0.0	97.7	Other
667977.3	7195711.0	0.2	0.0	99.8	Other
667977.3	7196111.0	0.0	0.0	100.0	Other
667977.3	7196511.0	1.7	0.0	98.3	Other
667977.3	7196911.0	0.0	0.0	100.0	Other
667977.3	7197311.0	0.0	0.0	100.0	Other
667977.3	7197711.0	0.0	0.0	100.0	Other
667977.3	7198111.0	0.0	0.0	100.0	Other
667977.3	7198511.0	0.0	0.0	100.0	Other
667977.3	7198911.0	1.3	0.0	98.7	Other
668377.3	7158511.0	19.1	0.0	80.9	Other
668377.3	7158911.0	19.6	0.0	80.4	Other
668377.3	7159311.0	77.6	0.0	22.4	Urban
668377.3	7159711.0	52.0	0.0	47.9	Urban
668377.3	7160111.0	55.1	0.0	44.9	Urban
668377.3	7160511.0	53.6	0.0	46.4	Urban
668377.3	7160911.0	33.7	0.0	66.3	Urban
668377.3	7161311.0	62.7	0.0	37.3	Urban
668377.3	7161711.0	95.8	0.0	4.2	Urban
668377.3	7162111.0	57.4	0.0	42.6	Urban
668377.3	7162511.0	87.2	0.0	12.8	Urban
668377.3	7162911.0	99.2	0.0	0.8	Urban
668377.3	7163311.0	77.0	0.0	23.0	Urban
668377.3	7163711.0	66.0	0.0	34.0	Urban
668377.3	7164111.0	0.0	2.1	97.9	Other
668377.3	7164511.0	0.0	13.8	86.2	Other
668377.3	7164911.0	0.0	14.8	85.2	Other
668377.3	7165311.0	0.0	22.8	77.2	Other
668377.3	7165711.0	0.0	22.4	77.6	Other
668377.3	7166111.0	0.0	0.0	100.0	Other
668377.3	7166511.0	0.0	0.0	100.0	Other
668377.3	7166911.0	1.8	0.0	98.2	Other
668377.3	7167311.0	36.7	0.0	63.3	Urban
668377.3	7167711.0	24.5	0.0	75.5	Urban
668377.3	7168111.0	18.8	0.0	81.2	Other
668377.3	7168511.0	43.0	0.0	57.0	Urban
668377.3	7168911.0	76.3	0.0	23.7	Urban
668377.3	7169311.0	56.7	0.0	43.3	Urban
668377.3	7169711.0	65.9	0.0	34.1	Urban
668377.3	7170111.0	56.5	0.0	43.5	Urban
668377.3	7170511.0	13.9	0.0	86.1	Other
668377.3	7170911.0	11.3	0.0	88.7	Other
668377.3	7171311.0	18.5	0.0	81.5	Other
668377.3	7171711.0	12.8	0.0	87.2	Other
668377.3	7172111.0	14.0	0.0	86.0	Other
668377.3	7172511.0	42.2	0.0	57.8	Urban
668377.3	7172911.0	23.3	0.0	76.7	Urban
668377.3	7173311.0	60.7	0.0	39.3	Urban
668377.3	7173711.0	38.8	1.9	59.4	Urban
668377.3	7174111.0	52.1	0.0	47.9	Urban
668377.3	7174511.0	36.9	0.0	63.1	Urban
668377.3	7174911.0	77.1	0.0	22.9	Urban
668377.3	7175311.0	76.6	0.0	23.4	Urban
668377.3	7175711.0	90.9	0.0	9.1	Urban
668377.3	7176111.0	34.0	0.0	66.0	Urban
668377.3	7176511.0	90.6	0.0	9.4	Urban
668377.3	7176911.0	84.1	0.0	15.9	Urban
668377.3	7177311.0	88.9	0.0	11.1	Urban
668377.3	7177711.0	93.0	0.0	7.0	Urban
668377.3	7178111.0	89.7	0.0	10.3	Urban
668377.3	7178511.0	83.5	0.0	16.5	Urban
668377.3	7178911.0	80.7	0.0	19.3	Urban
668377.3	7179311.0	54.9	0.0	45.1	Urban
668377.3	7179711.0	89.6	0.0	10.4	Urban
668377.3	7180111.0	95.1	0.0	4.9	Urban
668377.3	7180511.0	98.6	0.0	1.4	Urban
668377.3	7180911.0	83.6	0.0	16.4	Urban
668377.3	7181311.0	66.0	0.0	34.0	Urban
668377.3	7181711.0	53.2	2.8	44.0	Urban
668377.3	7182111.0	69.4	0.0	30.6	Urban
668377.3	7182511.0	44.1	0.0	55.9	Urban
668377.3	7182911.0	43.1	0.0	56.9	Urban
668377.3	7183311.0	62.0	0.0	38.0	Urban
668377.3	7183711.0	24.0	0.0	76.0	Urban
668377.3	7184111.0	25.2	0.0	74.8	Urban
668377.3	7184511.0	27.9	0.0	72.1	Urban
668377.3	7184911.0	18.2	0.0	81.8	Other
668377.3	7185311.0	35.5	0.0	64.5	Urban
668377.3	7185711.0	58.9	0.2	40.9	Urban
668377.3	7186111.0	60.0	0.0	40.0	Urban
668377.3	7186511.0	52.2	0.0	47.8	Urban
668377.3	7186911.0	33.4	0.0	66.6	Urban
668377.3	7187311.0	47.3	0.0	52.7	Urban
668377.3	7187711.0	44.9	0.0	55.1	Urban
668377.3	7188111.0	29.6	0.0	70.4	Urban
668377.3	7188511.0	46.8	0.0	53.2	Urban
668377.3	7188911.0	59.3	0.0	40.7	Urban
668377.3	7189311.0	69.6	0.0	30.4	Urban
668377.3	7189711.0	86.1	0.0	13.9	Urban
668377.3	7190111.0	43.9	0.0	56.1	Urban
668377.3	7190511.0	45.0	0.0	55.0	Urban
668377.3	7190911.0	8.8	0.0	91.2	Other
668377.3	7191311.0	58.0	0.0	42.0	Urban
668377.3	7191711.0	91.4	0.0	8.6	Urban
668377.3	7192111.0	85.3	0.0	14.7	Urban
668377.3	7192511.0	22.1	0.0	77.9	Urban
668377.3	7192911.0	29.0	0.0	71.0	Urban
668377.3	7193311.0	56.0	0.0	44.0	Urban
668377.3	7193711.0	10.1	0.0	89.9	Other
668377.3	7194111.0	1.5	0.0	98.5	Other
668377.3	7194511.0	0.0	0.0	100.0	Other
668377.3	7194911.0	0.1	0.0	99.9	Other
668377.3	7195311.0	0.7	0.0	99.3	Other
668377.3	7195711.0	1.5	0.0	98.5	Other
668377.3	7196111.0	4.5	0.0	95.5	Other
668377.3	7196511.0	0.5	0.0	99.5	Other
668377.3	7196911.0	1.9	0.0	98.1	Other
668377.3	7197311.0	1.6	0.0	98.4	Other
668377.3	7197711.0	1.7	0.0	98.3	Other
668377.3	7198111.0	1.1	3.7	95.2	Other
668377.3	7198511.0	0.3	0.0	99.7	Other
668377.3	7198911.0	0.0	0.0	100.0	Other
668777.3	7158511.0	6.1	0.0	93.9	Other
668777.3	7158911.0	17.3	0.0	82.7	Other
668777.3	7159311.0	87.3	0.0	12.7	Urban
668777.3	7159711.0	92.9	0.0	7.1	Urban
668777.3	7160111.0	41.5	10.2	48.2	Urban
668777.3	7160511.0	1.2	1.9	96.9	Other
668777.3	7160911.0	21.8	0.0	78.2	Urban
668777.3	7161311.0	75.9	0.0	24.1	Urban
668777.3	7161711.0	56.2	0.0	43.8	Urban
668777.3	7162111.0	69.0	0.0	31.0	Urban
668777.3	7162511.0	90.6	0.0	9.4	Urban
668777.3	7162911.0	60.4	0.0	39.6	Urban
668777.3	7163311.0	88.6	0.0	11.4	Urban
668777.3	7163711.0	57.5	0.0	42.5	Urban
668777.3	7164111.0	10.4	0.0	89.6	Other
668777.3	7164511.0	0.1	0.8	99.1	Other
668777.3	7164911.0	0.0	7.9	92.1	Other
668777.3	7165311.0	0.0	4.6	95.4	Other
668777.3	7165711.0	7.1	0.0	92.9	Other
668777.3	7166111.0	10.0	0.0	90.0	Other
668777.3	7166511.0	22.4	0.0	77.6	Urban
668777.3	7166911.0	35.9	0.0	64.1	Urban
668777.3	7167311.0	19.3	0.0	80.7	Other
668777.3	7167711.0	0.8	0.0	99.2	Other
668777.3	7168111.0	77.1	0.0	22.9	Urban
668777.3	7168511.0	61.5	0.0	38.5	Urban
668777.3	7168911.0	60.7	0.0	39.3	Urban
668777.3	7169311.0	70.1	0.0	29.9	Urban
668777.3	7169711.0	64.0	0.0	36.0	Urban
668777.3	7170111.0	14.5	0.0	85.5	Other
668777.3	7170511.0	11.8	0.0	88.2	Other
668777.3	7170911.0	37.1	0.0	62.9	Urban
668777.3	7171311.0	0.9	0.0	99.1	Other
668777.3	7171711.0	7.5	0.0	92.5	Other
668777.3	7172111.0	59.1	0.0	40.9	Urban
668777.3	7172511.0	38.8	0.0	61.2	Urban
668777.3	7172911.0	24.1	0.0	75.9	Urban
668777.3	7173311.0	69.8	0.0	30.2	Urban
668777.3	7173711.0	43.9	0.0	56.1	Urban
668777.3	7174111.0	18.6	0.0	81.4	Other
668777.3	7174511.0	7.6	0.0	92.4	Other
668777.3	7174911.0	49.3	0.0	50.7	Urban
668777.3	7175311.0	87.7	0.0	12.3	Urban
668777.3	7175711.0	62.2	0.0	37.8	Urban
668777.3	7176111.0	30.8	0.0	69.2	Urban
668777.3	7176511.0	50.2	0.0	49.8	Urban
668777.3	7176911.0	55.1	0.0	44.9	Urban
668777.3	7177311.0	66.1	0.0	33.9	Urban
668777.3	7177711.0	84.5	0.0	15.5	Urban
668777.3	7178111.0	84.8	0.0	15.2	Urban
668777.3	7178511.0	92.5	0.0	7.5	Urban
668777.3	7178911.0	81.3	0.0	18.7	Urban
668777.3	7179311.0	70.0	0.0	30.0	Urban
668777.3	7179711.0	80.8	0.0	19.2	Urban
668777.3	7180111.0	52.1	0.0	47.9	Urban
668777.3	7180511.0	74.1	0.0	25.9	Urban
668777.3	7180911.0	86.2	0.0	13.8	Urban
668777.3	7181311.0	52.8	0.0	47.2	Urban
668777.3	7181711.0	72.2	1.9	25.9	Urban
668777.3	7182111.0	44.4	0.1	55.4	Urban
668777.3	7182511.0	51.0	0.0	49.0	Urban
668777.3	7182911.0	23.9	0.0	76.1	Urban
668777.3	7183311.0	53.5	0.0	46.5	Urban
668777.3	7183711.0	28.4	0.0	71.6	Urban
668777.3	7184111.0	49.7	0.0	50.3	Urban
668777.3	7184511.0	16.1	0.0	83.9	Other
668777.3	7184911.0	33.1	0.0	66.9	Urban
668777.3	7185311.0	56.5	0.0	43.5	Urban
668777.3	7185711.0	50.7	0.0	49.3	Urban
668777.3	7186111.0	43.8	0.0	56.2	Urban
668777.3	7186511.0	76.0	0.0	24.0	Urban
668777.3	7186911.0	71.3	0.0	28.7	Urban
668777.3	7187311.0	53.1	0.0	46.9	Urban
668777.3	7187711.0	35.0	0.0	65.0	Urban
668777.3	7188111.0	35.2	0.0	64.8	Urban
668777.3	7188511.0	32.7	0.0	67.3	Urban
668777.3	7188911.0	38.0	0.0	62.0	Urban
668777.3	7189311.0	17.2	0.0	82.8	Other
668777.3	7189711.0	45.2	0.0	54.8	Urban
668777.3	7190111.0	23.8	0.0	76.2	Urban
668777.3	7190511.0	18.8	0.0	81.2	Other
668777.3	7190911.0	10.1	0.0	89.9	Other
668777.3	7191311.0	38.5	0.0	61.5	Urban
668777.3	7191711.0	32.9	0.0	67.1	Urban
668777.3	7192111.0	7.8	0.0	92.2	Other
668777.3	7192511.0	2.4	0.0	97.6	Other
668777.3	7192911.0	13.6	0.0	86.4	Other
668777.3	7193311.0	22.2	0.0	77.8	Urban
668777.3	7193711.0	1.9	0.0	98.1	Other
668777.3	7194111.0	8.5	0.0	91.5	Other
668777.3	7194511.0	0.9	0.0	99.1	Other
668777.3	7194911.0	0.0	0.0	100.0	Other
668777.3	7195311.0	0.6	0.0	99.4	Other
668777.3	7195711.0	0.0	0.0	100.0	Other
668777.3	7196111.0	1.4	0.0	98.6	Other
668777.3	7196511.0	0.0	0.0	100.0	Other
668777.3	7196911.0	0.3	0.0	99.7	Other
668777.3	7197311.0	10.0	0.0	90.0	Other
668777.3	7197711.0	8.1	0.0	91.9	Other
668777.3	7198111.0	0.1	0.0	99.9	Other
668777.3	7198511.0	0.0	0.0	100.0	Other
668777.3	7198911.0	0.0	0.0	100.0	Other
669177.3	7158511.0	17.3	0.0	82.7	Other
669177.3	7158911.0	15.7	0.0	84.3	Other
669177.3	7159311.0	35.3	0.0	64.7	Urban
669177.3	7159711.0	75.8	0.0	24.2	Urban
669177.3	7160111.0	47.6	12.8	39.6	Urban
669177.3	7160511.0	24.4	3.1	72.5	Urban
669177.3	7160911.0	14.5	0.0	85.5	Other
669177.3	7161311.0	17.9	0.0	82.1	Other
669177.3	7161711.0	76.6	0.0	23.4	Urban
669177.3	7162111.0	90.4	0.0	9.6	Urban
669177.3	7162511.0	98.3	0.0	1.7	Urban
669177.3	7162911.0	89.0	0.0	11.0	Urban
669177.3	7163311.0	94.5	0.0	5.5	Urban
669177.3	7163711.0	95.5	0.0	4.5	Urban
669177.3	7164111.0	43.8	0.0	56.2	Urban
669177.3	7164511.0	27.3	0.0	72.7	Urban
669177.3	7164911.0	14.3	1.8	83.9	Other
669177.3	7165311.0	8.6	0.0	91.4	Other
669177.3	7165711.0	1.9	0.0	98.1	Other
669177.3	7166111.0	4.8	6.9	88.3	Other
669177.3	7166511.0	0.8	0.0	99.2	Other
669177.3	7166911.0	18.0	0.0	82.0	Other
669177.3	7167311.0	2.5	0.0	97.5	Other
669177.3	7167711.0	8.3	0.0	91.7	Other
669177.3	7168111.0	46.9	0.0	53.1	Urban
669177.3	7168511.0	66.6	0.0	33.4	Urban
669177.3	7168911.0	34.3	0.0	65.7	Urban
669177.3	7169311.0	33.0	0.0	67.0	Urban
669177.3	7169711.0	29.4	0.0	70.6	Urban
669177.3	7170111.0	10.4	0.0	89.6	Other
669177.3	7170511.0	11.2	0.0	88.8	Other
669177.3	7170911.0	24.6	0.0	75.4	Urban
669177.3	7171311.0	39.7	0.0	60.3	Urban
669177.3	7171711.0	59.0	0.0	41.0	Urban
669177.3	7172111.0	71.6	0.0	28.4	Urban
669177.3	7172511.0	63.0	0.0	37.0	Urban
669177.3	7172911.0	12.7	0.0	87.3	Other
669177.3	7173311.0	63.8	0.0	36.2	Urban
669177.3	7173711.0	62.7	0.0	37.3	Urban
669177.3	7174111.0	76.9	0.0	23.1	Urban
669177.3	7174511.0	72.3	0.0	27.7	Urban
669177.3	7174911.0	86.4	0.0	13.6	Urban
669177.3	7175311.0	83.9	0.0	16.1	Urban
669177.3	7175711.0	36.0	0.0	64.0	Urban
669177.3	7176111.0	12.9	0.0	87.1	Other
669177.3	7176511.0	4.5	0.0	95.5	Other
669177.3	7176911.0	55.6	0.0	44.4	Urban
669177.3	7177311.0	8.0	0.0	92.0	Other
669177.3	7177711.0	7.3	0.0	92.7	Other
669177.3	7178111.0	62.8	0.0	37.2	Urban
669177.3	7178511.0	96.1	0.0	3.9	Urban
669177.3	7178911.0	77.2	0.0	22.8	Urban
669177.3	7179311.0	47.9	0.0	52.1	Urban
669177.3	7179711.0	38.4	0.0	61.6	Urban
669177.3	7180111.0	91.0	0.0	9.0	Urban
669177.3	7180511.0	71.2	0.0	28.8	Urban
669177.3	7180911.0	88.9	0.0	11.1	Urban
669177.3	7181311.0	89.5	0.0	10.5	Urban
669177.3	7181711.0	79.5	0.0	20.5	Urban
669177.3	7182111.0	70.3	0.0	29.7	Urban
669177.3	7182511.0	75.9	0.0	24.1	Urban
669177.3	7182911.0	83.3	0.0	16.7	Urban
669177.3	7183311.0	55.0	0.0	45.0	Urban
669177.3	7183711.0	35.4	0.0	64.6	Urban
669177.3	7184111.0	35.0	0.0	65.0	Urban
669177.3	7184511.0	25.5	0.0	74.5	Urban
669177.3	7184911.0	18.6	0.0	81.4	Other
669177.3	7185311.0	54.5	0.0	45.5	Urban
669177.3	7185711.0	58.6	0.1	41.2	Urban
669177.3	7186111.0	42.1	0.0	57.9	Urban
669177.3	7186511.0	56.3	0.0	43.7	Urban
669177.3	7186911.0	38.6	0.0	61.4	Urban
669177.3	7187311.0	26.4	0.0	73.6	Urban
669177.3	7187711.0	15.1	0.0	84.9	Other
669177.3	7188111.0	35.2	0.0	64.8	Urban
669177.3	7188511.0	6.7	0.1	93.2	Other
669177.3	7188911.0	8.1	0.0	91.9	Other
669177.3	7189311.0	19.4	0.0	80.6	Other
669177.3	7189711.0	41.6	0.0	58.4	Urban
669177.3	7190111.0	73.1	0.0	26.9	Urban
669177.3	7190511.0	19.4	0.0	80.6	Other
669177.3	7190911.0	35.1	0.0	64.9	Urban
669177.3	7191311.0	3.6	0.0	96.4	Other
669177.3	7191711.0	12.7	0.0	87.3	Other
669177.3	7192111.0	20.9	0.0	79.1	Urban
669177.3	7192511.0	41.6	0.0	58.4	Urban
669177.3	7192911.0	10.4	0.0	89.6	Other
669177.3	7193311.0	8.4	0.0	91.6	Other
669177.3	7193711.0	6.4	0.0	93.6	Other
669177.3	7194111.0	3.7	0.0	96.3	Other
669177.3	7194511.0	2.4	0.0	97.6	Other
669177.3	7194911.0	0.4	0.0	99.6	Other
669177.3	7195311.0	0.4	0.0	99.6	Other
669177.3	7195711.0	0.5	0.0	99.5	Other
669177.3	7196111.0	6.0	0.0	94.0	Other
669177.3	7196511.0	6.3	0.0	93.7	Other
669177.3	7196911.0	10.6	0.0	89.4	Other
669177.3	7197311.0	13.0	0.0	87.0	Other
669177.3	7197711.0	22.9	0.0	77.1	Urban
669177.3	7198111.0	4.4	0.0	95.6	Other
669177.3	7198511.0	0.1	0.0	99.9	Other
669177.3	7198911.0	0.2	0.0	99.8	Other
669577.3	7158511.0	0.1	0.0	99.9	Other
669577.3	7158911.0	8.8	0.0	91.2	Other
669577.3	7159311.0	21.9	0.0	78.1	Urban
669577.3	7159711.0	94.0	0.0	6.0	Urban
669577.3	7160111.0	68.1	0.0	31.9	Urban
669577.3	7160511.0	84.1	0.0	15.9	Urban
669577.3	7160911.0	93.8	0.0	6.2	Urban
669577.3	7161311.0	93.6	0.0	6.4	Urban
669577.3	7161711.0	89.1	0.0	10.9	Urban
669577.3	7162111.0	84.2	0.0	15.8	Urban
669577.3	7162511.0	68.1	0.0	31.9	Urban
669577.3	7162911.0	66.2	0.0	33.8	Urban
669577.3	7163311.0	49.4	0.0	50.6	Urban
669577.3	7163711.0	45.6	0.0	54.4	Urban
669577.3	7164111.0	46.7	0.0	53.3	Urban
669577.3	7164511.0	4.2	0.0	95.8	Other
669577.3	7164911.0	2.2	0.0	97.8	Other
669577.3	7165311.0	0.0	11.2	88.8	Other
669577.3	7165711.0	0.0	3.2	96.8	Other
669577.3	7166111.0	0.0	0.0	100.0	Other
669577.3	7166511.0	3.1	20.5	76.3	Other
669577.3	7166911.0	1.0	1.0	98.1	Other
669577.3	7167311.0	0.0	0.0	100.0	Other
669577.3	7167711.0	0.0	0.0	100.0	Other
669577.3	7168111.0	32.3	0.0	67.7	Urban
669577.3	7168511.0	12.6	0.0	87.4	Other
669577.3	7168911.0	3.5	0.0	96.5	Other
669577.3	7169311.0	2.5	0.0	97.5	Other
669577.3	7169711.0	48.4	0.0	51.6	Urban
669577.3	7170111.0	22.5	2.2	75.3	Urban
669577.3	7170511.0	21.2	0.0	78.8	Urban
669577.3	7170911.0	43.7	0.0	56.3	Urban
669577.3	7171311.0	70.4	0.0	29.6	Urban
669577.3	7171711.0	95.0	0.0	5.0	Urban
669577.3	7172111.0	55.7	0.0	44.3	Urban
669577.3	7172511.0	64.8	0.0	35.2	Urban
669577.3	7172911.0	38.9	0.0	61.1	Urban
669577.3	7173311.0	59.4	0.0	40.6	Urban
669577.3	7173711.0	60.4	0.0	39.6	Urban
669577.3	7174111.0	70.5	0.0	29.5	Urban
669577.3	7174511.0	53.5	0.0	46.5	Urban
669577.3	7174911.0	33.8	0.0	66.2	Urban
669577.3	7175311.0	36.0	0.0	64.0	Urban
669577.3	7175711.0	3.7	0.0	96.3	Other
669577.3	7176111.0	0.1	0.0	99.9	Other
669577.3	7176511.0	19.0	0.0	81.0	Other
669577.3	7176911.0	46.6	0.0	53.4	Urban
669577.3	7177311.0	12.7	0.0	87.3	Other
669577.3	7177711.0	54.6	0.0	45.4	Urban
669577.3	7178111.0	84.9	0.0	15.1	Urban
669577.3	7178511.0	89.4	0.0	10.6	Urban
669577.3	7178911.0	95.8	0.0	4.2	Urban
669577.3	7179311.0	76.0	0.0	24.0	Urban
669577.3	7179711.0	90.5	0.0	9.5	Urban
669577.3	7180111.0	69.1	0.0	30.9	Urban
669577.3	7180511.0	77.0	0.0	23.0	Urban
669577.3	7180911.0	93.4	0.0	6.6	Urban
669577.3	7181311.0	93.6	0.0	6.4	Urban
669577.3	7181711.0	94.1	0.0	5.9	Urban
669577.3	7182111.0	72.2	0.0	27.8	Urban
669577.3	7182511.0	94.8	0.0	5.2	Urban
669577.3	7182911.0	88.8	0.0	11.2	Urban
669577.3	7183311.0	90.5	0.0	9.5	Urban
669577.3	7183711.0	40.4	0.0	59.6	Urban
669577.3	7184111.0	48.9	0.0	51.1	Urban
669577.3	7184511.0	62.7	0.0	37.3	Urban
669577.3	7184911.0	93.5	0.0	6.5	Urban
669577.3	7185311.0	84.8	0.0	15.2	Urban
669577.3	7185711.0	69.2	0.0	30.8	Urban
669577.3	7186111.0	46.2	10.8	43.0	Urban
669577.3	7186511.0	25.5	33.2	41.3	Urban
669577.3	7186911.0	17.3	0.0	82.7	Other
669577.3	7187311.0	5.2	0.0	94.8	Other
669577.3	7187711.0	1.5	0.0	98.5	Other
669577.3	7188111.0	41.5	0.0	58.5	Urban
669577.3	7188511.0	28.2	0.0	71.8	Urban
669577.3	7188911.0	37.1	0.0	62.9	Urban
669577.3	7189311.0	77.0	0.0	23.0	Urban
669577.3	7189711.0	54.9	0.0	45.1	Urban
669577.3	7190111.0	75.9	0.0	24.1	Urban
669577.3	7190511.0	12.3	0.0	87.7	Other
669577.3	7190911.0	8.4	0.2	91.3	Other
669577.3	7191311.0	5.2	0.0	94.8	Other
669577.3	7191711.0	25.5	0.0	74.5	Urban
669577.3	7192111.0	31.8	0.0	68.2	Urban
669577.3	7192511.0	29.2	0.0	70.8	Urban
669577.3	7192911.0	4.8	0.0	95.2	Other
669577.3	7193311.0	20.2	0.0	79.8	Urban
669577.3	7193711.0	7.8	0.0	92.2	Other
669577.3	7194111.0	14.9	0.0	85.1	Other
669577.3	7194511.0	0.3	0.0	99.7	Other
669577.3	7194911.0	0.3	0.0	99.7	Other
669577.3	7195311.0	4.2	0.6	95.3	Other
669577.3	7195711.0	0.0	0.0	100.0	Other
669577.3	7196111.0	4.9	0.0	95.1	Other
669577.3	7196511.0	1.2	0.3	98.5	Other
669577.3	7196911.0	26.4	0.0	73.6	Urban
669577.3	7197311.0	1.3	0.0	98.7	Other
669577.3	7197711.0	15.4	0.0	84.6	Other
669577.3	7198111.0	2.9	0.0	97.1	Other
669577.3	7198511.0	23.0	0.0	77.0	Urban
669577.3	7198911.0	20.6	0.0	79.4	Urban
669977.3	7158511.0	39.5	0.0	60.5	Urban
669977.3	7158911.0	79.1	0.0	20.9	Urban
669977.3	7159311.0	83.2	0.0	16.8	Urban
669977.3	7159711.0	74.6	0.0	25.4	Urban
669977.3	7160111.0	67.8	0.0	32.2	Urban
669977.3	7160511.0	89.5	0.0	10.5	Urban
669977.3	7160911.0	99.1	0.0	0.9	Urban
669977.3	7161311.0	99.9	0.0	0.1	Urban
669977.3	7161711.0	99.3	0.0	0.7	Urban
669977.3	7162111.0	98.1	0.0	1.9	Urban
669977.3	7162511.0	90.8	0.0	9.2	Urban
669977.3	7162911.0	54.5	0.0	45.5	Urban
669977.3	7163311.0	55.5	0.0	44.5	Urban
669977.3	7163711.0	24.8	0.0	75.2	Urban
669977.3	7164111.0	11.2	0.0	88.8	Other
669977.3	7164511.0	1.4	0.0	98.6	Other
669977.3	7164911.0	0.1	0.0	99.9	Other
669977.3	7165311.0	0.0	2.5	97.5	Other
669977.3	7165711.0	0.0	6.5	93.5	Other
669977.3	7166111.0	0.0	0.0	100.0	Other
669977.3	7166511.0	0.0	0.0	100.0	Other
669977.3	7166911.0	0.0	0.0	100.0	Other
669977.3	7167311.0	0.0	0.0	100.0	Other
669977.3	7167711.0	5.4	0.0	94.6	Other
669977.3	7168111.0	14.4	0.0	85.6	Other
669977.3	7168511.0	0.0	0.0	100.0	Other
669977.3	7168911.0	0.0	0.0	100.0	Other
669977.3	7169311.0	1.7	0.0	98.3	Other
669977.3	7169711.0	44.7	0.0	55.3	Urban
669977.3	7170111.0	2.2	0.0	97.8	Other
669977.3	7170511.0	7.4	0.0	92.6	Other
669977.3	7170911.0	31.4	0.0	68.6	Urban
669977.3	7171311.0	22.3	0.0	77.7	Urban
669977.3	7171711.0	50.6	0.0	49.4	Urban
669977.3	7172111.0	67.1	0.2	32.6	Urban
669977.3	7172511.0	76.2	0.0	23.8	Urban
669977.3	7172911.0	42.9	0.0	57.1	Urban
669977.3	7173311.0	25.2	0.0	74.8	Urban
669977.3	7173711.0	36.8	0.0	63.2	Urban
669977.3	7174111.0	63.8	0.0	36.2	Urban
669977.3	7174511.0	51.1	0.0	48.9	Urban
669977.3	7174911.0	52.8	0.0	47.2	Urban
669977.3	7175311.0	4.5	0.0	95.5	Other
669977.3	7175711.0	12.6	0.0	87.4	Other
669977.3	7176111.0	11.3	0.0	88.7	Other
669977.3	7176511.0	90.7	0.0	9.3	Urban
669977.3	7176911.0	99.1	0.0	0.9	Urban
669977.3	7177311.0	71.6	0.0	28.4	Urban
669977.3	7177711.0	34.4	0.0	65.6	Urban
669977.3	7178111.0	56.5	0.0	43.5	Urban
669977.3	7178511.0	62.4	0.0	37.6	Urban
669977.3	7178911.0	91.2	0.0	8.8	Urban
669977.3	7179311.0	98.2	0.0	1.8	Urban
669977.3	7179711.0	97.6	0.0	2.4	Urban
669977.3	7180111.0	87.5	0.0	12.5	Urban
669977.3	7180511.0	91.3	0.0	8.7	Urban
669977.3	7180911.0	91.7	0.0	8.3	Urban
669977.3	7181311.0	87.7	0.0	12.3	Urban
669977.3	7181711.0	97.8	0.0	2.2	Urban
669977.3	7182111.0	86.3	0.0	13.7	Urban
669977.3	7182511.0	94.9	0.0	5.1	Urban
669977.3	7182911.0	89.1	0.0	10.9	Urban
669977.3	7183311.0	91.8	0.0	8.2	Urban
669977.3	7183711.0	69.1	0.0	30.9	Urban
669977.3	7184111.0	57.2	0.0	42.8	Urban
669977.3	7184511.0	84.6	0.0	15.4	Urban
669977.3	7184911.0	94.2	0.0	5.8	Urban
669977.3	7185311.0	86.1	0.1	13.8	Urban
669977.3	7185711.0	89.3	0.0	10.7	Urban
669977.3	7186111.0	47.8	14.8	37.5	Urban
669977.3	7186511.0	4.1	67.5	28.3	Water
669977.3	7186911.0	4.1	0.0	95.9	Other
669977.3	7187311.0	2.0	0.0	98.0	Other
669977.3	7187711.0	6.7	0.0	93.3	Other
669977.3	7188111.0	37.2	0.0	62.8	Urban
669977.3	7188511.0	36.9	0.0	63.1	Urban
669977.3	7188911.0	42.5	0.0	57.5	Urban
669977.3	7189311.0	28.4	0.0	71.6	Urban
669977.3	7189711.0	34.9	0.0	65.1	Urban
669977.3	7190111.0	27.8	0.3	71.9	Urban
669977.3	7190511.0	0.4	0.0	99.6	Other
669977.3	7190911.0	0.0	0.0	100.0	Other
669977.3	7191311.0	0.9	0.0	99.1	Other
669977.3	7191711.0	35.7	0.0	64.3	Urban
669977.3	7192111.0	44.5	0.0	55.5	Urban
669977.3	7192511.0	58.1	0.0	41.9	Urban
669977.3	7192911.0	68.2	0.0	31.8	Urban
669977.3	7193311.0	51.9	0.0	48.1	Urban
669977.3	7193711.0	20.6	0.0	79.4	Urban
669977.3	7194111.0	10.4	0.0	89.6	Other
669977.3	7194511.0	4.7	0.0	95.3	Other
669977.3	7194911.0	0.2	0.0	99.8	Other
669977.3	7195311.0	0.7	0.0	99.3	Other
669977.3	7195711.0	4.6	0.0	95.4	Other
669977.3	7196111.0	11.6	0.0	88.4	Other
669977.3	7196511.0	9.8	0.0	90.2	Other
669977.3	7196911.0	10.9	0.0	89.1	Other
669977.3	7197311.0	8.4	0.0	91.6	Other
669977.3	7197711.0	12.7	0.0	87.3	Other
669977.3	7198111.0	29.1	0.0	70.9	Urban
669977.3	7198511.0	53.0	0.0	47.0	Urban
669977.3	7198911.0	94.8	0.0	5.2	Urban
670377.3	7158511.0	43.7	0.0	56.3	Urban
670377.3	7158911.0	88.3	0.0	11.7	Urban
670377.3	7159311.0	96.8	0.0	3.2	Urban
670377.3	7159711.0	36.2	0.0	63.8	Urban
670377.3	7160111.0	84.2	0.0	15.8	Urban
670377.3	7160511.0	47.2	0.0	52.8	Urban
670377.3	7160911.0	99.1	0.0	0.9	Urban
670377.3	7161311.0	98.7	0.0	1.3	Urban
670377.3	7161711.0	97.8	0.0	2.2	Urban
670377.3	7162111.0	99.9	0.0	0.1	Urban
670377.3	7162511.0	99.6	0.0	0.4	Urban
670377.3	7162911.0	83.2	0.0	16.8	Urban
670377.3	7163311.0	57.8	0.0	42.2	Urban
670377.3	7163711.0	4.1	0.0	95.9	Other
670377.3	7164111.0	3.6	0.0	96.4	Other
670377.3	7164511.0	2.5	3.1	94.4	Other
670377.3	7164911.0	3.1	0.0	96.9	Other
670377.3	7165311.0	0.0	0.0	100.0	Other
670377.3	7165711.0	0.0	8.8	91.2	Other
670377.3	7166111.0	0.0	33.0	67.0	Other
670377.3	7166511.0	0.0	45.4	54.6	Other
670377.3	7166911.0	0.0	14.9	85.1	Other
670377.3	7167311.0	0.0	0.0	100.0	Other
670377.3	7167711.0	4.9	0.0	95.1	Other
670377.3	7168111.0	3.0	0.0	97.0	Other
670377.3	7168511.0	0.0	0.0	100.0	Other
670377.3	7168911.0	0.0	0.0	100.0	Other
670377.3	7169311.0	0.0	0.0	100.0	Other
670377.3	7169711.0	3.4	0.0	96.6	Other
670377.3	7170111.0	14.1	0.0	85.9	Other
670377.3	7170511.0	12.6	0.0	87.4	Other
670377.3	7170911.0	16.5	0.0	83.5	Other
670377.3	7171311.0	9.4	0.0	90.6	Other
670377.3	7171711.0	24.3	0.0	75.7	Urban
670377.3	7172111.0	29.5	1.1	69.4	Urban
670377.3	7172511.0	68.5	0.0	31.5	Urban
670377.3	7172911.0	95.9	0.0	4.1	Urban
670377.3	7173311.0	63.9	0.0	36.1	Urban
670377.3	7173711.0	48.9	0.0	51.1	Urban
670377.3	7174111.0	11.1	0.0	88.9	Other
670377.3	7174511.0	6.7	0.0	93.3	Other
670377.3	7174911.0	10.2	0.0	89.8	Other
670377.3	7175311.0	55.0	0.0	45.0	Urban
670377.3	7175711.0	18.6	0.0	81.4	Other
670377.3	7176111.0	68.8	0.0	31.2	Urban
670377.3	7176511.0	99.6	0.0	0.4	Urban
670377.3	7176911.0	97.8	0.0	2.2	Urban
670377.3	7177311.0	99.2	0.0	0.8	Urban
670377.3	7177711.0	94.2	0.0	5.8	Urban
670377.3	7178111.0	99.7	0.0	0.3	Urban
670377.3	7178511.0	90.3	0.0	9.7	Urban
670377.3	7178911.0	87.9	0.0	12.1	Urban
670377.3	7179311.0	90.9	0.0	9.1	Urban
670377.3	7179711.0	97.8	0.0	2.2	Urban
670377.3	7180111.0	89.1	0.0	10.9	Urban
670377.3	7180511.0	75.2	0.0	24.8	Urban
670377.3	7180911.0	95.3	0.0	4.7	Urban
670377.3	7181311.0	79.3	0.0	20.7	Urban
670377.3	7181711.0	89.6	0.0	10.4	Urban
670377.3	7182111.0	89.5	0.0	10.5	Urban
670377.3	7182511.0	89.8	0.0	10.2	Urban
670377.3	7182911.0	92.0	0.0	8.0	Urban
670377.3	7183311.0	91.9	0.0	8.1	Urban
670377.3	7183711.0	77.8	0.0	22.2	Urban
670377.3	7184111.0	87.4	0.0	12.6	Urban
670377.3	7184511.0	79.8	0.0	20.2	Urban
670377.3	7184911.0	77.5	0.0	22.5	Urban
670377.3	7185311.0	83.0	0.0	17.0	Urban
670377.3	7185711.0	88.8	0.0	11.2	Urban
670377.3	7186111.0	39.5	0.0	60.5	Urban
670377.3	7186511.0	25.3	3.6	71.1	Urban
670377.3	7186911.0	38.7	1.0	60.3	Urban
670377.3	7187311.0	19.3	1.8	78.9	Other
670377.3	7187711.0	0.0	0.0	100.0	Other
670377.3	7188111.0	31.3	0.0	68.7	Urban
670377.3	7188511.0	47.2	0.0	52.8	Urban
670377.3	7188911.0	23.7	3.1	73.2	Urban
670377.3	7189311.0	20.7	2.5	76.8	Urban
670377.3	7189711.0	45.1	0.0	54.9	Urban
670377.3	7190111.0	17.6	1.9	80.4	Other
670377.3	7190511.0	1.8	15.0	83.1	Other
670377.3	7190911.0	5.0	3.4	91.5	Other
670377.3	7191311.0	13.8	0.0	86.2	Other
670377.3	7191711.0	48.2	0.0	51.8	Urban
670377.3	7192111.0	54.4	0.0	45.6	Urban
670377.3	7192511.0	72.9	0.0	27.1	Urban
670377.3	7192911.0	61.8	0.0	38.2	Urban
670377.3	7193311.0	68.1	0.0	31.9	Urban
670377.3	7193711.0	5.4	0.0	94.6	Other
670377.3	7194111.0	0.0	0.0	100.0	Other
670377.3	7194511.0	2.7	0.0	97.3	Other
670377.3	7194911.0	3.4	0.0	96.6	Other
670377.3	7195311.0	8.4	0.0	91.6	Other
670377.3	7195711.0	8.8	0.0	91.2	Other
670377.3	7196111.0	22.1	0.0	77.9	Urban
670377.3	7196511.0	13.1	0.0	86.9	Other
670377.3	7196911.0	61.7	0.0	38.3	Urban
670377.3	7197311.0	16.5	10.9	72.5	Other
670377.3	7197711.0	20.2	0.1	79.7	Urban
670377.3	7198111.0	29.0	0.0	71.0	Urban
670377.3	7198511.0	16.9	0.0	83.1	Other
670377.3	7198911.0	27.4	0.0	72.6	Urban
670777.3	7158511.0	86.3	0.0	13.7	Urban
670777.3	7158911.0	54.9	0.0	45.1	Urban
670777.3	7159311.0	16.5	0.0	83.5	Other
670777.3	7159711.0	0.0	0.0	100.0	Other
670777.3	7160111.0	19.9	0.0	80.1	Other
670777.3	7160511.0	89.7	0.0	10.3	Urban
670777.3	7160911.0	97.2	0.0	2.8	Urban
670777.3	7161311.0	97.3	0.0	2.7	Urban
670777.3	7161711.0	99.8	0.0	0.2	Urban
670777.3	7162111.0	98.2	0.0	1.8	Urban
670777.3	7162511.0	96.5	0.0	3.5	Urban
670777.3	7162911.0	50.7	0.0	49.3	Urban
670777.3	7163311.0	24.2	0.0	75.8	Urban
670777.3	7163711.0	19.9	0.0	80.1	Other
670777.3	7164111.0	25.8	0.0	74.2	Urban
670777.3	7164511.0	12.7	3.4	83.9	Other
670777.3	7164911.0	1.1	0.0	98.9	Other
670777.3	7165311.0	0.0	0.0	100.0	Other
670777.3	7165711.0	0.0	13.4	86.6	Other
670777.3	7166111.0	0.0	57.4	42.6	Water
670777.3	7166511.0	0.0	67.9	32.1	Water
670777.3	7166911.0	0.1	46.5	53.4	Other
670777.3	7167311.0	0.5	0.0	99.5	Other
670777.3	7167711.0	11.1	0.0	88.9	Other
670777.3	7168111.0	19.8	0.0	80.2	Other
670777.3	7168511.0	0.9	0.0	99.1	Other
670777.3	7168911.0	0.0	0.0	100.0	Other
670777.3	7169311.0	0.2	0.0	99.8	Other
670777.3	7169711.0	2.1	0.0	97.9	Other
670777.3	7170111.0	21.7	0.0	78.3	Urban
670777.3	7170511.0	11.7	0.0	88.3	Other
670777.3	7170911.0	13.3	0.0	86.7	Other
670777.3	7171311.0	0.2	0.0	99.8	Other
670777.3	7171711.0	13.8	0.0	86.2	Other
670777.3	7172111.0	27.7	0.0	72.3	Urban
670777.3	7172511.0	62.0	0.0	38.0	Urban
670777.3	7172911.0	95.7	0.0	4.3	Urban
670777.3	7173311.0	45.9	0.0	54.1	Urban
670777.3	7173711.0	70.4	0.0	29.6	Urban
670777.3	7174111.0	83.4	0.0	16.6	Urban
670777.3	7174511.0	91.3	0.0	8.7	Urban
670777.3	7174911.0	60.3	0.0	39.7	Urban
670777.3	7175311.0	84.2	0.0	15.8	Urban
670777.3	7175711.0	79.1	0.0	20.9	Urban
670777.3	7176111.0	99.7	0.0	0.3	Urban
670777.3	7176511.0	98.9	0.0	1.1	Urban
670777.3	7176911.0	95.0	0.0	5.0	Urban
670777.3	7177311.0	97.2	0.0	2.8	Urban
670777.3	7177711.0	98.6	0.0	1.4	Urban
670777.3	7178111.0	98.4	0.0	1.6	Urban
670777.3	7178511.0	92.5	0.0	7.5	Urban
670777.3	7178911.0	92.0	0.0	8.0	Urban
670777.3	7179311.0	89.4	0.0	10.6	Urban
670777.3	7179711.0	92.2	0.0	7.8	Urban
670777.3	7180111.0	79.0	0.0	21.0	Urban
670777.3	7180511.0	76.2	0.0	23.8	Urban
670777.3	7180911.0	84.6	0.0	15.4	Urban
670777.3	7181311.0	86.6	0.0	13.4	Urban
670777.3	7181711.0	95.7	0.0	4.3	Urban
670777.3	7182111.0	86.9	0.0	13.1	Urban
670777.3	7182511.0	87.9	0.0	12.1	Urban
670777.3	7182911.0	91.0	0.0	9.0	Urban
670777.3	7183311.0	80.0	0.0	20.0	Urban
670777.3	7183711.0	84.6	0.0	15.4	Urban
670777.3	7184111.0	94.0	0.0	6.0	Urban
670777.3	7184511.0	56.3	0.0	43.7	Urban
670777.3	7184911.0	69.9	0.0	30.1	Urban
670777.3	7185311.0	73.8	0.0	26.2	Urban
670777.3	7185711.0	76.5	0.0	23.5	Urban
670777.3	7186111.0	52.6	0.0	47.4	Urban
670777.3	7186511.0	34.9	0.0	65.1	Urban
670777.3	7186911.0	69.2	0.0	30.8	Urban
670777.3	7187311.0	46.1	0.0	53.9	Urban
670777.3	7187711.0	13.9	0.0	86.1	Other
670777.3	7188111.0	40.2	0.0	59.8	Urban
670777.3	7188511.0	70.7	0.0	29.3	Urban
670777.3	7188911.0	36.7	0.4	62.9	Urban
670777.3	7189311.0	35.7	0.7	63.6	Urban
670777.3	7189711.0	57.7	0.0	42.3	Urban
670777.3	7190111.0	39.2	0.0	60.8	Urban
670777.3	7190511.0	58.1	0.0	41.9	Urban
670777.3	7190911.0	64.6	1.6	33.8	Urban
670777.3	7191311.0	19.5	0.0	80.5	Other
670777.3	7191711.0	44.9	0.0	55.1	Urban
670777.3	7192111.0	38.3	0.0	61.7	Urban
670777.3	7192511.0	54.2	0.0	45.8	Urban
670777.3	7192911.0	24.3	0.0	75.7	Urban
670777.3	7193311.0	7.3	0.0	92.7	Other
670777.3	7193711.0	0.0	0.0	100.0	Other
670777.3	7194111.0	0.0	0.0	100.0	Other
670777.3	7194511.0	0.5	0.0	99.5	Other
670777.3	7194911.0	27.3	0.0	72.7	Urban
670777.3	7195311.0	23.5	0.0	76.5	Urban
670777.3	7195711.0	7.1	0.0	92.9	Other
670777.3	7196111.0	25.4	0.0	74.6	Urban
670777.3	7196511.0	3.2	0.0	96.8	Other
670777.3	7196911.0	16.6	0.0	83.4	Other
670777.3	7197311.0	0.0	3.6	96.3	Other
670777.3	7197711.0	0.8	7.6	91.6	Other
670777.3	7198111.0	2.4	0.0	97.6	Other
670777.3	7198511.0	59.9	0.0	40.1	Urban
670777.3	7198911.0	79.0	0.0	21.0	Urban
671177.3	7158511.0	40.1	0.0	59.9	Urban
671177.3	7158911.0	22.8	0.0	77.2	Urban
671177.3	7159311.0	12.5	0.0	87.5	Other
671177.3	7159711.0	4.1	0.0	95.9	Other
671177.3	7160111.0	17.8	0.0	82.2	Other
671177.3	7160511.0	97.3	0.0	2.7	Urban
671177.3	7160911.0	96.3	0.0	3.7	Urban
671177.3	7161311.0	93.8	0.0	6.2	Urban
671177.3	7161711.0	38.8	0.0	61.2	Urban
671177.3	7162111.0	24.6	0.0	75.4	Urban
671177.3	7162511.0	42.2	0.0	57.8	Urban
671177.3	7162911.0	46.0	0.0	54.0	Urban
671177.3	7163311.0	62.6	0.0	37.4	Urban
671177.3	7163711.0	38.0	0.0	62.0	Urban
671177.3	7164111.0	37.1	0.0	62.9	Urban
671177.3	7164511.0	0.6	0.0	99.4	Other
671177.3	7164911.0	0.3	0.0	99.7	Other
671177.3	7165311.0	0.0	0.0	100.0	Other
671177.3	7165711.0	0.0	2.4	97.6	Other
671177.3	7166111.0	0.0	58.4	41.6	Water
671177.3	7166511.0	0.0	87.1	12.9	Water
671177.3	7166911.0	2.0	55.3	42.8	Water
671177.3	7167311.0	13.9	0.0	86.1	Other
671177.3	7167711.0	1.4	0.0	98.6	Other
671177.3	7168111.0	11.6	0.0	88.4	Other
671177.3	7168511.0	7.3	0.0	92.7	Other
671177.3	7168911.0	7.4	0.0	92.6	Other
671177.3	7169311.0	13.9	0.0	86.1	Other
671177.3	7169711.0	30.0	0.0	70.0	Urban
671177.3	7170111.0	22.5	0.0	77.5	Urban
671177.3	7170511.0	27.4	0.0	72.6	Urban
671177.3	7170911.0	51.3	0.0	48.7	Urban
671177.3	7171311.0	5.7	0.0	94.3	Other
671177.3	7171711.0	23.0	0.1	76.9	Urban
671177.3	7172111.0	34.0	0.0	66.0	Urban
671177.3	7172511.0	48.8	0.0	51.2	Urban
671177.3	7172911.0	81.0	0.0	19.0	Urban
671177.3	7173311.0	11.4	0.0	88.6	Other
671177.3	7173711.0	65.1	0.0	34.9	Urban
671177.3	7174111.0	99.0	0.0	1.0	Urban
671177.3	7174511.0	89.3	0.0	10.7	Urban
671177.3	7174911.0	61.4	0.0	38.6	Urban
671177.3	7175311.0	74.8	0.0	25.2	Urban
671177.3	7175711.0	97.9	0.0	2.1	Urban
671177.3	7176111.0	99.2	0.0	0.8	Urban
671177.3	7176511.0	99.4	0.0	0.6	Urban
671177.3	7176911.0	94.2	0.0	5.8	Urban
671177.3	7177311.0	97.4	0.0	2.6	Urban
671177.3	7177711.0	97.2	0.0	2.8	Urban
671177.3	7178111.0	91.4	0.0	8.6	Urban
671177.3	7178511.0	91.9	0.0	8.1	Urban
671177.3	7178911.0	86.3	0.0	13.7	Urban
671177.3	7179311.0	89.3	0.0	10.7	Urban
671177.3	7179711.0	89.7	0.0	10.3	Urban
671177.3	7180111.0	95.5	0.0	4.5	Urban
671177.3	7180511.0	94.9	0.0	5.1	Urban
671177.3	7180911.0	91.9	0.0	8.1	Urban
671177.3	7181311.0	86.9	0.0	13.1	Urban
671177.3	7181711.0	90.5	0.0	9.5	Urban
671177.3	7182111.0	86.4	0.0	13.6	Urban
671177.3	7182511.0	64.0	0.0	36.0	Urban
671177.3	7182911.0	87.5	0.0	12.5	Urban
671177.3	7183311.0	85.9	0.0	14.1	Urban
671177.3	7183711.0	75.3	0.0	24.7	Urban
671177.3	7184111.0	90.4	0.0	9.6	Urban
671177.3	7184511.0	79.9	0.0	20.1	Urban
671177.3	7184911.0	79.8	0.0	20.2	Urban
671177.3	7185311.0	78.1	0.0	21.9	Urban
671177.3	7185711.0	79.3	0.0	20.7	Urban
671177.3	7186111.0	86.1	0.0	13.9	Urban
671177.3	7186511.0	86.9	0.0	13.1	Urban
671177.3	7186911.0	88.0	0.0	12.0	Urban
671177.3	7187311.0	69.8	0.0	30.2	Urban
671177.3	7187711.0	51.2	0.0	48.8	Urban
671177.3	7188111.0	54.7	0.0	45.3	Urban
671177.3	7188511.0	59.6	0.0	40.4	Urban
671177.3	7188911.0	42.2	0.0	57.8	Urban
671177.3	7189311.0	5.8	0.0	94.2	Other
671177.3	7189711.0	46.6	0.0	53.4	Urban
671177.3	7190111.0	32.6	0.0	67.4	Urban
671177.3	7190511.0	66.9	0.0	33.1	Urban
671177.3	7190911.0	52.9	0.0	47.1	Urban
671177.3	7191311.0	9.7	0.0	90.3	Other
671177.3	7191711.0	54.2	0.0	45.8	Urban
671177.3	7192111.0	60.2	0.0	39.8	Urban
671177.3	7192511.0	56.0	0.0	44.0	Urban
671177.3	7192911.0	1.8	0.0	98.2	Other
671177.3	7193311.0	12.4	0.0	87.6	Other
671177.3	7193711.0	0.0	0.0	100.0	Other
671177.3	7194111.0	0.3	0.0	99.7	Other
671177.3	7194511.0	14.3	0.0	85.7	Other
671177.3	7194911.0	30.9	0.0	69.1	Urban
671177.3	7195311.0	59.2	0.0	40.8	Urban
671177.3	7195711.0	50.0	0.0	50.0	Urban
671177.3	7196111.0	44.1	0.0	55.9	Urban
671177.3	7196511.0	31.2	0.0	68.8	Urban
671177.3	7196911.0	0.0	0.0	100.0	Other
671177.3	7197311.0	1.7	0.0	98.3	Other
671177.3	7197711.0	2.3	0.0	97.7	Other
671177.3	7198111.0	29.0	0.0	71.0	Urban
671177.3	7198511.0	71.1	0.0	28.9	Urban
671177.3	7198911.0	94.8	0.0	5.2	Urban
671577.3	7158511.0	38.7	0.0	61.3	Urban
671577.3	7158911.0	35.7	0.0	64.3	Urban
671577.3	7159311.0	56.6	0.0	43.4	Urban
671577.3	7159711.0	85.4	0.0	14.6	Urban
671577.3	7160111.0	80.2	0.0	19.8	Urban
671577.3	7160511.0	76.6	0.0	23.4	Urban
671577.3	7160911.0	43.4	0.0	56.6	Urban
671577.3	7161311.0	28.3	3.4	68.3	Urban
671577.3	7161711.0	18.4	0.0	81.6	Other
671577.3	7162111.0	5.6	0.0	94.4	Other
671577.3	7162511.0	14.1	0.0	85.9	Other
671577.3	7162911.0	42.9	0.0	57.1	Urban
671577.3	7163311.0	81.0	0.0	19.0	Urban
671577.3	7163711.0	77.7	0.0	22.3	Urban
671577.3	7164111.0	37.8	0.0	62.2	Urban
671577.3	7164511.0	0.7	0.0	99.3	Other
671577.3	7164911.0	0.0	0.0	100.0	Other
671577.3	7165311.0	0.0	0.0	100.0	Other
671577.3	7165711.0	0.0	0.0	100.0	Other
671577.3	7166111.0	0.0	34.7	65.3	Other
671577.3	7166511.0	0.0	73.0	27.0	Water
671577.3	7166911.0	2.2	40.9	56.9	Other
671577.3	7167311.0	25.2	5.1	69.7	Urban
671577.3	7167711.0	0.6	0.0	99.4	Other
671577.3	7168111.0	0.0	0.0	100.0	Other
671577.3	7168511.0	1.4	0.7	97.9	Other
671577.3	7168911.0	0.0	0.0	100.0	Other
671577.3	7169311.0	10.9	0.0	89.1	Other
671577.3	7169711.0	35.8	0.0	64.2	Urban
671577.3	7170111.0	6.5	0.0	93.5	Other
671577.3	7170511.0	0.6	0.0	99.4	Other
671577.3	7170911.0	25.3	0.0	74.7	Urban
671577.3	7171311.0	31.1	0.0	68.9	Urban
671577.3	7171711.0	26.8	0.0	73.2	Urban
671577.3	7172111.0	37.1	0.0	62.9	Urban
671577.3	7172511.0	53.6	0.0	46.4	Urban
671577.3	7172911.0	96.3	0.0	3.7	Urban
671577.3	7173311.0	76.3	0.0	23.7	Urban
671577.3	7173711.0	76.7	0.0	23.3	Urban
671577.3	7174111.0	97.7	0.0	2.3	Urban
671577.3	7174511.0	78.2	0.0	21.8	Urban
671577.3	7174911.0	43.8	0.0	56.2	Urban
671577.3	7175311.0	94.5	0.0	5.5	Urban
671577.3	7175711.0	78.5	0.0	21.5	Urban
671577.3	7176111.0	92.6	0.0	7.4	Urban
671577.3	7176511.0	90.3	0.0	9.7	Urban
671577.3	7176911.0	79.1	0.0	20.9	Urban
671577.3	7177311.0	63.1	0.0	36.9	Urban
671577.3	7177711.0	77.4	0.0	22.6	Urban
671577.3	7178111.0	69.9	0.0	30.1	Urban
671577.3	7178511.0	93.2	0.0	6.8	Urban
671577.3	7178911.0	85.9	0.0	14.1	Urban
671577.3	7179311.0	85.9	0.0	14.1	Urban
671577.3	7179711.0	85.2	0.0	14.8	Urban
671577.3	7180111.0	90.5	0.0	9.5	Urban
671577.3	7180511.0	92.1	0.0	7.9	Urban
671577.3	7180911.0	82.9	0.0	17.1	Urban
671577.3	7181311.0	83.9	0.0	16.1	Urban
671577.3	7181711.0	87.5	0.0	12.5	Urban
671577.3	7182111.0	95.6	0.0	4.4	Urban
671577.3	7182511.0	92.2	0.0	7.8	Urban
671577.3	7182911.0	96.2	0.0	3.8	Urban
671577.3	7183311.0	88.3	0.0	11.7	Urban
671577.3	7183711.0	87.0	0.0	13.0	Urban
671577.3	7184111.0	90.3	0.0	9.7	Urban
671577.3	7184511.0	94.6	0.0	5.4	Urban
671577.3	7184911.0	80.6	0.0	19.4	Urban
671577.3	7185311.0	91.9	0.0	8.1	Urban
671577.3	7185711.0	95.4	0.0	4.6	Urban
671577.3	7186111.0	90.2	0.0	9.8	Urban
671577.3	7186511.0	66.7	0.0	33.3	Urban
671577.3	7186911.0	64.8	0.0	35.2	Urban
671577.3	7187311.0	80.0	0.0	20.0	Urban
671577.3	7187711.0	70.7	0.0	29.3	Urban
671577.3	7188111.0	70.6	0.0	29.4	Urban
671577.3	7188511.0	84.2	0.0	15.8	Urban
671577.3	7188911.0	69.6	0.0	30.4	Urban
671577.3	7189311.0	38.5	0.0	61.5	Urban
671577.3	7189711.0	62.3	0.0	37.7	Urban
671577.3	7190111.0	88.6	0.0	11.4	Urban
671577.3	7190511.0	88.5	0.0	11.5	Urban
671577.3	7190911.0	65.7	0.0	34.3	Urban
671577.3	7191311.0	46.2	0.0	53.8	Urban
671577.3	7191711.0	85.2	0.0	14.8	Urban
671577.3	7192111.0	16.7	0.0	83.3	Other
671577.3	7192511.0	0.0	0.0	100.0	Other
671577.3	7192911.0	0.0	0.0	100.0	Other
671577.3	7193311.0	25.0	0.0	75.0	Urban
671577.3	7193711.0	28.0	0.0	72.0	Urban
671577.3	7194111.0	7.6	0.0	92.4	Other
671577.3	7194511.0	27.2	0.0	72.8	Urban
671577.3	7194911.0	44.7	0.0	55.3	Urban
671577.3	7195311.0	63.1	0.0	36.9	Urban
671577.3	7195711.0	54.8	0.0	45.2	Urban
671577.3	7196111.0	42.4	0.0	57.6	Urban
671577.3	7196511.0	37.2	0.0	62.8	Urban
671577.3	7196911.0	18.3	0.0	81.7	Other
671577.3	7197311.0	0.1	0.0	99.9	Other
671577.3	7197711.0	5.6	0.7	93.7	Other
671577.3	7198111.0	2.5	0.0	97.5	Other
671577.3	7198511.0	10.2	0.0	89.8	Other
671577.3	7198911.0	27.5	0.0	72.5	Urban
671977.3	7158511.0	43.1	0.0	56.9	Urban
671977.3	7158911.0	48.5	0.0	51.5	Urban
671977.3	7159311.0	36.9	0.0	63.1	Urban
671977.3	7159711.0	29.4	0.0	70.6	Urban
671977.3	7160111.0	31.1	0.0	68.9	Urban
671977.3	7160511.0	0.2	0.0	99.8	Other
671977.3	7160911.0	3.9	0.0	96.1	Other
671977.3	7161311.0	2.1	0.0	97.9	Other
671977.3	7161711.0	15.5	0.0	84.5	Other
671977.3	7162111.0	14.4	0.0	85.6	Other
671977.3	7162511.0	55.3	0.0	44.7	Urban
671977.3	7162911.0	69.0	0.0	31.0	Urban
671977.3	7163311.0	44.8	0.0	55.2	Urban
671977.3	7163711.0	18.7	0.0	81.3	Other
671977.3	7164111.0	23.4	0.0	76.6	Urban
671977.3	7164511.0	3.1	0.0	96.9	Other
671977.3	7164911.0	0.0	0.0	100.0	Other
671977.3	7165311.0	0.0	0.0	100.0	Other
671977.3	7165711.0	0.0	0.0	100.0	Other
671977.3	7166111.0	0.0	23.1	76.9	Other
671977.3	7166511.0	0.0	83.8	16.2	Water
671977.3	7166911.0	0.0	81.5	18.5	Water
671977.3	7167311.0	10.1	26.9	62.9	Other
671977.3	7167711.0	4.6	0.0	95.4	Other
671977.3	7168111.0	0.3	0.0	99.7	Other
671977.3	7168511.0	0.0	0.0	100.0	Other
671977.3	7168911.0	0.3	0.0	99.7	Other
671977.3	7169311.0	22.1	0.0	77.9	Urban
671977.3	7169711.0	13.4	0.0	86.6	Other
671977.3	7170111.0	8.1	0.0	91.9	Other
671977.3	7170511.0	20.3	0.0	79.7	Urban
671977.3	7170911.0	51.4	0.0	48.6	Urban
671977.3	7171311.0	49.0	0.0	51.0	Urban
671977.3	7171711.0	42.2	0.0	57.8	Urban
671977.3	7172111.0	63.5	0.0	36.5	Urban
671977.3	7172511.0	33.3	0.0	66.7	Urban
671977.3	7172911.0	81.5	0.0	18.5	Urban
671977.3	7173311.0	80.9	0.0	19.1	Urban
671977.3	7173711.0	93.4	0.0	6.6	Urban
671977.3	7174111.0	95.0	0.0	5.0	Urban
671977.3	7174511.0	52.5	0.0	47.5	Urban
671977.3	7174911.0	98.7	0.0	1.3	Urban
671977.3	7175311.0	91.4	0.0	8.6	Urban
671977.3	7175711.0	91.3	0.0	8.7	Urban
671977.3	7176111.0	95.5	0.0	4.5	Urban
671977.3	7176511.0	85.4	0.0	14.6	Urban
671977.3	7176911.0	81.0	0.0	19.0	Urban
671977.3	7177311.0	58.8	0.0	41.2	Urban
671977.3	7177711.0	78.9	0.0	21.1	Urban
671977.3	7178111.0	92.5	0.0	7.5	Urban
671977.3	7178511.0	98.9	0.0	1.1	Urban
671977.3	7178911.0	93.9	0.0	6.1	Urban
671977.3	7179311.0	77.3	0.0	22.7	Urban
671977.3	7179711.0	95.1	0.0	4.9	Urban
671977.3	7180111.0	98.8	0.0	1.2	Urban
671977.3	7180511.0	84.1	0.0	15.9	Urban
671977.3	7180911.0	91.2	0.0	8.8	Urban
671977.3	7181311.0	92.3	0.0	7.7	Urban
671977.3	7181711.0	77.0	0.0	23.0	Urban
671977.3	7182111.0	93.0	0.0	7.0	Urban
671977.3	7182511.0	95.0	0.0	5.0	Urban
671977.3	7182911.0	92.2	0.0	7.8	Urban
671977.3	7183311.0	95.6	0.0	4.4	Urban
671977.3	7183711.0	93.8	0.0	6.2	Urban
671977.3	7184111.0	75.8	0.0	24.1	Urban
671977.3	7184511.0	80.9	0.0	19.1	Urban
671977.3	7184911.0	82.0	0.0	18.0	Urban
671977.3	7185311.0	94.8	0.0	5.2	Urban
671977.3	7185711.0	93.1	0.0	6.9	Urban
671977.3	7186111.0	89.0	0.0	11.0	Urban
671977.3	7186511.0	79.7	0.0	20.3	Urban
671977.3	7186911.0	61.4	0.0	38.6	Urban
671977.3	7187311.0	91.0	0.0	9.0	Urban
671977.3	7187711.0	79.7	0.0	20.3	Urban
671977.3	7188111.0	47.6	0.0	52.4	Urban
671977.3	7188511.0	69.0	0.0	31.0	Urban
671977.3	7188911.0	57.8	0.0	42.2	Urban
671977.3	7189311.0	76.8	0.0	23.2	Urban
671977.3	7189711.0	47.1	0.0	52.9	Urban
671977.3	7190111.0	76.9	0.0	23.1	Urban
671977.3	7190511.0	58.2	0.0	41.8	Urban
671977.3	7190911.0	71.4	0.0	28.6	Urban
671977.3	7191311.0	57.8	0.0	42.2	Urban
671977.3	7191711.0	48.6	0.0	51.4	Urban
671977.3	7192111.0	40.2	0.0	59.8	Urban
671977.3	7192511.0	0.0	0.0	100.0	Other
671977.3	7192911.0	0.6	0.0	99.4	Other
671977.3	7193311.0	8.9	0.0	91.1	Other
671977.3	7193711.0	4.0	0.0	96.0	Other
671977.3	7194111.0	23.5	0.0	76.5	Urban
671977.3	7194511.0	67.6	0.0	32.4	Urban
671977.3	7194911.0	18.9	0.0	81.1	Other
671977.3	7195311.0	53.5	0.0	46.5	Urban
671977.3	7195711.0	41.5	0.0	58.5	Urban
671977.3	7196111.0	3.0	0.0	97.0	Other
671977.3	7196511.0	5.0	0.0	95.0	Other
671977.3	7196911.0	12.5	0.0	87.5	Other
671977.3	7197311.0	2.3	0.0	97.7	Other
671977.3	7197711.0	0.1	6.5	93.3	Other
671977.3	7198111.0	0.0	0.0	100.0	Other
671977.3	7198511.0	2.1	4.0	93.8	Other
671977.3	7198911.0	2.5	0.0	97.5	Other
672377.3	7158511.0	0.0	0.0	100.0	Other
672377.3	7158911.0	0.0	0.0	100.0	Other
672377.3	7159311.0	0.0	0.0	100.0	Other
672377.3	7159711.0	0.0	0.0	100.0	Other
672377.3	7160111.0	0.0	0.0	100.0	Other
672377.3	7160511.0	0.0	0.0	100.0	Other
672377.3	7160911.0	0.2	0.0	99.8	Other
672377.3	7161311.0	1.9	0.0	98.1	Other
672377.3	7161711.0	0.6	0.0	99.4	Other
672377.3	7162111.0	11.5	0.0	88.5	Other
672377.3	7162511.0	42.5	0.0	57.5	Urban
672377.3	7162911.0	2.7	0.0	97.3	Other
672377.3	7163311.0	0.3	0.0	99.7	Other
672377.3	7163711.0	70.1	0.0	29.9	Urban
672377.3	7164111.0	27.4	0.0	72.6	Urban
672377.3	7164511.0	26.9	0.0	73.1	Urban
672377.3	7164911.0	9.2	0.0	90.8	Other
672377.3	7165311.0	7.7	0.1	92.2	Other
672377.3	7165711.0	0.0	0.0	100.0	Other
672377.3	7166111.0	0.0	8.3	91.7	Other
672377.3	7166511.0	0.0	65.8	34.2	Water
672377.3	7166911.0	0.1	90.1	9.8	Water
672377.3	7167311.0	5.5	6.0	88.5	Other
672377.3	7167711.0	12.0	0.0	88.0	Other
672377.3	7168111.0	0.1	0.2	99.6	Other
672377.3	7168511.0	8.1	1.5	90.4	Other
672377.3	7168911.0	0.1	0.0	99.9	Other
672377.3	7169311.0	3.1	0.0	96.9	Other
672377.3	7169711.0	2.8	0.0	97.2	Other
672377.3	7170111.0	15.9	0.0	84.1	Other
672377.3	7170511.0	8.7	0.0	91.3	Other
672377.3	7170911.0	51.8	0.0	48.2	Urban
672377.3	7171311.0	69.8	0.0	30.2	Urban
672377.3	7171711.0	60.8	0.0	39.2	Urban
672377.3	7172111.0	98.2	0.0	1.8	Urban
672377.3	7172511.0	63.3	0.0	36.7	Urban
672377.3	7172911.0	77.6	0.0	22.4	Urban
672377.3	7173311.0	74.2	0.0	25.8	Urban
672377.3	7173711.0	92.6	0.0	7.4	Urban
672377.3	7174111.0	97.9	0.0	2.1	Urban
672377.3	7174511.0	81.2	0.0	18.8	Urban
672377.3	7174911.0	91.6	0.0	8.4	Urban
672377.3	7175311.0	55.7	0.0	44.3	Urban
672377.3	7175711.0	74.1	0.0	25.9	Urban
672377.3	7176111.0	88.8	0.0	11.2	Urban
672377.3	7176511.0	72.9	0.0	27.1	Urban
672377.3	7176911.0	58.1	0.0	41.9	Urban
672377.3	7177311.0	94.3	0.0	5.7	Urban
672377.3	7177711.0	94.5	0.0	5.5	Urban
672377.3	7178111.0	91.2	0.0	8.8	Urban
672377.3	7178511.0	98.7	0.0	1.3	Urban
672377.3	7178911.0	94.9	0.0	5.1	Urban
672377.3	7179311.0	95.0	0.0	5.0	Urban
672377.3	7179711.0	98.3	0.0	1.7	Urban
672377.3	7180111.0	99.3	0.0	0.7	Urban
672377.3	7180511.0	90.5	0.0	9.5	Urban
672377.3	7180911.0	95.2	0.0	4.8	Urban
672377.3	7181311.0	83.7	0.0	16.3	Urban
672377.3	7181711.0	91.0	0.0	9.0	Urban
672377.3	7182111.0	81.4	0.0	18.6	Urban
672377.3	7182511.0	97.2	0.0	2.8	Urban
672377.3	7182911.0	95.5	0.0	4.5	Urban
672377.3	7183311.0	86.5	0.0	13.5	Urban
672377.3	7183711.0	81.8	0.0	18.2	Urban
672377.3	7184111.0	81.0	0.0	19.0	Urban
672377.3	7184511.0	87.6	0.0	12.4	Urban
672377.3	7184911.0	95.3	0.0	4.7	Urban
672377.3	7185311.0	91.0	0.0	9.0	Urban
672377.3	7185711.0	90.6	0.0	9.4	Urban
672377.3	7186111.0	90.2	0.0	9.8	Urban
672377.3	7186511.0	83.3	0.0	16.7	Urban
672377.3	7186911.0	86.1	0.0	13.9	Urban
672377.3	7187311.0	78.8	0.0	21.2	Urban
672377.3	7187711.0	73.7	0.0	26.3	Urban
672377.3	7188111.0	76.9	0.0	23.1	Urban
672377.3	7188511.0	54.1	0.0	45.9	Urban
672377.3	7188911.0	43.1	0.0	56.9	Urban
672377.3	7189311.0	50.3	0.0	49.7	Urban
672377.3	7189711.0	41.3	0.0	58.7	Urban
672377.3	7190111.0	61.2	0.0	38.8	Urban
672377.3	7190511.0	79.4	0.0	20.6	Urban
672377.3	7190911.0	89.9	0.0	10.1	Urban
672377.3	7191311.0	72.0	0.0	28.0	Urban
672377.3	7191711.0	23.8	0.7	75.5	Urban
672377.3	7192111.0	0.8	3.7	95.5	Other
672377.3	7192511.0	0.0	0.0	100.0	Other
672377.3	7192911.0	2.9	0.0	97.1	Other
672377.3	7193311.0	6.2	0.0	93.8	Other
672377.3	7193711.0	15.7	0.0	84.3	Other
672377.3	7194111.0	17.4	0.0	82.6	Other
672377.3	7194511.0	27.1	0.0	72.9	Urban
672377.3	7194911.0	10.7	0.0	89.3	Other
672377.3	7195311.0	6.6	0.0	93.4	Other
672377.3	7195711.0	34.8	0.0	65.2	Urban
672377.3	7196111.0	14.1	0.0	85.9	Other
672377.3	7196511.0	0.7	0.0	99.3	Other
672377.3	7196911.0	6.3	0.0	93.7	Other
672377.3	7197311.0	7.5	0.0	92.5	Other
672377.3	7197711.0	0.0	0.0	100.0	Other
672377.3	7198111.0	0.0	0.0	100.0	Other
672377.3	7198511.0	0.0	0.0	100.0	Other
672377.3	7198911.0	37.3	0.0	62.7	Urban
672777.3	7158511.0	0.0	0.0	100.0	Other
672777.3	7158911.0	0.0	0.0	100.0	Other
672777.3	7159311.0	0.0	0.0	100.0	Other
672777.3	7159711.0	0.0	0.0	100.0	Other
672777.3	7160111.0	1.0	0.0	99.0	Other
672777.3	7160511.0	0.6	0.0	99.4	Other
672777.3	7160911.0	0.0	0.0	100.0	Other
672777.3	7161311.0	1.0	0.0	99.0	Other
672777.3	7161711.0	5.5	1.2	93.2	Other
672777.3	7162111.0	4.1	0.1	95.8	Other
672777.3	7162511.0	45.7	0.0	54.3	Urban
672777.3	7162911.0	51.3	0.0	48.7	Urban
672777.3	7163311.0	18.6	0.0	81.4	Other
672777.3	7163711.0	11.7	0.0	88.3	Other
672777.3	7164111.0	0.1	0.0	99.9	Other
672777.3	7164511.0	4.8	0.0	95.2	Other
672777.3	7164911.0	0.0	0.0	100.0	Other
672777.3	7165311.0	6.5	0.0	93.5	Other
672777.3	7165711.0	5.9	1.8	92.3	Other
672777.3	7166111.0	0.0	2.1	97.9	Other
672777.3	7166511.0	1.3	49.0	49.7	Other
672777.3	7166911.0	9.7	35.4	54.9	Other
672777.3	7167311.0	8.7	3.9	87.4	Other
672777.3	7167711.0	7.0	0.0	93.0	Other
672777.3	7168111.0	12.2	0.0	87.8	Other
672777.3	7168511.0	4.0	0.0	96.0	Other
672777.3	7168911.0	29.2	0.0	70.8	Urban
672777.3	7169311.0	28.5	1.5	70.0	Urban
672777.3	7169711.0	0.5	0.0	99.5	Other
672777.3	7170111.0	10.0	0.0	90.0	Other
672777.3	7170511.0	19.8	0.0	80.2	Other
672777.3	7170911.0	11.1	0.0	88.9	Other
672777.3	7171311.0	64.1	0.0	35.9	Urban
672777.3	7171711.0	25.3	0.0	74.7	Urban
672777.3	7172111.0	76.6	0.0	23.4	Urban
672777.3	7172511.0	71.3	0.0	28.7	Urban
672777.3	7172911.0	58.2	0.0	41.8	Urban
672777.3	7173311.0	35.7	0.0	64.3	Urban
672777.3	7173711.0	99.5	0.0	0.5	Urban
672777.3	7174111.0	98.1	0.0	1.9	Urban
672777.3	7174511.0	77.9	0.0	22.1	Urban
672777.3	7174911.0	83.6	0.0	16.4	Urban
672777.3	7175311.0	43.5	0.0	56.5	Urban
672777.3	7175711.0	58.0	0.0	42.0	Urban
672777.3	7176111.0	70.7	0.0	29.3	Urban
672777.3	7176511.0	97.1	0.0	2.9	Urban
672777.3	7176911.0	68.3	0.0	31.7	Urban
672777.3	7177311.0	99.5	0.0	0.5	Urban
672777.3	7177711.0	99.1	0.0	0.9	Urban
672777.3	7178111.0	96.3	0.0	3.7	Urban
672777.3	7178511.0	87.2	0.0	12.8	Urban
672777.3	7178911.0	95.3	0.0	4.7	Urban
672777.3	7179311.0	98.5	0.0	1.5	Urban
672777.3	7179711.0	97.0	0.0	3.0	Urban
672777.3	7180111.0	88.3	0.0	11.7	Urban
672777.3	7180511.0	97.0	0.0	3.0	Urban
672777.3	7180911.0	94.1	0.0	5.9	Urban
672777.3	7181311.0	90.2	0.0	9.8	Urban
672777.3	7181711.0	94.4	0.0	5.6	Urban
672777.3	7182111.0	83.6	0.0	16.4	Urban
672777.3	7182511.0	79.2	0.0	20.8	Urban
672777.3	7182911.0	81.6	0.0	18.4	Urban
672777.3	7183311.0	88.5	0.0	11.5	Urban
672777.3	7183711.0	93.6	0.0	6.4	Urban
672777.3	7184111.0	91.8	0.0	8.2	Urban
672777.3	7184511.0	91.0	0.0	9.0	Urban
672777.3	7184911.0	90.0	0.0	10.0	Urban
672777.3	7185311.0	86.8	0.0	13.2	Urban
672777.3	7185711.0	92.9	0.0	7.1	Urban
672777.3	7186111.0	96.3	0.0	3.7	Urban
672777.3	7186511.0	93.5	0.0	6.5	Urban
672777.3	7186911.0	85.6	0.0	14.4	Urban
672777.3	7187311.0	74.5	0.0	25.5	Urban
672777.3	7187711.0	83.1	0.0	16.9	Urban
672777.3	7188111.0	89.8	0.0	10.2	Urban
672777.3	7188511.0	78.9	0.0	21.1	Urban
672777.3	7188911.0	77.6	0.0	22.4	Urban
672777.3	7189311.0	69.4	0.0	30.6	Urban
672777.3	7189711.0	49.8	0.0	50.2	Urban
672777.3	7190111.0	29.1	0.8	70.1	Urban
672777.3	7190511.0	79.6	0.0	20.4	Urban
672777.3	7190911.0	67.3	0.0	32.7	Urban
672777.3	7191311.0	63.9	0.0	36.1	Urban
672777.3	7191711.0	26.7	1.6	71.7	Urban
672777.3	7192111.0	21.1	5.2	73.8	Urban
672777.3	7192511.0	5.6	0.0	94.4	Other
672777.3	7192911.0	27.4	0.0	72.6	Urban
672777.3	7193311.0	13.8	0.0	86.2	Other
672777.3	7193711.0	16.5	0.0	83.5	Other
672777.3	7194111.0	21.7	0.0	78.3	Urban
672777.3	7194511.0	61.9	0.0	38.1	Urban
672777.3	7194911.0	51.8	0.0	48.2	Urban
672777.3	7195311.0	32.8	0.0	67.2	Urban
672777.3	7195711.0	58.9	0.0	41.1	Urban
672777.3	7196111.0	55.2	0.0	44.8	Urban
672777.3	7196511.0	19.1	0.0	80.9	Other
672777.3	7196911.0	27.4	0.0	72.6	Urban
672777.3	7197311.0	2.6	0.0	97.4	Other
672777.3	7197711.0	4.6	0.0	95.4	Other
672777.3	7198111.0	38.5	0.0	61.5	Urban
672777.3	7198511.0	16.5	0.0	83.5	Other
672777.3	7198911.0	80.9	0.0	19.1	Urban
673177.3	7158511.0	0.0	0.0	100.0	Other
673177.3	7158911.0	0.0	0.0	100.0	Other
673177.3	7159311.0	0.0	0.0	100.0	Other
673177.3	7159711.0	0.0	0.0	100.0	Other
673177.3	7160111.0	0.0	0.0	100.0	Other
673177.3	7160511.0	3.5	0.0	96.5	Other
673177.3	7160911.0	2.5	0.0	97.5	Other
673177.3	7161311.0	0.0	0.0	100.0	Other
673177.3	7161711.0	0.0	0.0	100.0	Other
673177.3	7162111.0	43.2	0.0	56.8	Urban
673177.3	7162511.0	85.0	0.0	15.0	Urban
673177.3	7162911.0	39.9	0.0	60.1	Urban
673177.3	7163311.0	9.2	0.0	90.8	Other
673177.3	7163711.0	0.0	0.0	100.0	Other
673177.3	7164111.0	0.0	0.0	100.0	Other
673177.3	7164511.0	0.0	0.0	100.0	Other
673177.3	7164911.0	0.0	0.0	100.0	Other
673177.3	7165311.0	0.0	0.0	100.0	Other
673177.3	7165711.0	7.1	0.1	92.8	Other
673177.3	7166111.0	2.6	0.0	97.4	Other
673177.3	7166511.0	1.4	10.6	88.0	Other
673177.3	7166911.0	5.3	19.3	75.4	Other
673177.3	7167311.0	44.4	0.4	55.2	Urban
673177.3	7167711.0	56.1	0.0	43.9	Urban
673177.3	7168111.0	68.0	0.0	32.0	Urban
673177.3	7168511.0	12.0	0.0	88.0	Other
673177.3	7168911.0	9.6	0.0	90.4	Other
673177.3	7169311.0	25.5	0.0	74.4	Urban
673177.3	7169711.0	28.6	0.0	71.4	Urban
673177.3	7170111.0	33.9	0.0	66.1	Urban
673177.3	7170511.0	24.1	0.0	75.9	Urban
673177.3	7170911.0	0.1	0.0	99.9	Other
673177.3	7171311.0	32.5	0.0	67.5	Urban
673177.3	7171711.0	26.9	0.0	73.1	Urban
673177.3	7172111.0	29.8	0.0	70.2	Urban
673177.3	7172511.0	88.0	0.0	12.0	Urban
673177.3	7172911.0	66.2	0.0	33.8	Urban
673177.3	7173311.0	32.2	1.2	66.6	Urban
673177.3	7173711.0	89.8	0.6	9.7	Urban
673177.3	7174111.0	99.7	0.0	0.3	Urban
673177.3	7174511.0	99.9	0.0	0.1	Urban
673177.3	7174911.0	96.0	0.0	4.0	Urban
673177.3	7175311.0	84.7	0.0	15.3	Urban
673177.3	7175711.0	30.2	0.0	69.8	Urban
673177.3	7176111.0	75.4	0.0	24.6	Urban
673177.3	7176511.0	88.6	0.0	11.4	Urban
673177.3	7176911.0	91.5	0.0	8.5	Urban
673177.3	7177311.0	98.7	0.0	1.3	Urban
673177.3	7177711.0	91.5	0.0	8.5	Urban
673177.3	7178111.0	94.6	0.0	5.4	Urban
673177.3	7178511.0	78.7	0.0	21.3	Urban
673177.3	7178911.0	91.5	0.0	8.5	Urban
673177.3	7179311.0	97.5	0.0	2.5	Urban
673177.3	7179711.0	83.0	0.0	17.0	Urban
673177.3	7180111.0	94.4	0.0	5.6	Urban
673177.3	7180511.0	90.7	0.0	9.3	Urban
673177.3	7180911.0	98.1	0.0	1.9	Urban
673177.3	7181311.0	91.8	0.0	8.2	Urban
673177.3	7181711.0	90.2	0.0	9.8	Urban
673177.3	7182111.0	90.8	0.0	9.2	Urban
673177.3	7182511.0	76.1	0.0	23.9	Urban
673177.3	7182911.0	87.8	0.0	12.2	Urban
673177.3	7183311.0	80.3	0.0	19.7	Urban
673177.3	7183711.0	81.5	0.0	18.5	Urban
673177.3	7184111.0	83.6	0.0	16.4	Urban
673177.3	7184511.0	83.0	0.0	17.0	Urban
673177.3	7184911.0	96.5	0.0	3.5	Urban
673177.3	7185311.0	93.6	0.1	6.3	Urban
673177.3	7185711.0	91.0	0.0	9.0	Urban
673177.3	7186111.0	92.4	0.0	7.6	Urban
673177.3	7186511.0	92.3	0.0	7.7	Urban
673177.3	7186911.0	97.0	0.0	3.0	Urban
673177.3	7187311.0	85.4	0.0	14.6	Urban
673177.3	7187711.0	92.7	0.0	7.3	Urban
673177.3	7188111.0	89.5	0.0	10.5	Urban
673177.3	7188511.0	60.5	0.0	39.5	Urban
673177.3	7188911.0	65.8	0.0	34.2	Urban
673177.3	7189311.0	70.4	0.0	29.6	Urban
673177.3	7189711.0	57.8	0.0	42.2	Urban
673177.3	7190111.0	13.7	0.0	86.3	Other
673177.3	7190511.0	28.3	0.0	71.7	Urban
673177.3	7190911.0	62.8	0.0	37.2	Urban
673177.3	7191311.0	42.9	1.0	56.1	Urban
673177.3	7191711.0	68.6	0.0	31.4	Urban
673177.3	7192111.0	79.7	0.0	20.3	Urban
673177.3	7192511.0	32.4	0.0	67.6	Urban
673177.3	7192911.0	11.2	0.0	88.8	Other
673177.3	7193311.0	36.1	0.0	63.9	Urban
673177.3	7193711.0	47.7	0.0	52.3	Urban
673177.3	7194111.0	19.1	0.0	80.9	Other
673177.3	7194511.0	61.3	0.0	38.7	Urban
673177.3	7194911.0	16.2	0.0	83.8	Other
673177.3	7195311.0	40.0	0.0	60.0	Urban
673177.3	7195711.0	76.4	0.0	23.6	Urban
673177.3	7196111.0	70.2	0.0	29.8	Urban
673177.3	7196511.0	10.6	0.0	89.4	Other
673177.3	7196911.0	68.9	0.0	31.1	Urban
673177.3	7197311.0	75.9	0.0	24.1	Urban
673177.3	7197711.0	57.8	0.0	42.2	Urban
673177.3	7198111.0	80.3	0.0	19.7	Urban
673177.3	7198511.0	74.5	0.0	25.5	Urban
673177.3	7198911.0	83.6	0.0	16.4	Urban
673577.3	7158511.0	0.0	0.0	100.0	Other
673577.3	7158911.0	0.0	0.0	100.0	Other
673577.3	7159311.0	0.0	0.0	100.0	Other
673577.3	7159711.0	0.0	0.0	100.0	Other
673577.3	7160111.0	0.0	0.0	100.0	Other
673577.3	7160511.0	0.5	0.0	99.5	Other
673577.3	7160911.0	2.0	0.0	98.0	Other
673577.3	7161311.0	0.0	0.0	100.0	Other
673577.3	7161711.0	0.0	0.0	100.0	Other
673577.3	7162111.0	1.9	0.0	98.1	Other
673577.3	7162511.0	31.0	0.0	69.0	Urban
673577.3	7162911.0	3.3	0.0	96.7	Other
673577.3	7163311.0	13.5	0.0	86.5	Other
673577.3	7163711.0	0.0	0.0	100.0	Other
673577.3	7164111.0	0.0	0.0	100.0	Other
673577.3	7164511.0	0.0	0.0	100.0	Other
673577.3	7164911.0	0.0	0.0	100.0	Other
673577.3	7165311.0	0.0	0.0	100.0	Other
673577.3	7165711.0	2.1	10.1	87.8	Other
673577.3	7166111.0	2.2	2.7	95.1	Other
673577.3	7166511.0	0.0	4.9	95.1	Other
673577.3	7166911.0	0.0	5.6	94.3	Other
673577.3	7167311.0	8.1	0.0	91.9	Other
673577.3	7167711.0	27.9	0.0	72.1	Urban
673577.3	7168111.0	30.0	0.0	70.0	Urban
673577.3	7168511.0	1.7	0.0	98.3	Other
673577.3	7168911.0	4.5	0.0	95.5	Other
673577.3	7169311.0	15.3	0.0	84.7	Other
673577.3	7169711.0	11.9	0.0	88.1	Other
673577.3	7170111.0	30.6	0.0	69.4	Urban
673577.3	7170511.0	1.1	8.5	90.4	Other
673577.3	7170911.0	3.3	0.0	96.7	Other
673577.3	7171311.0	5.7	0.0	94.3	Other
673577.3	7171711.0	70.1	0.0	29.9	Urban
673577.3	7172111.0	68.4	0.0	31.6	Urban
673577.3	7172511.0	72.3	0.0	27.7	Urban
673577.3	7172911.0	98.1	0.0	1.9	Urban
673577.3	7173311.0	85.8	0.0	14.2	Urban
673577.3	7173711.0	89.2	0.0	10.8	Urban
673577.3	7174111.0	96.6	0.0	3.4	Urban
673577.3	7174511.0	99.9	0.0	0.1	Urban
673577.3	7174911.0	99.6	0.0	0.4	Urban
673577.3	7175311.0	80.6	0.0	19.4	Urban
673577.3	7175711.0	96.6	0.0	3.4	Urban
673577.3	7176111.0	92.5	0.0	7.5	Urban
673577.3	7176511.0	99.1	0.0	0.9	Urban
673577.3	7176911.0	89.3	0.0	10.7	Urban
673577.3	7177311.0	94.9	0.0	5.1	Urban
673577.3	7177711.0	96.9	0.0	3.1	Urban
673577.3	7178111.0	96.7	0.0	3.3	Urban
673577.3	7178511.0	93.0	0.0	7.0	Urban
673577.3	7178911.0	85.8	0.0	14.2	Urban
673577.3	7179311.0	91.2	0.0	8.8	Urban
673577.3	7179711.0	94.2	0.0	5.8	Urban
673577.3	7180111.0	92.9	0.0	7.1	Urban
673577.3	7180511.0	98.2	0.0	1.8	Urban
673577.3	7180911.0	95.1	0.0	4.9	Urban
673577.3	7181311.0	93.6	0.0	6.4	Urban
673577.3	7181711.0	96.3	0.0	3.7	Urban
673577.3	7182111.0	96.9	0.0	3.1	Urban
673577.3	7182511.0	92.9	0.0	7.1	Urban
673577.3	7182911.0	96.5	0.0	3.5	Urban
673577.3	7183311.0	83.8	0.0	16.2	Urban
673577.3	7183711.0	80.6	0.0	19.4	Urban
673577.3	7184111.0	91.4	0.0	8.6	Urban
673577.3	7184511.0	81.7	0.0	18.3	Urban
673577.3	7184911.0	92.3	0.0	7.7	Urban
673577.3	7185311.0	97.1	0.0	2.9	Urban
673577.3	7185711.0	92.0	0.0	8.0	Urban
673577.3	7186111.0	89.9	0.0	10.1	Urban
673577.3	7186511.0	95.8	0.0	4.2	Urban
673577.3	7186911.0	92.9	0.0	7.1	Urban
673577.3	7187311.0	84.9	0.0	15.1	Urban
673577.3	7187711.0	83.4	0.0	16.6	Urban
673577.3	7188111.0	76.9	0.0	23.1	Urban
673577.3	7188511.0	89.9	0.0	10.1	Urban
673577.3	7188911.0	50.8	0.0	49.2	Urban
673577.3	7189311.0	65.3	0.0	34.7	Urban
673577.3	7189711.0	80.0	0.0	20.0	Urban
673577.3	7190111.0	35.1	0.0	64.9	Urban
673577.3	7190511.0	66.6	0.0	33.4	Urban
673577.3	7190911.0	67.9	0.0	32.1	Urban
673577.3	7191311.0	25.1	0.0	74.9	Urban
673577.3	7191711.0	58.3	0.0	41.7	Urban
673577.3	7192111.0	59.1	0.0	40.9	Urban
673577.3	7192511.0	63.0	0.0	37.0	Urban
673577.3	7192911.0	66.6	0.0	33.4	Urban
673577.3	7193311.0	93.5	0.0	6.5	Urban
673577.3	7193711.0	39.7	0.0	60.3	Urban
673577.3	7194111.0	53.1	0.0	46.9	Urban
673577.3	7194511.0	66.2	0.0	33.8	Urban
673577.3	7194911.0	11.1	0.0	88.9	Other
673577.3	7195311.0	6.8	0.0	93.2	Other
673577.3	7195711.0	60.1	0.0	39.9	Urban
673577.3	7196111.0	75.6	0.0	24.4	Urban
673577.3	7196511.0	23.4	0.0	76.6	Urban
673577.3	7196911.0	42.8	0.0	57.2	Urban
673577.3	7197311.0	89.6	0.0	10.4	Urban
673577.3	7197711.0	70.3	0.0	29.7	Urban
673577.3	7198111.0	29.5	0.0	70.5	Urban
673577.3	7198511.0	50.5	0.0	49.5	Urban
673577.3	7198911.0	33.8	0.0	66.2	Urban
673977.3	7158511.0	0.0	0.0	100.0	Other
673977.3	7158911.0	0.0	0.0	100.0	Other
673977.3	7159311.0	0.0	0.0	100.0	Other
673977.3	7159711.0	0.0	0.0	100.0	Other
673977.3	7160111.0	0.2	0.0	99.8	Other
673977.3	7160511.0	0.0	0.0	100.0	Other
673977.3	7160911.0	4.3	0.0	95.7	Other
673977.3	7161311.0	3.6	0.0	96.4	Other
673977.3	7161711.0	0.0	0.0	100.0	Other
673977.3	7162111.0	4.9	0.0	95.1	Other
673977.3	7162511.0	12.9	1.5	85.6	Other
673977.3	7162911.0	0.0	0.0	100.0	Other
673977.3	7163311.0	14.5	0.0	85.5	Other
673977.3	7163711.0	0.0	0.0	100.0	Other
673977.3	7164111.0	0.0	0.0	100.0	Other
673977.3	7164511.0	0.0	0.0	100.0	Other
673977.3	7164911.0	0.0	0.0	100.0	Other
673977.3	7165311.0	0.0	0.0	100.0	Other
673977.3	7165711.0	0.2	7.2	92.6	Other
673977.3	7166111.0	1.7	0.7	97.6	Other
673977.3	7166511.0	3.8	0.0	96.2	Other
673977.3	7166911.0	0.0	3.6	96.4	Other
673977.3	7167311.0	0.0	0.0	100.0	Other
673977.3	7167711.0	0.0	0.0	100.0	Other
673977.3	7168111.0	12.0	0.0	88.0	Other
673977.3	7168511.0	20.9	0.0	79.1	Urban
673977.3	7168911.0	11.5	0.0	88.5	Other
673977.3	7169311.0	19.4	0.0	80.6	Other
673977.3	7169711.0	16.2	0.0	83.8	Other
673977.3	7170111.0	8.2	0.0	91.8	Other
673977.3	7170511.0	1.7	13.9	84.4	Other
673977.3	7170911.0	0.8	0.0	99.2	Other
673977.3	7171311.0	2.0	0.0	98.0	Other
673977.3	7171711.0	54.9	0.0	45.1	Urban
673977.3	7172111.0	71.4	0.0	28.6	Urban
673977.3	7172511.0	76.4	0.0	23.6	Urban
673977.3	7172911.0	100.0	0.0	0.0	Urban
673977.3	7173311.0	99.1	0.0	0.9	Urban
673977.3	7173711.0	95.5	0.0	4.5	Urban
673977.3	7174111.0	87.2	0.0	12.8	Urban
673977.3	7174511.0	99.8	0.0	0.2	Urban
673977.3	7174911.0	98.0	0.0	2.0	Urban
673977.3	7175311.0	96.2	0.0	3.8	Urban
673977.3	7175711.0	87.5	0.0	12.5	Urban
673977.3	7176111.0	86.2	0.0	13.8	Urban
673977.3	7176511.0	87.7	0.0	12.3	Urban
673977.3	7176911.0	95.1	0.0	4.9	Urban
673977.3	7177311.0	93.8	0.0	6.2	Urban
673977.3	7177711.0	88.1	0.0	11.9	Urban
673977.3	7178111.0	79.8	0.0	20.2	Urban
673977.3	7178511.0	66.6	0.0	33.4	Urban
673977.3	7178911.0	78.2	0.0	21.8	Urban
673977.3	7179311.0	76.1	0.0	23.9	Urban
673977.3	7179711.0	86.0	0.0	14.0	Urban
673977.3	7180111.0	77.5	0.0	22.5	Urban
673977.3	7180511.0	88.1	0.0	11.9	Urban
673977.3	7180911.0	96.7	0.0	3.3	Urban
673977.3	7181311.0	94.6	0.0	5.4	Urban
673977.3	7181711.0	99.4	0.0	0.6	Urban
673977.3	7182111.0	96.8	0.0	3.2	Urban
673977.3	7182511.0	95.5	0.0	4.5	Urban
673977.3	7182911.0	88.1	0.0	11.9	Urban
673977.3	7183311.0	90.0	0.0	10.0	Urban
673977.3	7183711.0	93.5	0.0	6.5	Urban
673977.3	7184111.0	96.8	0.0	3.2	Urban
673977.3	7184511.0	92.0	0.0	8.0	Urban
673977.3	7184911.0	92.5	0.0	7.5	Urban
673977.3	7185311.0	98.9	0.0	1.1	Urban
673977.3	7185711.0	98.5	0.0	1.5	Urban
673977.3	7186111.0	95.6	0.0	4.4	Urban
673977.3	7186511.0	96.4	0.0	3.6	Urban
673977.3	7186911.0	88.2	0.2	11.6	Urban
673977.3	7187311.0	91.5	0.0	8.5	Urban
673977.3	7187711.0	87.4	0.0	12.6	Urban
673977.3	7188111.0	69.8	0.0	30.2	Urban
673977.3	7188511.0	42.3	0.0	57.7	Urban
673977.3	7188911.0	77.7	0.0	22.3	Urban
673977.3	7189311.0	85.7	0.0	14.3	Urban
673977.3	7189711.0	73.3	0.0	26.7	Urban
673977.3	7190111.0	57.0	0.0	43.0	Urban
673977.3	7190511.0	54.6	0.0	45.4	Urban
673977.3	7190911.0	48.8	1.1	50.1	Urban
673977.3	7191311.0	28.5	4.2	67.3	Urban
673977.3	7191711.0	65.0	0.4	34.6	Urban
673977.3	7192111.0	28.1	0.0	71.9	Urban
673977.3	7192511.0	47.5	0.0	52.5	Urban
673977.3	7192911.0	78.6	0.0	21.4	Urban
673977.3	7193311.0	92.2	0.0	7.8	Urban
673977.3	7193711.0	21.3	0.0	78.7	Urban
673977.3	7194111.0	49.4	0.0	50.6	Urban
673977.3	7194511.0	29.8	0.0	70.2	Urban
673977.3	7194911.0	55.3	0.0	44.7	Urban
673977.3	7195311.0	47.4	0.0	52.6	Urban
673977.3	7195711.0	64.2	0.0	35.8	Urban
673977.3	7196111.0	84.5	0.0	15.5	Urban
673977.3	7196511.0	53.7	0.0	46.3	Urban
673977.3	7196911.0	53.2	0.0	46.8	Urban
673977.3	7197311.0	82.8	0.0	17.2	Urban
673977.3	7197711.0	87.9	0.0	12.1	Urban
673977.3	7198111.0	38.3	0.0	61.7	Urban
673977.3	7198511.0	5.5	0.0	94.5	Other
673977.3	7198911.0	2.4	0.0	97.6	Other
674377.3	7158511.0	0.2	0.0	99.8	Other
674377.3	7158911.0	3.5	0.0	96.5	Other
674377.3	7159311.0	0.9	0.0	99.1	Other
674377.3	7159711.0	0.0	0.2	99.8	Other
674377.3	7160111.0	0.0	0.0	100.0	Other
674377.3	7160511.0	0.0	0.0	100.0	Other
674377.3	7160911.0	1.6	0.0	98.4	Other
674377.3	7161311.0	5.0	0.0	95.0	Other
674377.3	7161711.0	11.9	0.0	88.1	Other
674377.3	7162111.0	21.2	0.0	78.8	Urban
674377.3	7162511.0	6.0	0.7	93.3	Other
674377.3	7162911.0	0.1	10.3	89.5	Other
674377.3	7163311.0	0.6	33.7	65.7	Other
674377.3	7163711.0	0.6	13.5	85.9	Other
674377.3	7164111.0	0.0	0.0	100.0	Other
674377.3	7164511.0	1.1	0.0	98.9	Other
674377.3	7164911.0	0.3	0.0	99.7	Other
674377.3	7165311.0	0.0	0.4	99.6	Other
674377.3	7165711.0	0.0	4.7	95.2	Other
674377.3	7166111.0	7.7	0.0	92.3	Other
674377.3	7166511.0	8.8	0.0	91.2	Other
674377.3	7166911.0	5.2	0.0	94.8	Other
674377.3	7167311.0	3.5	3.8	92.7	Other
674377.3	7167711.0	1.5	1.2	97.2	Other
674377.3	7168111.0	15.8	0.0	84.2	Other
674377.3	7168511.0	7.6	0.0	92.4	Other
674377.3	7168911.0	0.0	0.0	100.0	Other
674377.3	7169311.0	7.0	0.0	93.0	Other
674377.3	7169711.0	0.4	0.0	99.6	Other
674377.3	7170111.0	10.9	0.5	88.6	Other
674377.3	7170511.0	6.2	1.7	92.1	Other
674377.3	7170911.0	36.8	0.0	63.2	Urban
674377.3	7171311.0	35.9	0.0	64.0	Urban
674377.3	7171711.0	76.9	0.0	23.1	Urban
674377.3	7172111.0	76.4	0.0	23.6	Urban
674377.3	7172511.0	73.0	0.0	27.0	Urban
674377.3	7172911.0	100.0	0.0	0.0	Urban
674377.3	7173311.0	98.7	0.0	1.3	Urban
674377.3	7173711.0	99.9	0.0	0.1	Urban
674377.3	7174111.0	98.3	0.0	1.7	Urban
674377.3	7174511.0	87.6	0.0	12.4	Urban
674377.3	7174911.0	99.8	0.0	0.2	Urban
674377.3	7175311.0	97.7	0.0	2.3	Urban
674377.3	7175711.0	81.4	0.0	18.6	Urban
674377.3	7176111.0	89.2	0.0	10.8	Urban
674377.3	7176511.0	87.2	0.0	12.8	Urban
674377.3	7176911.0	98.1	0.0	1.9	Urban
674377.3	7177311.0	98.5	0.0	1.5	Urban
674377.3	7177711.0	94.1	0.0	5.9	Urban
674377.3	7178111.0	98.0	0.0	2.0	Urban
674377.3	7178511.0	93.2	0.0	6.8	Urban
674377.3	7178911.0	96.4	0.0	3.6	Urban
674377.3	7179311.0	82.9	0.0	17.1	Urban
674377.3	7179711.0	57.1	0.0	42.9	Urban
674377.3	7180111.0	65.6	0.0	34.4	Urban
674377.3	7180511.0	89.9	0.0	10.1	Urban
674377.3	7180911.0	90.4	0.0	9.6	Urban
674377.3	7181311.0	96.0	0.0	4.0	Urban
674377.3	7181711.0	91.9	0.0	8.1	Urban
674377.3	7182111.0	98.1	0.0	1.9	Urban
674377.3	7182511.0	97.6	0.0	2.4	Urban
674377.3	7182911.0	92.8	0.0	7.2	Urban
674377.3	7183311.0	91.7	0.0	8.3	Urban
674377.3	7183711.0	99.0	0.0	1.0	Urban
674377.3	7184111.0	97.1	0.0	2.9	Urban
674377.3	7184511.0	99.2	0.0	0.8	Urban
674377.3	7184911.0	94.8	0.0	5.2	Urban
674377.3	7185311.0	92.7	0.0	7.3	Urban
674377.3	7185711.0	94.5	0.0	5.5	Urban
674377.3	7186111.0	99.8	0.0	0.2	Urban
674377.3	7186511.0	80.8	0.5	18.7	Urban
674377.3	7186911.0	58.8	0.0	41.2	Urban
674377.3	7187311.0	79.7	0.0	20.3	Urban
674377.3	7187711.0	90.0	0.0	10.0	Urban
674377.3	7188111.0	78.2	0.0	21.8	Urban
674377.3	7188511.0	75.9	0.0	24.1	Urban
674377.3	7188911.0	78.8	0.0	21.2	Urban
674377.3	7189311.0	62.9	0.0	37.1	Urban
674377.3	7189711.0	66.1	0.0	33.9	Urban
674377.3	7190111.0	60.3	0.0	39.7	Urban
674377.3	7190511.0	63.7	1.7	34.6	Urban
674377.3	7190911.0	63.4	3.3	33.3	Urban
674377.3	7191311.0	20.1	17.0	62.9	Urban
674377.3	7191711.0	26.9	0.9	72.3	Urban
674377.3	7192111.0	17.7	0.0	82.3	Other
674377.3	7192511.0	36.8	0.0	63.2	Urban
674377.3	7192911.0	92.2	0.0	7.8	Urban
674377.3	7193311.0	90.8	0.0	9.2	Urban
674377.3	7193711.0	62.5	0.0	37.5	Urban
674377.3	7194111.0	47.5	0.0	52.5	Urban
674377.3	7194511.0	28.1	0.0	71.9	Urban
674377.3	7194911.0	43.2	0.0	56.8	Urban
674377.3	7195311.0	94.2	0.0	5.8	Urban
674377.3	7195711.0	67.9	0.0	32.1	Urban
674377.3	7196111.0	57.0	0.0	43.0	Urban
674377.3	7196511.0	61.6	0.0	38.4	Urban
674377.3	7196911.0	96.5	0.0	3.5	Urban
674377.3	7197311.0	66.5	0.0	33.5	Urban
674377.3	7197711.0	83.2	0.0	16.8	Urban
674377.3	7198111.0	37.3	0.2	62.5	Urban
674377.3	7198511.0	0.3	0.0	99.7	Other
674377.3	7198911.0	21.4	0.0	78.6	Urban
674777.3	7158511.0	0.0	0.0	100.0	Other
674777.3	7158911.0	0.0	0.0	100.0	Other
674777.3	7159311.0	1.4	0.0	98.6	Other
674777.3	7159711.0	0.0	0.0	100.0	Other
674777.3	7160111.0	0.0	0.0	100.0	Other
674777.3	7160511.0	0.0	2.1	97.9	Other
674777.3	7160911.0	0.0	4.3	95.7	Other
674777.3	7161311.0	0.0	0.0	100.0	Other
674777.3	7161711.0	1.4	0.0	98.6	Other
674777.3	7162111.0	9.5	0.0	90.5	Other
674777.3	7162511.0	4.3	11.6	84.1	Other
674777.3	7162911.0	0.0	32.8	67.2	Other
674777.3	7163311.0	1.0	36.7	62.3	Other
674777.3	7163711.0	0.3	39.5	60.2	Other
674777.3	7164111.0	0.0	43.0	57.0	Other
674777.3	7164511.0	0.0	10.8	89.2	Other
674777.3	7164911.0	0.1	3.0	96.9	Other
674777.3	7165311.0	0.0	31.3	68.7	Other
674777.3	7165711.0	0.0	20.3	79.7	Other
674777.3	7166111.0	1.2	0.4	98.4	Other
674777.3	7166511.0	5.9	0.0	94.1	Other
674777.3	7166911.0	22.8	0.0	77.2	Urban
674777.3	7167311.0	25.0	0.0	75.0	Urban
674777.3	7167711.0	4.1	3.1	92.8	Other
674777.3	7168111.0	0.0	14.1	85.9	Other
674777.3	7168511.0	0.0	0.0	100.0	Other
674777.3	7168911.0	0.2	0.0	99.8	Other
674777.3	7169311.0	3.6	1.2	95.2	Other
674777.3	7169711.0	0.0	0.0	100.0	Other
674777.3	7170111.0	3.7	0.0	96.3	Other
674777.3	7170511.0	36.7	0.0	63.3	Urban
674777.3	7170911.0	11.8	0.0	88.2	Other
674777.3	7171311.0	25.8	0.0	74.2	Urban
674777.3	7171711.0	41.0	0.0	59.0	Urban
674777.3	7172111.0	50.9	0.0	49.1	Urban
674777.3	7172511.0	36.9	0.0	63.1	Urban
674777.3	7172911.0	93.2	0.0	6.8	Urban
674777.3	7173311.0	98.8	0.0	1.2	Urban
674777.3	7173711.0	99.9	0.0	0.1	Urban
674777.3	7174111.0	99.9	0.0	0.1	Urban
674777.3	7174511.0	91.4	0.0	8.6	Urban
674777.3	7174911.0	99.9	0.0	0.1	Urban
674777.3	7175311.0	81.9	0.0	18.1	Urban
674777.3	7175711.0	88.0	0.0	12.0	Urban
674777.3	7176111.0	85.8	0.0	14.2	Urban
674777.3	7176511.0	54.5	0.0	45.5	Urban
674777.3	7176911.0	63.6	0.0	36.4	Urban
674777.3	7177311.0	94.2	0.0	5.8	Urban
674777.3	7177711.0	98.7	0.0	1.3	Urban
674777.3	7178111.0	98.1	0.0	1.9	Urban
674777.3	7178511.0	97.9	0.0	2.1	Urban
674777.3	7178911.0	94.9	0.0	5.1	Urban
674777.3	7179311.0	91.7	0.0	8.3	Urban
674777.3	7179711.0	32.3	0.0	67.7	Urban
674777.3	7180111.0	85.6	0.0	14.4	Urban
674777.3	7180511.0	93.6	0.0	6.4	Urban
674777.3	7180911.0	89.0	0.0	11.0	Urban
674777.3	7181311.0	97.2	0.0	2.8	Urban
674777.3	7181711.0	96.9	0.0	3.1	Urban
674777.3	7182111.0	100.0	0.0	0.0	Urban
674777.3	7182511.0	92.8	0.0	7.2	Urban
674777.3	7182911.0	96.0	0.0	4.0	Urban
674777.3	7183311.0	98.6	0.0	1.4	Urban
674777.3	7183711.0	88.5	0.0	11.5	Urban
674777.3	7184111.0	94.5	0.0	5.5	Urban
674777.3	7184511.0	97.7	0.0	2.3	Urban
674777.3	7184911.0	95.5	0.0	4.5	Urban
674777.3	7185311.0	96.4	0.0	3.6	Urban
674777.3	7185711.0	98.6	0.0	1.4	Urban
674777.3	7186111.0	99.3	0.0	0.7	Urban
674777.3	7186511.0	96.5	0.3	3.2	Urban
674777.3	7186911.0	95.5	0.2	4.3	Urban
674777.3	7187311.0	86.8	0.0	13.2	Urban
674777.3	7187711.0	93.7	0.0	6.3	Urban
674777.3	7188111.0	94.9	0.0	5.1	Urban
674777.3	7188511.0	91.9	0.0	8.1	Urban
674777.3	7188911.0	88.3	0.0	11.7	Urban
674777.3	7189311.0	85.5	0.0	14.5	Urban
674777.3	7189711.0	89.7	0.0	10.3	Urban
674777.3	7190111.0	83.5	0.0	16.5	Urban
674777.3	7190511.0	46.1	0.0	53.9	Urban
674777.3	7190911.0	63.9	0.0	36.1	Urban
674777.3	7191311.0	71.7	0.0	28.3	Urban
674777.3	7191711.0	52.7	0.0	47.3	Urban
674777.3	7192111.0	76.2	0.0	23.8	Urban
674777.3	7192511.0	72.5	0.0	27.5	Urban
674777.3	7192911.0	80.0	0.0	20.0	Urban
674777.3	7193311.0	91.3	0.0	8.7	Urban
674777.3	7193711.0	70.0	0.0	30.0	Urban
674777.3	7194111.0	46.6	0.0	53.4	Urban
674777.3	7194511.0	29.2	0.0	70.8	Urban
674777.3	7194911.0	41.5	0.0	58.5	Urban
674777.3	7195311.0	14.3	0.0	85.7	Other
674777.3	7195711.0	76.5	0.0	23.5	Urban
674777.3	7196111.0	15.6	0.0	84.4	Other
674777.3	7196511.0	60.9	0.0	39.1	Urban
674777.3	7196911.0	80.2	0.0	19.8	Urban
674777.3	7197311.0	57.6	0.0	42.4	Urban
674777.3	7197711.0	38.9	0.0	61.1	Urban
674777.3	7198111.0	12.6	0.0	87.4	Other
674777.3	7198511.0	27.7	0.0	72.3	Urban
674777.3	7198911.0	49.7	0.0	50.3	Urban
675177.3	7158511.0	0.0	0.0	100.0	Other
675177.3	7158911.0	0.0	0.0	100.0	Other
675177.3	7159311.0	0.6	0.0	99.4	Other
675177.3	7159711.0	0.0	0.0	100.0	Other
675177.3	7160111.0	0.0	0.0	100.0	Other
675177.3	7160511.0	0.0	0.0	100.0	Other
675177.3	7160911.0	0.1	0.0	99.9	Other
675177.3	7161311.0	0.0	0.0	100.0	Other
675177.3	7161711.0	0.0	0.0	100.0	Other
675177.3	7162111.0	9.6	0.0	90.4	Other
675177.3	7162511.0	0.0	3.7	96.3	Other
675177.3	7162911.0	0.3	8.4	91.2	Other
675177.3	7163311.0	0.4	0.0	99.6	Other
675177.3	7163711.0	0.1	0.1	99.8	Other
675177.3	7164111.0	1.7	3.1	95.2	Other
675177.3	7164511.0	1.3	2.1	96.6	Other
675177.3	7164911.0	1.8	25.2	73.0	Other
675177.3	7165311.0	0.0	34.1	65.9	Other
675177.3	7165711.0	2.5	5.6	91.8	Other
675177.3	7166111.0	0.9	0.0	99.1	Other
675177.3	7166511.0	10.0	0.0	90.0	Other
675177.3	7166911.0	5.7	0.0	94.3	Other
675177.3	7167311.0	1.4	0.0	98.6	Other
675177.3	7167711.0	0.0	0.3	99.7	Other
675177.3	7168111.0	0.0	19.9	80.1	Other
675177.3	7168511.0	0.0	3.8	96.2	Other
675177.3	7168911.0	0.0	0.0	100.0	Other
675177.3	7169311.0	0.2	0.0	99.8	Other
675177.3	7169711.0	0.4	0.0	99.6	Other
675177.3	7170111.0	20.6	0.0	79.4	Urban
675177.3	7170511.0	13.5	0.0	86.5	Other
675177.3	7170911.0	13.8	0.0	86.2	Other
675177.3	7171311.0	21.8	0.0	78.2	Urban
675177.3	7171711.0	53.0	0.0	47.0	Urban
675177.3	7172111.0	83.0	0.0	17.0	Urban
675177.3	7172511.0	92.3	0.0	7.7	Urban
675177.3	7172911.0	74.8	0.0	25.2	Urban
675177.3	7173311.0	100.0	0.0	0.0	Urban
675177.3	7173711.0	99.8	0.0	0.2	Urban
675177.3	7174111.0	98.1	0.0	1.9	Urban
675177.3	7174511.0	94.5	0.0	5.5	Urban
675177.3	7174911.0	83.6	0.0	16.4	Urban
675177.3	7175311.0	80.8	0.0	19.2	Urban
675177.3	7175711.0	97.4	0.0	2.6	Urban
675177.3	7176111.0	48.0	0.0	52.0	Urban
675177.3	7176511.0	84.5	0.0	15.5	Urban
675177.3	7176911.0	62.8	0.0	37.2	Urban
675177.3	7177311.0	60.5	0.0	39.5	Urban
675177.3	7177711.0	92.2	0.0	7.8	Urban
675177.3	7178111.0	96.1	0.0	3.9	Urban
675177.3	7178511.0	98.4	0.0	1.6	Urban
675177.3	7178911.0	97.2	0.0	2.8	Urban
675177.3	7179311.0	86.9	0.0	13.1	Urban
675177.3	7179711.0	80.8	0.0	19.2	Urban
675177.3	7180111.0	95.7	0.0	4.3	Urban
675177.3	7180511.0	82.5	0.0	17.5	Urban
675177.3	7180911.0	91.8	0.0	8.2	Urban
675177.3	7181311.0	96.1	0.0	3.9	Urban
675177.3	7181711.0	89.3	0.0	10.7	Urban
675177.3	7182111.0	95.5	0.0	4.5	Urban
675177.3	7182511.0	99.1	0.0	0.9	Urban
675177.3	7182911.0	94.9	0.0	5.1	Urban
675177.3	7183311.0	93.4	0.0	6.6	Urban
675177.3	7183711.0	75.8	0.0	24.2	Urban
675177.3	7184111.0	85.7	0.0	14.3	Urban
675177.3	7184511.0	85.0	0.0	15.0	Urban
675177.3	7184911.0	87.0	0.0	13.0	Urban
675177.3	7185311.0	75.7	0.0	24.3	Urban
675177.3	7185711.0	93.0	0.0	7.0	Urban
675177.3	7186111.0	94.0	0.0	6.0	Urban
675177.3	7186511.0	92.7	0.0	7.3	Urban
675177.3	7186911.0	92.7	0.0	7.3	Urban
675177.3	7187311.0	89.4	0.0	10.6	Urban
675177.3	7187711.0	94.9	0.0	5.1	Urban
675177.3	7188111.0	94.2	0.0	5.8	Urban
675177.3	7188511.0	65.9	0.0	34.0	Urban
675177.3	7188911.0	86.4	0.0	13.6	Urban
675177.3	7189311.0	84.4	0.0	15.6	Urban
675177.3	7189711.0	95.3	0.0	4.7	Urban
675177.3	7190111.0	71.5	0.0	28.5	Urban
675177.3	7190511.0	90.3	0.0	9.7	Urban
675177.3	7190911.0	74.4	0.0	25.6	Urban
675177.3	7191311.0	78.0	0.0	22.0	Urban
675177.3	7191711.0	94.5	0.0	5.5	Urban
675177.3	7192111.0	87.2	0.0	12.8	Urban
675177.3	7192511.0	52.5	0.0	47.5	Urban
675177.3	7192911.0	34.5	0.0	65.5	Urban
675177.3	7193311.0	68.3	0.0	31.7	Urban
675177.3	7193711.0	8.0	0.0	92.0	Other
675177.3	7194111.0	12.6	0.0	87.4	Other
675177.3	7194511.0	45.4	0.0	54.6	Urban
675177.3	7194911.0	67.3	0.0	32.7	Urban
675177.3	7195311.0	29.7	0.0	70.3	Urban
675177.3	7195711.0	35.8	0.0	64.2	Urban
675177.3	7196111.0	13.0	0.0	87.0	Other
675177.3	7196511.0	40.2	0.0	59.8	Urban
675177.3	7196911.0	22.8	0.0	77.2	Urban
675177.3	7197311.0	14.0	0.0	86.0	Other
675177.3	7197711.0	0.9	0.0	99.1	Other
675177.3	7198111.0	0.0	0.0	100.0	Other
675177.3	7198511.0	1.6	0.0	98.4	Other
675177.3	7198911.0	1.2	0.0	98.8	Other
675577.3	7158511.0	0.0	0.0	100.0	Other
675577.3	7158911.0	0.0	0.0	100.0	Other
675577.3	7159311.0	0.0	0.0	100.0	Other
675577.3	7159711.0	1.4	0.0	98.6	Other
675577.3	7160111.0	7.9	0.0	92.1	Other
675577.3	7160511.0	0.0	0.0	100.0	Other
675577.3	7160911.0	0.6	0.0	99.4	Other
675577.3	7161311.0	0.0	0.0	100.0	Other
675577.3	7161711.0	0.8	0.0	99.2	Other
675577.3	7162111.0	0.2	0.0	99.8	Other
675577.3	7162511.0	0.0	0.0	100.0	Other
675577.3	7162911.0	0.1	2.5	97.4	Other
675577.3	7163311.0	2.1	21.0	76.9	Other
675577.3	7163711.0	6.7	0.0	93.3	Other
675577.3	7164111.0	12.3	0.0	87.7	Other
675577.3	7164511.0	12.1	0.0	87.9	Other
675577.3	7164911.0	3.1	18.1	78.8	Other
675577.3	7165311.0	5.0	3.9	91.2	Other
675577.3	7165711.0	6.6	0.0	93.4	Other
675577.3	7166111.0	11.4	0.0	88.6	Other
675577.3	7166511.0	12.4	0.0	87.6	Other
675577.3	7166911.0	22.8	0.0	77.2	Urban
675577.3	7167311.0	13.5	0.0	86.5	Other
675577.3	7167711.0	0.7	0.0	99.3	Other
675577.3	7168111.0	0.0	2.8	97.2	Other
675577.3	7168511.0	0.0	10.9	89.1	Other
675577.3	7168911.0	0.0	0.0	100.0	Other
675577.3	7169311.0	1.8	0.0	98.2	Other
675577.3	7169711.0	3.3	0.0	96.7	Other
675577.3	7170111.0	0.1	0.0	99.9	Other
675577.3	7170511.0	0.3	0.0	99.7	Other
675577.3	7170911.0	6.7	0.0	93.3	Other
675577.3	7171311.0	53.4	0.0	46.6	Urban
675577.3	7171711.0	75.2	0.0	24.8	Urban
675577.3	7172111.0	81.5	0.0	18.5	Urban
675577.3	7172511.0	93.5	0.0	6.5	Urban
675577.3	7172911.0	91.5	0.0	8.5	Urban
675577.3	7173311.0	90.1	0.0	9.9	Urban
675577.3	7173711.0	99.8	0.0	0.2	Urban
675577.3	7174111.0	99.5	0.0	0.5	Urban
675577.3	7174511.0	91.2	0.0	8.8	Urban
675577.3	7174911.0	83.1	0.0	16.9	Urban
675577.3	7175311.0	88.2	0.0	11.8	Urban
675577.3	7175711.0	90.3	0.0	9.7	Urban
675577.3	7176111.0	72.0	0.0	28.0	Urban
675577.3	7176511.0	57.4	0.0	42.6	Urban
675577.3	7176911.0	24.4	0.0	75.6	Urban
675577.3	7177311.0	56.5	0.0	43.5	Urban
675577.3	7177711.0	93.1	0.0	6.9	Urban
675577.3	7178111.0	94.9	0.0	5.1	Urban
675577.3	7178511.0	93.9	0.0	6.1	Urban
675577.3	7178911.0	96.3	0.0	3.7	Urban
675577.3	7179311.0	94.0	0.0	6.0	Urban
675577.3	7179711.0	93.1	0.0	6.9	Urban
675577.3	7180111.0	95.6	0.0	4.4	Urban
675577.3	7180511.0	95.8	0.0	4.2	Urban
675577.3	7180911.0	96.8	0.0	3.2	Urban
675577.3	7181311.0	93.0	0.0	7.0	Urban
675577.3	7181711.0	93.7	0.0	6.3	Urban
675577.3	7182111.0	78.9	0.0	21.1	Urban
675577.3	7182511.0	91.2	0.0	8.8	Urban
675577.3	7182911.0	87.8	0.1	12.1	Urban
675577.3	7183311.0	93.0	0.0	7.0	Urban
675577.3	7183711.0	87.0	0.0	13.0	Urban
675577.3	7184111.0	80.2	0.0	19.8	Urban
675577.3	7184511.0	87.9	0.0	12.1	Urban
675577.3	7184911.0	78.5	0.1	21.4	Urban
675577.3	7185311.0	71.1	0.0	28.9	Urban
675577.3	7185711.0	89.4	0.6	10.0	Urban
675577.3	7186111.0	92.1	0.0	7.9	Urban
675577.3	7186511.0	93.7	0.0	6.3	Urban
675577.3	7186911.0	99.0	0.0	1.0	Urban
675577.3	7187311.0	95.9	0.0	4.1	Urban
675577.3	7187711.0	88.1	0.0	11.9	Urban
675577.3	7188111.0	81.7	0.0	18.3	Urban
675577.3	7188511.0	91.6	0.0	8.4	Urban
675577.3	7188911.0	75.4	0.0	24.6	Urban
675577.3	7189311.0	31.4	0.0	68.6	Urban
675577.3	7189711.0	80.1	0.0	19.9	Urban
675577.3	7190111.0	54.8	0.0	45.2	Urban
675577.3	7190511.0	83.3	0.0	16.7	Urban
675577.3	7190911.0	89.8	0.0	10.2	Urban
675577.3	7191311.0	86.8	0.0	13.2	Urban
675577.3	7191711.0	91.0	0.0	9.0	Urban
675577.3	7192111.0	82.5	0.0	17.5	Urban
675577.3	7192511.0	72.1	0.0	27.9	Urban
675577.3	7192911.0	33.8	0.0	66.2	Urban
675577.3	7193311.0	16.1	0.0	83.9	Other
675577.3	7193711.0	12.9	0.0	87.1	Other
675577.3	7194111.0	4.9	0.0	95.1	Other
675577.3	7194511.0	1.9	0.0	98.1	Other
675577.3	7194911.0	56.3	0.0	43.7	Urban
675577.3	7195311.0	52.9	0.0	47.1	Urban
675577.3	7195711.0	38.1	0.0	61.9	Urban
675577.3	7196111.0	36.4	0.0	63.6	Urban
675577.3	7196511.0	19.3	0.0	80.7	Other
675577.3	7196911.0	28.6	0.0	71.4	Urban
675577.3	7197311.0	0.2	0.0	99.8	Other
675577.3	7197711.0	4.5	0.0	95.5	Other
675577.3	7198111.0	0.0	0.0	100.0	Other
675577.3	7198511.0	3.9	0.0	96.1	Other
675577.3	7198911.0	0.5	0.1	99.4	Other
675977.3	7158511.0	0.0	0.0	100.0	Other
675977.3	7158911.0	0.0	0.0	100.0	Other
675977.3	7159311.0	1.9	0.0	98.1	Other
675977.3	7159711.0	0.8	0.0	99.2	Other
675977.3	7160111.0	5.8	0.0	94.2	Other
675977.3	7160511.0	3.6	0.0	96.4	Other
675977.3	7160911.0	0.0	0.0	100.0	Other
675977.3	7161311.0	0.0	0.0	100.0	Other
675977.3	7161711.0	2.5	0.0	97.5	Other
675977.3	7162111.0	1.1	0.0	98.9	Other
675977.3	7162511.0	1.9	0.0	98.1	Other
675977.3	7162911.0	8.2	4.2	87.6	Other
675977.3	7163311.0	8.1	0.3	91.6	Other
675977.3	7163711.0	10.4	0.0	89.6	Other
675977.3	7164111.0	0.3	0.0	99.7	Other
675977.3	7164511.0	0.0	0.0	100.0	Other
675977.3	7164911.0	0.0	15.3	84.7	Other
675977.3	7165311.0	1.3	0.0	98.7	Other
675977.3	7165711.0	0.2	0.0	99.8	Other
675977.3	7166111.0	19.6	0.0	80.4	Other
675977.3	7166511.0	14.1	0.0	85.9	Other
675977.3	7166911.0	4.5	0.0	95.5	Other
675977.3	7167311.0	5.0	0.0	95.0	Other
675977.3	7167711.0	0.9	0.0	99.1	Other
675977.3	7168111.0	0.0	21.9	78.1	Other
675977.3	7168511.0	0.0	0.6	99.4	Other
675977.3	7168911.0	0.0	3.1	96.9	Other
675977.3	7169311.0	4.4	0.0	95.6	Other
675977.3	7169711.0	8.5	0.0	91.5	Other
675977.3	7170111.0	2.6	0.0	97.4	Other
675977.3	7170511.0	0.0	0.0	100.0	Other
675977.3	7170911.0	1.3	0.0	98.7	Other
675977.3	7171311.0	22.7	0.0	77.3	Urban
675977.3	7171711.0	25.6	0.0	74.4	Urban
675977.3	7172111.0	69.4	0.0	30.6	Urban
675977.3	7172511.0	99.2	0.0	0.8	Urban
675977.3	7172911.0	99.1	0.0	0.9	Urban
675977.3	7173311.0	66.3	0.0	33.7	Urban
675977.3	7173711.0	80.6	0.0	19.4	Urban
675977.3	7174111.0	68.8	0.0	31.2	Urban
675977.3	7174511.0	90.0	0.0	10.0	Urban
675977.3	7174911.0	99.0	0.0	1.0	Urban
675977.3	7175311.0	99.9	0.0	0.1	Urban
675977.3	7175711.0	83.3	0.0	16.7	Urban
675977.3	7176111.0	85.7	0.0	14.3	Urban
675977.3	7176511.0	83.0	0.0	17.0	Urban
675977.3	7176911.0	71.9	0.0	28.1	Urban
675977.3	7177311.0	87.3	0.0	12.7	Urban
675977.3	7177711.0	84.7	0.0	15.3	Urban
675977.3	7178111.0	85.3	0.0	14.7	Urban
675977.3	7178511.0	95.9	0.0	4.1	Urban
675977.3	7178911.0	96.0	0.0	4.0	Urban
675977.3	7179311.0	98.5	0.0	1.5	Urban
675977.3	7179711.0	91.3	0.0	8.7	Urban
675977.3	7180111.0	93.6	0.0	6.4	Urban
675977.3	7180511.0	94.6	0.0	5.4	Urban
675977.3	7180911.0	97.3	0.0	2.7	Urban
675977.3	7181311.0	97.7	0.0	2.3	Urban
675977.3	7181711.0	77.3	0.0	22.7	Urban
675977.3	7182111.0	69.0	0.0	31.0	Urban
675977.3	7182511.0	73.9	0.0	26.1	Urban
675977.3	7182911.0	72.4	0.1	27.5	Urban
675977.3	7183311.0	72.0	0.0	28.0	Urban
675977.3	7183711.0	44.4	0.0	55.6	Urban
675977.3	7184111.0	55.9	0.0	44.1	Urban
675977.3	7184511.0	93.2	0.0	6.8	Urban
675977.3	7184911.0	98.7	0.0	1.3	Urban
675977.3	7185311.0	89.7	0.0	10.3	Urban
675977.3	7185711.0	75.3	0.0	24.7	Urban
675977.3	7186111.0	85.8	0.0	14.2	Urban
675977.3	7186511.0	83.1	0.0	16.9	Urban
675977.3	7186911.0	87.6	0.0	12.4	Urban
675977.3	7187311.0	88.2	0.0	11.8	Urban
675977.3	7187711.0	77.4	0.0	22.6	Urban
675977.3	7188111.0	53.1	0.0	46.9	Urban
675977.3	7188511.0	71.0	0.0	29.0	Urban
675977.3	7188911.0	83.6	0.0	16.4	Urban
675977.3	7189311.0	60.6	0.0	39.4	Urban
675977.3	7189711.0	78.4	0.0	21.6	Urban
675977.3	7190111.0	90.2	0.0	9.8	Urban
675977.3	7190511.0	87.6	0.0	12.4	Urban
675977.3	7190911.0	94.1	0.0	5.9	Urban
675977.3	7191311.0	92.3	0.0	7.7	Urban
675977.3	7191711.0	91.9	0.0	8.1	Urban
675977.3	7192111.0	67.0	0.0	33.0	Urban
675977.3	7192511.0	55.9	0.0	44.1	Urban
675977.3	7192911.0	57.0	0.0	43.0	Urban
675977.3	7193311.0	46.5	0.0	53.5	Urban
675977.3	7193711.0	30.0	0.0	70.0	Urban
675977.3	7194111.0	9.7	0.0	90.3	Other
675977.3	7194511.0	11.0	0.0	89.0	Other
675977.3	7194911.0	56.2	0.0	43.8	Urban
675977.3	7195311.0	44.0	0.0	56.0	Urban
675977.3	7195711.0	65.4	0.0	34.6	Urban
675977.3	7196111.0	90.9	0.0	9.1	Urban
675977.3	7196511.0	46.2	0.0	53.8	Urban
675977.3	7196911.0	6.6	0.0	93.4	Other
675977.3	7197311.0	14.5	0.7	84.8	Other
675977.3	7197711.0	8.1	0.0	91.9	Other
675977.3	7198111.0	3.5	0.5	96.1	Other
675977.3	7198511.0	0.8	0.0	99.2	Other
675977.3	7198911.0	0.0	0.0	100.0	Other
676377.3	7158511.0	0.0	0.0	100.0	Other
676377.3	7158911.0	9.1	0.0	90.9	Other
676377.3	7159311.0	5.9	0.2	93.9	Other
676377.3	7159711.0	0.0	0.0	100.0	Other
676377.3	7160111.0	1.0	0.0	99.0	Other
676377.3	7160511.0	4.8	0.0	95.2	Other
676377.3	7160911.0	0.8	0.0	99.2	Other
676377.3	7161311.0	0.0	0.0	100.0	Other
676377.3	7161711.0	13.2	0.0	86.8	Other
676377.3	7162111.0	3.8	0.0	96.2	Other
676377.3	7162511.0	3.6	6.7	89.7	Other
676377.3	7162911.0	6.9	6.5	86.6	Other
676377.3	7163311.0	0.8	0.0	99.2	Other
676377.3	7163711.0	0.0	0.0	100.0	Other
676377.3	7164111.0	0.0	0.0	100.0	Other
676377.3	7164511.0	0.0	0.2	99.8	Other
676377.3	7164911.0	0.0	1.2	98.8	Other
676377.3	7165311.0	0.0	0.0	100.0	Other
676377.3	7165711.0	0.4	0.0	99.6	Other
676377.3	7166111.0	1.2	0.0	98.8	Other
676377.3	7166511.0	7.5	0.2	92.3	Other
676377.3	7166911.0	5.3	0.0	94.7	Other
676377.3	7167311.0	19.2	0.0	80.8	Other
676377.3	7167711.0	13.7	0.0	86.3	Other
676377.3	7168111.0	10.0	4.8	85.3	Other
676377.3	7168511.0	3.8	0.0	96.2	Other
676377.3	7168911.0	0.0	1.2	98.8	Other
676377.3	7169311.0	0.0	0.0	100.0	Other
676377.3	7169711.0	0.0	0.0	100.0	Other
676377.3	7170111.0	0.0	0.0	100.0	Other
676377.3	7170511.0	0.0	0.0	100.0	Other
676377.3	7170911.0	0.0	0.0	100.0	Other
676377.3	7171311.0	13.5	12.5	74.0	Other
676377.3	7171711.0	10.9	13.9	75.2	Other
676377.3	7172111.0	32.5	0.0	67.5	Urban
676377.3	7172511.0	60.7	0.0	39.3	Urban
676377.3	7172911.0	36.5	0.0	63.5	Urban
676377.3	7173311.0	39.5	0.0	60.5	Urban
676377.3	7173711.0	93.3	0.0	6.7	Urban
676377.3	7174111.0	89.7	0.0	10.3	Urban
676377.3	7174511.0	97.9	0.0	2.1	Urban
676377.3	7174911.0	96.2	0.0	3.8	Urban
676377.3	7175311.0	97.4	0.0	2.6	Urban
676377.3	7175711.0	62.3	0.0	37.7	Urban
676377.3	7176111.0	93.6	0.0	6.4	Urban
676377.3	7176511.0	69.4	0.0	30.6	Urban
676377.3	7176911.0	92.5	0.0	7.5	Urban
676377.3	7177311.0	60.0	0.0	40.0	Urban
676377.3	7177711.0	27.6	0.0	72.4	Urban
676377.3	7178111.0	94.2	0.0	5.8	Urban
676377.3	7178511.0	85.5	0.0	14.5	Urban
676377.3	7178911.0	80.6	0.0	19.4	Urban
676377.3	7179311.0	86.3	0.0	13.7	Urban
676377.3	7179711.0	98.1	0.0	1.9	Urban
676377.3	7180111.0	91.3	0.0	8.7	Urban
676377.3	7180511.0	91.4	0.0	8.6	Urban
676377.3	7180911.0	99.7	0.0	0.3	Urban
676377.3	7181311.0	94.1	0.0	5.8	Urban
676377.3	7181711.0	76.4	0.0	23.6	Urban
676377.3	7182111.0	74.5	0.0	25.5	Urban
676377.3	7182511.0	78.4	0.0	21.6	Urban
676377.3	7182911.0	87.4	0.0	12.6	Urban
676377.3	7183311.0	76.5	0.0	23.5	Urban
676377.3	7183711.0	85.8	0.0	14.2	Urban
676377.3	7184111.0	65.0	0.0	35.0	Urban
676377.3	7184511.0	84.6	0.0	15.4	Urban
676377.3	7184911.0	96.9	0.0	3.1	Urban
676377.3	7185311.0	88.2	0.0	11.8	Urban
676377.3	7185711.0	82.9	0.0	17.1	Urban
676377.3	7186111.0	83.3	0.0	16.7	Urban
676377.3	7186511.0	75.3	0.0	24.7	Urban
676377.3	7186911.0	88.3	0.0	11.7	Urban
676377.3	7187311.0	73.0	0.0	27.0	Urban
676377.3	7187711.0	87.1	0.0	12.9	Urban
676377.3	7188111.0	84.1	0.0	15.9	Urban
676377.3	7188511.0	48.8	0.0	51.2	Urban
676377.3	7188911.0	59.6	0.0	40.4	Urban
676377.3	7189311.0	74.8	0.0	25.2	Urban
676377.3	7189711.0	81.9	0.0	18.1	Urban
676377.3	7190111.0	90.7	0.0	9.3	Urban
676377.3	7190511.0	89.6	0.0	10.4	Urban
676377.3	7190911.0	89.4	0.0	10.6	Urban
676377.3	7191311.0	61.3	0.0	38.7	Urban
676377.3	7191711.0	82.4	0.0	17.6	Urban
676377.3	7192111.0	82.7	0.0	17.3	Urban
676377.3	7192511.0	73.5	0.0	26.5	Urban
676377.3	7192911.0	53.0	0.0	47.0	Urban
676377.3	7193311.0	21.9	0.0	78.1	Urban
676377.3	7193711.0	23.2	0.5	76.3	Urban
676377.3	7194111.0	15.8	0.0	84.2	Other
676377.3	7194511.0	25.9	0.0	74.1	Urban
676377.3	7194911.0	19.3	0.0	80.7	Other
676377.3	7195311.0	40.0	0.0	60.0	Urban
676377.3	7195711.0	96.8	0.0	3.2	Urban
676377.3	7196111.0	85.6	0.0	14.4	Urban
676377.3	7196511.0	27.1	0.0	72.9	Urban
676377.3	7196911.0	8.6	0.0	91.4	Other
676377.3	7197311.0	4.4	0.0	95.6	Other
676377.3	7197711.0	2.8	2.4	94.8	Other
676377.3	7198111.0	1.1	0.0	98.9	Other
676377.3	7198511.0	0.8	0.0	99.2	Other
676377.3	7198911.0	0.0	0.0	100.0	Other
676777.3	7158511.0	0.0	0.0	100.0	Other
676777.3	7158911.0	1.3	0.0	98.7	Other
676777.3	7159311.0	8.7	0.0	91.3	Other
676777.3	7159711.0	0.2	0.0	99.8	Other
676777.3	7160111.0	13.0	0.0	87.0	Other
676777.3	7160511.0	31.0	0.0	69.0	Urban
676777.3	7160911.0	18.3	0.0	81.7	Other
676777.3	7161311.0	25.7	0.0	74.3	Urban
676777.3	7161711.0	0.2	1.5	98.2	Other
676777.3	7162111.0	0.0	0.2	99.8	Other
676777.3	7162511.0	1.2	0.2	98.6	Other
676777.3	7162911.0	4.0	0.0	96.0	Other
676777.3	7163311.0	0.0	0.0	100.0	Other
676777.3	7163711.0	0.0	0.0	100.0	Other
676777.3	7164111.0	0.0	0.0	100.0	Other
676777.3	7164511.0	0.0	5.4	94.6	Other
676777.3	7164911.0	0.0	2.9	97.1	Other
676777.3	7165311.0	0.0	0.0	100.0	Other
676777.3	7165711.0	0.0	0.0	100.0	Other
676777.3	7166111.0	0.0	0.4	99.6	Other
676777.3	7166511.0	2.5	0.0	97.5	Other
676777.3	7166911.0	2.8	0.7	96.5	Other
676777.3	7167311.0	11.5	0.1	88.3	Other
676777.3	7167711.0	15.7	0.0	84.3	Other
676777.3	7168111.0	12.6	18.7	68.8	Other
676777.3	7168511.0	1.0	30.3	68.7	Other
676777.3	7168911.0	0.0	0.0	100.0	Other
676777.3	7169311.0	0.0	3.5	96.5	Other
676777.3	7169711.0	0.0	1.4	98.6	Other
676777.3	7170111.0	0.0	19.7	80.3	Other
676777.3	7170511.0	0.0	0.0	100.0	Other
676777.3	7170911.0	4.7	0.0	95.3	Other
676777.3	7171311.0	8.3	0.0	91.7	Other
676777.3	7171711.0	0.0	0.0	100.0	Other
676777.3	7172111.0	1.9	0.0	98.1	Other
676777.3	7172511.0	0.9	5.2	93.9	Other
676777.3	7172911.0	0.0	0.0	100.0	Other
676777.3	7173311.0	3.2	0.0	96.8	Other
676777.3	7173711.0	62.7	0.0	37.3	Urban
676777.3	7174111.0	96.6	0.0	3.4	Urban
676777.3	7174511.0	97.4	0.0	2.6	Urban
676777.3	7174911.0	95.4	0.0	4.6	Urban
676777.3	7175311.0	83.3	0.0	16.7	Urban
676777.3	7175711.0	68.7	0.0	31.3	Urban
676777.3	7176111.0	84.8	0.0	15.2	Urban
676777.3	7176511.0	81.0	0.0	19.0	Urban
676777.3	7176911.0	98.2	0.0	1.8	Urban
676777.3	7177311.0	86.2	0.0	13.8	Urban
676777.3	7177711.0	8.3	0.0	91.7	Other
676777.3	7178111.0	74.8	0.0	25.2	Urban
676777.3	7178511.0	89.2	0.0	10.8	Urban
676777.3	7178911.0	83.4	0.0	16.6	Urban
676777.3	7179311.0	96.2	0.0	3.8	Urban
676777.3	7179711.0	97.5	0.0	2.5	Urban
676777.3	7180111.0	95.2	0.0	4.8	Urban
676777.3	7180511.0	98.6	0.0	1.4	Urban
676777.3	7180911.0	89.1	0.0	10.9	Urban
676777.3	7181311.0	89.9	0.0	10.1	Urban
676777.3	7181711.0	88.3	0.0	11.7	Urban
676777.3	7182111.0	84.8	0.0	15.2	Urban
676777.3	7182511.0	90.0	0.0	10.0	Urban
676777.3	7182911.0	77.4	0.0	22.6	Urban
676777.3	7183311.0	89.3	0.0	10.7	Urban
676777.3	7183711.0	98.7	0.0	1.3	Urban
676777.3	7184111.0	42.1	0.0	57.9	Urban
676777.3	7184511.0	59.8	0.0	40.2	Urban
676777.3	7184911.0	68.0	0.5	31.6	Urban
676777.3	7185311.0	82.7	0.0	17.3	Urban
676777.3	7185711.0	89.0	0.2	10.8	Urban
676777.3	7186111.0	77.0	0.0	23.0	Urban
676777.3	7186511.0	75.2	0.0	24.8	Urban
676777.3	7186911.0	79.4	0.0	20.6	Urban
676777.3	7187311.0	78.7	0.0	21.3	Urban
676777.3	7187711.0	69.6	0.0	30.4	Urban
676777.3	7188111.0	73.1	0.0	26.9	Urban
676777.3	7188511.0	37.1	0.0	62.9	Urban
676777.3	7188911.0	73.1	0.0	26.9	Urban
676777.3	7189311.0	90.2	0.0	9.8	Urban
676777.3	7189711.0	93.2	0.0	6.8	Urban
676777.3	7190111.0	98.6	0.0	1.4	Urban
676777.3	7190511.0	85.9	0.0	14.1	Urban
676777.3	7190911.0	87.2	0.0	12.8	Urban
676777.3	7191311.0	42.4	0.0	57.6	Urban
676777.3	7191711.0	82.7	0.0	17.3	Urban
676777.3	7192111.0	82.4	0.0	17.6	Urban
676777.3	7192511.0	94.3	0.0	5.7	Urban
676777.3	7192911.0	51.2	0.0	48.8	Urban
676777.3	7193311.0	33.7	0.0	66.3	Urban
676777.3	7193711.0	20.9	0.0	79.1	Urban
676777.3	7194111.0	18.4	0.0	81.6	Other
676777.3	7194511.0	1.7	0.0	98.3	Other
676777.3	7194911.0	27.4	0.2	72.4	Urban
676777.3	7195311.0	39.4	0.1	60.5	Urban
676777.3	7195711.0	71.3	0.0	28.7	Urban
676777.3	7196111.0	30.5	0.0	69.5	Urban
676777.3	7196511.0	33.2	0.0	66.8	Urban
676777.3	7196911.0	8.7	1.9	89.4	Other
676777.3	7197311.0	3.4	7.0	89.6	Other
676777.3	7197711.0	4.8	0.0	95.2	Other
676777.3	7198111.0	9.9	0.0	90.1	Other
676777.3	7198511.0	0.0	0.0	100.0	Other
676777.3	7198911.0	0.0	0.0	100.0	Other
677177.3	7158511.0	0.0	0.0	100.0	Other
677177.3	7158911.0	0.0	0.0	100.0	Other
677177.3	7159311.0	0.1	0.0	99.9	Other
677177.3	7159711.0	3.9	0.0	96.1	Other
677177.3	7160111.0	13.2	0.0	86.8	Other
677177.3	7160511.0	10.8	0.0	89.2	Other
677177.3	7160911.0	2.0	0.0	98.0	Other
677177.3	7161311.0	2.1	0.0	97.9	Other
677177.3	7161711.0	0.0	1.9	98.1	Other
677177.3	7162111.0	0.0	0.7	99.3	Other
677177.3	7162511.0	0.0	0.0	100.0	Other
677177.3	7162911.0	0.0	0.0	100.0	Other
677177.3	7163311.0	0.0	0.0	100.0	Other
677177.3	7163711.0	0.0	0.0	100.0	Other
677177.3	7164111.0	0.0	0.0	100.0	Other
677177.3	7164511.0	0.0	1.7	98.3	Other
677177.3	7164911.0	0.0	0.0	100.0	Other
677177.3	7165311.0	1.0	0.0	99.0	Other
677177.3	7165711.0	0.4	0.0	99.6	Other
677177.3	7166111.0	3.2	0.2	96.6	Other
677177.3	7166511.0	2.1	0.0	97.9	Other
677177.3	7166911.0	0.0	0.3	99.7	Other
677177.3	7167311.0	0.0	1.5	98.5	Other
677177.3	7167711.0	4.3	0.0	95.7	Other
677177.3	7168111.0	14.1	7.0	78.9	Other
677177.3	7168511.0	1.6	49.9	48.5	Other
677177.3	7168911.0	0.0	11.5	88.5	Other
677177.3	7169311.0	0.0	1.5	98.5	Other
677177.3	7169711.0	0.0	8.1	91.9	Other
677177.3	7170111.0	0.0	5.8	94.2	Other
677177.3	7170511.0	0.0	0.0	100.0	Other
677177.3	7170911.0	9.4	0.3	90.3	Other
677177.3	7171311.0	0.0	0.0	100.0	Other
677177.3	7171711.0	1.9	6.2	91.9	Other
677177.3	7172111.0	0.5	0.0	99.5	Other
677177.3	7172511.0	0.0	0.0	100.0	Other
677177.3	7172911.0	0.1	0.0	99.9	Other
677177.3	7173311.0	0.0	0.0	100.0	Other
677177.3	7173711.0	8.2	0.0	91.8	Other
677177.3	7174111.0	68.5	0.0	31.5	Urban
677177.3	7174511.0	94.3	0.0	5.7	Urban
677177.3	7174911.0	96.8	0.0	3.2	Urban
677177.3	7175311.0	95.5	0.0	4.5	Urban
677177.3	7175711.0	84.6	0.0	15.4	Urban
677177.3	7176111.0	89.1	0.0	10.9	Urban
677177.3	7176511.0	87.2	0.0	12.8	Urban
677177.3	7176911.0	88.7	0.0	11.3	Urban
677177.3	7177311.0	34.6	0.0	65.4	Urban
677177.3	7177711.0	54.2	0.0	45.8	Urban
677177.3	7178111.0	68.3	0.0	31.7	Urban
677177.3	7178511.0	95.3	0.0	4.7	Urban
677177.3	7178911.0	96.7	0.0	3.3	Urban
677177.3	7179311.0	95.5	0.0	4.5	Urban
677177.3	7179711.0	88.5	0.0	11.5	Urban
677177.3	7180111.0	94.8	0.0	5.2	Urban
677177.3	7180511.0	79.0	0.0	21.0	Urban
677177.3	7180911.0	86.3	0.0	13.7	Urban
677177.3	7181311.0	91.4	0.0	8.6	Urban
677177.3	7181711.0	90.4	0.0	9.6	Urban
677177.3	7182111.0	94.2	0.1	5.7	Urban
677177.3	7182511.0	89.3	0.0	10.7	Urban
677177.3	7182911.0	97.5	0.0	2.5	Urban
677177.3	7183311.0	80.4	0.0	19.6	Urban
677177.3	7183711.0	68.8	0.0	31.2	Urban
677177.3	7184111.0	35.8	0.0	64.2	Urban
677177.3	7184511.0	43.0	0.0	56.9	Urban
677177.3	7184911.0	10.6	0.4	89.0	Other
677177.3	7185311.0	83.3	1.5	15.1	Urban
677177.3	7185711.0	86.3	0.0	13.7	Urban
677177.3	7186111.0	75.8	0.0	24.2	Urban
677177.3	7186511.0	83.3	0.0	16.7	Urban
677177.3	7186911.0	73.7	0.0	26.3	Urban
677177.3	7187311.0	72.3	0.0	27.7	Urban
677177.3	7187711.0	86.9	0.0	13.1	Urban
677177.3	7188111.0	83.9	0.0	16.1	Urban
677177.3	7188511.0	86.6	0.0	13.4	Urban
677177.3	7188911.0	62.0	0.0	38.0	Urban
677177.3	7189311.0	83.8	0.0	16.2	Urban
677177.3	7189711.0	97.3	0.0	2.7	Urban
677177.3	7190111.0	81.1	0.0	18.9	Urban
677177.3	7190511.0	93.8	0.0	6.2	Urban
677177.3	7190911.0	86.3	0.0	13.7	Urban
677177.3	7191311.0	47.4	0.0	52.6	Urban
677177.3	7191711.0	61.2	0.0	38.8	Urban
677177.3	7192111.0	79.4	0.0	20.6	Urban
677177.3	7192511.0	80.6	0.0	19.4	Urban
677177.3	7192911.0	39.3	0.0	60.7	Urban
677177.3	7193311.0	28.1	0.0	71.9	Urban
677177.3	7193711.0	6.3	0.0	93.7	Other
677177.3	7194111.0	6.5	0.0	93.5	Other
677177.3	7194511.0	29.6	0.0	70.4	Urban
677177.3	7194911.0	10.2	0.0	89.7	Other
677177.3	7195311.0	76.2	0.1	23.7	Urban
677177.3	7195711.0	91.6	0.0	8.4	Urban
677177.3	7196111.0	28.8	0.0	71.2	Urban
677177.3	7196511.0	0.6	0.0	99.4	Other
677177.3	7196911.0	0.0	0.2	99.8	Other
677177.3	7197311.0	0.0	11.2	88.8	Other
677177.3	7197711.0	22.8	0.0	77.2	Urban
677177.3	7198111.0	42.5	0.0	57.5	Urban
677177.3	7198511.0	0.0	0.0	100.0	Other
677177.3	7198911.0	0.5	0.0	99.5	Other
677577.3	7158511.0	0.0	0.0	100.0	Other
677577.3	7158911.0	0.0	0.0	100.0	Other
677577.3	7159311.0	0.2	0.0	99.8	Other
677577.3	7159711.0	0.6	0.3	99.1	Other
677577.3	7160111.0	4.4	0.0	95.6	Other
677577.3	7160511.0	1.1	0.0	98.9	Other
677577.3	7160911.0	0.4	0.0	99.6	Other
677577.3	7161311.0	0.4	0.0	99.5	Other
677577.3	7161711.0	0.0	0.0	100.0	Other
677577.3	7162111.0	0.2	0.0	99.8	Other
677577.3	7162511.0	0.0	0.0	100.0	Other
677577.3	7162911.0	0.0	0.0	100.0	Other
677577.3	7163311.0	0.0	0.0	100.0	Other
677577.3	7163711.0	0.0	0.0	100.0	Other
677577.3	7164111.0	1.8	0.0	98.2	Other
677577.3	7164511.0	4.7	0.0	95.3	Other
677577.3	7164911.0	2.3	0.1	97.6	Other
677577.3	7165311.0	13.9	0.0	86.1	Other
677577.3	7165711.0	9.6	2.2	88.2	Other
677577.3	7166111.0	1.1	0.0	98.9	Other
677577.3	7166511.0	13.0	0.0	87.0	Other
677577.3	7166911.0	0.8	0.0	99.2	Other
677577.3	7167311.0	0.0	0.0	100.0	Other
677577.3	7167711.0	0.0	0.0	100.0	Other
677577.3	7168111.0	0.6	0.0	99.4	Other
677577.3	7168511.0	8.6	27.2	64.2	Other
677577.3	7168911.0	0.0	25.5	74.5	Other
677577.3	7169311.0	4.5	1.0	94.5	Other
677577.3	7169711.0	0.0	0.6	99.4	Other
677577.3	7170111.0	0.0	28.0	72.0	Other
677577.3	7170511.0	0.0	5.0	95.0	Other
677577.3	7170911.0	9.0	0.8	90.1	Other
677577.3	7171311.0	0.0	0.0	100.0	Other
677577.3	7171711.0	3.0	17.6	79.4	Other
677577.3	7172111.0	7.0	0.0	93.0	Other
677577.3	7172511.0	0.6	0.0	99.4	Other
677577.3	7172911.0	8.2	0.0	91.8	Other
677577.3	7173311.0	0.0	0.0	100.0	Other
677577.3	7173711.0	0.6	0.0	99.4	Other
677577.3	7174111.0	56.3	0.0	43.7	Urban
677577.3	7174511.0	90.5	0.0	9.5	Urban
677577.3	7174911.0	92.5	0.0	7.5	Urban
677577.3	7175311.0	95.0	0.0	5.0	Urban
677577.3	7175711.0	90.2	0.0	9.8	Urban
677577.3	7176111.0	81.5	0.0	18.5	Urban
677577.3	7176511.0	98.4	0.0	1.6	Urban
677577.3	7176911.0	95.1	0.0	4.9	Urban
677577.3	7177311.0	88.2	0.0	11.8	Urban
677577.3	7177711.0	91.9	0.0	8.1	Urban
677577.3	7178111.0	97.9	0.0	2.1	Urban
677577.3	7178511.0	97.2	0.0	2.8	Urban
677577.3	7178911.0	98.1	0.0	1.9	Urban
677577.3	7179311.0	96.2	0.0	3.8	Urban
677577.3	7179711.0	87.4	0.0	12.6	Urban
677577.3	7180111.0	86.7	0.0	13.3	Urban
677577.3	7180511.0	89.0	0.0	11.0	Urban
677577.3	7180911.0	90.3	0.0	9.7	Urban
677577.3	7181311.0	97.9	0.0	2.1	Urban
677577.3	7181711.0	98.3	0.0	1.7	Urban
677577.3	7182111.0	98.3	0.0	1.7	Urban
677577.3	7182511.0	98.0	0.0	2.0	Urban
677577.3	7182911.0	83.7	0.0	16.3	Urban
677577.3	7183311.0	89.2	0.0	10.8	Urban
677577.3	7183711.0	61.3	0.0	38.7	Urban
677577.3	7184111.0	64.2	0.0	35.8	Urban
677577.3	7184511.0	45.4	0.2	54.4	Urban
677577.3	7184911.0	80.4	0.6	19.0	Urban
677577.3	7185311.0	98.4	0.0	1.6	Urban
677577.3	7185711.0	97.1	0.0	2.9	Urban
677577.3	7186111.0	85.2	0.0	14.8	Urban
677577.3	7186511.0	75.1	0.0	24.9	Urban
677577.3	7186911.0	57.5	0.0	42.5	Urban
677577.3	7187311.0	77.1	0.0	22.9	Urban
677577.3	7187711.0	86.1	0.0	13.9	Urban
677577.3	7188111.0	68.3	0.0	31.7	Urban
677577.3	7188511.0	46.5	0.0	53.5	Urban
677577.3	7188911.0	33.1	0.1	66.8	Urban
677577.3	7189311.0	13.4	0.0	86.6	Other
677577.3	7189711.0	70.4	0.0	29.6	Urban
677577.3	7190111.0	75.3	0.0	24.7	Urban
677577.3	7190511.0	88.2	0.0	11.8	Urban
677577.3	7190911.0	67.6	0.0	32.4	Urban
677577.3	7191311.0	87.5	0.0	12.5	Urban
677577.3	7191711.0	85.5	0.0	14.5	Urban
677577.3	7192111.0	83.5	0.0	16.5	Urban
677577.3	7192511.0	44.1	0.0	55.9	Urban
677577.3	7192911.0	37.8	0.0	62.2	Urban
677577.3	7193311.0	25.8	0.0	74.2	Urban
677577.3	7193711.0	16.3	0.0	83.7	Other
677577.3	7194111.0	21.2	0.0	78.8	Urban
677577.3	7194511.0	22.9	0.0	77.1	Urban
677577.3	7194911.0	40.2	0.0	59.8	Urban
677577.3	7195311.0	79.3	0.0	20.7	Urban
677577.3	7195711.0	33.7	0.0	66.3	Urban
677577.3	7196111.0	44.0	0.0	56.0	Urban
677577.3	7196511.0	1.6	0.0	98.4	Other
677577.3	7196911.0	0.3	0.0	99.7	Other
677577.3	7197311.0	0.0	0.0	100.0	Other
677577.3	7197711.0	45.5	0.0	54.5	Urban
677577.3	7198111.0	1.0	0.0	99.0	Other
677577.3	7198511.0	32.4	0.0	67.6	Urban
677577.3	7198911.0	45.9	0.0	54.1	Urban
677977.3	7158511.0	0.0	0.0	100.0	Other
677977.3	7158911.0	0.0	0.0	100.0	Other
677977.3	7159311.0	0.0	0.0	100.0	Other
677977.3	7159711.0	1.9	0.0	98.1	Other
677977.3	7160111.0	1.8	0.4	97.8	Other
677977.3	7160511.0	0.0	5.5	94.5	Other
677977.3	7160911.0	0.0	2.0	98.0	Other
677977.3	7161311.0	0.8	0.0	99.2	Other
677977.3	7161711.0	4.7	0.0	95.3	Other
677977.3	7162111.0	0.0	0.0	100.0	Other
677977.3	7162511.0	0.0	0.0	100.0	Other
677977.3	7162911.0	0.5	0.0	99.5	Other
677977.3	7163311.0	0.6	0.7	98.7	Other
677977.3	7163711.0	0.2	0.0	99.8	Other
677977.3	7164111.0	1.2	0.0	98.8	Other
677977.3	7164511.0	3.7	0.0	96.3	Other
677977.3	7164911.0	7.1	0.0	92.9	Other
677977.3	7165311.0	9.0	0.7	90.3	Other
677977.3	7165711.0	0.3	0.5	99.2	Other
677977.3	7166111.0	0.0	0.0	100.0	Other
677977.3	7166511.0	3.4	0.0	96.6	Other
677977.3	7166911.0	5.3	0.0	94.7	Other
677977.3	7167311.0	0.0	0.0	100.0	Other
677977.3	7167711.0	0.0	0.0	100.0	Other
677977.3	7168111.0	0.6	0.0	99.4	Other
677977.3	7168511.0	6.1	15.5	78.4	Other
677977.3	7168911.0	0.6	49.0	50.4	Other
677977.3	7169311.0	6.9	42.8	50.4	Other
677977.3	7169711.0	3.1	3.3	93.5	Other
677977.3	7170111.0	5.8	0.0	94.2	Other
677977.3	7170511.0	0.1	0.0	99.9	Other
677977.3	7170911.0	9.1	0.1	90.8	Other
677977.3	7171311.0	0.0	0.0	100.0	Other
677977.3	7171711.0	0.2	0.0	99.8	Other
677977.3	7172111.0	5.3	0.0	94.7	Other
677977.3	7172511.0	5.0	0.0	95.0	Other
677977.3	7172911.0	0.0	5.7	94.3	Other
677977.3	7173311.0	0.0	0.0	100.0	Other
677977.3	7173711.0	0.0	0.4	99.6	Other
677977.3	7174111.0	0.0	1.7	98.3	Other
677977.3	7174511.0	11.9	0.0	88.1	Other
677977.3	7174911.0	30.7	0.0	69.3	Urban
677977.3	7175311.0	40.5	0.0	59.5	Urban
677977.3	7175711.0	86.6	0.0	13.4	Urban
677977.3	7176111.0	80.1	0.0	19.9	Urban
677977.3	7176511.0	93.5	0.0	6.5	Urban
677977.3	7176911.0	99.4	0.0	0.6	Urban
677977.3	7177311.0	95.9	0.0	4.1	Urban
677977.3	7177711.0	98.9	0.0	1.1	Urban
677977.3	7178111.0	85.8	0.0	14.2	Urban
677977.3	7178511.0	96.5	0.0	3.5	Urban
677977.3	7178911.0	98.6	0.0	1.4	Urban
677977.3	7179311.0	94.1	0.0	5.9	Urban
677977.3	7179711.0	87.5	0.0	12.5	Urban
677977.3	7180111.0	87.3	0.0	12.7	Urban
677977.3	7180511.0	96.9	0.0	3.1	Urban
677977.3	7180911.0	88.8	0.0	11.2	Urban
677977.3	7181311.0	97.3	0.0	2.7	Urban
677977.3	7181711.0	94.4	0.0	5.6	Urban
677977.3	7182111.0	88.2	0.0	11.8	Urban
677977.3	7182511.0	94.5	0.0	5.5	Urban
677977.3	7182911.0	94.4	0.0	5.6	Urban
677977.3	7183311.0	94.5	0.0	5.5	Urban
677977.3	7183711.0	89.4	0.0	10.6	Urban
677977.3	7184111.0	65.9	0.2	33.9	Urban
677977.3	7184511.0	85.4	0.0	14.6	Urban
677977.3	7184911.0	83.5	0.0	16.5	Urban
677977.3	7185311.0	90.6	0.0	9.4	Urban
677977.3	7185711.0	94.6	0.0	5.4	Urban
677977.3	7186111.0	90.2	0.0	9.8	Urban
677977.3	7186511.0	77.6	0.0	22.4	Urban
677977.3	7186911.0	46.9	0.0	53.1	Urban
677977.3	7187311.0	78.9	0.0	21.1	Urban
677977.3	7187711.0	59.5	0.0	40.5	Urban
677977.3	7188111.0	82.1	0.0	17.9	Urban
677977.3	7188511.0	16.3	0.0	83.7	Other
677977.3	7188911.0	28.3	0.0	71.7	Urban
677977.3	7189311.0	61.1	0.0	38.9	Urban
677977.3	7189711.0	80.9	0.0	19.1	Urban
677977.3	7190111.0	88.2	0.0	11.8	Urban
677977.3	7190511.0	28.0	10.4	61.6	Urban
677977.3	7190911.0	28.3	0.0	71.7	Urban
677977.3	7191311.0	94.1	0.0	5.9	Urban
677977.3	7191711.0	84.7	0.0	15.3	Urban
677977.3	7192111.0	72.8	0.0	27.2	Urban
677977.3	7192511.0	12.5	0.0	87.5	Other
677977.3	7192911.0	20.5	0.0	79.5	Urban
677977.3	7193311.0	46.4	0.0	53.6	Urban
677977.3	7193711.0	80.7	0.0	19.3	Urban
677977.3	7194111.0	72.8	0.0	27.2	Urban
677977.3	7194511.0	20.5	0.0	79.4	Urban
677977.3	7194911.0	13.4	0.0	86.6	Other
677977.3	7195311.0	6.0	0.0	94.0	Other
677977.3	7195711.0	56.7	0.0	43.3	Urban
677977.3	7196111.0	1.6	0.0	98.4	Other
677977.3	7196511.0	13.9	0.0	86.1	Other
677977.3	7196911.0	0.0	0.0	100.0	Other
677977.3	7197311.0	0.0	0.0	100.0	Other
677977.3	7197711.0	52.8	0.0	47.2	Urban
677977.3	7198111.0	4.4	0.0	95.6	Other
677977.3	7198511.0	71.5	0.0	28.5	Urban
677977.3	7198911.0	63.8	0.0	36.2	Urban
678377.3	7158511.0	1.7	0.0	98.3	Other
678377.3	7158911.0	2.8	0.0	97.2	Other
678377.3	7159311.0	1.9	0.0	98.1	Other
678377.3	7159711.0	10.8	0.0	89.2	Other
678377.3	7160111.0	1.1	0.0	98.9	Other
678377.3	7160511.0	0.0	0.0	100.0	Other
678377.3	7160911.0	0.0	0.0	100.0	Other
678377.3	7161311.0	0.0	2.9	97.1	Other
678377.3	7161711.0	1.2	0.0	98.8	Other
678377.3	7162111.0	0.0	0.3	99.7	Other
678377.3	7162511.0	0.0	0.0	100.0	Other
678377.3	7162911.0	0.0	0.0	100.0	Other
678377.3	7163311.0	0.5	0.0	99.5	Other
678377.3	7163711.0	0.9	0.0	99.1	Other
678377.3	7164111.0	2.0	0.5	97.5	Other
678377.3	7164511.0	7.8	0.8	91.4	Other
678377.3	7164911.0	4.3	0.1	95.6	Other
678377.3	7165311.0	0.0	0.0	100.0	Other
678377.3	7165711.0	0.3	0.0	99.7	Other
678377.3	7166111.0	0.1	0.0	99.9	Other
678377.3	7166511.0	0.1	0.0	99.9	Other
678377.3	7166911.0	4.4	0.0	95.6	Other
678377.3	7167311.0	3.4	0.0	96.6	Other
678377.3	7167711.0	11.1	0.0	88.9	Other
678377.3	7168111.0	0.7	17.3	81.9	Other
678377.3	7168511.0	0.8	26.4	72.7	Other
678377.3	7168911.0	12.6	44.4	43.0	Other
678377.3	7169311.0	0.6	34.8	64.6	Other
678377.3	7169711.0	1.1	0.0	98.9	Other
678377.3	7170111.0	15.7	0.0	84.3	Other
678377.3	7170511.0	2.1	0.0	97.9	Other
678377.3	7170911.0	9.8	0.0	90.1	Other
678377.3	7171311.0	0.3	2.7	97.0	Other
678377.3	7171711.0	0.1	0.0	99.9	Other
678377.3	7172111.0	0.0	0.3	99.7	Other
678377.3	7172511.0	0.7	0.1	99.2	Other
678377.3	7172911.0	1.0	1.2	97.8	Other
678377.3	7173311.0	0.1	0.0	99.9	Other
678377.3	7173711.0	0.8	0.6	98.6	Other
678377.3	7174111.0	4.2	0.0	95.8	Other
678377.3	7174511.0	1.2	0.0	98.8	Other
678377.3	7174911.0	1.2	0.0	98.8	Other
678377.3	7175311.0	0.2	0.0	99.8	Other
678377.3	7175711.0	23.2	0.0	76.8	Urban
678377.3	7176111.0	65.5	0.0	34.5	Urban
678377.3	7176511.0	99.4	0.0	0.6	Urban
678377.3	7176911.0	98.0	0.0	2.0	Urban
678377.3	7177311.0	95.9	0.0	4.1	Urban
678377.3	7177711.0	99.3	0.0	0.7	Urban
678377.3	7178111.0	98.5	0.0	1.5	Urban
678377.3	7178511.0	97.6	0.0	2.4	Urban
678377.3	7178911.0	82.9	0.0	17.1	Urban
678377.3	7179311.0	78.0	0.0	22.0	Urban
678377.3	7179711.0	86.9	0.0	13.1	Urban
678377.3	7180111.0	74.2	0.0	25.8	Urban
678377.3	7180511.0	83.8	0.0	16.2	Urban
678377.3	7180911.0	87.0	0.0	13.0	Urban
678377.3	7181311.0	73.3	0.0	26.7	Urban
678377.3	7181711.0	73.7	0.0	26.3	Urban
678377.3	7182111.0	88.4	0.0	11.6	Urban
678377.3	7182511.0	94.9	0.0	5.1	Urban
678377.3	7182911.0	95.6	0.0	4.4	Urban
678377.3	7183311.0	82.8	0.0	17.2	Urban
678377.3	7183711.0	94.1	0.0	5.9	Urban
678377.3	7184111.0	87.1	0.0	12.8	Urban
678377.3	7184511.0	98.3	0.0	1.7	Urban
678377.3	7184911.0	82.5	0.0	17.5	Urban
678377.3	7185311.0	87.4	0.0	12.6	Urban
678377.3	7185711.0	92.8	0.0	7.2	Urban
678377.3	7186111.0	90.7	0.0	9.3	Urban
678377.3	7186511.0	69.4	0.0	30.6	Urban
678377.3	7186911.0	72.5	0.0	27.5	Urban
678377.3	7187311.0	66.6	0.0	33.4	Urban
678377.3	7187711.0	84.7	0.0	15.3	Urban
678377.3	7188111.0	95.2	0.0	4.8	Urban
678377.3	7188511.0	59.4	0.0	40.6	Urban
678377.3	7188911.0	6.0	0.0	94.0	Other
678377.3	7189311.0	39.2	0.0	60.8	Urban
678377.3	7189711.0	20.7	0.0	79.3	Urban
678377.3	7190111.0	78.6	0.0	21.4	Urban
678377.3	7190511.0	63.6	2.5	33.9	Urban
678377.3	7190911.0	68.8	0.0	31.2	Urban
678377.3	7191311.0	85.7	0.0	14.3	Urban
678377.3	7191711.0	89.6	0.0	10.4	Urban
678377.3	7192111.0	70.7	0.0	29.3	Urban
678377.3	7192511.0	45.0	0.0	55.0	Urban
678377.3	7192911.0	5.2	0.0	94.8	Other
678377.3	7193311.0	87.8	0.0	12.2	Urban
678377.3	7193711.0	70.1	0.0	29.9	Urban
678377.3	7194111.0	23.7	0.0	76.3	Urban
678377.3	7194511.0	3.0	0.0	97.0	Other
678377.3	7194911.0	3.7	0.0	96.3	Other
678377.3	7195311.0	21.5	0.0	78.5	Urban
678377.3	7195711.0	79.5	0.0	20.5	Urban
678377.3	7196111.0	17.4	0.0	82.6	Other
678377.3	7196511.0	6.5	0.0	93.5	Other
678377.3	7196911.0	13.2	0.0	86.8	Other
678377.3	7197311.0	16.6	0.0	83.4	Other
678377.3	7197711.0	27.9	0.0	72.1	Urban
678377.3	7198111.0	20.0	0.0	80.0	Other
678377.3	7198511.0	6.0	0.0	94.0	Other
678377.3	7198911.0	56.0	0.0	44.0	Urban
678777.3	7158511.0	0.1	0.0	99.9	Other
678777.3	7158911.0	1.2	0.3	98.4	Other
678777.3	7159311.0	2.4	0.0	97.6	Other
678777.3	7159711.0	6.2	0.0	93.8	Other
678777.3	7160111.0	0.2	0.0	99.7	Other
678777.3	7160511.0	0.1	0.0	99.9	Other
678777.3	7160911.0	0.6	0.0	99.4	Other
678777.3	7161311.0	0.0	6.0	93.9	Other
678777.3	7161711.0	0.7	0.0	99.3	Other
678777.3	7162111.0	0.0	0.0	100.0	Other
678777.3	7162511.0	0.0	0.0	100.0	Other
678777.3	7162911.0	0.0	0.0	100.0	Other
678777.3	7163311.0	0.0	0.0	100.0	Other
678777.3	7163711.0	0.5	0.4	99.2	Other
678777.3	7164111.0	4.2	0.0	95.8	Other
678777.3	7164511.0	3.3	0.0	96.7	Other
678777.3	7164911.0	2.4	0.0	97.6	Other
678777.3	7165311.0	0.3	0.0	99.7	Other
678777.3	7165711.0	1.4	2.3	96.3	Other
678777.3	7166111.0	0.0	0.5	99.5	Other
678777.3	7166511.0	0.0	2.5	97.5	Other
678777.3	7166911.0	1.4	0.0	98.6	Other
678777.3	7167311.0	6.2	22.5	71.3	Other
678777.3	7167711.0	1.4	43.0	55.6	Other
678777.3	7168111.0	2.7	56.8	40.5	Water
678777.3	7168511.0	3.4	31.6	65.1	Other
678777.3	7168911.0	10.1	5.2	84.7	Other
678777.3	7169311.0	16.2	6.5	77.3	Other
678777.3	7169711.0	14.7	1.3	84.0	Other
678777.3	7170111.0	49.1	0.0	50.9	Urban
678777.3	7170511.0	39.7	0.0	60.3	Urban
678777.3	7170911.0	50.0	0.0	50.0	Urban
678777.3	7171311.0	0.3	0.0	99.7	Other
678777.3	7171711.0	26.7	0.0	73.3	Urban
678777.3	7172111.0	30.7	0.0	69.3	Urban
678777.3	7172511.0	17.5	0.0	82.5	Other
678777.3	7172911.0	1.1	0.0	98.9	Other
678777.3	7173311.0	0.0	0.0	100.0	Other
678777.3	7173711.0	9.1	0.0	90.9	Other
678777.3	7174111.0	67.7	0.0	32.3	Urban
678777.3	7174511.0	16.3	0.0	83.7	Other
678777.3	7174911.0	0.0	0.0	100.0	Other
678777.3	7175311.0	13.4	6.6	80.0	Other
678777.3	7175711.0	4.1	67.5	28.4	Water
678777.3	7176111.0	0.7	20.5	78.8	Other
678777.3	7176511.0	34.5	1.2	64.2	Urban
678777.3	7176911.0	88.6	0.0	11.4	Urban
678777.3	7177311.0	97.8	0.0	2.2	Urban
678777.3	7177711.0	97.4	0.0	2.6	Urban
678777.3	7178111.0	96.5	0.6	2.9	Urban
678777.3	7178511.0	85.4	0.1	14.5	Urban
678777.3	7178911.0	92.7	0.0	7.3	Urban
678777.3	7179311.0	92.7	0.0	7.3	Urban
678777.3	7179711.0	55.4	0.0	44.6	Urban
678777.3	7180111.0	65.5	0.0	34.5	Urban
678777.3	7180511.0	79.2	0.0	20.8	Urban
678777.3	7180911.0	66.1	0.0	33.9	Urban
678777.3	7181311.0	58.7	0.0	41.3	Urban
678777.3	7181711.0	77.5	0.0	22.5	Urban
678777.3	7182111.0	86.8	0.0	13.2	Urban
678777.3	7182511.0	95.5	0.0	4.5	Urban
678777.3	7182911.0	89.8	0.0	10.2	Urban
678777.3	7183311.0	92.1	0.0	7.9	Urban
678777.3	7183711.0	97.5	0.0	2.5	Urban
678777.3	7184111.0	98.7	0.0	1.3	Urban
678777.3	7184511.0	99.5	0.0	0.5	Urban
678777.3	7184911.0	94.0	0.0	6.0	Urban
678777.3	7185311.0	94.5	0.0	5.5	Urban
678777.3	7185711.0	90.5	0.0	9.5	Urban
678777.3	7186111.0	84.2	0.0	15.8	Urban
678777.3	7186511.0	62.1	0.0	37.9	Urban
678777.3	7186911.0	28.1	0.0	71.9	Urban
678777.3	7187311.0	35.4	0.0	64.6	Urban
678777.3	7187711.0	96.3	0.0	3.7	Urban
678777.3	7188111.0	92.8	0.0	7.2	Urban
678777.3	7188511.0	90.6	0.0	9.4	Urban
678777.3	7188911.0	70.9	0.0	29.1	Urban
678777.3	7189311.0	35.9	0.0	64.1	Urban
678777.3	7189711.0	28.9	0.0	71.1	Urban
678777.3	7190111.0	68.4	0.0	31.5	Urban
678777.3	7190511.0	73.2	0.0	26.8	Urban
678777.3	7190911.0	60.4	0.0	39.6	Urban
678777.3	7191311.0	78.0	0.0	22.0	Urban
678777.3	7191711.0	92.0	0.0	8.0	Urban
678777.3	7192111.0	74.9	0.0	25.1	Urban
678777.3	7192511.0	58.2	0.0	41.8	Urban
678777.3	7192911.0	38.8	0.0	61.2	Urban
678777.3	7193311.0	91.2	0.0	8.8	Urban
678777.3	7193711.0	9.2	0.0	90.8	Other
678777.3	7194111.0	20.8	0.0	79.2	Urban
678777.3	7194511.0	51.2	0.0	48.8	Urban
678777.3	7194911.0	25.1	0.0	74.9	Urban
678777.3	7195311.0	44.2	0.0	55.8	Urban
678777.3	7195711.0	85.1	0.0	14.9	Urban
678777.3	7196111.0	56.4	0.0	43.6	Urban
678777.3	7196511.0	52.9	0.0	47.1	Urban
678777.3	7196911.0	57.0	0.0	43.0	Urban
678777.3	7197311.0	16.9	0.0	83.1	Other
678777.3	7197711.0	22.1	0.0	77.9	Urban
678777.3	7198111.0	32.8	0.0	67.2	Urban
678777.3	7198511.0	1.8	0.0	98.2	Other
678777.3	7198911.0	50.4	0.0	49.6	Urban
679177.3	7158511.0	0.0	0.0	100.0	Other
679177.3	7158911.0	0.4	1.9	97.6	Other
679177.3	7159311.0	2.6	1.3	96.1	Other
679177.3	7159711.0	4.5	0.3	95.2	Other
679177.3	7160111.0	0.0	0.0	100.0	Other
679177.3	7160511.0	0.2	0.0	99.8	Other
679177.3	7160911.0	11.3	0.0	88.7	Other
679177.3	7161311.0	0.7	0.0	99.3	Other
679177.3	7161711.0	0.1	0.0	99.9	Other
679177.3	7162111.0	0.0	0.0	100.0	Other
679177.3	7162511.0	0.0	0.0	100.0	Other
679177.3	7162911.0	0.0	1.9	98.1	Other
679177.3	7163311.0	0.0	1.9	98.1	Other
679177.3	7163711.0	0.0	0.0	100.0	Other
679177.3	7164111.0	10.7	0.0	89.3	Other
679177.3	7164511.0	1.4	0.0	98.6	Other
679177.3	7164911.0	0.0	0.0	100.0	Other
679177.3	7165311.0	0.0	0.0	100.0	Other
679177.3	7165711.0	0.1	0.0	99.9	Other
679177.3	7166111.0	0.7	0.0	99.3	Other
679177.3	7166511.0	0.3	0.0	99.7	Other
679177.3	7166911.0	4.5	0.0	95.5	Other
679177.3	7167311.0	0.1	6.9	92.9	Other
679177.3	7167711.0	0.0	37.3	62.7	Other
679177.3	7168111.0	4.5	28.9	66.6	Other
679177.3	7168511.0	9.2	8.5	82.4	Other
679177.3	7168911.0	7.2	0.0	92.8	Other
679177.3	7169311.0	18.7	0.0	81.3	Other
679177.3	7169711.0	0.0	0.0	100.0	Other
679177.3	7170111.0	4.0	0.0	96.0	Other
679177.3	7170511.0	42.7	0.0	57.3	Urban
679177.3	7170911.0	32.7	0.0	67.3	Urban
679177.3	7171311.0	28.1	0.0	71.9	Urban
679177.3	7171711.0	52.4	0.0	47.6	Urban
679177.3	7172111.0	46.2	0.0	53.8	Urban
679177.3	7172511.0	8.3	0.0	91.7	Other
679177.3	7172911.0	0.0	0.0	100.0	Other
679177.3	7173311.0	30.6	0.0	69.4	Urban
679177.3	7173711.0	82.3	0.0	17.7	Urban
679177.3	7174111.0	79.3	0.0	20.7	Urban
679177.3	7174511.0	36.4	0.0	63.6	Urban
679177.3	7174911.0	42.6	0.0	57.4	Urban
679177.3	7175311.0	17.2	0.0	82.7	Other
679177.3	7175711.0	0.6	3.3	96.1	Other
679177.3	7176111.0	0.0	29.8	70.2	Other
679177.3	7176511.0	0.7	41.0	58.3	Other
679177.3	7176911.0	7.2	40.3	52.5	Other
679177.3	7177311.0	60.0	15.1	24.9	Urban
679177.3	7177711.0	87.8	1.1	11.2	Urban
679177.3	7178111.0	94.8	0.4	4.8	Urban
679177.3	7178511.0	96.8	0.0	3.2	Urban
679177.3	7178911.0	88.1	0.0	11.9	Urban
679177.3	7179311.0	75.7	0.0	24.3	Urban
679177.3	7179711.0	81.9	0.0	18.1	Urban
679177.3	7180111.0	56.0	0.0	44.0	Urban
679177.3	7180511.0	74.2	0.0	25.8	Urban
679177.3	7180911.0	64.1	0.0	35.9	Urban
679177.3	7181311.0	92.6	0.0	7.4	Urban
679177.3	7181711.0	94.6	0.0	5.4	Urban
679177.3	7182111.0	93.4	0.0	6.6	Urban
679177.3	7182511.0	98.0	0.0	2.0	Urban
679177.3	7182911.0	95.5	0.0	4.5	Urban
679177.3	7183311.0	98.7	0.0	1.3	Urban
679177.3	7183711.0	98.2	0.0	1.8	Urban
679177.3	7184111.0	96.2	0.0	3.8	Urban
679177.3	7184511.0	86.8	0.0	13.2	Urban
679177.3	7184911.0	91.0	0.0	9.0	Urban
679177.3	7185311.0	93.5	0.0	6.5	Urban
679177.3	7185711.0	66.4	0.0	33.6	Urban
679177.3	7186111.0	64.9	0.0	35.1	Urban
679177.3	7186511.0	42.8	0.7	56.5	Urban
679177.3	7186911.0	40.9	0.0	59.1	Urban
679177.3	7187311.0	42.5	0.0	57.5	Urban
679177.3	7187711.0	75.5	0.0	24.5	Urban
679177.3	7188111.0	70.1	0.1	29.8	Urban
679177.3	7188511.0	54.1	0.0	45.9	Urban
679177.3	7188911.0	66.8	0.0	33.2	Urban
679177.3	7189311.0	58.0	0.0	42.0	Urban
679177.3	7189711.0	60.6	0.0	39.4	Urban
679177.3	7190111.0	70.5	0.0	29.5	Urban
679177.3	7190511.0	94.5	0.0	5.5	Urban
679177.3	7190911.0	82.6	0.0	17.4	Urban
679177.3	7191311.0	94.4	0.0	5.6	Urban
679177.3	7191711.0	69.0	0.0	31.0	Urban
679177.3	7192111.0	44.5	0.0	55.5	Urban
679177.3	7192511.0	60.8	0.0	39.2	Urban
679177.3	7192911.0	44.3	0.0	55.7	Urban
679177.3	7193311.0	68.1	0.0	31.9	Urban
679177.3	7193711.0	38.5	0.0	61.5	Urban
679177.3	7194111.0	68.5	0.0	31.5	Urban
679177.3	7194511.0	92.0	0.0	8.0	Urban
679177.3	7194911.0	86.6	0.0	13.4	Urban
679177.3	7195311.0	74.1	0.0	25.9	Urban
679177.3	7195711.0	49.7	0.0	50.3	Urban
679177.3	7196111.0	42.2	0.0	57.8	Urban
679177.3	7196511.0	69.5	0.0	30.5	Urban
679177.3	7196911.0	95.6	0.0	4.4	Urban
679177.3	7197311.0	48.0	0.0	52.0	Urban
679177.3	7197711.0	35.4	0.0	64.6	Urban
679177.3	7198111.0	48.7	0.0	51.3	Urban
679177.3	7198511.0	46.5	0.0	53.5	Urban
679177.3	7198911.0	43.6	0.0	56.4	Urban
679577.3	7158511.0	0.0	0.0	100.0	Other
679577.3	7158911.0	0.0	7.0	93.0	Other
679577.3	7159311.0	0.6	5.1	94.3	Other
679577.3	7159711.0	0.1	0.0	99.9	Other
679577.3	7160111.0	0.0	0.0	100.0	Other
679577.3	7160511.0	0.0	0.0	100.0	Other
679577.3	7160911.0	0.0	0.0	100.0	Other
679577.3	7161311.0	5.7	0.0	94.3	Other
679577.3	7161711.0	2.9	0.0	97.1	Other
679577.3	7162111.0	2.9	0.1	97.0	Other
679577.3	7162511.0	6.3	9.3	84.4	Other
679577.3	7162911.0	6.8	0.4	92.8	Other
679577.3	7163311.0	3.0	0.2	96.7	Other
679577.3	7163711.0	0.2	0.1	99.7	Other
679577.3	7164111.0	2.4	0.0	97.6	Other
679577.3	7164511.0	0.8	0.0	99.2	Other
679577.3	7164911.0	0.0	0.0	100.0	Other
679577.3	7165311.0	1.5	0.0	98.5	Other
679577.3	7165711.0	0.0	0.0	100.0	Other
679577.3	7166111.0	5.6	0.0	94.4	Other
679577.3	7166511.0	2.0	0.0	98.0	Other
679577.3	7166911.0	1.2	0.0	98.8	Other
679577.3	7167311.0	0.0	17.2	82.8	Other
679577.3	7167711.0	0.0	8.9	91.1	Other
679577.3	7168111.0	0.0	2.6	97.4	Other
679577.3	7168511.0	0.0	0.0	100.0	Other
679577.3	7168911.0	0.1	0.0	99.9	Other
679577.3	7169311.0	16.6	0.0	83.4	Other
679577.3	7169711.0	0.8	0.9	98.3	Other
679577.3	7170111.0	0.1	0.0	99.9	Other
679577.3	7170511.0	20.0	0.0	80.0	Urban
679577.3	7170911.0	13.0	0.0	87.0	Other
679577.3	7171311.0	81.1	0.0	18.9	Urban
679577.3	7171711.0	58.9	0.0	41.1	Urban
679577.3	7172111.0	69.8	0.0	30.2	Urban
679577.3	7172511.0	7.7	0.0	92.3	Other
679577.3	7172911.0	7.2	0.0	92.8	Other
679577.3	7173311.0	47.2	0.0	52.8	Urban
679577.3	7173711.0	45.0	0.0	55.0	Urban
679577.3	7174111.0	38.6	0.0	61.4	Urban
679577.3	7174511.0	68.5	0.0	31.5	Urban
679577.3	7174911.0	93.1	0.0	6.9	Urban
679577.3	7175311.0	80.6	0.0	19.4	Urban
679577.3	7175711.0	58.4	12.5	29.2	Urban
679577.3	7176111.0	9.1	10.9	80.0	Other
679577.3	7176511.0	16.0	0.4	83.6	Other
679577.3	7176911.0	41.6	7.0	51.4	Urban
679577.3	7177311.0	0.5	16.9	82.6	Other
679577.3	7177711.0	21.4	6.2	72.3	Urban
679577.3	7178111.0	86.0	0.1	13.8	Urban
679577.3	7178511.0	79.3	0.0	20.7	Urban
679577.3	7178911.0	70.1	0.0	29.9	Urban
679577.3	7179311.0	77.8	0.0	22.2	Urban
679577.3	7179711.0	83.7	0.0	16.3	Urban
679577.3	7180111.0	65.9	0.0	34.1	Urban
679577.3	7180511.0	54.0	0.0	46.0	Urban
679577.3	7180911.0	79.8	0.0	20.2	Urban
679577.3	7181311.0	60.2	0.0	39.8	Urban
679577.3	7181711.0	90.6	0.0	9.4	Urban
679577.3	7182111.0	91.7	0.0	8.3	Urban
679577.3	7182511.0	96.4	0.0	3.6	Urban
679577.3	7182911.0	99.6	0.0	0.4	Urban
679577.3	7183311.0	98.4	0.0	1.6	Urban
679577.3	7183711.0	99.1	0.0	0.9	Urban
679577.3	7184111.0	89.4	0.0	10.6	Urban
679577.3	7184511.0	90.3	0.0	9.7	Urban
679577.3	7184911.0	86.3	0.0	13.7	Urban
679577.3	7185311.0	99.5	0.0	0.5	Urban
679577.3	7185711.0	98.7	0.0	1.3	Urban
679577.3	7186111.0	82.6	0.0	17.4	Urban
679577.3	7186511.0	75.6	0.0	24.4	Urban
679577.3	7186911.0	64.1	0.0	35.9	Urban
679577.3	7187311.0	35.0	0.0	65.0	Urban
679577.3	7187711.0	77.4	0.0	22.6	Urban
679577.3	7188111.0	68.1	0.0	31.9	Urban
679577.3	7188511.0	61.7	0.0	38.3	Urban
679577.3	7188911.0	45.3	0.0	54.7	Urban
679577.3	7189311.0	59.4	0.0	40.6	Urban
679577.3	7189711.0	71.0	0.0	29.0	Urban
679577.3	7190111.0	92.4	0.0	7.6	Urban
679577.3	7190511.0	83.3	0.0	16.7	Urban
679577.3	7190911.0	62.7	0.0	37.3	Urban
679577.3	7191311.0	91.3	0.0	8.7	Urban
679577.3	7191711.0	75.9	0.0	24.1	Urban
679577.3	7192111.0	27.0	0.0	73.0	Urban
679577.3	7192511.0	71.8	0.0	28.2	Urban
679577.3	7192911.0	72.9	0.0	27.1	Urban
679577.3	7193311.0	56.1	0.0	43.9	Urban
679577.3	7193711.0	65.0	0.0	35.0	Urban
679577.3	7194111.0	25.3	0.0	74.7	Urban
679577.3	7194511.0	60.4	0.0	39.6	Urban
679577.3	7194911.0	99.2	0.0	0.8	Urban
679577.3	7195311.0	98.3	0.0	1.7	Urban
679577.3	7195711.0	84.4	0.0	15.6	Urban
679577.3	7196111.0	15.0	0.0	85.0	Other
679577.3	7196511.0	21.9	0.0	78.1	Urban
679577.3	7196911.0	18.3	0.0	81.7	Other
679577.3	7197311.0	16.9	11.2	72.0	Other
679577.3	7197711.0	4.6	4.2	91.2	Other
679577.3	7198111.0	10.5	0.0	89.5	Other
679577.3	7198511.0	8.3	0.0	91.7	Other
679577.3	7198911.0	9.6	0.0	90.4	Other
679977.3	7158511.0	0.0	0.0	100.0	Other
679977.3	7158911.0	0.3	0.0	99.7	Other
679977.3	7159311.0	1.4	0.0	98.6	Other
679977.3	7159711.0	0.0	0.1	99.9	Other
679977.3	7160111.0	0.2	0.0	99.8	Other
679977.3	7160511.0	0.6	0.0	99.4	Other
679977.3	7160911.0	0.0	0.0	100.0	Other
679977.3	7161311.0	0.1	0.0	99.9	Other
679977.3	7161711.0	0.0	0.0	100.0	Other
679977.3	7162111.0	0.1	0.0	99.9	Other
679977.3	7162511.0	0.0	0.0	100.0	Other
679977.3	7162911.0	2.0	0.0	98.0	Other
679977.3	7163311.0	0.0	0.0	100.0	Other
679977.3	7163711.0	0.7	0.0	99.2	Other
679977.3	7164111.0	0.1	0.0	99.9	Other
679977.3	7164511.0	0.9	0.0	99.1	Other
679977.3	7164911.0	1.2	0.0	98.8	Other
679977.3	7165311.0	0.0	0.0	100.0	Other
679977.3	7165711.0	4.4	0.0	95.6	Other
679977.3	7166111.0	7.7	0.0	92.3	Other
679977.3	7166511.0	1.3	0.0	98.7	Other
679977.3	7166911.0	1.5	0.0	98.5	Other
679977.3	7167311.0	7.7	6.9	85.4	Other
679977.3	7167711.0	0.0	15.5	84.5	Other
679977.3	7168111.0	0.0	0.2	99.8	Other
679977.3	7168511.0	0.0	0.0	100.0	Other
679977.3	7168911.0	0.0	0.0	100.0	Other
679977.3	7169311.0	5.0	0.0	95.0	Other
679977.3	7169711.0	0.6	0.0	99.4	Other
679977.3	7170111.0	0.1	0.0	99.9	Other
679977.3	7170511.0	12.5	0.0	87.5	Other
679977.3	7170911.0	60.5	0.0	39.5	Urban
679977.3	7171311.0	74.8	0.0	25.2	Urban
679977.3	7171711.0	72.4	0.0	27.6	Urban
679977.3	7172111.0	78.3	0.0	21.7	Urban
679977.3	7172511.0	61.8	0.0	38.2	Urban
679977.3	7172911.0	48.7	0.0	51.3	Urban
679977.3	7173311.0	29.2	0.0	70.8	Urban
679977.3	7173711.0	63.8	0.0	36.2	Urban
679977.3	7174111.0	60.7	0.0	39.3	Urban
679977.3	7174511.0	92.4	0.0	7.6	Urban
679977.3	7174911.0	85.9	0.0	14.1	Urban
679977.3	7175311.0	100.0	0.0	0.0	Urban
679977.3	7175711.0	98.1	0.0	1.9	Urban
679977.3	7176111.0	96.0	0.6	3.5	Urban
679977.3	7176511.0	38.4	3.6	58.0	Urban
679977.3	7176911.0	0.5	1.0	98.5	Other
679977.3	7177311.0	0.0	0.0	100.0	Other
679977.3	7177711.0	1.5	38.8	59.7	Other
679977.3	7178111.0	36.2	18.1	45.6	Urban
679977.3	7178511.0	68.4	0.0	31.6	Urban
679977.3	7178911.0	88.1	0.0	11.9	Urban
679977.3	7179311.0	81.2	0.0	18.8	Urban
679977.3	7179711.0	23.8	0.0	76.2	Urban
679977.3	7180111.0	85.0	0.0	15.0	Urban
679977.3	7180511.0	73.5	0.0	26.5	Urban
679977.3	7180911.0	78.7	0.0	21.3	Urban
679977.3	7181311.0	84.8	0.0	15.2	Urban
679977.3	7181711.0	99.8	0.0	0.2	Urban
679977.3	7182111.0	98.0	0.0	2.0	Urban
679977.3	7182511.0	98.2	0.0	1.8	Urban
679977.3	7182911.0	98.9	0.0	1.1	Urban
679977.3	7183311.0	95.5	0.0	4.5	Urban
679977.3	7183711.0	96.0	0.0	4.0	Urban
679977.3	7184111.0	98.4	0.0	1.6	Urban
679977.3	7184511.0	85.8	0.0	14.2	Urban
679977.3	7184911.0	98.4	0.0	1.6	Urban
679977.3	7185311.0	99.8	0.0	0.2	Urban
679977.3	7185711.0	84.8	0.0	15.2	Urban
679977.3	7186111.0	82.0	0.0	18.0	Urban
679977.3	7186511.0	59.6	0.0	40.4	Urban
679977.3	7186911.0	51.2	0.0	48.8	Urban
679977.3	7187311.0	71.1	0.0	28.9	Urban
679977.3	7187711.0	92.5	0.0	7.5	Urban
679977.3	7188111.0	86.8	0.0	13.2	Urban
679977.3	7188511.0	69.4	0.0	30.6	Urban
679977.3	7188911.0	92.6	0.0	7.4	Urban
679977.3	7189311.0	92.0	0.0	8.0	Urban
679977.3	7189711.0	95.3	0.0	4.7	Urban
679977.3	7190111.0	85.7	0.0	14.3	Urban
679977.3	7190511.0	91.1	0.0	8.9	Urban
679977.3	7190911.0	79.6	0.0	20.4	Urban
679977.3	7191311.0	92.8	0.0	7.2	Urban
679977.3	7191711.0	47.3	0.0	52.7	Urban
679977.3	7192111.0	42.9	0.0	57.1	Urban
679977.3	7192511.0	68.9	0.0	31.1	Urban
679977.3	7192911.0	85.1	0.0	14.9	Urban
679977.3	7193311.0	63.9	0.0	36.1	Urban
679977.3	7193711.0	65.2	0.0	34.8	Urban
679977.3	7194111.0	27.8	0.0	72.2	Urban
679977.3	7194511.0	70.1	0.0	29.9	Urban
679977.3	7194911.0	91.3	0.0	8.7	Urban
679977.3	7195311.0	85.9	0.0	14.1	Urban
679977.3	7195711.0	88.0	0.0	12.0	Urban
679977.3	7196111.0	2.4	0.0	97.6	Other
679977.3	7196511.0	8.9	0.0	91.1	Other
679977.3	7196911.0	18.8	0.0	81.2	Other
679977.3	7197311.0	11.4	1.5	87.1	Other
679977.3	7197711.0	4.4	1.1	94.5	Other
679977.3	7198111.0	11.9	0.0	88.1	Other
679977.3	7198511.0	5.5	0.0	94.5	Other
679977.3	7198911.0	17.3	0.0	82.7	Other
680377.3	7158511.0	0.2	0.0	99.8	Other
680377.3	7158911.0	0.1	0.0	99.9	Other
680377.3	7159311.0	0.7	0.1	99.2	Other
680377.3	7159711.0	0.0	0.0	100.0	Other
680377.3	7160111.0	0.0	0.0	100.0	Other
680377.3	7160511.0	0.0	0.0	100.0	Other
680377.3	7160911.0	0.0	0.0	100.0	Other
680377.3	7161311.0	3.2	0.0	96.8	Other
680377.3	7161711.0	0.0	0.0	100.0	Other
680377.3	7162111.0	0.6	0.0	99.4	Other
680377.3	7162511.0	3.4	0.0	96.6	Other
680377.3	7162911.0	6.4	0.0	93.6	Other
680377.3	7163311.0	4.5	1.5	93.9	Other
680377.3	7163711.0	0.1	0.0	99.9	Other
680377.3	7164111.0	0.3	0.0	99.7	Other
680377.3	7164511.0	4.8	0.0	95.2	Other
680377.3	7164911.0	2.2	0.0	97.8	Other
680377.3	7165311.0	0.0	0.0	100.0	Other
680377.3	7165711.0	0.0	0.0	100.0	Other
680377.3	7166111.0	0.9	0.0	99.1	Other
680377.3	7166511.0	3.5	0.0	96.5	Other
680377.3	7166911.0	5.0	0.0	95.0	Other
680377.3	7167311.0	3.0	0.0	97.0	Other
680377.3	7167711.0	2.3	0.0	97.7	Other
680377.3	7168111.0	1.0	0.0	99.0	Other
680377.3	7168511.0	0.3	0.0	99.7	Other
680377.3	7168911.0	3.8	0.0	96.2	Other
680377.3	7169311.0	2.4	0.0	97.6	Other
680377.3	7169711.0	0.4	0.0	99.6	Other
680377.3	7170111.0	0.0	0.0	100.0	Other
680377.3	7170511.0	24.9	0.0	75.1	Urban
680377.3	7170911.0	72.7	0.0	27.3	Urban
680377.3	7171311.0	48.3	0.0	51.7	Urban
680377.3	7171711.0	63.1	0.0	36.9	Urban
680377.3	7172111.0	46.0	0.0	54.0	Urban
680377.3	7172511.0	69.9	0.0	30.1	Urban
680377.3	7172911.0	65.1	0.0	34.9	Urban
680377.3	7173311.0	72.2	0.0	27.8	Urban
680377.3	7173711.0	90.4	0.0	9.6	Urban
680377.3	7174111.0	93.8	0.0	6.2	Urban
680377.3	7174511.0	93.5	0.0	6.5	Urban
680377.3	7174911.0	83.3	0.0	16.7	Urban
680377.3	7175311.0	94.5	0.0	5.5	Urban
680377.3	7175711.0	97.1	0.0	2.9	Urban
680377.3	7176111.0	97.2	0.0	2.8	Urban
680377.3	7176511.0	76.0	0.0	24.0	Urban
680377.3	7176911.0	14.4	7.7	77.9	Other
680377.3	7177311.0	15.8	19.6	64.6	Other
680377.3	7177711.0	21.9	0.3	77.8	Urban
680377.3	7178111.0	15.7	13.9	70.3	Other
680377.3	7178511.0	30.3	0.0	69.7	Urban
680377.3	7178911.0	74.1	0.0	25.9	Urban
680377.3	7179311.0	87.6	0.0	12.4	Urban
680377.3	7179711.0	91.3	0.0	8.7	Urban
680377.3	7180111.0	96.0	0.0	4.0	Urban
680377.3	7180511.0	87.8	0.0	12.2	Urban
680377.3	7180911.0	59.4	1.1	39.4	Urban
680377.3	7181311.0	52.4	0.0	47.6	Urban
680377.3	7181711.0	77.3	0.0	22.7	Urban
680377.3	7182111.0	98.1	0.0	1.9	Urban
680377.3	7182511.0	96.4	0.0	3.6	Urban
680377.3	7182911.0	99.3	0.0	0.7	Urban
680377.3	7183311.0	94.7	0.0	5.3	Urban
680377.3	7183711.0	98.1	0.0	1.9	Urban
680377.3	7184111.0	100.0	0.0	0.0	Urban
680377.3	7184511.0	94.9	0.0	5.1	Urban
680377.3	7184911.0	90.6	0.0	9.4	Urban
680377.3	7185311.0	81.5	0.0	18.5	Urban
680377.3	7185711.0	78.8	0.0	21.2	Urban
680377.3	7186111.0	58.2	0.0	41.8	Urban
680377.3	7186511.0	77.0	0.0	23.0	Urban
680377.3	7186911.0	93.4	0.0	6.6	Urban
680377.3	7187311.0	93.8	0.0	6.2	Urban
680377.3	7187711.0	93.3	0.0	6.7	Urban
680377.3	7188111.0	94.4	0.0	5.6	Urban
680377.3	7188511.0	94.4	0.0	5.6	Urban
680377.3	7188911.0	98.4	0.0	1.6	Urban
680377.3	7189311.0	98.4	0.0	1.6	Urban
680377.3	7189711.0	96.2	0.0	3.8	Urban
680377.3	7190111.0	87.6	0.0	12.4	Urban
680377.3	7190511.0	81.8	0.0	18.2	Urban
680377.3	7190911.0	92.8	0.0	7.2	Urban
680377.3	7191311.0	89.3	0.0	10.7	Urban
680377.3	7191711.0	31.2	1.2	67.5	Urban
680377.3	7192111.0	47.8	0.0	52.2	Urban
680377.3	7192511.0	82.7	0.0	17.3	Urban
680377.3	7192911.0	59.7	0.0	40.3	Urban
680377.3	7193311.0	73.7	0.0	26.3	Urban
680377.3	7193711.0	91.0	0.0	9.0	Urban
680377.3	7194111.0	74.9	0.0	25.1	Urban
680377.3	7194511.0	85.9	0.0	14.1	Urban
680377.3	7194911.0	79.6	0.0	20.4	Urban
680377.3	7195311.0	88.4	0.0	11.6	Urban
680377.3	7195711.0	72.0	0.0	28.0	Urban
680377.3	7196111.0	21.7	0.0	78.3	Urban
680377.3	7196511.0	59.9	0.0	40.1	Urban
680377.3	7196911.0	16.8	0.0	83.2	Other
680377.3	7197311.0	3.7	0.0	96.3	Other
680377.3	7197711.0	0.2	0.0	99.8	Other
680377.3	7198111.0	5.5	0.0	94.5	Other
680377.3	7198511.0	5.4	3.4	91.2	Other
680377.3	7198911.0	4.0	2.6	93.4	Other
680777.3	7158511.0	8.9	0.0	91.1	Other
680777.3	7158911.0	6.7	0.0	93.3	Other
680777.3	7159311.0	0.0	0.0	100.0	Other
680777.3	7159711.0	0.0	0.0	100.0	Other
680777.3	7160111.0	0.0	0.0	100.0	Other
680777.3	7160511.0	0.0	0.0	100.0	Other
680777.3	7160911.0	0.0	0.0	100.0	Other
680777.3	7161311.0	0.9	0.0	99.1	Other
680777.3	7161711.0	0.0	0.0	100.0	Other
680777.3	7162111.0	0.7	0.0	99.3	Other
680777.3	7162511.0	3.2	0.1	96.6	Other
680777.3	7162911.0	13.5	0.2	86.2	Other
680777.3	7163311.0	5.3	0.0	94.7	Other
680777.3	7163711.0	7.8	0.0	92.2	Other
680777.3	7164111.0	0.5	0.0	99.5	Other
680777.3	7164511.0	0.0	0.0	100.0	Other
680777.3	7164911.0	2.1	1.1	96.8	Other
680777.3	7165311.0	0.0	0.0	100.0	Other
680777.3	7165711.0	0.0	0.0	100.0	Other
680777.3	7166111.0	0.3	0.0	99.7	Other
680777.3	7166511.0	2.2	0.0	97.8	Other
680777.3	7166911.0	4.4	0.0	95.6	Other
680777.3	7167311.0	3.7	4.0	92.3	Other
680777.3	7167711.0	0.7	9.2	90.0	Other
680777.3	7168111.0	0.6	0.0	99.4	Other
680777.3	7168511.0	9.7	0.0	90.3	Other
680777.3	7168911.0	4.4	0.0	95.6	Other
680777.3	7169311.0	10.9	0.0	89.1	Other
680777.3	7169711.0	9.7	0.0	90.3	Other
680777.3	7170111.0	4.9	0.0	95.1	Other
680777.3	7170511.0	47.4	0.0	52.6	Urban
680777.3	7170911.0	12.4	0.0	87.6	Other
680777.3	7171311.0	49.3	0.0	50.7	Urban
680777.3	7171711.0	75.6	0.0	24.4	Urban
680777.3	7172111.0	23.3	0.0	76.7	Urban
680777.3	7172511.0	70.0	0.0	30.0	Urban
680777.3	7172911.0	78.4	0.0	21.6	Urban
680777.3	7173311.0	91.4	0.0	8.6	Urban
680777.3	7173711.0	88.8	0.0	11.2	Urban
680777.3	7174111.0	97.7	0.0	2.3	Urban
680777.3	7174511.0	96.5	0.0	3.5	Urban
680777.3	7174911.0	89.3	0.0	10.7	Urban
680777.3	7175311.0	94.0	0.0	6.0	Urban
680777.3	7175711.0	96.5	0.0	3.5	Urban
680777.3	7176111.0	95.4	0.0	4.6	Urban
680777.3	7176511.0	93.5	0.0	6.5	Urban
680777.3	7176911.0	42.2	0.0	57.8	Urban
680777.3	7177311.0	5.8	0.0	94.2	Other
680777.3	7177711.0	0.0	0.0	100.0	Other
680777.3	7178111.0	0.0	0.0	100.0	Other
680777.3	7178511.0	27.8	2.1	70.1	Urban
680777.3	7178911.0	87.8	0.0	12.2	Urban
680777.3	7179311.0	94.1	0.0	5.9	Urban
680777.3	7179711.0	88.9	0.0	11.1	Urban
680777.3	7180111.0	83.7	0.0	16.3	Urban
680777.3	7180511.0	88.5	0.0	11.5	Urban
680777.3	7180911.0	94.3	0.0	5.7	Urban
680777.3	7181311.0	81.4	0.0	18.6	Urban
680777.3	7181711.0	77.5	0.0	22.5	Urban
680777.3	7182111.0	99.5	0.0	0.5	Urban
680777.3	7182511.0	99.0	0.0	1.0	Urban
680777.3	7182911.0	99.8	0.0	0.2	Urban
680777.3	7183311.0	97.0	0.0	3.0	Urban
680777.3	7183711.0	92.1	0.0	7.9	Urban
680777.3	7184111.0	92.1	0.0	7.9	Urban
680777.3	7184511.0	56.5	0.0	43.5	Urban
680777.3	7184911.0	72.4	0.0	27.6	Urban
680777.3	7185311.0	72.2	0.0	27.8	Urban
680777.3	7185711.0	87.7	0.0	12.3	Urban
680777.3	7186111.0	66.0	0.0	34.0	Urban
680777.3	7186511.0	90.1	0.0	9.9	Urban
680777.3	7186911.0	92.9	0.0	7.1	Urban
680777.3	7187311.0	91.2	0.0	8.8	Urban
680777.3	7187711.0	99.2	0.0	0.8	Urban
680777.3	7188111.0	97.2	0.0	2.8	Urban
680777.3	7188511.0	98.2	0.0	1.8	Urban
680777.3	7188911.0	97.5	0.0	2.5	Urban
680777.3	7189311.0	98.9	0.0	1.1	Urban
680777.3	7189711.0	98.5	0.0	1.5	Urban
680777.3	7190111.0	97.7	0.0	2.3	Urban
680777.3	7190511.0	92.7	0.0	7.3	Urban
680777.3	7190911.0	93.2	0.0	6.8	Urban
680777.3	7191311.0	46.9	0.0	53.1	Urban
680777.3	7191711.0	14.5	0.0	85.5	Other
680777.3	7192111.0	31.9	0.0	68.1	Urban
680777.3	7192511.0	78.3	0.0	21.7	Urban
680777.3	7192911.0	74.8	0.0	25.2	Urban
680777.3	7193311.0	97.0	0.0	3.0	Urban
680777.3	7193711.0	80.0	0.0	20.0	Urban
680777.3	7194111.0	47.2	0.0	52.8	Urban
680777.3	7194511.0	95.8	0.0	4.2	Urban
680777.3	7194911.0	76.7	0.0	23.3	Urban
680777.3	7195311.0	71.8	0.0	28.2	Urban
680777.3	7195711.0	74.0	0.0	26.0	Urban
680777.3	7196111.0	2.3	0.0	97.7	Other
680777.3	7196511.0	8.9	0.0	91.1	Other
680777.3	7196911.0	0.8	0.0	99.2	Other
680777.3	7197311.0	0.1	0.0	99.9	Other
680777.3	7197711.0	0.3	0.0	99.7	Other
680777.3	7198111.0	1.8	9.9	88.4	Other
680777.3	7198511.0	0.0	8.9	91.1	Other
680777.3	7198911.0	0.0	0.0	100.0	Other
681177.3	7158511.0	0.6	0.0	99.4	Other
681177.3	7158911.0	0.6	0.0	99.4	Other
681177.3	7159311.0	2.4	0.0	97.6	Other
681177.3	7159711.0	0.0	0.0	100.0	Other
681177.3	7160111.0	0.0	0.0	100.0	Other
681177.3	7160511.0	0.0	0.5	99.5	Other
681177.3	7160911.0	3.8	0.0	96.2	Other
681177.3	7161311.0	0.0	0.0	100.0	Other
681177.3	7161711.0	0.0	0.0	100.0	Other
681177.3	7162111.0	0.6	0.0	99.4	Other
681177.3	7162511.0	4.5	0.0	95.5	Other
681177.3	7162911.0	0.6	4.0	95.4	Other
681177.3	7163311.0	0.0	0.1	99.9	Other
681177.3	7163711.0	4.4	0.0	95.6	Other
681177.3	7164111.0	1.4	0.0	98.6	Other
681177.3	7164511.0	0.1	0.0	99.9	Other
681177.3	7164911.0	3.4	0.0	96.6	Other
681177.3	7165311.0	0.0	1.4	98.6	Other
681177.3	7165711.0	0.3	0.0	99.7	Other
681177.3	7166111.0	0.7	0.0	99.3	Other
681177.3	7166511.0	0.0	0.0	100.0	Other
681177.3	7166911.0	0.9	0.0	99.1	Other
681177.3	7167311.0	1.5	2.2	96.3	Other
681177.3	7167711.0	0.0	0.0	100.0	Other
681177.3	7168111.0	0.0	0.0	100.0	Other
681177.3	7168511.0	0.0	0.0	100.0	Other
681177.3	7168911.0	2.7	0.0	97.3	Other
681177.3	7169311.0	0.6	0.0	99.4	Other
681177.3	7169711.0	0.1	0.0	99.9	Other
681177.3	7170111.0	0.6	0.0	99.4	Other
681177.3	7170511.0	54.1	0.0	45.9	Urban
681177.3	7170911.0	53.7	0.0	46.3	Urban
681177.3	7171311.0	99.3	0.0	0.7	Urban
681177.3	7171711.0	61.3	0.0	38.7	Urban
681177.3	7172111.0	55.3	0.0	44.7	Urban
681177.3	7172511.0	89.1	0.0	10.9	Urban
681177.3	7172911.0	82.6	0.0	17.4	Urban
681177.3	7173311.0	96.7	0.0	3.3	Urban
681177.3	7173711.0	96.4	0.0	3.6	Urban
681177.3	7174111.0	99.1	0.0	0.9	Urban
681177.3	7174511.0	95.8	0.0	4.2	Urban
681177.3	7174911.0	96.9	0.0	3.1	Urban
681177.3	7175311.0	75.7	0.0	24.3	Urban
681177.3	7175711.0	92.0	0.0	8.0	Urban
681177.3	7176111.0	91.9	0.0	8.1	Urban
681177.3	7176511.0	54.7	0.0	45.3	Urban
681177.3	7176911.0	72.2	0.0	27.8	Urban
681177.3	7177311.0	20.0	0.0	80.0	Urban
681177.3	7177711.0	0.0	0.0	100.0	Other
681177.3	7178111.0	0.0	0.0	100.0	Other
681177.3	7178511.0	0.0	0.0	100.0	Other
681177.3	7178911.0	2.1	17.0	80.8	Other
681177.3	7179311.0	28.7	1.2	70.0	Urban
681177.3	7179711.0	75.6	0.0	24.4	Urban
681177.3	7180111.0	90.6	0.0	9.4	Urban
681177.3	7180511.0	96.9	0.0	3.1	Urban
681177.3	7180911.0	93.7	0.0	6.3	Urban
681177.3	7181311.0	91.1	0.0	8.9	Urban
681177.3	7181711.0	86.9	0.0	13.1	Urban
681177.3	7182111.0	95.7	0.0	4.3	Urban
681177.3	7182511.0	98.8	0.0	1.2	Urban
681177.3	7182911.0	90.8	0.0	9.2	Urban
681177.3	7183311.0	96.8	0.0	3.2	Urban
681177.3	7183711.0	59.2	0.0	40.8	Urban
681177.3	7184111.0	48.1	0.0	51.9	Urban
681177.3	7184511.0	52.9	0.0	47.1	Urban
681177.3	7184911.0	92.8	0.0	7.2	Urban
681177.3	7185311.0	99.3	0.0	0.7	Urban
681177.3	7185711.0	94.9	0.0	5.1	Urban
681177.3	7186111.0	87.6	0.0	12.4	Urban
681177.3	7186511.0	84.7	0.0	15.3	Urban
681177.3	7186911.0	86.5	0.0	13.5	Urban
681177.3	7187311.0	72.5	0.0	27.5	Urban
681177.3	7187711.0	76.9	0.0	23.1	Urban
681177.3	7188111.0	78.3	0.0	21.7	Urban
681177.3	7188511.0	90.2	0.0	9.8	Urban
681177.3	7188911.0	95.3	0.0	4.7	Urban
681177.3	7189311.0	97.0	0.0	3.0	Urban
681177.3	7189711.0	94.7	0.0	5.3	Urban
681177.3	7190111.0	88.9	0.0	11.1	Urban
681177.3	7190511.0	81.5	0.0	18.5	Urban
681177.3	7190911.0	90.1	0.0	9.9	Urban
681177.3	7191311.0	88.5	0.0	11.5	Urban
681177.3	7191711.0	29.4	0.0	70.6	Urban
681177.3	7192111.0	51.1	0.0	48.9	Urban
681177.3	7192511.0	99.6	0.0	0.4	Urban
681177.3	7192911.0	95.6	0.0	4.4	Urban
681177.3	7193311.0	92.2	0.0	7.8	Urban
681177.3	7193711.0	94.7	0.0	5.3	Urban
681177.3	7194111.0	76.8	0.0	23.2	Urban
681177.3	7194511.0	38.5	0.0	61.5	Urban
681177.3	7194911.0	85.8	0.0	14.2	Urban
681177.3	7195311.0	78.7	0.0	21.3	Urban
681177.3	7195711.0	61.5	0.0	38.5	Urban
681177.3	7196111.0	26.1	0.0	73.9	Urban
681177.3	7196511.0	1.4	0.0	98.6	Other
681177.3	7196911.0	0.0	0.0	100.0	Other
681177.3	7197311.0	0.0	0.0	100.0	Other
681177.3	7197711.0	0.0	0.0	100.0	Other
681177.3	7198111.0	1.8	0.0	98.2	Other
681177.3	7198511.0	0.2	0.0	99.8	Other
681177.3	7198911.0	0.0	0.0	100.0	Other
681577.3	7158511.0	0.0	0.0	100.0	Other
681577.3	7158911.0	1.1	0.0	98.9	Other
681577.3	7159311.0	0.1	0.0	99.9	Other
681577.3	7159711.0	0.2	0.0	99.8	Other
681577.3	7160111.0	0.0	0.0	100.0	Other
681577.3	7160511.0	0.0	0.0	100.0	Other
681577.3	7160911.0	0.1	0.0	99.9	Other
681577.3	7161311.0	0.0	0.0	100.0	Other
681577.3	7161711.0	0.0	0.0	100.0	Other
681577.3	7162111.0	2.3	0.0	97.7	Other
681577.3	7162511.0	12.1	5.0	82.9	Other
681577.3	7162911.0	7.3	0.7	92.0	Other
681577.3	7163311.0	2.9	0.0	97.1	Other
681577.3	7163711.0	2.3	0.5	97.2	Other
681577.3	7164111.0	4.6	0.0	95.4	Other
681577.3	7164511.0	4.3	0.0	95.7	Other
681577.3	7164911.0	0.2	0.0	99.8	Other
681577.3	7165311.0	0.5	0.0	99.5	Other
681577.3	7165711.0	0.1	0.1	99.8	Other
681577.3	7166111.0	0.2	0.6	99.2	Other
681577.3	7166511.0	0.4	8.5	91.1	Other
681577.3	7166911.0	1.8	3.0	95.3	Other
681577.3	7167311.0	0.0	9.2	90.8	Other
681577.3	7167711.0	0.0	0.2	99.8	Other
681577.3	7168111.0	4.6	0.0	95.3	Other
681577.3	7168511.0	0.0	0.0	100.0	Other
681577.3	7168911.0	0.0	0.0	100.0	Other
681577.3	7169311.0	1.8	0.0	98.2	Other
681577.3	7169711.0	2.2	0.0	97.8	Other
681577.3	7170111.0	5.8	0.0	94.2	Other
681577.3	7170511.0	40.6	0.0	59.4	Urban
681577.3	7170911.0	64.9	0.0	35.1	Urban
681577.3	7171311.0	43.4	0.0	56.6	Urban
681577.3	7171711.0	9.5	0.0	90.5	Other
681577.3	7172111.0	33.5	0.0	66.5	Urban
681577.3	7172511.0	90.0	0.0	10.0	Urban
681577.3	7172911.0	85.0	0.0	15.0	Urban
681577.3	7173311.0	85.7	0.0	14.3	Urban
681577.3	7173711.0	95.8	0.0	4.2	Urban
681577.3	7174111.0	95.5	0.0	4.5	Urban
681577.3	7174511.0	79.6	0.0	20.4	Urban
681577.3	7174911.0	85.7	0.0	14.3	Urban
681577.3	7175311.0	65.2	0.0	34.8	Urban
681577.3	7175711.0	80.1	0.0	19.9	Urban
681577.3	7176111.0	98.6	0.0	1.4	Urban
681577.3	7176511.0	81.9	0.0	18.1	Urban
681577.3	7176911.0	77.4	0.0	22.6	Urban
681577.3	7177311.0	96.1	0.0	3.9	Urban
681577.3	7177711.0	35.7	0.0	64.3	Urban
681577.3	7178111.0	8.1	0.0	91.9	Other
681577.3	7178511.0	3.3	0.0	96.7	Other
681577.3	7178911.0	0.0	0.0	100.0	Other
681577.3	7179311.0	0.0	1.0	99.0	Other
681577.3	7179711.0	3.9	0.0	96.1	Other
681577.3	7180111.0	65.1	0.0	34.9	Urban
681577.3	7180511.0	60.0	0.0	40.0	Urban
681577.3	7180911.0	79.4	0.0	20.6	Urban
681577.3	7181311.0	98.5	0.0	1.5	Urban
681577.3	7181711.0	100.0	0.0	0.0	Urban
681577.3	7182111.0	100.0	0.0	0.0	Urban
681577.3	7182511.0	91.8	0.0	8.2	Urban
681577.3	7182911.0	74.9	0.1	25.0	Urban
681577.3	7183311.0	48.1	0.5	51.4	Urban
681577.3	7183711.0	36.5	0.3	63.2	Urban
681577.3	7184111.0	54.3	0.0	45.7	Urban
681577.3	7184511.0	62.7	0.0	37.3	Urban
681577.3	7184911.0	46.0	0.0	54.0	Urban
681577.3	7185311.0	93.6	0.0	6.4	Urban
681577.3	7185711.0	85.9	0.0	14.1	Urban
681577.3	7186111.0	86.8	0.0	13.2	Urban
681577.3	7186511.0	76.9	0.0	23.1	Urban
681577.3	7186911.0	89.0	0.0	11.0	Urban
681577.3	7187311.0	83.1	0.0	16.9	Urban
681577.3	7187711.0	80.7	0.0	19.3	Urban
681577.3	7188111.0	85.5	0.0	14.5	Urban
681577.3	7188511.0	35.0	0.0	65.0	Urban
681577.3	7188911.0	65.7	0.0	34.3	Urban
681577.3	7189311.0	90.1	0.0	9.9	Urban
681577.3	7189711.0	47.9	0.0	52.1	Urban
681577.3	7190111.0	31.3	0.0	68.7	Urban
681577.3	7190511.0	53.1	0.0	46.9	Urban
681577.3	7190911.0	62.5	0.0	37.5	Urban
681577.3	7191311.0	90.9	0.0	9.1	Urban
681577.3	7191711.0	88.2	0.0	11.8	Urban
681577.3	7192111.0	86.7	0.0	13.3	Urban
681577.3	7192511.0	96.9	0.0	3.1	Urban
681577.3	7192911.0	97.2	0.0	2.8	Urban
681577.3	7193311.0	88.1	0.0	11.9	Urban
681577.3	7193711.0	96.5	0.0	3.5	Urban
681577.3	7194111.0	83.6	0.0	16.4	Urban
681577.3	7194511.0	46.8	0.0	53.2	Urban
681577.3	7194911.0	89.5	0.0	10.5	Urban
681577.3	7195311.0	86.8	0.0	13.2	Urban
681577.3	7195711.0	78.0	0.0	22.0	Urban
681577.3	7196111.0	21.9	0.0	78.1	Urban
681577.3	7196511.0	6.7	0.0	93.3	Other
681577.3	7196911.0	3.1	0.0	96.9	Other
681577.3	7197311.0	0.6	0.0	99.4	Other
681577.3	7197711.0	0.6	0.0	99.4	Other
681577.3	7198111.0	7.2	0.0	92.8	Other
681577.3	7198511.0	13.6	0.0	86.4	Other
681577.3	7198911.0	3.8	0.0	96.2	Other
681977.3	7158511.0	0.1	0.0	99.9	Other
681977.3	7158911.0	0.3	0.0	99.7	Other
681977.3	7159311.0	1.0	0.0	99.0	Other
681977.3	7159711.0	0.0	0.0	100.0	Other
681977.3	7160111.0	0.2	0.0	99.8	Other
681977.3	7160511.0	0.1	0.0	99.9	Other
681977.3	7160911.0	10.4	0.8	88.8	Other
681977.3	7161311.0	38.1	0.0	61.9	Urban
681977.3	7161711.0	65.0	0.0	35.0	Urban
681977.3	7162111.0	28.2	0.0	71.8	Urban
681977.3	7162511.0	13.3	0.0	86.7	Other
681977.3	7162911.0	1.9	0.0	98.1	Other
681977.3	7163311.0	0.8	0.2	99.0	Other
681977.3	7163711.0	0.4	0.0	99.6	Other
681977.3	7164111.0	16.0	0.0	84.0	Other
681977.3	7164511.0	2.6	0.0	97.4	Other
681977.3	7164911.0	0.0	0.0	100.0	Other
681977.3	7165311.0	0.0	1.2	98.8	Other
681977.3	7165711.0	0.1	9.8	90.0	Other
681977.3	7166111.0	0.0	12.9	87.1	Other
681977.3	7166511.0	0.0	67.7	32.3	Water
681977.3	7166911.0	0.4	9.4	90.1	Other
681977.3	7167311.0	0.0	2.7	97.3	Other
681977.3	7167711.0	0.1	0.0	99.9	Other
681977.3	7168111.0	5.7	0.0	94.3	Other
681977.3	7168511.0	0.7	0.0	99.3	Other
681977.3	7168911.0	2.2	0.0	97.8	Other
681977.3	7169311.0	1.2	0.0	98.8	Other
681977.3	7169711.0	0.9	0.0	99.1	Other
681977.3	7170111.0	7.4	0.0	92.6	Other
681977.3	7170511.0	25.0	0.0	75.0	Urban
681977.3	7170911.0	28.2	0.0	71.8	Urban
681977.3	7171311.0	66.7	0.0	33.3	Urban
681977.3	7171711.0	57.5	0.0	42.5	Urban
681977.3	7172111.0	67.5	0.0	32.5	Urban
681977.3	7172511.0	64.1	0.0	35.9	Urban
681977.3	7172911.0	83.0	0.0	17.0	Urban
681977.3	7173311.0	73.5	0.0	26.5	Urban
681977.3	7173711.0	91.9	0.0	8.1	Urban
681977.3	7174111.0	86.0	0.0	14.0	Urban
681977.3	7174511.0	67.5	0.2	32.3	Urban
681977.3	7174911.0	78.7	0.0	21.3	Urban
681977.3	7175311.0	65.0	0.0	35.0	Urban
681977.3	7175711.0	87.8	0.0	12.2	Urban
681977.3	7176111.0	93.3	0.0	6.7	Urban
681977.3	7176511.0	80.6	0.0	19.4	Urban
681977.3	7176911.0	90.0	0.0	10.0	Urban
681977.3	7177311.0	93.9	0.0	6.1	Urban
681977.3	7177711.0	80.1	0.0	19.9	Urban
681977.3	7178111.0	27.5	0.0	72.5	Urban
681977.3	7178511.0	48.3	0.0	51.7	Urban
681977.3	7178911.0	29.8	0.1	70.1	Urban
681977.3	7179311.0	12.9	9.9	77.2	Other
681977.3	7179711.0	17.4	0.0	82.6	Other
681977.3	7180111.0	56.8	0.0	43.2	Urban
681977.3	7180511.0	1.8	1.0	97.2	Other
681977.3	7180911.0	10.9	0.0	89.1	Other
681977.3	7181311.0	82.2	0.0	17.8	Urban
681977.3	7181711.0	94.5	0.0	5.5	Urban
681977.3	7182111.0	77.5	0.0	22.5	Urban
681977.3	7182511.0	76.6	0.0	23.4	Urban
681977.3	7182911.0	86.0	0.0	14.0	Urban
681977.3	7183311.0	93.8	0.0	6.2	Urban
681977.3	7183711.0	96.6	0.0	3.4	Urban
681977.3	7184111.0	90.7	0.0	9.3	Urban
681977.3	7184511.0	71.1	0.0	28.9	Urban
681977.3	7184911.0	72.8	0.0	27.2	Urban
681977.3	7185311.0	93.6	0.0	6.4	Urban
681977.3	7185711.0	81.2	0.0	18.8	Urban
681977.3	7186111.0	94.0	0.0	6.0	Urban
681977.3	7186511.0	95.1	0.0	4.9	Urban
681977.3	7186911.0	91.9	0.0	8.1	Urban
681977.3	7187311.0	96.9	0.0	3.1	Urban
681977.3	7187711.0	88.8	0.0	11.2	Urban
681977.3	7188111.0	72.1	0.0	27.9	Urban
681977.3	7188511.0	18.8	0.0	81.2	Other
681977.3	7188911.0	70.1	0.0	29.9	Urban
681977.3	7189311.0	98.4	0.0	1.6	Urban
681977.3	7189711.0	77.3	0.0	22.7	Urban
681977.3	7190111.0	94.9	0.0	5.1	Urban
681977.3	7190511.0	89.4	0.0	10.6	Urban
681977.3	7190911.0	93.9	0.0	6.1	Urban
681977.3	7191311.0	91.8	0.0	8.2	Urban
681977.3	7191711.0	100.0	0.0	0.0	Urban
681977.3	7192111.0	100.0	0.0	0.0	Urban
681977.3	7192511.0	98.5	0.0	1.5	Urban
681977.3	7192911.0	83.1	0.0	16.9	Urban
681977.3	7193311.0	88.8	0.0	11.2	Urban
681977.3	7193711.0	91.6	0.0	8.4	Urban
681977.3	7194111.0	99.6	0.0	0.4	Urban
681977.3	7194511.0	99.5	0.0	0.5	Urban
681977.3	7194911.0	99.4	0.0	0.6	Urban
681977.3	7195311.0	98.7	0.0	1.3	Urban
681977.3	7195711.0	91.8	0.0	8.2	Urban
681977.3	7196111.0	73.1	0.0	26.9	Urban
681977.3	7196511.0	21.3	0.0	78.7	Urban
681977.3	7196911.0	0.7	0.0	99.3	Other
681977.3	7197311.0	4.5	0.0	95.5	Other
681977.3	7197711.0	9.8	0.0	90.2	Other
681977.3	7198111.0	5.0	0.0	95.0	Other
681977.3	7198511.0	0.0	0.0	100.0	Other
681977.3	7198911.0	0.2	0.0	99.8	Other
682377.3	7158511.0	0.2	0.0	99.8	Other
682377.3	7158911.0	0.0	0.0	100.0	Other
682377.3	7159311.0	5.0	0.0	95.0	Other
682377.3	7159711.0	25.3	0.0	74.7	Urban
682377.3	7160111.0	10.9	0.0	89.0	Other
682377.3	7160511.0	2.3	1.0	96.7	Other
682377.3	7160911.0	0.5	1.2	98.3	Other
682377.3	7161311.0	15.3	0.0	84.6	Other
682377.3	7161711.0	76.3	0.0	23.7	Urban
682377.3	7162111.0	11.5	0.0	88.5	Other
682377.3	7162511.0	2.5	0.0	97.5	Other
682377.3	7162911.0	40.8	0.0	59.2	Urban
682377.3	7163311.0	5.9	0.0	94.1	Other
682377.3	7163711.0	4.1	0.0	95.9	Other
682377.3	7164111.0	5.1	0.0	94.9	Other
682377.3	7164511.0	4.5	0.0	95.5	Other
682377.3	7164911.0	0.0	0.0	100.0	Other
682377.3	7165311.0	1.1	3.1	95.8	Other
682377.3	7165711.0	0.0	48.0	52.0	Other
682377.3	7166111.0	0.0	23.8	76.2	Other
682377.3	7166511.0	0.0	14.7	85.3	Other
682377.3	7166911.0	0.0	8.3	91.7	Other
682377.3	7167311.0	0.0	57.6	42.4	Water
682377.3	7167711.0	0.0	5.6	94.4	Other
682377.3	7168111.0	1.0	0.0	99.0	Other
682377.3	7168511.0	13.9	0.0	86.1	Other
682377.3	7168911.0	0.0	0.0	100.0	Other
682377.3	7169311.0	0.2	0.0	99.8	Other
682377.3	7169711.0	13.4	0.0	86.6	Other
682377.3	7170111.0	16.4	0.0	83.6	Other
682377.3	7170511.0	7.8	0.0	92.2	Other
682377.3	7170911.0	62.6	0.0	37.4	Urban
682377.3	7171311.0	57.5	0.0	42.5	Urban
682377.3	7171711.0	71.3	0.0	28.7	Urban
682377.3	7172111.0	85.6	0.0	14.4	Urban
682377.3	7172511.0	64.9	0.0	35.1	Urban
682377.3	7172911.0	48.4	0.0	51.6	Urban
682377.3	7173311.0	61.1	0.0	38.9	Urban
682377.3	7173711.0	98.1	0.0	1.9	Urban
682377.3	7174111.0	79.7	0.0	20.3	Urban
682377.3	7174511.0	87.9	0.0	12.1	Urban
682377.3	7174911.0	60.9	0.0	39.1	Urban
682377.3	7175311.0	51.0	0.2	48.8	Urban
682377.3	7175711.0	13.1	0.0	86.9	Other
682377.3	7176111.0	23.4	0.0	76.6	Urban
682377.3	7176511.0	57.1	0.0	42.9	Urban
682377.3	7176911.0	94.0	0.0	6.0	Urban
682377.3	7177311.0	98.8	0.0	1.2	Urban
682377.3	7177711.0	59.0	0.0	41.0	Urban
682377.3	7178111.0	90.7	0.0	9.3	Urban
682377.3	7178511.0	98.5	0.0	1.5	Urban
682377.3	7178911.0	62.0	0.0	38.0	Urban
682377.3	7179311.0	0.2	0.0	99.8	Other
682377.3	7179711.0	5.0	0.0	95.0	Other
682377.3	7180111.0	24.6	6.5	68.8	Urban
682377.3	7180511.0	0.0	0.2	99.8	Other
682377.3	7180911.0	0.0	0.0	100.0	Other
682377.3	7181311.0	32.3	0.0	67.7	Urban
682377.3	7181711.0	27.9	0.0	72.1	Urban
682377.3	7182111.0	88.2	0.0	11.8	Urban
682377.3	7182511.0	99.5	0.0	0.5	Urban
682377.3	7182911.0	98.5	0.0	1.5	Urban
682377.3	7183311.0	94.2	0.0	5.8	Urban
682377.3	7183711.0	88.1	0.0	11.9	Urban
682377.3	7184111.0	94.1	0.0	5.9	Urban
682377.3	7184511.0	62.5	0.0	37.5	Urban
682377.3	7184911.0	83.3	0.0	16.7	Urban
682377.3	7185311.0	80.0	0.0	20.0	Urban
682377.3	7185711.0	56.7	0.0	43.3	Urban
682377.3	7186111.0	96.3	0.0	3.7	Urban
682377.3	7186511.0	96.0	0.0	4.0	Urban
682377.3	7186911.0	86.9	0.0	13.1	Urban
682377.3	7187311.0	84.3	0.0	15.7	Urban
682377.3	7187711.0	86.7	0.0	13.3	Urban
682377.3	7188111.0	91.9	0.0	8.1	Urban
682377.3	7188511.0	55.4	0.0	44.6	Urban
682377.3	7188911.0	98.8	0.0	1.2	Urban
682377.3	7189311.0	99.1	0.0	0.9	Urban
682377.3	7189711.0	40.4	0.0	59.6	Urban
682377.3	7190111.0	79.5	0.1	20.4	Urban
682377.3	7190511.0	79.7	0.0	20.3	Urban
682377.3	7190911.0	98.5	0.0	1.5	Urban
682377.3	7191311.0	98.8	0.0	1.2	Urban
682377.3	7191711.0	98.9	0.0	1.1	Urban
682377.3	7192111.0	99.2	0.0	0.8	Urban
682377.3	7192511.0	93.2	0.0	6.8	Urban
682377.3	7192911.0	89.4	0.0	10.6	Urban
682377.3	7193311.0	78.0	0.0	22.0	Urban
682377.3	7193711.0	85.6	0.0	14.4	Urban
682377.3	7194111.0	99.3	0.0	0.7	Urban
682377.3	7194511.0	97.6	0.0	2.4	Urban
682377.3	7194911.0	99.8	0.0	0.2	Urban
682377.3	7195311.0	83.0	0.0	17.0	Urban
682377.3	7195711.0	49.2	0.0	50.8	Urban
682377.3	7196111.0	62.4	0.0	37.6	Urban
682377.3	7196511.0	7.6	0.0	92.4	Other
682377.3	7196911.0	5.6	0.0	94.4	Other
682377.3	7197311.0	2.1	0.0	97.9	Other
682377.3	7197711.0	1.2	0.0	98.8	Other
682377.3	7198111.0	2.0	0.0	98.0	Other
682377.3	7198511.0	4.8	0.0	95.2	Other
682377.3	7198911.0	1.3	0.0	98.7	Other
682777.3	7158511.0	0.0	0.0	100.0	Other
682777.3	7158911.0	31.8	0.0	68.2	Urban
682777.3	7159311.0	23.1	0.0	76.9	Urban
682777.3	7159711.0	62.8	0.0	37.2	Urban
682777.3	7160111.0	54.1	0.0	45.9	Urban
682777.3	7160511.0	16.1	6.2	77.7	Other
682777.3	7160911.0	0.0	1.1	98.9	Other
682777.3	7161311.0	0.0	0.0	100.0	Other
682777.3	7161711.0	26.0	0.0	74.0	Urban
682777.3	7162111.0	0.8	0.0	99.2	Other
682777.3	7162511.0	5.9	0.0	94.1	Other
682777.3	7162911.0	40.6	0.0	59.4	Urban
682777.3	7163311.0	36.0	0.0	64.0	Urban
682777.3	7163711.0	24.7	0.0	75.3	Urban
682777.3	7164111.0	28.0	0.0	72.0	Urban
682777.3	7164511.0	0.0	5.0	95.0	Other
682777.3	7164911.0	0.0	0.9	99.1	Other
682777.3	7165311.0	30.3	0.0	69.7	Urban
682777.3	7165711.0	29.8	0.0	70.2	Urban
682777.3	7166111.0	0.0	56.6	43.4	Water
682777.3	7166511.0	2.0	35.3	62.7	Other
682777.3	7166911.0	2.6	12.7	84.7	Other
682777.3	7167311.0	0.4	3.5	96.1	Other
682777.3	7167711.0	0.7	0.0	99.3	Other
682777.3	7168111.0	8.1	0.0	91.9	Other
682777.3	7168511.0	1.9	0.0	98.1	Other
682777.3	7168911.0	30.2	0.0	69.8	Urban
682777.3	7169311.0	27.8	0.0	72.2	Urban
682777.3	7169711.0	41.4	0.0	58.6	Urban
682777.3	7170111.0	41.9	0.0	58.1	Urban
682777.3	7170511.0	38.9	0.0	61.1	Urban
682777.3	7170911.0	31.2	0.0	68.8	Urban
682777.3	7171311.0	10.9	0.0	89.1	Other
682777.3	7171711.0	53.6	0.0	46.4	Urban
682777.3	7172111.0	86.7	0.0	13.3	Urban
682777.3	7172511.0	72.4	0.0	27.6	Urban
682777.3	7172911.0	73.3	0.0	26.7	Urban
682777.3	7173311.0	93.7	0.0	6.3	Urban
682777.3	7173711.0	70.1	0.0	29.9	Urban
682777.3	7174111.0	12.5	0.0	87.5	Other
682777.3	7174511.0	58.2	0.5	41.3	Urban
682777.3	7174911.0	37.4	0.0	62.6	Urban
682777.3	7175311.0	19.0	0.0	81.0	Other
682777.3	7175711.0	22.2	0.0	77.8	Urban
682777.3	7176111.0	25.6	0.0	74.4	Urban
682777.3	7176511.0	88.7	0.0	11.3	Urban
682777.3	7176911.0	95.2	0.0	4.8	Urban
682777.3	7177311.0	89.7	0.0	10.3	Urban
682777.3	7177711.0	73.5	0.0	26.5	Urban
682777.3	7178111.0	68.8	0.0	31.2	Urban
682777.3	7178511.0	87.4	0.0	12.6	Urban
682777.3	7178911.0	62.7	0.0	37.3	Urban
682777.3	7179311.0	23.9	0.0	76.1	Urban
682777.3	7179711.0	17.6	0.0	82.4	Other
682777.3	7180111.0	5.4	1.2	93.4	Other
682777.3	7180511.0	0.4	0.0	99.6	Other
682777.3	7180911.0	0.0	0.0	100.0	Other
682777.3	7181311.0	0.0	16.6	83.4	Other
682777.3	7181711.0	2.1	4.6	93.3	Other
682777.3	7182111.0	45.6	1.5	52.9	Urban
682777.3	7182511.0	86.1	0.0	13.9	Urban
682777.3	7182911.0	94.8	0.0	5.2	Urban
682777.3	7183311.0	98.0	0.0	2.0	Urban
682777.3	7183711.0	95.8	0.0	4.2	Urban
682777.3	7184111.0	95.6	0.0	4.4	Urban
682777.3	7184511.0	98.1	0.0	1.9	Urban
682777.3	7184911.0	90.1	0.0	9.9	Urban
682777.3	7185311.0	71.2	0.0	28.8	Urban
682777.3	7185711.0	93.4	0.0	6.6	Urban
682777.3	7186111.0	91.5	0.0	8.5	Urban
682777.3	7186511.0	86.9	0.0	13.1	Urban
682777.3	7186911.0	87.4	0.0	12.6	Urban
682777.3	7187311.0	88.4	0.0	11.6	Urban
682777.3	7187711.0	92.7	0.0	7.3	Urban
682777.3	7188111.0	71.7	0.0	28.3	Urban
682777.3	7188511.0	42.8	0.0	57.2	Urban
682777.3	7188911.0	99.8	0.0	0.2	Urban
682777.3	7189311.0	99.7	0.0	0.3	Urban
682777.3	7189711.0	55.5	0.0	44.5	Urban
682777.3	7190111.0	80.7	0.7	18.6	Urban
682777.3	7190511.0	85.4	0.0	14.6	Urban
682777.3	7190911.0	91.0	0.0	9.0	Urban
682777.3	7191311.0	93.1	0.0	6.9	Urban
682777.3	7191711.0	87.1	0.0	12.9	Urban
682777.3	7192111.0	98.1	0.0	1.9	Urban
682777.3	7192511.0	90.3	0.0	9.7	Urban
682777.3	7192911.0	97.6	0.0	2.4	Urban
682777.3	7193311.0	99.8	0.0	0.2	Urban
682777.3	7193711.0	96.6	0.0	3.4	Urban
682777.3	7194111.0	94.3	0.0	5.7	Urban
682777.3	7194511.0	90.1	0.0	9.9	Urban
682777.3	7194911.0	90.6	0.0	9.4	Urban
682777.3	7195311.0	61.3	0.0	38.7	Urban
682777.3	7195711.0	65.7	0.0	34.3	Urban
682777.3	7196111.0	21.2	0.0	78.8	Urban
682777.3	7196511.0	18.0	0.0	82.0	Other
682777.3	7196911.0	11.5	0.0	88.5	Other
682777.3	7197311.0	2.3	0.0	97.7	Other
682777.3	7197711.0	0.0	0.0	100.0	Other
682777.3	7198111.0	0.7	0.0	99.3	Other
682777.3	7198511.0	5.0	0.0	95.0	Other
682777.3	7198911.0	3.7	0.0	96.3	Other
683177.3	7158511.0	0.2	0.0	99.8	Other
683177.3	7158911.0	15.4	0.0	84.6	Other
683177.3	7159311.0	12.7	0.1	87.2	Other
683177.3	7159711.0	89.6	0.0	10.4	Urban
683177.3	7160111.0	62.8	0.1	37.1	Urban
683177.3	7160511.0	39.6	1.8	58.6	Urban
683177.3	7160911.0	14.4	0.0	85.6	Other
683177.3	7161311.0	21.3	0.0	78.7	Urban
683177.3	7161711.0	0.0	0.0	100.0	Other
683177.3	7162111.0	0.0	0.0	100.0	Other
683177.3	7162511.0	1.2	0.0	98.8	Other
683177.3	7162911.0	8.9	0.0	91.1	Other
683177.3	7163311.0	17.3	0.0	82.7	Other
683177.3	7163711.0	6.7	15.8	77.5	Other
683177.3	7164111.0	10.4	3.7	85.9	Other
683177.3	7164511.0	7.1	9.7	83.2	Other
683177.3	7164911.0	6.1	35.7	58.2	Other
683177.3	7165311.0	71.9	0.0	28.1	Urban
683177.3	7165711.0	89.3	0.0	10.7	Urban
683177.3	7166111.0	18.2	7.1	74.7	Other
683177.3	7166511.0	28.2	0.2	71.5	Urban
683177.3	7166911.0	38.0	0.0	62.0	Urban
683177.3	7167311.0	13.0	0.0	87.0	Other
683177.3	7167711.0	1.3	0.0	98.7	Other
683177.3	7168111.0	38.1	0.0	61.9	Urban
683177.3	7168511.0	19.6	0.0	80.4	Other
683177.3	7168911.0	55.9	0.0	44.1	Urban
683177.3	7169311.0	37.9	0.0	62.1	Urban
683177.3	7169711.0	18.8	0.0	81.2	Other
683177.3	7170111.0	5.9	0.0	94.1	Other
683177.3	7170511.0	19.9	0.3	79.9	Other
683177.3	7170911.0	61.7	0.0	38.3	Urban
683177.3	7171311.0	21.4	0.0	78.6	Urban
683177.3	7171711.0	73.9	0.0	26.1	Urban
683177.3	7172111.0	55.6	0.0	44.4	Urban
683177.3	7172511.0	48.2	0.0	51.8	Urban
683177.3	7172911.0	87.2	0.0	12.8	Urban
683177.3	7173311.0	87.6	0.0	12.4	Urban
683177.3	7173711.0	10.7	0.0	89.3	Other
683177.3	7174111.0	32.4	0.0	67.6	Urban
683177.3	7174511.0	37.8	0.0	62.2	Urban
683177.3	7174911.0	73.4	0.0	26.6	Urban
683177.3	7175311.0	36.5	0.0	63.5	Urban
683177.3	7175711.0	5.8	0.0	94.2	Other
683177.3	7176111.0	64.3	0.0	35.7	Urban
683177.3	7176511.0	55.5	0.0	44.5	Urban
683177.3	7176911.0	40.0	0.0	60.0	Urban
683177.3	7177311.0	76.8	0.0	23.2	Urban
683177.3	7177711.0	97.6	0.0	2.4	Urban
683177.3	7178111.0	97.7	0.0	2.3	Urban
683177.3	7178511.0	99.9	0.0	0.1	Urban
683177.3	7178911.0	76.2	0.0	23.8	Urban
683177.3	7179311.0	86.0	0.0	14.0	Urban
683177.3	7179711.0	27.5	0.0	72.5	Urban
683177.3	7180111.0	0.5	13.8	85.8	Other
683177.3	7180511.0	29.7	13.6	56.8	Urban
683177.3	7180911.0	28.6	9.4	61.9	Urban
683177.3	7181311.0	0.0	22.8	77.2	Other
683177.3	7181711.0	0.0	57.2	42.8	Water
683177.3	7182111.0	0.1	36.1	63.8	Other
683177.3	7182511.0	58.9	2.2	38.8	Urban
683177.3	7182911.0	94.6	0.0	5.4	Urban
683177.3	7183311.0	88.6	0.0	11.4	Urban
683177.3	7183711.0	95.5	0.0	4.5	Urban
683177.3	7184111.0	96.6	0.0	3.4	Urban
683177.3	7184511.0	99.3	0.0	0.7	Urban
683177.3	7184911.0	89.9	0.0	10.1	Urban
683177.3	7185311.0	83.2	0.0	16.8	Urban
683177.3	7185711.0	95.6	0.0	4.4	Urban
683177.3	7186111.0	49.5	0.0	50.5	Urban
683177.3	7186511.0	72.9	0.0	27.1	Urban
683177.3	7186911.0	59.2	0.0	40.8	Urban
683177.3	7187311.0	76.2	0.0	23.8	Urban
683177.3	7187711.0	99.6	0.0	0.4	Urban
683177.3	7188111.0	75.2	0.0	24.8	Urban
683177.3	7188511.0	78.4	0.0	21.6	Urban
683177.3	7188911.0	100.0	0.0	0.0	Urban
683177.3	7189311.0	99.6	0.0	0.4	Urban
683177.3	7189711.0	99.8	0.0	0.2	Urban
683177.3	7190111.0	74.6	0.0	25.4	Urban
683177.3	7190511.0	31.0	0.0	69.0	Urban
683177.3	7190911.0	44.0	0.0	56.0	Urban
683177.3	7191311.0	49.7	0.0	50.3	Urban
683177.3	7191711.0	55.6	0.0	44.4	Urban
683177.3	7192111.0	98.4	0.0	1.6	Urban
683177.3	7192511.0	98.1	0.0	1.9	Urban
683177.3	7192911.0	99.1	0.0	0.9	Urban
683177.3	7193311.0	99.6	0.0	0.4	Urban
683177.3	7193711.0	96.0	0.0	4.0	Urban
683177.3	7194111.0	95.7	0.0	4.3	Urban
683177.3	7194511.0	99.4	0.0	0.6	Urban
683177.3	7194911.0	95.1	0.0	4.9	Urban
683177.3	7195311.0	76.3	0.0	23.7	Urban
683177.3	7195711.0	75.8	0.0	24.2	Urban
683177.3	7196111.0	32.9	0.0	67.1	Urban
683177.3	7196511.0	2.4	0.0	97.6	Other
683177.3	7196911.0	0.0	0.0	100.0	Other
683177.3	7197311.0	0.0	0.0	100.0	Other
683177.3	7197711.0	0.0	0.0	100.0	Other
683177.3	7198111.0	0.0	0.0	100.0	Other
683177.3	7198511.0	1.8	0.0	98.2	Other
683177.3	7198911.0	12.6	0.3	87.0	Other
683577.3	7158511.0	0.1	0.0	99.9	Other
683577.3	7158911.0	2.6	0.0	97.4	Other
683577.3	7159311.0	25.7	0.0	74.3	Urban
683577.3	7159711.0	45.7	0.0	54.3	Urban
683577.3	7160111.0	64.3	0.0	35.7	Urban
683577.3	7160511.0	33.2	0.4	66.4	Urban
683577.3	7160911.0	5.6	0.0	94.4	Other
683577.3	7161311.0	81.8	0.0	18.2	Urban
683577.3	7161711.0	4.7	0.0	95.3	Other
683577.3	7162111.0	0.0	0.0	100.0	Other
683577.3	7162511.0	0.0	0.0	100.0	Other
683577.3	7162911.0	0.0	0.0	100.0	Other
683577.3	7163311.0	0.0	33.3	66.7	Other
683577.3	7163711.0	0.0	59.2	40.8	Water
683577.3	7164111.0	0.0	58.7	41.3	Water
683577.3	7164511.0	8.1	12.8	79.2	Other
683577.3	7164911.0	14.0	0.0	86.0	Other
683577.3	7165311.0	28.0	0.0	72.0	Urban
683577.3	7165711.0	84.4	0.0	15.6	Urban
683577.3	7166111.0	85.9	0.0	14.1	Urban
683577.3	7166511.0	86.7	0.0	13.3	Urban
683577.3	7166911.0	92.3	0.0	7.7	Urban
683577.3	7167311.0	59.8	0.0	40.2	Urban
683577.3	7167711.0	14.6	0.0	85.4	Other
683577.3	7168111.0	19.7	0.0	80.3	Other
683577.3	7168511.0	26.9	0.0	73.1	Urban
683577.3	7168911.0	63.7	1.0	35.4	Urban
683577.3	7169311.0	34.9	0.0	65.1	Urban
683577.3	7169711.0	13.0	1.8	85.2	Other
683577.3	7170111.0	11.8	0.0	88.2	Other
683577.3	7170511.0	58.5	0.0	41.5	Urban
683577.3	7170911.0	76.8	0.0	23.2	Urban
683577.3	7171311.0	82.9	0.0	17.1	Urban
683577.3	7171711.0	76.4	0.0	23.6	Urban
683577.3	7172111.0	57.8	0.0	42.2	Urban
683577.3	7172511.0	61.1	0.0	38.9	Urban
683577.3	7172911.0	85.8	1.7	12.5	Urban
683577.3	7173311.0	20.2	0.0	79.8	Urban
683577.3	7173711.0	0.1	0.0	99.9	Other
683577.3	7174111.0	63.8	0.0	36.2	Urban
683577.3	7174511.0	94.6	0.0	5.4	Urban
683577.3	7174911.0	53.6	0.0	46.4	Urban
683577.3	7175311.0	21.5	0.0	78.5	Urban
683577.3	7175711.0	0.0	0.0	100.0	Other
683577.3	7176111.0	44.1	0.0	55.9	Urban
683577.3	7176511.0	43.1	0.0	56.9	Urban
683577.3	7176911.0	61.0	0.0	39.0	Urban
683577.3	7177311.0	83.0	0.6	16.4	Urban
683577.3	7177711.0	91.9	0.0	8.1	Urban
683577.3	7178111.0	97.5	0.0	2.5	Urban
683577.3	7178511.0	98.4	0.0	1.6	Urban
683577.3	7178911.0	87.5	0.0	12.5	Urban
683577.3	7179311.0	50.1	0.0	49.9	Urban
683577.3	7179711.0	0.3	0.0	99.7	Other
683577.3	7180111.0	11.9	6.5	81.6	Other
683577.3	7180511.0	91.5	0.3	8.2	Urban
683577.3	7180911.0	92.3	1.1	6.6	Urban
683577.3	7181311.0	6.7	6.2	87.1	Other
683577.3	7181711.0	0.7	26.5	72.7	Other
683577.3	7182111.0	0.0	40.9	59.1	Other
683577.3	7182511.0	1.5	7.2	91.3	Other
683577.3	7182911.0	25.5	2.6	71.9	Urban
683577.3	7183311.0	27.1	0.0	72.9	Urban
683577.3	7183711.0	85.0	0.0	15.0	Urban
683577.3	7184111.0	84.6	0.0	15.4	Urban
683577.3	7184511.0	94.1	0.0	5.9	Urban
683577.3	7184911.0	89.0	0.0	11.0	Urban
683577.3	7185311.0	88.3	0.0	11.7	Urban
683577.3	7185711.0	99.8	0.0	0.2	Urban
683577.3	7186111.0	34.9	0.0	65.1	Urban
683577.3	7186511.0	87.2	0.0	12.8	Urban
683577.3	7186911.0	80.6	0.0	19.4	Urban
683577.3	7187311.0	95.4	0.0	4.6	Urban
683577.3	7187711.0	97.0	0.0	3.0	Urban
683577.3	7188111.0	99.6	0.0	0.4	Urban
683577.3	7188511.0	82.3	0.0	17.7	Urban
683577.3	7188911.0	35.1	0.0	64.9	Urban
683577.3	7189311.0	58.6	0.0	41.4	Urban
683577.3	7189711.0	63.5	3.7	32.8	Urban
683577.3	7190111.0	48.5	0.8	50.7	Urban
683577.3	7190511.0	16.3	0.0	83.7	Other
683577.3	7190911.0	76.9	0.0	23.1	Urban
683577.3	7191311.0	54.1	0.0	45.9	Urban
683577.3	7191711.0	53.6	0.0	46.4	Urban
683577.3	7192111.0	51.9	0.0	48.1	Urban
683577.3	7192511.0	68.2	0.0	31.8	Urban
683577.3	7192911.0	91.8	0.0	8.2	Urban
683577.3	7193311.0	100.0	0.0	0.0	Urban
683577.3	7193711.0	77.8	0.0	22.2	Urban
683577.3	7194111.0	81.7	0.0	18.3	Urban
683577.3	7194511.0	50.7	0.0	49.3	Urban
683577.3	7194911.0	60.3	0.0	39.7	Urban
683577.3	7195311.0	83.8	0.0	16.2	Urban
683577.3	7195711.0	13.4	0.0	86.6	Other
683577.3	7196111.0	2.2	0.0	97.8	Other
683577.3	7196511.0	0.7	0.0	99.3	Other
683577.3	7196911.0	0.0	0.0	100.0	Other
683577.3	7197311.0	0.0	0.1	99.9	Other
683577.3	7197711.0	0.0	0.0	100.0	Other
683577.3	7198111.0	0.0	7.3	92.7	Other
683577.3	7198511.0	0.0	0.0	100.0	Other
683577.3	7198911.0	0.0	0.3	99.7	Other
683977.3	7158511.0	0.4	0.0	99.6	Other
683977.3	7158911.0	4.3	0.0	95.7	Other
683977.3	7159311.0	1.1	0.0	98.9	Other
683977.3	7159711.0	36.6	0.0	63.4	Urban
683977.3	7160111.0	63.2	0.0	36.8	Urban
683977.3	7160511.0	16.8	0.0	83.2	Other
683977.3	7160911.0	0.0	0.0	100.0	Other
683977.3	7161311.0	37.1	0.0	62.9	Urban
683977.3	7161711.0	30.2	0.0	69.8	Urban
683977.3	7162111.0	0.0	0.0	100.0	Other
683977.3	7162511.0	0.0	0.0	100.0	Other
683977.3	7162911.0	0.0	0.0	100.0	Other
683977.3	7163311.0	0.0	6.8	93.2	Other
683977.3	7163711.0	0.0	48.1	51.9	Other
683977.3	7164111.0	0.4	25.1	74.5	Other
683977.3	7164511.0	13.0	1.9	85.1	Other
683977.3	7164911.0	21.8	0.0	78.2	Urban
683977.3	7165311.0	26.7	0.0	73.3	Urban
683977.3	7165711.0	47.5	0.0	52.5	Urban
683977.3	7166111.0	94.5	0.0	5.5	Urban
683977.3	7166511.0	98.9	0.0	1.1	Urban
683977.3	7166911.0	99.2	0.0	0.8	Urban
683977.3	7167311.0	48.0	0.0	52.0	Urban
683977.3	7167711.0	0.0	0.0	100.0	Other
683977.3	7168111.0	6.3	0.0	93.7	Other
683977.3	7168511.0	1.7	0.0	98.3	Other
683977.3	7168911.0	24.5	0.0	75.5	Urban
683977.3	7169311.0	10.4	0.0	89.6	Other
683977.3	7169711.0	7.4	0.0	92.6	Other
683977.3	7170111.0	17.4	0.0	82.6	Other
683977.3	7170511.0	51.6	0.0	48.4	Urban
683977.3	7170911.0	66.9	0.0	33.1	Urban
683977.3	7171311.0	85.4	0.0	14.6	Urban
683977.3	7171711.0	92.2	0.0	7.8	Urban
683977.3	7172111.0	61.9	0.0	38.1	Urban
683977.3	7172511.0	75.3	0.0	24.7	Urban
683977.3	7172911.0	15.8	0.0	84.2	Other
683977.3	7173311.0	30.3	0.0	69.7	Urban
683977.3	7173711.0	27.2	0.0	72.8	Urban
683977.3	7174111.0	33.7	0.0	66.3	Urban
683977.3	7174511.0	46.5	0.0	53.5	Urban
683977.3	7174911.0	7.6	0.0	92.4	Other
683977.3	7175311.0	16.4	0.0	83.6	Other
683977.3	7175711.0	19.9	0.0	80.1	Other
683977.3	7176111.0	94.3	0.0	5.7	Urban
683977.3	7176511.0	75.6	0.0	24.4	Urban
683977.3	7176911.0	59.3	0.0	40.7	Urban
683977.3	7177311.0	39.9	0.0	60.1	Urban
683977.3	7177711.0	41.2	0.0	58.8	Urban
683977.3	7178111.0	89.1	0.0	10.9	Urban
683977.3	7178511.0	84.2	0.0	15.8	Urban
683977.3	7178911.0	97.6	0.0	2.4	Urban
683977.3	7179311.0	27.5	0.0	72.5	Urban
683977.3	7179711.0	0.0	0.0	100.0	Other
683977.3	7180111.0	0.7	0.0	99.3	Other
683977.3	7180511.0	67.8	0.0	32.2	Urban
683977.3	7180911.0	99.3	0.0	0.7	Urban
683977.3	7181311.0	69.2	2.0	28.8	Urban
683977.3	7181711.0	38.8	16.0	45.1	Urban
683977.3	7182111.0	0.6	35.5	63.9	Other
683977.3	7182511.0	0.0	0.1	99.9	Other
683977.3	7182911.0	0.0	36.8	63.2	Other
683977.3	7183311.0	16.6	8.0	75.5	Other
683977.3	7183711.0	74.3	0.0	25.7	Urban
683977.3	7184111.0	86.8	0.0	13.2	Urban
683977.3	7184511.0	92.1	0.0	7.9	Urban
683977.3	7184911.0	82.9	0.0	17.1	Urban
683977.3	7185311.0	70.3	0.0	29.7	Urban
683977.3	7185711.0	62.7	0.0	37.3	Urban
683977.3	7186111.0	31.7	0.0	68.3	Urban
683977.3	7186511.0	17.3	0.0	82.7	Other
683977.3	7186911.0	12.2	0.0	87.8	Other
683977.3	7187311.0	26.2	0.0	73.8	Urban
683977.3	7187711.0	43.8	0.0	56.2	Urban
683977.3	7188111.0	31.0	0.3	68.8	Urban
683977.3	7188511.0	2.8	0.5	96.8	Other
683977.3	7188911.0	0.0	0.0	100.0	Other
683977.3	7189311.0	0.2	0.0	99.8	Other
683977.3	7189711.0	0.3	1.9	97.8	Other
683977.3	7190111.0	10.7	0.0	89.3	Other
683977.3	7190511.0	39.0	0.0	61.0	Urban
683977.3	7190911.0	98.9	0.0	1.1	Urban
683977.3	7191311.0	95.3	0.0	4.7	Urban
683977.3	7191711.0	69.4	0.0	30.6	Urban
683977.3	7192111.0	0.0	0.0	100.0	Other
683977.3	7192511.0	6.5	0.0	93.5	Other
683977.3	7192911.0	52.3	0.0	47.7	Urban
683977.3	7193311.0	73.4	0.0	26.6	Urban
683977.3	7193711.0	84.0	0.0	16.0	Urban
683977.3	7194111.0	86.8	0.0	13.2	Urban
683977.3	7194511.0	77.1	0.0	22.9	Urban
683977.3	7194911.0	52.1	0.0	47.9	Urban
683977.3	7195311.0	59.7	0.0	40.3	Urban
683977.3	7195711.0	57.1	0.0	42.9	Urban
683977.3	7196111.0	76.5	0.0	23.5	Urban
683977.3	7196511.0	36.5	0.0	63.5	Urban
683977.3	7196911.0	1.0	0.0	99.0	Other
683977.3	7197311.0	0.2	3.8	95.9	Other
683977.3	7197711.0	0.2	3.0	96.8	Other
683977.3	7198111.0	0.6	0.0	99.4	Other
683977.3	7198511.0	0.0	0.0	100.0	Other
683977.3	7198911.0	3.7	0.0	96.3	Other
684377.3	7158511.0	0.0	0.0	100.0	Other
684377.3	7158911.0	6.7	0.0	93.3	Other
684377.3	7159311.0	0.0	0.0	100.0	Other
684377.3	7159711.0	8.4	0.0	91.6	Other
684377.3	7160111.0	29.7	0.0	70.3	Urban
684377.3	7160511.0	11.3	0.0	88.7	Other
684377.3	7160911.0	4.0	0.0	96.0	Other
684377.3	7161311.0	0.0	0.0	100.0	Other
684377.3	7161711.0	4.0	0.0	96.0	Other
684377.3	7162111.0	0.0	0.0	100.0	Other
684377.3	7162511.0	0.0	0.0	100.0	Other
684377.3	7162911.0	0.9	0.0	99.1	Other
684377.3	7163311.0	1.3	0.0	98.7	Other
684377.3	7163711.0	11.3	0.0	88.6	Other
684377.3	7164111.0	9.6	0.0	90.4	Other
684377.3	7164511.0	5.0	0.0	95.0	Other
684377.3	7164911.0	0.0	0.0	100.0	Other
684377.3	7165311.0	3.2	0.0	96.8	Other
684377.3	7165711.0	84.4	0.0	15.6	Urban
684377.3	7166111.0	34.2	0.0	65.8	Urban
684377.3	7166511.0	53.9	1.6	44.5	Urban
684377.3	7166911.0	82.2	4.2	13.6	Urban
684377.3	7167311.0	29.5	0.0	70.5	Urban
684377.3	7167711.0	10.3	0.0	89.7	Other
684377.3	7168111.0	22.3	0.0	77.7	Urban
684377.3	7168511.0	24.6	0.0	75.4	Urban
684377.3	7168911.0	5.2	0.0	94.8	Other
684377.3	7169311.0	16.6	0.0	83.4	Other
684377.3	7169711.0	15.3	0.0	84.7	Other
684377.3	7170111.0	23.6	0.0	76.4	Urban
684377.3	7170511.0	10.8	0.0	89.2	Other
684377.3	7170911.0	69.7	0.0	30.3	Urban
684377.3	7171311.0	51.4	0.0	48.6	Urban
684377.3	7171711.0	71.4	0.0	28.6	Urban
684377.3	7172111.0	57.8	0.0	42.2	Urban
684377.3	7172511.0	0.5	0.0	99.5	Other
684377.3	7172911.0	0.0	0.0	100.0	Other
684377.3	7173311.0	41.7	0.0	58.3	Urban
684377.3	7173711.0	94.8	0.0	5.2	Urban
684377.3	7174111.0	17.6	0.0	82.4	Other
684377.3	7174511.0	3.7	0.0	96.3	Other
684377.3	7174911.0	0.0	0.0	100.0	Other
684377.3	7175311.0	15.8	0.0	84.2	Other
684377.3	7175711.0	2.2	0.0	97.8	Other
684377.3	7176111.0	33.7	0.0	66.3	Urban
684377.3	7176511.0	86.2	0.0	13.8	Urban
684377.3	7176911.0	86.5	0.0	13.5	Urban
684377.3	7177311.0	58.0	0.0	42.0	Urban
684377.3	7177711.0	53.2	0.0	46.8	Urban
684377.3	7178111.0	60.7	0.0	39.3	Urban
684377.3	7178511.0	43.1	0.0	56.9	Urban
684377.3	7178911.0	69.4	0.0	30.6	Urban
684377.3	7179311.0	0.2	0.0	99.8	Other
684377.3	7179711.0	40.2	0.0	59.8	Urban
684377.3	7180111.0	55.6	0.0	44.4	Urban
684377.3	7180511.0	22.9	0.0	77.1	Urban
684377.3	7180911.0	44.5	0.0	55.5	Urban
684377.3	7181311.0	45.5	0.0	54.5	Urban
684377.3	7181711.0	7.9	0.0	92.1	Other
684377.3	7182111.0	7.2	3.5	89.3	Other
684377.3	7182511.0	16.5	0.0	83.5	Other
684377.3	7182911.0	34.9	10.3	54.8	Urban
684377.3	7183311.0	31.5	1.3	67.1	Urban
684377.3	7183711.0	74.8	0.0	25.2	Urban
684377.3	7184111.0	53.7	0.0	46.3	Urban
684377.3	7184511.0	70.0	0.0	30.0	Urban
684377.3	7184911.0	95.2	0.0	4.8	Urban
684377.3	7185311.0	53.5	0.0	46.5	Urban
684377.3	7185711.0	77.0	0.0	23.0	Urban
684377.3	7186111.0	37.2	0.0	62.8	Urban
684377.3	7186511.0	0.0	0.0	100.0	Other
684377.3	7186911.0	0.0	0.0	100.0	Other
684377.3	7187311.0	0.6	0.0	99.4	Other
684377.3	7187711.0	0.0	0.0	100.0	Other
684377.3	7188111.0	10.7	0.0	89.3	Other
684377.3	7188511.0	49.7	0.0	50.3	Urban
684377.3	7188911.0	30.7	2.8	66.5	Urban
684377.3	7189311.0	5.9	0.0	94.1	Other
684377.3	7189711.0	3.0	0.0	97.0	Other
684377.3	7190111.0	10.6	0.0	89.4	Other
684377.3	7190511.0	55.2	0.0	44.8	Urban
684377.3	7190911.0	94.6	0.0	5.4	Urban
684377.3	7191311.0	84.7	0.0	15.3	Urban
684377.3	7191711.0	23.2	0.0	76.8	Urban
684377.3	7192111.0	8.6	0.0	91.4	Other
684377.3	7192511.0	10.9	0.0	89.1	Other
684377.3	7192911.0	91.5	0.0	8.5	Urban
684377.3	7193311.0	93.6	0.0	6.4	Urban
684377.3	7193711.0	99.4	0.0	0.6	Urban
684377.3	7194111.0	99.5	0.0	0.5	Urban
684377.3	7194511.0	99.8	0.0	0.2	Urban
684377.3	7194911.0	98.8	0.0	1.2	Urban
684377.3	7195311.0	43.8	0.0	56.2	Urban
684377.3	7195711.0	23.2	0.0	76.8	Urban
684377.3	7196111.0	78.0	0.0	22.0	Urban
684377.3	7196511.0	76.7	0.0	23.3	Urban
684377.3	7196911.0	2.2	0.0	97.8	Other
684377.3	7197311.0	0.0	0.0	100.0	Other
684377.3	7197711.0	2.0	4.2	93.8	Other
684377.3	7198111.0	0.0	0.0	100.0	Other
684377.3	7198511.0	14.5	0.0	85.5	Other
684377.3	7198911.0	4.0	0.0	96.0	Other
684777.3	7158511.0	3.1	0.0	96.9	Other
684777.3	7158911.0	1.6	0.0	98.4	Other
684777.3	7159311.0	1.8	0.0	98.2	Other
684777.3	7159711.0	11.3	0.0	88.7	Other
684777.3	7160111.0	1.2	0.0	98.8	Other
684777.3	7160511.0	10.5	0.0	89.5	Other
684777.3	7160911.0	18.3	0.0	81.7	Other
684777.3	7161311.0	10.2	0.0	89.8	Other
684777.3	7161711.0	30.3	0.0	69.7	Urban
684777.3	7162111.0	14.0	0.0	86.0	Other
684777.3	7162511.0	23.0	0.0	77.0	Urban
684777.3	7162911.0	10.6	0.0	89.4	Other
684777.3	7163311.0	14.8	0.0	85.2	Other
684777.3	7163711.0	10.1	0.0	89.8	Other
684777.3	7164111.0	0.2	0.0	99.8	Other
684777.3	7164511.0	0.1	0.0	99.9	Other
684777.3	7164911.0	0.5	0.0	99.5	Other
684777.3	7165311.0	2.7	0.0	97.3	Other
684777.3	7165711.0	9.5	0.0	90.5	Other
684777.3	7166111.0	7.7	0.0	92.3	Other
684777.3	7166511.0	5.4	1.0	93.7	Other
684777.3	7166911.0	0.0	3.3	96.7	Other
684777.3	7167311.0	0.0	0.0	100.0	Other
684777.3	7167711.0	1.1	0.0	98.9	Other
684777.3	7168111.0	15.6	0.0	84.4	Other
684777.3	7168511.0	73.8	0.0	26.2	Urban
684777.3	7168911.0	8.3	0.0	91.7	Other
684777.3	7169311.0	1.6	0.0	98.4	Other
684777.3	7169711.0	7.3	0.0	92.7	Other
684777.3	7170111.0	10.9	0.0	89.1	Other
684777.3	7170511.0	9.8	0.0	90.2	Other
684777.3	7170911.0	57.9	0.0	42.1	Urban
684777.3	7171311.0	68.6	0.0	31.4	Urban
684777.3	7171711.0	28.0	0.2	71.8	Urban
684777.3	7172111.0	1.5	0.0	98.5	Other
684777.3	7172511.0	22.3	0.0	77.7	Urban
684777.3	7172911.0	8.4	0.0	91.6	Other
684777.3	7173311.0	24.6	0.0	75.4	Urban
684777.3	7173711.0	58.7	0.0	41.3	Urban
684777.3	7174111.0	23.5	0.0	76.5	Urban
684777.3	7174511.0	12.2	0.0	87.8	Other
684777.3	7174911.0	0.0	0.0	100.0	Other
684777.3	7175311.0	4.8	0.0	95.2	Other
684777.3	7175711.0	24.1	0.0	75.9	Urban
684777.3	7176111.0	39.9	0.0	60.1	Urban
684777.3	7176511.0	54.9	0.0	45.1	Urban
684777.3	7176911.0	88.0	0.0	12.0	Urban
684777.3	7177311.0	86.4	0.0	13.6	Urban
684777.3	7177711.0	66.0	0.0	34.0	Urban
684777.3	7178111.0	17.6	0.0	82.4	Other
684777.3	7178511.0	10.3	0.0	89.7	Other
684777.3	7178911.0	50.5	0.0	49.5	Urban
684777.3	7179311.0	37.8	0.0	62.2	Urban
684777.3	7179711.0	57.9	8.6	33.5	Urban
684777.3	7180111.0	41.1	0.0	58.9	Urban
684777.3	7180511.0	0.3	0.0	99.7	Other
684777.3	7180911.0	51.2	0.0	48.8	Urban
684777.3	7181311.0	63.7	0.0	36.3	Urban
684777.3	7181711.0	16.5	0.0	83.5	Other
684777.3	7182111.0	10.5	2.6	86.9	Other
684777.3	7182511.0	51.5	1.1	47.4	Urban
684777.3	7182911.0	89.2	0.0	10.8	Urban
684777.3	7183311.0	13.0	0.0	87.0	Other
684777.3	7183711.0	47.1	0.0	52.9	Urban
684777.3	7184111.0	61.9	0.0	38.1	Urban
684777.3	7184511.0	98.6	0.0	1.4	Urban
684777.3	7184911.0	93.1	0.0	6.9	Urban
684777.3	7185311.0	87.4	0.0	12.6	Urban
684777.3	7185711.0	88.7	0.0	11.2	Urban
684777.3	7186111.0	66.9	0.5	32.6	Urban
684777.3	7186511.0	36.2	0.0	63.8	Urban
684777.3	7186911.0	7.4	0.0	92.6	Other
684777.3	7187311.0	0.4	0.0	99.6	Other
684777.3	7187711.0	2.5	0.0	97.5	Other
684777.3	7188111.0	2.4	0.0	97.6	Other
684777.3	7188511.0	55.1	0.0	44.9	Urban
684777.3	7188911.0	52.8	4.3	42.9	Urban
684777.3	7189311.0	57.8	0.0	42.2	Urban
684777.3	7189711.0	43.1	12.0	44.9	Urban
684777.3	7190111.0	26.6	2.6	70.7	Urban
684777.3	7190511.0	49.2	0.0	50.8	Urban
684777.3	7190911.0	74.5	0.0	25.5	Urban
684777.3	7191311.0	88.0	0.0	12.0	Urban
684777.3	7191711.0	58.1	0.0	41.9	Urban
684777.3	7192111.0	34.6	0.0	65.4	Urban
684777.3	7192511.0	61.9	0.0	38.1	Urban
684777.3	7192911.0	85.0	0.0	15.0	Urban
684777.3	7193311.0	85.7	0.0	14.3	Urban
684777.3	7193711.0	99.0	0.0	1.0	Urban
684777.3	7194111.0	94.7	0.0	5.3	Urban
684777.3	7194511.0	96.6	0.0	3.4	Urban
684777.3	7194911.0	95.8	0.0	4.2	Urban
684777.3	7195311.0	41.8	0.0	58.2	Urban
684777.3	7195711.0	22.6	0.0	77.4	Urban
684777.3	7196111.0	15.3	0.0	84.7	Other
684777.3	7196511.0	0.0	0.0	100.0	Other
684777.3	7196911.0	0.0	0.0	100.0	Other
684777.3	7197311.0	0.0	0.0	100.0	Other
684777.3	7197711.0	0.0	0.0	100.0	Other
684777.3	7198111.0	0.7	0.0	99.3	Other
684777.3	7198511.0	0.0	0.0	100.0	Other
684777.3	7198911.0	0.0	0.0	100.0	Other
685177.3	7158511.0	12.5	0.0	87.5	Other
685177.3	7158911.0	0.0	0.0	100.0	Other
685177.3	7159311.0	17.8	0.0	82.2	Other
685177.3	7159711.0	54.9	0.0	45.1	Urban
685177.3	7160111.0	28.7	0.0	71.3	Urban
685177.3	7160511.0	18.6	0.0	81.4	Other
685177.3	7160911.0	36.2	0.0	63.8	Urban
685177.3	7161311.0	28.1	0.0	71.9	Urban
685177.3	7161711.0	3.3	0.0	96.7	Other
685177.3	7162111.0	0.0	0.0	100.0	Other
685177.3	7162511.0	0.0	0.0	100.0	Other
685177.3	7162911.0	0.0	0.0	100.0	Other
685177.3	7163311.0	0.0	0.0	100.0	Other
685177.3	7163711.0	0.0	0.0	100.0	Other
685177.3	7164111.0	0.1	0.0	99.9	Other
685177.3	7164511.0	0.0	0.0	100.0	Other
685177.3	7164911.0	0.2	7.0	92.8	Other
685177.3	7165311.0	0.2	1.1	98.7	Other
685177.3	7165711.0	2.7	0.0	97.3	Other
685177.3	7166111.0	0.0	0.0	100.0	Other
685177.3	7166511.0	0.0	0.0	100.0	Other
685177.3	7166911.0	0.0	0.0	100.0	Other
685177.3	7167311.0	0.0	0.0	100.0	Other
685177.3	7167711.0	0.0	0.0	100.0	Other
685177.3	7168111.0	14.2	0.0	85.8	Other
685177.3	7168511.0	42.4	0.0	57.6	Urban
685177.3	7168911.0	21.3	0.0	78.7	Urban
685177.3	7169311.0	0.4	0.5	99.1	Other
685177.3	7169711.0	12.8	0.0	87.2	Other
685177.3	7170111.0	51.2	0.0	48.8	Urban
685177.3	7170511.0	64.1	0.0	35.9	Urban
685177.3	7170911.0	41.8	0.0	58.2	Urban
685177.3	7171311.0	43.3	0.0	56.7	Urban
685177.3	7171711.0	16.0	0.0	84.0	Other
685177.3	7172111.0	32.5	0.0	67.5	Urban
685177.3	7172511.0	90.4	0.0	9.6	Urban
685177.3	7172911.0	57.7	0.0	42.3	Urban
685177.3	7173311.0	54.4	0.0	45.6	Urban
685177.3	7173711.0	63.8	0.0	36.2	Urban
685177.3	7174111.0	66.1	0.0	33.9	Urban
685177.3	7174511.0	62.8	0.0	37.2	Urban
685177.3	7174911.0	19.2	0.0	80.8	Other
685177.3	7175311.0	3.2	0.0	96.8	Other
685177.3	7175711.0	17.1	0.0	82.9	Other
685177.3	7176111.0	41.6	0.0	58.4	Urban
685177.3	7176511.0	39.2	0.0	60.8	Urban
685177.3	7176911.0	52.4	0.0	47.6	Urban
685177.3	7177311.0	89.2	0.0	10.8	Urban
685177.3	7177711.0	46.2	0.0	53.8	Urban
685177.3	7178111.0	0.0	0.0	100.0	Other
685177.3	7178511.0	11.9	0.0	88.1	Other
685177.3	7178911.0	60.7	0.0	39.3	Urban
685177.3	7179311.0	73.8	0.0	26.2	Urban
685177.3	7179711.0	43.2	0.0	56.8	Urban
685177.3	7180111.0	1.1	0.0	98.9	Other
685177.3	7180511.0	13.5	0.0	86.5	Other
685177.3	7180911.0	48.8	0.0	51.2	Urban
685177.3	7181311.0	32.6	0.0	67.4	Urban
685177.3	7181711.0	10.1	0.0	89.9	Other
685177.3	7182111.0	0.7	23.6	75.7	Other
685177.3	7182511.0	16.5	0.0	83.5	Other
685177.3	7182911.0	61.2	0.0	38.8	Urban
685177.3	7183311.0	57.2	0.0	42.8	Urban
685177.3	7183711.0	19.3	3.3	77.4	Other
685177.3	7184111.0	50.6	0.2	49.2	Urban
685177.3	7184511.0	86.0	0.0	14.0	Urban
685177.3	7184911.0	99.6	0.0	0.4	Urban
685177.3	7185311.0	88.9	0.0	11.1	Urban
685177.3	7185711.0	91.3	0.0	8.7	Urban
685177.3	7186111.0	99.1	0.0	0.9	Urban
685177.3	7186511.0	82.6	0.0	17.4	Urban
685177.3	7186911.0	0.0	0.0	100.0	Other
685177.3	7187311.0	0.0	0.0	100.0	Other
685177.3	7187711.0	0.5	0.0	99.5	Other
685177.3	7188111.0	0.0	0.0	100.0	Other
685177.3	7188511.0	18.8	0.0	81.2	Other
685177.3	7188911.0	33.2	0.0	66.8	Urban
685177.3	7189311.0	74.3	0.0	25.7	Urban
685177.3	7189711.0	18.1	0.1	81.9	Other
685177.3	7190111.0	50.5	0.0	49.5	Urban
685177.3	7190511.0	39.4	0.0	60.6	Urban
685177.3	7190911.0	74.9	0.0	25.1	Urban
685177.3	7191311.0	64.5	0.0	35.5	Urban
685177.3	7191711.0	76.3	0.0	23.7	Urban
685177.3	7192111.0	54.8	0.0	45.2	Urban
685177.3	7192511.0	58.5	0.0	41.5	Urban
685177.3	7192911.0	24.7	0.0	75.3	Urban
685177.3	7193311.0	61.3	0.0	38.7	Urban
685177.3	7193711.0	99.7	0.0	0.3	Urban
685177.3	7194111.0	98.2	0.0	1.8	Urban
685177.3	7194511.0	97.4	0.0	2.6	Urban
685177.3	7194911.0	98.9	0.0	1.1	Urban
685177.3	7195311.0	57.5	0.0	42.5	Urban
685177.3	7195711.0	40.1	0.0	59.9	Urban
685177.3	7196111.0	16.4	0.1	83.5	Other
685177.3	7196511.0	1.7	0.0	98.3	Other
685177.3	7196911.0	1.3	0.0	98.7	Other
685177.3	7197311.0	2.5	0.0	97.5	Other
685177.3	7197711.0	3.1	0.0	96.9	Other
685177.3	7198111.0	15.1	0.0	84.9	Other
685177.3	7198511.0	7.8	0.0	92.2	Other
685177.3	7198911.0	1.4	0.2	98.4	Other
685577.3	7158511.0	16.7	3.7	79.6	Other
685577.3	7158911.0	33.1	0.0	66.9	Urban
685577.3	7159311.0	17.7	0.0	82.3	Other
685577.3	7159711.0	16.4	0.0	83.6	Other
685577.3	7160111.0	6.3	0.0	93.7	Other
685577.3	7160511.0	5.9	0.0	94.1	Other
685577.3	7160911.0	0.0	0.0	100.0	Other
685577.3	7161311.0	10.6	0.0	89.4	Other
685577.3	7161711.0	0.0	0.2	99.8	Other
685577.3	7162111.0	0.0	0.0	100.0	Other
685577.3	7162511.0	0.0	0.0	100.0	Other
685577.3	7162911.0	0.0	0.0	100.0	Other
685577.3	7163311.0	0.9	1.3	97.7	Other
685577.3	7163711.0	0.4	2.3	97.3	Other
685577.3	7164111.0	0.2	0.0	99.8	Other
685577.3	7164511.0	0.0	0.0	100.0	Other
685577.3	7164911.0	0.2	1.4	98.3	Other
685577.3	7165311.0	0.0	0.0	100.0	Other
685577.3	7165711.0	7.9	0.0	92.1	Other
685577.3	7166111.0	0.0	0.0	100.0	Other
685577.3	7166511.0	0.0	0.0	100.0	Other
685577.3	7166911.0	0.0	0.0	100.0	Other
685577.3	7167311.0	0.0	0.0	100.0	Other
685577.3	7167711.0	0.1	0.0	99.9	Other
685577.3	7168111.0	0.8	0.0	99.2	Other
685577.3	7168511.0	6.2	0.0	93.8	Other
685577.3	7168911.0	6.5	0.0	93.5	Other
685577.3	7169311.0	0.0	0.0	100.0	Other
685577.3	7169711.0	0.6	0.0	99.4	Other
685577.3	7170111.0	6.6	0.0	93.4	Other
685577.3	7170511.0	69.9	0.0	30.1	Urban
685577.3	7170911.0	16.4	0.0	83.6	Other
685577.3	7171311.0	37.8	0.0	62.2	Urban
685577.3	7171711.0	43.6	0.0	56.4	Urban
685577.3	7172111.0	69.0	0.0	31.0	Urban
685577.3	7172511.0	94.9	0.0	5.1	Urban
685577.3	7172911.0	96.8	0.0	3.2	Urban
685577.3	7173311.0	96.7	0.0	3.3	Urban
685577.3	7173711.0	95.5	0.0	4.5	Urban
685577.3	7174111.0	82.7	0.0	17.3	Urban
685577.3	7174511.0	71.5	0.0	28.5	Urban
685577.3	7174911.0	58.4	0.0	41.6	Urban
685577.3	7175311.0	39.2	0.0	60.8	Urban
685577.3	7175711.0	21.5	0.0	78.5	Urban
685577.3	7176111.0	3.5	0.0	96.5	Other
685577.3	7176511.0	13.3	0.6	86.1	Other
685577.3	7176911.0	25.5	0.7	73.8	Urban
685577.3	7177311.0	23.9	10.6	65.5	Urban
685577.3	7177711.0	52.7	0.0	47.3	Urban
685577.3	7178111.0	4.6	0.0	95.4	Other
685577.3	7178511.0	51.7	0.0	48.3	Urban
685577.3	7178911.0	93.6	0.0	6.4	Urban
685577.3	7179311.0	16.1	0.0	83.9	Other
685577.3	7179711.0	79.4	0.0	20.6	Urban
685577.3	7180111.0	63.9	0.0	36.1	Urban
685577.3	7180511.0	37.7	0.0	62.3	Urban
685577.3	7180911.0	5.0	0.0	95.0	Other
685577.3	7181311.0	79.4	0.0	20.6	Urban
685577.3	7181711.0	29.2	0.8	70.0	Urban
685577.3	7182111.0	2.3	5.3	92.4	Other
685577.3	7182511.0	10.6	0.0	89.4	Other
685577.3	7182911.0	17.5	0.0	82.5	Other
685577.3	7183311.0	98.1	0.0	1.9	Urban
685577.3	7183711.0	61.0	0.6	38.4	Urban
685577.3	7184111.0	0.0	1.9	98.1	Other
685577.3	7184511.0	33.5	0.0	66.5	Urban
685577.3	7184911.0	88.0	0.0	12.0	Urban
685577.3	7185311.0	90.4	0.0	9.6	Urban
685577.3	7185711.0	63.8	0.0	36.2	Urban
685577.3	7186111.0	87.0	0.0	13.0	Urban
685577.3	7186511.0	77.0	0.0	23.0	Urban
685577.3	7186911.0	8.9	0.0	91.1	Other
685577.3	7187311.0	16.6	0.0	83.4	Other
685577.3	7187711.0	8.2	2.8	88.9	Other
685577.3	7188111.0	0.0	0.0	100.0	Other
685577.3	7188511.0	1.6	0.0	98.4	Other
685577.3	7188911.0	17.9	0.0	82.1	Other
685577.3	7189311.0	51.2	0.0	48.8	Urban
685577.3	7189711.0	9.2	0.0	90.8	Other
685577.3	7190111.0	57.8	1.9	40.3	Urban
685577.3	7190511.0	29.0	0.0	71.0	Urban
685577.3	7190911.0	23.8	0.0	76.2	Urban
685577.3	7191311.0	5.0	1.3	93.7	Other
685577.3	7191711.0	20.8	1.4	77.8	Urban
685577.3	7192111.0	17.6	0.0	82.4	Other
685577.3	7192511.0	0.0	0.0	100.0	Other
685577.3	7192911.0	0.6	0.0	99.4	Other
685577.3	7193311.0	8.0	0.0	92.0	Other
685577.3	7193711.0	92.3	0.0	7.7	Urban
685577.3	7194111.0	99.2	0.0	0.8	Urban
685577.3	7194511.0	91.4	0.0	8.6	Urban
685577.3	7194911.0	93.9	0.0	6.1	Urban
685577.3	7195311.0	46.6	0.0	53.4	Urban
685577.3	7195711.0	17.6	0.0	82.4	Other
685577.3	7196111.0	28.8	0.0	71.2	Urban
685577.3	7196511.0	3.8	0.0	96.2	Other
685577.3	7196911.0	0.0	0.0	100.0	Other
685577.3	7197311.0	17.1	0.0	82.9	Other
685577.3	7197711.0	40.0	0.0	60.0	Urban
685577.3	7198111.0	2.7	0.0	97.3	Other
685577.3	7198511.0	0.1	0.0	99.9	Other
685577.3	7198911.0	1.2	0.0	98.8	Other
685977.3	7158511.0	4.6	0.0	95.4	Other
685977.3	7158911.0	0.2	0.0	99.8	Other
685977.3	7159311.0	1.1	0.0	98.9	Other
685977.3	7159711.0	0.0	0.0	100.0	Other
685977.3	7160111.0	0.0	0.0	100.0	Other
685977.3	7160511.0	3.8	0.0	96.2	Other
685977.3	7160911.0	0.0	0.7	99.3	Other
685977.3	7161311.0	0.9	1.2	97.9	Other
685977.3	7161711.0	0.2	0.0	99.8	Other
685977.3	7162111.0	0.0	0.0	100.0	Other
685977.3	7162511.0	0.0	0.0	100.0	Other
685977.3	7162911.0	0.3	0.2	99.5	Other
685977.3	7163311.0	2.0	3.4	94.6	Other
685977.3	7163711.0	0.0	0.3	99.7	Other
685977.3	7164111.0	0.0	0.0	100.0	Other
685977.3	7164511.0	0.0	0.0	100.0	Other
685977.3	7164911.0	0.2	0.0	99.8	Other
685977.3	7165311.0	0.0	0.0	100.0	Other
685977.3	7165711.0	4.5	0.0	95.5	Other
685977.3	7166111.0	0.0	0.0	100.0	Other
685977.3	7166511.0	0.0	0.0	100.0	Other
685977.3	7166911.0	0.0	0.0	100.0	Other
685977.3	7167311.0	0.0	0.0	100.0	Other
685977.3	7167711.0	0.5	0.0	99.5	Other
685977.3	7168111.0	0.0	0.0	100.0	Other
685977.3	7168511.0	0.0	0.0	100.0	Other
685977.3	7168911.0	3.9	0.0	96.1	Other
685977.3	7169311.0	0.0	0.0	100.0	Other
685977.3	7169711.0	0.3	0.0	99.7	Other
685977.3	7170111.0	6.3	0.0	93.7	Other
685977.3	7170511.0	20.7	10.5	68.8	Urban
685977.3	7170911.0	13.1	0.0	86.9	Other
685977.3	7171311.0	37.2	0.0	62.8	Urban
685977.3	7171711.0	65.4	0.0	34.6	Urban
685977.3	7172111.0	54.3	0.0	45.7	Urban
685977.3	7172511.0	41.9	0.0	58.1	Urban
685977.3	7172911.0	25.0	0.0	75.0	Urban
685977.3	7173311.0	40.3	0.0	59.7	Urban
685977.3	7173711.0	67.7	0.0	32.3	Urban
685977.3	7174111.0	50.4	0.0	49.6	Urban
685977.3	7174511.0	39.0	0.0	61.0	Urban
685977.3	7174911.0	16.8	0.0	83.2	Other
685977.3	7175311.0	80.0	0.0	20.0	Urban
685977.3	7175711.0	21.8	0.2	78.0	Urban
685977.3	7176111.0	8.3	0.0	91.7	Other
685977.3	7176511.0	0.0	1.4	98.6	Other
685977.3	7176911.0	0.0	0.0	100.0	Other
685977.3	7177311.0	0.0	0.0	100.0	Other
685977.3	7177711.0	10.3	0.0	89.7	Other
685977.3	7178111.0	50.2	0.0	49.8	Urban
685977.3	7178511.0	72.8	0.0	27.2	Urban
685977.3	7178911.0	24.2	0.0	75.8	Urban
685977.3	7179311.0	9.3	0.0	90.7	Other
685977.3	7179711.0	74.4	0.0	25.6	Urban
685977.3	7180111.0	85.9	0.0	14.1	Urban
685977.3	7180511.0	82.8	0.0	17.2	Urban
685977.3	7180911.0	47.9	0.0	52.1	Urban
685977.3	7181311.0	82.3	0.0	17.7	Urban
685977.3	7181711.0	32.1	1.6	66.3	Urban
685977.3	7182111.0	15.6	0.0	84.4	Other
685977.3	7182511.0	53.4	0.0	46.6	Urban
685977.3	7182911.0	75.7	0.0	24.3	Urban
685977.3	7183311.0	91.9	0.0	8.1	Urban
685977.3	7183711.0	98.8	0.0	1.2	Urban
685977.3	7184111.0	15.9	0.0	84.1	Other
685977.3	7184511.0	4.5	0.2	95.3	Other
685977.3	7184911.0	24.1	34.2	41.7	Urban
685977.3	7185311.0	21.4	8.7	69.9	Urban
685977.3	7185711.0	6.2	0.0	93.8	Other
685977.3	7186111.0	0.2	0.0	99.8	Other
685977.3	7186511.0	27.8	0.0	72.2	Urban
685977.3	7186911.0	69.1	0.0	30.9	Urban
685977.3	7187311.0	58.5	0.0	41.5	Urban
685977.3	7187711.0	53.3	0.0	46.7	Urban
685977.3	7188111.0	31.8	0.0	68.2	Urban
685977.3	7188511.0	6.6	0.0	93.4	Other
685977.3	7188911.0	2.0	0.0	98.0	Other
685977.3	7189311.0	3.1	0.0	96.9	Other
685977.3	7189711.0	7.1	0.0	92.9	Other
685977.3	7190111.0	16.0	0.0	84.0	Other
685977.3	7190511.0	0.2	0.3	99.5	Other
685977.3	7190911.0	1.1	0.0	98.9	Other
685977.3	7191311.0	2.5	0.0	97.5	Other
685977.3	7191711.0	1.6	4.5	93.9	Other
685977.3	7192111.0	27.6	0.0	72.4	Urban
685977.3	7192511.0	0.0	0.0	100.0	Other
685977.3	7192911.0	3.5	0.0	96.5	Other
685977.3	7193311.0	28.5	0.0	71.5	Urban
685977.3	7193711.0	56.0	0.0	44.0	Urban
685977.3	7194111.0	56.2	0.0	43.8	Urban
685977.3	7194511.0	49.4	0.0	50.6	Urban
685977.3	7194911.0	25.1	0.0	74.9	Urban
685977.3	7195311.0	7.7	0.0	92.3	Other
685977.3	7195711.0	69.5	0.0	30.5	Urban
685977.3	7196111.0	83.8	0.0	16.2	Urban
685977.3	7196511.0	26.2	0.0	73.8	Urban
685977.3	7196911.0	20.0	0.0	80.0	Urban
685977.3	7197311.0	83.7	0.0	16.3	Urban
685977.3	7197711.0	76.8	0.0	23.2	Urban
685977.3	7198111.0	0.0	0.0	100.0	Other
685977.3	7198511.0	7.1	0.0	92.9	Other
685977.3	7198911.0	20.7	0.0	79.3	Urban
686377.3	7158511.0	2.8	0.0	97.2	Other
686377.3	7158911.0	0.0	0.0	100.0	Other
686377.3	7159311.0	2.7	0.0	97.3	Other
686377.3	7159711.0	6.0	1.2	92.7	Other
686377.3	7160111.0	0.0	0.0	100.0	Other
686377.3	7160511.0	6.6	0.0	93.4	Other
686377.3	7160911.0	0.0	0.0	100.0	Other
686377.3	7161311.0	0.7	0.0	99.3	Other
686377.3	7161711.0	0.1	1.5	98.3	Other
686377.3	7162111.0	0.0	0.0	100.0	Other
686377.3	7162511.0	0.0	0.0	100.0	Other
686377.3	7162911.0	0.0	0.0	100.0	Other
686377.3	7163311.0	0.1	0.0	99.9	Other
686377.3	7163711.0	0.0	0.0	100.0	Other
686377.3	7164111.0	0.0	0.0	100.0	Other
686377.3	7164511.0	0.0	0.0	100.0	Other
686377.3	7164911.0	0.0	0.0	100.0	Other
686377.3	7165311.0	0.8	0.0	99.2	Other
686377.3	7165711.0	1.6	0.0	98.4	Other
686377.3	7166111.0	0.0	0.0	100.0	Other
686377.3	7166511.0	0.0	0.0	100.0	Other
686377.3	7166911.0	0.0	0.0	100.0	Other
686377.3	7167311.0	0.0	0.0	100.0	Other
686377.3	7167711.0	0.0	0.0	100.0	Other
686377.3	7168111.0	0.0	0.0	100.0	Other
686377.3	7168511.0	1.1	0.0	98.9	Other
686377.3	7168911.0	0.6	0.0	99.4	Other
686377.3	7169311.0	0.0	0.0	100.0	Other
686377.3	7169711.0	1.5	0.0	98.5	Other
686377.3	7170111.0	27.7	0.0	72.3	Urban
686377.3	7170511.0	4.4	1.7	93.9	Other
686377.3	7170911.0	2.0	0.2	97.8	Other
686377.3	7171311.0	8.8	0.0	91.2	Other
686377.3	7171711.0	33.8	0.0	66.2	Urban
686377.3	7172111.0	12.4	0.0	87.6	Other
686377.3	7172511.0	2.8	0.0	97.2	Other
686377.3	7172911.0	0.0	0.0	100.0	Other
686377.3	7173311.0	16.9	0.0	83.1	Other
686377.3	7173711.0	14.8	0.0	85.2	Other
686377.3	7174111.0	19.2	0.0	80.8	Other
686377.3	7174511.0	12.8	0.0	87.2	Other
686377.3	7174911.0	17.0	0.0	83.0	Other
686377.3	7175311.0	34.7	0.0	65.3	Urban
686377.3	7175711.0	13.4	0.0	86.6	Other
686377.3	7176111.0	1.9	0.0	98.1	Other
686377.3	7176511.0	10.0	0.8	89.2	Other
686377.3	7176911.0	22.7	0.0	77.3	Urban
686377.3	7177311.0	0.7	0.0	99.3	Other
686377.3	7177711.0	18.9	0.0	81.1	Other
686377.3	7178111.0	29.1	0.0	70.9	Urban
686377.3	7178511.0	58.2	0.0	41.8	Urban
686377.3	7178911.0	40.6	0.0	59.4	Urban
686377.3	7179311.0	51.3	0.0	48.7	Urban
686377.3	7179711.0	41.3	0.0	58.7	Urban
686377.3	7180111.0	83.4	0.0	16.6	Urban
686377.3	7180511.0	68.3	0.0	31.7	Urban
686377.3	7180911.0	17.1	0.0	82.9	Other
686377.3	7181311.0	8.3	0.0	91.7	Other
686377.3	7181711.0	26.4	0.0	73.6	Urban
686377.3	7182111.0	4.1	0.0	95.9	Other
686377.3	7182511.0	46.0	0.0	54.0	Urban
686377.3	7182911.0	68.8	0.0	31.2	Urban
686377.3	7183311.0	74.7	0.0	25.3	Urban
686377.3	7183711.0	82.1	0.0	17.9	Urban
686377.3	7184111.0	51.5	0.0	48.5	Urban
686377.3	7184511.0	6.5	2.5	91.0	Other
686377.3	7184911.0	8.7	78.4	12.9	Water
686377.3	7185311.0	3.4	54.3	42.3	Water
686377.3	7185711.0	2.2	7.6	90.1	Other
686377.3	7186111.0	0.2	0.0	99.8	Other
686377.3	7186511.0	9.3	0.0	90.7	Other
686377.3	7186911.0	17.7	0.0	82.3	Other
686377.3	7187311.0	53.2	0.0	46.8	Urban
686377.3	7187711.0	37.8	0.0	62.2	Urban
686377.3	7188111.0	11.9	0.0	88.1	Other
686377.3	7188511.0	18.9	0.0	81.1	Other
686377.3	7188911.0	0.0	0.0	100.0	Other
686377.3	7189311.0	3.2	0.0	96.8	Other
686377.3	7189711.0	1.5	0.5	98.1	Other
686377.3	7190111.0	0.0	0.2	99.8	Other
686377.3	7190511.0	0.6	0.0	99.4	Other
686377.3	7190911.0	2.9	13.4	83.8	Other
686377.3	7191311.0	33.8	1.3	64.9	Urban
686377.3	7191711.0	7.8	0.6	91.7	Other
686377.3	7192111.0	59.0	0.0	41.0	Urban
686377.3	7192511.0	31.9	0.0	68.1	Urban
686377.3	7192911.0	8.3	0.0	91.7	Other
686377.3	7193311.0	53.3	0.0	46.7	Urban
686377.3	7193711.0	35.3	0.0	64.7	Urban
686377.3	7194111.0	0.6	0.0	99.4	Other
686377.3	7194511.0	23.1	0.0	76.9	Urban
686377.3	7194911.0	0.0	0.0	100.0	Other
686377.3	7195311.0	15.0	0.0	85.0	Other
686377.3	7195711.0	52.1	0.0	47.9	Urban
686377.3	7196111.0	77.5	0.0	22.5	Urban
686377.3	7196511.0	14.1	0.0	85.9	Other
686377.3	7196911.0	53.4	0.0	46.6	Urban
686377.3	7197311.0	87.5	0.0	12.5	Urban
686377.3	7197711.0	90.3	0.0	9.7	Urban
686377.3	7198111.0	64.7	0.0	35.3	Urban
686377.3	7198511.0	65.7	0.0	34.3	Urban
686377.3	7198911.0	42.8	0.0	57.2	Urban
686777.3	7158511.0	0.0	0.3	99.7	Other
686777.3	7158911.0	0.0	0.5	99.5	Other
686777.3	7159311.0	0.0	0.0	100.0	Other
686777.3	7159711.0	6.2	0.0	93.8	Other
686777.3	7160111.0	1.1	0.0	98.9	Other
686777.3	7160511.0	1.1	0.0	98.9	Other
686777.3	7160911.0	0.2	1.2	98.7	Other
686777.3	7161311.0	0.0	24.2	75.8	Other
686777.3	7161711.0	0.0	64.4	35.6	Water
686777.3	7162111.0	0.1	0.0	99.9	Other
686777.3	7162511.0	0.0	0.1	99.9	Other
686777.3	7162911.0	0.0	1.0	99.0	Other
686777.3	7163311.0	0.0	0.0	100.0	Other
686777.3	7163711.0	0.0	0.0	100.0	Other
686777.3	7164111.0	0.0	0.0	100.0	Other
686777.3	7164511.0	0.0	0.0	100.0	Other
686777.3	7164911.0	0.0	0.0	100.0	Other
686777.3	7165311.0	0.7	0.0	99.3	Other
686777.3	7165711.0	1.7	0.0	98.3	Other
686777.3	7166111.0	0.0	0.0	100.0	Other
686777.3	7166511.0	0.0	0.0	100.0	Other
686777.3	7166911.0	0.0	0.0	100.0	Other
686777.3	7167311.0	0.0	0.0	100.0	Other
686777.3	7167711.0	0.0	0.0	100.0	Other
686777.3	7168111.0	0.0	0.6	99.4	Other
686777.3	7168511.0	1.7	0.0	98.3	Other
686777.3	7168911.0	0.0	0.0	100.0	Other
686777.3	7169311.0	0.0	0.0	100.0	Other
686777.3	7169711.0	1.2	0.0	98.8	Other
686777.3	7170111.0	10.8	0.0	89.2	Other
686777.3	7170511.0	0.4	0.0	99.6	Other
686777.3	7170911.0	1.0	0.1	98.9	Other
686777.3	7171311.0	0.4	0.0	99.6	Other
686777.3	7171711.0	10.3	0.0	89.7	Other
686777.3	7172111.0	0.2	0.0	99.8	Other
686777.3	7172511.0	0.0	0.0	100.0	Other
686777.3	7172911.0	0.6	0.0	99.4	Other
686777.3	7173311.0	17.2	0.0	82.8	Other
686777.3	7173711.0	36.8	0.0	63.2	Urban
686777.3	7174111.0	26.5	0.0	73.5	Urban
686777.3	7174511.0	96.2	0.0	3.8	Urban
686777.3	7174911.0	34.1	0.0	65.9	Urban
686777.3	7175311.0	38.6	0.1	61.2	Urban
686777.3	7175711.0	20.6	0.0	79.4	Urban
686777.3	7176111.0	1.2	0.6	98.2	Other
686777.3	7176511.0	25.2	0.0	74.8	Urban
686777.3	7176911.0	13.8	0.0	86.2	Other
686777.3	7177311.0	27.3	0.0	72.7	Urban
686777.3	7177711.0	21.7	0.0	78.3	Urban
686777.3	7178111.0	37.2	0.0	62.8	Urban
686777.3	7178511.0	75.8	0.0	24.2	Urban
686777.3	7178911.0	10.6	0.0	89.4	Other
686777.3	7179311.0	68.0	0.0	32.0	Urban
686777.3	7179711.0	82.7	0.0	17.3	Urban
686777.3	7180111.0	70.6	0.0	29.4	Urban
686777.3	7180511.0	44.2	0.0	55.8	Urban
686777.3	7180911.0	0.1	0.0	99.9	Other
686777.3	7181311.0	0.0	0.0	100.0	Other
686777.3	7181711.0	32.6	0.0	67.4	Urban
686777.3	7182111.0	37.6	0.0	62.4	Urban
686777.3	7182511.0	95.2	0.0	4.8	Urban
686777.3	7182911.0	95.6	0.0	4.4	Urban
686777.3	7183311.0	62.0	0.0	38.0	Urban
686777.3	7183711.0	26.1	0.0	73.9	Urban
686777.3	7184111.0	77.8	0.0	22.2	Urban
686777.3	7184511.0	8.7	13.3	78.0	Other
686777.3	7184911.0	0.0	96.3	3.7	Water
686777.3	7185311.0	0.0	73.0	27.0	Water
686777.3	7185711.0	4.2	0.2	95.6	Other
686777.3	7186111.0	2.1	0.0	97.9	Other
686777.3	7186511.0	0.0	0.0	100.0	Other
686777.3	7186911.0	0.0	0.0	100.0	Other
686777.3	7187311.0	4.0	0.0	96.0	Other
686777.3	7187711.0	1.6	0.0	98.4	Other
686777.3	7188111.0	1.5	0.0	98.5	Other
686777.3	7188511.0	4.6	0.0	95.4	Other
686777.3	7188911.0	0.0	0.0	100.0	Other
686777.3	7189311.0	0.0	0.0	100.0	Other
686777.3	7189711.0	0.0	1.2	98.8	Other
686777.3	7190111.0	0.3	0.0	99.7	Other
686777.3	7190511.0	0.3	0.0	99.7	Other
686777.3	7190911.0	9.3	11.0	79.7	Other
686777.3	7191311.0	21.3	0.2	78.5	Urban
686777.3	7191711.0	32.8	0.0	67.2	Urban
686777.3	7192111.0	66.5	0.0	33.5	Urban
686777.3	7192511.0	30.3	0.0	69.7	Urban
686777.3	7192911.0	0.0	0.0	100.0	Other
686777.3	7193311.0	13.5	0.0	86.5	Other
686777.3	7193711.0	15.2	0.0	84.8	Other
686777.3	7194111.0	1.4	0.0	98.6	Other
686777.3	7194511.0	5.9	0.0	94.1	Other
686777.3	7194911.0	0.0	0.0	100.0	Other
686777.3	7195311.0	0.0	0.0	100.0	Other
686777.3	7195711.0	3.1	0.5	96.5	Other
686777.3	7196111.0	18.4	0.0	81.6	Other
686777.3	7196511.0	0.0	0.0	100.0	Other
686777.3	7196911.0	5.6	0.2	94.2	Other
686777.3	7197311.0	6.8	1.3	91.9	Other
686777.3	7197711.0	18.5	0.0	81.5	Other
686777.3	7198111.0	47.9	0.0	52.1	Urban
686777.3	7198511.0	67.5	0.6	31.9	Urban
686777.3	7198911.0	5.4	2.5	92.2	Other
687177.3	7158511.0	0.0	0.0	100.0	Other
687177.3	7158911.0	4.9	22.0	73.1	Other
687177.3	7159311.0	5.4	3.4	91.2	Other
687177.3	7159711.0	0.0	0.1	99.9	Other
687177.3	7160111.0	0.0	0.0	100.0	Other
687177.3	7160511.0	0.9	0.0	99.1	Other
687177.3	7160911.0	0.2	0.7	99.1	Other
687177.3	7161311.0	0.0	47.1	52.9	Other
687177.3	7161711.0	0.0	9.2	90.8	Other
687177.3	7162111.0	0.0	0.0	100.0	Other
687177.3	7162511.0	0.0	0.0	100.0	Other
687177.3	7162911.0	0.0	6.2	93.8	Other
687177.3	7163311.0	0.0	3.4	96.6	Other
687177.3	7163711.0	0.0	0.0	100.0	Other
687177.3	7164111.0	0.0	0.0	100.0	Other
687177.3	7164511.0	1.3	0.0	98.7	Other
687177.3	7164911.0	0.3	0.4	99.3	Other
687177.3	7165311.0	0.5	1.3	98.2	Other
687177.3	7165711.0	1.2	0.0	98.8	Other
687177.3	7166111.0	0.5	0.0	99.5	Other
687177.3	7166511.0	0.0	0.0	100.0	Other
687177.3	7166911.0	0.0	0.0	100.0	Other
687177.3	7167311.0	0.0	0.0	100.0	Other
687177.3	7167711.0	11.0	0.0	89.0	Other
687177.3	7168111.0	2.1	3.1	94.8	Other
687177.3	7168511.0	0.6	2.2	97.2	Other
687177.3	7168911.0	0.5	0.0	99.5	Other
687177.3	7169311.0	1.0	0.0	99.0	Other
687177.3	7169711.0	23.6	0.0	76.4	Urban
687177.3	7170111.0	4.0	0.6	95.3	Other
687177.3	7170511.0	8.6	0.0	91.4	Other
687177.3	7170911.0	30.1	0.0	69.9	Urban
687177.3	7171311.0	8.5	5.1	86.4	Other
687177.3	7171711.0	1.1	0.0	98.9	Other
687177.3	7172111.0	8.5	0.0	91.5	Other
687177.3	7172511.0	0.9	0.0	99.1	Other
687177.3	7172911.0	12.9	0.0	87.1	Other
687177.3	7173311.0	7.0	0.0	93.0	Other
687177.3	7173711.0	2.6	0.0	97.4	Other
687177.3	7174111.0	54.6	0.0	45.4	Urban
687177.3	7174511.0	36.0	0.0	64.0	Urban
687177.3	7174911.0	2.5	0.0	97.5	Other
687177.3	7175311.0	6.3	0.0	93.7	Other
687177.3	7175711.0	13.9	0.0	86.1	Other
687177.3	7176111.0	3.9	0.0	96.1	Other
687177.3	7176511.0	5.0	0.0	95.0	Other
687177.3	7176911.0	63.6	0.0	36.4	Urban
687177.3	7177311.0	81.4	0.0	18.6	Urban
687177.3	7177711.0	18.8	0.0	81.2	Other
687177.3	7178111.0	11.7	0.0	88.3	Other
687177.3	7178511.0	73.2	0.0	26.8	Urban
687177.3	7178911.0	66.2	0.0	33.8	Urban
687177.3	7179311.0	61.4	0.0	38.6	Urban
687177.3	7179711.0	100.0	0.0	0.0	Urban
687177.3	7180111.0	70.6	0.0	29.4	Urban
687177.3	7180511.0	13.5	0.0	86.5	Other
687177.3	7180911.0	1.5	0.4	98.1	Other
687177.3	7181311.0	20.6	0.0	79.4	Urban
687177.3	7181711.0	20.3	0.0	79.7	Urban
687177.3	7182111.0	71.9	0.0	28.1	Urban
687177.3	7182511.0	97.2	0.0	2.8	Urban
687177.3	7182911.0	40.0	0.0	60.0	Urban
687177.3	7183311.0	6.0	0.0	94.0	Other
687177.3	7183711.0	10.4	0.0	89.6	Other
687177.3	7184111.0	41.2	0.0	58.8	Urban
687177.3	7184511.0	11.6	0.4	88.0	Other
687177.3	7184911.0	0.0	31.6	68.4	Other
687177.3	7185311.0	0.0	11.3	88.7	Other
687177.3	7185711.0	0.1	0.0	99.9	Other
687177.3	7186111.0	1.6	0.0	98.4	Other
687177.3	7186511.0	2.0	0.0	98.0	Other
687177.3	7186911.0	8.2	0.0	91.8	Other
687177.3	7187311.0	0.0	0.0	100.0	Other
687177.3	7187711.0	0.0	0.0	100.0	Other
687177.3	7188111.0	0.0	0.0	100.0	Other
687177.3	7188511.0	4.6	0.0	95.4	Other
687177.3	7188911.0	0.0	0.0	100.0	Other
687177.3	7189311.0	0.0	0.0	100.0	Other
687177.3	7189711.0	0.9	0.0	99.1	Other
687177.3	7190111.0	0.4	0.0	99.6	Other
687177.3	7190511.0	1.9	0.0	98.1	Other
687177.3	7190911.0	29.9	0.0	70.1	Urban
687177.3	7191311.0	31.1	0.0	68.9	Urban
687177.3	7191711.0	12.4	0.0	87.6	Other
687177.3	7192111.0	0.0	0.0	100.0	Other
687177.3	7192511.0	23.8	0.0	76.2	Urban
687177.3	7192911.0	0.0	0.0	100.0	Other
687177.3	7193311.0	0.0	0.0	100.0	Other
687177.3	7193711.0	2.8	0.0	97.2	Other
687177.3	7194111.0	0.0	0.0	100.0	Other
687177.3	7194511.0	11.8	0.0	88.2	Other
687177.3	7194911.0	0.0	0.0	100.0	Other
687177.3	7195311.0	5.7	0.0	94.3	Other
687177.3	7195711.0	8.0	0.0	92.0	Other
687177.3	7196111.0	5.6	0.0	94.4	Other
687177.3	7196511.0	9.5	0.0	90.5	Other
687177.3	7196911.0	0.7	0.0	99.3	Other
687177.3	7197311.0	0.0	0.0	100.0	Other
687177.3	7197711.0	0.0	0.0	100.0	Other
687177.3	7198111.0	1.3	0.0	98.7	Other
687177.3	7198511.0	33.8	0.0	66.2	Urban
687177.3	7198911.0	0.6	0.0	99.4	Other
687577.3	7158511.0	0.0	0.0	100.0	Other
687577.3	7158911.0	2.0	0.6	97.4	Other
687577.3	7159311.0	2.6	0.0	97.4	Other
687577.3	7159711.0	0.0	0.0	99.9	Other
687577.3	7160111.0	0.0	0.0	100.0	Other
687577.3	7160511.0	2.7	0.0	97.3	Other
687577.3	7160911.0	0.0	0.2	99.8	Other
687577.3	7161311.0	0.0	0.0	100.0	Other
687577.3	7161711.0	0.0	0.7	99.3	Other
687577.3	7162111.0	0.0	0.0	100.0	Other
687577.3	7162511.0	0.0	0.0	100.0	Other
687577.3	7162911.0	0.0	0.0	100.0	Other
687577.3	7163311.0	0.0	0.0	100.0	Other
687577.3	7163711.0	0.0	0.0	100.0	Other
687577.3	7164111.0	0.0	0.0	100.0	Other
687577.3	7164511.0	0.3	0.4	99.3	Other
687577.3	7164911.0	0.2	0.0	99.8	Other
687577.3	7165311.0	0.1	3.9	96.0	Other
687577.3	7165711.0	0.0	0.0	100.0	Other
687577.3	7166111.0	0.4	0.0	99.6	Other
687577.3	7166511.0	2.2	0.0	97.8	Other
687577.3	7166911.0	2.6	0.0	97.4	Other
687577.3	7167311.0	11.0	0.0	89.0	Other
687577.3	7167711.0	5.1	0.5	94.4	Other
687577.3	7168111.0	3.3	0.0	96.7	Other
687577.3	7168511.0	3.7	0.0	96.3	Other
687577.3	7168911.0	14.5	0.0	85.5	Other
687577.3	7169311.0	6.4	1.4	92.2	Other
687577.3	7169711.0	7.3	0.0	92.7	Other
687577.3	7170111.0	24.4	0.0	75.6	Urban
687577.3	7170511.0	10.3	0.0	89.7	Other
687577.3	7170911.0	17.5	0.0	82.5	Other
687577.3	7171311.0	2.0	0.0	98.0	Other
687577.3	7171711.0	0.9	0.0	99.1	Other
687577.3	7172111.0	2.2	0.0	97.8	Other
687577.3	7172511.0	6.2	0.3	93.5	Other
687577.3	7172911.0	9.9	0.0	90.1	Other
687577.3	7173311.0	6.0	0.0	94.0	Other
687577.3	7173711.0	11.9	0.0	88.1	Other
687577.3	7174111.0	1.3	0.0	98.7	Other
687577.3	7174511.0	3.8	0.0	96.2	Other
687577.3	7174911.0	16.5	0.0	83.5	Other
687577.3	7175311.0	2.6	0.9	96.5	Other
687577.3	7175711.0	7.9	0.0	92.1	Other
687577.3	7176111.0	20.3	0.0	79.7	Urban
687577.3	7176511.0	42.2	0.0	57.8	Urban
687577.3	7176911.0	83.5	0.0	16.5	Urban
687577.3	7177311.0	70.6	0.0	29.4	Urban
687577.3	7177711.0	65.6	9.5	24.9	Urban
687577.3	7178111.0	38.7	10.8	50.6	Urban
687577.3	7178511.0	54.3	0.0	45.7	Urban
687577.3	7178911.0	6.9	0.0	93.1	Other
687577.3	7179311.0	12.0	0.0	88.0	Other
687577.3	7179711.0	14.1	0.0	85.9	Other
687577.3	7180111.0	15.3	0.0	84.7	Other
687577.3	7180511.0	9.4	0.0	90.6	Other
687577.3	7180911.0	4.4	0.0	95.6	Other
687577.3	7181311.0	62.2	0.0	37.8	Urban
687577.3	7181711.0	46.2	0.0	53.8	Urban
687577.3	7182111.0	56.1	0.0	43.9	Urban
687577.3	7182511.0	75.0	0.0	25.0	Urban
687577.3	7182911.0	67.4	0.0	32.6	Urban
687577.3	7183311.0	88.7	0.0	11.3	Urban
687577.3	7183711.0	59.1	0.0	40.9	Urban
687577.3	7184111.0	22.5	0.0	77.4	Urban
687577.3	7184511.0	0.2	1.8	98.1	Other
687577.3	7184911.0	0.0	47.6	52.4	Other
687577.3	7185311.0	0.0	1.2	98.8	Other
687577.3	7185711.0	0.1	0.0	99.9	Other
687577.3	7186111.0	0.0	0.0	100.0	Other
687577.3	7186511.0	0.0	0.0	100.0	Other
687577.3	7186911.0	4.6	0.0	95.4	Other
687577.3	7187311.0	1.2	0.0	98.8	Other
687577.3	7187711.0	0.0	0.0	100.0	Other
687577.3	7188111.0	0.0	0.0	100.0	Other
687577.3	7188511.0	0.0	0.0	100.0	Other
687577.3	7188911.0	0.4	0.0	99.6	Other
687577.3	7189311.0	0.7	0.0	99.3	Other
687577.3	7189711.0	0.2	0.0	99.8	Other
687577.3	7190111.0	0.7	0.0	99.3	Other
687577.3	7190511.0	1.6	0.0	98.4	Other
687577.3	7190911.0	1.9	3.1	95.0	Other
687577.3	7191311.0	18.0	0.0	82.0	Other
687577.3	7191711.0	9.1	0.0	90.9	Other
687577.3	7192111.0	0.2	0.0	99.8	Other
687577.3	7192511.0	58.2	0.0	41.8	Urban
687577.3	7192911.0	3.3	0.0	96.7	Other
687577.3	7193311.0	0.0	0.0	100.0	Other
687577.3	7193711.0	0.7	0.0	99.3	Other
687577.3	7194111.0	4.4	0.0	95.5	Other
687577.3	7194511.0	15.2	0.0	84.8	Other
687577.3	7194911.0	3.5	0.0	96.5	Other
687577.3	7195311.0	7.2	0.0	92.8	Other
687577.3	7195711.0	2.4	0.0	97.6	Other
687577.3	7196111.0	0.8	0.0	99.2	Other
687577.3	7196511.0	0.0	0.0	100.0	Other
687577.3	7196911.0	1.8	0.0	98.2	Other
687577.3	7197311.0	0.6	0.0	99.4	Other
687577.3	7197711.0	0.0	2.1	97.9	Other
687577.3	7198111.0	0.0	0.0	100.0	Other
687577.3	7198511.0	0.0	0.0	100.0	Other
687577.3	7198911.0	0.0	0.0	100.0	Other
687977.3	7158511.0	0.8	1.7	97.5	Other
687977.3	7158911.0	0.0	0.0	100.0	Other
687977.3	7159311.0	2.5	0.0	97.5	Other
687977.3	7159711.0	0.4	0.3	99.4	Other
687977.3	7160111.0	0.0	0.0	100.0	Other
687977.3	7160511.0	0.0	0.6	99.3	Other
687977.3	7160911.0	0.2	0.0	99.8	Other
687977.3	7161311.0	0.1	0.0	99.9	Other
687977.3	7161711.0	0.0	0.0	100.0	Other
687977.3	7162111.0	0.0	5.7	94.2	Other
687977.3	7162511.0	0.0	25.6	74.4	Other
687977.3	7162911.0	0.0	0.0	100.0	Other
687977.3	7163311.0	0.3	0.0	99.7	Other
687977.3	7163711.0	2.5	0.0	97.5	Other
687977.3	7164111.0	5.5	0.0	94.5	Other
687977.3	7164511.0	0.6	0.0	99.4	Other
687977.3	7164911.0	0.6	0.4	99.0	Other
687977.3	7165311.0	1.0	0.0	99.0	Other
687977.3	7165711.0	1.9	0.0	98.1	Other
687977.3	7166111.0	3.3	1.0	95.7	Other
687977.3	7166511.0	3.9	1.7	94.4	Other
687977.3	7166911.0	0.9	0.0	99.1	Other
687977.3	7167311.0	0.0	0.0	100.0	Other
687977.3	7167711.0	10.0	0.0	90.0	Other
687977.3	7168111.0	13.6	0.0	86.4	Other
687977.3	7168511.0	10.1	0.0	89.9	Other
687977.3	7168911.0	9.1	0.0	90.9	Other
687977.3	7169311.0	0.1	4.8	95.0	Other
687977.3	7169711.0	1.3	0.0	98.7	Other
687977.3	7170111.0	1.0	0.2	98.8	Other
687977.3	7170511.0	5.0	2.2	92.8	Other
687977.3	7170911.0	6.9	0.0	93.1	Other
687977.3	7171311.0	4.8	0.0	95.2	Other
687977.3	7171711.0	0.0	0.0	100.0	Other
687977.3	7172111.0	2.1	0.0	97.9	Other
687977.3	7172511.0	6.3	0.0	93.7	Other
687977.3	7172911.0	0.9	0.0	99.1	Other
687977.3	7173311.0	0.0	0.0	100.0	Other
687977.3	7173711.0	0.1	0.0	99.9	Other
687977.3	7174111.0	0.1	0.0	99.9	Other
687977.3	7174511.0	24.5	0.0	75.5	Urban
687977.3	7174911.0	66.5	0.0	33.5	Urban
687977.3	7175311.0	17.8	0.0	82.2	Other
687977.3	7175711.0	45.9	0.0	54.1	Urban
687977.3	7176111.0	41.9	0.0	58.1	Urban
687977.3	7176511.0	82.5	0.0	17.5	Urban
687977.3	7176911.0	57.5	0.0	42.5	Urban
687977.3	7177311.0	26.9	0.0	73.1	Urban
687977.3	7177711.0	79.6	0.0	20.4	Urban
687977.3	7178111.0	28.3	0.0	71.7	Urban
687977.3	7178511.0	4.3	0.0	95.7	Other
687977.3	7178911.0	0.0	0.0	100.0	Other
687977.3	7179311.0	0.0	0.0	100.0	Other
687977.3	7179711.0	0.1	0.0	99.9	Other
687977.3	7180111.0	9.5	0.6	90.0	Other
687977.3	7180511.0	50.7	0.0	49.3	Urban
687977.3	7180911.0	24.3	0.0	75.7	Urban
687977.3	7181311.0	33.0	0.0	67.0	Urban
687977.3	7181711.0	47.8	0.0	52.2	Urban
687977.3	7182111.0	60.9	0.0	39.1	Urban
687977.3	7182511.0	14.1	0.0	85.9	Other
687977.3	7182911.0	91.0	0.0	9.0	Urban
687977.3	7183311.0	100.0	0.0	0.0	Urban
687977.3	7183711.0	90.6	0.0	9.4	Urban
687977.3	7184111.0	10.8	0.6	88.6	Other
687977.3	7184511.0	0.1	9.0	90.9	Other
687977.3	7184911.0	0.0	39.5	60.5	Other
687977.3	7185311.0	0.0	6.5	93.5	Other
687977.3	7185711.0	6.3	0.0	93.7	Other
687977.3	7186111.0	3.9	0.0	96.1	Other
687977.3	7186511.0	0.0	0.0	100.0	Other
687977.3	7186911.0	6.1	0.0	93.9	Other
687977.3	7187311.0	14.2	0.0	85.8	Other
687977.3	7187711.0	0.1	0.0	99.9	Other
687977.3	7188111.0	0.0	0.0	100.0	Other
687977.3	7188511.0	0.0	0.0	100.0	Other
687977.3	7188911.0	0.6	0.0	99.4	Other
687977.3	7189311.0	0.6	0.0	99.4	Other
687977.3	7189711.0	0.0	0.0	100.0	Other
687977.3	7190111.0	0.0	0.0	100.0	Other
687977.3	7190511.0	0.0	0.0	100.0	Other
687977.3	7190911.0	0.1	5.2	94.6	Other
687977.3	7191311.0	4.6	0.0	95.4	Other
687977.3	7191711.0	5.4	0.0	94.6	Other
687977.3	7192111.0	33.2	0.0	66.8	Urban
687977.3	7192511.0	50.7	0.0	49.3	Urban
687977.3	7192911.0	34.8	0.0	65.2	Urban
687977.3	7193311.0	0.4	0.0	99.6	Other
687977.3	7193711.0	10.2	0.0	89.8	Other
687977.3	7194111.0	12.3	0.0	87.7	Other
687977.3	7194511.0	9.0	0.1	90.9	Other
687977.3	7194911.0	0.1	0.0	99.9	Other
687977.3	7195311.0	0.1	0.0	99.9	Other
687977.3	7195711.0	2.5	0.0	97.5	Other
687977.3	7196111.0	0.7	0.0	99.3	Other
687977.3	7196511.0	1.4	0.0	98.6	Other
687977.3	7196911.0	0.1	2.0	97.9	Other
687977.3	7197311.0	0.1	0.0	99.9	Other
687977.3	7197711.0	4.9	0.0	95.1	Other
687977.3	7198111.0	2.6	0.0	97.4	Other
687977.3	7198511.0	1.1	0.0	98.9	Other
687977.3	7198911.0	0.5	0.0	99.5	Other
688377.3	7158511.0	0.1	0.0	99.9	Other
688377.3	7158911.0	0.9	0.0	99.1	Other
688377.3	7159311.0	3.3	2.5	94.2	Other
688377.3	7159711.0	0.0	0.0	100.0	Other
688377.3	7160111.0	0.0	0.0	100.0	Other
688377.3	7160511.0	0.0	0.0	100.0	Other
688377.3	7160911.0	0.2	0.0	99.8	Other
688377.3	7161311.0	0.5	0.0	99.5	Other
688377.3	7161711.0	0.7	0.0	99.3	Other
688377.3	7162111.0	0.0	33.7	66.3	Other
688377.3	7162511.0	0.0	35.9	64.1	Other
688377.3	7162911.0	0.0	0.0	100.0	Other
688377.3	7163311.0	0.0	0.0	100.0	Other
688377.3	7163711.0	0.7	0.0	99.3	Other
688377.3	7164111.0	0.2	0.0	99.8	Other
688377.3	7164511.0	3.4	0.0	96.6	Other
688377.3	7164911.0	0.5	0.5	99.0	Other
688377.3	7165311.0	0.1	0.0	99.9	Other
688377.3	7165711.0	3.8	0.0	96.2	Other
688377.3	7166111.0	0.6	0.0	99.4	Other
688377.3	7166511.0	0.0	0.2	99.8	Other
688377.3	7166911.0	0.0	0.0	100.0	Other
688377.3	7167311.0	0.0	0.0	100.0	Other
688377.3	7167711.0	2.6	1.7	95.7	Other
688377.3	7168111.0	16.7	0.0	83.3	Other
688377.3	7168511.0	29.0	0.0	71.0	Urban
688377.3	7168911.0	7.2	0.0	92.8	Other
688377.3	7169311.0	1.9	0.0	98.1	Other
688377.3	7169711.0	6.5	0.0	93.5	Other
688377.3	7170111.0	0.0	0.1	99.9	Other
688377.3	7170511.0	11.5	13.3	75.2	Other
688377.3	7170911.0	6.8	4.5	88.7	Other
688377.3	7171311.0	4.2	5.1	90.7	Other
688377.3	7171711.0	12.1	1.4	86.4	Other
688377.3	7172111.0	8.2	0.5	91.3	Other
688377.3	7172511.0	4.3	1.9	93.8	Other
688377.3	7172911.0	1.6	6.2	92.1	Other
688377.3	7173311.0	0.0	0.2	99.8	Other
688377.3	7173711.0	0.0	0.0	100.0	Other
688377.3	7174111.0	41.0	0.0	59.0	Urban
688377.3	7174511.0	27.3	0.0	72.7	Urban
688377.3	7174911.0	9.7	0.0	90.3	Other
688377.3	7175311.0	14.8	0.0	85.2	Other
688377.3	7175711.0	26.9	0.0	73.1	Urban
688377.3	7176111.0	58.3	0.0	41.7	Urban
688377.3	7176511.0	97.3	0.0	2.7	Urban
688377.3	7176911.0	49.5	0.0	50.5	Urban
688377.3	7177311.0	33.1	0.0	66.9	Urban
688377.3	7177711.0	85.9	0.0	14.1	Urban
688377.3	7178111.0	45.7	5.9	48.3	Urban
688377.3	7178511.0	0.0	4.8	95.2	Other
688377.3	7178911.0	0.3	0.0	99.7	Other
688377.3	7179311.0	0.2	0.0	99.8	Other
688377.3	7179711.0	0.3	0.0	99.7	Other
688377.3	7180111.0	10.3	0.9	88.8	Other
688377.3	7180511.0	68.3	0.0	31.7	Urban
688377.3	7180911.0	28.3	0.0	71.7	Urban
688377.3	7181311.0	4.7	0.0	95.3	Other
688377.3	7181711.0	31.4	0.0	68.6	Urban
688377.3	7182111.0	15.4	0.0	84.6	Other
688377.3	7182511.0	1.7	0.0	98.3	Other
688377.3	7182911.0	39.6	0.0	60.4	Urban
688377.3	7183311.0	68.8	0.0	31.2	Urban
688377.3	7183711.0	57.9	0.0	42.1	Urban
688377.3	7184111.0	11.2	0.0	88.8	Other
688377.3	7184511.0	0.0	27.1	72.9	Other
688377.3	7184911.0	0.0	12.9	87.1	Other
688377.3	7185311.0	0.0	0.0	100.0	Other
688377.3	7185711.0	2.2	0.0	97.8	Other
688377.3	7186111.0	0.0	0.0	100.0	Other
688377.3	7186511.0	0.0	0.0	100.0	Other
688377.3	7186911.0	0.0	0.0	100.0	Other
688377.3	7187311.0	0.2	0.0	99.8	Other
688377.3	7187711.0	0.2	0.0	99.7	Other
688377.3	7188111.0	0.3	0.0	99.7	Other
688377.3	7188511.0	0.6	0.0	99.4	Other
688377.3	7188911.0	0.3	0.0	99.7	Other
688377.3	7189311.0	0.0	0.0	100.0	Other
688377.3	7189711.0	3.3	0.0	96.7	Other
688377.3	7190111.0	0.0	0.0	100.0	Other
688377.3	7190511.0	2.4	0.0	97.6	Other
688377.3	7190911.0	10.2	13.3	76.5	Other
688377.3	7191311.0	3.7	0.0	96.3	Other
688377.3	7191711.0	29.5	0.0	70.5	Urban
688377.3	7192111.0	80.0	0.0	20.0	Urban
688377.3	7192511.0	54.0	0.0	46.0	Urban
688377.3	7192911.0	53.9	0.0	46.1	Urban
688377.3	7193311.0	13.8	0.0	86.2	Other
688377.3	7193711.0	23.3	0.0	76.7	Urban
688377.3	7194111.0	10.5	0.0	89.5	Other
688377.3	7194511.0	0.9	0.0	99.1	Other
688377.3	7194911.0	0.8	1.3	97.8	Other
688377.3	7195311.0	0.0	0.0	100.0	Other
688377.3	7195711.0	1.4	0.0	98.6	Other
688377.3	7196111.0	0.0	0.0	100.0	Other
688377.3	7196511.0	0.0	0.0	100.0	Other
688377.3	7196911.0	1.9	1.7	96.4	Other
688377.3	7197311.0	0.8	0.0	99.2	Other
688377.3	7197711.0	0.3	0.0	99.7	Other
688377.3	7198111.0	0.0	2.7	97.3	Other
688377.3	7198511.0	0.0	0.0	100.0	Other
688377.3	7198911.0	2.5	0.0	97.5	Other
688777.3	7158511.0	0.6	0.0	99.4	Other
688777.3	7158911.0	1.0	8.5	90.5	Other
688777.3	7159311.0	0.6	0.0	99.4	Other
688777.3	7159711.0	0.9	0.0	99.1	Other
688777.3	7160111.0	0.6	0.0	99.4	Other
688777.3	7160511.0	0.0	0.0	100.0	Other
688777.3	7160911.0	3.1	0.1	96.7	Other
688777.3	7161311.0	0.1	3.2	96.6	Other
688777.3	7161711.0	1.1	0.2	98.8	Other
688777.3	7162111.0	0.0	0.0	100.0	Other
688777.3	7162511.0	0.0	0.0	100.0	Other
688777.3	7162911.0	0.0	0.0	100.0	Other
688777.3	7163311.0	0.0	0.0	100.0	Other
688777.3	7163711.0	0.0	0.0	100.0	Other
688777.3	7164111.0	0.0	0.0	100.0	Other
688777.3	7164511.0	0.8	0.0	99.2	Other
688777.3	7164911.0	0.6	0.0	99.4	Other
688777.3	7165311.0	2.8	0.0	97.2	Other
688777.3	7165711.0	2.9	0.0	97.1	Other
688777.3	7166111.0	0.7	0.0	99.3	Other
688777.3	7166511.0	0.0	0.0	100.0	Other
688777.3	7166911.0	0.0	0.0	100.0	Other
688777.3	7167311.0	0.0	0.0	100.0	Other
688777.3	7167711.0	0.1	0.0	99.9	Other
688777.3	7168111.0	22.2	0.0	77.8	Urban
688777.3	7168511.0	1.5	0.0	98.5	Other
688777.3	7168911.0	0.5	0.0	99.5	Other
688777.3	7169311.0	11.9	0.0	88.1	Other
688777.3	7169711.0	0.1	0.0	99.9	Other
688777.3	7170111.0	0.4	3.5	96.1	Other
688777.3	7170511.0	18.8	0.0	81.2	Other
688777.3	7170911.0	1.2	0.0	98.8	Other
688777.3	7171311.0	1.3	0.4	98.3	Other
688777.3	7171711.0	1.9	0.0	98.1	Other
688777.3	7172111.0	8.3	0.0	91.7	Other
688777.3	7172511.0	14.6	13.5	71.9	Other
688777.3	7172911.0	0.0	15.6	84.4	Other
688777.3	7173311.0	0.0	0.0	100.0	Other
688777.3	7173711.0	0.0	0.0	100.0	Other
688777.3	7174111.0	6.9	0.0	93.1	Other
688777.3	7174511.0	74.1	0.0	25.9	Urban
688777.3	7174911.0	34.0	0.0	66.0	Urban
688777.3	7175311.0	56.5	0.0	43.5	Urban
688777.3	7175711.0	85.1	0.0	14.9	Urban
688777.3	7176111.0	82.5	0.0	17.5	Urban
688777.3	7176511.0	67.3	0.0	32.7	Urban
688777.3	7176911.0	52.8	0.0	47.2	Urban
688777.3	7177311.0	2.2	0.0	97.8	Other
688777.3	7177711.0	9.2	0.0	90.8	Other
688777.3	7178111.0	25.0	0.1	74.9	Urban
688777.3	7178511.0	1.2	0.0	98.8	Other
688777.3	7178911.0	0.0	0.0	100.0	Other
688777.3	7179311.0	3.7	0.0	96.3	Other
688777.3	7179711.0	2.8	0.0	97.2	Other
688777.3	7180111.0	55.1	0.0	44.9	Urban
688777.3	7180511.0	55.3	0.0	44.7	Urban
688777.3	7180911.0	20.2	0.6	79.2	Urban
688777.3	7181311.0	6.0	0.0	94.0	Other
688777.3	7181711.0	4.9	0.3	94.8	Other
688777.3	7182111.0	0.1	0.0	99.9	Other
688777.3	7182511.0	0.0	0.0	100.0	Other
688777.3	7182911.0	0.0	0.0	100.0	Other
688777.3	7183311.0	3.0	0.0	97.0	Other
688777.3	7183711.0	14.1	0.2	85.7	Other
688777.3	7184111.0	0.3	3.1	96.6	Other
688777.3	7184511.0	0.0	1.2	98.8	Other
688777.3	7184911.0	0.0	0.0	100.0	Other
688777.3	7185311.0	0.0	0.0	100.0	Other
688777.3	7185711.0	0.5	0.0	99.5	Other
688777.3	7186111.0	2.5	0.0	97.5	Other
688777.3	7186511.0	0.0	0.0	100.0	Other
688777.3	7186911.0	0.0	0.0	100.0	Other
688777.3	7187311.0	0.0	0.0	100.0	Other
688777.3	7187711.0	0.0	0.0	100.0	Other
688777.3	7188111.0	0.0	0.0	100.0	Other
688777.3	7188511.0	0.0	0.0	100.0	Other
688777.3	7188911.0	0.0	0.0	100.0	Other
688777.3	7189311.0	0.0	0.0	100.0	Other
688777.3	7189711.0	0.0	0.0	100.0	Other
688777.3	7190111.0	0.0	0.0	100.0	Other
688777.3	7190511.0	4.0	0.0	96.0	Other
688777.3	7190911.0	5.0	4.9	90.1	Other
688777.3	7191311.0	15.1	0.0	84.9	Other
688777.3	7191711.0	50.2	0.0	49.8	Urban
688777.3	7192111.0	70.1	0.0	29.9	Urban
688777.3	7192511.0	56.8	0.0	43.2	Urban
688777.3	7192911.0	23.3	0.0	76.7	Urban
688777.3	7193311.0	5.9	0.0	94.1	Other
688777.3	7193711.0	3.4	0.0	96.6	Other
688777.3	7194111.0	32.9	0.0	67.1	Urban
688777.3	7194511.0	1.6	0.0	98.4	Other
688777.3	7194911.0	0.1	0.0	99.9	Other
688777.3	7195311.0	0.0	0.0	100.0	Other
688777.3	7195711.0	0.1	0.0	99.9	Other
688777.3	7196111.0	0.4	0.0	99.6	Other
688777.3	7196511.0	1.4	0.0	98.6	Other
688777.3	7196911.0	0.0	0.0	100.0	Other
688777.3	7197311.0	0.6	0.0	99.4	Other
688777.3	7197711.0	0.0	0.0	100.0	Other
688777.3	7198111.0	0.0	0.0	100.0	Other
688777.3	7198511.0	0.0	0.0	100.0	Other
688777.3	7198911.0	0.0	0.0	100.0	Other
689177.3	7158511.0	0.0	0.0	100.0	Other
689177.3	7158911.0	0.0	0.0	100.0	Other
689177.3	7159311.0	0.0	0.0	100.0	Other
689177.3	7159711.0	0.0	0.0	100.0	Other
689177.3	7160111.0	0.0	0.0	100.0	Other
689177.3	7160511.0	6.3	0.1	93.6	Other
689177.3	7160911.0	0.2	0.0	99.8	Other
689177.3	7161311.0	2.9	3.0	94.1	Other
689177.3	7161711.0	6.0	0.0	94.0	Other
689177.3	7162111.0	1.7	0.0	98.3	Other
689177.3	7162511.0	2.0	0.0	98.0	Other
689177.3	7162911.0	0.8	0.0	99.2	Other
689177.3	7163311.0	1.7	0.0	98.3	Other
689177.3	7163711.0	1.5	0.0	98.5	Other
689177.3	7164111.0	0.0	0.0	100.0	Other
689177.3	7164511.0	0.3	0.0	99.7	Other
689177.3	7164911.0	1.1	0.0	98.9	Other
689177.3	7165311.0	0.4	0.0	99.6	Other
689177.3	7165711.0	0.0	0.0	100.0	Other
689177.3	7166111.0	6.3	0.0	93.7	Other
689177.3	7166511.0	10.3	0.0	89.7	Other
689177.3	7166911.0	0.0	0.0	100.0	Other
689177.3	7167311.0	0.0	0.0	100.0	Other
689177.3	7167711.0	0.0	0.0	100.0	Other
689177.3	7168111.0	0.9	0.0	99.1	Other
689177.3	7168511.0	0.0	0.0	100.0	Other
689177.3	7168911.0	0.0	0.0	100.0	Other
689177.3	7169311.0	0.0	0.0	100.0	Other
689177.3	7169711.0	0.0	0.0	100.0	Other
689177.3	7170111.0	1.8	1.5	96.7	Other
689177.3	7170511.0	11.3	0.0	88.7	Other
689177.3	7170911.0	0.0	0.0	100.0	Other
689177.3	7171311.0	0.3	0.0	99.7	Other
689177.3	7171711.0	1.6	14.2	84.2	Other
689177.3	7172111.0	5.6	1.2	93.2	Other
689177.3	7172511.0	0.5	0.4	99.1	Other
689177.3	7172911.0	0.2	0.0	99.8	Other
689177.3	7173311.0	1.3	0.0	98.6	Other
689177.3	7173711.0	0.0	0.0	100.0	Other
689177.3	7174111.0	0.4	0.0	99.6	Other
689177.3	7174511.0	47.1	0.0	52.9	Urban
689177.3	7174911.0	95.0	0.0	5.0	Urban
689177.3	7175311.0	46.5	0.0	53.5	Urban
689177.3	7175711.0	74.0	0.0	26.0	Urban
689177.3	7176111.0	77.5	0.2	22.3	Urban
689177.3	7176511.0	51.5	0.0	48.5	Urban
689177.3	7176911.0	15.5	0.0	84.5	Other
689177.3	7177311.0	7.5	0.0	92.5	Other
689177.3	7177711.0	0.0	0.0	100.0	Other
689177.3	7178111.0	0.5	0.0	99.5	Other
689177.3	7178511.0	19.1	0.0	80.9	Other
689177.3	7178911.0	6.2	0.0	93.8	Other
689177.3	7179311.0	12.7	0.0	87.3	Other
689177.3	7179711.0	1.4	0.0	98.6	Other
689177.3	7180111.0	2.5	0.0	97.5	Other
689177.3	7180511.0	6.4	0.0	93.6	Other
689177.3	7180911.0	0.4	0.0	99.6	Other
689177.3	7181311.0	0.0	0.0	100.0	Other
689177.3	7181711.0	0.0	0.0	100.0	Other
689177.3	7182111.0	0.0	0.1	99.9	Other
689177.3	7182511.0	0.0	26.3	73.7	Other
689177.3	7182911.0	0.0	12.5	87.5	Other
689177.3	7183311.0	0.0	0.1	99.9	Other
689177.3	7183711.0	10.0	0.0	90.0	Other
689177.3	7184111.0	0.0	0.0	100.0	Other
689177.3	7184511.0	4.3	0.0	95.7	Other
689177.3	7184911.0	0.1	0.0	99.9	Other
689177.3	7185311.0	0.0	0.0	100.0	Other
689177.3	7185711.0	0.0	0.0	100.0	Other
689177.3	7186111.0	0.0	0.0	100.0	Other
689177.3	7186511.0	0.3	11.3	88.3	Other
689177.3	7186911.0	0.0	44.6	55.4	Other
689177.3	7187311.0	0.0	31.5	68.5	Other
689177.3	7187711.0	0.0	35.6	64.3	Other
689177.3	7188111.0	0.1	7.5	92.4	Other
689177.3	7188511.0	0.0	0.0	100.0	Other
689177.3	7188911.0	0.0	0.0	100.0	Other
689177.3	7189311.0	0.0	0.0	100.0	Other
689177.3	7189711.0	6.8	0.0	93.2	Other
689177.3	7190111.0	1.1	0.0	98.9	Other
689177.3	7190511.0	0.0	0.0	100.0	Other
689177.3	7190911.0	0.0	0.0	100.0	Other
689177.3	7191311.0	6.3	0.0	93.7	Other
689177.3	7191711.0	13.9	0.0	86.1	Other
689177.3	7192111.0	13.8	0.0	86.2	Other
689177.3	7192511.0	52.2	4.3	43.6	Urban
689177.3	7192911.0	21.8	0.0	78.2	Urban
689177.3	7193311.0	3.5	0.0	96.5	Other
689177.3	7193711.0	37.2	0.0	62.8	Urban
689177.3	7194111.0	28.1	0.0	71.9	Urban
689177.3	7194511.0	31.2	0.0	68.8	Urban
689177.3	7194911.0	24.2	0.0	75.8	Urban
689177.3	7195311.0	0.0	0.0	100.0	Other
689177.3	7195711.0	6.9	0.0	93.1	Other
689177.3	7196111.0	1.3	0.1	98.6	Other
689177.3	7196511.0	0.0	0.0	100.0	Other
689177.3	7196911.0	0.0	0.0	100.0	Other
689177.3	7197311.0	0.0	0.0	100.0	Other
689177.3	7197711.0	0.0	0.2	99.8	Other
689177.3	7198111.0	0.1	0.0	99.9	Other
689177.3	7198511.0	0.0	0.0	100.0	Other
689177.3	7198911.0	0.0	0.0	100.0	Other
689577.3	7158511.0	0.4	0.0	99.6	Other
689577.3	7158911.0	1.2	0.0	98.8	Other
689577.3	7159311.0	0.0	0.9	99.0	Other
689577.3	7159711.0	1.7	0.0	98.2	Other
689577.3	7160111.0	2.3	0.0	97.7	Other
689577.3	7160511.0	5.1	0.7	94.2	Other
689577.3	7160911.0	1.2	0.0	98.8	Other
689577.3	7161311.0	1.6	0.0	98.4	Other
689577.3	7161711.0	3.6	0.0	96.4	Other
689577.3	7162111.0	0.0	0.0	100.0	Other
689577.3	7162511.0	0.7	0.0	99.3	Other
689577.3	7162911.0	0.5	1.8	97.7	Other
689577.3	7163311.0	10.9	0.1	89.0	Other
689577.3	7163711.0	1.5	0.0	98.5	Other
689577.3	7164111.0	2.5	2.1	95.5	Other
689577.3	7164511.0	0.8	4.2	95.0	Other
689577.3	7164911.0	0.0	3.9	96.1	Other
689577.3	7165311.0	0.0	0.0	100.0	Other
689577.3	7165711.0	0.0	0.7	99.3	Other
689577.3	7166111.0	2.5	9.3	88.2	Other
689577.3	7166511.0	0.0	2.0	98.0	Other
689577.3	7166911.0	0.0	0.2	99.8	Other
689577.3	7167311.0	0.0	0.7	99.3	Other
689577.3	7167711.0	0.5	0.0	99.5	Other
689577.3	7168111.0	7.2	0.0	92.8	Other
689577.3	7168511.0	0.2	0.0	99.8	Other
689577.3	7168911.0	0.0	0.0	100.0	Other
689577.3	7169311.0	0.2	0.0	99.8	Other
689577.3	7169711.0	0.0	0.0	100.0	Other
689577.3	7170111.0	2.8	0.0	97.1	Other
689577.3	7170511.0	7.0	0.0	93.0	Other
689577.3	7170911.0	0.0	0.0	100.0	Other
689577.3	7171311.0	0.0	0.0	100.0	Other
689577.3	7171711.0	0.3	0.0	99.7	Other
689577.3	7172111.0	5.2	0.0	94.8	Other
689577.3	7172511.0	0.0	0.0	100.0	Other
689577.3	7172911.0	0.6	0.0	99.4	Other
689577.3	7173311.0	0.5	0.0	99.5	Other
689577.3	7173711.0	1.2	0.8	98.0	Other
689577.3	7174111.0	17.5	0.3	82.2	Other
689577.3	7174511.0	16.6	0.0	83.4	Other
689577.3	7174911.0	26.4	0.2	73.4	Urban
689577.3	7175311.0	14.9	0.0	85.1	Other
689577.3	7175711.0	22.8	0.0	77.2	Urban
689577.3	7176111.0	71.8	0.9	27.3	Urban
689577.3	7176511.0	12.6	0.0	87.4	Other
689577.3	7176911.0	0.0	0.0	100.0	Other
689577.3	7177311.0	0.1	0.0	99.9	Other
689577.3	7177711.0	0.0	0.0	100.0	Other
689577.3	7178111.0	0.0	0.0	100.0	Other
689577.3	7178511.0	0.0	0.0	100.0	Other
689577.3	7178911.0	8.0	0.0	92.0	Other
689577.3	7179311.0	26.6	0.0	73.4	Urban
689577.3	7179711.0	12.3	0.0	87.7	Other
689577.3	7180111.0	1.9	0.0	98.1	Other
689577.3	7180511.0	1.6	0.0	98.4	Other
689577.3	7180911.0	0.0	0.0	100.0	Other
689577.3	7181311.0	0.0	0.0	100.0	Other
689577.3	7181711.0	0.0	1.1	98.9	Other
689577.3	7182111.0	0.0	41.5	58.5	Other
689577.3	7182511.0	0.0	54.2	45.8	Water
689577.3	7182911.0	0.0	1.2	98.8	Other
689577.3	7183311.0	8.1	1.3	90.6	Other
689577.3	7183711.0	6.4	0.0	93.6	Other
689577.3	7184111.0	2.7	0.0	97.3	Other
689577.3	7184511.0	10.3	0.0	89.7	Other
689577.3	7184911.0	0.0	0.0	100.0	Other
689577.3	7185311.0	0.0	0.0	100.0	Other
689577.3	7185711.0	0.0	0.0	100.0	Other
689577.3	7186111.0	0.0	0.0	100.0	Other
689577.3	7186511.0	2.8	28.4	68.8	Other
689577.3	7186911.0	0.0	100.0	0.0	Water
689577.3	7187311.0	0.0	100.0	0.0	Water
689577.3	7187711.0	0.0	100.0	0.0	Water
689577.3	7188111.0	0.0	80.3	19.7	Water
689577.3	7188511.0	0.0	5.8	94.2	Other
689577.3	7188911.0	0.0	31.1	68.9	Other
689577.3	7189311.0	0.0	7.2	92.8	Other
689577.3	7189711.0	13.1	0.0	86.9	Other
689577.3	7190111.0	13.1	0.0	86.9	Other
689577.3	7190511.0	0.0	0.0	100.0	Other
689577.3	7190911.0	0.0	0.0	100.0	Other
689577.3	7191311.0	0.0	0.0	100.0	Other
689577.3	7191711.0	4.4	0.0	95.6	Other
689577.3	7192111.0	14.3	0.0	85.7	Other
689577.3	7192511.0	11.9	0.0	88.1	Other
689577.3	7192911.0	82.5	0.0	17.5	Urban
689577.3	7193311.0	54.4	0.0	45.6	Urban
689577.3	7193711.0	79.9	0.0	20.1	Urban
689577.3	7194111.0	51.3	0.0	48.7	Urban
689577.3	7194511.0	91.3	0.0	8.7	Urban
689577.3	7194911.0	68.8	0.0	31.2	Urban
689577.3	7195311.0	0.0	0.0	100.0	Other
689577.3	7195711.0	0.5	0.0	99.5	Other
689577.3	7196111.0	0.0	0.0	100.0	Other
689577.3	7196511.0	0.2	0.0	99.8	Other
689577.3	7196911.0	0.0	0.0	100.0	Other
689577.3	7197311.0	0.0	0.0	100.0	Other
689577.3	7197711.0	0.0	8.1	91.9	Other
689577.3	7198111.0	0.0	0.0	100.0	Other
689577.3	7198511.0	0.0	0.0	100.0	Other
689577.3	7198911.0	0.0	0.0	100.0	Other
689977.3	7158511.0	3.1	0.0	96.9	Other
689977.3	7158911.0	0.6	0.0	99.4	Other
689977.3	7159311.0	5.6	0.0	94.4	Other
689977.3	7159711.0	0.7	0.0	99.3	Other
689977.3	7160111.0	0.0	0.0	100.0	Other
689977.3	7160511.0	7.8	0.0	92.2	Other
689977.3	7160911.0	0.4	0.0	99.6	Other
689977.3	7161311.0	0.0	0.0	100.0	Other
689977.3	7161711.0	1.1	0.0	98.9	Other
689977.3	7162111.0	0.0	0.0	100.0	Other
689977.3	7162511.0	0.5	0.0	99.5	Other
689977.3	7162911.0	2.4	0.0	97.6	Other
689977.3	7163311.0	3.8	0.0	96.2	Other
689977.3	7163711.0	1.1	0.0	98.9	Other
689977.3	7164111.0	0.6	0.0	99.4	Other
689977.3	7164511.0	0.6	0.0	99.4	Other
689977.3	7164911.0	2.4	0.0	97.6	Other
689977.3	7165311.0	0.6	0.0	99.3	Other
689977.3	7165711.0	5.1	0.0	94.9	Other
689977.3	7166111.0	5.4	0.0	94.6	Other
689977.3	7166511.0	0.2	0.0	99.8	Other
689977.3	7166911.0	0.0	0.0	100.0	Other
689977.3	7167311.0	0.2	0.0	99.8	Other
689977.3	7167711.0	2.0	1.5	96.5	Other
689977.3	7168111.0	5.8	0.0	94.2	Other
689977.3	7168511.0	0.0	0.0	100.0	Other
689977.3	7168911.0	0.0	0.0	100.0	Other
689977.3	7169311.0	1.2	0.0	98.8	Other
689977.3	7169711.0	0.0	0.0	100.0	Other
689977.3	7170111.0	7.2	2.8	90.0	Other
689977.3	7170511.0	5.3	0.0	94.7	Other
689977.3	7170911.0	0.0	0.0	100.0	Other
689977.3	7171311.0	0.0	0.0	100.0	Other
689977.3	7171711.0	0.0	0.0	100.0	Other
689977.3	7172111.0	0.9	8.8	90.3	Other
689977.3	7172511.0	0.0	2.9	97.1	Other
689977.3	7172911.0	0.4	1.2	98.4	Other
689977.3	7173311.0	0.1	0.0	99.9	Other
689977.3	7173711.0	0.0	0.0	100.0	Other
689977.3	7174111.0	0.4	0.0	99.6	Other
689977.3	7174511.0	0.5	0.0	99.5	Other
689977.3	7174911.0	0.0	0.0	100.0	Other
689977.3	7175311.0	0.0	0.0	100.0	Other
689977.3	7175711.0	6.2	0.0	93.8	Other
689977.3	7176111.0	14.2	0.0	85.8	Other
689977.3	7176511.0	0.0	11.2	88.8	Other
689977.3	7176911.0	0.0	8.8	91.2	Other
689977.3	7177311.0	0.0	0.0	100.0	Other
689977.3	7177711.0	0.0	0.0	100.0	Other
689977.3	7178111.0	0.0	0.0	100.0	Other
689977.3	7178511.0	0.0	0.0	100.0	Other
689977.3	7178911.0	0.0	0.4	99.6	Other
689977.3	7179311.0	2.3	0.0	97.7	Other
689977.3	7179711.0	30.7	0.0	69.3	Urban
689977.3	7180111.0	19.0	0.0	81.0	Other
689977.3	7180511.0	0.2	0.0	99.8	Other
689977.3	7180911.0	1.2	0.0	98.8	Other
689977.3	7181311.0	0.0	0.0	100.0	Other
689977.3	7181711.0	0.0	0.0	100.0	Other
689977.3	7182111.0	0.0	0.0	100.0	Other
689977.3	7182511.0	3.9	0.0	96.1	Other
689977.3	7182911.0	17.5	0.0	82.5	Other
689977.3	7183311.0	27.6	0.0	72.4	Urban
689977.3	7183711.0	2.0	0.0	98.0	Other
689977.3	7184111.0	12.0	0.0	88.0	Other
689977.3	7184511.0	10.3	0.0	89.7	Other
689977.3	7184911.0	0.6	0.0	99.4	Other
689977.3	7185311.0	0.0	0.0	100.0	Other
689977.3	7185711.0	0.0	0.0	100.0	Other
689977.3	7186111.0	0.0	0.0	100.0	Other
689977.3	7186511.0	5.3	31.6	63.1	Other
689977.3	7186911.0	0.0	100.0	0.0	Water
689977.3	7187311.0	0.0	100.0	0.0	Water
689977.3	7187711.0	0.0	100.0	0.0	Water
689977.3	7188111.0	0.0	100.0	0.0	Water
689977.3	7188511.0	0.0	95.9	4.1	Water
689977.3	7188911.0	0.0	100.0	0.0	Water
689977.3	7189311.0	0.0	97.2	2.8	Water
689977.3	7189711.0	0.9	16.1	83.1	Other
689977.3	7190111.0	0.0	0.0	100.0	Other
689977.3	7190511.0	0.0	0.0	100.0	Other
689977.3	7190911.0	0.0	0.0	100.0	Other
689977.3	7191311.0	0.0	0.0	100.0	Other
689977.3	7191711.0	25.9	0.0	74.1	Urban
689977.3	7192111.0	56.9	0.0	43.1	Urban
689977.3	7192511.0	29.4	0.0	70.6	Urban
689977.3	7192911.0	87.8	0.0	12.2	Urban
689977.3	7193311.0	79.9	0.0	20.1	Urban
689977.3	7193711.0	96.3	0.0	3.7	Urban
689977.3	7194111.0	90.6	0.0	9.4	Urban
689977.3	7194511.0	98.8	0.0	1.2	Urban
689977.3	7194911.0	95.9	0.0	4.1	Urban
689977.3	7195311.0	14.8	0.0	85.2	Other
689977.3	7195711.0	0.0	0.0	100.0	Other
689977.3	7196111.0	0.0	0.0	100.0	Other
689977.3	7196511.0	0.0	0.0	100.0	Other
689977.3	7196911.0	0.0	0.0	100.0	Other
689977.3	7197311.0	6.3	0.0	93.7	Other
689977.3	7197711.0	0.0	0.0	100.0	Other
689977.3	7198111.0	0.0	0.0	100.0	Other
689977.3	7198511.0	0.0	0.0	100.0	Other
689977.3	7198911.0	0.0	0.0	100.0	Other
690377.3	7158511.0	0.2	0.0	99.8	Other
690377.3	7158911.0	0.0	0.0	100.0	Other
690377.3	7159311.0	0.0	0.0	100.0	Other
690377.3	7159711.0	1.4	0.0	98.6	Other
690377.3	7160111.0	1.0	0.0	99.0	Other
690377.3	7160511.0	2.8	0.0	97.2	Other
690377.3	7160911.0	2.7	0.0	97.3	Other
690377.3	7161311.0	2.1	0.0	97.9	Other
690377.3	7161711.0	3.3	0.0	96.7	Other
690377.3	7162111.0	1.7	0.0	98.3	Other
690377.3	7162511.0	5.0	0.0	95.0	Other
690377.3	7162911.0	3.4	0.0	96.6	Other
690377.3	7163311.0	1.3	0.0	98.7	Other
690377.3	7163711.0	1.0	0.0	99.0	Other
690377.3	7164111.0	2.2	0.0	97.8	Other
690377.3	7164511.0	3.2	0.0	96.8	Other
690377.3	7164911.0	2.1	0.0	97.9	Other
690377.3	7165311.0	0.5	0.0	99.5	Other
690377.3	7165711.0	0.0	0.0	100.0	Other
690377.3	7166111.0	0.0	0.0	100.0	Other
690377.3	7166511.0	0.0	0.0	100.0	Other
690377.3	7166911.0	0.0	0.0	100.0	Other
690377.3	7167311.0	0.0	0.0	100.0	Other
690377.3	7167711.0	0.9	0.8	98.2	Other
690377.3	7168111.0	6.4	0.0	93.6	Other
690377.3	7168511.0	1.4	0.0	98.6	Other
690377.3	7168911.0	5.0	0.0	95.0	Other
690377.3	7169311.0	1.2	0.0	98.8	Other
690377.3	7169711.0	0.0	0.0	100.0	Other
690377.3	7170111.0	11.2	2.4	86.4	Other
690377.3	7170511.0	0.5	0.0	99.5	Other
690377.3	7170911.0	3.5	0.0	96.5	Other
690377.3	7171311.0	0.3	0.0	99.7	Other
690377.3	7171711.0	0.0	0.0	100.0	Other
690377.3	7172111.0	2.5	8.6	88.8	Other
690377.3	7172511.0	2.2	0.0	97.8	Other
690377.3	7172911.0	0.0	0.0	100.0	Other
690377.3	7173311.0	0.0	0.0	100.0	Other
690377.3	7173711.0	0.0	0.0	100.0	Other
690377.3	7174111.0	0.5	0.0	99.5	Other
690377.3	7174511.0	4.6	0.0	95.4	Other
690377.3	7174911.0	1.4	0.0	98.6	Other
690377.3	7175311.0	3.7	0.0	96.3	Other
690377.3	7175711.0	47.2	0.0	52.8	Urban
690377.3	7176111.0	33.8	0.0	66.2	Urban
690377.3	7176511.0	27.8	0.0	72.2	Urban
690377.3	7176911.0	6.3	0.0	93.7	Other
690377.3	7177311.0	3.6	0.0	96.4	Other
690377.3	7177711.0	0.7	0.0	99.3	Other
690377.3	7178111.0	0.8	0.0	99.2	Other
690377.3	7178511.0	0.0	0.0	100.0	Other
690377.3	7178911.0	3.1	0.1	96.7	Other
690377.3	7179311.0	0.1	1.3	98.6	Other
690377.3	7179711.0	2.5	9.9	87.5	Other
690377.3	7180111.0	14.8	0.0	85.2	Other
690377.3	7180511.0	4.8	0.0	95.2	Other
690377.3	7180911.0	0.0	0.0	100.0	Other
690377.3	7181311.0	0.0	0.0	100.0	Other
690377.3	7181711.0	0.0	0.0	100.0	Other
690377.3	7182111.0	0.0	7.8	92.2	Other
690377.3	7182511.0	0.6	0.0	99.4	Other
690377.3	7182911.0	13.4	0.0	86.6	Other
690377.3	7183311.0	44.9	0.0	55.1	Urban
690377.3	7183711.0	51.0	0.0	49.0	Urban
690377.3	7184111.0	97.3	0.0	2.7	Urban
690377.3	7184511.0	46.6	0.0	53.4	Urban
690377.3	7184911.0	0.0	0.0	100.0	Other
690377.3	7185311.0	0.0	0.0	100.0	Other
690377.3	7185711.0	0.0	0.0	100.0	Other
690377.3	7186111.0	0.0	0.0	100.0	Other
690377.3	7186511.0	2.3	12.7	85.0	Other
690377.3	7186911.0	0.0	45.6	54.4	Other
690377.3	7187311.0	0.0	84.0	16.0	Water
690377.3	7187711.0	0.0	97.4	2.6	Water
690377.3	7188111.0	0.0	100.0	0.0	Water
690377.3	7188511.0	0.0	100.0	0.0	Water
690377.3	7188911.0	0.0	100.0	0.0	Water
690377.3	7189311.0	0.0	100.0	0.0	Water
690377.3	7189711.0	0.0	98.8	1.2	Water
690377.3	7190111.0	0.0	66.1	33.9	Water
690377.3	7190511.0	0.0	9.8	90.2	Other
690377.3	7190911.0	0.0	0.4	99.6	Other
690377.3	7191311.0	0.0	0.1	99.9	Other
690377.3	7191711.0	0.0	0.0	100.0	Other
690377.3	7192111.0	6.1	0.0	93.9	Other
690377.3	7192511.0	39.7	0.0	60.3	Urban
690377.3	7192911.0	90.1	0.0	9.9	Urban
690377.3	7193311.0	83.3	0.0	16.7	Urban
690377.3	7193711.0	73.2	0.0	26.8	Urban
690377.3	7194111.0	67.4	0.0	32.6	Urban
690377.3	7194511.0	83.7	0.0	16.3	Urban
690377.3	7194911.0	94.5	0.0	5.5	Urban
690377.3	7195311.0	10.7	0.0	89.3	Other
690377.3	7195711.0	2.1	0.0	97.9	Other
690377.3	7196111.0	0.3	0.0	99.7	Other
690377.3	7196511.0	0.1	0.0	99.9	Other
690377.3	7196911.0	1.1	0.0	98.9	Other
690377.3	7197311.0	0.5	0.0	99.5	Other
690377.3	7197711.0	0.0	0.0	100.0	Other
690377.3	7198111.0	0.2	0.0	99.8	Other
690377.3	7198511.0	0.0	0.0	100.0	Other
690377.3	7198911.0	0.0	1.8	98.2	Other
690777.3	7158511.0	0.0	0.0	100.0	Other
690777.3	7158911.0	0.0	0.0	100.0	Other
690777.3	7159311.0	0.0	0.0	100.0	Other
690777.3	7159711.0	0.0	0.0	100.0	Other
690777.3	7160111.0	12.5	0.0	87.5	Other
690777.3	7160511.0	8.7	0.0	91.3	Other
690777.3	7160911.0	0.6	0.0	99.4	Other
690777.3	7161311.0	1.6	0.0	98.4	Other
690777.3	7161711.0	0.7	0.0	99.3	Other
690777.3	7162111.0	0.1	0.0	99.9	Other
690777.3	7162511.0	0.1	0.0	99.9	Other
690777.3	7162911.0	0.0	1.9	98.1	Other
690777.3	7163311.0	0.0	0.0	100.0	Other
690777.3	7163711.0	0.2	0.0	99.8	Other
690777.3	7164111.0	0.7	0.0	99.3	Other
690777.3	7164511.0	0.0	0.0	100.0	Other
690777.3	7164911.0	0.0	0.0	100.0	Other
690777.3	7165311.0	0.0	0.0	100.0	Other
690777.3	7165711.0	0.0	0.0	100.0	Other
690777.3	7166111.0	0.0	0.0	100.0	Other
690777.3	7166511.0	0.0	0.0	100.0	Other
690777.3	7166911.0	0.0	0.0	100.0	Other
690777.3	7167311.0	0.9	1.8	97.3	Other
690777.3	7167711.0	4.5	0.1	95.4	Other
690777.3	7168111.0	5.9	0.4	93.7	Other
690777.3	7168511.0	0.0	0.0	100.0	Other
690777.3	7168911.0	0.0	0.0	100.0	Other
690777.3	7169311.0	0.0	0.0	100.0	Other
690777.3	7169711.0	2.0	0.0	98.0	Other
690777.3	7170111.0	0.8	0.0	99.2	Other
690777.3	7170511.0	4.6	0.0	95.4	Other
690777.3	7170911.0	0.3	0.0	99.7	Other
690777.3	7171311.0	0.4	0.0	99.6	Other
690777.3	7171711.0	2.7	0.0	97.3	Other
690777.3	7172111.0	1.1	1.0	97.9	Other
690777.3	7172511.0	0.8	0.0	99.2	Other
690777.3	7172911.0	0.0	0.0	100.0	Other
690777.3	7173311.0	0.1	0.0	99.9	Other
690777.3	7173711.0	0.0	0.0	100.0	Other
690777.3	7174111.0	0.6	0.0	99.4	Other
690777.3	7174511.0	3.1	0.0	96.9	Other
690777.3	7174911.0	16.1	0.0	83.9	Other
690777.3	7175311.0	66.5	0.0	33.5	Urban
690777.3	7175711.0	85.4	0.0	14.6	Urban
690777.3	7176111.0	27.0	0.0	73.0	Urban
690777.3	7176511.0	1.8	0.0	98.2	Other
690777.3	7176911.0	0.9	0.0	99.1	Other
690777.3	7177311.0	8.5	0.0	91.5	Other
690777.3	7177711.0	2.7	0.0	97.3	Other
690777.3	7178111.0	8.1	0.0	91.9	Other
690777.3	7178511.0	1.2	0.0	98.8	Other
690777.3	7178911.0	14.9	0.0	85.1	Other
690777.3	7179311.0	8.1	0.0	91.9	Other
690777.3	7179711.0	7.2	6.7	86.1	Other
690777.3	7180111.0	0.1	4.8	95.0	Other
690777.3	7180511.0	12.5	0.0	87.5	Other
690777.3	7180911.0	0.0	0.0	100.0	Other
690777.3	7181311.0	0.0	0.0	100.0	Other
690777.3	7181711.0	0.2	5.8	94.0	Other
690777.3	7182111.0	1.3	0.6	98.1	Other
690777.3	7182511.0	14.6	0.0	85.4	Other
690777.3	7182911.0	60.9	0.0	39.1	Urban
690777.3	7183311.0	91.4	0.0	8.6	Urban
690777.3	7183711.0	88.1	0.0	11.9	Urban
690777.3	7184111.0	77.4	0.0	22.6	Urban
690777.3	7184511.0	24.2	0.0	75.8	Urban
690777.3	7184911.0	0.0	0.0	100.0	Other
690777.3	7185311.0	0.0	0.0	100.0	Other
690777.3	7185711.0	0.0	0.0	100.0	Other
690777.3	7186111.0	0.0	0.0	100.0	Other
690777.3	7186511.0	0.0	0.0	100.0	Other
690777.3	7186911.0	0.0	0.0	100.0	Other
690777.3	7187311.0	0.0	1.2	98.8	Other
690777.3	7187711.0	0.0	14.1	85.9	Other
690777.3	7188111.0	0.0	33.8	66.2	Other
690777.3	7188511.0	0.0	100.0	0.0	Water
690777.3	7188911.0	0.0	95.3	4.7	Water
690777.3	7189311.0	0.0	99.5	0.5	Water
690777.3	7189711.0	0.0	100.0	0.0	Water
690777.3	7190111.0	0.0	81.4	18.6	Water
690777.3	7190511.0	2.4	2.9	94.7	Other
690777.3	7190911.0	8.2	0.4	91.4	Other
690777.3	7191311.0	0.7	0.1	99.2	Other
690777.3	7191711.0	5.5	0.0	94.5	Other
690777.3	7192111.0	24.2	0.0	75.8	Urban
690777.3	7192511.0	70.0	0.0	30.0	Urban
690777.3	7192911.0	92.5	0.0	7.5	Urban
690777.3	7193311.0	96.2	0.0	3.8	Urban
690777.3	7193711.0	59.8	0.0	40.2	Urban
690777.3	7194111.0	17.7	0.0	82.3	Other
690777.3	7194511.0	43.1	0.0	56.9	Urban
690777.3	7194911.0	17.4	0.0	82.6	Other
690777.3	7195311.0	0.0	0.0	100.0	Other
690777.3	7195711.0	1.5	0.0	98.5	Other
690777.3	7196111.0	1.7	0.0	98.3	Other
690777.3	7196511.0	0.0	0.6	99.4	Other
690777.3	7196911.0	0.5	4.6	94.9	Other
690777.3	7197311.0	0.0	0.0	100.0	Other
690777.3	7197711.0	0.0	0.0	100.0	Other
690777.3	7198111.0	0.0	0.0	100.0	Other
690777.3	7198511.0	0.0	0.0	100.0	Other
690777.3	7198911.0	0.0	0.0	100.0	Other
691177.3	7158511.0	0.0	0.0	100.0	Other
691177.3	7158911.0	0.2	0.0	99.8	Other
691177.3	7159311.0	0.3	0.0	99.7	Other
691177.3	7159711.0	0.6	0.1	99.2	Other
691177.3	7160111.0	2.4	0.0	97.6	Other
691177.3	7160511.0	2.1	0.0	97.9	Other
691177.3	7160911.0	3.5	0.0	96.5	Other
691177.3	7161311.0	0.7	0.0	99.3	Other
691177.3	7161711.0	0.1	0.0	99.9	Other
691177.3	7162111.0	0.0	0.0	100.0	Other
691177.3	7162511.0	1.4	0.0	98.6	Other
691177.3	7162911.0	0.0	0.0	100.0	Other
691177.3	7163311.0	0.0	0.0	100.0	Other
691177.3	7163711.0	0.6	0.0	99.4	Other
691177.3	7164111.0	0.0	0.0	100.0	Other
691177.3	7164511.0	0.0	0.2	99.8	Other
691177.3	7164911.0	0.0	0.0	100.0	Other
691177.3	7165311.0	0.0	2.2	97.8	Other
691177.3	7165711.0	0.0	0.2	99.8	Other
691177.3	7166111.0	0.0	0.0	100.0	Other
691177.3	7166511.0	0.0	0.0	100.0	Other
691177.3	7166911.0	0.5	0.0	99.5	Other
691177.3	7167311.0	0.6	0.0	99.4	Other
691177.3	7167711.0	7.4	0.0	92.6	Other
691177.3	7168111.0	0.9	0.5	98.6	Other
691177.3	7168511.0	0.2	0.0	99.8	Other
691177.3	7168911.0	1.3	0.0	98.7	Other
691177.3	7169311.0	0.0	0.0	100.0	Other
691177.3	7169711.0	0.6	0.0	99.4	Other
691177.3	7170111.0	1.4	0.9	97.7	Other
691177.3	7170511.0	0.0	0.0	100.0	Other
691177.3	7170911.0	0.0	4.5	95.5	Other
691177.3	7171311.0	0.0	0.0	100.0	Other
691177.3	7171711.0	2.4	0.0	97.6	Other
691177.3	7172111.0	2.4	0.0	97.6	Other
691177.3	7172511.0	2.5	0.0	97.5	Other
691177.3	7172911.0	5.6	0.0	94.4	Other
691177.3	7173311.0	6.3	0.5	93.2	Other
691177.3	7173711.0	0.0	0.0	100.0	Other
691177.3	7174111.0	0.0	0.0	100.0	Other
691177.3	7174511.0	3.4	0.0	96.6	Other
691177.3	7174911.0	9.0	0.0	91.0	Other
691177.3	7175311.0	69.5	0.0	30.5	Urban
691177.3	7175711.0	96.1	0.0	3.9	Urban
691177.3	7176111.0	13.6	0.0	86.4	Other
691177.3	7176511.0	0.4	0.0	99.6	Other
691177.3	7176911.0	3.1	2.7	94.2	Other
691177.3	7177311.0	2.3	1.1	96.6	Other
691177.3	7177711.0	0.0	0.0	100.0	Other
691177.3	7178111.0	0.0	0.0	100.0	Other
691177.3	7178511.0	1.2	4.5	94.2	Other
691177.3	7178911.0	41.5	0.0	58.5	Urban
691177.3	7179311.0	9.4	0.0	90.6	Other
691177.3	7179711.0	0.0	0.0	100.0	Other
691177.3	7180111.0	0.0	0.0	100.0	Other
691177.3	7180511.0	2.2	0.0	97.8	Other
691177.3	7180911.0	12.8	0.0	87.2	Other
691177.3	7181311.0	0.0	0.1	99.9	Other
691177.3	7181711.0	0.0	0.0	100.0	Other
691177.3	7182111.0	0.0	0.0	100.0	Other
691177.3	7182511.0	4.6	0.0	95.4	Other
691177.3	7182911.0	53.1	0.0	46.9	Urban
691177.3	7183311.0	26.1	0.0	73.9	Urban
691177.3	7183711.0	5.3	0.0	94.7	Other
691177.3	7184111.0	9.4	0.0	90.6	Other
691177.3	7184511.0	10.2	0.0	89.8	Other
691177.3	7184911.0	40.9	0.0	59.1	Urban
691177.3	7185311.0	21.2	0.0	78.8	Urban
691177.3	7185711.0	0.0	0.0	100.0	Other
691177.3	7186111.0	0.0	0.0	100.0	Other
691177.3	7186511.0	0.0	0.0	100.0	Other
691177.3	7186911.0	0.0	0.0	100.0	Other
691177.3	7187311.0	0.4	0.0	99.6	Other
691177.3	7187711.0	0.0	0.0	100.0	Other
691177.3	7188111.0	0.0	40.3	59.7	Other
691177.3	7188511.0	0.0	67.5	32.5	Water
691177.3	7188911.0	0.0	21.7	78.3	Other
691177.3	7189311.0	0.0	47.9	52.1	Other
691177.3	7189711.0	0.0	96.7	3.3	Water
691177.3	7190111.0	0.0	77.5	22.5	Water
691177.3	7190511.0	2.1	23.2	74.7	Other
691177.3	7190911.0	11.8	0.0	88.2	Other
691177.3	7191311.0	3.0	0.0	97.0	Other
691177.3	7191711.0	20.2	0.0	79.8	Urban
691177.3	7192111.0	23.5	0.0	76.5	Urban
691177.3	7192511.0	80.0	0.0	20.0	Urban
691177.3	7192911.0	96.2	0.0	3.8	Urban
691177.3	7193311.0	96.2	0.0	3.8	Urban
691177.3	7193711.0	98.1	0.0	1.9	Urban
691177.3	7194111.0	28.3	0.0	71.7	Urban
691177.3	7194511.0	16.4	0.0	83.6	Other
691177.3	7194911.0	0.0	0.0	100.0	Other
691177.3	7195311.0	0.1	0.0	99.9	Other
691177.3	7195711.0	0.3	0.0	99.7	Other
691177.3	7196111.0	0.0	0.0	100.0	Other
691177.3	7196511.0	0.0	0.0	100.0	Other
691177.3	7196911.0	0.0	0.0	100.0	Other
691177.3	7197311.0	0.0	0.0	100.0	Other
691177.3	7197711.0	0.0	0.0	100.0	Other
691177.3	7198111.0	0.5	0.0	99.5	Other
691177.3	7198511.0	0.0	0.0	100.0	Other
691177.3	7198911.0	0.0	3.1	96.9	Other
691577.3	7158511.0	0.9	0.0	99.1	Other
691577.3	7158911.0	3.7	0.0	96.3	Other
691577.3	7159311.0	3.4	0.0	96.6	Other
691577.3	7159711.0	8.6	0.0	91.4	Other
691577.3	7160111.0	7.7	0.0	92.3	Other
691577.3	7160511.0	3.7	0.0	96.3	Other
691577.3	7160911.0	0.6	0.0	99.4	Other
691577.3	7161311.0	0.5	0.0	99.5	Other
691577.3	7161711.0	0.6	0.0	99.4	Other
691577.3	7162111.0	1.9	0.0	98.1	Other
691577.3	7162511.0	0.0	0.0	100.0	Other
691577.3	7162911.0	0.5	0.0	99.5	Other
691577.3	7163311.0	2.9	0.1	97.0	Other
691577.3	7163711.0	0.0	0.0	100.0	Other
691577.3	7164111.0	0.0	0.0	100.0	Other
691577.3	7164511.0	0.0	0.0	100.0	Other
691577.3	7164911.0	0.0	3.1	96.9	Other
691577.3	7165311.0	0.0	20.6	79.4	Other
691577.3	7165711.0	0.0	1.0	99.0	Other
691577.3	7166111.0	0.6	0.0	99.4	Other
691577.3	7166511.0	3.8	0.0	96.2	Other
691577.3	7166911.0	0.0	0.0	100.0	Other
691577.3	7167311.0	0.0	0.0	100.0	Other
691577.3	7167711.0	3.2	0.5	96.3	Other
691577.3	7168111.0	0.5	1.8	97.7	Other
691577.3	7168511.0	0.0	0.0	100.0	Other
691577.3	7168911.0	0.0	0.0	100.0	Other
691577.3	7169311.0	0.0	0.0	100.0	Other
691577.3	7169711.0	0.7	0.0	99.3	Other
691577.3	7170111.0	0.3	0.0	99.7	Other
691577.3	7170511.0	0.0	0.0	100.0	Other
691577.3	7170911.0	0.7	0.0	99.3	Other
691577.3	7171311.0	0.0	0.0	100.0	Other
691577.3	7171711.0	0.0	0.0	100.0	Other
691577.3	7172111.0	1.0	0.0	99.0	Other
691577.3	7172511.0	3.5	0.0	96.5	Other
691577.3	7172911.0	0.9	0.0	99.1	Other
691577.3	7173311.0	1.1	1.5	97.4	Other
691577.3	7173711.0	6.2	0.4	93.4	Other
691577.3	7174111.0	11.2	2.8	86.1	Other
691577.3	7174511.0	45.6	0.0	54.4	Urban
691577.3	7174911.0	49.3	0.0	50.7	Urban
691577.3	7175311.0	73.9	0.0	26.1	Urban
691577.3	7175711.0	48.0	0.0	52.0	Urban
691577.3	7176111.0	2.8	0.0	97.2	Other
691577.3	7176511.0	1.0	0.0	99.0	Other
691577.3	7176911.0	1.0	0.0	99.0	Other
691577.3	7177311.0	0.4	1.3	98.3	Other
691577.3	7177711.0	0.5	0.0	99.5	Other
691577.3	7178111.0	0.0	0.0	100.0	Other
691577.3	7178511.0	0.0	22.5	77.5	Other
691577.3	7178911.0	3.2	14.0	82.8	Other
691577.3	7179311.0	4.8	48.5	46.6	Other
691577.3	7179711.0	10.9	13.2	75.9	Other
691577.3	7180111.0	0.0	0.0	100.0	Other
691577.3	7180511.0	0.8	0.0	99.2	Other
691577.3	7180911.0	6.0	0.0	94.0	Other
691577.3	7181311.0	11.5	0.0	88.5	Other
691577.3	7181711.0	0.9	0.0	99.1	Other
691577.3	7182111.0	0.7	6.9	92.4	Other
691577.3	7182511.0	14.4	0.3	85.3	Other
691577.3	7182911.0	62.9	0.0	37.1	Urban
691577.3	7183311.0	48.4	0.0	51.6	Urban
691577.3	7183711.0	3.1	0.0	96.9	Other
691577.3	7184111.0	1.9	0.0	98.1	Other
691577.3	7184511.0	53.0	0.0	47.0	Urban
691577.3	7184911.0	90.8	0.0	9.2	Urban
691577.3	7185311.0	91.0	0.0	9.0	Urban
691577.3	7185711.0	7.5	0.0	92.5	Other
691577.3	7186111.0	12.5	0.0	87.5	Other
691577.3	7186511.0	0.0	0.0	100.0	Other
691577.3	7186911.0	0.4	0.0	99.6	Other
691577.3	7187311.0	15.7	0.0	84.3	Other
691577.3	7187711.0	9.4	0.0	90.6	Other
691577.3	7188111.0	0.0	3.2	96.8	Other
691577.3	7188511.0	0.0	6.2	93.8	Other
691577.3	7188911.0	0.0	5.2	94.8	Other
691577.3	7189311.0	0.0	0.0	100.0	Other
691577.3	7189711.0	0.0	13.6	86.4	Other
691577.3	7190111.0	0.0	61.9	38.1	Water
691577.3	7190511.0	0.0	12.6	87.4	Other
691577.3	7190911.0	1.2	0.0	98.8	Other
691577.3	7191311.0	5.2	0.0	94.8	Other
691577.3	7191711.0	14.4	9.2	76.3	Other
691577.3	7192111.0	22.8	0.0	77.2	Urban
691577.3	7192511.0	43.8	0.0	56.2	Urban
691577.3	7192911.0	75.3	0.0	24.7	Urban
691577.3	7193311.0	91.0	0.0	9.0	Urban
691577.3	7193711.0	97.1	0.0	2.9	Urban
691577.3	7194111.0	44.1	0.0	55.9	Urban
691577.3	7194511.0	0.0	0.0	100.0	Other
691577.3	7194911.0	0.0	0.0	100.0	Other
691577.3	7195311.0	0.0	0.0	100.0	Other
691577.3	7195711.0	0.4	0.0	99.6	Other
691577.3	7196111.0	0.0	0.0	100.0	Other
691577.3	7196511.0	0.0	0.0	100.0	Other
691577.3	7196911.0	0.5	0.0	99.5	Other
691577.3	7197311.0	0.4	0.0	99.6	Other
691577.3	7197711.0	0.0	0.0	100.0	Other
691577.3	7198111.0	0.0	0.6	99.4	Other
691577.3	7198511.0	0.0	0.0	100.0	Other
691577.3	7198911.0	0.0	0.7	99.3	Other
