X[m]	Y[m]	Urban[%]	Water[%]	Other[%]	Classification
652789.6	7452133.0	0.0	0.0	100.0	Other
652789.6	7452333.0	0.0	0.0	100.0	Other
652789.6	7452533.0	0.0	0.0	100.0	Other
652789.6	7452733.0	0.0	0.0	100.0	Other
652789.6	7452933.0	8.3	0.0	91.7	Other
652789.6	7453133.0	39.7	0.0	60.3	Urban
652789.6	7453333.0	19.6	0.0	80.4	Other
652789.6	7453533.0	12.0	0.0	88.0	Other
652789.6	7453733.0	25.5	0.0	74.5	Urban
652789.6	7453933.0	0.0	0.0	100.0	Other
652789.6	7454133.0	16.3	0.0	83.7	Other
652789.6	7454333.0	4.0	0.0	96.0	Other
652789.6	7454533.0	0.0	0.0	100.0	Other
652789.6	7454733.0	0.0	0.0	100.0	Other
652789.6	7454933.0	6.3	0.0	93.7	Other
652789.6	7455133.0	37.9	0.0	62.1	Urban
652789.6	7455333.0	0.0	0.0	100.0	Other
652789.6	7455533.0	16.2	0.0	83.8	Other
652789.6	7455733.0	15.2	0.0	84.8	Other
652789.6	7455933.0	6.0	0.0	94.0	Other
652789.6	7456133.0	6.7	0.0	93.3	Other
652789.6	7456333.0	28.4	0.0	71.6	Urban
652789.6	7456533.0	79.3	0.0	20.7	Urban
652789.6	7456733.0	10.7	0.0	89.3	Other
652789.6	7456933.0	0.0	0.0	100.0	Other
652789.6	7457133.0	0.0	0.0	100.0	Other
652789.6	7457333.0	0.0	0.0	100.0	Other
652789.6	7457533.0	0.0	0.0	100.0	Other
652789.6	7457733.0	0.0	0.0	100.0	Other
652789.6	7457933.0	0.0	0.0	100.0	Other
652789.6	7458133.0	0.0	0.0	100.0	Other
652789.6	7458333.0	0.0	0.0	100.0	Other
652789.6	7458533.0	0.0	0.0	100.0	Other
652789.6	7458733.0	0.0	0.0	100.0	Other
652789.6	7458933.0	0.0	0.0	100.0	Other
652789.6	7459133.0	0.0	0.0	100.0	Other
652789.6	7459333.0	0.0	0.0	100.0	Other
652789.6	7459533.0	0.0	0.0	100.0	Other
652789.6	7459733.0	0.0	0.0	100.0	Other
652789.6	7459933.0	0.0	0.0	100.0	Other
652789.6	7460133.0	0.0	0.0	100.0	Other
652789.6	7460333.0	0.0	0.0	100.0	Other
652789.6	7460533.0	0.0	0.0	100.0	Other
652789.6	7460733.0	0.0	0.0	100.0	Other
652789.6	7460933.0	0.0	0.0	100.0	Other
652789.6	7461133.0	0.0	0.0	100.0	Other
652789.6	7461333.0	0.0	0.0	100.0	Other
652789.6	7461533.0	0.0	0.0	100.0	Other
652789.6	7461733.0	0.0	0.0	100.0	Other
652789.6	7461933.0	0.0	0.0	100.0	Other
652789.6	7462133.0	0.0	0.0	100.0	Other
652789.6	7462333.0	0.0	0.0	100.0	Other
652789.6	7462533.0	0.0	0.0	100.0	Other
652789.6	7462733.0	0.0	0.0	100.0	Other
652789.6	7462933.0	0.0	0.0	100.0	Other
652789.6	7463133.0	0.0	0.0	100.0	Other
652789.6	7463333.0	0.0	0.0	100.0	Other
652789.6	7463533.0	0.0	0.0	100.0	Other
652789.6	7463733.0	0.0	0.0	100.0	Other
652789.6	7463933.0	0.4	0.0	99.6	Other
652789.6	7464133.0	0.0	0.0	100.0	Other
652789.6	7464333.0	0.0	0.0	100.0	Other
652789.6	7464533.0	0.5	0.0	99.5	Other
652789.6	7464733.0	15.4	0.0	84.6	Other
652789.6	7464933.0	4.9	0.0	95.1	Other
652789.6	7465133.0	0.0	0.0	100.0	Other
652789.6	7465333.0	0.0	0.0	100.0	Other
652789.6	7465533.0	0.0	0.0	100.0	Other
652789.6	7465733.0	22.6	0.0	77.4	Urban
652789.6	7465933.0	30.8	0.0	69.2	Urban
652789.6	7466133.0	1.6	0.0	98.4	Other
652789.6	7466333.0	0.0	0.0	100.0	Other
652789.6	7466533.0	0.0	0.0	100.0	Other
652789.6	7466733.0	0.0	0.0	100.0	Other
652789.6	7466933.0	0.0	0.0	100.0	Other
652789.6	7467133.0	0.0	0.0	100.0	Other
652789.6	7467333.0	0.0	0.0	100.0	Other
652789.6	7467533.0	0.0	0.0	100.0	Other
652789.6	7467733.0	0.0	0.0	100.0	Other
652789.6	7467933.0	0.0	0.0	100.0	Other
652789.6	7468133.0	0.0	0.0	100.0	Other
652789.6	7468333.0	35.3	0.0	64.7	Urban
652789.6	7468533.0	94.2	0.0	5.8	Urban
652789.6	7468733.0	96.6	0.0	3.4	Urban
652789.6	7468933.0	88.4	0.0	11.6	Urban
652789.6	7469133.0	83.7	0.0	16.3	Urban
652789.6	7469333.0	93.8	0.0	6.2	Urban
652789.6	7469533.0	34.8	0.0	65.2	Urban
652789.6	7469733.0	49.5	0.0	50.5	Urban
652789.6	7469933.0	93.3	0.0	6.7	Urban
652789.6	7470133.0	98.9	0.0	1.1	Urban
652789.6	7470333.0	97.5	0.0	2.5	Urban
652789.6	7470533.0	91.5	0.0	8.5	Urban
652789.6	7470733.0	55.1	0.0	44.9	Urban
652789.6	7470933.0	92.9	0.0	7.1	Urban
652789.6	7471133.0	83.9	0.0	16.1	Urban
652789.6	7471333.0	27.0	0.0	73.0	Urban
652789.6	7471533.0	0.0	0.0	100.0	Other
652789.6	7471733.0	0.0	0.0	100.0	Other
652989.6	7451933.0	0.0	0.0	100.0	Other
652989.6	7452133.0	0.0	0.0	100.0	Other
652989.6	7452333.0	0.0	0.0	100.0	Other
652989.6	7452533.0	0.2	0.0	99.8	Other
652989.6	7452733.0	6.2	0.0	93.8	Other
652989.6	7452933.0	0.0	0.0	100.0	Other
652989.6	7453133.0	0.0	0.0	100.0	Other
652989.6	7453333.0	38.0	0.0	62.0	Urban
652989.6	7453533.0	40.2	0.0	59.8	Urban
652989.6	7453733.0	25.7	0.0	74.3	Urban
652989.6	7453933.0	0.0	0.0	100.0	Other
652989.6	7454133.0	0.0	0.0	100.0	Other
652989.6	7454333.0	2.1	0.0	97.9	Other
652989.6	7454533.0	0.0	0.0	100.0	Other
652989.6	7454733.0	0.0	0.0	100.0	Other
652989.6	7454933.0	0.0	0.0	100.0	Other
652989.6	7455133.0	15.1	0.0	84.9	Other
652989.6	7455333.0	0.0	0.0	100.0	Other
652989.6	7455533.0	48.2	0.0	51.8	Urban
652989.6	7455733.0	30.1	0.0	69.9	Urban
652989.6	7455933.0	59.8	0.0	40.2	Urban
652989.6	7456133.0	24.1	0.0	75.9	Urban
652989.6	7456333.0	7.1	0.0	92.9	Other
652989.6	7456533.0	38.9	0.0	61.1	Urban
652989.6	7456733.0	3.7	0.0	96.3	Other
652989.6	7456933.0	0.0	0.0	100.0	Other
652989.6	7457133.0	0.0	0.0	100.0	Other
652989.6	7457333.0	0.0	0.0	100.0	Other
652989.6	7457533.0	0.0	0.0	100.0	Other
652989.6	7457733.0	0.0	0.0	100.0	Other
652989.6	7457933.0	1.8	0.0	98.2	Other
652989.6	7458133.0	0.0	0.0	100.0	Other
652989.6	7458333.0	0.0	0.0	100.0	Other
652989.6	7458533.0	0.0	0.0	100.0	Other
652989.6	7458733.0	0.0	0.0	100.0	Other
652989.6	7458933.0	0.0	0.0	100.0	Other
652989.6	7459133.0	0.0	0.0	100.0	Other
652989.6	7459333.0	0.0	0.0	100.0	Other
652989.6	7459533.0	0.0	0.0	100.0	Other
652989.6	7459733.0	0.0	0.0	100.0	Other
652989.6	7459933.0	0.0	0.0	100.0	Other
652989.6	7460133.0	0.0	0.0	100.0	Other
652989.6	7460333.0	0.0	0.0	100.0	Other
652989.6	7460533.0	0.0	0.0	100.0	Other
652989.6	7460733.0	0.0	0.0	100.0	Other
652989.6	7460933.0	0.0	0.0	100.0	Other
652989.6	7461133.0	0.0	0.0	100.0	Other
652989.6	7461333.0	0.0	0.0	100.0	Other
652989.6	7461533.0	0.0	0.0	100.0	Other
652989.6	7461733.0	0.0	0.0	100.0	Other
652989.6	7461933.0	0.0	0.0	100.0	Other
652989.6	7462133.0	0.0	0.0	100.0	Other
652989.6	7462333.0	0.0	0.0	100.0	Other
652989.6	7462533.0	0.0	0.0	100.0	Other
652989.6	7462733.0	0.0	0.0	100.0	Other
652989.6	7462933.0	0.0	0.0	100.0	Other
652989.6	7463133.0	0.0	0.0	100.0	Other
652989.6	7463333.0	0.0	0.0	100.0	Other
652989.6	7463533.0	0.0	0.0	100.0	Other
652989.6	7463733.0	0.0	0.0	100.0	Other
652989.6	7463933.0	0.0	0.0	100.0	Other
652989.6	7464133.0	0.0	0.0	100.0	Other
652989.6	7464333.0	0.0	0.0	100.0	Other
652989.6	7464533.0	0.0	0.0	100.0	Other
652989.6	7464733.0	13.0	0.0	87.0	Other
652989.6	7464933.0	12.0	0.0	88.0	Other
652989.6	7465133.0	0.0	0.0	100.0	Other
652989.6	7465333.0	0.0	0.0	100.0	Other
652989.6	7465533.0	0.0	0.0	100.0	Other
652989.6	7465733.0	7.1	0.0	92.9	Other
652989.6	7465933.0	12.5	0.0	87.5	Other
652989.6	7466133.0	6.9	0.0	93.1	Other
652989.6	7466333.0	0.0	0.0	100.0	Other
652989.6	7466533.0	0.0	0.0	100.0	Other
652989.6	7466733.0	0.0	0.0	100.0	Other
652989.6	7466933.0	0.0	0.0	100.0	Other
652989.6	7467133.0	0.0	0.0	100.0	Other
652989.6	7467333.0	0.0	0.0	100.0	Other
652989.6	7467533.0	0.0	0.0	100.0	Other
652989.6	7467733.0	0.0	0.0	100.0	Other
652989.6	7467933.0	0.0	0.0	100.0	Other
652989.6	7468133.0	0.0	0.0	100.0	Other
652989.6	7468333.0	22.1	0.0	77.9	Urban
652989.6	7468533.0	97.4	0.0	2.6	Urban
652989.6	7468733.0	95.3	0.0	4.7	Urban
652989.6	7468933.0	95.8	0.0	4.2	Urban
652989.6	7469133.0	82.2	0.0	17.8	Urban
652989.6	7469333.0	30.6	0.0	69.4	Urban
652989.6	7469533.0	8.2	0.0	91.8	Other
652989.6	7469733.0	25.9	0.0	74.1	Urban
652989.6	7469933.0	80.4	0.0	19.6	Urban
652989.6	7470133.0	98.7	0.0	1.3	Urban
652989.6	7470333.0	84.8	0.0	15.2	Urban
652989.6	7470533.0	79.2	0.0	20.8	Urban
652989.6	7470733.0	90.6	0.0	9.4	Urban
652989.6	7470933.0	98.0	0.0	2.0	Urban
652989.6	7471133.0	71.7	0.0	28.3	Urban
652989.6	7471333.0	14.9	0.0	85.1	Other
652989.6	7471533.0	0.0	0.0	100.0	Other
652989.6	7471733.0	0.0	0.0	100.0	Other
653189.6	7451933.0	0.0	0.0	100.0	Other
653189.6	7452133.0	0.0	0.0	100.0	Other
653189.6	7452333.0	0.0	0.0	100.0	Other
653189.6	7452533.0	3.6	0.0	96.4	Other
653189.6	7452733.0	62.0	0.0	38.0	Urban
653189.6	7452933.0	7.1	0.0	92.9	Other
653189.6	7453133.0	5.4	0.0	94.6	Other
653189.6	7453333.0	13.0	0.0	87.0	Other
653189.6	7453533.0	39.7	0.0	60.3	Urban
653189.6	7453733.0	12.9	0.0	87.1	Other
653189.6	7453933.0	7.1	0.0	92.9	Other
653189.6	7454133.0	0.0	0.0	100.0	Other
653189.6	7454333.0	0.0	0.0	100.0	Other
653189.6	7454533.0	0.0	0.0	100.0	Other
653189.6	7454733.0	0.0	0.0	100.0	Other
653189.6	7454933.0	0.0	0.0	100.0	Other
653189.6	7455133.0	0.0	0.0	100.0	Other
653189.6	7455333.0	0.0	0.0	100.0	Other
653189.6	7455533.0	54.7	0.0	45.3	Urban
653189.6	7455733.0	53.4	0.0	46.6	Urban
653189.6	7455933.0	13.8	0.0	86.2	Other
653189.6	7456133.0	0.9	0.0	99.1	Other
653189.6	7456333.0	6.6	0.0	93.4	Other
653189.6	7456533.0	25.9	0.0	74.1	Urban
653189.6	7456733.0	3.8	0.0	96.2	Other
653189.6	7456933.0	0.0	0.0	100.0	Other
653189.6	7457133.0	8.5	0.0	91.5	Other
653189.6	7457333.0	3.0	0.0	97.0	Other
653189.6	7457533.0	21.9	0.0	78.1	Urban
653189.6	7457733.0	12.5	0.0	87.5	Other
653189.6	7457933.0	23.6	0.0	76.4	Urban
653189.6	7458133.0	0.0	0.0	100.0	Other
653189.6	7458333.0	0.0	0.0	100.0	Other
653189.6	7458533.0	0.0	0.0	100.0	Other
653189.6	7458733.0	0.0	0.0	100.0	Other
653189.6	7458933.0	0.0	0.0	100.0	Other
653189.6	7459133.0	0.0	0.0	100.0	Other
653189.6	7459333.0	0.0	0.0	100.0	Other
653189.6	7459533.0	0.0	0.0	100.0	Other
653189.6	7459733.0	0.0	0.0	100.0	Other
653189.6	7459933.0	0.0	0.0	100.0	Other
653189.6	7460133.0	0.0	0.0	100.0	Other
653189.6	7460333.0	0.0	0.0	100.0	Other
653189.6	7460533.0	0.0	0.0	100.0	Other
653189.6	7460733.0	0.0	0.0	100.0	Other
653189.6	7460933.0	0.0	0.0	100.0	Other
653189.6	7461133.0	0.0	0.0	100.0	Other
653189.6	7461333.0	0.0	0.0	100.0	Other
653189.6	7461533.0	0.0	0.0	100.0	Other
653189.6	7461733.0	0.0	0.0	100.0	Other
653189.6	7461933.0	0.0	0.0	100.0	Other
653189.6	7462133.0	0.0	0.0	100.0	Other
653189.6	7462333.0	0.0	0.0	100.0	Other
653189.6	7462533.0	0.0	0.0	100.0	Other
653189.6	7462733.0	0.0	0.0	100.0	Other
653189.6	7462933.0	0.0	0.0	100.0	Other
653189.6	7463133.0	0.0	0.0	100.0	Other
653189.6	7463333.0	0.0	0.0	100.0	Other
653189.6	7463533.0	0.0	0.0	100.0	Other
653189.6	7463733.0	0.0	0.0	100.0	Other
653189.6	7463933.0	0.0	0.0	100.0	Other
653189.6	7464133.0	0.0	0.0	100.0	Other
653189.6	7464333.0	0.0	0.0	100.0	Other
653189.6	7464533.0	0.0	0.0	100.0	Other
653189.6	7464733.0	0.0	0.0	100.0	Other
653189.6	7464933.0	6.0	0.0	94.0	Other
653189.6	7465133.0	0.7	0.0	99.3	Other
653189.6	7465333.0	0.0	0.0	100.0	Other
653189.6	7465533.0	0.0	0.0	100.0	Other
653189.6	7465733.0	0.0	0.0	100.0	Other
653189.6	7465933.0	0.0	0.0	100.0	Other
653189.6	7466133.0	0.0	0.0	100.0	Other
653189.6	7466333.0	0.0	0.0	100.0	Other
653189.6	7466533.0	0.0	0.0	100.0	Other
653189.6	7466733.0	0.0	0.0	100.0	Other
653189.6	7466933.0	0.0	0.0	100.0	Other
653189.6	7467133.0	0.0	0.0	100.0	Other
653189.6	7467333.0	0.0	0.0	100.0	Other
653189.6	7467533.0	0.0	0.0	100.0	Other
653189.6	7467733.0	0.0	0.0	100.0	Other
653189.6	7467933.0	0.0	0.0	100.0	Other
653189.6	7468133.0	6.3	0.0	93.7	Other
653189.6	7468333.0	0.2	0.0	99.8	Other
653189.6	7468533.0	63.6	0.0	36.4	Urban
653189.6	7468733.0	63.2	0.0	36.8	Urban
653189.6	7468933.0	76.0	0.0	24.0	Urban
653189.6	7469133.0	81.2	0.0	18.8	Urban
653189.6	7469333.0	51.3	0.0	48.7	Urban
653189.6	7469533.0	42.0	0.0	58.0	Urban
653189.6	7469733.0	13.6	0.0	86.4	Other
653189.6	7469933.0	19.6	0.0	80.4	Other
653189.6	7470133.0	87.3	0.0	12.7	Urban
653189.6	7470333.0	87.7	0.0	12.3	Urban
653189.6	7470533.0	25.0	0.0	75.0	Urban
653189.6	7470733.0	60.5	0.0	39.5	Urban
653189.6	7470933.0	78.8	0.0	21.2	Urban
653189.6	7471133.0	82.6	0.0	17.4	Urban
653189.6	7471333.0	52.2	0.0	47.8	Urban
653189.6	7471533.0	0.0	0.0	100.0	Other
653189.6	7471733.0	0.0	0.0	100.0	Other
653389.6	7451933.0	0.0	0.0	100.0	Other
653389.6	7452133.0	0.0	0.0	100.0	Other
653389.6	7452333.0	0.0	0.0	100.0	Other
653389.6	7452533.0	0.0	0.0	100.0	Other
653389.6	7452733.0	8.0	0.0	92.0	Other
653389.6	7452933.0	7.6	0.0	92.4	Other
653389.6	7453133.0	9.2	0.0	90.8	Other
653389.6	7453333.0	0.0	0.0	100.0	Other
653389.6	7453533.0	32.1	0.0	67.9	Urban
653389.6	7453733.0	29.5	0.0	70.5	Urban
653389.6	7453933.0	5.8	0.0	94.2	Other
653389.6	7454133.0	0.0	0.0	100.0	Other
653389.6	7454333.0	0.0	0.0	100.0	Other
653389.6	7454533.0	0.0	0.0	100.0	Other
653389.6	7454733.0	0.0	0.0	100.0	Other
653389.6	7454933.0	0.0	0.0	100.0	Other
653389.6	7455133.0	0.0	0.0	100.0	Other
653389.6	7455333.0	0.0	0.0	100.0	Other
653389.6	7455533.0	17.2	0.0	82.8	Other
653389.6	7455733.0	32.3	0.0	67.7	Urban
653389.6	7455933.0	16.7	0.0	83.3	Other
653389.6	7456133.0	12.0	0.0	88.0	Other
653389.6	7456333.0	3.6	0.0	96.4	Other
653389.6	7456533.0	7.2	0.0	92.8	Other
653389.6	7456733.0	21.0	0.0	79.0	Urban
653389.6	7456933.0	12.7	0.0	87.3	Other
653389.6	7457133.0	27.4	0.0	72.6	Urban
653389.6	7457333.0	16.5	0.0	83.5	Other
653389.6	7457533.0	32.5	0.0	67.5	Urban
653389.6	7457733.0	6.9	0.0	93.1	Other
653389.6	7457933.0	18.7	0.0	81.3	Other
653389.6	7458133.0	0.9	0.0	99.1	Other
653389.6	7458333.0	0.0	0.0	100.0	Other
653389.6	7458533.0	1.6	0.0	98.4	Other
653389.6	7458733.0	0.0	0.0	100.0	Other
653389.6	7458933.0	0.0	0.0	100.0	Other
653389.6	7459133.0	0.0	0.0	100.0	Other
653389.6	7459333.0	0.0	0.0	100.0	Other
653389.6	7459533.0	0.0	0.0	100.0	Other
653389.6	7459733.0	0.0	0.0	100.0	Other
653389.6	7459933.0	0.0	0.0	100.0	Other
653389.6	7460133.0	0.0	0.0	100.0	Other
653389.6	7460333.0	0.0	0.0	100.0	Other
653389.6	7460533.0	0.0	0.0	100.0	Other
653389.6	7460733.0	0.0	0.0	100.0	Other
653389.6	7460933.0	0.0	0.0	100.0	Other
653389.6	7461133.0	0.0	0.0	100.0	Other
653389.6	7461333.0	0.0	0.0	100.0	Other
653389.6	7461533.0	0.0	0.0	100.0	Other
653389.6	7461733.0	0.0	0.0	100.0	Other
653389.6	7461933.0	0.0	0.0	100.0	Other
653389.6	7462133.0	0.0	0.0	100.0	Other
653389.6	7462333.0	0.0	0.0	100.0	Other
653389.6	7462533.0	0.0	0.0	100.0	Other
653389.6	7462733.0	0.0	0.0	100.0	Other
653389.6	7462933.0	0.0	0.0	100.0	Other
653389.6	7463133.0	0.0	0.0	100.0	Other
653389.6	7463333.0	0.0	0.0	100.0	Other
653389.6	7463533.0	0.0	0.0	100.0	Other
653389.6	7463733.0	0.0	0.0	100.0	Other
653389.6	7463933.0	0.0	0.0	100.0	Other
653389.6	7464133.0	0.0	0.0	100.0	Other
653389.6	7464333.0	0.0	0.0	100.0	Other
653389.6	7464533.0	0.0	0.0	100.0	Other
653389.6	7464733.0	0.0	0.0	100.0	Other
653389.6	7464933.0	8.2	0.0	91.8	Other
653389.6	7465133.0	1.8	0.0	98.2	Other
653389.6	7465333.0	0.0	0.0	100.0	Other
653389.6	7465533.0	0.0	0.0	100.0	Other
653389.6	7465733.0	0.0	0.0	100.0	Other
653389.6	7465933.0	0.0	0.0	100.0	Other
653389.6	7466133.0	0.0	0.0	100.0	Other
653389.6	7466333.0	0.0	0.0	100.0	Other
653389.6	7466533.0	0.0	0.0	100.0	Other
653389.6	7466733.0	0.0	0.0	100.0	Other
653389.6	7466933.0	0.0	0.0	100.0	Other
653389.6	7467133.0	0.0	0.0	100.0	Other
653389.6	7467333.0	0.0	0.0	100.0	Other
653389.6	7467533.0	0.0	0.0	100.0	Other
653389.6	7467733.0	0.0	0.0	100.0	Other
653389.6	7467933.0	0.0	0.0	100.0	Other
653389.6	7468133.0	4.7	0.0	95.3	Other
653389.6	7468333.0	35.3	0.0	64.7	Urban
653389.6	7468533.0	87.7	0.0	12.3	Urban
653389.6	7468733.0	88.2	0.0	11.8	Urban
653389.6	7468933.0	99.1	0.0	0.9	Urban
653389.6	7469133.0	92.4	0.0	7.6	Urban
653389.6	7469333.0	97.1	0.0	2.9	Urban
653389.6	7469533.0	83.3	0.0	16.7	Urban
653389.6	7469733.0	30.3	0.0	69.7	Urban
653389.6	7469933.0	6.2	0.0	93.8	Other
653389.6	7470133.0	22.3	0.0	77.7	Urban
653389.6	7470333.0	0.9	0.0	99.1	Other
653389.6	7470533.0	39.5	0.0	60.5	Urban
653389.6	7470733.0	35.9	0.0	64.1	Urban
653389.6	7470933.0	60.4	0.0	39.6	Urban
653389.6	7471133.0	69.2	0.0	30.8	Urban
653389.6	7471333.0	31.7	0.0	68.3	Urban
653389.6	7471533.0	0.0	0.0	100.0	Other
653389.6	7471733.0	0.0	0.0	100.0	Other
653589.6	7451933.0	0.0	0.0	100.0	Other
653589.6	7452133.0	0.0	0.0	100.0	Other
653589.6	7452333.0	0.4	0.0	99.6	Other
653589.6	7452533.0	5.6	0.0	94.4	Other
653589.6	7452733.0	13.8	0.0	86.2	Other
653589.6	7452933.0	15.9	0.0	84.1	Other
653589.6	7453133.0	6.0	0.0	94.0	Other
653589.6	7453333.0	24.8	0.0	75.2	Urban
653589.6	7453533.0	66.5	0.0	33.5	Urban
653589.6	7453733.0	12.0	0.0	88.0	Other
653589.6	7453933.0	4.0	0.0	96.0	Other
653589.6	7454133.0	0.0	0.0	100.0	Other
653589.6	7454333.0	0.0	0.0	100.0	Other
653589.6	7454533.0	0.0	0.0	100.0	Other
653589.6	7454733.0	0.0	0.0	100.0	Other
653589.6	7454933.0	0.0	0.0	100.0	Other
653589.6	7455133.0	0.0	0.0	100.0	Other
653589.6	7455333.0	0.0	0.0	100.0	Other
653589.6	7455533.0	0.4	0.0	99.6	Other
653589.6	7455733.0	2.5	0.0	97.5	Other
653589.6	7455933.0	20.7	0.0	79.3	Urban
653589.6	7456133.0	15.0	0.0	85.0	Other
653589.6	7456333.0	17.8	0.0	82.2	Other
653589.6	7456533.0	18.8	0.0	81.2	Other
653589.6	7456733.0	2.2	0.0	97.8	Other
653589.6	7456933.0	0.0	0.0	100.0	Other
653589.6	7457133.0	0.0	0.0	100.0	Other
653589.6	7457333.0	34.2	0.0	65.8	Urban
653589.6	7457533.0	11.6	0.0	88.4	Other
653589.6	7457733.0	7.6	0.0	92.4	Other
653589.6	7457933.0	0.2	0.0	99.8	Other
653589.6	7458133.0	0.5	0.0	99.5	Other
653589.6	7458333.0	7.4	0.0	92.6	Other
653589.6	7458533.0	2.5	0.0	97.5	Other
653589.6	7458733.0	0.0	0.0	100.0	Other
653589.6	7458933.0	0.0	0.0	100.0	Other
653589.6	7459133.0	1.4	0.0	98.6	Other
653589.6	7459333.0	0.0	0.0	100.0	Other
653589.6	7459533.0	0.0	0.0	100.0	Other
653589.6	7459733.0	0.0	0.0	100.0	Other
653589.6	7459933.0	0.0	0.0	100.0	Other
653589.6	7460133.0	0.0	0.0	100.0	Other
653589.6	7460333.0	0.0	0.0	100.0	Other
653589.6	7460533.0	0.0	0.0	100.0	Other
653589.6	7460733.0	0.0	0.0	100.0	Other
653589.6	7460933.0	0.0	0.0	100.0	Other
653589.6	7461133.0	0.0	0.0	100.0	Other
653589.6	7461333.0	0.0	0.0	100.0	Other
653589.6	7461533.0	0.0	0.0	100.0	Other
653589.6	7461733.0	0.0	0.0	100.0	Other
653589.6	7461933.0	0.0	0.0	100.0	Other
653589.6	7462133.0	0.0	0.0	100.0	Other
653589.6	7462333.0	0.0	0.0	100.0	Other
653589.6	7462533.0	0.0	0.0	100.0	Other
653589.6	7462733.0	0.0	0.0	100.0	Other
653589.6	7462933.0	0.0	0.0	100.0	Other
653589.6	7463133.0	0.0	0.0	100.0	Other
653589.6	7463333.0	0.0	0.0	100.0	Other
653589.6	7463533.0	0.0	0.0	100.0	Other
653589.6	7463733.0	0.0	0.0	100.0	Other
653589.6	7463933.0	0.0	0.0	100.0	Other
653589.6	7464133.0	0.0	0.0	100.0	Other
653589.6	7464333.0	0.0	0.0	100.0	Other
653589.6	7464533.0	0.0	0.0	100.0	Other
653589.6	7464733.0	0.0	0.0	100.0	Other
653589.6	7464933.0	0.2	0.0	99.8	Other
653589.6	7465133.0	0.0	0.0	100.0	Other
653589.6	7465333.0	0.0	0.0	100.0	Other
653589.6	7465533.0	0.0	0.0	100.0	Other
653589.6	7465733.0	0.0	0.0	100.0	Other
653589.6	7465933.0	0.0	0.0	100.0	Other
653589.6	7466133.0	0.0	0.0	100.0	Other
653589.6	7466333.0	0.0	0.0	100.0	Other
653589.6	7466533.0	0.0	0.0	100.0	Other
653589.6	7466733.0	0.0	0.0	100.0	Other
653589.6	7466933.0	0.0	0.0	100.0	Other
653589.6	7467133.0	0.0	0.0	100.0	Other
653589.6	7467333.0	0.0	0.0	100.0	Other
653589.6	7467533.0	0.0	0.0	100.0	Other
653589.6	7467733.0	0.0	0.0	100.0	Other
653589.6	7467933.0	0.0	0.0	100.0	Other
653589.6	7468133.0	6.7	0.0	93.3	Other
653589.6	7468333.0	86.8	0.0	13.2	Urban
653589.6	7468533.0	99.3	0.0	0.7	Urban
653589.6	7468733.0	94.8	0.0	5.2	Urban
653589.6	7468933.0	93.3	0.0	6.7	Urban
653589.6	7469133.0	100.0	0.0	0.0	Urban
653589.6	7469333.0	98.9	0.0	1.1	Urban
653589.6	7469533.0	96.2	0.0	3.8	Urban
653589.6	7469733.0	86.8	0.0	13.2	Urban
653589.6	7469933.0	74.8	0.0	25.2	Urban
653589.6	7470133.0	50.7	0.0	49.3	Urban
653589.6	7470333.0	1.1	0.0	98.9	Other
653589.6	7470533.0	3.3	0.0	96.7	Other
653589.6	7470733.0	8.3	0.0	91.7	Other
653589.6	7470933.0	17.8	0.0	82.2	Other
653589.6	7471133.0	67.4	0.0	32.6	Urban
653589.6	7471333.0	59.2	0.0	40.8	Urban
653589.6	7471533.0	22.8	0.0	77.2	Urban
653589.6	7471733.0	2.4	0.0	97.6	Other
653789.6	7451933.0	0.0	0.0	100.0	Other
653789.6	7452133.0	0.0	0.0	100.0	Other
653789.6	7452333.0	8.3	0.0	91.7	Other
653789.6	7452533.0	76.1	0.0	23.9	Urban
653789.6	7452733.0	48.2	0.0	51.8	Urban
653789.6	7452933.0	84.4	0.0	15.6	Urban
653789.6	7453133.0	35.8	0.0	64.2	Urban
653789.6	7453333.0	44.9	0.0	55.1	Urban
653789.6	7453533.0	40.9	0.0	59.1	Urban
653789.6	7453733.0	12.5	0.0	87.5	Other
653789.6	7453933.0	6.1	0.0	93.9	Other
653789.6	7454133.0	0.4	0.0	99.6	Other
653789.6	7454333.0	0.0	0.0	100.0	Other
653789.6	7454533.0	0.0	0.0	100.0	Other
653789.6	7454733.0	0.0	0.0	100.0	Other
653789.6	7454933.0	0.0	0.0	100.0	Other
653789.6	7455133.0	0.0	0.0	100.0	Other
653789.6	7455333.0	0.0	0.0	100.0	Other
653789.6	7455533.0	0.0	0.0	100.0	Other
653789.6	7455733.0	12.9	0.0	87.1	Other
653789.6	7455933.0	57.6	0.0	42.4	Urban
653789.6	7456133.0	33.9	0.0	66.1	Urban
653789.6	7456333.0	48.2	0.0	51.8	Urban
653789.6	7456533.0	19.8	0.0	80.2	Other
653789.6	7456733.0	9.6	0.0	90.4	Other
653789.6	7456933.0	33.9	0.0	66.1	Urban
653789.6	7457133.0	13.1	0.0	86.9	Other
653789.6	7457333.0	20.9	0.0	79.1	Urban
653789.6	7457533.0	44.9	0.0	55.1	Urban
653789.6	7457733.0	4.4	0.0	95.6	Other
653789.6	7457933.0	0.0	0.0	100.0	Other
653789.6	7458133.0	1.2	0.0	98.8	Other
653789.6	7458333.0	24.5	0.0	75.5	Urban
653789.6	7458533.0	20.8	0.0	79.2	Urban
653789.6	7458733.0	0.0	0.0	100.0	Other
653789.6	7458933.0	13.7	0.0	86.3	Other
653789.6	7459133.0	29.7	0.0	70.3	Urban
653789.6	7459333.0	0.0	0.0	100.0	Other
653789.6	7459533.0	0.0	0.0	100.0	Other
653789.6	7459733.0	0.0	0.0	100.0	Other
653789.6	7459933.0	0.0	0.0	100.0	Other
653789.6	7460133.0	0.0	0.0	100.0	Other
653789.6	7460333.0	0.0	0.0	100.0	Other
653789.6	7460533.0	0.0	0.0	100.0	Other
653789.6	7460733.0	0.0	0.0	100.0	Other
653789.6	7460933.0	0.0	0.0	100.0	Other
653789.6	7461133.0	0.0	0.0	100.0	Other
653789.6	7461333.0	0.0	0.0	100.0	Other
653789.6	7461533.0	0.0	0.0	100.0	Other
653789.6	7461733.0	0.0	0.0	100.0	Other
653789.6	7461933.0	0.0	0.0	100.0	Other
653789.6	7462133.0	0.0	0.0	100.0	Other
653789.6	7462333.0	0.0	0.0	100.0	Other
653789.6	7462533.0	0.0	0.0	100.0	Other
653789.6	7462733.0	0.0	0.0	100.0	Other
653789.6	7462933.0	0.0	0.0	100.0	Other
653789.6	7463133.0	0.0	0.0	100.0	Other
653789.6	7463333.0	0.0	0.0	100.0	Other
653789.6	7463533.0	0.0	0.0	100.0	Other
653789.6	7463733.0	0.0	0.0	100.0	Other
653789.6	7463933.0	0.0	0.0	100.0	Other
653789.6	7464133.0	0.0	0.0	100.0	Other
653789.6	7464333.0	0.0	0.0	100.0	Other
653789.6	7464533.0	0.0	0.0	100.0	Other
653789.6	7464733.0	0.0	0.0	100.0	Other
653789.6	7464933.0	0.0	0.0	100.0	Other
653789.6	7465133.0	0.0	0.0	100.0	Other
653789.6	7465333.0	0.0	0.0	100.0	Other
653789.6	7465533.0	0.0	0.0	100.0	Other
653789.6	7465733.0	0.0	0.0	100.0	Other
653789.6	7465933.0	0.0	0.0	100.0	Other
653789.6	7466133.0	0.0	0.0	100.0	Other
653789.6	7466333.0	0.0	0.0	100.0	Other
653789.6	7466533.0	0.0	0.0	100.0	Other
653789.6	7466733.0	0.0	0.0	100.0	Other
653789.6	7466933.0	0.0	0.0	100.0	Other
653789.6	7467133.0	0.0	0.0	100.0	Other
653789.6	7467333.0	0.0	0.0	100.0	Other
653789.6	7467533.0	0.0	0.0	100.0	Other
653789.6	7467733.0	0.0	0.0	100.0	Other
653789.6	7467933.0	0.0	0.0	100.0	Other
653789.6	7468133.0	37.5	0.0	62.5	Urban
653789.6	7468333.0	95.8	0.0	4.2	Urban
653789.6	7468533.0	95.3	0.0	4.7	Urban
653789.6	7468733.0	89.8	0.0	10.2	Urban
653789.6	7468933.0	94.9	0.0	5.1	Urban
653789.6	7469133.0	99.3	0.0	0.7	Urban
653789.6	7469333.0	98.9	0.0	1.1	Urban
653789.6	7469533.0	100.0	0.0	0.0	Urban
653789.6	7469733.0	96.6	0.0	3.4	Urban
653789.6	7469933.0	93.9	0.0	6.1	Urban
653789.6	7470133.0	87.7	0.0	12.3	Urban
653789.6	7470333.0	6.2	0.0	93.8	Other
653789.6	7470533.0	0.0	0.0	100.0	Other
653789.6	7470733.0	0.0	0.0	100.0	Other
653789.6	7470933.0	0.5	0.0	99.5	Other
653789.6	7471133.0	56.9	0.0	43.1	Urban
653789.6	7471333.0	55.8	0.0	44.2	Urban
653789.6	7471533.0	53.0	0.0	47.0	Urban
653789.6	7471733.0	10.5	0.0	89.5	Other
653989.6	7451933.0	0.0	0.0	100.0	Other
653989.6	7452133.0	0.0	0.0	100.0	Other
653989.6	7452333.0	26.4	0.0	73.6	Urban
653989.6	7452533.0	63.6	0.0	36.4	Urban
653989.6	7452733.0	48.7	0.0	51.3	Urban
653989.6	7452933.0	79.2	0.0	20.8	Urban
653989.6	7453133.0	62.3	0.0	37.7	Urban
653989.6	7453333.0	72.6	0.0	27.4	Urban
653989.6	7453533.0	2.6	0.0	97.4	Other
653989.6	7453733.0	6.9	0.0	93.1	Other
653989.6	7453933.0	9.2	0.0	90.8	Other
653989.6	7454133.0	1.1	0.0	98.9	Other
653989.6	7454333.0	0.0	0.0	100.0	Other
653989.6	7454533.0	0.0	0.0	100.0	Other
653989.6	7454733.0	0.0	0.0	100.0	Other
653989.6	7454933.0	0.0	0.0	100.0	Other
653989.6	7455133.0	0.0	0.0	100.0	Other
653989.6	7455333.0	0.0	0.0	100.0	Other
653989.6	7455533.0	4.7	0.0	95.3	Other
653989.6	7455733.0	1.1	0.0	98.9	Other
653989.6	7455933.0	6.1	0.0	93.9	Other
653989.6	7456133.0	29.3	0.0	70.7	Urban
653989.6	7456333.0	84.4	0.0	15.6	Urban
653989.6	7456533.0	65.8	0.0	34.2	Urban
653989.6	7456733.0	58.9	0.0	41.1	Urban
653989.6	7456933.0	28.8	0.0	71.2	Urban
653989.6	7457133.0	34.2	0.0	65.8	Urban
653989.6	7457333.0	31.5	0.0	68.5	Urban
653989.6	7457533.0	40.9	0.0	59.1	Urban
653989.6	7457733.0	8.0	0.0	92.0	Other
653989.6	7457933.0	0.0	0.0	100.0	Other
653989.6	7458133.0	3.4	0.0	96.6	Other
653989.6	7458333.0	20.8	0.0	79.2	Urban
653989.6	7458533.0	13.3	0.0	86.7	Other
653989.6	7458733.0	0.4	0.0	99.6	Other
653989.6	7458933.0	15.9	0.0	84.1	Other
653989.6	7459133.0	19.5	0.0	80.5	Other
653989.6	7459333.0	6.8	0.0	93.2	Other
653989.6	7459533.0	0.0	0.0	100.0	Other
653989.6	7459733.0	0.0	0.0	100.0	Other
653989.6	7459933.0	0.0	0.0	100.0	Other
653989.6	7460133.0	0.0	0.0	100.0	Other
653989.6	7460333.0	0.0	0.0	100.0	Other
653989.6	7460533.0	0.0	0.0	100.0	Other
653989.6	7460733.0	0.0	0.0	100.0	Other
653989.6	7460933.0	0.0	0.0	100.0	Other
653989.6	7461133.0	0.0	0.0	100.0	Other
653989.6	7461333.0	0.0	0.0	100.0	Other
653989.6	7461533.0	0.0	0.0	100.0	Other
653989.6	7461733.0	0.0	0.0	100.0	Other
653989.6	7461933.0	0.0	0.0	100.0	Other
653989.6	7462133.0	0.0	0.0	100.0	Other
653989.6	7462333.0	0.0	0.0	100.0	Other
653989.6	7462533.0	0.0	0.0	100.0	Other
653989.6	7462733.0	0.0	0.0	100.0	Other
653989.6	7462933.0	0.0	0.0	100.0	Other
653989.6	7463133.0	0.0	0.0	100.0	Other
653989.6	7463333.0	0.0	0.0	100.0	Other
653989.6	7463533.0	0.0	0.0	100.0	Other
653989.6	7463733.0	0.0	0.0	100.0	Other
653989.6	7463933.0	0.0	0.0	100.0	Other
653989.6	7464133.0	0.0	0.0	100.0	Other
653989.6	7464333.0	0.0	0.0	100.0	Other
653989.6	7464533.0	0.0	0.0	100.0	Other
653989.6	7464733.0	0.0	0.0	100.0	Other
653989.6	7464933.0	0.0	0.0	100.0	Other
653989.6	7465133.0	0.0	0.0	100.0	Other
653989.6	7465333.0	0.0	0.0	100.0	Other
653989.6	7465533.0	0.0	0.0	100.0	Other
653989.6	7465733.0	0.0	0.0	100.0	Other
653989.6	7465933.0	0.0	0.0	100.0	Other
653989.6	7466133.0	0.0	0.0	100.0	Other
653989.6	7466333.0	0.0	0.0	100.0	Other
653989.6	7466533.0	0.0	0.0	100.0	Other
653989.6	7466733.0	0.0	0.0	100.0	Other
653989.6	7466933.0	0.0	0.0	100.0	Other
653989.6	7467133.0	21.9	0.0	78.1	Urban
653989.6	7467333.0	60.3	0.0	39.7	Urban
653989.6	7467533.0	38.0	0.0	62.0	Urban
653989.6	7467733.0	0.0	0.0	100.0	Other
653989.6	7467933.0	0.0	0.0	100.0	Other
653989.6	7468133.0	26.8	0.0	73.2	Urban
653989.6	7468333.0	98.7	0.0	1.3	Urban
653989.6	7468533.0	100.0	0.0	0.0	Urban
653989.6	7468733.0	100.0	0.0	0.0	Urban
653989.6	7468933.0	97.3	0.0	2.7	Urban
653989.6	7469133.0	99.6	0.0	0.4	Urban
653989.6	7469333.0	98.1	0.0	1.9	Urban
653989.6	7469533.0	99.6	0.0	0.4	Urban
653989.6	7469733.0	99.5	0.0	0.5	Urban
653989.6	7469933.0	99.8	0.0	0.2	Urban
653989.6	7470133.0	97.7	0.0	2.3	Urban
653989.6	7470333.0	51.6	0.0	48.4	Urban
653989.6	7470533.0	0.0	0.0	100.0	Other
653989.6	7470733.0	0.0	0.0	100.0	Other
653989.6	7470933.0	0.0	0.0	100.0	Other
653989.6	7471133.0	45.1	0.0	54.9	Urban
653989.6	7471333.0	72.2	0.0	27.8	Urban
653989.6	7471533.0	59.8	0.0	40.2	Urban
653989.6	7471733.0	63.6	0.0	36.4	Urban
654189.6	7451933.0	0.0	0.0	100.0	Other
654189.6	7452133.0	0.0	0.0	100.0	Other
654189.6	7452333.0	50.4	0.0	49.6	Urban
654189.6	7452533.0	67.2	0.0	32.8	Urban
654189.6	7452733.0	65.8	0.0	34.2	Urban
654189.6	7452933.0	76.5	0.0	23.5	Urban
654189.6	7453133.0	72.7	0.0	27.3	Urban
654189.6	7453333.0	87.9	0.0	12.1	Urban
654189.6	7453533.0	33.9	0.0	66.1	Urban
654189.6	7453733.0	2.3	0.0	97.7	Other
654189.6	7453933.0	17.0	0.0	83.0	Other
654189.6	7454133.0	0.0	0.0	100.0	Other
654189.6	7454333.0	0.0	0.0	100.0	Other
654189.6	7454533.0	0.0	0.0	100.0	Other
654189.6	7454733.0	0.0	0.0	100.0	Other
654189.6	7454933.0	0.0	0.0	100.0	Other
654189.6	7455133.0	0.0	0.0	100.0	Other
654189.6	7455333.0	0.0	0.0	100.0	Other
654189.6	7455533.0	4.2	0.0	95.8	Other
654189.6	7455733.0	0.2	0.0	99.8	Other
654189.6	7455933.0	13.6	0.0	86.4	Other
654189.6	7456133.0	46.6	0.0	53.4	Urban
654189.6	7456333.0	66.3	0.0	33.7	Urban
654189.6	7456533.0	24.6	0.0	75.4	Urban
654189.6	7456733.0	13.2	0.0	86.8	Other
654189.6	7456933.0	13.2	0.0	86.8	Other
654189.6	7457133.0	16.3	0.0	83.7	Other
654189.6	7457333.0	47.6	0.0	52.4	Urban
654189.6	7457533.0	63.9	0.0	36.1	Urban
654189.6	7457733.0	29.9	0.0	70.1	Urban
654189.6	7457933.0	1.0	0.0	99.0	Other
654189.6	7458133.0	0.7	0.0	99.3	Other
654189.6	7458333.0	41.3	0.0	58.7	Urban
654189.6	7458533.0	37.7	0.0	62.3	Urban
654189.6	7458733.0	30.6	0.0	69.4	Urban
654189.6	7458933.0	6.2	0.0	93.8	Other
654189.6	7459133.0	17.9	0.0	82.1	Other
654189.6	7459333.0	25.9	0.0	74.1	Urban
654189.6	7459533.0	0.0	0.0	100.0	Other
654189.6	7459733.0	0.0	0.0	100.0	Other
654189.6	7459933.0	0.0	0.0	100.0	Other
654189.6	7460133.0	0.0	0.0	100.0	Other
654189.6	7460333.0	0.0	0.0	100.0	Other
654189.6	7460533.0	0.0	0.0	100.0	Other
654189.6	7460733.0	0.0	0.0	100.0	Other
654189.6	7460933.0	0.0	0.0	100.0	Other
654189.6	7461133.0	0.0	0.0	100.0	Other
654189.6	7461333.0	0.0	0.0	100.0	Other
654189.6	7461533.0	0.0	0.0	100.0	Other
654189.6	7461733.0	0.0	0.0	100.0	Other
654189.6	7461933.0	0.0	0.0	100.0	Other
654189.6	7462133.0	0.0	0.0	100.0	Other
654189.6	7462333.0	0.0	0.0	100.0	Other
654189.6	7462533.0	0.0	0.0	100.0	Other
654189.6	7462733.0	0.0	0.0	100.0	Other
654189.6	7462933.0	0.0	0.0	100.0	Other
654189.6	7463133.0	0.0	0.0	100.0	Other
654189.6	7463333.0	0.0	0.0	100.0	Other
654189.6	7463533.0	0.0	0.0	100.0	Other
654189.6	7463733.0	0.0	0.0	100.0	Other
654189.6	7463933.0	0.0	0.0	100.0	Other
654189.6	7464133.0	0.0	0.0	100.0	Other
654189.6	7464333.0	0.0	0.0	100.0	Other
654189.6	7464533.0	0.0	0.0	100.0	Other
654189.6	7464733.0	0.0	0.0	100.0	Other
654189.6	7464933.0	0.0	0.0	100.0	Other
654189.6	7465133.0	0.0	0.0	100.0	Other
654189.6	7465333.0	0.0	0.0	100.0	Other
654189.6	7465533.0	0.0	0.0	100.0	Other
654189.6	7465733.0	0.0	0.0	100.0	Other
654189.6	7465933.0	0.0	0.0	100.0	Other
654189.6	7466133.0	0.0	0.0	100.0	Other
654189.6	7466333.0	0.0	0.0	100.0	Other
654189.6	7466533.0	0.0	0.0	100.0	Other
654189.6	7466733.0	26.1	0.0	73.9	Urban
654189.6	7466933.0	46.9	0.0	53.1	Urban
654189.6	7467133.0	50.1	0.0	49.9	Urban
654189.6	7467333.0	82.4	0.0	17.6	Urban
654189.6	7467533.0	51.1	0.0	48.9	Urban
654189.6	7467733.0	0.0	0.0	100.0	Other
654189.6	7467933.0	0.0	0.0	100.0	Other
654189.6	7468133.0	0.0	0.0	100.0	Other
654189.6	7468333.0	7.8	0.0	92.2	Other
654189.6	7468533.0	62.3	0.0	37.7	Urban
654189.6	7468733.0	80.8	0.0	19.2	Urban
654189.6	7468933.0	95.7	0.0	4.3	Urban
654189.6	7469133.0	96.6	0.0	3.4	Urban
654189.6	7469333.0	90.9	0.0	9.1	Urban
654189.6	7469533.0	93.7	0.0	6.3	Urban
654189.6	7469733.0	96.7	0.0	3.3	Urban
654189.6	7469933.0	93.7	0.0	6.3	Urban
654189.6	7470133.0	98.9	0.0	1.1	Urban
654189.6	7470333.0	69.4	0.0	30.6	Urban
654189.6	7470533.0	0.0	0.0	100.0	Other
654189.6	7470733.0	0.0	0.0	100.0	Other
654189.6	7470933.0	0.0	0.0	100.0	Other
654189.6	7471133.0	72.8	0.0	27.2	Urban
654189.6	7471333.0	42.3	0.0	57.7	Urban
654189.6	7471533.0	84.8	0.0	15.2	Urban
654189.6	7471733.0	88.8	0.0	11.2	Urban
654389.6	7451933.0	17.6	0.0	82.4	Other
654389.6	7452133.0	5.8	1.8	92.4	Other
654389.6	7452333.0	34.4	2.0	63.6	Urban
654389.6	7452533.0	46.1	1.2	52.7	Urban
654389.6	7452733.0	41.3	0.0	58.7	Urban
654389.6	7452933.0	44.6	0.5	54.9	Urban
654389.6	7453133.0	32.4	2.0	65.6	Urban
654389.6	7453333.0	64.2	1.2	34.6	Urban
654389.6	7453533.0	13.2	0.0	86.8	Other
654389.6	7453733.0	15.6	0.0	84.4	Other
654389.6	7453933.0	7.6	0.0	92.4	Other
654389.6	7454133.0	18.3	0.0	81.7	Other
654389.6	7454333.0	6.7	0.0	93.3	Other
654389.6	7454533.0	3.4	0.0	96.6	Other
654389.6	7454733.0	0.0	0.0	100.0	Other
654389.6	7454933.0	1.6	0.0	98.4	Other
654389.6	7455133.0	9.7	0.0	90.3	Other
654389.6	7455333.0	0.0	0.0	100.0	Other
654389.6	7455533.0	4.9	0.0	95.1	Other
654389.6	7455733.0	6.6	0.0	93.4	Other
654389.6	7455933.0	5.6	0.0	94.4	Other
654389.6	7456133.0	0.2	0.0	99.8	Other
654389.6	7456333.0	3.6	0.0	96.4	Other
654389.6	7456533.0	19.9	0.0	80.1	Other
654389.6	7456733.0	11.7	0.0	88.3	Other
654389.6	7456933.0	4.9	0.0	95.1	Other
654389.6	7457133.0	11.1	0.0	88.9	Other
654389.6	7457333.0	18.7	0.0	81.3	Other
654389.6	7457533.0	52.2	0.0	47.8	Urban
654389.6	7457733.0	29.0	0.0	71.0	Urban
654389.6	7457933.0	47.3	0.0	52.7	Urban
654389.6	7458133.0	33.9	0.0	66.1	Urban
654389.6	7458333.0	64.7	0.0	35.3	Urban
654389.6	7458533.0	53.3	0.0	46.7	Urban
654389.6	7458733.0	27.7	0.0	72.3	Urban
654389.6	7458933.0	23.4	0.0	76.6	Urban
654389.6	7459133.0	27.3	0.0	72.7	Urban
654389.6	7459333.0	0.0	0.0	100.0	Other
654389.6	7459533.0	4.7	0.0	95.3	Other
654389.6	7459733.0	0.0	0.0	100.0	Other
654389.6	7459933.0	0.0	0.0	100.0	Other
654389.6	7460133.0	0.0	0.0	100.0	Other
654389.6	7460333.0	0.0	0.0	100.0	Other
654389.6	7460533.0	0.0	0.0	100.0	Other
654389.6	7460733.0	0.0	0.0	100.0	Other
654389.6	7460933.0	0.0	0.0	100.0	Other
654389.6	7461133.0	0.0	0.0	100.0	Other
654389.6	7461333.0	0.0	0.0	100.0	Other
654389.6	7461533.0	0.0	0.0	100.0	Other
654389.6	7461733.0	0.0	0.0	100.0	Other
654389.6	7461933.0	0.0	0.0	100.0	Other
654389.6	7462133.0	0.0	0.0	100.0	Other
654389.6	7462333.0	0.0	0.0	100.0	Other
654389.6	7462533.0	0.0	0.0	100.0	Other
654389.6	7462733.0	0.0	0.0	100.0	Other
654389.6	7462933.0	0.0	0.0	100.0	Other
654389.6	7463133.0	0.0	0.0	100.0	Other
654389.6	7463333.0	0.0	0.0	100.0	Other
654389.6	7463533.0	0.0	0.0	100.0	Other
654389.6	7463733.0	0.0	0.0	100.0	Other
654389.6	7463933.0	0.0	0.0	100.0	Other
654389.6	7464133.0	0.0	0.0	100.0	Other
654389.6	7464333.0	0.0	0.0	100.0	Other
654389.6	7464533.0	0.0	0.0	100.0	Other
654389.6	7464733.0	0.0	0.0	100.0	Other
654389.6	7464933.0	0.0	0.0	100.0	Other
654389.6	7465133.0	0.0	0.0	100.0	Other
654389.6	7465333.0	0.0	0.0	100.0	Other
654389.6	7465533.0	0.0	0.0	100.0	Other
654389.6	7465733.0	0.0	0.0	100.0	Other
654389.6	7465933.0	0.0	0.0	100.0	Other
654389.6	7466133.0	0.0	0.0	100.0	Other
654389.6	7466333.0	0.0	0.0	100.0	Other
654389.6	7466533.0	0.0	0.0	100.0	Other
654389.6	7466733.0	33.3	0.0	66.7	Urban
654389.6	7466933.0	86.4	0.0	13.6	Urban
654389.6	7467133.0	94.4	0.0	5.6	Urban
654389.6	7467333.0	98.9	0.0	1.1	Urban
654389.6	7467533.0	80.5	0.0	19.5	Urban
654389.6	7467733.0	6.3	0.0	93.7	Other
654389.6	7467933.0	0.0	0.0	100.0	Other
654389.6	7468133.0	0.0	0.0	100.0	Other
654389.6	7468333.0	0.0	0.0	100.0	Other
654389.6	7468533.0	72.9	0.0	27.1	Urban
654389.6	7468733.0	94.9	0.0	5.1	Urban
654389.6	7468933.0	99.8	0.0	0.2	Urban
654389.6	7469133.0	99.8	0.0	0.2	Urban
654389.6	7469333.0	96.9	0.0	3.1	Urban
654389.6	7469533.0	98.6	0.0	1.4	Urban
654389.6	7469733.0	98.0	0.0	2.0	Urban
654389.6	7469933.0	98.9	0.0	1.1	Urban
654389.6	7470133.0	100.0	0.0	0.0	Urban
654389.6	7470333.0	48.6	0.0	51.4	Urban
654389.6	7470533.0	0.0	0.0	100.0	Other
654389.6	7470733.0	0.0	0.0	100.0	Other
654389.6	7470933.0	42.6	0.0	57.4	Urban
654389.6	7471133.0	98.4	0.0	1.6	Urban
654389.6	7471333.0	91.1	0.0	8.9	Urban
654389.6	7471533.0	92.2	0.0	7.8	Urban
654389.6	7471733.0	96.3	0.0	3.7	Urban
654589.6	7451933.0	31.0	0.0	69.0	Urban
654589.6	7452133.0	1.1	0.0	98.9	Other
654589.6	7452333.0	5.4	0.0	94.6	Other
654589.6	7452533.0	25.9	0.0	74.1	Urban
654589.6	7452733.0	31.9	0.0	68.1	Urban
654589.6	7452933.0	42.6	0.0	57.4	Urban
654589.6	7453133.0	30.4	0.0	69.6	Urban
654589.6	7453333.0	50.5	0.0	49.5	Urban
654589.6	7453533.0	68.1	0.0	31.9	Urban
654589.6	7453733.0	93.2	0.0	6.8	Urban
654589.6	7453933.0	78.6	0.0	21.4	Urban
654589.6	7454133.0	96.9	0.0	3.1	Urban
654589.6	7454333.0	33.3	0.0	66.7	Urban
654589.6	7454533.0	3.1	0.0	96.9	Other
654589.6	7454733.0	0.2	0.0	99.8	Other
654589.6	7454933.0	13.9	0.0	86.1	Other
654589.6	7455133.0	37.9	0.0	62.1	Urban
654589.6	7455333.0	0.0	0.0	100.0	Other
654589.6	7455533.0	0.0	0.0	100.0	Other
654589.6	7455733.0	0.0	0.0	100.0	Other
654589.6	7455933.0	0.0	0.0	100.0	Other
654589.6	7456133.0	0.0	0.0	100.0	Other
654589.6	7456333.0	0.0	0.0	100.0	Other
654589.6	7456533.0	0.5	0.0	99.5	Other
654589.6	7456733.0	7.4	0.0	92.6	Other
654589.6	7456933.0	6.9	0.0	93.1	Other
654589.6	7457133.0	8.5	0.0	91.5	Other
654589.6	7457333.0	8.5	0.0	91.5	Other
654589.6	7457533.0	35.5	0.0	64.5	Urban
654589.6	7457733.0	46.2	0.0	53.8	Urban
654589.6	7457933.0	44.4	0.0	55.6	Urban
654589.6	7458133.0	55.6	0.0	44.4	Urban
654589.6	7458333.0	52.2	0.0	47.8	Urban
654589.6	7458533.0	12.1	0.0	87.9	Other
654589.6	7458733.0	3.3	0.0	96.7	Other
654589.6	7458933.0	3.0	0.0	97.0	Other
654589.6	7459133.0	16.5	0.0	83.5	Other
654589.6	7459333.0	13.4	0.0	86.6	Other
654589.6	7459533.0	6.4	0.0	93.6	Other
654589.6	7459733.0	2.5	0.0	97.5	Other
654589.6	7459933.0	0.0	0.0	100.0	Other
654589.6	7460133.0	0.0	0.0	100.0	Other
654589.6	7460333.0	0.0	0.0	100.0	Other
654589.6	7460533.0	0.0	0.0	100.0	Other
654589.6	7460733.0	0.0	0.0	100.0	Other
654589.6	7460933.0	0.0	0.0	100.0	Other
654589.6	7461133.0	0.0	0.0	100.0	Other
654589.6	7461333.0	0.0	0.0	100.0	Other
654589.6	7461533.0	0.0	0.0	100.0	Other
654589.6	7461733.0	0.0	0.0	100.0	Other
654589.6	7461933.0	0.0	0.0	100.0	Other
654589.6	7462133.0	0.0	0.0	100.0	Other
654589.6	7462333.0	0.0	0.0	100.0	Other
654589.6	7462533.0	0.0	0.0	100.0	Other
654589.6	7462733.0	0.0	0.0	100.0	Other
654589.6	7462933.0	0.0	0.0	100.0	Other
654589.6	7463133.0	0.0	0.0	100.0	Other
654589.6	7463333.0	0.0	0.0	100.0	Other
654589.6	7463533.0	0.0	0.0	100.0	Other
654589.6	7463733.0	0.0	0.0	100.0	Other
654589.6	7463933.0	0.0	0.0	100.0	Other
654589.6	7464133.0	0.0	0.0	100.0	Other
654589.6	7464333.0	0.0	0.0	100.0	Other
654589.6	7464533.0	0.0	0.0	100.0	Other
654589.6	7464733.0	0.0	0.0	100.0	Other
654589.6	7464933.0	0.0	0.0	100.0	Other
654589.6	7465133.0	0.0	0.0	100.0	Other
654589.6	7465333.0	0.0	0.0	100.0	Other
654589.6	7465533.0	0.0	0.0	100.0	Other
654589.6	7465733.0	0.0	0.0	100.0	Other
654589.6	7465933.0	0.0	0.0	100.0	Other
654589.6	7466133.0	0.0	0.0	100.0	Other
654589.6	7466333.0	0.0	0.0	100.0	Other
654589.6	7466533.0	0.0	0.0	100.0	Other
654589.6	7466733.0	25.7	0.0	74.3	Urban
654589.6	7466933.0	82.8	0.0	17.2	Urban
654589.6	7467133.0	79.5	0.0	20.5	Urban
654589.6	7467333.0	93.8	0.0	6.2	Urban
654589.6	7467533.0	87.7	0.0	12.3	Urban
654589.6	7467733.0	62.7	0.0	37.3	Urban
654589.6	7467933.0	0.7	0.0	99.3	Other
654589.6	7468133.0	0.0	0.0	100.0	Other
654589.6	7468333.0	21.6	0.0	78.4	Urban
654589.6	7468533.0	48.0	0.0	52.0	Urban
654589.6	7468733.0	98.6	0.0	1.4	Urban
654589.6	7468933.0	97.5	0.0	2.5	Urban
654589.6	7469133.0	89.5	0.0	10.5	Urban
654589.6	7469333.0	98.5	0.0	1.5	Urban
654589.6	7469533.0	98.4	0.0	1.6	Urban
654589.6	7469733.0	98.7	0.0	1.3	Urban
654589.6	7469933.0	95.1	0.0	4.9	Urban
654589.6	7470133.0	97.3	0.0	2.7	Urban
654589.6	7470333.0	60.5	0.0	39.5	Urban
654589.6	7470533.0	7.0	0.0	93.0	Other
654589.6	7470733.0	16.1	0.0	83.9	Other
654589.6	7470933.0	84.2	0.0	15.8	Urban
654589.6	7471133.0	99.8	0.0	0.2	Urban
654589.6	7471333.0	100.0	0.0	0.0	Urban
654589.6	7471533.0	93.5	0.0	6.5	Urban
654589.6	7471733.0	95.3	0.0	4.7	Urban
654789.6	7451933.0	13.8	6.7	79.5	Other
654789.6	7452133.0	1.1	0.0	98.9	Other
654789.6	7452333.0	0.0	0.0	100.0	Other
654789.6	7452533.0	0.0	0.0	100.0	Other
654789.6	7452733.0	29.5	0.0	70.5	Urban
654789.6	7452933.0	24.2	0.0	75.8	Urban
654789.6	7453133.0	45.9	0.0	54.1	Urban
654789.6	7453333.0	93.1	0.0	6.9	Urban
654789.6	7453533.0	55.5	0.0	44.5	Urban
654789.6	7453733.0	93.1	0.0	6.9	Urban
654789.6	7453933.0	83.2	0.0	16.8	Urban
654789.6	7454133.0	99.2	0.0	0.8	Urban
654789.6	7454333.0	42.8	0.0	57.2	Urban
654789.6	7454533.0	0.0	0.0	100.0	Other
654789.6	7454733.0	0.0	0.0	100.0	Other
654789.6	7454933.0	10.0	0.0	90.0	Other
654789.6	7455133.0	40.6	0.0	59.4	Urban
654789.6	7455333.0	0.0	0.0	100.0	Other
654789.6	7455533.0	0.0	0.0	100.0	Other
654789.6	7455733.0	0.0	0.0	100.0	Other
654789.6	7455933.0	0.0	0.0	100.0	Other
654789.6	7456133.0	0.0	0.0	100.0	Other
654789.6	7456333.0	0.0	0.0	100.0	Other
654789.6	7456533.0	0.2	0.0	99.8	Other
654789.6	7456733.0	0.0	0.0	100.0	Other
654789.6	7456933.0	44.2	0.0	55.8	Urban
654789.6	7457133.0	25.7	0.0	74.3	Urban
654789.6	7457333.0	13.7	0.0	86.3	Other
654789.6	7457533.0	40.6	0.0	59.4	Urban
654789.6	7457733.0	28.1	0.0	71.9	Urban
654789.6	7457933.0	1.6	0.0	98.4	Other
654789.6	7458133.0	43.5	0.0	56.5	Urban
654789.6	7458333.0	27.2	0.0	72.8	Urban
654789.6	7458533.0	15.0	0.0	85.0	Other
654789.6	7458733.0	4.0	0.0	96.0	Other
654789.6	7458933.0	0.0	0.0	100.0	Other
654789.6	7459133.0	0.0	0.0	100.0	Other
654789.6	7459333.0	2.4	0.0	97.6	Other
654789.6	7459533.0	21.2	0.0	78.8	Urban
654789.6	7459733.0	4.0	0.0	96.0	Other
654789.6	7459933.0	0.0	0.0	100.0	Other
654789.6	7460133.0	0.0	0.0	100.0	Other
654789.6	7460333.0	0.0	0.0	100.0	Other
654789.6	7460533.0	0.0	0.0	100.0	Other
654789.6	7460733.0	0.0	0.0	100.0	Other
654789.6	7460933.0	0.0	0.0	100.0	Other
654789.6	7461133.0	0.0	0.0	100.0	Other
654789.6	7461333.0	0.0	0.0	100.0	Other
654789.6	7461533.0	0.0	0.0	100.0	Other
654789.6	7461733.0	0.0	0.0	100.0	Other
654789.6	7461933.0	0.0	0.0	100.0	Other
654789.6	7462133.0	0.0	0.0	100.0	Other
654789.6	7462333.0	0.0	0.0	100.0	Other
654789.6	7462533.0	0.0	0.0	100.0	Other
654789.6	7462733.0	0.0	0.0	100.0	Other
654789.6	7462933.0	0.0	0.0	100.0	Other
654789.6	7463133.0	0.0	0.0	100.0	Other
654789.6	7463333.0	0.0	0.0	100.0	Other
654789.6	7463533.0	0.0	0.0	100.0	Other
654789.6	7463733.0	0.0	0.0	100.0	Other
654789.6	7463933.0	0.0	0.0	100.0	Other
654789.6	7464133.0	0.0	0.0	100.0	Other
654789.6	7464333.0	0.0	0.0	100.0	Other
654789.6	7464533.0	0.0	0.0	100.0	Other
654789.6	7464733.0	0.0	0.0	100.0	Other
654789.6	7464933.0	0.0	0.0	100.0	Other
654789.6	7465133.0	0.0	0.0	100.0	Other
654789.6	7465333.0	0.0	0.0	100.0	Other
654789.6	7465533.0	0.0	0.0	100.0	Other
654789.6	7465733.0	0.0	0.0	100.0	Other
654789.6	7465933.0	0.0	0.0	100.0	Other
654789.6	7466133.0	0.0	0.0	100.0	Other
654789.6	7466333.0	0.0	0.0	100.0	Other
654789.6	7466533.0	3.0	0.0	97.0	Other
654789.6	7466733.0	54.0	0.0	46.0	Urban
654789.6	7466933.0	91.3	0.0	8.7	Urban
654789.6	7467133.0	92.8	0.0	7.2	Urban
654789.6	7467333.0	99.1	0.0	0.9	Urban
654789.6	7467533.0	94.4	0.0	5.6	Urban
654789.6	7467733.0	96.0	0.0	4.0	Urban
654789.6	7467933.0	41.3	0.0	58.7	Urban
654789.6	7468133.0	4.2	0.0	95.8	Other
654789.6	7468333.0	24.1	0.0	75.9	Urban
654789.6	7468533.0	47.3	0.0	52.7	Urban
654789.6	7468733.0	96.6	0.0	3.4	Urban
654789.6	7468933.0	98.4	0.0	1.6	Urban
654789.6	7469133.0	90.4	0.0	9.6	Urban
654789.6	7469333.0	98.0	0.0	2.0	Urban
654789.6	7469533.0	99.5	0.0	0.5	Urban
654789.6	7469733.0	100.0	0.0	0.0	Urban
654789.6	7469933.0	98.6	0.0	1.4	Urban
654789.6	7470133.0	90.8	0.0	9.2	Urban
654789.6	7470333.0	31.2	0.0	68.8	Urban
654789.6	7470533.0	0.5	0.0	99.5	Other
654789.6	7470733.0	21.4	0.0	78.6	Urban
654789.6	7470933.0	100.0	0.0	0.0	Urban
654789.6	7471133.0	98.2	0.0	1.8	Urban
654789.6	7471333.0	99.3	0.0	0.7	Urban
654789.6	7471533.0	95.5	0.0	4.5	Urban
654789.6	7471733.0	96.2	0.0	3.8	Urban
654989.6	7451933.0	7.8	33.7	58.4	Other
654989.6	7452133.0	0.0	0.0	100.0	Other
654989.6	7452333.0	0.0	0.0	100.0	Other
654989.6	7452533.0	0.0	0.0	100.0	Other
654989.6	7452733.0	18.6	0.0	81.4	Other
654989.6	7452933.0	36.4	0.0	63.6	Urban
654989.6	7453133.0	36.6	0.0	63.4	Urban
654989.6	7453333.0	95.7	0.0	4.3	Urban
654989.6	7453533.0	90.3	0.0	9.7	Urban
654989.6	7453733.0	96.4	0.0	3.6	Urban
654989.6	7453933.0	83.2	0.0	16.8	Urban
654989.6	7454133.0	82.2	0.0	17.8	Urban
654989.6	7454333.0	36.7	0.0	63.3	Urban
654989.6	7454533.0	0.0	0.0	100.0	Other
654989.6	7454733.0	0.7	0.0	99.3	Other
654989.6	7454933.0	6.1	0.0	93.9	Other
654989.6	7455133.0	37.2	0.0	62.8	Urban
654989.6	7455333.0	1.8	0.0	98.2	Other
654989.6	7455533.0	0.0	0.0	100.0	Other
654989.6	7455733.0	0.0	0.0	100.0	Other
654989.6	7455933.0	0.0	0.0	100.0	Other
654989.6	7456133.0	0.0	0.0	100.0	Other
654989.6	7456333.0	0.0	0.0	100.0	Other
654989.6	7456533.0	0.0	0.0	100.0	Other
654989.6	7456733.0	21.6	0.0	78.4	Urban
654989.6	7456933.0	3.6	0.0	96.4	Other
654989.6	7457133.0	3.8	0.0	96.2	Other
654989.6	7457333.0	0.0	0.0	100.0	Other
654989.6	7457533.0	3.3	0.0	96.7	Other
654989.6	7457733.0	12.2	0.0	87.8	Other
654989.6	7457933.0	77.8	0.0	22.2	Urban
654989.6	7458133.0	48.9	0.0	51.1	Urban
654989.6	7458333.0	31.0	0.0	69.0	Urban
654989.6	7458533.0	21.9	0.0	78.1	Urban
654989.6	7458733.0	2.7	0.0	97.3	Other
654989.6	7458933.0	0.0	0.0	100.0	Other
654989.6	7459133.0	0.9	0.0	99.1	Other
654989.6	7459333.0	1.0	0.0	99.0	Other
654989.6	7459533.0	6.3	0.0	93.7	Other
654989.6	7459733.0	0.0	0.0	100.0	Other
654989.6	7459933.0	0.0	0.0	100.0	Other
654989.6	7460133.0	0.2	0.0	99.8	Other
654989.6	7460333.0	0.0	0.0	100.0	Other
654989.6	7460533.0	0.0	0.0	100.0	Other
654989.6	7460733.0	0.0	0.0	100.0	Other
654989.6	7460933.0	0.0	0.0	100.0	Other
654989.6	7461133.0	0.0	0.0	100.0	Other
654989.6	7461333.0	0.0	0.0	100.0	Other
654989.6	7461533.0	0.0	0.0	100.0	Other
654989.6	7461733.0	0.0	0.0	100.0	Other
654989.6	7461933.0	0.0	0.0	100.0	Other
654989.6	7462133.0	0.0	0.0	100.0	Other
654989.6	7462333.0	0.0	0.0	100.0	Other
654989.6	7462533.0	0.0	0.0	100.0	Other
654989.6	7462733.0	0.0	0.0	100.0	Other
654989.6	7462933.0	0.0	0.0	100.0	Other
654989.6	7463133.0	0.0	0.0	100.0	Other
654989.6	7463333.0	0.0	0.0	100.0	Other
654989.6	7463533.0	0.0	0.0	100.0	Other
654989.6	7463733.0	0.0	0.0	100.0	Other
654989.6	7463933.0	0.0	0.0	100.0	Other
654989.6	7464133.0	0.0	0.0	100.0	Other
654989.6	7464333.0	0.0	0.0	100.0	Other
654989.6	7464533.0	0.0	0.0	100.0	Other
654989.6	7464733.0	0.0	0.0	100.0	Other
654989.6	7464933.0	0.0	0.0	100.0	Other
654989.6	7465133.0	0.0	0.0	100.0	Other
654989.6	7465333.0	0.0	0.0	100.0	Other
654989.6	7465533.0	0.0	0.0	100.0	Other
654989.6	7465733.0	0.0	0.0	100.0	Other
654989.6	7465933.0	0.0	0.0	100.0	Other
654989.6	7466133.0	0.0	0.0	100.0	Other
654989.6	7466333.0	0.0	0.0	100.0	Other
654989.6	7466533.0	7.8	0.0	92.2	Other
654989.6	7466733.0	44.4	0.0	55.6	Urban
654989.6	7466933.0	96.9	0.0	3.1	Urban
654989.6	7467133.0	98.9	0.0	1.1	Urban
654989.6	7467333.0	91.7	0.0	8.3	Urban
654989.6	7467533.0	88.9	0.0	11.1	Urban
654989.6	7467733.0	94.7	0.0	5.3	Urban
654989.6	7467933.0	80.1	0.0	19.9	Urban
654989.6	7468133.0	22.1	0.0	77.9	Urban
654989.6	7468333.0	10.0	0.0	90.0	Other
654989.6	7468533.0	60.7	0.0	39.3	Urban
654989.6	7468733.0	90.4	0.0	9.6	Urban
654989.6	7468933.0	66.3	0.0	33.7	Urban
654989.6	7469133.0	96.7	0.0	3.3	Urban
654989.6	7469333.0	90.6	0.0	9.4	Urban
654989.6	7469533.0	95.3	0.0	4.7	Urban
654989.6	7469733.0	96.9	0.0	3.1	Urban
654989.6	7469933.0	98.7	0.0	1.3	Urban
654989.6	7470133.0	84.0	0.0	16.0	Urban
654989.6	7470333.0	39.9	0.0	60.1	Urban
654989.6	7470533.0	0.0	0.0	100.0	Other
654989.6	7470733.0	19.7	0.0	80.3	Other
654989.6	7470933.0	98.9	0.0	1.1	Urban
654989.6	7471133.0	99.6	0.0	0.4	Urban
654989.6	7471333.0	100.0	0.0	0.0	Urban
654989.6	7471533.0	96.0	0.0	4.0	Urban
654989.6	7471733.0	95.5	0.0	4.5	Urban
655189.6	7451933.0	12.3	55.4	32.2	Water
655189.6	7452133.0	28.6	0.0	71.4	Urban
655189.6	7452333.0	13.2	0.0	86.8	Other
655189.6	7452533.0	13.2	0.0	86.8	Other
655189.6	7452733.0	61.6	0.0	38.4	Urban
655189.6	7452933.0	49.5	0.0	50.5	Urban
655189.6	7453133.0	63.1	0.0	36.9	Urban
655189.6	7453333.0	51.4	0.0	48.6	Urban
655189.6	7453533.0	73.4	0.0	26.6	Urban
655189.6	7453733.0	4.2	0.0	95.8	Other
655189.6	7453933.0	22.6	0.0	77.4	Urban
655189.6	7454133.0	23.2	0.0	76.8	Urban
655189.6	7454333.0	0.0	0.0	100.0	Other
655189.6	7454533.0	0.2	0.0	99.8	Other
655189.6	7454733.0	14.8	0.0	85.2	Other
655189.6	7454933.0	16.7	0.0	83.3	Other
655189.6	7455133.0	33.0	0.0	67.0	Urban
655189.6	7455333.0	25.5	0.0	74.5	Urban
655189.6	7455533.0	0.0	0.0	100.0	Other
655189.6	7455733.0	0.0	0.0	100.0	Other
655189.6	7455933.0	0.0	0.0	100.0	Other
655189.6	7456133.0	0.0	0.0	100.0	Other
655189.6	7456333.0	0.0	0.0	100.0	Other
655189.6	7456533.0	0.0	0.0	100.0	Other
655189.6	7456733.0	78.4	0.0	21.6	Urban
655189.6	7456933.0	76.4	0.0	23.6	Urban
655189.6	7457133.0	1.6	0.0	98.4	Other
655189.6	7457333.0	0.0	0.0	100.0	Other
655189.6	7457533.0	0.0	0.0	100.0	Other
655189.6	7457733.0	1.3	0.0	98.7	Other
655189.6	7457933.0	44.9	0.0	55.1	Urban
655189.6	7458133.0	79.2	0.0	20.8	Urban
655189.6	7458333.0	57.6	0.0	42.4	Urban
655189.6	7458533.0	15.8	0.0	84.2	Other
655189.6	7458733.0	26.7	0.0	73.3	Urban
655189.6	7458933.0	0.4	0.0	99.6	Other
655189.6	7459133.0	0.0	0.0	100.0	Other
655189.6	7459333.0	0.0	0.0	100.0	Other
655189.6	7459533.0	1.6	0.0	98.4	Other
655189.6	7459733.0	0.0	0.0	100.0	Other
655189.6	7459933.0	0.4	0.0	99.6	Other
655189.6	7460133.0	1.6	0.0	98.4	Other
655189.6	7460333.0	0.0	0.0	100.0	Other
655189.6	7460533.0	0.0	0.0	100.0	Other
655189.6	7460733.0	0.0	0.0	100.0	Other
655189.6	7460933.0	0.0	0.0	100.0	Other
655189.6	7461133.0	0.0	0.0	100.0	Other
655189.6	7461333.0	0.0	0.0	100.0	Other
655189.6	7461533.0	0.0	0.0	100.0	Other
655189.6	7461733.0	0.0	0.0	100.0	Other
655189.6	7461933.0	0.0	0.0	100.0	Other
655189.6	7462133.0	0.0	0.0	100.0	Other
655189.6	7462333.0	0.0	0.0	100.0	Other
655189.6	7462533.0	0.0	0.0	100.0	Other
655189.6	7462733.0	0.0	0.0	100.0	Other
655189.6	7462933.0	0.0	0.0	100.0	Other
655189.6	7463133.0	0.0	0.0	100.0	Other
655189.6	7463333.0	0.0	0.0	100.0	Other
655189.6	7463533.0	0.0	0.0	100.0	Other
655189.6	7463733.0	0.0	0.0	100.0	Other
655189.6	7463933.0	0.0	0.0	100.0	Other
655189.6	7464133.0	0.0	0.0	100.0	Other
655189.6	7464333.0	0.0	0.0	100.0	Other
655189.6	7464533.0	0.0	0.0	100.0	Other
655189.6	7464733.0	0.0	0.0	100.0	Other
655189.6	7464933.0	0.0	0.0	100.0	Other
655189.6	7465133.0	0.0	0.0	100.0	Other
655189.6	7465333.0	0.0	0.0	100.0	Other
655189.6	7465533.0	0.0	0.0	100.0	Other
655189.6	7465733.0	0.0	0.0	100.0	Other
655189.6	7465933.0	0.0	0.0	100.0	Other
655189.6	7466133.0	0.0	0.0	100.0	Other
655189.6	7466333.0	0.0	0.0	100.0	Other
655189.6	7466533.0	0.0	0.0	100.0	Other
655189.6	7466733.0	5.1	0.0	94.9	Other
655189.6	7466933.0	81.5	0.0	18.5	Urban
655189.6	7467133.0	90.8	0.0	9.2	Urban
655189.6	7467333.0	87.1	0.0	12.9	Urban
655189.6	7467533.0	99.8	0.0	0.2	Urban
655189.6	7467733.0	90.4	0.0	9.6	Urban
655189.6	7467933.0	98.1	0.0	1.9	Urban
655189.6	7468133.0	63.8	0.0	36.2	Urban
655189.6	7468333.0	76.4	0.0	23.6	Urban
655189.6	7468533.0	97.6	0.0	2.4	Urban
655189.6	7468733.0	58.0	0.0	42.0	Urban
655189.6	7468933.0	27.4	0.0	72.6	Urban
655189.6	7469133.0	91.8	0.0	8.2	Urban
655189.6	7469333.0	96.7	0.0	3.3	Urban
655189.6	7469533.0	99.5	0.0	0.5	Urban
655189.6	7469733.0	93.8	0.0	6.2	Urban
655189.6	7469933.0	91.7	0.0	8.3	Urban
655189.6	7470133.0	96.2	0.0	3.8	Urban
655189.6	7470333.0	78.2	0.0	21.8	Urban
655189.6	7470533.0	14.4	0.0	85.6	Other
655189.6	7470733.0	3.3	0.0	96.7	Other
655189.6	7470933.0	93.9	0.0	6.1	Urban
655189.6	7471133.0	99.6	0.0	0.4	Urban
655189.6	7471333.0	87.0	0.0	13.0	Urban
655189.6	7471533.0	98.5	0.0	1.5	Urban
655189.6	7471733.0	97.3	0.0	2.7	Urban
655389.6	7451933.0	0.7	81.9	17.4	Water
655389.6	7452133.0	54.5	0.0	45.5	Urban
655389.6	7452333.0	47.5	0.0	52.5	Urban
655389.6	7452533.0	0.0	0.0	100.0	Other
655389.6	7452733.0	36.2	0.0	63.8	Urban
655389.6	7452933.0	93.5	0.0	6.5	Urban
655389.6	7453133.0	66.3	0.0	33.7	Urban
655389.6	7453333.0	67.0	0.0	33.0	Urban
655389.6	7453533.0	62.7	0.0	37.3	Urban
655389.6	7453733.0	66.5	0.0	33.5	Urban
655389.6	7453933.0	57.2	0.0	42.8	Urban
655389.6	7454133.0	11.8	0.0	88.2	Other
655389.6	7454333.0	0.2	0.0	99.8	Other
655389.6	7454533.0	15.9	0.0	84.1	Other
655389.6	7454733.0	67.2	0.0	32.8	Urban
655389.6	7454933.0	61.2	0.0	38.8	Urban
655389.6	7455133.0	100.0	0.0	0.0	Urban
655389.6	7455333.0	45.1	0.0	54.9	Urban
655389.6	7455533.0	0.0	0.0	100.0	Other
655389.6	7455733.0	0.0	0.0	100.0	Other
655389.6	7455933.0	0.0	0.0	100.0	Other
655389.6	7456133.0	0.0	0.0	100.0	Other
655389.6	7456333.0	5.4	0.0	94.6	Other
655389.6	7456533.0	28.3	0.0	71.7	Urban
655389.6	7456733.0	62.8	0.0	37.2	Urban
655389.6	7456933.0	62.0	0.0	38.0	Urban
655389.6	7457133.0	2.9	0.0	97.1	Other
655389.6	7457333.0	0.0	0.0	100.0	Other
655389.6	7457533.0	0.0	0.0	100.0	Other
655389.6	7457733.0	0.0	0.0	100.0	Other
655389.6	7457933.0	1.1	0.0	98.9	Other
655389.6	7458133.0	42.8	0.0	57.2	Urban
655389.6	7458333.0	46.3	0.0	53.7	Urban
655389.6	7458533.0	2.2	0.0	97.8	Other
655389.6	7458733.0	17.0	0.0	83.0	Other
655389.6	7458933.0	0.0	0.0	100.0	Other
655389.6	7459133.0	1.0	0.0	99.0	Other
655389.6	7459333.0	0.9	0.0	99.1	Other
655389.6	7459533.0	0.2	0.0	99.8	Other
655389.6	7459733.0	0.0	0.0	100.0	Other
655389.6	7459933.0	0.0	0.0	100.0	Other
655389.6	7460133.0	0.0	0.0	100.0	Other
655389.6	7460333.0	0.0	0.0	100.0	Other
655389.6	7460533.0	0.0	0.0	100.0	Other
655389.6	7460733.0	0.0	0.0	100.0	Other
655389.6	7460933.0	0.0	0.0	100.0	Other
655389.6	7461133.0	0.0	0.0	100.0	Other
655389.6	7461333.0	0.0	0.0	100.0	Other
655389.6	7461533.0	0.0	0.0	100.0	Other
655389.6	7461733.0	0.0	0.0	100.0	Other
655389.6	7461933.0	0.0	0.0	100.0	Other
655389.6	7462133.0	0.0	0.0	100.0	Other
655389.6	7462333.0	0.0	0.0	100.0	Other
655389.6	7462533.0	0.0	0.0	100.0	Other
655389.6	7462733.0	0.0	0.0	100.0	Other
655389.6	7462933.0	0.0	0.0	100.0	Other
655389.6	7463133.0	0.0	0.0	100.0	Other
655389.6	7463333.0	0.0	0.0	100.0	Other
655389.6	7463533.0	0.0	0.0	100.0	Other
655389.6	7463733.0	0.0	0.0	100.0	Other
655389.6	7463933.0	0.0	0.0	100.0	Other
655389.6	7464133.0	0.0	0.0	100.0	Other
655389.6	7464333.0	0.0	0.0	100.0	Other
655389.6	7464533.0	0.0	0.0	100.0	Other
655389.6	7464733.0	0.0	0.0	100.0	Other
655389.6	7464933.0	0.0	0.0	100.0	Other
655389.6	7465133.0	0.0	0.0	100.0	Other
655389.6	7465333.0	0.0	0.0	100.0	Other
655389.6	7465533.0	0.0	0.0	100.0	Other
655389.6	7465733.0	0.0	0.0	100.0	Other
655389.6	7465933.0	0.0	0.0	100.0	Other
655389.6	7466133.0	0.0	0.0	100.0	Other
655389.6	7466333.0	0.0	0.0	100.0	Other
655389.6	7466533.0	0.0	0.0	100.0	Other
655389.6	7466733.0	0.0	0.0	100.0	Other
655389.6	7466933.0	45.7	0.0	54.3	Urban
655389.6	7467133.0	93.5	0.0	6.5	Urban
655389.6	7467333.0	100.0	0.0	0.0	Urban
655389.6	7467533.0	100.0	0.0	0.0	Urban
655389.6	7467733.0	97.8	0.0	2.2	Urban
655389.6	7467933.0	74.5	0.0	25.5	Urban
655389.6	7468133.0	4.7	0.0	95.3	Other
655389.6	7468333.0	33.6	0.0	66.4	Urban
655389.6	7468533.0	94.4	0.0	5.6	Urban
655389.6	7468733.0	100.0	0.0	0.0	Urban
655389.6	7468933.0	100.0	0.0	0.0	Urban
655389.6	7469133.0	96.7	0.0	3.3	Urban
655389.6	7469333.0	99.3	0.0	0.7	Urban
655389.6	7469533.0	97.6	0.0	2.4	Urban
655389.6	7469733.0	92.0	0.0	8.0	Urban
655389.6	7469933.0	97.2	0.0	2.8	Urban
655389.6	7470133.0	98.0	0.0	2.0	Urban
655389.6	7470333.0	100.0	0.0	0.0	Urban
655389.6	7470533.0	30.6	0.0	69.4	Urban
655389.6	7470733.0	0.0	0.0	100.0	Other
655389.6	7470933.0	63.8	0.0	36.2	Urban
655389.6	7471133.0	92.4	0.0	7.6	Urban
655389.6	7471333.0	90.8	0.0	9.2	Urban
655389.6	7471533.0	89.5	0.0	10.5	Urban
655389.6	7471733.0	87.9	0.0	12.1	Urban
655589.6	7451933.0	0.0	100.0	0.0	Water
655589.6	7452133.0	27.8	13.9	58.3	Urban
655589.6	7452333.0	43.7	0.0	56.3	Urban
655589.6	7452533.0	4.2	0.0	95.8	Other
655589.6	7452733.0	58.7	0.0	41.3	Urban
655589.6	7452933.0	98.1	0.0	1.9	Urban
655589.6	7453133.0	96.2	0.0	3.8	Urban
655589.6	7453333.0	84.4	0.0	15.6	Urban
655589.6	7453533.0	87.9	0.0	12.1	Urban
655589.6	7453733.0	97.9	0.0	2.1	Urban
655589.6	7453933.0	77.2	0.0	22.8	Urban
655589.6	7454133.0	54.2	0.0	45.8	Urban
655589.6	7454333.0	56.0	0.0	44.0	Urban
655589.6	7454533.0	16.3	0.0	83.7	Other
655589.6	7454733.0	31.2	0.0	68.8	Urban
655589.6	7454933.0	18.5	0.0	81.5	Other
655589.6	7455133.0	97.3	0.0	2.7	Urban
655589.6	7455333.0	66.5	0.0	33.5	Urban
655589.6	7455533.0	0.0	0.0	100.0	Other
655589.6	7455733.0	0.0	0.0	100.0	Other
655589.6	7455933.0	0.0	0.0	100.0	Other
655589.6	7456133.0	10.3	0.0	89.7	Other
655589.6	7456333.0	54.5	0.0	45.5	Urban
655589.6	7456533.0	59.1	0.0	40.9	Urban
655589.6	7456733.0	74.3	0.0	25.7	Urban
655589.6	7456933.0	56.5	0.0	43.5	Urban
655589.6	7457133.0	2.1	0.0	97.9	Other
655589.6	7457333.0	0.0	0.0	100.0	Other
655589.6	7457533.0	0.0	0.0	100.0	Other
655589.6	7457733.0	0.0	0.0	100.0	Other
655589.6	7457933.0	57.9	0.0	42.1	Urban
655589.6	7458133.0	20.7	0.0	79.3	Urban
655589.6	7458333.0	0.0	0.0	100.0	Other
655589.6	7458533.0	0.0	0.0	100.0	Other
655589.6	7458733.0	0.0	0.0	100.0	Other
655589.6	7458933.0	0.0	0.0	100.0	Other
655589.6	7459133.0	3.6	0.0	96.4	Other
655589.6	7459333.0	1.3	0.0	98.7	Other
655589.6	7459533.0	0.0	0.0	100.0	Other
655589.6	7459733.0	0.0	0.0	100.0	Other
655589.6	7459933.0	0.0	0.0	100.0	Other
655589.6	7460133.0	0.0	0.0	100.0	Other
655589.6	7460333.0	0.0	0.0	100.0	Other
655589.6	7460533.0	0.0	0.0	100.0	Other
655589.6	7460733.0	0.0	0.0	100.0	Other
655589.6	7460933.0	0.0	0.0	100.0	Other
655589.6	7461133.0	0.0	0.0	100.0	Other
655589.6	7461333.0	0.0	0.0	100.0	Other
655589.6	7461533.0	0.0	0.0	100.0	Other
655589.6	7461733.0	0.0	0.0	100.0	Other
655589.6	7461933.0	0.0	0.0	100.0	Other
655589.6	7462133.0	0.0	0.0	100.0	Other
655589.6	7462333.0	0.0	0.0	100.0	Other
655589.6	7462533.0	0.0	0.0	100.0	Other
655589.6	7462733.0	0.0	0.0	100.0	Other
655589.6	7462933.0	0.0	0.0	100.0	Other
655589.6	7463133.0	0.0	0.0	100.0	Other
655589.6	7463333.0	0.0	0.0	100.0	Other
655589.6	7463533.0	0.0	0.0	100.0	Other
655589.6	7463733.0	0.0	0.0	100.0	Other
655589.6	7463933.0	0.0	0.0	100.0	Other
655589.6	7464133.0	0.0	0.0	100.0	Other
655589.6	7464333.0	0.0	0.0	100.0	Other
655589.6	7464533.0	0.0	0.0	100.0	Other
655589.6	7464733.0	0.0	0.0	100.0	Other
655589.6	7464933.0	0.0	0.0	100.0	Other
655589.6	7465133.0	0.0	0.0	100.0	Other
655589.6	7465333.0	0.0	0.0	100.0	Other
655589.6	7465533.0	0.0	0.0	100.0	Other
655589.6	7465733.0	0.0	0.0	100.0	Other
655589.6	7465933.0	0.0	0.0	100.0	Other
655589.6	7466133.0	0.0	0.0	100.0	Other
655589.6	7466333.0	0.0	0.0	100.0	Other
655589.6	7466533.0	0.0	0.0	100.0	Other
655589.6	7466733.0	0.0	0.0	100.0	Other
655589.6	7466933.0	3.3	0.0	96.7	Other
655589.6	7467133.0	90.0	0.0	10.0	Urban
655589.6	7467333.0	100.0	0.0	0.0	Urban
655589.6	7467533.0	98.9	0.0	1.1	Urban
655589.6	7467733.0	98.6	0.0	1.4	Urban
655589.6	7467933.0	91.1	0.0	8.9	Urban
655589.6	7468133.0	47.7	0.0	52.3	Urban
655589.6	7468333.0	49.6	0.0	50.4	Urban
655589.6	7468533.0	99.5	0.0	0.5	Urban
655589.6	7468733.0	91.7	0.0	8.3	Urban
655589.6	7468933.0	99.3	0.0	0.7	Urban
655589.6	7469133.0	100.0	0.0	0.0	Urban
655589.6	7469333.0	99.5	0.0	0.5	Urban
655589.6	7469533.0	99.1	0.0	0.9	Urban
655589.6	7469733.0	96.4	0.0	3.6	Urban
655589.6	7469933.0	92.6	0.0	7.4	Urban
655589.6	7470133.0	99.1	0.0	0.9	Urban
655589.6	7470333.0	99.0	0.0	1.0	Urban
655589.6	7470533.0	20.1	0.0	79.9	Urban
655589.6	7470733.0	0.0	0.0	100.0	Other
655589.6	7470933.0	44.7	0.0	55.3	Urban
655589.6	7471133.0	93.6	0.0	6.4	Urban
655589.6	7471333.0	95.5	0.0	4.5	Urban
655589.6	7471533.0	87.1	0.0	12.9	Urban
655589.6	7471733.0	90.9	0.0	9.1	Urban
655789.6	7451933.0	0.0	100.0	0.0	Water
655789.6	7452133.0	29.3	36.1	34.6	Urban
655789.6	7452333.0	87.7	0.0	12.3	Urban
655789.6	7452533.0	70.7	0.0	29.3	Urban
655789.6	7452733.0	90.8	0.0	9.2	Urban
655789.6	7452933.0	95.3	0.0	4.7	Urban
655789.6	7453133.0	86.1	0.0	13.9	Urban
655789.6	7453333.0	85.9	0.0	14.1	Urban
655789.6	7453533.0	84.1	0.0	15.9	Urban
655789.6	7453733.0	89.3	0.0	10.7	Urban
655789.6	7453933.0	46.2	0.0	53.8	Urban
655789.6	7454133.0	30.8	0.0	69.2	Urban
655789.6	7454333.0	11.1	0.0	88.9	Other
655789.6	7454533.0	0.0	0.0	100.0	Other
655789.6	7454733.0	16.3	0.0	83.7	Other
655789.6	7454933.0	1.0	0.0	99.0	Other
655789.6	7455133.0	60.5	0.0	39.5	Urban
655789.6	7455333.0	35.7	0.0	64.3	Urban
655789.6	7455533.0	0.0	0.0	100.0	Other
655789.6	7455733.0	0.0	0.0	100.0	Other
655789.6	7455933.0	0.0	0.0	100.0	Other
655789.6	7456133.0	0.0	0.0	100.0	Other
655789.6	7456333.0	0.0	0.0	100.0	Other
655789.6	7456533.0	32.9	0.0	67.1	Urban
655789.6	7456733.0	43.7	0.0	56.3	Urban
655789.6	7456933.0	23.4	0.0	76.6	Urban
655789.6	7457133.0	13.9	0.0	86.1	Other
655789.6	7457333.0	0.0	0.0	100.0	Other
655789.6	7457533.0	0.0	0.0	100.0	Other
655789.6	7457733.0	0.0	0.0	100.0	Other
655789.6	7457933.0	30.1	0.0	69.9	Urban
655789.6	7458133.0	35.7	0.0	64.3	Urban
655789.6	7458333.0	0.0	0.0	100.0	Other
655789.6	7458533.0	0.0	0.0	100.0	Other
655789.6	7458733.0	0.0	0.0	100.0	Other
655789.6	7458933.0	0.0	0.0	100.0	Other
655789.6	7459133.0	1.1	0.0	98.9	Other
655789.6	7459333.0	0.0	0.0	100.0	Other
655789.6	7459533.0	0.0	0.0	100.0	Other
655789.6	7459733.0	0.0	0.0	100.0	Other
655789.6	7459933.0	0.0	0.0	100.0	Other
655789.6	7460133.0	0.0	0.0	100.0	Other
655789.6	7460333.0	0.0	0.0	100.0	Other
655789.6	7460533.0	0.0	0.0	100.0	Other
655789.6	7460733.0	0.0	0.0	100.0	Other
655789.6	7460933.0	0.0	0.0	100.0	Other
655789.6	7461133.0	0.0	0.0	100.0	Other
655789.6	7461333.0	0.0	0.0	100.0	Other
655789.6	7461533.0	0.0	0.0	100.0	Other
655789.6	7461733.0	0.0	0.0	100.0	Other
655789.6	7461933.0	0.0	0.0	100.0	Other
655789.6	7462133.0	0.0	0.0	100.0	Other
655789.6	7462333.0	0.0	0.0	100.0	Other
655789.6	7462533.0	0.0	0.0	100.0	Other
655789.6	7462733.0	0.0	0.0	100.0	Other
655789.6	7462933.0	0.0	0.0	100.0	Other
655789.6	7463133.0	0.0	0.0	100.0	Other
655789.6	7463333.0	0.0	0.0	100.0	Other
655789.6	7463533.0	0.0	0.0	100.0	Other
655789.6	7463733.0	0.0	0.0	100.0	Other
655789.6	7463933.0	0.0	0.0	100.0	Other
655789.6	7464133.0	0.0	0.0	100.0	Other
655789.6	7464333.0	0.0	0.0	100.0	Other
655789.6	7464533.0	0.0	0.0	100.0	Other
655789.6	7464733.0	0.0	0.0	100.0	Other
655789.6	7464933.0	0.0	0.0	100.0	Other
655789.6	7465133.0	0.0	0.0	100.0	Other
655789.6	7465333.0	0.0	0.0	100.0	Other
655789.6	7465533.0	0.0	0.0	100.0	Other
655789.6	7465733.0	0.0	0.0	100.0	Other
655789.6	7465933.0	0.0	0.0	100.0	Other
655789.6	7466133.0	0.0	0.0	100.0	Other
655789.6	7466333.0	0.0	0.0	100.0	Other
655789.6	7466533.0	0.0	0.0	100.0	Other
655789.6	7466733.0	0.0	0.0	100.0	Other
655789.6	7466933.0	7.6	0.0	92.4	Other
655789.6	7467133.0	72.5	0.0	27.5	Urban
655789.6	7467333.0	89.6	0.0	10.4	Urban
655789.6	7467533.0	98.9	0.0	1.1	Urban
655789.6	7467733.0	100.0	0.0	0.0	Urban
655789.6	7467933.0	100.0	0.0	0.0	Urban
655789.6	7468133.0	93.7	0.0	6.3	Urban
655789.6	7468333.0	84.2	0.0	15.8	Urban
655789.6	7468533.0	81.5	0.0	18.5	Urban
655789.6	7468733.0	87.1	0.0	12.9	Urban
655789.6	7468933.0	93.4	0.0	6.6	Urban
655789.6	7469133.0	88.8	0.0	11.2	Urban
655789.6	7469333.0	98.9	0.0	1.1	Urban
655789.6	7469533.0	97.5	0.0	2.5	Urban
655789.6	7469733.0	100.0	0.0	0.0	Urban
655789.6	7469933.0	99.6	0.0	0.4	Urban
655789.6	7470133.0	100.0	0.0	0.0	Urban
655789.6	7470333.0	99.3	0.0	0.7	Urban
655789.6	7470533.0	54.7	0.0	45.3	Urban
655789.6	7470733.0	0.0	0.0	100.0	Other
655789.6	7470933.0	20.3	0.0	79.7	Urban
655789.6	7471133.0	94.4	0.0	5.6	Urban
655789.6	7471333.0	98.5	0.0	1.5	Urban
655789.6	7471533.0	96.4	0.0	3.6	Urban
655789.6	7471733.0	96.2	0.0	3.8	Urban
655989.6	7451933.0	0.0	100.0	0.0	Water
655989.6	7452133.0	16.8	57.2	25.9	Water
655989.6	7452333.0	79.0	0.0	21.0	Urban
655989.6	7452533.0	77.1	0.0	22.9	Urban
655989.6	7452733.0	87.7	0.0	12.3	Urban
655989.6	7452933.0	85.9	0.0	14.1	Urban
655989.6	7453133.0	66.5	0.0	33.5	Urban
655989.6	7453333.0	84.1	0.0	15.9	Urban
655989.6	7453533.0	89.5	0.0	10.5	Urban
655989.6	7453733.0	95.6	0.0	4.4	Urban
655989.6	7453933.0	70.3	0.0	29.7	Urban
655989.6	7454133.0	57.4	0.0	42.6	Urban
655989.6	7454333.0	38.9	0.0	61.1	Urban
655989.6	7454533.0	43.8	0.0	56.2	Urban
655989.6	7454733.0	10.7	0.0	89.3	Other
655989.6	7454933.0	0.0	0.0	100.0	Other
655989.6	7455133.0	0.0	0.0	100.0	Other
655989.6	7455333.0	0.0	0.0	100.0	Other
655989.6	7455533.0	0.0	0.0	100.0	Other
655989.6	7455733.0	0.0	0.0	100.0	Other
655989.6	7455933.0	0.0	0.0	100.0	Other
655989.6	7456133.0	0.0	0.0	100.0	Other
655989.6	7456333.0	13.0	0.0	87.0	Other
655989.6	7456533.0	27.5	0.0	72.5	Urban
655989.6	7456733.0	39.7	0.0	60.3	Urban
655989.6	7456933.0	13.6	0.0	86.4	Other
655989.6	7457133.0	6.9	0.0	93.1	Other
655989.6	7457333.0	0.0	0.0	100.0	Other
655989.6	7457533.0	0.0	0.0	100.0	Other
655989.6	7457733.0	0.0	0.0	100.0	Other
655989.6	7457933.0	5.6	0.0	94.4	Other
655989.6	7458133.0	10.5	0.0	89.5	Other
655989.6	7458333.0	0.0	0.0	100.0	Other
655989.6	7458533.0	0.0	0.0	100.0	Other
655989.6	7458733.0	0.0	0.0	100.0	Other
655989.6	7458933.0	0.0	0.0	100.0	Other
655989.6	7459133.0	0.0	0.0	100.0	Other
655989.6	7459333.0	0.0	0.0	100.0	Other
655989.6	7459533.0	0.0	0.0	100.0	Other
655989.6	7459733.0	0.0	0.0	100.0	Other
655989.6	7459933.0	0.0	0.0	100.0	Other
655989.6	7460133.0	0.0	0.0	100.0	Other
655989.6	7460333.0	0.0	0.0	100.0	Other
655989.6	7460533.0	0.0	0.0	100.0	Other
655989.6	7460733.0	0.0	0.0	100.0	Other
655989.6	7460933.0	0.0	0.0	100.0	Other
655989.6	7461133.0	0.0	0.0	100.0	Other
655989.6	7461333.0	0.0	0.0	100.0	Other
655989.6	7461533.0	0.0	0.0	100.0	Other
655989.6	7461733.0	0.0	0.0	100.0	Other
655989.6	7461933.0	0.0	0.0	100.0	Other
655989.6	7462133.0	0.0	0.0	100.0	Other
655989.6	7462333.0	0.0	0.0	100.0	Other
655989.6	7462533.0	0.0	0.0	100.0	Other
655989.6	7462733.0	0.0	0.0	100.0	Other
655989.6	7462933.0	0.0	0.0	100.0	Other
655989.6	7463133.0	0.0	0.0	100.0	Other
655989.6	7463333.0	0.0	0.0	100.0	Other
655989.6	7463533.0	0.0	0.0	100.0	Other
655989.6	7463733.0	0.0	0.0	100.0	Other
655989.6	7463933.0	0.0	0.0	100.0	Other
655989.6	7464133.0	0.0	0.0	100.0	Other
655989.6	7464333.0	0.0	0.0	100.0	Other
655989.6	7464533.0	0.0	0.0	100.0	Other
655989.6	7464733.0	0.0	0.0	100.0	Other
655989.6	7464933.0	0.0	0.0	100.0	Other
655989.6	7465133.0	0.0	0.0	100.0	Other
655989.6	7465333.0	0.0	0.0	100.0	Other
655989.6	7465533.0	0.0	0.0	100.0	Other
655989.6	7465733.0	0.0	0.0	100.0	Other
655989.6	7465933.0	0.0	0.0	100.0	Other
655989.6	7466133.0	0.0	0.0	100.0	Other
655989.6	7466333.0	0.0	0.0	100.0	Other
655989.6	7466533.0	0.0	0.0	100.0	Other
655989.6	7466733.0	0.0	0.0	100.0	Other
655989.6	7466933.0	3.4	0.0	96.6	Other
655989.6	7467133.0	40.2	0.0	59.8	Urban
655989.6	7467333.0	54.0	0.0	46.0	Urban
655989.6	7467533.0	100.0	0.0	0.0	Urban
655989.6	7467733.0	99.5	0.0	0.5	Urban
655989.6	7467933.0	88.4	0.0	11.6	Urban
655989.6	7468133.0	100.0	0.0	0.0	Urban
655989.6	7468333.0	99.6	0.0	0.4	Urban
655989.6	7468533.0	85.7	0.0	14.3	Urban
655989.6	7468733.0	99.1	0.0	0.9	Urban
655989.6	7468933.0	99.3	0.0	0.7	Urban
655989.6	7469133.0	98.0	0.0	2.0	Urban
655989.6	7469333.0	90.4	0.0	9.6	Urban
655989.6	7469533.0	100.0	0.0	0.0	Urban
655989.6	7469733.0	99.3	0.0	0.7	Urban
655989.6	7469933.0	98.9	0.0	1.1	Urban
655989.6	7470133.0	100.0	0.0	0.0	Urban
655989.6	7470333.0	93.1	0.0	6.9	Urban
655989.6	7470533.0	81.3	0.0	18.7	Urban
655989.6	7470733.0	3.1	0.0	96.9	Other
655989.6	7470933.0	1.9	0.0	98.1	Other
655989.6	7471133.0	73.9	0.0	26.1	Urban
655989.6	7471333.0	99.3	0.0	0.7	Urban
655989.6	7471533.0	99.5	0.0	0.5	Urban
655989.6	7471733.0	41.4	0.0	58.6	Urban
656189.6	7451933.0	0.0	100.0	0.0	Water
656189.6	7452133.0	6.0	65.2	28.8	Water
656189.6	7452333.0	86.3	0.0	13.7	Urban
656189.6	7452533.0	96.9	0.0	3.1	Urban
656189.6	7452733.0	56.0	0.0	44.0	Urban
656189.6	7452933.0	56.7	0.0	43.3	Urban
656189.6	7453133.0	85.7	0.0	14.3	Urban
656189.6	7453333.0	92.0	0.0	8.0	Urban
656189.6	7453533.0	85.7	0.0	14.3	Urban
656189.6	7453733.0	94.6	0.0	5.4	Urban
656189.6	7453933.0	44.0	0.0	56.0	Urban
656189.6	7454133.0	2.9	0.0	97.1	Other
656189.6	7454333.0	89.5	0.0	10.5	Urban
656189.6	7454533.0	98.9	0.0	1.1	Urban
656189.6	7454733.0	21.4	0.0	78.6	Urban
656189.6	7454933.0	0.0	0.0	100.0	Other
656189.6	7455133.0	0.0	0.0	100.0	Other
656189.6	7455333.0	0.0	0.0	100.0	Other
656189.6	7455533.0	0.0	0.0	100.0	Other
656189.6	7455733.0	0.0	0.0	100.0	Other
656189.6	7455933.0	0.0	0.0	100.0	Other
656189.6	7456133.0	0.0	0.0	100.0	Other
656189.6	7456333.0	0.0	0.0	100.0	Other
656189.6	7456533.0	6.3	0.0	93.7	Other
656189.6	7456733.0	75.9	0.0	24.1	Urban
656189.6	7456933.0	62.9	0.0	37.1	Urban
656189.6	7457133.0	15.2	0.0	84.8	Other
656189.6	7457333.0	0.0	0.0	100.0	Other
656189.6	7457533.0	0.0	0.0	100.0	Other
656189.6	7457733.0	0.0	0.0	100.0	Other
656189.6	7457933.0	0.0	0.0	100.0	Other
656189.6	7458133.0	0.0	0.0	100.0	Other
656189.6	7458333.0	0.0	0.0	100.0	Other
656189.6	7458533.0	0.0	0.0	100.0	Other
656189.6	7458733.0	0.0	0.0	100.0	Other
656189.6	7458933.0	0.0	0.0	100.0	Other
656189.6	7459133.0	0.0	0.0	100.0	Other
656189.6	7459333.0	0.0	0.0	100.0	Other
656189.6	7459533.0	0.2	0.0	99.8	Other
656189.6	7459733.0	0.0	0.0	100.0	Other
656189.6	7459933.0	0.0	0.0	100.0	Other
656189.6	7460133.0	0.0	0.0	100.0	Other
656189.6	7460333.0	0.0	0.0	100.0	Other
656189.6	7460533.0	0.0	0.0	100.0	Other
656189.6	7460733.0	0.0	0.0	100.0	Other
656189.6	7460933.0	0.0	0.0	100.0	Other
656189.6	7461133.0	0.0	0.0	100.0	Other
656189.6	7461333.0	0.0	0.0	100.0	Other
656189.6	7461533.0	0.0	0.0	100.0	Other
656189.6	7461733.0	0.0	0.0	100.0	Other
656189.6	7461933.0	0.0	0.0	100.0	Other
656189.6	7462133.0	0.0	0.0	100.0	Other
656189.6	7462333.0	0.0	0.0	100.0	Other
656189.6	7462533.0	0.0	0.0	100.0	Other
656189.6	7462733.0	0.0	0.0	100.0	Other
656189.6	7462933.0	0.0	0.0	100.0	Other
656189.6	7463133.0	0.0	0.0	100.0	Other
656189.6	7463333.0	0.0	0.0	100.0	Other
656189.6	7463533.0	0.0	0.0	100.0	Other
656189.6	7463733.0	0.0	0.0	100.0	Other
656189.6	7463933.0	0.0	0.0	100.0	Other
656189.6	7464133.0	0.0	0.0	100.0	Other
656189.6	7464333.0	0.0	0.0	100.0	Other
656189.6	7464533.0	0.0	0.0	100.0	Other
656189.6	7464733.0	0.0	0.0	100.0	Other
656189.6	7464933.0	0.0	0.0	100.0	Other
656189.6	7465133.0	0.0	0.0	100.0	Other
656189.6	7465333.0	0.0	0.0	100.0	Other
656189.6	7465533.0	0.0	0.0	100.0	Other
656189.6	7465733.0	0.0	0.0	100.0	Other
656189.6	7465933.0	0.0	0.0	100.0	Other
656189.6	7466133.0	0.0	0.0	100.0	Other
656189.6	7466333.0	0.0	0.0	100.0	Other
656189.6	7466533.0	0.0	0.0	100.0	Other
656189.6	7466733.0	0.0	0.0	100.0	Other
656189.6	7466933.0	29.9	0.0	70.1	Urban
656189.6	7467133.0	93.7	0.0	6.3	Urban
656189.6	7467333.0	99.8	0.0	0.2	Urban
656189.6	7467533.0	99.8	0.0	0.2	Urban
656189.6	7467733.0	100.0	0.0	0.0	Urban
656189.6	7467933.0	91.8	0.0	8.2	Urban
656189.6	7468133.0	96.2	0.0	3.8	Urban
656189.6	7468333.0	99.8	0.0	0.2	Urban
656189.6	7468533.0	93.6	0.0	6.4	Urban
656189.6	7468733.0	100.0	0.0	0.0	Urban
656189.6	7468933.0	100.0	0.0	0.0	Urban
656189.6	7469133.0	100.0	0.0	0.0	Urban
656189.6	7469333.0	95.8	0.0	4.2	Urban
656189.6	7469533.0	95.5	0.0	4.5	Urban
656189.6	7469733.0	99.8	0.0	0.2	Urban
656189.6	7469933.0	100.0	0.0	0.0	Urban
656189.6	7470133.0	100.0	0.0	0.0	Urban
656189.6	7470333.0	100.0	0.0	0.0	Urban
656189.6	7470533.0	99.5	0.0	0.5	Urban
656189.6	7470733.0	46.6	0.0	53.4	Urban
656189.6	7470933.0	0.0	0.0	100.0	Other
656189.6	7471133.0	7.1	0.0	92.9	Other
656189.6	7471333.0	92.6	0.0	7.4	Urban
656189.6	7471533.0	83.7	0.0	16.3	Urban
656189.6	7471733.0	25.9	0.0	74.1	Urban
656389.6	7451933.0	0.0	100.0	0.0	Water
656389.6	7452133.0	20.1	48.7	31.2	Urban
656389.6	7452333.0	83.9	0.0	16.1	Urban
656389.6	7452533.0	95.7	0.0	4.3	Urban
656389.6	7452733.0	46.9	0.0	53.1	Urban
656389.6	7452933.0	2.5	0.0	97.5	Other
656389.6	7453133.0	50.0	0.0	50.0	Urban
656389.6	7453333.0	72.3	0.0	27.7	Urban
656389.6	7453533.0	97.8	0.0	2.2	Urban
656389.6	7453733.0	97.8	0.0	2.2	Urban
656389.6	7453933.0	64.9	0.0	35.1	Urban
656389.6	7454133.0	27.2	0.0	72.8	Urban
656389.6	7454333.0	79.8	0.0	20.2	Urban
656389.6	7454533.0	98.0	0.0	2.0	Urban
656389.6	7454733.0	44.0	0.0	56.0	Urban
656389.6	7454933.0	0.0	0.0	100.0	Other
656389.6	7455133.0	0.0	0.0	100.0	Other
656389.6	7455333.0	0.0	0.0	100.0	Other
656389.6	7455533.0	0.0	0.0	100.0	Other
656389.6	7455733.0	0.0	0.0	100.0	Other
656389.6	7455933.0	0.0	0.0	100.0	Other
656389.6	7456133.0	0.0	0.0	100.0	Other
656389.6	7456333.0	0.0	0.0	100.0	Other
656389.6	7456533.0	0.0	0.0	100.0	Other
656389.6	7456733.0	44.9	0.0	55.1	Urban
656389.6	7456933.0	55.3	0.0	44.7	Urban
656389.6	7457133.0	5.1	0.0	94.9	Other
656389.6	7457333.0	5.3	0.0	94.7	Other
656389.6	7457533.0	1.6	0.0	98.4	Other
656389.6	7457733.0	1.1	0.0	98.9	Other
656389.6	7457933.0	2.5	0.0	97.5	Other
656389.6	7458133.0	2.4	0.0	97.6	Other
656389.6	7458333.0	0.0	0.0	100.0	Other
656389.6	7458533.0	0.0	0.0	100.0	Other
656389.6	7458733.0	0.0	0.0	100.0	Other
656389.6	7458933.0	0.0	0.0	100.0	Other
656389.6	7459133.0	0.0	0.0	100.0	Other
656389.6	7459333.0	0.0	0.0	100.0	Other
656389.6	7459533.0	0.0	0.0	100.0	Other
656389.6	7459733.0	0.0	0.0	100.0	Other
656389.6	7459933.0	0.0	0.0	100.0	Other
656389.6	7460133.0	0.0	0.0	100.0	Other
656389.6	7460333.0	0.0	0.0	100.0	Other
656389.6	7460533.0	0.0	0.0	100.0	Other
656389.6	7460733.0	0.0	0.0	100.0	Other
656389.6	7460933.0	0.0	0.0	100.0	Other
656389.6	7461133.0	0.0	0.0	100.0	Other
656389.6	7461333.0	0.0	0.0	100.0	Other
656389.6	7461533.0	0.0	0.0	100.0	Other
656389.6	7461733.0	0.0	0.0	100.0	Other
656389.6	7461933.0	0.0	0.0	100.0	Other
656389.6	7462133.0	0.0	0.0	100.0	Other
656389.6	7462333.0	0.0	0.0	100.0	Other
656389.6	7462533.0	0.0	0.0	100.0	Other
656389.6	7462733.0	0.0	0.0	100.0	Other
656389.6	7462933.0	0.0	0.0	100.0	Other
656389.6	7463133.0	0.0	0.0	100.0	Other
656389.6	7463333.0	0.0	0.0	100.0	Other
656389.6	7463533.0	0.0	0.0	100.0	Other
656389.6	7463733.0	0.0	0.0	100.0	Other
656389.6	7463933.0	0.0	0.0	100.0	Other
656389.6	7464133.0	0.0	0.0	100.0	Other
656389.6	7464333.0	0.0	0.0	100.0	Other
656389.6	7464533.0	0.0	0.0	100.0	Other
656389.6	7464733.0	0.0	0.0	100.0	Other
656389.6	7464933.0	0.0	0.0	100.0	Other
656389.6	7465133.0	0.0	0.0	100.0	Other
656389.6	7465333.0	0.0	0.0	100.0	Other
656389.6	7465533.0	0.0	0.0	100.0	Other
656389.6	7465733.0	0.0	0.0	100.0	Other
656389.6	7465933.0	0.0	0.0	100.0	Other
656389.6	7466133.0	0.0	0.0	100.0	Other
656389.6	7466333.0	0.0	0.0	100.0	Other
656389.6	7466533.0	0.0	0.0	100.0	Other
656389.6	7466733.0	1.6	0.0	98.4	Other
656389.6	7466933.0	10.1	0.0	89.9	Other
656389.6	7467133.0	96.9	0.0	3.1	Urban
656389.6	7467333.0	100.0	0.0	0.0	Urban
656389.6	7467533.0	99.6	0.0	0.4	Urban
656389.6	7467733.0	92.2	0.0	7.8	Urban
656389.6	7467933.0	99.6	0.0	0.4	Urban
656389.6	7468133.0	99.5	0.0	0.5	Urban
656389.6	7468333.0	100.0	0.0	0.0	Urban
656389.6	7468533.0	99.8	0.0	0.2	Urban
656389.6	7468733.0	100.0	0.0	0.0	Urban
656389.6	7468933.0	96.7	0.0	3.3	Urban
656389.6	7469133.0	99.7	0.0	0.3	Urban
656389.6	7469333.0	95.3	0.0	4.7	Urban
656389.6	7469533.0	83.7	0.0	16.3	Urban
656389.6	7469733.0	96.0	0.0	4.0	Urban
656389.6	7469933.0	97.6	0.0	2.4	Urban
656389.6	7470133.0	99.8	0.0	0.2	Urban
656389.6	7470333.0	98.4	0.0	1.6	Urban
656389.6	7470533.0	95.6	0.0	4.4	Urban
656389.6	7470733.0	87.7	0.0	12.3	Urban
656389.6	7470933.0	2.7	0.0	97.3	Other
656389.6	7471133.0	0.0	0.0	100.0	Other
656389.6	7471333.0	32.2	0.0	67.8	Urban
656389.6	7471533.0	81.0	0.0	19.0	Urban
656389.6	7471733.0	50.9	0.0	49.1	Urban
656589.6	7451933.0	0.4	88.6	11.1	Water
656589.6	7452133.0	53.0	13.2	33.7	Urban
656589.6	7452333.0	98.3	0.0	1.7	Urban
656589.6	7452533.0	99.1	0.0	0.9	Urban
656589.6	7452733.0	14.3	0.0	85.7	Other
656589.6	7452933.0	0.0	0.0	100.0	Other
656589.6	7453133.0	16.8	0.0	83.2	Other
656589.6	7453333.0	73.6	0.0	26.4	Urban
656589.6	7453533.0	73.3	0.0	26.7	Urban
656589.6	7453733.0	72.0	0.0	28.0	Urban
656589.6	7453933.0	92.0	0.0	8.0	Urban
656589.6	7454133.0	96.4	0.0	3.6	Urban
656589.6	7454333.0	99.8	0.0	0.2	Urban
656589.6	7454533.0	65.0	0.0	35.0	Urban
656589.6	7454733.0	25.2	0.0	74.8	Urban
656589.6	7454933.0	0.0	0.0	100.0	Other
656589.6	7455133.0	0.0	0.0	100.0	Other
656589.6	7455333.0	0.0	0.0	100.0	Other
656589.6	7455533.0	0.0	0.0	100.0	Other
656589.6	7455733.0	0.0	0.0	100.0	Other
656589.6	7455933.0	0.0	0.0	100.0	Other
656589.6	7456133.0	0.0	0.0	100.0	Other
656589.6	7456333.0	0.0	0.0	100.0	Other
656589.6	7456533.0	0.0	0.0	100.0	Other
656589.6	7456733.0	4.7	0.0	95.3	Other
656589.6	7456933.0	16.5	0.0	83.5	Other
656589.6	7457133.0	0.0	0.0	100.0	Other
656589.6	7457333.0	14.5	0.0	85.5	Other
656589.6	7457533.0	23.0	0.0	77.0	Urban
656589.6	7457733.0	26.1	0.0	73.9	Urban
656589.6	7457933.0	9.9	0.0	90.1	Other
656589.6	7458133.0	0.9	0.0	99.1	Other
656589.6	7458333.0	0.0	0.0	100.0	Other
656589.6	7458533.0	0.0	0.0	100.0	Other
656589.6	7458733.0	0.0	0.0	100.0	Other
656589.6	7458933.0	0.0	0.0	100.0	Other
656589.6	7459133.0	0.0	0.0	100.0	Other
656589.6	7459333.0	0.0	0.0	100.0	Other
656589.6	7459533.0	0.0	0.0	100.0	Other
656589.6	7459733.0	0.0	0.0	100.0	Other
656589.6	7459933.0	0.0	0.0	100.0	Other
656589.6	7460133.0	0.0	0.0	100.0	Other
656589.6	7460333.0	0.0	0.0	100.0	Other
656589.6	7460533.0	0.0	0.0	100.0	Other
656589.6	7460733.0	0.0	0.0	100.0	Other
656589.6	7460933.0	0.0	0.0	100.0	Other
656589.6	7461133.0	0.0	0.0	100.0	Other
656589.6	7461333.0	0.0	0.0	100.0	Other
656589.6	7461533.0	0.0	0.0	100.0	Other
656589.6	7461733.0	0.0	0.0	100.0	Other
656589.6	7461933.0	0.0	0.0	100.0	Other
656589.6	7462133.0	0.0	0.0	100.0	Other
656589.6	7462333.0	0.0	0.0	100.0	Other
656589.6	7462533.0	0.0	0.0	100.0	Other
656589.6	7462733.0	0.0	0.0	100.0	Other
656589.6	7462933.0	0.0	0.0	100.0	Other
656589.6	7463133.0	0.0	0.0	100.0	Other
656589.6	7463333.0	0.0	0.0	100.0	Other
656589.6	7463533.0	0.0	0.0	100.0	Other
656589.6	7463733.0	0.0	0.0	100.0	Other
656589.6	7463933.0	0.0	0.0	100.0	Other
656589.6	7464133.0	0.0	0.0	100.0	Other
656589.6	7464333.0	0.0	0.0	100.0	Other
656589.6	7464533.0	0.0	0.0	100.0	Other
656589.6	7464733.0	0.0	0.0	100.0	Other
656589.6	7464933.0	0.0	0.0	100.0	Other
656589.6	7465133.0	0.0	0.0	100.0	Other
656589.6	7465333.0	0.0	0.0	100.0	Other
656589.6	7465533.0	0.0	0.0	100.0	Other
656589.6	7465733.0	0.0	0.0	100.0	Other
656589.6	7465933.0	0.0	0.0	100.0	Other
656589.6	7466133.0	0.0	0.0	100.0	Other
656589.6	7466333.0	0.0	0.0	100.0	Other
656589.6	7466533.0	0.0	0.0	100.0	Other
656589.6	7466733.0	0.0	0.0	100.0	Other
656589.6	7466933.0	1.2	0.0	98.8	Other
656589.6	7467133.0	83.2	0.0	16.8	Urban
656589.6	7467333.0	91.1	0.0	8.9	Urban
656589.6	7467533.0	99.6	0.0	0.4	Urban
656589.6	7467733.0	91.3	0.0	8.7	Urban
656589.6	7467933.0	98.2	0.0	1.8	Urban
656589.6	7468133.0	98.9	0.0	1.1	Urban
656589.6	7468333.0	99.8	0.0	0.2	Urban
656589.6	7468533.0	98.7	0.0	1.3	Urban
656589.6	7468733.0	98.4	0.0	1.6	Urban
656589.6	7468933.0	99.8	0.0	0.2	Urban
656589.6	7469133.0	94.9	0.0	5.1	Urban
656589.6	7469333.0	93.1	0.0	6.9	Urban
656589.6	7469533.0	93.3	0.0	6.7	Urban
656589.6	7469733.0	87.5	0.0	12.5	Urban
656589.6	7469933.0	96.7	0.0	3.3	Urban
656589.6	7470133.0	81.7	0.0	18.3	Urban
656589.6	7470333.0	95.7	0.0	4.3	Urban
656589.6	7470533.0	97.5	0.0	2.5	Urban
656589.6	7470733.0	94.9	0.0	5.1	Urban
656589.6	7470933.0	72.5	0.0	27.5	Urban
656589.6	7471133.0	13.4	0.0	86.6	Other
656589.6	7471333.0	56.0	0.0	44.0	Urban
656589.6	7471533.0	89.9	0.0	10.1	Urban
656589.6	7471733.0	58.5	0.0	41.5	Urban
656789.6	7451933.0	0.2	44.0	55.8	Other
656789.6	7452133.0	20.1	27.5	52.4	Urban
656789.6	7452333.0	91.1	0.0	8.9	Urban
656789.6	7452533.0	83.1	0.0	16.9	Urban
656789.6	7452733.0	0.0	0.0	100.0	Other
656789.6	7452933.0	0.0	0.0	100.0	Other
656789.6	7453133.0	2.5	0.0	97.5	Other
656789.6	7453333.0	76.0	0.0	24.0	Urban
656789.6	7453533.0	82.2	0.0	17.8	Urban
656789.6	7453733.0	77.2	0.0	22.8	Urban
656789.6	7453933.0	97.3	0.0	2.7	Urban
656789.6	7454133.0	84.2	0.0	15.8	Urban
656789.6	7454333.0	78.2	0.0	21.8	Urban
656789.6	7454533.0	26.8	0.0	73.2	Urban
656789.6	7454733.0	5.3	0.0	94.7	Other
656789.6	7454933.0	0.0	0.0	100.0	Other
656789.6	7455133.0	0.0	0.0	100.0	Other
656789.6	7455333.0	0.0	0.0	100.0	Other
656789.6	7455533.0	0.0	0.0	100.0	Other
656789.6	7455733.0	0.0	0.0	100.0	Other
656789.6	7455933.0	0.0	0.0	100.0	Other
656789.6	7456133.0	0.0	0.0	100.0	Other
656789.6	7456333.0	0.0	0.0	100.0	Other
656789.6	7456533.0	0.0	0.0	100.0	Other
656789.6	7456733.0	1.3	0.0	98.7	Other
656789.6	7456933.0	16.7	0.0	83.3	Other
656789.6	7457133.0	0.0	0.0	100.0	Other
656789.6	7457333.0	28.8	0.0	71.2	Urban
656789.6	7457533.0	21.9	0.0	78.1	Urban
656789.6	7457733.0	7.2	0.0	92.8	Other
656789.6	7457933.0	8.9	0.0	91.1	Other
656789.6	7458133.0	2.7	0.0	97.3	Other
656789.6	7458333.0	0.0	0.0	100.0	Other
656789.6	7458533.0	0.0	0.0	100.0	Other
656789.6	7458733.0	0.0	0.0	100.0	Other
656789.6	7458933.0	0.0	0.0	100.0	Other
656789.6	7459133.0	0.0	0.0	100.0	Other
656789.6	7459333.0	0.0	0.0	100.0	Other
656789.6	7459533.0	0.0	0.0	100.0	Other
656789.6	7459733.0	0.0	0.0	100.0	Other
656789.6	7459933.0	0.0	0.0	100.0	Other
656789.6	7460133.0	0.0	0.0	100.0	Other
656789.6	7460333.0	0.0	0.0	100.0	Other
656789.6	7460533.0	0.0	0.0	100.0	Other
656789.6	7460733.0	0.0	0.0	100.0	Other
656789.6	7460933.0	0.0	0.0	100.0	Other
656789.6	7461133.0	0.0	0.0	100.0	Other
656789.6	7461333.0	0.0	0.0	100.0	Other
656789.6	7461533.0	0.0	0.0	100.0	Other
656789.6	7461733.0	0.0	0.0	100.0	Other
656789.6	7461933.0	0.0	0.0	100.0	Other
656789.6	7462133.0	0.0	0.0	100.0	Other
656789.6	7462333.0	0.0	0.0	100.0	Other
656789.6	7462533.0	0.0	0.0	100.0	Other
656789.6	7462733.0	0.0	0.0	100.0	Other
656789.6	7462933.0	0.0	0.0	100.0	Other
656789.6	7463133.0	0.0	0.0	100.0	Other
656789.6	7463333.0	0.0	0.0	100.0	Other
656789.6	7463533.0	0.0	0.0	100.0	Other
656789.6	7463733.0	0.0	0.0	100.0	Other
656789.6	7463933.0	0.0	0.0	100.0	Other
656789.6	7464133.0	0.0	0.0	100.0	Other
656789.6	7464333.0	0.0	0.0	100.0	Other
656789.6	7464533.0	0.0	0.0	100.0	Other
656789.6	7464733.0	0.0	0.0	100.0	Other
656789.6	7464933.0	0.0	0.0	100.0	Other
656789.6	7465133.0	0.0	0.0	100.0	Other
656789.6	7465333.0	0.0	0.0	100.0	Other
656789.6	7465533.0	0.0	0.0	100.0	Other
656789.6	7465733.0	0.0	0.0	100.0	Other
656789.6	7465933.0	0.0	0.0	100.0	Other
656789.6	7466133.0	0.0	0.0	100.0	Other
656789.6	7466333.0	0.0	0.0	100.0	Other
656789.6	7466533.0	0.0	0.0	100.0	Other
656789.6	7466733.0	0.0	0.0	100.0	Other
656789.6	7466933.0	15.6	0.0	84.4	Other
656789.6	7467133.0	78.0	0.0	22.0	Urban
656789.6	7467333.0	86.6	0.0	13.4	Urban
656789.6	7467533.0	86.1	0.0	13.9	Urban
656789.6	7467733.0	92.0	0.0	8.0	Urban
656789.6	7467933.0	90.0	0.0	10.0	Urban
656789.6	7468133.0	86.4	0.0	13.6	Urban
656789.6	7468333.0	98.1	0.0	1.9	Urban
656789.6	7468533.0	97.3	0.0	2.7	Urban
656789.6	7468733.0	98.6	0.0	1.4	Urban
656789.6	7468933.0	97.2	0.0	2.8	Urban
656789.6	7469133.0	87.3	0.0	12.7	Urban
656789.6	7469333.0	72.8	0.0	27.2	Urban
656789.6	7469533.0	95.8	0.0	4.2	Urban
656789.6	7469733.0	92.0	0.0	8.0	Urban
656789.6	7469933.0	92.4	0.0	7.6	Urban
656789.6	7470133.0	97.6	0.0	2.4	Urban
656789.6	7470333.0	99.5	0.0	0.5	Urban
656789.6	7470533.0	97.0	0.0	3.0	Urban
656789.6	7470733.0	96.0	0.0	4.0	Urban
656789.6	7470933.0	100.0	0.0	0.0	Urban
656789.6	7471133.0	98.9	0.0	1.1	Urban
656789.6	7471333.0	86.8	0.0	13.2	Urban
656789.6	7471533.0	82.4	0.0	17.6	Urban
656789.6	7471733.0	80.3	0.0	19.7	Urban
656989.6	7451933.0	0.0	99.5	0.5	Water
656989.6	7452133.0	0.0	96.4	3.6	Water
656989.6	7452333.0	24.3	23.7	52.0	Urban
656989.6	7452533.0	92.2	0.0	7.8	Urban
656989.6	7452733.0	45.7	0.0	54.3	Urban
656989.6	7452933.0	0.5	0.0	99.5	Other
656989.6	7453133.0	0.5	0.0	99.5	Other
656989.6	7453333.0	66.3	0.0	33.7	Urban
656989.6	7453533.0	79.5	0.0	20.5	Urban
656989.6	7453733.0	87.7	0.0	12.3	Urban
656989.6	7453933.0	72.3	0.0	27.7	Urban
656989.6	7454133.0	71.2	0.0	28.8	Urban
656989.6	7454333.0	63.8	0.0	36.2	Urban
656989.6	7454533.0	77.6	0.0	22.4	Urban
656989.6	7454733.0	77.9	0.0	22.1	Urban
656989.6	7454933.0	9.2	0.0	90.8	Other
656989.6	7455133.0	0.0	0.0	100.0	Other
656989.6	7455333.0	0.0	0.0	100.0	Other
656989.6	7455533.0	0.0	0.0	100.0	Other
656989.6	7455733.0	0.0	0.0	100.0	Other
656989.6	7455933.0	0.0	0.0	100.0	Other
656989.6	7456133.0	0.0	0.0	100.0	Other
656989.6	7456333.0	0.0	0.0	100.0	Other
656989.6	7456533.0	0.0	0.0	100.0	Other
656989.6	7456733.0	1.6	0.0	98.4	Other
656989.6	7456933.0	18.8	0.0	81.2	Other
656989.6	7457133.0	51.1	0.0	48.9	Urban
656989.6	7457333.0	60.9	0.0	39.1	Urban
656989.6	7457533.0	45.8	0.0	54.2	Urban
656989.6	7457733.0	43.0	0.0	57.0	Urban
656989.6	7457933.0	8.5	0.0	91.5	Other
656989.6	7458133.0	10.0	0.0	90.0	Other
656989.6	7458333.0	0.0	0.0	100.0	Other
656989.6	7458533.0	0.0	0.0	100.0	Other
656989.6	7458733.0	0.0	0.0	100.0	Other
656989.6	7458933.0	0.0	0.0	100.0	Other
656989.6	7459133.0	0.0	0.0	100.0	Other
656989.6	7459333.0	0.0	0.0	100.0	Other
656989.6	7459533.0	0.0	0.0	100.0	Other
656989.6	7459733.0	0.0	0.0	100.0	Other
656989.6	7459933.0	0.0	0.0	100.0	Other
656989.6	7460133.0	0.0	0.0	100.0	Other
656989.6	7460333.0	0.0	0.0	100.0	Other
656989.6	7460533.0	0.0	0.0	100.0	Other
656989.6	7460733.0	0.0	0.0	100.0	Other
656989.6	7460933.0	0.0	0.0	100.0	Other
656989.6	7461133.0	0.0	0.0	100.0	Other
656989.6	7461333.0	0.0	0.0	100.0	Other
656989.6	7461533.0	0.0	0.0	100.0	Other
656989.6	7461733.0	0.0	0.0	100.0	Other
656989.6	7461933.0	0.0	0.0	100.0	Other
656989.6	7462133.0	0.0	0.0	100.0	Other
656989.6	7462333.0	0.0	0.0	100.0	Other
656989.6	7462533.0	0.0	0.0	100.0	Other
656989.6	7462733.0	0.0	0.0	100.0	Other
656989.6	7462933.0	0.0	0.0	100.0	Other
656989.6	7463133.0	0.0	0.0	100.0	Other
656989.6	7463333.0	0.0	0.0	100.0	Other
656989.6	7463533.0	0.0	0.0	100.0	Other
656989.6	7463733.0	0.0	0.0	100.0	Other
656989.6	7463933.0	0.0	0.0	100.0	Other
656989.6	7464133.0	0.0	0.0	100.0	Other
656989.6	7464333.0	0.0	0.0	100.0	Other
656989.6	7464533.0	0.0	0.0	100.0	Other
656989.6	7464733.0	0.0	0.0	100.0	Other
656989.6	7464933.0	0.0	0.0	100.0	Other
656989.6	7465133.0	0.0	0.0	100.0	Other
656989.6	7465333.0	0.0	0.0	100.0	Other
656989.6	7465533.0	0.0	0.0	100.0	Other
656989.6	7465733.0	0.0	0.0	100.0	Other
656989.6	7465933.0	0.0	0.0	100.0	Other
656989.6	7466133.0	0.0	0.0	100.0	Other
656989.6	7466333.0	0.0	0.0	100.0	Other
656989.6	7466533.0	0.0	0.0	100.0	Other
656989.6	7466733.0	0.0	0.0	100.0	Other
656989.6	7466933.0	0.0	0.0	100.0	Other
656989.6	7467133.0	6.9	0.0	93.1	Other
656989.6	7467333.0	68.5	0.0	31.5	Urban
656989.6	7467533.0	99.0	0.0	1.0	Urban
656989.6	7467733.0	99.5	0.0	0.5	Urban
656989.6	7467933.0	79.7	0.0	20.3	Urban
656989.6	7468133.0	82.2	0.0	17.8	Urban
656989.6	7468333.0	94.4	0.0	5.6	Urban
656989.6	7468533.0	91.3	0.0	8.7	Urban
656989.6	7468733.0	94.2	0.0	5.8	Urban
656989.6	7468933.0	98.7	0.0	1.3	Urban
656989.6	7469133.0	91.7	0.0	8.3	Urban
656989.6	7469333.0	90.6	0.0	9.4	Urban
656989.6	7469533.0	97.1	0.0	2.9	Urban
656989.6	7469733.0	98.5	0.0	1.5	Urban
656989.6	7469933.0	92.8	0.0	7.2	Urban
656989.6	7470133.0	94.0	0.0	6.0	Urban
656989.6	7470333.0	99.8	0.0	0.2	Urban
656989.6	7470533.0	97.8	0.0	2.2	Urban
656989.6	7470733.0	98.6	0.0	1.4	Urban
656989.6	7470933.0	97.3	0.0	2.7	Urban
656989.6	7471133.0	100.0	0.0	0.0	Urban
656989.6	7471333.0	88.2	0.0	11.8	Urban
656989.6	7471533.0	32.8	0.0	67.2	Urban
656989.6	7471733.0	77.9	0.0	22.1	Urban
657189.6	7451933.0	0.0	100.0	0.0	Water
657189.6	7452133.0	0.0	100.0	0.0	Water
657189.6	7452333.0	0.0	82.3	17.7	Water
657189.6	7452533.0	57.4	1.4	41.1	Urban
657189.6	7452733.0	98.5	0.0	1.5	Urban
657189.6	7452933.0	24.6	0.0	75.4	Urban
657189.6	7453133.0	31.8	0.0	68.2	Urban
657189.6	7453333.0	92.2	0.0	7.8	Urban
657189.6	7453533.0	88.2	0.0	11.8	Urban
657189.6	7453733.0	80.8	0.0	19.2	Urban
657189.6	7453933.0	82.1	0.0	17.9	Urban
657189.6	7454133.0	96.9	0.0	3.1	Urban
657189.6	7454333.0	78.6	0.0	21.4	Urban
657189.6	7454533.0	66.1	0.0	33.9	Urban
657189.6	7454733.0	28.3	0.0	71.7	Urban
657189.6	7454933.0	0.4	0.0	99.6	Other
657189.6	7455133.0	0.0	0.0	100.0	Other
657189.6	7455333.0	0.0	0.0	100.0	Other
657189.6	7455533.0	0.0	0.0	100.0	Other
657189.6	7455733.0	6.0	0.0	94.0	Other
657189.6	7455933.0	0.0	0.0	100.0	Other
657189.6	7456133.0	0.0	0.0	100.0	Other
657189.6	7456333.0	0.0	0.0	100.0	Other
657189.6	7456533.0	0.0	0.0	100.0	Other
657189.6	7456733.0	22.6	0.0	77.4	Urban
657189.6	7456933.0	76.6	0.0	23.4	Urban
657189.6	7457133.0	52.9	0.0	47.1	Urban
657189.6	7457333.0	62.7	0.0	37.3	Urban
657189.6	7457533.0	68.1	0.0	31.9	Urban
657189.6	7457733.0	17.8	0.0	82.2	Other
657189.6	7457933.0	0.0	0.0	100.0	Other
657189.6	7458133.0	0.0	0.0	100.0	Other
657189.6	7458333.0	0.0	0.0	100.0	Other
657189.6	7458533.0	0.0	0.0	100.0	Other
657189.6	7458733.0	0.0	0.0	100.0	Other
657189.6	7458933.0	0.0	0.0	100.0	Other
657189.6	7459133.0	0.0	0.0	100.0	Other
657189.6	7459333.0	0.0	0.0	100.0	Other
657189.6	7459533.0	0.0	0.0	100.0	Other
657189.6	7459733.0	0.0	0.0	100.0	Other
657189.6	7459933.0	0.0	0.0	100.0	Other
657189.6	7460133.0	0.0	0.0	100.0	Other
657189.6	7460333.0	0.0	0.0	100.0	Other
657189.6	7460533.0	0.0	0.0	100.0	Other
657189.6	7460733.0	0.0	0.0	100.0	Other
657189.6	7460933.0	0.0	0.0	100.0	Other
657189.6	7461133.0	0.0	0.0	100.0	Other
657189.6	7461333.0	0.0	0.0	100.0	Other
657189.6	7461533.0	0.0	0.0	100.0	Other
657189.6	7461733.0	0.0	0.0	100.0	Other
657189.6	7461933.0	0.0	0.0	100.0	Other
657189.6	7462133.0	0.0	0.0	100.0	Other
657189.6	7462333.0	0.0	0.0	100.0	Other
657189.6	7462533.0	0.0	0.0	100.0	Other
657189.6	7462733.0	0.0	0.0	100.0	Other
657189.6	7462933.0	0.0	0.0	100.0	Other
657189.6	7463133.0	0.0	0.0	100.0	Other
657189.6	7463333.0	0.0	0.0	100.0	Other
657189.6	7463533.0	0.0	0.0	100.0	Other
657189.6	7463733.0	0.0	0.0	100.0	Other
657189.6	7463933.0	0.0	0.0	100.0	Other
657189.6	7464133.0	0.0	0.0	100.0	Other
657189.6	7464333.0	0.0	0.0	100.0	Other
657189.6	7464533.0	0.0	0.0	100.0	Other
657189.6	7464733.0	0.0	0.0	100.0	Other
657189.6	7464933.0	0.0	0.0	100.0	Other
657189.6	7465133.0	0.0	0.0	100.0	Other
657189.6	7465333.0	0.0	0.0	100.0	Other
657189.6	7465533.0	0.0	0.0	100.0	Other
657189.6	7465733.0	0.0	0.0	100.0	Other
657189.6	7465933.0	0.0	0.0	100.0	Other
657189.6	7466133.0	0.0	0.0	100.0	Other
657189.6	7466333.0	0.0	0.0	100.0	Other
657189.6	7466533.0	0.0	0.0	100.0	Other
657189.6	7466733.0	0.0	0.0	100.0	Other
657189.6	7466933.0	0.0	0.0	100.0	Other
657189.6	7467133.0	0.0	0.0	100.0	Other
657189.6	7467333.0	15.9	0.0	84.1	Other
657189.6	7467533.0	86.1	0.0	13.9	Urban
657189.6	7467733.0	73.9	0.0	26.1	Urban
657189.6	7467933.0	97.9	0.0	2.1	Urban
657189.6	7468133.0	92.8	0.0	7.2	Urban
657189.6	7468333.0	96.7	0.0	3.3	Urban
657189.6	7468533.0	94.7	0.0	5.3	Urban
657189.6	7468733.0	95.0	0.0	5.0	Urban
657189.6	7468933.0	99.5	0.0	0.5	Urban
657189.6	7469133.0	100.0	0.0	0.0	Urban
657189.6	7469333.0	95.7	0.0	4.3	Urban
657189.6	7469533.0	96.3	0.0	3.7	Urban
657189.6	7469733.0	78.8	0.0	21.2	Urban
657189.6	7469933.0	83.5	0.0	16.5	Urban
657189.6	7470133.0	83.3	0.0	16.7	Urban
657189.6	7470333.0	79.8	0.0	20.2	Urban
657189.6	7470533.0	89.3	0.0	10.7	Urban
657189.6	7470733.0	95.3	0.0	4.7	Urban
657189.6	7470933.0	99.3	0.0	0.7	Urban
657189.6	7471133.0	85.1	0.0	14.9	Urban
657189.6	7471333.0	87.5	0.0	12.5	Urban
657189.6	7471533.0	100.0	0.0	0.0	Urban
657189.6	7471733.0	94.9	0.0	5.1	Urban
657389.6	7451933.0	0.0	100.0	0.0	Water
657389.6	7452133.0	0.0	100.0	0.0	Water
657389.6	7452333.0	0.0	100.0	0.0	Water
657389.6	7452533.0	19.0	32.4	48.6	Other
657389.6	7452733.0	97.7	0.0	2.3	Urban
657389.6	7452933.0	37.7	0.0	62.3	Urban
657389.6	7453133.0	74.6	0.0	25.4	Urban
657389.6	7453333.0	81.5	0.0	18.5	Urban
657389.6	7453533.0	93.8	0.0	6.2	Urban
657389.6	7453733.0	87.7	0.0	12.3	Urban
657389.6	7453933.0	94.0	0.0	6.0	Urban
657389.6	7454133.0	93.9	0.0	6.1	Urban
657389.6	7454333.0	77.4	0.0	22.6	Urban
657389.6	7454533.0	32.1	0.0	67.9	Urban
657389.6	7454733.0	9.7	0.0	90.3	Other
657389.6	7454933.0	0.0	0.0	100.0	Other
657389.6	7455133.0	0.0	0.0	100.0	Other
657389.6	7455333.0	0.0	0.0	100.0	Other
657389.6	7455533.0	0.0	0.0	100.0	Other
657389.6	7455733.0	0.4	0.0	99.6	Other
657389.6	7455933.0	0.0	0.0	100.0	Other
657389.6	7456133.0	0.0	0.0	100.0	Other
657389.6	7456333.0	0.0	0.0	100.0	Other
657389.6	7456533.0	14.6	0.0	85.4	Other
657389.6	7456733.0	53.6	0.0	46.4	Urban
657389.6	7456933.0	39.9	0.0	60.1	Urban
657389.6	7457133.0	11.6	0.0	88.4	Other
657389.6	7457333.0	34.4	0.0	65.6	Urban
657389.6	7457533.0	48.0	0.0	52.0	Urban
657389.6	7457733.0	43.1	0.0	56.9	Urban
657389.6	7457933.0	40.6	0.7	58.7	Urban
657389.6	7458133.0	17.6	0.5	81.9	Other
657389.6	7458333.0	0.0	0.0	100.0	Other
657389.6	7458533.0	0.0	0.0	100.0	Other
657389.6	7458733.0	0.0	0.0	100.0	Other
657389.6	7458933.0	0.0	0.0	100.0	Other
657389.6	7459133.0	0.0	0.0	100.0	Other
657389.6	7459333.0	0.0	0.0	100.0	Other
657389.6	7459533.0	0.0	0.0	100.0	Other
657389.6	7459733.0	0.0	0.0	100.0	Other
657389.6	7459933.0	0.0	0.0	100.0	Other
657389.6	7460133.0	0.0	0.0	100.0	Other
657389.6	7460333.0	0.0	0.0	100.0	Other
657389.6	7460533.0	0.0	0.0	100.0	Other
657389.6	7460733.0	0.0	0.0	100.0	Other
657389.6	7460933.0	0.0	0.0	100.0	Other
657389.6	7461133.0	0.0	0.0	100.0	Other
657389.6	7461333.0	0.0	0.0	100.0	Other
657389.6	7461533.0	0.0	0.0	100.0	Other
657389.6	7461733.0	0.0	0.0	100.0	Other
657389.6	7461933.0	0.0	0.0	100.0	Other
657389.6	7462133.0	0.0	0.0	100.0	Other
657389.6	7462333.0	0.0	0.0	100.0	Other
657389.6	7462533.0	0.0	0.0	100.0	Other
657389.6	7462733.0	0.0	0.0	100.0	Other
657389.6	7462933.0	0.0	0.0	100.0	Other
657389.6	7463133.0	0.0	0.0	100.0	Other
657389.6	7463333.0	0.0	0.0	100.0	Other
657389.6	7463533.0	0.0	0.0	100.0	Other
657389.6	7463733.0	0.0	0.0	100.0	Other
657389.6	7463933.0	0.0	0.0	100.0	Other
657389.6	7464133.0	0.0	0.0	100.0	Other
657389.6	7464333.0	0.0	0.0	100.0	Other
657389.6	7464533.0	0.0	0.0	100.0	Other
657389.6	7464733.0	0.0	0.0	100.0	Other
657389.6	7464933.0	0.0	0.0	100.0	Other
657389.6	7465133.0	0.0	0.0	100.0	Other
657389.6	7465333.0	0.0	0.0	100.0	Other
657389.6	7465533.0	0.0	0.0	100.0	Other
657389.6	7465733.0	0.0	0.0	100.0	Other
657389.6	7465933.0	0.0	0.0	100.0	Other
657389.6	7466133.0	0.0	0.0	100.0	Other
657389.6	7466333.0	0.0	0.0	100.0	Other
657389.6	7466533.0	0.0	0.0	100.0	Other
657389.6	7466733.0	0.0	0.0	100.0	Other
657389.6	7466933.0	0.0	0.0	100.0	Other
657389.6	7467133.0	3.1	0.0	96.9	Other
657389.6	7467333.0	25.7	0.0	74.3	Urban
657389.6	7467533.0	58.5	0.0	41.5	Urban
657389.6	7467733.0	62.5	0.0	37.5	Urban
657389.6	7467933.0	85.0	0.0	15.0	Urban
657389.6	7468133.0	98.7	0.0	1.3	Urban
657389.6	7468333.0	96.9	0.0	3.1	Urban
657389.6	7468533.0	93.7	0.0	6.3	Urban
657389.6	7468733.0	96.9	0.0	3.1	Urban
657389.6	7468933.0	98.4	0.0	1.6	Urban
657389.6	7469133.0	99.6	0.0	0.4	Urban
657389.6	7469333.0	98.4	0.0	1.6	Urban
657389.6	7469533.0	98.7	0.0	1.3	Urban
657389.6	7469733.0	99.1	0.0	0.9	Urban
657389.6	7469933.0	93.0	0.0	7.0	Urban
657389.6	7470133.0	95.8	0.0	4.2	Urban
657389.6	7470333.0	94.4	0.0	5.6	Urban
657389.6	7470533.0	93.7	0.0	6.3	Urban
657389.6	7470733.0	90.4	0.0	9.6	Urban
657389.6	7470933.0	85.1	0.0	14.9	Urban
657389.6	7471133.0	74.1	0.7	25.2	Urban
657389.6	7471333.0	80.1	0.0	19.9	Urban
657389.6	7471533.0	73.6	0.0	26.4	Urban
657389.6	7471733.0	83.7	0.0	16.3	Urban
657589.6	7451933.0	0.0	100.0	0.0	Water
657589.6	7452133.0	0.0	100.0	0.0	Water
657589.6	7452333.0	0.0	100.0	0.0	Water
657589.6	7452533.0	0.4	70.5	29.2	Water
657589.6	7452733.0	80.6	0.0	19.4	Urban
657589.6	7452933.0	65.0	0.0	35.0	Urban
657589.6	7453133.0	58.9	0.0	41.1	Urban
657589.6	7453333.0	72.6	0.0	27.4	Urban
657589.6	7453533.0	87.7	0.0	12.3	Urban
657589.6	7453733.0	96.0	0.0	4.0	Urban
657589.6	7453933.0	88.2	0.0	11.8	Urban
657589.6	7454133.0	95.8	0.0	4.2	Urban
657589.6	7454333.0	95.7	0.0	4.3	Urban
657589.6	7454533.0	84.2	0.0	15.8	Urban
657589.6	7454733.0	92.3	0.0	7.7	Urban
657589.6	7454933.0	12.5	0.0	87.5	Other
657589.6	7455133.0	0.0	0.0	100.0	Other
657589.6	7455333.0	0.0	0.0	100.0	Other
657589.6	7455533.0	0.0	0.0	100.0	Other
657589.6	7455733.0	0.0	0.0	100.0	Other
657589.6	7455933.0	0.0	0.0	100.0	Other
657589.6	7456133.0	0.0	0.0	100.0	Other
657589.6	7456333.0	0.0	0.0	100.0	Other
657589.6	7456533.0	19.4	0.0	80.6	Other
657589.6	7456733.0	42.0	0.0	58.0	Urban
657589.6	7456933.0	59.4	0.0	40.6	Urban
657589.6	7457133.0	49.4	0.0	50.6	Urban
657589.6	7457333.0	61.4	0.0	38.6	Urban
657589.6	7457533.0	65.6	0.0	34.4	Urban
657589.6	7457733.0	85.1	0.0	14.9	Urban
657589.6	7457933.0	28.5	0.0	71.5	Urban
657589.6	7458133.0	35.0	0.0	65.0	Urban
657589.6	7458333.0	0.0	0.0	100.0	Other
657589.6	7458533.0	0.0	0.0	100.0	Other
657589.6	7458733.0	0.0	0.0	100.0	Other
657589.6	7458933.0	0.0	0.0	100.0	Other
657589.6	7459133.0	0.0	0.0	100.0	Other
657589.6	7459333.0	0.0	0.0	100.0	Other
657589.6	7459533.0	0.0	0.0	100.0	Other
657589.6	7459733.0	0.0	0.0	100.0	Other
657589.6	7459933.0	0.0	0.0	100.0	Other
657589.6	7460133.0	0.0	0.0	100.0	Other
657589.6	7460333.0	0.0	0.0	100.0	Other
657589.6	7460533.0	0.0	0.0	100.0	Other
657589.6	7460733.0	0.0	0.0	100.0	Other
657589.6	7460933.0	0.0	0.0	100.0	Other
657589.6	7461133.0	0.0	0.0	100.0	Other
657589.6	7461333.0	0.0	0.0	100.0	Other
657589.6	7461533.0	0.0	0.0	100.0	Other
657589.6	7461733.0	0.0	0.0	100.0	Other
657589.6	7461933.0	0.0	0.0	100.0	Other
657589.6	7462133.0	0.0	0.0	100.0	Other
657589.6	7462333.0	0.0	0.0	100.0	Other
657589.6	7462533.0	0.0	0.0	100.0	Other
657589.6	7462733.0	0.0	0.0	100.0	Other
657589.6	7462933.0	0.0	0.0	100.0	Other
657589.6	7463133.0	0.0	0.0	100.0	Other
657589.6	7463333.0	0.0	0.0	100.0	Other
657589.6	7463533.0	0.0	0.0	100.0	Other
657589.6	7463733.0	0.0	0.0	100.0	Other
657589.6	7463933.0	0.0	0.0	100.0	Other
657589.6	7464133.0	0.0	0.0	100.0	Other
657589.6	7464333.0	0.0	0.0	100.0	Other
657589.6	7464533.0	0.0	0.0	100.0	Other
657589.6	7464733.0	0.0	0.0	100.0	Other
657589.6	7464933.0	0.0	0.0	100.0	Other
657589.6	7465133.0	0.0	0.0	100.0	Other
657589.6	7465333.0	0.0	0.0	100.0	Other
657589.6	7465533.0	0.0	0.0	100.0	Other
657589.6	7465733.0	0.0	0.0	100.0	Other
657589.6	7465933.0	0.0	0.0	100.0	Other
657589.6	7466133.0	0.0	0.0	100.0	Other
657589.6	7466333.0	0.0	0.0	100.0	Other
657589.6	7466533.0	0.0	0.0	100.0	Other
657589.6	7466733.0	0.0	0.0	100.0	Other
657589.6	7466933.0	0.0	0.0	100.0	Other
657589.6	7467133.0	0.0	0.0	100.0	Other
657589.6	7467333.0	39.3	0.0	60.7	Urban
657589.6	7467533.0	46.2	0.0	53.8	Urban
657589.6	7467733.0	20.3	0.0	79.7	Urban
657589.6	7467933.0	28.4	0.0	71.6	Urban
657589.6	7468133.0	100.0	0.0	0.0	Urban
657589.6	7468333.0	98.9	0.0	1.1	Urban
657589.6	7468533.0	99.3	0.0	0.7	Urban
657589.6	7468733.0	75.5	0.0	24.5	Urban
657589.6	7468933.0	99.1	0.0	0.9	Urban
657589.6	7469133.0	86.2	0.0	13.8	Urban
657589.6	7469333.0	95.3	0.0	4.7	Urban
657589.6	7469533.0	99.8	0.0	0.2	Urban
657589.6	7469733.0	96.6	0.0	3.4	Urban
657589.6	7469933.0	98.7	0.0	1.3	Urban
657589.6	7470133.0	86.0	0.0	14.0	Urban
657589.6	7470333.0	96.9	0.0	3.1	Urban
657589.6	7470533.0	99.5	0.0	0.5	Urban
657589.6	7470733.0	96.0	0.0	4.0	Urban
657589.6	7470933.0	64.3	0.0	35.7	Urban
657589.6	7471133.0	35.5	0.0	64.5	Urban
657589.6	7471333.0	80.7	0.0	19.3	Urban
657589.6	7471533.0	94.4	0.0	5.6	Urban
657589.6	7471733.0	85.9	0.0	14.1	Urban
657789.6	7451933.0	0.0	100.0	0.0	Water
657789.6	7452133.0	0.0	100.0	0.0	Water
657789.6	7452333.0	0.0	100.0	0.0	Water
657789.6	7452533.0	0.0	98.2	1.8	Water
657789.6	7452733.0	50.4	11.2	38.4	Urban
657789.6	7452933.0	88.2	0.0	11.8	Urban
657789.6	7453133.0	38.9	0.0	61.1	Urban
657789.6	7453333.0	81.7	0.0	18.3	Urban
657789.6	7453533.0	75.0	0.0	25.0	Urban
657789.6	7453733.0	85.0	0.0	15.0	Urban
657789.6	7453933.0	92.4	0.0	7.6	Urban
657789.6	7454133.0	84.3	0.0	15.7	Urban
657789.6	7454333.0	95.7	0.0	4.3	Urban
657789.6	7454533.0	95.7	0.0	4.3	Urban
657789.6	7454733.0	43.1	0.0	56.9	Urban
657789.6	7454933.0	0.0	0.0	100.0	Other
657789.6	7455133.0	0.0	0.0	100.0	Other
657789.6	7455333.0	0.0	0.0	100.0	Other
657789.6	7455533.0	0.0	0.0	100.0	Other
657789.6	7455733.0	0.0	0.0	100.0	Other
657789.6	7455933.0	0.0	0.0	100.0	Other
657789.6	7456133.0	0.0	0.0	100.0	Other
657789.6	7456333.0	6.7	0.0	93.3	Other
657789.6	7456533.0	44.4	0.0	55.6	Urban
657789.6	7456733.0	96.6	0.0	3.4	Urban
657789.6	7456933.0	72.1	0.0	27.9	Urban
657789.6	7457133.0	27.9	0.0	72.1	Urban
657789.6	7457333.0	65.2	0.0	34.8	Urban
657789.6	7457533.0	57.8	0.0	42.2	Urban
657789.6	7457733.0	79.7	0.0	20.3	Urban
657789.6	7457933.0	16.1	0.0	83.9	Other
657789.6	7458133.0	9.1	0.0	90.9	Other
657789.6	7458333.0	1.1	0.0	98.9	Other
657789.6	7458533.0	0.0	0.0	100.0	Other
657789.6	7458733.0	0.0	0.0	100.0	Other
657789.6	7458933.0	0.0	0.0	100.0	Other
657789.6	7459133.0	0.0	0.0	100.0	Other
657789.6	7459333.0	0.0	0.0	100.0	Other
657789.6	7459533.0	0.0	0.0	100.0	Other
657789.6	7459733.0	0.0	0.0	100.0	Other
657789.6	7459933.0	0.0	0.0	100.0	Other
657789.6	7460133.0	0.0	0.0	100.0	Other
657789.6	7460333.0	0.0	0.0	100.0	Other
657789.6	7460533.0	0.0	0.0	100.0	Other
657789.6	7460733.0	0.0	0.0	100.0	Other
657789.6	7460933.0	0.0	0.0	100.0	Other
657789.6	7461133.0	0.0	0.0	100.0	Other
657789.6	7461333.0	0.0	0.0	100.0	Other
657789.6	7461533.0	0.0	0.0	100.0	Other
657789.6	7461733.0	0.0	0.0	100.0	Other
657789.6	7461933.0	0.0	0.0	100.0	Other
657789.6	7462133.0	0.0	0.0	100.0	Other
657789.6	7462333.0	0.0	0.0	100.0	Other
657789.6	7462533.0	0.0	0.0	100.0	Other
657789.6	7462733.0	0.0	0.0	100.0	Other
657789.6	7462933.0	0.0	0.0	100.0	Other
657789.6	7463133.0	0.0	0.0	100.0	Other
657789.6	7463333.0	0.0	0.0	100.0	Other
657789.6	7463533.0	0.0	0.0	100.0	Other
657789.6	7463733.0	0.0	0.0	100.0	Other
657789.6	7463933.0	0.0	0.0	100.0	Other
657789.6	7464133.0	0.0	0.0	100.0	Other
657789.6	7464333.0	0.0	0.0	100.0	Other
657789.6	7464533.0	0.0	0.0	100.0	Other
657789.6	7464733.0	0.0	0.0	100.0	Other
657789.6	7464933.0	0.0	0.0	100.0	Other
657789.6	7465133.0	0.0	0.0	100.0	Other
657789.6	7465333.0	0.0	0.0	100.0	Other
657789.6	7465533.0	0.0	0.0	100.0	Other
657789.6	7465733.0	0.0	0.0	100.0	Other
657789.6	7465933.0	0.0	0.0	100.0	Other
657789.6	7466133.0	0.0	0.0	100.0	Other
657789.6	7466333.0	0.0	0.0	100.0	Other
657789.6	7466533.0	0.0	0.0	100.0	Other
657789.6	7466733.0	0.0	0.0	100.0	Other
657789.6	7466933.0	0.0	0.0	100.0	Other
657789.6	7467133.0	0.0	0.0	100.0	Other
657789.6	7467333.0	1.8	0.0	98.2	Other
657789.6	7467533.0	0.9	0.0	99.1	Other
657789.6	7467733.0	0.0	0.0	100.0	Other
657789.6	7467933.0	10.1	0.0	89.9	Other
657789.6	7468133.0	69.0	0.0	31.0	Urban
657789.6	7468333.0	98.0	0.0	2.0	Urban
657789.6	7468533.0	93.5	0.0	6.5	Urban
657789.6	7468733.0	87.1	0.0	12.9	Urban
657789.6	7468933.0	91.0	0.0	9.0	Urban
657789.6	7469133.0	96.7	0.0	3.3	Urban
657789.6	7469333.0	93.7	0.0	6.3	Urban
657789.6	7469533.0	98.6	0.0	1.4	Urban
657789.6	7469733.0	99.5	0.0	0.5	Urban
657789.6	7469933.0	97.5	0.0	2.5	Urban
657789.6	7470133.0	93.8	0.0	6.2	Urban
657789.6	7470333.0	93.5	0.0	6.5	Urban
657789.6	7470533.0	96.0	0.0	4.0	Urban
657789.6	7470733.0	84.2	0.0	15.8	Urban
657789.6	7470933.0	79.9	0.0	20.1	Urban
657789.6	7471133.0	85.5	0.0	14.5	Urban
657789.6	7471333.0	77.0	0.0	23.0	Urban
657789.6	7471533.0	79.5	0.0	20.5	Urban
657789.6	7471733.0	100.0	0.0	0.0	Urban
657989.6	7451933.0	0.0	100.0	0.0	Water
657989.6	7452133.0	0.0	100.0	0.0	Water
657989.6	7452333.0	0.0	100.0	0.0	Water
657989.6	7452533.0	0.0	100.0	0.0	Water
657989.6	7452733.0	18.3	46.4	35.3	Other
657989.6	7452933.0	98.6	0.0	1.4	Urban
657989.6	7453133.0	64.3	0.0	35.7	Urban
657989.6	7453333.0	90.3	0.0	9.7	Urban
657989.6	7453533.0	88.6	0.0	11.4	Urban
657989.6	7453733.0	93.9	0.0	6.1	Urban
657989.6	7453933.0	90.3	0.0	9.7	Urban
657989.6	7454133.0	95.7	0.0	4.3	Urban
657989.6	7454333.0	92.2	0.0	7.8	Urban
657989.6	7454533.0	85.3	0.0	14.7	Urban
657989.6	7454733.0	67.9	0.0	32.1	Urban
657989.6	7454933.0	27.5	0.0	72.5	Urban
657989.6	7455133.0	0.0	0.0	100.0	Other
657989.6	7455333.0	0.0	0.0	100.0	Other
657989.6	7455533.0	0.0	0.0	100.0	Other
657989.6	7455733.0	0.0	0.0	100.0	Other
657989.6	7455933.0	0.0	0.0	100.0	Other
657989.6	7456133.0	0.0	0.0	100.0	Other
657989.6	7456333.0	50.0	0.0	50.0	Urban
657989.6	7456533.0	82.1	0.0	17.9	Urban
657989.6	7456733.0	84.1	0.0	15.9	Urban
657989.6	7456933.0	47.8	0.0	52.2	Urban
657989.6	7457133.0	54.7	0.0	45.3	Urban
657989.6	7457333.0	15.9	0.0	84.1	Other
657989.6	7457533.0	11.8	0.0	88.2	Other
657989.6	7457733.0	27.0	0.0	73.0	Urban
657989.6	7457933.0	4.9	0.0	95.1	Other
657989.6	7458133.0	16.5	0.0	83.5	Other
657989.6	7458333.0	1.1	0.0	98.9	Other
657989.6	7458533.0	0.0	0.0	100.0	Other
657989.6	7458733.0	0.0	0.0	100.0	Other
657989.6	7458933.0	0.0	0.0	100.0	Other
657989.6	7459133.0	0.0	0.0	100.0	Other
657989.6	7459333.0	0.0	0.0	100.0	Other
657989.6	7459533.0	0.0	0.0	100.0	Other
657989.6	7459733.0	0.0	0.0	100.0	Other
657989.6	7459933.0	0.0	0.0	100.0	Other
657989.6	7460133.0	0.0	0.0	100.0	Other
657989.6	7460333.0	0.0	0.0	100.0	Other
657989.6	7460533.0	0.0	0.0	100.0	Other
657989.6	7460733.0	0.0	0.0	100.0	Other
657989.6	7460933.0	0.0	0.0	100.0	Other
657989.6	7461133.0	0.0	0.0	100.0	Other
657989.6	7461333.0	0.0	0.0	100.0	Other
657989.6	7461533.0	0.0	0.0	100.0	Other
657989.6	7461733.0	0.0	0.0	100.0	Other
657989.6	7461933.0	0.0	0.0	100.0	Other
657989.6	7462133.0	0.0	0.0	100.0	Other
657989.6	7462333.0	0.0	0.0	100.0	Other
657989.6	7462533.0	0.0	0.0	100.0	Other
657989.6	7462733.0	0.0	0.0	100.0	Other
657989.6	7462933.0	0.0	0.0	100.0	Other
657989.6	7463133.0	0.0	0.0	100.0	Other
657989.6	7463333.0	0.0	0.0	100.0	Other
657989.6	7463533.0	0.0	0.0	100.0	Other
657989.6	7463733.0	0.0	0.0	100.0	Other
657989.6	7463933.0	0.0	0.0	100.0	Other
657989.6	7464133.0	0.0	0.0	100.0	Other
657989.6	7464333.0	0.0	0.0	100.0	Other
657989.6	7464533.0	0.0	0.0	100.0	Other
657989.6	7464733.0	0.0	0.0	100.0	Other
657989.6	7464933.0	0.0	0.0	100.0	Other
657989.6	7465133.0	0.0	0.0	100.0	Other
657989.6	7465333.0	0.0	0.0	100.0	Other
657989.6	7465533.0	0.0	0.0	100.0	Other
657989.6	7465733.0	0.0	0.0	100.0	Other
657989.6	7465933.0	0.0	0.0	100.0	Other
657989.6	7466133.0	0.0	0.0	100.0	Other
657989.6	7466333.0	0.0	0.0	100.0	Other
657989.6	7466533.0	0.0	0.0	100.0	Other
657989.6	7466733.0	0.0	0.0	100.0	Other
657989.6	7466933.0	0.0	0.0	100.0	Other
657989.6	7467133.0	0.0	0.0	100.0	Other
657989.6	7467333.0	0.0	0.0	100.0	Other
657989.6	7467533.0	0.0	0.0	100.0	Other
657989.6	7467733.0	0.0	0.0	100.0	Other
657989.6	7467933.0	2.9	1.3	95.8	Other
657989.6	7468133.0	17.2	4.9	77.9	Other
657989.6	7468333.0	77.2	0.0	22.8	Urban
657989.6	7468533.0	98.6	0.0	1.4	Urban
657989.6	7468733.0	98.4	0.0	1.6	Urban
657989.6	7468933.0	97.6	0.0	2.4	Urban
657989.6	7469133.0	94.6	0.0	5.4	Urban
657989.6	7469333.0	81.3	0.0	18.7	Urban
657989.6	7469533.0	98.0	0.0	2.0	Urban
657989.6	7469733.0	90.4	0.0	9.6	Urban
657989.6	7469933.0	97.1	0.0	2.9	Urban
657989.6	7470133.0	94.6	0.0	5.4	Urban
657989.6	7470333.0	98.4	0.0	1.6	Urban
657989.6	7470533.0	90.9	0.0	9.1	Urban
657989.6	7470733.0	89.5	0.0	10.5	Urban
657989.6	7470933.0	87.9	0.0	12.1	Urban
657989.6	7471133.0	99.1	0.0	0.9	Urban
657989.6	7471333.0	73.0	0.0	27.0	Urban
657989.6	7471533.0	94.7	0.0	5.3	Urban
657989.6	7471733.0	87.9	0.0	12.1	Urban
658189.6	7451933.0	0.0	100.0	0.0	Water
658189.6	7452133.0	0.0	100.0	0.0	Water
658189.6	7452333.0	0.0	100.0	0.0	Water
658189.6	7452533.0	0.0	100.0	0.0	Water
658189.6	7452733.0	1.6	74.3	24.1	Water
658189.6	7452933.0	78.6	0.0	21.4	Urban
658189.6	7453133.0	73.7	0.0	26.3	Urban
658189.6	7453333.0	90.9	0.0	9.1	Urban
658189.6	7453533.0	70.1	0.0	29.9	Urban
658189.6	7453733.0	74.5	0.0	25.5	Urban
658189.6	7453933.0	89.9	0.0	10.1	Urban
658189.6	7454133.0	83.3	0.0	16.7	Urban
658189.6	7454333.0	87.1	0.0	12.9	Urban
658189.6	7454533.0	91.3	0.0	8.7	Urban
658189.6	7454733.0	79.0	0.0	21.0	Urban
658189.6	7454933.0	57.4	0.0	42.6	Urban
658189.6	7455133.0	2.4	0.0	97.6	Other
658189.6	7455333.0	5.1	0.0	94.9	Other
658189.6	7455533.0	0.0	0.0	100.0	Other
658189.6	7455733.0	0.0	0.0	100.0	Other
658189.6	7455933.0	0.0	0.0	100.0	Other
658189.6	7456133.0	15.9	0.0	84.1	Other
658189.6	7456333.0	70.8	0.0	29.2	Urban
658189.6	7456533.0	68.5	0.0	31.5	Urban
658189.6	7456733.0	90.4	0.0	9.6	Urban
658189.6	7456933.0	73.7	0.0	26.3	Urban
658189.6	7457133.0	60.8	0.0	39.2	Urban
658189.6	7457333.0	17.7	0.0	82.3	Other
658189.6	7457533.0	0.4	0.0	99.6	Other
658189.6	7457733.0	1.7	0.0	98.3	Other
658189.6	7457933.0	5.6	0.0	94.4	Other
658189.6	7458133.0	1.0	0.0	99.0	Other
658189.6	7458333.0	1.3	0.0	98.7	Other
658189.6	7458533.0	0.0	0.0	100.0	Other
658189.6	7458733.0	0.0	0.0	100.0	Other
658189.6	7458933.0	0.0	0.0	100.0	Other
658189.6	7459133.0	0.0	0.0	100.0	Other
658189.6	7459333.0	0.0	0.0	100.0	Other
658189.6	7459533.0	0.0	0.0	100.0	Other
658189.6	7459733.0	0.0	0.0	100.0	Other
658189.6	7459933.0	0.0	0.0	100.0	Other
658189.6	7460133.0	0.0	0.0	100.0	Other
658189.6	7460333.0	0.0	0.0	100.0	Other
658189.6	7460533.0	0.0	0.0	100.0	Other
658189.6	7460733.0	0.0	0.0	100.0	Other
658189.6	7460933.0	0.0	0.0	100.0	Other
658189.6	7461133.0	0.0	0.0	100.0	Other
658189.6	7461333.0	0.0	0.0	100.0	Other
658189.6	7461533.0	0.0	0.0	100.0	Other
658189.6	7461733.0	0.0	0.0	100.0	Other
658189.6	7461933.0	0.0	0.0	100.0	Other
658189.6	7462133.0	0.0	0.0	100.0	Other
658189.6	7462333.0	0.0	0.0	100.0	Other
658189.6	7462533.0	0.0	0.0	100.0	Other
658189.6	7462733.0	0.0	0.0	100.0	Other
658189.6	7462933.0	0.0	0.0	100.0	Other
658189.6	7463133.0	0.0	0.0	100.0	Other
658189.6	7463333.0	0.0	0.0	100.0	Other
658189.6	7463533.0	0.0	0.0	100.0	Other
658189.6	7463733.0	0.0	0.0	100.0	Other
658189.6	7463933.0	0.0	0.0	100.0	Other
658189.6	7464133.0	0.0	0.0	100.0	Other
658189.6	7464333.0	0.0	0.0	100.0	Other
658189.6	7464533.0	0.0	0.0	100.0	Other
658189.6	7464733.0	0.0	0.0	100.0	Other
658189.6	7464933.0	0.0	0.0	100.0	Other
658189.6	7465133.0	0.0	0.0	100.0	Other
658189.6	7465333.0	0.0	0.0	100.0	Other
658189.6	7465533.0	0.0	0.0	100.0	Other
658189.6	7465733.0	0.0	0.0	100.0	Other
658189.6	7465933.0	0.0	0.0	100.0	Other
658189.6	7466133.0	0.0	0.0	100.0	Other
658189.6	7466333.0	0.0	0.0	100.0	Other
658189.6	7466533.0	0.0	0.0	100.0	Other
658189.6	7466733.0	0.0	0.0	100.0	Other
658189.6	7466933.0	0.0	0.0	100.0	Other
658189.6	7467133.0	0.0	0.0	100.0	Other
658189.6	7467333.0	7.1	0.0	92.9	Other
658189.6	7467533.0	6.2	0.0	93.8	Other
658189.6	7467733.0	5.8	0.0	94.2	Other
658189.6	7467933.0	0.5	8.3	91.1	Other
658189.6	7468133.0	43.9	13.1	43.0	Urban
658189.6	7468333.0	78.1	0.0	21.9	Urban
658189.6	7468533.0	98.4	0.0	1.6	Urban
658189.6	7468733.0	97.5	0.0	2.5	Urban
658189.6	7468933.0	97.1	0.0	2.9	Urban
658189.6	7469133.0	93.7	0.0	6.3	Urban
658189.6	7469333.0	94.7	0.0	5.3	Urban
658189.6	7469533.0	98.6	0.0	1.4	Urban
658189.6	7469733.0	97.1	0.0	2.9	Urban
658189.6	7469933.0	84.8	0.0	15.2	Urban
658189.6	7470133.0	64.9	0.0	35.1	Urban
658189.6	7470333.0	96.3	0.0	3.7	Urban
658189.6	7470533.0	100.0	0.0	0.0	Urban
658189.6	7470733.0	100.0	0.0	0.0	Urban
658189.6	7470933.0	99.5	0.0	0.5	Urban
658189.6	7471133.0	97.6	0.0	2.4	Urban
658189.6	7471333.0	86.1	0.0	13.9	Urban
658189.6	7471533.0	87.5	0.0	12.5	Urban
658189.6	7471733.0	99.3	0.0	0.7	Urban
658389.6	7451933.0	0.0	100.0	0.0	Water
658389.6	7452133.0	0.0	100.0	0.0	Water
658389.6	7452333.0	0.0	100.0	0.0	Water
658389.6	7452533.0	0.0	100.0	0.0	Water
658389.6	7452733.0	0.0	97.6	2.4	Water
658389.6	7452933.0	51.8	9.4	38.8	Urban
658389.6	7453133.0	91.1	0.0	8.9	Urban
658389.6	7453333.0	60.5	0.0	39.5	Urban
658389.6	7453533.0	77.0	0.0	23.0	Urban
658389.6	7453733.0	85.5	0.0	14.5	Urban
658389.6	7453933.0	79.9	0.0	20.1	Urban
658389.6	7454133.0	88.8	0.0	11.2	Urban
658389.6	7454333.0	92.5	0.0	7.5	Urban
658389.6	7454533.0	97.6	0.0	2.4	Urban
658389.6	7454733.0	88.0	0.0	12.0	Urban
658389.6	7454933.0	4.5	0.0	95.5	Other
658389.6	7455133.0	12.5	0.0	87.5	Other
658389.6	7455333.0	0.2	0.0	99.8	Other
658389.6	7455533.0	6.0	0.0	94.0	Other
658389.6	7455733.0	4.0	0.0	96.0	Other
658389.6	7455933.0	0.0	0.0	100.0	Other
658389.6	7456133.0	1.8	0.0	98.2	Other
658389.6	7456333.0	7.6	0.0	92.4	Other
658389.6	7456533.0	62.7	0.0	37.3	Urban
658389.6	7456733.0	13.9	0.0	86.1	Other
658389.6	7456933.0	43.1	0.0	56.9	Urban
658389.6	7457133.0	64.5	0.0	35.5	Urban
658389.6	7457333.0	92.6	0.0	7.4	Urban
658389.6	7457533.0	64.9	0.0	35.1	Urban
658389.6	7457733.0	8.2	0.0	91.8	Other
658389.6	7457933.0	41.7	0.0	58.3	Urban
658389.6	7458133.0	10.1	0.0	89.9	Other
658389.6	7458333.0	0.5	0.0	99.5	Other
658389.6	7458533.0	0.0	0.0	100.0	Other
658389.6	7458733.0	0.0	0.0	100.0	Other
658389.6	7458933.0	0.0	0.0	100.0	Other
658389.6	7459133.0	0.0	0.0	100.0	Other
658389.6	7459333.0	0.0	0.0	100.0	Other
658389.6	7459533.0	0.0	0.0	100.0	Other
658389.6	7459733.0	0.0	0.0	100.0	Other
658389.6	7459933.0	0.0	0.0	100.0	Other
658389.6	7460133.0	0.0	0.0	100.0	Other
658389.6	7460333.0	0.0	0.0	100.0	Other
658389.6	7460533.0	0.0	0.0	100.0	Other
658389.6	7460733.0	0.0	0.0	100.0	Other
658389.6	7460933.0	0.0	0.0	100.0	Other
658389.6	7461133.0	0.0	0.0	100.0	Other
658389.6	7461333.0	0.0	0.0	100.0	Other
658389.6	7461533.0	0.0	0.0	100.0	Other
658389.6	7461733.0	0.0	0.0	100.0	Other
658389.6	7461933.0	0.0	0.0	100.0	Other
658389.6	7462133.0	0.0	0.0	100.0	Other
658389.6	7462333.0	0.0	0.0	100.0	Other
658389.6	7462533.0	0.0	0.0	100.0	Other
658389.6	7462733.0	0.0	0.0	100.0	Other
658389.6	7462933.0	0.0	0.0	100.0	Other
658389.6	7463133.0	0.0	0.0	100.0	Other
658389.6	7463333.0	0.0	0.0	100.0	Other
658389.6	7463533.0	0.0	0.0	100.0	Other
658389.6	7463733.0	0.0	0.0	100.0	Other
658389.6	7463933.0	0.0	0.0	100.0	Other
658389.6	7464133.0	0.0	0.0	100.0	Other
658389.6	7464333.0	0.0	0.0	100.0	Other
658389.6	7464533.0	0.0	0.0	100.0	Other
658389.6	7464733.0	0.0	0.0	100.0	Other
658389.6	7464933.0	0.0	0.0	100.0	Other
658389.6	7465133.0	0.0	0.0	100.0	Other
658389.6	7465333.0	0.0	0.0	100.0	Other
658389.6	7465533.0	0.0	0.0	100.0	Other
658389.6	7465733.0	0.0	0.0	100.0	Other
658389.6	7465933.0	0.0	0.0	100.0	Other
658389.6	7466133.0	0.0	0.0	100.0	Other
658389.6	7466333.0	0.0	0.0	100.0	Other
658389.6	7466533.0	0.0	0.0	100.0	Other
658389.6	7466733.0	0.0	0.0	100.0	Other
658389.6	7466933.0	0.0	0.0	100.0	Other
658389.6	7467133.0	0.0	0.0	100.0	Other
658389.6	7467333.0	34.1	0.0	65.9	Urban
658389.6	7467533.0	44.4	0.0	55.6	Urban
658389.6	7467733.0	74.6	0.0	25.4	Urban
658389.6	7467933.0	13.4	0.0	86.6	Other
658389.6	7468133.0	63.2	0.0	36.8	Urban
658389.6	7468333.0	96.6	0.0	3.4	Urban
658389.6	7468533.0	94.9	0.0	5.1	Urban
658389.6	7468733.0	97.5	0.0	2.5	Urban
658389.6	7468933.0	99.8	0.0	0.2	Urban
658389.6	7469133.0	99.5	0.0	0.5	Urban
658389.6	7469333.0	98.9	0.0	1.1	Urban
658389.6	7469533.0	93.8	0.0	6.2	Urban
658389.6	7469733.0	61.1	0.0	38.9	Urban
658389.6	7469933.0	67.4	0.0	32.6	Urban
658389.6	7470133.0	62.3	0.0	37.7	Urban
658389.6	7470333.0	98.9	0.0	1.1	Urban
658389.6	7470533.0	99.5	0.0	0.5	Urban
658389.6	7470733.0	100.0	0.0	0.0	Urban
658389.6	7470933.0	97.3	0.0	2.7	Urban
658389.6	7471133.0	98.0	0.0	2.0	Urban
658389.6	7471333.0	95.3	0.0	4.7	Urban
658389.6	7471533.0	100.0	0.0	0.0	Urban
658389.6	7471733.0	100.0	0.0	0.0	Urban
658589.6	7451933.0	0.0	100.0	0.0	Water
658589.6	7452133.0	0.0	100.0	0.0	Water
658589.6	7452333.0	0.0	100.0	0.0	Water
658589.6	7452533.0	0.0	100.0	0.0	Water
658589.6	7452733.0	0.0	100.0	0.0	Water
658589.6	7452933.0	22.8	37.5	39.7	Urban
658589.6	7453133.0	89.5	0.0	10.5	Urban
658589.6	7453333.0	66.8	0.0	33.2	Urban
658589.6	7453533.0	85.3	0.0	14.7	Urban
658589.6	7453733.0	94.1	0.0	5.9	Urban
658589.6	7453933.0	91.1	0.0	8.9	Urban
658589.6	7454133.0	97.6	0.0	2.4	Urban
658589.6	7454333.0	98.1	0.0	1.9	Urban
658589.6	7454533.0	98.6	0.0	1.4	Urban
658589.6	7454733.0	87.1	0.0	12.9	Urban
658589.6	7454933.0	75.9	0.0	24.1	Urban
658589.6	7455133.0	68.1	0.0	31.9	Urban
658589.6	7455333.0	8.7	0.0	91.3	Other
658589.6	7455533.0	9.8	0.0	90.2	Other
658589.6	7455733.0	0.0	0.0	100.0	Other
658589.6	7455933.0	0.0	0.0	100.0	Other
658589.6	7456133.0	15.9	0.0	84.1	Other
658589.6	7456333.0	49.6	0.0	50.4	Urban
658589.6	7456533.0	46.7	0.0	53.3	Urban
658589.6	7456733.0	37.1	0.0	62.9	Urban
658589.6	7456933.0	0.2	0.0	99.8	Other
658589.6	7457133.0	32.7	0.0	67.3	Urban
658589.6	7457333.0	82.6	0.0	17.4	Urban
658589.6	7457533.0	50.7	0.0	49.3	Urban
658589.6	7457733.0	0.0	0.0	100.0	Other
658589.6	7457933.0	16.0	0.0	84.0	Other
658589.6	7458133.0	6.5	0.0	93.5	Other
658589.6	7458333.0	0.0	0.0	100.0	Other
658589.6	7458533.0	0.0	0.0	100.0	Other
658589.6	7458733.0	0.0	0.0	100.0	Other
658589.6	7458933.0	0.0	0.0	100.0	Other
658589.6	7459133.0	0.0	0.0	100.0	Other
658589.6	7459333.0	0.0	0.0	100.0	Other
658589.6	7459533.0	0.0	0.0	100.0	Other
658589.6	7459733.0	0.0	0.0	100.0	Other
658589.6	7459933.0	0.0	0.0	100.0	Other
658589.6	7460133.0	0.0	0.0	100.0	Other
658589.6	7460333.0	0.0	0.0	100.0	Other
658589.6	7460533.0	0.0	0.0	100.0	Other
658589.6	7460733.0	0.0	0.0	100.0	Other
658589.6	7460933.0	0.0	0.0	100.0	Other
658589.6	7461133.0	0.0	0.0	100.0	Other
658589.6	7461333.0	0.0	0.0	100.0	Other
658589.6	7461533.0	0.0	0.0	100.0	Other
658589.6	7461733.0	0.0	0.0	100.0	Other
658589.6	7461933.0	0.0	0.0	100.0	Other
658589.6	7462133.0	0.0	0.0	100.0	Other
658589.6	7462333.0	0.0	0.0	100.0	Other
658589.6	7462533.0	0.0	0.0	100.0	Other
658589.6	7462733.0	0.0	0.0	100.0	Other
658589.6	7462933.0	0.0	0.0	100.0	Other
658589.6	7463133.0	0.0	0.0	100.0	Other
658589.6	7463333.0	0.0	0.0	100.0	Other
658589.6	7463533.0	0.0	0.0	100.0	Other
658589.6	7463733.0	0.0	0.0	100.0	Other
658589.6	7463933.0	0.0	0.0	100.0	Other
658589.6	7464133.0	0.0	0.0	100.0	Other
658589.6	7464333.0	0.0	0.0	100.0	Other
658589.6	7464533.0	0.0	0.0	100.0	Other
658589.6	7464733.0	0.0	0.0	100.0	Other
658589.6	7464933.0	0.0	0.0	100.0	Other
658589.6	7465133.0	0.0	0.0	100.0	Other
658589.6	7465333.0	0.0	0.0	100.0	Other
658589.6	7465533.0	0.0	0.0	100.0	Other
658589.6	7465733.0	0.0	0.0	100.0	Other
658589.6	7465933.0	0.0	0.0	100.0	Other
658589.6	7466133.0	0.0	0.0	100.0	Other
658589.6	7466333.0	0.0	0.0	100.0	Other
658589.6	7466533.0	0.0	0.0	100.0	Other
658589.6	7466733.0	0.0	0.0	100.0	Other
658589.6	7466933.0	0.0	0.0	100.0	Other
658589.6	7467133.0	0.0	0.0	100.0	Other
658589.6	7467333.0	73.2	0.0	26.8	Urban
658589.6	7467533.0	98.4	0.0	1.6	Urban
658589.6	7467733.0	89.0	0.0	11.0	Urban
658589.6	7467933.0	81.5	0.0	18.5	Urban
658589.6	7468133.0	93.7	0.0	6.3	Urban
658589.6	7468333.0	88.0	0.0	12.0	Urban
658589.6	7468533.0	96.7	0.0	3.3	Urban
658589.6	7468733.0	99.5	0.0	0.5	Urban
658589.6	7468933.0	99.3	0.0	0.7	Urban
658589.6	7469133.0	100.0	0.0	0.0	Urban
658589.6	7469333.0	88.2	0.0	11.8	Urban
658589.6	7469533.0	98.7	0.0	1.3	Urban
658589.6	7469733.0	100.0	0.0	0.0	Urban
658589.6	7469933.0	98.7	0.0	1.3	Urban
658589.6	7470133.0	99.3	0.0	0.7	Urban
658589.6	7470333.0	85.1	0.0	14.9	Urban
658589.6	7470533.0	96.9	0.0	3.1	Urban
658589.6	7470733.0	91.8	0.0	8.2	Urban
658589.6	7470933.0	99.8	0.0	0.2	Urban
658589.6	7471133.0	98.2	0.0	1.8	Urban
658589.6	7471333.0	97.6	0.0	2.4	Urban
658589.6	7471533.0	98.7	0.0	1.3	Urban
658589.6	7471733.0	97.7	0.0	2.3	Urban
658789.6	7451933.0	0.0	100.0	0.0	Water
658789.6	7452133.0	0.0	100.0	0.0	Water
658789.6	7452333.0	0.0	100.0	0.0	Water
658789.6	7452533.0	0.0	100.0	0.0	Water
658789.6	7452733.0	0.0	100.0	0.0	Water
658789.6	7452933.0	1.8	64.7	33.5	Water
658789.6	7453133.0	89.5	0.0	10.5	Urban
658789.6	7453333.0	52.2	0.0	47.8	Urban
658789.6	7453533.0	38.4	0.0	61.6	Urban
658789.6	7453733.0	60.9	0.0	39.1	Urban
658789.6	7453933.0	75.9	0.0	24.1	Urban
658789.6	7454133.0	81.9	0.0	18.1	Urban
658789.6	7454333.0	95.3	0.0	4.7	Urban
658789.6	7454533.0	84.8	0.0	15.2	Urban
658789.6	7454733.0	17.4	0.0	82.6	Other
658789.6	7454933.0	0.2	0.0	99.8	Other
658789.6	7455133.0	20.7	0.0	79.3	Urban
658789.6	7455333.0	39.5	0.0	60.5	Urban
658789.6	7455533.0	0.7	0.0	99.3	Other
658789.6	7455733.0	12.1	0.0	87.9	Other
658789.6	7455933.0	1.6	0.0	98.4	Other
658789.6	7456133.0	12.0	0.0	88.0	Other
658789.6	7456333.0	33.1	0.0	66.9	Urban
658789.6	7456533.0	25.5	0.0	74.5	Urban
658789.6	7456733.0	0.5	0.0	99.5	Other
658789.6	7456933.0	0.0	0.0	100.0	Other
658789.6	7457133.0	0.0	0.0	100.0	Other
658789.6	7457333.0	37.9	0.0	62.1	Urban
658789.6	7457533.0	30.2	0.0	69.8	Urban
658789.6	7457733.0	36.1	0.0	63.9	Urban
658789.6	7457933.0	24.5	0.0	75.5	Urban
658789.6	7458133.0	17.6	0.0	82.4	Other
658789.6	7458333.0	0.0	0.0	100.0	Other
658789.6	7458533.0	0.0	0.0	100.0	Other
658789.6	7458733.0	0.0	0.0	100.0	Other
658789.6	7458933.0	0.0	0.0	100.0	Other
658789.6	7459133.0	0.0	0.0	100.0	Other
658789.6	7459333.0	0.0	0.0	100.0	Other
658789.6	7459533.0	0.0	0.0	100.0	Other
658789.6	7459733.0	0.0	0.0	100.0	Other
658789.6	7459933.0	0.0	0.0	100.0	Other
658789.6	7460133.0	0.0	0.0	100.0	Other
658789.6	7460333.0	0.0	0.0	100.0	Other
658789.6	7460533.0	0.0	0.0	100.0	Other
658789.6	7460733.0	0.0	0.0	100.0	Other
658789.6	7460933.0	0.0	0.0	100.0	Other
658789.6	7461133.0	0.0	0.0	100.0	Other
658789.6	7461333.0	0.0	0.0	100.0	Other
658789.6	7461533.0	0.0	0.0	100.0	Other
658789.6	7461733.0	0.0	0.0	100.0	Other
658789.6	7461933.0	0.0	0.0	100.0	Other
658789.6	7462133.0	0.0	0.0	100.0	Other
658789.6	7462333.0	0.0	0.0	100.0	Other
658789.6	7462533.0	0.0	0.0	100.0	Other
658789.6	7462733.0	0.0	0.0	100.0	Other
658789.6	7462933.0	0.0	0.0	100.0	Other
658789.6	7463133.0	0.0	0.0	100.0	Other
658789.6	7463333.0	0.0	0.0	100.0	Other
658789.6	7463533.0	0.0	0.0	100.0	Other
658789.6	7463733.0	0.0	0.0	100.0	Other
658789.6	7463933.0	0.0	0.0	100.0	Other
658789.6	7464133.0	0.0	0.0	100.0	Other
658789.6	7464333.0	0.0	0.0	100.0	Other
658789.6	7464533.0	0.0	0.0	100.0	Other
658789.6	7464733.0	0.0	0.0	100.0	Other
658789.6	7464933.0	0.0	0.0	100.0	Other
658789.6	7465133.0	0.0	0.0	100.0	Other
658789.6	7465333.0	0.0	0.0	100.0	Other
658789.6	7465533.0	0.0	0.0	100.0	Other
658789.6	7465733.0	0.0	0.0	100.0	Other
658789.6	7465933.0	0.0	0.0	100.0	Other
658789.6	7466133.0	0.0	0.0	100.0	Other
658789.6	7466333.0	0.0	0.0	100.0	Other
658789.6	7466533.0	0.0	0.0	100.0	Other
658789.6	7466733.0	0.0	0.0	100.0	Other
658789.6	7466933.0	0.0	0.0	100.0	Other
658789.6	7467133.0	0.0	0.0	100.0	Other
658789.6	7467333.0	77.0	0.0	23.0	Urban
658789.6	7467533.0	93.3	0.0	6.7	Urban
658789.6	7467733.0	70.1	0.0	29.9	Urban
658789.6	7467933.0	37.5	0.0	62.5	Urban
658789.6	7468133.0	76.1	0.0	23.9	Urban
658789.6	7468333.0	88.4	0.0	11.6	Urban
658789.6	7468533.0	96.2	0.0	3.8	Urban
658789.6	7468733.0	90.2	0.0	9.8	Urban
658789.6	7468933.0	99.8	0.0	0.2	Urban
658789.6	7469133.0	100.0	0.0	0.0	Urban
658789.6	7469333.0	98.4	0.0	1.6	Urban
658789.6	7469533.0	91.1	0.0	8.9	Urban
658789.6	7469733.0	99.8	0.0	0.2	Urban
658789.6	7469933.0	94.4	0.0	5.6	Urban
658789.6	7470133.0	97.3	0.0	2.7	Urban
658789.6	7470333.0	91.9	0.0	8.1	Urban
658789.6	7470533.0	95.7	0.0	4.3	Urban
658789.6	7470733.0	93.7	0.0	6.3	Urban
658789.6	7470933.0	99.5	0.0	0.5	Urban
658789.6	7471133.0	90.0	0.0	10.0	Urban
658789.6	7471333.0	97.9	0.0	2.1	Urban
658789.6	7471533.0	98.4	0.0	1.6	Urban
658789.6	7471733.0	89.3	0.0	10.7	Urban
658989.6	7451933.0	0.0	100.0	0.0	Water
658989.6	7452133.0	0.0	100.0	0.0	Water
658989.6	7452333.0	0.0	100.0	0.0	Water
658989.6	7452533.0	0.0	100.0	0.0	Water
658989.6	7452733.0	0.0	100.0	0.0	Water
658989.6	7452933.0	0.0	92.0	8.0	Water
658989.6	7453133.0	50.2	1.4	48.4	Urban
658989.6	7453333.0	1.8	0.0	98.2	Other
658989.6	7453533.0	0.0	19.7	80.3	Other
658989.6	7453733.0	8.9	14.4	76.7	Other
658989.6	7453933.0	77.2	0.0	22.8	Urban
658989.6	7454133.0	84.1	0.0	15.9	Urban
658989.6	7454333.0	98.9	0.0	1.1	Urban
658989.6	7454533.0	95.7	0.0	4.3	Urban
658989.6	7454733.0	38.0	0.0	62.0	Urban
658989.6	7454933.0	2.0	0.0	98.0	Other
658989.6	7455133.0	21.9	0.0	78.1	Urban
658989.6	7455333.0	41.2	0.0	58.8	Urban
658989.6	7455533.0	25.9	0.0	74.1	Urban
658989.6	7455733.0	55.4	0.0	44.6	Urban
658989.6	7455933.0	12.5	0.0	87.5	Other
658989.6	7456133.0	36.3	0.0	63.7	Urban
658989.6	7456333.0	18.3	0.0	81.7	Other
658989.6	7456533.0	3.8	0.0	96.2	Other
658989.6	7456733.0	0.0	0.0	100.0	Other
658989.6	7456933.0	0.0	0.0	100.0	Other
658989.6	7457133.0	0.0	0.0	100.0	Other
658989.6	7457333.0	11.4	0.0	88.6	Other
658989.6	7457533.0	5.1	0.0	94.9	Other
658989.6	7457733.0	22.1	0.0	77.9	Urban
658989.6	7457933.0	0.9	0.0	99.1	Other
658989.6	7458133.0	0.7	0.0	99.3	Other
658989.6	7458333.0	0.0	0.0	100.0	Other
658989.6	7458533.0	0.0	0.0	100.0	Other
658989.6	7458733.0	0.0	0.0	100.0	Other
658989.6	7458933.0	0.0	0.0	100.0	Other
658989.6	7459133.0	0.0	0.0	100.0	Other
658989.6	7459333.0	0.0	0.0	100.0	Other
658989.6	7459533.0	0.0	0.0	100.0	Other
658989.6	7459733.0	0.0	0.0	100.0	Other
658989.6	7459933.0	0.0	0.0	100.0	Other
658989.6	7460133.0	0.0	0.0	100.0	Other
658989.6	7460333.0	0.0	0.0	100.0	Other
658989.6	7460533.0	0.0	0.0	100.0	Other
658989.6	7460733.0	0.0	0.0	100.0	Other
658989.6	7460933.0	0.0	0.0	100.0	Other
658989.6	7461133.0	0.0	0.0	100.0	Other
658989.6	7461333.0	0.0	0.0	100.0	Other
658989.6	7461533.0	0.0	0.0	100.0	Other
658989.6	7461733.0	0.0	0.0	100.0	Other
658989.6	7461933.0	0.0	0.0	100.0	Other
658989.6	7462133.0	0.0	0.0	100.0	Other
658989.6	7462333.0	0.0	0.0	100.0	Other
658989.6	7462533.0	0.0	0.0	100.0	Other
658989.6	7462733.0	0.0	0.0	100.0	Other
658989.6	7462933.0	0.0	0.0	100.0	Other
658989.6	7463133.0	0.0	0.0	100.0	Other
658989.6	7463333.0	0.0	0.0	100.0	Other
658989.6	7463533.0	0.0	0.0	100.0	Other
658989.6	7463733.0	0.0	0.0	100.0	Other
658989.6	7463933.0	0.0	0.0	100.0	Other
658989.6	7464133.0	0.0	0.0	100.0	Other
658989.6	7464333.0	0.0	0.0	100.0	Other
658989.6	7464533.0	0.0	0.0	100.0	Other
658989.6	7464733.0	0.0	0.0	100.0	Other
658989.6	7464933.0	0.0	0.0	100.0	Other
658989.6	7465133.0	0.0	0.0	100.0	Other
658989.6	7465333.0	0.0	0.0	100.0	Other
658989.6	7465533.0	0.0	0.0	100.0	Other
658989.6	7465733.0	0.0	0.0	100.0	Other
658989.6	7465933.0	0.0	0.0	100.0	Other
658989.6	7466133.0	0.0	0.0	100.0	Other
658989.6	7466333.0	0.0	0.0	100.0	Other
658989.6	7466533.0	0.0	0.0	100.0	Other
658989.6	7466733.0	0.0	0.0	100.0	Other
658989.6	7466933.0	0.0	0.0	100.0	Other
658989.6	7467133.0	8.9	0.0	91.1	Other
658989.6	7467333.0	92.6	0.0	7.4	Urban
658989.6	7467533.0	100.0	0.0	0.0	Urban
658989.6	7467733.0	94.4	0.0	5.6	Urban
658989.6	7467933.0	96.9	0.0	3.1	Urban
658989.6	7468133.0	52.0	0.0	48.0	Urban
658989.6	7468333.0	96.0	0.0	4.0	Urban
658989.6	7468533.0	93.3	0.0	6.7	Urban
658989.6	7468733.0	85.3	0.0	14.7	Urban
658989.6	7468933.0	99.1	0.0	0.9	Urban
658989.6	7469133.0	99.1	0.0	0.9	Urban
658989.6	7469333.0	98.4	0.0	1.6	Urban
658989.6	7469533.0	96.7	0.0	3.3	Urban
658989.6	7469733.0	98.2	0.0	1.8	Urban
658989.6	7469933.0	96.0	0.0	4.0	Urban
658989.6	7470133.0	88.9	0.0	11.1	Urban
658989.6	7470333.0	98.0	0.0	2.0	Urban
658989.6	7470533.0	99.1	0.0	0.9	Urban
658989.6	7470733.0	98.6	0.0	1.4	Urban
658989.6	7470933.0	98.9	0.0	1.1	Urban
658989.6	7471133.0	96.4	0.0	3.6	Urban
658989.6	7471333.0	99.6	0.0	0.4	Urban
658989.6	7471533.0	63.6	0.0	36.4	Urban
658989.6	7471733.0	15.5	0.0	84.5	Other
659189.6	7451933.0	0.0	100.0	0.0	Water
659189.6	7452133.0	0.0	100.0	0.0	Water
659189.6	7452333.0	0.0	100.0	0.0	Water
659189.6	7452533.0	0.0	100.0	0.0	Water
659189.6	7452733.0	0.0	100.0	0.0	Water
659189.6	7452933.0	0.0	100.0	0.0	Water
659189.6	7453133.0	19.4	23.0	57.6	Other
659189.6	7453333.0	0.0	23.1	76.9	Other
659189.6	7453533.0	0.0	95.1	4.9	Water
659189.6	7453733.0	0.0	85.9	14.1	Water
659189.6	7453933.0	16.5	0.0	83.5	Other
659189.6	7454133.0	80.2	0.0	19.8	Urban
659189.6	7454333.0	87.3	0.0	12.7	Urban
659189.6	7454533.0	83.2	0.0	16.8	Urban
659189.6	7454733.0	62.9	0.0	37.1	Urban
659189.6	7454933.0	6.3	0.0	93.7	Other
659189.6	7455133.0	3.3	0.0	96.7	Other
659189.6	7455333.0	58.0	0.0	42.0	Urban
659189.6	7455533.0	8.9	0.0	91.1	Other
659189.6	7455733.0	22.6	0.0	77.4	Urban
659189.6	7455933.0	26.1	0.0	73.9	Urban
659189.6	7456133.0	12.9	0.0	87.1	Other
659189.6	7456333.0	23.7	0.0	76.3	Urban
659189.6	7456533.0	31.8	0.0	68.2	Urban
659189.6	7456733.0	0.0	0.0	100.0	Other
659189.6	7456933.0	0.0	0.0	100.0	Other
659189.6	7457133.0	3.4	6.3	90.2	Other
659189.6	7457333.0	0.2	65.2	34.6	Water
659189.6	7457533.0	9.4	3.4	87.1	Other
659189.6	7457733.0	6.2	0.0	93.8	Other
659189.6	7457933.0	0.2	0.0	99.8	Other
659189.6	7458133.0	0.0	0.0	100.0	Other
659189.6	7458333.0	0.0	0.0	100.0	Other
659189.6	7458533.0	0.0	0.0	100.0	Other
659189.6	7458733.0	0.0	0.0	100.0	Other
659189.6	7458933.0	0.0	0.0	100.0	Other
659189.6	7459133.0	0.0	0.0	100.0	Other
659189.6	7459333.0	0.0	0.0	100.0	Other
659189.6	7459533.0	0.0	0.0	100.0	Other
659189.6	7459733.0	0.0	0.0	100.0	Other
659189.6	7459933.0	0.0	0.0	100.0	Other
659189.6	7460133.0	0.0	0.0	100.0	Other
659189.6	7460333.0	0.0	7.4	92.6	Other
659189.6	7460533.0	0.0	0.5	99.5	Other
659189.6	7460733.0	0.0	0.0	100.0	Other
659189.6	7460933.0	0.0	0.0	100.0	Other
659189.6	7461133.0	0.0	0.0	100.0	Other
659189.6	7461333.0	0.0	0.0	100.0	Other
659189.6	7461533.0	0.0	0.0	100.0	Other
659189.6	7461733.0	0.0	0.0	100.0	Other
659189.6	7461933.0	0.0	0.0	100.0	Other
659189.6	7462133.0	0.0	0.0	100.0	Other
659189.6	7462333.0	0.0	0.0	100.0	Other
659189.6	7462533.0	0.0	0.0	100.0	Other
659189.6	7462733.0	0.0	0.0	100.0	Other
659189.6	7462933.0	0.0	0.0	100.0	Other
659189.6	7463133.0	0.0	0.0	100.0	Other
659189.6	7463333.0	0.0	0.0	100.0	Other
659189.6	7463533.0	0.0	0.0	100.0	Other
659189.6	7463733.0	0.0	0.0	100.0	Other
659189.6	7463933.0	0.0	0.0	100.0	Other
659189.6	7464133.0	0.0	0.0	100.0	Other
659189.6	7464333.0	0.0	0.0	100.0	Other
659189.6	7464533.0	0.0	0.0	100.0	Other
659189.6	7464733.0	0.0	0.0	100.0	Other
659189.6	7464933.0	0.0	0.0	100.0	Other
659189.6	7465133.0	0.0	0.0	100.0	Other
659189.6	7465333.0	0.0	0.0	100.0	Other
659189.6	7465533.0	0.0	0.0	100.0	Other
659189.6	7465733.0	0.0	0.0	100.0	Other
659189.6	7465933.0	0.0	0.0	100.0	Other
659189.6	7466133.0	0.0	0.0	100.0	Other
659189.6	7466333.0	0.0	0.0	100.0	Other
659189.6	7466533.0	0.0	0.0	100.0	Other
659189.6	7466733.0	0.0	0.0	100.0	Other
659189.6	7466933.0	0.0	0.0	100.0	Other
659189.6	7467133.0	25.4	0.0	74.6	Urban
659189.6	7467333.0	88.8	0.0	11.2	Urban
659189.6	7467533.0	99.8	0.0	0.2	Urban
659189.6	7467733.0	100.0	0.0	0.0	Urban
659189.6	7467933.0	98.9	0.0	1.1	Urban
659189.6	7468133.0	84.4	0.0	15.6	Urban
659189.6	7468333.0	98.6	0.0	1.4	Urban
659189.6	7468533.0	97.6	0.0	2.4	Urban
659189.6	7468733.0	93.8	0.0	6.2	Urban
659189.6	7468933.0	98.9	0.0	1.1	Urban
659189.6	7469133.0	100.0	0.0	0.0	Urban
659189.6	7469333.0	98.4	0.0	1.6	Urban
659189.6	7469533.0	81.7	0.0	18.3	Urban
659189.6	7469733.0	98.2	0.0	1.8	Urban
659189.6	7469933.0	97.8	0.0	2.2	Urban
659189.6	7470133.0	99.5	0.0	0.5	Urban
659189.6	7470333.0	99.1	0.0	0.9	Urban
659189.6	7470533.0	99.8	0.0	0.2	Urban
659189.6	7470733.0	96.4	0.0	3.6	Urban
659189.6	7470933.0	94.7	0.0	5.3	Urban
659189.6	7471133.0	94.3	0.0	5.7	Urban
659189.6	7471333.0	100.0	0.0	0.0	Urban
659189.6	7471533.0	47.1	0.0	52.9	Urban
659189.6	7471733.0	0.0	0.0	100.0	Other
659389.6	7451933.0	0.0	100.0	0.0	Water
659389.6	7452133.0	0.0	100.0	0.0	Water
659389.6	7452333.0	0.0	100.0	0.0	Water
659389.6	7452533.0	0.0	100.0	0.0	Water
659389.6	7452733.0	0.0	100.0	0.0	Water
659389.6	7452933.0	0.0	100.0	0.0	Water
659389.6	7453133.0	8.0	46.6	45.5	Other
659389.6	7453333.0	5.8	9.1	85.1	Other
659389.6	7453533.0	0.0	95.3	4.7	Water
659389.6	7453733.0	0.0	53.4	46.6	Water
659389.6	7453933.0	0.0	0.0	100.0	Other
659389.6	7454133.0	28.6	0.0	71.4	Urban
659389.6	7454333.0	82.4	0.0	17.6	Urban
659389.6	7454533.0	94.4	0.0	5.6	Urban
659389.6	7454733.0	65.0	0.0	35.0	Urban
659389.6	7454933.0	2.4	0.0	97.6	Other
659389.6	7455133.0	8.7	0.0	91.3	Other
659389.6	7455333.0	80.6	0.0	19.4	Urban
659389.6	7455533.0	22.3	0.0	77.7	Urban
659389.6	7455733.0	4.5	0.0	95.5	Other
659389.6	7455933.0	2.5	0.0	97.5	Other
659389.6	7456133.0	48.7	0.0	51.3	Urban
659389.6	7456333.0	72.6	0.0	27.4	Urban
659389.6	7456533.0	90.0	0.0	10.0	Urban
659389.6	7456733.0	5.7	0.0	94.3	Other
659389.6	7456933.0	0.0	0.0	100.0	Other
659389.6	7457133.0	0.7	2.4	96.9	Other
659389.6	7457333.0	1.5	75.4	23.1	Water
659389.6	7457533.0	12.0	30.4	57.6	Other
659389.6	7457733.0	0.4	0.0	99.6	Other
659389.6	7457933.0	0.0	0.0	100.0	Other
659389.6	7458133.0	0.0	0.0	100.0	Other
659389.6	7458333.0	0.0	0.0	100.0	Other
659389.6	7458533.0	0.0	0.0	100.0	Other
659389.6	7458733.0	0.0	0.0	100.0	Other
659389.6	7458933.0	0.0	0.0	100.0	Other
659389.6	7459133.0	0.0	0.0	100.0	Other
659389.6	7459333.0	0.0	0.0	100.0	Other
659389.6	7459533.0	0.0	0.0	100.0	Other
659389.6	7459733.0	0.0	0.0	100.0	Other
659389.6	7459933.0	0.0	0.0	100.0	Other
659389.6	7460133.0	0.0	13.2	86.8	Other
659389.6	7460333.0	0.0	23.7	76.3	Other
659389.6	7460533.0	0.0	0.7	99.3	Other
659389.6	7460733.0	0.0	0.0	100.0	Other
659389.6	7460933.0	0.0	0.0	100.0	Other
659389.6	7461133.0	0.0	0.0	100.0	Other
659389.6	7461333.0	0.0	0.0	100.0	Other
659389.6	7461533.0	0.0	0.0	100.0	Other
659389.6	7461733.0	0.0	0.0	100.0	Other
659389.6	7461933.0	0.0	0.0	100.0	Other
659389.6	7462133.0	0.0	0.0	100.0	Other
659389.6	7462333.0	0.0	0.0	100.0	Other
659389.6	7462533.0	0.0	0.0	100.0	Other
659389.6	7462733.0	0.0	0.0	100.0	Other
659389.6	7462933.0	0.0	0.0	100.0	Other
659389.6	7463133.0	0.0	0.0	100.0	Other
659389.6	7463333.0	0.0	0.0	100.0	Other
659389.6	7463533.0	0.0	0.0	100.0	Other
659389.6	7463733.0	0.0	0.0	100.0	Other
659389.6	7463933.0	0.0	0.0	100.0	Other
659389.6	7464133.0	0.0	0.0	100.0	Other
659389.6	7464333.0	0.0	0.0	100.0	Other
659389.6	7464533.0	0.0	0.0	100.0	Other
659389.6	7464733.0	0.0	0.0	100.0	Other
659389.6	7464933.0	0.0	0.0	100.0	Other
659389.6	7465133.0	0.0	0.0	100.0	Other
659389.6	7465333.0	0.0	0.0	100.0	Other
659389.6	7465533.0	0.0	0.0	100.0	Other
659389.6	7465733.0	0.0	0.0	100.0	Other
659389.6	7465933.0	0.0	0.0	100.0	Other
659389.6	7466133.0	0.0	0.0	100.0	Other
659389.6	7466333.0	0.0	0.0	100.0	Other
659389.6	7466533.0	0.0	0.0	100.0	Other
659389.6	7466733.0	20.8	0.0	79.2	Urban
659389.6	7466933.0	36.6	0.0	63.4	Urban
659389.6	7467133.0	27.8	0.0	72.2	Urban
659389.6	7467333.0	98.8	0.0	1.2	Urban
659389.6	7467533.0	100.0	0.0	0.0	Urban
659389.6	7467733.0	99.8	0.0	0.2	Urban
659389.6	7467933.0	91.1	0.0	8.9	Urban
659389.6	7468133.0	100.0	0.0	0.0	Urban
659389.6	7468333.0	100.0	0.0	0.0	Urban
659389.6	7468533.0	99.6	0.0	0.4	Urban
659389.6	7468733.0	99.6	0.0	0.4	Urban
659389.6	7468933.0	98.2	0.0	1.8	Urban
659389.6	7469133.0	99.5	0.0	0.5	Urban
659389.6	7469333.0	92.4	0.0	7.6	Urban
659389.6	7469533.0	99.4	0.0	0.6	Urban
659389.6	7469733.0	98.6	0.0	1.4	Urban
659389.6	7469933.0	100.0	0.0	0.0	Urban
659389.6	7470133.0	99.8	0.0	0.2	Urban
659389.6	7470333.0	95.5	0.0	4.5	Urban
659389.6	7470533.0	98.6	0.0	1.4	Urban
659389.6	7470733.0	99.5	0.0	0.5	Urban
659389.6	7470933.0	92.9	0.0	7.1	Urban
659389.6	7471133.0	74.3	0.0	25.7	Urban
659389.6	7471333.0	96.7	0.0	3.3	Urban
659389.6	7471533.0	54.3	0.0	45.7	Urban
659389.6	7471733.0	0.0	0.0	100.0	Other
659589.6	7451933.0	0.0	100.0	0.0	Water
659589.6	7452133.0	0.0	100.0	0.0	Water
659589.6	7452333.0	0.0	100.0	0.0	Water
659589.6	7452533.0	0.0	100.0	0.0	Water
659589.6	7452733.0	0.0	100.0	0.0	Water
659589.6	7452933.0	0.0	100.0	0.0	Water
659589.6	7453133.0	0.2	67.5	32.3	Water
659589.6	7453333.0	15.4	0.0	84.6	Other
659589.6	7453533.0	0.0	85.3	14.7	Water
659589.6	7453733.0	0.0	67.8	32.2	Water
659589.6	7453933.0	0.0	20.3	79.7	Other
659589.6	7454133.0	6.0	0.0	94.0	Other
659589.6	7454333.0	65.4	0.0	34.6	Urban
659589.6	7454533.0	97.3	0.0	2.7	Urban
659589.6	7454733.0	90.4	0.0	9.6	Urban
659589.6	7454933.0	72.5	0.0	27.5	Urban
659589.6	7455133.0	37.5	0.0	62.5	Urban
659589.6	7455333.0	56.3	0.0	43.7	Urban
659589.6	7455533.0	45.9	0.0	54.1	Urban
659589.6	7455733.0	9.6	0.0	90.4	Other
659589.6	7455933.0	0.2	39.9	60.0	Other
659589.6	7456133.0	0.5	8.9	90.6	Other
659589.6	7456333.0	45.9	0.0	54.1	Urban
659589.6	7456533.0	61.2	0.0	38.8	Urban
659589.6	7456733.0	46.0	0.0	54.0	Urban
659589.6	7456933.0	0.0	0.0	100.0	Other
659589.6	7457133.0	0.0	0.0	100.0	Other
659589.6	7457333.0	1.8	2.5	95.7	Other
659589.6	7457533.0	0.4	0.2	99.5	Other
659589.6	7457733.0	0.4	0.0	99.6	Other
659589.6	7457933.0	1.0	0.0	99.0	Other
659589.6	7458133.0	0.0	0.0	100.0	Other
659589.6	7458333.0	0.0	0.0	100.0	Other
659589.6	7458533.0	0.0	0.0	100.0	Other
659589.6	7458733.0	0.0	0.0	100.0	Other
659589.6	7458933.0	0.0	0.0	100.0	Other
659589.6	7459133.0	0.0	0.0	100.0	Other
659589.6	7459333.0	0.0	0.0	100.0	Other
659589.6	7459533.0	0.0	0.0	100.0	Other
659589.6	7459733.0	0.0	0.0	100.0	Other
659589.6	7459933.0	0.0	0.0	100.0	Other
659589.6	7460133.0	0.0	0.0	100.0	Other
659589.6	7460333.0	0.0	0.0	100.0	Other
659589.6	7460533.0	0.0	0.0	100.0	Other
659589.6	7460733.0	0.0	0.0	100.0	Other
659589.6	7460933.0	0.0	0.0	100.0	Other
659589.6	7461133.0	0.0	0.0	100.0	Other
659589.6	7461333.0	0.0	0.0	100.0	Other
659589.6	7461533.0	0.0	0.0	100.0	Other
659589.6	7461733.0	0.0	0.0	100.0	Other
659589.6	7461933.0	0.0	0.0	100.0	Other
659589.6	7462133.0	0.0	0.0	100.0	Other
659589.6	7462333.0	0.0	0.0	100.0	Other
659589.6	7462533.0	0.0	0.0	100.0	Other
659589.6	7462733.0	0.0	0.0	100.0	Other
659589.6	7462933.0	0.0	0.0	100.0	Other
659589.6	7463133.0	1.6	0.0	98.4	Other
659589.6	7463333.0	1.8	0.0	98.2	Other
659589.6	7463533.0	0.0	0.0	100.0	Other
659589.6	7463733.0	0.0	0.0	100.0	Other
659589.6	7463933.0	0.0	0.0	100.0	Other
659589.6	7464133.0	0.0	0.0	100.0	Other
659589.6	7464333.0	0.0	0.0	100.0	Other
659589.6	7464533.0	0.0	0.0	100.0	Other
659589.6	7464733.0	0.0	0.0	100.0	Other
659589.6	7464933.0	0.0	0.0	100.0	Other
659589.6	7465133.0	0.0	0.0	100.0	Other
659589.6	7465333.0	0.0	0.0	100.0	Other
659589.6	7465533.0	0.0	0.0	100.0	Other
659589.6	7465733.0	0.0	0.0	100.0	Other
659589.6	7465933.0	0.0	0.0	100.0	Other
659589.6	7466133.0	0.0	0.0	100.0	Other
659589.6	7466333.0	0.0	0.0	100.0	Other
659589.6	7466533.0	0.0	0.0	100.0	Other
659589.6	7466733.0	61.4	0.0	38.6	Urban
659589.6	7466933.0	94.6	0.0	5.4	Urban
659589.6	7467133.0	96.9	0.0	3.1	Urban
659589.6	7467333.0	99.5	0.0	0.5	Urban
659589.6	7467533.0	98.6	0.0	1.4	Urban
659589.6	7467733.0	90.4	0.0	9.6	Urban
659589.6	7467933.0	94.9	0.0	5.1	Urban
659589.6	7468133.0	99.6	0.0	0.4	Urban
659589.6	7468333.0	96.6	0.0	3.4	Urban
659589.6	7468533.0	100.0	0.0	0.0	Urban
659589.6	7468733.0	99.3	0.0	0.7	Urban
659589.6	7468933.0	97.5	0.0	2.5	Urban
659589.6	7469133.0	94.6	0.0	5.4	Urban
659589.6	7469333.0	97.4	0.0	2.6	Urban
659589.6	7469533.0	98.2	0.0	1.8	Urban
659589.6	7469733.0	100.0	0.0	0.0	Urban
659589.6	7469933.0	100.0	0.0	0.0	Urban
659589.6	7470133.0	98.1	0.0	1.9	Urban
659589.6	7470333.0	98.2	0.0	1.8	Urban
659589.6	7470533.0	100.0	0.0	0.0	Urban
659589.6	7470733.0	99.6	0.0	0.4	Urban
659589.6	7470933.0	95.8	0.0	4.2	Urban
659589.6	7471133.0	96.7	0.0	3.3	Urban
659589.6	7471333.0	96.2	0.0	3.8	Urban
659589.6	7471533.0	63.4	0.0	36.6	Urban
659589.6	7471733.0	0.0	0.0	100.0	Other
659789.6	7451933.0	0.0	100.0	0.0	Water
659789.6	7452133.0	0.0	100.0	0.0	Water
659789.6	7452333.0	0.0	100.0	0.0	Water
659789.6	7452533.0	0.0	100.0	0.0	Water
659789.6	7452733.0	0.0	100.0	0.0	Water
659789.6	7452933.0	0.0	100.0	0.0	Water
659789.6	7453133.0	0.0	88.8	11.2	Water
659789.6	7453333.0	19.1	1.3	79.5	Other
659789.6	7453533.0	0.0	86.4	13.6	Water
659789.6	7453733.0	0.0	98.4	1.6	Water
659789.6	7453933.0	0.0	54.0	46.0	Water
659789.6	7454133.0	58.7	0.0	41.3	Urban
659789.6	7454333.0	67.7	0.0	32.3	Urban
659789.6	7454533.0	75.7	0.0	24.3	Urban
659789.6	7454733.0	98.7	0.0	1.3	Urban
659789.6	7454933.0	65.9	0.0	34.1	Urban
659789.6	7455133.0	78.6	0.0	21.4	Urban
659789.6	7455333.0	93.3	0.0	6.7	Urban
659789.6	7455533.0	50.7	0.0	49.3	Urban
659789.6	7455733.0	1.1	7.1	91.8	Other
659789.6	7455933.0	0.0	67.3	32.7	Water
659789.6	7456133.0	0.4	7.6	92.0	Other
659789.6	7456333.0	4.9	0.0	95.1	Other
659789.6	7456533.0	6.5	0.0	93.5	Other
659789.6	7456733.0	8.3	0.0	91.7	Other
659789.6	7456933.0	22.8	0.0	77.2	Urban
659789.6	7457133.0	0.0	0.0	100.0	Other
659789.6	7457333.0	0.0	0.0	100.0	Other
659789.6	7457533.0	0.0	0.0	100.0	Other
659789.6	7457733.0	0.0	0.0	100.0	Other
659789.6	7457933.0	0.0	0.0	100.0	Other
659789.6	7458133.0	0.0	0.0	100.0	Other
659789.6	7458333.0	0.0	0.0	100.0	Other
659789.6	7458533.0	0.0	0.0	100.0	Other
659789.6	7458733.0	0.0	0.0	100.0	Other
659789.6	7458933.0	0.0	0.0	100.0	Other
659789.6	7459133.0	0.0	0.0	100.0	Other
659789.6	7459333.0	0.0	0.0	100.0	Other
659789.6	7459533.0	0.0	0.0	100.0	Other
659789.6	7459733.0	0.0	0.0	100.0	Other
659789.6	7459933.0	0.0	0.0	100.0	Other
659789.6	7460133.0	0.0	0.0	100.0	Other
659789.6	7460333.0	0.0	0.0	100.0	Other
659789.6	7460533.0	0.0	0.0	100.0	Other
659789.6	7460733.0	0.0	0.0	100.0	Other
659789.6	7460933.0	0.0	0.0	100.0	Other
659789.6	7461133.0	0.0	0.0	100.0	Other
659789.6	7461333.0	0.0	0.0	100.0	Other
659789.6	7461533.0	0.0	0.0	100.0	Other
659789.6	7461733.0	0.0	0.0	100.0	Other
659789.6	7461933.0	0.0	0.0	100.0	Other
659789.6	7462133.0	0.0	0.0	100.0	Other
659789.6	7462333.0	0.0	0.0	100.0	Other
659789.6	7462533.0	0.0	0.0	100.0	Other
659789.6	7462733.0	0.0	0.0	100.0	Other
659789.6	7462933.0	0.0	0.0	100.0	Other
659789.6	7463133.0	0.0	0.0	100.0	Other
659789.6	7463333.0	3.3	0.0	96.7	Other
659789.6	7463533.0	0.0	0.0	100.0	Other
659789.6	7463733.0	0.0	0.0	100.0	Other
659789.6	7463933.0	0.0	0.0	100.0	Other
659789.6	7464133.0	0.0	0.0	100.0	Other
659789.6	7464333.0	0.0	0.0	100.0	Other
659789.6	7464533.0	0.0	0.0	100.0	Other
659789.6	7464733.0	0.0	0.0	100.0	Other
659789.6	7464933.0	0.0	0.0	100.0	Other
659789.6	7465133.0	0.0	0.0	100.0	Other
659789.6	7465333.0	0.0	0.0	100.0	Other
659789.6	7465533.0	0.0	0.0	100.0	Other
659789.6	7465733.0	0.0	0.0	100.0	Other
659789.6	7465933.0	0.0	0.0	100.0	Other
659789.6	7466133.0	0.0	0.0	100.0	Other
659789.6	7466333.0	0.0	0.0	100.0	Other
659789.6	7466533.0	11.2	0.0	88.8	Other
659789.6	7466733.0	57.6	0.0	42.4	Urban
659789.6	7466933.0	84.1	0.0	15.9	Urban
659789.6	7467133.0	99.1	0.0	0.9	Urban
659789.6	7467333.0	99.6	0.0	0.4	Urban
659789.6	7467533.0	95.5	0.0	4.5	Urban
659789.6	7467733.0	92.4	0.0	7.6	Urban
659789.6	7467933.0	99.1	0.0	0.9	Urban
659789.6	7468133.0	100.0	0.0	0.0	Urban
659789.6	7468333.0	99.1	0.0	0.9	Urban
659789.6	7468533.0	98.9	0.0	1.1	Urban
659789.6	7468733.0	90.0	0.0	10.0	Urban
659789.6	7468933.0	100.0	0.0	0.0	Urban
659789.6	7469133.0	100.0	0.0	0.0	Urban
659789.6	7469333.0	99.1	0.0	0.9	Urban
659789.6	7469533.0	95.1	0.0	4.9	Urban
659789.6	7469733.0	100.0	0.0	0.0	Urban
659789.6	7469933.0	100.0	0.0	0.0	Urban
659789.6	7470133.0	100.0	0.0	0.0	Urban
659789.6	7470333.0	97.1	0.0	2.9	Urban
659789.6	7470533.0	97.8	0.0	2.2	Urban
659789.6	7470733.0	99.6	0.0	0.4	Urban
659789.6	7470933.0	96.9	0.0	3.1	Urban
659789.6	7471133.0	95.8	0.0	4.2	Urban
659789.6	7471333.0	60.0	0.0	40.0	Urban
659789.6	7471533.0	4.9	0.0	95.1	Other
659789.6	7471733.0	0.0	0.0	100.0	Other
659989.6	7451933.0	0.0	100.0	0.0	Water
659989.6	7452133.0	0.0	100.0	0.0	Water
659989.6	7452333.0	0.0	100.0	0.0	Water
659989.6	7452533.0	0.0	100.0	0.0	Water
659989.6	7452733.0	0.0	100.0	0.0	Water
659989.6	7452933.0	0.0	100.0	0.0	Water
659989.6	7453133.0	0.0	100.0	0.0	Water
659989.6	7453333.0	13.2	17.2	69.6	Other
659989.6	7453533.0	0.0	57.6	42.4	Water
659989.6	7453733.0	6.9	59.1	34.1	Water
659989.6	7453933.0	16.8	0.0	83.2	Other
659989.6	7454133.0	55.3	0.0	44.7	Urban
659989.6	7454333.0	60.1	0.0	39.9	Urban
659989.6	7454533.0	89.9	0.0	10.1	Urban
659989.6	7454733.0	94.5	0.0	5.5	Urban
659989.6	7454933.0	80.3	0.0	19.7	Urban
659989.6	7455133.0	96.9	0.0	3.1	Urban
659989.6	7455333.0	91.1	0.0	8.9	Urban
659989.6	7455533.0	39.7	0.0	60.3	Urban
659989.6	7455733.0	0.7	20.3	79.0	Other
659989.6	7455933.0	0.0	42.4	57.6	Other
659989.6	7456133.0	5.1	0.0	94.9	Other
659989.6	7456333.0	38.4	0.0	61.6	Urban
659989.6	7456533.0	37.3	0.0	62.7	Urban
659989.6	7456733.0	68.3	0.0	31.7	Urban
659989.6	7456933.0	46.9	0.0	53.1	Urban
659989.6	7457133.0	3.6	0.0	96.4	Other
659989.6	7457333.0	0.0	0.0	100.0	Other
659989.6	7457533.0	0.0	0.0	100.0	Other
659989.6	7457733.0	0.0	0.0	100.0	Other
659989.6	7457933.0	0.0	0.0	100.0	Other
659989.6	7458133.0	0.0	0.0	100.0	Other
659989.6	7458333.0	0.0	0.0	100.0	Other
659989.6	7458533.0	0.0	0.0	100.0	Other
659989.6	7458733.0	0.0	0.0	100.0	Other
659989.6	7458933.0	0.0	0.0	100.0	Other
659989.6	7459133.0	0.0	0.0	100.0	Other
659989.6	7459333.0	0.0	0.0	100.0	Other
659989.6	7459533.0	0.0	0.0	100.0	Other
659989.6	7459733.0	0.0	0.0	100.0	Other
659989.6	7459933.0	0.0	0.0	100.0	Other
659989.6	7460133.0	0.0	0.0	100.0	Other
659989.6	7460333.0	0.0	0.0	100.0	Other
659989.6	7460533.0	0.0	0.0	100.0	Other
659989.6	7460733.0	0.0	0.0	100.0	Other
659989.6	7460933.0	0.0	0.0	100.0	Other
659989.6	7461133.0	0.0	0.0	100.0	Other
659989.6	7461333.0	0.0	0.0	100.0	Other
659989.6	7461533.0	0.0	0.0	100.0	Other
659989.6	7461733.0	0.0	0.0	100.0	Other
659989.6	7461933.0	0.0	0.0	100.0	Other
659989.6	7462133.0	0.0	0.0	100.0	Other
659989.6	7462333.0	0.0	0.0	100.0	Other
659989.6	7462533.0	0.0	0.0	100.0	Other
659989.6	7462733.0	0.0	0.0	100.0	Other
659989.6	7462933.0	0.0	0.0	100.0	Other
659989.6	7463133.0	10.5	0.0	89.5	Other
659989.6	7463333.0	5.6	0.0	94.4	Other
659989.6	7463533.0	0.0	0.0	100.0	Other
659989.6	7463733.0	0.0	0.0	100.0	Other
659989.6	7463933.0	0.0	0.0	100.0	Other
659989.6	7464133.0	0.0	0.0	100.0	Other
659989.6	7464333.0	0.0	0.0	100.0	Other
659989.6	7464533.0	1.1	0.0	98.9	Other
659989.6	7464733.0	2.5	0.0	97.5	Other
659989.6	7464933.0	0.0	0.0	100.0	Other
659989.6	7465133.0	0.0	0.0	100.0	Other
659989.6	7465333.0	0.0	0.0	100.0	Other
659989.6	7465533.0	0.0	0.0	100.0	Other
659989.6	7465733.0	0.0	0.0	100.0	Other
659989.6	7465933.0	0.0	0.0	100.0	Other
659989.6	7466133.0	0.0	0.0	100.0	Other
659989.6	7466333.0	0.0	0.0	100.0	Other
659989.6	7466533.0	14.5	0.0	85.5	Other
659989.6	7466733.0	51.8	0.0	48.2	Urban
659989.6	7466933.0	85.6	0.0	14.4	Urban
659989.6	7467133.0	91.8	0.0	8.2	Urban
659989.6	7467333.0	99.8	0.0	0.2	Urban
659989.6	7467533.0	99.1	0.0	0.9	Urban
659989.6	7467733.0	100.0	0.0	0.0	Urban
659989.6	7467933.0	96.4	0.0	3.6	Urban
659989.6	7468133.0	94.9	0.0	5.1	Urban
659989.6	7468333.0	92.5	0.0	7.5	Urban
659989.6	7468533.0	85.9	0.0	14.1	Urban
659989.6	7468733.0	97.9	0.0	2.1	Urban
659989.6	7468933.0	100.0	0.0	0.0	Urban
659989.6	7469133.0	99.0	0.0	1.0	Urban
659989.6	7469333.0	99.6	0.0	0.4	Urban
659989.6	7469533.0	93.8	0.0	6.2	Urban
659989.6	7469733.0	100.0	0.0	0.0	Urban
659989.6	7469933.0	100.0	0.0	0.0	Urban
659989.6	7470133.0	100.0	0.0	0.0	Urban
659989.6	7470333.0	97.3	0.0	2.7	Urban
659989.6	7470533.0	100.0	0.0	0.0	Urban
659989.6	7470733.0	96.9	0.0	3.1	Urban
659989.6	7470933.0	94.4	0.0	5.6	Urban
659989.6	7471133.0	97.5	0.0	2.5	Urban
659989.6	7471333.0	68.8	0.0	31.2	Urban
659989.6	7471533.0	0.2	0.0	99.8	Other
659989.6	7471733.0	0.0	0.0	100.0	Other
660189.6	7451933.0	0.0	100.0	0.0	Water
660189.6	7452133.0	0.0	100.0	0.0	Water
660189.6	7452333.0	0.0	100.0	0.0	Water
660189.6	7452533.0	0.0	100.0	0.0	Water
660189.6	7452733.0	0.0	100.0	0.0	Water
660189.6	7452933.0	0.0	100.0	0.0	Water
660189.6	7453133.0	0.0	100.0	0.0	Water
660189.6	7453333.0	14.6	40.0	45.4	Other
660189.6	7453533.0	2.4	44.9	52.7	Other
660189.6	7453733.0	0.0	85.1	14.9	Water
660189.6	7453933.0	6.9	26.6	66.5	Other
660189.6	7454133.0	69.6	0.0	30.4	Urban
660189.6	7454333.0	91.8	0.0	8.2	Urban
660189.6	7454533.0	79.0	0.0	21.0	Urban
660189.6	7454733.0	43.8	0.0	56.2	Urban
660189.6	7454933.0	89.7	0.0	10.3	Urban
660189.6	7455133.0	92.6	0.0	7.4	Urban
660189.6	7455333.0	80.8	0.0	19.2	Urban
660189.6	7455533.0	67.0	0.0	33.0	Urban
660189.6	7455733.0	9.7	1.6	88.7	Other
660189.6	7455933.0	4.2	35.9	60.0	Other
660189.6	7456133.0	9.2	18.8	71.9	Other
660189.6	7456333.0	91.1	0.0	8.9	Urban
660189.6	7456533.0	99.5	0.0	0.5	Urban
660189.6	7456733.0	44.0	0.0	56.0	Urban
660189.6	7456933.0	2.9	0.0	97.1	Other
660189.6	7457133.0	0.0	0.0	100.0	Other
660189.6	7457333.0	0.0	0.0	100.0	Other
660189.6	7457533.0	0.0	0.0	100.0	Other
660189.6	7457733.0	0.0	0.0	100.0	Other
660189.6	7457933.0	0.0	0.0	100.0	Other
660189.6	7458133.0	0.0	0.0	100.0	Other
660189.6	7458333.0	0.0	0.0	100.0	Other
660189.6	7458533.0	0.0	0.0	100.0	Other
660189.6	7458733.0	0.0	0.0	100.0	Other
660189.6	7458933.0	0.0	0.0	100.0	Other
660189.6	7459133.0	0.0	0.0	100.0	Other
660189.6	7459333.0	0.0	0.0	100.0	Other
660189.6	7459533.0	0.0	0.0	100.0	Other
660189.6	7459733.0	0.0	0.0	100.0	Other
660189.6	7459933.0	0.0	0.0	100.0	Other
660189.6	7460133.0	0.0	0.0	100.0	Other
660189.6	7460333.0	0.0	0.0	100.0	Other
660189.6	7460533.0	0.0	0.0	100.0	Other
660189.6	7460733.0	0.0	0.0	100.0	Other
660189.6	7460933.0	0.0	0.0	100.0	Other
660189.6	7461133.0	0.0	0.0	100.0	Other
660189.6	7461333.0	0.0	0.0	100.0	Other
660189.6	7461533.0	0.0	0.0	100.0	Other
660189.6	7461733.0	0.0	0.0	100.0	Other
660189.6	7461933.0	0.0	0.0	100.0	Other
660189.6	7462133.0	0.0	0.0	100.0	Other
660189.6	7462333.0	0.0	0.0	100.0	Other
660189.6	7462533.0	0.0	0.0	100.0	Other
660189.6	7462733.0	0.0	0.0	100.0	Other
660189.6	7462933.0	0.0	0.0	100.0	Other
660189.6	7463133.0	1.8	0.0	98.2	Other
660189.6	7463333.0	17.2	0.0	82.8	Other
660189.6	7463533.0	9.1	0.0	90.9	Other
660189.6	7463733.0	0.0	0.0	100.0	Other
660189.6	7463933.0	0.0	0.0	100.0	Other
660189.6	7464133.0	0.0	0.0	100.0	Other
660189.6	7464333.0	0.7	0.0	99.3	Other
660189.6	7464533.0	1.7	0.0	98.3	Other
660189.6	7464733.0	14.5	0.0	85.5	Other
660189.6	7464933.0	0.0	0.0	100.0	Other
660189.6	7465133.0	0.0	0.0	100.0	Other
660189.6	7465333.0	0.0	0.0	100.0	Other
660189.6	7465533.0	0.0	0.0	100.0	Other
660189.6	7465733.0	0.0	0.0	100.0	Other
660189.6	7465933.0	0.0	0.0	100.0	Other
660189.6	7466133.0	0.0	0.0	100.0	Other
660189.6	7466333.0	0.0	0.0	100.0	Other
660189.6	7466533.0	0.0	0.0	100.0	Other
660189.6	7466733.0	40.2	0.0	59.8	Urban
660189.6	7466933.0	95.3	0.0	4.7	Urban
660189.6	7467133.0	99.1	0.0	0.9	Urban
660189.6	7467333.0	98.6	0.0	1.4	Urban
660189.6	7467533.0	98.6	0.0	1.4	Urban
660189.6	7467733.0	99.1	0.0	0.9	Urban
660189.6	7467933.0	98.6	0.0	1.4	Urban
660189.6	7468133.0	99.6	0.0	0.4	Urban
660189.6	7468333.0	94.7	0.0	5.3	Urban
660189.6	7468533.0	81.2	0.0	18.8	Urban
660189.6	7468733.0	80.4	0.0	19.6	Urban
660189.6	7468933.0	70.1	0.0	29.9	Urban
660189.6	7469133.0	86.4	0.0	13.6	Urban
660189.6	7469333.0	88.4	0.0	11.6	Urban
660189.6	7469533.0	92.2	0.0	7.8	Urban
660189.6	7469733.0	96.2	0.0	3.8	Urban
660189.6	7469933.0	92.9	0.0	7.1	Urban
660189.6	7470133.0	96.6	0.0	3.4	Urban
660189.6	7470333.0	91.7	0.0	8.3	Urban
660189.6	7470533.0	99.8	0.0	0.2	Urban
660189.6	7470733.0	96.4	0.0	3.6	Urban
660189.6	7470933.0	94.6	0.0	5.4	Urban
660189.6	7471133.0	55.8	0.0	44.2	Urban
660189.6	7471333.0	39.6	0.0	60.4	Urban
660189.6	7471533.0	0.7	0.0	99.3	Other
660189.6	7471733.0	0.0	0.0	100.0	Other
660389.6	7451933.0	0.0	100.0	0.0	Water
660389.6	7452133.0	0.0	100.0	0.0	Water
660389.6	7452333.0	0.0	100.0	0.0	Water
660389.6	7452533.0	0.0	100.0	0.0	Water
660389.6	7452733.0	0.0	100.0	0.0	Water
660389.6	7452933.0	0.0	100.0	0.0	Water
660389.6	7453133.0	0.0	100.0	0.0	Water
660389.6	7453333.0	3.3	60.3	36.4	Water
660389.6	7453533.0	9.8	15.6	74.6	Other
660389.6	7453733.0	0.0	99.7	0.3	Water
660389.6	7453933.0	0.0	78.1	21.9	Water
660389.6	7454133.0	52.2	0.0	47.8	Urban
660389.6	7454333.0	93.5	0.0	6.5	Urban
660389.6	7454533.0	87.5	0.0	12.5	Urban
660389.6	7454733.0	66.7	0.0	33.3	Urban
660389.6	7454933.0	50.0	0.0	50.0	Urban
660389.6	7455133.0	71.6	0.0	28.4	Urban
660389.6	7455333.0	80.5	0.0	19.5	Urban
660389.6	7455533.0	50.7	0.0	49.3	Urban
660389.6	7455733.0	13.2	0.0	86.8	Other
660389.6	7455933.0	0.0	29.2	70.8	Other
660389.6	7456133.0	0.2	22.8	77.0	Other
660389.6	7456333.0	68.8	0.0	31.2	Urban
660389.6	7456533.0	84.2	0.0	15.8	Urban
660389.6	7456733.0	69.0	0.0	31.0	Urban
660389.6	7456933.0	12.9	0.0	87.1	Other
660389.6	7457133.0	0.0	0.0	100.0	Other
660389.6	7457333.0	21.9	0.0	78.1	Urban
660389.6	7457533.0	19.9	0.0	80.1	Other
660389.6	7457733.0	0.0	0.0	100.0	Other
660389.6	7457933.0	0.0	0.0	100.0	Other
660389.6	7458133.0	0.0	0.0	100.0	Other
660389.6	7458333.0	0.0	0.0	100.0	Other
660389.6	7458533.0	0.0	0.0	100.0	Other
660389.6	7458733.0	0.0	0.0	100.0	Other
660389.6	7458933.0	0.0	0.0	100.0	Other
660389.6	7459133.0	0.0	0.0	100.0	Other
660389.6	7459333.0	0.0	0.0	100.0	Other
660389.6	7459533.0	0.0	0.0	100.0	Other
660389.6	7459733.0	0.0	0.0	100.0	Other
660389.6	7459933.0	0.0	0.0	100.0	Other
660389.6	7460133.0	0.0	0.0	100.0	Other
660389.6	7460333.0	0.0	0.0	100.0	Other
660389.6	7460533.0	0.0	0.0	100.0	Other
660389.6	7460733.0	0.0	0.0	100.0	Other
660389.6	7460933.0	0.0	0.0	100.0	Other
660389.6	7461133.0	0.0	0.0	100.0	Other
660389.6	7461333.0	0.0	0.0	100.0	Other
660389.6	7461533.0	0.0	0.0	100.0	Other
660389.6	7461733.0	0.0	0.0	100.0	Other
660389.6	7461933.0	0.0	0.0	100.0	Other
660389.6	7462133.0	0.0	0.0	100.0	Other
660389.6	7462333.0	0.0	0.0	100.0	Other
660389.6	7462533.0	0.0	0.0	100.0	Other
660389.6	7462733.0	0.0	0.0	100.0	Other
660389.6	7462933.0	0.0	0.0	100.0	Other
660389.6	7463133.0	0.0	0.0	100.0	Other
660389.6	7463333.0	2.4	0.0	97.6	Other
660389.6	7463533.0	19.7	0.0	80.3	Other
660389.6	7463733.0	0.0	0.0	100.0	Other
660389.6	7463933.0	0.0	0.0	100.0	Other
660389.6	7464133.0	0.0	0.0	100.0	Other
660389.6	7464333.0	0.0	0.0	100.0	Other
660389.6	7464533.0	0.7	0.0	99.3	Other
660389.6	7464733.0	0.0	0.0	100.0	Other
660389.6	7464933.0	0.0	0.0	100.0	Other
660389.6	7465133.0	0.0	0.0	100.0	Other
660389.6	7465333.0	0.0	0.0	100.0	Other
660389.6	7465533.0	0.0	0.0	100.0	Other
660389.6	7465733.0	0.0	0.0	100.0	Other
660389.6	7465933.0	0.0	0.0	100.0	Other
660389.6	7466133.0	0.0	0.0	100.0	Other
660389.6	7466333.0	0.0	0.0	100.0	Other
660389.6	7466533.0	0.0	0.0	100.0	Other
660389.6	7466733.0	5.1	0.0	94.9	Other
660389.6	7466933.0	35.7	0.0	64.3	Urban
660389.6	7467133.0	91.3	0.0	8.7	Urban
660389.6	7467333.0	95.7	0.0	4.3	Urban
660389.6	7467533.0	93.1	0.0	6.9	Urban
660389.6	7467733.0	100.0	0.0	0.0	Urban
660389.6	7467933.0	99.6	0.0	0.4	Urban
660389.6	7468133.0	90.1	0.0	9.9	Urban
660389.6	7468333.0	99.6	0.0	0.4	Urban
660389.6	7468533.0	89.7	0.0	10.3	Urban
660389.6	7468733.0	96.0	0.0	4.0	Urban
660389.6	7468933.0	97.7	0.0	2.3	Urban
660389.6	7469133.0	99.3	0.0	0.7	Urban
660389.6	7469333.0	94.9	0.0	5.1	Urban
660389.6	7469533.0	92.6	0.0	7.4	Urban
660389.6	7469733.0	82.8	0.0	17.2	Urban
660389.6	7469933.0	86.1	0.0	13.9	Urban
660389.6	7470133.0	91.7	0.0	8.3	Urban
660389.6	7470333.0	98.0	0.0	2.0	Urban
660389.6	7470533.0	99.8	0.0	0.2	Urban
660389.6	7470733.0	82.4	0.0	17.6	Urban
660389.6	7470933.0	61.2	0.0	38.8	Urban
660389.6	7471133.0	0.0	0.0	100.0	Other
660389.6	7471333.0	0.0	0.0	100.0	Other
660389.6	7471533.0	0.0	0.0	100.0	Other
660389.6	7471733.0	0.0	0.0	100.0	Other
660589.6	7451933.0	0.0	100.0	0.0	Water
660589.6	7452133.0	0.0	100.0	0.0	Water
660589.6	7452333.0	0.0	100.0	0.0	Water
660589.6	7452533.0	0.0	100.0	0.0	Water
660589.6	7452733.0	0.0	100.0	0.0	Water
660589.6	7452933.0	0.0	100.0	0.0	Water
660589.6	7453133.0	0.0	100.0	0.0	Water
660589.6	7453333.0	0.0	83.2	16.8	Water
660589.6	7453533.0	8.0	0.0	92.0	Other
660589.6	7453733.0	0.0	33.3	66.7	Other
660589.6	7453933.0	8.3	22.5	69.1	Other
660589.6	7454133.0	21.6	0.0	78.4	Urban
660589.6	7454333.0	74.3	0.0	25.7	Urban
660589.6	7454533.0	76.3	0.0	23.7	Urban
660589.6	7454733.0	92.4	0.0	7.6	Urban
660589.6	7454933.0	78.6	0.0	21.4	Urban
660589.6	7455133.0	11.4	0.0	88.6	Other
660589.6	7455333.0	73.4	0.0	26.6	Urban
660589.6	7455533.0	40.2	0.0	59.8	Urban
660589.6	7455733.0	12.3	0.0	87.7	Other
660589.6	7455933.0	0.2	0.0	99.8	Other
660589.6	7456133.0	0.0	0.0	100.0	Other
660589.6	7456333.0	61.4	0.0	38.6	Urban
660589.6	7456533.0	98.9	0.0	1.1	Urban
660589.6	7456733.0	99.8	0.0	0.2	Urban
660589.6	7456933.0	71.2	0.0	28.8	Urban
660589.6	7457133.0	8.3	0.0	91.7	Other
660589.6	7457333.0	20.7	0.0	79.3	Urban
660589.6	7457533.0	22.1	0.0	77.9	Urban
660589.6	7457733.0	0.0	0.0	100.0	Other
660589.6	7457933.0	0.0	0.0	100.0	Other
660589.6	7458133.0	0.0	0.0	100.0	Other
660589.6	7458333.0	0.0	0.0	100.0	Other
660589.6	7458533.0	0.0	0.0	100.0	Other
660589.6	7458733.0	0.0	0.0	100.0	Other
660589.6	7458933.0	0.0	0.0	100.0	Other
660589.6	7459133.0	0.0	0.0	100.0	Other
660589.6	7459333.0	0.0	0.0	100.0	Other
660589.6	7459533.0	0.0	0.0	100.0	Other
660589.6	7459733.0	0.0	0.0	100.0	Other
660589.6	7459933.0	0.0	0.0	100.0	Other
660589.6	7460133.0	0.0	0.0	100.0	Other
660589.6	7460333.0	0.0	0.0	100.0	Other
660589.6	7460533.0	0.0	0.0	100.0	Other
660589.6	7460733.0	0.0	0.0	100.0	Other
660589.6	7460933.0	0.0	0.0	100.0	Other
660589.6	7461133.0	0.0	0.0	100.0	Other
660589.6	7461333.0	0.0	0.0	100.0	Other
660589.6	7461533.0	0.0	0.0	100.0	Other
660589.6	7461733.0	0.0	0.0	100.0	Other
660589.6	7461933.0	0.0	0.0	100.0	Other
660589.6	7462133.0	0.0	0.0	100.0	Other
660589.6	7462333.0	0.0	0.0	100.0	Other
660589.6	7462533.0	0.0	0.0	100.0	Other
660589.6	7462733.0	0.0	0.0	100.0	Other
660589.6	7462933.0	0.0	0.0	100.0	Other
660589.6	7463133.0	0.0	0.0	100.0	Other
660589.6	7463333.0	1.1	0.0	98.9	Other
660589.6	7463533.0	56.9	0.0	43.1	Urban
660589.6	7463733.0	3.4	0.0	96.6	Other
660589.6	7463933.0	0.0	0.0	100.0	Other
660589.6	7464133.0	0.0	0.0	100.0	Other
660589.6	7464333.0	0.0	0.0	100.0	Other
660589.6	7464533.0	4.5	0.0	95.5	Other
660589.6	7464733.0	8.9	0.0	91.1	Other
660589.6	7464933.0	0.0	0.0	100.0	Other
660589.6	7465133.0	0.0	0.0	100.0	Other
660589.6	7465333.0	0.0	0.0	100.0	Other
660589.6	7465533.0	0.0	0.0	100.0	Other
660589.6	7465733.0	0.0	0.0	100.0	Other
660589.6	7465933.0	0.0	0.0	100.0	Other
660589.6	7466133.0	0.0	0.0	100.0	Other
660589.6	7466333.0	0.0	0.0	100.0	Other
660589.6	7466533.0	0.2	0.0	99.8	Other
660589.6	7466733.0	0.0	0.0	100.0	Other
660589.6	7466933.0	0.0	0.0	100.0	Other
660589.6	7467133.0	68.1	0.0	31.9	Urban
660589.6	7467333.0	99.6	0.0	0.4	Urban
660589.6	7467533.0	97.5	0.0	2.5	Urban
660589.6	7467733.0	95.7	0.0	4.3	Urban
660589.6	7467933.0	99.2	0.0	0.8	Urban
660589.6	7468133.0	89.3	0.0	10.7	Urban
660589.6	7468333.0	98.2	0.0	1.8	Urban
660589.6	7468533.0	43.0	0.0	57.0	Urban
660589.6	7468733.0	27.2	0.0	72.8	Urban
660589.6	7468933.0	77.9	0.0	22.1	Urban
660589.6	7469133.0	85.3	0.0	14.7	Urban
660589.6	7469333.0	86.4	0.0	13.6	Urban
660589.6	7469533.0	98.6	0.0	1.4	Urban
660589.6	7469733.0	100.0	0.0	0.0	Urban
660589.6	7469933.0	100.0	0.0	0.0	Urban
660589.6	7470133.0	96.0	0.0	4.0	Urban
660589.6	7470333.0	86.8	0.0	13.2	Urban
660589.6	7470533.0	99.5	0.0	0.5	Urban
660589.6	7470733.0	88.4	0.0	11.6	Urban
660589.6	7470933.0	45.7	0.0	54.3	Urban
660589.6	7471133.0	0.0	0.0	100.0	Other
660589.6	7471333.0	0.0	0.0	100.0	Other
660589.6	7471533.0	0.0	0.0	100.0	Other
660589.6	7471733.0	0.0	0.0	100.0	Other
660789.6	7451933.0	0.0	100.0	0.0	Water
660789.6	7452133.0	0.0	100.0	0.0	Water
660789.6	7452333.0	0.0	100.0	0.0	Water
660789.6	7452533.0	0.0	100.0	0.0	Water
660789.6	7452733.0	0.0	100.0	0.0	Water
660789.6	7452933.0	0.0	100.0	0.0	Water
660789.6	7453133.0	0.0	100.0	0.0	Water
660789.6	7453333.0	0.0	94.7	5.3	Water
660789.6	7453533.0	6.8	4.9	88.3	Other
660789.6	7453733.0	0.0	60.1	39.9	Water
660789.6	7453933.0	0.0	79.0	21.0	Water
660789.6	7454133.0	0.4	35.1	64.5	Other
660789.6	7454333.0	31.5	0.0	68.5	Urban
660789.6	7454533.0	65.6	0.0	34.4	Urban
660789.6	7454733.0	91.1	0.0	8.9	Urban
660789.6	7454933.0	92.0	0.0	8.0	Urban
660789.6	7455133.0	37.0	0.0	63.0	Urban
660789.6	7455333.0	24.3	0.0	75.7	Urban
660789.6	7455533.0	63.4	0.0	36.6	Urban
660789.6	7455733.0	35.9	0.0	64.1	Urban
660789.6	7455933.0	0.0	0.0	100.0	Other
660789.6	7456133.0	0.0	0.0	100.0	Other
660789.6	7456333.0	14.3	0.0	85.7	Other
660789.6	7456533.0	89.3	0.0	10.7	Urban
660789.6	7456733.0	80.2	0.0	19.8	Urban
660789.6	7456933.0	20.3	0.0	79.7	Urban
660789.6	7457133.0	64.8	0.0	35.2	Urban
660789.6	7457333.0	38.6	0.0	61.4	Urban
660789.6	7457533.0	16.0	0.0	84.0	Other
660789.6	7457733.0	0.0	0.0	100.0	Other
660789.6	7457933.0	0.0	0.0	100.0	Other
660789.6	7458133.0	0.0	0.0	100.0	Other
660789.6	7458333.0	0.0	0.0	100.0	Other
660789.6	7458533.0	0.0	0.0	100.0	Other
660789.6	7458733.0	0.0	0.0	100.0	Other
660789.6	7458933.0	0.9	0.0	99.1	Other
660789.6	7459133.0	0.0	0.0	100.0	Other
660789.6	7459333.0	0.0	0.0	100.0	Other
660789.6	7459533.0	0.0	0.0	100.0	Other
660789.6	7459733.0	0.0	0.0	100.0	Other
660789.6	7459933.0	0.0	0.0	100.0	Other
660789.6	7460133.0	0.0	0.0	100.0	Other
660789.6	7460333.0	0.0	0.0	100.0	Other
660789.6	7460533.0	0.0	0.0	100.0	Other
660789.6	7460733.0	0.0	0.0	100.0	Other
660789.6	7460933.0	0.0	0.0	100.0	Other
660789.6	7461133.0	0.0	0.0	100.0	Other
660789.6	7461333.0	0.0	0.0	100.0	Other
660789.6	7461533.0	0.0	0.0	100.0	Other
660789.6	7461733.0	0.0	0.0	100.0	Other
660789.6	7461933.0	0.0	0.0	100.0	Other
660789.6	7462133.0	0.0	0.0	100.0	Other
660789.6	7462333.0	0.0	0.0	100.0	Other
660789.6	7462533.0	0.0	0.0	100.0	Other
660789.6	7462733.0	0.0	0.0	100.0	Other
660789.6	7462933.0	0.0	0.0	100.0	Other
660789.6	7463133.0	0.0	0.0	100.0	Other
660789.6	7463333.0	0.0	0.0	100.0	Other
660789.6	7463533.0	43.3	0.0	56.7	Urban
660789.6	7463733.0	7.1	0.0	92.9	Other
660789.6	7463933.0	0.0	0.0	100.0	Other
660789.6	7464133.0	0.0	0.0	100.0	Other
660789.6	7464333.0	0.0	0.0	100.0	Other
660789.6	7464533.0	0.0	0.0	100.0	Other
660789.6	7464733.0	15.1	0.0	84.9	Other
660789.6	7464933.0	3.8	0.0	96.2	Other
660789.6	7465133.0	0.0	0.0	100.0	Other
660789.6	7465333.0	0.0	0.0	100.0	Other
660789.6	7465533.0	0.0	0.0	100.0	Other
660789.6	7465733.0	0.0	0.0	100.0	Other
660789.6	7465933.0	0.0	0.0	100.0	Other
660789.6	7466133.0	0.0	0.0	100.0	Other
660789.6	7466333.0	0.0	0.0	100.0	Other
660789.6	7466533.0	0.0	0.0	100.0	Other
660789.6	7466733.0	0.0	0.0	100.0	Other
660789.6	7466933.0	0.0	0.0	100.0	Other
660789.6	7467133.0	23.3	0.0	76.7	Urban
660789.6	7467333.0	97.8	0.0	2.2	Urban
660789.6	7467533.0	97.3	0.0	2.7	Urban
660789.6	7467733.0	92.0	0.0	8.0	Urban
660789.6	7467933.0	89.7	0.0	10.3	Urban
660789.6	7468133.0	99.6	0.0	0.4	Urban
660789.6	7468333.0	99.5	0.0	0.5	Urban
660789.6	7468533.0	72.3	0.0	27.7	Urban
660789.6	7468733.0	35.3	0.0	64.7	Urban
660789.6	7468933.0	62.3	0.0	37.7	Urban
660789.6	7469133.0	88.0	0.0	12.0	Urban
660789.6	7469333.0	88.1	0.0	11.9	Urban
660789.6	7469533.0	82.8	0.0	17.2	Urban
660789.6	7469733.0	83.0	0.0	17.0	Urban
660789.6	7469933.0	97.7	0.0	2.3	Urban
660789.6	7470133.0	99.8	0.0	0.2	Urban
660789.6	7470333.0	92.7	0.0	7.3	Urban
660789.6	7470533.0	92.6	0.0	7.4	Urban
660789.6	7470733.0	95.3	0.0	4.7	Urban
660789.6	7470933.0	30.8	0.0	69.2	Urban
660789.6	7471133.0	0.0	0.0	100.0	Other
660789.6	7471333.0	0.0	0.0	100.0	Other
660789.6	7471533.0	0.0	0.0	100.0	Other
660789.6	7471733.0	0.0	0.0	100.0	Other
660989.6	7451933.0	0.0	100.0	0.0	Water
660989.6	7452133.0	0.0	100.0	0.0	Water
660989.6	7452333.0	0.0	100.0	0.0	Water
660989.6	7452533.0	0.0	100.0	0.0	Water
660989.6	7452733.0	0.0	100.0	0.0	Water
660989.6	7452933.0	0.0	100.0	0.0	Water
660989.6	7453133.0	0.0	100.0	0.0	Water
660989.6	7453333.0	0.0	100.0	0.0	Water
660989.6	7453533.0	8.3	20.1	71.6	Other
660989.6	7453733.0	0.0	54.3	45.7	Water
660989.6	7453933.0	0.0	100.0	0.0	Water
660989.6	7454133.0	0.0	75.9	24.1	Water
660989.6	7454333.0	24.8	0.0	75.2	Urban
660989.6	7454533.0	47.3	0.0	52.7	Urban
660989.6	7454733.0	72.6	0.0	27.4	Urban
660989.6	7454933.0	37.1	0.0	62.9	Urban
660989.6	7455133.0	48.0	0.0	52.0	Urban
660989.6	7455333.0	37.5	0.0	62.5	Urban
660989.6	7455533.0	18.8	0.0	81.2	Other
660989.6	7455733.0	51.1	0.0	48.9	Urban
660989.6	7455933.0	5.6	0.0	94.4	Other
660989.6	7456133.0	0.0	0.0	100.0	Other
660989.6	7456333.0	0.0	0.0	100.0	Other
660989.6	7456533.0	41.8	0.0	58.2	Urban
660989.6	7456733.0	48.9	0.0	51.1	Urban
660989.6	7456933.0	10.3	0.0	89.7	Other
660989.6	7457133.0	54.3	0.0	45.7	Urban
660989.6	7457333.0	59.4	0.0	40.6	Urban
660989.6	7457533.0	6.5	0.0	93.5	Other
660989.6	7457733.0	0.0	0.0	100.0	Other
660989.6	7457933.0	0.0	0.0	100.0	Other
660989.6	7458133.0	0.0	0.0	100.0	Other
660989.6	7458333.0	0.0	0.0	100.0	Other
660989.6	7458533.0	0.0	0.0	100.0	Other
660989.6	7458733.0	0.0	0.0	100.0	Other
660989.6	7458933.0	4.2	0.0	95.8	Other
660989.6	7459133.0	0.0	0.0	100.0	Other
660989.6	7459333.0	0.0	0.0	100.0	Other
660989.6	7459533.0	0.0	0.0	100.0	Other
660989.6	7459733.0	0.0	0.0	100.0	Other
660989.6	7459933.0	0.0	0.0	100.0	Other
660989.6	7460133.0	0.0	0.0	100.0	Other
660989.6	7460333.0	0.0	0.0	100.0	Other
660989.6	7460533.0	0.0	0.0	100.0	Other
660989.6	7460733.0	0.0	0.0	100.0	Other
660989.6	7460933.0	0.0	0.0	100.0	Other
660989.6	7461133.0	0.0	0.0	100.0	Other
660989.6	7461333.0	0.0	0.0	100.0	Other
660989.6	7461533.0	0.0	0.0	100.0	Other
660989.6	7461733.0	0.0	0.0	100.0	Other
660989.6	7461933.0	0.0	0.0	100.0	Other
660989.6	7462133.0	0.0	0.0	100.0	Other
660989.6	7462333.0	0.0	0.0	100.0	Other
660989.6	7462533.0	0.0	0.0	100.0	Other
660989.6	7462733.0	0.0	0.0	100.0	Other
660989.6	7462933.0	0.0	0.0	100.0	Other
660989.6	7463133.0	0.0	0.0	100.0	Other
660989.6	7463333.0	5.1	0.0	94.9	Other
660989.6	7463533.0	1.8	0.0	98.2	Other
660989.6	7463733.0	2.7	0.0	97.3	Other
660989.6	7463933.0	0.2	0.0	99.8	Other
660989.6	7464133.0	0.0	0.0	100.0	Other
660989.6	7464333.0	0.0	0.0	100.0	Other
660989.6	7464533.0	0.0	0.0	100.0	Other
660989.6	7464733.0	1.6	0.0	98.4	Other
660989.6	7464933.0	15.4	0.0	84.6	Other
660989.6	7465133.0	0.0	0.0	100.0	Other
660989.6	7465333.0	0.0	0.0	100.0	Other
660989.6	7465533.0	0.0	0.0	100.0	Other
660989.6	7465733.0	0.0	0.0	100.0	Other
660989.6	7465933.0	0.0	0.0	100.0	Other
660989.6	7466133.0	0.0	0.0	100.0	Other
660989.6	7466333.0	0.7	0.0	99.3	Other
660989.6	7466533.0	0.4	0.0	99.6	Other
660989.6	7466733.0	0.0	0.0	100.0	Other
660989.6	7466933.0	0.0	0.0	100.0	Other
660989.6	7467133.0	0.0	0.0	100.0	Other
660989.6	7467333.0	55.3	0.0	44.7	Urban
660989.6	7467533.0	96.2	0.0	3.8	Urban
660989.6	7467733.0	94.9	0.0	5.1	Urban
660989.6	7467933.0	85.5	0.0	14.5	Urban
660989.6	7468133.0	81.0	0.0	19.0	Urban
660989.6	7468333.0	93.3	0.0	6.7	Urban
660989.6	7468533.0	96.2	0.0	3.8	Urban
660989.6	7468733.0	99.5	0.0	0.5	Urban
660989.6	7468933.0	77.4	0.0	22.6	Urban
660989.6	7469133.0	85.7	0.0	14.3	Urban
660989.6	7469333.0	72.1	0.0	27.9	Urban
660989.6	7469533.0	77.2	0.0	22.8	Urban
660989.6	7469733.0	99.6	0.0	0.4	Urban
660989.6	7469933.0	91.7	0.0	8.3	Urban
660989.6	7470133.0	90.6	0.0	9.4	Urban
660989.6	7470333.0	95.5	0.0	4.5	Urban
660989.6	7470533.0	88.2	0.0	11.8	Urban
660989.6	7470733.0	95.8	0.0	4.2	Urban
660989.6	7470933.0	43.3	0.0	56.7	Urban
660989.6	7471133.0	19.9	0.0	80.1	Other
660989.6	7471333.0	7.2	0.0	92.8	Other
660989.6	7471533.0	0.0	0.0	100.0	Other
660989.6	7471733.0	0.0	0.0	100.0	Other
661189.6	7451933.0	0.0	100.0	0.0	Water
661189.6	7452133.0	0.0	100.0	0.0	Water
661189.6	7452333.0	0.0	100.0	0.0	Water
661189.6	7452533.0	0.0	100.0	0.0	Water
661189.6	7452733.0	0.0	100.0	0.0	Water
661189.6	7452933.0	0.0	100.0	0.0	Water
661189.6	7453133.0	0.0	100.0	0.0	Water
661189.6	7453333.0	0.0	100.0	0.0	Water
661189.6	7453533.0	8.9	39.3	51.8	Other
661189.6	7453733.0	0.0	70.5	29.5	Water
661189.6	7453933.0	0.0	87.1	12.9	Water
661189.6	7454133.0	0.0	17.4	82.6	Other
661189.6	7454333.0	13.8	0.0	86.2	Other
661189.6	7454533.0	45.7	0.0	54.3	Urban
661189.6	7454733.0	23.6	0.0	76.4	Urban
661189.6	7454933.0	29.3	0.0	70.7	Urban
661189.6	7455133.0	66.3	0.0	33.7	Urban
661189.6	7455333.0	52.2	0.0	47.8	Urban
661189.6	7455533.0	0.0	0.0	100.0	Other
661189.6	7455733.0	27.5	0.0	72.5	Urban
661189.6	7455933.0	19.4	0.0	80.6	Other
661189.6	7456133.0	0.0	0.0	100.0	Other
661189.6	7456333.0	0.0	0.0	100.0	Other
661189.6	7456533.0	9.2	0.0	90.8	Other
661189.6	7456733.0	0.2	0.0	99.8	Other
661189.6	7456933.0	7.8	0.0	92.2	Other
661189.6	7457133.0	19.6	0.0	80.4	Other
661189.6	7457333.0	16.0	0.0	84.0	Other
661189.6	7457533.0	0.0	0.0	100.0	Other
661189.6	7457733.0	0.0	0.0	100.0	Other
661189.6	7457933.0	0.0	0.0	100.0	Other
661189.6	7458133.0	0.0	0.0	100.0	Other
661189.6	7458333.0	0.0	0.0	100.0	Other
661189.6	7458533.0	0.0	0.0	100.0	Other
661189.6	7458733.0	0.0	0.0	100.0	Other
661189.6	7458933.0	9.7	0.0	90.3	Other
661189.6	7459133.0	11.6	0.0	88.4	Other
661189.6	7459333.0	0.0	0.0	100.0	Other
661189.6	7459533.0	0.0	0.0	100.0	Other
661189.6	7459733.0	0.0	0.0	100.0	Other
661189.6	7459933.0	0.0	0.0	100.0	Other
661189.6	7460133.0	0.0	0.0	100.0	Other
661189.6	7460333.0	0.0	0.0	100.0	Other
661189.6	7460533.0	0.0	0.0	100.0	Other
661189.6	7460733.0	0.0	0.0	100.0	Other
661189.6	7460933.0	0.0	0.0	100.0	Other
661189.6	7461133.0	0.0	0.0	100.0	Other
661189.6	7461333.0	0.0	0.0	100.0	Other
661189.6	7461533.0	0.0	0.0	100.0	Other
661189.6	7461733.0	0.0	0.0	100.0	Other
661189.6	7461933.0	0.0	0.0	100.0	Other
661189.6	7462133.0	0.0	0.0	100.0	Other
661189.6	7462333.0	0.0	0.0	100.0	Other
661189.6	7462533.0	0.0	0.0	100.0	Other
661189.6	7462733.0	0.0	0.0	100.0	Other
661189.6	7462933.0	0.0	0.0	100.0	Other
661189.6	7463133.0	0.0	0.0	100.0	Other
661189.6	7463333.0	7.6	0.0	92.4	Other
661189.6	7463533.0	50.5	0.0	49.5	Urban
661189.6	7463733.0	43.1	0.0	56.9	Urban
661189.6	7463933.0	1.4	0.0	98.6	Other
661189.6	7464133.0	2.0	0.0	98.0	Other
661189.6	7464333.0	0.0	0.0	100.0	Other
661189.6	7464533.0	0.0	0.0	100.0	Other
661189.6	7464733.0	0.2	0.0	99.8	Other
661189.6	7464933.0	17.4	0.0	82.6	Other
661189.6	7465133.0	4.2	0.0	95.8	Other
661189.6	7465333.0	0.0	0.0	100.0	Other
661189.6	7465533.0	0.0	0.0	100.0	Other
661189.6	7465733.0	0.0	0.0	100.0	Other
661189.6	7465933.0	0.0	0.0	100.0	Other
661189.6	7466133.0	0.0	0.0	100.0	Other
661189.6	7466333.0	0.4	0.0	99.6	Other
661189.6	7466533.0	0.0	0.0	100.0	Other
661189.6	7466733.0	0.0	0.0	100.0	Other
661189.6	7466933.0	0.0	0.0	100.0	Other
661189.6	7467133.0	0.0	0.0	100.0	Other
661189.6	7467333.0	37.3	0.0	62.7	Urban
661189.6	7467533.0	94.6	0.0	5.4	Urban
661189.6	7467733.0	93.3	0.0	6.7	Urban
661189.6	7467933.0	98.9	0.0	1.1	Urban
661189.6	7468133.0	99.8	0.0	0.2	Urban
661189.6	7468333.0	95.5	0.0	4.5	Urban
661189.6	7468533.0	93.7	0.0	6.3	Urban
661189.6	7468733.0	94.7	0.0	5.3	Urban
661189.6	7468933.0	98.9	0.0	1.1	Urban
661189.6	7469133.0	98.6	0.0	1.4	Urban
661189.6	7469333.0	44.9	0.0	55.1	Urban
661189.6	7469533.0	94.9	0.0	5.1	Urban
661189.6	7469733.0	91.1	0.0	8.9	Urban
661189.6	7469933.0	37.0	0.0	63.0	Urban
661189.6	7470133.0	80.5	0.0	19.5	Urban
661189.6	7470333.0	92.4	0.0	7.6	Urban
661189.6	7470533.0	98.9	0.0	1.1	Urban
661189.6	7470733.0	98.9	0.0	1.1	Urban
661189.6	7470933.0	84.0	0.0	16.0	Urban
661189.6	7471133.0	77.0	0.0	23.0	Urban
661189.6	7471333.0	0.2	0.0	99.8	Other
661189.6	7471533.0	0.0	0.0	100.0	Other
661189.6	7471733.0	0.0	0.0	100.0	Other
661389.6	7451933.0	0.0	100.0	0.0	Water
661389.6	7452133.0	0.0	100.0	0.0	Water
661389.6	7452333.0	0.0	100.0	0.0	Water
661389.6	7452533.0	0.0	100.0	0.0	Water
661389.6	7452733.0	0.0	100.0	0.0	Water
661389.6	7452933.0	0.0	100.0	0.0	Water
661389.6	7453133.0	0.0	100.0	0.0	Water
661389.6	7453333.0	0.0	100.0	0.0	Water
661389.6	7453533.0	4.2	62.0	33.9	Water
661389.6	7453733.0	5.4	33.2	61.4	Other
661389.6	7453933.0	0.0	98.2	1.8	Water
661389.6	7454133.0	0.0	74.5	25.5	Water
661389.6	7454333.0	7.1	5.4	87.5	Other
661389.6	7454533.0	72.0	0.0	28.0	Urban
661389.6	7454733.0	69.0	0.0	31.0	Urban
661389.6	7454933.0	77.5	0.0	22.5	Urban
661389.6	7455133.0	66.3	0.0	33.7	Urban
661389.6	7455333.0	67.7	0.0	32.3	Urban
661389.6	7455533.0	2.4	0.0	97.6	Other
661389.6	7455733.0	28.1	0.0	71.9	Urban
661389.6	7455933.0	50.5	0.0	49.5	Urban
661389.6	7456133.0	2.3	0.0	97.7	Other
661389.6	7456333.0	0.0	0.0	100.0	Other
661389.6	7456533.0	0.0	0.0	100.0	Other
661389.6	7456733.0	0.0	0.0	100.0	Other
661389.6	7456933.0	0.0	0.0	100.0	Other
661389.6	7457133.0	0.7	0.0	99.3	Other
661389.6	7457333.0	17.6	0.0	82.4	Other
661389.6	7457533.0	0.0	0.0	100.0	Other
661389.6	7457733.0	0.0	0.0	100.0	Other
661389.6	7457933.0	0.0	0.0	100.0	Other
661389.6	7458133.0	0.0	0.0	100.0	Other
661389.6	7458333.0	0.0	0.0	100.0	Other
661389.6	7458533.0	0.0	0.0	100.0	Other
661389.6	7458733.0	0.0	0.0	100.0	Other
661389.6	7458933.0	0.4	0.0	99.6	Other
661389.6	7459133.0	1.8	0.0	98.2	Other
661389.6	7459333.0	0.0	0.0	100.0	Other
661389.6	7459533.0	0.0	0.0	100.0	Other
661389.6	7459733.0	0.0	0.0	100.0	Other
661389.6	7459933.0	0.0	0.0	100.0	Other
661389.6	7460133.0	0.0	0.0	100.0	Other
661389.6	7460333.0	0.0	0.0	100.0	Other
661389.6	7460533.0	0.0	0.0	100.0	Other
661389.6	7460733.0	0.0	0.0	100.0	Other
661389.6	7460933.0	0.0	0.0	100.0	Other
661389.6	7461133.0	0.0	0.0	100.0	Other
661389.6	7461333.0	0.0	0.0	100.0	Other
661389.6	7461533.0	0.0	0.0	100.0	Other
661389.6	7461733.0	0.0	0.0	100.0	Other
661389.6	7461933.0	0.0	0.0	100.0	Other
661389.6	7462133.0	0.0	0.0	100.0	Other
661389.6	7462333.0	0.0	0.0	100.0	Other
661389.6	7462533.0	0.0	0.0	100.0	Other
661389.6	7462733.0	0.0	0.0	100.0	Other
661389.6	7462933.0	0.0	0.0	100.0	Other
661389.6	7463133.0	0.0	0.0	100.0	Other
661389.6	7463333.0	3.5	0.0	96.5	Other
661389.6	7463533.0	65.8	0.0	34.2	Urban
661389.6	7463733.0	19.2	0.0	80.8	Other
661389.6	7463933.0	0.0	0.0	100.0	Other
661389.6	7464133.0	4.2	0.0	95.8	Other
661389.6	7464333.0	0.0	0.0	100.0	Other
661389.6	7464533.0	0.0	0.0	100.0	Other
661389.6	7464733.0	0.0	0.0	100.0	Other
661389.6	7464933.0	16.5	0.0	83.5	Other
661389.6	7465133.0	0.0	0.0	100.0	Other
661389.6	7465333.0	0.0	0.0	100.0	Other
661389.6	7465533.0	0.0	0.0	100.0	Other
661389.6	7465733.0	0.0	0.0	100.0	Other
661389.6	7465933.0	0.0	0.0	100.0	Other
661389.6	7466133.0	0.0	0.0	100.0	Other
661389.6	7466333.0	0.9	0.0	99.1	Other
661389.6	7466533.0	0.0	0.0	100.0	Other
661389.6	7466733.0	0.0	0.0	100.0	Other
661389.6	7466933.0	0.0	0.0	100.0	Other
661389.6	7467133.0	0.0	0.0	100.0	Other
661389.6	7467333.0	0.9	0.0	99.1	Other
661389.6	7467533.0	71.2	0.0	28.8	Urban
661389.6	7467733.0	95.8	0.0	4.2	Urban
661389.6	7467933.0	96.9	0.0	3.1	Urban
661389.6	7468133.0	97.2	0.0	2.8	Urban
661389.6	7468333.0	96.6	0.0	3.4	Urban
661389.6	7468533.0	97.2	0.0	2.8	Urban
661389.6	7468733.0	77.7	0.0	22.3	Urban
661389.6	7468933.0	98.4	0.0	1.6	Urban
661389.6	7469133.0	99.4	0.0	0.6	Urban
661389.6	7469333.0	80.4	0.0	19.6	Urban
661389.6	7469533.0	88.0	0.0	12.0	Urban
661389.6	7469733.0	84.5	0.0	15.5	Urban
661389.6	7469933.0	7.2	0.0	92.8	Other
661389.6	7470133.0	35.7	0.0	64.3	Urban
661389.6	7470333.0	63.3	0.0	36.7	Urban
661389.6	7470533.0	98.8	0.0	1.2	Urban
661389.6	7470733.0	95.3	0.0	4.7	Urban
661389.6	7470933.0	100.0	0.0	0.0	Urban
661389.6	7471133.0	61.4	0.0	38.6	Urban
661389.6	7471333.0	0.0	0.0	100.0	Other
661389.6	7471533.0	0.0	0.0	100.0	Other
661389.6	7471733.0	0.0	0.0	100.0	Other
661589.6	7451933.0	0.0	100.0	0.0	Water
661589.6	7452133.0	0.0	100.0	0.0	Water
661589.6	7452333.0	0.0	100.0	0.0	Water
661589.6	7452533.0	0.0	100.0	0.0	Water
661589.6	7452733.0	0.0	100.0	0.0	Water
661589.6	7452933.0	0.0	100.0	0.0	Water
661589.6	7453133.0	0.0	100.0	0.0	Water
661589.6	7453333.0	0.0	100.0	0.0	Water
661589.6	7453533.0	0.0	81.3	18.7	Water
661589.6	7453733.0	8.2	1.8	90.0	Other
661589.6	7453933.0	0.0	91.8	8.2	Water
661589.6	7454133.0	0.0	63.4	36.6	Water
661589.6	7454333.0	0.0	0.2	99.8	Other
661589.6	7454533.0	44.9	0.0	55.1	Urban
661589.6	7454733.0	77.0	0.0	23.0	Urban
661589.6	7454933.0	87.1	0.0	12.9	Urban
661589.6	7455133.0	24.6	0.0	75.4	Urban
661589.6	7455333.0	76.8	0.0	23.2	Urban
661589.6	7455533.0	53.6	0.0	46.4	Urban
661589.6	7455733.0	56.5	0.0	43.5	Urban
661589.6	7455933.0	50.0	0.0	50.0	Urban
661589.6	7456133.0	36.2	0.0	63.8	Urban
661589.6	7456333.0	11.4	0.0	88.6	Other
661589.6	7456533.0	0.0	0.0	100.0	Other
661589.6	7456733.0	0.7	0.0	99.3	Other
661589.6	7456933.0	0.9	0.0	99.1	Other
661589.6	7457133.0	0.0	0.0	100.0	Other
661589.6	7457333.0	0.0	0.0	100.0	Other
661589.6	7457533.0	0.2	0.0	99.8	Other
661589.6	7457733.0	34.1	0.0	65.9	Urban
661589.6	7457933.0	9.2	0.0	90.8	Other
661589.6	7458133.0	0.0	0.0	100.0	Other
661589.6	7458333.0	0.0	0.0	100.0	Other
661589.6	7458533.0	4.7	0.0	95.3	Other
661589.6	7458733.0	24.3	0.0	75.7	Urban
661589.6	7458933.0	52.0	0.0	48.0	Urban
661589.6	7459133.0	58.5	0.0	41.5	Urban
661589.6	7459333.0	7.2	0.0	92.8	Other
661589.6	7459533.0	0.0	0.0	100.0	Other
661589.6	7459733.0	0.0	0.0	100.0	Other
661589.6	7459933.0	0.0	0.0	100.0	Other
661589.6	7460133.0	0.0	0.0	100.0	Other
661589.6	7460333.0	0.0	0.0	100.0	Other
661589.6	7460533.0	0.0	0.0	100.0	Other
661589.6	7460733.0	0.0	0.0	100.0	Other
661589.6	7460933.0	0.0	0.0	100.0	Other
661589.6	7461133.0	0.0	0.0	100.0	Other
661589.6	7461333.0	0.0	0.0	100.0	Other
661589.6	7461533.0	0.0	0.0	100.0	Other
661589.6	7461733.0	0.0	0.0	100.0	Other
661589.6	7461933.0	0.0	0.0	100.0	Other
661589.6	7462133.0	0.0	0.0	100.0	Other
661589.6	7462333.0	0.0	0.0	100.0	Other
661589.6	7462533.0	0.0	0.0	100.0	Other
661589.6	7462733.0	0.0	0.0	100.0	Other
661589.6	7462933.0	0.0	0.0	100.0	Other
661589.6	7463133.0	0.0	0.0	100.0	Other
661589.6	7463333.0	0.0	0.0	100.0	Other
661589.6	7463533.0	0.0	0.0	100.0	Other
661589.6	7463733.0	0.0	0.0	100.0	Other
661589.6	7463933.0	1.4	0.0	98.6	Other
661589.6	7464133.0	0.5	0.0	99.5	Other
661589.6	7464333.0	0.0	0.0	100.0	Other
661589.6	7464533.0	0.0	0.0	100.0	Other
661589.6	7464733.0	0.0	0.0	100.0	Other
661589.6	7464933.0	2.5	0.0	97.5	Other
661589.6	7465133.0	0.9	0.0	99.1	Other
661589.6	7465333.0	0.0	0.0	100.0	Other
661589.6	7465533.0	0.0	0.0	100.0	Other
661589.6	7465733.0	0.0	0.0	100.0	Other
661589.6	7465933.0	5.6	0.0	94.4	Other
661589.6	7466133.0	2.4	0.0	97.6	Other
661589.6	7466333.0	0.0	0.0	100.0	Other
661589.6	7466533.0	0.0	0.0	100.0	Other
661589.6	7466733.0	3.4	0.0	96.6	Other
661589.6	7466933.0	17.4	0.0	82.6	Other
661589.6	7467133.0	0.0	0.0	100.0	Other
661589.6	7467333.0	0.0	0.0	100.0	Other
661589.6	7467533.0	59.4	0.0	40.6	Urban
661589.6	7467733.0	98.4	0.0	1.6	Urban
661589.6	7467933.0	100.0	0.0	0.0	Urban
661589.6	7468133.0	99.5	0.0	0.5	Urban
661589.6	7468333.0	99.1	0.0	0.9	Urban
661589.6	7468533.0	99.8	0.0	0.2	Urban
661589.6	7468733.0	95.3	0.0	4.7	Urban
661589.6	7468933.0	97.3	0.0	2.7	Urban
661589.6	7469133.0	100.0	0.0	0.0	Urban
661589.6	7469333.0	99.1	0.0	0.9	Urban
661589.6	7469533.0	99.8	0.0	0.2	Urban
661589.6	7469733.0	55.8	0.0	44.2	Urban
661589.6	7469933.0	8.0	0.0	92.0	Other
661589.6	7470133.0	39.3	0.0	60.7	Urban
661589.6	7470333.0	81.5	0.0	18.5	Urban
661589.6	7470533.0	98.6	0.0	1.4	Urban
661589.6	7470733.0	98.0	0.0	2.0	Urban
661589.6	7470933.0	99.3	0.0	0.7	Urban
661589.6	7471133.0	42.8	0.0	57.2	Urban
661589.6	7471333.0	0.0	0.0	100.0	Other
661589.6	7471533.0	0.0	0.0	100.0	Other
661589.6	7471733.0	0.0	0.0	100.0	Other
661789.6	7451933.0	0.0	100.0	0.0	Water
661789.6	7452133.0	0.0	100.0	0.0	Water
661789.6	7452333.0	0.0	100.0	0.0	Water
661789.6	7452533.0	0.0	100.0	0.0	Water
661789.6	7452733.0	0.0	100.0	0.0	Water
661789.6	7452933.0	0.0	100.0	0.0	Water
661789.6	7453133.0	0.0	100.0	0.0	Water
661789.6	7453333.0	0.0	100.0	0.0	Water
661789.6	7453533.0	0.0	96.9	3.1	Water
661789.6	7453733.0	8.3	3.4	88.2	Other
661789.6	7453933.0	0.0	34.2	65.8	Other
661789.6	7454133.0	0.0	23.7	76.3	Other
661789.6	7454333.0	3.0	0.0	97.0	Other
661789.6	7454533.0	68.1	0.0	31.9	Urban
661789.6	7454733.0	63.4	0.0	36.6	Urban
661789.6	7454933.0	54.9	0.0	45.1	Urban
661789.6	7455133.0	0.0	0.0	100.0	Other
661789.6	7455333.0	43.1	0.0	56.9	Urban
661789.6	7455533.0	92.8	0.0	7.2	Urban
661789.6	7455733.0	99.8	0.0	0.2	Urban
661789.6	7455933.0	49.9	0.0	50.1	Urban
661789.6	7456133.0	0.0	0.0	100.0	Other
661789.6	7456333.0	26.1	0.0	73.9	Urban
661789.6	7456533.0	18.7	0.0	81.3	Other
661789.6	7456733.0	0.0	0.0	100.0	Other
661789.6	7456933.0	48.4	0.0	51.6	Urban
661789.6	7457133.0	15.2	0.0	84.8	Other
661789.6	7457333.0	0.0	0.0	100.0	Other
661789.6	7457533.0	0.2	0.0	99.8	Other
661789.6	7457733.0	23.9	0.0	76.1	Urban
661789.6	7457933.0	4.9	0.0	95.1	Other
661789.6	7458133.0	0.0	0.0	100.0	Other
661789.6	7458333.0	0.0	0.0	100.0	Other
661789.6	7458533.0	0.7	0.0	99.3	Other
661789.6	7458733.0	16.8	0.0	83.2	Other
661789.6	7458933.0	41.1	0.0	58.9	Urban
661789.6	7459133.0	49.6	0.0	50.4	Urban
661789.6	7459333.0	8.3	0.0	91.7	Other
661789.6	7459533.0	0.0	0.0	100.0	Other
661789.6	7459733.0	0.0	0.0	100.0	Other
661789.6	7459933.0	0.5	0.0	99.5	Other
661789.6	7460133.0	0.0	0.0	100.0	Other
661789.6	7460333.0	0.0	0.0	100.0	Other
661789.6	7460533.0	0.0	0.0	100.0	Other
661789.6	7460733.0	0.0	0.0	100.0	Other
661789.6	7460933.0	0.0	0.0	100.0	Other
661789.6	7461133.0	0.0	0.0	100.0	Other
661789.6	7461333.0	0.0	0.0	100.0	Other
661789.6	7461533.0	0.0	0.0	100.0	Other
661789.6	7461733.0	0.0	0.0	100.0	Other
661789.6	7461933.0	0.0	0.0	100.0	Other
661789.6	7462133.0	0.0	0.0	100.0	Other
661789.6	7462333.0	0.0	0.0	100.0	Other
661789.6	7462533.0	0.0	0.0	100.0	Other
661789.6	7462733.0	0.0	0.0	100.0	Other
661789.6	7462933.0	0.0	0.0	100.0	Other
661789.6	7463133.0	0.0	0.0	100.0	Other
661789.6	7463333.0	0.0	0.0	100.0	Other
661789.6	7463533.0	0.0	0.0	100.0	Other
661789.6	7463733.0	1.6	0.0	98.4	Other
661789.6	7463933.0	76.5	0.0	23.5	Urban
661789.6	7464133.0	49.1	0.0	50.9	Urban
661789.6	7464333.0	4.0	0.0	96.0	Other
661789.6	7464533.0	0.0	0.0	100.0	Other
661789.6	7464733.0	0.0	0.0	100.0	Other
661789.6	7464933.0	24.8	0.0	75.2	Urban
661789.6	7465133.0	44.7	0.0	55.3	Urban
661789.6	7465333.0	1.6	0.0	98.4	Other
661789.6	7465533.0	3.8	0.0	96.2	Other
661789.6	7465733.0	26.9	0.0	73.1	Urban
661789.6	7465933.0	62.9	0.0	37.1	Urban
661789.6	7466133.0	8.9	0.0	91.1	Other
661789.6	7466333.0	0.0	0.0	100.0	Other
661789.6	7466533.0	0.0	0.0	100.0	Other
661789.6	7466733.0	0.0	0.0	100.0	Other
661789.6	7466933.0	43.3	0.0	56.7	Urban
661789.6	7467133.0	63.1	0.0	36.9	Urban
661789.6	7467333.0	20.5	0.0	79.5	Urban
661789.6	7467533.0	47.3	0.0	52.7	Urban
661789.6	7467733.0	97.3	0.0	2.7	Urban
661789.6	7467933.0	100.0	0.0	0.0	Urban
661789.6	7468133.0	99.8	0.0	0.2	Urban
661789.6	7468333.0	99.1	0.0	0.9	Urban
661789.6	7468533.0	97.1	0.0	2.9	Urban
661789.6	7468733.0	98.6	0.0	1.4	Urban
661789.6	7468933.0	95.3	0.0	4.7	Urban
661789.6	7469133.0	99.1	0.0	0.9	Urban
661789.6	7469333.0	96.9	0.0	3.1	Urban
661789.6	7469533.0	98.1	0.0	1.9	Urban
661789.6	7469733.0	85.9	0.0	14.1	Urban
661789.6	7469933.0	27.5	0.0	72.5	Urban
661789.6	7470133.0	40.6	0.0	59.4	Urban
661789.6	7470333.0	98.3	0.0	1.7	Urban
661789.6	7470533.0	93.7	0.0	6.3	Urban
661789.6	7470733.0	74.8	0.0	25.2	Urban
661789.6	7470933.0	91.8	0.0	8.2	Urban
661789.6	7471133.0	30.8	0.0	69.2	Urban
661789.6	7471333.0	0.0	0.0	100.0	Other
661789.6	7471533.0	0.0	0.0	100.0	Other
661789.6	7471733.0	0.0	0.0	100.0	Other
661989.6	7451933.0	0.0	100.0	0.0	Water
661989.6	7452133.0	0.0	100.0	0.0	Water
661989.6	7452333.0	0.0	100.0	0.0	Water
661989.6	7452533.0	0.0	100.0	0.0	Water
661989.6	7452733.0	0.0	100.0	0.0	Water
661989.6	7452933.0	0.0	100.0	0.0	Water
661989.6	7453133.0	0.0	100.0	0.0	Water
661989.6	7453333.0	0.0	100.0	0.0	Water
661989.6	7453533.0	0.0	100.0	0.0	Water
661989.6	7453733.0	8.9	24.1	67.0	Other
661989.6	7453933.0	0.0	47.3	52.7	Other
661989.6	7454133.0	0.0	15.4	84.6	Other
661989.6	7454333.0	0.0	0.0	100.0	Other
661989.6	7454533.0	57.2	0.0	42.8	Urban
661989.6	7454733.0	81.9	0.0	18.1	Urban
661989.6	7454933.0	70.1	0.0	29.9	Urban
661989.6	7455133.0	41.1	0.0	58.9	Urban
661989.6	7455333.0	25.9	0.0	74.1	Urban
661989.6	7455533.0	77.3	0.0	22.7	Urban
661989.6	7455733.0	34.1	0.0	65.9	Urban
661989.6	7455933.0	67.9	0.0	32.1	Urban
661989.6	7456133.0	5.3	0.0	94.7	Other
661989.6	7456333.0	8.3	0.0	91.7	Other
661989.6	7456533.0	34.8	0.0	65.2	Urban
661989.6	7456733.0	26.3	0.0	73.7	Urban
661989.6	7456933.0	90.9	0.0	9.1	Urban
661989.6	7457133.0	77.7	3.5	18.8	Urban
661989.6	7457333.0	42.0	0.0	58.0	Urban
661989.6	7457533.0	16.1	0.0	83.9	Other
661989.6	7457733.0	49.1	0.0	50.9	Urban
661989.6	7457933.0	34.9	0.0	65.1	Urban
661989.6	7458133.0	0.0	0.0	100.0	Other
661989.6	7458333.0	0.0	0.0	100.0	Other
661989.6	7458533.0	1.6	0.0	98.4	Other
661989.6	7458733.0	3.1	0.0	96.9	Other
661989.6	7458933.0	47.6	0.0	52.4	Urban
661989.6	7459133.0	39.7	0.0	60.3	Urban
661989.6	7459333.0	19.7	0.0	80.3	Other
661989.6	7459533.0	0.0	0.0	100.0	Other
661989.6	7459733.0	0.0	0.0	100.0	Other
661989.6	7459933.0	0.4	0.0	99.6	Other
661989.6	7460133.0	0.2	0.0	99.8	Other
661989.6	7460333.0	0.0	0.0	100.0	Other
661989.6	7460533.0	0.0	0.0	100.0	Other
661989.6	7460733.0	0.0	0.0	100.0	Other
661989.6	7460933.0	0.0	0.0	100.0	Other
661989.6	7461133.0	0.0	0.0	100.0	Other
661989.6	7461333.0	0.0	0.0	100.0	Other
661989.6	7461533.0	0.0	0.0	100.0	Other
661989.6	7461733.0	0.0	0.0	100.0	Other
661989.6	7461933.0	0.0	0.0	100.0	Other
661989.6	7462133.0	0.0	0.0	100.0	Other
661989.6	7462333.0	0.0	0.0	100.0	Other
661989.6	7462533.0	0.0	0.0	100.0	Other
661989.6	7462733.0	0.0	0.0	100.0	Other
661989.6	7462933.0	0.0	0.0	100.0	Other
661989.6	7463133.0	0.0	0.0	100.0	Other
661989.6	7463333.0	0.0	0.0	100.0	Other
661989.6	7463533.0	0.0	0.0	100.0	Other
661989.6	7463733.0	0.0	0.0	100.0	Other
661989.6	7463933.0	54.7	0.0	45.3	Urban
661989.6	7464133.0	54.3	0.0	45.7	Urban
661989.6	7464333.0	2.4	0.0	97.6	Other
661989.6	7464533.0	0.0	0.0	100.0	Other
661989.6	7464733.0	0.0	0.0	100.0	Other
661989.6	7464933.0	60.0	0.0	40.0	Urban
661989.6	7465133.0	69.0	0.0	31.0	Urban
661989.6	7465333.0	4.7	0.0	95.3	Other
661989.6	7465533.0	16.3	0.0	83.7	Other
661989.6	7465733.0	58.5	0.0	41.5	Urban
661989.6	7465933.0	62.1	0.0	37.9	Urban
661989.6	7466133.0	8.7	0.0	91.3	Other
661989.6	7466333.0	0.0	0.0	100.0	Other
661989.6	7466533.0	0.0	0.0	100.0	Other
661989.6	7466733.0	0.0	0.0	100.0	Other
661989.6	7466933.0	46.6	0.0	53.4	Urban
661989.6	7467133.0	93.8	0.0	6.2	Urban
661989.6	7467333.0	89.3	0.0	10.7	Urban
661989.6	7467533.0	50.5	0.0	49.5	Urban
661989.6	7467733.0	99.8	0.0	0.2	Urban
661989.6	7467933.0	100.0	0.0	0.0	Urban
661989.6	7468133.0	99.8	0.0	0.2	Urban
661989.6	7468333.0	98.1	0.0	1.9	Urban
661989.6	7468533.0	99.6	0.0	0.4	Urban
661989.6	7468733.0	99.8	0.0	0.2	Urban
661989.6	7468933.0	100.0	0.0	0.0	Urban
661989.6	7469133.0	100.0	0.0	0.0	Urban
661989.6	7469333.0	92.8	0.0	7.2	Urban
661989.6	7469533.0	80.1	0.0	19.9	Urban
661989.6	7469733.0	86.2	0.0	13.8	Urban
661989.6	7469933.0	92.9	0.0	7.1	Urban
661989.6	7470133.0	100.0	0.0	0.0	Urban
661989.6	7470333.0	100.0	0.0	0.0	Urban
661989.6	7470533.0	77.4	0.0	22.6	Urban
661989.6	7470733.0	1.4	0.0	98.6	Other
661989.6	7470933.0	17.8	0.0	82.2	Other
661989.6	7471133.0	4.7	0.0	95.3	Other
661989.6	7471333.0	0.0	0.0	100.0	Other
661989.6	7471533.0	0.0	0.0	100.0	Other
661989.6	7471733.0	0.0	6.5	93.5	Other
662189.6	7451933.0	0.0	100.0	0.0	Water
662189.6	7452133.0	0.0	100.0	0.0	Water
662189.6	7452333.0	0.0	100.0	0.0	Water
662189.6	7452533.0	0.0	100.0	0.0	Water
662189.6	7452733.0	0.0	100.0	0.0	Water
662189.6	7452933.0	0.0	100.0	0.0	Water
662189.6	7453133.0	0.0	100.0	0.0	Water
662189.6	7453333.0	0.0	100.0	0.0	Water
662189.6	7453533.0	0.0	100.0	0.0	Water
662189.6	7453733.0	7.6	33.7	58.7	Other
662189.6	7453933.0	0.0	32.2	67.8	Other
662189.6	7454133.0	0.0	71.9	28.1	Water
662189.6	7454333.0	0.0	1.1	98.9	Other
662189.6	7454533.0	12.0	0.0	88.0	Other
662189.6	7454733.0	62.0	0.0	38.0	Urban
662189.6	7454933.0	70.8	0.0	29.2	Urban
662189.6	7455133.0	80.6	0.0	19.4	Urban
662189.6	7455333.0	67.8	0.0	32.2	Urban
662189.6	7455533.0	93.1	0.0	6.9	Urban
662189.6	7455733.0	79.0	0.0	21.0	Urban
662189.6	7455933.0	88.2	0.0	11.8	Urban
662189.6	7456133.0	19.2	0.0	80.8	Other
662189.6	7456333.0	1.1	0.0	98.9	Other
662189.6	7456533.0	0.7	0.0	99.3	Other
662189.6	7456733.0	36.4	0.0	63.6	Urban
662189.6	7456933.0	47.5	0.0	52.5	Urban
662189.6	7457133.0	69.4	0.9	29.7	Urban
662189.6	7457333.0	72.5	0.0	27.5	Urban
662189.6	7457533.0	20.7	0.0	79.3	Urban
662189.6	7457733.0	3.6	0.0	96.4	Other
662189.6	7457933.0	22.8	0.0	77.2	Urban
662189.6	7458133.0	17.2	0.0	82.8	Other
662189.6	7458333.0	0.0	0.0	100.0	Other
662189.6	7458533.0	0.2	0.0	99.8	Other
662189.6	7458733.0	22.2	0.0	77.8	Urban
662189.6	7458933.0	59.8	0.0	40.2	Urban
662189.6	7459133.0	39.3	0.0	60.7	Urban
662189.6	7459333.0	3.8	0.0	96.2	Other
662189.6	7459533.0	0.0	0.0	100.0	Other
662189.6	7459733.0	0.0	0.0	100.0	Other
662189.6	7459933.0	0.0	0.0	100.0	Other
662189.6	7460133.0	0.0	0.0	100.0	Other
662189.6	7460333.0	0.0	0.0	100.0	Other
662189.6	7460533.0	0.0	0.0	100.0	Other
662189.6	7460733.0	0.0	0.0	100.0	Other
662189.6	7460933.0	0.0	0.0	100.0	Other
662189.6	7461133.0	0.0	0.0	100.0	Other
662189.6	7461333.0	0.0	0.0	100.0	Other
662189.6	7461533.0	0.0	0.0	100.0	Other
662189.6	7461733.0	0.0	0.0	100.0	Other
662189.6	7461933.0	0.0	0.0	100.0	Other
662189.6	7462133.0	0.0	0.0	100.0	Other
662189.6	7462333.0	0.0	0.0	100.0	Other
662189.6	7462533.0	0.0	0.0	100.0	Other
662189.6	7462733.0	0.0	0.0	100.0	Other
662189.6	7462933.0	0.0	0.0	100.0	Other
662189.6	7463133.0	0.0	0.0	100.0	Other
662189.6	7463333.0	0.0	0.0	100.0	Other
662189.6	7463533.0	0.0	0.0	100.0	Other
662189.6	7463733.0	0.0	0.0	100.0	Other
662189.6	7463933.0	6.7	0.0	93.3	Other
662189.6	7464133.0	2.2	0.0	97.8	Other
662189.6	7464333.0	7.1	0.0	92.9	Other
662189.6	7464533.0	2.6	0.0	97.4	Other
662189.6	7464733.0	0.0	0.0	100.0	Other
662189.6	7464933.0	72.3	0.0	27.7	Urban
662189.6	7465133.0	42.0	0.0	58.0	Urban
662189.6	7465333.0	62.8	0.0	37.2	Urban
662189.6	7465533.0	59.2	0.0	40.8	Urban
662189.6	7465733.0	11.4	0.0	88.6	Other
662189.6	7465933.0	15.6	0.0	84.4	Other
662189.6	7466133.0	0.2	0.0	99.8	Other
662189.6	7466333.0	0.0	0.0	100.0	Other
662189.6	7466533.0	0.0	0.0	100.0	Other
662189.6	7466733.0	0.0	0.0	100.0	Other
662189.6	7466933.0	10.8	0.0	89.2	Other
662189.6	7467133.0	78.8	0.0	21.2	Urban
662189.6	7467333.0	94.2	0.0	5.8	Urban
662189.6	7467533.0	91.1	0.0	8.9	Urban
662189.6	7467733.0	90.4	0.0	9.6	Urban
662189.6	7467933.0	84.4	0.0	15.6	Urban
662189.6	7468133.0	95.7	0.0	4.3	Urban
662189.6	7468333.0	99.3	0.0	0.7	Urban
662189.6	7468533.0	99.8	0.0	0.2	Urban
662189.6	7468733.0	98.9	0.0	1.1	Urban
662189.6	7468933.0	98.9	0.0	1.1	Urban
662189.6	7469133.0	94.7	0.0	5.3	Urban
662189.6	7469333.0	99.1	0.0	0.9	Urban
662189.6	7469533.0	98.7	0.0	1.3	Urban
662189.6	7469733.0	94.6	0.0	5.4	Urban
662189.6	7469933.0	95.7	0.0	4.3	Urban
662189.6	7470133.0	94.1	0.0	5.9	Urban
662189.6	7470333.0	100.0	0.0	0.0	Urban
662189.6	7470533.0	81.7	0.0	18.3	Urban
662189.6	7470733.0	8.0	0.0	92.0	Other
662189.6	7470933.0	0.0	0.0	100.0	Other
662189.6	7471133.0	0.0	0.0	100.0	Other
662189.6	7471333.0	0.0	0.0	100.0	Other
662189.6	7471533.0	0.0	0.0	100.0	Other
662189.6	7471733.0	0.0	0.0	100.0	Other
662389.6	7451933.0	0.0	100.0	0.0	Water
662389.6	7452133.0	0.0	100.0	0.0	Water
662389.6	7452333.0	0.0	100.0	0.0	Water
662389.6	7452533.0	0.0	100.0	0.0	Water
662389.6	7452733.0	0.0	100.0	0.0	Water
662389.6	7452933.0	0.0	100.0	0.0	Water
662389.6	7453133.0	0.0	100.0	0.0	Water
662389.6	7453333.0	0.0	100.0	0.0	Water
662389.6	7453533.0	0.0	100.0	0.0	Water
662389.6	7453733.0	6.8	53.2	40.0	Water
662389.6	7453933.0	1.1	22.6	76.3	Other
662389.6	7454133.0	0.0	99.1	0.9	Water
662389.6	7454333.0	0.4	82.4	17.2	Water
662389.6	7454533.0	0.0	25.2	74.8	Other
662389.6	7454733.0	8.7	2.9	88.4	Other
662389.6	7454933.0	55.3	0.0	44.7	Urban
662389.6	7455133.0	66.5	0.0	33.5	Urban
662389.6	7455333.0	49.6	0.0	50.4	Urban
662389.6	7455533.0	80.8	0.0	19.2	Urban
662389.6	7455733.0	96.2	0.0	3.8	Urban
662389.6	7455933.0	93.5	0.0	6.5	Urban
662389.6	7456133.0	33.9	0.0	66.1	Urban
662389.6	7456333.0	0.0	0.0	100.0	Other
662389.6	7456533.0	0.7	0.0	99.3	Other
662389.6	7456733.0	33.7	0.0	66.3	Urban
662389.6	7456933.0	32.5	0.0	67.5	Urban
662389.6	7457133.0	47.5	0.0	52.5	Urban
662389.6	7457333.0	81.5	0.0	18.5	Urban
662389.6	7457533.0	53.6	0.0	46.4	Urban
662389.6	7457733.0	53.6	0.0	46.4	Urban
662389.6	7457933.0	68.7	0.0	31.3	Urban
662389.6	7458133.0	82.2	0.0	17.8	Urban
662389.6	7458333.0	14.9	0.0	85.1	Other
662389.6	7458533.0	23.8	0.0	76.2	Urban
662389.6	7458733.0	74.6	0.0	25.4	Urban
662389.6	7458933.0	92.4	0.0	7.6	Urban
662389.6	7459133.0	46.6	0.0	53.4	Urban
662389.6	7459333.0	11.5	0.0	88.5	Other
662389.6	7459533.0	0.0	0.0	100.0	Other
662389.6	7459733.0	0.0	0.0	100.0	Other
662389.6	7459933.0	0.0	0.0	100.0	Other
662389.6	7460133.0	0.0	0.0	100.0	Other
662389.6	7460333.0	0.0	0.0	100.0	Other
662389.6	7460533.0	0.0	0.0	100.0	Other
662389.6	7460733.0	0.0	0.0	100.0	Other
662389.6	7460933.0	0.0	0.0	100.0	Other
662389.6	7461133.0	0.0	0.0	100.0	Other
662389.6	7461333.0	0.0	0.0	100.0	Other
662389.6	7461533.0	0.0	0.0	100.0	Other
662389.6	7461733.0	0.0	0.0	100.0	Other
662389.6	7461933.0	0.0	0.0	100.0	Other
662389.6	7462133.0	0.0	0.0	100.0	Other
662389.6	7462333.0	0.0	0.0	100.0	Other
662389.6	7462533.0	0.0	0.0	100.0	Other
662389.6	7462733.0	0.0	0.0	100.0	Other
662389.6	7462933.0	0.0	0.0	100.0	Other
662389.6	7463133.0	0.0	0.0	100.0	Other
662389.6	7463333.0	0.0	0.0	100.0	Other
662389.6	7463533.0	0.0	0.0	100.0	Other
662389.6	7463733.0	0.0	0.0	100.0	Other
662389.6	7463933.0	7.6	0.0	92.4	Other
662389.6	7464133.0	46.8	0.0	53.2	Urban
662389.6	7464333.0	58.1	0.0	41.9	Urban
662389.6	7464533.0	21.7	0.0	78.3	Urban
662389.6	7464733.0	2.7	0.0	97.3	Other
662389.6	7464933.0	32.6	0.0	67.4	Urban
662389.6	7465133.0	10.5	0.0	89.5	Other
662389.6	7465333.0	38.2	0.0	61.8	Urban
662389.6	7465533.0	44.9	0.0	55.1	Urban
662389.6	7465733.0	0.0	0.0	100.0	Other
662389.6	7465933.0	0.0	0.0	100.0	Other
662389.6	7466133.0	0.0	0.0	100.0	Other
662389.6	7466333.0	0.0	0.0	100.0	Other
662389.6	7466533.0	0.0	0.0	100.0	Other
662389.6	7466733.0	0.0	0.0	100.0	Other
662389.6	7466933.0	0.0	0.0	100.0	Other
662389.6	7467133.0	47.3	0.0	52.7	Urban
662389.6	7467333.0	98.6	0.0	1.4	Urban
662389.6	7467533.0	96.7	0.0	3.3	Urban
662389.6	7467733.0	95.5	0.0	4.5	Urban
662389.6	7467933.0	96.0	0.0	4.0	Urban
662389.6	7468133.0	100.0	0.0	0.0	Urban
662389.6	7468333.0	100.0	0.0	0.0	Urban
662389.6	7468533.0	99.3	0.0	0.7	Urban
662389.6	7468733.0	98.7	0.0	1.3	Urban
662389.6	7468933.0	99.8	0.0	0.2	Urban
662389.6	7469133.0	99.3	0.0	0.7	Urban
662389.6	7469333.0	96.7	0.0	3.3	Urban
662389.6	7469533.0	98.2	0.0	1.8	Urban
662389.6	7469733.0	99.8	0.0	0.2	Urban
662389.6	7469933.0	98.0	0.0	2.0	Urban
662389.6	7470133.0	96.0	0.0	4.0	Urban
662389.6	7470333.0	88.6	0.0	11.4	Urban
662389.6	7470533.0	69.4	0.0	30.6	Urban
662389.6	7470733.0	35.1	0.0	64.9	Urban
662389.6	7470933.0	0.0	0.0	100.0	Other
662389.6	7471133.0	0.0	0.0	100.0	Other
662389.6	7471333.0	0.0	0.0	100.0	Other
662389.6	7471533.0	0.0	0.0	100.0	Other
662389.6	7471733.0	0.0	0.0	100.0	Other
662589.6	7451933.0	0.0	100.0	0.0	Water
662589.6	7452133.0	0.0	100.0	0.0	Water
662589.6	7452333.0	0.0	100.0	0.0	Water
662589.6	7452533.0	0.0	100.0	0.0	Water
662589.6	7452733.0	0.0	100.0	0.0	Water
662589.6	7452933.0	0.0	100.0	0.0	Water
662589.6	7453133.0	0.0	100.0	0.0	Water
662589.6	7453333.0	0.0	100.0	0.0	Water
662589.6	7453533.0	0.0	100.0	0.0	Water
662589.6	7453733.0	0.9	66.8	32.2	Water
662589.6	7453933.0	8.0	42.6	49.5	Other
662589.6	7454133.0	0.0	100.0	0.0	Water
662589.6	7454333.0	0.0	100.0	0.0	Water
662589.6	7454533.0	0.0	89.7	10.3	Water
662589.6	7454733.0	0.0	64.6	35.4	Water
662589.6	7454933.0	44.0	0.0	56.0	Urban
662589.6	7455133.0	40.0	0.0	60.0	Urban
662589.6	7455333.0	41.5	0.0	58.5	Urban
662589.6	7455533.0	61.6	0.0	38.4	Urban
662589.6	7455733.0	95.1	0.0	4.9	Urban
662589.6	7455933.0	92.4	0.0	7.6	Urban
662589.6	7456133.0	51.6	0.0	48.4	Urban
662589.6	7456333.0	0.0	0.0	100.0	Other
662589.6	7456533.0	0.0	0.0	100.0	Other
662589.6	7456733.0	4.9	2.4	92.8	Other
662589.6	7456933.0	9.2	2.4	88.4	Other
662589.6	7457133.0	55.8	10.0	34.2	Urban
662589.6	7457333.0	78.4	0.0	21.6	Urban
662589.6	7457533.0	69.2	0.0	30.8	Urban
662589.6	7457733.0	61.8	0.0	38.2	Urban
662589.6	7457933.0	74.1	0.0	25.9	Urban
662589.6	7458133.0	55.4	0.0	44.6	Urban
662589.6	7458333.0	36.6	0.0	63.4	Urban
662589.6	7458533.0	91.5	0.0	8.5	Urban
662589.6	7458733.0	61.4	0.0	38.6	Urban
662589.6	7458933.0	85.1	0.0	14.9	Urban
662589.6	7459133.0	98.4	0.0	1.6	Urban
662589.6	7459333.0	74.8	0.0	25.2	Urban
662589.6	7459533.0	5.8	0.0	94.2	Other
662589.6	7459733.0	0.0	0.0	100.0	Other
662589.6	7459933.0	0.0	0.0	100.0	Other
662589.6	7460133.0	0.0	0.0	100.0	Other
662589.6	7460333.0	0.0	0.0	100.0	Other
662589.6	7460533.0	0.0	0.0	100.0	Other
662589.6	7460733.0	0.0	0.0	100.0	Other
662589.6	7460933.0	0.0	0.0	100.0	Other
662589.6	7461133.0	0.0	0.0	100.0	Other
662589.6	7461333.0	0.0	0.0	100.0	Other
662589.6	7461533.0	0.0	0.0	100.0	Other
662589.6	7461733.0	0.0	0.0	100.0	Other
662589.6	7461933.0	0.0	0.0	100.0	Other
662589.6	7462133.0	0.0	0.0	100.0	Other
662589.6	7462333.0	0.0	0.0	100.0	Other
662589.6	7462533.0	0.4	0.0	99.6	Other
662589.6	7462733.0	0.2	0.0	99.8	Other
662589.6	7462933.0	0.0	0.0	100.0	Other
662589.6	7463133.0	0.0	0.0	100.0	Other
662589.6	7463333.0	0.0	0.0	100.0	Other
662589.6	7463533.0	0.0	0.0	100.0	Other
662589.6	7463733.0	0.0	0.0	100.0	Other
662589.6	7463933.0	20.8	0.0	79.2	Urban
662589.6	7464133.0	44.2	0.0	55.8	Urban
662589.6	7464333.0	95.7	0.0	4.3	Urban
662589.6	7464533.0	55.8	0.0	44.2	Urban
662589.6	7464733.0	59.6	0.0	40.4	Urban
662589.6	7464933.0	69.7	0.0	30.3	Urban
662589.6	7465133.0	15.0	0.0	85.0	Other
662589.6	7465333.0	1.1	0.0	98.9	Other
662589.6	7465533.0	10.0	0.0	90.0	Other
662589.6	7465733.0	0.2	0.0	99.8	Other
662589.6	7465933.0	0.0	0.0	100.0	Other
662589.6	7466133.0	0.0	0.0	100.0	Other
662589.6	7466333.0	0.0	0.0	100.0	Other
662589.6	7466533.0	0.0	0.0	100.0	Other
662589.6	7466733.0	0.0	0.0	100.0	Other
662589.6	7466933.0	0.0	0.0	100.0	Other
662589.6	7467133.0	2.4	0.0	97.6	Other
662589.6	7467333.0	32.2	0.0	67.8	Urban
662589.6	7467533.0	85.5	0.0	14.5	Urban
662589.6	7467733.0	100.0	0.0	0.0	Urban
662589.6	7467933.0	99.5	0.0	0.5	Urban
662589.6	7468133.0	99.8	0.0	0.2	Urban
662589.6	7468333.0	97.9	0.0	2.1	Urban
662589.6	7468533.0	99.6	0.0	0.4	Urban
662589.6	7468733.0	99.2	0.0	0.8	Urban
662589.6	7468933.0	99.5	0.0	0.5	Urban
662589.6	7469133.0	99.7	0.0	0.3	Urban
662589.6	7469333.0	100.0	0.0	0.0	Urban
662589.6	7469533.0	100.0	0.0	0.0	Urban
662589.6	7469733.0	98.0	0.0	2.0	Urban
662589.6	7469933.0	95.3	0.0	4.7	Urban
662589.6	7470133.0	97.3	0.0	2.7	Urban
662589.6	7470333.0	90.6	0.0	9.4	Urban
662589.6	7470533.0	38.6	0.0	61.4	Urban
662589.6	7470733.0	45.4	0.0	54.6	Urban
662589.6	7470933.0	5.1	0.0	94.9	Other
662589.6	7471133.0	10.1	0.0	89.9	Other
662589.6	7471333.0	2.0	0.0	98.0	Other
662589.6	7471533.0	0.0	0.0	100.0	Other
662589.6	7471733.0	0.0	0.0	100.0	Other
662789.6	7451933.0	0.0	100.0	0.0	Water
662789.6	7452133.0	0.0	100.0	0.0	Water
662789.6	7452333.0	0.0	100.0	0.0	Water
662789.6	7452533.0	0.0	100.0	0.0	Water
662789.6	7452733.0	0.0	100.0	0.0	Water
662789.6	7452933.0	0.0	100.0	0.0	Water
662789.6	7453133.0	0.0	100.0	0.0	Water
662789.6	7453333.0	0.0	100.0	0.0	Water
662789.6	7453533.0	0.0	100.0	0.0	Water
662789.6	7453733.0	0.0	84.2	15.8	Water
662789.6	7453933.0	10.3	15.4	74.3	Other
662789.6	7454133.0	0.0	91.7	8.3	Water
662789.6	7454333.0	0.0	93.7	6.3	Water
662789.6	7454533.0	0.0	16.7	83.3	Other
662789.6	7454733.0	0.0	0.7	99.3	Other
662789.6	7454933.0	0.0	0.0	100.0	Other
662789.6	7455133.0	0.2	0.0	99.8	Other
662789.6	7455333.0	0.4	0.0	99.6	Other
662789.6	7455533.0	44.2	0.0	55.8	Urban
662789.6	7455733.0	95.3	0.0	4.7	Urban
662789.6	7455933.0	97.1	0.0	2.9	Urban
662789.6	7456133.0	31.5	0.0	68.5	Urban
662789.6	7456333.0	0.0	0.0	100.0	Other
662789.6	7456533.0	0.0	2.2	97.8	Other
662789.6	7456733.0	0.0	74.3	25.7	Water
662789.6	7456933.0	0.0	74.1	25.9	Water
662789.6	7457133.0	1.3	64.1	34.6	Water
662789.6	7457333.0	48.5	10.6	40.9	Urban
662789.6	7457533.0	73.7	0.0	26.3	Urban
662789.6	7457733.0	57.1	0.0	42.9	Urban
662789.6	7457933.0	73.9	0.0	26.1	Urban
662789.6	7458133.0	95.7	0.0	4.3	Urban
662789.6	7458333.0	49.6	0.0	50.4	Urban
662789.6	7458533.0	60.8	0.0	39.2	Urban
662789.6	7458733.0	66.1	0.0	33.9	Urban
662789.6	7458933.0	65.9	0.0	34.1	Urban
662789.6	7459133.0	83.8	0.0	16.2	Urban
662789.6	7459333.0	81.3	0.0	18.7	Urban
662789.6	7459533.0	34.4	0.0	65.6	Urban
662789.6	7459733.0	6.8	0.0	93.2	Other
662789.6	7459933.0	0.0	0.0	100.0	Other
662789.6	7460133.0	0.0	0.0	100.0	Other
662789.6	7460333.0	0.0	0.0	100.0	Other
662789.6	7460533.0	0.0	0.0	100.0	Other
662789.6	7460733.0	0.0	0.0	100.0	Other
662789.6	7460933.0	0.0	0.0	100.0	Other
662789.6	7461133.0	0.0	0.0	100.0	Other
662789.6	7461333.0	0.0	0.0	100.0	Other
662789.6	7461533.0	0.0	0.0	100.0	Other
662789.6	7461733.0	0.0	0.0	100.0	Other
662789.6	7461933.0	0.0	0.0	100.0	Other
662789.6	7462133.0	0.0	0.0	100.0	Other
662789.6	7462333.0	0.0	0.0	100.0	Other
662789.6	7462533.0	0.9	0.0	99.1	Other
662789.6	7462733.0	0.2	0.0	99.8	Other
662789.6	7462933.0	0.0	0.0	100.0	Other
662789.6	7463133.0	0.0	0.0	100.0	Other
662789.6	7463333.0	0.0	0.0	100.0	Other
662789.6	7463533.0	0.0	0.0	100.0	Other
662789.6	7463733.0	0.0	0.0	100.0	Other
662789.6	7463933.0	0.0	0.0	100.0	Other
662789.6	7464133.0	31.3	0.0	68.7	Urban
662789.6	7464333.0	76.1	0.0	23.9	Urban
662789.6	7464533.0	83.2	0.0	16.8	Urban
662789.6	7464733.0	34.3	0.0	65.7	Urban
662789.6	7464933.0	20.8	0.0	79.2	Urban
662789.6	7465133.0	0.0	0.0	100.0	Other
662789.6	7465333.0	0.0	0.0	100.0	Other
662789.6	7465533.0	44.7	0.0	55.3	Urban
662789.6	7465733.0	54.2	0.0	45.8	Urban
662789.6	7465933.0	2.2	0.0	97.8	Other
662789.6	7466133.0	0.0	0.0	100.0	Other
662789.6	7466333.0	0.0	0.0	100.0	Other
662789.6	7466533.0	0.0	0.0	100.0	Other
662789.6	7466733.0	0.0	0.0	100.0	Other
662789.6	7466933.0	0.0	0.0	100.0	Other
662789.6	7467133.0	0.0	0.0	100.0	Other
662789.6	7467333.0	0.9	0.0	99.1	Other
662789.6	7467533.0	70.8	0.0	29.2	Urban
662789.6	7467733.0	63.0	0.0	37.0	Urban
662789.6	7467933.0	95.8	0.0	4.2	Urban
662789.6	7468133.0	100.0	0.0	0.0	Urban
662789.6	7468333.0	100.0	0.0	0.0	Urban
662789.6	7468533.0	96.7	0.0	3.3	Urban
662789.6	7468733.0	97.1	0.0	2.9	Urban
662789.6	7468933.0	99.3	0.0	0.7	Urban
662789.6	7469133.0	91.3	0.0	8.7	Urban
662789.6	7469333.0	99.5	0.0	0.5	Urban
662789.6	7469533.0	98.1	0.0	1.9	Urban
662789.6	7469733.0	97.6	0.0	2.4	Urban
662789.6	7469933.0	100.0	0.0	0.0	Urban
662789.6	7470133.0	94.9	0.0	5.1	Urban
662789.6	7470333.0	77.9	0.0	22.1	Urban
662789.6	7470533.0	33.7	0.0	66.3	Urban
662789.6	7470733.0	40.2	0.0	59.8	Urban
662789.6	7470933.0	18.3	0.0	81.7	Other
662789.6	7471133.0	13.9	0.0	86.1	Other
662789.6	7471333.0	34.8	0.0	65.2	Urban
662789.6	7471533.0	0.0	0.0	100.0	Other
662789.6	7471733.0	0.0	0.0	100.0	Other
662989.6	7451933.0	0.0	100.0	0.0	Water
662989.6	7452133.0	0.0	100.0	0.0	Water
662989.6	7452333.0	0.0	100.0	0.0	Water
662989.6	7452533.0	0.0	100.0	0.0	Water
662989.6	7452733.0	0.0	100.0	0.0	Water
662989.6	7452933.0	0.0	100.0	0.0	Water
662989.6	7453133.0	0.0	100.0	0.0	Water
662989.6	7453333.0	0.0	100.0	0.0	Water
662989.6	7453533.0	0.0	100.0	0.0	Water
662989.6	7453733.0	0.0	95.1	4.9	Water
662989.6	7453933.0	8.2	4.0	87.8	Other
662989.6	7454133.0	0.0	71.4	28.6	Water
662989.6	7454333.0	0.0	75.9	24.1	Water
662989.6	7454533.0	0.0	0.0	100.0	Other
662989.6	7454733.0	0.0	25.9	74.1	Other
662989.6	7454933.0	1.3	4.2	94.6	Other
662989.6	7455133.0	12.0	0.0	88.0	Other
662989.6	7455333.0	20.8	0.0	79.2	Urban
662989.6	7455533.0	52.0	0.0	48.0	Urban
662989.6	7455733.0	96.4	0.0	3.6	Urban
662989.6	7455933.0	96.6	0.0	3.4	Urban
662989.6	7456133.0	59.1	0.0	40.9	Urban
662989.6	7456333.0	0.0	0.0	100.0	Other
662989.6	7456533.0	0.0	30.1	69.9	Other
662989.6	7456733.0	0.0	100.0	0.0	Water
662989.6	7456933.0	0.0	100.0	0.0	Water
662989.6	7457133.0	0.0	100.0	0.0	Water
662989.6	7457333.0	0.0	95.1	4.9	Water
662989.6	7457533.0	34.1	15.4	50.5	Urban
662989.6	7457733.0	80.3	0.0	19.7	Urban
662989.6	7457933.0	49.6	0.0	50.4	Urban
662989.6	7458133.0	59.6	0.0	40.4	Urban
662989.6	7458333.0	77.4	0.0	22.6	Urban
662989.6	7458533.0	63.9	0.0	36.1	Urban
662989.6	7458733.0	45.2	0.0	54.8	Urban
662989.6	7458933.0	1.8	0.0	98.2	Other
662989.6	7459133.0	8.7	0.0	91.3	Other
662989.6	7459333.0	54.0	0.0	46.0	Urban
662989.6	7459533.0	93.4	0.0	6.6	Urban
662989.6	7459733.0	28.6	0.0	71.4	Urban
662989.6	7459933.0	0.0	0.0	100.0	Other
662989.6	7460133.0	1.3	0.0	98.7	Other
662989.6	7460333.0	0.0	0.0	100.0	Other
662989.6	7460533.0	0.0	0.0	100.0	Other
662989.6	7460733.0	0.0	0.0	100.0	Other
662989.6	7460933.0	0.0	0.0	100.0	Other
662989.6	7461133.0	0.0	0.0	100.0	Other
662989.6	7461333.0	0.0	0.0	100.0	Other
662989.6	7461533.0	0.0	0.0	100.0	Other
662989.6	7461733.0	0.9	0.0	99.1	Other
662989.6	7461933.0	0.0	0.0	100.0	Other
662989.6	7462133.0	0.0	0.0	100.0	Other
662989.6	7462333.0	0.0	0.0	100.0	Other
662989.6	7462533.0	0.4	0.0	99.6	Other
662989.6	7462733.0	3.8	0.0	96.2	Other
662989.6	7462933.0	0.2	0.0	99.8	Other
662989.6	7463133.0	0.0	0.0	100.0	Other
662989.6	7463333.0	0.0	0.0	100.0	Other
662989.6	7463533.0	0.0	0.0	100.0	Other
662989.6	7463733.0	0.0	0.0	100.0	Other
662989.6	7463933.0	0.0	0.0	100.0	Other
662989.6	7464133.0	4.5	0.0	95.5	Other
662989.6	7464333.0	18.7	0.0	81.3	Other
662989.6	7464533.0	18.1	0.0	81.9	Other
662989.6	7464733.0	52.4	0.0	47.6	Urban
662989.6	7464933.0	30.1	0.0	69.9	Urban
662989.6	7465133.0	8.0	0.0	92.0	Other
662989.6	7465333.0	0.0	0.0	100.0	Other
662989.6	7465533.0	1.4	0.0	98.6	Other
662989.6	7465733.0	16.7	0.0	83.3	Other
662989.6	7465933.0	8.7	0.0	91.3	Other
662989.6	7466133.0	1.4	0.0	98.6	Other
662989.6	7466333.0	3.6	0.0	96.4	Other
662989.6	7466533.0	0.0	0.0	100.0	Other
662989.6	7466733.0	0.0	0.0	100.0	Other
662989.6	7466933.0	0.0	0.0	100.0	Other
662989.6	7467133.0	0.0	0.0	100.0	Other
662989.6	7467333.0	0.0	0.0	100.0	Other
662989.6	7467533.0	0.0	0.0	100.0	Other
662989.6	7467733.0	0.0	0.0	100.0	Other
662989.6	7467933.0	42.9	0.0	57.1	Urban
662989.6	7468133.0	100.0	0.0	0.0	Urban
662989.6	7468333.0	97.5	0.0	2.5	Urban
662989.6	7468533.0	98.4	0.0	1.6	Urban
662989.6	7468733.0	99.8	0.0	0.2	Urban
662989.6	7468933.0	100.0	0.0	0.0	Urban
662989.6	7469133.0	95.3	0.0	4.7	Urban
662989.6	7469333.0	91.5	0.0	8.5	Urban
662989.6	7469533.0	92.6	0.0	7.4	Urban
662989.6	7469733.0	99.0	0.0	1.0	Urban
662989.6	7469933.0	98.2	0.0	1.8	Urban
662989.6	7470133.0	87.3	0.0	12.7	Urban
662989.6	7470333.0	77.0	0.0	23.0	Urban
662989.6	7470533.0	53.0	0.2	46.8	Urban
662989.6	7470733.0	39.3	0.0	60.7	Urban
662989.6	7470933.0	46.6	0.0	53.4	Urban
662989.6	7471133.0	8.5	0.0	91.5	Other
662989.6	7471333.0	40.3	0.0	59.7	Urban
662989.6	7471533.0	0.0	0.0	100.0	Other
662989.6	7471733.0	0.0	0.0	100.0	Other
663189.6	7451933.0	0.0	100.0	0.0	Water
663189.6	7452133.0	0.0	100.0	0.0	Water
663189.6	7452333.0	0.0	100.0	0.0	Water
663189.6	7452533.0	0.0	100.0	0.0	Water
663189.6	7452733.0	0.0	100.0	0.0	Water
663189.6	7452933.0	0.0	100.0	0.0	Water
663189.6	7453133.0	0.0	100.0	0.0	Water
663189.6	7453333.0	0.0	100.0	0.0	Water
663189.6	7453533.0	0.0	100.0	0.0	Water
663189.6	7453733.0	0.0	100.0	0.0	Water
663189.6	7453933.0	7.6	15.0	77.5	Other
663189.6	7454133.0	0.0	77.5	22.5	Water
663189.6	7454333.0	0.0	58.4	41.6	Water
663189.6	7454533.0	0.0	0.0	100.0	Other
663189.6	7454733.0	0.0	46.0	54.0	Other
663189.6	7454933.0	1.6	0.5	97.8	Other
663189.6	7455133.0	0.0	0.0	100.0	Other
663189.6	7455333.0	0.0	0.0	100.0	Other
663189.6	7455533.0	39.9	0.0	60.1	Urban
663189.6	7455733.0	44.4	0.0	55.6	Urban
663189.6	7455933.0	71.0	0.0	29.0	Urban
663189.6	7456133.0	64.7	0.0	35.3	Urban
663189.6	7456333.0	0.0	0.0	100.0	Other
663189.6	7456533.0	0.0	77.0	23.0	Water
663189.6	7456733.0	0.0	100.0	0.0	Water
663189.6	7456933.0	0.0	100.0	0.0	Water
663189.6	7457133.0	0.0	100.0	0.0	Water
663189.6	7457333.0	0.0	100.0	0.0	Water
663189.6	7457533.0	3.3	60.1	36.6	Water
663189.6	7457733.0	22.1	0.0	77.9	Urban
663189.6	7457933.0	49.6	11.8	38.6	Urban
663189.6	7458133.0	31.7	7.6	60.7	Urban
663189.6	7458333.0	92.0	0.0	8.0	Urban
663189.6	7458533.0	49.8	0.0	50.2	Urban
663189.6	7458733.0	7.8	0.0	92.2	Other
663189.6	7458933.0	0.0	0.0	100.0	Other
663189.6	7459133.0	0.5	0.0	99.5	Other
663189.6	7459333.0	46.9	0.0	53.1	Urban
663189.6	7459533.0	79.2	0.0	20.8	Urban
663189.6	7459733.0	93.3	0.0	6.7	Urban
663189.6	7459933.0	66.1	0.0	33.9	Urban
663189.6	7460133.0	26.3	0.0	73.7	Urban
663189.6	7460333.0	34.8	0.0	65.2	Urban
663189.6	7460533.0	10.0	0.0	90.0	Other
663189.6	7460733.0	0.0	0.0	100.0	Other
663189.6	7460933.0	0.0	0.0	100.0	Other
663189.6	7461133.0	0.0	0.0	100.0	Other
663189.6	7461333.0	0.0	0.0	100.0	Other
663189.6	7461533.0	0.0	0.0	100.0	Other
663189.6	7461733.0	3.1	0.0	96.9	Other
663189.6	7461933.0	0.0	0.0	100.0	Other
663189.6	7462133.0	0.0	0.0	100.0	Other
663189.6	7462333.0	0.2	0.0	99.8	Other
663189.6	7462533.0	0.2	0.0	99.8	Other
663189.6	7462733.0	7.6	0.0	92.4	Other
663189.6	7462933.0	4.3	0.0	95.7	Other
663189.6	7463133.0	4.0	0.0	96.0	Other
663189.6	7463333.0	5.8	0.0	94.2	Other
663189.6	7463533.0	0.0	0.0	100.0	Other
663189.6	7463733.0	0.0	0.0	100.0	Other
663189.6	7463933.0	0.0	0.0	100.0	Other
663189.6	7464133.0	0.2	0.0	99.8	Other
663189.6	7464333.0	19.4	0.0	80.6	Other
663189.6	7464533.0	64.3	0.0	35.7	Urban
663189.6	7464733.0	96.0	0.0	4.0	Urban
663189.6	7464933.0	65.0	0.0	35.0	Urban
663189.6	7465133.0	10.9	0.0	89.1	Other
663189.6	7465333.0	0.0	0.0	100.0	Other
663189.6	7465533.0	0.0	0.0	100.0	Other
663189.6	7465733.0	2.9	0.0	97.1	Other
663189.6	7465933.0	6.9	0.0	93.1	Other
663189.6	7466133.0	0.0	0.0	100.0	Other
663189.6	7466333.0	0.0	0.0	100.0	Other
663189.6	7466533.0	0.0	0.0	100.0	Other
663189.6	7466733.0	0.0	0.0	100.0	Other
663189.6	7466933.0	0.0	0.0	100.0	Other
663189.6	7467133.0	0.0	0.0	100.0	Other
663189.6	7467333.0	0.0	0.0	100.0	Other
663189.6	7467533.0	0.0	0.0	100.0	Other
663189.6	7467733.0	0.0	0.0	100.0	Other
663189.6	7467933.0	29.9	0.0	70.1	Urban
663189.6	7468133.0	93.1	0.0	6.9	Urban
663189.6	7468333.0	95.5	0.0	4.5	Urban
663189.6	7468533.0	97.9	0.0	2.1	Urban
663189.6	7468733.0	99.3	0.0	0.7	Urban
663189.6	7468933.0	96.0	0.0	4.0	Urban
663189.6	7469133.0	97.5	0.0	2.5	Urban
663189.6	7469333.0	93.0	0.0	7.0	Urban
663189.6	7469533.0	98.9	0.0	1.1	Urban
663189.6	7469733.0	88.8	0.0	11.2	Urban
663189.6	7469933.0	74.6	0.0	25.4	Urban
663189.6	7470133.0	97.1	0.0	2.9	Urban
663189.6	7470333.0	88.9	0.0	11.1	Urban
663189.6	7470533.0	42.9	0.0	57.1	Urban
663189.6	7470733.0	27.9	0.0	72.1	Urban
663189.6	7470933.0	61.4	0.0	38.6	Urban
663189.6	7471133.0	24.1	0.0	75.9	Urban
663189.6	7471333.0	69.0	0.0	31.0	Urban
663189.6	7471533.0	0.0	0.0	100.0	Other
663189.6	7471733.0	0.0	0.0	100.0	Other
663389.6	7451933.0	0.0	100.0	0.0	Water
663389.6	7452133.0	0.0	100.0	0.0	Water
663389.6	7452333.0	0.0	100.0	0.0	Water
663389.6	7452533.0	0.0	100.0	0.0	Water
663389.6	7452733.0	0.0	100.0	0.0	Water
663389.6	7452933.0	0.0	100.0	0.0	Water
663389.6	7453133.0	0.0	100.0	0.0	Water
663389.6	7453333.0	0.0	100.0	0.0	Water
663389.6	7453533.0	0.0	100.0	0.0	Water
663389.6	7453733.0	0.0	100.0	0.0	Water
663389.6	7453933.0	7.8	27.2	65.0	Other
663389.6	7454133.0	0.0	75.4	24.6	Water
663389.6	7454333.0	0.0	36.8	63.2	Other
663389.6	7454533.0	0.0	1.8	98.2	Other
663389.6	7454733.0	0.2	0.0	99.8	Other
663389.6	7454933.0	0.0	0.0	100.0	Other
663389.6	7455133.0	7.6	0.0	92.4	Other
663389.6	7455333.0	1.3	0.0	98.7	Other
663389.6	7455533.0	57.6	0.0	42.4	Urban
663389.6	7455733.0	53.3	0.0	46.7	Urban
663389.6	7455933.0	76.3	0.0	23.7	Urban
663389.6	7456133.0	57.9	0.0	42.1	Urban
663389.6	7456333.0	0.2	0.0	99.8	Other
663389.6	7456533.0	0.0	78.0	22.0	Water
663389.6	7456733.0	0.0	100.0	0.0	Water
663389.6	7456933.0	0.0	100.0	0.0	Water
663389.6	7457133.0	0.0	100.0	0.0	Water
663389.6	7457333.0	0.0	100.0	0.0	Water
663389.6	7457533.0	0.0	89.1	10.9	Water
663389.6	7457733.0	12.0	0.5	87.5	Other
663389.6	7457933.0	37.7	19.7	42.6	Urban
663389.6	7458133.0	57.2	8.5	34.2	Urban
663389.6	7458333.0	64.2	0.0	35.8	Urban
663389.6	7458533.0	1.6	0.0	98.4	Other
663389.6	7458733.0	13.6	0.0	86.4	Other
663389.6	7458933.0	0.0	0.0	100.0	Other
663389.6	7459133.0	0.0	0.0	100.0	Other
663389.6	7459333.0	29.7	0.0	70.3	Urban
663389.6	7459533.0	78.8	0.0	21.2	Urban
663389.6	7459733.0	87.9	0.0	12.1	Urban
663389.6	7459933.0	74.1	0.0	25.9	Urban
663389.6	7460133.0	76.3	0.0	23.7	Urban
663389.6	7460333.0	34.2	0.0	65.8	Urban
663389.6	7460533.0	0.0	0.0	100.0	Other
663389.6	7460733.0	0.0	0.0	100.0	Other
663389.6	7460933.0	0.0	0.0	100.0	Other
663389.6	7461133.0	0.0	0.0	100.0	Other
663389.6	7461333.0	0.0	0.0	100.0	Other
663389.6	7461533.0	0.0	0.0	100.0	Other
663389.6	7461733.0	0.0	0.0	100.0	Other
663389.6	7461933.0	2.0	0.0	98.0	Other
663389.6	7462133.0	0.0	0.0	100.0	Other
663389.6	7462333.0	0.5	0.0	99.5	Other
663389.6	7462533.0	4.2	0.0	95.8	Other
663389.6	7462733.0	1.3	0.0	98.7	Other
663389.6	7462933.0	7.1	22.8	70.1	Other
663389.6	7463133.0	12.0	1.1	87.0	Other
663389.6	7463333.0	56.3	0.0	43.7	Urban
663389.6	7463533.0	0.4	0.0	99.6	Other
663389.6	7463733.0	2.7	13.4	83.9	Other
663389.6	7463933.0	0.0	11.1	88.9	Other
663389.6	7464133.0	0.0	0.0	100.0	Other
663389.6	7464333.0	72.6	0.0	27.4	Urban
663389.6	7464533.0	97.6	0.0	2.4	Urban
663389.6	7464733.0	94.2	0.0	5.8	Urban
663389.6	7464933.0	84.2	0.0	15.8	Urban
663389.6	7465133.0	64.5	0.0	35.5	Urban
663389.6	7465333.0	42.9	0.0	57.1	Urban
663389.6	7465533.0	13.4	0.0	86.6	Other
663389.6	7465733.0	0.0	0.0	100.0	Other
663389.6	7465933.0	11.2	0.0	88.8	Other
663389.6	7466133.0	0.0	0.0	100.0	Other
663389.6	7466333.0	0.0	0.0	100.0	Other
663389.6	7466533.0	0.0	0.0	100.0	Other
663389.6	7466733.0	0.0	0.0	100.0	Other
663389.6	7466933.0	0.0	0.0	100.0	Other
663389.6	7467133.0	8.0	0.0	92.0	Other
663389.6	7467333.0	10.0	0.0	90.0	Other
663389.6	7467533.0	0.0	0.0	100.0	Other
663389.6	7467733.0	0.0	0.0	100.0	Other
663389.6	7467933.0	0.0	0.0	100.0	Other
663389.6	7468133.0	38.6	0.0	61.4	Urban
663389.6	7468333.0	99.1	0.0	0.9	Urban
663389.6	7468533.0	72.5	0.0	27.5	Urban
663389.6	7468733.0	86.7	0.0	13.3	Urban
663389.6	7468933.0	100.0	0.0	0.0	Urban
663389.6	7469133.0	98.0	0.0	2.0	Urban
663389.6	7469333.0	99.1	0.0	0.9	Urban
663389.6	7469533.0	98.4	0.0	1.6	Urban
663389.6	7469733.0	74.1	0.0	25.9	Urban
663389.6	7469933.0	61.9	0.0	38.1	Urban
663389.6	7470133.0	87.9	0.0	12.1	Urban
663389.6	7470333.0	95.0	0.0	5.0	Urban
663389.6	7470533.0	49.4	0.0	50.6	Urban
663389.6	7470733.0	10.0	0.0	90.0	Other
663389.6	7470933.0	37.9	0.0	62.1	Urban
663389.6	7471133.0	52.0	0.0	48.0	Urban
663389.6	7471333.0	21.4	0.0	78.6	Urban
663389.6	7471533.0	0.0	0.0	100.0	Other
663389.6	7471733.0	0.0	0.0	100.0	Other
663589.6	7451933.0	0.0	100.0	0.0	Water
663589.6	7452133.0	0.0	100.0	0.0	Water
663589.6	7452333.0	0.0	100.0	0.0	Water
663589.6	7452533.0	0.0	100.0	0.0	Water
663589.6	7452733.0	0.0	100.0	0.0	Water
663589.6	7452933.0	0.0	100.0	0.0	Water
663589.6	7453133.0	0.0	100.0	0.0	Water
663589.6	7453333.0	0.0	100.0	0.0	Water
663589.6	7453533.0	0.0	100.0	0.0	Water
663589.6	7453733.0	0.0	100.0	0.0	Water
663589.6	7453933.0	7.6	45.1	47.3	Other
663589.6	7454133.0	0.0	47.3	52.7	Other
663589.6	7454333.0	0.0	100.0	0.0	Water
663589.6	7454533.0	0.0	40.2	59.8	Other
663589.6	7454733.0	0.2	0.0	99.8	Other
663589.6	7454933.0	0.0	0.0	100.0	Other
663589.6	7455133.0	9.1	0.0	90.9	Other
663589.6	7455333.0	55.6	0.0	44.4	Urban
663589.6	7455533.0	62.5	0.0	37.5	Urban
663589.6	7455733.0	89.0	0.0	11.0	Urban
663589.6	7455933.0	89.7	0.0	10.3	Urban
663589.6	7456133.0	58.5	0.0	41.5	Urban
663589.6	7456333.0	22.6	0.0	77.4	Urban
663589.6	7456533.0	13.9	29.0	57.0	Other
663589.6	7456733.0	0.0	96.0	4.0	Water
663589.6	7456933.0	0.0	100.0	0.0	Water
663589.6	7457133.0	0.0	90.2	9.8	Water
663589.6	7457333.0	8.2	35.1	56.7	Other
663589.6	7457533.0	6.3	35.9	57.8	Other
663589.6	7457733.0	0.0	67.6	32.4	Water
663589.6	7457933.0	0.0	99.5	0.5	Water
663589.6	7458133.0	0.5	93.7	5.7	Water
663589.6	7458333.0	37.5	19.6	42.9	Urban
663589.6	7458533.0	34.8	0.0	65.2	Urban
663589.6	7458733.0	4.2	0.0	95.8	Other
663589.6	7458933.0	9.1	0.0	90.9	Other
663589.6	7459133.0	0.0	0.0	100.0	Other
663589.6	7459333.0	53.4	0.0	46.6	Urban
663589.6	7459533.0	84.6	0.0	15.4	Urban
663589.6	7459733.0	85.2	0.0	14.8	Urban
663589.6	7459933.0	86.2	0.0	13.8	Urban
663589.6	7460133.0	88.4	0.0	11.6	Urban
663589.6	7460333.0	50.0	0.0	50.0	Urban
663589.6	7460533.0	3.4	0.0	96.6	Other
663589.6	7460733.0	0.0	0.0	100.0	Other
663589.6	7460933.0	0.0	0.0	100.0	Other
663589.6	7461133.0	0.0	0.0	100.0	Other
663589.6	7461333.0	0.0	0.0	100.0	Other
663589.6	7461533.0	0.0	0.0	100.0	Other
663589.6	7461733.0	0.0	0.0	100.0	Other
663589.6	7461933.0	2.0	0.0	98.0	Other
663589.6	7462133.0	2.7	0.0	97.3	Other
663589.6	7462333.0	4.5	0.0	95.5	Other
663589.6	7462533.0	6.9	0.0	93.1	Other
663589.6	7462733.0	0.0	0.0	100.0	Other
663589.6	7462933.0	29.7	0.2	70.1	Urban
663589.6	7463133.0	31.9	2.5	65.6	Urban
663589.6	7463333.0	47.8	0.0	52.2	Urban
663589.6	7463533.0	66.8	0.0	33.2	Urban
663589.6	7463733.0	65.4	0.0	34.6	Urban
663589.6	7463933.0	0.0	0.0	100.0	Other
663589.6	7464133.0	0.0	0.0	100.0	Other
663589.6	7464333.0	44.7	0.0	55.3	Urban
663589.6	7464533.0	96.9	0.0	3.1	Urban
663589.6	7464733.0	95.3	0.0	4.7	Urban
663589.6	7464933.0	87.1	0.0	12.9	Urban
663589.6	7465133.0	84.3	0.0	15.7	Urban
663589.6	7465333.0	64.1	0.0	35.9	Urban
663589.6	7465533.0	0.0	0.0	100.0	Other
663589.6	7465733.0	0.0	0.0	100.0	Other
663589.6	7465933.0	6.1	0.0	93.9	Other
663589.6	7466133.0	0.7	0.0	99.3	Other
663589.6	7466333.0	0.0	0.0	100.0	Other
663589.6	7466533.0	0.0	0.0	100.0	Other
663589.6	7466733.0	0.0	0.0	100.0	Other
663589.6	7466933.0	0.0	0.0	100.0	Other
663589.6	7467133.0	8.3	0.0	91.7	Other
663589.6	7467333.0	44.4	0.0	55.6	Urban
663589.6	7467533.0	27.5	0.0	72.5	Urban
663589.6	7467733.0	18.5	0.0	81.5	Other
663589.6	7467933.0	0.0	0.0	100.0	Other
663589.6	7468133.0	36.4	0.0	63.6	Urban
663589.6	7468333.0	98.1	0.0	1.9	Urban
663589.6	7468533.0	62.0	0.0	38.0	Urban
663589.6	7468733.0	87.9	0.0	12.1	Urban
663589.6	7468933.0	100.0	0.0	0.0	Urban
663589.6	7469133.0	100.0	0.0	0.0	Urban
663589.6	7469333.0	92.2	0.0	7.8	Urban
663589.6	7469533.0	92.8	0.0	7.2	Urban
663589.6	7469733.0	34.6	0.0	65.4	Urban
663589.6	7469933.0	11.5	0.0	88.5	Other
663589.6	7470133.0	45.5	0.0	54.5	Urban
663589.6	7470333.0	95.7	0.0	4.3	Urban
663589.6	7470533.0	93.3	0.0	6.7	Urban
663589.6	7470733.0	43.5	0.0	56.5	Urban
663589.6	7470933.0	28.6	0.0	71.4	Urban
663589.6	7471133.0	77.2	0.0	22.8	Urban
663589.6	7471333.0	32.6	0.0	67.4	Urban
663589.6	7471533.0	2.6	0.0	97.4	Other
663589.6	7471733.0	10.0	0.0	90.0	Other
663789.6	7451933.0	0.0	100.0	0.0	Water
663789.6	7452133.0	0.0	100.0	0.0	Water
663789.6	7452333.0	0.0	100.0	0.0	Water
663789.6	7452533.0	0.0	100.0	0.0	Water
663789.6	7452733.0	0.0	100.0	0.0	Water
663789.6	7452933.0	0.0	100.0	0.0	Water
663789.6	7453133.0	0.0	100.0	0.0	Water
663789.6	7453333.0	0.0	100.0	0.0	Water
663789.6	7453533.0	0.0	100.0	0.0	Water
663789.6	7453733.0	0.0	100.0	0.0	Water
663789.6	7453933.0	7.8	59.2	33.0	Water
663789.6	7454133.0	2.7	33.0	64.3	Other
663789.6	7454333.0	0.0	100.0	0.0	Water
663789.6	7454533.0	0.0	62.4	37.6	Water
663789.6	7454733.0	0.0	0.0	100.0	Other
663789.6	7454933.0	0.0	0.0	100.0	Other
663789.6	7455133.0	43.5	0.0	56.5	Urban
663789.6	7455333.0	82.6	0.5	16.8	Urban
663789.6	7455533.0	49.8	0.0	50.2	Urban
663789.6	7455733.0	76.4	0.0	23.6	Urban
663789.6	7455933.0	87.9	0.0	12.1	Urban
663789.6	7456133.0	59.8	0.0	40.2	Urban
663789.6	7456333.0	50.5	0.0	49.5	Urban
663789.6	7456533.0	39.7	0.0	60.3	Urban
663789.6	7456733.0	0.0	78.6	21.4	Water
663789.6	7456933.0	0.0	100.0	0.0	Water
663789.6	7457133.0	0.0	99.5	0.5	Water
663789.6	7457333.0	0.0	93.8	6.2	Water
663789.6	7457533.0	0.0	100.0	0.0	Water
663789.6	7457733.0	0.0	100.0	0.0	Water
663789.6	7457933.0	0.0	100.0	0.0	Water
663789.6	7458133.0	4.0	84.4	11.6	Water
663789.6	7458333.0	56.0	12.0	32.1	Urban
663789.6	7458533.0	60.9	0.0	39.1	Urban
663789.6	7458733.0	38.4	0.0	61.6	Urban
663789.6	7458933.0	0.4	0.0	99.6	Other
663789.6	7459133.0	0.0	0.0	100.0	Other
663789.6	7459333.0	0.0	0.0	100.0	Other
663789.6	7459533.0	49.3	0.0	50.7	Urban
663789.6	7459733.0	27.7	0.0	72.3	Urban
663789.6	7459933.0	58.6	0.0	41.4	Urban
663789.6	7460133.0	73.6	0.0	26.4	Urban
663789.6	7460333.0	63.9	0.0	36.1	Urban
663789.6	7460533.0	29.3	0.0	70.7	Urban
663789.6	7460733.0	0.0	0.0	100.0	Other
663789.6	7460933.0	0.0	0.0	100.0	Other
663789.6	7461133.0	0.0	0.0	100.0	Other
663789.6	7461333.0	0.0	0.0	100.0	Other
663789.6	7461533.0	0.0	0.0	100.0	Other
663789.6	7461733.0	0.0	0.0	100.0	Other
663789.6	7461933.0	0.0	0.0	100.0	Other
663789.6	7462133.0	4.2	0.0	95.8	Other
663789.6	7462333.0	9.9	0.0	90.1	Other
663789.6	7462533.0	5.8	0.0	94.2	Other
663789.6	7462733.0	0.2	0.0	99.8	Other
663789.6	7462933.0	46.7	0.0	53.3	Urban
663789.6	7463133.0	82.4	0.0	17.6	Urban
663789.6	7463333.0	29.5	0.0	70.5	Urban
663789.6	7463533.0	86.6	0.0	13.4	Urban
663789.6	7463733.0	63.8	0.0	36.2	Urban
663789.6	7463933.0	0.0	0.0	100.0	Other
663789.6	7464133.0	0.0	0.0	100.0	Other
663789.6	7464333.0	13.2	0.0	86.8	Other
663789.6	7464533.0	88.2	0.0	11.8	Urban
663789.6	7464733.0	83.1	0.0	16.9	Urban
663789.6	7464933.0	95.5	0.0	4.5	Urban
663789.6	7465133.0	53.6	0.0	46.4	Urban
663789.6	7465333.0	57.4	0.0	42.6	Urban
663789.6	7465533.0	14.1	0.0	85.9	Other
663789.6	7465733.0	0.0	0.0	100.0	Other
663789.6	7465933.0	0.0	0.0	100.0	Other
663789.6	7466133.0	0.0	0.0	100.0	Other
663789.6	7466333.0	0.0	0.0	100.0	Other
663789.6	7466533.0	0.0	0.0	100.0	Other
663789.6	7466733.0	0.0	0.0	100.0	Other
663789.6	7466933.0	0.0	0.0	100.0	Other
663789.6	7467133.0	0.0	0.0	100.0	Other
663789.6	7467333.0	7.2	0.0	92.8	Other
663789.6	7467533.0	1.3	0.0	98.7	Other
663789.6	7467733.0	14.9	0.0	85.1	Other
663789.6	7467933.0	45.3	0.0	54.7	Urban
663789.6	7468133.0	92.0	0.0	8.0	Urban
663789.6	7468333.0	63.9	0.0	36.1	Urban
663789.6	7468533.0	1.6	0.0	98.4	Other
663789.6	7468733.0	38.6	0.0	61.4	Urban
663789.6	7468933.0	72.1	0.0	27.9	Urban
663789.6	7469133.0	35.0	0.0	65.0	Urban
663789.6	7469333.0	10.1	0.0	89.9	Other
663789.6	7469533.0	20.5	0.0	79.5	Urban
663789.6	7469733.0	16.8	0.0	83.2	Other
663789.6	7469933.0	8.5	0.0	91.5	Other
663789.6	7470133.0	32.6	0.0	67.4	Urban
663789.6	7470333.0	81.5	0.0	18.5	Urban
663789.6	7470533.0	74.5	0.0	25.5	Urban
663789.6	7470733.0	77.4	0.0	22.6	Urban
663789.6	7470933.0	74.3	0.0	25.7	Urban
663789.6	7471133.0	70.8	0.0	29.2	Urban
663789.6	7471333.0	44.0	0.0	56.0	Urban
663789.6	7471533.0	2.7	0.0	97.3	Other
663789.6	7471733.0	0.0	0.0	100.0	Other
663989.6	7451933.0	0.0	100.0	0.0	Water
663989.6	7452133.0	0.0	100.0	0.0	Water
663989.6	7452333.0	0.0	100.0	0.0	Water
663989.6	7452533.0	0.0	100.0	0.0	Water
663989.6	7452733.0	0.0	100.0	0.0	Water
663989.6	7452933.0	0.0	100.0	0.0	Water
663989.6	7453133.0	0.0	100.0	0.0	Water
663989.6	7453333.0	0.0	100.0	0.0	Water
663989.6	7453533.0	0.0	100.0	0.0	Water
663989.6	7453733.0	0.0	100.0	0.0	Water
663989.6	7453933.0	0.4	75.0	24.6	Water
663989.6	7454133.0	8.9	3.8	87.3	Other
663989.6	7454333.0	0.0	75.7	24.3	Water
663989.6	7454533.0	0.0	75.2	24.8	Water
663989.6	7454733.0	0.0	0.0	100.0	Other
663989.6	7454933.0	21.4	0.0	78.6	Urban
663989.6	7455133.0	51.9	0.0	48.1	Urban
663989.6	7455333.0	75.2	0.0	24.8	Urban
663989.6	7455533.0	92.2	0.0	7.8	Urban
663989.6	7455733.0	93.4	0.0	6.6	Urban
663989.6	7455933.0	83.9	0.0	16.1	Urban
663989.6	7456133.0	35.1	0.0	64.9	Urban
663989.6	7456333.0	48.0	0.0	52.0	Urban
663989.6	7456533.0	59.8	0.0	40.2	Urban
663989.6	7456733.0	0.0	73.7	26.3	Water
663989.6	7456933.0	0.0	100.0	0.0	Water
663989.6	7457133.0	0.0	100.0	0.0	Water
663989.6	7457333.0	0.0	100.0	0.0	Water
663989.6	7457533.0	0.0	100.0	0.0	Water
663989.6	7457733.0	0.0	100.0	0.0	Water
663989.6	7457933.0	17.4	69.2	13.4	Water
663989.6	7458133.0	81.7	6.9	11.4	Urban
663989.6	7458333.0	92.4	3.1	4.5	Urban
663989.6	7458533.0	94.6	0.0	5.4	Urban
663989.6	7458733.0	65.4	0.0	34.6	Urban
663989.6	7458933.0	33.3	0.0	66.7	Urban
663989.6	7459133.0	0.2	0.0	99.8	Other
663989.6	7459333.0	0.0	0.0	100.0	Other
663989.6	7459533.0	51.7	0.0	48.3	Urban
663989.6	7459733.0	62.5	0.0	37.5	Urban
663989.6	7459933.0	13.8	0.0	86.2	Other
663989.6	7460133.0	42.6	0.0	57.4	Urban
663989.6	7460333.0	43.0	0.0	57.0	Urban
663989.6	7460533.0	0.0	0.0	100.0	Other
663989.6	7460733.0	0.0	0.0	100.0	Other
663989.6	7460933.0	0.0	0.0	100.0	Other
663989.6	7461133.0	0.0	0.0	100.0	Other
663989.6	7461333.0	0.0	0.0	100.0	Other
663989.6	7461533.0	0.0	0.0	100.0	Other
663989.6	7461733.0	0.0	0.0	100.0	Other
663989.6	7461933.0	0.0	0.0	100.0	Other
663989.6	7462133.0	0.0	0.0	100.0	Other
663989.6	7462333.0	18.1	0.0	81.9	Other
663989.6	7462533.0	1.6	0.0	98.4	Other
663989.6	7462733.0	0.0	0.0	100.0	Other
663989.6	7462933.0	4.5	0.0	95.5	Other
663989.6	7463133.0	37.7	0.0	62.3	Urban
663989.6	7463333.0	51.8	0.0	48.2	Urban
663989.6	7463533.0	71.6	0.0	28.4	Urban
663989.6	7463733.0	47.1	0.0	52.9	Urban
663989.6	7463933.0	62.9	0.0	37.1	Urban
663989.6	7464133.0	6.3	0.0	93.7	Other
663989.6	7464333.0	27.2	0.0	72.8	Urban
663989.6	7464533.0	85.5	0.0	14.5	Urban
663989.6	7464733.0	94.7	0.0	5.3	Urban
663989.6	7464933.0	82.6	0.0	17.4	Urban
663989.6	7465133.0	70.8	0.0	29.2	Urban
663989.6	7465333.0	54.2	0.0	45.8	Urban
663989.6	7465533.0	26.1	0.0	73.9	Urban
663989.6	7465733.0	0.0	0.0	100.0	Other
663989.6	7465933.0	0.0	0.0	100.0	Other
663989.6	7466133.0	0.0	0.0	100.0	Other
663989.6	7466333.0	0.0	0.0	100.0	Other
663989.6	7466533.0	0.0	0.0	100.0	Other
663989.6	7466733.0	0.0	0.0	100.0	Other
663989.6	7466933.0	0.0	0.0	100.0	Other
663989.6	7467133.0	0.0	0.0	100.0	Other
663989.6	7467333.0	1.3	0.0	98.7	Other
663989.6	7467533.0	20.1	0.0	79.9	Urban
663989.6	7467733.0	38.9	0.0	61.1	Urban
663989.6	7467933.0	63.4	0.0	36.6	Urban
663989.6	7468133.0	77.0	0.0	23.0	Urban
663989.6	7468333.0	58.9	0.0	41.1	Urban
663989.6	7468533.0	24.1	0.0	75.9	Urban
663989.6	7468733.0	0.0	0.0	100.0	Other
663989.6	7468933.0	10.1	0.0	89.9	Other
663989.6	7469133.0	16.5	0.0	83.5	Other
663989.6	7469333.0	0.0	0.0	100.0	Other
663989.6	7469533.0	0.4	0.0	99.6	Other
663989.6	7469733.0	0.0	0.0	100.0	Other
663989.6	7469933.0	0.0	0.0	100.0	Other
663989.6	7470133.0	32.1	0.0	67.9	Urban
663989.6	7470333.0	55.3	0.0	44.7	Urban
663989.6	7470533.0	48.7	0.0	51.3	Urban
663989.6	7470733.0	53.1	0.0	46.9	Urban
663989.6	7470933.0	70.8	0.0	29.2	Urban
663989.6	7471133.0	55.4	0.0	44.6	Urban
663989.6	7471333.0	36.0	0.0	64.0	Urban
663989.6	7471533.0	9.1	0.0	90.9	Other
663989.6	7471733.0	7.4	0.0	92.6	Other
664189.6	7451933.0	0.0	100.0	0.0	Water
664189.6	7452133.0	0.0	100.0	0.0	Water
664189.6	7452333.0	0.0	100.0	0.0	Water
664189.6	7452533.0	0.0	100.0	0.0	Water
664189.6	7452733.0	0.0	100.0	0.0	Water
664189.6	7452933.0	0.0	100.0	0.0	Water
664189.6	7453133.0	0.0	100.0	0.0	Water
664189.6	7453333.0	0.0	100.0	0.0	Water
664189.6	7453533.0	0.0	100.0	0.0	Water
664189.6	7453733.0	0.0	100.0	0.0	Water
664189.6	7453933.0	0.0	81.9	18.1	Water
664189.6	7454133.0	14.1	0.0	85.9	Other
664189.6	7454333.0	0.0	11.1	88.9	Other
664189.6	7454533.0	0.0	32.8	67.2	Other
664189.6	7454733.0	0.0	0.0	100.0	Other
664189.6	7454933.0	55.8	0.0	44.2	Urban
664189.6	7455133.0	78.8	0.0	21.2	Urban
664189.6	7455333.0	57.4	0.0	42.6	Urban
664189.6	7455533.0	56.9	0.0	43.1	Urban
664189.6	7455733.0	84.4	0.0	15.6	Urban
664189.6	7455933.0	90.1	0.0	9.9	Urban
664189.6	7456133.0	57.4	0.0	42.6	Urban
664189.6	7456333.0	59.2	0.0	40.8	Urban
664189.6	7456533.0	59.8	0.0	40.2	Urban
664189.6	7456733.0	1.9	72.0	26.1	Water
664189.6	7456933.0	0.0	100.0	0.0	Water
664189.6	7457133.0	0.0	100.0	0.0	Water
664189.6	7457333.0	0.0	100.0	0.0	Water
664189.6	7457533.0	0.0	100.0	0.0	Water
664189.6	7457733.0	22.8	59.8	17.4	Urban
664189.6	7457933.0	88.2	1.8	10.0	Urban
664189.6	7458133.0	86.4	0.0	13.6	Urban
664189.6	7458333.0	99.2	0.0	0.8	Urban
664189.6	7458533.0	93.3	0.0	6.7	Urban
664189.6	7458733.0	39.5	0.0	60.5	Urban
664189.6	7458933.0	10.4	0.0	89.6	Other
664189.6	7459133.0	41.3	0.0	58.7	Urban
664189.6	7459333.0	26.4	0.0	73.6	Urban
664189.6	7459533.0	67.2	0.0	32.8	Urban
664189.6	7459733.0	78.4	0.0	21.6	Urban
664189.6	7459933.0	38.8	0.0	61.2	Urban
664189.6	7460133.0	19.5	0.0	80.5	Other
664189.6	7460333.0	26.8	0.0	73.2	Urban
664189.6	7460533.0	0.0	0.0	100.0	Other
664189.6	7460733.0	0.0	0.0	100.0	Other
664189.6	7460933.0	0.0	0.0	100.0	Other
664189.6	7461133.0	0.0	0.0	100.0	Other
664189.6	7461333.0	0.0	0.0	100.0	Other
664189.6	7461533.0	0.0	0.0	100.0	Other
664189.6	7461733.0	1.3	0.0	98.7	Other
664189.6	7461933.0	0.0	0.0	100.0	Other
664189.6	7462133.0	6.8	0.0	93.2	Other
664189.6	7462333.0	6.3	0.0	93.7	Other
664189.6	7462533.0	3.4	0.0	96.6	Other
664189.6	7462733.0	21.6	0.0	78.4	Urban
664189.6	7462933.0	1.9	0.0	98.1	Other
664189.6	7463133.0	8.5	0.0	91.5	Other
664189.6	7463333.0	36.4	0.0	63.6	Urban
664189.6	7463533.0	78.1	0.0	21.9	Urban
664189.6	7463733.0	56.7	0.0	43.3	Urban
664189.6	7463933.0	76.4	0.0	23.6	Urban
664189.6	7464133.0	69.9	0.0	30.1	Urban
664189.6	7464333.0	72.1	0.0	27.9	Urban
664189.6	7464533.0	83.1	0.0	16.9	Urban
664189.6	7464733.0	57.4	0.0	42.6	Urban
664189.6	7464933.0	64.7	0.0	35.3	Urban
664189.6	7465133.0	22.3	0.0	77.7	Urban
664189.6	7465333.0	46.3	0.0	53.7	Urban
664189.6	7465533.0	2.7	0.0	97.3	Other
664189.6	7465733.0	0.0	0.0	100.0	Other
664189.6	7465933.0	0.0	0.0	100.0	Other
664189.6	7466133.0	0.0	0.0	100.0	Other
664189.6	7466333.0	0.0	0.0	100.0	Other
664189.6	7466533.0	0.0	0.0	100.0	Other
664189.6	7466733.0	0.7	0.0	99.3	Other
664189.6	7466933.0	36.9	0.0	63.1	Urban
664189.6	7467133.0	85.3	0.0	14.7	Urban
664189.6	7467333.0	85.5	0.0	14.5	Urban
664189.6	7467533.0	92.8	0.0	7.2	Urban
664189.6	7467733.0	90.0	0.0	10.0	Urban
664189.6	7467933.0	99.1	0.0	0.9	Urban
664189.6	7468133.0	96.2	0.0	3.8	Urban
664189.6	7468333.0	91.7	0.0	8.3	Urban
664189.6	7468533.0	76.8	0.0	23.2	Urban
664189.6	7468733.0	20.1	0.0	79.9	Urban
664189.6	7468933.0	15.2	0.0	84.8	Other
664189.6	7469133.0	0.0	0.0	100.0	Other
664189.6	7469333.0	0.0	0.0	100.0	Other
664189.6	7469533.0	0.0	0.0	100.0	Other
664189.6	7469733.0	0.0	0.0	100.0	Other
664189.6	7469933.0	0.9	0.0	99.1	Other
664189.6	7470133.0	27.0	0.0	73.0	Urban
664189.6	7470333.0	51.1	0.0	48.9	Urban
664189.6	7470533.0	83.9	0.0	16.1	Urban
664189.6	7470733.0	95.5	0.0	4.5	Urban
664189.6	7470933.0	71.7	0.0	28.3	Urban
664189.6	7471133.0	55.7	0.0	44.3	Urban
664189.6	7471333.0	2.2	0.0	97.8	Other
664189.6	7471533.0	61.4	0.0	38.6	Urban
664189.6	7471733.0	70.8	0.0	29.2	Urban
664389.6	7451933.0	0.0	100.0	0.0	Water
664389.6	7452133.0	0.0	100.0	0.0	Water
664389.6	7452333.0	0.0	100.0	0.0	Water
664389.6	7452533.0	0.0	100.0	0.0	Water
664389.6	7452733.0	0.0	100.0	0.0	Water
664389.6	7452933.0	0.0	100.0	0.0	Water
664389.6	7453133.0	0.0	100.0	0.0	Water
664389.6	7453333.0	0.0	100.0	0.0	Water
664389.6	7453533.0	0.0	100.0	0.0	Water
664389.6	7453733.0	0.0	100.0	0.0	Water
664389.6	7453933.0	0.0	95.3	4.7	Water
664389.6	7454133.0	7.8	2.2	90.0	Other
664389.6	7454333.0	0.0	0.2	99.8	Other
664389.6	7454533.0	0.0	4.9	95.1	Other
664389.6	7454733.0	2.4	0.0	97.6	Other
664389.6	7454933.0	47.6	0.0	52.4	Urban
664389.6	7455133.0	88.6	0.0	11.4	Urban
664389.6	7455333.0	81.5	0.0	18.5	Urban
664389.6	7455533.0	78.1	0.0	21.9	Urban
664389.6	7455733.0	62.7	0.0	37.3	Urban
664389.6	7455933.0	84.1	0.0	15.9	Urban
664389.6	7456133.0	22.5	0.0	77.5	Urban
664389.6	7456333.0	66.5	0.0	33.5	Urban
664389.6	7456533.0	70.5	0.0	29.5	Urban
664389.6	7456733.0	3.1	54.0	42.9	Water
664389.6	7456933.0	0.0	100.0	0.0	Water
664389.6	7457133.0	0.0	100.0	0.0	Water
664389.6	7457333.0	0.0	100.0	0.0	Water
664389.6	7457533.0	7.8	64.1	28.1	Water
664389.6	7457733.0	55.1	1.6	43.3	Urban
664389.6	7457933.0	53.4	0.0	46.6	Urban
664389.6	7458133.0	63.9	0.0	36.1	Urban
664389.6	7458333.0	83.2	0.0	16.8	Urban
664389.6	7458533.0	61.2	0.0	38.8	Urban
664389.6	7458733.0	92.4	0.0	7.6	Urban
664389.6	7458933.0	49.5	0.0	50.5	Urban
664389.6	7459133.0	90.9	0.0	9.1	Urban
664389.6	7459333.0	80.9	0.0	19.1	Urban
664389.6	7459533.0	37.1	0.0	62.9	Urban
664389.6	7459733.0	85.5	0.0	14.5	Urban
664389.6	7459933.0	73.2	0.0	26.8	Urban
664389.6	7460133.0	74.1	0.0	25.9	Urban
664389.6	7460333.0	30.4	0.0	69.6	Urban
664389.6	7460533.0	0.0	0.0	100.0	Other
664389.6	7460733.0	0.0	0.0	100.0	Other
664389.6	7460933.0	6.1	0.0	93.9	Other
664389.6	7461133.0	10.3	0.0	89.7	Other
664389.6	7461333.0	1.4	0.0	98.6	Other
664389.6	7461533.0	17.4	0.0	82.6	Other
664389.6	7461733.0	37.2	0.0	62.8	Urban
664389.6	7461933.0	28.4	0.0	71.6	Urban
664389.6	7462133.0	5.9	0.0	94.1	Other
664389.6	7462333.0	18.8	0.0	81.2	Other
664389.6	7462533.0	2.4	0.0	97.6	Other
664389.6	7462733.0	0.8	0.0	99.2	Other
664389.6	7462933.0	0.7	0.0	99.3	Other
664389.6	7463133.0	0.0	0.0	100.0	Other
664389.6	7463333.0	19.3	0.0	80.7	Other
664389.6	7463533.0	20.5	0.0	79.5	Urban
664389.6	7463733.0	67.2	0.0	32.8	Urban
664389.6	7463933.0	75.8	0.0	24.2	Urban
664389.6	7464133.0	28.3	0.0	71.7	Urban
664389.6	7464333.0	50.5	0.0	49.5	Urban
664389.6	7464533.0	58.7	0.0	41.3	Urban
664389.6	7464733.0	74.6	0.0	25.4	Urban
664389.6	7464933.0	92.8	0.0	7.2	Urban
664389.6	7465133.0	56.5	0.0	43.5	Urban
664389.6	7465333.0	71.4	0.0	28.6	Urban
664389.6	7465533.0	23.4	0.0	76.6	Urban
664389.6	7465733.0	0.0	0.0	100.0	Other
664389.6	7465933.0	0.0	0.0	100.0	Other
664389.6	7466133.0	0.0	0.0	100.0	Other
664389.6	7466333.0	0.0	0.0	100.0	Other
664389.6	7466533.0	0.0	0.0	100.0	Other
664389.6	7466733.0	27.2	0.0	72.8	Urban
664389.6	7466933.0	42.0	0.0	58.0	Urban
664389.6	7467133.0	40.8	0.0	59.2	Urban
664389.6	7467333.0	91.1	0.0	8.9	Urban
664389.6	7467533.0	53.1	0.0	46.9	Urban
664389.6	7467733.0	25.5	0.0	74.5	Urban
664389.6	7467933.0	83.0	0.0	17.0	Urban
664389.6	7468133.0	95.5	0.0	4.5	Urban
664389.6	7468333.0	58.7	0.0	41.3	Urban
664389.6	7468533.0	50.9	0.0	49.1	Urban
664389.6	7468733.0	16.5	0.0	83.5	Other
664389.6	7468933.0	3.3	0.0	96.7	Other
664389.6	7469133.0	0.0	0.0	100.0	Other
664389.6	7469333.0	0.0	0.0	100.0	Other
664389.6	7469533.0	0.0	0.0	100.0	Other
664389.6	7469733.0	0.0	0.0	100.0	Other
664389.6	7469933.0	0.0	0.0	100.0	Other
664389.6	7470133.0	0.0	0.0	100.0	Other
664389.6	7470333.0	18.1	0.0	81.9	Other
664389.6	7470533.0	71.0	0.0	29.0	Urban
664389.6	7470733.0	87.3	0.0	12.7	Urban
664389.6	7470933.0	87.5	0.0	12.5	Urban
664389.6	7471133.0	63.3	0.0	36.7	Urban
664389.6	7471333.0	0.2	0.0	99.8	Other
664389.6	7471533.0	34.8	0.0	65.2	Urban
664389.6	7471733.0	83.7	0.0	16.3	Urban
664589.6	7451933.0	0.0	100.0	0.0	Water
664589.6	7452133.0	0.0	100.0	0.0	Water
664589.6	7452333.0	0.0	100.0	0.0	Water
664589.6	7452533.0	0.0	100.0	0.0	Water
664589.6	7452733.0	0.0	100.0	0.0	Water
664589.6	7452933.0	0.0	100.0	0.0	Water
664589.6	7453133.0	0.0	100.0	0.0	Water
664589.6	7453333.0	0.0	100.0	0.0	Water
664589.6	7453533.0	0.0	100.0	0.0	Water
664589.6	7453733.0	0.0	100.0	0.0	Water
664589.6	7453933.0	0.0	100.0	0.0	Water
664589.6	7454133.0	9.6	11.1	79.3	Other
664589.6	7454333.0	0.0	25.9	74.1	Other
664589.6	7454533.0	0.0	63.0	37.0	Water
664589.6	7454733.0	0.0	14.9	85.1	Other
664589.6	7454933.0	2.7	0.0	97.3	Other
664589.6	7455133.0	16.5	0.0	83.5	Other
664589.6	7455333.0	78.1	0.0	21.9	Urban
664589.6	7455533.0	73.1	0.0	26.9	Urban
664589.6	7455733.0	88.7	0.0	11.3	Urban
664589.6	7455933.0	72.3	0.0	27.7	Urban
664589.6	7456133.0	17.4	0.0	82.6	Other
664589.6	7456333.0	52.7	0.0	47.3	Urban
664589.6	7456533.0	80.3	0.0	19.7	Urban
664589.6	7456733.0	23.0	35.9	41.1	Urban
664589.6	7456933.0	0.0	100.0	0.0	Water
664589.6	7457133.0	0.0	100.0	0.0	Water
664589.6	7457333.0	1.9	84.2	13.9	Water
664589.6	7457533.0	38.6	4.7	56.7	Urban
664589.6	7457733.0	82.2	0.0	17.8	Urban
664589.6	7457933.0	42.8	0.0	57.2	Urban
664589.6	7458133.0	52.9	0.0	47.1	Urban
664589.6	7458333.0	69.9	0.0	30.1	Urban
664589.6	7458533.0	70.7	0.0	29.3	Urban
664589.6	7458733.0	98.2	0.0	1.8	Urban
664589.6	7458933.0	90.1	0.0	9.9	Urban
664589.6	7459133.0	73.7	0.0	26.3	Urban
664589.6	7459333.0	81.9	0.0	18.1	Urban
664589.6	7459533.0	94.7	0.0	5.3	Urban
664589.6	7459733.0	81.5	0.0	18.5	Urban
664589.6	7459933.0	72.5	0.0	27.5	Urban
664589.6	7460133.0	91.8	0.0	8.2	Urban
664589.6	7460333.0	55.1	0.0	44.9	Urban
664589.6	7460533.0	9.6	0.0	90.4	Other
664589.6	7460733.0	37.1	0.0	62.9	Urban
664589.6	7460933.0	86.6	0.0	13.4	Urban
664589.6	7461133.0	44.6	0.0	55.4	Urban
664589.6	7461333.0	15.9	0.0	84.1	Other
664589.6	7461533.0	21.2	0.0	78.8	Urban
664589.6	7461733.0	65.9	0.0	34.1	Urban
664589.6	7461933.0	44.9	0.0	55.1	Urban
664589.6	7462133.0	48.6	0.0	51.4	Urban
664589.6	7462333.0	51.3	0.0	48.7	Urban
664589.6	7462533.0	60.9	0.0	39.1	Urban
664589.6	7462733.0	66.8	0.0	33.2	Urban
664589.6	7462933.0	22.1	0.0	77.9	Urban
664589.6	7463133.0	32.2	0.0	67.8	Urban
664589.6	7463333.0	59.2	0.0	40.8	Urban
664589.6	7463533.0	74.4	0.0	25.6	Urban
664589.6	7463733.0	96.4	0.0	3.6	Urban
664589.6	7463933.0	14.5	0.0	85.5	Other
664589.6	7464133.0	0.0	0.0	100.0	Other
664589.6	7464333.0	5.0	0.0	95.0	Other
664589.6	7464533.0	35.3	0.0	64.7	Urban
664589.6	7464733.0	79.2	0.0	20.8	Urban
664589.6	7464933.0	82.1	0.0	17.9	Urban
664589.6	7465133.0	91.7	0.0	8.3	Urban
664589.6	7465333.0	83.0	0.0	17.0	Urban
664589.6	7465533.0	63.6	0.0	36.4	Urban
664589.6	7465733.0	3.1	0.0	96.9	Other
664589.6	7465933.0	0.0	0.0	100.0	Other
664589.6	7466133.0	0.0	0.0	100.0	Other
664589.6	7466333.0	0.0	0.0	100.0	Other
664589.6	7466533.0	0.0	0.0	100.0	Other
664589.6	7466733.0	14.3	0.0	85.7	Other
664589.6	7466933.0	0.0	0.0	100.0	Other
664589.6	7467133.0	0.0	0.0	100.0	Other
664589.6	7467333.0	40.8	0.0	59.2	Urban
664589.6	7467533.0	37.2	0.0	62.8	Urban
664589.6	7467733.0	20.6	0.0	79.4	Urban
664589.6	7467933.0	54.7	0.0	45.3	Urban
664589.6	7468133.0	92.4	0.0	7.6	Urban
664589.6	7468333.0	89.6	0.0	10.4	Urban
664589.6	7468533.0	22.8	0.0	77.2	Urban
664589.6	7468733.0	4.9	0.0	95.1	Other
664589.6	7468933.0	13.4	0.0	86.6	Other
664589.6	7469133.0	1.3	0.0	98.7	Other
664589.6	7469333.0	0.0	0.0	100.0	Other
664589.6	7469533.0	0.0	0.0	100.0	Other
664589.6	7469733.0	0.0	0.0	100.0	Other
664589.6	7469933.0	26.6	0.0	73.4	Urban
664589.6	7470133.0	8.9	0.0	91.1	Other
664589.6	7470333.0	13.4	0.0	86.6	Other
664589.6	7470533.0	72.1	0.0	27.9	Urban
664589.6	7470733.0	83.9	0.0	16.1	Urban
664589.6	7470933.0	88.0	0.0	12.0	Urban
664589.6	7471133.0	74.1	0.0	25.9	Urban
664589.6	7471333.0	27.4	0.0	72.6	Urban
664589.6	7471533.0	1.8	0.0	98.2	Other
664589.6	7471733.0	69.0	0.0	31.0	Urban
664789.6	7451933.0	0.0	100.0	0.0	Water
664789.6	7452133.0	0.0	100.0	0.0	Water
664789.6	7452333.0	0.0	100.0	0.0	Water
664789.6	7452533.0	0.0	100.0	0.0	Water
664789.6	7452733.0	0.0	100.0	0.0	Water
664789.6	7452933.0	0.0	100.0	0.0	Water
664789.6	7453133.0	0.0	100.0	0.0	Water
664789.6	7453333.0	0.0	100.0	0.0	Water
664789.6	7453533.0	0.0	100.0	0.0	Water
664789.6	7453733.0	0.0	100.0	0.0	Water
664789.6	7453933.0	0.0	100.0	0.0	Water
664789.6	7454133.0	9.2	19.9	70.8	Other
664789.6	7454333.0	0.0	64.7	35.3	Water
664789.6	7454533.0	0.0	100.0	0.0	Water
664789.6	7454733.0	0.0	63.6	36.4	Water
664789.6	7454933.0	0.0	0.0	100.0	Other
664789.6	7455133.0	0.5	0.0	99.5	Other
664789.6	7455333.0	78.1	0.0	21.9	Urban
664789.6	7455533.0	76.4	0.0	23.6	Urban
664789.6	7455733.0	84.6	0.0	15.4	Urban
664789.6	7455933.0	77.5	0.0	22.5	Urban
664789.6	7456133.0	32.7	0.0	67.3	Urban
664789.6	7456333.0	40.5	0.0	59.5	Urban
664789.6	7456533.0	75.4	0.0	24.6	Urban
664789.6	7456733.0	19.6	0.4	80.1	Other
664789.6	7456933.0	0.0	85.2	14.8	Water
664789.6	7457133.0	0.0	100.0	0.0	Water
664789.6	7457333.0	2.2	88.8	9.1	Water
664789.6	7457533.0	22.9	18.6	58.5	Urban
664789.6	7457733.0	72.8	0.0	27.2	Urban
664789.6	7457933.0	75.9	0.0	24.1	Urban
664789.6	7458133.0	65.7	0.0	34.3	Urban
664789.6	7458333.0	63.0	0.0	37.0	Urban
664789.6	7458533.0	68.1	0.0	31.9	Urban
664789.6	7458733.0	77.7	0.0	22.3	Urban
664789.6	7458933.0	97.8	0.0	2.2	Urban
664789.6	7459133.0	100.0	0.0	0.0	Urban
664789.6	7459333.0	95.3	0.0	4.7	Urban
664789.6	7459533.0	100.0	0.0	0.0	Urban
664789.6	7459733.0	87.0	0.0	13.0	Urban
664789.6	7459933.0	98.3	0.0	1.7	Urban
664789.6	7460133.0	89.3	0.0	10.7	Urban
664789.6	7460333.0	97.3	0.0	2.7	Urban
664789.6	7460533.0	72.1	0.0	27.9	Urban
664789.6	7460733.0	68.3	0.0	31.7	Urban
664789.6	7460933.0	100.0	0.0	0.0	Urban
664789.6	7461133.0	94.0	0.0	6.0	Urban
664789.6	7461333.0	36.6	0.0	63.4	Urban
664789.6	7461533.0	86.8	0.0	13.2	Urban
664789.6	7461733.0	84.8	0.0	15.2	Urban
664789.6	7461933.0	75.4	0.0	24.6	Urban
664789.6	7462133.0	74.5	0.0	25.5	Urban
664789.6	7462333.0	62.4	0.0	37.6	Urban
664789.6	7462533.0	90.2	0.0	9.8	Urban
664789.6	7462733.0	77.2	0.0	22.8	Urban
664789.6	7462933.0	42.9	0.0	57.1	Urban
664789.6	7463133.0	68.3	0.0	31.7	Urban
664789.6	7463333.0	82.1	0.0	17.9	Urban
664789.6	7463533.0	81.9	0.0	18.1	Urban
664789.6	7463733.0	92.6	0.0	7.4	Urban
664789.6	7463933.0	72.7	0.0	27.3	Urban
664789.6	7464133.0	15.8	0.0	84.2	Other
664789.6	7464333.0	0.9	0.0	99.1	Other
664789.6	7464533.0	61.1	0.0	38.9	Urban
664789.6	7464733.0	92.8	0.0	7.2	Urban
664789.6	7464933.0	88.8	0.0	11.2	Urban
664789.6	7465133.0	92.6	0.0	7.4	Urban
664789.6	7465333.0	99.5	0.0	0.5	Urban
664789.6	7465533.0	92.4	0.0	7.6	Urban
664789.6	7465733.0	5.1	0.0	94.9	Other
664789.6	7465933.0	0.0	0.0	100.0	Other
664789.6	7466133.0	0.2	0.0	99.8	Other
664789.6	7466333.0	0.0	0.0	100.0	Other
664789.6	7466533.0	0.0	0.0	100.0	Other
664789.6	7466733.0	16.3	0.0	83.7	Other
664789.6	7466933.0	0.0	0.0	100.0	Other
664789.6	7467133.0	0.0	0.0	100.0	Other
664789.6	7467333.0	0.0	0.0	100.0	Other
664789.6	7467533.0	43.3	0.0	56.7	Urban
664789.6	7467733.0	79.2	0.0	20.8	Urban
664789.6	7467933.0	98.0	0.0	2.0	Urban
664789.6	7468133.0	90.2	0.0	9.8	Urban
664789.6	7468333.0	28.3	0.0	71.7	Urban
664789.6	7468533.0	0.9	0.0	99.1	Other
664789.6	7468733.0	0.5	0.0	99.5	Other
664789.6	7468933.0	13.0	0.0	87.0	Other
664789.6	7469133.0	0.6	0.0	99.4	Other
664789.6	7469333.0	0.0	0.0	100.0	Other
664789.6	7469533.0	0.0	0.0	100.0	Other
664789.6	7469733.0	0.0	0.0	100.0	Other
664789.6	7469933.0	17.8	0.0	82.2	Other
664789.6	7470133.0	11.3	0.0	88.7	Other
664789.6	7470333.0	3.6	0.0	96.4	Other
664789.6	7470533.0	30.8	0.0	69.2	Urban
664789.6	7470733.0	81.7	0.0	18.3	Urban
664789.6	7470933.0	71.8	0.0	28.2	Urban
664789.6	7471133.0	85.7	0.0	14.3	Urban
664789.6	7471333.0	28.6	0.0	71.4	Urban
664789.6	7471533.0	33.1	0.0	66.9	Urban
664789.6	7471733.0	45.9	0.0	54.1	Urban
664989.6	7451933.0	0.0	100.0	0.0	Water
664989.6	7452133.0	0.0	100.0	0.0	Water
664989.6	7452333.0	0.0	100.0	0.0	Water
664989.6	7452533.0	0.0	100.0	0.0	Water
664989.6	7452733.0	0.0	100.0	0.0	Water
664989.6	7452933.0	0.0	100.0	0.0	Water
664989.6	7453133.0	0.0	100.0	0.0	Water
664989.6	7453333.0	0.0	100.0	0.0	Water
664989.6	7453533.0	0.0	100.0	0.0	Water
664989.6	7453733.0	0.0	100.0	0.0	Water
664989.6	7453933.0	0.0	100.0	0.0	Water
664989.6	7454133.0	7.8	31.3	60.9	Other
664989.6	7454333.0	0.0	69.2	30.8	Water
664989.6	7454533.0	0.0	100.0	0.0	Water
664989.6	7454733.0	0.0	36.1	63.9	Other
664989.6	7454933.0	0.0	0.0	100.0	Other
664989.6	7455133.0	6.5	0.0	93.5	Other
664989.6	7455333.0	86.4	0.0	13.6	Urban
664989.6	7455533.0	87.9	0.0	12.1	Urban
664989.6	7455733.0	84.8	0.0	15.2	Urban
664989.6	7455933.0	73.0	0.0	27.0	Urban
664989.6	7456133.0	10.3	0.0	89.7	Other
664989.6	7456333.0	0.0	0.0	100.0	Other
664989.6	7456533.0	0.0	0.0	100.0	Other
664989.6	7456733.0	0.0	2.2	97.8	Other
664989.6	7456933.0	0.0	87.9	12.1	Water
664989.6	7457133.0	0.0	100.0	0.0	Water
664989.6	7457333.0	0.0	100.0	0.0	Water
664989.6	7457533.0	0.0	98.4	1.6	Water
664989.6	7457733.0	13.8	55.1	31.2	Water
664989.6	7457933.0	43.0	0.2	56.9	Urban
664989.6	7458133.0	56.0	0.0	44.0	Urban
664989.6	7458333.0	88.0	0.0	12.0	Urban
664989.6	7458533.0	76.4	0.0	23.6	Urban
664989.6	7458733.0	88.9	0.0	11.1	Urban
664989.6	7458933.0	96.2	0.0	3.8	Urban
664989.6	7459133.0	87.7	0.0	12.3	Urban
664989.6	7459333.0	53.6	0.0	46.4	Urban
664989.6	7459533.0	81.6	0.0	18.4	Urban
664989.6	7459733.0	75.2	0.0	24.8	Urban
664989.6	7459933.0	98.4	0.0	1.6	Urban
664989.6	7460133.0	100.0	0.0	0.0	Urban
664989.6	7460333.0	97.0	0.0	3.0	Urban
664989.6	7460533.0	89.7	0.0	10.3	Urban
664989.6	7460733.0	94.3	0.0	5.7	Urban
664989.6	7460933.0	96.0	0.0	4.0	Urban
664989.6	7461133.0	95.8	0.0	4.2	Urban
664989.6	7461333.0	74.8	0.0	25.2	Urban
664989.6	7461533.0	93.7	0.0	6.3	Urban
664989.6	7461733.0	2.2	0.0	97.8	Other
664989.6	7461933.0	32.6	0.0	67.4	Urban
664989.6	7462133.0	96.9	0.0	3.1	Urban
664989.6	7462333.0	80.4	0.0	19.6	Urban
664989.6	7462533.0	78.0	0.0	22.0	Urban
664989.6	7462733.0	89.1	0.0	10.9	Urban
664989.6	7462933.0	79.7	0.0	20.3	Urban
664989.6	7463133.0	94.3	0.0	5.7	Urban
664989.6	7463333.0	76.8	0.0	23.2	Urban
664989.6	7463533.0	85.1	0.0	14.9	Urban
664989.6	7463733.0	79.0	0.0	21.0	Urban
664989.6	7463933.0	69.4	0.0	30.6	Urban
664989.6	7464133.0	4.3	0.0	95.7	Other
664989.6	7464333.0	38.8	0.0	61.2	Urban
664989.6	7464533.0	58.9	0.0	41.1	Urban
664989.6	7464733.0	91.7	0.0	8.3	Urban
664989.6	7464933.0	78.1	0.0	21.9	Urban
664989.6	7465133.0	77.9	0.0	22.1	Urban
664989.6	7465333.0	88.8	0.0	11.2	Urban
664989.6	7465533.0	97.3	0.0	2.7	Urban
664989.6	7465733.0	17.6	0.0	82.4	Other
664989.6	7465933.0	0.0	0.0	100.0	Other
664989.6	7466133.0	0.0	0.0	100.0	Other
664989.6	7466333.0	0.0	0.0	100.0	Other
664989.6	7466533.0	0.0	0.0	100.0	Other
664989.6	7466733.0	28.3	0.0	71.7	Urban
664989.6	7466933.0	0.4	0.0	99.6	Other
664989.6	7467133.0	0.0	0.0	100.0	Other
664989.6	7467333.0	3.0	0.0	97.0	Other
664989.6	7467533.0	6.7	0.0	93.3	Other
664989.6	7467733.0	94.4	0.0	5.6	Urban
664989.6	7467933.0	100.0	0.0	0.0	Urban
664989.6	7468133.0	84.7	0.0	15.3	Urban
664989.6	7468333.0	4.7	0.0	95.3	Other
664989.6	7468533.0	13.4	0.0	86.6	Other
664989.6	7468733.0	5.3	0.0	94.7	Other
664989.6	7468933.0	20.9	0.0	79.1	Urban
664989.6	7469133.0	18.3	0.0	81.7	Other
664989.6	7469333.0	0.0	0.7	99.3	Other
664989.6	7469533.0	4.0	4.0	92.0	Other
664989.6	7469733.0	2.9	0.0	97.1	Other
664989.6	7469933.0	9.1	0.0	90.9	Other
664989.6	7470133.0	31.9	0.0	68.1	Urban
664989.6	7470333.0	15.6	0.0	84.4	Other
664989.6	7470533.0	52.9	0.0	47.1	Urban
664989.6	7470733.0	63.8	0.0	36.2	Urban
664989.6	7470933.0	63.6	0.0	36.4	Urban
664989.6	7471133.0	76.8	0.0	23.2	Urban
664989.6	7471333.0	47.6	0.0	52.4	Urban
664989.6	7471533.0	70.5	0.0	29.5	Urban
664989.6	7471733.0	75.2	0.0	24.8	Urban
665189.6	7451933.0	0.0	100.0	0.0	Water
665189.6	7452133.0	0.0	100.0	0.0	Water
665189.6	7452333.0	0.0	100.0	0.0	Water
665189.6	7452533.0	0.0	100.0	0.0	Water
665189.6	7452733.0	0.0	100.0	0.0	Water
665189.6	7452933.0	0.0	100.0	0.0	Water
665189.6	7453133.0	0.0	100.0	0.0	Water
665189.6	7453333.0	0.0	100.0	0.0	Water
665189.6	7453533.0	0.0	100.0	0.0	Water
665189.6	7453733.0	0.0	100.0	0.0	Water
665189.6	7453933.0	0.0	100.0	0.0	Water
665189.6	7454133.0	7.8	35.1	57.1	Other
665189.6	7454333.0	0.0	51.7	48.3	Water
665189.6	7454533.0	0.0	100.0	0.0	Water
665189.6	7454733.0	0.0	37.5	62.5	Other
665189.6	7454933.0	29.0	0.0	71.0	Urban
665189.6	7455133.0	51.8	0.0	48.2	Urban
665189.6	7455333.0	81.3	0.0	18.7	Urban
665189.6	7455533.0	83.2	0.0	16.8	Urban
665189.6	7455733.0	65.4	0.0	34.6	Urban
665189.6	7455933.0	83.3	0.0	16.7	Urban
665189.6	7456133.0	17.0	0.0	83.0	Other
665189.6	7456333.0	0.0	37.1	62.9	Other
665189.6	7456533.0	0.0	78.1	21.9	Water
665189.6	7456733.0	0.0	86.3	13.7	Water
665189.6	7456933.0	0.0	97.8	2.2	Water
665189.6	7457133.0	0.0	96.6	3.4	Water
665189.6	7457333.0	0.0	100.0	0.0	Water
665189.6	7457533.0	0.0	100.0	0.0	Water
665189.6	7457733.0	0.0	99.8	0.2	Water
665189.6	7457933.0	5.8	31.9	62.3	Other
665189.6	7458133.0	29.2	0.0	70.8	Urban
665189.6	7458333.0	72.5	0.0	27.5	Urban
665189.6	7458533.0	90.4	0.0	9.6	Urban
665189.6	7458733.0	91.5	0.2	8.3	Urban
665189.6	7458933.0	53.3	0.0	46.7	Urban
665189.6	7459133.0	27.9	0.0	72.1	Urban
665189.6	7459333.0	15.6	0.0	84.4	Other
665189.6	7459533.0	0.0	0.0	100.0	Other
665189.6	7459733.0	2.7	0.0	97.3	Other
665189.6	7459933.0	93.7	0.0	6.3	Urban
665189.6	7460133.0	96.7	0.0	3.3	Urban
665189.6	7460333.0	93.1	0.0	6.9	Urban
665189.6	7460533.0	97.1	0.0	2.9	Urban
665189.6	7460733.0	98.6	0.0	1.4	Urban
665189.6	7460933.0	98.0	0.0	2.0	Urban
665189.6	7461133.0	73.7	0.0	26.3	Urban
665189.6	7461333.0	89.6	0.0	10.4	Urban
665189.6	7461533.0	98.4	0.0	1.6	Urban
665189.6	7461733.0	31.2	0.0	68.8	Urban
665189.6	7461933.0	0.4	0.0	99.6	Other
665189.6	7462133.0	66.6	0.0	33.4	Urban
665189.6	7462333.0	87.0	0.0	13.0	Urban
665189.6	7462533.0	68.5	0.0	31.5	Urban
665189.6	7462733.0	65.8	0.0	34.2	Urban
665189.6	7462933.0	34.1	0.0	65.9	Urban
665189.6	7463133.0	89.1	0.0	10.9	Urban
665189.6	7463333.0	95.8	0.0	4.2	Urban
665189.6	7463533.0	92.6	0.0	7.4	Urban
665189.6	7463733.0	75.1	0.0	24.9	Urban
665189.6	7463933.0	94.5	0.0	5.5	Urban
665189.6	7464133.0	30.6	0.0	69.4	Urban
665189.6	7464333.0	52.2	0.0	47.8	Urban
665189.6	7464533.0	91.5	0.0	8.5	Urban
665189.6	7464733.0	98.4	0.0	1.6	Urban
665189.6	7464933.0	97.6	0.0	2.4	Urban
665189.6	7465133.0	84.7	0.0	15.3	Urban
665189.6	7465333.0	68.3	0.0	31.7	Urban
665189.6	7465533.0	95.3	0.0	4.7	Urban
665189.6	7465733.0	71.0	0.0	29.0	Urban
665189.6	7465933.0	6.7	0.0	93.3	Other
665189.6	7466133.0	0.0	0.0	100.0	Other
665189.6	7466333.0	0.0	0.0	100.0	Other
665189.6	7466533.0	0.0	0.0	100.0	Other
665189.6	7466733.0	26.3	0.0	73.7	Urban
665189.6	7466933.0	0.0	0.0	100.0	Other
665189.6	7467133.0	0.7	0.0	99.3	Other
665189.6	7467333.0	0.0	0.0	100.0	Other
665189.6	7467533.0	17.6	0.0	82.4	Other
665189.6	7467733.0	95.7	0.0	4.3	Urban
665189.6	7467933.0	97.8	0.0	2.2	Urban
665189.6	7468133.0	81.9	0.0	18.1	Urban
665189.6	7468333.0	71.7	0.0	28.3	Urban
665189.6	7468533.0	81.3	0.0	18.7	Urban
665189.6	7468733.0	12.3	0.0	87.7	Other
665189.6	7468933.0	0.0	0.0	100.0	Other
665189.6	7469133.0	41.1	0.0	58.9	Urban
665189.6	7469333.0	0.4	0.0	99.6	Other
665189.6	7469533.0	37.0	0.0	63.0	Urban
665189.6	7469733.0	34.6	0.0	65.4	Urban
665189.6	7469933.0	17.9	0.0	82.1	Other
665189.6	7470133.0	18.5	0.0	81.5	Other
665189.6	7470333.0	89.9	0.0	10.1	Urban
665189.6	7470533.0	48.2	0.0	51.8	Urban
665189.6	7470733.0	56.9	0.0	43.1	Urban
665189.6	7470933.0	47.1	0.0	52.9	Urban
665189.6	7471133.0	86.8	0.0	13.2	Urban
665189.6	7471333.0	91.3	0.0	8.7	Urban
665189.6	7471533.0	87.5	0.0	12.5	Urban
665189.6	7471733.0	96.4	0.0	3.6	Urban
665389.6	7451933.0	0.0	100.0	0.0	Water
665389.6	7452133.0	0.0	100.0	0.0	Water
665389.6	7452333.0	0.0	100.0	0.0	Water
665389.6	7452533.0	0.0	100.0	0.0	Water
665389.6	7452733.0	0.0	100.0	0.0	Water
665389.6	7452933.0	0.0	100.0	0.0	Water
665389.6	7453133.0	0.0	100.0	0.0	Water
665389.6	7453333.0	0.0	100.0	0.0	Water
665389.6	7453533.0	0.0	100.0	0.0	Water
665389.6	7453733.0	0.0	100.0	0.0	Water
665389.6	7453933.0	0.0	100.0	0.0	Water
665389.6	7454133.0	7.4	42.6	50.0	Other
665389.6	7454333.0	0.0	47.9	52.1	Other
665389.6	7454533.0	0.0	100.0	0.0	Water
665389.6	7454733.0	0.2	47.0	52.9	Other
665389.6	7454933.0	40.5	0.0	59.5	Urban
665389.6	7455133.0	70.8	0.0	29.2	Urban
665389.6	7455333.0	71.4	0.0	28.6	Urban
665389.6	7455533.0	78.4	0.0	21.6	Urban
665389.6	7455733.0	59.1	0.0	40.9	Urban
665389.6	7455933.0	82.2	0.0	17.8	Urban
665389.6	7456133.0	15.5	0.4	84.1	Other
665389.6	7456333.0	0.0	66.3	33.7	Water
665389.6	7456533.0	0.0	98.4	1.6	Water
665389.6	7456733.0	0.0	94.9	5.1	Water
665389.6	7456933.0	0.0	16.7	83.3	Other
665389.6	7457133.0	0.2	8.0	91.8	Other
665389.6	7457333.0	0.0	15.5	84.5	Other
665389.6	7457533.0	0.0	77.7	22.3	Water
665389.6	7457733.0	0.0	100.0	0.0	Water
665389.6	7457933.0	0.0	92.0	8.0	Water
665389.6	7458133.0	17.8	41.3	40.9	Other
665389.6	7458333.0	67.9	0.0	32.1	Urban
665389.6	7458533.0	95.8	0.0	4.2	Urban
665389.6	7458733.0	44.9	0.0	55.1	Urban
665389.6	7458933.0	44.4	0.0	55.6	Urban
665389.6	7459133.0	58.2	0.0	41.8	Urban
665389.6	7459333.0	77.7	0.0	22.3	Urban
665389.6	7459533.0	37.3	0.0	62.7	Urban
665389.6	7459733.0	8.0	0.0	92.0	Other
665389.6	7459933.0	57.2	0.0	42.8	Urban
665389.6	7460133.0	99.5	0.0	0.5	Urban
665389.6	7460333.0	99.8	0.0	0.2	Urban
665389.6	7460533.0	99.3	0.0	0.7	Urban
665389.6	7460733.0	100.0	0.0	0.0	Urban
665389.6	7460933.0	87.3	0.0	12.7	Urban
665389.6	7461133.0	25.9	0.0	74.1	Urban
665389.6	7461333.0	76.3	0.0	23.7	Urban
665389.6	7461533.0	98.2	0.0	1.8	Urban
665389.6	7461733.0	68.9	0.0	31.1	Urban
665389.6	7461933.0	0.2	0.0	99.8	Other
665389.6	7462133.0	12.1	0.0	87.9	Other
665389.6	7462333.0	71.2	0.0	28.8	Urban
665389.6	7462533.0	85.9	0.0	14.1	Urban
665389.6	7462733.0	73.6	0.0	26.4	Urban
665389.6	7462933.0	11.4	0.0	88.6	Other
665389.6	7463133.0	61.4	0.0	38.6	Urban
665389.6	7463333.0	86.8	0.0	13.2	Urban
665389.6	7463533.0	96.6	0.0	3.4	Urban
665389.6	7463733.0	94.4	0.0	5.6	Urban
665389.6	7463933.0	95.3	0.0	4.7	Urban
665389.6	7464133.0	68.7	0.0	31.3	Urban
665389.6	7464333.0	94.7	0.0	5.3	Urban
665389.6	7464533.0	91.8	0.0	8.2	Urban
665389.6	7464733.0	92.4	0.0	7.6	Urban
665389.6	7464933.0	96.9	0.0	3.1	Urban
665389.6	7465133.0	61.6	0.0	38.4	Urban
665389.6	7465333.0	58.7	0.0	41.3	Urban
665389.6	7465533.0	89.9	0.0	10.1	Urban
665389.6	7465733.0	79.3	0.0	20.7	Urban
665389.6	7465933.0	43.1	0.0	56.9	Urban
665389.6	7466133.0	0.0	0.0	100.0	Other
665389.6	7466333.0	0.0	0.0	100.0	Other
665389.6	7466533.0	0.0	0.0	100.0	Other
665389.6	7466733.0	3.6	0.0	96.4	Other
665389.6	7466933.0	0.0	0.0	100.0	Other
665389.6	7467133.0	0.0	0.0	100.0	Other
665389.6	7467333.0	0.0	0.0	100.0	Other
665389.6	7467533.0	19.9	0.0	80.1	Other
665389.6	7467733.0	81.8	0.0	18.2	Urban
665389.6	7467933.0	79.0	0.0	21.0	Urban
665389.6	7468133.0	76.1	0.0	23.9	Urban
665389.6	7468333.0	95.1	0.0	4.9	Urban
665389.6	7468533.0	80.1	0.0	19.9	Urban
665389.6	7468733.0	89.6	0.0	10.4	Urban
665389.6	7468933.0	25.6	0.0	74.4	Urban
665389.6	7469133.0	23.4	0.0	76.6	Urban
665389.6	7469333.0	22.6	0.0	77.4	Urban
665389.6	7469533.0	0.5	0.0	99.5	Other
665389.6	7469733.0	46.6	0.0	53.4	Urban
665389.6	7469933.0	56.7	0.0	43.3	Urban
665389.6	7470133.0	43.6	0.0	56.4	Urban
665389.6	7470333.0	72.8	0.0	27.2	Urban
665389.6	7470533.0	9.6	0.0	90.4	Other
665389.6	7470733.0	51.7	0.0	48.3	Urban
665389.6	7470933.0	61.4	0.0	38.6	Urban
665389.6	7471133.0	67.4	0.0	32.6	Urban
665389.6	7471333.0	86.6	0.0	13.4	Urban
665389.6	7471533.0	93.1	0.0	6.9	Urban
665389.6	7471733.0	91.1	0.0	8.9	Urban
665589.6	7451933.0	0.0	100.0	0.0	Water
665589.6	7452133.0	0.0	100.0	0.0	Water
665589.6	7452333.0	0.0	100.0	0.0	Water
665589.6	7452533.0	0.0	100.0	0.0	Water
665589.6	7452733.0	0.0	100.0	0.0	Water
665589.6	7452933.0	0.0	100.0	0.0	Water
665589.6	7453133.0	0.0	100.0	0.0	Water
665589.6	7453333.0	0.0	100.0	0.0	Water
665589.6	7453533.0	0.0	100.0	0.0	Water
665589.6	7453733.0	0.0	100.0	0.0	Water
665589.6	7453933.0	0.0	100.0	0.0	Water
665589.6	7454133.0	10.9	52.4	36.8	Water
665589.6	7454333.0	0.0	53.3	46.7	Water
665589.6	7454533.0	0.0	100.0	0.0	Water
665589.6	7454733.0	0.0	81.5	18.5	Water
665589.6	7454933.0	32.2	1.4	66.3	Urban
665589.6	7455133.0	66.7	0.0	33.3	Urban
665589.6	7455333.0	83.5	0.0	16.5	Urban
665589.6	7455533.0	81.0	0.0	19.0	Urban
665589.6	7455733.0	80.8	0.0	19.2	Urban
665589.6	7455933.0	77.7	0.0	22.3	Urban
665589.6	7456133.0	15.8	0.0	84.2	Other
665589.6	7456333.0	71.2	0.0	28.8	Urban
665589.6	7456533.0	52.5	8.9	38.6	Urban
665589.6	7456733.0	28.6	13.0	58.3	Urban
665589.6	7456933.0	56.7	0.0	43.3	Urban
665589.6	7457133.0	71.6	0.0	28.4	Urban
665589.6	7457333.0	63.5	0.0	36.5	Urban
665589.6	7457533.0	1.8	57.2	40.9	Water
665589.6	7457733.0	0.0	100.0	0.0	Water
665589.6	7457933.0	0.0	100.0	0.0	Water
665589.6	7458133.0	0.0	98.7	1.3	Water
665589.6	7458333.0	10.7	38.0	51.3	Other
665589.6	7458533.0	65.8	0.0	34.2	Urban
665589.6	7458733.0	59.5	0.0	40.5	Urban
665589.6	7458933.0	29.0	0.0	71.0	Urban
665589.6	7459133.0	43.1	0.0	56.9	Urban
665589.6	7459333.0	73.9	0.0	26.1	Urban
665589.6	7459533.0	48.7	0.0	51.3	Urban
665589.6	7459733.0	3.7	0.0	96.3	Other
665589.6	7459933.0	0.6	0.0	99.4	Other
665589.6	7460133.0	90.8	0.0	9.2	Urban
665589.6	7460333.0	99.5	0.0	0.5	Urban
665589.6	7460533.0	94.5	0.0	5.5	Urban
665589.6	7460733.0	95.3	0.0	4.7	Urban
665589.6	7460933.0	82.4	0.0	17.6	Urban
665589.6	7461133.0	78.4	0.0	21.6	Urban
665589.6	7461333.0	99.6	0.0	0.4	Urban
665589.6	7461533.0	99.6	0.0	0.4	Urban
665589.6	7461733.0	95.7	0.0	4.3	Urban
665589.6	7461933.0	44.7	0.0	55.3	Urban
665589.6	7462133.0	10.1	0.0	89.9	Other
665589.6	7462333.0	44.2	0.0	55.8	Urban
665589.6	7462533.0	100.0	0.0	0.0	Urban
665589.6	7462733.0	84.3	0.0	15.7	Urban
665589.6	7462933.0	83.5	0.0	16.5	Urban
665589.6	7463133.0	88.8	0.0	11.2	Urban
665589.6	7463333.0	67.9	0.0	32.1	Urban
665589.6	7463533.0	87.0	0.0	13.0	Urban
665589.6	7463733.0	98.4	0.0	1.6	Urban
665589.6	7463933.0	75.0	0.0	25.0	Urban
665589.6	7464133.0	69.7	0.0	30.3	Urban
665589.6	7464333.0	83.0	0.0	17.0	Urban
665589.6	7464533.0	99.8	0.0	0.2	Urban
665589.6	7464733.0	91.8	0.0	8.2	Urban
665589.6	7464933.0	96.0	0.0	4.0	Urban
665589.6	7465133.0	58.1	0.0	41.9	Urban
665589.6	7465333.0	91.5	0.0	8.5	Urban
665589.6	7465533.0	30.4	0.0	69.6	Urban
665589.6	7465733.0	33.0	0.0	67.0	Urban
665589.6	7465933.0	16.0	0.0	84.0	Other
665589.6	7466133.0	0.0	0.0	100.0	Other
665589.6	7466333.0	0.0	0.0	100.0	Other
665589.6	7466533.0	0.0	0.0	100.0	Other
665589.6	7466733.0	4.0	0.0	96.0	Other
665589.6	7466933.0	0.0	0.0	100.0	Other
665589.6	7467133.0	0.0	0.0	100.0	Other
665589.6	7467333.0	0.0	0.0	100.0	Other
665589.6	7467533.0	12.5	0.0	87.5	Other
665589.6	7467733.0	82.2	0.0	17.8	Urban
665589.6	7467933.0	96.7	0.0	3.3	Urban
665589.6	7468133.0	81.2	0.0	18.8	Urban
665589.6	7468333.0	74.5	0.0	25.5	Urban
665589.6	7468533.0	84.4	0.0	15.6	Urban
665589.6	7468733.0	83.5	0.0	16.5	Urban
665589.6	7468933.0	13.9	0.0	86.1	Other
665589.6	7469133.0	8.5	0.0	91.5	Other
665589.6	7469333.0	42.8	0.0	57.2	Urban
665589.6	7469533.0	0.2	0.0	99.8	Other
665589.6	7469733.0	3.6	0.0	96.4	Other
665589.6	7469933.0	23.6	0.0	76.4	Urban
665589.6	7470133.0	16.8	0.0	83.2	Other
665589.6	7470333.0	54.7	0.0	45.3	Urban
665589.6	7470533.0	31.5	0.0	68.5	Urban
665589.6	7470733.0	40.9	0.0	59.1	Urban
665589.6	7470933.0	0.0	0.0	100.0	Other
665589.6	7471133.0	25.0	0.0	75.0	Urban
665589.6	7471333.0	72.5	0.0	27.5	Urban
665589.6	7471533.0	87.9	0.0	12.1	Urban
665589.6	7471733.0	98.7	0.0	1.3	Urban
665789.6	7451933.0	0.0	100.0	0.0	Water
665789.6	7452133.0	0.0	100.0	0.0	Water
665789.6	7452333.0	0.0	100.0	0.0	Water
665789.6	7452533.0	0.0	100.0	0.0	Water
665789.6	7452733.0	0.0	100.0	0.0	Water
665789.6	7452933.0	0.0	100.0	0.0	Water
665789.6	7453133.0	0.0	100.0	0.0	Water
665789.6	7453333.0	0.0	100.0	0.0	Water
665789.6	7453533.0	0.0	100.0	0.0	Water
665789.6	7453733.0	0.0	100.0	0.0	Water
665789.6	7453933.0	0.0	100.0	0.0	Water
665789.6	7454133.0	8.0	59.4	32.6	Water
665789.6	7454333.0	4.0	40.9	55.1	Other
665789.6	7454533.0	0.0	100.0	0.0	Water
665789.6	7454733.0	0.0	100.0	0.0	Water
665789.6	7454933.0	12.7	33.2	54.2	Other
665789.6	7455133.0	45.3	0.0	54.7	Urban
665789.6	7455333.0	61.6	0.0	38.4	Urban
665789.6	7455533.0	64.5	0.0	35.5	Urban
665789.6	7455733.0	78.6	0.0	21.4	Urban
665789.6	7455933.0	60.7	0.0	39.3	Urban
665789.6	7456133.0	38.3	0.0	61.7	Urban
665789.6	7456333.0	80.3	0.0	19.7	Urban
665789.6	7456533.0	88.4	0.0	11.6	Urban
665789.6	7456733.0	80.3	0.0	19.7	Urban
665789.6	7456933.0	88.9	0.0	11.1	Urban
665789.6	7457133.0	82.6	0.0	17.4	Urban
665789.6	7457333.0	94.2	0.0	5.8	Urban
665789.6	7457533.0	23.4	8.2	68.5	Urban
665789.6	7457733.0	0.0	71.6	28.4	Water
665789.6	7457933.0	0.0	100.0	0.0	Water
665789.6	7458133.0	0.0	100.0	0.0	Water
665789.6	7458333.0	0.0	97.3	2.7	Water
665789.6	7458533.0	63.8	9.4	26.8	Urban
665789.6	7458733.0	77.7	0.0	22.3	Urban
665789.6	7458933.0	53.3	0.0	46.7	Urban
665789.6	7459133.0	43.1	0.0	56.9	Urban
665789.6	7459333.0	35.9	0.0	64.1	Urban
665789.6	7459533.0	20.1	0.0	79.9	Urban
665789.6	7459733.0	4.9	0.0	95.1	Other
665789.6	7459933.0	5.1	0.0	94.9	Other
665789.6	7460133.0	61.6	0.0	38.4	Urban
665789.6	7460333.0	99.6	0.0	0.4	Urban
665789.6	7460533.0	97.5	0.0	2.5	Urban
665789.6	7460733.0	93.2	0.0	6.8	Urban
665789.6	7460933.0	96.4	0.0	3.6	Urban
665789.6	7461133.0	77.7	0.0	22.3	Urban
665789.6	7461333.0	75.7	0.0	24.3	Urban
665789.6	7461533.0	99.3	0.0	0.7	Urban
665789.6	7461733.0	100.0	0.0	0.0	Urban
665789.6	7461933.0	99.4	0.0	0.6	Urban
665789.6	7462133.0	99.6	0.0	0.4	Urban
665789.6	7462333.0	79.3	0.0	20.7	Urban
665789.6	7462533.0	76.3	0.0	23.7	Urban
665789.6	7462733.0	83.0	0.0	17.0	Urban
665789.6	7462933.0	98.9	0.0	1.1	Urban
665789.6	7463133.0	98.4	0.0	1.6	Urban
665789.6	7463333.0	33.3	0.0	66.7	Urban
665789.6	7463533.0	60.3	0.0	39.7	Urban
665789.6	7463733.0	76.7	0.0	23.3	Urban
665789.6	7463933.0	77.5	0.0	22.5	Urban
665789.6	7464133.0	7.2	0.0	92.8	Other
665789.6	7464333.0	74.8	0.0	25.2	Urban
665789.6	7464533.0	85.3	0.0	14.7	Urban
665789.6	7464733.0	88.6	0.0	11.4	Urban
665789.6	7464933.0	91.9	0.0	8.1	Urban
665789.6	7465133.0	88.2	0.0	11.8	Urban
665789.6	7465333.0	85.9	0.0	14.1	Urban
665789.6	7465533.0	44.7	0.0	55.3	Urban
665789.6	7465733.0	13.8	0.0	86.2	Other
665789.6	7465933.0	9.8	0.0	90.2	Other
665789.6	7466133.0	0.0	0.0	100.0	Other
665789.6	7466333.0	0.0	0.0	100.0	Other
665789.6	7466533.0	4.9	0.0	95.1	Other
665789.6	7466733.0	25.0	0.0	75.0	Urban
665789.6	7466933.0	0.0	0.0	100.0	Other
665789.6	7467133.0	0.0	0.0	100.0	Other
665789.6	7467333.0	0.0	0.0	100.0	Other
665789.6	7467533.0	21.4	0.0	78.6	Urban
665789.6	7467733.0	31.7	0.0	68.3	Urban
665789.6	7467933.0	88.4	0.0	11.6	Urban
665789.6	7468133.0	69.9	0.0	30.1	Urban
665789.6	7468333.0	77.4	0.0	22.6	Urban
665789.6	7468533.0	61.2	0.0	38.8	Urban
665789.6	7468733.0	92.0	0.0	8.0	Urban
665789.6	7468933.0	44.6	0.0	55.4	Urban
665789.6	7469133.0	11.8	0.0	88.2	Other
665789.6	7469333.0	14.8	0.0	85.2	Other
665789.6	7469533.0	23.7	0.0	76.3	Urban
665789.6	7469733.0	0.2	0.0	99.8	Other
665789.6	7469933.0	0.5	0.0	99.5	Other
665789.6	7470133.0	25.9	0.0	74.1	Urban
665789.6	7470333.0	46.0	0.0	54.0	Urban
665789.6	7470533.0	16.3	0.0	83.7	Other
665789.6	7470733.0	18.8	0.0	81.2	Other
665789.6	7470933.0	1.6	0.0	98.4	Other
665789.6	7471133.0	48.4	0.0	51.6	Urban
665789.6	7471333.0	93.8	0.0	6.2	Urban
665789.6	7471533.0	79.7	0.0	20.3	Urban
665789.6	7471733.0	77.5	0.0	22.5	Urban
665989.6	7451933.0	0.0	100.0	0.0	Water
665989.6	7452133.0	0.0	100.0	0.0	Water
665989.6	7452333.0	0.0	100.0	0.0	Water
665989.6	7452533.0	0.0	100.0	0.0	Water
665989.6	7452733.0	0.0	100.0	0.0	Water
665989.6	7452933.0	0.0	100.0	0.0	Water
665989.6	7453133.0	0.0	100.0	0.0	Water
665989.6	7453333.0	0.0	100.0	0.0	Water
665989.6	7453533.0	0.0	100.0	0.0	Water
665989.6	7453733.0	0.0	100.0	0.0	Water
665989.6	7453933.0	0.0	100.0	0.0	Water
665989.6	7454133.0	1.5	70.2	28.4	Water
665989.6	7454333.0	8.7	25.7	65.6	Other
665989.6	7454533.0	0.0	100.0	0.0	Water
665989.6	7454733.0	0.0	97.7	2.3	Water
665989.6	7454933.0	22.1	19.3	58.6	Urban
665989.6	7455133.0	74.5	0.0	25.5	Urban
665989.6	7455333.0	63.1	0.0	36.9	Urban
665989.6	7455533.0	64.1	0.0	35.9	Urban
665989.6	7455733.0	88.8	0.0	11.2	Urban
665989.6	7455933.0	65.2	0.0	34.8	Urban
665989.6	7456133.0	27.7	0.0	72.3	Urban
665989.6	7456333.0	1.4	0.0	98.6	Other
665989.6	7456533.0	70.8	0.0	29.2	Urban
665989.6	7456733.0	97.3	0.0	2.7	Urban
665989.6	7456933.0	62.3	0.0	37.7	Urban
665989.6	7457133.0	55.3	0.0	44.7	Urban
665989.6	7457333.0	43.8	0.0	56.2	Urban
665989.6	7457533.0	30.4	0.0	69.6	Urban
665989.6	7457733.0	8.2	56.5	35.3	Water
665989.6	7457933.0	0.0	99.3	0.7	Water
665989.6	7458133.0	0.0	100.0	0.0	Water
665989.6	7458333.0	0.0	98.6	1.4	Water
665989.6	7458533.0	39.1	13.2	47.6	Urban
665989.6	7458733.0	58.8	0.0	41.2	Urban
665989.6	7458933.0	53.6	0.0	46.4	Urban
665989.6	7459133.0	22.3	0.0	77.7	Urban
665989.6	7459333.0	10.9	0.0	89.1	Other
665989.6	7459533.0	0.0	0.0	100.0	Other
665989.6	7459733.0	0.2	0.0	99.8	Other
665989.6	7459933.0	35.5	0.0	64.5	Urban
665989.6	7460133.0	68.8	0.0	31.2	Urban
665989.6	7460333.0	100.0	0.0	0.0	Urban
665989.6	7460533.0	96.7	0.0	3.3	Urban
665989.6	7460733.0	98.9	0.0	1.1	Urban
665989.6	7460933.0	96.0	0.0	4.0	Urban
665989.6	7461133.0	36.2	0.0	63.8	Urban
665989.6	7461333.0	0.2	0.0	99.8	Other
665989.6	7461533.0	54.5	0.0	45.5	Urban
665989.6	7461733.0	98.7	0.0	1.3	Urban
665989.6	7461933.0	76.8	0.0	23.2	Urban
665989.6	7462133.0	100.0	0.0	0.0	Urban
665989.6	7462333.0	87.0	0.0	13.0	Urban
665989.6	7462533.0	57.2	0.0	42.8	Urban
665989.6	7462733.0	53.8	0.0	46.2	Urban
665989.6	7462933.0	78.8	0.0	21.2	Urban
665989.6	7463133.0	81.7	0.0	18.3	Urban
665989.6	7463333.0	93.1	0.0	6.9	Urban
665989.6	7463533.0	96.2	0.0	3.8	Urban
665989.6	7463733.0	84.6	0.0	15.4	Urban
665989.6	7463933.0	97.1	0.0	2.9	Urban
665989.6	7464133.0	38.1	0.0	61.9	Urban
665989.6	7464333.0	75.4	0.0	24.6	Urban
665989.6	7464533.0	66.8	0.0	33.2	Urban
665989.6	7464733.0	73.0	0.0	27.0	Urban
665989.6	7464933.0	87.8	0.0	12.2	Urban
665989.6	7465133.0	91.5	0.0	8.5	Urban
665989.6	7465333.0	65.9	0.0	34.1	Urban
665989.6	7465533.0	26.4	0.0	73.6	Urban
665989.6	7465733.0	49.8	0.0	50.2	Urban
665989.6	7465933.0	42.9	0.0	57.1	Urban
665989.6	7466133.0	0.4	0.0	99.6	Other
665989.6	7466333.0	5.1	0.0	94.9	Other
665989.6	7466533.0	22.1	0.0	77.9	Urban
665989.6	7466733.0	16.8	0.0	83.2	Other
665989.6	7466933.0	0.0	0.0	100.0	Other
665989.6	7467133.0	1.1	0.0	98.9	Other
665989.6	7467333.0	0.0	0.0	100.0	Other
665989.6	7467533.0	48.1	0.0	51.9	Urban
665989.6	7467733.0	91.7	0.0	8.3	Urban
665989.6	7467933.0	90.4	0.0	9.6	Urban
665989.6	7468133.0	65.7	0.0	34.3	Urban
665989.6	7468333.0	20.8	0.0	79.2	Urban
665989.6	7468533.0	58.7	0.0	41.3	Urban
665989.6	7468733.0	84.5	0.0	15.5	Urban
665989.6	7468933.0	77.0	0.0	23.0	Urban
665989.6	7469133.0	3.6	0.0	96.4	Other
665989.6	7469333.0	0.0	0.0	100.0	Other
665989.6	7469533.0	33.7	0.0	66.3	Urban
665989.6	7469733.0	0.7	0.0	99.3	Other
665989.6	7469933.0	0.0	0.0	100.0	Other
665989.6	7470133.0	9.2	0.0	90.8	Other
665989.6	7470333.0	43.3	0.0	56.7	Urban
665989.6	7470533.0	2.2	0.0	97.8	Other
665989.6	7470733.0	0.0	0.0	100.0	Other
665989.6	7470933.0	0.0	0.0	100.0	Other
665989.6	7471133.0	37.3	0.0	62.7	Urban
665989.6	7471333.0	83.3	0.0	16.7	Urban
665989.6	7471533.0	97.8	0.0	2.2	Urban
665989.6	7471733.0	92.8	0.0	7.2	Urban
666189.6	7451933.0	0.0	100.0	0.0	Water
666189.6	7452133.0	0.0	100.0	0.0	Water
666189.6	7452333.0	0.0	100.0	0.0	Water
666189.6	7452533.0	0.0	100.0	0.0	Water
666189.6	7452733.0	0.0	100.0	0.0	Water
666189.6	7452933.0	0.0	100.0	0.0	Water
666189.6	7453133.0	0.0	100.0	0.0	Water
666189.6	7453333.0	0.0	100.0	0.0	Water
666189.6	7453533.0	0.0	100.0	0.0	Water
666189.6	7453733.0	0.0	100.0	0.0	Water
666189.6	7453933.0	0.0	100.0	0.0	Water
666189.6	7454133.0	0.0	77.5	22.5	Water
666189.6	7454333.0	8.0	12.3	79.7	Other
666189.6	7454533.0	0.0	100.0	0.0	Water
666189.6	7454733.0	0.4	94.4	5.3	Water
666189.6	7454933.0	17.4	12.5	70.1	Other
666189.6	7455133.0	58.0	0.0	42.0	Urban
666189.6	7455333.0	62.0	0.0	38.0	Urban
666189.6	7455533.0	67.8	0.0	32.2	Urban
666189.6	7455733.0	61.8	0.0	38.2	Urban
666189.6	7455933.0	92.5	0.0	7.5	Urban
666189.6	7456133.0	48.7	0.0	51.3	Urban
666189.6	7456333.0	0.0	0.0	100.0	Other
666189.6	7456533.0	18.7	0.0	81.3	Other
666189.6	7456733.0	58.9	0.0	41.1	Urban
666189.6	7456933.0	43.1	0.0	56.9	Urban
666189.6	7457133.0	5.4	0.0	94.6	Other
666189.6	7457333.0	47.3	0.0	52.7	Urban
666189.6	7457533.0	47.3	0.0	52.7	Urban
666189.6	7457733.0	0.0	17.8	82.2	Other
666189.6	7457933.0	0.0	51.1	48.9	Water
666189.6	7458133.0	0.0	100.0	0.0	Water
666189.6	7458333.0	1.9	74.4	23.7	Water
666189.6	7458533.0	63.1	0.0	36.9	Urban
666189.6	7458733.0	73.2	0.0	26.8	Urban
666189.6	7458933.0	52.9	0.0	47.1	Urban
666189.6	7459133.0	0.0	0.0	100.0	Other
666189.6	7459333.0	17.2	0.0	82.8	Other
666189.6	7459533.0	6.2	0.0	93.8	Other
666189.6	7459733.0	6.2	0.0	93.8	Other
666189.6	7459933.0	31.2	0.0	68.8	Urban
666189.6	7460133.0	39.3	0.0	60.7	Urban
666189.6	7460333.0	83.0	0.0	17.0	Urban
666189.6	7460533.0	97.3	0.0	2.7	Urban
666189.6	7460733.0	88.2	0.0	11.8	Urban
666189.6	7460933.0	66.8	0.0	33.2	Urban
666189.6	7461133.0	36.4	0.0	63.6	Urban
666189.6	7461333.0	0.0	0.0	100.0	Other
666189.6	7461533.0	60.7	0.0	39.3	Urban
666189.6	7461733.0	97.6	0.0	2.4	Urban
666189.6	7461933.0	95.7	0.0	4.3	Urban
666189.6	7462133.0	98.8	0.0	1.2	Urban
666189.6	7462333.0	72.6	0.0	27.4	Urban
666189.6	7462533.0	81.7	0.0	18.3	Urban
666189.6	7462733.0	98.7	0.0	1.3	Urban
666189.6	7462933.0	66.3	0.0	33.7	Urban
666189.6	7463133.0	87.5	0.0	12.5	Urban
666189.6	7463333.0	95.7	0.0	4.3	Urban
666189.6	7463533.0	60.9	0.0	39.1	Urban
666189.6	7463733.0	76.0	0.0	24.0	Urban
666189.6	7463933.0	96.0	0.0	4.0	Urban
666189.6	7464133.0	94.9	0.0	5.1	Urban
666189.6	7464333.0	70.3	0.0	29.7	Urban
666189.6	7464533.0	83.0	0.0	17.0	Urban
666189.6	7464733.0	67.2	0.0	32.8	Urban
666189.6	7464933.0	72.8	0.0	27.2	Urban
666189.6	7465133.0	57.6	0.0	42.4	Urban
666189.6	7465333.0	34.8	0.0	65.2	Urban
666189.6	7465533.0	52.0	0.0	48.0	Urban
666189.6	7465733.0	79.2	0.0	20.8	Urban
666189.6	7465933.0	43.3	0.0	56.7	Urban
666189.6	7466133.0	19.7	0.0	80.3	Other
666189.6	7466333.0	0.5	0.0	99.5	Other
666189.6	7466533.0	0.0	0.0	100.0	Other
666189.6	7466733.0	0.0	0.0	100.0	Other
666189.6	7466933.0	0.0	0.0	100.0	Other
666189.6	7467133.0	0.0	0.0	100.0	Other
666189.6	7467333.0	0.0	0.0	100.0	Other
666189.6	7467533.0	10.3	0.0	89.7	Other
666189.6	7467733.0	79.3	0.0	20.7	Urban
666189.6	7467933.0	91.1	0.0	8.9	Urban
666189.6	7468133.0	82.6	0.0	17.4	Urban
666189.6	7468333.0	0.0	0.0	100.0	Other
666189.6	7468533.0	4.3	0.0	95.7	Other
666189.6	7468733.0	18.1	0.0	81.9	Other
666189.6	7468933.0	65.9	0.0	34.1	Urban
666189.6	7469133.0	32.7	0.0	67.3	Urban
666189.6	7469333.0	3.6	0.0	96.4	Other
666189.6	7469533.0	8.5	0.0	91.5	Other
666189.6	7469733.0	28.1	0.0	71.9	Urban
666189.6	7469933.0	0.0	0.0	100.0	Other
666189.6	7470133.0	7.4	0.0	92.6	Other
666189.6	7470333.0	19.4	0.0	80.6	Other
666189.6	7470533.0	0.0	0.0	100.0	Other
666189.6	7470733.0	16.4	0.0	83.6	Other
666189.6	7470933.0	33.7	0.0	66.3	Urban
666189.6	7471133.0	31.7	0.0	68.3	Urban
666189.6	7471333.0	93.2	0.0	6.8	Urban
666189.6	7471533.0	96.2	0.0	3.8	Urban
666189.6	7471733.0	99.6	0.0	0.4	Urban
666389.6	7451933.0	0.0	100.0	0.0	Water
666389.6	7452133.0	0.0	100.0	0.0	Water
666389.6	7452333.0	0.0	100.0	0.0	Water
666389.6	7452533.0	0.0	100.0	0.0	Water
666389.6	7452733.0	0.0	100.0	0.0	Water
666389.6	7452933.0	0.0	100.0	0.0	Water
666389.6	7453133.0	0.0	100.0	0.0	Water
666389.6	7453333.0	0.0	100.0	0.0	Water
666389.6	7453533.0	0.0	100.0	0.0	Water
666389.6	7453733.0	0.0	100.0	0.0	Water
666389.6	7453933.0	0.0	100.0	0.0	Water
666389.6	7454133.0	0.0	87.3	12.7	Water
666389.6	7454333.0	21.0	12.3	66.7	Urban
666389.6	7454533.0	0.0	100.0	0.0	Water
666389.6	7454733.0	0.0	100.0	0.0	Water
666389.6	7454933.0	21.7	15.8	62.5	Urban
666389.6	7455133.0	63.6	0.0	36.4	Urban
666389.6	7455333.0	79.3	0.0	20.7	Urban
666389.6	7455533.0	74.6	0.0	25.4	Urban
666389.6	7455733.0	66.5	0.0	33.5	Urban
666389.6	7455933.0	68.1	0.0	31.9	Urban
666389.6	7456133.0	33.9	2.5	63.6	Urban
666389.6	7456333.0	8.3	0.0	91.7	Other
666389.6	7456533.0	0.0	0.0	100.0	Other
666389.6	7456733.0	1.4	0.0	98.6	Other
666389.6	7456933.0	0.5	0.0	99.5	Other
666389.6	7457133.0	0.0	0.0	100.0	Other
666389.6	7457333.0	1.8	0.0	98.2	Other
666389.6	7457533.0	0.0	0.0	100.0	Other
666389.6	7457733.0	0.0	1.1	98.9	Other
666389.6	7457933.0	0.0	80.4	19.6	Water
666389.6	7458133.0	0.0	94.9	5.1	Water
666389.6	7458333.0	1.1	6.3	92.6	Other
666389.6	7458533.0	63.2	0.0	36.8	Urban
666389.6	7458733.0	44.6	0.0	55.4	Urban
666389.6	7458933.0	33.9	0.0	66.1	Urban
666389.6	7459133.0	0.0	0.0	100.0	Other
666389.6	7459333.0	1.7	0.0	98.3	Other
666389.6	7459533.0	0.0	0.0	100.0	Other
666389.6	7459733.0	6.3	0.0	93.7	Other
666389.6	7459933.0	56.1	0.0	43.9	Urban
666389.6	7460133.0	72.2	0.0	27.8	Urban
666389.6	7460333.0	11.8	0.0	88.2	Other
666389.6	7460533.0	85.2	0.0	14.8	Urban
666389.6	7460733.0	92.8	0.0	7.2	Urban
666389.6	7460933.0	100.0	0.0	0.0	Urban
666389.6	7461133.0	54.0	0.0	46.0	Urban
666389.6	7461333.0	0.0	0.0	100.0	Other
666389.6	7461533.0	39.9	0.0	60.1	Urban
666389.6	7461733.0	22.2	0.0	77.8	Urban
666389.6	7461933.0	0.9	0.0	99.1	Other
666389.6	7462133.0	56.2	0.0	43.8	Urban
666389.6	7462333.0	43.4	0.0	56.6	Urban
666389.6	7462533.0	100.0	0.0	0.0	Urban
666389.6	7462733.0	100.0	0.0	0.0	Urban
666389.6	7462933.0	87.5	0.0	12.5	Urban
666389.6	7463133.0	81.3	0.0	18.7	Urban
666389.6	7463333.0	85.1	0.0	14.9	Urban
666389.6	7463533.0	75.5	0.0	24.5	Urban
666389.6	7463733.0	58.2	0.0	41.8	Urban
666389.6	7463933.0	71.4	0.0	28.6	Urban
666389.6	7464133.0	96.6	0.0	3.4	Urban
666389.6	7464333.0	84.1	0.0	15.9	Urban
666389.6	7464533.0	90.9	0.0	9.1	Urban
666389.6	7464733.0	71.2	0.0	28.8	Urban
666389.6	7464933.0	77.9	0.0	22.1	Urban
666389.6	7465133.0	40.0	0.0	60.0	Urban
666389.6	7465333.0	44.0	0.0	56.0	Urban
666389.6	7465533.0	45.2	0.0	54.8	Urban
666389.6	7465733.0	52.4	0.0	47.6	Urban
666389.6	7465933.0	14.5	0.0	85.5	Other
666389.6	7466133.0	0.0	0.0	100.0	Other
666389.6	7466333.0	0.0	0.0	100.0	Other
666389.6	7466533.0	0.0	0.0	100.0	Other
666389.6	7466733.0	0.0	0.0	100.0	Other
666389.6	7466933.0	0.0	0.0	100.0	Other
666389.6	7467133.0	0.0	0.0	100.0	Other
666389.6	7467333.0	0.0	0.0	100.0	Other
666389.6	7467533.0	0.0	0.0	100.0	Other
666389.6	7467733.0	18.3	0.0	81.7	Other
666389.6	7467933.0	82.6	0.0	17.4	Urban
666389.6	7468133.0	69.6	0.0	30.4	Urban
666389.6	7468333.0	0.0	0.0	100.0	Other
666389.6	7468533.0	53.8	0.0	46.2	Urban
666389.6	7468733.0	83.3	0.0	16.7	Urban
666389.6	7468933.0	37.7	0.0	62.3	Urban
666389.6	7469133.0	46.4	0.0	53.6	Urban
666389.6	7469333.0	43.8	0.0	56.2	Urban
666389.6	7469533.0	30.1	0.0	69.9	Urban
666389.6	7469733.0	32.8	0.0	67.2	Urban
666389.6	7469933.0	1.6	0.0	98.4	Other
666389.6	7470133.0	12.7	0.0	87.3	Other
666389.6	7470333.0	59.2	0.0	40.8	Urban
666389.6	7470533.0	33.9	0.0	66.1	Urban
666389.6	7470733.0	2.4	0.0	97.6	Other
666389.6	7470933.0	11.1	0.0	88.9	Other
666389.6	7471133.0	38.8	0.0	61.2	Urban
666389.6	7471333.0	95.8	0.0	4.2	Urban
666389.6	7471533.0	96.4	0.0	3.6	Urban
666389.6	7471733.0	99.6	0.0	0.4	Urban
666589.6	7451933.0	0.0	100.0	0.0	Water
666589.6	7452133.0	0.0	100.0	0.0	Water
666589.6	7452333.0	0.0	100.0	0.0	Water
666589.6	7452533.0	0.0	100.0	0.0	Water
666589.6	7452733.0	0.0	100.0	0.0	Water
666589.6	7452933.0	0.0	100.0	0.0	Water
666589.6	7453133.0	0.0	100.0	0.0	Water
666589.6	7453333.0	0.0	100.0	0.0	Water
666589.6	7453533.0	0.0	100.0	0.0	Water
666589.6	7453733.0	0.0	100.0	0.0	Water
666589.6	7453933.0	0.0	100.0	0.0	Water
666589.6	7454133.0	0.0	93.8	6.2	Water
666589.6	7454333.0	14.1	14.8	71.1	Other
666589.6	7454533.0	0.0	93.3	6.7	Water
666589.6	7454733.0	18.7	40.0	41.3	Other
666589.6	7454933.0	44.0	1.6	54.3	Urban
666589.6	7455133.0	67.8	0.0	32.2	Urban
666589.6	7455333.0	68.1	0.0	31.9	Urban
666589.6	7455533.0	84.2	0.0	15.8	Urban
666589.6	7455733.0	16.8	0.0	83.2	Other
666589.6	7455933.0	0.7	9.6	89.7	Other
666589.6	7456133.0	0.0	85.0	15.0	Water
666589.6	7456333.0	0.9	1.8	97.3	Other
666589.6	7456533.0	0.0	0.0	100.0	Other
666589.6	7456733.0	0.0	0.0	100.0	Other
666589.6	7456933.0	0.0	0.0	100.0	Other
666589.6	7457133.0	0.0	0.0	100.0	Other
666589.6	7457333.0	0.0	0.0	100.0	Other
666589.6	7457533.0	0.0	0.0	100.0	Other
666589.6	7457733.0	0.0	0.5	99.5	Other
666589.6	7457933.0	0.0	82.2	17.8	Water
666589.6	7458133.0	28.7	38.3	33.0	Urban
666589.6	7458333.0	49.8	1.1	49.1	Urban
666589.6	7458533.0	76.6	0.0	23.4	Urban
666589.6	7458733.0	26.3	0.0	73.7	Urban
666589.6	7458933.0	19.7	0.0	80.3	Other
666589.6	7459133.0	0.0	0.0	100.0	Other
666589.6	7459333.0	0.4	0.0	99.6	Other
666589.6	7459533.0	0.7	0.0	99.3	Other
666589.6	7459733.0	0.0	0.0	100.0	Other
666589.6	7459933.0	23.0	0.0	77.0	Urban
666589.6	7460133.0	92.2	0.0	7.8	Urban
666589.6	7460333.0	50.0	0.0	50.0	Urban
666589.6	7460533.0	93.7	0.0	6.3	Urban
666589.6	7460733.0	86.4	0.0	13.6	Urban
666589.6	7460933.0	98.6	0.0	1.4	Urban
666589.6	7461133.0	93.1	0.0	6.9	Urban
666589.6	7461333.0	68.8	0.0	31.2	Urban
666589.6	7461533.0	60.7	0.0	39.3	Urban
666589.6	7461733.0	0.0	0.0	100.0	Other
666589.6	7461933.0	61.8	0.0	38.2	Urban
666589.6	7462133.0	77.2	0.0	22.8	Urban
666589.6	7462333.0	88.8	0.0	11.2	Urban
666589.6	7462533.0	82.8	0.0	17.2	Urban
666589.6	7462733.0	69.6	0.0	30.4	Urban
666589.6	7462933.0	97.5	0.0	2.5	Urban
666589.6	7463133.0	94.0	0.0	6.0	Urban
666589.6	7463333.0	92.6	0.0	7.4	Urban
666589.6	7463533.0	80.5	0.0	19.5	Urban
666589.6	7463733.0	46.0	0.0	54.0	Urban
666589.6	7463933.0	75.4	0.0	24.6	Urban
666589.6	7464133.0	61.4	0.0	38.6	Urban
666589.6	7464333.0	95.6	0.0	4.4	Urban
666589.6	7464533.0	96.9	0.0	3.1	Urban
666589.6	7464733.0	97.8	0.0	2.2	Urban
666589.6	7464933.0	90.3	0.0	9.7	Urban
666589.6	7465133.0	85.6	0.0	14.4	Urban
666589.6	7465333.0	24.1	0.0	75.9	Urban
666589.6	7465533.0	0.0	0.0	100.0	Other
666589.6	7465733.0	21.4	0.0	78.6	Urban
666589.6	7465933.0	15.2	0.0	84.8	Other
666589.6	7466133.0	0.0	0.0	100.0	Other
666589.6	7466333.0	0.0	0.0	100.0	Other
666589.6	7466533.0	0.0	0.0	100.0	Other
666589.6	7466733.0	0.0	0.0	100.0	Other
666589.6	7466933.0	0.0	0.0	100.0	Other
666589.6	7467133.0	0.0	0.0	100.0	Other
666589.6	7467333.0	0.0	0.0	100.0	Other
666589.6	7467533.0	0.0	0.0	100.0	Other
666589.6	7467733.0	0.7	0.0	99.3	Other
666589.6	7467933.0	48.4	0.0	51.6	Urban
666589.6	7468133.0	75.5	0.0	24.5	Urban
666589.6	7468333.0	56.3	0.0	43.7	Urban
666589.6	7468533.0	89.9	0.0	10.1	Urban
666589.6	7468733.0	74.1	0.0	25.9	Urban
666589.6	7468933.0	65.7	0.0	34.3	Urban
666589.6	7469133.0	58.2	0.0	41.8	Urban
666589.6	7469333.0	73.4	0.0	26.6	Urban
666589.6	7469533.0	90.4	0.0	9.6	Urban
666589.6	7469733.0	56.0	0.0	44.0	Urban
666589.6	7469933.0	52.5	0.0	47.5	Urban
666589.6	7470133.0	90.8	0.0	9.2	Urban
666589.6	7470333.0	99.8	0.0	0.2	Urban
666589.6	7470533.0	99.7	0.0	0.3	Urban
666589.6	7470733.0	83.7	0.0	16.3	Urban
666589.6	7470933.0	52.5	0.0	47.5	Urban
666589.6	7471133.0	49.3	0.0	50.7	Urban
666589.6	7471333.0	96.7	0.0	3.3	Urban
666589.6	7471533.0	100.0	0.0	0.0	Urban
666589.6	7471733.0	98.4	0.0	1.6	Urban
666789.6	7451933.0	0.0	100.0	0.0	Water
666789.6	7452133.0	0.0	100.0	0.0	Water
666789.6	7452333.0	0.0	100.0	0.0	Water
666789.6	7452533.0	0.0	100.0	0.0	Water
666789.6	7452733.0	0.0	100.0	0.0	Water
666789.6	7452933.0	0.0	100.0	0.0	Water
666789.6	7453133.0	0.0	100.0	0.0	Water
666789.6	7453333.0	0.0	100.0	0.0	Water
666789.6	7453533.0	0.0	100.0	0.0	Water
666789.6	7453733.0	0.0	100.0	0.0	Water
666789.6	7453933.0	0.0	100.0	0.0	Water
666789.6	7454133.0	0.0	99.6	0.4	Water
666789.6	7454333.0	52.2	4.9	42.9	Urban
666789.6	7454533.0	9.6	62.0	28.4	Water
666789.6	7454733.0	4.4	71.6	24.1	Water
666789.6	7454933.0	23.0	4.0	73.0	Urban
666789.6	7455133.0	80.8	0.0	19.2	Urban
666789.6	7455333.0	79.6	0.0	20.4	Urban
666789.6	7455533.0	68.8	0.0	31.2	Urban
666789.6	7455733.0	0.7	0.0	99.3	Other
666789.6	7455933.0	0.0	0.2	99.8	Other
666789.6	7456133.0	0.3	72.2	27.5	Water
666789.6	7456333.0	30.3	8.5	61.2	Urban
666789.6	7456533.0	12.7	0.0	87.3	Other
666789.6	7456733.0	21.4	0.0	78.6	Urban
666789.6	7456933.0	29.2	0.0	70.8	Urban
666789.6	7457133.0	21.6	0.0	78.4	Urban
666789.6	7457333.0	15.6	0.0	84.4	Other
666789.6	7457533.0	2.2	0.0	97.8	Other
666789.6	7457733.0	0.0	0.0	100.0	Other
666789.6	7457933.0	0.0	68.7	31.3	Water
666789.6	7458133.0	23.7	51.8	24.5	Urban
666789.6	7458333.0	79.3	0.0	20.7	Urban
666789.6	7458533.0	85.3	0.0	14.7	Urban
666789.6	7458733.0	97.5	0.0	2.5	Urban
666789.6	7458933.0	52.5	0.0	47.5	Urban
666789.6	7459133.0	0.0	0.0	100.0	Other
666789.6	7459333.0	0.2	0.0	99.8	Other
666789.6	7459533.0	2.4	0.0	97.6	Other
666789.6	7459733.0	4.5	0.0	95.5	Other
666789.6	7459933.0	0.0	0.0	100.0	Other
666789.6	7460133.0	40.4	0.0	59.6	Urban
666789.6	7460333.0	1.1	0.0	98.9	Other
666789.6	7460533.0	28.4	0.0	71.6	Urban
666789.6	7460733.0	89.2	0.0	10.8	Urban
666789.6	7460933.0	92.4	0.0	7.6	Urban
666789.6	7461133.0	92.4	0.0	7.6	Urban
666789.6	7461333.0	97.3	0.0	2.7	Urban
666789.6	7461533.0	93.7	0.0	6.3	Urban
666789.6	7461733.0	19.0	0.0	81.0	Other
666789.6	7461933.0	57.2	0.0	42.8	Urban
666789.6	7462133.0	82.2	0.0	17.8	Urban
666789.6	7462333.0	69.4	0.0	30.6	Urban
666789.6	7462533.0	58.7	0.0	41.3	Urban
666789.6	7462733.0	76.8	0.0	23.2	Urban
666789.6	7462933.0	97.1	0.0	2.9	Urban
666789.6	7463133.0	95.0	0.0	5.0	Urban
666789.6	7463333.0	98.7	0.0	1.3	Urban
666789.6	7463533.0	98.9	0.0	1.1	Urban
666789.6	7463733.0	97.5	0.0	2.5	Urban
666789.6	7463933.0	93.1	0.0	6.9	Urban
666789.6	7464133.0	91.1	0.0	8.9	Urban
666789.6	7464333.0	96.9	0.0	3.1	Urban
666789.6	7464533.0	98.0	0.0	2.0	Urban
666789.6	7464733.0	90.2	0.0	9.8	Urban
666789.6	7464933.0	89.7	0.0	10.3	Urban
666789.6	7465133.0	99.6	0.0	0.4	Urban
666789.6	7465333.0	51.4	0.0	48.6	Urban
666789.6	7465533.0	29.0	0.0	71.0	Urban
666789.6	7465733.0	38.4	0.0	61.6	Urban
666789.6	7465933.0	2.5	0.0	97.5	Other
666789.6	7466133.0	0.0	0.0	100.0	Other
666789.6	7466333.0	0.0	0.0	100.0	Other
666789.6	7466533.0	0.0	0.0	100.0	Other
666789.6	7466733.0	0.0	0.0	100.0	Other
666789.6	7466933.0	0.0	0.0	100.0	Other
666789.6	7467133.0	0.0	0.0	100.0	Other
666789.6	7467333.0	0.0	0.0	100.0	Other
666789.6	7467533.0	0.0	0.0	100.0	Other
666789.6	7467733.0	25.9	0.0	74.1	Urban
666789.6	7467933.0	46.6	0.0	53.4	Urban
666789.6	7468133.0	84.1	0.0	15.9	Urban
666789.6	7468333.0	85.7	0.0	14.3	Urban
666789.6	7468533.0	97.9	0.0	2.1	Urban
666789.6	7468733.0	99.2	0.0	0.8	Urban
666789.6	7468933.0	97.1	0.0	2.9	Urban
666789.6	7469133.0	91.8	0.0	8.2	Urban
666789.6	7469333.0	38.6	0.0	61.4	Urban
666789.6	7469533.0	78.4	0.0	21.6	Urban
666789.6	7469733.0	86.6	0.0	13.4	Urban
666789.6	7469933.0	97.7	0.0	2.3	Urban
666789.6	7470133.0	98.9	0.0	1.1	Urban
666789.6	7470333.0	99.5	0.0	0.5	Urban
666789.6	7470533.0	98.7	0.0	1.3	Urban
666789.6	7470733.0	97.3	0.0	2.7	Urban
666789.6	7470933.0	99.1	0.0	0.9	Urban
666789.6	7471133.0	98.0	0.0	2.0	Urban
666789.6	7471333.0	99.5	0.0	0.5	Urban
666789.6	7471533.0	100.0	0.0	0.0	Urban
666789.6	7471733.0	99.3	0.0	0.7	Urban
666989.6	7451933.0	0.0	100.0	0.0	Water
666989.6	7452133.0	0.0	100.0	0.0	Water
666989.6	7452333.0	0.0	100.0	0.0	Water
666989.6	7452533.0	0.0	100.0	0.0	Water
666989.6	7452733.0	0.0	100.0	0.0	Water
666989.6	7452933.0	0.0	100.0	0.0	Water
666989.6	7453133.0	0.0	100.0	0.0	Water
666989.6	7453333.0	0.0	100.0	0.0	Water
666989.6	7453533.0	0.0	100.0	0.0	Water
666989.6	7453733.0	0.0	100.0	0.0	Water
666989.6	7453933.0	0.0	100.0	0.0	Water
666989.6	7454133.0	0.0	100.0	0.0	Water
666989.6	7454333.0	54.9	10.0	35.1	Urban
666989.6	7454533.0	57.1	14.5	28.4	Urban
666989.6	7454733.0	2.9	93.8	3.3	Water
666989.6	7454933.0	26.6	43.0	30.4	Urban
666989.6	7455133.0	39.7	0.0	60.3	Urban
666989.6	7455333.0	83.2	0.0	16.8	Urban
666989.6	7455533.0	69.4	0.0	30.6	Urban
666989.6	7455733.0	0.0	0.0	100.0	Other
666989.6	7455933.0	0.0	5.4	94.6	Other
666989.6	7456133.0	0.0	19.0	81.0	Other
666989.6	7456333.0	76.3	1.6	22.1	Urban
666989.6	7456533.0	48.2	0.0	51.8	Urban
666989.6	7456733.0	84.4	0.0	15.6	Urban
666989.6	7456933.0	78.8	0.0	21.2	Urban
666989.6	7457133.0	77.9	0.0	22.1	Urban
666989.6	7457333.0	33.9	0.0	66.1	Urban
666989.6	7457533.0	8.3	0.0	91.7	Other
666989.6	7457733.0	0.0	0.0	100.0	Other
666989.6	7457933.0	0.0	52.8	47.2	Water
666989.6	7458133.0	0.0	79.9	20.1	Water
666989.6	7458333.0	39.1	0.0	60.9	Urban
666989.6	7458533.0	85.4	0.0	14.6	Urban
666989.6	7458733.0	66.4	0.0	33.6	Urban
666989.6	7458933.0	40.6	0.0	59.4	Urban
666989.6	7459133.0	0.0	0.0	100.0	Other
666989.6	7459333.0	1.6	0.0	98.4	Other
666989.6	7459533.0	0.0	0.0	100.0	Other
666989.6	7459733.0	0.9	0.0	99.1	Other
666989.6	7459933.0	1.4	0.0	98.6	Other
666989.6	7460133.0	19.7	0.0	80.3	Other
666989.6	7460333.0	24.5	0.0	75.5	Urban
666989.6	7460533.0	43.5	0.0	56.5	Urban
666989.6	7460733.0	73.4	0.0	26.6	Urban
666989.6	7460933.0	91.5	0.0	8.5	Urban
666989.6	7461133.0	95.3	0.0	4.7	Urban
666989.6	7461333.0	100.0	0.0	0.0	Urban
666989.6	7461533.0	98.2	0.0	1.8	Urban
666989.6	7461733.0	94.9	0.0	5.1	Urban
666989.6	7461933.0	96.9	0.0	3.1	Urban
666989.6	7462133.0	98.4	0.0	1.6	Urban
666989.6	7462333.0	95.1	0.0	4.9	Urban
666989.6	7462533.0	97.8	0.0	2.2	Urban
666989.6	7462733.0	96.9	0.0	3.1	Urban
666989.6	7462933.0	68.5	0.0	31.5	Urban
666989.6	7463133.0	96.6	0.0	3.4	Urban
666989.6	7463333.0	93.3	0.0	6.7	Urban
666989.6	7463533.0	93.5	0.0	6.5	Urban
666989.6	7463733.0	85.7	0.0	14.3	Urban
666989.6	7463933.0	88.4	0.0	11.6	Urban
666989.6	7464133.0	93.7	0.0	6.3	Urban
666989.6	7464333.0	96.9	0.0	3.1	Urban
666989.6	7464533.0	93.3	0.0	6.7	Urban
666989.6	7464733.0	95.3	0.0	4.7	Urban
666989.6	7464933.0	96.7	0.0	3.3	Urban
666989.6	7465133.0	90.9	0.0	9.1	Urban
666989.6	7465333.0	94.0	0.0	6.0	Urban
666989.6	7465533.0	94.6	0.0	5.4	Urban
666989.6	7465733.0	76.7	0.0	23.3	Urban
666989.6	7465933.0	19.9	0.0	80.1	Other
666989.6	7466133.0	0.0	0.0	100.0	Other
666989.6	7466333.0	0.0	0.0	100.0	Other
666989.6	7466533.0	0.0	0.0	100.0	Other
666989.6	7466733.0	0.0	0.0	100.0	Other
666989.6	7466933.0	0.0	0.0	100.0	Other
666989.6	7467133.0	0.0	0.0	100.0	Other
666989.6	7467333.0	0.0	0.0	100.0	Other
666989.6	7467533.0	7.2	0.0	92.8	Other
666989.6	7467733.0	71.4	0.0	28.6	Urban
666989.6	7467933.0	82.4	0.0	17.6	Urban
666989.6	7468133.0	99.3	0.0	0.7	Urban
666989.6	7468333.0	71.4	0.0	28.6	Urban
666989.6	7468533.0	89.9	0.0	10.1	Urban
666989.6	7468733.0	99.5	0.0	0.5	Urban
666989.6	7468933.0	100.0	0.0	0.0	Urban
666989.6	7469133.0	99.6	0.0	0.4	Urban
666989.6	7469333.0	98.6	0.0	1.4	Urban
666989.6	7469533.0	99.3	0.0	0.7	Urban
666989.6	7469733.0	95.7	0.0	4.3	Urban
666989.6	7469933.0	100.0	0.0	0.0	Urban
666989.6	7470133.0	92.8	0.0	7.2	Urban
666989.6	7470333.0	79.0	0.0	21.0	Urban
666989.6	7470533.0	95.1	0.0	4.9	Urban
666989.6	7470733.0	98.6	0.0	1.4	Urban
666989.6	7470933.0	98.4	0.0	1.6	Urban
666989.6	7471133.0	98.6	0.0	1.4	Urban
666989.6	7471333.0	97.5	0.0	2.5	Urban
666989.6	7471533.0	80.3	0.0	19.7	Urban
666989.6	7471733.0	83.2	0.0	16.8	Urban
667189.6	7451933.0	0.0	100.0	0.0	Water
667189.6	7452133.0	0.0	100.0	0.0	Water
667189.6	7452333.0	0.0	100.0	0.0	Water
667189.6	7452533.0	0.0	100.0	0.0	Water
667189.6	7452733.0	0.0	100.0	0.0	Water
667189.6	7452933.0	0.0	100.0	0.0	Water
667189.6	7453133.0	0.0	100.0	0.0	Water
667189.6	7453333.0	0.0	100.0	0.0	Water
667189.6	7453533.0	0.0	100.0	0.0	Water
667189.6	7453733.0	0.0	100.0	0.0	Water
667189.6	7453933.0	0.0	100.0	0.0	Water
667189.6	7454133.0	0.0	100.0	0.0	Water
667189.6	7454333.0	58.3	12.1	29.5	Urban
667189.6	7454533.0	77.4	0.0	22.6	Urban
667189.6	7454733.0	10.5	77.0	12.5	Water
667189.6	7454933.0	7.6	71.2	21.2	Water
667189.6	7455133.0	78.8	0.0	21.2	Urban
667189.6	7455333.0	63.9	0.0	36.1	Urban
667189.6	7455533.0	86.4	0.0	13.6	Urban
667189.6	7455733.0	15.4	0.0	84.6	Other
667189.6	7455933.0	0.0	0.0	100.0	Other
667189.6	7456133.0	24.3	0.0	75.7	Urban
667189.6	7456333.0	62.3	0.0	37.7	Urban
667189.6	7456533.0	43.1	0.0	56.9	Urban
667189.6	7456733.0	84.9	0.0	15.1	Urban
667189.6	7456933.0	39.3	0.0	60.7	Urban
667189.6	7457133.0	92.2	0.0	7.8	Urban
667189.6	7457333.0	65.2	0.0	34.8	Urban
667189.6	7457533.0	5.9	0.0	94.1	Other
667189.6	7457733.0	0.0	0.0	100.0	Other
667189.6	7457933.0	0.0	20.1	79.9	Other
667189.6	7458133.0	0.0	76.8	23.2	Water
667189.6	7458333.0	37.4	0.0	62.6	Urban
667189.6	7458533.0	89.7	0.0	10.3	Urban
667189.6	7458733.0	41.3	0.0	58.7	Urban
667189.6	7458933.0	0.2	0.0	99.8	Other
667189.6	7459133.0	0.0	0.0	100.0	Other
667189.6	7459333.0	0.0	0.0	100.0	Other
667189.6	7459533.0	0.4	0.0	99.6	Other
667189.6	7459733.0	0.0	0.0	100.0	Other
667189.6	7459933.0	0.0	0.0	100.0	Other
667189.6	7460133.0	27.9	0.0	72.1	Urban
667189.6	7460333.0	2.9	0.0	97.1	Other
667189.6	7460533.0	76.1	0.0	23.9	Urban
667189.6	7460733.0	64.5	0.0	35.5	Urban
667189.6	7460933.0	68.8	0.0	31.2	Urban
667189.6	7461133.0	82.1	0.0	17.9	Urban
667189.6	7461333.0	95.3	0.0	4.7	Urban
667189.6	7461533.0	100.0	0.0	0.0	Urban
667189.6	7461733.0	99.4	0.0	0.6	Urban
667189.6	7461933.0	92.9	0.0	7.1	Urban
667189.6	7462133.0	94.8	0.0	5.2	Urban
667189.6	7462333.0	99.8	0.0	0.2	Urban
667189.6	7462533.0	96.6	0.0	3.4	Urban
667189.6	7462733.0	94.4	0.0	5.6	Urban
667189.6	7462933.0	87.8	0.0	12.2	Urban
667189.6	7463133.0	86.2	0.0	13.8	Urban
667189.6	7463333.0	84.4	0.0	15.6	Urban
667189.6	7463533.0	62.7	0.0	37.3	Urban
667189.6	7463733.0	79.1	0.0	20.9	Urban
667189.6	7463933.0	85.9	0.0	14.1	Urban
667189.6	7464133.0	88.6	0.0	11.4	Urban
667189.6	7464333.0	97.1	0.0	2.9	Urban
667189.6	7464533.0	99.8	0.0	0.2	Urban
667189.6	7464733.0	93.2	0.0	6.8	Urban
667189.6	7464933.0	89.9	0.0	10.1	Urban
667189.6	7465133.0	67.0	0.0	33.0	Urban
667189.6	7465333.0	62.9	0.0	37.1	Urban
667189.6	7465533.0	97.3	0.0	2.7	Urban
667189.6	7465733.0	65.2	0.0	34.8	Urban
667189.6	7465933.0	34.8	0.0	65.2	Urban
667189.6	7466133.0	0.2	0.0	99.8	Other
667189.6	7466333.0	0.0	0.0	100.0	Other
667189.6	7466533.0	29.5	0.0	70.5	Urban
667189.6	7466733.0	14.1	0.0	85.9	Other
667189.6	7466933.0	39.7	0.0	60.3	Urban
667189.6	7467133.0	0.5	0.0	99.5	Other
667189.6	7467333.0	7.8	0.0	92.2	Other
667189.6	7467533.0	34.8	0.0	65.2	Urban
667189.6	7467733.0	14.9	0.0	85.1	Other
667189.6	7467933.0	86.8	0.0	13.2	Urban
667189.6	7468133.0	100.0	0.0	0.0	Urban
667189.6	7468333.0	96.5	0.0	3.5	Urban
667189.6	7468533.0	95.1	0.0	4.9	Urban
667189.6	7468733.0	90.8	0.0	9.2	Urban
667189.6	7468933.0	94.4	0.0	5.6	Urban
667189.6	7469133.0	99.0	0.0	1.0	Urban
667189.6	7469333.0	99.3	0.0	0.7	Urban
667189.6	7469533.0	98.9	0.0	1.1	Urban
667189.6	7469733.0	98.4	0.0	1.6	Urban
667189.6	7469933.0	89.3	0.0	10.7	Urban
667189.6	7470133.0	49.1	0.0	50.9	Urban
667189.6	7470333.0	80.3	0.0	19.7	Urban
667189.6	7470533.0	97.1	0.0	2.9	Urban
667189.6	7470733.0	99.6	0.0	0.4	Urban
667189.6	7470933.0	99.8	0.0	0.2	Urban
667189.6	7471133.0	98.6	0.0	1.4	Urban
667189.6	7471333.0	97.3	0.0	2.7	Urban
667189.6	7471533.0	98.0	0.0	2.0	Urban
667189.6	7471733.0	99.5	0.0	0.5	Urban
667389.6	7451933.0	0.0	100.0	0.0	Water
667389.6	7452133.0	0.0	100.0	0.0	Water
667389.6	7452333.0	0.0	100.0	0.0	Water
667389.6	7452533.0	0.0	100.0	0.0	Water
667389.6	7452733.0	0.0	100.0	0.0	Water
667389.6	7452933.0	0.0	100.0	0.0	Water
667389.6	7453133.0	0.0	100.0	0.0	Water
667389.6	7453333.0	0.0	100.0	0.0	Water
667389.6	7453533.0	0.0	100.0	0.0	Water
667389.6	7453733.0	0.0	100.0	0.0	Water
667389.6	7453933.0	0.0	100.0	0.0	Water
667389.6	7454133.0	0.0	100.0	0.0	Water
667389.6	7454333.0	37.3	16.5	46.2	Urban
667389.6	7454533.0	77.7	0.0	22.3	Urban
667389.6	7454733.0	17.9	57.0	25.0	Water
667389.6	7454933.0	23.7	43.5	32.8	Urban
667389.6	7455133.0	79.2	0.0	20.8	Urban
667389.6	7455333.0	94.2	0.0	5.8	Urban
667389.6	7455533.0	86.4	4.9	8.7	Urban
667389.6	7455733.0	60.1	5.1	34.8	Urban
667389.6	7455933.0	29.0	6.2	64.9	Urban
667389.6	7456133.0	62.9	4.0	33.2	Urban
667389.6	7456333.0	60.0	0.0	40.0	Urban
667389.6	7456533.0	31.0	0.0	69.0	Urban
667389.6	7456733.0	91.1	0.0	8.9	Urban
667389.6	7456933.0	72.6	0.0	27.4	Urban
667389.6	7457133.0	93.2	0.0	6.8	Urban
667389.6	7457333.0	100.0	0.0	0.0	Urban
667389.6	7457533.0	66.3	0.0	33.7	Urban
667389.6	7457733.0	75.7	0.0	24.3	Urban
667389.6	7457933.0	0.0	0.0	100.0	Other
667389.6	7458133.0	0.0	34.1	65.9	Other
667389.6	7458333.0	67.0	0.0	33.0	Urban
667389.6	7458533.0	80.4	0.0	19.6	Urban
667389.6	7458733.0	50.0	0.0	50.0	Urban
667389.6	7458933.0	57.6	0.0	42.4	Urban
667389.6	7459133.0	17.8	0.0	82.2	Other
667389.6	7459333.0	0.0	0.0	100.0	Other
667389.6	7459533.0	1.1	0.0	98.9	Other
667389.6	7459733.0	0.0	0.0	100.0	Other
667389.6	7459933.0	0.0	0.0	100.0	Other
667389.6	7460133.0	12.9	0.0	87.1	Other
667389.6	7460333.0	2.7	0.0	97.3	Other
667389.6	7460533.0	55.6	0.0	44.4	Urban
667389.6	7460733.0	58.2	0.0	41.8	Urban
667389.6	7460933.0	89.9	0.0	10.1	Urban
667389.6	7461133.0	87.7	0.0	12.3	Urban
667389.6	7461333.0	99.6	0.0	0.4	Urban
667389.6	7461533.0	98.9	0.0	1.1	Urban
667389.6	7461733.0	82.1	0.0	17.9	Urban
667389.6	7461933.0	88.2	0.0	11.8	Urban
667389.6	7462133.0	55.4	0.0	44.6	Urban
667389.6	7462333.0	80.6	0.0	19.4	Urban
667389.6	7462533.0	89.7	0.0	10.3	Urban
667389.6	7462733.0	77.5	0.0	22.5	Urban
667389.6	7462933.0	88.0	0.0	12.0	Urban
667389.6	7463133.0	39.7	0.0	60.3	Urban
667389.6	7463333.0	77.0	0.0	23.0	Urban
667389.6	7463533.0	73.2	0.0	26.8	Urban
667389.6	7463733.0	85.3	0.0	14.7	Urban
667389.6	7463933.0	75.2	0.0	24.8	Urban
667389.6	7464133.0	62.9	0.0	37.1	Urban
667389.6	7464333.0	58.7	0.0	41.3	Urban
667389.6	7464533.0	98.2	0.0	1.8	Urban
667389.6	7464733.0	95.0	0.0	5.0	Urban
667389.6	7464933.0	88.9	0.0	11.1	Urban
667389.6	7465133.0	46.2	0.0	53.8	Urban
667389.6	7465333.0	4.2	0.0	95.8	Other
667389.6	7465533.0	53.6	0.0	46.4	Urban
667389.6	7465733.0	24.6	0.0	75.4	Urban
667389.6	7465933.0	15.0	0.0	85.0	Other
667389.6	7466133.0	0.8	0.0	99.2	Other
667389.6	7466333.0	5.2	0.0	94.8	Other
667389.6	7466533.0	30.4	0.0	69.6	Urban
667389.6	7466733.0	70.6	0.0	29.4	Urban
667389.6	7466933.0	92.2	0.0	7.8	Urban
667389.6	7467133.0	54.6	0.0	45.4	Urban
667389.6	7467333.0	51.1	0.0	48.9	Urban
667389.6	7467533.0	46.6	0.0	53.4	Urban
667389.6	7467733.0	51.3	0.0	48.7	Urban
667389.6	7467933.0	74.6	0.0	25.4	Urban
667389.6	7468133.0	99.1	0.0	0.9	Urban
667389.6	7468333.0	97.6	0.0	2.4	Urban
667389.6	7468533.0	81.2	0.0	18.8	Urban
667389.6	7468733.0	92.6	0.0	7.4	Urban
667389.6	7468933.0	98.0	0.0	2.0	Urban
667389.6	7469133.0	99.1	0.0	0.9	Urban
667389.6	7469333.0	96.6	0.0	3.4	Urban
667389.6	7469533.0	99.8	0.0	0.2	Urban
667389.6	7469733.0	99.1	0.0	0.9	Urban
667389.6	7469933.0	100.0	0.0	0.0	Urban
667389.6	7470133.0	75.7	0.0	24.3	Urban
667389.6	7470333.0	72.5	0.0	27.5	Urban
667389.6	7470533.0	88.2	0.0	11.8	Urban
667389.6	7470733.0	99.1	0.0	0.9	Urban
667389.6	7470933.0	99.5	0.0	0.5	Urban
667389.6	7471133.0	97.5	0.0	2.5	Urban
667389.6	7471333.0	99.6	0.0	0.4	Urban
667389.6	7471533.0	98.9	0.0	1.1	Urban
667389.6	7471733.0	99.7	0.0	0.3	Urban
667589.6	7451933.0	0.0	100.0	0.0	Water
667589.6	7452133.0	0.0	100.0	0.0	Water
667589.6	7452333.0	0.0	100.0	0.0	Water
667589.6	7452533.0	0.0	100.0	0.0	Water
667589.6	7452733.0	0.0	100.0	0.0	Water
667589.6	7452933.0	0.0	100.0	0.0	Water
667589.6	7453133.0	0.0	100.0	0.0	Water
667589.6	7453333.0	0.0	100.0	0.0	Water
667589.6	7453533.0	0.0	100.0	0.0	Water
667589.6	7453733.0	0.0	100.0	0.0	Water
667589.6	7453933.0	0.0	100.0	0.0	Water
667589.6	7454133.0	0.0	100.0	0.0	Water
667589.6	7454333.0	41.2	20.3	38.4	Urban
667589.6	7454533.0	80.4	1.3	18.3	Urban
667589.6	7454733.0	11.1	68.1	20.8	Water
667589.6	7454933.0	32.8	18.1	49.1	Urban
667589.6	7455133.0	64.9	0.0	35.1	Urban
667589.6	7455333.0	94.6	0.0	5.4	Urban
667589.6	7455533.0	88.9	2.4	8.7	Urban
667589.6	7455733.0	79.0	1.4	19.6	Urban
667589.6	7455933.0	95.6	0.0	4.4	Urban
667589.6	7456133.0	99.5	0.0	0.5	Urban
667589.6	7456333.0	94.7	0.0	5.3	Urban
667589.6	7456533.0	91.7	0.0	8.3	Urban
667589.6	7456733.0	99.1	0.0	0.9	Urban
667589.6	7456933.0	47.8	0.0	52.2	Urban
667589.6	7457133.0	35.4	0.0	64.6	Urban
667589.6	7457333.0	97.8	0.0	2.2	Urban
667589.6	7457533.0	79.7	0.0	20.3	Urban
667589.6	7457733.0	64.2	0.0	35.8	Urban
667589.6	7457933.0	32.2	0.0	67.8	Urban
667589.6	7458133.0	37.9	7.7	54.4	Urban
667589.6	7458333.0	69.5	0.0	30.5	Urban
667589.6	7458533.0	59.8	0.0	40.2	Urban
667589.6	7458733.0	21.9	0.0	78.1	Urban
667589.6	7458933.0	72.4	0.0	27.6	Urban
667589.6	7459133.0	30.8	0.0	69.2	Urban
667589.6	7459333.0	0.0	0.0	100.0	Other
667589.6	7459533.0	0.0	0.0	100.0	Other
667589.6	7459733.0	0.0	0.0	100.0	Other
667589.6	7459933.0	0.0	0.0	100.0	Other
667589.6	7460133.0	4.0	0.0	96.0	Other
667589.6	7460333.0	12.1	0.0	87.9	Other
667589.6	7460533.0	92.0	0.0	8.0	Urban
667589.6	7460733.0	99.1	0.0	0.9	Urban
667589.6	7460933.0	98.2	0.0	1.8	Urban
667589.6	7461133.0	99.3	0.0	0.7	Urban
667589.6	7461333.0	100.0	0.0	0.0	Urban
667589.6	7461533.0	100.0	0.0	0.0	Urban
667589.6	7461733.0	82.1	0.0	17.9	Urban
667589.6	7461933.0	87.5	0.0	12.5	Urban
667589.6	7462133.0	69.6	0.0	30.4	Urban
667589.6	7462333.0	42.6	0.0	57.4	Urban
667589.6	7462533.0	50.5	0.0	49.5	Urban
667589.6	7462733.0	66.1	0.0	33.9	Urban
667589.6	7462933.0	58.9	0.0	41.1	Urban
667589.6	7463133.0	66.1	0.0	33.9	Urban
667589.6	7463333.0	86.2	0.0	13.8	Urban
667589.6	7463533.0	91.7	0.0	8.3	Urban
667589.6	7463733.0	84.4	0.0	15.6	Urban
667589.6	7463933.0	66.5	0.0	33.5	Urban
667589.6	7464133.0	66.5	0.0	33.5	Urban
667589.6	7464333.0	88.2	0.0	11.8	Urban
667589.6	7464533.0	96.0	0.0	4.0	Urban
667589.6	7464733.0	80.4	0.0	19.6	Urban
667589.6	7464933.0	91.5	0.0	8.5	Urban
667589.6	7465133.0	24.8	0.0	75.2	Urban
667589.6	7465333.0	31.0	0.0	69.0	Urban
667589.6	7465533.0	9.1	0.0	90.9	Other
667589.6	7465733.0	8.9	0.0	91.1	Other
667589.6	7465933.0	17.0	0.0	83.0	Other
667589.6	7466133.0	39.1	0.0	60.9	Urban
667589.6	7466333.0	51.1	0.0	48.9	Urban
667589.6	7466533.0	4.0	0.0	96.0	Other
667589.6	7466733.0	5.3	0.0	94.7	Other
667589.6	7466933.0	82.8	0.0	17.2	Urban
667589.6	7467133.0	92.9	0.0	7.1	Urban
667589.6	7467333.0	92.6	0.0	7.4	Urban
667589.6	7467533.0	64.3	0.0	35.7	Urban
667589.6	7467733.0	24.6	0.0	75.4	Urban
667589.6	7467933.0	77.7	0.0	22.3	Urban
667589.6	7468133.0	98.3	0.0	1.7	Urban
667589.6	7468333.0	98.2	0.0	1.8	Urban
667589.6	7468533.0	91.7	0.0	8.3	Urban
667589.6	7468733.0	96.6	0.0	3.4	Urban
667589.6	7468933.0	98.1	0.0	1.9	Urban
667589.6	7469133.0	99.1	0.0	0.9	Urban
667589.6	7469333.0	97.3	0.0	2.7	Urban
667589.6	7469533.0	100.0	0.0	0.0	Urban
667589.6	7469733.0	100.0	0.0	0.0	Urban
667589.6	7469933.0	100.0	0.0	0.0	Urban
667589.6	7470133.0	97.1	0.0	2.9	Urban
667589.6	7470333.0	75.5	0.0	24.5	Urban
667589.6	7470533.0	93.0	0.0	7.0	Urban
667589.6	7470733.0	97.8	0.0	2.2	Urban
667589.6	7470933.0	93.5	0.0	6.5	Urban
667589.6	7471133.0	96.6	0.0	3.4	Urban
667589.6	7471333.0	99.8	0.0	0.2	Urban
667589.6	7471533.0	99.1	0.0	0.9	Urban
667589.6	7471733.0	97.0	0.0	3.0	Urban
667789.6	7451933.0	0.0	100.0	0.0	Water
667789.6	7452133.0	0.0	100.0	0.0	Water
667789.6	7452333.0	0.0	100.0	0.0	Water
667789.6	7452533.0	0.0	100.0	0.0	Water
667789.6	7452733.0	0.0	100.0	0.0	Water
667789.6	7452933.0	0.0	100.0	0.0	Water
667789.6	7453133.0	0.0	100.0	0.0	Water
667789.6	7453333.0	0.0	100.0	0.0	Water
667789.6	7453533.0	0.0	100.0	0.0	Water
667789.6	7453733.0	0.0	100.0	0.0	Water
667789.6	7453933.0	0.0	100.0	0.0	Water
667789.6	7454133.0	0.0	100.0	0.0	Water
667789.6	7454333.0	26.8	26.8	46.4	Urban
667789.6	7454533.0	2.9	85.0	12.1	Water
667789.6	7454733.0	0.0	99.1	0.9	Water
667789.6	7454933.0	13.4	24.1	62.5	Other
667789.6	7455133.0	69.4	0.0	30.6	Urban
667789.6	7455333.0	37.7	0.0	62.3	Urban
667789.6	7455533.0	86.2	0.0	13.8	Urban
667789.6	7455733.0	99.5	0.0	0.5	Urban
667789.6	7455933.0	99.8	0.0	0.2	Urban
667789.6	7456133.0	100.0	0.0	0.0	Urban
667789.6	7456333.0	99.3	0.0	0.7	Urban
667789.6	7456533.0	99.8	0.0	0.2	Urban
667789.6	7456733.0	98.7	0.0	1.3	Urban
667789.6	7456933.0	20.9	0.0	79.1	Urban
667789.6	7457133.0	15.4	0.0	84.6	Other
667789.6	7457333.0	100.0	0.0	0.0	Urban
667789.6	7457533.0	77.7	0.0	22.3	Urban
667789.6	7457733.0	56.2	0.0	43.8	Urban
667789.6	7457933.0	0.7	0.0	99.3	Other
667789.6	7458133.0	2.9	2.5	94.6	Other
667789.6	7458333.0	33.0	0.0	67.0	Urban
667789.6	7458533.0	60.3	0.0	39.7	Urban
667789.6	7458733.0	28.4	0.0	71.6	Urban
667789.6	7458933.0	2.0	0.0	98.0	Other
667789.6	7459133.0	0.0	0.0	100.0	Other
667789.6	7459333.0	0.0	0.0	100.0	Other
667789.6	7459533.0	0.0	0.0	100.0	Other
667789.6	7459733.0	20.3	0.0	79.7	Urban
667789.6	7459933.0	31.0	0.0	69.0	Urban
667789.6	7460133.0	2.9	0.0	97.1	Other
667789.6	7460333.0	1.1	0.0	98.9	Other
667789.6	7460533.0	46.7	0.0	53.3	Urban
667789.6	7460733.0	90.3	0.0	9.7	Urban
667789.6	7460933.0	88.3	0.0	11.7	Urban
667789.6	7461133.0	93.1	0.0	6.9	Urban
667789.6	7461333.0	98.0	0.0	2.0	Urban
667789.6	7461533.0	100.0	0.0	0.0	Urban
667789.6	7461733.0	54.0	0.0	46.0	Urban
667789.6	7461933.0	65.9	0.0	34.1	Urban
667789.6	7462133.0	22.0	0.0	78.0	Urban
667789.6	7462333.0	32.5	0.0	67.5	Urban
667789.6	7462533.0	56.5	0.0	43.5	Urban
667789.6	7462733.0	64.0	0.0	36.0	Urban
667789.6	7462933.0	88.4	0.0	11.6	Urban
667789.6	7463133.0	79.9	0.0	20.1	Urban
667789.6	7463333.0	81.5	0.0	18.5	Urban
667789.6	7463533.0	87.7	0.0	12.3	Urban
667789.6	7463733.0	50.5	0.0	49.5	Urban
667789.6	7463933.0	71.2	0.0	28.8	Urban
667789.6	7464133.0	99.1	0.0	0.9	Urban
667789.6	7464333.0	83.5	0.0	16.5	Urban
667789.6	7464533.0	86.6	0.0	13.4	Urban
667789.6	7464733.0	91.8	0.0	8.2	Urban
667789.6	7464933.0	75.4	0.0	24.6	Urban
667789.6	7465133.0	15.9	0.0	84.1	Other
667789.6	7465333.0	7.7	0.0	92.3	Other
667789.6	7465533.0	18.7	0.0	81.3	Other
667789.6	7465733.0	3.3	0.0	96.7	Other
667789.6	7465933.0	0.0	0.0	100.0	Other
667789.6	7466133.0	14.1	0.0	85.9	Other
667789.6	7466333.0	54.3	0.0	45.7	Urban
667789.6	7466533.0	56.2	0.0	43.8	Urban
667789.6	7466733.0	31.5	0.0	68.5	Urban
667789.6	7466933.0	83.7	0.0	16.3	Urban
667789.6	7467133.0	99.1	0.0	0.9	Urban
667789.6	7467333.0	75.9	0.0	24.1	Urban
667789.6	7467533.0	15.4	0.0	84.6	Other
667789.6	7467733.0	10.3	0.0	89.7	Other
667789.6	7467933.0	92.6	0.0	7.4	Urban
667789.6	7468133.0	96.6	0.0	3.4	Urban
667789.6	7468333.0	97.8	0.0	2.2	Urban
667789.6	7468533.0	94.2	0.0	5.8	Urban
667789.6	7468733.0	97.5	0.0	2.5	Urban
667789.6	7468933.0	98.9	0.0	1.1	Urban
667789.6	7469133.0	98.9	0.0	1.1	Urban
667789.6	7469333.0	99.3	0.0	0.7	Urban
667789.6	7469533.0	98.6	0.0	1.4	Urban
667789.6	7469733.0	98.9	0.0	1.1	Urban
667789.6	7469933.0	98.2	0.0	1.8	Urban
667789.6	7470133.0	99.1	0.0	0.9	Urban
667789.6	7470333.0	100.0	0.0	0.0	Urban
667789.6	7470533.0	96.9	0.0	3.1	Urban
667789.6	7470733.0	99.5	0.0	0.5	Urban
667789.6	7470933.0	98.2	0.0	1.8	Urban
667789.6	7471133.0	95.8	0.0	4.2	Urban
667789.6	7471333.0	98.0	0.0	2.0	Urban
667789.6	7471533.0	99.7	0.0	0.3	Urban
667789.6	7471733.0	97.6	0.0	2.4	Urban
667989.6	7451933.0	0.0	100.0	0.0	Water
667989.6	7452133.0	0.0	100.0	0.0	Water
667989.6	7452333.0	0.0	100.0	0.0	Water
667989.6	7452533.0	0.0	100.0	0.0	Water
667989.6	7452733.0	0.0	100.0	0.0	Water
667989.6	7452933.0	0.0	100.0	0.0	Water
667989.6	7453133.0	0.0	100.0	0.0	Water
667989.6	7453333.0	0.0	100.0	0.0	Water
667989.6	7453533.0	0.0	100.0	0.0	Water
667989.6	7453733.0	0.0	100.0	0.0	Water
667989.6	7453933.0	0.0	100.0	0.0	Water
667989.6	7454133.0	0.0	100.0	0.0	Water
667989.6	7454333.0	21.2	30.4	48.4	Urban
667989.6	7454533.0	0.4	79.7	19.9	Water
667989.6	7454733.0	0.0	90.6	9.4	Water
667989.6	7454933.0	11.0	14.1	75.0	Other
667989.6	7455133.0	63.8	0.0	36.2	Urban
667989.6	7455333.0	50.4	0.0	49.6	Urban
667989.6	7455533.0	87.0	0.0	13.0	Urban
667989.6	7455733.0	99.1	0.0	0.9	Urban
667989.6	7455933.0	100.0	0.0	0.0	Urban
667989.6	7456133.0	76.1	0.5	23.4	Urban
667989.6	7456333.0	44.7	6.7	48.6	Urban
667989.6	7456533.0	52.2	0.7	47.1	Urban
667989.6	7456733.0	64.3	0.0	35.7	Urban
667989.6	7456933.0	13.4	0.0	86.6	Other
667989.6	7457133.0	24.3	0.0	75.7	Urban
667989.6	7457333.0	70.3	0.0	29.7	Urban
667989.6	7457533.0	55.1	0.0	44.9	Urban
667989.6	7457733.0	11.2	0.0	88.8	Other
667989.6	7457933.0	0.0	0.0	100.0	Other
667989.6	7458133.0	0.0	13.0	87.0	Other
667989.6	7458333.0	12.3	2.7	85.0	Other
667989.6	7458533.0	17.8	0.0	82.2	Other
667989.6	7458733.0	80.7	0.0	19.3	Urban
667989.6	7458933.0	21.0	0.0	79.0	Urban
667989.6	7459133.0	0.0	0.0	100.0	Other
667989.6	7459333.0	12.3	0.0	87.7	Other
667989.6	7459533.0	16.2	0.0	83.8	Other
667989.6	7459733.0	46.0	0.0	54.0	Urban
667989.6	7459933.0	69.2	0.0	30.8	Urban
667989.6	7460133.0	0.0	0.0	100.0	Other
667989.6	7460333.0	0.0	0.0	100.0	Other
667989.6	7460533.0	0.0	0.0	100.0	Other
667989.6	7460733.0	63.9	0.0	36.1	Urban
667989.6	7460933.0	98.6	0.0	1.4	Urban
667989.6	7461133.0	100.0	0.0	0.0	Urban
667989.6	7461333.0	98.4	0.0	1.6	Urban
667989.6	7461533.0	95.7	0.0	4.3	Urban
667989.6	7461733.0	97.1	0.0	2.9	Urban
667989.6	7461933.0	97.8	0.0	2.2	Urban
667989.6	7462133.0	90.2	0.0	9.8	Urban
667989.6	7462333.0	71.7	0.0	28.3	Urban
667989.6	7462533.0	56.0	0.0	44.0	Urban
667989.6	7462733.0	44.0	0.0	56.0	Urban
667989.6	7462933.0	84.8	0.0	15.2	Urban
667989.6	7463133.0	67.6	0.0	32.4	Urban
667989.6	7463333.0	71.3	0.0	28.7	Urban
667989.6	7463533.0	94.3	0.0	5.7	Urban
667989.6	7463733.0	68.1	0.0	31.9	Urban
667989.6	7463933.0	90.2	0.0	9.8	Urban
667989.6	7464133.0	89.1	0.0	10.9	Urban
667989.6	7464333.0	96.6	0.0	3.4	Urban
667989.6	7464533.0	90.4	0.0	9.6	Urban
667989.6	7464733.0	94.3	0.0	5.7	Urban
667989.6	7464933.0	97.9	0.0	2.1	Urban
667989.6	7465133.0	59.4	0.0	40.6	Urban
667989.6	7465333.0	36.9	0.0	63.1	Urban
667989.6	7465533.0	13.8	0.0	86.2	Other
667989.6	7465733.0	0.0	0.0	100.0	Other
667989.6	7465933.0	0.0	0.0	100.0	Other
667989.6	7466133.0	0.0	0.0	100.0	Other
667989.6	7466333.0	35.9	0.0	64.1	Urban
667989.6	7466533.0	81.7	0.0	18.3	Urban
667989.6	7466733.0	18.8	0.0	81.2	Other
667989.6	7466933.0	34.6	0.0	65.4	Urban
667989.6	7467133.0	98.7	0.0	1.3	Urban
667989.6	7467333.0	87.1	0.0	12.9	Urban
667989.6	7467533.0	61.1	0.0	38.9	Urban
667989.6	7467733.0	63.9	0.0	36.1	Urban
667989.6	7467933.0	82.6	0.0	17.4	Urban
667989.6	7468133.0	89.7	0.0	10.3	Urban
667989.6	7468333.0	82.4	0.0	17.6	Urban
667989.6	7468533.0	95.5	0.0	4.5	Urban
667989.6	7468733.0	99.1	0.0	0.9	Urban
667989.6	7468933.0	97.5	0.0	2.5	Urban
667989.6	7469133.0	99.8	0.0	0.2	Urban
667989.6	7469333.0	99.8	0.0	0.2	Urban
667989.6	7469533.0	96.3	0.0	3.7	Urban
667989.6	7469733.0	99.8	0.0	0.2	Urban
667989.6	7469933.0	98.4	0.0	1.6	Urban
667989.6	7470133.0	98.2	0.0	1.8	Urban
667989.6	7470333.0	99.5	0.0	0.5	Urban
667989.6	7470533.0	97.6	0.0	2.4	Urban
667989.6	7470733.0	99.6	0.0	0.4	Urban
667989.6	7470933.0	96.4	0.0	3.6	Urban
667989.6	7471133.0	99.6	0.0	0.4	Urban
667989.6	7471333.0	98.7	0.0	1.3	Urban
667989.6	7471533.0	99.3	0.0	0.7	Urban
667989.6	7471733.0	98.4	0.0	1.6	Urban
668189.6	7451933.0	0.0	100.0	0.0	Water
668189.6	7452133.0	0.0	100.0	0.0	Water
668189.6	7452333.0	0.0	100.0	0.0	Water
668189.6	7452533.0	0.0	100.0	0.0	Water
668189.6	7452733.0	0.0	100.0	0.0	Water
668189.6	7452933.0	0.0	100.0	0.0	Water
668189.6	7453133.0	0.0	100.0	0.0	Water
668189.6	7453333.0	0.0	100.0	0.0	Water
668189.6	7453533.0	0.0	100.0	0.0	Water
668189.6	7453733.0	0.0	100.0	0.0	Water
668189.6	7453933.0	0.0	100.0	0.0	Water
668189.6	7454133.0	0.0	100.0	0.0	Water
668189.6	7454333.0	31.7	30.4	37.9	Urban
668189.6	7454533.0	10.0	33.8	56.2	Other
668189.6	7454733.0	2.5	73.0	24.5	Water
668189.6	7454933.0	28.3	0.0	71.7	Urban
668189.6	7455133.0	73.7	0.0	26.3	Urban
668189.6	7455333.0	49.3	0.0	50.7	Urban
668189.6	7455533.0	92.9	0.0	7.1	Urban
668189.6	7455733.0	94.5	0.0	5.5	Urban
668189.6	7455933.0	98.2	0.0	1.8	Urban
668189.6	7456133.0	35.3	36.4	28.3	Urban
668189.6	7456333.0	0.0	99.8	0.2	Water
668189.6	7456533.0	8.2	52.5	39.3	Water
668189.6	7456733.0	73.4	0.0	26.6	Urban
668189.6	7456933.0	69.9	0.0	30.1	Urban
668189.6	7457133.0	54.0	1.1	44.9	Urban
668189.6	7457333.0	20.7	0.0	79.3	Urban
668189.6	7457533.0	0.0	0.0	100.0	Other
668189.6	7457733.0	0.0	0.0	100.0	Other
668189.6	7457933.0	0.0	0.0	100.0	Other
668189.6	7458133.0	0.0	23.6	76.4	Other
668189.6	7458333.0	5.0	7.0	88.0	Other
668189.6	7458533.0	62.0	0.0	38.0	Urban
668189.6	7458733.0	65.4	0.0	34.6	Urban
668189.6	7458933.0	60.1	0.0	39.9	Urban
668189.6	7459133.0	7.8	0.0	92.2	Other
668189.6	7459333.0	43.1	0.0	56.9	Urban
668189.6	7459533.0	81.7	0.0	18.3	Urban
668189.6	7459733.0	87.7	0.9	11.4	Urban
668189.6	7459933.0	69.7	2.7	27.5	Urban
668189.6	7460133.0	6.0	0.0	94.0	Other
668189.6	7460333.0	0.0	0.0	100.0	Other
668189.6	7460533.0	1.8	0.0	98.2	Other
668189.6	7460733.0	82.2	0.0	17.8	Urban
668189.6	7460933.0	100.0	0.0	0.0	Urban
668189.6	7461133.0	99.8	0.0	0.2	Urban
668189.6	7461333.0	97.1	0.0	2.9	Urban
668189.6	7461533.0	99.8	0.0	0.2	Urban
668189.6	7461733.0	92.2	0.0	7.8	Urban
668189.6	7461933.0	100.0	0.0	0.0	Urban
668189.6	7462133.0	75.3	0.0	24.7	Urban
668189.6	7462333.0	79.5	0.0	20.5	Urban
668189.6	7462533.0	85.0	0.0	15.0	Urban
668189.6	7462733.0	64.7	0.0	35.3	Urban
668189.6	7462933.0	83.7	0.0	16.3	Urban
668189.6	7463133.0	83.2	0.0	16.8	Urban
668189.6	7463333.0	70.1	0.0	29.9	Urban
668189.6	7463533.0	96.6	0.0	3.4	Urban
668189.6	7463733.0	93.0	0.0	7.0	Urban
668189.6	7463933.0	86.1	0.0	13.9	Urban
668189.6	7464133.0	94.9	0.0	5.1	Urban
668189.6	7464333.0	87.5	0.0	12.5	Urban
668189.6	7464533.0	74.3	0.0	25.7	Urban
668189.6	7464733.0	48.0	0.0	52.0	Urban
668189.6	7464933.0	72.1	0.0	27.9	Urban
668189.6	7465133.0	76.8	0.0	23.2	Urban
668189.6	7465333.0	49.5	0.0	50.5	Urban
668189.6	7465533.0	19.4	0.0	80.6	Other
668189.6	7465733.0	0.2	0.0	99.8	Other
668189.6	7465933.0	0.0	0.0	100.0	Other
668189.6	7466133.0	27.4	0.0	72.6	Urban
668189.6	7466333.0	95.5	0.0	4.5	Urban
668189.6	7466533.0	54.9	0.0	45.1	Urban
668189.6	7466733.0	0.0	0.0	100.0	Other
668189.6	7466933.0	33.9	0.0	66.1	Urban
668189.6	7467133.0	94.2	0.0	5.8	Urban
668189.6	7467333.0	95.1	0.0	4.9	Urban
668189.6	7467533.0	95.7	0.0	4.3	Urban
668189.6	7467733.0	54.9	0.0	45.1	Urban
668189.6	7467933.0	21.8	0.0	78.2	Urban
668189.6	7468133.0	21.2	0.0	78.8	Urban
668189.6	7468333.0	35.7	0.0	64.3	Urban
668189.6	7468533.0	95.5	0.0	4.5	Urban
668189.6	7468733.0	97.8	0.0	2.2	Urban
668189.6	7468933.0	99.8	0.0	0.2	Urban
668189.6	7469133.0	98.7	0.0	1.3	Urban
668189.6	7469333.0	99.8	0.0	0.2	Urban
668189.6	7469533.0	100.0	0.0	0.0	Urban
668189.6	7469733.0	99.8	0.0	0.2	Urban
668189.6	7469933.0	99.8	0.0	0.2	Urban
668189.6	7470133.0	99.5	0.0	0.5	Urban
668189.6	7470333.0	94.7	0.0	5.3	Urban
668189.6	7470533.0	96.7	0.0	3.3	Urban
668189.6	7470733.0	100.0	0.0	0.0	Urban
668189.6	7470933.0	98.4	0.0	1.6	Urban
668189.6	7471133.0	98.9	0.0	1.1	Urban
668189.6	7471333.0	100.0	0.0	0.0	Urban
668189.6	7471533.0	98.6	0.0	1.4	Urban
668189.6	7471733.0	99.8	0.0	0.2	Urban
668389.6	7451933.0	0.0	100.0	0.0	Water
668389.6	7452133.0	0.0	100.0	0.0	Water
668389.6	7452333.0	0.0	100.0	0.0	Water
668389.6	7452533.0	0.0	100.0	0.0	Water
668389.6	7452733.0	0.0	100.0	0.0	Water
668389.6	7452933.0	0.0	100.0	0.0	Water
668389.6	7453133.0	0.0	100.0	0.0	Water
668389.6	7453333.0	0.0	100.0	0.0	Water
668389.6	7453533.0	0.0	100.0	0.0	Water
668389.6	7453733.0	0.0	100.0	0.0	Water
668389.6	7453933.0	0.0	100.0	0.0	Water
668389.6	7454133.0	0.0	100.0	0.0	Water
668389.6	7454333.0	33.7	33.9	32.4	Urban
668389.6	7454533.0	68.8	2.5	28.6	Urban
668389.6	7454733.0	0.2	65.2	34.6	Water
668389.6	7454933.0	5.6	27.0	67.4	Other
668389.6	7455133.0	21.9	0.0	78.1	Urban
668389.6	7455333.0	17.4	0.0	82.6	Other
668389.6	7455533.0	91.0	0.0	9.0	Urban
668389.6	7455733.0	100.0	0.0	0.0	Urban
668389.6	7455933.0	71.6	10.7	17.8	Urban
668389.6	7456133.0	0.0	83.0	17.0	Water
668389.6	7456333.0	0.0	100.0	0.0	Water
668389.6	7456533.0	0.0	89.9	10.1	Water
668389.6	7456733.0	56.7	0.0	43.3	Urban
668389.6	7456933.0	50.9	1.3	47.8	Urban
668389.6	7457133.0	24.4	7.6	68.0	Urban
668389.6	7457333.0	8.7	0.0	91.3	Other
668389.6	7457533.0	0.0	0.0	100.0	Other
668389.6	7457733.0	0.0	0.0	100.0	Other
668389.6	7457933.0	0.0	1.4	98.6	Other
668389.6	7458133.0	0.0	43.7	56.3	Other
668389.6	7458333.0	11.7	0.0	88.3	Other
668389.6	7458533.0	78.8	0.4	20.8	Urban
668389.6	7458733.0	46.9	15.9	37.1	Urban
668389.6	7458933.0	21.4	9.7	68.9	Urban
668389.6	7459133.0	18.5	0.7	80.8	Other
668389.6	7459333.0	51.3	9.1	39.7	Urban
668389.6	7459533.0	65.3	10.2	24.4	Urban
668389.6	7459733.0	64.3	13.4	22.3	Urban
668389.6	7459933.0	67.6	16.5	15.9	Urban
668389.6	7460133.0	50.0	19.5	30.5	Urban
668389.6	7460333.0	39.7	9.8	50.5	Urban
668389.6	7460533.0	46.4	7.4	46.2	Urban
668389.6	7460733.0	83.3	0.0	16.7	Urban
668389.6	7460933.0	100.0	0.0	0.0	Urban
668389.6	7461133.0	91.7	0.0	8.3	Urban
668389.6	7461333.0	76.4	0.0	23.6	Urban
668389.6	7461533.0	89.9	0.0	10.1	Urban
668389.6	7461733.0	88.7	0.0	11.3	Urban
668389.6	7461933.0	85.5	0.0	14.5	Urban
668389.6	7462133.0	77.0	0.0	23.0	Urban
668389.6	7462333.0	50.7	0.0	49.3	Urban
668389.6	7462533.0	32.4	0.0	67.6	Urban
668389.6	7462733.0	82.2	0.0	17.8	Urban
668389.6	7462933.0	92.9	0.0	7.1	Urban
668389.6	7463133.0	88.8	0.0	11.2	Urban
668389.6	7463333.0	92.0	0.0	8.0	Urban
668389.6	7463533.0	68.8	0.0	31.2	Urban
668389.6	7463733.0	92.2	0.0	7.8	Urban
668389.6	7463933.0	92.6	0.0	7.4	Urban
668389.6	7464133.0	75.5	0.0	24.5	Urban
668389.6	7464333.0	75.9	0.0	24.1	Urban
668389.6	7464533.0	57.1	0.0	42.9	Urban
668389.6	7464733.0	68.9	0.0	31.1	Urban
668389.6	7464933.0	76.1	0.0	23.9	Urban
668389.6	7465133.0	55.8	0.0	44.2	Urban
668389.6	7465333.0	21.7	0.0	78.3	Urban
668389.6	7465533.0	20.7	0.0	79.3	Urban
668389.6	7465733.0	39.3	0.0	60.7	Urban
668389.6	7465933.0	44.7	0.0	55.3	Urban
668389.6	7466133.0	98.7	0.0	1.3	Urban
668389.6	7466333.0	92.5	0.0	7.5	Urban
668389.6	7466533.0	65.0	0.0	35.0	Urban
668389.6	7466733.0	12.1	0.0	87.9	Other
668389.6	7466933.0	54.2	0.0	45.8	Urban
668389.6	7467133.0	79.7	0.0	20.3	Urban
668389.6	7467333.0	69.7	0.0	30.3	Urban
668389.6	7467533.0	88.2	0.0	11.8	Urban
668389.6	7467733.0	93.5	0.0	6.5	Urban
668389.6	7467933.0	41.5	0.0	58.5	Urban
668389.6	7468133.0	49.3	0.0	50.7	Urban
668389.6	7468333.0	92.8	0.0	7.2	Urban
668389.6	7468533.0	92.4	0.0	7.6	Urban
668389.6	7468733.0	91.5	0.0	8.5	Urban
668389.6	7468933.0	98.2	0.0	1.8	Urban
668389.6	7469133.0	100.0	0.0	0.0	Urban
668389.6	7469333.0	99.8	0.0	0.2	Urban
668389.6	7469533.0	95.8	0.0	4.2	Urban
668389.6	7469733.0	100.0	0.0	0.0	Urban
668389.6	7469933.0	99.5	0.0	0.5	Urban
668389.6	7470133.0	99.0	0.0	1.0	Urban
668389.6	7470333.0	98.7	0.0	1.3	Urban
668389.6	7470533.0	95.1	0.0	4.9	Urban
668389.6	7470733.0	100.0	0.0	0.0	Urban
668389.6	7470933.0	99.8	0.0	0.2	Urban
668389.6	7471133.0	99.8	0.0	0.2	Urban
668389.6	7471333.0	100.0	0.0	0.0	Urban
668389.6	7471533.0	98.6	0.0	1.4	Urban
668389.6	7471733.0	97.5	0.0	2.5	Urban
668589.6	7451933.0	0.0	100.0	0.0	Water
668589.6	7452133.0	0.0	100.0	0.0	Water
668589.6	7452333.0	0.0	100.0	0.0	Water
668589.6	7452533.0	0.0	100.0	0.0	Water
668589.6	7452733.0	0.0	100.0	0.0	Water
668589.6	7452933.0	0.0	100.0	0.0	Water
668589.6	7453133.0	0.0	100.0	0.0	Water
668589.6	7453333.0	0.0	100.0	0.0	Water
668589.6	7453533.0	0.0	100.0	0.0	Water
668589.6	7453733.0	0.0	100.0	0.0	Water
668589.6	7453933.0	0.0	100.0	0.0	Water
668589.6	7454133.0	0.0	100.0	0.0	Water
668589.6	7454333.0	35.0	37.0	28.0	Urban
668589.6	7454533.0	94.9	0.0	5.1	Urban
668589.6	7454733.0	21.9	20.1	58.0	Urban
668589.6	7454933.0	0.0	55.6	44.4	Water
668589.6	7455133.0	9.6	0.0	90.4	Other
668589.6	7455333.0	35.0	0.0	65.0	Urban
668589.6	7455533.0	82.6	0.0	17.4	Urban
668589.6	7455733.0	87.7	0.0	12.3	Urban
668589.6	7455933.0	43.5	15.0	41.6	Urban
668589.6	7456133.0	0.0	99.3	0.7	Water
668589.6	7456333.0	0.0	100.0	0.0	Water
668589.6	7456533.0	2.4	77.4	20.3	Water
668589.6	7456733.0	34.2	0.0	65.8	Urban
668589.6	7456933.0	26.4	13.2	60.3	Urban
668589.6	7457133.0	0.0	60.7	39.3	Water
668589.6	7457333.0	0.0	0.0	100.0	Other
668589.6	7457533.0	0.0	0.0	100.0	Other
668589.6	7457733.0	0.0	0.0	100.0	Other
668589.6	7457933.0	0.0	25.9	74.1	Other
668589.6	7458133.0	0.0	12.9	87.1	Other
668589.6	7458333.0	0.4	0.0	99.6	Other
668589.6	7458533.0	15.4	0.0	84.6	Other
668589.6	7458733.0	5.6	6.2	88.2	Other
668589.6	7458933.0	0.0	0.0	100.0	Other
668589.6	7459133.0	8.7	0.0	91.3	Other
668589.6	7459333.0	72.5	0.0	27.5	Urban
668589.6	7459533.0	90.9	0.0	9.1	Urban
668589.6	7459733.0	96.9	0.0	3.1	Urban
668589.6	7459933.0	98.2	0.0	1.8	Urban
668589.6	7460133.0	100.0	0.0	0.0	Urban
668589.6	7460333.0	95.3	0.0	4.7	Urban
668589.6	7460533.0	20.1	0.0	79.9	Urban
668589.6	7460733.0	78.6	0.0	21.4	Urban
668589.6	7460933.0	88.3	0.0	11.7	Urban
668589.6	7461133.0	71.2	0.0	28.8	Urban
668589.6	7461333.0	55.4	0.0	44.6	Urban
668589.6	7461533.0	90.9	0.0	9.1	Urban
668589.6	7461733.0	75.7	0.0	24.3	Urban
668589.6	7461933.0	64.5	0.0	35.5	Urban
668589.6	7462133.0	84.1	0.0	15.9	Urban
668589.6	7462333.0	91.7	0.0	8.3	Urban
668589.6	7462533.0	21.9	0.0	78.1	Urban
668589.6	7462733.0	35.6	0.0	64.4	Urban
668589.6	7462933.0	77.7	0.0	22.3	Urban
668589.6	7463133.0	96.6	0.0	3.4	Urban
668589.6	7463333.0	85.6	0.0	14.4	Urban
668589.6	7463533.0	87.3	0.0	12.7	Urban
668589.6	7463733.0	92.0	0.0	8.0	Urban
668589.6	7463933.0	93.8	0.0	6.2	Urban
668589.6	7464133.0	93.5	0.0	6.5	Urban
668589.6	7464333.0	89.6	0.0	10.4	Urban
668589.6	7464533.0	58.5	0.0	41.5	Urban
668589.6	7464733.0	94.9	0.0	5.1	Urban
668589.6	7464933.0	38.0	0.0	62.0	Urban
668589.6	7465133.0	49.8	0.0	50.2	Urban
668589.6	7465333.0	1.6	0.0	98.4	Other
668589.6	7465533.0	42.2	0.0	57.8	Urban
668589.6	7465733.0	47.8	0.0	52.2	Urban
668589.6	7465933.0	72.8	0.0	27.2	Urban
668589.6	7466133.0	98.2	0.0	1.8	Urban
668589.6	7466333.0	90.4	0.0	9.6	Urban
668589.6	7466533.0	88.6	0.0	11.4	Urban
668589.6	7466733.0	53.4	0.0	46.6	Urban
668589.6	7466933.0	84.8	0.0	15.2	Urban
668589.6	7467133.0	83.3	0.0	16.7	Urban
668589.6	7467333.0	52.0	0.0	48.0	Urban
668589.6	7467533.0	58.9	0.0	41.1	Urban
668589.6	7467733.0	98.4	0.0	1.6	Urban
668589.6	7467933.0	93.8	0.0	6.2	Urban
668589.6	7468133.0	89.2	0.0	10.8	Urban
668589.6	7468333.0	90.4	0.0	9.6	Urban
668589.6	7468533.0	97.5	0.0	2.5	Urban
668589.6	7468733.0	100.0	0.0	0.0	Urban
668589.6	7468933.0	99.5	0.0	0.5	Urban
668589.6	7469133.0	99.8	0.0	0.2	Urban
668589.6	7469333.0	100.0	0.0	0.0	Urban
668589.6	7469533.0	99.8	0.0	0.2	Urban
668589.6	7469733.0	99.6	0.0	0.4	Urban
668589.6	7469933.0	97.1	0.0	2.9	Urban
668589.6	7470133.0	99.5	0.0	0.5	Urban
668589.6	7470333.0	97.6	0.0	2.4	Urban
668589.6	7470533.0	99.8	0.0	0.2	Urban
668589.6	7470733.0	100.0	0.0	0.0	Urban
668589.6	7470933.0	88.4	0.0	11.6	Urban
668589.6	7471133.0	97.5	0.0	2.5	Urban
668589.6	7471333.0	100.0	0.0	0.0	Urban
668589.6	7471533.0	95.8	0.0	4.2	Urban
668589.6	7471733.0	99.5	0.0	0.5	Urban
668789.6	7451933.0	0.0	100.0	0.0	Water
668789.6	7452133.0	0.0	100.0	0.0	Water
668789.6	7452333.0	0.0	100.0	0.0	Water
668789.6	7452533.0	0.0	100.0	0.0	Water
668789.6	7452733.0	0.0	100.0	0.0	Water
668789.6	7452933.0	0.0	100.0	0.0	Water
668789.6	7453133.0	0.0	100.0	0.0	Water
668789.6	7453333.0	0.0	100.0	0.0	Water
668789.6	7453533.0	0.0	100.0	0.0	Water
668789.6	7453733.0	0.0	100.0	0.0	Water
668789.6	7453933.0	0.0	100.0	0.0	Water
668789.6	7454133.0	0.0	100.0	0.0	Water
668789.6	7454333.0	35.7	34.8	29.5	Urban
668789.6	7454533.0	99.6	0.0	0.4	Urban
668789.6	7454733.0	81.4	0.0	18.6	Urban
668789.6	7454933.0	3.8	43.5	52.7	Other
668789.6	7455133.0	37.5	0.0	62.5	Urban
668789.6	7455333.0	46.7	0.0	53.3	Urban
668789.6	7455533.0	91.5	0.0	8.5	Urban
668789.6	7455733.0	91.8	0.0	8.2	Urban
668789.6	7455933.0	25.5	32.4	42.0	Urban
668789.6	7456133.0	0.0	100.0	0.0	Water
668789.6	7456333.0	0.0	100.0	0.0	Water
668789.6	7456533.0	37.7	26.6	35.7	Urban
668789.6	7456733.0	56.3	0.0	43.7	Urban
668789.6	7456933.0	21.7	37.7	40.5	Urban
668789.6	7457133.0	0.0	48.9	51.1	Other
668789.6	7457333.0	0.0	0.0	100.0	Other
668789.6	7457533.0	0.0	0.0	100.0	Other
668789.6	7457733.0	0.0	0.0	100.0	Other
668789.6	7457933.0	0.0	15.9	84.1	Other
668789.6	7458133.0	0.0	0.0	100.0	Other
668789.6	7458333.0	0.0	0.5	99.5	Other
668789.6	7458533.0	24.7	0.0	75.3	Urban
668789.6	7458733.0	4.7	0.0	95.3	Other
668789.6	7458933.0	0.0	0.0	100.0	Other
668789.6	7459133.0	0.0	0.0	100.0	Other
668789.6	7459333.0	70.7	0.0	29.3	Urban
668789.6	7459533.0	99.5	0.0	0.5	Urban
668789.6	7459733.0	100.0	0.0	0.0	Urban
668789.6	7459933.0	99.5	0.0	0.5	Urban
668789.6	7460133.0	92.8	0.0	7.2	Urban
668789.6	7460333.0	99.6	0.0	0.4	Urban
668789.6	7460533.0	96.2	0.0	3.8	Urban
668789.6	7460733.0	73.4	0.0	26.6	Urban
668789.6	7460933.0	73.4	0.0	26.6	Urban
668789.6	7461133.0	89.1	0.0	10.9	Urban
668789.6	7461333.0	87.5	0.0	12.5	Urban
668789.6	7461533.0	94.6	0.0	5.4	Urban
668789.6	7461733.0	88.0	0.0	12.0	Urban
668789.6	7461933.0	93.7	0.0	6.3	Urban
668789.6	7462133.0	80.3	0.0	19.7	Urban
668789.6	7462333.0	74.8	0.0	25.2	Urban
668789.6	7462533.0	12.5	0.0	87.5	Other
668789.6	7462733.0	40.0	0.0	60.0	Urban
668789.6	7462933.0	76.3	0.0	23.7	Urban
668789.6	7463133.0	92.2	0.0	7.8	Urban
668789.6	7463333.0	80.3	0.0	19.7	Urban
668789.6	7463533.0	61.1	0.0	38.9	Urban
668789.6	7463733.0	88.8	0.0	11.2	Urban
668789.6	7463933.0	77.7	0.0	22.3	Urban
668789.6	7464133.0	80.4	0.0	19.6	Urban
668789.6	7464333.0	84.6	0.0	15.4	Urban
668789.6	7464533.0	74.5	0.0	25.5	Urban
668789.6	7464733.0	85.6	0.0	14.4	Urban
668789.6	7464933.0	59.4	0.0	40.6	Urban
668789.6	7465133.0	24.8	0.0	75.2	Urban
668789.6	7465333.0	4.7	0.0	95.3	Other
668789.6	7465533.0	70.8	0.0	29.2	Urban
668789.6	7465733.0	97.3	0.0	2.7	Urban
668789.6	7465933.0	92.8	0.0	7.2	Urban
668789.6	7466133.0	89.9	0.0	10.1	Urban
668789.6	7466333.0	91.8	0.0	8.2	Urban
668789.6	7466533.0	94.7	0.0	5.3	Urban
668789.6	7466733.0	94.0	0.0	6.0	Urban
668789.6	7466933.0	87.0	0.0	13.0	Urban
668789.6	7467133.0	87.7	0.0	12.3	Urban
668789.6	7467333.0	59.8	0.0	40.2	Urban
668789.6	7467533.0	79.0	0.0	21.0	Urban
668789.6	7467733.0	97.7	0.0	2.3	Urban
668789.6	7467933.0	99.3	0.0	0.7	Urban
668789.6	7468133.0	89.1	0.0	10.9	Urban
668789.6	7468333.0	92.0	0.0	8.0	Urban
668789.6	7468533.0	97.6	0.0	2.4	Urban
668789.6	7468733.0	96.6	0.0	3.4	Urban
668789.6	7468933.0	97.5	0.0	2.5	Urban
668789.6	7469133.0	100.0	0.0	0.0	Urban
668789.6	7469333.0	98.4	0.0	1.6	Urban
668789.6	7469533.0	100.0	0.0	0.0	Urban
668789.6	7469733.0	99.8	0.0	0.2	Urban
668789.6	7469933.0	98.8	0.0	1.2	Urban
668789.6	7470133.0	97.3	0.0	2.7	Urban
668789.6	7470333.0	95.7	0.0	4.3	Urban
668789.6	7470533.0	98.9	0.0	1.1	Urban
668789.6	7470733.0	94.6	0.0	5.4	Urban
668789.6	7470933.0	100.0	0.0	0.0	Urban
668789.6	7471133.0	100.0	0.0	0.0	Urban
668789.6	7471333.0	100.0	0.0	0.0	Urban
668789.6	7471533.0	86.6	0.0	13.4	Urban
668789.6	7471733.0	95.7	0.0	4.3	Urban
668989.6	7451933.0	0.0	100.0	0.0	Water
668989.6	7452133.0	0.0	100.0	0.0	Water
668989.6	7452333.0	0.0	100.0	0.0	Water
668989.6	7452533.0	0.0	100.0	0.0	Water
668989.6	7452733.0	0.0	100.0	0.0	Water
668989.6	7452933.0	0.0	100.0	0.0	Water
668989.6	7453133.0	0.0	100.0	0.0	Water
668989.6	7453333.0	0.0	100.0	0.0	Water
668989.6	7453533.0	0.0	100.0	0.0	Water
668989.6	7453733.0	0.0	100.0	0.0	Water
668989.6	7453933.0	0.0	100.0	0.0	Water
668989.6	7454133.0	0.0	100.0	0.0	Water
668989.6	7454333.0	35.9	34.8	29.3	Urban
668989.6	7454533.0	83.0	0.0	17.0	Urban
668989.6	7454733.0	60.1	0.0	39.9	Urban
668989.6	7454933.0	25.7	16.5	57.8	Urban
668989.6	7455133.0	79.7	0.0	20.3	Urban
668989.6	7455333.0	70.8	0.0	29.2	Urban
668989.6	7455533.0	97.1	0.0	2.9	Urban
668989.6	7455733.0	86.5	0.0	13.5	Urban
668989.6	7455933.0	24.5	49.8	25.7	Urban
668989.6	7456133.0	6.9	62.1	31.0	Water
668989.6	7456333.0	32.6	13.6	53.8	Urban
668989.6	7456533.0	51.0	3.1	45.9	Urban
668989.6	7456733.0	69.7	0.0	30.3	Urban
668989.6	7456933.0	23.7	38.4	37.9	Urban
668989.6	7457133.0	0.0	61.8	38.2	Water
668989.6	7457333.0	0.0	0.0	100.0	Other
668989.6	7457533.0	0.0	0.0	100.0	Other
668989.6	7457733.0	0.0	0.0	100.0	Other
668989.6	7457933.0	0.0	17.0	83.0	Other
668989.6	7458133.0	0.0	0.0	100.0	Other
668989.6	7458333.0	0.0	0.4	99.6	Other
668989.6	7458533.0	18.8	0.0	81.2	Other
668989.6	7458733.0	55.6	0.0	44.4	Urban
668989.6	7458933.0	2.0	0.0	98.0	Other
668989.6	7459133.0	8.3	0.0	91.7	Other
668989.6	7459333.0	57.1	0.0	42.9	Urban
668989.6	7459533.0	98.6	0.0	1.4	Urban
668989.6	7459733.0	100.0	0.0	0.0	Urban
668989.6	7459933.0	100.0	0.0	0.0	Urban
668989.6	7460133.0	99.6	0.0	0.4	Urban
668989.6	7460333.0	81.6	0.0	18.4	Urban
668989.6	7460533.0	68.7	0.0	31.3	Urban
668989.6	7460733.0	56.5	0.0	43.5	Urban
668989.6	7460933.0	17.6	0.0	82.4	Other
668989.6	7461133.0	61.9	0.0	38.1	Urban
668989.6	7461333.0	30.6	0.0	69.4	Urban
668989.6	7461533.0	82.2	0.0	17.8	Urban
668989.6	7461733.0	74.8	0.0	25.2	Urban
668989.6	7461933.0	46.6	0.0	53.4	Urban
668989.6	7462133.0	65.9	0.0	34.1	Urban
668989.6	7462333.0	63.0	0.0	37.0	Urban
668989.6	7462533.0	66.5	0.0	33.5	Urban
668989.6	7462733.0	85.0	0.0	15.0	Urban
668989.6	7462933.0	75.2	0.0	24.8	Urban
668989.6	7463133.0	13.2	0.0	86.8	Other
668989.6	7463333.0	29.6	0.0	70.4	Urban
668989.6	7463533.0	73.9	0.0	26.1	Urban
668989.6	7463733.0	83.5	0.0	16.5	Urban
668989.6	7463933.0	92.4	0.0	7.6	Urban
668989.6	7464133.0	99.5	0.0	0.5	Urban
668989.6	7464333.0	65.9	0.0	34.1	Urban
668989.6	7464533.0	52.0	0.0	48.0	Urban
668989.6	7464733.0	84.2	0.0	15.8	Urban
668989.6	7464933.0	27.7	0.0	72.3	Urban
668989.6	7465133.0	19.4	0.0	80.6	Other
668989.6	7465333.0	0.0	0.0	100.0	Other
668989.6	7465533.0	26.4	0.0	73.6	Urban
668989.6	7465733.0	98.6	0.0	1.4	Urban
668989.6	7465933.0	93.5	0.0	6.5	Urban
668989.6	7466133.0	71.7	0.0	28.3	Urban
668989.6	7466333.0	83.5	0.0	16.5	Urban
668989.6	7466533.0	98.7	0.0	1.3	Urban
668989.6	7466733.0	98.2	0.0	1.8	Urban
668989.6	7466933.0	99.1	0.0	0.9	Urban
668989.6	7467133.0	42.0	0.0	58.0	Urban
668989.6	7467333.0	17.4	0.0	82.6	Other
668989.6	7467533.0	44.2	0.0	55.8	Urban
668989.6	7467733.0	89.5	0.0	10.5	Urban
668989.6	7467933.0	97.4	0.0	2.6	Urban
668989.6	7468133.0	95.7	0.0	4.3	Urban
668989.6	7468333.0	94.4	0.0	5.6	Urban
668989.6	7468533.0	100.0	0.0	0.0	Urban
668989.6	7468733.0	99.5	0.0	0.5	Urban
668989.6	7468933.0	94.6	0.0	5.4	Urban
668989.6	7469133.0	98.1	0.0	1.9	Urban
668989.6	7469333.0	97.6	0.0	2.4	Urban
668989.6	7469533.0	99.8	0.0	0.2	Urban
668989.6	7469733.0	100.0	0.0	0.0	Urban
668989.6	7469933.0	99.3	0.0	0.7	Urban
668989.6	7470133.0	94.7	0.0	5.3	Urban
668989.6	7470333.0	92.0	0.0	8.0	Urban
668989.6	7470533.0	91.3	0.0	8.7	Urban
668989.6	7470733.0	99.8	0.0	0.2	Urban
668989.6	7470933.0	100.0	0.0	0.0	Urban
668989.6	7471133.0	100.0	0.0	0.0	Urban
668989.6	7471333.0	99.3	0.0	0.7	Urban
668989.6	7471533.0	85.0	0.0	15.0	Urban
668989.6	7471733.0	55.0	0.0	45.0	Urban
669189.6	7451933.0	0.0	100.0	0.0	Water
669189.6	7452133.0	0.0	100.0	0.0	Water
669189.6	7452333.0	0.0	100.0	0.0	Water
669189.6	7452533.0	0.0	100.0	0.0	Water
669189.6	7452733.0	0.0	100.0	0.0	Water
669189.6	7452933.0	0.0	100.0	0.0	Water
669189.6	7453133.0	0.0	100.0	0.0	Water
669189.6	7453333.0	0.0	100.0	0.0	Water
669189.6	7453533.0	0.0	100.0	0.0	Water
669189.6	7453733.0	0.0	100.0	0.0	Water
669189.6	7453933.0	0.0	100.0	0.0	Water
669189.6	7454133.0	0.0	100.0	0.0	Water
669189.6	7454333.0	31.2	38.6	30.3	Urban
669189.6	7454533.0	58.3	0.0	41.7	Urban
669189.6	7454733.0	44.9	0.0	55.1	Urban
669189.6	7454933.0	44.0	0.0	56.0	Urban
669189.6	7455133.0	98.0	0.0	2.0	Urban
669189.6	7455333.0	89.2	0.0	10.8	Urban
669189.6	7455533.0	98.4	0.0	1.6	Urban
669189.6	7455733.0	93.8	0.0	6.2	Urban
669189.6	7455933.0	19.4	54.5	26.1	Water
669189.6	7456133.0	1.1	83.5	15.4	Water
669189.6	7456333.0	55.8	4.0	40.2	Urban
669189.6	7456533.0	32.2	0.0	67.8	Urban
669189.6	7456733.0	56.9	4.3	38.8	Urban
669189.6	7456933.0	3.4	30.6	65.9	Other
669189.6	7457133.0	0.0	33.9	66.1	Other
669189.6	7457333.0	0.0	0.0	100.0	Other
669189.6	7457533.0	0.0	0.0	100.0	Other
669189.6	7457733.0	0.0	0.0	100.0	Other
669189.6	7457933.0	0.0	19.7	80.3	Other
669189.6	7458133.0	0.0	0.4	99.6	Other
669189.6	7458333.0	0.0	0.0	100.0	Other
669189.6	7458533.0	0.0	0.0	100.0	Other
669189.6	7458733.0	2.4	0.0	97.6	Other
669189.6	7458933.0	24.1	0.0	75.9	Urban
669189.6	7459133.0	42.8	0.0	57.2	Urban
669189.6	7459333.0	100.0	0.0	0.0	Urban
669189.6	7459533.0	100.0	0.0	0.0	Urban
669189.6	7459733.0	100.0	0.0	0.0	Urban
669189.6	7459933.0	100.0	0.0	0.0	Urban
669189.6	7460133.0	98.3	0.0	1.7	Urban
669189.6	7460333.0	98.7	0.0	1.3	Urban
669189.6	7460533.0	92.4	0.0	7.6	Urban
669189.6	7460733.0	94.7	0.0	5.3	Urban
669189.6	7460933.0	40.9	0.0	59.1	Urban
669189.6	7461133.0	42.9	0.0	57.1	Urban
669189.6	7461333.0	67.0	0.0	33.0	Urban
669189.6	7461533.0	81.9	0.0	18.1	Urban
669189.6	7461733.0	84.8	0.0	15.2	Urban
669189.6	7461933.0	19.6	0.0	80.4	Other
669189.6	7462133.0	42.8	0.0	57.2	Urban
669189.6	7462333.0	73.0	0.0	27.0	Urban
669189.6	7462533.0	62.7	0.0	37.3	Urban
669189.6	7462733.0	84.4	0.0	15.6	Urban
669189.6	7462933.0	85.7	0.0	14.3	Urban
669189.6	7463133.0	71.4	0.0	28.6	Urban
669189.6	7463333.0	21.7	0.0	78.3	Urban
669189.6	7463533.0	62.0	0.0	38.0	Urban
669189.6	7463733.0	84.2	0.0	15.8	Urban
669189.6	7463933.0	97.5	0.0	2.5	Urban
669189.6	7464133.0	88.9	0.0	11.1	Urban
669189.6	7464333.0	30.3	0.0	69.7	Urban
669189.6	7464533.0	11.6	0.0	88.4	Other
669189.6	7464733.0	39.1	0.0	60.9	Urban
669189.6	7464933.0	51.1	0.0	48.9	Urban
669189.6	7465133.0	25.9	0.0	74.1	Urban
669189.6	7465333.0	0.0	0.0	100.0	Other
669189.6	7465533.0	1.3	0.0	98.7	Other
669189.6	7465733.0	7.2	0.0	92.8	Other
669189.6	7465933.0	65.7	0.0	34.3	Urban
669189.6	7466133.0	74.1	0.0	25.9	Urban
669189.6	7466333.0	79.7	0.0	20.3	Urban
669189.6	7466533.0	84.2	0.0	15.8	Urban
669189.6	7466733.0	89.9	0.0	10.1	Urban
669189.6	7466933.0	98.4	0.0	1.6	Urban
669189.6	7467133.0	63.0	0.0	37.0	Urban
669189.6	7467333.0	50.2	0.0	49.8	Urban
669189.6	7467533.0	66.6	0.0	33.4	Urban
669189.6	7467733.0	66.3	0.0	33.7	Urban
669189.6	7467933.0	88.4	0.0	11.6	Urban
669189.6	7468133.0	99.6	0.0	0.4	Urban
669189.6	7468333.0	99.5	0.0	0.5	Urban
669189.6	7468533.0	97.5	0.0	2.5	Urban
669189.6	7468733.0	100.0	0.0	0.0	Urban
669189.6	7468933.0	99.8	0.0	0.2	Urban
669189.6	7469133.0	98.7	0.0	1.3	Urban
669189.6	7469333.0	100.0	0.0	0.0	Urban
669189.6	7469533.0	98.2	0.0	1.8	Urban
669189.6	7469733.0	93.0	1.0	5.9	Urban
669189.6	7469933.0	97.8	0.0	2.2	Urban
669189.6	7470133.0	99.1	0.0	0.9	Urban
669189.6	7470333.0	96.6	0.0	3.4	Urban
669189.6	7470533.0	98.3	0.0	1.7	Urban
669189.6	7470733.0	96.9	0.0	3.1	Urban
669189.6	7470933.0	100.0	0.0	0.0	Urban
669189.6	7471133.0	99.1	0.0	0.9	Urban
669189.6	7471333.0	83.7	0.0	16.3	Urban
669189.6	7471533.0	76.3	0.0	23.7	Urban
669189.6	7471733.0	98.7	0.0	1.3	Urban
669389.6	7451933.0	0.0	100.0	0.0	Water
669389.6	7452133.0	0.0	100.0	0.0	Water
669389.6	7452333.0	0.0	100.0	0.0	Water
669389.6	7452533.0	0.0	100.0	0.0	Water
669389.6	7452733.0	0.0	100.0	0.0	Water
669389.6	7452933.0	0.0	100.0	0.0	Water
669389.6	7453133.0	0.0	100.0	0.0	Water
669389.6	7453333.0	0.0	100.0	0.0	Water
669389.6	7453533.0	0.0	100.0	0.0	Water
669389.6	7453733.0	0.0	100.0	0.0	Water
669389.6	7453933.0	0.0	100.0	0.0	Water
669389.6	7454133.0	0.0	100.0	0.0	Water
669389.6	7454333.0	30.8	36.4	32.8	Urban
669389.6	7454533.0	34.4	0.0	65.6	Urban
669389.6	7454733.0	13.4	0.7	85.9	Other
669389.6	7454933.0	31.5	0.0	68.5	Urban
669389.6	7455133.0	36.6	0.0	63.4	Urban
669389.6	7455333.0	63.6	0.0	36.4	Urban
669389.6	7455533.0	95.7	0.0	4.3	Urban
669389.6	7455733.0	92.9	0.0	7.1	Urban
669389.6	7455933.0	25.0	35.9	39.1	Urban
669389.6	7456133.0	0.0	100.0	0.0	Water
669389.6	7456333.0	21.6	32.5	45.9	Urban
669389.6	7456533.0	30.1	19.6	50.4	Urban
669389.6	7456733.0	5.1	61.1	33.9	Water
669389.6	7456933.0	0.0	13.4	86.6	Other
669389.6	7457133.0	0.0	37.9	62.1	Other
669389.6	7457333.0	0.0	0.0	100.0	Other
669389.6	7457533.0	0.0	0.0	100.0	Other
669389.6	7457733.0	0.0	18.1	81.9	Other
669389.6	7457933.0	0.0	13.4	86.6	Other
669389.6	7458133.0	0.0	0.0	100.0	Other
669389.6	7458333.0	0.0	0.0	100.0	Other
669389.6	7458533.0	0.0	0.0	100.0	Other
669389.6	7458733.0	0.0	0.0	100.0	Other
669389.6	7458933.0	0.0	0.0	100.0	Other
669389.6	7459133.0	15.9	0.0	84.1	Other
669389.6	7459333.0	74.3	0.0	25.7	Urban
669389.6	7459533.0	100.0	0.0	0.0	Urban
669389.6	7459733.0	99.5	0.0	0.5	Urban
669389.6	7459933.0	98.6	0.0	1.4	Urban
669389.6	7460133.0	95.8	0.0	4.2	Urban
669389.6	7460333.0	94.4	0.0	5.6	Urban
669389.6	7460533.0	92.9	0.0	7.1	Urban
669389.6	7460733.0	53.8	0.0	46.2	Urban
669389.6	7460933.0	85.4	0.0	14.6	Urban
669389.6	7461133.0	73.4	0.0	26.6	Urban
669389.6	7461333.0	66.3	0.0	33.7	Urban
669389.6	7461533.0	92.9	0.0	7.1	Urban
669389.6	7461733.0	71.5	0.0	28.5	Urban
669389.6	7461933.0	20.8	0.0	79.2	Urban
669389.6	7462133.0	60.6	0.0	39.4	Urban
669389.6	7462333.0	91.8	0.0	8.2	Urban
669389.6	7462533.0	88.9	0.0	11.1	Urban
669389.6	7462733.0	92.6	0.0	7.4	Urban
669389.6	7462933.0	76.6	0.0	23.4	Urban
669389.6	7463133.0	92.2	0.0	7.8	Urban
669389.6	7463333.0	81.1	0.0	18.9	Urban
669389.6	7463533.0	85.9	0.0	14.1	Urban
669389.6	7463733.0	96.4	0.0	3.6	Urban
669389.6	7463933.0	92.4	0.0	7.6	Urban
669389.6	7464133.0	35.7	0.0	64.3	Urban
669389.6	7464333.0	0.0	0.0	100.0	Other
669389.6	7464533.0	0.0	0.0	100.0	Other
669389.6	7464733.0	39.7	0.0	60.3	Urban
669389.6	7464933.0	25.2	0.0	74.8	Urban
669389.6	7465133.0	15.2	0.0	84.8	Other
669389.6	7465333.0	0.0	0.0	100.0	Other
669389.6	7465533.0	0.0	0.0	100.0	Other
669389.6	7465733.0	0.0	0.0	100.0	Other
669389.6	7465933.0	27.0	0.0	73.0	Urban
669389.6	7466133.0	72.8	0.0	27.2	Urban
669389.6	7466333.0	85.0	0.0	15.0	Urban
669389.6	7466533.0	82.6	0.0	17.4	Urban
669389.6	7466733.0	96.0	0.0	4.0	Urban
669389.6	7466933.0	100.0	0.0	0.0	Urban
669389.6	7467133.0	96.4	0.0	3.6	Urban
669389.6	7467333.0	99.3	0.0	0.7	Urban
669389.6	7467533.0	80.8	0.0	19.2	Urban
669389.6	7467733.0	50.4	0.0	49.6	Urban
669389.6	7467933.0	93.8	0.0	6.2	Urban
669389.6	7468133.0	91.8	0.0	8.2	Urban
669389.6	7468333.0	99.1	0.0	0.9	Urban
669389.6	7468533.0	99.8	0.0	0.2	Urban
669389.6	7468733.0	96.0	0.0	4.0	Urban
669389.6	7468933.0	98.9	0.0	1.1	Urban
669389.6	7469133.0	94.0	0.0	6.0	Urban
669389.6	7469333.0	94.3	0.0	5.7	Urban
669389.6	7469533.0	99.6	0.0	0.4	Urban
669389.6	7469733.0	98.9	0.0	1.1	Urban
669389.6	7469933.0	98.0	0.0	2.0	Urban
669389.6	7470133.0	100.0	0.0	0.0	Urban
669389.6	7470333.0	100.0	0.0	0.0	Urban
669389.6	7470533.0	100.0	0.0	0.0	Urban
669389.6	7470733.0	99.8	0.0	0.2	Urban
669389.6	7470933.0	100.0	0.0	0.0	Urban
669389.6	7471133.0	73.7	0.0	26.3	Urban
669389.6	7471333.0	81.0	0.0	19.0	Urban
669389.6	7471533.0	100.0	0.0	0.0	Urban
669389.6	7471733.0	100.0	0.0	0.0	Urban
669589.6	7451933.0	0.0	100.0	0.0	Water
669589.6	7452133.0	0.0	100.0	0.0	Water
669589.6	7452333.0	0.0	100.0	0.0	Water
669589.6	7452533.0	0.0	100.0	0.0	Water
669589.6	7452733.0	0.0	100.0	0.0	Water
669589.6	7452933.0	0.0	100.0	0.0	Water
669589.6	7453133.0	0.0	100.0	0.0	Water
669589.6	7453333.0	0.0	100.0	0.0	Water
669589.6	7453533.0	0.0	100.0	0.0	Water
669589.6	7453733.0	0.0	100.0	0.0	Water
669589.6	7453933.0	0.0	100.0	0.0	Water
669589.6	7454133.0	0.0	100.0	0.0	Water
669589.6	7454333.0	27.3	30.5	42.2	Urban
669589.6	7454533.0	43.8	0.2	56.0	Urban
669589.6	7454733.0	38.6	0.0	61.4	Urban
669589.6	7454933.0	38.0	0.0	62.0	Urban
669589.6	7455133.0	62.1	0.0	37.9	Urban
669589.6	7455333.0	72.3	0.0	27.7	Urban
669589.6	7455533.0	93.5	0.0	6.5	Urban
669589.6	7455733.0	71.6	0.0	28.4	Urban
669589.6	7455933.0	30.6	5.6	63.8	Urban
669589.6	7456133.0	0.0	98.0	2.0	Water
669589.6	7456333.0	0.0	94.4	5.6	Water
669589.6	7456533.0	0.0	97.8	2.2	Water
669589.6	7456733.0	0.0	34.4	65.6	Other
669589.6	7456933.0	0.0	14.3	85.7	Other
669589.6	7457133.0	0.0	10.9	89.1	Other
669589.6	7457333.0	0.0	0.0	100.0	Other
669589.6	7457533.0	0.0	19.6	80.4	Other
669589.6	7457733.0	0.0	9.4	90.6	Other
669589.6	7457933.0	0.0	0.0	100.0	Other
669589.6	7458133.0	0.0	0.0	100.0	Other
669589.6	7458333.0	0.0	0.0	100.0	Other
669589.6	7458533.0	0.0	0.0	100.0	Other
669589.6	7458733.0	0.0	0.0	100.0	Other
669589.6	7458933.0	0.0	0.0	100.0	Other
669589.6	7459133.0	15.6	0.0	84.4	Other
669589.6	7459333.0	6.3	0.0	93.7	Other
669589.6	7459533.0	65.0	0.0	35.0	Urban
669589.6	7459733.0	83.0	0.0	17.0	Urban
669589.6	7459933.0	94.9	0.0	5.1	Urban
669589.6	7460133.0	94.0	0.0	6.0	Urban
669589.6	7460333.0	97.3	0.0	2.7	Urban
669589.6	7460533.0	82.1	0.0	17.9	Urban
669589.6	7460733.0	82.6	0.0	17.4	Urban
669589.6	7460933.0	98.0	0.0	2.0	Urban
669589.6	7461133.0	19.9	0.0	80.1	Other
669589.6	7461333.0	2.7	0.0	97.3	Other
669589.6	7461533.0	73.6	0.0	26.4	Urban
669589.6	7461733.0	76.6	0.0	23.4	Urban
669589.6	7461933.0	33.0	0.0	67.0	Urban
669589.6	7462133.0	43.5	0.0	56.5	Urban
669589.6	7462333.0	78.1	0.0	21.9	Urban
669589.6	7462533.0	89.3	0.0	10.7	Urban
669589.6	7462733.0	44.7	0.0	55.3	Urban
669589.6	7462933.0	68.1	0.0	31.9	Urban
669589.6	7463133.0	68.5	0.0	31.5	Urban
669589.6	7463333.0	77.4	0.0	22.6	Urban
669589.6	7463533.0	61.7	0.0	38.3	Urban
669589.6	7463733.0	72.8	0.0	27.2	Urban
669589.6	7463933.0	93.5	0.0	6.5	Urban
669589.6	7464133.0	40.0	0.0	60.0	Urban
669589.6	7464333.0	0.0	0.0	100.0	Other
669589.6	7464533.0	1.6	0.0	98.4	Other
669589.6	7464733.0	38.0	0.0	62.0	Urban
669589.6	7464933.0	69.6	0.0	30.4	Urban
669589.6	7465133.0	5.1	0.0	94.9	Other
669589.6	7465333.0	0.0	0.0	100.0	Other
669589.6	7465533.0	0.0	0.0	100.0	Other
669589.6	7465733.0	0.0	0.0	100.0	Other
669589.6	7465933.0	11.0	0.0	89.0	Other
669589.6	7466133.0	72.6	0.0	27.4	Urban
669589.6	7466333.0	79.7	0.0	20.3	Urban
669589.6	7466533.0	90.4	0.0	9.6	Urban
669589.6	7466733.0	84.1	0.0	15.9	Urban
669589.6	7466933.0	98.6	0.0	1.4	Urban
669589.6	7467133.0	94.3	0.0	5.7	Urban
669589.6	7467333.0	96.9	0.0	3.1	Urban
669589.6	7467533.0	99.6	0.0	0.4	Urban
669589.6	7467733.0	99.6	0.0	0.4	Urban
669589.6	7467933.0	94.9	0.0	5.1	Urban
669589.6	7468133.0	79.5	0.0	20.5	Urban
669589.6	7468333.0	92.2	0.0	7.8	Urban
669589.6	7468533.0	96.4	0.0	3.6	Urban
669589.6	7468733.0	98.2	0.0	1.8	Urban
669589.6	7468933.0	99.2	0.0	0.8	Urban
669589.6	7469133.0	98.2	0.0	1.8	Urban
669589.6	7469333.0	90.8	0.0	9.2	Urban
669589.6	7469533.0	100.0	0.0	0.0	Urban
669589.6	7469733.0	100.0	0.0	0.0	Urban
669589.6	7469933.0	100.0	0.0	0.0	Urban
669589.6	7470133.0	98.6	0.0	1.4	Urban
669589.6	7470333.0	99.8	0.0	0.2	Urban
669589.6	7470533.0	98.6	0.0	1.4	Urban
669589.6	7470733.0	89.9	0.0	10.1	Urban
669589.6	7470933.0	87.9	0.0	12.1	Urban
669589.6	7471133.0	98.6	0.0	1.4	Urban
669589.6	7471333.0	98.9	0.0	1.1	Urban
669589.6	7471533.0	96.7	0.0	3.3	Urban
669589.6	7471733.0	99.6	0.0	0.4	Urban
669789.6	7451933.0	0.0	100.0	0.0	Water
669789.6	7452133.0	0.0	100.0	0.0	Water
669789.6	7452333.0	0.0	100.0	0.0	Water
669789.6	7452533.0	0.0	100.0	0.0	Water
669789.6	7452733.0	0.0	100.0	0.0	Water
669789.6	7452933.0	0.0	100.0	0.0	Water
669789.6	7453133.0	0.0	100.0	0.0	Water
669789.6	7453333.0	0.0	100.0	0.0	Water
669789.6	7453533.0	0.0	100.0	0.0	Water
669789.6	7453733.0	0.0	100.0	0.0	Water
669789.6	7453933.0	0.0	100.0	0.0	Water
669789.6	7454133.0	0.0	100.0	0.0	Water
669789.6	7454333.0	39.9	26.1	34.1	Urban
669789.6	7454533.0	90.9	0.0	9.1	Urban
669789.6	7454733.0	65.7	0.2	34.1	Urban
669789.6	7454933.0	56.5	0.2	43.3	Urban
669789.6	7455133.0	45.8	0.0	54.2	Urban
669789.6	7455333.0	81.5	0.0	18.5	Urban
669789.6	7455533.0	84.7	0.0	15.3	Urban
669789.6	7455733.0	55.1	0.0	44.9	Urban
669789.6	7455933.0	33.2	5.4	61.4	Urban
669789.6	7456133.0	0.0	98.9	1.1	Water
669789.6	7456333.0	0.0	100.0	0.0	Water
669789.6	7456533.0	0.0	100.0	0.0	Water
669789.6	7456733.0	0.0	33.9	66.1	Other
669789.6	7456933.0	0.0	0.0	100.0	Other
669789.6	7457133.0	0.0	9.4	90.6	Other
669789.6	7457333.0	0.0	44.0	56.0	Other
669789.6	7457533.0	0.0	56.1	43.9	Water
669789.6	7457733.0	0.0	0.0	100.0	Other
669789.6	7457933.0	0.0	0.0	100.0	Other
669789.6	7458133.0	0.0	0.0	100.0	Other
669789.6	7458333.0	0.0	0.0	100.0	Other
669789.6	7458533.0	0.0	0.0	100.0	Other
669789.6	7458733.0	0.0	0.0	100.0	Other
669789.6	7458933.0	0.0	0.0	100.0	Other
669789.6	7459133.0	9.4	0.0	90.6	Other
669789.6	7459333.0	72.5	0.0	27.5	Urban
669789.6	7459533.0	73.9	0.0	26.1	Urban
669789.6	7459733.0	73.6	0.0	26.4	Urban
669789.6	7459933.0	63.2	0.0	36.8	Urban
669789.6	7460133.0	95.1	0.0	4.9	Urban
669789.6	7460333.0	77.5	0.0	22.5	Urban
669789.6	7460533.0	60.0	0.0	40.0	Urban
669789.6	7460733.0	80.3	0.0	19.7	Urban
669789.6	7460933.0	39.3	0.0	60.7	Urban
669789.6	7461133.0	2.2	0.0	97.8	Other
669789.6	7461333.0	0.0	0.0	100.0	Other
669789.6	7461533.0	47.0	0.0	53.0	Urban
669789.6	7461733.0	62.0	0.0	38.0	Urban
669789.6	7461933.0	70.3	0.0	29.7	Urban
669789.6	7462133.0	85.5	0.0	14.5	Urban
669789.6	7462333.0	89.7	0.0	10.3	Urban
669789.6	7462533.0	37.5	0.0	62.5	Urban
669789.6	7462733.0	21.6	0.0	78.4	Urban
669789.6	7462933.0	12.0	0.0	88.0	Other
669789.6	7463133.0	12.0	0.0	88.0	Other
669789.6	7463333.0	57.6	0.0	42.4	Urban
669789.6	7463533.0	81.3	0.0	18.7	Urban
669789.6	7463733.0	63.6	0.0	36.4	Urban
669789.6	7463933.0	90.6	0.0	9.4	Urban
669789.6	7464133.0	80.3	0.0	19.7	Urban
669789.6	7464333.0	38.4	0.0	61.6	Urban
669789.6	7464533.0	76.2	0.0	23.8	Urban
669789.6	7464733.0	68.3	0.0	31.7	Urban
669789.6	7464933.0	63.9	0.0	36.1	Urban
669789.6	7465133.0	18.7	0.0	81.3	Other
669789.6	7465333.0	0.0	0.0	100.0	Other
669789.6	7465533.0	0.0	0.0	100.0	Other
669789.6	7465733.0	0.0	0.0	100.0	Other
669789.6	7465933.0	45.3	0.0	54.7	Urban
669789.6	7466133.0	78.6	0.0	21.4	Urban
669789.6	7466333.0	80.6	0.0	19.4	Urban
669789.6	7466533.0	55.3	0.0	44.7	Urban
669789.6	7466733.0	82.8	0.0	17.2	Urban
669789.6	7466933.0	91.8	0.0	8.2	Urban
669789.6	7467133.0	99.1	0.0	0.9	Urban
669789.6	7467333.0	96.7	0.0	3.3	Urban
669789.6	7467533.0	96.2	0.0	3.8	Urban
669789.6	7467733.0	87.0	0.0	13.0	Urban
669789.6	7467933.0	86.1	0.0	13.9	Urban
669789.6	7468133.0	86.8	0.0	13.2	Urban
669789.6	7468333.0	98.4	0.0	1.6	Urban
669789.6	7468533.0	99.3	0.0	0.7	Urban
669789.6	7468733.0	95.5	0.0	4.5	Urban
669789.6	7468933.0	100.0	0.0	0.0	Urban
669789.6	7469133.0	100.0	0.0	0.0	Urban
669789.6	7469333.0	83.9	0.0	16.1	Urban
669789.6	7469533.0	96.9	0.0	3.1	Urban
669789.6	7469733.0	98.7	0.0	1.3	Urban
669789.6	7469933.0	99.5	0.0	0.5	Urban
669789.6	7470133.0	99.1	0.0	0.9	Urban
669789.6	7470333.0	99.2	0.0	0.8	Urban
669789.6	7470533.0	79.3	0.0	20.7	Urban
669789.6	7470733.0	67.8	0.0	32.2	Urban
669789.6	7470933.0	96.2	0.0	3.8	Urban
669789.6	7471133.0	100.0	0.0	0.0	Urban
669789.6	7471333.0	99.3	0.0	0.7	Urban
669789.6	7471533.0	100.0	0.0	0.0	Urban
669789.6	7471733.0	99.5	0.0	0.5	Urban
669989.6	7451933.0	0.0	100.0	0.0	Water
669989.6	7452133.0	0.0	100.0	0.0	Water
669989.6	7452333.0	0.0	100.0	0.0	Water
669989.6	7452533.0	0.0	100.0	0.0	Water
669989.6	7452733.0	0.0	100.0	0.0	Water
669989.6	7452933.0	0.0	100.0	0.0	Water
669989.6	7453133.0	0.0	100.0	0.0	Water
669989.6	7453333.0	0.0	100.0	0.0	Water
669989.6	7453533.0	0.0	100.0	0.0	Water
669989.6	7453733.0	0.0	100.0	0.0	Water
669989.6	7453933.0	0.0	100.0	0.0	Water
669989.6	7454133.0	0.0	100.0	0.0	Water
669989.6	7454333.0	44.7	22.6	32.7	Urban
669989.6	7454533.0	96.0	0.0	4.0	Urban
669989.6	7454733.0	67.4	0.0	32.6	Urban
669989.6	7454933.0	24.1	0.0	75.9	Urban
669989.6	7455133.0	67.2	0.0	32.8	Urban
669989.6	7455333.0	66.7	0.0	33.3	Urban
669989.6	7455533.0	73.2	0.0	26.8	Urban
669989.6	7455733.0	31.7	0.0	68.3	Urban
669989.6	7455933.0	21.9	27.0	51.1	Urban
669989.6	7456133.0	0.0	100.0	0.0	Water
669989.6	7456333.0	0.0	100.0	0.0	Water
669989.6	7456533.0	0.0	100.0	0.0	Water
669989.6	7456733.0	0.0	82.6	17.4	Water
669989.6	7456933.0	0.0	69.6	30.4	Water
669989.6	7457133.0	0.0	95.7	4.3	Water
669989.6	7457333.0	0.0	88.3	11.7	Water
669989.6	7457533.0	13.8	36.1	50.2	Other
669989.6	7457733.0	45.7	0.0	54.3	Urban
669989.6	7457933.0	66.1	0.0	33.9	Urban
669989.6	7458133.0	3.6	0.0	96.4	Other
669989.6	7458333.0	0.0	0.0	100.0	Other
669989.6	7458533.0	0.0	0.0	100.0	Other
669989.6	7458733.0	0.0	0.0	100.0	Other
669989.6	7458933.0	0.0	0.0	100.0	Other
669989.6	7459133.0	0.7	0.0	99.3	Other
669989.6	7459333.0	69.2	0.0	30.8	Urban
669989.6	7459533.0	53.1	0.0	46.9	Urban
669989.6	7459733.0	65.4	0.0	34.6	Urban
669989.6	7459933.0	98.0	0.0	2.0	Urban
669989.6	7460133.0	77.3	0.0	22.7	Urban
669989.6	7460333.0	96.0	0.0	4.0	Urban
669989.6	7460533.0	83.5	0.0	16.5	Urban
669989.6	7460733.0	89.6	0.0	10.4	Urban
669989.6	7460933.0	55.1	0.0	44.9	Urban
669989.6	7461133.0	8.3	0.0	91.7	Other
669989.6	7461333.0	7.0	0.0	93.0	Other
669989.6	7461533.0	48.6	0.0	51.4	Urban
669989.6	7461733.0	98.2	0.0	1.8	Urban
669989.6	7461933.0	94.9	0.0	5.1	Urban
669989.6	7462133.0	95.7	0.0	4.3	Urban
669989.6	7462333.0	95.5	0.0	4.5	Urban
669989.6	7462533.0	73.0	0.0	27.0	Urban
669989.6	7462733.0	51.6	0.0	48.4	Urban
669989.6	7462933.0	17.9	0.0	82.1	Other
669989.6	7463133.0	10.1	0.0	89.9	Other
669989.6	7463333.0	51.0	0.0	49.0	Urban
669989.6	7463533.0	85.0	0.0	15.0	Urban
669989.6	7463733.0	56.2	0.0	43.8	Urban
669989.6	7463933.0	42.0	0.0	58.0	Urban
669989.6	7464133.0	62.8	0.0	37.2	Urban
669989.6	7464333.0	16.8	0.0	83.2	Other
669989.6	7464533.0	36.8	0.0	63.2	Urban
669989.6	7464733.0	57.2	0.0	42.8	Urban
669989.6	7464933.0	6.5	0.0	93.5	Other
669989.6	7465133.0	15.2	0.0	84.8	Other
669989.6	7465333.0	0.2	0.0	99.8	Other
669989.6	7465533.0	0.0	0.0	100.0	Other
669989.6	7465733.0	0.0	0.0	100.0	Other
669989.6	7465933.0	5.4	0.0	94.6	Other
669989.6	7466133.0	36.6	0.0	63.4	Urban
669989.6	7466333.0	58.5	0.0	41.5	Urban
669989.6	7466533.0	46.4	0.0	53.6	Urban
669989.6	7466733.0	66.8	0.0	33.2	Urban
669989.6	7466933.0	78.8	0.0	21.2	Urban
669989.6	7467133.0	77.2	0.0	22.8	Urban
669989.6	7467333.0	63.2	0.0	36.8	Urban
669989.6	7467533.0	37.3	0.0	62.7	Urban
669989.6	7467733.0	41.7	0.0	58.3	Urban
669989.6	7467933.0	76.7	0.0	23.3	Urban
669989.6	7468133.0	94.0	0.0	6.0	Urban
669989.6	7468333.0	97.8	0.0	2.2	Urban
669989.6	7468533.0	98.0	0.0	2.0	Urban
669989.6	7468733.0	99.8	0.0	0.2	Urban
669989.6	7468933.0	99.3	0.0	0.7	Urban
669989.6	7469133.0	98.7	0.0	1.3	Urban
669989.6	7469333.0	100.0	0.0	0.0	Urban
669989.6	7469533.0	99.3	0.0	0.7	Urban
669989.6	7469733.0	99.1	0.0	0.9	Urban
669989.6	7469933.0	100.0	0.0	0.0	Urban
669989.6	7470133.0	98.0	0.0	2.0	Urban
669989.6	7470333.0	66.8	0.0	33.2	Urban
669989.6	7470533.0	69.6	0.0	30.4	Urban
669989.6	7470733.0	97.6	0.0	2.4	Urban
669989.6	7470933.0	100.0	0.0	0.0	Urban
669989.6	7471133.0	100.0	0.0	0.0	Urban
669989.6	7471333.0	99.1	0.0	0.9	Urban
669989.6	7471533.0	99.5	0.0	0.5	Urban
669989.6	7471733.0	99.8	0.0	0.2	Urban
670189.6	7451933.0	0.0	100.0	0.0	Water
670189.6	7452133.0	0.0	100.0	0.0	Water
670189.6	7452333.0	0.0	100.0	0.0	Water
670189.6	7452533.0	0.0	100.0	0.0	Water
670189.6	7452733.0	0.0	100.0	0.0	Water
670189.6	7452933.0	0.0	100.0	0.0	Water
670189.6	7453133.0	0.0	100.0	0.0	Water
670189.6	7453333.0	0.0	100.0	0.0	Water
670189.6	7453533.0	0.0	100.0	0.0	Water
670189.6	7453733.0	0.0	100.0	0.0	Water
670189.6	7453933.0	0.0	100.0	0.0	Water
670189.6	7454133.0	0.0	100.0	0.0	Water
670189.6	7454333.0	47.5	23.0	29.5	Urban
670189.6	7454533.0	94.4	0.0	5.6	Urban
670189.6	7454733.0	50.5	0.0	49.5	Urban
670189.6	7454933.0	44.6	0.0	55.4	Urban
670189.6	7455133.0	25.2	1.3	73.6	Urban
670189.6	7455333.0	43.8	0.0	56.2	Urban
670189.6	7455533.0	82.2	0.0	17.8	Urban
670189.6	7455733.0	40.6	0.0	59.4	Urban
670189.6	7455933.0	30.3	40.9	28.8	Urban
670189.6	7456133.0	0.0	100.0	0.0	Water
670189.6	7456333.0	0.0	100.0	0.0	Water
670189.6	7456533.0	0.0	100.0	0.0	Water
670189.6	7456733.0	0.0	97.3	2.7	Water
670189.6	7456933.0	0.0	100.0	0.0	Water
670189.6	7457133.0	0.0	86.1	13.9	Water
670189.6	7457333.0	0.0	4.3	95.7	Other
670189.6	7457533.0	55.4	0.0	44.6	Urban
670189.6	7457733.0	97.3	0.0	2.7	Urban
670189.6	7457933.0	100.0	0.0	0.0	Urban
670189.6	7458133.0	44.0	0.0	56.0	Urban
670189.6	7458333.0	0.0	0.0	100.0	Other
670189.6	7458533.0	0.0	0.0	100.0	Other
670189.6	7458733.0	0.0	0.0	100.0	Other
670189.6	7458933.0	3.6	0.0	96.4	Other
670189.6	7459133.0	5.4	0.0	94.6	Other
670189.6	7459333.0	82.8	0.0	17.2	Urban
670189.6	7459533.0	68.7	0.0	31.3	Urban
670189.6	7459733.0	5.1	0.0	94.9	Other
670189.6	7459933.0	56.3	0.0	43.7	Urban
670189.6	7460133.0	95.8	0.0	4.2	Urban
670189.6	7460333.0	98.7	0.0	1.3	Urban
670189.6	7460533.0	98.4	0.0	1.6	Urban
670189.6	7460733.0	68.3	0.0	31.7	Urban
670189.6	7460933.0	71.6	0.0	28.4	Urban
670189.6	7461133.0	72.3	0.0	27.7	Urban
670189.6	7461333.0	85.7	0.0	14.3	Urban
670189.6	7461533.0	90.0	0.0	10.0	Urban
670189.6	7461733.0	96.9	0.0	3.1	Urban
670189.6	7461933.0	94.6	0.0	5.4	Urban
670189.6	7462133.0	93.7	0.0	6.3	Urban
670189.6	7462333.0	76.4	0.0	23.6	Urban
670189.6	7462533.0	85.5	0.0	14.5	Urban
670189.6	7462733.0	33.9	0.0	66.1	Urban
670189.6	7462933.0	12.9	0.0	87.1	Other
670189.6	7463133.0	85.3	0.0	14.7	Urban
670189.6	7463333.0	79.7	0.0	20.3	Urban
670189.6	7463533.0	64.1	0.0	35.9	Urban
670189.6	7463733.0	56.5	0.0	43.5	Urban
670189.6	7463933.0	68.9	0.0	31.1	Urban
670189.6	7464133.0	40.2	0.0	59.8	Urban
670189.6	7464333.0	0.0	0.0	100.0	Other
670189.6	7464533.0	3.2	0.0	96.8	Other
670189.6	7464733.0	35.3	0.0	64.7	Urban
670189.6	7464933.0	0.0	0.0	100.0	Other
670189.6	7465133.0	0.5	0.0	99.5	Other
670189.6	7465333.0	0.0	0.0	100.0	Other
670189.6	7465533.0	0.0	0.0	100.0	Other
670189.6	7465733.0	0.0	0.0	100.0	Other
670189.6	7465933.0	0.0	0.0	100.0	Other
670189.6	7466133.0	0.0	0.0	100.0	Other
670189.6	7466333.0	0.2	0.0	99.8	Other
670189.6	7466533.0	2.0	0.0	98.0	Other
670189.6	7466733.0	3.5	0.0	96.5	Other
670189.6	7466933.0	17.4	0.0	82.6	Other
670189.6	7467133.0	23.9	0.0	76.1	Urban
670189.6	7467333.0	1.4	0.0	98.6	Other
670189.6	7467533.0	0.0	0.0	100.0	Other
670189.6	7467733.0	0.0	0.0	100.0	Other
670189.6	7467933.0	25.9	0.0	74.1	Urban
670189.6	7468133.0	76.8	0.0	23.2	Urban
670189.6	7468333.0	89.7	0.0	10.3	Urban
670189.6	7468533.0	64.3	0.0	35.7	Urban
670189.6	7468733.0	53.1	0.0	46.9	Urban
670189.6	7468933.0	99.7	0.0	0.3	Urban
670189.6	7469133.0	98.9	0.0	1.1	Urban
670189.6	7469333.0	100.0	0.0	0.0	Urban
670189.6	7469533.0	97.3	0.0	2.7	Urban
670189.6	7469733.0	98.8	0.0	1.2	Urban
670189.6	7469933.0	98.7	0.0	1.3	Urban
670189.6	7470133.0	73.0	0.0	27.0	Urban
670189.6	7470333.0	90.9	0.0	9.1	Urban
670189.6	7470533.0	99.8	0.0	0.2	Urban
670189.6	7470733.0	85.5	0.0	14.5	Urban
670189.6	7470933.0	84.2	0.0	15.8	Urban
670189.6	7471133.0	98.0	0.0	2.0	Urban
670189.6	7471333.0	73.9	0.0	26.1	Urban
670189.6	7471533.0	64.7	0.0	35.3	Urban
670189.6	7471733.0	92.9	0.0	7.1	Urban
670389.6	7451933.0	0.0	100.0	0.0	Water
670389.6	7452133.0	0.0	100.0	0.0	Water
670389.6	7452333.0	0.0	100.0	0.0	Water
670389.6	7452533.0	0.0	100.0	0.0	Water
670389.6	7452733.0	0.0	100.0	0.0	Water
670389.6	7452933.0	0.0	100.0	0.0	Water
670389.6	7453133.0	0.0	100.0	0.0	Water
670389.6	7453333.0	0.0	100.0	0.0	Water
670389.6	7453533.0	0.0	100.0	0.0	Water
670389.6	7453733.0	0.0	100.0	0.0	Water
670389.6	7453933.0	0.0	100.0	0.0	Water
670389.6	7454133.0	0.0	100.0	0.0	Water
670389.6	7454333.0	53.8	12.7	33.5	Urban
670389.6	7454533.0	90.9	0.0	9.1	Urban
670389.6	7454733.0	35.5	2.5	62.0	Urban
670389.6	7454933.0	65.6	0.0	34.4	Urban
670389.6	7455133.0	70.7	0.0	29.3	Urban
670389.6	7455333.0	87.9	0.0	12.1	Urban
670389.6	7455533.0	93.4	0.0	6.6	Urban
670389.6	7455733.0	96.6	0.0	3.4	Urban
670389.6	7455933.0	15.8	46.6	37.7	Other
670389.6	7456133.0	0.0	100.0	0.0	Water
670389.6	7456333.0	0.0	100.0	0.0	Water
670389.6	7456533.0	0.0	100.0	0.0	Water
670389.6	7456733.0	0.0	99.8	0.2	Water
670389.6	7456933.0	0.0	76.8	23.2	Water
670389.6	7457133.0	0.0	18.8	81.2	Other
670389.6	7457333.0	0.0	0.0	100.0	Other
670389.6	7457533.0	2.7	0.0	97.3	Other
670389.6	7457733.0	73.2	0.0	26.8	Urban
670389.6	7457933.0	99.3	0.0	0.7	Urban
670389.6	7458133.0	89.7	0.0	10.3	Urban
670389.6	7458333.0	7.2	0.0	92.8	Other
670389.6	7458533.0	15.2	0.0	84.8	Other
670389.6	7458733.0	10.1	0.0	89.9	Other
670389.6	7458933.0	2.4	0.0	97.6	Other
670389.6	7459133.0	3.6	0.0	96.4	Other
670389.6	7459333.0	70.8	0.0	29.2	Urban
670389.6	7459533.0	81.3	0.0	18.7	Urban
670389.6	7459733.0	37.3	0.0	62.7	Urban
670389.6	7459933.0	12.0	0.0	88.0	Other
670389.6	7460133.0	53.2	0.0	46.8	Urban
670389.6	7460333.0	98.4	0.0	1.6	Urban
670389.6	7460533.0	99.5	0.0	0.5	Urban
670389.6	7460733.0	85.1	0.0	14.9	Urban
670389.6	7460933.0	77.7	0.0	22.3	Urban
670389.6	7461133.0	85.9	0.0	14.1	Urban
670389.6	7461333.0	93.7	0.0	6.3	Urban
670389.6	7461533.0	60.7	0.0	39.3	Urban
670389.6	7461733.0	87.7	0.0	12.3	Urban
670389.6	7461933.0	80.3	0.0	19.7	Urban
670389.6	7462133.0	89.7	0.0	10.3	Urban
670389.6	7462333.0	90.8	0.0	9.2	Urban
670389.6	7462533.0	83.5	0.0	16.5	Urban
670389.6	7462733.0	25.7	0.0	74.3	Urban
670389.6	7462933.0	76.1	0.0	23.9	Urban
670389.6	7463133.0	59.2	0.0	40.8	Urban
670389.6	7463333.0	68.8	0.0	31.2	Urban
670389.6	7463533.0	68.5	0.0	31.5	Urban
670389.6	7463733.0	23.6	0.0	76.4	Urban
670389.6	7463933.0	53.2	0.0	46.8	Urban
670389.6	7464133.0	20.3	0.0	79.7	Urban
670389.6	7464333.0	0.0	0.0	100.0	Other
670389.6	7464533.0	0.0	0.0	100.0	Other
670389.6	7464733.0	11.1	0.0	88.9	Other
670389.6	7464933.0	6.0	0.0	94.0	Other
670389.6	7465133.0	0.0	0.0	100.0	Other
670389.6	7465333.0	0.0	0.0	100.0	Other
670389.6	7465533.0	0.0	0.0	100.0	Other
670389.6	7465733.0	0.0	0.0	100.0	Other
670389.6	7465933.0	0.0	0.0	100.0	Other
670389.6	7466133.0	0.0	0.0	100.0	Other
670389.6	7466333.0	0.0	0.0	100.0	Other
670389.6	7466533.0	0.0	0.0	100.0	Other
670389.6	7466733.0	0.0	0.0	100.0	Other
670389.6	7466933.0	1.3	0.0	98.7	Other
670389.6	7467133.0	12.9	0.0	87.1	Other
670389.6	7467333.0	4.5	0.0	95.5	Other
670389.6	7467533.0	0.0	0.0	100.0	Other
670389.6	7467733.0	0.0	0.0	100.0	Other
670389.6	7467933.0	9.6	0.0	90.4	Other
670389.6	7468133.0	96.9	0.0	3.1	Urban
670389.6	7468333.0	90.3	0.0	9.7	Urban
670389.6	7468533.0	91.7	0.0	8.3	Urban
670389.6	7468733.0	72.3	0.0	27.7	Urban
670389.6	7468933.0	92.6	0.0	7.4	Urban
670389.6	7469133.0	100.0	0.0	0.0	Urban
670389.6	7469333.0	100.0	0.0	0.0	Urban
670389.6	7469533.0	100.0	0.0	0.0	Urban
670389.6	7469733.0	66.1	0.0	33.9	Urban
670389.6	7469933.0	83.7	0.0	16.3	Urban
670389.6	7470133.0	97.1	0.0	2.9	Urban
670389.6	7470333.0	99.1	0.0	0.9	Urban
670389.6	7470533.0	99.6	0.0	0.4	Urban
670389.6	7470733.0	98.0	0.0	2.0	Urban
670389.6	7470933.0	93.1	0.0	6.9	Urban
670389.6	7471133.0	66.5	0.0	33.5	Urban
670389.6	7471333.0	5.3	0.0	94.7	Other
670389.6	7471533.0	23.3	0.0	76.7	Urban
670389.6	7471733.0	94.4	0.0	5.6	Urban
670589.6	7451933.0	0.0	100.0	0.0	Water
670589.6	7452133.0	0.0	100.0	0.0	Water
670589.6	7452333.0	0.0	100.0	0.0	Water
670589.6	7452533.0	0.0	100.0	0.0	Water
670589.6	7452733.0	0.0	100.0	0.0	Water
670589.6	7452933.0	0.0	100.0	0.0	Water
670589.6	7453133.0	0.0	100.0	0.0	Water
670589.6	7453333.0	0.0	100.0	0.0	Water
670589.6	7453533.0	0.0	100.0	0.0	Water
670589.6	7453733.0	0.0	100.0	0.0	Water
670589.6	7453933.0	0.0	100.0	0.0	Water
670589.6	7454133.0	0.0	99.6	0.4	Water
670589.6	7454333.0	57.1	5.8	37.1	Urban
670589.6	7454533.0	78.8	0.0	21.2	Urban
670589.6	7454733.0	35.1	5.8	59.1	Urban
670589.6	7454933.0	46.7	0.0	53.3	Urban
670589.6	7455133.0	75.0	0.0	25.0	Urban
670589.6	7455333.0	99.3	0.0	0.7	Urban
670589.6	7455533.0	99.6	0.0	0.4	Urban
670589.6	7455733.0	96.4	0.0	3.6	Urban
670589.6	7455933.0	10.3	61.2	28.5	Water
670589.6	7456133.0	0.0	100.0	0.0	Water
670589.6	7456333.0	0.0	100.0	0.0	Water
670589.6	7456533.0	0.0	100.0	0.0	Water
670589.6	7456733.0	0.0	100.0	0.0	Water
670589.6	7456933.0	0.0	28.6	71.4	Other
670589.6	7457133.0	0.0	0.0	100.0	Other
670589.6	7457333.0	0.0	0.0	100.0	Other
670589.6	7457533.0	0.9	0.0	99.1	Other
670589.6	7457733.0	14.5	0.0	85.5	Other
670589.6	7457933.0	86.2	0.0	13.8	Urban
670589.6	7458133.0	100.0	0.0	0.0	Urban
670589.6	7458333.0	83.9	0.0	16.1	Urban
670589.6	7458533.0	99.3	0.0	0.7	Urban
670589.6	7458733.0	97.2	0.0	2.8	Urban
670589.6	7458933.0	61.9	0.0	38.1	Urban
670589.6	7459133.0	30.6	0.0	69.4	Urban
670589.6	7459333.0	65.5	0.0	34.5	Urban
670589.6	7459533.0	76.1	0.0	23.9	Urban
670589.6	7459733.0	46.6	0.0	53.4	Urban
670589.6	7459933.0	8.9	0.0	91.1	Other
670589.6	7460133.0	54.3	0.0	45.7	Urban
670589.6	7460333.0	79.7	0.0	20.3	Urban
670589.6	7460533.0	95.1	0.0	4.9	Urban
670589.6	7460733.0	88.6	0.0	11.4	Urban
670589.6	7460933.0	74.3	0.0	25.7	Urban
670589.6	7461133.0	94.7	0.0	5.3	Urban
670589.6	7461333.0	83.5	0.0	16.5	Urban
670589.6	7461533.0	78.1	0.0	21.9	Urban
670589.6	7461733.0	90.8	0.0	9.2	Urban
670589.6	7461933.0	86.2	0.0	13.8	Urban
670589.6	7462133.0	80.1	0.0	19.9	Urban
670589.6	7462333.0	97.3	0.0	2.7	Urban
670589.6	7462533.0	87.5	0.0	12.5	Urban
670589.6	7462733.0	75.7	0.0	24.3	Urban
670589.6	7462933.0	56.0	0.0	44.0	Urban
670589.6	7463133.0	54.7	0.0	45.3	Urban
670589.6	7463333.0	62.1	0.0	37.9	Urban
670589.6	7463533.0	71.3	0.0	28.7	Urban
670589.6	7463733.0	59.2	0.0	40.8	Urban
670589.6	7463933.0	15.9	0.0	84.1	Other
670589.6	7464133.0	0.0	0.0	100.0	Other
670589.6	7464333.0	0.0	0.0	100.0	Other
670589.6	7464533.0	0.0	0.0	100.0	Other
670589.6	7464733.0	0.5	0.0	99.5	Other
670589.6	7464933.0	4.2	0.0	95.8	Other
670589.6	7465133.0	0.0	0.0	100.0	Other
670589.6	7465333.0	0.0	0.0	100.0	Other
670589.6	7465533.0	0.0	0.0	100.0	Other
670589.6	7465733.0	0.0	0.0	100.0	Other
670589.6	7465933.0	0.0	0.0	100.0	Other
670589.6	7466133.0	0.0	0.0	100.0	Other
670589.6	7466333.0	0.0	0.0	100.0	Other
670589.6	7466533.0	0.0	0.0	100.0	Other
670589.6	7466733.0	0.0	0.0	100.0	Other
670589.6	7466933.0	0.0	0.0	100.0	Other
670589.6	7467133.0	0.0	0.0	100.0	Other
670589.6	7467333.0	17.7	0.0	82.3	Other
670589.6	7467533.0	2.5	0.0	97.5	Other
670589.6	7467733.0	0.0	0.0	100.0	Other
670589.6	7467933.0	1.4	0.0	98.6	Other
670589.6	7468133.0	39.5	0.0	60.5	Urban
670589.6	7468333.0	94.4	0.0	5.6	Urban
670589.6	7468533.0	95.7	0.0	4.3	Urban
670589.6	7468733.0	97.3	0.0	2.7	Urban
670589.6	7468933.0	99.5	0.0	0.5	Urban
670589.6	7469133.0	100.0	0.0	0.0	Urban
670589.6	7469333.0	100.0	0.0	0.0	Urban
670589.6	7469533.0	96.0	0.0	4.0	Urban
670589.6	7469733.0	93.1	0.0	6.9	Urban
670589.6	7469933.0	84.8	0.0	15.2	Urban
670589.6	7470133.0	90.6	0.0	9.4	Urban
670589.6	7470333.0	99.1	0.0	0.9	Urban
670589.6	7470533.0	99.3	0.0	0.7	Urban
670589.6	7470733.0	97.5	0.0	2.5	Urban
670589.6	7470933.0	71.6	0.0	28.4	Urban
670589.6	7471133.0	31.0	0.0	69.0	Urban
670589.6	7471333.0	0.0	0.0	100.0	Other
670589.6	7471533.0	2.1	0.0	97.9	Other
670589.6	7471733.0	44.9	0.0	55.1	Urban
670789.6	7451933.0	0.0	100.0	0.0	Water
670789.6	7452133.0	0.0	100.0	0.0	Water
670789.6	7452333.0	0.0	100.0	0.0	Water
670789.6	7452533.0	0.0	100.0	0.0	Water
670789.6	7452733.0	0.0	100.0	0.0	Water
670789.6	7452933.0	0.0	100.0	0.0	Water
670789.6	7453133.0	0.0	100.0	0.0	Water
670789.6	7453333.0	0.0	100.0	0.0	Water
670789.6	7453533.0	0.0	100.0	0.0	Water
670789.6	7453733.0	0.0	100.0	0.0	Water
670789.6	7453933.0	0.0	100.0	0.0	Water
670789.6	7454133.0	0.0	93.5	6.5	Water
670789.6	7454333.0	66.8	0.0	33.2	Urban
670789.6	7454533.0	94.0	0.0	6.0	Urban
670789.6	7454733.0	35.1	13.9	51.0	Urban
670789.6	7454933.0	41.8	0.0	58.2	Urban
670789.6	7455133.0	94.2	0.0	5.8	Urban
670789.6	7455333.0	92.6	0.0	7.4	Urban
670789.6	7455533.0	96.9	0.0	3.1	Urban
670789.6	7455733.0	85.1	0.0	14.9	Urban
670789.6	7455933.0	0.0	76.1	23.9	Water
670789.6	7456133.0	0.0	100.0	0.0	Water
670789.6	7456333.0	0.0	100.0	0.0	Water
670789.6	7456533.0	0.0	79.0	21.0	Water
670789.6	7456733.0	3.3	38.8	58.0	Other
670789.6	7456933.0	0.0	5.4	94.6	Other
670789.6	7457133.0	0.0	0.0	100.0	Other
670789.6	7457333.0	0.0	0.0	100.0	Other
670789.6	7457533.0	1.8	0.0	98.2	Other
670789.6	7457733.0	15.8	0.0	84.2	Other
670789.6	7457933.0	57.1	0.0	42.9	Urban
670789.6	7458133.0	95.5	0.0	4.5	Urban
670789.6	7458333.0	100.0	0.0	0.0	Urban
670789.6	7458533.0	93.0	0.0	7.0	Urban
670789.6	7458733.0	97.5	0.0	2.5	Urban
670789.6	7458933.0	41.1	0.0	58.9	Urban
670789.6	7459133.0	34.6	0.0	65.4	Urban
670789.6	7459333.0	86.6	0.0	13.4	Urban
670789.6	7459533.0	58.3	0.0	41.7	Urban
670789.6	7459733.0	76.3	0.0	23.7	Urban
670789.6	7459933.0	61.8	0.0	38.2	Urban
670789.6	7460133.0	76.7	0.0	23.3	Urban
670789.6	7460333.0	82.2	0.0	17.8	Urban
670789.6	7460533.0	70.3	0.0	29.7	Urban
670789.6	7460733.0	87.7	0.0	12.3	Urban
670789.6	7460933.0	83.5	0.0	16.5	Urban
670789.6	7461133.0	96.0	0.0	4.0	Urban
670789.6	7461333.0	88.1	0.0	11.9	Urban
670789.6	7461533.0	80.7	0.0	19.3	Urban
670789.6	7461733.0	91.1	0.0	8.9	Urban
670789.6	7461933.0	74.8	0.0	25.2	Urban
670789.6	7462133.0	76.8	0.0	23.2	Urban
670789.6	7462333.0	85.6	0.0	14.4	Urban
670789.6	7462533.0	96.2	0.0	3.8	Urban
670789.6	7462733.0	94.4	0.0	5.6	Urban
670789.6	7462933.0	61.4	0.0	38.6	Urban
670789.6	7463133.0	74.1	0.0	25.9	Urban
670789.6	7463333.0	70.7	0.0	29.3	Urban
670789.6	7463533.0	60.1	0.0	39.9	Urban
670789.6	7463733.0	56.3	0.0	43.7	Urban
670789.6	7463933.0	17.2	0.0	82.8	Other
670789.6	7464133.0	5.8	0.0	94.2	Other
670789.6	7464333.0	0.0	0.0	100.0	Other
670789.6	7464533.0	0.0	0.0	100.0	Other
670789.6	7464733.0	0.0	0.0	100.0	Other
670789.6	7464933.0	0.0	0.0	100.0	Other
670789.6	7465133.0	0.0	0.0	100.0	Other
670789.6	7465333.0	0.0	0.0	100.0	Other
670789.6	7465533.0	0.0	0.0	100.0	Other
670789.6	7465733.0	0.0	0.0	100.0	Other
670789.6	7465933.0	0.0	0.0	100.0	Other
670789.6	7466133.0	0.0	0.0	100.0	Other
670789.6	7466333.0	0.0	0.0	100.0	Other
670789.6	7466533.0	0.0	0.0	100.0	Other
670789.6	7466733.0	0.0	0.0	100.0	Other
670789.6	7466933.0	0.0	0.0	100.0	Other
670789.6	7467133.0	41.5	0.0	58.5	Urban
670789.6	7467333.0	87.0	0.0	13.0	Urban
670789.6	7467533.0	41.8	0.0	58.2	Urban
670789.6	7467733.0	1.4	0.0	98.6	Other
670789.6	7467933.0	15.4	0.0	84.6	Other
670789.6	7468133.0	40.9	0.0	59.1	Urban
670789.6	7468333.0	97.7	0.0	2.3	Urban
670789.6	7468533.0	92.6	0.0	7.4	Urban
670789.6	7468733.0	97.1	0.0	2.9	Urban
670789.6	7468933.0	98.7	0.0	1.3	Urban
670789.6	7469133.0	93.6	0.0	6.4	Urban
670789.6	7469333.0	90.4	0.0	9.6	Urban
670789.6	7469533.0	96.2	0.0	3.8	Urban
670789.6	7469733.0	99.8	0.0	0.2	Urban
670789.6	7469933.0	95.3	0.0	4.7	Urban
670789.6	7470133.0	99.3	0.0	0.7	Urban
670789.6	7470333.0	100.0	0.0	0.0	Urban
670789.6	7470533.0	100.0	0.0	0.0	Urban
670789.6	7470733.0	92.4	0.0	7.6	Urban
670789.6	7470933.0	67.8	0.0	32.2	Urban
670789.6	7471133.0	3.4	0.0	96.6	Other
670789.6	7471333.0	24.5	0.0	75.5	Urban
670789.6	7471533.0	0.4	0.0	99.6	Other
670789.6	7471733.0	3.8	0.0	96.2	Other
670989.6	7451933.0	0.0	100.0	0.0	Water
670989.6	7452133.0	0.0	100.0	0.0	Water
670989.6	7452333.0	0.0	100.0	0.0	Water
670989.6	7452533.0	0.0	100.0	0.0	Water
670989.6	7452733.0	0.0	100.0	0.0	Water
670989.6	7452933.0	0.0	100.0	0.0	Water
670989.6	7453133.0	0.0	100.0	0.0	Water
670989.6	7453333.0	0.0	100.0	0.0	Water
670989.6	7453533.0	0.0	100.0	0.0	Water
670989.6	7453733.0	0.0	100.0	0.0	Water
670989.6	7453933.0	0.0	100.0	0.0	Water
670989.6	7454133.0	0.0	80.3	19.7	Water
670989.6	7454333.0	64.3	0.0	35.7	Urban
670989.6	7454533.0	43.8	0.0	56.2	Urban
670989.6	7454733.0	25.0	1.6	73.4	Urban
670989.6	7454933.0	49.5	0.0	50.5	Urban
670989.6	7455133.0	72.8	0.0	27.2	Urban
670989.6	7455333.0	83.5	0.0	16.5	Urban
670989.6	7455533.0	98.7	0.0	1.3	Urban
670989.6	7455733.0	80.1	0.0	19.9	Urban
670989.6	7455933.0	0.0	86.2	13.8	Water
670989.6	7456133.0	0.0	100.0	0.0	Water
670989.6	7456333.0	0.0	100.0	0.0	Water
670989.6	7456533.0	0.0	75.7	24.3	Water
670989.6	7456733.0	41.1	0.0	58.9	Urban
670989.6	7456933.0	2.5	0.0	97.5	Other
670989.6	7457133.0	0.7	0.0	99.3	Other
670989.6	7457333.0	2.1	0.0	97.9	Other
670989.6	7457533.0	1.1	0.0	98.9	Other
670989.6	7457733.0	15.0	0.0	85.0	Other
670989.6	7457933.0	49.5	0.0	50.5	Urban
670989.6	7458133.0	88.2	0.0	11.8	Urban
670989.6	7458333.0	100.0	0.0	0.0	Urban
670989.6	7458533.0	98.7	0.0	1.3	Urban
670989.6	7458733.0	52.9	0.0	47.1	Urban
670989.6	7458933.0	1.1	0.0	98.9	Other
670989.6	7459133.0	55.8	0.0	44.2	Urban
670989.6	7459333.0	50.9	0.0	49.1	Urban
670989.6	7459533.0	73.0	0.0	27.0	Urban
670989.6	7459733.0	89.5	0.0	10.5	Urban
670989.6	7459933.0	25.4	0.0	74.6	Urban
670989.6	7460133.0	87.1	0.0	12.9	Urban
670989.6	7460333.0	87.0	0.0	13.0	Urban
670989.6	7460533.0	89.9	0.0	10.1	Urban
670989.6	7460733.0	79.5	0.0	20.5	Urban
670989.6	7460933.0	27.4	0.0	72.6	Urban
670989.6	7461133.0	87.5	0.0	12.5	Urban
670989.6	7461333.0	96.4	0.0	3.6	Urban
670989.6	7461533.0	92.4	0.0	7.6	Urban
670989.6	7461733.0	85.1	0.0	14.9	Urban
670989.6	7461933.0	90.8	0.0	9.2	Urban
670989.6	7462133.0	88.0	0.0	12.0	Urban
670989.6	7462333.0	93.8	0.0	6.2	Urban
670989.6	7462533.0	90.6	0.0	9.4	Urban
670989.6	7462733.0	72.8	0.0	27.2	Urban
670989.6	7462933.0	86.8	0.0	13.2	Urban
670989.6	7463133.0	90.9	0.0	9.1	Urban
670989.6	7463333.0	37.6	0.0	62.4	Urban
670989.6	7463533.0	40.4	0.0	59.6	Urban
670989.6	7463733.0	10.0	0.0	90.0	Other
670989.6	7463933.0	8.9	0.0	91.1	Other
670989.6	7464133.0	27.3	0.0	72.7	Urban
670989.6	7464333.0	0.0	0.0	100.0	Other
670989.6	7464533.0	0.0	0.0	100.0	Other
670989.6	7464733.0	0.0	0.0	100.0	Other
670989.6	7464933.0	0.0	0.0	100.0	Other
670989.6	7465133.0	0.0	0.0	100.0	Other
670989.6	7465333.0	0.0	0.0	100.0	Other
670989.6	7465533.0	0.0	0.0	100.0	Other
670989.6	7465733.0	0.0	0.0	100.0	Other
670989.6	7465933.0	0.0	0.0	100.0	Other
670989.6	7466133.0	0.0	0.0	100.0	Other
670989.6	7466333.0	0.0	0.0	100.0	Other
670989.6	7466533.0	0.0	0.0	100.0	Other
670989.6	7466733.0	0.0	0.0	100.0	Other
670989.6	7466933.0	0.0	0.0	100.0	Other
670989.6	7467133.0	22.6	0.0	77.4	Urban
670989.6	7467333.0	96.7	0.0	3.3	Urban
670989.6	7467533.0	82.2	0.0	17.8	Urban
670989.6	7467733.0	71.6	0.0	28.4	Urban
670989.6	7467933.0	88.4	0.0	11.6	Urban
670989.6	7468133.0	43.7	0.0	56.3	Urban
670989.6	7468333.0	66.5	0.0	33.5	Urban
670989.6	7468533.0	98.6	0.0	1.4	Urban
670989.6	7468733.0	99.3	0.0	0.7	Urban
670989.6	7468933.0	83.2	0.0	16.8	Urban
670989.6	7469133.0	70.1	0.0	29.9	Urban
670989.6	7469333.0	90.8	0.0	9.2	Urban
670989.6	7469533.0	80.1	0.0	19.9	Urban
670989.6	7469733.0	76.6	0.0	23.4	Urban
670989.6	7469933.0	94.4	0.0	5.6	Urban
670989.6	7470133.0	100.0	0.0	0.0	Urban
670989.6	7470333.0	98.9	0.0	1.1	Urban
670989.6	7470533.0	99.3	0.0	0.7	Urban
670989.6	7470733.0	100.0	0.0	0.0	Urban
670989.6	7470933.0	82.8	0.0	17.2	Urban
670989.6	7471133.0	10.7	0.0	89.3	Other
670989.6	7471333.0	83.2	0.0	16.8	Urban
670989.6	7471533.0	80.1	0.0	19.9	Urban
670989.6	7471733.0	88.8	0.0	11.2	Urban
671189.6	7451933.0	0.0	100.0	0.0	Water
671189.6	7452133.0	0.0	100.0	0.0	Water
671189.6	7452333.0	0.0	100.0	0.0	Water
671189.6	7452533.0	0.0	100.0	0.0	Water
671189.6	7452733.0	0.0	100.0	0.0	Water
671189.6	7452933.0	0.0	100.0	0.0	Water
671189.6	7453133.0	0.0	100.0	0.0	Water
671189.6	7453333.0	0.0	100.0	0.0	Water
671189.6	7453533.0	0.0	100.0	0.0	Water
671189.6	7453733.0	0.0	100.0	0.0	Water
671189.6	7453933.0	0.0	100.0	0.0	Water
671189.6	7454133.0	0.0	69.0	31.0	Water
671189.6	7454333.0	76.9	0.0	23.1	Urban
671189.6	7454533.0	49.1	0.0	50.9	Urban
671189.6	7454733.0	34.6	0.0	65.4	Urban
671189.6	7454933.0	67.0	0.0	33.0	Urban
671189.6	7455133.0	59.4	0.0	40.6	Urban
671189.6	7455333.0	89.6	0.0	10.4	Urban
671189.6	7455533.0	81.4	0.0	18.6	Urban
671189.6	7455733.0	61.6	0.0	38.4	Urban
671189.6	7455933.0	0.0	90.4	9.6	Water
671189.6	7456133.0	0.0	100.0	0.0	Water
671189.6	7456333.0	0.0	100.0	0.0	Water
671189.6	7456533.0	0.0	97.5	2.5	Water
671189.6	7456733.0	51.3	4.0	44.7	Urban
671189.6	7456933.0	42.3	0.0	57.7	Urban
671189.6	7457133.0	6.0	0.0	94.0	Other
671189.6	7457333.0	2.5	0.0	97.5	Other
671189.6	7457533.0	0.0	0.0	100.0	Other
671189.6	7457733.0	0.9	0.0	99.1	Other
671189.6	7457933.0	38.9	0.0	61.1	Urban
671189.6	7458133.0	35.9	0.0	64.1	Urban
671189.6	7458333.0	83.1	0.0	16.9	Urban
671189.6	7458533.0	91.8	0.0	8.2	Urban
671189.6	7458733.0	24.3	0.0	75.7	Urban
671189.6	7458933.0	0.0	0.0	100.0	Other
671189.6	7459133.0	2.8	0.0	97.2	Other
671189.6	7459333.0	44.0	0.0	56.0	Urban
671189.6	7459533.0	71.9	0.0	28.1	Urban
671189.6	7459733.0	89.5	0.0	10.5	Urban
671189.6	7459933.0	81.9	0.0	18.1	Urban
671189.6	7460133.0	97.3	0.0	2.7	Urban
671189.6	7460333.0	71.2	0.0	28.8	Urban
671189.6	7460533.0	74.6	0.0	25.4	Urban
671189.6	7460733.0	43.8	0.0	56.2	Urban
671189.6	7460933.0	94.0	0.0	6.0	Urban
671189.6	7461133.0	98.4	0.0	1.6	Urban
671189.6	7461333.0	98.4	0.0	1.6	Urban
671189.6	7461533.0	68.3	0.0	31.7	Urban
671189.6	7461733.0	67.2	0.0	32.8	Urban
671189.6	7461933.0	74.3	0.0	25.7	Urban
671189.6	7462133.0	30.1	0.0	69.9	Urban
671189.6	7462333.0	77.7	0.0	22.3	Urban
671189.6	7462533.0	92.6	0.0	7.4	Urban
671189.6	7462733.0	75.5	0.0	24.5	Urban
671189.6	7462933.0	57.9	0.0	42.1	Urban
671189.6	7463133.0	58.9	0.0	41.1	Urban
671189.6	7463333.0	68.1	0.0	31.9	Urban
671189.6	7463533.0	3.8	0.0	96.2	Other
671189.6	7463733.0	0.0	0.0	100.0	Other
671189.6	7463933.0	1.8	0.0	98.2	Other
671189.6	7464133.0	12.5	0.0	87.5	Other
671189.6	7464333.0	0.0	0.0	100.0	Other
671189.6	7464533.0	0.0	0.0	100.0	Other
671189.6	7464733.0	0.0	0.0	100.0	Other
671189.6	7464933.0	0.0	0.0	100.0	Other
671189.6	7465133.0	0.0	0.0	100.0	Other
671189.6	7465333.0	0.0	0.0	100.0	Other
671189.6	7465533.0	0.0	0.0	100.0	Other
671189.6	7465733.0	0.0	0.0	100.0	Other
671189.6	7465933.0	0.0	0.0	100.0	Other
671189.6	7466133.0	0.0	0.0	100.0	Other
671189.6	7466333.0	0.0	0.0	100.0	Other
671189.6	7466533.0	0.0	0.0	100.0	Other
671189.6	7466733.0	0.0	0.0	100.0	Other
671189.6	7466933.0	0.0	0.0	100.0	Other
671189.6	7467133.0	0.5	0.0	99.5	Other
671189.6	7467333.0	58.3	0.0	41.7	Urban
671189.6	7467533.0	94.6	0.0	5.4	Urban
671189.6	7467733.0	66.5	0.0	33.5	Urban
671189.6	7467933.0	62.9	0.0	37.1	Urban
671189.6	7468133.0	95.1	0.0	4.9	Urban
671189.6	7468333.0	88.3	0.0	11.7	Urban
671189.6	7468533.0	96.4	0.0	3.6	Urban
671189.6	7468733.0	99.5	0.0	0.5	Urban
671189.6	7468933.0	99.1	0.0	0.9	Urban
671189.6	7469133.0	98.9	0.0	1.1	Urban
671189.6	7469333.0	97.6	0.0	2.4	Urban
671189.6	7469533.0	84.7	0.0	15.3	Urban
671189.6	7469733.0	13.8	0.0	86.2	Other
671189.6	7469933.0	65.0	0.0	35.0	Urban
671189.6	7470133.0	98.5	0.0	1.5	Urban
671189.6	7470333.0	100.0	0.0	0.0	Urban
671189.6	7470533.0	100.0	0.0	0.0	Urban
671189.6	7470733.0	100.0	0.0	0.0	Urban
671189.6	7470933.0	95.7	0.0	4.3	Urban
671189.6	7471133.0	91.5	0.0	8.5	Urban
671189.6	7471333.0	100.0	0.0	0.0	Urban
671189.6	7471533.0	99.6	0.0	0.4	Urban
671189.6	7471733.0	98.0	0.0	2.0	Urban
671389.6	7451933.0	0.0	100.0	0.0	Water
671389.6	7452133.0	0.0	100.0	0.0	Water
671389.6	7452333.0	0.0	100.0	0.0	Water
671389.6	7452533.0	0.0	100.0	0.0	Water
671389.6	7452733.0	0.0	100.0	0.0	Water
671389.6	7452933.0	0.0	100.0	0.0	Water
671389.6	7453133.0	0.0	100.0	0.0	Water
671389.6	7453333.0	0.0	100.0	0.0	Water
671389.6	7453533.0	0.0	100.0	0.0	Water
671389.6	7453733.0	0.0	100.0	0.0	Water
671389.6	7453933.0	0.0	100.0	0.0	Water
671389.6	7454133.0	6.5	57.6	35.9	Water
671389.6	7454333.0	88.2	0.0	11.8	Urban
671389.6	7454533.0	85.9	0.0	14.1	Urban
671389.6	7454733.0	29.7	0.0	70.3	Urban
671389.6	7454933.0	24.7	0.0	75.3	Urban
671389.6	7455133.0	76.4	0.0	23.6	Urban
671389.6	7455333.0	98.0	0.0	2.0	Urban
671389.6	7455533.0	92.2	0.0	7.8	Urban
671389.6	7455733.0	38.1	3.1	58.8	Urban
671389.6	7455933.0	0.0	98.6	1.4	Water
671389.6	7456133.0	0.0	100.0	0.0	Water
671389.6	7456333.0	0.0	100.0	0.0	Water
671389.6	7456533.0	0.0	84.6	15.4	Water
671389.6	7456733.0	19.2	0.4	80.4	Other
671389.6	7456933.0	18.9	0.0	81.1	Other
671389.6	7457133.0	4.3	0.0	95.7	Other
671389.6	7457333.0	6.5	0.0	93.5	Other
671389.6	7457533.0	27.5	0.0	72.5	Urban
671389.6	7457733.0	0.0	0.0	100.0	Other
671389.6	7457933.0	5.6	0.0	94.4	Other
671389.6	7458133.0	66.3	0.0	33.7	Urban
671389.6	7458333.0	38.8	0.0	61.2	Urban
671389.6	7458533.0	37.9	0.0	62.1	Urban
671389.6	7458733.0	26.5	0.0	73.5	Urban
671389.6	7458933.0	0.7	0.0	99.3	Other
671389.6	7459133.0	0.0	0.0	100.0	Other
671389.6	7459333.0	13.8	0.0	86.2	Other
671389.6	7459533.0	31.3	0.0	68.7	Urban
671389.6	7459733.0	15.8	0.0	84.2	Other
671389.6	7459933.0	1.9	0.0	98.1	Other
671389.6	7460133.0	9.2	0.0	90.8	Other
671389.6	7460333.0	56.7	0.0	43.3	Urban
671389.6	7460533.0	57.4	0.0	42.6	Urban
671389.6	7460733.0	52.2	0.0	47.8	Urban
671389.6	7460933.0	56.5	0.0	43.5	Urban
671389.6	7461133.0	64.7	0.0	35.3	Urban
671389.6	7461333.0	50.0	0.0	50.0	Urban
671389.6	7461533.0	58.3	0.0	41.7	Urban
671389.6	7461733.0	80.7	0.0	19.3	Urban
671389.6	7461933.0	49.3	0.0	50.7	Urban
671389.6	7462133.0	25.0	0.0	75.0	Urban
671389.6	7462333.0	86.2	0.0	13.8	Urban
671389.6	7462533.0	95.5	0.0	4.5	Urban
671389.6	7462733.0	82.2	0.0	17.8	Urban
671389.6	7462933.0	65.8	0.0	34.2	Urban
671389.6	7463133.0	12.3	0.0	87.7	Other
671389.6	7463333.0	21.6	0.0	78.4	Urban
671389.6	7463533.0	7.2	0.0	92.8	Other
671389.6	7463733.0	0.9	0.0	99.1	Other
671389.6	7463933.0	0.0	0.0	100.0	Other
671389.6	7464133.0	0.0	0.0	100.0	Other
671389.6	7464333.0	0.0	0.0	100.0	Other
671389.6	7464533.0	0.0	0.0	100.0	Other
671389.6	7464733.0	0.0	0.0	100.0	Other
671389.6	7464933.0	0.0	0.0	100.0	Other
671389.6	7465133.0	0.0	0.0	100.0	Other
671389.6	7465333.0	0.0	0.0	100.0	Other
671389.6	7465533.0	0.0	0.0	100.0	Other
671389.6	7465733.0	0.0	0.0	100.0	Other
671389.6	7465933.0	0.0	0.0	100.0	Other
671389.6	7466133.0	0.0	0.0	100.0	Other
671389.6	7466333.0	0.0	0.0	100.0	Other
671389.6	7466533.0	0.0	0.0	100.0	Other
671389.6	7466733.0	19.0	0.0	81.0	Other
671389.6	7466933.0	5.9	0.0	94.1	Other
671389.6	7467133.0	0.0	0.0	100.0	Other
671389.6	7467333.0	11.4	0.0	88.6	Other
671389.6	7467533.0	42.2	0.0	57.8	Urban
671389.6	7467733.0	89.4	0.0	10.6	Urban
671389.6	7467933.0	97.3	0.0	2.7	Urban
671389.6	7468133.0	70.8	0.0	29.2	Urban
671389.6	7468333.0	26.1	0.0	73.9	Urban
671389.6	7468533.0	78.1	0.0	21.9	Urban
671389.6	7468733.0	98.7	0.0	1.3	Urban
671389.6	7468933.0	99.8	0.0	0.2	Urban
671389.6	7469133.0	96.7	0.0	3.3	Urban
671389.6	7469333.0	92.0	0.0	8.0	Urban
671389.6	7469533.0	45.8	0.0	54.2	Urban
671389.6	7469733.0	0.0	0.0	100.0	Other
671389.6	7469933.0	33.9	0.0	66.1	Urban
671389.6	7470133.0	86.4	0.0	13.6	Urban
671389.6	7470333.0	92.2	0.0	7.8	Urban
671389.6	7470533.0	99.3	0.0	0.7	Urban
671389.6	7470733.0	91.7	0.0	8.3	Urban
671389.6	7470933.0	95.8	0.0	4.2	Urban
671389.6	7471133.0	100.0	0.0	0.0	Urban
671389.6	7471333.0	98.7	0.0	1.3	Urban
671389.6	7471533.0	99.2	0.0	0.8	Urban
671389.6	7471733.0	99.8	0.0	0.2	Urban
671589.6	7451933.0	0.0	100.0	0.0	Water
671589.6	7452133.0	0.0	100.0	0.0	Water
671589.6	7452333.0	0.0	100.0	0.0	Water
671589.6	7452533.0	0.0	100.0	0.0	Water
671589.6	7452733.0	0.0	100.0	0.0	Water
671589.6	7452933.0	0.0	100.0	0.0	Water
671589.6	7453133.0	0.0	100.0	0.0	Water
671589.6	7453333.0	0.0	100.0	0.0	Water
671589.6	7453533.0	0.0	100.0	0.0	Water
671589.6	7453733.0	0.0	100.0	0.0	Water
671589.6	7453933.0	0.0	100.0	0.0	Water
671589.6	7454133.0	13.9	42.4	43.7	Other
671589.6	7454333.0	95.1	0.0	4.9	Urban
671589.6	7454533.0	87.0	0.0	13.0	Urban
671589.6	7454733.0	49.6	0.0	50.4	Urban
671589.6	7454933.0	38.6	0.0	61.4	Urban
671589.6	7455133.0	78.8	0.0	21.2	Urban
671589.6	7455333.0	90.0	0.0	10.0	Urban
671589.6	7455533.0	77.7	0.0	22.3	Urban
671589.6	7455733.0	39.3	0.0	60.7	Urban
671589.6	7455933.0	0.0	79.9	20.1	Water
671589.6	7456133.0	0.0	100.0	0.0	Water
671589.6	7456333.0	0.0	100.0	0.0	Water
671589.6	7456533.0	2.5	65.0	32.4	Water
671589.6	7456733.0	16.5	0.0	83.5	Other
671589.6	7456933.0	0.4	0.0	99.6	Other
671589.6	7457133.0	0.2	0.0	99.8	Other
671589.6	7457333.0	9.1	0.0	90.9	Other
671589.6	7457533.0	20.3	0.0	79.7	Urban
671589.6	7457733.0	4.0	0.0	96.0	Other
671589.6	7457933.0	0.2	0.0	99.8	Other
671589.6	7458133.0	15.9	0.0	84.1	Other
671589.6	7458333.0	10.9	0.0	89.1	Other
671589.6	7458533.0	10.1	0.0	89.9	Other
671589.6	7458733.0	12.0	0.2	87.9	Other
671589.6	7458933.0	0.2	0.0	99.8	Other
671589.6	7459133.0	3.8	0.0	96.2	Other
671589.6	7459333.0	1.3	0.0	98.7	Other
671589.6	7459533.0	0.0	0.0	100.0	Other
671589.6	7459733.0	0.0	0.0	100.0	Other
671589.6	7459933.0	0.0	0.0	100.0	Other
671589.6	7460133.0	0.0	0.0	100.0	Other
671589.6	7460333.0	0.0	0.0	100.0	Other
671589.6	7460533.0	20.5	0.0	79.5	Urban
671589.6	7460733.0	39.2	0.0	60.8	Urban
671589.6	7460933.0	5.3	0.0	94.7	Other
671589.6	7461133.0	2.9	0.0	97.1	Other
671589.6	7461333.0	0.9	0.0	99.1	Other
671589.6	7461533.0	33.0	0.0	67.0	Urban
671589.6	7461733.0	70.7	0.0	29.3	Urban
671589.6	7461933.0	56.2	0.0	43.8	Urban
671589.6	7462133.0	48.2	0.0	51.8	Urban
671589.6	7462333.0	77.4	0.0	22.6	Urban
671589.6	7462533.0	85.8	0.0	14.2	Urban
671589.6	7462733.0	26.8	0.0	73.2	Urban
671589.6	7462933.0	46.0	0.0	54.0	Urban
671589.6	7463133.0	55.7	0.0	44.3	Urban
671589.6	7463333.0	4.3	0.0	95.7	Other
671589.6	7463533.0	0.0	0.0	100.0	Other
671589.6	7463733.0	0.0	0.0	100.0	Other
671589.6	7463933.0	0.0	0.0	100.0	Other
671589.6	7464133.0	0.0	0.0	100.0	Other
671589.6	7464333.0	0.0	0.0	100.0	Other
671589.6	7464533.0	0.0	0.0	100.0	Other
671589.6	7464733.0	0.0	0.0	100.0	Other
671589.6	7464933.0	0.0	0.0	100.0	Other
671589.6	7465133.0	0.0	0.0	100.0	Other
671589.6	7465333.0	0.0	0.0	100.0	Other
671589.6	7465533.0	0.0	0.0	100.0	Other
671589.6	7465733.0	0.0	0.0	100.0	Other
671589.6	7465933.0	0.0	0.0	100.0	Other
671589.6	7466133.0	0.0	0.0	100.0	Other
671589.6	7466333.0	0.0	0.0	100.0	Other
671589.6	7466533.0	3.0	0.0	97.0	Other
671589.6	7466733.0	46.0	0.0	54.0	Urban
671589.6	7466933.0	74.5	0.0	25.5	Urban
671589.6	7467133.0	1.1	1.4	97.5	Other
671589.6	7467333.0	7.1	0.0	92.9	Other
671589.6	7467533.0	37.7	0.0	62.3	Urban
671589.6	7467733.0	88.4	0.0	11.6	Urban
671589.6	7467933.0	98.7	0.0	1.3	Urban
671589.6	7468133.0	96.9	0.0	3.1	Urban
671589.6	7468333.0	68.8	0.0	31.2	Urban
671589.6	7468533.0	97.6	0.0	2.4	Urban
671589.6	7468733.0	99.3	0.0	0.7	Urban
671589.6	7468933.0	99.6	0.0	0.4	Urban
671589.6	7469133.0	76.8	0.0	23.2	Urban
671589.6	7469333.0	76.3	0.0	23.7	Urban
671589.6	7469533.0	19.1	0.0	80.9	Other
671589.6	7469733.0	0.0	0.0	100.0	Other
671589.6	7469933.0	1.4	0.0	98.6	Other
671589.6	7470133.0	71.9	0.0	28.1	Urban
671589.6	7470333.0	31.2	0.0	68.8	Urban
671589.6	7470533.0	13.6	0.0	86.4	Other
671589.6	7470733.0	47.5	0.0	52.5	Urban
671589.6	7470933.0	89.7	0.0	10.3	Urban
671589.6	7471133.0	96.4	0.0	3.6	Urban
671589.6	7471333.0	99.6	0.0	0.4	Urban
671589.6	7471533.0	98.9	0.0	1.1	Urban
671589.6	7471733.0	96.3	0.0	3.7	Urban
671789.6	7451933.0	0.0	100.0	0.0	Water
671789.6	7452133.0	0.0	100.0	0.0	Water
671789.6	7452333.0	0.0	100.0	0.0	Water
671789.6	7452533.0	0.0	100.0	0.0	Water
671789.6	7452733.0	0.0	100.0	0.0	Water
671789.6	7452933.0	0.0	100.0	0.0	Water
671789.6	7453133.0	0.0	100.0	0.0	Water
671789.6	7453333.0	0.0	100.0	0.0	Water
671789.6	7453533.0	0.0	100.0	0.0	Water
671789.6	7453733.0	0.0	100.0	0.0	Water
671789.6	7453933.0	0.0	100.0	0.0	Water
671789.6	7454133.0	33.2	24.5	42.4	Urban
671789.6	7454333.0	88.9	0.0	11.1	Urban
671789.6	7454533.0	50.5	0.0	49.5	Urban
671789.6	7454733.0	31.2	0.0	68.8	Urban
671789.6	7454933.0	62.5	0.0	37.5	Urban
671789.6	7455133.0	98.7	0.0	1.3	Urban
671789.6	7455333.0	90.8	0.0	9.2	Urban
671789.6	7455533.0	64.3	0.0	35.7	Urban
671789.6	7455733.0	46.0	0.0	54.0	Urban
671789.6	7455933.0	0.0	75.9	24.1	Water
671789.6	7456133.0	0.0	100.0	0.0	Water
671789.6	7456333.0	0.0	92.3	7.7	Water
671789.6	7456533.0	38.9	12.5	48.6	Urban
671789.6	7456733.0	81.5	0.0	18.5	Urban
671789.6	7456933.0	4.2	0.0	95.8	Other
671789.6	7457133.0	0.0	0.0	100.0	Other
671789.6	7457333.0	0.0	0.0	100.0	Other
671789.6	7457533.0	1.8	0.0	98.2	Other
671789.6	7457733.0	2.0	0.0	98.0	Other
671789.6	7457933.0	2.0	0.0	98.0	Other
671789.6	7458133.0	5.1	0.0	94.9	Other
671789.6	7458333.0	0.0	0.0	100.0	Other
671789.6	7458533.0	0.0	0.0	100.0	Other
671789.6	7458733.0	2.4	0.2	97.5	Other
671789.6	7458933.0	21.9	0.0	78.1	Urban
671789.6	7459133.0	63.2	0.0	36.8	Urban
671789.6	7459333.0	0.3	0.0	99.7	Other
671789.6	7459533.0	0.0	0.0	100.0	Other
671789.6	7459733.0	0.0	0.0	100.0	Other
671789.6	7459933.0	0.0	0.0	100.0	Other
671789.6	7460133.0	0.0	0.0	100.0	Other
671789.6	7460333.0	0.0	0.0	100.0	Other
671789.6	7460533.0	0.0	0.0	100.0	Other
671789.6	7460733.0	12.5	0.0	87.5	Other
671789.6	7460933.0	11.1	0.0	88.9	Other
671789.6	7461133.0	0.0	0.0	100.0	Other
671789.6	7461333.0	0.0	0.0	100.0	Other
671789.6	7461533.0	0.0	0.0	100.0	Other
671789.6	7461733.0	31.7	0.0	68.3	Urban
671789.6	7461933.0	37.9	0.0	62.1	Urban
671789.6	7462133.0	48.4	0.0	51.6	Urban
671789.6	7462333.0	33.6	0.0	66.4	Urban
671789.6	7462533.0	27.5	0.0	72.5	Urban
671789.6	7462733.0	40.6	0.0	59.4	Urban
671789.6	7462933.0	0.5	0.0	99.5	Other
671789.6	7463133.0	46.0	0.0	54.0	Urban
671789.6	7463333.0	8.5	0.0	91.5	Other
671789.6	7463533.0	4.2	0.0	95.8	Other
671789.6	7463733.0	0.7	0.0	99.3	Other
671789.6	7463933.0	0.0	0.0	100.0	Other
671789.6	7464133.0	0.0	0.0	100.0	Other
671789.6	7464333.0	0.0	0.0	100.0	Other
671789.6	7464533.0	0.0	0.0	100.0	Other
671789.6	7464733.0	0.0	0.0	100.0	Other
671789.6	7464933.0	0.0	0.0	100.0	Other
671789.6	7465133.0	0.0	0.0	100.0	Other
671789.6	7465333.0	0.0	0.0	100.0	Other
671789.6	7465533.0	0.0	0.0	100.0	Other
671789.6	7465733.0	0.0	0.0	100.0	Other
671789.6	7465933.0	0.0	0.0	100.0	Other
671789.6	7466133.0	0.0	0.0	100.0	Other
671789.6	7466333.0	0.0	0.0	100.0	Other
671789.6	7466533.0	0.0	0.0	100.0	Other
671789.6	7466733.0	8.3	0.0	91.7	Other
671789.6	7466933.0	56.1	0.0	43.9	Urban
671789.6	7467133.0	73.0	0.0	27.0	Urban
671789.6	7467333.0	52.9	0.0	47.1	Urban
671789.6	7467533.0	51.3	0.0	48.7	Urban
671789.6	7467733.0	99.3	0.0	0.7	Urban
671789.6	7467933.0	99.6	0.0	0.4	Urban
671789.6	7468133.0	96.7	0.0	3.3	Urban
671789.6	7468333.0	96.0	0.0	4.0	Urban
671789.6	7468533.0	95.5	0.0	4.5	Urban
671789.6	7468733.0	99.8	0.0	0.2	Urban
671789.6	7468933.0	98.2	0.0	1.8	Urban
671789.6	7469133.0	98.7	0.0	1.3	Urban
671789.6	7469333.0	97.3	0.0	2.7	Urban
671789.6	7469533.0	54.3	0.0	45.7	Urban
671789.6	7469733.0	0.0	0.0	100.0	Other
671789.6	7469933.0	8.9	0.0	91.1	Other
671789.6	7470133.0	47.5	0.0	52.5	Urban
671789.6	7470333.0	0.9	0.0	99.1	Other
671789.6	7470533.0	0.0	0.0	100.0	Other
671789.6	7470733.0	18.5	0.0	81.5	Other
671789.6	7470933.0	86.4	0.0	13.6	Urban
671789.6	7471133.0	99.8	0.0	0.2	Urban
671789.6	7471333.0	100.0	0.0	0.0	Urban
671789.6	7471533.0	92.4	0.0	7.6	Urban
671789.6	7471733.0	100.0	0.0	0.0	Urban
671989.6	7451933.0	0.0	100.0	0.0	Water
671989.6	7452133.0	0.0	100.0	0.0	Water
671989.6	7452333.0	0.0	100.0	0.0	Water
671989.6	7452533.0	0.0	100.0	0.0	Water
671989.6	7452733.0	0.0	100.0	0.0	Water
671989.6	7452933.0	0.0	100.0	0.0	Water
671989.6	7453133.0	0.0	100.0	0.0	Water
671989.6	7453333.0	0.0	100.0	0.0	Water
671989.6	7453533.0	0.0	100.0	0.0	Water
671989.6	7453733.0	0.0	100.0	0.0	Water
671989.6	7453933.0	0.0	98.7	1.3	Water
671989.6	7454133.0	62.0	7.4	30.6	Urban
671989.6	7454333.0	95.3	0.0	4.7	Urban
671989.6	7454533.0	53.6	0.0	46.4	Urban
671989.6	7454733.0	80.1	0.0	19.9	Urban
671989.6	7454933.0	87.3	0.0	12.7	Urban
671989.6	7455133.0	100.0	0.0	0.0	Urban
671989.6	7455333.0	35.0	22.8	42.2	Urban
671989.6	7455533.0	0.0	81.1	18.9	Water
671989.6	7455733.0	0.2	77.4	22.5	Water
671989.6	7455933.0	0.9	87.3	11.8	Water
671989.6	7456133.0	27.7	60.2	12.1	Urban
671989.6	7456333.0	37.7	31.5	30.8	Urban
671989.6	7456533.0	94.2	0.0	5.8	Urban
671989.6	7456733.0	100.0	0.0	0.0	Urban
671989.6	7456933.0	78.4	0.0	21.6	Urban
671989.6	7457133.0	12.1	0.0	87.9	Other
671989.6	7457333.0	4.7	0.0	95.3	Other
671989.6	7457533.0	0.5	0.0	99.5	Other
671989.6	7457733.0	0.0	0.0	100.0	Other
671989.6	7457933.0	2.0	0.0	98.0	Other
671989.6	7458133.0	0.5	0.0	99.5	Other
671989.6	7458333.0	0.0	0.0	100.0	Other
671989.6	7458533.0	0.0	0.0	100.0	Other
671989.6	7458733.0	1.8	0.0	98.2	Other
671989.6	7458933.0	15.6	0.0	84.4	Other
671989.6	7459133.0	47.8	0.0	52.2	Urban
671989.6	7459333.0	0.2	0.0	99.8	Other
671989.6	7459533.0	0.0	0.0	100.0	Other
671989.6	7459733.0	0.0	0.0	100.0	Other
671989.6	7459933.0	0.0	0.0	100.0	Other
671989.6	7460133.0	0.0	0.0	100.0	Other
671989.6	7460333.0	0.0	0.0	100.0	Other
671989.6	7460533.0	0.0	0.0	100.0	Other
671989.6	7460733.0	0.0	0.0	100.0	Other
671989.6	7460933.0	0.0	0.0	100.0	Other
671989.6	7461133.0	0.0	0.0	100.0	Other
671989.6	7461333.0	0.0	0.0	100.0	Other
671989.6	7461533.0	0.0	0.0	100.0	Other
671989.6	7461733.0	7.6	0.0	92.4	Other
671989.6	7461933.0	7.8	0.0	92.2	Other
671989.6	7462133.0	48.4	0.0	51.6	Urban
671989.6	7462333.0	13.0	0.0	87.0	Other
671989.6	7462533.0	2.4	0.0	97.6	Other
671989.6	7462733.0	17.6	0.0	82.4	Other
671989.6	7462933.0	2.5	0.0	97.5	Other
671989.6	7463133.0	2.9	0.0	97.1	Other
671989.6	7463333.0	25.4	0.0	74.6	Urban
671989.6	7463533.0	0.7	0.0	99.3	Other
671989.6	7463733.0	0.0	0.0	100.0	Other
671989.6	7463933.0	1.3	0.0	98.7	Other
671989.6	7464133.0	0.0	0.0	100.0	Other
671989.6	7464333.0	0.0	0.0	100.0	Other
671989.6	7464533.0	0.0	0.0	100.0	Other
671989.6	7464733.0	0.0	0.0	100.0	Other
671989.6	7464933.0	0.0	0.0	100.0	Other
671989.6	7465133.0	0.0	0.0	100.0	Other
671989.6	7465333.0	0.0	0.0	100.0	Other
671989.6	7465533.0	0.0	0.0	100.0	Other
671989.6	7465733.0	0.0	0.0	100.0	Other
671989.6	7465933.0	0.0	0.0	100.0	Other
671989.6	7466133.0	0.0	0.0	100.0	Other
671989.6	7466333.0	0.0	0.0	100.0	Other
671989.6	7466533.0	0.0	0.0	100.0	Other
671989.6	7466733.0	0.4	0.0	99.6	Other
671989.6	7466933.0	55.4	0.0	44.6	Urban
671989.6	7467133.0	96.2	0.0	3.8	Urban
671989.6	7467333.0	81.0	0.0	19.0	Urban
671989.6	7467533.0	97.3	0.0	2.7	Urban
671989.6	7467733.0	95.8	0.0	4.2	Urban
671989.6	7467933.0	99.1	0.0	0.9	Urban
671989.6	7468133.0	94.0	0.0	6.0	Urban
671989.6	7468333.0	77.8	0.0	22.2	Urban
671989.6	7468533.0	99.1	0.0	0.9	Urban
671989.6	7468733.0	100.0	0.0	0.0	Urban
671989.6	7468933.0	99.8	0.0	0.2	Urban
671989.6	7469133.0	98.7	0.0	1.3	Urban
671989.6	7469333.0	83.7	0.0	16.3	Urban
671989.6	7469533.0	2.1	0.0	97.9	Other
671989.6	7469733.0	0.0	0.0	100.0	Other
671989.6	7469933.0	2.4	0.0	97.6	Other
671989.6	7470133.0	3.8	0.0	96.2	Other
671989.6	7470333.0	0.0	0.0	100.0	Other
671989.6	7470533.0	0.0	0.0	100.0	Other
671989.6	7470733.0	25.2	0.0	74.8	Urban
671989.6	7470933.0	92.6	0.0	7.4	Urban
671989.6	7471133.0	98.6	0.0	1.4	Urban
671989.6	7471333.0	99.8	0.0	0.2	Urban
671989.6	7471533.0	100.0	0.0	0.0	Urban
671989.6	7471733.0	98.6	0.0	1.4	Urban
672189.6	7451933.0	0.0	100.0	0.0	Water
672189.6	7452133.0	0.0	100.0	0.0	Water
672189.6	7452333.0	0.0	100.0	0.0	Water
672189.6	7452533.0	0.0	100.0	0.0	Water
672189.6	7452733.0	0.0	100.0	0.0	Water
672189.6	7452933.0	0.0	100.0	0.0	Water
672189.6	7453133.0	0.0	100.0	0.0	Water
672189.6	7453333.0	0.0	100.0	0.0	Water
672189.6	7453533.0	0.0	100.0	0.0	Water
672189.6	7453733.0	0.0	100.0	0.0	Water
672189.6	7453933.0	0.7	82.4	16.9	Water
672189.6	7454133.0	85.1	0.0	14.9	Urban
672189.6	7454333.0	88.8	0.0	11.2	Urban
672189.6	7454533.0	63.8	0.0	36.2	Urban
672189.6	7454733.0	60.9	0.0	39.1	Urban
672189.6	7454933.0	91.7	0.0	8.3	Urban
672189.6	7455133.0	98.9	0.0	1.1	Urban
672189.6	7455333.0	31.2	32.1	36.8	Urban
672189.6	7455533.0	0.0	98.2	1.8	Water
672189.6	7455733.0	23.9	56.2	19.9	Urban
672189.6	7455933.0	9.6	8.0	82.4	Other
672189.6	7456133.0	50.4	0.0	49.6	Urban
672189.6	7456333.0	31.3	0.0	68.7	Urban
672189.6	7456533.0	79.2	0.0	20.8	Urban
672189.6	7456733.0	95.7	0.0	4.3	Urban
672189.6	7456933.0	81.6	0.0	18.4	Urban
672189.6	7457133.0	17.4	0.0	82.6	Other
672189.6	7457333.0	0.5	0.0	99.5	Other
672189.6	7457533.0	0.4	0.0	99.6	Other
672189.6	7457733.0	0.0	0.0	100.0	Other
672189.6	7457933.0	0.0	0.0	100.0	Other
672189.6	7458133.0	0.0	0.0	100.0	Other
672189.6	7458333.0	0.0	0.0	100.0	Other
672189.6	7458533.0	0.0	0.0	100.0	Other
672189.6	7458733.0	0.0	0.0	100.0	Other
672189.6	7458933.0	0.0	0.0	100.0	Other
672189.6	7459133.0	6.4	0.0	93.6	Other
672189.6	7459333.0	8.0	0.0	92.0	Other
672189.6	7459533.0	0.0	0.0	100.0	Other
672189.6	7459733.0	0.0	0.0	100.0	Other
672189.6	7459933.0	0.0	0.0	100.0	Other
672189.6	7460133.0	0.0	0.0	100.0	Other
672189.6	7460333.0	0.0	0.0	100.0	Other
672189.6	7460533.0	0.0	0.0	100.0	Other
672189.6	7460733.0	0.0	0.0	100.0	Other
672189.6	7460933.0	0.0	0.0	100.0	Other
672189.6	7461133.0	0.0	0.0	100.0	Other
672189.6	7461333.0	0.0	0.0	100.0	Other
672189.6	7461533.0	0.0	0.0	100.0	Other
672189.6	7461733.0	0.0	0.0	100.0	Other
672189.6	7461933.0	0.0	0.0	100.0	Other
672189.6	7462133.0	12.9	0.0	87.1	Other
672189.6	7462333.0	8.9	0.0	91.1	Other
672189.6	7462533.0	12.3	0.0	87.7	Other
672189.6	7462733.0	18.5	0.0	81.5	Other
672189.6	7462933.0	0.0	0.0	100.0	Other
672189.6	7463133.0	0.4	0.0	99.6	Other
672189.6	7463333.0	22.8	0.0	77.2	Urban
672189.6	7463533.0	4.3	0.0	95.7	Other
672189.6	7463733.0	0.0	0.0	100.0	Other
672189.6	7463933.0	0.0	0.0	100.0	Other
672189.6	7464133.0	0.0	0.0	100.0	Other
672189.6	7464333.0	0.0	0.0	100.0	Other
672189.6	7464533.0	0.0	0.0	100.0	Other
672189.6	7464733.0	0.0	0.0	100.0	Other
672189.6	7464933.0	0.0	0.0	100.0	Other
672189.6	7465133.0	0.0	0.0	100.0	Other
672189.6	7465333.0	0.0	0.0	100.0	Other
672189.6	7465533.0	0.0	0.0	100.0	Other
672189.6	7465733.0	0.0	0.0	100.0	Other
672189.6	7465933.0	0.0	0.0	100.0	Other
672189.6	7466133.0	0.0	0.0	100.0	Other
672189.6	7466333.0	0.0	0.0	100.0	Other
672189.6	7466533.0	0.0	0.0	100.0	Other
672189.6	7466733.0	0.0	0.0	100.0	Other
672189.6	7466933.0	39.7	0.0	60.3	Urban
672189.6	7467133.0	87.5	0.0	12.5	Urban
672189.6	7467333.0	95.0	0.0	5.0	Urban
672189.6	7467533.0	96.2	0.0	3.8	Urban
672189.6	7467733.0	95.3	0.0	4.7	Urban
672189.6	7467933.0	98.4	0.0	1.6	Urban
672189.6	7468133.0	93.6	0.0	6.4	Urban
672189.6	7468333.0	97.5	0.0	2.5	Urban
672189.6	7468533.0	100.0	0.0	0.0	Urban
672189.6	7468733.0	100.0	0.0	0.0	Urban
672189.6	7468933.0	98.4	0.0	1.6	Urban
672189.6	7469133.0	99.5	0.0	0.5	Urban
672189.6	7469333.0	68.7	0.0	31.3	Urban
672189.6	7469533.0	0.0	0.0	100.0	Other
672189.6	7469733.0	0.0	0.0	100.0	Other
672189.6	7469933.0	13.2	0.0	86.8	Other
672189.6	7470133.0	11.2	0.0	88.8	Other
672189.6	7470333.0	0.0	0.0	100.0	Other
672189.6	7470533.0	0.0	0.0	100.0	Other
672189.6	7470733.0	23.6	0.0	76.4	Urban
672189.6	7470933.0	96.7	0.0	3.3	Urban
672189.6	7471133.0	99.1	0.0	0.9	Urban
672189.6	7471333.0	100.0	0.0	0.0	Urban
672189.6	7471533.0	100.0	0.0	0.0	Urban
672189.6	7471733.0	100.0	0.0	0.0	Urban
672389.6	7451933.0	0.0	100.0	0.0	Water
672389.6	7452133.0	0.0	100.0	0.0	Water
672389.6	7452333.0	0.0	100.0	0.0	Water
672389.6	7452533.0	0.0	100.0	0.0	Water
672389.6	7452733.0	0.0	100.0	0.0	Water
672389.6	7452933.0	0.0	100.0	0.0	Water
672389.6	7453133.0	0.0	100.0	0.0	Water
672389.6	7453333.0	0.0	100.0	0.0	Water
672389.6	7453533.0	0.0	100.0	0.0	Water
672389.6	7453733.0	0.0	100.0	0.0	Water
672389.6	7453933.0	12.7	54.2	33.2	Water
672389.6	7454133.0	97.1	0.0	2.9	Urban
672389.6	7454333.0	83.5	0.0	16.5	Urban
672389.6	7454533.0	71.6	0.0	28.4	Urban
672389.6	7454733.0	39.3	0.0	60.7	Urban
672389.6	7454933.0	96.7	0.0	3.3	Urban
672389.6	7455133.0	100.0	0.0	0.0	Urban
672389.6	7455333.0	47.8	0.5	51.6	Urban
672389.6	7455533.0	0.0	68.3	31.7	Water
672389.6	7455733.0	5.2	34.1	60.7	Other
672389.6	7455933.0	0.0	0.0	100.0	Other
672389.6	7456133.0	0.0	0.0	100.0	Other
672389.6	7456333.0	0.0	0.0	100.0	Other
672389.6	7456533.0	20.1	0.0	79.9	Urban
672389.6	7456733.0	50.5	0.0	49.5	Urban
672389.6	7456933.0	1.4	0.0	98.6	Other
672389.6	7457133.0	0.0	0.0	100.0	Other
672389.6	7457333.0	0.0	0.0	100.0	Other
672389.6	7457533.0	0.0	0.0	100.0	Other
672389.6	7457733.0	0.0	0.0	100.0	Other
672389.6	7457933.0	0.0	0.0	100.0	Other
672389.6	7458133.0	0.0	0.0	100.0	Other
672389.6	7458333.0	0.0	0.0	100.0	Other
672389.6	7458533.0	0.0	0.0	100.0	Other
672389.6	7458733.0	0.0	0.0	100.0	Other
672389.6	7458933.0	0.0	0.0	100.0	Other
672389.6	7459133.0	0.7	0.0	99.3	Other
672389.6	7459333.0	2.5	0.0	97.5	Other
672389.6	7459533.0	2.4	0.0	97.6	Other
672389.6	7459733.0	1.4	0.0	98.6	Other
672389.6	7459933.0	0.0	0.0	100.0	Other
672389.6	7460133.0	0.0	0.0	100.0	Other
672389.6	7460333.0	0.0	0.0	100.0	Other
672389.6	7460533.0	0.0	0.0	100.0	Other
672389.6	7460733.0	0.0	0.0	100.0	Other
672389.6	7460933.0	0.0	0.0	100.0	Other
672389.6	7461133.0	0.0	0.0	100.0	Other
672389.6	7461333.0	0.0	0.0	100.0	Other
672389.6	7461533.0	0.0	0.0	100.0	Other
672389.6	7461733.0	0.0	0.0	100.0	Other
672389.6	7461933.0	0.0	0.0	100.0	Other
672389.6	7462133.0	0.0	0.0	100.0	Other
672389.6	7462333.0	0.0	0.0	100.0	Other
672389.6	7462533.0	2.7	0.0	97.3	Other
672389.6	7462733.0	0.4	0.0	99.6	Other
672389.6	7462933.0	0.0	0.0	100.0	Other
672389.6	7463133.0	0.0	0.0	100.0	Other
672389.6	7463333.0	31.2	0.0	68.8	Urban
672389.6	7463533.0	17.2	0.0	82.8	Other
672389.6	7463733.0	0.0	0.0	100.0	Other
672389.6	7463933.0	0.0	0.0	100.0	Other
672389.6	7464133.0	0.0	0.0	100.0	Other
672389.6	7464333.0	0.0	0.0	100.0	Other
672389.6	7464533.0	0.0	0.0	100.0	Other
672389.6	7464733.0	0.0	0.0	100.0	Other
672389.6	7464933.0	0.0	0.0	100.0	Other
672389.6	7465133.0	0.0	0.0	100.0	Other
672389.6	7465333.0	4.2	0.0	95.8	Other
672389.6	7465533.0	4.9	0.0	95.1	Other
672389.6	7465733.0	0.0	0.0	100.0	Other
672389.6	7465933.0	0.0	0.0	100.0	Other
672389.6	7466133.0	0.0	0.0	100.0	Other
672389.6	7466333.0	0.0	0.0	100.0	Other
672389.6	7466533.0	0.0	0.0	100.0	Other
672389.6	7466733.0	1.3	0.0	98.7	Other
672389.6	7466933.0	59.0	0.0	41.0	Urban
672389.6	7467133.0	82.2	0.0	17.8	Urban
672389.6	7467333.0	94.0	0.0	6.0	Urban
672389.6	7467533.0	98.0	0.0	2.0	Urban
672389.6	7467733.0	100.0	0.0	0.0	Urban
672389.6	7467933.0	99.6	0.0	0.4	Urban
672389.6	7468133.0	98.9	0.0	1.1	Urban
672389.6	7468333.0	99.6	0.0	0.4	Urban
672389.6	7468533.0	99.5	0.0	0.5	Urban
672389.6	7468733.0	96.2	0.0	3.8	Urban
672389.6	7468933.0	100.0	0.0	0.0	Urban
672389.6	7469133.0	99.7	0.0	0.3	Urban
672389.6	7469333.0	87.9	0.0	12.1	Urban
672389.6	7469533.0	25.9	0.0	74.1	Urban
672389.6	7469733.0	15.4	0.0	84.6	Other
672389.6	7469933.0	75.7	0.0	24.3	Urban
672389.6	7470133.0	56.7	0.0	43.3	Urban
672389.6	7470333.0	0.4	0.0	99.6	Other
672389.6	7470533.0	0.0	0.0	100.0	Other
672389.6	7470733.0	1.3	0.0	98.7	Other
672389.6	7470933.0	79.7	0.0	20.3	Urban
672389.6	7471133.0	100.0	0.0	0.0	Urban
672389.6	7471333.0	100.0	0.0	0.0	Urban
672389.6	7471533.0	99.6	0.0	0.4	Urban
672389.6	7471733.0	98.9	0.0	1.1	Urban
672589.6	7451933.0	0.0	100.0	0.0	Water
672589.6	7452133.0	0.0	100.0	0.0	Water
672589.6	7452333.0	0.0	100.0	0.0	Water
672589.6	7452533.0	0.0	100.0	0.0	Water
672589.6	7452733.0	0.0	100.0	0.0	Water
672589.6	7452933.0	0.0	100.0	0.0	Water
672589.6	7453133.0	0.0	100.0	0.0	Water
672589.6	7453333.0	0.0	100.0	0.0	Water
672589.6	7453533.0	0.0	100.0	0.0	Water
672589.6	7453733.0	0.0	100.0	0.0	Water
672589.6	7453933.0	37.9	29.5	32.6	Urban
672589.6	7454133.0	93.1	0.0	6.9	Urban
672589.6	7454333.0	87.3	0.0	12.7	Urban
672589.6	7454533.0	85.7	0.0	14.3	Urban
672589.6	7454733.0	83.0	0.0	17.0	Urban
672589.6	7454933.0	62.5	0.2	37.3	Urban
672589.6	7455133.0	82.4	0.0	17.6	Urban
672589.6	7455333.0	17.6	17.6	64.9	Other
672589.6	7455533.0	0.2	86.8	13.0	Water
672589.6	7455733.0	17.4	8.3	74.3	Other
672589.6	7455933.0	0.0	0.0	100.0	Other
672589.6	7456133.0	0.0	0.0	100.0	Other
672589.6	7456333.0	0.0	0.0	100.0	Other
672589.6	7456533.0	0.0	0.0	100.0	Other
672589.6	7456733.0	4.5	0.0	95.5	Other
672589.6	7456933.0	0.0	0.0	100.0	Other
672589.6	7457133.0	0.0	0.0	100.0	Other
672589.6	7457333.0	0.0	0.0	100.0	Other
672589.6	7457533.0	0.0	0.0	100.0	Other
672589.6	7457733.0	0.0	0.0	100.0	Other
672589.6	7457933.0	0.0	0.0	100.0	Other
672589.6	7458133.0	0.0	0.0	100.0	Other
672589.6	7458333.0	0.0	0.0	100.0	Other
672589.6	7458533.0	0.0	0.0	100.0	Other
672589.6	7458733.0	0.0	0.0	100.0	Other
672589.6	7458933.0	0.0	0.0	100.0	Other
672589.6	7459133.0	0.0	0.0	100.0	Other
672589.6	7459333.0	1.4	0.0	98.6	Other
672589.6	7459533.0	6.0	0.0	94.0	Other
672589.6	7459733.0	3.0	0.0	97.0	Other
672589.6	7459933.0	0.0	0.0	100.0	Other
672589.6	7460133.0	0.0	0.0	100.0	Other
672589.6	7460333.0	0.0	0.0	100.0	Other
672589.6	7460533.0	0.0	0.0	100.0	Other
672589.6	7460733.0	0.0	0.0	100.0	Other
672589.6	7460933.0	0.0	0.0	100.0	Other
672589.6	7461133.0	0.0	0.0	100.0	Other
672589.6	7461333.0	0.0	0.0	100.0	Other
672589.6	7461533.0	0.0	0.0	100.0	Other
672589.6	7461733.0	0.0	0.0	100.0	Other
672589.6	7461933.0	0.0	0.0	100.0	Other
672589.6	7462133.0	0.0	0.0	100.0	Other
672589.6	7462333.0	0.0	0.0	100.0	Other
672589.6	7462533.0	0.0	0.0	100.0	Other
672589.6	7462733.0	0.0	0.0	100.0	Other
672589.6	7462933.0	0.0	0.0	100.0	Other
672589.6	7463133.0	0.0	0.0	100.0	Other
672589.6	7463333.0	0.7	0.0	99.3	Other
672589.6	7463533.0	9.6	0.0	90.4	Other
672589.6	7463733.0	11.2	0.0	88.8	Other
672589.6	7463933.0	0.0	0.0	100.0	Other
672589.6	7464133.0	0.0	0.0	100.0	Other
672589.6	7464333.0	0.0	0.0	100.0	Other
672589.6	7464533.0	0.0	0.0	100.0	Other
672589.6	7464733.0	0.0	0.0	100.0	Other
672589.6	7464933.0	0.0	0.0	100.0	Other
672589.6	7465133.0	0.0	0.0	100.0	Other
672589.6	7465333.0	2.0	0.0	98.0	Other
672589.6	7465533.0	18.3	0.0	81.7	Other
672589.6	7465733.0	10.0	0.0	90.0	Other
672589.6	7465933.0	42.0	0.0	58.0	Urban
672589.6	7466133.0	33.7	0.0	66.3	Urban
672589.6	7466333.0	43.8	0.0	56.2	Urban
672589.6	7466533.0	22.6	0.0	77.4	Urban
672589.6	7466733.0	19.7	0.0	80.3	Other
672589.6	7466933.0	43.4	0.0	56.6	Urban
672589.6	7467133.0	81.2	0.0	18.8	Urban
672589.6	7467333.0	85.3	0.0	14.7	Urban
672589.6	7467533.0	99.8	0.0	0.2	Urban
672589.6	7467733.0	88.9	0.0	11.1	Urban
672589.6	7467933.0	96.0	0.0	4.0	Urban
672589.6	7468133.0	99.4	0.0	0.6	Urban
672589.6	7468333.0	100.0	0.0	0.0	Urban
672589.6	7468533.0	99.3	0.0	0.7	Urban
672589.6	7468733.0	99.3	0.0	0.7	Urban
672589.6	7468933.0	100.0	0.0	0.0	Urban
672589.6	7469133.0	100.0	0.0	0.0	Urban
672589.6	7469333.0	100.0	0.0	0.0	Urban
672589.6	7469533.0	94.2	0.0	5.8	Urban
672589.6	7469733.0	82.1	0.0	17.9	Urban
672589.6	7469933.0	93.8	0.0	6.2	Urban
672589.6	7470133.0	79.7	0.0	20.3	Urban
672589.6	7470333.0	25.5	0.0	74.5	Urban
672589.6	7470533.0	0.0	0.0	100.0	Other
672589.6	7470733.0	0.0	0.0	100.0	Other
672589.6	7470933.0	52.5	0.0	47.5	Urban
672589.6	7471133.0	97.1	0.0	2.9	Urban
672589.6	7471333.0	99.5	0.0	0.5	Urban
672589.6	7471533.0	100.0	0.0	0.0	Urban
672589.6	7471733.0	100.0	0.0	0.0	Urban
672789.6	7451933.0	0.0	100.0	0.0	Water
672789.6	7452133.0	0.0	100.0	0.0	Water
672789.6	7452333.0	0.0	100.0	0.0	Water
672789.6	7452533.0	0.0	100.0	0.0	Water
672789.6	7452733.0	0.0	100.0	0.0	Water
672789.6	7452933.0	0.0	100.0	0.0	Water
672789.6	7453133.0	0.0	100.0	0.0	Water
672789.6	7453333.0	0.0	100.0	0.0	Water
672789.6	7453533.0	0.0	100.0	0.0	Water
672789.6	7453733.0	0.0	97.0	3.0	Water
672789.6	7453933.0	60.3	5.4	34.2	Urban
672789.6	7454133.0	80.3	0.0	19.7	Urban
672789.6	7454333.0	88.8	0.0	11.2	Urban
672789.6	7454533.0	76.4	0.0	23.6	Urban
672789.6	7454733.0	88.8	0.0	11.2	Urban
672789.6	7454933.0	41.1	0.4	58.5	Urban
672789.6	7455133.0	15.4	3.1	81.5	Other
672789.6	7455333.0	0.4	80.6	19.0	Water
672789.6	7455533.0	9.1	61.8	29.1	Water
672789.6	7455733.0	71.7	0.0	28.3	Urban
672789.6	7455933.0	13.8	0.0	86.2	Other
672789.6	7456133.0	0.0	0.0	100.0	Other
672789.6	7456333.0	0.0	0.0	100.0	Other
672789.6	7456533.0	0.0	0.0	100.0	Other
672789.6	7456733.0	0.0	0.0	100.0	Other
672789.6	7456933.0	0.0	0.0	100.0	Other
672789.6	7457133.0	0.0	0.0	100.0	Other
672789.6	7457333.0	0.0	0.0	100.0	Other
672789.6	7457533.0	0.0	0.0	100.0	Other
672789.6	7457733.0	0.0	0.0	100.0	Other
672789.6	7457933.0	0.0	0.0	100.0	Other
672789.6	7458133.0	0.0	0.0	100.0	Other
672789.6	7458333.0	0.0	0.0	100.0	Other
672789.6	7458533.0	0.0	0.0	100.0	Other
672789.6	7458733.0	0.0	0.0	100.0	Other
672789.6	7458933.0	0.0	0.0	100.0	Other
672789.6	7459133.0	0.0	0.0	100.0	Other
672789.6	7459333.0	0.0	0.0	100.0	Other
672789.6	7459533.0	0.9	0.0	99.1	Other
672789.6	7459733.0	1.4	0.0	98.6	Other
672789.6	7459933.0	0.0	0.0	100.0	Other
672789.6	7460133.0	0.0	0.0	100.0	Other
672789.6	7460333.0	0.0	0.0	100.0	Other
672789.6	7460533.0	0.0	0.0	100.0	Other
672789.6	7460733.0	0.0	0.0	100.0	Other
672789.6	7460933.0	0.0	0.0	100.0	Other
672789.6	7461133.0	0.0	0.0	100.0	Other
672789.6	7461333.0	0.0	0.0	100.0	Other
672789.6	7461533.0	0.0	0.0	100.0	Other
672789.6	7461733.0	0.0	0.0	100.0	Other
672789.6	7461933.0	0.0	0.0	100.0	Other
672789.6	7462133.0	0.0	0.0	100.0	Other
672789.6	7462333.0	0.0	0.0	100.0	Other
672789.6	7462533.0	2.4	0.0	97.6	Other
672789.6	7462733.0	0.0	0.0	100.0	Other
672789.6	7462933.0	0.0	0.0	100.0	Other
672789.6	7463133.0	0.0	0.0	100.0	Other
672789.6	7463333.0	0.0	0.0	100.0	Other
672789.6	7463533.0	5.8	0.0	94.2	Other
672789.6	7463733.0	28.2	0.0	71.8	Urban
672789.6	7463933.0	0.0	0.0	100.0	Other
672789.6	7464133.0	0.0	0.0	100.0	Other
672789.6	7464333.0	0.0	0.0	100.0	Other
672789.6	7464533.0	0.0	0.0	100.0	Other
672789.6	7464733.0	0.0	0.0	100.0	Other
672789.6	7464933.0	0.0	0.0	100.0	Other
672789.6	7465133.0	0.0	0.0	100.0	Other
672789.6	7465333.0	0.0	0.0	100.0	Other
672789.6	7465533.0	14.3	0.0	85.7	Other
672789.6	7465733.0	46.7	0.0	53.3	Urban
672789.6	7465933.0	80.6	0.0	19.4	Urban
672789.6	7466133.0	58.2	0.0	41.8	Urban
672789.6	7466333.0	98.4	0.0	1.6	Urban
672789.6	7466533.0	96.9	0.0	3.1	Urban
672789.6	7466733.0	72.2	0.0	27.8	Urban
672789.6	7466933.0	76.3	0.0	23.7	Urban
672789.6	7467133.0	82.6	0.0	17.4	Urban
672789.6	7467333.0	83.7	0.0	16.3	Urban
672789.6	7467533.0	92.7	0.0	7.3	Urban
672789.6	7467733.0	100.0	0.0	0.0	Urban
672789.6	7467933.0	100.0	0.0	0.0	Urban
672789.6	7468133.0	100.0	0.0	0.0	Urban
672789.6	7468333.0	99.5	0.0	0.5	Urban
672789.6	7468533.0	99.1	0.0	0.9	Urban
672789.6	7468733.0	97.3	0.0	2.7	Urban
672789.6	7468933.0	100.0	0.0	0.0	Urban
672789.6	7469133.0	99.1	0.0	0.9	Urban
672789.6	7469333.0	99.8	0.0	0.2	Urban
672789.6	7469533.0	98.9	0.0	1.1	Urban
672789.6	7469733.0	91.7	0.0	8.3	Urban
672789.6	7469933.0	95.3	0.0	4.7	Urban
672789.6	7470133.0	83.3	0.0	16.7	Urban
672789.6	7470333.0	40.8	0.0	59.2	Urban
672789.6	7470533.0	0.0	0.0	100.0	Other
672789.6	7470733.0	0.0	0.0	100.0	Other
672789.6	7470933.0	0.5	0.0	99.5	Other
672789.6	7471133.0	50.5	0.0	49.5	Urban
672789.6	7471333.0	100.0	0.0	0.0	Urban
672789.6	7471533.0	99.8	0.0	0.2	Urban
672789.6	7471733.0	99.5	0.0	0.5	Urban
672989.6	7451933.0	0.0	100.0	0.0	Water
672989.6	7452133.0	0.0	100.0	0.0	Water
672989.6	7452333.0	0.0	100.0	0.0	Water
672989.6	7452533.0	0.0	100.0	0.0	Water
672989.6	7452733.0	0.0	100.0	0.0	Water
672989.6	7452933.0	0.0	100.0	0.0	Water
672989.6	7453133.0	0.0	100.0	0.0	Water
672989.6	7453333.0	0.0	100.0	0.0	Water
672989.6	7453533.0	0.0	100.0	0.0	Water
672989.6	7453733.0	0.2	74.8	25.0	Water
672989.6	7453933.0	75.9	0.0	24.1	Urban
672989.6	7454133.0	92.2	0.0	7.8	Urban
672989.6	7454333.0	75.0	0.0	25.0	Urban
672989.6	7454533.0	75.5	0.0	24.5	Urban
672989.6	7454733.0	96.2	0.0	3.8	Urban
672989.6	7454933.0	21.9	18.7	59.4	Urban
672989.6	7455133.0	10.6	45.0	44.3	Other
672989.6	7455333.0	7.1	61.4	31.5	Water
672989.6	7455533.0	0.4	40.2	59.4	Other
672989.6	7455733.0	6.5	0.0	93.5	Other
672989.6	7455933.0	28.0	0.0	72.0	Urban
672989.6	7456133.0	0.0	0.0	100.0	Other
672989.6	7456333.0	20.3	0.0	79.7	Urban
672989.6	7456533.0	51.8	0.0	48.2	Urban
672989.6	7456733.0	23.2	0.0	76.8	Urban
672989.6	7456933.0	3.4	0.0	96.6	Other
672989.6	7457133.0	0.0	0.0	100.0	Other
672989.6	7457333.0	0.0	0.0	100.0	Other
672989.6	7457533.0	0.0	0.0	100.0	Other
672989.6	7457733.0	0.0	0.0	100.0	Other
672989.6	7457933.0	0.0	0.0	100.0	Other
672989.6	7458133.0	0.0	0.0	100.0	Other
672989.6	7458333.0	0.0	0.0	100.0	Other
672989.6	7458533.0	0.0	0.0	100.0	Other
672989.6	7458733.0	0.0	0.0	100.0	Other
672989.6	7458933.0	0.0	0.0	100.0	Other
672989.6	7459133.0	0.0	0.0	100.0	Other
672989.6	7459333.0	0.0	0.0	100.0	Other
672989.6	7459533.0	0.0	0.0	100.0	Other
672989.6	7459733.0	0.0	0.0	100.0	Other
672989.6	7459933.0	0.0	0.0	100.0	Other
672989.6	7460133.0	0.0	0.0	100.0	Other
672989.6	7460333.0	0.0	0.0	100.0	Other
672989.6	7460533.0	0.0	0.0	100.0	Other
672989.6	7460733.0	0.0	0.0	100.0	Other
672989.6	7460933.0	0.0	0.0	100.0	Other
672989.6	7461133.0	0.0	0.0	100.0	Other
672989.6	7461333.0	0.0	0.0	100.0	Other
672989.6	7461533.0	0.0	0.0	100.0	Other
672989.6	7461733.0	0.0	0.0	100.0	Other
672989.6	7461933.0	0.0	0.0	100.0	Other
672989.6	7462133.0	0.0	0.0	100.0	Other
672989.6	7462333.0	0.0	0.0	100.0	Other
672989.6	7462533.0	0.0	0.0	100.0	Other
672989.6	7462733.0	0.0	0.0	100.0	Other
672989.6	7462933.0	0.0	0.0	100.0	Other
672989.6	7463133.0	0.0	0.0	100.0	Other
672989.6	7463333.0	0.0	0.0	100.0	Other
672989.6	7463533.0	1.3	0.0	98.7	Other
672989.6	7463733.0	4.2	0.0	95.8	Other
672989.6	7463933.0	0.7	0.0	99.3	Other
672989.6	7464133.0	0.0	0.0	100.0	Other
672989.6	7464333.0	0.0	0.0	100.0	Other
672989.6	7464533.0	0.0	0.0	100.0	Other
672989.6	7464733.0	0.0	0.0	100.0	Other
672989.6	7464933.0	0.0	0.0	100.0	Other
672989.6	7465133.0	0.0	0.0	100.0	Other
672989.6	7465333.0	0.0	0.0	100.0	Other
672989.6	7465533.0	0.0	0.0	100.0	Other
672989.6	7465733.0	68.3	0.0	31.7	Urban
672989.6	7465933.0	53.6	0.0	46.4	Urban
672989.6	7466133.0	88.6	0.0	11.4	Urban
672989.6	7466333.0	98.1	0.0	1.9	Urban
672989.6	7466533.0	98.4	0.0	1.6	Urban
672989.6	7466733.0	97.3	0.0	2.7	Urban
672989.6	7466933.0	98.6	0.0	1.4	Urban
672989.6	7467133.0	97.5	0.0	2.5	Urban
672989.6	7467333.0	98.6	0.0	1.4	Urban
672989.6	7467533.0	97.6	0.0	2.4	Urban
672989.6	7467733.0	89.7	0.0	10.3	Urban
672989.6	7467933.0	99.8	0.0	0.2	Urban
672989.6	7468133.0	99.5	0.0	0.5	Urban
672989.6	7468333.0	96.9	0.0	3.1	Urban
672989.6	7468533.0	99.0	0.0	1.0	Urban
672989.6	7468733.0	93.5	0.0	6.5	Urban
672989.6	7468933.0	99.8	0.0	0.2	Urban
672989.6	7469133.0	99.8	0.0	0.2	Urban
672989.6	7469333.0	98.3	0.0	1.7	Urban
672989.6	7469533.0	90.2	0.0	9.8	Urban
672989.6	7469733.0	89.9	0.0	10.1	Urban
672989.6	7469933.0	100.0	0.0	0.0	Urban
672989.6	7470133.0	47.3	0.0	52.7	Urban
672989.6	7470333.0	3.6	0.0	96.4	Other
672989.6	7470533.0	0.0	0.0	100.0	Other
672989.6	7470733.0	0.0	0.0	100.0	Other
672989.6	7470933.0	0.0	0.0	100.0	Other
672989.6	7471133.0	65.8	0.0	34.2	Urban
672989.6	7471333.0	100.0	0.0	0.0	Urban
672989.6	7471533.0	100.0	0.0	0.0	Urban
672989.6	7471733.0	99.8	0.0	0.2	Urban
673189.6	7451933.0	0.0	100.0	0.0	Water
673189.6	7452133.0	0.0	100.0	0.0	Water
673189.6	7452333.0	0.0	100.0	0.0	Water
673189.6	7452533.0	0.0	100.0	0.0	Water
673189.6	7452733.0	0.0	100.0	0.0	Water
673189.6	7452933.0	0.0	100.0	0.0	Water
673189.6	7453133.0	0.0	100.0	0.0	Water
673189.6	7453333.0	0.0	100.0	0.0	Water
673189.6	7453533.0	0.0	100.0	0.0	Water
673189.6	7453733.0	10.1	54.2	35.7	Water
673189.6	7453933.0	94.4	0.0	5.6	Urban
673189.6	7454133.0	79.2	0.0	20.8	Urban
673189.6	7454333.0	71.6	0.0	28.4	Urban
673189.6	7454533.0	78.4	0.0	21.6	Urban
673189.6	7454733.0	82.3	3.0	14.8	Urban
673189.6	7454933.0	39.7	27.9	32.4	Urban
673189.6	7455133.0	55.4	23.9	20.7	Urban
673189.6	7455333.0	21.9	54.7	23.4	Urban
673189.6	7455533.0	30.6	0.0	69.4	Urban
673189.6	7455733.0	0.0	0.0	100.0	Other
673189.6	7455933.0	9.4	0.0	90.6	Other
673189.6	7456133.0	24.5	0.0	75.5	Urban
673189.6	7456333.0	32.8	0.0	67.2	Urban
673189.6	7456533.0	33.5	0.0	66.5	Urban
673189.6	7456733.0	85.0	0.0	15.0	Urban
673189.6	7456933.0	68.2	0.0	31.8	Urban
673189.6	7457133.0	0.0	0.0	100.0	Other
673189.6	7457333.0	0.4	0.0	99.6	Other
673189.6	7457533.0	0.0	0.0	100.0	Other
673189.6	7457733.0	0.0	0.0	100.0	Other
673189.6	7457933.0	0.0	0.0	100.0	Other
673189.6	7458133.0	0.0	0.0	100.0	Other
673189.6	7458333.0	0.0	0.0	100.0	Other
673189.6	7458533.0	0.0	0.0	100.0	Other
673189.6	7458733.0	0.0	0.0	100.0	Other
673189.6	7458933.0	0.0	0.0	100.0	Other
673189.6	7459133.0	0.0	0.0	100.0	Other
673189.6	7459333.0	0.0	0.0	100.0	Other
673189.6	7459533.0	0.0	0.0	100.0	Other
673189.6	7459733.0	0.0	0.0	100.0	Other
673189.6	7459933.0	0.0	0.0	100.0	Other
673189.6	7460133.0	0.0	0.0	100.0	Other
673189.6	7460333.0	0.0	0.0	100.0	Other
673189.6	7460533.0	0.0	0.0	100.0	Other
673189.6	7460733.0	0.0	0.0	100.0	Other
673189.6	7460933.0	0.0	0.0	100.0	Other
673189.6	7461133.0	0.0	0.0	100.0	Other
673189.6	7461333.0	0.0	0.0	100.0	Other
673189.6	7461533.0	0.0	0.0	100.0	Other
673189.6	7461733.0	0.0	0.0	100.0	Other
673189.6	7461933.0	0.0	0.0	100.0	Other
673189.6	7462133.0	0.0	0.0	100.0	Other
673189.6	7462333.0	0.0	0.0	100.0	Other
673189.6	7462533.0	0.0	0.0	100.0	Other
673189.6	7462733.0	0.0	0.0	100.0	Other
673189.6	7462933.0	0.0	0.0	100.0	Other
673189.6	7463133.0	0.0	0.0	100.0	Other
673189.6	7463333.0	0.0	0.0	100.0	Other
673189.6	7463533.0	0.0	0.0	100.0	Other
673189.6	7463733.0	4.7	0.0	95.3	Other
673189.6	7463933.0	4.2	0.0	95.8	Other
673189.6	7464133.0	0.0	0.0	100.0	Other
673189.6	7464333.0	0.0	0.0	100.0	Other
673189.6	7464533.0	0.0	0.0	100.0	Other
673189.6	7464733.0	0.0	0.0	100.0	Other
673189.6	7464933.0	0.0	0.0	100.0	Other
673189.6	7465133.0	0.0	0.0	100.0	Other
673189.6	7465333.0	0.0	0.0	100.0	Other
673189.6	7465533.0	0.2	0.0	99.8	Other
673189.6	7465733.0	40.6	3.4	56.0	Urban
673189.6	7465933.0	67.4	0.0	32.6	Urban
673189.6	7466133.0	94.9	0.0	5.1	Urban
673189.6	7466333.0	95.5	0.0	4.5	Urban
673189.6	7466533.0	96.4	0.0	3.6	Urban
673189.6	7466733.0	95.5	0.0	4.5	Urban
673189.6	7466933.0	99.6	0.0	0.4	Urban
673189.6	7467133.0	95.5	0.0	4.5	Urban
673189.6	7467333.0	94.8	0.0	5.2	Urban
673189.6	7467533.0	88.0	0.0	12.0	Urban
673189.6	7467733.0	92.4	0.0	7.6	Urban
673189.6	7467933.0	83.3	0.0	16.7	Urban
673189.6	7468133.0	100.0	0.0	0.0	Urban
673189.6	7468333.0	99.1	0.0	0.9	Urban
673189.6	7468533.0	99.8	0.0	0.2	Urban
673189.6	7468733.0	99.5	0.0	0.5	Urban
673189.6	7468933.0	100.0	0.0	0.0	Urban
673189.6	7469133.0	96.4	0.0	3.6	Urban
673189.6	7469333.0	89.7	0.0	10.3	Urban
673189.6	7469533.0	77.4	0.0	22.6	Urban
673189.6	7469733.0	91.1	0.0	8.9	Urban
673189.6	7469933.0	96.9	0.0	3.1	Urban
673189.6	7470133.0	68.3	0.0	31.7	Urban
673189.6	7470333.0	50.3	0.0	49.7	Urban
673189.6	7470533.0	23.9	0.0	76.1	Urban
673189.6	7470733.0	5.1	0.0	94.9	Other
673189.6	7470933.0	23.7	0.0	76.3	Urban
673189.6	7471133.0	98.4	0.0	1.6	Urban
673189.6	7471333.0	100.0	0.0	0.0	Urban
673189.6	7471533.0	100.0	0.0	0.0	Urban
673189.6	7471733.0	100.0	0.0	0.0	Urban
673389.6	7451933.0	0.0	100.0	0.0	Water
673389.6	7452133.0	0.0	100.0	0.0	Water
673389.6	7452333.0	0.0	100.0	0.0	Water
673389.6	7452533.0	0.0	100.0	0.0	Water
673389.6	7452733.0	0.0	100.0	0.0	Water
673389.6	7452933.0	0.0	100.0	0.0	Water
673389.6	7453133.0	0.0	100.0	0.0	Water
673389.6	7453333.0	0.0	100.0	0.0	Water
673389.6	7453533.0	0.0	100.0	0.0	Water
673389.6	7453733.0	25.7	38.6	35.7	Urban
673389.6	7453933.0	88.2	0.0	11.8	Urban
673389.6	7454133.0	83.5	0.0	16.5	Urban
673389.6	7454333.0	73.2	0.0	26.8	Urban
673389.6	7454533.0	89.7	0.0	10.3	Urban
673389.6	7454733.0	70.7	14.3	15.0	Urban
673389.6	7454933.0	25.5	56.0	18.5	Urban
673389.6	7455133.0	65.0	13.4	21.6	Urban
673389.6	7455333.0	50.5	21.7	27.7	Urban
673389.6	7455533.0	40.2	0.0	59.8	Urban
673389.6	7455733.0	2.8	0.0	97.2	Other
673389.6	7455933.0	14.7	0.0	85.3	Other
673389.6	7456133.0	10.1	0.0	89.9	Other
673389.6	7456333.0	0.0	0.0	100.0	Other
673389.6	7456533.0	14.1	0.0	85.9	Other
673389.6	7456733.0	98.9	0.0	1.1	Urban
673389.6	7456933.0	63.4	0.0	36.6	Urban
673389.6	7457133.0	7.8	0.0	92.2	Other
673389.6	7457333.0	9.1	0.0	90.9	Other
673389.6	7457533.0	0.2	0.0	99.8	Other
673389.6	7457733.0	0.0	0.0	100.0	Other
673389.6	7457933.0	0.0	0.0	100.0	Other
673389.6	7458133.0	0.0	0.0	100.0	Other
673389.6	7458333.0	0.0	0.0	100.0	Other
673389.6	7458533.0	0.0	0.0	100.0	Other
673389.6	7458733.0	0.0	0.0	100.0	Other
673389.6	7458933.0	0.0	0.0	100.0	Other
673389.6	7459133.0	0.0	0.0	100.0	Other
673389.6	7459333.0	0.0	0.0	100.0	Other
673389.6	7459533.0	0.0	0.0	100.0	Other
673389.6	7459733.0	0.0	0.0	100.0	Other
673389.6	7459933.0	0.0	0.0	100.0	Other
673389.6	7460133.0	0.0	0.0	100.0	Other
673389.6	7460333.0	0.0	0.0	100.0	Other
673389.6	7460533.0	0.0	0.0	100.0	Other
673389.6	7460733.0	0.0	0.0	100.0	Other
673389.6	7460933.0	0.0	0.0	100.0	Other
673389.6	7461133.0	0.0	0.0	100.0	Other
673389.6	7461333.0	0.0	0.0	100.0	Other
673389.6	7461533.0	0.0	0.0	100.0	Other
673389.6	7461733.0	0.0	0.0	100.0	Other
673389.6	7461933.0	0.0	0.0	100.0	Other
673389.6	7462133.0	0.0	0.0	100.0	Other
673389.6	7462333.0	0.0	0.0	100.0	Other
673389.6	7462533.0	0.0	0.0	100.0	Other
673389.6	7462733.0	0.0	0.0	100.0	Other
673389.6	7462933.0	0.0	0.0	100.0	Other
673389.6	7463133.0	0.0	0.0	100.0	Other
673389.6	7463333.0	0.0	0.0	100.0	Other
673389.6	7463533.0	0.0	0.0	100.0	Other
673389.6	7463733.0	0.0	0.0	100.0	Other
673389.6	7463933.0	0.0	0.0	100.0	Other
673389.6	7464133.0	0.0	0.0	100.0	Other
673389.6	7464333.0	0.0	0.0	100.0	Other
673389.6	7464533.0	0.0	0.0	100.0	Other
673389.6	7464733.0	0.0	0.0	100.0	Other
673389.6	7464933.0	0.0	0.0	100.0	Other
673389.6	7465133.0	0.0	0.0	100.0	Other
673389.6	7465333.0	0.0	0.0	100.0	Other
673389.6	7465533.0	21.9	0.0	78.1	Urban
673389.6	7465733.0	75.8	1.5	22.7	Urban
673389.6	7465933.0	99.1	0.0	0.9	Urban
673389.6	7466133.0	91.1	0.0	8.9	Urban
673389.6	7466333.0	97.7	0.0	2.3	Urban
673389.6	7466533.0	98.4	0.0	1.6	Urban
673389.6	7466733.0	97.6	0.0	2.4	Urban
673389.6	7466933.0	98.0	0.0	2.0	Urban
673389.6	7467133.0	95.1	0.0	4.9	Urban
673389.6	7467333.0	91.7	0.0	8.3	Urban
673389.6	7467533.0	98.3	0.0	1.7	Urban
673389.6	7467733.0	97.3	0.0	2.7	Urban
673389.6	7467933.0	92.8	0.0	7.2	Urban
673389.6	7468133.0	97.9	0.0	2.1	Urban
673389.6	7468333.0	97.3	0.0	2.7	Urban
673389.6	7468533.0	96.6	0.0	3.4	Urban
673389.6	7468733.0	100.0	0.0	0.0	Urban
673389.6	7468933.0	99.3	0.0	0.7	Urban
673389.6	7469133.0	100.0	0.0	0.0	Urban
673389.6	7469333.0	89.5	0.0	10.5	Urban
673389.6	7469533.0	92.9	0.0	7.1	Urban
673389.6	7469733.0	93.1	0.0	6.9	Urban
673389.6	7469933.0	90.6	0.0	9.4	Urban
673389.6	7470133.0	81.7	0.0	18.3	Urban
673389.6	7470333.0	89.3	0.0	10.7	Urban
673389.6	7470533.0	97.6	0.0	2.4	Urban
673389.6	7470733.0	37.1	0.0	62.9	Urban
673389.6	7470933.0	59.4	0.0	40.6	Urban
673389.6	7471133.0	96.6	0.0	3.4	Urban
673389.6	7471333.0	99.8	0.0	0.2	Urban
673389.6	7471533.0	100.0	0.0	0.0	Urban
673389.6	7471733.0	100.0	0.0	0.0	Urban
673589.6	7451933.0	0.0	100.0	0.0	Water
673589.6	7452133.0	0.0	100.0	0.0	Water
673589.6	7452333.0	0.0	100.0	0.0	Water
673589.6	7452533.0	0.0	100.0	0.0	Water
673589.6	7452733.0	0.0	100.0	0.0	Water
673589.6	7452933.0	0.0	100.0	0.0	Water
673589.6	7453133.0	0.0	100.0	0.0	Water
673589.6	7453333.0	0.0	100.0	0.0	Water
673589.6	7453533.0	0.0	100.0	0.0	Water
673589.6	7453733.0	28.8	32.2	39.0	Urban
673589.6	7453933.0	91.8	0.0	8.2	Urban
673589.6	7454133.0	89.3	0.0	10.7	Urban
673589.6	7454333.0	91.1	0.0	8.9	Urban
673589.6	7454533.0	89.0	0.0	11.0	Urban
673589.6	7454733.0	38.0	34.1	27.9	Urban
673589.6	7454933.0	60.6	9.1	30.3	Urban
673589.6	7455133.0	40.6	30.3	29.2	Urban
673589.6	7455333.0	13.4	48.7	37.9	Other
673589.6	7455533.0	0.6	0.0	99.4	Other
673589.6	7455733.0	1.1	0.0	98.9	Other
673589.6	7455933.0	8.3	0.0	91.7	Other
673589.6	7456133.0	9.8	0.0	90.2	Other
673589.6	7456333.0	0.0	0.0	100.0	Other
673589.6	7456533.0	4.5	0.0	95.5	Other
673589.6	7456733.0	73.1	0.0	26.9	Urban
673589.6	7456933.0	86.8	0.0	13.2	Urban
673589.6	7457133.0	73.0	0.0	27.0	Urban
673589.6	7457333.0	21.6	0.0	78.4	Urban
673589.6	7457533.0	4.9	0.0	95.1	Other
673589.6	7457733.0	1.8	0.0	98.2	Other
673589.6	7457933.0	0.0	0.0	100.0	Other
673589.6	7458133.0	0.0	0.0	100.0	Other
673589.6	7458333.0	0.0	0.0	100.0	Other
673589.6	7458533.0	0.0	0.0	100.0	Other
673589.6	7458733.0	0.0	0.0	100.0	Other
673589.6	7458933.0	0.0	0.0	100.0	Other
673589.6	7459133.0	0.0	0.0	100.0	Other
673589.6	7459333.0	0.0	0.0	100.0	Other
673589.6	7459533.0	0.0	0.0	100.0	Other
673589.6	7459733.0	0.0	0.0	100.0	Other
673589.6	7459933.0	0.0	0.0	100.0	Other
673589.6	7460133.0	0.0	0.0	100.0	Other
673589.6	7460333.0	0.0	0.0	100.0	Other
673589.6	7460533.0	0.0	0.0	100.0	Other
673589.6	7460733.0	0.0	0.0	100.0	Other
673589.6	7460933.0	0.0	0.0	100.0	Other
673589.6	7461133.0	0.0	0.0	100.0	Other
673589.6	7461333.0	0.0	0.0	100.0	Other
673589.6	7461533.0	0.0	0.0	100.0	Other
673589.6	7461733.0	0.0	0.0	100.0	Other
673589.6	7461933.0	0.0	0.0	100.0	Other
673589.6	7462133.0	0.0	0.0	100.0	Other
673589.6	7462333.0	0.0	0.0	100.0	Other
673589.6	7462533.0	0.0	0.0	100.0	Other
673589.6	7462733.0	0.0	0.0	100.0	Other
673589.6	7462933.0	0.0	0.0	100.0	Other
673589.6	7463133.0	0.0	0.0	100.0	Other
673589.6	7463333.0	0.0	0.0	100.0	Other
673589.6	7463533.0	0.0	0.0	100.0	Other
673589.6	7463733.0	0.0	0.0	100.0	Other
673589.6	7463933.0	0.0	0.0	100.0	Other
673589.6	7464133.0	0.0	0.0	100.0	Other
673589.6	7464333.0	0.0	0.0	100.0	Other
673589.6	7464533.0	0.0	0.0	100.0	Other
673589.6	7464733.0	0.0	0.0	100.0	Other
673589.6	7464933.0	0.0	0.0	100.0	Other
673589.6	7465133.0	0.0	0.0	100.0	Other
673589.6	7465333.0	0.0	0.0	100.0	Other
673589.6	7465533.0	3.8	0.0	96.2	Other
673589.6	7465733.0	67.1	0.0	32.9	Urban
673589.6	7465933.0	96.0	0.0	4.0	Urban
673589.6	7466133.0	92.9	0.0	7.1	Urban
673589.6	7466333.0	99.5	0.0	0.5	Urban
673589.6	7466533.0	99.3	0.0	0.7	Urban
673589.6	7466733.0	99.3	0.0	0.7	Urban
673589.6	7466933.0	96.2	0.0	3.8	Urban
673589.6	7467133.0	75.2	0.0	24.8	Urban
673589.6	7467333.0	81.5	0.0	18.5	Urban
673589.6	7467533.0	96.2	0.0	3.8	Urban
673589.6	7467733.0	99.6	0.0	0.4	Urban
673589.6	7467933.0	99.0	0.0	1.0	Urban
673589.6	7468133.0	99.5	0.0	0.5	Urban
673589.6	7468333.0	98.6	0.0	1.4	Urban
673589.6	7468533.0	99.8	0.0	0.2	Urban
673589.6	7468733.0	100.0	0.0	0.0	Urban
673589.6	7468933.0	94.5	0.0	5.5	Urban
673589.6	7469133.0	96.6	0.0	3.4	Urban
673589.6	7469333.0	82.2	0.0	17.8	Urban
673589.6	7469533.0	100.0	0.0	0.0	Urban
673589.6	7469733.0	94.2	0.0	5.8	Urban
673589.6	7469933.0	81.3	0.0	18.7	Urban
673589.6	7470133.0	93.3	0.0	6.7	Urban
673589.6	7470333.0	100.0	0.0	0.0	Urban
673589.6	7470533.0	99.8	0.0	0.2	Urban
673589.6	7470733.0	97.9	0.0	2.1	Urban
673589.6	7470933.0	91.7	0.0	8.3	Urban
673589.6	7471133.0	75.5	0.0	24.5	Urban
673589.6	7471333.0	100.0	0.0	0.0	Urban
673589.6	7471533.0	100.0	0.0	0.0	Urban
673589.6	7471733.0	97.6	0.0	2.4	Urban
673789.6	7451933.0	0.0	100.0	0.0	Water
673789.6	7452133.0	0.0	100.0	0.0	Water
673789.6	7452333.0	0.0	100.0	0.0	Water
673789.6	7452533.0	0.0	100.0	0.0	Water
673789.6	7452733.0	0.0	100.0	0.0	Water
673789.6	7452933.0	0.0	100.0	0.0	Water
673789.6	7453133.0	0.0	100.0	0.0	Water
673789.6	7453333.0	0.0	100.0	0.0	Water
673789.6	7453533.0	0.0	100.0	0.0	Water
673789.6	7453733.0	22.8	35.3	41.8	Urban
673789.6	7453933.0	98.7	0.0	1.3	Urban
673789.6	7454133.0	87.8	0.0	12.2	Urban
673789.6	7454333.0	95.7	0.0	4.3	Urban
673789.6	7454533.0	95.1	1.6	3.3	Urban
673789.6	7454733.0	33.9	48.7	17.4	Urban
673789.6	7454933.0	21.7	25.9	52.4	Urban
673789.6	7455133.0	23.4	17.2	59.4	Urban
673789.6	7455333.0	31.2	0.2	68.7	Urban
673789.6	7455533.0	19.9	0.0	80.1	Other
673789.6	7455733.0	5.3	0.0	94.7	Other
673789.6	7455933.0	2.2	0.0	97.8	Other
673789.6	7456133.0	2.0	0.0	98.0	Other
673789.6	7456333.0	0.0	0.0	100.0	Other
673789.6	7456533.0	2.7	0.0	97.3	Other
673789.6	7456733.0	38.2	0.0	61.8	Urban
673789.6	7456933.0	43.5	0.0	56.5	Urban
673789.6	7457133.0	72.0	0.0	28.0	Urban
673789.6	7457333.0	56.9	0.0	43.1	Urban
673789.6	7457533.0	4.5	0.0	95.5	Other
673789.6	7457733.0	14.3	0.0	85.7	Other
673789.6	7457933.0	0.0	0.0	100.0	Other
673789.6	7458133.0	0.0	0.0	100.0	Other
673789.6	7458333.0	0.0	0.0	100.0	Other
673789.6	7458533.0	0.0	0.0	100.0	Other
673789.6	7458733.0	0.0	0.0	100.0	Other
673789.6	7458933.0	0.0	0.0	100.0	Other
673789.6	7459133.0	0.0	0.0	100.0	Other
673789.6	7459333.0	0.0	0.0	100.0	Other
673789.6	7459533.0	0.0	0.0	100.0	Other
673789.6	7459733.0	0.0	0.0	100.0	Other
673789.6	7459933.0	0.0	0.0	100.0	Other
673789.6	7460133.0	0.0	0.0	100.0	Other
673789.6	7460333.0	0.0	0.0	100.0	Other
673789.6	7460533.0	0.0	0.0	100.0	Other
673789.6	7460733.0	0.0	0.0	100.0	Other
673789.6	7460933.0	0.0	0.0	100.0	Other
673789.6	7461133.0	0.0	0.0	100.0	Other
673789.6	7461333.0	0.0	0.0	100.0	Other
673789.6	7461533.0	0.0	0.0	100.0	Other
673789.6	7461733.0	0.0	0.0	100.0	Other
673789.6	7461933.0	0.0	0.0	100.0	Other
673789.6	7462133.0	0.0	0.0	100.0	Other
673789.6	7462333.0	0.0	0.0	100.0	Other
673789.6	7462533.0	0.0	0.0	100.0	Other
673789.6	7462733.0	0.0	0.0	100.0	Other
673789.6	7462933.0	0.0	0.0	100.0	Other
673789.6	7463133.0	0.0	0.0	100.0	Other
673789.6	7463333.0	0.0	0.0	100.0	Other
673789.6	7463533.0	0.0	0.0	100.0	Other
673789.6	7463733.0	0.0	0.0	100.0	Other
673789.6	7463933.0	1.4	0.0	98.6	Other
673789.6	7464133.0	1.1	0.0	98.9	Other
673789.6	7464333.0	0.0	0.0	100.0	Other
673789.6	7464533.0	0.0	0.0	100.0	Other
673789.6	7464733.0	0.0	0.0	100.0	Other
673789.6	7464933.0	0.0	0.0	100.0	Other
673789.6	7465133.0	0.0	0.0	100.0	Other
673789.6	7465333.0	0.0	0.0	100.0	Other
673789.6	7465533.0	0.0	0.0	100.0	Other
673789.6	7465733.0	58.2	0.0	41.8	Urban
673789.6	7465933.0	91.7	0.0	8.3	Urban
673789.6	7466133.0	92.0	0.0	8.0	Urban
673789.6	7466333.0	95.5	0.0	4.5	Urban
673789.6	7466533.0	98.0	0.0	2.0	Urban
673789.6	7466733.0	99.3	0.0	0.7	Urban
673789.6	7466933.0	92.4	0.0	7.6	Urban
673789.6	7467133.0	91.7	0.0	8.3	Urban
673789.6	7467333.0	96.9	0.0	3.1	Urban
673789.6	7467533.0	97.1	0.0	2.9	Urban
673789.6	7467733.0	99.6	0.0	0.4	Urban
673789.6	7467933.0	100.0	0.0	0.0	Urban
673789.6	7468133.0	100.0	0.0	0.0	Urban
673789.6	7468333.0	97.5	0.0	2.5	Urban
673789.6	7468533.0	92.4	0.0	7.6	Urban
673789.6	7468733.0	92.6	0.0	7.4	Urban
673789.6	7468933.0	46.3	0.0	53.7	Urban
673789.6	7469133.0	36.8	0.0	63.2	Urban
673789.6	7469333.0	86.6	0.0	13.4	Urban
673789.6	7469533.0	83.3	0.0	16.7	Urban
673789.6	7469733.0	71.1	0.0	28.9	Urban
673789.6	7469933.0	74.8	0.0	25.2	Urban
673789.6	7470133.0	90.6	0.0	9.4	Urban
673789.6	7470333.0	62.0	0.0	38.0	Urban
673789.6	7470533.0	62.1	0.0	37.9	Urban
673789.6	7470733.0	98.2	0.0	1.8	Urban
673789.6	7470933.0	38.9	0.0	61.1	Urban
673789.6	7471133.0	55.6	0.0	44.4	Urban
673789.6	7471333.0	99.8	0.0	0.2	Urban
673789.6	7471533.0	100.0	0.0	0.0	Urban
673789.6	7471733.0	99.8	0.0	0.2	Urban
673989.6	7451933.0	0.4	99.6	0.0	Water
673989.6	7452133.0	0.0	100.0	0.0	Water
673989.6	7452333.0	0.0	100.0	0.0	Water
673989.6	7452533.0	0.0	100.0	0.0	Water
673989.6	7452733.0	0.0	100.0	0.0	Water
673989.6	7452933.0	0.0	100.0	0.0	Water
673989.6	7453133.0	0.0	100.0	0.0	Water
673989.6	7453333.0	0.0	100.0	0.0	Water
673989.6	7453533.0	0.0	100.0	0.0	Water
673989.6	7453733.0	13.9	45.6	40.5	Other
673989.6	7453933.0	95.7	0.0	4.3	Urban
673989.6	7454133.0	79.0	0.0	21.0	Urban
673989.6	7454333.0	68.5	29.2	2.4	Urban
673989.6	7454533.0	29.0	53.1	17.9	Urban
673989.6	7454733.0	8.2	11.2	80.6	Other
673989.6	7454933.0	0.0	0.0	100.0	Other
673989.6	7455133.0	1.7	0.0	98.3	Other
673989.6	7455333.0	5.1	0.0	94.9	Other
673989.6	7455533.0	11.2	0.0	88.8	Other
673989.6	7455733.0	19.0	0.0	81.0	Other
673989.6	7455933.0	27.1	0.0	72.9	Urban
673989.6	7456133.0	22.6	0.0	77.4	Urban
673989.6	7456333.0	28.4	0.0	71.6	Urban
673989.6	7456533.0	7.4	0.0	92.6	Other
673989.6	7456733.0	4.0	0.0	96.0	Other
673989.6	7456933.0	44.6	0.0	55.4	Urban
673989.6	7457133.0	14.5	0.0	85.5	Other
673989.6	7457333.0	40.9	0.0	59.1	Urban
673989.6	7457533.0	0.7	0.0	99.3	Other
673989.6	7457733.0	0.2	0.0	99.8	Other
673989.6	7457933.0	0.0	0.0	100.0	Other
673989.6	7458133.0	0.0	0.0	100.0	Other
673989.6	7458333.0	0.0	0.0	100.0	Other
673989.6	7458533.0	0.0	0.0	100.0	Other
673989.6	7458733.0	0.0	0.0	100.0	Other
673989.6	7458933.0	0.0	0.0	100.0	Other
673989.6	7459133.0	0.0	0.0	100.0	Other
673989.6	7459333.0	0.0	0.0	100.0	Other
673989.6	7459533.0	0.0	0.0	100.0	Other
673989.6	7459733.0	0.0	0.0	100.0	Other
673989.6	7459933.0	0.0	0.0	100.0	Other
673989.6	7460133.0	0.0	0.0	100.0	Other
673989.6	7460333.0	0.0	0.0	100.0	Other
673989.6	7460533.0	0.0	0.0	100.0	Other
673989.6	7460733.0	0.0	0.0	100.0	Other
673989.6	7460933.0	0.0	0.0	100.0	Other
673989.6	7461133.0	0.0	0.0	100.0	Other
673989.6	7461333.0	0.0	0.0	100.0	Other
673989.6	7461533.0	0.0	0.0	100.0	Other
673989.6	7461733.0	0.0	0.0	100.0	Other
673989.6	7461933.0	0.0	0.0	100.0	Other
673989.6	7462133.0	0.0	0.0	100.0	Other
673989.6	7462333.0	0.0	0.0	100.0	Other
673989.6	7462533.0	0.0	0.0	100.0	Other
673989.6	7462733.0	0.0	0.0	100.0	Other
673989.6	7462933.0	0.0	0.0	100.0	Other
673989.6	7463133.0	0.0	0.0	100.0	Other
673989.6	7463333.0	0.0	0.0	100.0	Other
673989.6	7463533.0	0.0	0.0	100.0	Other
673989.6	7463733.0	0.0	0.0	100.0	Other
673989.6	7463933.0	0.4	0.0	99.6	Other
673989.6	7464133.0	0.0	0.0	100.0	Other
673989.6	7464333.0	0.0	0.0	100.0	Other
673989.6	7464533.0	0.0	0.0	100.0	Other
673989.6	7464733.0	0.0	0.0	100.0	Other
673989.6	7464933.0	0.0	0.0	100.0	Other
673989.6	7465133.0	0.4	0.0	99.6	Other
673989.6	7465333.0	0.9	0.0	99.1	Other
673989.6	7465533.0	39.0	0.0	61.0	Urban
673989.6	7465733.0	83.7	0.0	16.3	Urban
673989.6	7465933.0	97.8	0.0	2.2	Urban
673989.6	7466133.0	88.0	0.0	12.0	Urban
673989.6	7466333.0	97.8	0.0	2.2	Urban
673989.6	7466533.0	90.6	0.0	9.4	Urban
673989.6	7466733.0	73.2	0.0	26.8	Urban
673989.6	7466933.0	97.3	0.0	2.7	Urban
673989.6	7467133.0	95.8	0.0	4.2	Urban
673989.6	7467333.0	98.2	0.0	1.8	Urban
673989.6	7467533.0	100.0	0.0	0.0	Urban
673989.6	7467733.0	97.4	0.0	2.6	Urban
673989.6	7467933.0	99.6	0.0	0.4	Urban
673989.6	7468133.0	100.0	0.0	0.0	Urban
673989.6	7468333.0	98.9	0.0	1.1	Urban
673989.6	7468533.0	96.0	0.0	4.0	Urban
673989.6	7468733.0	89.3	0.0	10.7	Urban
673989.6	7468933.0	2.4	0.0	97.6	Other
673989.6	7469133.0	0.5	0.0	99.5	Other
673989.6	7469333.0	5.1	0.0	94.9	Other
673989.6	7469533.0	29.7	0.0	70.3	Urban
673989.6	7469733.0	63.8	0.0	36.2	Urban
673989.6	7469933.0	84.6	0.0	15.4	Urban
673989.6	7470133.0	98.2	0.0	1.8	Urban
673989.6	7470333.0	69.7	0.0	30.3	Urban
673989.6	7470533.0	34.2	0.0	65.8	Urban
673989.6	7470733.0	48.7	0.0	51.3	Urban
673989.6	7470933.0	46.6	0.0	53.4	Urban
673989.6	7471133.0	9.2	0.0	90.8	Other
673989.6	7471333.0	50.2	0.0	49.8	Urban
673989.6	7471533.0	91.8	0.0	8.2	Urban
673989.6	7471733.0	99.3	0.0	0.7	Urban
674189.6	7451933.0	2.9	36.4	60.7	Other
674189.6	7452133.0	0.0	100.0	0.0	Water
674189.6	7452333.0	0.0	100.0	0.0	Water
674189.6	7452533.0	0.0	100.0	0.0	Water
674189.6	7452733.0	0.0	100.0	0.0	Water
674189.6	7452933.0	0.0	100.0	0.0	Water
674189.6	7453133.0	0.0	100.0	0.0	Water
674189.6	7453333.0	0.0	100.0	0.0	Water
674189.6	7453533.0	0.0	100.0	0.0	Water
674189.6	7453733.0	1.8	54.2	44.0	Water
674189.6	7453933.0	88.8	0.0	11.2	Urban
674189.6	7454133.0	74.5	11.6	13.9	Urban
674189.6	7454333.0	41.3	53.3	5.4	Urban
674189.6	7454533.0	81.2	0.5	18.3	Urban
674189.6	7454733.0	17.2	0.0	82.8	Other
674189.6	7454933.0	0.2	0.0	99.8	Other
674189.6	7455133.0	0.0	0.0	100.0	Other
674189.6	7455333.0	0.0	0.0	100.0	Other
674189.6	7455533.0	0.0	0.0	100.0	Other
674189.6	7455733.0	2.4	0.0	97.6	Other
674189.6	7455933.0	19.2	0.0	80.8	Other
674189.6	7456133.0	19.9	0.0	80.1	Other
674189.6	7456333.0	21.2	0.0	78.8	Urban
674189.6	7456533.0	32.1	0.0	67.9	Urban
674189.6	7456733.0	52.2	0.0	47.8	Urban
674189.6	7456933.0	26.4	0.0	73.6	Urban
674189.6	7457133.0	10.1	0.0	89.9	Other
674189.6	7457333.0	5.8	0.0	94.2	Other
674189.6	7457533.0	0.0	0.0	100.0	Other
674189.6	7457733.0	0.0	0.0	100.0	Other
674189.6	7457933.0	0.0	0.0	100.0	Other
674189.6	7458133.0	0.0	0.0	100.0	Other
674189.6	7458333.0	0.0	0.0	100.0	Other
674189.6	7458533.0	0.0	0.0	100.0	Other
674189.6	7458733.0	0.0	0.0	100.0	Other
674189.6	7458933.0	0.0	0.0	100.0	Other
674189.6	7459133.0	0.0	0.0	100.0	Other
674189.6	7459333.0	0.0	0.0	100.0	Other
674189.6	7459533.0	0.0	0.0	100.0	Other
674189.6	7459733.0	0.0	0.0	100.0	Other
674189.6	7459933.0	0.0	0.0	100.0	Other
674189.6	7460133.0	0.0	0.0	100.0	Other
674189.6	7460333.0	0.0	0.0	100.0	Other
674189.6	7460533.0	0.0	0.0	100.0	Other
674189.6	7460733.0	0.0	0.0	100.0	Other
674189.6	7460933.0	0.0	0.0	100.0	Other
674189.6	7461133.0	0.0	0.0	100.0	Other
674189.6	7461333.0	0.0	0.0	100.0	Other
674189.6	7461533.0	0.0	0.0	100.0	Other
674189.6	7461733.0	0.0	0.0	100.0	Other
674189.6	7461933.0	0.0	0.0	100.0	Other
674189.6	7462133.0	0.0	0.0	100.0	Other
674189.6	7462333.0	0.0	0.0	100.0	Other
674189.6	7462533.0	0.0	0.0	100.0	Other
674189.6	7462733.0	0.0	0.0	100.0	Other
674189.6	7462933.0	0.0	0.0	100.0	Other
674189.6	7463133.0	0.0	0.0	100.0	Other
674189.6	7463333.0	0.0	0.0	100.0	Other
674189.6	7463533.0	0.0	0.0	100.0	Other
674189.6	7463733.0	0.0	0.0	100.0	Other
674189.6	7463933.0	3.6	0.0	96.4	Other
674189.6	7464133.0	2.0	0.0	98.0	Other
674189.6	7464333.0	0.0	0.0	100.0	Other
674189.6	7464533.0	0.0	0.0	100.0	Other
674189.6	7464733.0	20.8	0.0	79.2	Urban
674189.6	7464933.0	17.6	0.0	82.4	Other
674189.6	7465133.0	29.0	0.0	71.0	Urban
674189.6	7465333.0	19.7	0.0	80.3	Other
674189.6	7465533.0	88.2	0.0	11.8	Urban
674189.6	7465733.0	99.8	0.0	0.2	Urban
674189.6	7465933.0	98.2	0.0	1.8	Urban
674189.6	7466133.0	70.7	0.0	29.3	Urban
674189.6	7466333.0	29.2	0.0	70.8	Urban
674189.6	7466533.0	75.8	0.0	24.2	Urban
674189.6	7466733.0	94.4	0.0	5.6	Urban
674189.6	7466933.0	98.5	0.0	1.5	Urban
674189.6	7467133.0	94.0	0.0	6.0	Urban
674189.6	7467333.0	97.2	0.0	2.8	Urban
674189.6	7467533.0	94.7	0.0	5.3	Urban
674189.6	7467733.0	90.9	0.0	9.1	Urban
674189.6	7467933.0	96.4	0.0	3.6	Urban
674189.6	7468133.0	99.6	0.0	0.4	Urban
674189.6	7468333.0	94.4	0.0	5.6	Urban
674189.6	7468533.0	97.3	0.0	2.7	Urban
674189.6	7468733.0	96.8	0.0	3.2	Urban
674189.6	7468933.0	63.8	0.0	36.2	Urban
674189.6	7469133.0	49.8	0.0	50.2	Urban
674189.6	7469333.0	81.0	0.0	19.0	Urban
674189.6	7469533.0	88.2	0.0	11.8	Urban
674189.6	7469733.0	89.1	0.0	10.9	Urban
674189.6	7469933.0	100.0	0.0	0.0	Urban
674189.6	7470133.0	99.1	0.0	0.9	Urban
674189.6	7470333.0	92.9	0.0	7.1	Urban
674189.6	7470533.0	42.8	0.0	57.2	Urban
674189.6	7470733.0	17.4	0.0	82.6	Other
674189.6	7470933.0	67.2	0.0	32.8	Urban
674189.6	7471133.0	28.6	0.0	71.4	Urban
674189.6	7471333.0	0.0	0.0	100.0	Other
674189.6	7471533.0	61.4	0.0	38.6	Urban
674189.6	7471733.0	89.2	0.0	10.8	Urban
674389.6	7451933.0	1.1	87.3	11.6	Water
674389.6	7452133.0	0.0	100.0	0.0	Water
674389.6	7452333.0	0.0	100.0	0.0	Water
674389.6	7452533.0	0.0	100.0	0.0	Water
674389.6	7452733.0	0.0	100.0	0.0	Water
674389.6	7452933.0	0.0	100.0	0.0	Water
674389.6	7453133.0	0.0	100.0	0.0	Water
674389.6	7453333.0	0.0	100.0	0.0	Water
674389.6	7453533.0	0.0	100.0	0.0	Water
674389.6	7453733.0	0.0	62.7	37.3	Water
674389.6	7453933.0	83.5	2.0	14.5	Urban
674389.6	7454133.0	46.2	45.1	8.7	Urban
674389.6	7454333.0	88.4	0.0	11.6	Urban
674389.6	7454533.0	91.1	0.0	8.9	Urban
674389.6	7454733.0	51.4	0.0	48.6	Urban
674389.6	7454933.0	1.1	0.0	98.9	Other
674389.6	7455133.0	0.0	0.0	100.0	Other
674389.6	7455333.0	0.0	0.0	100.0	Other
674389.6	7455533.0	0.0	0.0	100.0	Other
674389.6	7455733.0	0.0	0.0	100.0	Other
674389.6	7455933.0	3.3	0.0	96.7	Other
674389.6	7456133.0	2.7	0.0	97.3	Other
674389.6	7456333.0	7.8	0.0	92.2	Other
674389.6	7456533.0	12.0	0.0	88.0	Other
674389.6	7456733.0	27.7	0.0	72.3	Urban
674389.6	7456933.0	17.6	0.0	82.4	Other
674389.6	7457133.0	0.0	0.0	100.0	Other
674389.6	7457333.0	0.0	0.0	100.0	Other
674389.6	7457533.0	0.0	0.0	100.0	Other
674389.6	7457733.0	0.0	0.0	100.0	Other
674389.6	7457933.0	0.0	0.0	100.0	Other
674389.6	7458133.0	0.0	0.0	100.0	Other
674389.6	7458333.0	0.4	0.0	99.6	Other
674389.6	7458533.0	0.0	0.0	100.0	Other
674389.6	7458733.0	8.3	0.0	91.7	Other
674389.6	7458933.0	0.9	0.0	99.1	Other
674389.6	7459133.0	0.0	0.0	100.0	Other
674389.6	7459333.0	0.0	0.0	100.0	Other
674389.6	7459533.0	0.0	0.0	100.0	Other
674389.6	7459733.0	0.0	0.0	100.0	Other
674389.6	7459933.0	0.0	0.0	100.0	Other
674389.6	7460133.0	0.0	0.0	100.0	Other
674389.6	7460333.0	0.0	0.0	100.0	Other
674389.6	7460533.0	0.0	0.0	100.0	Other
674389.6	7460733.0	0.0	0.0	100.0	Other
674389.6	7460933.0	0.0	0.0	100.0	Other
674389.6	7461133.0	0.0	0.0	100.0	Other
674389.6	7461333.0	0.0	0.0	100.0	Other
674389.6	7461533.0	0.0	0.0	100.0	Other
674389.6	7461733.0	0.0	0.0	100.0	Other
674389.6	7461933.0	0.0	0.0	100.0	Other
674389.6	7462133.0	0.0	0.0	100.0	Other
674389.6	7462333.0	0.0	0.0	100.0	Other
674389.6	7462533.0	0.0	0.0	100.0	Other
674389.6	7462733.0	0.0	0.0	100.0	Other
674389.6	7462933.0	0.0	0.0	100.0	Other
674389.6	7463133.0	0.0	0.0	100.0	Other
674389.6	7463333.0	0.0	0.0	100.0	Other
674389.6	7463533.0	0.0	0.0	100.0	Other
674389.6	7463733.0	0.0	0.0	100.0	Other
674389.6	7463933.0	0.0	0.0	100.0	Other
674389.6	7464133.0	0.0	0.0	100.0	Other
674389.6	7464333.0	0.0	0.0	100.0	Other
674389.6	7464533.0	28.1	0.0	71.9	Urban
674389.6	7464733.0	91.7	0.0	8.3	Urban
674389.6	7464933.0	73.0	0.0	27.0	Urban
674389.6	7465133.0	54.0	0.0	46.0	Urban
674389.6	7465333.0	64.5	0.0	35.5	Urban
674389.6	7465533.0	81.5	0.0	18.5	Urban
674389.6	7465733.0	94.2	0.0	5.8	Urban
674389.6	7465933.0	98.4	0.0	1.6	Urban
674389.6	7466133.0	83.3	0.0	16.7	Urban
674389.6	7466333.0	48.0	0.0	52.0	Urban
674389.6	7466533.0	92.4	0.0	7.6	Urban
674389.6	7466733.0	98.4	0.0	1.6	Urban
674389.6	7466933.0	98.0	0.0	2.0	Urban
674389.6	7467133.0	95.3	0.0	4.7	Urban
674389.6	7467333.0	79.3	0.0	20.7	Urban
674389.6	7467533.0	96.0	0.0	4.0	Urban
674389.6	7467733.0	93.5	0.0	6.5	Urban
674389.6	7467933.0	97.6	0.0	2.4	Urban
674389.6	7468133.0	99.8	0.0	0.2	Urban
674389.6	7468333.0	99.3	0.0	0.7	Urban
674389.6	7468533.0	97.5	0.0	2.5	Urban
674389.6	7468733.0	99.3	0.0	0.7	Urban
674389.6	7468933.0	96.2	0.0	3.8	Urban
674389.6	7469133.0	99.5	0.0	0.5	Urban
674389.6	7469333.0	97.6	0.0	2.4	Urban
674389.6	7469533.0	99.6	0.0	0.4	Urban
674389.6	7469733.0	98.7	0.0	1.3	Urban
674389.6	7469933.0	85.0	0.0	15.0	Urban
674389.6	7470133.0	88.6	0.0	11.4	Urban
674389.6	7470333.0	98.9	0.0	1.1	Urban
674389.6	7470533.0	68.9	0.0	31.1	Urban
674389.6	7470733.0	0.9	0.0	99.1	Other
674389.6	7470933.0	4.7	0.0	95.3	Other
674389.6	7471133.0	0.7	0.0	99.3	Other
674389.6	7471333.0	0.0	0.0	100.0	Other
674389.6	7471533.0	35.5	0.0	64.5	Urban
674389.6	7471733.0	91.3	0.0	8.7	Urban
674589.6	7451933.0	0.0	100.0	0.0	Water
674589.6	7452133.0	0.0	100.0	0.0	Water
674589.6	7452333.0	0.0	100.0	0.0	Water
674589.6	7452533.0	0.0	100.0	0.0	Water
674589.6	7452733.0	0.0	100.0	0.0	Water
674589.6	7452933.0	0.0	100.0	0.0	Water
674589.6	7453133.0	0.0	100.0	0.0	Water
674589.6	7453333.0	0.0	100.0	0.0	Water
674589.6	7453533.0	0.0	97.3	2.7	Water
674589.6	7453733.0	17.9	59.4	22.6	Water
674589.6	7453933.0	49.8	42.2	8.0	Urban
674589.6	7454133.0	48.4	42.2	9.4	Urban
674589.6	7454333.0	78.8	0.0	21.2	Urban
674589.6	7454533.0	71.6	0.0	28.4	Urban
674589.6	7454733.0	34.6	0.0	65.4	Urban
674589.6	7454933.0	3.6	0.0	96.4	Other
674589.6	7455133.0	0.0	0.0	100.0	Other
674589.6	7455333.0	0.0	0.0	100.0	Other
674589.6	7455533.0	0.0	0.0	100.0	Other
674589.6	7455733.0	0.0	0.0	100.0	Other
674589.6	7455933.0	0.0	0.0	100.0	Other
674589.6	7456133.0	0.4	0.0	99.6	Other
674589.6	7456333.0	0.0	0.0	100.0	Other
674589.6	7456533.0	14.7	0.0	85.3	Other
674589.6	7456733.0	69.4	0.0	30.6	Urban
674589.6	7456933.0	24.8	0.0	75.2	Urban
674589.6	7457133.0	0.4	0.2	99.5	Other
674589.6	7457333.0	8.0	0.0	92.0	Other
674589.6	7457533.0	0.9	0.0	99.1	Other
674589.6	7457733.0	17.6	0.0	82.4	Other
674589.6	7457933.0	0.0	0.0	100.0	Other
674589.6	7458133.0	0.2	0.0	99.8	Other
674589.6	7458333.0	0.3	0.0	99.7	Other
674589.6	7458533.0	3.8	0.0	96.2	Other
674589.6	7458733.0	7.2	0.0	92.8	Other
674589.6	7458933.0	13.6	0.0	86.4	Other
674589.6	7459133.0	1.1	0.0	98.9	Other
674589.6	7459333.0	0.0	0.0	100.0	Other
674589.6	7459533.0	0.0	0.0	100.0	Other
674589.6	7459733.0	0.0	0.0	100.0	Other
674589.6	7459933.0	0.0	0.0	100.0	Other
674589.6	7460133.0	0.0	0.0	100.0	Other
674589.6	7460333.0	0.0	0.0	100.0	Other
674589.6	7460533.0	0.0	0.0	100.0	Other
674589.6	7460733.0	0.0	0.0	100.0	Other
674589.6	7460933.0	0.0	0.0	100.0	Other
674589.6	7461133.0	0.0	0.0	100.0	Other
674589.6	7461333.0	0.0	0.0	100.0	Other
674589.6	7461533.0	0.0	0.0	100.0	Other
674589.6	7461733.0	0.0	0.0	100.0	Other
674589.6	7461933.0	0.0	0.0	100.0	Other
674589.6	7462133.0	0.0	0.0	100.0	Other
674589.6	7462333.0	0.0	0.0	100.0	Other
674589.6	7462533.0	0.0	0.0	100.0	Other
674589.6	7462733.0	0.0	0.0	100.0	Other
674589.6	7462933.0	0.0	0.0	100.0	Other
674589.6	7463133.0	0.0	0.0	100.0	Other
674589.6	7463333.0	0.0	0.0	100.0	Other
674589.6	7463533.0	0.0	0.0	100.0	Other
674589.6	7463733.0	0.0	0.0	100.0	Other
674589.6	7463933.0	0.0	0.0	100.0	Other
674589.6	7464133.0	0.0	0.0	100.0	Other
674589.6	7464333.0	0.2	0.0	99.8	Other
674589.6	7464533.0	35.5	0.0	64.5	Urban
674589.6	7464733.0	63.9	0.0	36.1	Urban
674589.6	7464933.0	64.9	0.0	35.1	Urban
674589.6	7465133.0	43.7	0.0	56.3	Urban
674589.6	7465333.0	46.6	0.0	53.4	Urban
674589.6	7465533.0	88.4	0.0	11.6	Urban
674589.6	7465733.0	99.5	0.0	0.5	Urban
674589.6	7465933.0	97.8	0.0	2.2	Urban
674589.6	7466133.0	99.5	0.0	0.5	Urban
674589.6	7466333.0	100.0	0.0	0.0	Urban
674589.6	7466533.0	100.0	0.0	0.0	Urban
674589.6	7466733.0	99.5	0.0	0.5	Urban
674589.6	7466933.0	99.3	0.0	0.7	Urban
674589.6	7467133.0	99.8	0.0	0.2	Urban
674589.6	7467333.0	97.1	0.0	2.9	Urban
674589.6	7467533.0	96.0	0.0	4.0	Urban
674589.6	7467733.0	99.1	0.0	0.9	Urban
674589.6	7467933.0	99.6	0.0	0.4	Urban
674589.6	7468133.0	98.6	0.0	1.4	Urban
674589.6	7468333.0	98.2	0.0	1.8	Urban
674589.6	7468533.0	99.6	0.0	0.4	Urban
674589.6	7468733.0	98.0	0.0	2.0	Urban
674589.6	7468933.0	99.6	0.0	0.4	Urban
674589.6	7469133.0	99.6	0.0	0.4	Urban
674589.6	7469333.0	100.0	0.0	0.0	Urban
674589.6	7469533.0	100.0	0.0	0.0	Urban
674589.6	7469733.0	99.6	0.0	0.4	Urban
674589.6	7469933.0	98.2	0.0	1.8	Urban
674589.6	7470133.0	93.2	0.0	6.8	Urban
674589.6	7470333.0	90.0	0.0	10.0	Urban
674589.6	7470533.0	63.4	0.0	36.6	Urban
674589.6	7470733.0	7.1	0.0	92.9	Other
674589.6	7470933.0	0.0	0.0	100.0	Other
674589.6	7471133.0	0.0	0.0	100.0	Other
674589.6	7471333.0	0.0	0.0	100.0	Other
674589.6	7471533.0	37.3	0.0	62.7	Urban
674589.6	7471733.0	86.4	0.0	13.6	Urban
674789.6	7451933.0	0.0	100.0	0.0	Water
674789.6	7452133.0	0.0	100.0	0.0	Water
674789.6	7452333.0	0.0	100.0	0.0	Water
674789.6	7452533.0	0.0	100.0	0.0	Water
674789.6	7452733.0	0.0	100.0	0.0	Water
674789.6	7452933.0	0.0	100.0	0.0	Water
674789.6	7453133.0	0.0	100.0	0.0	Water
674789.6	7453333.0	0.0	100.0	0.0	Water
674789.6	7453533.0	0.0	94.2	5.8	Water
674789.6	7453733.0	34.2	0.5	65.2	Urban
674789.6	7453933.0	19.4	11.8	68.8	Other
674789.6	7454133.0	21.6	40.0	38.4	Urban
674789.6	7454333.0	36.1	0.0	63.9	Urban
674789.6	7454533.0	90.6	0.0	9.4	Urban
674789.6	7454733.0	31.9	0.0	68.1	Urban
674789.6	7454933.0	0.0	0.0	100.0	Other
674789.6	7455133.0	0.0	0.0	100.0	Other
674789.6	7455333.0	0.0	0.0	100.0	Other
674789.6	7455533.0	0.0	0.0	100.0	Other
674789.6	7455733.0	0.0	0.0	100.0	Other
674789.6	7455933.0	0.0	0.0	100.0	Other
674789.6	7456133.0	0.2	0.0	99.8	Other
674789.6	7456333.0	0.0	0.0	100.0	Other
674789.6	7456533.0	17.9	0.0	82.1	Other
674789.6	7456733.0	68.3	0.0	31.7	Urban
674789.6	7456933.0	28.6	0.0	71.4	Urban
674789.6	7457133.0	0.0	0.0	100.0	Other
674789.6	7457333.0	6.7	0.0	93.3	Other
674789.6	7457533.0	23.4	0.0	76.6	Urban
674789.6	7457733.0	28.6	0.0	71.4	Urban
674789.6	7457933.0	0.0	0.0	100.0	Other
674789.6	7458133.0	0.0	0.0	100.0	Other
674789.6	7458333.0	0.0	0.0	100.0	Other
674789.6	7458533.0	0.0	0.0	100.0	Other
674789.6	7458733.0	1.4	0.0	98.6	Other
674789.6	7458933.0	0.5	0.0	99.5	Other
674789.6	7459133.0	0.7	0.0	99.3	Other
674789.6	7459333.0	0.0	0.0	100.0	Other
674789.6	7459533.0	0.0	0.0	100.0	Other
674789.6	7459733.0	0.0	0.0	100.0	Other
674789.6	7459933.0	0.0	0.0	100.0	Other
674789.6	7460133.0	0.0	0.0	100.0	Other
674789.6	7460333.0	0.0	0.0	100.0	Other
674789.6	7460533.0	0.0	0.0	100.0	Other
674789.6	7460733.0	0.0	0.0	100.0	Other
674789.6	7460933.0	0.0	0.0	100.0	Other
674789.6	7461133.0	0.0	0.0	100.0	Other
674789.6	7461333.0	0.0	0.0	100.0	Other
674789.6	7461533.0	0.0	0.0	100.0	Other
674789.6	7461733.0	0.0	0.0	100.0	Other
674789.6	7461933.0	0.0	0.0	100.0	Other
674789.6	7462133.0	0.0	0.0	100.0	Other
674789.6	7462333.0	0.0	0.0	100.0	Other
674789.6	7462533.0	0.0	0.0	100.0	Other
674789.6	7462733.0	0.0	0.0	100.0	Other
674789.6	7462933.0	0.0	0.0	100.0	Other
674789.6	7463133.0	0.0	0.0	100.0	Other
674789.6	7463333.0	0.0	0.0	100.0	Other
674789.6	7463533.0	0.0	0.0	100.0	Other
674789.6	7463733.0	0.0	0.0	100.0	Other
674789.6	7463933.0	3.3	0.0	96.7	Other
674789.6	7464133.0	1.6	0.0	98.4	Other
674789.6	7464333.0	0.0	0.0	100.0	Other
674789.6	7464533.0	25.2	0.0	74.8	Urban
674789.6	7464733.0	3.6	0.0	96.4	Other
674789.6	7464933.0	24.5	0.0	75.5	Urban
674789.6	7465133.0	60.9	0.0	39.1	Urban
674789.6	7465333.0	47.1	0.0	52.9	Urban
674789.6	7465533.0	55.3	0.0	44.7	Urban
674789.6	7465733.0	87.9	0.0	12.1	Urban
674789.6	7465933.0	96.3	0.0	3.7	Urban
674789.6	7466133.0	100.0	0.0	0.0	Urban
674789.6	7466333.0	100.0	0.0	0.0	Urban
674789.6	7466533.0	100.0	0.0	0.0	Urban
674789.6	7466733.0	100.0	0.0	0.0	Urban
674789.6	7466933.0	100.0	0.0	0.0	Urban
674789.6	7467133.0	97.6	0.0	2.4	Urban
674789.6	7467333.0	99.3	0.0	0.7	Urban
674789.6	7467533.0	99.1	0.0	0.9	Urban
674789.6	7467733.0	99.3	0.0	0.7	Urban
674789.6	7467933.0	99.1	0.0	0.9	Urban
674789.6	7468133.0	99.1	0.0	0.9	Urban
674789.6	7468333.0	98.9	0.0	1.1	Urban
674789.6	7468533.0	100.0	0.0	0.0	Urban
674789.6	7468733.0	100.0	0.0	0.0	Urban
674789.6	7468933.0	100.0	0.0	0.0	Urban
674789.6	7469133.0	97.1	0.0	2.9	Urban
674789.6	7469333.0	99.1	0.0	0.9	Urban
674789.6	7469533.0	94.9	0.0	5.1	Urban
674789.6	7469733.0	100.0	0.0	0.0	Urban
674789.6	7469933.0	97.1	0.0	2.9	Urban
674789.6	7470133.0	94.9	0.0	5.1	Urban
674789.6	7470333.0	89.7	0.0	10.3	Urban
674789.6	7470533.0	98.0	0.0	2.0	Urban
674789.6	7470733.0	42.2	0.0	57.8	Urban
674789.6	7470933.0	5.1	0.0	94.9	Other
674789.6	7471133.0	2.4	0.0	97.6	Other
674789.6	7471333.0	6.2	0.0	93.8	Other
674789.6	7471533.0	6.9	0.0	93.1	Other
674789.6	7471733.0	37.1	0.0	62.9	Urban
674989.6	7451933.0	0.0	100.0	0.0	Water
674989.6	7452133.0	0.0	100.0	0.0	Water
674989.6	7452333.0	0.0	100.0	0.0	Water
674989.6	7452533.0	0.0	100.0	0.0	Water
674989.6	7452733.0	0.0	100.0	0.0	Water
674989.6	7452933.0	0.0	100.0	0.0	Water
674989.6	7453133.0	0.0	100.0	0.0	Water
674989.6	7453333.0	0.0	100.0	0.0	Water
674989.6	7453533.0	0.0	99.5	0.5	Water
674989.6	7453733.0	4.3	56.7	39.0	Water
674989.6	7453933.0	35.3	0.4	64.3	Urban
674989.6	7454133.0	30.3	0.0	69.7	Urban
674989.6	7454333.0	42.0	0.0	58.0	Urban
674989.6	7454533.0	34.4	0.0	65.6	Urban
674989.6	7454733.0	4.5	0.0	95.5	Other
674989.6	7454933.0	0.0	0.0	100.0	Other
674989.6	7455133.0	0.0	0.0	100.0	Other
674989.6	7455333.0	0.0	0.0	100.0	Other
674989.6	7455533.0	0.0	0.0	100.0	Other
674989.6	7455733.0	0.0	0.0	100.0	Other
674989.6	7455933.0	0.0	0.0	100.0	Other
674989.6	7456133.0	0.0	0.0	100.0	Other
674989.6	7456333.0	0.0	0.0	100.0	Other
674989.6	7456533.0	0.0	0.0	100.0	Other
674989.6	7456733.0	39.3	0.0	60.7	Urban
674989.6	7456933.0	15.2	0.0	84.8	Other
674989.6	7457133.0	0.0	0.0	100.0	Other
674989.6	7457333.0	19.4	0.0	80.6	Other
674989.6	7457533.0	1.6	0.0	98.4	Other
674989.6	7457733.0	13.8	0.0	86.2	Other
674989.6	7457933.0	8.9	0.0	91.1	Other
674989.6	7458133.0	1.0	0.0	99.0	Other
674989.6	7458333.0	0.0	0.0	100.0	Other
674989.6	7458533.0	0.2	0.0	99.8	Other
674989.6	7458733.0	7.1	0.0	92.9	Other
674989.6	7458933.0	0.7	0.0	99.3	Other
674989.6	7459133.0	0.0	0.0	100.0	Other
674989.6	7459333.0	0.0	0.0	100.0	Other
674989.6	7459533.0	0.0	0.0	100.0	Other
674989.6	7459733.0	0.0	0.0	100.0	Other
674989.6	7459933.0	0.0	0.0	100.0	Other
674989.6	7460133.0	0.0	0.0	100.0	Other
674989.6	7460333.0	0.0	0.0	100.0	Other
674989.6	7460533.0	0.0	0.0	100.0	Other
674989.6	7460733.0	0.0	0.0	100.0	Other
674989.6	7460933.0	0.0	0.0	100.0	Other
674989.6	7461133.0	0.0	0.0	100.0	Other
674989.6	7461333.0	0.0	0.0	100.0	Other
674989.6	7461533.0	0.0	0.0	100.0	Other
674989.6	7461733.0	0.0	0.0	100.0	Other
674989.6	7461933.0	0.0	0.0	100.0	Other
674989.6	7462133.0	0.0	0.0	100.0	Other
674989.6	7462333.0	0.0	0.0	100.0	Other
674989.6	7462533.0	0.0	0.0	100.0	Other
674989.6	7462733.0	0.0	0.0	100.0	Other
674989.6	7462933.0	0.0	0.0	100.0	Other
674989.6	7463133.0	0.0	0.0	100.0	Other
674989.6	7463333.0	0.0	0.0	100.0	Other
674989.6	7463533.0	0.0	0.0	100.0	Other
674989.6	7463733.0	0.9	0.0	99.1	Other
674989.6	7463933.0	7.1	0.0	92.9	Other
674989.6	7464133.0	0.0	0.0	100.0	Other
674989.6	7464333.0	0.0	0.0	100.0	Other
674989.6	7464533.0	0.0	0.0	100.0	Other
674989.6	7464733.0	0.0	0.0	100.0	Other
674989.6	7464933.0	64.5	0.0	35.5	Urban
674989.6	7465133.0	83.5	0.0	16.5	Urban
674989.6	7465333.0	85.7	0.0	14.3	Urban
674989.6	7465533.0	57.6	0.0	42.4	Urban
674989.6	7465733.0	81.4	0.0	18.6	Urban
674989.6	7465933.0	89.7	0.0	10.3	Urban
674989.6	7466133.0	92.4	0.0	7.6	Urban
674989.6	7466333.0	93.2	0.0	6.8	Urban
674989.6	7466533.0	91.1	0.0	8.9	Urban
674989.6	7466733.0	97.8	0.0	2.2	Urban
674989.6	7466933.0	99.1	0.0	0.9	Urban
674989.6	7467133.0	98.2	0.0	1.8	Urban
674989.6	7467333.0	91.3	0.0	8.7	Urban
674989.6	7467533.0	99.2	0.0	0.8	Urban
674989.6	7467733.0	93.4	0.0	6.6	Urban
674989.6	7467933.0	96.7	0.0	3.3	Urban
674989.6	7468133.0	98.5	0.0	1.5	Urban
674989.6	7468333.0	98.4	0.0	1.6	Urban
674989.6	7468533.0	100.0	0.0	0.0	Urban
674989.6	7468733.0	99.6	0.0	0.4	Urban
674989.6	7468933.0	98.4	0.0	1.6	Urban
674989.6	7469133.0	97.6	0.0	2.4	Urban
674989.6	7469333.0	87.3	0.0	12.7	Urban
674989.6	7469533.0	87.3	0.0	12.7	Urban
674989.6	7469733.0	100.0	0.0	0.0	Urban
674989.6	7469933.0	91.5	0.0	8.5	Urban
674989.6	7470133.0	93.5	0.0	6.5	Urban
674989.6	7470333.0	99.5	0.0	0.5	Urban
674989.6	7470533.0	100.0	0.0	0.0	Urban
674989.6	7470733.0	79.3	0.0	20.7	Urban
674989.6	7470933.0	35.5	24.1	40.4	Urban
674989.6	7471133.0	40.4	1.3	58.3	Urban
674989.6	7471333.0	47.5	0.0	52.5	Urban
674989.6	7471533.0	0.0	0.0	100.0	Other
674989.6	7471733.0	11.8	0.0	88.2	Other
675189.6	7451933.0	0.0	100.0	0.0	Water
675189.6	7452133.0	0.0	100.0	0.0	Water
675189.6	7452333.0	0.0	100.0	0.0	Water
675189.6	7452533.0	0.0	100.0	0.0	Water
675189.6	7452733.0	0.0	100.0	0.0	Water
675189.6	7452933.0	0.0	100.0	0.0	Water
675189.6	7453133.0	0.0	100.0	0.0	Water
675189.6	7453333.0	0.0	100.0	0.0	Water
675189.6	7453533.0	0.0	100.0	0.0	Water
675189.6	7453733.0	0.0	94.5	5.5	Water
675189.6	7453933.0	27.4	3.8	68.8	Urban
675189.6	7454133.0	38.2	0.0	61.8	Urban
675189.6	7454333.0	26.7	0.0	73.3	Urban
675189.6	7454533.0	8.2	0.0	91.8	Other
675189.6	7454733.0	0.0	0.0	100.0	Other
675189.6	7454933.0	0.0	0.0	100.0	Other
675189.6	7455133.0	0.0	0.0	100.0	Other
675189.6	7455333.0	0.0	0.0	100.0	Other
675189.6	7455533.0	0.0	0.0	100.0	Other
675189.6	7455733.0	0.0	0.0	100.0	Other
675189.6	7455933.0	0.0	0.0	100.0	Other
675189.6	7456133.0	0.0	0.0	100.0	Other
675189.6	7456333.0	0.0	0.0	100.0	Other
675189.6	7456533.0	0.0	0.0	100.0	Other
675189.6	7456733.0	0.0	0.0	100.0	Other
675189.6	7456933.0	0.0	0.0	100.0	Other
675189.6	7457133.0	0.0	0.0	100.0	Other
675189.6	7457333.0	0.0	0.0	100.0	Other
675189.6	7457533.0	0.0	0.0	100.0	Other
675189.6	7457733.0	2.6	0.0	97.4	Other
675189.6	7457933.0	2.4	0.0	97.6	Other
675189.6	7458133.0	0.0	0.0	100.0	Other
675189.6	7458333.0	0.2	0.0	99.8	Other
675189.6	7458533.0	0.4	0.0	99.6	Other
675189.6	7458733.0	2.4	0.0	97.6	Other
675189.6	7458933.0	0.2	0.0	99.8	Other
675189.6	7459133.0	0.0	0.0	100.0	Other
675189.6	7459333.0	0.0	0.0	100.0	Other
675189.6	7459533.0	0.4	0.0	99.6	Other
675189.6	7459733.0	0.0	0.0	100.0	Other
675189.6	7459933.0	0.0	0.0	100.0	Other
675189.6	7460133.0	0.0	0.0	100.0	Other
675189.6	7460333.0	0.0	0.0	100.0	Other
675189.6	7460533.0	0.0	0.0	100.0	Other
675189.6	7460733.0	0.0	0.0	100.0	Other
675189.6	7460933.0	0.0	0.0	100.0	Other
675189.6	7461133.0	0.0	0.0	100.0	Other
675189.6	7461333.0	0.0	0.0	100.0	Other
675189.6	7461533.0	0.0	0.0	100.0	Other
675189.6	7461733.0	0.0	0.0	100.0	Other
675189.6	7461933.0	0.0	0.0	100.0	Other
675189.6	7462133.0	0.0	0.0	100.0	Other
675189.6	7462333.0	0.0	0.0	100.0	Other
675189.6	7462533.0	0.0	0.0	100.0	Other
675189.6	7462733.0	0.0	0.0	100.0	Other
675189.6	7462933.0	0.0	0.0	100.0	Other
675189.6	7463133.0	0.0	0.0	100.0	Other
675189.6	7463333.0	0.0	0.0	100.0	Other
675189.6	7463533.0	0.0	0.0	100.0	Other
675189.6	7463733.0	6.0	0.0	94.0	Other
675189.6	7463933.0	8.7	0.0	91.3	Other
675189.6	7464133.0	0.0	0.0	100.0	Other
675189.6	7464333.0	0.0	0.0	100.0	Other
675189.6	7464533.0	0.0	0.0	100.0	Other
675189.6	7464733.0	0.0	0.0	100.0	Other
675189.6	7464933.0	5.6	0.0	94.4	Other
675189.6	7465133.0	5.3	0.0	94.7	Other
675189.6	7465333.0	66.3	0.0	33.7	Urban
675189.6	7465533.0	90.4	0.0	9.6	Urban
675189.6	7465733.0	98.2	0.0	1.8	Urban
675189.6	7465933.0	99.1	0.0	0.9	Urban
675189.6	7466133.0	96.9	0.0	3.1	Urban
675189.6	7466333.0	83.5	0.0	16.5	Urban
675189.6	7466533.0	65.6	0.0	34.4	Urban
675189.6	7466733.0	76.8	0.0	23.2	Urban
675189.6	7466933.0	89.5	0.0	10.5	Urban
675189.6	7467133.0	85.9	0.0	14.1	Urban
675189.6	7467333.0	82.4	0.0	17.6	Urban
675189.6	7467533.0	98.9	0.0	1.1	Urban
675189.6	7467733.0	87.7	0.0	12.3	Urban
675189.6	7467933.0	82.6	2.0	15.4	Urban
675189.6	7468133.0	95.1	0.0	4.9	Urban
675189.6	7468333.0	99.8	0.0	0.2	Urban
675189.6	7468533.0	96.9	0.0	3.1	Urban
675189.6	7468733.0	89.2	0.0	10.8	Urban
675189.6	7468933.0	98.5	0.0	1.5	Urban
675189.6	7469133.0	99.5	0.0	0.5	Urban
675189.6	7469333.0	97.8	0.0	2.2	Urban
675189.6	7469533.0	62.5	0.0	37.5	Urban
675189.6	7469733.0	97.3	0.0	2.7	Urban
675189.6	7469933.0	82.6	0.0	17.4	Urban
675189.6	7470133.0	89.6	0.0	10.4	Urban
675189.6	7470333.0	100.0	0.0	0.0	Urban
675189.6	7470533.0	100.0	0.0	0.0	Urban
675189.6	7470733.0	56.1	0.0	43.9	Urban
675189.6	7470933.0	17.4	42.1	40.5	Other
675189.6	7471133.0	11.2	3.8	85.0	Other
675189.6	7471333.0	17.0	0.0	83.0	Other
675189.6	7471533.0	0.0	0.0	100.0	Other
675189.6	7471733.0	1.0	0.0	99.0	Other
675389.6	7451933.0	0.0	100.0	0.0	Water
675389.6	7452133.0	0.0	100.0	0.0	Water
675389.6	7452333.0	0.0	100.0	0.0	Water
675389.6	7452533.0	0.0	100.0	0.0	Water
675389.6	7452733.0	0.0	100.0	0.0	Water
675389.6	7452933.0	0.0	100.0	0.0	Water
675389.6	7453133.0	0.0	100.0	0.0	Water
675389.6	7453333.0	0.0	100.0	0.0	Water
675389.6	7453533.0	0.0	100.0	0.0	Water
675389.6	7453733.0	1.6	81.5	16.8	Water
675389.6	7453933.0	39.3	1.6	59.1	Urban
675389.6	7454133.0	34.6	0.0	65.4	Urban
675389.6	7454333.0	41.4	0.0	58.6	Urban
675389.6	7454533.0	16.1	0.0	83.9	Other
675389.6	7454733.0	0.0	0.0	100.0	Other
675389.6	7454933.0	0.0	0.0	100.0	Other
675389.6	7455133.0	0.0	0.0	100.0	Other
675389.6	7455333.0	0.0	0.0	100.0	Other
675389.6	7455533.0	0.0	0.0	100.0	Other
675389.6	7455733.0	0.0	0.0	100.0	Other
675389.6	7455933.0	0.0	0.0	100.0	Other
675389.6	7456133.0	0.0	0.0	100.0	Other
675389.6	7456333.0	0.0	0.0	100.0	Other
675389.6	7456533.0	0.0	0.0	100.0	Other
675389.6	7456733.0	0.0	0.0	100.0	Other
675389.6	7456933.0	0.0	0.0	100.0	Other
675389.6	7457133.0	0.0	0.0	100.0	Other
675389.6	7457333.0	0.0	0.0	100.0	Other
675389.6	7457533.0	0.0	0.0	100.0	Other
675389.6	7457733.0	0.0	0.0	100.0	Other
675389.6	7457933.0	0.9	0.0	99.1	Other
675389.6	7458133.0	0.0	0.0	100.0	Other
675389.6	7458333.0	0.0	0.0	100.0	Other
675389.6	7458533.0	0.0	0.0	100.0	Other
675389.6	7458733.0	0.0	0.0	100.0	Other
675389.6	7458933.0	0.0	0.0	100.0	Other
675389.6	7459133.0	0.0	0.0	100.0	Other
675389.6	7459333.0	0.0	0.0	100.0	Other
675389.6	7459533.0	1.8	0.0	98.2	Other
675389.6	7459733.0	0.0	0.0	100.0	Other
675389.6	7459933.0	0.0	0.0	100.0	Other
675389.6	7460133.0	0.0	0.0	100.0	Other
675389.6	7460333.0	0.0	0.0	100.0	Other
675389.6	7460533.0	0.0	0.0	100.0	Other
675389.6	7460733.0	0.0	0.0	100.0	Other
675389.6	7460933.0	0.0	0.0	100.0	Other
675389.6	7461133.0	0.0	0.0	100.0	Other
675389.6	7461333.0	0.0	0.0	100.0	Other
675389.6	7461533.0	0.0	0.0	100.0	Other
675389.6	7461733.0	0.0	0.0	100.0	Other
675389.6	7461933.0	0.0	0.0	100.0	Other
675389.6	7462133.0	0.0	0.0	100.0	Other
675389.6	7462333.0	0.0	0.0	100.0	Other
675389.6	7462533.0	0.0	0.0	100.0	Other
675389.6	7462733.0	0.0	0.0	100.0	Other
675389.6	7462933.0	0.0	0.0	100.0	Other
675389.6	7463133.0	0.0	0.0	100.0	Other
675389.6	7463333.0	0.0	0.0	100.0	Other
675389.6	7463533.0	0.0	0.0	100.0	Other
675389.6	7463733.0	7.2	0.0	92.8	Other
675389.6	7463933.0	0.4	0.0	99.6	Other
675389.6	7464133.0	0.0	0.0	100.0	Other
675389.6	7464333.0	0.0	0.0	100.0	Other
675389.6	7464533.0	0.0	0.0	100.0	Other
675389.6	7464733.0	0.0	0.0	100.0	Other
675389.6	7464933.0	0.0	0.0	100.0	Other
675389.6	7465133.0	33.0	0.0	67.0	Urban
675389.6	7465333.0	79.5	0.0	20.5	Urban
675389.6	7465533.0	95.3	0.0	4.7	Urban
675389.6	7465733.0	99.5	0.0	0.5	Urban
675389.6	7465933.0	99.6	0.0	0.4	Urban
675389.6	7466133.0	96.7	0.0	3.3	Urban
675389.6	7466333.0	89.1	0.0	10.9	Urban
675389.6	7466533.0	92.0	0.0	8.0	Urban
675389.6	7466733.0	83.2	0.0	16.8	Urban
675389.6	7466933.0	96.2	0.0	3.8	Urban
675389.6	7467133.0	94.9	0.0	5.1	Urban
675389.6	7467333.0	76.4	0.0	23.6	Urban
675389.6	7467533.0	94.3	0.0	5.7	Urban
675389.6	7467733.0	97.5	0.0	2.5	Urban
675389.6	7467933.0	91.5	0.7	7.8	Urban
675389.6	7468133.0	99.6	0.0	0.4	Urban
675389.6	7468333.0	100.0	0.0	0.0	Urban
675389.6	7468533.0	94.2	0.0	5.8	Urban
675389.6	7468733.0	94.9	0.0	5.1	Urban
675389.6	7468933.0	99.3	0.0	0.7	Urban
675389.6	7469133.0	99.8	0.0	0.2	Urban
675389.6	7469333.0	99.8	0.0	0.2	Urban
675389.6	7469533.0	83.2	0.0	16.8	Urban
675389.6	7469733.0	85.0	0.0	15.0	Urban
675389.6	7469933.0	83.2	0.0	16.8	Urban
675389.6	7470133.0	73.2	0.0	26.8	Urban
675389.6	7470333.0	87.1	0.0	12.9	Urban
675389.6	7470533.0	97.2	0.0	2.8	Urban
675389.6	7470733.0	65.0	0.0	35.0	Urban
675389.6	7470933.0	27.2	10.9	62.0	Urban
675389.6	7471133.0	24.8	3.3	71.9	Urban
675389.6	7471333.0	18.5	0.0	81.5	Other
675389.6	7471533.0	0.0	0.0	100.0	Other
675389.6	7471733.0	6.0	0.0	94.0	Other
675589.6	7451933.0	0.0	100.0	0.0	Water
675589.6	7452133.0	0.0	100.0	0.0	Water
675589.6	7452333.0	0.0	100.0	0.0	Water
675589.6	7452533.0	0.0	100.0	0.0	Water
675589.6	7452733.0	0.0	100.0	0.0	Water
675589.6	7452933.0	0.0	100.0	0.0	Water
675589.6	7453133.0	0.0	100.0	0.0	Water
675589.6	7453333.0	0.0	100.0	0.0	Water
675589.6	7453533.0	0.0	100.0	0.0	Water
675589.6	7453733.0	17.8	62.5	19.7	Water
675589.6	7453933.0	0.9	47.5	51.7	Other
675589.6	7454133.0	0.0	69.9	30.1	Water
675589.6	7454333.0	10.0	64.9	25.2	Water
675589.6	7454533.0	10.3	8.9	80.8	Other
675589.6	7454733.0	0.0	0.0	100.0	Other
675589.6	7454933.0	0.0	0.0	100.0	Other
675589.6	7455133.0	0.0	0.0	100.0	Other
675589.6	7455333.0	0.0	0.0	100.0	Other
675589.6	7455533.0	0.0	0.0	100.0	Other
675589.6	7455733.0	0.0	0.0	100.0	Other
675589.6	7455933.0	0.0	0.0	100.0	Other
675589.6	7456133.0	0.0	0.0	100.0	Other
675589.6	7456333.0	0.0	0.0	100.0	Other
675589.6	7456533.0	0.0	0.0	100.0	Other
675589.6	7456733.0	0.0	0.0	100.0	Other
675589.6	7456933.0	0.0	0.0	100.0	Other
675589.6	7457133.0	0.0	0.0	100.0	Other
675589.6	7457333.0	0.0	0.0	100.0	Other
675589.6	7457533.0	0.0	0.0	100.0	Other
675589.6	7457733.0	0.0	0.0	100.0	Other
675589.6	7457933.0	0.2	0.0	99.8	Other
675589.6	7458133.0	16.3	0.0	83.7	Other
675589.6	7458333.0	5.9	0.0	94.1	Other
675589.6	7458533.0	0.0	0.0	100.0	Other
675589.6	7458733.0	0.0	0.0	100.0	Other
675589.6	7458933.0	0.0	0.0	100.0	Other
675589.6	7459133.0	0.0	0.0	100.0	Other
675589.6	7459333.0	0.0	0.0	100.0	Other
675589.6	7459533.0	0.0	0.0	100.0	Other
675589.6	7459733.0	0.0	0.0	100.0	Other
675589.6	7459933.0	0.0	0.0	100.0	Other
675589.6	7460133.0	0.0	0.0	100.0	Other
675589.6	7460333.0	0.0	0.0	100.0	Other
675589.6	7460533.0	0.0	0.0	100.0	Other
675589.6	7460733.0	0.0	0.0	100.0	Other
675589.6	7460933.0	0.0	0.0	100.0	Other
675589.6	7461133.0	0.0	0.0	100.0	Other
675589.6	7461333.0	0.0	0.0	100.0	Other
675589.6	7461533.0	0.0	0.0	100.0	Other
675589.6	7461733.0	0.0	0.0	100.0	Other
675589.6	7461933.0	0.0	0.0	100.0	Other
675589.6	7462133.0	0.0	0.0	100.0	Other
675589.6	7462333.0	0.0	0.0	100.0	Other
675589.6	7462533.0	0.0	0.0	100.0	Other
675589.6	7462733.0	0.0	0.0	100.0	Other
675589.6	7462933.0	0.0	0.0	100.0	Other
675589.6	7463133.0	0.0	0.0	100.0	Other
675589.6	7463333.0	0.0	0.0	100.0	Other
675589.6	7463533.0	0.0	0.0	100.0	Other
675589.6	7463733.0	7.2	0.0	92.8	Other
675589.6	7463933.0	0.0	0.0	100.0	Other
675589.6	7464133.0	0.0	0.0	100.0	Other
675589.6	7464333.0	0.2	0.0	99.8	Other
675589.6	7464533.0	48.9	0.0	51.1	Urban
675589.6	7464733.0	21.9	0.0	78.1	Urban
675589.6	7464933.0	3.0	0.0	97.0	Other
675589.6	7465133.0	52.2	0.0	47.8	Urban
675589.6	7465333.0	96.0	0.0	4.0	Urban
675589.6	7465533.0	99.5	0.0	0.5	Urban
675589.6	7465733.0	99.8	0.0	0.2	Urban
675589.6	7465933.0	98.0	0.0	2.0	Urban
675589.6	7466133.0	98.7	0.0	1.3	Urban
675589.6	7466333.0	96.7	0.0	3.3	Urban
675589.6	7466533.0	98.9	0.0	1.1	Urban
675589.6	7466733.0	99.8	0.0	0.2	Urban
675589.6	7466933.0	97.3	0.0	2.7	Urban
675589.6	7467133.0	92.9	0.0	7.1	Urban
675589.6	7467333.0	94.0	0.0	6.0	Urban
675589.6	7467533.0	93.5	0.0	6.5	Urban
675589.6	7467733.0	88.8	0.0	11.2	Urban
675589.6	7467933.0	99.6	0.0	0.4	Urban
675589.6	7468133.0	98.2	0.0	1.8	Urban
675589.6	7468333.0	93.1	0.0	6.9	Urban
675589.6	7468533.0	89.7	0.0	10.3	Urban
675589.6	7468733.0	100.0	0.0	0.0	Urban
675589.6	7468933.0	100.0	0.0	0.0	Urban
675589.6	7469133.0	95.8	0.0	4.2	Urban
675589.6	7469333.0	95.1	0.0	4.9	Urban
675589.6	7469533.0	96.6	0.0	3.4	Urban
675589.6	7469733.0	92.8	0.0	7.2	Urban
675589.6	7469933.0	95.8	0.0	4.2	Urban
675589.6	7470133.0	93.3	0.0	6.7	Urban
675589.6	7470333.0	99.5	0.0	0.5	Urban
675589.6	7470533.0	99.5	0.0	0.5	Urban
675589.6	7470733.0	77.5	0.0	22.5	Urban
675589.6	7470933.0	3.6	0.0	96.4	Other
675589.6	7471133.0	0.4	0.0	99.6	Other
675589.6	7471333.0	0.2	0.0	99.8	Other
675589.6	7471533.0	28.9	0.0	71.1	Urban
675589.6	7471733.0	25.7	0.0	74.3	Urban
675789.6	7451933.0	0.0	100.0	0.0	Water
675789.6	7452133.0	0.0	100.0	0.0	Water
675789.6	7452333.0	0.0	100.0	0.0	Water
675789.6	7452533.0	0.0	100.0	0.0	Water
675789.6	7452733.0	0.0	100.0	0.0	Water
675789.6	7452933.0	0.0	100.0	0.0	Water
675789.6	7453133.0	0.0	100.0	0.0	Water
675789.6	7453333.0	0.0	100.0	0.0	Water
675789.6	7453533.0	0.0	100.0	0.0	Water
675789.6	7453733.0	0.2	98.9	0.9	Water
675789.6	7453933.0	0.0	100.0	0.0	Water
675789.6	7454133.0	0.0	100.0	0.0	Water
675789.6	7454333.0	0.0	100.0	0.0	Water
675789.6	7454533.0	15.2	62.0	22.8	Water
675789.6	7454733.0	1.1	0.0	98.9	Other
675789.6	7454933.0	0.0	0.0	100.0	Other
675789.6	7455133.0	0.0	0.0	100.0	Other
675789.6	7455333.0	0.0	0.0	100.0	Other
675789.6	7455533.0	0.0	0.0	100.0	Other
675789.6	7455733.0	0.0	0.0	100.0	Other
675789.6	7455933.0	0.0	0.0	100.0	Other
675789.6	7456133.0	0.0	0.0	100.0	Other
675789.6	7456333.0	0.0	0.0	100.0	Other
675789.6	7456533.0	0.0	0.0	100.0	Other
675789.6	7456733.0	0.0	0.0	100.0	Other
675789.6	7456933.0	0.0	0.0	100.0	Other
675789.6	7457133.0	0.0	0.0	100.0	Other
675789.6	7457333.0	0.0	0.0	100.0	Other
675789.6	7457533.0	0.0	0.0	100.0	Other
675789.6	7457733.0	0.0	0.0	100.0	Other
675789.6	7457933.0	0.7	0.0	99.3	Other
675789.6	7458133.0	90.8	0.0	9.2	Urban
675789.6	7458333.0	54.3	0.0	45.7	Urban
675789.6	7458533.0	65.2	0.0	34.8	Urban
675789.6	7458733.0	36.6	0.0	63.4	Urban
675789.6	7458933.0	0.0	0.0	100.0	Other
675789.6	7459133.0	0.0	0.0	100.0	Other
675789.6	7459333.0	0.0	0.0	100.0	Other
675789.6	7459533.0	0.0	0.0	100.0	Other
675789.6	7459733.0	0.0	0.0	100.0	Other
675789.6	7459933.0	0.0	0.0	100.0	Other
675789.6	7460133.0	0.0	0.0	100.0	Other
675789.6	7460333.0	0.0	0.0	100.0	Other
675789.6	7460533.0	0.0	0.0	100.0	Other
675789.6	7460733.0	0.0	0.0	100.0	Other
675789.6	7460933.0	0.0	0.0	100.0	Other
675789.6	7461133.0	0.0	0.0	100.0	Other
675789.6	7461333.0	0.0	0.0	100.0	Other
675789.6	7461533.0	0.0	0.0	100.0	Other
675789.6	7461733.0	0.0	0.0	100.0	Other
675789.6	7461933.0	0.0	0.0	100.0	Other
675789.6	7462133.0	0.0	0.0	100.0	Other
675789.6	7462333.0	0.0	0.0	100.0	Other
675789.6	7462533.0	0.0	0.0	100.0	Other
675789.6	7462733.0	0.0	0.0	100.0	Other
675789.6	7462933.0	0.0	0.0	100.0	Other
675789.6	7463133.0	0.0	0.0	100.0	Other
675789.6	7463333.0	0.0	0.0	100.0	Other
675789.6	7463533.0	0.0	0.0	100.0	Other
675789.6	7463733.0	3.3	0.0	96.7	Other
675789.6	7463933.0	0.0	0.0	100.0	Other
675789.6	7464133.0	3.3	0.0	96.7	Other
675789.6	7464333.0	19.7	0.0	80.3	Other
675789.6	7464533.0	91.5	0.0	8.5	Urban
675789.6	7464733.0	85.1	0.0	14.9	Urban
675789.6	7464933.0	75.0	0.0	25.0	Urban
675789.6	7465133.0	83.0	0.0	17.0	Urban
675789.6	7465333.0	99.5	0.0	0.5	Urban
675789.6	7465533.0	86.6	0.0	13.4	Urban
675789.6	7465733.0	91.3	0.0	8.7	Urban
675789.6	7465933.0	98.4	0.0	1.6	Urban
675789.6	7466133.0	96.7	0.0	3.3	Urban
675789.6	7466333.0	94.5	0.0	5.5	Urban
675789.6	7466533.0	98.9	0.0	1.1	Urban
675789.6	7466733.0	99.6	0.0	0.4	Urban
675789.6	7466933.0	96.2	0.0	3.8	Urban
675789.6	7467133.0	96.6	0.0	3.4	Urban
675789.6	7467333.0	95.3	0.0	4.7	Urban
675789.6	7467533.0	92.2	0.0	7.8	Urban
675789.6	7467733.0	93.5	0.0	6.5	Urban
675789.6	7467933.0	100.0	0.0	0.0	Urban
675789.6	7468133.0	99.8	0.0	0.2	Urban
675789.6	7468333.0	94.4	0.0	5.6	Urban
675789.6	7468533.0	83.5	0.0	16.5	Urban
675789.6	7468733.0	98.4	0.0	1.6	Urban
675789.6	7468933.0	99.5	0.0	0.5	Urban
675789.6	7469133.0	99.5	0.0	0.5	Urban
675789.6	7469333.0	96.6	0.0	3.4	Urban
675789.6	7469533.0	84.4	0.0	15.6	Urban
675789.6	7469733.0	99.5	0.0	0.5	Urban
675789.6	7469933.0	99.6	0.0	0.4	Urban
675789.6	7470133.0	99.5	0.0	0.5	Urban
675789.6	7470333.0	99.7	0.0	0.3	Urban
675789.6	7470533.0	100.0	0.0	0.0	Urban
675789.6	7470733.0	100.0	0.0	0.0	Urban
675789.6	7470933.0	86.1	0.0	13.9	Urban
675789.6	7471133.0	24.6	0.0	75.4	Urban
675789.6	7471333.0	0.0	0.0	100.0	Other
675789.6	7471533.0	53.3	0.0	46.7	Urban
675789.6	7471733.0	35.7	0.0	64.3	Urban
675989.6	7451933.0	0.0	100.0	0.0	Water
675989.6	7452133.0	0.0	100.0	0.0	Water
675989.6	7452333.0	0.0	100.0	0.0	Water
675989.6	7452533.0	0.0	100.0	0.0	Water
675989.6	7452733.0	0.0	100.0	0.0	Water
675989.6	7452933.0	0.0	100.0	0.0	Water
675989.6	7453133.0	0.0	100.0	0.0	Water
675989.6	7453333.0	0.0	100.0	0.0	Water
675989.6	7453533.0	0.0	100.0	0.0	Water
675989.6	7453733.0	0.0	100.0	0.0	Water
675989.6	7453933.0	0.0	100.0	0.0	Water
675989.6	7454133.0	0.0	100.0	0.0	Water
675989.6	7454333.0	0.0	100.0	0.0	Water
675989.6	7454533.0	1.6	96.3	2.1	Water
675989.6	7454733.0	17.8	19.6	62.7	Other
675989.6	7454933.0	0.0	0.0	100.0	Other
675989.6	7455133.0	0.0	0.0	100.0	Other
675989.6	7455333.0	0.0	0.0	100.0	Other
675989.6	7455533.0	0.0	0.0	100.0	Other
675989.6	7455733.0	0.0	0.0	100.0	Other
675989.6	7455933.0	0.0	0.0	100.0	Other
675989.6	7456133.0	0.0	0.0	100.0	Other
675989.6	7456333.0	0.0	0.0	100.0	Other
675989.6	7456533.0	0.0	0.0	100.0	Other
675989.6	7456733.0	0.0	0.0	100.0	Other
675989.6	7456933.0	0.0	0.0	100.0	Other
675989.6	7457133.0	0.0	0.0	100.0	Other
675989.6	7457333.0	0.0	0.0	100.0	Other
675989.6	7457533.0	0.0	0.0	100.0	Other
675989.6	7457733.0	0.0	0.0	100.0	Other
675989.6	7457933.0	14.7	0.0	85.3	Other
675989.6	7458133.0	49.2	0.0	50.8	Urban
675989.6	7458333.0	48.9	0.0	51.1	Urban
675989.6	7458533.0	35.3	0.0	64.7	Urban
675989.6	7458733.0	14.3	0.0	85.7	Other
675989.6	7458933.0	0.0	0.0	100.0	Other
675989.6	7459133.0	0.0	0.0	100.0	Other
675989.6	7459333.0	0.0	0.0	100.0	Other
675989.6	7459533.0	0.0	0.0	100.0	Other
675989.6	7459733.0	0.0	0.0	100.0	Other
675989.6	7459933.0	0.0	0.0	100.0	Other
675989.6	7460133.0	0.0	0.0	100.0	Other
675989.6	7460333.0	0.0	0.0	100.0	Other
675989.6	7460533.0	0.0	0.0	100.0	Other
675989.6	7460733.0	0.0	0.0	100.0	Other
675989.6	7460933.0	0.0	0.0	100.0	Other
675989.6	7461133.0	0.0	0.0	100.0	Other
675989.6	7461333.0	0.0	0.0	100.0	Other
675989.6	7461533.0	0.0	0.0	100.0	Other
675989.6	7461733.0	0.0	0.0	100.0	Other
675989.6	7461933.0	0.0	0.0	100.0	Other
675989.6	7462133.0	0.0	0.0	100.0	Other
675989.6	7462333.0	0.0	0.0	100.0	Other
675989.6	7462533.0	0.0	0.0	100.0	Other
675989.6	7462733.0	0.0	0.0	100.0	Other
675989.6	7462933.0	0.0	0.0	100.0	Other
675989.6	7463133.0	0.0	0.0	100.0	Other
675989.6	7463333.0	0.0	0.0	100.0	Other
675989.6	7463533.0	0.0	0.0	100.0	Other
675989.6	7463733.0	2.4	0.0	97.6	Other
675989.6	7463933.0	8.2	0.0	91.8	Other
675989.6	7464133.0	5.4	0.0	94.6	Other
675989.6	7464333.0	27.5	0.0	72.5	Urban
675989.6	7464533.0	73.2	0.0	26.8	Urban
675989.6	7464733.0	78.6	0.0	21.4	Urban
675989.6	7464933.0	77.2	0.0	22.8	Urban
675989.6	7465133.0	95.8	0.0	4.2	Urban
675989.6	7465333.0	98.7	0.0	1.3	Urban
675989.6	7465533.0	91.8	0.0	8.2	Urban
675989.6	7465733.0	96.6	0.0	3.4	Urban
675989.6	7465933.0	97.3	0.0	2.7	Urban
675989.6	7466133.0	100.0	0.0	0.0	Urban
675989.6	7466333.0	98.7	0.0	1.3	Urban
675989.6	7466533.0	94.2	0.0	5.8	Urban
675989.6	7466733.0	94.9	0.0	5.1	Urban
675989.6	7466933.0	96.9	0.0	3.1	Urban
675989.6	7467133.0	96.6	0.0	3.4	Urban
675989.6	7467333.0	96.0	0.0	4.0	Urban
675989.6	7467533.0	97.3	0.0	2.7	Urban
675989.6	7467733.0	98.6	0.0	1.4	Urban
675989.6	7467933.0	99.8	0.0	0.2	Urban
675989.6	7468133.0	100.0	0.0	0.0	Urban
675989.6	7468333.0	99.5	0.0	0.5	Urban
675989.6	7468533.0	100.0	0.0	0.0	Urban
675989.6	7468733.0	96.2	0.0	3.8	Urban
675989.6	7468933.0	96.8	0.0	3.2	Urban
675989.6	7469133.0	99.8	0.0	0.2	Urban
675989.6	7469333.0	98.2	0.0	1.8	Urban
675989.6	7469533.0	98.1	0.0	1.9	Urban
675989.6	7469733.0	99.3	0.0	0.7	Urban
675989.6	7469933.0	98.6	0.0	1.4	Urban
675989.6	7470133.0	100.0	0.0	0.0	Urban
675989.6	7470333.0	99.8	0.0	0.2	Urban
675989.6	7470533.0	97.6	0.0	2.4	Urban
675989.6	7470733.0	98.9	0.0	1.1	Urban
675989.6	7470933.0	94.0	0.0	6.0	Urban
675989.6	7471133.0	40.4	0.0	59.6	Urban
675989.6	7471333.0	0.0	0.0	100.0	Other
675989.6	7471533.0	14.5	0.0	85.5	Other
675989.6	7471733.0	14.3	0.0	85.7	Other
676189.6	7451933.0	0.0	100.0	0.0	Water
676189.6	7452133.0	0.0	100.0	0.0	Water
676189.6	7452333.0	0.0	100.0	0.0	Water
676189.6	7452533.0	0.0	100.0	0.0	Water
676189.6	7452733.0	0.0	100.0	0.0	Water
676189.6	7452933.0	0.0	100.0	0.0	Water
676189.6	7453133.0	0.0	100.0	0.0	Water
676189.6	7453333.0	0.0	100.0	0.0	Water
676189.6	7453533.0	0.0	100.0	0.0	Water
676189.6	7453733.0	0.0	100.0	0.0	Water
676189.6	7453933.0	0.0	100.0	0.0	Water
676189.6	7454133.0	0.0	100.0	0.0	Water
676189.6	7454333.0	0.0	100.0	0.0	Water
676189.6	7454533.0	0.0	100.0	0.0	Water
676189.6	7454733.0	11.8	71.2	17.0	Water
676189.6	7454933.0	2.0	0.0	98.0	Other
676189.6	7455133.0	0.0	0.0	100.0	Other
676189.6	7455333.0	0.0	0.0	100.0	Other
676189.6	7455533.0	0.0	0.0	100.0	Other
676189.6	7455733.0	0.0	0.0	100.0	Other
676189.6	7455933.0	0.0	0.0	100.0	Other
676189.6	7456133.0	0.0	0.0	100.0	Other
676189.6	7456333.0	0.0	0.0	100.0	Other
676189.6	7456533.0	0.0	0.0	100.0	Other
676189.6	7456733.0	0.0	0.0	100.0	Other
676189.6	7456933.0	0.0	0.0	100.0	Other
676189.6	7457133.0	0.0	0.0	100.0	Other
676189.6	7457333.0	0.0	0.0	100.0	Other
676189.6	7457533.0	0.0	0.0	100.0	Other
676189.6	7457733.0	0.0	0.0	100.0	Other
676189.6	7457933.0	0.2	0.0	99.8	Other
676189.6	7458133.0	0.8	0.0	99.2	Other
676189.6	7458333.0	0.9	0.0	99.1	Other
676189.6	7458533.0	15.6	0.0	84.4	Other
676189.6	7458733.0	8.7	0.0	91.3	Other
676189.6	7458933.0	0.0	0.0	100.0	Other
676189.6	7459133.0	0.7	0.0	99.3	Other
676189.6	7459333.0	0.0	0.0	100.0	Other
676189.6	7459533.0	1.6	0.0	98.4	Other
676189.6	7459733.0	0.0	0.0	100.0	Other
676189.6	7459933.0	0.0	0.0	100.0	Other
676189.6	7460133.0	0.0	0.0	100.0	Other
676189.6	7460333.0	0.0	0.0	100.0	Other
676189.6	7460533.0	0.0	0.0	100.0	Other
676189.6	7460733.0	0.0	0.0	100.0	Other
676189.6	7460933.0	0.0	0.0	100.0	Other
676189.6	7461133.0	0.0	0.0	100.0	Other
676189.6	7461333.0	0.0	0.0	100.0	Other
676189.6	7461533.0	0.0	0.0	100.0	Other
676189.6	7461733.0	0.0	0.0	100.0	Other
676189.6	7461933.0	0.0	0.0	100.0	Other
676189.6	7462133.0	0.0	0.0	100.0	Other
676189.6	7462333.0	0.0	0.0	100.0	Other
676189.6	7462533.0	0.0	0.0	100.0	Other
676189.6	7462733.0	0.0	0.0	100.0	Other
676189.6	7462933.0	0.0	0.0	100.0	Other
676189.6	7463133.0	0.0	0.0	100.0	Other
676189.6	7463333.0	0.0	0.0	100.0	Other
676189.6	7463533.0	0.0	0.0	100.0	Other
676189.6	7463733.0	0.0	0.0	100.0	Other
676189.6	7463933.0	11.2	0.0	88.8	Other
676189.6	7464133.0	0.0	0.0	100.0	Other
676189.6	7464333.0	0.2	0.0	99.8	Other
676189.6	7464533.0	63.0	0.0	37.0	Urban
676189.6	7464733.0	62.5	0.0	37.5	Urban
676189.6	7464933.0	65.4	0.0	34.6	Urban
676189.6	7465133.0	86.4	0.0	13.6	Urban
676189.6	7465333.0	78.4	0.0	21.6	Urban
676189.6	7465533.0	97.6	0.0	2.4	Urban
676189.6	7465733.0	97.9	0.0	2.1	Urban
676189.6	7465933.0	96.2	0.0	3.8	Urban
676189.6	7466133.0	98.4	0.0	1.6	Urban
676189.6	7466333.0	98.2	0.0	1.8	Urban
676189.6	7466533.0	97.0	0.0	3.0	Urban
676189.6	7466733.0	97.1	0.0	2.9	Urban
676189.6	7466933.0	98.2	0.0	1.8	Urban
676189.6	7467133.0	98.4	0.0	1.6	Urban
676189.6	7467333.0	97.3	0.0	2.7	Urban
676189.6	7467533.0	98.7	0.0	1.3	Urban
676189.6	7467733.0	99.3	0.0	0.7	Urban
676189.6	7467933.0	98.6	0.0	1.4	Urban
676189.6	7468133.0	100.0	0.0	0.0	Urban
676189.6	7468333.0	100.0	0.0	0.0	Urban
676189.6	7468533.0	98.7	0.0	1.3	Urban
676189.6	7468733.0	99.8	0.0	0.2	Urban
676189.6	7468933.0	99.6	0.0	0.4	Urban
676189.6	7469133.0	99.8	0.0	0.2	Urban
676189.6	7469333.0	93.8	0.0	6.2	Urban
676189.6	7469533.0	96.0	0.0	4.0	Urban
676189.6	7469733.0	100.0	0.0	0.0	Urban
676189.6	7469933.0	98.2	0.0	1.8	Urban
676189.6	7470133.0	100.0	0.0	0.0	Urban
676189.6	7470333.0	93.7	0.0	6.3	Urban
676189.6	7470533.0	79.9	0.0	20.1	Urban
676189.6	7470733.0	81.3	0.0	18.7	Urban
676189.6	7470933.0	89.6	0.0	10.4	Urban
676189.6	7471133.0	15.0	0.0	85.0	Other
676189.6	7471333.0	0.0	0.0	100.0	Other
676189.6	7471533.0	0.0	0.0	100.0	Other
676189.6	7471733.0	47.8	0.0	52.2	Urban
676389.6	7451933.0	0.0	100.0	0.0	Water
676389.6	7452133.0	5.3	92.6	2.2	Water
676389.6	7452333.0	0.0	100.0	0.0	Water
676389.6	7452533.0	0.0	100.0	0.0	Water
676389.6	7452733.0	0.0	100.0	0.0	Water
676389.6	7452933.0	0.0	100.0	0.0	Water
676389.6	7453133.0	0.0	100.0	0.0	Water
676389.6	7453333.0	0.0	100.0	0.0	Water
676389.6	7453533.0	0.0	100.0	0.0	Water
676389.6	7453733.0	0.0	100.0	0.0	Water
676389.6	7453933.0	0.0	100.0	0.0	Water
676389.6	7454133.0	0.0	100.0	0.0	Water
676389.6	7454333.0	0.0	100.0	0.0	Water
676389.6	7454533.0	0.0	100.0	0.0	Water
676389.6	7454733.0	1.8	97.8	0.4	Water
676389.6	7454933.0	22.3	5.1	72.6	Urban
676389.6	7455133.0	0.0	0.0	100.0	Other
676389.6	7455333.0	0.0	0.0	100.0	Other
676389.6	7455533.0	0.0	0.0	100.0	Other
676389.6	7455733.0	0.0	0.0	100.0	Other
676389.6	7455933.0	0.0	0.0	100.0	Other
676389.6	7456133.0	0.0	0.0	100.0	Other
676389.6	7456333.0	0.0	0.0	100.0	Other
676389.6	7456533.0	0.0	0.0	100.0	Other
676389.6	7456733.0	0.0	0.0	100.0	Other
676389.6	7456933.0	0.0	0.0	100.0	Other
676389.6	7457133.0	0.0	0.0	100.0	Other
676389.6	7457333.0	0.0	0.0	100.0	Other
676389.6	7457533.0	0.0	0.0	100.0	Other
676389.6	7457733.0	0.0	0.0	100.0	Other
676389.6	7457933.0	0.0	0.0	100.0	Other
676389.6	7458133.0	6.3	0.0	93.7	Other
676389.6	7458333.0	0.5	0.0	99.5	Other
676389.6	7458533.0	0.0	0.0	100.0	Other
676389.6	7458733.0	1.0	0.0	99.0	Other
676389.6	7458933.0	3.8	0.0	96.2	Other
676389.6	7459133.0	4.5	0.0	95.5	Other
676389.6	7459333.0	10.1	0.0	89.9	Other
676389.6	7459533.0	4.3	0.0	95.7	Other
676389.6	7459733.0	0.0	0.0	100.0	Other
676389.6	7459933.0	0.0	0.0	100.0	Other
676389.6	7460133.0	0.0	0.0	100.0	Other
676389.6	7460333.0	0.0	0.0	100.0	Other
676389.6	7460533.0	0.0	0.0	100.0	Other
676389.6	7460733.0	0.0	0.0	100.0	Other
676389.6	7460933.0	0.0	0.0	100.0	Other
676389.6	7461133.0	0.0	0.0	100.0	Other
676389.6	7461333.0	0.0	0.0	100.0	Other
676389.6	7461533.0	0.0	0.0	100.0	Other
676389.6	7461733.0	0.0	0.0	100.0	Other
676389.6	7461933.0	0.0	0.0	100.0	Other
676389.6	7462133.0	0.0	0.0	100.0	Other
676389.6	7462333.0	0.0	0.0	100.0	Other
676389.6	7462533.0	0.0	0.0	100.0	Other
676389.6	7462733.0	0.0	0.0	100.0	Other
676389.6	7462933.0	0.0	0.0	100.0	Other
676389.6	7463133.0	0.0	0.0	100.0	Other
676389.6	7463333.0	0.0	0.0	100.0	Other
676389.6	7463533.0	0.0	0.0	100.0	Other
676389.6	7463733.0	0.0	0.0	100.0	Other
676389.6	7463933.0	0.0	0.0	100.0	Other
676389.6	7464133.0	0.0	0.0	100.0	Other
676389.6	7464333.0	0.2	0.0	99.8	Other
676389.6	7464533.0	20.7	0.0	79.3	Urban
676389.6	7464733.0	74.5	0.0	25.5	Urban
676389.6	7464933.0	82.8	0.0	17.2	Urban
676389.6	7465133.0	77.0	0.0	23.0	Urban
676389.6	7465333.0	77.2	0.0	22.8	Urban
676389.6	7465533.0	85.0	0.0	15.0	Urban
676389.6	7465733.0	90.2	0.0	9.8	Urban
676389.6	7465933.0	88.4	0.0	11.6	Urban
676389.6	7466133.0	88.8	0.0	11.2	Urban
676389.6	7466333.0	99.1	0.0	0.9	Urban
676389.6	7466533.0	98.6	0.0	1.4	Urban
676389.6	7466733.0	99.8	0.0	0.2	Urban
676389.6	7466933.0	99.6	0.0	0.4	Urban
676389.6	7467133.0	99.1	0.0	0.9	Urban
676389.6	7467333.0	88.0	0.2	11.8	Urban
676389.6	7467533.0	91.7	0.0	8.3	Urban
676389.6	7467733.0	95.3	0.0	4.7	Urban
676389.6	7467933.0	94.0	0.0	6.0	Urban
676389.6	7468133.0	67.0	0.0	33.0	Urban
676389.6	7468333.0	88.2	0.0	11.8	Urban
676389.6	7468533.0	100.0	0.0	0.0	Urban
676389.6	7468733.0	90.2	0.0	9.8	Urban
676389.6	7468933.0	99.5	0.0	0.5	Urban
676389.6	7469133.0	94.4	0.0	5.6	Urban
676389.6	7469333.0	93.5	0.0	6.5	Urban
676389.6	7469533.0	97.5	0.0	2.5	Urban
676389.6	7469733.0	99.8	0.0	0.2	Urban
676389.6	7469933.0	95.5	0.0	4.5	Urban
676389.6	7470133.0	98.7	0.0	1.3	Urban
676389.6	7470333.0	96.2	0.0	3.8	Urban
676389.6	7470533.0	83.5	0.0	16.5	Urban
676389.6	7470733.0	91.3	0.0	8.7	Urban
676389.6	7470933.0	78.4	0.0	21.6	Urban
676389.6	7471133.0	67.0	0.0	33.0	Urban
676389.6	7471333.0	25.5	0.0	74.5	Urban
676389.6	7471533.0	4.5	0.0	95.5	Other
676389.6	7471733.0	88.0	0.0	12.0	Urban
676589.6	7451933.0	0.0	100.0	0.0	Water
676589.6	7452133.0	8.9	53.8	37.3	Water
676589.6	7452333.0	0.0	100.0	0.0	Water
676589.6	7452533.0	0.0	100.0	0.0	Water
676589.6	7452733.0	0.0	100.0	0.0	Water
676589.6	7452933.0	0.0	100.0	0.0	Water
676589.6	7453133.0	0.0	100.0	0.0	Water
676589.6	7453333.0	0.0	100.0	0.0	Water
676589.6	7453533.0	0.0	100.0	0.0	Water
676589.6	7453733.0	0.0	100.0	0.0	Water
676589.6	7453933.0	0.0	100.0	0.0	Water
676589.6	7454133.0	0.0	100.0	0.0	Water
676589.6	7454333.0	0.0	100.0	0.0	Water
676589.6	7454533.0	0.0	100.0	0.0	Water
676589.6	7454733.0	2.9	93.3	3.8	Water
676589.6	7454933.0	3.8	17.0	79.2	Other
676589.6	7455133.0	0.0	0.0	100.0	Other
676589.6	7455333.0	1.1	0.0	98.9	Other
676589.6	7455533.0	4.7	0.0	95.3	Other
676589.6	7455733.0	2.4	0.0	97.6	Other
676589.6	7455933.0	0.9	0.0	99.1	Other
676589.6	7456133.0	0.0	0.0	100.0	Other
676589.6	7456333.0	0.0	0.0	100.0	Other
676589.6	7456533.0	0.0	0.0	100.0	Other
676589.6	7456733.0	0.0	0.0	100.0	Other
676589.6	7456933.0	0.0	0.0	100.0	Other
676589.6	7457133.0	0.0	0.0	100.0	Other
676589.6	7457333.0	0.0	0.0	100.0	Other
676589.6	7457533.0	0.0	0.0	100.0	Other
676589.6	7457733.0	0.0	0.0	100.0	Other
676589.6	7457933.0	0.0	0.0	100.0	Other
676589.6	7458133.0	2.4	0.0	97.6	Other
676589.6	7458333.0	0.0	0.0	100.0	Other
676589.6	7458533.0	0.0	0.0	100.0	Other
676589.6	7458733.0	0.0	0.0	100.0	Other
676589.6	7458933.0	0.4	0.0	99.6	Other
676589.6	7459133.0	12.1	0.0	87.9	Other
676589.6	7459333.0	40.8	0.0	59.2	Urban
676589.6	7459533.0	1.1	0.0	98.9	Other
676589.6	7459733.0	0.0	0.0	100.0	Other
676589.6	7459933.0	0.0	0.0	100.0	Other
676589.6	7460133.0	0.0	0.0	100.0	Other
676589.6	7460333.0	0.0	0.0	100.0	Other
676589.6	7460533.0	0.0	0.0	100.0	Other
676589.6	7460733.0	0.0	0.0	100.0	Other
676589.6	7460933.0	0.0	0.0	100.0	Other
676589.6	7461133.0	0.0	0.0	100.0	Other
676589.6	7461333.0	0.0	0.0	100.0	Other
676589.6	7461533.0	0.0	0.0	100.0	Other
676589.6	7461733.0	0.0	0.0	100.0	Other
676589.6	7461933.0	0.0	0.0	100.0	Other
676589.6	7462133.0	0.0	0.0	100.0	Other
676589.6	7462333.0	0.0	0.0	100.0	Other
676589.6	7462533.0	0.0	0.0	100.0	Other
676589.6	7462733.0	0.0	0.0	100.0	Other
676589.6	7462933.0	0.0	0.0	100.0	Other
676589.6	7463133.0	0.0	0.0	100.0	Other
676589.6	7463333.0	0.0	0.0	100.0	Other
676589.6	7463533.0	0.0	0.0	100.0	Other
676589.6	7463733.0	0.0	0.0	100.0	Other
676589.6	7463933.0	0.0	0.0	100.0	Other
676589.6	7464133.0	0.0	0.0	100.0	Other
676589.6	7464333.0	0.0	0.0	100.0	Other
676589.6	7464533.0	6.8	0.0	93.2	Other
676589.6	7464733.0	58.0	0.0	42.0	Urban
676589.6	7464933.0	87.7	0.0	12.3	Urban
676589.6	7465133.0	85.8	0.0	14.2	Urban
676589.6	7465333.0	97.3	0.0	2.7	Urban
676589.6	7465533.0	94.4	0.0	5.6	Urban
676589.6	7465733.0	95.8	0.0	4.2	Urban
676589.6	7465933.0	99.3	0.0	0.7	Urban
676589.6	7466133.0	97.8	0.0	2.2	Urban
676589.6	7466333.0	99.8	0.0	0.2	Urban
676589.6	7466533.0	69.6	0.0	30.4	Urban
676589.6	7466733.0	98.6	0.0	1.4	Urban
676589.6	7466933.0	97.9	0.0	2.1	Urban
676589.6	7467133.0	98.9	0.0	1.1	Urban
676589.6	7467333.0	96.6	0.0	3.4	Urban
676589.6	7467533.0	93.6	0.0	6.4	Urban
676589.6	7467733.0	98.0	0.0	2.0	Urban
676589.6	7467933.0	99.8	0.0	0.2	Urban
676589.6	7468133.0	100.0	0.0	0.0	Urban
676589.6	7468333.0	95.8	0.0	4.2	Urban
676589.6	7468533.0	100.0	0.0	0.0	Urban
676589.6	7468733.0	97.1	0.0	2.9	Urban
676589.6	7468933.0	99.8	0.0	0.2	Urban
676589.6	7469133.0	92.8	0.0	7.2	Urban
676589.6	7469333.0	98.9	0.0	1.1	Urban
676589.6	7469533.0	99.8	0.0	0.2	Urban
676589.6	7469733.0	98.6	0.0	1.4	Urban
676589.6	7469933.0	100.0	0.0	0.0	Urban
676589.6	7470133.0	96.6	0.0	3.4	Urban
676589.6	7470333.0	99.3	0.0	0.7	Urban
676589.6	7470533.0	100.0	0.0	0.0	Urban
676589.6	7470733.0	95.8	0.0	4.2	Urban
676589.6	7470933.0	78.8	0.0	21.2	Urban
676589.6	7471133.0	30.4	0.0	69.6	Urban
676589.6	7471333.0	6.7	0.0	93.3	Other
676589.6	7471533.0	0.0	0.0	100.0	Other
676589.6	7471733.0	58.3	0.0	41.7	Urban
676789.6	7451933.0	0.0	100.0	0.0	Water
676789.6	7452133.0	3.6	93.7	2.7	Water
676789.6	7452333.0	0.0	100.0	0.0	Water
676789.6	7452533.0	0.0	100.0	0.0	Water
676789.6	7452733.0	0.0	100.0	0.0	Water
676789.6	7452933.0	0.0	100.0	0.0	Water
676789.6	7453133.0	0.0	100.0	0.0	Water
676789.6	7453333.0	0.0	100.0	0.0	Water
676789.6	7453533.0	0.0	100.0	0.0	Water
676789.6	7453733.0	0.0	100.0	0.0	Water
676789.6	7453933.0	0.0	100.0	0.0	Water
676789.6	7454133.0	0.0	100.0	0.0	Water
676789.6	7454333.0	0.0	100.0	0.0	Water
676789.6	7454533.0	0.0	100.0	0.0	Water
676789.6	7454733.0	0.0	100.0	0.0	Water
676789.6	7454933.0	0.0	90.8	9.2	Water
676789.6	7455133.0	17.4	48.0	34.6	Other
676789.6	7455333.0	16.1	0.0	83.9	Other
676789.6	7455533.0	13.4	0.0	86.6	Other
676789.6	7455733.0	0.5	0.0	99.5	Other
676789.6	7455933.0	0.0	0.0	100.0	Other
676789.6	7456133.0	1.3	0.0	98.7	Other
676789.6	7456333.0	0.0	0.0	100.0	Other
676789.6	7456533.0	0.0	0.0	100.0	Other
676789.6	7456733.0	0.0	0.0	100.0	Other
676789.6	7456933.0	0.0	0.0	100.0	Other
676789.6	7457133.0	0.0	0.0	100.0	Other
676789.6	7457333.0	0.0	0.0	100.0	Other
676789.6	7457533.0	0.7	0.0	99.3	Other
676789.6	7457733.0	0.0	0.0	100.0	Other
676789.6	7457933.0	0.0	0.0	100.0	Other
676789.6	7458133.0	0.0	0.0	100.0	Other
676789.6	7458333.0	0.0	0.0	100.0	Other
676789.6	7458533.0	0.0	0.0	100.0	Other
676789.6	7458733.0	0.0	0.0	100.0	Other
676789.6	7458933.0	0.0	0.0	100.0	Other
676789.6	7459133.0	2.2	0.0	97.8	Other
676789.6	7459333.0	12.3	0.0	87.7	Other
676789.6	7459533.0	8.7	0.0	91.3	Other
676789.6	7459733.0	1.8	0.0	98.2	Other
676789.6	7459933.0	0.0	0.0	100.0	Other
676789.6	7460133.0	0.0	0.0	100.0	Other
676789.6	7460333.0	0.0	0.0	100.0	Other
676789.6	7460533.0	0.0	0.0	100.0	Other
676789.6	7460733.0	0.0	0.0	100.0	Other
676789.6	7460933.0	0.0	0.0	100.0	Other
676789.6	7461133.0	0.0	0.0	100.0	Other
676789.6	7461333.0	0.0	0.0	100.0	Other
676789.6	7461533.0	0.0	0.0	100.0	Other
676789.6	7461733.0	0.0	0.0	100.0	Other
676789.6	7461933.0	0.0	0.0	100.0	Other
676789.6	7462133.0	0.0	0.0	100.0	Other
676789.6	7462333.0	0.0	0.0	100.0	Other
676789.6	7462533.0	0.0	0.0	100.0	Other
676789.6	7462733.0	0.0	0.0	100.0	Other
676789.6	7462933.0	0.0	0.0	100.0	Other
676789.6	7463133.0	0.0	0.0	100.0	Other
676789.6	7463333.0	0.0	0.0	100.0	Other
676789.6	7463533.0	0.0	0.0	100.0	Other
676789.6	7463733.0	0.0	0.0	100.0	Other
676789.6	7463933.0	0.0	0.0	100.0	Other
676789.6	7464133.0	0.0	0.0	100.0	Other
676789.6	7464333.0	0.0	0.0	100.0	Other
676789.6	7464533.0	0.9	0.0	99.1	Other
676789.6	7464733.0	60.7	0.0	39.3	Urban
676789.6	7464933.0	96.9	0.0	3.1	Urban
676789.6	7465133.0	77.9	0.0	22.1	Urban
676789.6	7465333.0	83.2	0.0	16.8	Urban
676789.6	7465533.0	97.6	0.0	2.4	Urban
676789.6	7465733.0	95.7	0.0	4.3	Urban
676789.6	7465933.0	99.5	0.0	0.5	Urban
676789.6	7466133.0	99.1	0.0	0.9	Urban
676789.6	7466333.0	94.7	0.0	5.3	Urban
676789.6	7466533.0	92.6	0.0	7.4	Urban
676789.6	7466733.0	96.9	0.0	3.1	Urban
676789.6	7466933.0	95.3	0.0	4.7	Urban
676789.6	7467133.0	99.5	0.0	0.5	Urban
676789.6	7467333.0	87.7	0.0	12.3	Urban
676789.6	7467533.0	96.2	0.0	3.8	Urban
676789.6	7467733.0	95.7	0.0	4.3	Urban
676789.6	7467933.0	96.7	0.0	3.3	Urban
676789.6	7468133.0	98.7	0.0	1.3	Urban
676789.6	7468333.0	97.0	0.0	3.0	Urban
676789.6	7468533.0	99.1	0.0	0.9	Urban
676789.6	7468733.0	96.6	0.0	3.4	Urban
676789.6	7468933.0	97.5	0.0	2.5	Urban
676789.6	7469133.0	95.1	0.0	4.9	Urban
676789.6	7469333.0	97.5	0.0	2.5	Urban
676789.6	7469533.0	98.5	0.0	1.5	Urban
676789.6	7469733.0	96.0	0.0	4.0	Urban
676789.6	7469933.0	99.8	0.0	0.2	Urban
676789.6	7470133.0	88.6	0.0	11.4	Urban
676789.6	7470333.0	80.6	0.0	19.4	Urban
676789.6	7470533.0	90.0	0.0	10.0	Urban
676789.6	7470733.0	99.6	0.0	0.4	Urban
676789.6	7470933.0	100.0	0.0	0.0	Urban
676789.6	7471133.0	43.5	0.0	56.5	Urban
676789.6	7471333.0	9.7	0.0	90.3	Other
676789.6	7471533.0	4.3	0.0	95.7	Other
676789.6	7471733.0	54.3	0.0	45.7	Urban
676989.6	7451933.0	0.0	100.0	0.0	Water
676989.6	7452133.0	0.0	100.0	0.0	Water
676989.6	7452333.0	0.0	100.0	0.0	Water
676989.6	7452533.0	0.0	100.0	0.0	Water
676989.6	7452733.0	0.0	100.0	0.0	Water
676989.6	7452933.0	0.0	100.0	0.0	Water
676989.6	7453133.0	0.0	100.0	0.0	Water
676989.6	7453333.0	0.0	100.0	0.0	Water
676989.6	7453533.0	0.0	100.0	0.0	Water
676989.6	7453733.0	0.0	100.0	0.0	Water
676989.6	7453933.0	0.0	100.0	0.0	Water
676989.6	7454133.0	0.0	100.0	0.0	Water
676989.6	7454333.0	0.0	100.0	0.0	Water
676989.6	7454533.0	0.0	100.0	0.0	Water
676989.6	7454733.0	0.0	100.0	0.0	Water
676989.6	7454933.0	0.0	100.0	0.0	Water
676989.6	7455133.0	0.0	91.7	8.3	Water
676989.6	7455333.0	23.4	2.0	74.6	Urban
676989.6	7455533.0	18.5	0.0	81.5	Other
676989.6	7455733.0	2.3	0.0	97.7	Other
676989.6	7455933.0	4.5	0.0	95.5	Other
676989.6	7456133.0	2.5	0.0	97.5	Other
676989.6	7456333.0	1.3	0.0	98.7	Other
676989.6	7456533.0	0.7	0.0	99.3	Other
676989.6	7456733.0	0.2	0.0	99.8	Other
676989.6	7456933.0	0.0	0.0	100.0	Other
676989.6	7457133.0	0.0	0.0	100.0	Other
676989.6	7457333.0	0.2	0.0	99.8	Other
676989.6	7457533.0	0.0	0.0	100.0	Other
676989.6	7457733.0	0.0	1.6	98.4	Other
676989.6	7457933.0	0.0	0.0	100.0	Other
676989.6	7458133.0	0.0	0.0	100.0	Other
676989.6	7458333.0	0.0	0.0	100.0	Other
676989.6	7458533.0	0.0	0.0	100.0	Other
676989.6	7458733.0	0.0	0.0	100.0	Other
676989.6	7458933.0	0.0	0.0	100.0	Other
676989.6	7459133.0	0.0	0.0	100.0	Other
676989.6	7459333.0	0.0	0.0	100.0	Other
676989.6	7459533.0	32.6	0.0	67.4	Urban
676989.6	7459733.0	19.7	0.0	80.3	Other
676989.6	7459933.0	0.0	0.0	100.0	Other
676989.6	7460133.0	0.0	0.0	100.0	Other
676989.6	7460333.0	0.0	0.0	100.0	Other
676989.6	7460533.0	0.0	0.0	100.0	Other
676989.6	7460733.0	0.0	0.0	100.0	Other
676989.6	7460933.0	0.0	0.0	100.0	Other
676989.6	7461133.0	0.0	0.0	100.0	Other
676989.6	7461333.0	0.0	0.0	100.0	Other
676989.6	7461533.0	0.0	0.0	100.0	Other
676989.6	7461733.0	0.0	0.0	100.0	Other
676989.6	7461933.0	0.0	0.0	100.0	Other
676989.6	7462133.0	0.0	0.0	100.0	Other
676989.6	7462333.0	0.0	0.0	100.0	Other
676989.6	7462533.0	0.0	0.0	100.0	Other
676989.6	7462733.0	0.0	0.0	100.0	Other
676989.6	7462933.0	0.0	0.0	100.0	Other
676989.6	7463133.0	0.0	0.0	100.0	Other
676989.6	7463333.0	0.0	0.0	100.0	Other
676989.6	7463533.0	0.0	0.0	100.0	Other
676989.6	7463733.0	0.0	0.0	100.0	Other
676989.6	7463933.0	0.0	0.0	100.0	Other
676989.6	7464133.0	0.0	0.0	100.0	Other
676989.6	7464333.0	0.0	0.0	100.0	Other
676989.6	7464533.0	0.0	0.0	100.0	Other
676989.6	7464733.0	57.7	0.0	42.3	Urban
676989.6	7464933.0	91.1	0.0	8.9	Urban
676989.6	7465133.0	98.4	0.0	1.6	Urban
676989.6	7465333.0	93.1	0.0	6.9	Urban
676989.6	7465533.0	84.2	0.0	15.8	Urban
676989.6	7465733.0	71.6	0.0	28.4	Urban
676989.6	7465933.0	95.7	0.0	4.3	Urban
676989.6	7466133.0	81.2	0.0	18.8	Urban
676989.6	7466333.0	92.6	0.0	7.4	Urban
676989.6	7466533.0	99.3	0.0	0.7	Urban
676989.6	7466733.0	99.8	0.0	0.2	Urban
676989.6	7466933.0	96.7	0.0	3.3	Urban
676989.6	7467133.0	100.0	0.0	0.0	Urban
676989.6	7467333.0	96.9	0.0	3.1	Urban
676989.6	7467533.0	94.0	0.0	6.0	Urban
676989.6	7467733.0	98.7	0.0	1.3	Urban
676989.6	7467933.0	95.5	0.0	4.5	Urban
676989.6	7468133.0	93.1	0.0	6.9	Urban
676989.6	7468333.0	99.3	0.0	0.7	Urban
676989.6	7468533.0	97.8	0.0	2.2	Urban
676989.6	7468733.0	97.5	0.0	2.5	Urban
676989.6	7468933.0	99.1	0.0	0.9	Urban
676989.6	7469133.0	79.7	0.0	20.3	Urban
676989.6	7469333.0	93.1	0.0	6.9	Urban
676989.6	7469533.0	88.9	0.0	11.1	Urban
676989.6	7469733.0	72.3	0.0	27.7	Urban
676989.6	7469933.0	77.5	0.0	22.5	Urban
676989.6	7470133.0	84.2	0.0	15.8	Urban
676989.6	7470333.0	91.5	0.0	8.5	Urban
676989.6	7470533.0	100.0	0.0	0.0	Urban
676989.6	7470733.0	99.6	0.0	0.4	Urban
676989.6	7470933.0	99.5	0.0	0.5	Urban
676989.6	7471133.0	79.7	0.0	20.3	Urban
676989.6	7471333.0	26.6	0.0	73.4	Urban
676989.6	7471533.0	53.8	0.0	46.2	Urban
676989.6	7471733.0	90.6	0.0	9.4	Urban
677189.6	7451933.0	0.0	100.0	0.0	Water
677189.6	7452133.0	0.0	100.0	0.0	Water
677189.6	7452333.0	0.0	100.0	0.0	Water
677189.6	7452533.0	0.0	100.0	0.0	Water
677189.6	7452733.0	0.0	100.0	0.0	Water
677189.6	7452933.0	0.0	100.0	0.0	Water
677189.6	7453133.0	0.0	100.0	0.0	Water
677189.6	7453333.0	0.0	100.0	0.0	Water
677189.6	7453533.0	0.0	100.0	0.0	Water
677189.6	7453733.0	0.0	100.0	0.0	Water
677189.6	7453933.0	0.0	100.0	0.0	Water
677189.6	7454133.0	0.0	100.0	0.0	Water
677189.6	7454333.0	0.0	100.0	0.0	Water
677189.6	7454533.0	0.0	100.0	0.0	Water
677189.6	7454733.0	0.0	100.0	0.0	Water
677189.6	7454933.0	0.0	100.0	0.0	Water
677189.6	7455133.0	0.0	100.0	0.0	Water
677189.6	7455333.0	31.5	25.0	43.5	Urban
677189.6	7455533.0	75.8	0.0	24.2	Urban
677189.6	7455733.0	52.7	0.0	47.3	Urban
677189.6	7455933.0	19.7	0.0	80.3	Other
677189.6	7456133.0	21.2	0.0	78.8	Urban
677189.6	7456333.0	0.0	0.0	100.0	Other
677189.6	7456533.0	0.0	0.0	100.0	Other
677189.6	7456733.0	0.0	0.0	100.0	Other
677189.6	7456933.0	0.0	0.0	100.0	Other
677189.6	7457133.0	0.5	0.0	99.5	Other
677189.6	7457333.0	0.0	0.0	100.0	Other
677189.6	7457533.0	0.0	0.0	100.0	Other
677189.6	7457733.0	0.0	0.0	100.0	Other
677189.6	7457933.0	0.0	0.0	100.0	Other
677189.6	7458133.0	0.0	0.0	100.0	Other
677189.6	7458333.0	0.0	0.0	100.0	Other
677189.6	7458533.0	0.0	0.0	100.0	Other
677189.6	7458733.0	0.0	0.0	100.0	Other
677189.6	7458933.0	0.0	0.0	100.0	Other
677189.6	7459133.0	0.0	0.0	100.0	Other
677189.6	7459333.0	0.0	0.0	100.0	Other
677189.6	7459533.0	1.1	0.0	98.9	Other
677189.6	7459733.0	1.6	0.0	98.4	Other
677189.6	7459933.0	4.3	0.0	95.7	Other
677189.6	7460133.0	0.0	0.0	100.0	Other
677189.6	7460333.0	0.0	0.0	100.0	Other
677189.6	7460533.0	0.0	0.0	100.0	Other
677189.6	7460733.0	0.0	0.0	100.0	Other
677189.6	7460933.0	0.0	0.0	100.0	Other
677189.6	7461133.0	0.0	0.0	100.0	Other
677189.6	7461333.0	0.0	0.0	100.0	Other
677189.6	7461533.0	0.0	0.0	100.0	Other
677189.6	7461733.0	0.0	0.0	100.0	Other
677189.6	7461933.0	0.0	0.0	100.0	Other
677189.6	7462133.0	0.0	0.0	100.0	Other
677189.6	7462333.0	0.0	0.0	100.0	Other
677189.6	7462533.0	0.0	0.0	100.0	Other
677189.6	7462733.0	0.0	0.0	100.0	Other
677189.6	7462933.0	0.0	0.0	100.0	Other
677189.6	7463133.0	0.0	0.0	100.0	Other
677189.6	7463333.0	0.0	0.0	100.0	Other
677189.6	7463533.0	0.0	0.0	100.0	Other
677189.6	7463733.0	0.0	0.0	100.0	Other
677189.6	7463933.0	0.0	0.0	100.0	Other
677189.6	7464133.0	0.0	0.0	100.0	Other
677189.6	7464333.0	0.0	0.0	100.0	Other
677189.6	7464533.0	0.0	0.0	100.0	Other
677189.6	7464733.0	11.6	0.0	88.4	Other
677189.6	7464933.0	74.8	0.0	25.2	Urban
677189.6	7465133.0	95.8	0.0	4.2	Urban
677189.6	7465333.0	98.9	0.0	1.1	Urban
677189.6	7465533.0	98.4	0.0	1.6	Urban
677189.6	7465733.0	89.9	0.0	10.1	Urban
677189.6	7465933.0	82.4	0.0	17.6	Urban
677189.6	7466133.0	79.2	0.0	20.8	Urban
677189.6	7466333.0	95.8	0.0	4.2	Urban
677189.6	7466533.0	83.7	0.0	16.3	Urban
677189.6	7466733.0	98.9	0.0	1.1	Urban
677189.6	7466933.0	98.9	0.0	1.1	Urban
677189.6	7467133.0	98.9	0.0	1.1	Urban
677189.6	7467333.0	99.6	0.0	0.4	Urban
677189.6	7467533.0	98.6	0.0	1.4	Urban
677189.6	7467733.0	97.8	0.0	2.2	Urban
677189.6	7467933.0	87.8	0.0	12.2	Urban
677189.6	7468133.0	96.7	0.0	3.3	Urban
677189.6	7468333.0	99.1	0.0	0.9	Urban
677189.6	7468533.0	99.6	0.0	0.4	Urban
677189.6	7468733.0	97.6	0.0	2.4	Urban
677189.6	7468933.0	99.8	0.0	0.2	Urban
677189.6	7469133.0	96.6	0.0	3.4	Urban
677189.6	7469333.0	82.1	0.0	17.9	Urban
677189.6	7469533.0	82.8	0.0	17.2	Urban
677189.6	7469733.0	71.7	0.0	28.3	Urban
677189.6	7469933.0	55.1	0.0	44.9	Urban
677189.6	7470133.0	99.0	0.0	1.0	Urban
677189.6	7470333.0	100.0	0.0	0.0	Urban
677189.6	7470533.0	100.0	0.0	0.0	Urban
677189.6	7470733.0	100.0	0.0	0.0	Urban
677189.6	7470933.0	100.0	0.0	0.0	Urban
677189.6	7471133.0	91.3	0.0	8.7	Urban
677189.6	7471333.0	48.2	0.0	51.8	Urban
677189.6	7471533.0	96.6	0.0	3.4	Urban
677189.6	7471733.0	100.0	0.0	0.0	Urban
677389.6	7451933.0	0.0	100.0	0.0	Water
677389.6	7452133.0	0.0	100.0	0.0	Water
677389.6	7452333.0	0.0	100.0	0.0	Water
677389.6	7452533.0	0.0	100.0	0.0	Water
677389.6	7452733.0	0.0	100.0	0.0	Water
677389.6	7452933.0	0.0	100.0	0.0	Water
677389.6	7453133.0	0.0	100.0	0.0	Water
677389.6	7453333.0	0.0	100.0	0.0	Water
677389.6	7453533.0	0.0	100.0	0.0	Water
677389.6	7453733.0	0.0	100.0	0.0	Water
677389.6	7453933.0	0.0	100.0	0.0	Water
677389.6	7454133.0	0.0	100.0	0.0	Water
677389.6	7454333.0	0.0	100.0	0.0	Water
677389.6	7454533.0	0.0	100.0	0.0	Water
677389.6	7454733.0	0.0	100.0	0.0	Water
677389.6	7454933.0	0.0	100.0	0.0	Water
677389.6	7455133.0	0.0	100.0	0.0	Water
677389.6	7455333.0	14.3	45.7	40.0	Other
677389.6	7455533.0	79.3	0.0	20.7	Urban
677389.6	7455733.0	48.9	0.0	51.1	Urban
677389.6	7455933.0	40.8	0.0	59.2	Urban
677389.6	7456133.0	0.4	0.0	99.6	Other
677389.6	7456333.0	0.0	0.0	100.0	Other
677389.6	7456533.0	0.0	0.0	100.0	Other
677389.6	7456733.0	0.0	0.0	100.0	Other
677389.6	7456933.0	0.0	0.0	100.0	Other
677389.6	7457133.0	0.0	0.0	100.0	Other
677389.6	7457333.0	0.0	0.0	100.0	Other
677389.6	7457533.0	0.0	0.0	100.0	Other
677389.6	7457733.0	0.0	0.0	100.0	Other
677389.6	7457933.0	0.0	0.0	100.0	Other
677389.6	7458133.0	0.0	0.0	100.0	Other
677389.6	7458333.0	0.0	0.0	100.0	Other
677389.6	7458533.0	0.0	0.0	100.0	Other
677389.6	7458733.0	0.0	0.0	100.0	Other
677389.6	7458933.0	0.0	0.0	100.0	Other
677389.6	7459133.0	0.0	0.0	100.0	Other
677389.6	7459333.0	0.0	0.0	100.0	Other
677389.6	7459533.0	0.0	0.0	100.0	Other
677389.6	7459733.0	2.9	0.0	97.1	Other
677389.6	7459933.0	7.2	0.0	92.8	Other
677389.6	7460133.0	0.0	0.0	100.0	Other
677389.6	7460333.0	0.0	0.0	100.0	Other
677389.6	7460533.0	0.0	0.0	100.0	Other
677389.6	7460733.0	0.0	0.0	100.0	Other
677389.6	7460933.0	0.0	0.0	100.0	Other
677389.6	7461133.0	0.0	0.0	100.0	Other
677389.6	7461333.0	0.0	0.0	100.0	Other
677389.6	7461533.0	0.0	0.0	100.0	Other
677389.6	7461733.0	0.0	0.0	100.0	Other
677389.6	7461933.0	0.0	0.0	100.0	Other
677389.6	7462133.0	0.0	0.0	100.0	Other
677389.6	7462333.0	0.0	0.0	100.0	Other
677389.6	7462533.0	0.0	0.0	100.0	Other
677389.6	7462733.0	0.0	0.0	100.0	Other
677389.6	7462933.0	0.0	0.0	100.0	Other
677389.6	7463133.0	0.0	0.0	100.0	Other
677389.6	7463333.0	0.0	0.0	100.0	Other
677389.6	7463533.0	0.0	0.0	100.0	Other
677389.6	7463733.0	0.0	0.0	100.0	Other
677389.6	7463933.0	0.0	0.0	100.0	Other
677389.6	7464133.0	3.3	0.0	96.7	Other
677389.6	7464333.0	8.0	0.0	92.0	Other
677389.6	7464533.0	0.0	0.0	100.0	Other
677389.6	7464733.0	18.3	0.0	81.7	Other
677389.6	7464933.0	87.3	0.0	12.7	Urban
677389.6	7465133.0	96.4	0.0	3.6	Urban
677389.6	7465333.0	97.4	0.0	2.6	Urban
677389.6	7465533.0	95.1	0.0	4.9	Urban
677389.6	7465733.0	96.4	0.0	3.6	Urban
677389.6	7465933.0	99.5	0.0	0.5	Urban
677389.6	7466133.0	95.5	0.0	4.5	Urban
677389.6	7466333.0	96.4	0.0	3.6	Urban
677389.6	7466533.0	76.4	0.0	23.6	Urban
677389.6	7466733.0	98.3	0.0	1.7	Urban
677389.6	7466933.0	95.3	0.0	4.7	Urban
677389.6	7467133.0	94.6	0.0	5.4	Urban
677389.6	7467333.0	87.5	0.0	12.5	Urban
677389.6	7467533.0	98.0	0.0	2.0	Urban
677389.6	7467733.0	97.3	0.0	2.7	Urban
677389.6	7467933.0	98.9	0.0	1.1	Urban
677389.6	7468133.0	94.6	0.0	5.4	Urban
677389.6	7468333.0	98.7	0.0	1.3	Urban
677389.6	7468533.0	98.0	0.0	2.0	Urban
677389.6	7468733.0	91.5	0.0	8.5	Urban
677389.6	7468933.0	97.6	0.0	2.4	Urban
677389.6	7469133.0	99.1	0.0	0.9	Urban
677389.6	7469333.0	98.6	0.0	1.4	Urban
677389.6	7469533.0	95.8	0.0	4.2	Urban
677389.6	7469733.0	76.1	0.0	23.9	Urban
677389.6	7469933.0	97.6	0.0	2.4	Urban
677389.6	7470133.0	98.2	0.0	1.8	Urban
677389.6	7470333.0	94.7	0.0	5.3	Urban
677389.6	7470533.0	94.6	0.0	5.4	Urban
677389.6	7470733.0	98.6	0.0	1.4	Urban
677389.6	7470933.0	100.0	0.0	0.0	Urban
677389.6	7471133.0	100.0	0.0	0.0	Urban
677389.6	7471333.0	95.3	0.0	4.7	Urban
677389.6	7471533.0	100.0	0.0	0.0	Urban
677389.6	7471733.0	100.0	0.0	0.0	Urban
677589.6	7451933.0	0.0	100.0	0.0	Water
677589.6	7452133.0	0.0	100.0	0.0	Water
677589.6	7452333.0	0.0	100.0	0.0	Water
677589.6	7452533.0	0.0	100.0	0.0	Water
677589.6	7452733.0	0.0	100.0	0.0	Water
677589.6	7452933.0	0.0	100.0	0.0	Water
677589.6	7453133.0	0.0	100.0	0.0	Water
677589.6	7453333.0	0.0	100.0	0.0	Water
677589.6	7453533.0	0.0	100.0	0.0	Water
677589.6	7453733.0	0.0	100.0	0.0	Water
677589.6	7453933.0	0.0	100.0	0.0	Water
677589.6	7454133.0	0.0	100.0	0.0	Water
677589.6	7454333.0	0.0	100.0	0.0	Water
677589.6	7454533.0	0.0	100.0	0.0	Water
677589.6	7454733.0	0.0	100.0	0.0	Water
677589.6	7454933.0	0.0	100.0	0.0	Water
677589.6	7455133.0	0.0	100.0	0.0	Water
677589.6	7455333.0	0.7	67.8	31.5	Water
677589.6	7455533.0	80.8	0.0	19.2	Urban
677589.6	7455733.0	7.8	0.0	92.2	Other
677589.6	7455933.0	0.0	0.0	100.0	Other
677589.6	7456133.0	0.0	0.0	100.0	Other
677589.6	7456333.0	0.0	0.0	100.0	Other
677589.6	7456533.0	0.0	0.0	100.0	Other
677589.6	7456733.0	0.0	0.0	100.0	Other
677589.6	7456933.0	0.0	0.0	100.0	Other
677589.6	7457133.0	0.0	0.0	100.0	Other
677589.6	7457333.0	0.0	0.0	100.0	Other
677589.6	7457533.0	0.0	0.0	100.0	Other
677589.6	7457733.0	0.0	0.0	100.0	Other
677589.6	7457933.0	0.0	0.0	100.0	Other
677589.6	7458133.0	0.0	0.0	100.0	Other
677589.6	7458333.0	0.0	0.0	100.0	Other
677589.6	7458533.0	0.0	0.0	100.0	Other
677589.6	7458733.0	0.0	0.0	100.0	Other
677589.6	7458933.0	0.0	0.0	100.0	Other
677589.6	7459133.0	0.0	0.0	100.0	Other
677589.6	7459333.0	0.0	0.0	100.0	Other
677589.6	7459533.0	0.0	0.0	100.0	Other
677589.6	7459733.0	0.0	0.0	100.0	Other
677589.6	7459933.0	0.7	0.0	99.3	Other
677589.6	7460133.0	0.7	0.0	99.3	Other
677589.6	7460333.0	0.0	0.0	100.0	Other
677589.6	7460533.0	0.0	0.0	100.0	Other
677589.6	7460733.0	0.0	0.0	100.0	Other
677589.6	7460933.0	0.0	0.0	100.0	Other
677589.6	7461133.0	0.0	0.0	100.0	Other
677589.6	7461333.0	0.0	0.0	100.0	Other
677589.6	7461533.0	0.0	0.0	100.0	Other
677589.6	7461733.0	0.0	0.0	100.0	Other
677589.6	7461933.0	0.0	0.0	100.0	Other
677589.6	7462133.0	0.0	0.0	100.0	Other
677589.6	7462333.0	0.0	0.0	100.0	Other
677589.6	7462533.0	0.0	0.0	100.0	Other
677589.6	7462733.0	0.0	0.0	100.0	Other
677589.6	7462933.0	0.4	0.0	99.6	Other
677589.6	7463133.0	0.0	0.0	100.0	Other
677589.6	7463333.0	5.3	0.0	94.7	Other
677589.6	7463533.0	2.7	0.0	97.3	Other
677589.6	7463733.0	0.2	0.0	99.8	Other
677589.6	7463933.0	40.6	0.0	59.4	Urban
677589.6	7464133.0	65.0	0.0	35.0	Urban
677589.6	7464333.0	57.2	0.0	42.8	Urban
677589.6	7464533.0	15.0	0.0	85.0	Other
677589.6	7464733.0	76.6	0.0	23.4	Urban
677589.6	7464933.0	76.1	0.0	23.9	Urban
677589.6	7465133.0	94.7	0.0	5.3	Urban
677589.6	7465333.0	100.0	0.0	0.0	Urban
677589.6	7465533.0	99.8	0.0	0.2	Urban
677589.6	7465733.0	96.2	0.0	3.8	Urban
677589.6	7465933.0	99.6	0.0	0.4	Urban
677589.6	7466133.0	96.7	0.0	3.3	Urban
677589.6	7466333.0	99.5	0.0	0.5	Urban
677589.6	7466533.0	87.7	0.0	12.3	Urban
677589.6	7466733.0	98.6	0.0	1.4	Urban
677589.6	7466933.0	96.6	0.0	3.4	Urban
677589.6	7467133.0	98.6	0.0	1.4	Urban
677589.6	7467333.0	96.7	0.0	3.3	Urban
677589.6	7467533.0	93.8	0.0	6.2	Urban
677589.6	7467733.0	86.9	0.0	13.1	Urban
677589.6	7467933.0	93.3	0.0	6.7	Urban
677589.6	7468133.0	98.2	0.0	1.8	Urban
677589.6	7468333.0	100.0	0.0	0.0	Urban
677589.6	7468533.0	99.6	0.0	0.4	Urban
677589.6	7468733.0	93.1	0.0	6.9	Urban
677589.6	7468933.0	90.3	0.0	9.7	Urban
677589.6	7469133.0	86.1	0.0	13.9	Urban
677589.6	7469333.0	80.1	0.0	19.9	Urban
677589.6	7469533.0	92.8	0.0	7.2	Urban
677589.6	7469733.0	81.2	0.0	18.8	Urban
677589.6	7469933.0	92.3	0.0	7.7	Urban
677589.6	7470133.0	91.3	0.0	8.7	Urban
677589.6	7470333.0	97.5	0.0	2.5	Urban
677589.6	7470533.0	83.3	0.0	16.7	Urban
677589.6	7470733.0	80.7	0.0	19.3	Urban
677589.6	7470933.0	97.8	0.0	2.2	Urban
677589.6	7471133.0	100.0	0.0	0.0	Urban
677589.6	7471333.0	98.9	0.0	1.1	Urban
677589.6	7471533.0	99.5	0.0	0.5	Urban
677589.6	7471733.0	99.1	0.0	0.9	Urban
677789.6	7451933.0	0.0	100.0	0.0	Water
677789.6	7452133.0	0.0	100.0	0.0	Water
677789.6	7452333.0	0.0	100.0	0.0	Water
677789.6	7452533.0	0.0	100.0	0.0	Water
677789.6	7452733.0	0.0	100.0	0.0	Water
677789.6	7452933.0	0.0	100.0	0.0	Water
677789.6	7453133.0	0.0	100.0	0.0	Water
677789.6	7453333.0	0.0	100.0	0.0	Water
677789.6	7453533.0	0.0	100.0	0.0	Water
677789.6	7453733.0	0.0	100.0	0.0	Water
677789.6	7453933.0	0.0	100.0	0.0	Water
677789.6	7454133.0	0.0	100.0	0.0	Water
677789.6	7454333.0	0.0	100.0	0.0	Water
677789.6	7454533.0	0.0	100.0	0.0	Water
677789.6	7454733.0	0.0	100.0	0.0	Water
677789.6	7454933.0	0.0	100.0	0.0	Water
677789.6	7455133.0	0.0	100.0	0.0	Water
677789.6	7455333.0	0.0	83.3	16.7	Water
677789.6	7455533.0	42.8	3.4	53.8	Urban
677789.6	7455733.0	30.2	0.0	69.8	Urban
677789.6	7455933.0	2.2	0.0	97.8	Other
677789.6	7456133.0	0.0	0.0	100.0	Other
677789.6	7456333.0	0.0	0.0	100.0	Other
677789.6	7456533.0	0.0	0.0	100.0	Other
677789.6	7456733.0	0.0	0.0	100.0	Other
677789.6	7456933.0	0.0	0.0	100.0	Other
677789.6	7457133.0	0.0	0.0	100.0	Other
677789.6	7457333.0	0.0	0.0	100.0	Other
677789.6	7457533.0	0.0	0.0	100.0	Other
677789.6	7457733.0	0.0	0.0	100.0	Other
677789.6	7457933.0	0.0	0.0	100.0	Other
677789.6	7458133.0	0.0	0.0	100.0	Other
677789.6	7458333.0	0.0	0.0	100.0	Other
677789.6	7458533.0	0.0	0.0	100.0	Other
677789.6	7458733.0	0.0	0.0	100.0	Other
677789.6	7458933.0	0.0	0.0	100.0	Other
677789.6	7459133.0	0.0	0.0	100.0	Other
677789.6	7459333.0	0.0	0.0	100.0	Other
677789.6	7459533.0	0.0	0.0	100.0	Other
677789.6	7459733.0	0.0	0.0	100.0	Other
677789.6	7459933.0	0.0	0.0	100.0	Other
677789.6	7460133.0	0.0	0.0	100.0	Other
677789.6	7460333.0	0.0	0.0	100.0	Other
677789.6	7460533.0	0.0	0.0	100.0	Other
677789.6	7460733.0	0.0	0.0	100.0	Other
677789.6	7460933.0	0.0	0.0	100.0	Other
677789.6	7461133.0	0.0	0.0	100.0	Other
677789.6	7461333.0	0.0	0.0	100.0	Other
677789.6	7461533.0	0.0	0.0	100.0	Other
677789.6	7461733.0	0.0	0.0	100.0	Other
677789.6	7461933.0	0.0	0.0	100.0	Other
677789.6	7462133.0	0.0	0.0	100.0	Other
677789.6	7462333.0	0.0	0.0	100.0	Other
677789.6	7462533.0	0.0	0.0	100.0	Other
677789.6	7462733.0	0.0	0.0	100.0	Other
677789.6	7462933.0	18.3	0.0	81.7	Other
677789.6	7463133.0	41.7	0.0	58.3	Urban
677789.6	7463333.0	37.9	0.0	62.1	Urban
677789.6	7463533.0	30.8	0.0	69.2	Urban
677789.6	7463733.0	55.1	0.0	44.9	Urban
677789.6	7463933.0	76.4	0.0	23.6	Urban
677789.6	7464133.0	75.4	0.0	24.6	Urban
677789.6	7464333.0	79.3	0.0	20.7	Urban
677789.6	7464533.0	33.9	0.0	66.1	Urban
677789.6	7464733.0	76.6	0.0	23.4	Urban
677789.6	7464933.0	100.0	0.0	0.0	Urban
677789.6	7465133.0	99.5	0.0	0.5	Urban
677789.6	7465333.0	87.0	0.0	13.0	Urban
677789.6	7465533.0	68.5	0.0	31.5	Urban
677789.6	7465733.0	99.5	0.0	0.5	Urban
677789.6	7465933.0	99.1	0.0	0.9	Urban
677789.6	7466133.0	99.8	0.0	0.2	Urban
677789.6	7466333.0	99.8	0.0	0.2	Urban
677789.6	7466533.0	70.3	0.0	29.7	Urban
677789.6	7466733.0	72.5	0.0	27.5	Urban
677789.6	7466933.0	93.1	0.0	6.9	Urban
677789.6	7467133.0	80.1	0.0	19.9	Urban
677789.6	7467333.0	94.3	0.0	5.7	Urban
677789.6	7467533.0	90.9	0.0	9.1	Urban
677789.6	7467733.0	93.5	0.0	6.5	Urban
677789.6	7467933.0	90.8	0.0	9.2	Urban
677789.6	7468133.0	97.6	0.0	2.4	Urban
677789.6	7468333.0	97.3	0.0	2.7	Urban
677789.6	7468533.0	94.9	0.0	5.1	Urban
677789.6	7468733.0	91.8	0.0	8.2	Urban
677789.6	7468933.0	95.5	0.0	4.5	Urban
677789.6	7469133.0	89.3	0.0	10.7	Urban
677789.6	7469333.0	82.1	0.0	17.9	Urban
677789.6	7469533.0	86.3	0.0	13.7	Urban
677789.6	7469733.0	92.8	0.0	7.2	Urban
677789.6	7469933.0	98.9	0.0	1.1	Urban
677789.6	7470133.0	96.6	0.0	3.4	Urban
677789.6	7470333.0	96.6	0.0	3.4	Urban
677789.6	7470533.0	100.0	0.0	0.0	Urban
677789.6	7470733.0	98.0	0.0	2.0	Urban
677789.6	7470933.0	94.4	0.0	5.6	Urban
677789.6	7471133.0	99.1	0.0	0.9	Urban
677789.6	7471333.0	100.0	0.0	0.0	Urban
677789.6	7471533.0	99.8	0.0	0.2	Urban
677789.6	7471733.0	100.0	0.0	0.0	Urban
677989.6	7451933.0	0.0	100.0	0.0	Water
677989.6	7452133.0	0.0	100.0	0.0	Water
677989.6	7452333.0	0.0	100.0	0.0	Water
677989.6	7452533.0	0.0	100.0	0.0	Water
677989.6	7452733.0	0.0	100.0	0.0	Water
677989.6	7452933.0	0.0	100.0	0.0	Water
677989.6	7453133.0	0.0	100.0	0.0	Water
677989.6	7453333.0	0.0	100.0	0.0	Water
677989.6	7453533.0	0.0	100.0	0.0	Water
677989.6	7453733.0	0.0	100.0	0.0	Water
677989.6	7453933.0	0.0	100.0	0.0	Water
677989.6	7454133.0	0.0	100.0	0.0	Water
677989.6	7454333.0	0.0	100.0	0.0	Water
677989.6	7454533.0	0.0	100.0	0.0	Water
677989.6	7454733.0	0.0	100.0	0.0	Water
677989.6	7454933.0	0.0	100.0	0.0	Water
677989.6	7455133.0	0.0	100.0	0.0	Water
677989.6	7455333.0	0.0	93.0	7.0	Water
677989.6	7455533.0	9.8	6.9	83.3	Other
677989.6	7455733.0	13.0	0.0	87.0	Other
677989.6	7455933.0	0.9	0.0	99.1	Other
677989.6	7456133.0	0.0	0.0	100.0	Other
677989.6	7456333.0	0.0	0.0	100.0	Other
677989.6	7456533.0	0.0	0.0	100.0	Other
677989.6	7456733.0	0.0	0.0	100.0	Other
677989.6	7456933.0	0.0	0.0	100.0	Other
677989.6	7457133.0	0.0	0.0	100.0	Other
677989.6	7457333.0	0.0	0.0	100.0	Other
677989.6	7457533.0	0.0	0.0	100.0	Other
677989.6	7457733.0	0.0	0.0	100.0	Other
677989.6	7457933.0	0.0	0.0	100.0	Other
677989.6	7458133.0	0.0	0.0	100.0	Other
677989.6	7458333.0	0.0	0.0	100.0	Other
677989.6	7458533.0	0.0	0.0	100.0	Other
677989.6	7458733.0	0.0	0.0	100.0	Other
677989.6	7458933.0	0.0	0.0	100.0	Other
677989.6	7459133.0	0.0	0.0	100.0	Other
677989.6	7459333.0	0.0	0.0	100.0	Other
677989.6	7459533.0	0.0	0.0	100.0	Other
677989.6	7459733.0	0.0	0.0	100.0	Other
677989.6	7459933.0	0.0	0.0	100.0	Other
677989.6	7460133.0	0.8	0.0	99.2	Other
677989.6	7460333.0	0.0	0.0	100.0	Other
677989.6	7460533.0	14.5	0.0	85.5	Other
677989.6	7460733.0	0.0	0.0	100.0	Other
677989.6	7460933.0	0.0	0.0	100.0	Other
677989.6	7461133.0	0.0	0.0	100.0	Other
677989.6	7461333.0	27.3	0.0	72.7	Urban
677989.6	7461533.0	7.2	0.0	92.8	Other
677989.6	7461733.0	0.0	0.0	100.0	Other
677989.6	7461933.0	0.0	0.0	100.0	Other
677989.6	7462133.0	0.0	0.0	100.0	Other
677989.6	7462333.0	0.0	0.0	100.0	Other
677989.6	7462533.0	0.0	0.0	100.0	Other
677989.6	7462733.0	0.0	0.0	100.0	Other
677989.6	7462933.0	0.0	0.0	100.0	Other
677989.6	7463133.0	71.0	0.0	29.0	Urban
677989.6	7463333.0	85.1	0.0	14.9	Urban
677989.6	7463533.0	75.7	0.0	24.3	Urban
677989.6	7463733.0	62.1	0.0	37.9	Urban
677989.6	7463933.0	63.9	0.0	36.1	Urban
677989.6	7464133.0	79.5	0.0	20.5	Urban
677989.6	7464333.0	82.1	0.0	17.9	Urban
677989.6	7464533.0	76.3	0.0	23.7	Urban
677989.6	7464733.0	64.0	0.0	36.0	Urban
677989.6	7464933.0	95.7	0.0	4.3	Urban
677989.6	7465133.0	99.6	0.0	0.4	Urban
677989.6	7465333.0	37.7	0.0	62.3	Urban
677989.6	7465533.0	4.3	0.0	95.7	Other
677989.6	7465733.0	74.5	0.0	25.5	Urban
677989.6	7465933.0	96.9	0.0	3.1	Urban
677989.6	7466133.0	99.5	0.0	0.5	Urban
677989.6	7466333.0	98.9	0.0	1.1	Urban
677989.6	7466533.0	97.3	0.0	2.7	Urban
677989.6	7466733.0	92.8	0.0	7.2	Urban
677989.6	7466933.0	83.5	0.0	16.5	Urban
677989.6	7467133.0	91.3	0.0	8.7	Urban
677989.6	7467333.0	89.5	0.0	10.5	Urban
677989.6	7467533.0	89.5	0.0	10.5	Urban
677989.6	7467733.0	98.4	0.0	1.6	Urban
677989.6	7467933.0	98.6	0.0	1.4	Urban
677989.6	7468133.0	97.3	0.0	2.7	Urban
677989.6	7468333.0	98.6	0.0	1.4	Urban
677989.6	7468533.0	87.5	0.0	12.5	Urban
677989.6	7468733.0	99.3	0.0	0.7	Urban
677989.6	7468933.0	99.8	0.0	0.2	Urban
677989.6	7469133.0	100.0	0.0	0.0	Urban
677989.6	7469333.0	100.0	0.0	0.0	Urban
677989.6	7469533.0	98.0	0.0	2.0	Urban
677989.6	7469733.0	98.6	0.0	1.4	Urban
677989.6	7469933.0	99.3	0.0	0.7	Urban
677989.6	7470133.0	83.7	0.0	16.3	Urban
677989.6	7470333.0	65.2	0.0	34.8	Urban
677989.6	7470533.0	100.0	0.0	0.0	Urban
677989.6	7470733.0	94.7	0.0	5.3	Urban
677989.6	7470933.0	97.5	0.0	2.5	Urban
677989.6	7471133.0	98.2	0.0	1.8	Urban
677989.6	7471333.0	96.7	0.0	3.3	Urban
677989.6	7471533.0	99.1	0.0	0.9	Urban
677989.6	7471733.0	100.0	0.0	0.0	Urban
678189.6	7451933.0	0.0	100.0	0.0	Water
678189.6	7452133.0	0.0	100.0	0.0	Water
678189.6	7452333.0	0.0	100.0	0.0	Water
678189.6	7452533.0	0.0	100.0	0.0	Water
678189.6	7452733.0	0.0	100.0	0.0	Water
678189.6	7452933.0	0.0	100.0	0.0	Water
678189.6	7453133.0	0.0	100.0	0.0	Water
678189.6	7453333.0	0.0	100.0	0.0	Water
678189.6	7453533.0	0.0	100.0	0.0	Water
678189.6	7453733.0	0.0	100.0	0.0	Water
678189.6	7453933.0	0.0	100.0	0.0	Water
678189.6	7454133.0	0.0	100.0	0.0	Water
678189.6	7454333.0	0.0	100.0	0.0	Water
678189.6	7454533.0	0.0	100.0	0.0	Water
678189.6	7454733.0	0.0	100.0	0.0	Water
678189.6	7454933.0	0.0	100.0	0.0	Water
678189.6	7455133.0	0.0	100.0	0.0	Water
678189.6	7455333.0	0.0	93.7	6.3	Water
678189.6	7455533.0	8.0	2.4	89.7	Other
678189.6	7455733.0	15.9	0.0	84.1	Other
678189.6	7455933.0	5.8	0.0	94.2	Other
678189.6	7456133.0	6.5	0.0	93.5	Other
678189.6	7456333.0	0.7	0.0	99.3	Other
678189.6	7456533.0	0.0	0.0	100.0	Other
678189.6	7456733.0	0.0	0.0	100.0	Other
678189.6	7456933.0	0.0	0.0	100.0	Other
678189.6	7457133.0	0.0	0.0	100.0	Other
678189.6	7457333.0	0.0	0.0	100.0	Other
678189.6	7457533.0	0.0	0.0	100.0	Other
678189.6	7457733.0	0.0	0.0	100.0	Other
678189.6	7457933.0	0.0	0.0	100.0	Other
678189.6	7458133.0	0.0	0.0	100.0	Other
678189.6	7458333.0	0.0	0.0	100.0	Other
678189.6	7458533.0	0.0	0.0	100.0	Other
678189.6	7458733.0	0.0	0.0	100.0	Other
678189.6	7458933.0	0.0	0.0	100.0	Other
678189.6	7459133.0	0.0	0.0	100.0	Other
678189.6	7459333.0	0.0	0.0	100.0	Other
678189.6	7459533.0	0.0	0.0	100.0	Other
678189.6	7459733.0	0.0	0.0	100.0	Other
678189.6	7459933.0	0.0	0.0	100.0	Other
678189.6	7460133.0	0.0	0.0	100.0	Other
678189.6	7460333.0	0.0	0.0	100.0	Other
678189.6	7460533.0	9.6	0.0	90.4	Other
678189.6	7460733.0	16.3	0.0	83.7	Other
678189.6	7460933.0	41.5	0.0	58.5	Urban
678189.6	7461133.0	30.4	0.0	69.6	Urban
678189.6	7461333.0	71.7	0.0	28.3	Urban
678189.6	7461533.0	35.9	0.0	64.1	Urban
678189.6	7461733.0	11.2	0.0	88.8	Other
678189.6	7461933.0	0.0	0.0	100.0	Other
678189.6	7462133.0	0.0	0.0	100.0	Other
678189.6	7462333.0	2.2	0.0	97.8	Other
678189.6	7462533.0	17.4	0.0	82.6	Other
678189.6	7462733.0	8.3	0.0	91.7	Other
678189.6	7462933.0	0.7	0.0	99.3	Other
678189.6	7463133.0	30.3	0.0	69.7	Urban
678189.6	7463333.0	36.9	0.0	63.1	Urban
678189.6	7463533.0	72.0	0.0	28.0	Urban
678189.6	7463733.0	85.9	0.0	14.1	Urban
678189.6	7463933.0	71.2	0.0	28.8	Urban
678189.6	7464133.0	82.8	0.0	17.2	Urban
678189.6	7464333.0	74.8	0.0	25.2	Urban
678189.6	7464533.0	87.1	0.0	12.9	Urban
678189.6	7464733.0	63.6	0.0	36.4	Urban
678189.6	7464933.0	77.7	0.0	22.3	Urban
678189.6	7465133.0	84.1	0.0	15.9	Urban
678189.6	7465333.0	42.2	0.0	57.8	Urban
678189.6	7465533.0	0.0	0.0	100.0	Other
678189.6	7465733.0	5.3	0.0	94.7	Other
678189.6	7465933.0	56.5	0.0	43.5	Urban
678189.6	7466133.0	88.4	0.0	11.6	Urban
678189.6	7466333.0	97.1	0.0	2.9	Urban
678189.6	7466533.0	95.7	0.0	4.3	Urban
678189.6	7466733.0	98.7	0.0	1.3	Urban
678189.6	7466933.0	96.0	0.0	4.0	Urban
678189.6	7467133.0	88.9	0.0	11.1	Urban
678189.6	7467333.0	91.7	0.0	8.3	Urban
678189.6	7467533.0	96.7	0.0	3.3	Urban
678189.6	7467733.0	99.8	0.0	0.2	Urban
678189.6	7467933.0	65.6	0.0	34.4	Urban
678189.6	7468133.0	63.8	0.0	36.2	Urban
678189.6	7468333.0	98.7	0.0	1.3	Urban
678189.6	7468533.0	93.1	0.0	6.9	Urban
678189.6	7468733.0	98.6	0.0	1.4	Urban
678189.6	7468933.0	100.0	0.0	0.0	Urban
678189.6	7469133.0	95.8	0.0	4.2	Urban
678189.6	7469333.0	99.7	0.0	0.3	Urban
678189.6	7469533.0	96.0	0.0	4.0	Urban
678189.6	7469733.0	98.4	1.6	0.0	Urban
678189.6	7469933.0	97.3	0.0	2.7	Urban
678189.6	7470133.0	33.9	0.0	66.1	Urban
678189.6	7470333.0	33.9	0.0	66.1	Urban
678189.6	7470533.0	96.4	0.0	3.6	Urban
678189.6	7470733.0	99.6	0.0	0.4	Urban
678189.6	7470933.0	99.8	0.0	0.2	Urban
678189.6	7471133.0	97.6	0.0	2.4	Urban
678189.6	7471333.0	94.9	0.0	5.1	Urban
678189.6	7471533.0	95.8	0.0	4.2	Urban
678189.6	7471733.0	98.6	0.0	1.4	Urban
678389.6	7451933.0	0.0	100.0	0.0	Water
678389.6	7452133.0	0.0	100.0	0.0	Water
678389.6	7452333.0	0.0	100.0	0.0	Water
678389.6	7452533.0	0.0	100.0	0.0	Water
678389.6	7452733.0	0.0	100.0	0.0	Water
678389.6	7452933.0	0.0	100.0	0.0	Water
678389.6	7453133.0	0.0	100.0	0.0	Water
678389.6	7453333.0	0.0	100.0	0.0	Water
678389.6	7453533.0	0.0	100.0	0.0	Water
678389.6	7453733.0	0.0	100.0	0.0	Water
678389.6	7453933.0	0.0	100.0	0.0	Water
678389.6	7454133.0	0.0	100.0	0.0	Water
678389.6	7454333.0	0.0	100.0	0.0	Water
678389.6	7454533.0	0.0	100.0	0.0	Water
678389.6	7454733.0	0.0	100.0	0.0	Water
678389.6	7454933.0	0.0	100.0	0.0	Water
678389.6	7455133.0	0.0	100.0	0.0	Water
678389.6	7455333.0	0.0	99.8	0.2	Water
678389.6	7455533.0	17.8	4.9	77.4	Other
678389.6	7455733.0	59.1	0.0	40.9	Urban
678389.6	7455933.0	39.3	0.0	60.7	Urban
678389.6	7456133.0	10.5	0.0	89.5	Other
678389.6	7456333.0	6.9	0.0	93.1	Other
678389.6	7456533.0	0.0	0.0	100.0	Other
678389.6	7456733.0	0.0	0.0	100.0	Other
678389.6	7456933.0	0.0	0.0	100.0	Other
678389.6	7457133.0	0.0	0.0	100.0	Other
678389.6	7457333.0	0.0	0.0	100.0	Other
678389.6	7457533.0	0.0	0.0	100.0	Other
678389.6	7457733.0	0.0	0.0	100.0	Other
678389.6	7457933.0	0.0	0.0	100.0	Other
678389.6	7458133.0	0.0	0.0	100.0	Other
678389.6	7458333.0	0.0	0.0	100.0	Other
678389.6	7458533.0	0.0	0.0	100.0	Other
678389.6	7458733.0	0.0	0.0	100.0	Other
678389.6	7458933.0	0.0	0.0	100.0	Other
678389.6	7459133.0	0.0	0.0	100.0	Other
678389.6	7459333.0	0.0	0.0	100.0	Other
678389.6	7459533.0	0.0	0.0	100.0	Other
678389.6	7459733.0	0.0	0.0	100.0	Other
678389.6	7459933.0	0.0	0.0	100.0	Other
678389.6	7460133.0	0.0	0.0	100.0	Other
678389.6	7460333.0	0.0	0.0	100.0	Other
678389.6	7460533.0	0.0	0.0	100.0	Other
678389.6	7460733.0	2.4	0.0	97.6	Other
678389.6	7460933.0	15.7	0.0	84.3	Other
678389.6	7461133.0	29.3	0.0	70.7	Urban
678389.6	7461333.0	73.6	0.0	26.4	Urban
678389.6	7461533.0	61.1	0.0	38.9	Urban
678389.6	7461733.0	11.8	0.0	88.2	Other
678389.6	7461933.0	0.0	0.0	100.0	Other
678389.6	7462133.0	0.0	0.0	100.0	Other
678389.6	7462333.0	0.0	0.0	100.0	Other
678389.6	7462533.0	23.9	0.0	76.1	Urban
678389.6	7462733.0	37.9	0.0	62.1	Urban
678389.6	7462933.0	21.0	0.0	79.0	Urban
678389.6	7463133.0	53.9	0.0	46.1	Urban
678389.6	7463333.0	55.8	0.0	44.2	Urban
678389.6	7463533.0	89.3	0.0	10.7	Urban
678389.6	7463733.0	83.0	0.0	17.0	Urban
678389.6	7463933.0	77.4	0.0	22.6	Urban
678389.6	7464133.0	77.4	0.0	22.6	Urban
678389.6	7464333.0	88.2	0.0	11.8	Urban
678389.6	7464533.0	88.5	0.0	11.5	Urban
678389.6	7464733.0	9.2	0.0	90.8	Other
678389.6	7464933.0	73.7	0.0	26.3	Urban
678389.6	7465133.0	10.9	0.0	89.1	Other
678389.6	7465333.0	0.0	0.0	100.0	Other
678389.6	7465533.0	0.0	0.0	100.0	Other
678389.6	7465733.0	32.8	0.0	67.2	Urban
678389.6	7465933.0	94.7	0.0	5.3	Urban
678389.6	7466133.0	95.3	0.0	4.7	Urban
678389.6	7466333.0	98.0	0.0	2.0	Urban
678389.6	7466533.0	93.4	0.0	6.6	Urban
678389.6	7466733.0	91.3	0.0	8.7	Urban
678389.6	7466933.0	77.0	0.0	23.0	Urban
678389.6	7467133.0	83.1	0.0	16.9	Urban
678389.6	7467333.0	92.8	0.0	7.2	Urban
678389.6	7467533.0	99.1	0.0	0.9	Urban
678389.6	7467733.0	100.0	0.0	0.0	Urban
678389.6	7467933.0	72.3	0.0	27.7	Urban
678389.6	7468133.0	58.8	0.0	41.2	Urban
678389.6	7468333.0	88.1	0.0	11.9	Urban
678389.6	7468533.0	87.7	0.0	12.3	Urban
678389.6	7468733.0	93.8	0.0	6.2	Urban
678389.6	7468933.0	99.4	0.0	0.6	Urban
678389.6	7469133.0	100.0	0.0	0.0	Urban
678389.6	7469333.0	100.0	0.0	0.0	Urban
678389.6	7469533.0	100.0	0.0	0.0	Urban
678389.6	7469733.0	96.4	2.7	0.9	Urban
678389.6	7469933.0	89.3	0.0	10.7	Urban
678389.6	7470133.0	0.7	0.0	99.3	Other
678389.6	7470333.0	54.1	0.0	45.9	Urban
678389.6	7470533.0	87.0	0.0	13.0	Urban
678389.6	7470733.0	99.8	0.0	0.2	Urban
678389.6	7470933.0	100.0	0.0	0.0	Urban
678389.6	7471133.0	98.7	0.0	1.3	Urban
678389.6	7471333.0	99.8	0.0	0.2	Urban
678389.6	7471533.0	99.8	0.0	0.2	Urban
678389.6	7471733.0	99.6	0.0	0.4	Urban
678589.6	7451933.0	0.0	100.0	0.0	Water
678589.6	7452133.0	0.0	100.0	0.0	Water
678589.6	7452333.0	0.0	100.0	0.0	Water
678589.6	7452533.0	0.0	100.0	0.0	Water
678589.6	7452733.0	0.0	100.0	0.0	Water
678589.6	7452933.0	0.0	100.0	0.0	Water
678589.6	7453133.0	0.0	100.0	0.0	Water
678589.6	7453333.0	0.0	100.0	0.0	Water
678589.6	7453533.0	0.0	100.0	0.0	Water
678589.6	7453733.0	0.0	100.0	0.0	Water
678589.6	7453933.0	0.0	100.0	0.0	Water
678589.6	7454133.0	0.0	100.0	0.0	Water
678589.6	7454333.0	0.0	100.0	0.0	Water
678589.6	7454533.0	0.0	100.0	0.0	Water
678589.6	7454733.0	0.0	100.0	0.0	Water
678589.6	7454933.0	0.0	100.0	0.0	Water
678589.6	7455133.0	0.0	100.0	0.0	Water
678589.6	7455333.0	0.0	100.0	0.0	Water
678589.6	7455533.0	34.1	9.4	56.5	Urban
678589.6	7455733.0	54.5	0.0	45.5	Urban
678589.6	7455933.0	66.3	0.0	33.7	Urban
678589.6	7456133.0	31.3	0.0	68.7	Urban
678589.6	7456333.0	16.3	0.0	83.7	Other
678589.6	7456533.0	4.5	0.0	95.5	Other
678589.6	7456733.0	0.0	0.0	100.0	Other
678589.6	7456933.0	0.0	0.0	100.0	Other
678589.6	7457133.0	0.0	0.0	100.0	Other
678589.6	7457333.0	0.0	0.0	100.0	Other
678589.6	7457533.0	0.0	0.0	100.0	Other
678589.6	7457733.0	0.0	0.0	100.0	Other
678589.6	7457933.0	0.0	0.0	100.0	Other
678589.6	7458133.0	0.0	0.0	100.0	Other
678589.6	7458333.0	0.0	0.0	100.0	Other
678589.6	7458533.0	0.0	0.0	100.0	Other
678589.6	7458733.0	0.0	0.0	100.0	Other
678589.6	7458933.0	0.0	0.0	100.0	Other
678589.6	7459133.0	0.0	0.0	100.0	Other
678589.6	7459333.0	0.0	0.0	100.0	Other
678589.6	7459533.0	0.0	0.0	100.0	Other
678589.6	7459733.0	0.0	0.0	100.0	Other
678589.6	7459933.0	0.0	0.0	100.0	Other
678589.6	7460133.0	0.0	0.0	100.0	Other
678589.6	7460333.0	0.0	0.0	100.0	Other
678589.6	7460533.0	0.0	0.0	100.0	Other
678589.6	7460733.0	0.0	0.0	100.0	Other
678589.6	7460933.0	14.7	0.0	85.3	Other
678589.6	7461133.0	54.0	0.0	46.0	Urban
678589.6	7461333.0	76.8	0.0	23.2	Urban
678589.6	7461533.0	28.4	0.0	71.6	Urban
678589.6	7461733.0	0.0	0.0	100.0	Other
678589.6	7461933.0	0.0	0.0	100.0	Other
678589.6	7462133.0	0.0	0.0	100.0	Other
678589.6	7462333.0	0.0	0.0	100.0	Other
678589.6	7462533.0	6.2	0.0	93.8	Other
678589.6	7462733.0	84.8	0.0	15.2	Urban
678589.6	7462933.0	83.0	0.0	17.0	Urban
678589.6	7463133.0	60.7	0.0	39.3	Urban
678589.6	7463333.0	81.3	0.0	18.7	Urban
678589.6	7463533.0	90.0	0.0	10.0	Urban
678589.6	7463733.0	91.1	0.0	8.9	Urban
678589.6	7463933.0	93.3	0.0	6.7	Urban
678589.6	7464133.0	91.0	0.0	9.0	Urban
678589.6	7464333.0	88.6	0.0	11.4	Urban
678589.6	7464533.0	85.5	0.0	14.5	Urban
678589.6	7464733.0	82.6	0.0	17.4	Urban
678589.6	7464933.0	93.3	0.0	6.7	Urban
678589.6	7465133.0	37.7	0.0	62.3	Urban
678589.6	7465333.0	0.0	0.0	100.0	Other
678589.6	7465533.0	0.0	0.0	100.0	Other
678589.6	7465733.0	35.0	0.0	65.0	Urban
678589.6	7465933.0	96.2	0.0	3.8	Urban
678589.6	7466133.0	98.6	0.0	1.4	Urban
678589.6	7466333.0	98.7	0.0	1.3	Urban
678589.6	7466533.0	83.7	0.0	16.3	Urban
678589.6	7466733.0	79.5	0.0	20.5	Urban
678589.6	7466933.0	76.8	0.0	23.2	Urban
678589.6	7467133.0	93.8	0.0	6.2	Urban
678589.6	7467333.0	99.6	0.0	0.4	Urban
678589.6	7467533.0	94.6	0.0	5.4	Urban
678589.6	7467733.0	99.7	0.0	0.3	Urban
678589.6	7467933.0	100.0	0.0	0.0	Urban
678589.6	7468133.0	73.2	0.0	26.8	Urban
678589.6	7468333.0	62.5	0.0	37.5	Urban
678589.6	7468533.0	82.2	0.0	17.8	Urban
678589.6	7468733.0	95.7	0.0	4.3	Urban
678589.6	7468933.0	98.7	0.0	1.3	Urban
678589.6	7469133.0	99.7	0.0	0.3	Urban
678589.6	7469333.0	100.0	0.0	0.0	Urban
678589.6	7469533.0	100.0	0.0	0.0	Urban
678589.6	7469733.0	100.0	0.0	0.0	Urban
678589.6	7469933.0	100.0	0.0	0.0	Urban
678589.6	7470133.0	47.6	0.0	52.4	Urban
678589.6	7470333.0	68.4	0.0	31.6	Urban
678589.6	7470533.0	83.7	0.0	16.3	Urban
678589.6	7470733.0	98.7	0.0	1.3	Urban
678589.6	7470933.0	99.2	0.0	0.8	Urban
678589.6	7471133.0	98.6	0.0	1.4	Urban
678589.6	7471333.0	100.0	0.0	0.0	Urban
678589.6	7471533.0	100.0	0.0	0.0	Urban
678589.6	7471733.0	100.0	0.0	0.0	Urban
678789.6	7451933.0	0.0	100.0	0.0	Water
678789.6	7452133.0	0.0	100.0	0.0	Water
678789.6	7452333.0	0.0	100.0	0.0	Water
678789.6	7452533.0	0.0	100.0	0.0	Water
678789.6	7452733.0	0.0	100.0	0.0	Water
678789.6	7452933.0	0.0	100.0	0.0	Water
678789.6	7453133.0	0.0	100.0	0.0	Water
678789.6	7453333.0	0.0	100.0	0.0	Water
678789.6	7453533.0	0.0	100.0	0.0	Water
678789.6	7453733.0	0.0	100.0	0.0	Water
678789.6	7453933.0	0.0	100.0	0.0	Water
678789.6	7454133.0	0.0	100.0	0.0	Water
678789.6	7454333.0	0.0	100.0	0.0	Water
678789.6	7454533.0	0.0	100.0	0.0	Water
678789.6	7454733.0	0.0	100.0	0.0	Water
678789.6	7454933.0	0.0	100.0	0.0	Water
678789.6	7455133.0	0.0	100.0	0.0	Water
678789.6	7455333.0	0.0	100.0	0.0	Water
678789.6	7455533.0	15.6	23.0	61.4	Other
678789.6	7455733.0	26.6	0.0	73.4	Urban
678789.6	7455933.0	45.3	0.0	54.7	Urban
678789.6	7456133.0	43.8	0.0	56.2	Urban
678789.6	7456333.0	6.9	0.0	93.1	Other
678789.6	7456533.0	0.4	0.0	99.6	Other
678789.6	7456733.0	6.3	0.0	93.7	Other
678789.6	7456933.0	0.0	0.0	100.0	Other
678789.6	7457133.0	0.0	0.0	100.0	Other
678789.6	7457333.0	0.0	0.0	100.0	Other
678789.6	7457533.0	0.0	0.0	100.0	Other
678789.6	7457733.0	0.0	0.0	100.0	Other
678789.6	7457933.0	0.0	0.0	100.0	Other
678789.6	7458133.0	0.0	0.0	100.0	Other
678789.6	7458333.0	0.0	0.0	100.0	Other
678789.6	7458533.0	0.0	0.0	100.0	Other
678789.6	7458733.0	0.0	0.0	100.0	Other
678789.6	7458933.0	0.0	0.0	100.0	Other
678789.6	7459133.0	0.0	0.0	100.0	Other
678789.6	7459333.0	0.0	0.0	100.0	Other
678789.6	7459533.0	0.0	0.0	100.0	Other
678789.6	7459733.0	0.0	0.0	100.0	Other
678789.6	7459933.0	0.0	0.0	100.0	Other
678789.6	7460133.0	0.0	0.0	100.0	Other
678789.6	7460333.0	0.0	0.0	100.0	Other
678789.6	7460533.0	0.0	0.0	100.0	Other
678789.6	7460733.0	0.0	0.0	100.0	Other
678789.6	7460933.0	0.0	0.0	100.0	Other
678789.6	7461133.0	3.6	0.0	96.4	Other
678789.6	7461333.0	65.4	0.0	34.6	Urban
678789.6	7461533.0	58.1	0.0	41.9	Urban
678789.6	7461733.0	10.0	0.0	90.0	Other
678789.6	7461933.0	25.0	0.0	75.0	Urban
678789.6	7462133.0	12.9	0.0	87.1	Other
678789.6	7462333.0	25.2	0.0	74.8	Urban
678789.6	7462533.0	15.6	0.0	84.4	Other
678789.6	7462733.0	49.1	0.0	50.9	Urban
678789.6	7462933.0	87.3	0.0	12.7	Urban
678789.6	7463133.0	65.9	0.0	34.1	Urban
678789.6	7463333.0	92.0	0.0	8.0	Urban
678789.6	7463533.0	83.7	0.0	16.3	Urban
678789.6	7463733.0	88.0	0.0	12.0	Urban
678789.6	7463933.0	94.2	0.0	5.8	Urban
678789.6	7464133.0	92.8	0.0	7.2	Urban
678789.6	7464333.0	94.2	0.0	5.8	Urban
678789.6	7464533.0	90.8	0.0	9.2	Urban
678789.6	7464733.0	77.0	0.0	23.0	Urban
678789.6	7464933.0	85.9	0.0	14.1	Urban
678789.6	7465133.0	7.1	0.0	92.9	Other
678789.6	7465333.0	0.0	0.0	100.0	Other
678789.6	7465533.0	7.2	0.0	92.8	Other
678789.6	7465733.0	87.0	0.0	13.0	Urban
678789.6	7465933.0	95.5	0.0	4.5	Urban
678789.6	7466133.0	99.6	0.0	0.4	Urban
678789.6	7466333.0	99.1	0.0	0.9	Urban
678789.6	7466533.0	97.9	0.0	2.1	Urban
678789.6	7466733.0	87.7	0.0	12.3	Urban
678789.6	7466933.0	99.8	0.0	0.2	Urban
678789.6	7467133.0	100.0	0.0	0.0	Urban
678789.6	7467333.0	100.0	0.0	0.0	Urban
678789.6	7467533.0	98.6	0.0	1.4	Urban
678789.6	7467733.0	98.2	0.0	1.8	Urban
678789.6	7467933.0	100.0	0.0	0.0	Urban
678789.6	7468133.0	81.3	0.0	18.7	Urban
678789.6	7468333.0	20.8	0.0	79.2	Urban
678789.6	7468533.0	77.5	0.0	22.5	Urban
678789.6	7468733.0	97.0	0.0	3.0	Urban
678789.6	7468933.0	96.4	0.0	3.6	Urban
678789.6	7469133.0	83.2	0.0	16.8	Urban
678789.6	7469333.0	49.1	0.0	50.9	Urban
678789.6	7469533.0	58.3	0.0	41.7	Urban
678789.6	7469733.0	99.5	0.0	0.5	Urban
678789.6	7469933.0	100.0	0.0	0.0	Urban
678789.6	7470133.0	95.8	0.0	4.2	Urban
678789.6	7470333.0	94.9	0.0	5.1	Urban
678789.6	7470533.0	98.7	0.0	1.3	Urban
678789.6	7470733.0	93.5	0.0	6.5	Urban
678789.6	7470933.0	97.9	0.0	2.1	Urban
678789.6	7471133.0	98.6	0.0	1.4	Urban
678789.6	7471333.0	100.0	0.0	0.0	Urban
678789.6	7471533.0	96.7	0.0	3.3	Urban
678789.6	7471733.0	98.4	0.0	1.6	Urban
678989.6	7451933.0	0.0	100.0	0.0	Water
678989.6	7452133.0	0.0	100.0	0.0	Water
678989.6	7452333.0	0.0	100.0	0.0	Water
678989.6	7452533.0	0.0	100.0	0.0	Water
678989.6	7452733.0	0.0	100.0	0.0	Water
678989.6	7452933.0	0.0	100.0	0.0	Water
678989.6	7453133.0	0.0	100.0	0.0	Water
678989.6	7453333.0	0.0	100.0	0.0	Water
678989.6	7453533.0	0.0	100.0	0.0	Water
678989.6	7453733.0	0.0	100.0	0.0	Water
678989.6	7453933.0	0.0	100.0	0.0	Water
678989.6	7454133.0	0.0	100.0	0.0	Water
678989.6	7454333.0	0.0	100.0	0.0	Water
678989.6	7454533.0	0.0	100.0	0.0	Water
678989.6	7454733.0	0.0	100.0	0.0	Water
678989.6	7454933.0	0.0	100.0	0.0	Water
678989.6	7455133.0	0.0	100.0	0.0	Water
678989.6	7455333.0	0.0	100.0	0.0	Water
678989.6	7455533.0	8.0	39.7	52.4	Other
678989.6	7455733.0	0.0	0.0	100.0	Other
678989.6	7455933.0	15.2	0.0	84.8	Other
678989.6	7456133.0	76.3	0.0	23.7	Urban
678989.6	7456333.0	47.3	0.0	52.7	Urban
678989.6	7456533.0	60.7	0.0	39.3	Urban
678989.6	7456733.0	62.8	0.0	37.2	Urban
678989.6	7456933.0	20.1	0.0	79.9	Urban
678989.6	7457133.0	0.0	0.0	100.0	Other
678989.6	7457333.0	0.0	0.0	100.0	Other
678989.6	7457533.0	0.0	0.0	100.0	Other
678989.6	7457733.0	0.0	0.0	100.0	Other
678989.6	7457933.0	0.0	0.0	100.0	Other
678989.6	7458133.0	0.0	0.0	100.0	Other
678989.6	7458333.0	0.0	0.0	100.0	Other
678989.6	7458533.0	0.0	0.0	100.0	Other
678989.6	7458733.0	0.0	0.0	100.0	Other
678989.6	7458933.0	0.0	0.0	100.0	Other
678989.6	7459133.0	0.0	0.0	100.0	Other
678989.6	7459333.0	0.0	0.0	100.0	Other
678989.6	7459533.0	0.0	0.0	100.0	Other
678989.6	7459733.0	0.0	0.0	100.0	Other
678989.6	7459933.0	0.0	0.0	100.0	Other
678989.6	7460133.0	0.0	0.0	100.0	Other
678989.6	7460333.0	0.0	0.0	100.0	Other
678989.6	7460533.0	0.0	0.0	100.0	Other
678989.6	7460733.0	0.0	0.0	100.0	Other
678989.6	7460933.0	0.0	0.0	100.0	Other
678989.6	7461133.0	0.0	0.0	100.0	Other
678989.6	7461333.0	36.4	0.0	63.6	Urban
678989.6	7461533.0	74.1	0.0	25.9	Urban
678989.6	7461733.0	68.8	0.0	31.2	Urban
678989.6	7461933.0	96.7	0.0	3.3	Urban
678989.6	7462133.0	93.2	0.0	6.8	Urban
678989.6	7462333.0	86.8	0.0	13.2	Urban
678989.6	7462533.0	44.2	0.0	55.8	Urban
678989.6	7462733.0	34.5	0.0	65.5	Urban
678989.6	7462933.0	34.6	0.0	65.4	Urban
678989.6	7463133.0	93.8	0.0	6.2	Urban
678989.6	7463333.0	98.7	0.0	1.3	Urban
678989.6	7463533.0	89.3	0.0	10.7	Urban
678989.6	7463733.0	84.4	0.0	15.6	Urban
678989.6	7463933.0	47.6	0.0	52.4	Urban
678989.6	7464133.0	91.5	0.0	8.5	Urban
678989.6	7464333.0	95.1	0.0	4.9	Urban
678989.6	7464533.0	93.7	0.0	6.3	Urban
678989.6	7464733.0	71.0	0.0	29.0	Urban
678989.6	7464933.0	97.1	0.0	2.9	Urban
678989.6	7465133.0	13.2	0.0	86.8	Other
678989.6	7465333.0	1.6	0.0	98.4	Other
678989.6	7465533.0	0.0	0.0	100.0	Other
678989.6	7465733.0	48.4	0.0	51.6	Urban
678989.6	7465933.0	98.7	0.0	1.3	Urban
678989.6	7466133.0	99.0	0.0	1.0	Urban
678989.6	7466333.0	97.8	0.0	2.2	Urban
678989.6	7466533.0	96.0	0.0	4.0	Urban
678989.6	7466733.0	96.0	0.0	4.0	Urban
678989.6	7466933.0	98.6	0.0	1.4	Urban
678989.6	7467133.0	100.0	0.0	0.0	Urban
678989.6	7467333.0	98.0	0.0	2.0	Urban
678989.6	7467533.0	99.1	0.0	0.9	Urban
678989.6	7467733.0	99.1	0.0	0.9	Urban
678989.6	7467933.0	99.6	0.0	0.4	Urban
678989.6	7468133.0	86.4	0.0	13.6	Urban
678989.6	7468333.0	90.2	0.0	9.8	Urban
678989.6	7468533.0	87.1	0.0	12.9	Urban
678989.6	7468733.0	96.9	0.0	3.1	Urban
678989.6	7468933.0	96.4	0.0	3.6	Urban
678989.6	7469133.0	78.4	0.0	21.6	Urban
678989.6	7469333.0	23.7	0.0	76.3	Urban
678989.6	7469533.0	55.1	1.1	43.8	Urban
678989.6	7469733.0	97.2	1.0	1.7	Urban
678989.6	7469933.0	99.6	0.0	0.4	Urban
678989.6	7470133.0	99.5	0.0	0.5	Urban
678989.6	7470333.0	98.6	0.0	1.4	Urban
678989.6	7470533.0	99.6	0.0	0.4	Urban
678989.6	7470733.0	99.6	0.0	0.4	Urban
678989.6	7470933.0	100.0	0.0	0.0	Urban
678989.6	7471133.0	99.1	0.0	0.9	Urban
678989.6	7471333.0	98.7	0.0	1.3	Urban
678989.6	7471533.0	95.1	0.0	4.9	Urban
678989.6	7471733.0	99.3	0.0	0.7	Urban
679189.6	7451933.0	0.0	100.0	0.0	Water
679189.6	7452133.0	0.0	100.0	0.0	Water
679189.6	7452333.0	0.0	100.0	0.0	Water
679189.6	7452533.0	0.0	100.0	0.0	Water
679189.6	7452733.0	0.0	100.0	0.0	Water
679189.6	7452933.0	0.0	100.0	0.0	Water
679189.6	7453133.0	0.0	100.0	0.0	Water
679189.6	7453333.0	0.0	100.0	0.0	Water
679189.6	7453533.0	0.0	100.0	0.0	Water
679189.6	7453733.0	0.0	100.0	0.0	Water
679189.6	7453933.0	0.0	100.0	0.0	Water
679189.6	7454133.0	0.0	100.0	0.0	Water
679189.6	7454333.0	0.0	100.0	0.0	Water
679189.6	7454533.0	0.0	100.0	0.0	Water
679189.6	7454733.0	0.0	100.0	0.0	Water
679189.6	7454933.0	0.0	100.0	0.0	Water
679189.6	7455133.0	0.0	100.0	0.0	Water
679189.6	7455333.0	0.0	100.0	0.0	Water
679189.6	7455533.0	12.0	40.6	47.5	Other
679189.6	7455733.0	1.4	0.0	98.6	Other
679189.6	7455933.0	1.4	0.0	98.6	Other
679189.6	7456133.0	76.6	0.0	23.4	Urban
679189.6	7456333.0	95.7	0.0	4.3	Urban
679189.6	7456533.0	99.8	0.0	0.2	Urban
679189.6	7456733.0	99.6	0.0	0.4	Urban
679189.6	7456933.0	45.7	0.0	54.3	Urban
679189.6	7457133.0	1.4	0.0	98.6	Other
679189.6	7457333.0	0.0	0.0	100.0	Other
679189.6	7457533.0	0.0	0.0	100.0	Other
679189.6	7457733.0	0.0	0.0	100.0	Other
679189.6	7457933.0	0.0	0.0	100.0	Other
679189.6	7458133.0	0.0	0.0	100.0	Other
679189.6	7458333.0	0.0	0.0	100.0	Other
679189.6	7458533.0	0.0	0.0	100.0	Other
679189.6	7458733.0	0.0	0.0	100.0	Other
679189.6	7458933.0	0.0	0.0	100.0	Other
679189.6	7459133.0	0.0	0.0	100.0	Other
679189.6	7459333.0	0.0	0.0	100.0	Other
679189.6	7459533.0	0.0	0.0	100.0	Other
679189.6	7459733.0	0.0	0.0	100.0	Other
679189.6	7459933.0	0.0	0.0	100.0	Other
679189.6	7460133.0	0.0	0.0	100.0	Other
679189.6	7460333.0	0.0	0.0	100.0	Other
679189.6	7460533.0	0.0	0.0	100.0	Other
679189.6	7460733.0	0.0	0.0	100.0	Other
679189.6	7460933.0	0.0	0.0	100.0	Other
679189.6	7461133.0	0.0	0.0	100.0	Other
679189.6	7461333.0	9.6	0.0	90.4	Other
679189.6	7461533.0	4.3	0.0	95.7	Other
679189.6	7461733.0	56.3	0.0	43.7	Urban
679189.6	7461933.0	81.3	0.0	18.7	Urban
679189.6	7462133.0	78.8	0.0	21.2	Urban
679189.6	7462333.0	41.3	0.0	58.7	Urban
679189.6	7462533.0	45.3	0.0	54.7	Urban
679189.6	7462733.0	25.7	0.0	74.3	Urban
679189.6	7462933.0	24.6	0.0	75.4	Urban
679189.6	7463133.0	86.6	0.0	13.4	Urban
679189.6	7463333.0	94.6	0.0	5.4	Urban
679189.6	7463533.0	95.5	0.0	4.5	Urban
679189.6	7463733.0	80.1	0.0	19.9	Urban
679189.6	7463933.0	29.9	0.0	70.1	Urban
679189.6	7464133.0	51.3	0.0	48.7	Urban
679189.6	7464333.0	86.1	0.0	13.9	Urban
679189.6	7464533.0	90.8	0.0	9.2	Urban
679189.6	7464733.0	92.0	0.0	8.0	Urban
679189.6	7464933.0	94.1	0.0	5.9	Urban
679189.6	7465133.0	23.9	0.0	76.1	Urban
679189.6	7465333.0	0.2	0.0	99.8	Other
679189.6	7465533.0	0.0	0.0	100.0	Other
679189.6	7465733.0	2.0	0.0	98.0	Other
679189.6	7465933.0	80.5	0.0	19.5	Urban
679189.6	7466133.0	100.0	0.0	0.0	Urban
679189.6	7466333.0	98.9	0.0	1.1	Urban
679189.6	7466533.0	95.8	0.0	4.2	Urban
679189.6	7466733.0	98.7	0.0	1.3	Urban
679189.6	7466933.0	99.1	0.0	0.9	Urban
679189.6	7467133.0	99.5	0.0	0.5	Urban
679189.6	7467333.0	82.2	0.0	17.8	Urban
679189.6	7467533.0	98.4	0.0	1.6	Urban
679189.6	7467733.0	94.1	0.0	5.9	Urban
679189.6	7467933.0	97.3	0.0	2.7	Urban
679189.6	7468133.0	94.4	0.0	5.6	Urban
679189.6	7468333.0	96.4	0.0	3.6	Urban
679189.6	7468533.0	99.3	0.0	0.7	Urban
679189.6	7468733.0	99.3	0.0	0.7	Urban
679189.6	7468933.0	91.7	0.0	8.3	Urban
679189.6	7469133.0	89.1	0.0	10.9	Urban
679189.6	7469333.0	53.4	0.9	45.7	Urban
679189.6	7469533.0	88.9	0.5	10.5	Urban
679189.6	7469733.0	94.0	0.0	6.0	Urban
679189.6	7469933.0	94.4	0.0	5.6	Urban
679189.6	7470133.0	99.6	0.0	0.4	Urban
679189.6	7470333.0	99.5	0.0	0.5	Urban
679189.6	7470533.0	99.6	0.0	0.4	Urban
679189.6	7470733.0	86.8	0.0	13.2	Urban
679189.6	7470933.0	100.0	0.0	0.0	Urban
679189.6	7471133.0	99.8	0.0	0.2	Urban
679189.6	7471333.0	99.3	0.0	0.7	Urban
679189.6	7471533.0	97.8	0.0	2.2	Urban
679189.6	7471733.0	100.0	0.0	0.0	Urban
679389.6	7451933.0	0.0	100.0	0.0	Water
679389.6	7452133.0	0.0	100.0	0.0	Water
679389.6	7452333.0	0.0	100.0	0.0	Water
679389.6	7452533.0	0.0	100.0	0.0	Water
679389.6	7452733.0	0.0	100.0	0.0	Water
679389.6	7452933.0	0.0	100.0	0.0	Water
679389.6	7453133.0	0.0	100.0	0.0	Water
679389.6	7453333.0	0.0	100.0	0.0	Water
679389.6	7453533.0	0.0	100.0	0.0	Water
679389.6	7453733.0	0.0	100.0	0.0	Water
679389.6	7453933.0	0.0	100.0	0.0	Water
679389.6	7454133.0	0.0	100.0	0.0	Water
679389.6	7454333.0	0.0	100.0	0.0	Water
679389.6	7454533.0	0.0	100.0	0.0	Water
679389.6	7454733.0	0.0	100.0	0.0	Water
679389.6	7454933.0	0.0	100.0	0.0	Water
679389.6	7455133.0	0.0	100.0	0.0	Water
679389.6	7455333.0	0.0	100.0	0.0	Water
679389.6	7455533.0	27.2	23.6	49.3	Urban
679389.6	7455733.0	1.4	0.0	98.6	Other
679389.6	7455933.0	0.0	0.0	100.0	Other
679389.6	7456133.0	1.6	0.0	98.4	Other
679389.6	7456333.0	88.9	0.0	11.1	Urban
679389.6	7456533.0	96.0	0.0	4.0	Urban
679389.6	7456733.0	89.7	0.0	10.3	Urban
679389.6	7456933.0	7.6	0.0	92.4	Other
679389.6	7457133.0	41.8	0.0	58.2	Urban
679389.6	7457333.0	0.3	0.0	99.7	Other
679389.6	7457533.0	0.0	0.0	100.0	Other
679389.6	7457733.0	0.0	0.0	100.0	Other
679389.6	7457933.0	0.0	0.0	100.0	Other
679389.6	7458133.0	0.0	0.0	100.0	Other
679389.6	7458333.0	0.0	0.0	100.0	Other
679389.6	7458533.0	0.0	0.0	100.0	Other
679389.6	7458733.0	0.0	0.0	100.0	Other
679389.6	7458933.0	0.0	0.0	100.0	Other
679389.6	7459133.0	0.0	0.0	100.0	Other
679389.6	7459333.0	0.0	0.0	100.0	Other
679389.6	7459533.0	0.0	0.0	100.0	Other
679389.6	7459733.0	0.0	0.0	100.0	Other
679389.6	7459933.0	0.0	0.0	100.0	Other
679389.6	7460133.0	0.0	0.0	100.0	Other
679389.6	7460333.0	0.0	0.0	100.0	Other
679389.6	7460533.0	0.0	0.0	100.0	Other
679389.6	7460733.0	0.0	0.0	100.0	Other
679389.6	7460933.0	0.0	0.0	100.0	Other
679389.6	7461133.0	0.0	0.0	100.0	Other
679389.6	7461333.0	0.0	0.0	100.0	Other
679389.6	7461533.0	0.0	0.0	100.0	Other
679389.6	7461733.0	26.8	0.0	73.2	Urban
679389.6	7461933.0	77.9	0.0	22.1	Urban
679389.6	7462133.0	63.9	0.0	36.1	Urban
679389.6	7462333.0	47.7	0.0	52.3	Urban
679389.6	7462533.0	13.2	0.0	86.8	Other
679389.6	7462733.0	0.2	0.0	99.8	Other
679389.6	7462933.0	63.4	0.0	36.6	Urban
679389.6	7463133.0	59.8	0.0	40.2	Urban
679389.6	7463333.0	92.4	0.0	7.6	Urban
679389.6	7463533.0	96.9	0.0	3.1	Urban
679389.6	7463733.0	91.8	0.0	8.2	Urban
679389.6	7463933.0	69.4	0.0	30.6	Urban
679389.6	7464133.0	81.0	0.0	19.0	Urban
679389.6	7464333.0	87.3	0.0	12.7	Urban
679389.6	7464533.0	97.6	0.0	2.4	Urban
679389.6	7464733.0	98.4	0.0	1.6	Urban
679389.6	7464933.0	96.6	0.0	3.4	Urban
679389.6	7465133.0	66.1	0.0	33.9	Urban
679389.6	7465333.0	1.4	0.0	98.6	Other
679389.6	7465533.0	0.2	0.0	99.8	Other
679389.6	7465733.0	0.0	0.0	100.0	Other
679389.6	7465933.0	39.0	0.0	61.0	Urban
679389.6	7466133.0	94.6	0.0	5.4	Urban
679389.6	7466333.0	99.5	0.0	0.5	Urban
679389.6	7466533.0	98.9	0.0	1.1	Urban
679389.6	7466733.0	98.2	0.0	1.8	Urban
679389.6	7466933.0	84.4	0.0	15.6	Urban
679389.6	7467133.0	85.9	0.0	14.1	Urban
679389.6	7467333.0	64.7	0.0	35.3	Urban
679389.6	7467533.0	75.5	0.0	24.5	Urban
679389.6	7467733.0	47.8	0.0	52.2	Urban
679389.6	7467933.0	88.6	0.0	11.4	Urban
679389.6	7468133.0	97.7	0.0	2.3	Urban
679389.6	7468333.0	88.0	0.0	12.0	Urban
679389.6	7468533.0	98.9	0.0	1.1	Urban
679389.6	7468733.0	99.5	0.0	0.5	Urban
679389.6	7468933.0	84.1	0.0	15.9	Urban
679389.6	7469133.0	93.2	0.0	6.8	Urban
679389.6	7469333.0	99.5	0.0	0.5	Urban
679389.6	7469533.0	96.7	0.0	3.3	Urban
679389.6	7469733.0	98.9	0.0	1.1	Urban
679389.6	7469933.0	96.7	0.0	3.3	Urban
679389.6	7470133.0	98.4	0.0	1.6	Urban
679389.6	7470333.0	99.8	0.0	0.2	Urban
679389.6	7470533.0	100.0	0.0	0.0	Urban
679389.6	7470733.0	100.0	0.0	0.0	Urban
679389.6	7470933.0	98.1	0.0	1.9	Urban
679389.6	7471133.0	100.0	0.0	0.0	Urban
679389.6	7471333.0	98.7	0.0	1.3	Urban
679389.6	7471533.0	96.4	0.0	3.6	Urban
679389.6	7471733.0	99.1	0.0	0.9	Urban
679589.6	7451933.0	0.0	100.0	0.0	Water
679589.6	7452133.0	0.0	100.0	0.0	Water
679589.6	7452333.0	0.0	100.0	0.0	Water
679589.6	7452533.0	0.0	100.0	0.0	Water
679589.6	7452733.0	0.0	100.0	0.0	Water
679589.6	7452933.0	0.0	100.0	0.0	Water
679589.6	7453133.0	0.0	100.0	0.0	Water
679589.6	7453333.0	0.0	100.0	0.0	Water
679589.6	7453533.0	0.0	100.0	0.0	Water
679589.6	7453733.0	0.0	100.0	0.0	Water
679589.6	7453933.0	0.0	100.0	0.0	Water
679589.6	7454133.0	0.0	100.0	0.0	Water
679589.6	7454333.0	0.0	100.0	0.0	Water
679589.6	7454533.0	0.0	100.0	0.0	Water
679589.6	7454733.0	0.0	100.0	0.0	Water
679589.6	7454933.0	0.0	100.0	0.0	Water
679589.6	7455133.0	0.0	100.0	0.0	Water
679589.6	7455333.0	1.9	87.9	10.2	Water
679589.6	7455533.0	6.3	10.8	83.0	Other
679589.6	7455733.0	0.0	0.0	100.0	Other
679589.6	7455933.0	0.0	0.0	100.0	Other
679589.6	7456133.0	0.0	0.0	100.0	Other
679589.6	7456333.0	79.9	0.0	20.1	Urban
679589.6	7456533.0	97.9	0.0	2.1	Urban
679589.6	7456733.0	98.9	0.0	1.1	Urban
679589.6	7456933.0	29.4	0.0	70.6	Urban
679589.6	7457133.0	31.4	0.0	68.6	Urban
679589.6	7457333.0	1.1	0.0	98.9	Other
679589.6	7457533.0	0.0	0.0	100.0	Other
679589.6	7457733.0	0.0	0.0	100.0	Other
679589.6	7457933.0	0.0	0.0	100.0	Other
679589.6	7458133.0	0.0	0.0	100.0	Other
679589.6	7458333.0	0.0	0.0	100.0	Other
679589.6	7458533.0	0.0	0.0	100.0	Other
679589.6	7458733.0	0.0	0.0	100.0	Other
679589.6	7458933.0	0.0	0.0	100.0	Other
679589.6	7459133.0	0.0	0.0	100.0	Other
679589.6	7459333.0	0.0	0.0	100.0	Other
679589.6	7459533.0	0.0	0.0	100.0	Other
679589.6	7459733.0	0.0	0.0	100.0	Other
679589.6	7459933.0	0.0	0.0	100.0	Other
679589.6	7460133.0	0.0	0.0	100.0	Other
679589.6	7460333.0	0.4	0.0	99.6	Other
679589.6	7460533.0	0.0	0.0	100.0	Other
679589.6	7460733.0	0.0	0.0	100.0	Other
679589.6	7460933.0	0.0	0.0	100.0	Other
679589.6	7461133.0	0.0	0.0	100.0	Other
679589.6	7461333.0	0.0	0.0	100.0	Other
679589.6	7461533.0	0.0	0.0	100.0	Other
679589.6	7461733.0	0.5	0.0	99.5	Other
679589.6	7461933.0	46.4	0.0	53.6	Urban
679589.6	7462133.0	69.6	0.0	30.4	Urban
679589.6	7462333.0	73.4	0.0	26.6	Urban
679589.6	7462533.0	36.6	0.0	63.4	Urban
679589.6	7462733.0	32.8	0.0	67.2	Urban
679589.6	7462933.0	65.9	0.0	34.1	Urban
679589.6	7463133.0	76.1	0.0	23.9	Urban
679589.6	7463333.0	72.0	0.0	28.0	Urban
679589.6	7463533.0	94.4	0.0	5.6	Urban
679589.6	7463733.0	98.2	0.0	1.8	Urban
679589.6	7463933.0	98.4	0.0	1.6	Urban
679589.6	7464133.0	86.2	0.0	13.8	Urban
679589.6	7464333.0	63.2	0.0	36.8	Urban
679589.6	7464533.0	98.6	0.0	1.4	Urban
679589.6	7464733.0	99.8	0.0	0.2	Urban
679589.6	7464933.0	96.2	0.0	3.8	Urban
679589.6	7465133.0	94.2	0.0	5.8	Urban
679589.6	7465333.0	15.8	0.0	84.2	Other
679589.6	7465533.0	0.0	0.0	100.0	Other
679589.6	7465733.0	0.0	0.0	100.0	Other
679589.6	7465933.0	4.2	0.0	95.8	Other
679589.6	7466133.0	77.9	0.0	22.1	Urban
679589.6	7466333.0	99.6	0.0	0.4	Urban
679589.6	7466533.0	99.1	0.0	0.9	Urban
679589.6	7466733.0	98.6	0.0	1.4	Urban
679589.6	7466933.0	92.9	0.0	7.1	Urban
679589.6	7467133.0	87.9	0.0	12.1	Urban
679589.6	7467333.0	87.7	0.0	12.3	Urban
679589.6	7467533.0	75.5	0.0	24.5	Urban
679589.6	7467733.0	80.4	0.0	19.6	Urban
679589.6	7467933.0	93.3	0.0	6.7	Urban
679589.6	7468133.0	97.6	0.0	2.4	Urban
679589.6	7468333.0	99.8	0.0	0.2	Urban
679589.6	7468533.0	93.7	0.0	6.3	Urban
679589.6	7468733.0	66.8	0.9	32.2	Urban
679589.6	7468933.0	32.4	0.0	67.6	Urban
679589.6	7469133.0	75.1	0.0	24.9	Urban
679589.6	7469333.0	100.0	0.0	0.0	Urban
679589.6	7469533.0	100.0	0.0	0.0	Urban
679589.6	7469733.0	99.8	0.0	0.2	Urban
679589.6	7469933.0	100.0	0.0	0.0	Urban
679589.6	7470133.0	99.3	0.0	0.7	Urban
679589.6	7470333.0	100.0	0.0	0.0	Urban
679589.6	7470533.0	100.0	0.0	0.0	Urban
679589.6	7470733.0	99.8	0.0	0.2	Urban
679589.6	7470933.0	99.3	0.0	0.7	Urban
679589.6	7471133.0	100.0	0.0	0.0	Urban
679589.6	7471333.0	98.7	0.0	1.3	Urban
679589.6	7471533.0	100.0	0.0	0.0	Urban
679589.6	7471733.0	99.8	0.0	0.2	Urban
679789.6	7451933.0	0.0	100.0	0.0	Water
679789.6	7452133.0	0.0	100.0	0.0	Water
679789.6	7452333.0	0.0	100.0	0.0	Water
679789.6	7452533.0	0.0	100.0	0.0	Water
679789.6	7452733.0	0.0	100.0	0.0	Water
679789.6	7452933.0	0.0	100.0	0.0	Water
679789.6	7453133.0	0.0	100.0	0.0	Water
679789.6	7453333.0	0.0	100.0	0.0	Water
679789.6	7453533.0	0.0	100.0	0.0	Water
679789.6	7453733.0	0.0	100.0	0.0	Water
679789.6	7453933.0	0.0	100.0	0.0	Water
679789.6	7454133.0	0.0	100.0	0.0	Water
679789.6	7454333.0	0.0	100.0	0.0	Water
679789.6	7454533.0	0.0	100.0	0.0	Water
679789.6	7454733.0	0.0	100.0	0.0	Water
679789.6	7454933.0	0.0	100.0	0.0	Water
679789.6	7455133.0	0.0	100.0	0.0	Water
679789.6	7455333.0	8.2	31.0	60.9	Other
679789.6	7455533.0	0.0	0.0	100.0	Other
679789.6	7455733.0	26.3	0.0	73.7	Urban
679789.6	7455933.0	11.4	0.0	88.6	Other
679789.6	7456133.0	0.0	0.0	100.0	Other
679789.6	7456333.0	23.0	0.0	77.0	Urban
679789.6	7456533.0	96.2	0.0	3.8	Urban
679789.6	7456733.0	98.4	0.0	1.6	Urban
679789.6	7456933.0	60.0	0.0	40.0	Urban
679789.6	7457133.0	12.0	0.0	88.0	Other
679789.6	7457333.0	6.5	0.0	93.5	Other
679789.6	7457533.0	0.0	0.0	100.0	Other
679789.6	7457733.0	0.0	0.0	100.0	Other
679789.6	7457933.0	0.0	0.0	100.0	Other
679789.6	7458133.0	0.0	0.0	100.0	Other
679789.6	7458333.0	0.0	0.0	100.0	Other
679789.6	7458533.0	0.0	0.0	100.0	Other
679789.6	7458733.0	0.0	0.0	100.0	Other
679789.6	7458933.0	0.0	0.0	100.0	Other
679789.6	7459133.0	0.0	0.0	100.0	Other
679789.6	7459333.0	0.0	0.0	100.0	Other
679789.6	7459533.0	0.0	0.0	100.0	Other
679789.6	7459733.0	0.0	0.0	100.0	Other
679789.6	7459933.0	0.0	0.0	100.0	Other
679789.6	7460133.0	0.0	0.0	100.0	Other
679789.6	7460333.0	0.0	0.0	100.0	Other
679789.6	7460533.0	0.0	0.0	100.0	Other
679789.6	7460733.0	0.0	0.0	100.0	Other
679789.6	7460933.0	0.0	0.0	100.0	Other
679789.6	7461133.0	0.0	0.0	100.0	Other
679789.6	7461333.0	0.0	0.0	100.0	Other
679789.6	7461533.0	0.0	0.0	100.0	Other
679789.6	7461733.0	0.0	0.0	100.0	Other
679789.6	7461933.0	11.8	0.0	88.2	Other
679789.6	7462133.0	60.8	0.0	39.2	Urban
679789.6	7462333.0	70.8	0.0	29.2	Urban
679789.6	7462533.0	48.9	0.0	51.1	Urban
679789.6	7462733.0	87.7	0.0	12.3	Urban
679789.6	7462933.0	89.9	0.0	10.1	Urban
679789.6	7463133.0	74.5	0.0	25.5	Urban
679789.6	7463333.0	79.7	0.0	20.3	Urban
679789.6	7463533.0	92.6	0.0	7.4	Urban
679789.6	7463733.0	97.8	0.0	2.2	Urban
679789.6	7463933.0	91.3	0.0	8.7	Urban
679789.6	7464133.0	89.5	0.0	10.5	Urban
679789.6	7464333.0	55.3	0.0	44.7	Urban
679789.6	7464533.0	96.9	0.0	3.1	Urban
679789.6	7464733.0	97.5	0.0	2.5	Urban
679789.6	7464933.0	99.1	0.0	0.9	Urban
679789.6	7465133.0	92.8	0.0	7.2	Urban
679789.6	7465333.0	47.6	0.0	52.4	Urban
679789.6	7465533.0	10.3	0.0	89.7	Other
679789.6	7465733.0	0.7	0.0	99.3	Other
679789.6	7465933.0	44.4	0.0	55.6	Urban
679789.6	7466133.0	84.2	0.0	15.8	Urban
679789.6	7466333.0	98.0	0.0	2.0	Urban
679789.6	7466533.0	99.5	0.0	0.5	Urban
679789.6	7466733.0	92.8	0.0	7.2	Urban
679789.6	7466933.0	84.4	0.0	15.6	Urban
679789.6	7467133.0	76.1	0.0	23.9	Urban
679789.6	7467333.0	77.4	0.0	22.6	Urban
679789.6	7467533.0	79.9	0.0	20.1	Urban
679789.6	7467733.0	52.0	0.0	48.0	Urban
679789.6	7467933.0	85.6	0.0	14.4	Urban
679789.6	7468133.0	99.5	0.0	0.5	Urban
679789.6	7468333.0	100.0	0.0	0.0	Urban
679789.6	7468533.0	81.9	2.4	15.8	Urban
679789.6	7468733.0	45.1	0.7	54.2	Urban
679789.6	7468933.0	20.5	0.0	79.5	Urban
679789.6	7469133.0	26.1	0.0	73.9	Urban
679789.6	7469333.0	70.3	0.0	29.7	Urban
679789.6	7469533.0	34.2	0.0	65.8	Urban
679789.6	7469733.0	100.0	0.0	0.0	Urban
679789.6	7469933.0	91.8	0.0	8.2	Urban
679789.6	7470133.0	83.7	0.0	16.3	Urban
679789.6	7470333.0	94.7	0.0	5.3	Urban
679789.6	7470533.0	99.8	0.0	0.2	Urban
679789.6	7470733.0	100.0	0.0	0.0	Urban
679789.6	7470933.0	100.0	0.0	0.0	Urban
679789.6	7471133.0	100.0	0.0	0.0	Urban
679789.6	7471333.0	100.0	0.0	0.0	Urban
679789.6	7471533.0	99.8	0.0	0.2	Urban
679789.6	7471733.0	98.6	0.0	1.4	Urban
679989.6	7451933.0	0.0	100.0	0.0	Water
679989.6	7452133.0	0.0	100.0	0.0	Water
679989.6	7452333.0	0.0	100.0	0.0	Water
679989.6	7452533.0	0.0	100.0	0.0	Water
679989.6	7452733.0	0.0	100.0	0.0	Water
679989.6	7452933.0	0.0	100.0	0.0	Water
679989.6	7453133.0	0.0	100.0	0.0	Water
679989.6	7453333.0	0.0	100.0	0.0	Water
679989.6	7453533.0	0.0	100.0	0.0	Water
679989.6	7453733.0	0.0	100.0	0.0	Water
679989.6	7453933.0	0.0	100.0	0.0	Water
679989.6	7454133.0	0.0	100.0	0.0	Water
679989.6	7454333.0	0.0	100.0	0.0	Water
679989.6	7454533.0	0.0	100.0	0.0	Water
679989.6	7454733.0	0.0	100.0	0.0	Water
679989.6	7454933.0	0.0	100.0	0.0	Water
679989.6	7455133.0	0.0	100.0	0.0	Water
679989.6	7455333.0	16.9	32.9	50.3	Other
679989.6	7455533.0	0.0	0.0	100.0	Other
679989.6	7455733.0	47.6	0.0	52.4	Urban
679989.6	7455933.0	42.8	0.0	57.2	Urban
679989.6	7456133.0	0.0	0.0	100.0	Other
679989.6	7456333.0	0.4	0.0	99.6	Other
679989.6	7456533.0	51.1	0.0	48.9	Urban
679989.6	7456733.0	98.4	0.0	1.6	Urban
679989.6	7456933.0	87.0	0.0	13.0	Urban
679989.6	7457133.0	22.1	0.0	77.9	Urban
679989.6	7457333.0	4.5	0.0	95.5	Other
679989.6	7457533.0	0.0	0.0	100.0	Other
679989.6	7457733.0	0.0	0.0	100.0	Other
679989.6	7457933.0	0.0	0.0	100.0	Other
679989.6	7458133.0	0.0	0.0	100.0	Other
679989.6	7458333.0	0.0	0.0	100.0	Other
679989.6	7458533.0	0.0	0.0	100.0	Other
679989.6	7458733.0	0.0	0.0	100.0	Other
679989.6	7458933.0	0.0	0.0	100.0	Other
679989.6	7459133.0	0.0	0.0	100.0	Other
679989.6	7459333.0	0.0	0.0	100.0	Other
679989.6	7459533.0	0.0	0.0	100.0	Other
679989.6	7459733.0	0.0	0.0	100.0	Other
679989.6	7459933.0	0.0	0.0	100.0	Other
679989.6	7460133.0	0.0	0.0	100.0	Other
679989.6	7460333.0	0.0	0.0	100.0	Other
679989.6	7460533.0	0.0	0.0	100.0	Other
679989.6	7460733.0	0.0	0.0	100.0	Other
679989.6	7460933.0	0.0	0.0	100.0	Other
679989.6	7461133.0	0.0	0.0	100.0	Other
679989.6	7461333.0	0.0	0.0	100.0	Other
679989.6	7461533.0	0.0	0.0	100.0	Other
679989.6	7461733.0	18.7	0.0	81.3	Other
679989.6	7461933.0	43.5	0.0	56.5	Urban
679989.6	7462133.0	48.4	0.0	51.6	Urban
679989.6	7462333.0	77.5	0.0	22.5	Urban
679989.6	7462533.0	86.4	0.0	13.6	Urban
679989.6	7462733.0	86.4	0.0	13.6	Urban
679989.6	7462933.0	84.6	0.0	15.4	Urban
679989.6	7463133.0	94.0	0.0	6.0	Urban
679989.6	7463333.0	91.5	0.0	8.5	Urban
679989.6	7463533.0	96.6	0.0	3.4	Urban
679989.6	7463733.0	95.5	0.0	4.5	Urban
679989.6	7463933.0	93.6	0.0	6.4	Urban
679989.6	7464133.0	98.5	0.0	1.5	Urban
679989.6	7464333.0	82.6	0.0	17.4	Urban
679989.6	7464533.0	97.1	0.0	2.9	Urban
679989.6	7464733.0	98.5	0.0	1.5	Urban
679989.6	7464933.0	93.1	0.0	6.9	Urban
679989.6	7465133.0	65.0	0.0	35.0	Urban
679989.6	7465333.0	19.3	0.0	80.7	Other
679989.6	7465533.0	20.7	0.0	79.3	Urban
679989.6	7465733.0	15.6	0.0	84.4	Other
679989.6	7465933.0	91.7	0.0	8.3	Urban
679989.6	7466133.0	97.8	0.0	2.2	Urban
679989.6	7466333.0	97.1	0.0	2.9	Urban
679989.6	7466533.0	99.8	0.0	0.2	Urban
679989.6	7466733.0	94.7	0.0	5.3	Urban
679989.6	7466933.0	91.3	0.0	8.7	Urban
679989.6	7467133.0	80.1	0.0	19.9	Urban
679989.6	7467333.0	88.6	0.0	11.4	Urban
679989.6	7467533.0	85.7	0.0	14.3	Urban
679989.6	7467733.0	79.2	0.0	20.8	Urban
679989.6	7467933.0	28.1	0.2	71.7	Urban
679989.6	7468133.0	87.9	1.8	10.3	Urban
679989.6	7468333.0	100.0	0.0	0.0	Urban
679989.6	7468533.0	65.9	15.9	18.1	Urban
679989.6	7468733.0	62.1	0.0	37.9	Urban
679989.6	7468933.0	40.7	0.0	59.3	Urban
679989.6	7469133.0	17.9	0.0	82.1	Other
679989.6	7469333.0	17.6	0.0	82.4	Other
679989.6	7469533.0	65.4	0.0	34.6	Urban
679989.6	7469733.0	76.4	0.0	23.6	Urban
679989.6	7469933.0	28.3	0.0	71.7	Urban
679989.6	7470133.0	53.8	0.0	46.2	Urban
679989.6	7470333.0	70.3	0.0	29.7	Urban
679989.6	7470533.0	100.0	0.0	0.0	Urban
679989.6	7470733.0	100.0	0.0	0.0	Urban
679989.6	7470933.0	100.0	0.0	0.0	Urban
679989.6	7471133.0	100.0	0.0	0.0	Urban
679989.6	7471333.0	100.0	0.0	0.0	Urban
679989.6	7471533.0	100.0	0.0	0.0	Urban
679989.6	7471733.0	100.0	0.0	0.0	Urban
680189.6	7451933.0	0.0	100.0	0.0	Water
680189.6	7452133.0	0.0	100.0	0.0	Water
680189.6	7452333.0	0.0	100.0	0.0	Water
680189.6	7452533.0	0.0	100.0	0.0	Water
680189.6	7452733.0	0.0	100.0	0.0	Water
680189.6	7452933.0	0.0	100.0	0.0	Water
680189.6	7453133.0	0.0	100.0	0.0	Water
680189.6	7453333.0	0.0	100.0	0.0	Water
680189.6	7453533.0	0.0	100.0	0.0	Water
680189.6	7453733.0	0.0	100.0	0.0	Water
680189.6	7453933.0	0.0	100.0	0.0	Water
680189.6	7454133.0	0.0	100.0	0.0	Water
680189.6	7454333.0	0.0	100.0	0.0	Water
680189.6	7454533.0	0.0	100.0	0.0	Water
680189.6	7454733.0	0.0	100.0	0.0	Water
680189.6	7454933.0	0.0	100.0	0.0	Water
680189.6	7455133.0	0.0	100.0	0.0	Water
680189.6	7455333.0	3.8	58.5	37.7	Water
680189.6	7455533.0	0.0	0.0	100.0	Other
680189.6	7455733.0	55.3	0.0	44.7	Urban
680189.6	7455933.0	54.3	0.0	45.7	Urban
680189.6	7456133.0	0.5	0.0	99.5	Other
680189.6	7456333.0	0.0	0.0	100.0	Other
680189.6	7456533.0	15.0	0.0	85.0	Other
680189.6	7456733.0	74.3	0.0	25.7	Urban
680189.6	7456933.0	45.5	0.0	54.5	Urban
680189.6	7457133.0	38.0	0.0	62.0	Urban
680189.6	7457333.0	33.3	0.0	66.7	Urban
680189.6	7457533.0	55.8	0.0	44.2	Urban
680189.6	7457733.0	0.0	0.0	100.0	Other
680189.6	7457933.0	0.0	0.0	100.0	Other
680189.6	7458133.0	0.0	0.0	100.0	Other
680189.6	7458333.0	0.0	0.0	100.0	Other
680189.6	7458533.0	0.0	0.0	100.0	Other
680189.6	7458733.0	0.0	0.0	100.0	Other
680189.6	7458933.0	0.0	0.0	100.0	Other
680189.6	7459133.0	0.0	0.0	100.0	Other
680189.6	7459333.0	0.0	0.0	100.0	Other
680189.6	7459533.0	0.0	0.0	100.0	Other
680189.6	7459733.0	0.0	0.0	100.0	Other
680189.6	7459933.0	0.0	0.0	100.0	Other
680189.6	7460133.0	0.0	0.0	100.0	Other
680189.6	7460333.0	0.0	0.0	100.0	Other
680189.6	7460533.0	0.0	0.0	100.0	Other
680189.6	7460733.0	0.0	0.0	100.0	Other
680189.6	7460933.0	0.0	0.0	100.0	Other
680189.6	7461133.0	0.0	0.0	100.0	Other
680189.6	7461333.0	0.0	0.0	100.0	Other
680189.6	7461533.0	12.0	0.0	88.0	Other
680189.6	7461733.0	68.5	0.0	31.5	Urban
680189.6	7461933.0	53.1	0.0	46.9	Urban
680189.6	7462133.0	50.7	0.0	49.3	Urban
680189.6	7462333.0	32.2	0.0	67.8	Urban
680189.6	7462533.0	76.3	0.0	23.7	Urban
680189.6	7462733.0	87.0	0.0	13.0	Urban
680189.6	7462933.0	69.2	0.0	30.8	Urban
680189.6	7463133.0	94.7	0.0	5.3	Urban
680189.6	7463333.0	94.9	0.0	5.1	Urban
680189.6	7463533.0	85.6	0.0	14.4	Urban
680189.6	7463733.0	79.9	0.0	20.1	Urban
680189.6	7463933.0	93.8	0.0	6.2	Urban
680189.6	7464133.0	92.2	0.0	7.8	Urban
680189.6	7464333.0	95.8	0.0	4.2	Urban
680189.6	7464533.0	96.7	0.0	3.3	Urban
680189.6	7464733.0	99.1	0.0	0.9	Urban
680189.6	7464933.0	98.6	0.0	1.4	Urban
680189.6	7465133.0	83.2	0.0	16.8	Urban
680189.6	7465333.0	20.7	0.0	79.3	Urban
680189.6	7465533.0	22.5	0.0	77.5	Urban
680189.6	7465733.0	33.0	0.0	67.0	Urban
680189.6	7465933.0	99.6	0.0	0.4	Urban
680189.6	7466133.0	99.1	0.0	0.9	Urban
680189.6	7466333.0	98.8	0.0	1.2	Urban
680189.6	7466533.0	97.8	0.0	2.2	Urban
680189.6	7466733.0	98.6	0.0	1.4	Urban
680189.6	7466933.0	90.9	0.0	9.1	Urban
680189.6	7467133.0	88.4	0.0	11.6	Urban
680189.6	7467333.0	79.0	0.0	21.0	Urban
680189.6	7467533.0	97.6	0.0	2.4	Urban
680189.6	7467733.0	77.9	0.0	22.1	Urban
680189.6	7467933.0	0.4	0.0	99.6	Other
680189.6	7468133.0	11.8	10.9	77.4	Other
680189.6	7468333.0	83.3	4.0	12.7	Urban
680189.6	7468533.0	70.7	14.7	14.5	Urban
680189.6	7468733.0	58.3	0.0	41.7	Urban
680189.6	7468933.0	26.1	0.0	73.9	Urban
680189.6	7469133.0	23.7	0.0	76.3	Urban
680189.6	7469333.0	76.8	0.0	23.2	Urban
680189.6	7469533.0	100.0	0.0	0.0	Urban
680189.6	7469733.0	98.5	0.0	1.5	Urban
680189.6	7469933.0	45.9	0.0	54.1	Urban
680189.6	7470133.0	91.7	0.0	8.3	Urban
680189.6	7470333.0	99.4	0.0	0.6	Urban
680189.6	7470533.0	100.0	0.0	0.0	Urban
680189.6	7470733.0	99.1	0.0	0.9	Urban
680189.6	7470933.0	99.2	0.0	0.8	Urban
680189.6	7471133.0	100.0	0.0	0.0	Urban
680189.6	7471333.0	100.0	0.0	0.0	Urban
680189.6	7471533.0	100.0	0.0	0.0	Urban
680189.6	7471733.0	100.0	0.0	0.0	Urban
680389.6	7451933.0	0.0	100.0	0.0	Water
680389.6	7452133.0	0.0	100.0	0.0	Water
680389.6	7452333.0	0.0	100.0	0.0	Water
680389.6	7452533.0	0.0	100.0	0.0	Water
680389.6	7452733.0	0.0	100.0	0.0	Water
680389.6	7452933.0	0.0	100.0	0.0	Water
680389.6	7453133.0	0.0	100.0	0.0	Water
680389.6	7453333.0	0.0	100.0	0.0	Water
680389.6	7453533.0	0.0	100.0	0.0	Water
680389.6	7453733.0	0.0	100.0	0.0	Water
680389.6	7453933.0	0.0	100.0	0.0	Water
680389.6	7454133.0	0.0	100.0	0.0	Water
680389.6	7454333.0	0.0	100.0	0.0	Water
680389.6	7454533.0	0.0	100.0	0.0	Water
680389.6	7454733.0	0.0	100.0	0.0	Water
680389.6	7454933.0	0.0	100.0	0.0	Water
680389.6	7455133.0	0.0	100.0	0.0	Water
680389.6	7455333.0	4.5	87.1	8.3	Water
680389.6	7455533.0	12.5	23.9	63.6	Other
680389.6	7455733.0	45.1	0.0	54.9	Urban
680389.6	7455933.0	99.1	0.0	0.9	Urban
680389.6	7456133.0	34.1	0.0	65.9	Urban
680389.6	7456333.0	0.0	0.0	100.0	Other
680389.6	7456533.0	0.0	0.0	100.0	Other
680389.6	7456733.0	2.7	0.0	97.3	Other
680389.6	7456933.0	8.7	0.0	91.3	Other
680389.6	7457133.0	17.0	0.0	83.0	Other
680389.6	7457333.0	19.5	0.0	80.5	Other
680389.6	7457533.0	35.7	0.0	64.3	Urban
680389.6	7457733.0	1.1	0.0	98.9	Other
680389.6	7457933.0	0.7	0.0	99.3	Other
680389.6	7458133.0	0.0	0.0	100.0	Other
680389.6	7458333.0	0.0	0.0	100.0	Other
680389.6	7458533.0	0.0	0.0	100.0	Other
680389.6	7458733.0	0.0	0.0	100.0	Other
680389.6	7458933.0	4.0	0.0	96.0	Other
680389.6	7459133.0	1.8	0.0	98.2	Other
680389.6	7459333.0	0.0	0.0	100.0	Other
680389.6	7459533.0	0.0	0.0	100.0	Other
680389.6	7459733.0	0.0	0.0	100.0	Other
680389.6	7459933.0	0.0	0.0	100.0	Other
680389.6	7460133.0	0.0	0.0	100.0	Other
680389.6	7460333.0	0.0	0.0	100.0	Other
680389.6	7460533.0	0.0	0.0	100.0	Other
680389.6	7460733.0	0.0	0.0	100.0	Other
680389.6	7460933.0	0.0	0.0	100.0	Other
680389.6	7461133.0	0.0	0.0	100.0	Other
680389.6	7461333.0	0.0	0.0	100.0	Other
680389.6	7461533.0	13.4	0.0	86.6	Other
680389.6	7461733.0	42.6	0.0	57.4	Urban
680389.6	7461933.0	20.7	0.0	79.3	Urban
680389.6	7462133.0	1.6	0.0	98.4	Other
680389.6	7462333.0	7.0	0.0	93.0	Other
680389.6	7462533.0	56.2	0.0	43.8	Urban
680389.6	7462733.0	85.7	0.0	14.3	Urban
680389.6	7462933.0	93.8	0.0	6.2	Urban
680389.6	7463133.0	88.8	0.0	11.2	Urban
680389.6	7463333.0	87.1	0.0	12.9	Urban
680389.6	7463533.0	99.3	0.0	0.7	Urban
680389.6	7463733.0	85.7	0.0	14.3	Urban
680389.6	7463933.0	95.8	0.0	4.2	Urban
680389.6	7464133.0	96.0	0.0	4.0	Urban
680389.6	7464333.0	94.0	0.0	6.0	Urban
680389.6	7464533.0	98.6	0.0	1.4	Urban
680389.6	7464733.0	95.8	0.0	4.2	Urban
680389.6	7464933.0	98.4	0.0	1.6	Urban
680389.6	7465133.0	99.1	0.0	0.9	Urban
680389.6	7465333.0	93.7	0.0	6.3	Urban
680389.6	7465533.0	55.8	0.0	44.2	Urban
680389.6	7465733.0	35.1	0.0	64.9	Urban
680389.6	7465933.0	96.2	0.0	3.8	Urban
680389.6	7466133.0	89.1	0.0	10.9	Urban
680389.6	7466333.0	88.6	0.0	11.4	Urban
680389.6	7466533.0	91.7	0.0	8.3	Urban
680389.6	7466733.0	95.3	0.0	4.7	Urban
680389.6	7466933.0	91.5	0.0	8.5	Urban
680389.6	7467133.0	92.4	0.0	7.6	Urban
680389.6	7467333.0	96.2	0.0	3.8	Urban
680389.6	7467533.0	96.2	0.0	3.8	Urban
680389.6	7467733.0	68.1	0.0	31.9	Urban
680389.6	7467933.0	6.9	0.0	93.1	Other
680389.6	7468133.0	20.5	0.0	79.5	Urban
680389.6	7468333.0	25.2	10.1	64.7	Urban
680389.6	7468533.0	53.8	21.4	24.8	Urban
680389.6	7468733.0	91.7	0.0	8.3	Urban
680389.6	7468933.0	72.6	0.0	27.4	Urban
680389.6	7469133.0	84.8	0.0	15.2	Urban
680389.6	7469333.0	99.8	0.0	0.2	Urban
680389.6	7469533.0	99.7	0.0	0.3	Urban
680389.6	7469733.0	100.0	0.0	0.0	Urban
680389.6	7469933.0	96.2	0.0	3.8	Urban
680389.6	7470133.0	98.7	0.0	1.3	Urban
680389.6	7470333.0	99.3	0.0	0.7	Urban
680389.6	7470533.0	99.6	0.0	0.4	Urban
680389.6	7470733.0	100.0	0.0	0.0	Urban
680389.6	7470933.0	99.8	0.0	0.2	Urban
680389.6	7471133.0	96.0	0.0	4.0	Urban
680389.6	7471333.0	100.0	0.0	0.0	Urban
680389.6	7471533.0	100.0	0.0	0.0	Urban
680389.6	7471733.0	100.0	0.0	0.0	Urban
680589.6	7451933.0	0.0	100.0	0.0	Water
680589.6	7452133.0	0.0	100.0	0.0	Water
680589.6	7452333.0	0.0	100.0	0.0	Water
680589.6	7452533.0	0.0	100.0	0.0	Water
680589.6	7452733.0	0.0	100.0	0.0	Water
680589.6	7452933.0	0.0	100.0	0.0	Water
680589.6	7453133.0	0.0	100.0	0.0	Water
680589.6	7453333.0	0.0	100.0	0.0	Water
680589.6	7453533.0	0.0	100.0	0.0	Water
680589.6	7453733.0	0.0	100.0	0.0	Water
680589.6	7453933.0	0.0	100.0	0.0	Water
680589.6	7454133.0	0.0	100.0	0.0	Water
680589.6	7454333.0	0.0	100.0	0.0	Water
680589.6	7454533.0	0.0	100.0	0.0	Water
680589.6	7454733.0	0.0	100.0	0.0	Water
680589.6	7454933.0	0.0	100.0	0.0	Water
680589.6	7455133.0	0.0	100.0	0.0	Water
680589.6	7455333.0	0.0	100.0	0.0	Water
680589.6	7455533.0	2.4	86.4	11.1	Water
680589.6	7455733.0	29.5	2.5	67.9	Urban
680589.6	7455933.0	94.6	0.0	5.4	Urban
680589.6	7456133.0	75.9	0.0	24.1	Urban
680589.6	7456333.0	0.0	0.0	100.0	Other
680589.6	7456533.0	0.0	0.0	100.0	Other
680589.6	7456733.0	0.0	0.0	100.0	Other
680589.6	7456933.0	6.1	0.0	93.9	Other
680589.6	7457133.0	20.7	0.0	79.3	Urban
680589.6	7457333.0	34.5	0.0	65.5	Urban
680589.6	7457533.0	5.6	0.0	94.4	Other
680589.6	7457733.0	6.9	0.0	93.1	Other
680589.6	7457933.0	1.9	0.0	98.1	Other
680589.6	7458133.0	0.0	0.0	100.0	Other
680589.6	7458333.0	0.0	0.0	100.0	Other
680589.6	7458533.0	0.0	0.0	100.0	Other
680589.6	7458733.0	0.0	0.0	100.0	Other
680589.6	7458933.0	7.1	0.0	92.9	Other
680589.6	7459133.0	21.2	0.0	78.8	Urban
680589.6	7459333.0	5.8	0.0	94.2	Other
680589.6	7459533.0	0.0	0.0	100.0	Other
680589.6	7459733.0	0.0	0.0	100.0	Other
680589.6	7459933.0	0.0	0.0	100.0	Other
680589.6	7460133.0	0.0	0.0	100.0	Other
680589.6	7460333.0	0.0	0.0	100.0	Other
680589.6	7460533.0	0.0	0.0	100.0	Other
680589.6	7460733.0	0.0	0.0	100.0	Other
680589.6	7460933.0	0.0	0.0	100.0	Other
680589.6	7461133.0	0.0	0.0	100.0	Other
680589.6	7461333.0	0.0	0.0	100.0	Other
680589.6	7461533.0	0.0	0.0	100.0	Other
680589.6	7461733.0	0.0	0.0	100.0	Other
680589.6	7461933.0	0.0	0.0	100.0	Other
680589.6	7462133.0	0.0	0.0	100.0	Other
680589.6	7462333.0	3.4	0.0	96.6	Other
680589.6	7462533.0	60.9	0.0	39.1	Urban
680589.6	7462733.0	68.1	0.0	31.9	Urban
680589.6	7462933.0	90.4	0.0	9.6	Urban
680589.6	7463133.0	92.0	0.0	8.0	Urban
680589.6	7463333.0	91.1	0.0	8.9	Urban
680589.6	7463533.0	96.4	0.0	3.6	Urban
680589.6	7463733.0	97.5	0.0	2.5	Urban
680589.6	7463933.0	92.0	0.0	8.0	Urban
680589.6	7464133.0	91.1	0.0	8.9	Urban
680589.6	7464333.0	96.9	0.0	3.1	Urban
680589.6	7464533.0	98.4	0.0	1.6	Urban
680589.6	7464733.0	55.6	0.0	44.4	Urban
680589.6	7464933.0	95.1	0.0	4.9	Urban
680589.6	7465133.0	98.4	0.0	1.6	Urban
680589.6	7465333.0	90.4	0.0	9.6	Urban
680589.6	7465533.0	91.3	0.0	8.7	Urban
680589.6	7465733.0	90.9	0.0	9.1	Urban
680589.6	7465933.0	99.5	0.0	0.5	Urban
680589.6	7466133.0	91.3	0.0	8.7	Urban
680589.6	7466333.0	63.4	1.6	35.0	Urban
680589.6	7466533.0	77.9	3.8	18.3	Urban
680589.6	7466733.0	98.7	0.0	1.3	Urban
680589.6	7466933.0	100.0	0.0	0.0	Urban
680589.6	7467133.0	100.0	0.0	0.0	Urban
680589.6	7467333.0	89.1	0.0	10.9	Urban
680589.6	7467533.0	58.0	0.0	42.0	Urban
680589.6	7467733.0	58.2	0.0	41.8	Urban
680589.6	7467933.0	59.2	0.0	40.8	Urban
680589.6	7468133.0	82.6	0.0	17.4	Urban
680589.6	7468333.0	53.7	0.3	45.9	Urban
680589.6	7468533.0	33.2	6.3	60.5	Urban
680589.6	7468733.0	60.9	2.0	37.1	Urban
680589.6	7468933.0	32.2	0.0	67.8	Urban
680589.6	7469133.0	65.0	0.0	35.0	Urban
680589.6	7469333.0	96.0	0.0	4.0	Urban
680589.6	7469533.0	98.2	0.0	1.8	Urban
680589.6	7469733.0	99.6	0.0	0.4	Urban
680589.6	7469933.0	99.8	0.0	0.2	Urban
680589.6	7470133.0	94.9	0.0	5.1	Urban
680589.6	7470333.0	100.0	0.0	0.0	Urban
680589.6	7470533.0	98.4	0.0	1.6	Urban
680589.6	7470733.0	94.6	0.0	5.4	Urban
680589.6	7470933.0	88.8	0.0	11.2	Urban
680589.6	7471133.0	87.1	0.0	12.9	Urban
680589.6	7471333.0	99.1	0.0	0.9	Urban
680589.6	7471533.0	97.5	0.0	2.5	Urban
680589.6	7471733.0	68.7	12.0	19.4	Urban
680789.6	7451933.0	0.0	100.0	0.0	Water
680789.6	7452133.0	0.0	100.0	0.0	Water
680789.6	7452333.0	0.0	100.0	0.0	Water
680789.6	7452533.0	0.0	100.0	0.0	Water
680789.6	7452733.0	0.0	100.0	0.0	Water
680789.6	7452933.0	0.0	100.0	0.0	Water
680789.6	7453133.0	0.0	100.0	0.0	Water
680789.6	7453333.0	0.0	100.0	0.0	Water
680789.6	7453533.0	0.0	100.0	0.0	Water
680789.6	7453733.0	0.0	100.0	0.0	Water
680789.6	7453933.0	0.0	100.0	0.0	Water
680789.6	7454133.0	0.0	100.0	0.0	Water
680789.6	7454333.0	0.0	100.0	0.0	Water
680789.6	7454533.0	0.0	100.0	0.0	Water
680789.6	7454733.0	0.0	100.0	0.0	Water
680789.6	7454933.0	0.0	100.0	0.0	Water
680789.6	7455133.0	0.0	100.0	0.0	Water
680789.6	7455333.0	0.0	100.0	0.0	Water
680789.6	7455533.0	0.0	100.0	0.0	Water
680789.6	7455733.0	33.3	40.6	26.1	Urban
680789.6	7455933.0	96.9	0.0	3.1	Urban
680789.6	7456133.0	77.5	0.0	22.5	Urban
680789.6	7456333.0	5.1	0.0	94.9	Other
680789.6	7456533.0	0.0	0.0	100.0	Other
680789.6	7456733.0	0.0	0.0	100.0	Other
680789.6	7456933.0	1.6	0.0	98.4	Other
680789.6	7457133.0	0.0	0.0	100.0	Other
680789.6	7457333.0	6.9	0.0	93.1	Other
680789.6	7457533.0	18.5	0.0	81.5	Other
680789.6	7457733.0	30.6	0.0	69.4	Urban
680789.6	7457933.0	4.3	0.0	95.7	Other
680789.6	7458133.0	7.6	0.0	92.4	Other
680789.6	7458333.0	0.0	0.0	100.0	Other
680789.6	7458533.0	0.0	0.0	100.0	Other
680789.6	7458733.0	1.8	0.0	98.2	Other
680789.6	7458933.0	16.1	0.0	83.9	Other
680789.6	7459133.0	23.7	0.0	76.3	Urban
680789.6	7459333.0	1.2	0.0	98.8	Other
680789.6	7459533.0	0.0	0.0	100.0	Other
680789.6	7459733.0	0.0	0.0	100.0	Other
680789.6	7459933.0	0.0	0.0	100.0	Other
680789.6	7460133.0	0.0	0.0	100.0	Other
680789.6	7460333.0	0.0	0.0	100.0	Other
680789.6	7460533.0	0.0	0.0	100.0	Other
680789.6	7460733.0	4.5	0.0	95.5	Other
680789.6	7460933.0	0.0	0.0	100.0	Other
680789.6	7461133.0	0.0	0.0	100.0	Other
680789.6	7461333.0	0.0	0.0	100.0	Other
680789.6	7461533.0	0.0	0.0	100.0	Other
680789.6	7461733.0	0.0	0.0	100.0	Other
680789.6	7461933.0	0.0	0.0	100.0	Other
680789.6	7462133.0	0.0	0.0	100.0	Other
680789.6	7462333.0	4.2	0.0	95.8	Other
680789.6	7462533.0	34.1	0.0	65.9	Urban
680789.6	7462733.0	41.7	0.0	58.3	Urban
680789.6	7462933.0	77.6	0.0	22.4	Urban
680789.6	7463133.0	91.3	0.0	8.7	Urban
680789.6	7463333.0	98.4	0.0	1.6	Urban
680789.6	7463533.0	90.9	0.0	9.1	Urban
680789.6	7463733.0	89.7	0.0	10.3	Urban
680789.6	7463933.0	92.0	0.0	8.0	Urban
680789.6	7464133.0	96.6	0.0	3.4	Urban
680789.6	7464333.0	96.9	0.0	3.1	Urban
680789.6	7464533.0	92.0	0.0	8.0	Urban
680789.6	7464733.0	76.3	0.0	23.7	Urban
680789.6	7464933.0	83.2	0.0	16.8	Urban
680789.6	7465133.0	98.2	0.7	1.1	Urban
680789.6	7465333.0	86.8	0.0	13.2	Urban
680789.6	7465533.0	97.3	0.0	2.7	Urban
680789.6	7465733.0	82.8	0.0	17.2	Urban
680789.6	7465933.0	98.0	0.0	2.0	Urban
680789.6	7466133.0	94.0	0.0	6.0	Urban
680789.6	7466333.0	100.0	0.0	0.0	Urban
680789.6	7466533.0	100.0	0.0	0.0	Urban
680789.6	7466733.0	99.6	0.0	0.4	Urban
680789.6	7466933.0	99.3	0.0	0.7	Urban
680789.6	7467133.0	98.7	0.0	1.3	Urban
680789.6	7467333.0	97.1	0.0	2.9	Urban
680789.6	7467533.0	99.1	0.0	0.9	Urban
680789.6	7467733.0	96.2	0.0	3.8	Urban
680789.6	7467933.0	97.4	0.0	2.6	Urban
680789.6	7468133.0	98.4	0.0	1.6	Urban
680789.6	7468333.0	65.9	0.0	34.1	Urban
680789.6	7468533.0	45.3	0.0	54.7	Urban
680789.6	7468733.0	45.3	7.6	47.1	Urban
680789.6	7468933.0	42.6	24.8	32.6	Urban
680789.6	7469133.0	92.4	2.0	5.6	Urban
680789.6	7469333.0	89.4	0.0	10.6	Urban
680789.6	7469533.0	99.8	0.0	0.2	Urban
680789.6	7469733.0	100.0	0.0	0.0	Urban
680789.6	7469933.0	98.0	0.0	2.0	Urban
680789.6	7470133.0	100.0	0.0	0.0	Urban
680789.6	7470333.0	99.3	0.0	0.7	Urban
680789.6	7470533.0	94.2	0.0	5.8	Urban
680789.6	7470733.0	80.4	0.9	18.7	Urban
680789.6	7470933.0	24.1	8.3	67.6	Urban
680789.6	7471133.0	51.4	22.5	26.1	Urban
680789.6	7471333.0	37.1	42.2	20.7	Urban
680789.6	7471533.0	11.7	68.9	19.5	Water
680789.6	7471733.0	4.3	69.7	25.9	Water
680989.6	7451933.0	0.0	100.0	0.0	Water
680989.6	7452133.0	0.0	100.0	0.0	Water
680989.6	7452333.0	0.0	100.0	0.0	Water
680989.6	7452533.0	0.0	100.0	0.0	Water
680989.6	7452733.0	0.0	100.0	0.0	Water
680989.6	7452933.0	0.0	100.0	0.0	Water
680989.6	7453133.0	0.0	100.0	0.0	Water
680989.6	7453333.0	0.0	100.0	0.0	Water
680989.6	7453533.0	0.0	100.0	0.0	Water
680989.6	7453733.0	0.0	100.0	0.0	Water
680989.6	7453933.0	0.0	100.0	0.0	Water
680989.6	7454133.0	0.0	100.0	0.0	Water
680989.6	7454333.0	0.0	100.0	0.0	Water
680989.6	7454533.0	0.0	100.0	0.0	Water
680989.6	7454733.0	0.0	100.0	0.0	Water
680989.6	7454933.0	0.0	100.0	0.0	Water
680989.6	7455133.0	0.0	100.0	0.0	Water
680989.6	7455333.0	0.0	100.0	0.0	Water
680989.6	7455533.0	0.0	100.0	0.0	Water
680989.6	7455733.0	3.1	87.9	9.1	Water
680989.6	7455933.0	43.5	22.6	33.9	Urban
680989.6	7456133.0	36.7	0.0	63.3	Urban
680989.6	7456333.0	15.0	0.0	85.0	Other
680989.6	7456533.0	14.3	0.0	85.7	Other
680989.6	7456733.0	0.2	0.0	99.8	Other
680989.6	7456933.0	61.2	0.0	38.8	Urban
680989.6	7457133.0	15.9	0.0	84.1	Other
680989.6	7457333.0	10.0	0.0	90.0	Other
680989.6	7457533.0	37.7	0.0	62.3	Urban
680989.6	7457733.0	45.1	0.0	54.9	Urban
680989.6	7457933.0	29.3	0.0	70.7	Urban
680989.6	7458133.0	8.0	0.0	92.0	Other
680989.6	7458333.0	4.5	0.0	95.5	Other
680989.6	7458533.0	1.1	0.0	98.9	Other
680989.6	7458733.0	9.8	0.0	90.2	Other
680989.6	7458933.0	4.0	0.0	96.0	Other
680989.6	7459133.0	32.8	0.0	67.2	Urban
680989.6	7459333.0	0.0	0.0	100.0	Other
680989.6	7459533.0	0.0	0.0	100.0	Other
680989.6	7459733.0	0.0	0.0	100.0	Other
680989.6	7459933.0	0.0	0.0	100.0	Other
680989.6	7460133.0	0.0	0.0	100.0	Other
680989.6	7460333.0	0.0	0.0	100.0	Other
680989.6	7460533.0	0.0	0.0	100.0	Other
680989.6	7460733.0	0.0	0.0	100.0	Other
680989.6	7460933.0	0.0	0.0	100.0	Other
680989.6	7461133.0	0.0	0.0	100.0	Other
680989.6	7461333.0	0.0	0.0	100.0	Other
680989.6	7461533.0	0.0	0.0	100.0	Other
680989.6	7461733.0	0.0	0.0	100.0	Other
680989.6	7461933.0	0.0	0.0	100.0	Other
680989.6	7462133.0	0.0	0.0	100.0	Other
680989.6	7462333.0	0.0	0.0	100.0	Other
680989.6	7462533.0	4.5	0.0	95.5	Other
680989.6	7462733.0	27.5	0.0	72.5	Urban
680989.6	7462933.0	33.7	0.0	66.3	Urban
680989.6	7463133.0	87.1	0.0	12.9	Urban
680989.6	7463333.0	90.4	0.0	9.6	Urban
680989.6	7463533.0	87.0	0.9	12.1	Urban
680989.6	7463733.0	98.2	0.0	1.8	Urban
680989.6	7463933.0	90.8	0.0	9.2	Urban
680989.6	7464133.0	95.5	0.0	4.5	Urban
680989.6	7464333.0	98.2	0.0	1.8	Urban
680989.6	7464533.0	86.4	0.0	13.6	Urban
680989.6	7464733.0	97.1	0.0	2.9	Urban
680989.6	7464933.0	97.3	0.0	2.7	Urban
680989.6	7465133.0	83.7	0.5	15.8	Urban
680989.6	7465333.0	81.0	0.0	19.0	Urban
680989.6	7465533.0	96.6	0.0	3.4	Urban
680989.6	7465733.0	38.4	0.0	61.6	Urban
680989.6	7465933.0	44.4	0.0	55.6	Urban
680989.6	7466133.0	74.1	0.0	25.9	Urban
680989.6	7466333.0	54.3	0.0	45.7	Urban
680989.6	7466533.0	96.4	0.0	3.6	Urban
680989.6	7466733.0	96.5	0.0	3.5	Urban
680989.6	7466933.0	99.8	0.0	0.2	Urban
680989.6	7467133.0	97.5	0.0	2.5	Urban
680989.6	7467333.0	98.7	0.0	1.3	Urban
680989.6	7467533.0	98.0	0.0	2.0	Urban
680989.6	7467733.0	93.8	0.0	6.2	Urban
680989.6	7467933.0	89.8	0.0	10.2	Urban
680989.6	7468133.0	92.8	0.0	7.2	Urban
680989.6	7468333.0	97.3	0.0	2.7	Urban
680989.6	7468533.0	55.9	0.0	44.1	Urban
680989.6	7468733.0	29.3	0.0	70.7	Urban
680989.6	7468933.0	8.2	11.0	80.9	Other
680989.6	7469133.0	27.0	40.2	32.8	Urban
680989.6	7469333.0	71.0	21.6	7.4	Urban
680989.6	7469533.0	94.7	4.3	0.9	Urban
680989.6	7469733.0	100.0	0.0	0.0	Urban
680989.6	7469933.0	100.0	0.0	0.0	Urban
680989.6	7470133.0	87.0	0.0	13.0	Urban
680989.6	7470333.0	50.6	0.0	49.4	Urban
680989.6	7470533.0	81.7	17.6	0.7	Urban
680989.6	7470733.0	32.6	46.9	20.5	Urban
680989.6	7470933.0	1.3	53.4	45.3	Water
680989.6	7471133.0	2.9	54.9	42.2	Water
680989.6	7471333.0	40.9	44.2	14.9	Urban
680989.6	7471533.0	55.3	25.0	19.7	Urban
680989.6	7471733.0	39.3	0.9	59.8	Urban
681189.6	7451933.0	0.0	100.0	0.0	Water
681189.6	7452133.0	0.0	100.0	0.0	Water
681189.6	7452333.0	0.0	100.0	0.0	Water
681189.6	7452533.0	0.0	100.0	0.0	Water
681189.6	7452733.0	0.0	100.0	0.0	Water
681189.6	7452933.0	0.0	100.0	0.0	Water
681189.6	7453133.0	0.0	100.0	0.0	Water
681189.6	7453333.0	0.0	100.0	0.0	Water
681189.6	7453533.0	0.0	100.0	0.0	Water
681189.6	7453733.0	0.0	100.0	0.0	Water
681189.6	7453933.0	0.0	100.0	0.0	Water
681189.6	7454133.0	0.0	100.0	0.0	Water
681189.6	7454333.0	0.0	100.0	0.0	Water
681189.6	7454533.0	0.0	100.0	0.0	Water
681189.6	7454733.0	0.0	100.0	0.0	Water
681189.6	7454933.0	0.0	100.0	0.0	Water
681189.6	7455133.0	0.0	100.0	0.0	Water
681189.6	7455333.0	0.0	100.0	0.0	Water
681189.6	7455533.0	0.0	100.0	0.0	Water
681189.6	7455733.0	0.0	100.0	0.0	Water
681189.6	7455933.0	11.4	68.3	20.3	Water
681189.6	7456133.0	5.3	75.2	19.6	Water
681189.6	7456333.0	43.7	19.7	36.6	Urban
681189.6	7456533.0	16.5	0.0	83.5	Other
681189.6	7456733.0	22.8	0.0	77.2	Urban
681189.6	7456933.0	70.3	0.0	29.7	Urban
681189.6	7457133.0	52.2	0.0	47.8	Urban
681189.6	7457333.0	14.1	0.0	85.9	Other
681189.6	7457533.0	17.4	0.0	82.6	Other
681189.6	7457733.0	45.7	0.0	54.3	Urban
681189.6	7457933.0	31.2	0.0	68.8	Urban
681189.6	7458133.0	4.5	0.0	95.5	Other
681189.6	7458333.0	0.0	0.0	100.0	Other
681189.6	7458533.0	0.0	0.0	100.0	Other
681189.6	7458733.0	0.5	0.0	99.5	Other
681189.6	7458933.0	4.2	0.0	95.8	Other
681189.6	7459133.0	28.1	0.0	71.9	Urban
681189.6	7459333.0	0.0	0.0	100.0	Other
681189.6	7459533.0	0.0	0.0	100.0	Other
681189.6	7459733.0	0.0	0.0	100.0	Other
681189.6	7459933.0	0.0	0.0	100.0	Other
681189.6	7460133.0	0.0	0.0	100.0	Other
681189.6	7460333.0	0.0	0.0	100.0	Other
681189.6	7460533.0	0.0	0.0	100.0	Other
681189.6	7460733.0	0.0	0.0	100.0	Other
681189.6	7460933.0	0.0	0.0	100.0	Other
681189.6	7461133.0	0.0	0.0	100.0	Other
681189.6	7461333.0	0.0	0.0	100.0	Other
681189.6	7461533.0	0.0	0.0	100.0	Other
681189.6	7461733.0	0.0	0.0	100.0	Other
681189.6	7461933.0	0.0	0.0	100.0	Other
681189.6	7462133.0	0.0	0.0	100.0	Other
681189.6	7462333.0	0.0	0.0	100.0	Other
681189.6	7462533.0	26.6	0.0	73.4	Urban
681189.6	7462733.0	49.1	0.0	50.9	Urban
681189.6	7462933.0	73.4	0.0	26.6	Urban
681189.6	7463133.0	88.2	0.0	11.8	Urban
681189.6	7463333.0	93.8	0.0	6.2	Urban
681189.6	7463533.0	87.3	0.0	12.7	Urban
681189.6	7463733.0	91.7	0.0	8.3	Urban
681189.6	7463933.0	93.7	0.0	6.3	Urban
681189.6	7464133.0	83.2	0.0	16.8	Urban
681189.6	7464333.0	94.4	0.0	5.6	Urban
681189.6	7464533.0	89.1	0.0	10.9	Urban
681189.6	7464733.0	93.1	0.0	6.9	Urban
681189.6	7464933.0	91.8	0.0	8.2	Urban
681189.6	7465133.0	88.6	0.0	11.4	Urban
681189.6	7465333.0	83.9	0.0	16.1	Urban
681189.6	7465533.0	97.8	0.0	2.2	Urban
681189.6	7465733.0	88.2	0.0	11.8	Urban
681189.6	7465933.0	41.1	0.0	58.9	Urban
681189.6	7466133.0	4.2	0.0	95.8	Other
681189.6	7466333.0	42.1	0.0	57.9	Urban
681189.6	7466533.0	95.1	0.0	4.9	Urban
681189.6	7466733.0	96.4	0.0	3.6	Urban
681189.6	7466933.0	70.7	0.0	29.3	Urban
681189.6	7467133.0	66.5	0.0	33.5	Urban
681189.6	7467333.0	58.7	0.0	41.3	Urban
681189.6	7467533.0	99.3	0.0	0.7	Urban
681189.6	7467733.0	96.3	0.0	3.7	Urban
681189.6	7467933.0	94.2	0.0	5.8	Urban
681189.6	7468133.0	73.6	0.0	26.4	Urban
681189.6	7468333.0	56.5	0.0	43.5	Urban
681189.6	7468533.0	49.6	0.0	50.4	Urban
681189.6	7468733.0	31.5	4.0	64.5	Urban
681189.6	7468933.0	61.4	8.5	30.1	Urban
681189.6	7469133.0	67.2	0.0	32.8	Urban
681189.6	7469333.0	36.7	7.6	55.7	Urban
681189.6	7469533.0	27.0	28.8	44.2	Urban
681189.6	7469733.0	47.1	43.3	9.6	Urban
681189.6	7469933.0	90.0	8.0	2.0	Urban
681189.6	7470133.0	95.7	0.0	4.3	Urban
681189.6	7470333.0	54.3	19.0	26.6	Urban
681189.6	7470533.0	29.0	61.0	10.0	Urban
681189.6	7470733.0	11.6	8.9	79.5	Other
681189.6	7470933.0	19.6	0.0	80.4	Other
681189.6	7471133.0	32.0	0.0	68.0	Urban
681189.6	7471333.0	66.8	0.0	33.2	Urban
681189.6	7471533.0	91.1	0.0	8.9	Urban
681189.6	7471733.0	73.5	0.0	26.5	Urban
681389.6	7451933.0	0.0	100.0	0.0	Water
681389.6	7452133.0	0.0	100.0	0.0	Water
681389.6	7452333.0	0.0	100.0	0.0	Water
681389.6	7452533.0	0.0	100.0	0.0	Water
681389.6	7452733.0	0.0	100.0	0.0	Water
681389.6	7452933.0	0.0	100.0	0.0	Water
681389.6	7453133.0	0.0	100.0	0.0	Water
681389.6	7453333.0	0.0	100.0	0.0	Water
681389.6	7453533.0	0.0	100.0	0.0	Water
681389.6	7453733.0	0.0	100.0	0.0	Water
681389.6	7453933.0	0.0	100.0	0.0	Water
681389.6	7454133.0	0.0	100.0	0.0	Water
681389.6	7454333.0	0.0	100.0	0.0	Water
681389.6	7454533.0	0.0	100.0	0.0	Water
681389.6	7454733.0	0.0	100.0	0.0	Water
681389.6	7454933.0	0.0	100.0	0.0	Water
681389.6	7455133.0	0.0	100.0	0.0	Water
681389.6	7455333.0	0.0	100.0	0.0	Water
681389.6	7455533.0	0.0	100.0	0.0	Water
681389.6	7455733.0	0.0	100.0	0.0	Water
681389.6	7455933.0	0.0	100.0	0.0	Water
681389.6	7456133.0	0.0	100.0	0.0	Water
681389.6	7456333.0	7.6	68.7	23.7	Water
681389.6	7456533.0	0.5	0.0	99.5	Other
681389.6	7456733.0	47.2	0.0	52.8	Urban
681389.6	7456933.0	73.6	0.0	26.4	Urban
681389.6	7457133.0	76.6	0.0	23.4	Urban
681389.6	7457333.0	65.0	0.0	35.0	Urban
681389.6	7457533.0	18.3	0.0	81.7	Other
681389.6	7457733.0	51.3	0.0	48.7	Urban
681389.6	7457933.0	72.3	0.0	27.7	Urban
681389.6	7458133.0	37.4	0.0	62.6	Urban
681389.6	7458333.0	13.8	0.0	86.2	Other
681389.6	7458533.0	0.0	0.0	100.0	Other
681389.6	7458733.0	0.0	0.0	100.0	Other
681389.6	7458933.0	25.9	0.0	74.1	Urban
681389.6	7459133.0	68.7	0.0	31.3	Urban
681389.6	7459333.0	2.9	0.0	97.1	Other
681389.6	7459533.0	0.0	0.0	100.0	Other
681389.6	7459733.0	0.0	0.0	100.0	Other
681389.6	7459933.0	0.0	0.0	100.0	Other
681389.6	7460133.0	0.0	0.0	100.0	Other
681389.6	7460333.0	0.0	0.0	100.0	Other
681389.6	7460533.0	0.0	0.0	100.0	Other
681389.6	7460733.0	0.0	0.0	100.0	Other
681389.6	7460933.0	2.3	0.0	97.7	Other
681389.6	7461133.0	0.0	0.0	100.0	Other
681389.6	7461333.0	0.0	0.0	100.0	Other
681389.6	7461533.0	0.0	0.0	100.0	Other
681389.6	7461733.0	0.0	0.0	100.0	Other
681389.6	7461933.0	0.0	0.0	100.0	Other
681389.6	7462133.0	0.0	0.0	100.0	Other
681389.6	7462333.0	0.0	0.0	100.0	Other
681389.6	7462533.0	0.0	0.0	100.0	Other
681389.6	7462733.0	4.0	0.0	96.0	Other
681389.6	7462933.0	8.2	0.0	91.8	Other
681389.6	7463133.0	57.6	0.0	42.4	Urban
681389.6	7463333.0	90.8	0.0	9.2	Urban
681389.6	7463533.0	90.9	0.0	9.1	Urban
681389.6	7463733.0	80.7	0.0	19.3	Urban
681389.6	7463933.0	96.6	0.0	3.4	Urban
681389.6	7464133.0	96.9	0.0	3.1	Urban
681389.6	7464333.0	98.2	0.0	1.8	Urban
681389.6	7464533.0	88.9	0.0	11.1	Urban
681389.6	7464733.0	94.7	0.0	5.3	Urban
681389.6	7464933.0	97.6	0.0	2.4	Urban
681389.6	7465133.0	95.8	0.0	4.2	Urban
681389.6	7465333.0	96.9	0.0	3.1	Urban
681389.6	7465533.0	86.8	0.0	13.2	Urban
681389.6	7465733.0	80.6	0.0	19.4	Urban
681389.6	7465933.0	27.0	0.0	73.0	Urban
681389.6	7466133.0	19.7	0.0	80.3	Other
681389.6	7466333.0	98.2	0.0	1.8	Urban
681389.6	7466533.0	98.4	0.0	1.6	Urban
681389.6	7466733.0	99.3	0.0	0.7	Urban
681389.6	7466933.0	97.1	0.0	2.9	Urban
681389.6	7467133.0	64.5	0.0	35.5	Urban
681389.6	7467333.0	41.2	0.0	58.8	Urban
681389.6	7467533.0	74.5	0.0	25.5	Urban
681389.6	7467733.0	97.5	0.0	2.5	Urban
681389.6	7467933.0	80.6	0.0	19.4	Urban
681389.6	7468133.0	77.5	0.0	22.5	Urban
681389.6	7468333.0	77.4	0.0	22.6	Urban
681389.6	7468533.0	90.6	0.0	9.4	Urban
681389.6	7468733.0	63.7	0.2	36.2	Urban
681389.6	7468933.0	97.1	0.0	2.9	Urban
681389.6	7469133.0	97.1	0.0	2.9	Urban
681389.6	7469333.0	70.1	0.0	29.9	Urban
681389.6	7469533.0	45.1	0.0	54.9	Urban
681389.6	7469733.0	39.3	3.3	57.4	Urban
681389.6	7469933.0	18.8	40.6	40.6	Other
681389.6	7470133.0	14.9	80.3	4.9	Water
681389.6	7470333.0	6.9	51.1	42.0	Water
681389.6	7470533.0	19.7	25.5	54.7	Other
681389.6	7470733.0	37.9	0.0	62.1	Urban
681389.6	7470933.0	24.5	0.0	75.5	Urban
681389.6	7471133.0	66.1	0.0	33.9	Urban
681389.6	7471333.0	39.7	0.0	60.3	Urban
681389.6	7471533.0	95.5	0.0	4.5	Urban
681389.6	7471733.0	99.3	0.0	0.7	Urban
681589.6	7451933.0	0.0	100.0	0.0	Water
681589.6	7452133.0	0.0	100.0	0.0	Water
681589.6	7452333.0	0.0	100.0	0.0	Water
681589.6	7452533.0	0.0	100.0	0.0	Water
681589.6	7452733.0	0.0	100.0	0.0	Water
681589.6	7452933.0	0.0	100.0	0.0	Water
681589.6	7453133.0	0.0	100.0	0.0	Water
681589.6	7453333.0	0.0	100.0	0.0	Water
681589.6	7453533.0	0.0	100.0	0.0	Water
681589.6	7453733.0	0.0	100.0	0.0	Water
681589.6	7453933.0	0.0	100.0	0.0	Water
681589.6	7454133.0	0.0	100.0	0.0	Water
681589.6	7454333.0	0.0	100.0	0.0	Water
681589.6	7454533.0	0.0	100.0	0.0	Water
681589.6	7454733.0	0.0	100.0	0.0	Water
681589.6	7454933.0	0.0	100.0	0.0	Water
681589.6	7455133.0	0.0	100.0	0.0	Water
681589.6	7455333.0	0.0	100.0	0.0	Water
681589.6	7455533.0	0.0	100.0	0.0	Water
681589.6	7455733.0	0.0	100.0	0.0	Water
681589.6	7455933.0	0.0	100.0	0.0	Water
681589.6	7456133.0	0.0	100.0	0.0	Water
681589.6	7456333.0	7.6	89.5	2.9	Water
681589.6	7456533.0	26.6	4.7	68.7	Urban
681589.6	7456733.0	71.2	0.0	28.8	Urban
681589.6	7456933.0	76.0	0.0	24.0	Urban
681589.6	7457133.0	61.2	0.0	38.8	Urban
681589.6	7457333.0	70.8	0.0	29.2	Urban
681589.6	7457533.0	53.8	0.0	46.2	Urban
681589.6	7457733.0	69.6	0.0	30.4	Urban
681589.6	7457933.0	75.0	0.0	25.0	Urban
681589.6	7458133.0	79.2	0.0	20.8	Urban
681589.6	7458333.0	48.6	0.0	51.4	Urban
681589.6	7458533.0	0.4	0.0	99.6	Other
681589.6	7458733.0	0.0	0.0	100.0	Other
681589.6	7458933.0	0.2	0.0	99.8	Other
681589.6	7459133.0	47.8	0.0	52.2	Urban
681589.6	7459333.0	35.6	0.0	64.4	Urban
681589.6	7459533.0	2.9	0.0	97.1	Other
681589.6	7459733.0	0.0	0.0	100.0	Other
681589.6	7459933.0	0.0	0.0	100.0	Other
681589.6	7460133.0	0.0	0.0	100.0	Other
681589.6	7460333.0	0.0	0.0	100.0	Other
681589.6	7460533.0	0.0	0.0	100.0	Other
681589.6	7460733.0	0.0	0.0	100.0	Other
681589.6	7460933.0	4.3	0.0	95.7	Other
681589.6	7461133.0	0.0	0.0	100.0	Other
681589.6	7461333.0	0.0	0.0	100.0	Other
681589.6	7461533.0	0.0	0.0	100.0	Other
681589.6	7461733.0	0.0	0.0	100.0	Other
681589.6	7461933.0	0.0	0.0	100.0	Other
681589.6	7462133.0	0.0	0.0	100.0	Other
681589.6	7462333.0	0.0	0.0	100.0	Other
681589.6	7462533.0	0.0	0.0	100.0	Other
681589.6	7462733.0	0.0	0.0	100.0	Other
681589.6	7462933.0	3.1	0.0	96.9	Other
681589.6	7463133.0	49.3	0.0	50.7	Urban
681589.6	7463333.0	76.9	0.0	23.1	Urban
681589.6	7463533.0	94.4	0.0	5.6	Urban
681589.6	7463733.0	95.3	0.0	4.7	Urban
681589.6	7463933.0	83.2	0.0	16.8	Urban
681589.6	7464133.0	58.7	0.0	41.3	Urban
681589.6	7464333.0	52.5	0.0	47.5	Urban
681589.6	7464533.0	64.5	0.0	35.5	Urban
681589.6	7464733.0	92.5	0.0	7.5	Urban
681589.6	7464933.0	97.5	0.0	2.5	Urban
681589.6	7465133.0	82.6	0.0	17.4	Urban
681589.6	7465333.0	92.2	0.0	7.8	Urban
681589.6	7465533.0	66.5	0.0	33.5	Urban
681589.6	7465733.0	63.4	0.0	36.6	Urban
681589.6	7465933.0	37.9	0.0	62.1	Urban
681589.6	7466133.0	38.6	0.0	61.4	Urban
681589.6	7466333.0	93.5	0.0	6.5	Urban
681589.6	7466533.0	95.1	0.0	4.9	Urban
681589.6	7466733.0	94.4	0.0	5.6	Urban
681589.6	7466933.0	93.3	0.0	6.7	Urban
681589.6	7467133.0	97.6	0.0	2.4	Urban
681589.6	7467333.0	99.6	0.0	0.4	Urban
681589.6	7467533.0	97.5	0.0	2.5	Urban
681589.6	7467733.0	98.7	0.0	1.3	Urban
681589.6	7467933.0	98.4	0.0	1.6	Urban
681589.6	7468133.0	94.9	0.0	5.1	Urban
681589.6	7468333.0	78.1	0.0	21.9	Urban
681589.6	7468533.0	97.3	0.0	2.7	Urban
681589.6	7468733.0	93.8	0.0	6.2	Urban
681589.6	7468933.0	83.3	0.0	16.7	Urban
681589.6	7469133.0	86.6	0.0	13.4	Urban
681589.6	7469333.0	87.3	0.0	12.7	Urban
681589.6	7469533.0	37.3	0.0	62.7	Urban
681589.6	7469733.0	36.3	0.2	63.5	Urban
681589.6	7469933.0	28.6	20.7	50.7	Urban
681589.6	7470133.0	1.6	76.3	22.1	Water
681589.6	7470333.0	42.2	0.0	57.8	Urban
681589.6	7470533.0	71.7	0.0	28.3	Urban
681589.6	7470733.0	70.8	0.0	29.2	Urban
681589.6	7470933.0	42.6	0.0	57.4	Urban
681589.6	7471133.0	43.1	0.0	56.9	Urban
681589.6	7471333.0	37.7	0.0	62.3	Urban
681589.6	7471533.0	73.9	0.0	26.1	Urban
681589.6	7471733.0	47.3	39.3	13.4	Urban
681789.6	7451933.0	0.0	100.0	0.0	Water
681789.6	7452133.0	0.0	100.0	0.0	Water
681789.6	7452333.0	0.0	100.0	0.0	Water
681789.6	7452533.0	0.0	100.0	0.0	Water
681789.6	7452733.0	0.0	100.0	0.0	Water
681789.6	7452933.0	0.0	100.0	0.0	Water
681789.6	7453133.0	0.0	100.0	0.0	Water
681789.6	7453333.0	0.0	100.0	0.0	Water
681789.6	7453533.0	0.0	100.0	0.0	Water
681789.6	7453733.0	0.0	100.0	0.0	Water
681789.6	7453933.0	0.0	100.0	0.0	Water
681789.6	7454133.0	0.0	100.0	0.0	Water
681789.6	7454333.0	0.0	100.0	0.0	Water
681789.6	7454533.0	0.0	100.0	0.0	Water
681789.6	7454733.0	0.0	100.0	0.0	Water
681789.6	7454933.0	0.0	100.0	0.0	Water
681789.6	7455133.0	0.0	100.0	0.0	Water
681789.6	7455333.0	0.0	100.0	0.0	Water
681789.6	7455533.0	0.0	100.0	0.0	Water
681789.6	7455733.0	0.0	100.0	0.0	Water
681789.6	7455933.0	0.0	100.0	0.0	Water
681789.6	7456133.0	0.0	100.0	0.0	Water
681789.6	7456333.0	0.0	100.0	0.0	Water
681789.6	7456533.0	11.1	77.2	11.7	Water
681789.6	7456733.0	71.6	2.9	25.5	Urban
681789.6	7456933.0	83.7	0.0	16.3	Urban
681789.6	7457133.0	84.1	0.0	15.9	Urban
681789.6	7457333.0	49.1	0.0	50.9	Urban
681789.6	7457533.0	61.6	0.0	38.4	Urban
681789.6	7457733.0	72.8	0.2	27.0	Urban
681789.6	7457933.0	69.2	0.0	30.8	Urban
681789.6	7458133.0	75.2	0.0	24.8	Urban
681789.6	7458333.0	48.9	0.0	51.1	Urban
681789.6	7458533.0	4.3	0.0	95.7	Other
681789.6	7458733.0	0.0	0.0	100.0	Other
681789.6	7458933.0	0.0	0.0	100.0	Other
681789.6	7459133.0	16.7	0.0	83.3	Other
681789.6	7459333.0	60.2	0.0	39.8	Urban
681789.6	7459533.0	30.1	0.0	69.9	Urban
681789.6	7459733.0	25.2	0.0	74.8	Urban
681789.6	7459933.0	0.0	0.0	100.0	Other
681789.6	7460133.0	0.0	0.0	100.0	Other
681789.6	7460333.0	0.0	0.0	100.0	Other
681789.6	7460533.0	0.0	0.0	100.0	Other
681789.6	7460733.0	0.0	0.0	100.0	Other
681789.6	7460933.0	0.0	0.0	100.0	Other
681789.6	7461133.0	0.0	0.0	100.0	Other
681789.6	7461333.0	0.0	0.0	100.0	Other
681789.6	7461533.0	0.0	0.0	100.0	Other
681789.6	7461733.0	0.0	0.0	100.0	Other
681789.6	7461933.0	0.0	0.0	100.0	Other
681789.6	7462133.0	0.0	0.0	100.0	Other
681789.6	7462333.0	0.0	0.0	100.0	Other
681789.6	7462533.0	0.0	0.0	100.0	Other
681789.6	7462733.0	0.0	0.0	100.0	Other
681789.6	7462933.0	18.8	0.0	81.2	Other
681789.6	7463133.0	87.3	0.0	12.7	Urban
681789.6	7463333.0	89.3	0.0	10.7	Urban
681789.6	7463533.0	91.3	0.0	8.7	Urban
681789.6	7463733.0	91.3	0.0	8.7	Urban
681789.6	7463933.0	90.6	0.0	9.4	Urban
681789.6	7464133.0	82.1	0.0	17.9	Urban
681789.6	7464333.0	50.2	0.0	49.8	Urban
681789.6	7464533.0	60.5	0.0	39.5	Urban
681789.6	7464733.0	82.4	0.0	17.6	Urban
681789.6	7464933.0	79.5	0.0	20.5	Urban
681789.6	7465133.0	84.1	0.0	15.9	Urban
681789.6	7465333.0	94.6	0.0	5.4	Urban
681789.6	7465533.0	64.0	0.0	36.0	Urban
681789.6	7465733.0	25.7	0.0	74.3	Urban
681789.6	7465933.0	27.9	0.0	72.1	Urban
681789.6	7466133.0	39.6	0.0	60.4	Urban
681789.6	7466333.0	98.7	0.0	1.3	Urban
681789.6	7466533.0	90.6	0.0	9.4	Urban
681789.6	7466733.0	99.8	0.0	0.2	Urban
681789.6	7466933.0	97.3	0.0	2.7	Urban
681789.6	7467133.0	97.9	0.0	2.1	Urban
681789.6	7467333.0	77.2	0.0	22.8	Urban
681789.6	7467533.0	73.0	0.0	27.0	Urban
681789.6	7467733.0	100.0	0.0	0.0	Urban
681789.6	7467933.0	100.0	0.0	0.0	Urban
681789.6	7468133.0	99.8	0.0	0.2	Urban
681789.6	7468333.0	100.0	0.0	0.0	Urban
681789.6	7468533.0	99.8	0.0	0.2	Urban
681789.6	7468733.0	98.9	0.0	1.1	Urban
681789.6	7468933.0	95.8	0.0	4.2	Urban
681789.6	7469133.0	31.2	0.0	68.8	Urban
681789.6	7469333.0	28.3	0.0	71.7	Urban
681789.6	7469533.0	36.8	0.2	63.0	Urban
681789.6	7469733.0	30.1	2.9	67.0	Urban
681789.6	7469933.0	9.4	48.7	41.8	Other
681789.6	7470133.0	0.0	51.3	48.7	Water
681789.6	7470333.0	16.1	0.0	83.9	Other
681789.6	7470533.0	73.6	0.0	26.4	Urban
681789.6	7470733.0	44.5	0.0	55.5	Urban
681789.6	7470933.0	13.6	0.0	86.4	Other
681789.6	7471133.0	12.3	0.0	87.7	Other
681789.6	7471333.0	14.7	7.2	78.1	Other
681789.6	7471533.0	6.2	66.7	27.2	Water
681789.6	7471733.0	0.0	99.8	0.2	Water
681989.6	7451933.0	0.0	100.0	0.0	Water
681989.6	7452133.0	0.0	100.0	0.0	Water
681989.6	7452333.0	0.0	100.0	0.0	Water
681989.6	7452533.0	0.0	100.0	0.0	Water
681989.6	7452733.0	0.0	100.0	0.0	Water
681989.6	7452933.0	0.0	100.0	0.0	Water
681989.6	7453133.0	0.0	100.0	0.0	Water
681989.6	7453333.0	0.0	100.0	0.0	Water
681989.6	7453533.0	0.0	100.0	0.0	Water
681989.6	7453733.0	0.0	100.0	0.0	Water
681989.6	7453933.0	0.0	100.0	0.0	Water
681989.6	7454133.0	0.0	100.0	0.0	Water
681989.6	7454333.0	0.0	100.0	0.0	Water
681989.6	7454533.0	0.0	100.0	0.0	Water
681989.6	7454733.0	0.0	100.0	0.0	Water
681989.6	7454933.0	0.0	100.0	0.0	Water
681989.6	7455133.0	0.0	100.0	0.0	Water
681989.6	7455333.0	0.0	100.0	0.0	Water
681989.6	7455533.0	0.0	100.0	0.0	Water
681989.6	7455733.0	0.0	100.0	0.0	Water
681989.6	7455933.0	0.0	100.0	0.0	Water
681989.6	7456133.0	0.0	100.0	0.0	Water
681989.6	7456333.0	0.0	100.0	0.0	Water
681989.6	7456533.0	0.0	100.0	0.0	Water
681989.6	7456733.0	39.1	27.7	33.2	Urban
681989.6	7456933.0	83.5	0.0	16.5	Urban
681989.6	7457133.0	85.5	0.0	14.5	Urban
681989.6	7457333.0	70.1	0.0	29.9	Urban
681989.6	7457533.0	45.4	0.0	54.6	Urban
681989.6	7457733.0	90.0	0.0	10.0	Urban
681989.6	7457933.0	52.7	0.0	47.3	Urban
681989.6	7458133.0	31.0	0.0	69.0	Urban
681989.6	7458333.0	62.7	0.0	37.3	Urban
681989.6	7458533.0	54.3	0.0	45.7	Urban
681989.6	7458733.0	3.1	0.0	96.9	Other
681989.6	7458933.0	0.0	0.0	100.0	Other
681989.6	7459133.0	23.6	0.0	76.4	Urban
681989.6	7459333.0	65.4	0.0	34.6	Urban
681989.6	7459533.0	63.4	0.0	36.6	Urban
681989.6	7459733.0	28.8	0.0	71.2	Urban
681989.6	7459933.0	0.0	0.0	100.0	Other
681989.6	7460133.0	0.0	0.0	100.0	Other
681989.6	7460333.0	0.0	0.0	100.0	Other
681989.6	7460533.0	0.0	0.0	100.0	Other
681989.6	7460733.0	0.0	0.0	100.0	Other
681989.6	7460933.0	0.0	0.0	100.0	Other
681989.6	7461133.0	0.0	0.0	100.0	Other
681989.6	7461333.0	0.0	0.0	100.0	Other
681989.6	7461533.0	0.0	0.0	100.0	Other
681989.6	7461733.0	0.0	0.0	100.0	Other
681989.6	7461933.0	0.0	0.0	100.0	Other
681989.6	7462133.0	0.0	0.0	100.0	Other
681989.6	7462333.0	0.0	0.0	100.0	Other
681989.6	7462533.0	0.0	0.0	100.0	Other
681989.6	7462733.0	0.0	0.0	100.0	Other
681989.6	7462933.0	7.8	0.0	92.2	Other
681989.6	7463133.0	55.4	0.0	44.6	Urban
681989.6	7463333.0	76.1	0.0	23.9	Urban
681989.6	7463533.0	86.1	0.0	13.9	Urban
681989.6	7463733.0	94.6	0.0	5.4	Urban
681989.6	7463933.0	98.8	0.0	1.2	Urban
681989.6	7464133.0	89.7	0.0	10.3	Urban
681989.6	7464333.0	82.6	0.0	17.4	Urban
681989.6	7464533.0	84.8	0.0	15.2	Urban
681989.6	7464733.0	94.0	0.0	6.0	Urban
681989.6	7464933.0	91.1	0.2	8.7	Urban
681989.6	7465133.0	83.7	0.0	16.3	Urban
681989.6	7465333.0	88.9	0.0	11.1	Urban
681989.6	7465533.0	23.7	0.0	76.3	Urban
681989.6	7465733.0	21.2	0.0	78.8	Urban
681989.6	7465933.0	14.9	6.0	79.2	Other
681989.6	7466133.0	23.7	0.0	76.3	Urban
681989.6	7466333.0	84.6	0.0	15.4	Urban
681989.6	7466533.0	100.0	0.0	0.0	Urban
681989.6	7466733.0	97.7	0.0	2.3	Urban
681989.6	7466933.0	88.3	0.0	11.7	Urban
681989.6	7467133.0	85.1	0.0	14.9	Urban
681989.6	7467333.0	96.0	0.0	4.0	Urban
681989.6	7467533.0	99.6	0.0	0.4	Urban
681989.6	7467733.0	100.0	0.0	0.0	Urban
681989.6	7467933.0	99.8	0.0	0.2	Urban
681989.6	7468133.0	99.1	0.0	0.9	Urban
681989.6	7468333.0	98.6	0.0	1.4	Urban
681989.6	7468533.0	98.6	0.0	1.4	Urban
681989.6	7468733.0	83.3	0.0	16.7	Urban
681989.6	7468933.0	99.3	0.0	0.7	Urban
681989.6	7469133.0	81.3	0.0	18.7	Urban
681989.6	7469333.0	26.5	32.8	40.7	Urban
681989.6	7469533.0	17.0	50.7	32.2	Water
681989.6	7469733.0	8.2	37.3	54.5	Other
681989.6	7469933.0	0.0	72.9	27.1	Water
681989.6	7470133.0	2.7	4.3	92.9	Other
681989.6	7470333.0	24.1	0.0	75.9	Urban
681989.6	7470533.0	37.7	0.0	62.3	Urban
681989.6	7470733.0	40.4	0.0	59.6	Urban
681989.6	7470933.0	44.7	0.0	55.3	Urban
681989.6	7471133.0	0.4	2.2	97.5	Other
681989.6	7471333.0	1.4	75.4	23.2	Water
681989.6	7471533.0	0.0	100.0	0.0	Water
681989.6	7471733.0	0.0	100.0	0.0	Water
682189.6	7451933.0	0.0	100.0	0.0	Water
682189.6	7452133.0	0.0	100.0	0.0	Water
682189.6	7452333.0	0.0	100.0	0.0	Water
682189.6	7452533.0	0.0	100.0	0.0	Water
682189.6	7452733.0	0.0	100.0	0.0	Water
682189.6	7452933.0	0.0	100.0	0.0	Water
682189.6	7453133.0	0.0	100.0	0.0	Water
682189.6	7453333.0	0.0	100.0	0.0	Water
682189.6	7453533.0	0.0	100.0	0.0	Water
682189.6	7453733.0	0.0	100.0	0.0	Water
682189.6	7453933.0	0.0	100.0	0.0	Water
682189.6	7454133.0	0.0	100.0	0.0	Water
682189.6	7454333.0	0.0	100.0	0.0	Water
682189.6	7454533.0	0.0	100.0	0.0	Water
682189.6	7454733.0	0.0	100.0	0.0	Water
682189.6	7454933.0	0.0	100.0	0.0	Water
682189.6	7455133.0	0.0	100.0	0.0	Water
682189.6	7455333.0	0.0	100.0	0.0	Water
682189.6	7455533.0	0.0	100.0	0.0	Water
682189.6	7455733.0	0.0	100.0	0.0	Water
682189.6	7455933.0	0.0	100.0	0.0	Water
682189.6	7456133.0	0.0	100.0	0.0	Water
682189.6	7456333.0	0.0	100.0	0.0	Water
682189.6	7456533.0	0.0	100.0	0.0	Water
682189.6	7456733.0	28.8	41.3	29.9	Urban
682189.6	7456933.0	86.6	0.0	13.4	Urban
682189.6	7457133.0	88.0	0.0	12.0	Urban
682189.6	7457333.0	68.7	0.0	31.3	Urban
682189.6	7457533.0	81.2	0.0	18.8	Urban
682189.6	7457733.0	79.0	0.0	21.0	Urban
682189.6	7457933.0	31.2	0.5	68.3	Urban
682189.6	7458133.0	26.8	3.1	70.1	Urban
682189.6	7458333.0	15.2	0.0	84.8	Other
682189.6	7458533.0	34.6	0.0	65.4	Urban
682189.6	7458733.0	10.3	0.0	89.7	Other
682189.6	7458933.0	0.0	0.0	100.0	Other
682189.6	7459133.0	21.6	0.0	78.4	Urban
682189.6	7459333.0	75.2	0.0	24.8	Urban
682189.6	7459533.0	59.4	0.0	40.6	Urban
682189.6	7459733.0	57.6	0.0	42.4	Urban
682189.6	7459933.0	2.1	0.0	97.9	Other
682189.6	7460133.0	0.0	0.0	100.0	Other
682189.6	7460333.0	0.0	0.0	100.0	Other
682189.6	7460533.0	0.0	0.0	100.0	Other
682189.6	7460733.0	0.0	0.0	100.0	Other
682189.6	7460933.0	0.0	0.0	100.0	Other
682189.6	7461133.0	0.0	0.0	100.0	Other
682189.6	7461333.0	0.0	0.0	100.0	Other
682189.6	7461533.0	0.0	0.0	100.0	Other
682189.6	7461733.0	0.0	0.0	100.0	Other
682189.6	7461933.0	0.0	0.0	100.0	Other
682189.6	7462133.0	0.0	0.0	100.0	Other
682189.6	7462333.0	0.0	0.0	100.0	Other
682189.6	7462533.0	0.0	0.0	100.0	Other
682189.6	7462733.0	0.5	0.0	99.5	Other
682189.6	7462933.0	0.4	0.0	99.6	Other
682189.6	7463133.0	0.2	0.0	99.8	Other
682189.6	7463333.0	0.5	0.0	99.5	Other
682189.6	7463533.0	50.5	0.0	49.5	Urban
682189.6	7463733.0	95.8	0.0	4.2	Urban
682189.6	7463933.0	92.9	0.0	7.1	Urban
682189.6	7464133.0	79.9	0.0	20.1	Urban
682189.6	7464333.0	86.8	0.0	13.2	Urban
682189.6	7464533.0	97.8	0.0	2.2	Urban
682189.6	7464733.0	97.1	0.0	2.9	Urban
682189.6	7464933.0	90.8	0.2	9.1	Urban
682189.6	7465133.0	73.6	0.0	26.4	Urban
682189.6	7465333.0	93.3	0.0	6.7	Urban
682189.6	7465533.0	12.9	0.0	87.1	Other
682189.6	7465733.0	4.0	0.4	95.7	Other
682189.6	7465933.0	1.8	5.6	92.6	Other
682189.6	7466133.0	53.6	0.0	46.4	Urban
682189.6	7466333.0	93.4	0.0	6.6	Urban
682189.6	7466533.0	99.8	0.0	0.2	Urban
682189.6	7466733.0	81.0	0.0	19.0	Urban
682189.6	7466933.0	45.1	0.0	54.9	Urban
682189.6	7467133.0	93.8	0.0	6.2	Urban
682189.6	7467333.0	93.8	0.0	6.2	Urban
682189.6	7467533.0	99.3	0.0	0.7	Urban
682189.6	7467733.0	98.6	0.0	1.4	Urban
682189.6	7467933.0	99.8	0.0	0.2	Urban
682189.6	7468133.0	88.9	0.0	11.1	Urban
682189.6	7468333.0	75.0	0.0	25.0	Urban
682189.6	7468533.0	67.8	0.0	32.2	Urban
682189.6	7468733.0	94.4	0.0	5.6	Urban
682189.6	7468933.0	97.1	0.0	2.9	Urban
682189.6	7469133.0	88.7	3.5	7.8	Urban
682189.6	7469333.0	30.1	68.5	1.4	Urban
682189.6	7469533.0	0.0	100.0	0.0	Water
682189.6	7469733.0	0.0	100.0	0.0	Water
682189.6	7469933.0	0.0	30.4	69.6	Other
682189.6	7470133.0	8.3	0.0	91.7	Other
682189.6	7470333.0	12.3	0.0	87.7	Other
682189.6	7470533.0	22.4	0.0	77.6	Urban
682189.6	7470733.0	48.6	0.0	51.4	Urban
682189.6	7470933.0	16.5	0.0	83.5	Other
682189.6	7471133.0	1.3	64.9	33.9	Water
682189.6	7471333.0	0.0	100.0	0.0	Water
682189.6	7471533.0	0.0	100.0	0.0	Water
682189.6	7471733.0	0.0	100.0	0.0	Water
682389.6	7451933.0	0.0	100.0	0.0	Water
682389.6	7452133.0	0.0	100.0	0.0	Water
682389.6	7452333.0	0.0	100.0	0.0	Water
682389.6	7452533.0	0.0	100.0	0.0	Water
682389.6	7452733.0	0.0	100.0	0.0	Water
682389.6	7452933.0	0.0	100.0	0.0	Water
682389.6	7453133.0	0.0	100.0	0.0	Water
682389.6	7453333.0	0.0	100.0	0.0	Water
682389.6	7453533.0	0.0	100.0	0.0	Water
682389.6	7453733.0	0.0	100.0	0.0	Water
682389.6	7453933.0	0.0	100.0	0.0	Water
682389.6	7454133.0	0.0	100.0	0.0	Water
682389.6	7454333.0	0.0	100.0	0.0	Water
682389.6	7454533.0	0.0	100.0	0.0	Water
682389.6	7454733.0	0.0	100.0	0.0	Water
682389.6	7454933.0	0.0	100.0	0.0	Water
682389.6	7455133.0	0.0	100.0	0.0	Water
682389.6	7455333.0	0.0	100.0	0.0	Water
682389.6	7455533.0	0.0	100.0	0.0	Water
682389.6	7455733.0	0.0	100.0	0.0	Water
682389.6	7455933.0	0.0	100.0	0.0	Water
682389.6	7456133.0	0.0	100.0	0.0	Water
682389.6	7456333.0	0.0	100.0	0.0	Water
682389.6	7456533.0	0.0	100.0	0.0	Water
682389.6	7456733.0	14.1	56.2	29.7	Water
682389.6	7456933.0	89.2	0.0	10.8	Urban
682389.6	7457133.0	77.0	0.0	23.0	Urban
682389.6	7457333.0	67.6	0.0	32.4	Urban
682389.6	7457533.0	53.6	0.0	46.4	Urban
682389.6	7457733.0	55.1	0.0	44.9	Urban
682389.6	7457933.0	62.3	0.0	37.7	Urban
682389.6	7458133.0	25.3	0.0	74.7	Urban
682389.6	7458333.0	9.6	0.0	90.4	Other
682389.6	7458533.0	4.9	0.4	94.7	Other
682389.6	7458733.0	1.9	0.0	98.1	Other
682389.6	7458933.0	7.6	0.0	92.4	Other
682389.6	7459133.0	36.1	0.0	63.9	Urban
682389.6	7459333.0	89.4	0.0	10.6	Urban
682389.6	7459533.0	44.0	0.0	56.0	Urban
682389.6	7459733.0	17.4	0.0	82.6	Other
682389.6	7459933.0	0.0	0.0	100.0	Other
682389.6	7460133.0	0.0	0.0	100.0	Other
682389.6	7460333.0	0.0	0.0	100.0	Other
682389.6	7460533.0	0.0	0.0	100.0	Other
682389.6	7460733.0	0.0	0.0	100.0	Other
682389.6	7460933.0	0.0	0.0	100.0	Other
682389.6	7461133.0	0.0	0.0	100.0	Other
682389.6	7461333.0	0.0	0.0	100.0	Other
682389.6	7461533.0	0.0	0.0	100.0	Other
682389.6	7461733.0	0.0	0.0	100.0	Other
682389.6	7461933.0	0.0	0.0	100.0	Other
682389.6	7462133.0	0.0	0.0	100.0	Other
682389.6	7462333.0	0.0	0.0	100.0	Other
682389.6	7462533.0	0.0	0.0	100.0	Other
682389.6	7462733.0	1.3	0.0	98.7	Other
682389.6	7462933.0	3.3	0.0	96.7	Other
682389.6	7463133.0	0.0	0.0	100.0	Other
682389.6	7463333.0	9.1	0.0	90.9	Other
682389.6	7463533.0	55.4	0.0	44.6	Urban
682389.6	7463733.0	88.7	0.0	11.3	Urban
682389.6	7463933.0	93.5	0.0	6.5	Urban
682389.6	7464133.0	90.2	0.0	9.8	Urban
682389.6	7464333.0	86.6	0.0	13.4	Urban
682389.6	7464533.0	97.6	0.0	2.4	Urban
682389.6	7464733.0	91.7	0.0	8.3	Urban
682389.6	7464933.0	86.6	0.0	13.4	Urban
682389.6	7465133.0	75.7	0.0	24.3	Urban
682389.6	7465333.0	92.8	0.0	7.2	Urban
682389.6	7465533.0	75.7	0.0	24.3	Urban
682389.6	7465733.0	11.2	14.1	74.6	Other
682389.6	7465933.0	27.5	11.1	61.4	Urban
682389.6	7466133.0	88.6	0.0	11.4	Urban
682389.6	7466333.0	91.3	0.0	8.7	Urban
682389.6	7466533.0	76.4	0.0	23.6	Urban
682389.6	7466733.0	83.2	0.0	16.8	Urban
682389.6	7466933.0	82.2	0.0	17.8	Urban
682389.6	7467133.0	99.6	0.0	0.4	Urban
682389.6	7467333.0	100.0	0.0	0.0	Urban
682389.6	7467533.0	99.6	0.0	0.4	Urban
682389.6	7467733.0	97.6	0.0	2.4	Urban
682389.6	7467933.0	81.9	0.0	18.1	Urban
682389.6	7468133.0	74.6	0.0	25.4	Urban
682389.6	7468333.0	77.2	0.0	22.8	Urban
682389.6	7468533.0	83.9	0.0	16.1	Urban
682389.6	7468733.0	95.8	0.0	4.2	Urban
682389.6	7468933.0	78.6	0.0	21.4	Urban
682389.6	7469133.0	78.6	0.0	21.4	Urban
682389.6	7469333.0	65.0	35.0	0.0	Urban
682389.6	7469533.0	0.0	100.0	0.0	Water
682389.6	7469733.0	0.0	64.5	35.5	Water
682389.6	7469933.0	0.0	1.1	98.9	Other
682389.6	7470133.0	5.6	0.0	94.4	Other
682389.6	7470333.0	6.0	0.0	94.0	Other
682389.6	7470533.0	35.9	0.0	64.1	Urban
682389.6	7470733.0	52.2	0.0	47.8	Urban
682389.6	7470933.0	14.3	14.3	71.4	Other
682389.6	7471133.0	0.0	99.6	0.4	Water
682389.6	7471333.0	0.0	100.0	0.0	Water
682389.6	7471533.0	0.0	100.0	0.0	Water
682389.6	7471733.0	0.0	100.0	0.0	Water
682589.6	7451933.0	0.0	100.0	0.0	Water
682589.6	7452133.0	0.0	100.0	0.0	Water
682589.6	7452333.0	0.0	100.0	0.0	Water
682589.6	7452533.0	0.0	100.0	0.0	Water
682589.6	7452733.0	0.0	100.0	0.0	Water
682589.6	7452933.0	0.0	100.0	0.0	Water
682589.6	7453133.0	0.0	100.0	0.0	Water
682589.6	7453333.0	0.0	100.0	0.0	Water
682589.6	7453533.0	0.0	100.0	0.0	Water
682589.6	7453733.0	0.0	100.0	0.0	Water
682589.6	7453933.0	0.0	100.0	0.0	Water
682589.6	7454133.0	0.0	100.0	0.0	Water
682589.6	7454333.0	0.0	100.0	0.0	Water
682589.6	7454533.0	0.0	100.0	0.0	Water
682589.6	7454733.0	0.0	100.0	0.0	Water
682589.6	7454933.0	0.0	100.0	0.0	Water
682589.6	7455133.0	0.0	100.0	0.0	Water
682589.6	7455333.0	0.0	100.0	0.0	Water
682589.6	7455533.0	0.0	100.0	0.0	Water
682589.6	7455733.0	0.0	100.0	0.0	Water
682589.6	7455933.0	0.0	100.0	0.0	Water
682589.6	7456133.0	0.0	100.0	0.0	Water
682589.6	7456333.0	0.0	100.0	0.0	Water
682589.6	7456533.0	0.0	100.0	0.0	Water
682589.6	7456733.0	1.4	64.3	34.2	Water
682589.6	7456933.0	88.8	0.0	11.2	Urban
682589.6	7457133.0	81.2	0.0	18.8	Urban
682589.6	7457333.0	78.4	0.0	21.6	Urban
682589.6	7457533.0	57.2	0.0	42.8	Urban
682589.6	7457733.0	75.0	0.0	25.0	Urban
682589.6	7457933.0	82.4	0.2	17.4	Urban
682589.6	7458133.0	81.9	0.0	18.1	Urban
682589.6	7458333.0	77.4	0.0	22.6	Urban
682589.6	7458533.0	40.8	0.0	59.2	Urban
682589.6	7458733.0	19.7	0.0	80.3	Other
682589.6	7458933.0	23.0	0.0	77.0	Urban
682589.6	7459133.0	84.4	0.0	15.6	Urban
682589.6	7459333.0	96.4	0.0	3.6	Urban
682589.6	7459533.0	58.9	0.0	41.1	Urban
682589.6	7459733.0	31.7	0.0	68.3	Urban
682589.6	7459933.0	0.0	0.0	100.0	Other
682589.6	7460133.0	0.0	0.0	100.0	Other
682589.6	7460333.0	0.0	0.0	100.0	Other
682589.6	7460533.0	0.0	0.0	100.0	Other
682589.6	7460733.0	0.0	0.0	100.0	Other
682589.6	7460933.0	0.0	0.0	100.0	Other
682589.6	7461133.0	0.0	0.0	100.0	Other
682589.6	7461333.0	0.0	0.0	100.0	Other
682589.6	7461533.0	0.0	0.0	100.0	Other
682589.6	7461733.0	0.0	0.0	100.0	Other
682589.6	7461933.0	0.0	0.0	100.0	Other
682589.6	7462133.0	0.0	0.0	100.0	Other
682589.6	7462333.0	0.0	0.0	100.0	Other
682589.6	7462533.0	0.0	0.0	100.0	Other
682589.6	7462733.0	0.0	0.0	100.0	Other
682589.6	7462933.0	0.0	0.0	100.0	Other
682589.6	7463133.0	0.0	0.0	100.0	Other
682589.6	7463333.0	8.2	0.0	91.8	Other
682589.6	7463533.0	59.1	0.0	40.9	Urban
682589.6	7463733.0	88.3	0.0	11.7	Urban
682589.6	7463933.0	91.3	0.0	8.7	Urban
682589.6	7464133.0	94.2	0.0	5.8	Urban
682589.6	7464333.0	95.7	0.0	4.3	Urban
682589.6	7464533.0	83.9	0.0	16.1	Urban
682589.6	7464733.0	94.1	0.0	5.9	Urban
682589.6	7464933.0	96.7	0.0	3.3	Urban
682589.6	7465133.0	95.7	0.0	4.3	Urban
682589.6	7465333.0	75.9	0.0	24.1	Urban
682589.6	7465533.0	73.6	0.0	26.4	Urban
682589.6	7465733.0	86.4	0.4	13.2	Urban
682589.6	7465933.0	75.7	0.0	24.3	Urban
682589.6	7466133.0	79.0	0.0	21.0	Urban
682589.6	7466333.0	54.7	0.0	45.3	Urban
682589.6	7466533.0	96.0	0.0	4.0	Urban
682589.6	7466733.0	96.6	0.0	3.4	Urban
682589.6	7466933.0	96.4	0.0	3.6	Urban
682589.6	7467133.0	99.5	0.0	0.5	Urban
682589.6	7467333.0	100.0	0.0	0.0	Urban
682589.6	7467533.0	99.1	0.0	0.9	Urban
682589.6	7467733.0	99.6	0.0	0.4	Urban
682589.6	7467933.0	84.4	0.0	15.6	Urban
682589.6	7468133.0	98.7	0.0	1.3	Urban
682589.6	7468333.0	85.0	0.0	15.0	Urban
682589.6	7468533.0	90.4	0.0	9.6	Urban
682589.6	7468733.0	38.6	0.0	61.4	Urban
682589.6	7468933.0	47.6	0.0	52.4	Urban
682589.6	7469133.0	74.6	1.3	24.1	Urban
682589.6	7469333.0	87.7	4.5	7.8	Urban
682589.6	7469533.0	18.3	74.3	7.4	Water
682589.6	7469733.0	8.2	63.0	28.8	Water
682589.6	7469933.0	14.3	0.0	85.7	Other
682589.6	7470133.0	32.6	0.0	67.4	Urban
682589.6	7470333.0	45.5	0.0	54.5	Urban
682589.6	7470533.0	35.9	0.0	64.1	Urban
682589.6	7470733.0	67.2	0.5	32.2	Urban
682589.6	7470933.0	39.7	21.9	38.4	Urban
682589.6	7471133.0	0.0	100.0	0.0	Water
682589.6	7471333.0	0.0	100.0	0.0	Water
682589.6	7471533.0	0.0	100.0	0.0	Water
682589.6	7471733.0	0.0	100.0	0.0	Water
682789.6	7451933.0	0.0	100.0	0.0	Water
682789.6	7452133.0	0.0	100.0	0.0	Water
682789.6	7452333.0	0.0	100.0	0.0	Water
682789.6	7452533.0	0.0	100.0	0.0	Water
682789.6	7452733.0	0.0	100.0	0.0	Water
682789.6	7452933.0	0.0	100.0	0.0	Water
682789.6	7453133.0	0.0	100.0	0.0	Water
682789.6	7453333.0	0.0	100.0	0.0	Water
682789.6	7453533.0	0.0	100.0	0.0	Water
682789.6	7453733.0	0.0	100.0	0.0	Water
682789.6	7453933.0	0.0	100.0	0.0	Water
682789.6	7454133.0	0.0	100.0	0.0	Water
682789.6	7454333.0	0.0	100.0	0.0	Water
682789.6	7454533.0	0.0	100.0	0.0	Water
682789.6	7454733.0	0.0	100.0	0.0	Water
682789.6	7454933.0	0.0	100.0	0.0	Water
682789.6	7455133.0	0.0	100.0	0.0	Water
682789.6	7455333.0	0.0	100.0	0.0	Water
682789.6	7455533.0	0.0	100.0	0.0	Water
682789.6	7455733.0	0.0	100.0	0.0	Water
682789.6	7455933.0	0.0	100.0	0.0	Water
682789.6	7456133.0	0.0	100.0	0.0	Water
682789.6	7456333.0	0.0	100.0	0.0	Water
682789.6	7456533.0	0.0	100.0	0.0	Water
682789.6	7456733.0	0.0	65.2	34.8	Water
682789.6	7456933.0	72.8	0.0	27.2	Urban
682789.6	7457133.0	68.7	0.0	31.3	Urban
682789.6	7457333.0	89.5	0.0	10.5	Urban
682789.6	7457533.0	82.1	0.0	17.9	Urban
682789.6	7457733.0	13.6	56.7	29.7	Water
682789.6	7457933.0	17.0	77.9	5.0	Water
682789.6	7458133.0	37.1	17.4	45.5	Urban
682789.6	7458333.0	40.4	2.4	57.2	Urban
682789.6	7458533.0	61.4	1.8	36.8	Urban
682789.6	7458733.0	47.5	8.2	44.4	Urban
682789.6	7458933.0	69.6	0.9	29.5	Urban
682789.6	7459133.0	76.6	3.4	19.9	Urban
682789.6	7459333.0	81.7	0.0	18.3	Urban
682789.6	7459533.0	81.3	0.0	18.7	Urban
682789.6	7459733.0	24.3	0.0	75.7	Urban
682789.6	7459933.0	0.0	0.0	100.0	Other
682789.6	7460133.0	0.0	0.0	100.0	Other
682789.6	7460333.0	0.0	0.0	100.0	Other
682789.6	7460533.0	0.0	0.0	100.0	Other
682789.6	7460733.0	0.0	0.0	100.0	Other
682789.6	7460933.0	0.0	0.0	100.0	Other
682789.6	7461133.0	7.8	0.0	92.2	Other
682789.6	7461333.0	1.4	0.0	98.6	Other
682789.6	7461533.0	0.0	0.0	100.0	Other
682789.6	7461733.0	0.0	0.0	100.0	Other
682789.6	7461933.0	0.0	0.0	100.0	Other
682789.6	7462133.0	0.0	0.0	100.0	Other
682789.6	7462333.0	0.0	0.0	100.0	Other
682789.6	7462533.0	0.0	0.0	100.0	Other
682789.6	7462733.0	0.0	0.0	100.0	Other
682789.6	7462933.0	21.2	0.0	78.8	Urban
682789.6	7463133.0	17.2	0.0	82.8	Other
682789.6	7463333.0	34.4	0.0	65.6	Urban
682789.6	7463533.0	75.0	0.0	25.0	Urban
682789.6	7463733.0	62.9	0.0	37.1	Urban
682789.6	7463933.0	95.1	0.0	4.9	Urban
682789.6	7464133.0	96.4	0.0	3.6	Urban
682789.6	7464333.0	87.5	0.0	12.5	Urban
682789.6	7464533.0	71.2	0.0	28.8	Urban
682789.6	7464733.0	93.3	0.0	6.7	Urban
682789.6	7464933.0	82.1	0.0	17.9	Urban
682789.6	7465133.0	97.9	0.0	2.1	Urban
682789.6	7465333.0	84.8	0.0	15.2	Urban
682789.6	7465533.0	52.9	0.9	46.2	Urban
682789.6	7465733.0	95.5	0.5	4.0	Urban
682789.6	7465933.0	88.4	0.0	11.6	Urban
682789.6	7466133.0	94.0	0.0	6.0	Urban
682789.6	7466333.0	94.3	0.0	5.7	Urban
682789.6	7466533.0	99.6	0.0	0.4	Urban
682789.6	7466733.0	99.5	0.0	0.5	Urban
682789.6	7466933.0	97.9	0.0	2.1	Urban
682789.6	7467133.0	97.7	0.0	2.3	Urban
682789.6	7467333.0	100.0	0.0	0.0	Urban
682789.6	7467533.0	100.0	0.0	0.0	Urban
682789.6	7467733.0	98.7	0.0	1.3	Urban
682789.6	7467933.0	98.4	0.0	1.6	Urban
682789.6	7468133.0	96.6	0.0	3.4	Urban
682789.6	7468333.0	99.6	0.0	0.4	Urban
682789.6	7468533.0	91.3	0.0	8.7	Urban
682789.6	7468733.0	82.8	0.0	17.2	Urban
682789.6	7468933.0	90.8	0.0	9.2	Urban
682789.6	7469133.0	73.6	19.7	6.7	Urban
682789.6	7469333.0	29.9	57.4	12.7	Urban
682789.6	7469533.0	9.4	84.1	6.5	Water
682789.6	7469733.0	40.6	58.3	1.1	Urban
682789.6	7469933.0	84.7	0.0	15.3	Urban
682789.6	7470133.0	61.1	0.0	38.9	Urban
682789.6	7470333.0	71.6	0.0	28.4	Urban
682789.6	7470533.0	8.2	51.4	40.4	Water
682789.6	7470733.0	8.2	49.3	42.6	Other
682789.6	7470933.0	17.9	21.0	61.1	Other
682789.6	7471133.0	0.0	100.0	0.0	Water
682789.6	7471333.0	0.0	100.0	0.0	Water
682789.6	7471533.0	0.0	100.0	0.0	Water
682789.6	7471733.0	0.0	100.0	0.0	Water
682989.6	7451933.0	0.0	100.0	0.0	Water
682989.6	7452133.0	0.0	100.0	0.0	Water
682989.6	7452333.0	0.0	100.0	0.0	Water
682989.6	7452533.0	0.0	100.0	0.0	Water
682989.6	7452733.0	0.0	100.0	0.0	Water
682989.6	7452933.0	0.0	100.0	0.0	Water
682989.6	7453133.0	0.0	100.0	0.0	Water
682989.6	7453333.0	0.0	100.0	0.0	Water
682989.6	7453533.0	0.0	100.0	0.0	Water
682989.6	7453733.0	0.0	100.0	0.0	Water
682989.6	7453933.0	0.0	100.0	0.0	Water
682989.6	7454133.0	0.0	100.0	0.0	Water
682989.6	7454333.0	0.0	100.0	0.0	Water
682989.6	7454533.0	0.0	100.0	0.0	Water
682989.6	7454733.0	0.0	100.0	0.0	Water
682989.6	7454933.0	0.0	100.0	0.0	Water
682989.6	7455133.0	0.0	100.0	0.0	Water
682989.6	7455333.0	0.0	100.0	0.0	Water
682989.6	7455533.0	0.0	100.0	0.0	Water
682989.6	7455733.0	0.0	100.0	0.0	Water
682989.6	7455933.0	0.0	100.0	0.0	Water
682989.6	7456133.0	0.0	100.0	0.0	Water
682989.6	7456333.0	0.0	100.0	0.0	Water
682989.6	7456533.0	0.0	100.0	0.0	Water
682989.6	7456733.0	0.0	64.7	35.3	Water
682989.6	7456933.0	65.0	0.0	35.0	Urban
682989.6	7457133.0	58.5	1.3	40.2	Urban
682989.6	7457333.0	56.3	3.4	40.2	Urban
682989.6	7457533.0	52.9	11.7	35.5	Urban
682989.6	7457733.0	1.3	94.4	4.3	Water
682989.6	7457933.0	0.0	100.0	0.0	Water
682989.6	7458133.0	0.0	100.0	0.0	Water
682989.6	7458333.0	0.0	97.3	2.7	Water
682989.6	7458533.0	0.0	93.3	6.7	Water
682989.6	7458733.0	4.0	92.8	3.3	Water
682989.6	7458933.0	22.8	69.0	8.2	Urban
682989.6	7459133.0	8.5	85.3	6.2	Water
682989.6	7459333.0	53.8	20.3	25.9	Urban
682989.6	7459533.0	55.1	0.0	44.9	Urban
682989.6	7459733.0	33.0	0.0	67.0	Urban
682989.6	7459933.0	0.0	0.0	100.0	Other
682989.6	7460133.0	0.0	0.0	100.0	Other
682989.6	7460333.0	0.0	0.0	100.0	Other
682989.6	7460533.0	0.0	0.0	100.0	Other
682989.6	7460733.0	0.0	0.0	100.0	Other
682989.6	7460933.0	0.0	0.0	100.0	Other
682989.6	7461133.0	0.0	0.0	100.0	Other
682989.6	7461333.0	0.0	0.0	100.0	Other
682989.6	7461533.0	0.0	0.0	100.0	Other
682989.6	7461733.0	0.0	0.0	100.0	Other
682989.6	7461933.0	0.0	0.0	100.0	Other
682989.6	7462133.0	0.4	0.0	99.6	Other
682989.6	7462333.0	0.2	0.0	99.8	Other
682989.6	7462533.0	0.0	0.0	100.0	Other
682989.6	7462733.0	0.0	0.0	100.0	Other
682989.6	7462933.0	1.4	0.0	98.6	Other
682989.6	7463133.0	17.4	0.0	82.6	Other
682989.6	7463333.0	81.0	0.0	19.0	Urban
682989.6	7463533.0	98.4	0.0	1.6	Urban
682989.6	7463733.0	79.0	0.0	21.0	Urban
682989.6	7463933.0	77.4	0.0	22.6	Urban
682989.6	7464133.0	97.8	0.0	2.2	Urban
682989.6	7464333.0	95.7	0.0	4.3	Urban
682989.6	7464533.0	81.5	0.0	18.5	Urban
682989.6	7464733.0	68.5	0.0	31.5	Urban
682989.6	7464933.0	87.9	0.0	12.1	Urban
682989.6	7465133.0	95.5	0.0	4.5	Urban
682989.6	7465333.0	96.0	0.2	3.8	Urban
682989.6	7465533.0	91.3	0.2	8.5	Urban
682989.6	7465733.0	94.2	4.0	1.8	Urban
682989.6	7465933.0	94.7	0.0	5.3	Urban
682989.6	7466133.0	96.2	0.0	3.8	Urban
682989.6	7466333.0	90.9	0.0	9.1	Urban
682989.6	7466533.0	89.9	0.0	10.1	Urban
682989.6	7466733.0	95.7	0.0	4.3	Urban
682989.6	7466933.0	98.2	0.0	1.8	Urban
682989.6	7467133.0	90.6	0.0	9.4	Urban
682989.6	7467333.0	93.7	0.0	6.3	Urban
682989.6	7467533.0	98.6	0.0	1.4	Urban
682989.6	7467733.0	87.3	9.6	3.1	Urban
682989.6	7467933.0	63.9	32.8	3.3	Urban
682989.6	7468133.0	94.8	0.7	4.5	Urban
682989.6	7468333.0	93.2	0.0	6.8	Urban
682989.6	7468533.0	98.0	0.0	2.0	Urban
682989.6	7468733.0	90.2	0.0	9.8	Urban
682989.6	7468933.0	93.8	0.0	6.2	Urban
682989.6	7469133.0	87.1	7.1	5.8	Urban
682989.6	7469333.0	50.7	42.0	7.2	Urban
682989.6	7469533.0	0.9	99.1	0.0	Water
682989.6	7469733.0	58.5	38.2	3.3	Urban
682989.6	7469933.0	73.7	0.0	26.3	Urban
682989.6	7470133.0	69.9	0.0	30.1	Urban
682989.6	7470333.0	75.7	0.0	24.3	Urban
682989.6	7470533.0	14.5	28.6	56.9	Other
682989.6	7470733.0	11.6	86.4	2.1	Water
682989.6	7470933.0	78.6	2.4	19.0	Urban
682989.6	7471133.0	20.7	79.3	0.0	Urban
682989.6	7471333.0	0.0	100.0	0.0	Water
682989.6	7471533.0	0.0	100.0	0.0	Water
682989.6	7471733.0	0.0	100.0	0.0	Water
683189.6	7451933.0	0.0	100.0	0.0	Water
683189.6	7452133.0	0.0	100.0	0.0	Water
683189.6	7452333.0	0.0	100.0	0.0	Water
683189.6	7452533.0	0.0	100.0	0.0	Water
683189.6	7452733.0	0.0	100.0	0.0	Water
683189.6	7452933.0	0.0	100.0	0.0	Water
683189.6	7453133.0	0.0	100.0	0.0	Water
683189.6	7453333.0	0.0	100.0	0.0	Water
683189.6	7453533.0	0.0	100.0	0.0	Water
683189.6	7453733.0	0.0	100.0	0.0	Water
683189.6	7453933.0	0.0	100.0	0.0	Water
683189.6	7454133.0	0.0	100.0	0.0	Water
683189.6	7454333.0	0.0	100.0	0.0	Water
683189.6	7454533.0	0.0	100.0	0.0	Water
683189.6	7454733.0	0.0	100.0	0.0	Water
683189.6	7454933.0	0.0	100.0	0.0	Water
683189.6	7455133.0	0.0	100.0	0.0	Water
683189.6	7455333.0	0.0	100.0	0.0	Water
683189.6	7455533.0	0.0	100.0	0.0	Water
683189.6	7455733.0	0.0	100.0	0.0	Water
683189.6	7455933.0	0.0	100.0	0.0	Water
683189.6	7456133.0	0.0	100.0	0.0	Water
683189.6	7456333.0	0.0	100.0	0.0	Water
683189.6	7456533.0	0.0	100.0	0.0	Water
683189.6	7456733.0	0.0	65.2	34.8	Water
683189.6	7456933.0	60.9	0.0	39.1	Urban
683189.6	7457133.0	92.5	0.0	7.5	Urban
683189.6	7457333.0	79.0	0.0	21.0	Urban
683189.6	7457533.0	65.2	8.2	26.6	Urban
683189.6	7457733.0	37.7	58.9	3.4	Urban
683189.6	7457933.0	0.0	100.0	0.0	Water
683189.6	7458133.0	0.0	100.0	0.0	Water
683189.6	7458333.0	0.0	100.0	0.0	Water
683189.6	7458533.0	0.0	100.0	0.0	Water
683189.6	7458733.0	0.0	100.0	0.0	Water
683189.6	7458933.0	0.0	100.0	0.0	Water
683189.6	7459133.0	0.0	100.0	0.0	Water
683189.6	7459333.0	25.2	71.9	2.9	Urban
683189.6	7459533.0	58.3	0.2	41.5	Urban
683189.6	7459733.0	17.8	0.0	82.2	Other
683189.6	7459933.0	0.0	0.0	100.0	Other
683189.6	7460133.0	0.0	0.0	100.0	Other
683189.6	7460333.0	0.0	0.0	100.0	Other
683189.6	7460533.0	0.0	0.0	100.0	Other
683189.6	7460733.0	0.0	0.0	100.0	Other
683189.6	7460933.0	0.0	0.0	100.0	Other
683189.6	7461133.0	0.0	0.0	100.0	Other
683189.6	7461333.0	0.0	0.0	100.0	Other
683189.6	7461533.0	0.0	0.0	100.0	Other
683189.6	7461733.0	0.0	0.0	100.0	Other
683189.6	7461933.0	0.0	0.0	100.0	Other
683189.6	7462133.0	0.0	0.0	100.0	Other
683189.6	7462333.0	19.0	0.0	81.0	Other
683189.6	7462533.0	20.8	0.0	79.2	Urban
683189.6	7462733.0	0.0	0.0	100.0	Other
683189.6	7462933.0	0.0	0.0	100.0	Other
683189.6	7463133.0	0.0	0.0	100.0	Other
683189.6	7463333.0	46.7	0.0	53.3	Urban
683189.6	7463533.0	67.4	0.0	32.6	Urban
683189.6	7463733.0	88.4	0.0	11.6	Urban
683189.6	7463933.0	83.7	0.0	16.3	Urban
683189.6	7464133.0	97.2	0.0	2.8	Urban
683189.6	7464333.0	93.8	0.0	6.2	Urban
683189.6	7464533.0	84.6	0.0	15.4	Urban
683189.6	7464733.0	81.0	0.0	19.0	Urban
683189.6	7464933.0	87.9	0.0	12.1	Urban
683189.6	7465133.0	99.5	0.0	0.5	Urban
683189.6	7465333.0	76.8	0.0	23.2	Urban
683189.6	7465533.0	45.4	0.0	54.6	Urban
683189.6	7465733.0	95.1	0.0	4.9	Urban
683189.6	7465933.0	82.2	0.0	17.8	Urban
683189.6	7466133.0	81.7	0.0	18.3	Urban
683189.6	7466333.0	79.3	0.0	20.7	Urban
683189.6	7466533.0	100.0	0.0	0.0	Urban
683189.6	7466733.0	99.3	0.0	0.7	Urban
683189.6	7466933.0	84.2	0.0	15.8	Urban
683189.6	7467133.0	97.6	0.0	2.4	Urban
683189.6	7467333.0	77.2	19.4	3.4	Urban
683189.6	7467533.0	31.3	64.7	4.0	Urban
683189.6	7467733.0	3.3	96.4	0.4	Water
683189.6	7467933.0	0.0	100.0	0.0	Water
683189.6	7468133.0	28.8	57.2	13.9	Urban
683189.6	7468333.0	63.8	0.0	36.2	Urban
683189.6	7468533.0	94.4	0.0	5.6	Urban
683189.6	7468733.0	87.9	0.0	12.1	Urban
683189.6	7468933.0	88.2	0.0	11.8	Urban
683189.6	7469133.0	85.1	0.0	14.9	Urban
683189.6	7469333.0	91.7	6.0	2.4	Urban
683189.6	7469533.0	4.2	95.8	0.0	Water
683189.6	7469733.0	24.3	75.7	0.0	Urban
683189.6	7469933.0	60.3	37.3	2.4	Urban
683189.6	7470133.0	53.8	32.4	13.8	Urban
683189.6	7470333.0	26.4	63.4	10.1	Urban
683189.6	7470533.0	2.1	94.1	3.8	Water
683189.6	7470733.0	0.4	99.6	0.0	Water
683189.6	7470933.0	27.9	25.2	46.9	Urban
683189.6	7471133.0	20.3	43.5	36.2	Urban
683189.6	7471333.0	0.0	100.0	0.0	Water
683189.6	7471533.0	0.0	100.0	0.0	Water
683189.6	7471733.0	0.0	100.0	0.0	Water
683389.6	7451933.0	0.0	100.0	0.0	Water
683389.6	7452133.0	0.0	100.0	0.0	Water
683389.6	7452333.0	0.0	100.0	0.0	Water
683389.6	7452533.0	0.0	100.0	0.0	Water
683389.6	7452733.0	0.0	100.0	0.0	Water
683389.6	7452933.0	0.0	100.0	0.0	Water
683389.6	7453133.0	0.0	100.0	0.0	Water
683389.6	7453333.0	0.0	100.0	0.0	Water
683389.6	7453533.0	0.0	100.0	0.0	Water
683389.6	7453733.0	0.0	100.0	0.0	Water
683389.6	7453933.0	0.0	100.0	0.0	Water
683389.6	7454133.0	0.0	100.0	0.0	Water
683389.6	7454333.0	0.0	100.0	0.0	Water
683389.6	7454533.0	0.0	100.0	0.0	Water
683389.6	7454733.0	0.0	100.0	0.0	Water
683389.6	7454933.0	0.0	100.0	0.0	Water
683389.6	7455133.0	0.0	100.0	0.0	Water
683389.6	7455333.0	0.0	100.0	0.0	Water
683389.6	7455533.0	0.0	100.0	0.0	Water
683389.6	7455733.0	0.0	100.0	0.0	Water
683389.6	7455933.0	0.0	100.0	0.0	Water
683389.6	7456133.0	0.0	100.0	0.0	Water
683389.6	7456333.0	0.0	100.0	0.0	Water
683389.6	7456533.0	0.0	100.0	0.0	Water
683389.6	7456733.0	0.0	65.0	35.0	Water
683389.6	7456933.0	77.4	0.4	22.3	Urban
683389.6	7457133.0	90.2	0.0	9.8	Urban
683389.6	7457333.0	84.1	0.0	15.9	Urban
683389.6	7457533.0	58.3	26.3	15.4	Urban
683389.6	7457733.0	1.5	94.9	3.6	Water
683389.6	7457933.0	0.0	100.0	0.0	Water
683389.6	7458133.0	0.0	100.0	0.0	Water
683389.6	7458333.0	0.0	100.0	0.0	Water
683389.6	7458533.0	0.0	100.0	0.0	Water
683389.6	7458733.0	0.0	100.0	0.0	Water
683389.6	7458933.0	0.0	100.0	0.0	Water
683389.6	7459133.0	0.0	100.0	0.0	Water
683389.6	7459333.0	0.4	99.5	0.2	Water
683389.6	7459533.0	67.8	14.4	17.8	Urban
683389.6	7459733.0	12.3	0.0	87.7	Other
683389.6	7459933.0	0.0	0.0	100.0	Other
683389.6	7460133.0	0.0	0.0	100.0	Other
683389.6	7460333.0	0.0	0.0	100.0	Other
683389.6	7460533.0	0.0	0.0	100.0	Other
683389.6	7460733.0	3.8	0.0	96.2	Other
683389.6	7460933.0	0.0	0.0	100.0	Other
683389.6	7461133.0	0.0	0.0	100.0	Other
683389.6	7461333.0	0.0	0.0	100.0	Other
683389.6	7461533.0	0.0	0.0	100.0	Other
683389.6	7461733.0	0.0	0.0	100.0	Other
683389.6	7461933.0	0.0	0.0	100.0	Other
683389.6	7462133.0	1.1	0.0	98.9	Other
683389.6	7462333.0	12.7	0.0	87.3	Other
683389.6	7462533.0	33.2	0.0	66.8	Urban
683389.6	7462733.0	1.8	0.0	98.2	Other
683389.6	7462933.0	0.0	0.0	100.0	Other
683389.6	7463133.0	0.0	0.0	100.0	Other
683389.6	7463333.0	0.2	0.0	99.8	Other
683389.6	7463533.0	51.6	0.0	48.4	Urban
683389.6	7463733.0	91.8	0.0	8.2	Urban
683389.6	7463933.0	95.5	0.0	4.5	Urban
683389.6	7464133.0	76.8	0.0	23.2	Urban
683389.6	7464333.0	97.6	0.0	2.4	Urban
683389.6	7464533.0	92.4	0.0	7.6	Urban
683389.6	7464733.0	83.2	0.0	16.8	Urban
683389.6	7464933.0	96.9	0.0	3.1	Urban
683389.6	7465133.0	95.5	0.0	4.5	Urban
683389.6	7465333.0	87.9	0.0	12.1	Urban
683389.6	7465533.0	76.3	0.0	23.7	Urban
683389.6	7465733.0	92.9	2.2	4.9	Urban
683389.6	7465933.0	90.9	0.0	9.1	Urban
683389.6	7466133.0	95.3	0.0	4.7	Urban
683389.6	7466333.0	92.2	0.0	7.8	Urban
683389.6	7466533.0	92.7	0.0	7.3	Urban
683389.6	7466733.0	97.5	1.1	1.4	Urban
683389.6	7466933.0	63.4	34.2	2.4	Urban
683389.6	7467133.0	21.6	76.4	2.0	Urban
683389.6	7467333.0	1.4	98.6	0.0	Water
683389.6	7467533.0	0.0	100.0	0.0	Water
683389.6	7467733.0	0.0	100.0	0.0	Water
683389.6	7467933.0	0.0	100.0	0.0	Water
683389.6	7468133.0	0.0	97.1	2.9	Water
683389.6	7468333.0	20.7	36.8	42.6	Urban
683389.6	7468533.0	57.6	0.0	42.4	Urban
683389.6	7468733.0	92.4	0.0	7.6	Urban
683389.6	7468933.0	98.2	0.0	1.8	Urban
683389.6	7469133.0	84.1	0.0	15.9	Urban
683389.6	7469333.0	100.0	0.0	0.0	Urban
683389.6	7469533.0	78.4	21.6	-0.0	Urban
683389.6	7469733.0	73.4	25.4	1.3	Urban
683389.6	7469933.0	7.4	92.6	0.0	Water
683389.6	7470133.0	0.0	100.0	0.0	Water
683389.6	7470333.0	0.0	100.0	0.0	Water
683389.6	7470533.0	0.0	100.0	0.0	Water
683389.6	7470733.0	0.5	90.8	8.7	Water
683389.6	7470933.0	12.9	8.3	78.8	Other
683389.6	7471133.0	1.6	91.8	6.5	Water
683389.6	7471333.0	0.0	100.0	0.0	Water
683389.6	7471533.0	0.0	100.0	0.0	Water
683389.6	7471733.0	0.0	100.0	0.0	Water
683589.6	7451933.0	0.0	100.0	0.0	Water
683589.6	7452133.0	0.0	100.0	0.0	Water
683589.6	7452333.0	0.0	100.0	0.0	Water
683589.6	7452533.0	0.0	100.0	0.0	Water
683589.6	7452733.0	0.0	100.0	0.0	Water
683589.6	7452933.0	0.0	100.0	0.0	Water
683589.6	7453133.0	0.0	100.0	0.0	Water
683589.6	7453333.0	0.0	100.0	0.0	Water
683589.6	7453533.0	0.0	100.0	0.0	Water
683589.6	7453733.0	0.0	100.0	0.0	Water
683589.6	7453933.0	0.0	100.0	0.0	Water
683589.6	7454133.0	0.0	100.0	0.0	Water
683589.6	7454333.0	0.0	100.0	0.0	Water
683589.6	7454533.0	0.0	100.0	0.0	Water
683589.6	7454733.0	0.0	100.0	0.0	Water
683589.6	7454933.0	0.0	100.0	0.0	Water
683589.6	7455133.0	0.0	100.0	0.0	Water
683589.6	7455333.0	0.0	100.0	0.0	Water
683589.6	7455533.0	0.0	100.0	0.0	Water
683589.6	7455733.0	0.0	100.0	0.0	Water
683589.6	7455933.0	0.0	100.0	0.0	Water
683589.6	7456133.0	0.0	100.0	0.0	Water
683589.6	7456333.0	0.0	100.0	0.0	Water
683589.6	7456533.0	0.0	100.0	0.0	Water
683589.6	7456733.0	0.0	60.9	39.1	Water
683589.6	7456933.0	73.2	0.0	26.8	Urban
683589.6	7457133.0	85.3	0.0	14.7	Urban
683589.6	7457333.0	71.9	0.0	28.1	Urban
683589.6	7457533.0	43.5	50.9	5.6	Urban
683589.6	7457733.0	0.0	100.0	0.0	Water
683589.6	7457933.0	0.0	100.0	0.0	Water
683589.6	7458133.0	0.0	100.0	0.0	Water
683589.6	7458333.0	1.4	95.8	2.7	Water
683589.6	7458533.0	2.0	97.6	0.4	Water
683589.6	7458733.0	0.0	100.0	0.0	Water
683589.6	7458933.0	0.0	100.0	0.0	Water
683589.6	7459133.0	0.0	100.0	0.0	Water
683589.6	7459333.0	0.0	99.6	0.4	Water
683589.6	7459533.0	76.4	8.2	15.4	Urban
683589.6	7459733.0	43.3	0.0	56.7	Urban
683589.6	7459933.0	25.0	0.0	75.0	Urban
683589.6	7460133.0	1.3	0.0	98.7	Other
683589.6	7460333.0	0.0	0.0	100.0	Other
683589.6	7460533.0	0.0	0.0	100.0	Other
683589.6	7460733.0	0.0	0.0	100.0	Other
683589.6	7460933.0	0.0	0.0	100.0	Other
683589.6	7461133.0	0.0	0.0	100.0	Other
683589.6	7461333.0	0.0	0.0	100.0	Other
683589.6	7461533.0	0.0	0.0	100.0	Other
683589.6	7461733.0	0.0	0.0	100.0	Other
683589.6	7461933.0	0.0	0.0	100.0	Other
683589.6	7462133.0	0.0	0.0	100.0	Other
683589.6	7462333.0	5.1	0.0	94.9	Other
683589.6	7462533.0	20.7	0.0	79.3	Urban
683589.6	7462733.0	38.6	0.0	61.4	Urban
683589.6	7462933.0	40.0	0.0	60.0	Urban
683589.6	7463133.0	35.3	0.0	64.7	Urban
683589.6	7463333.0	38.0	0.0	62.0	Urban
683589.6	7463533.0	65.9	0.0	34.1	Urban
683589.6	7463733.0	95.5	0.0	4.5	Urban
683589.6	7463933.0	99.1	0.0	0.9	Urban
683589.6	7464133.0	99.8	0.0	0.2	Urban
683589.6	7464333.0	99.8	0.0	0.2	Urban
683589.6	7464533.0	92.6	0.0	7.4	Urban
683589.6	7464733.0	97.6	0.0	2.4	Urban
683589.6	7464933.0	90.8	0.0	9.2	Urban
683589.6	7465133.0	93.7	0.0	6.3	Urban
683589.6	7465333.0	90.8	1.1	8.2	Urban
683589.6	7465533.0	80.1	10.7	9.2	Urban
683589.6	7465733.0	88.2	3.6	8.2	Urban
683589.6	7465933.0	86.8	4.3	8.9	Urban
683589.6	7466133.0	84.2	1.4	14.4	Urban
683589.6	7466333.0	85.1	2.2	12.7	Urban
683589.6	7466533.0	99.1	0.0	0.9	Urban
683589.6	7466733.0	31.0	66.1	2.9	Urban
683589.6	7466933.0	0.0	100.0	0.0	Water
683589.6	7467133.0	0.0	100.0	0.0	Water
683589.6	7467333.0	0.0	93.7	6.3	Water
683589.6	7467533.0	0.3	95.1	4.5	Water
683589.6	7467733.0	3.8	51.8	44.4	Water
683589.6	7467933.0	3.1	87.7	9.2	Water
683589.6	7468133.0	0.0	100.0	0.0	Water
683589.6	7468333.0	0.0	99.3	0.7	Water
683589.6	7468533.0	44.9	44.2	10.9	Urban
683589.6	7468733.0	88.2	0.4	11.4	Urban
683589.6	7468933.0	95.5	0.0	4.5	Urban
683589.6	7469133.0	81.3	0.0	18.7	Urban
683589.6	7469333.0	89.1	0.0	10.9	Urban
683589.6	7469533.0	97.5	2.4	0.2	Urban
683589.6	7469733.0	96.7	3.3	-0.0	Urban
683589.6	7469933.0	73.0	23.7	3.3	Urban
683589.6	7470133.0	6.3	92.0	1.6	Water
683589.6	7470333.0	0.0	100.0	0.0	Water
683589.6	7470533.0	0.0	100.0	0.0	Water
683589.6	7470733.0	0.0	100.0	0.0	Water
683589.6	7470933.0	13.6	14.7	71.7	Other
683589.6	7471133.0	0.0	71.0	29.0	Water
683589.6	7471333.0	0.0	100.0	0.0	Water
683589.6	7471533.0	0.0	100.0	0.0	Water
683589.6	7471733.0	0.0	100.0	0.0	Water
683789.6	7451933.0	0.0	100.0	0.0	Water
683789.6	7452133.0	0.0	100.0	0.0	Water
683789.6	7452333.0	0.5	96.4	3.1	Water
683789.6	7452533.0	2.9	92.8	4.3	Water
683789.6	7452733.0	0.0	100.0	0.0	Water
683789.6	7452933.0	0.0	100.0	0.0	Water
683789.6	7453133.0	0.0	100.0	0.0	Water
683789.6	7453333.0	0.0	100.0	0.0	Water
683789.6	7453533.0	0.0	100.0	0.0	Water
683789.6	7453733.0	0.0	100.0	0.0	Water
683789.6	7453933.0	0.0	100.0	0.0	Water
683789.6	7454133.0	0.0	100.0	0.0	Water
683789.6	7454333.0	0.0	100.0	0.0	Water
683789.6	7454533.0	0.0	100.0	0.0	Water
683789.6	7454733.0	0.0	100.0	0.0	Water
683789.6	7454933.0	0.0	100.0	0.0	Water
683789.6	7455133.0	0.0	100.0	0.0	Water
683789.6	7455333.0	0.0	100.0	0.0	Water
683789.6	7455533.0	0.0	100.0	0.0	Water
683789.6	7455733.0	0.0	100.0	0.0	Water
683789.6	7455933.0	0.0	100.0	0.0	Water
683789.6	7456133.0	0.0	100.0	0.0	Water
683789.6	7456333.0	0.0	100.0	0.0	Water
683789.6	7456533.0	0.0	100.0	0.0	Water
683789.6	7456733.0	4.3	58.5	37.1	Water
683789.6	7456933.0	85.5	0.0	14.5	Urban
683789.6	7457133.0	69.0	0.0	31.0	Urban
683789.6	7457333.0	77.0	0.0	23.0	Urban
683789.6	7457533.0	45.1	50.0	4.9	Urban
683789.6	7457733.0	0.0	100.0	0.0	Water
683789.6	7457933.0	0.0	100.0	0.0	Water
683789.6	7458133.0	6.9	83.5	9.6	Water
683789.6	7458333.0	31.2	6.7	62.1	Urban
683789.6	7458533.0	34.6	27.7	37.7	Urban
683789.6	7458733.0	0.0	96.0	4.0	Water
683789.6	7458933.0	0.0	100.0	0.0	Water
683789.6	7459133.0	0.0	100.0	0.0	Water
683789.6	7459333.0	0.0	100.0	0.0	Water
683789.6	7459533.0	76.8	11.4	11.8	Urban
683789.6	7459733.0	85.0	0.0	15.0	Urban
683789.6	7459933.0	69.4	0.0	30.6	Urban
683789.6	7460133.0	18.7	0.0	81.3	Other
683789.6	7460333.0	0.0	0.0	100.0	Other
683789.6	7460533.0	0.0	0.0	100.0	Other
683789.6	7460733.0	0.0	0.0	100.0	Other
683789.6	7460933.0	0.0	0.0	100.0	Other
683789.6	7461133.0	0.0	0.0	100.0	Other
683789.6	7461333.0	4.9	0.0	95.1	Other
683789.6	7461533.0	10.7	0.0	89.3	Other
683789.6	7461733.0	7.6	0.0	92.4	Other
683789.6	7461933.0	10.0	0.0	90.0	Other
683789.6	7462133.0	10.0	0.0	90.0	Other
683789.6	7462333.0	5.6	0.0	94.4	Other
683789.6	7462533.0	0.4	0.0	99.6	Other
683789.6	7462733.0	2.9	0.0	97.1	Other
683789.6	7462933.0	23.9	0.0	76.1	Urban
683789.6	7463133.0	43.1	0.0	56.9	Urban
683789.6	7463333.0	39.7	0.0	60.3	Urban
683789.6	7463533.0	73.2	0.0	26.8	Urban
683789.6	7463733.0	98.9	0.0	1.1	Urban
683789.6	7463933.0	78.8	0.0	21.2	Urban
683789.6	7464133.0	82.6	0.0	17.4	Urban
683789.6	7464333.0	92.4	0.0	7.6	Urban
683789.6	7464533.0	77.7	0.0	22.3	Urban
683789.6	7464733.0	86.2	0.0	13.8	Urban
683789.6	7464933.0	61.6	0.0	38.4	Urban
683789.6	7465133.0	69.2	0.0	30.8	Urban
683789.6	7465333.0	98.3	0.2	1.5	Urban
683789.6	7465533.0	94.6	0.0	5.4	Urban
683789.6	7465733.0	97.3	0.0	2.7	Urban
683789.6	7465933.0	96.8	1.5	1.7	Urban
683789.6	7466133.0	81.7	1.3	17.0	Urban
683789.6	7466333.0	97.6	0.0	2.4	Urban
683789.6	7466533.0	100.0	0.0	0.0	Urban
683789.6	7466733.0	62.5	37.5	0.0	Urban
683789.6	7466933.0	0.0	100.0	0.0	Water
683789.6	7467133.0	0.0	100.0	0.0	Water
683789.6	7467333.0	0.0	89.7	10.3	Water
683789.6	7467533.0	1.8	73.7	24.5	Water
683789.6	7467733.0	0.0	24.4	75.6	Other
683789.6	7467933.0	0.2	81.2	18.7	Water
683789.6	7468133.0	0.0	100.0	0.0	Water
683789.6	7468333.0	0.0	100.0	0.0	Water
683789.6	7468533.0	0.0	100.0	0.0	Water
683789.6	7468733.0	41.3	54.5	4.2	Urban
683789.6	7468933.0	97.3	2.7	0.0	Urban
683789.6	7469133.0	92.2	0.0	7.8	Urban
683789.6	7469333.0	95.3	0.0	4.7	Urban
683789.6	7469533.0	98.2	1.8	-0.0	Urban
683789.6	7469733.0	63.4	33.9	2.7	Urban
683789.6	7469933.0	55.5	40.2	4.3	Urban
683789.6	7470133.0	0.0	96.4	3.6	Water
683789.6	7470333.0	0.0	100.0	0.0	Water
683789.6	7470533.0	0.0	100.0	0.0	Water
683789.6	7470733.0	0.5	94.9	4.5	Water
683789.6	7470933.0	1.1	39.7	59.2	Other
683789.6	7471133.0	0.0	83.5	16.5	Water
683789.6	7471333.0	0.0	100.0	0.0	Water
683789.6	7471533.0	0.0	100.0	0.0	Water
683789.6	7471733.0	0.0	100.0	0.0	Water
683989.6	7451933.0	0.0	100.0	0.0	Water
683989.6	7452133.0	0.0	100.0	0.0	Water
683989.6	7452333.0	0.2	66.5	33.3	Water
683989.6	7452533.0	2.0	62.3	35.7	Water
683989.6	7452733.0	0.0	100.0	0.0	Water
683989.6	7452933.0	0.0	100.0	0.0	Water
683989.6	7453133.0	0.0	100.0	0.0	Water
683989.6	7453333.0	0.0	100.0	0.0	Water
683989.6	7453533.0	0.0	100.0	0.0	Water
683989.6	7453733.0	0.0	100.0	0.0	Water
683989.6	7453933.0	0.0	100.0	0.0	Water
683989.6	7454133.0	0.0	100.0	0.0	Water
683989.6	7454333.0	0.0	100.0	0.0	Water
683989.6	7454533.0	0.0	100.0	0.0	Water
683989.6	7454733.0	0.0	100.0	0.0	Water
683989.6	7454933.0	0.0	100.0	0.0	Water
683989.6	7455133.0	0.0	100.0	0.0	Water
683989.6	7455333.0	0.0	100.0	0.0	Water
683989.6	7455533.0	0.0	100.0	0.0	Water
683989.6	7455733.0	0.0	100.0	0.0	Water
683989.6	7455933.0	0.0	100.0	0.0	Water
683989.6	7456133.0	0.0	100.0	0.0	Water
683989.6	7456333.0	0.0	100.0	0.0	Water
683989.6	7456533.0	0.0	100.0	0.0	Water
683989.6	7456733.0	10.0	51.8	38.2	Water
683989.6	7456933.0	91.7	0.0	8.3	Urban
683989.6	7457133.0	71.4	0.0	28.6	Urban
683989.6	7457333.0	81.3	0.0	18.7	Urban
683989.6	7457533.0	58.4	29.2	12.3	Urban
683989.6	7457733.0	0.0	100.0	0.0	Water
683989.6	7457933.0	0.0	100.0	0.0	Water
683989.6	7458133.0	1.4	87.9	10.7	Water
683989.6	7458333.0	19.0	2.2	78.8	Other
683989.6	7458533.0	0.4	0.0	99.6	Other
683989.6	7458733.0	42.6	29.5	27.9	Urban
683989.6	7458933.0	5.2	94.8	0.0	Water
683989.6	7459133.0	0.0	100.0	0.0	Water
683989.6	7459333.0	4.9	95.1	0.0	Water
683989.6	7459533.0	70.1	10.0	19.9	Urban
683989.6	7459733.0	86.6	0.0	13.4	Urban
683989.6	7459933.0	52.9	0.0	47.1	Urban
683989.6	7460133.0	30.4	0.0	69.6	Urban
683989.6	7460333.0	0.2	0.0	99.8	Other
683989.6	7460533.0	0.0	0.0	100.0	Other
683989.6	7460733.0	0.0	0.0	100.0	Other
683989.6	7460933.0	0.0	0.0	100.0	Other
683989.6	7461133.0	0.0	0.0	100.0	Other
683989.6	7461333.0	0.0	0.0	100.0	Other
683989.6	7461533.0	39.1	0.0	60.9	Urban
683989.6	7461733.0	53.7	0.0	46.3	Urban
683989.6	7461933.0	21.6	0.0	78.4	Urban
683989.6	7462133.0	15.6	0.0	84.4	Other
683989.6	7462333.0	5.6	0.0	94.4	Other
683989.6	7462533.0	0.5	0.0	99.5	Other
683989.6	7462733.0	3.8	0.0	96.2	Other
683989.6	7462933.0	27.9	0.0	72.1	Urban
683989.6	7463133.0	56.2	0.0	43.8	Urban
683989.6	7463333.0	52.2	0.0	47.8	Urban
683989.6	7463533.0	43.3	0.0	56.7	Urban
683989.6	7463733.0	98.2	0.0	1.8	Urban
683989.6	7463933.0	80.8	0.0	19.2	Urban
683989.6	7464133.0	43.5	0.0	56.5	Urban
683989.6	7464333.0	71.4	0.0	28.6	Urban
683989.6	7464533.0	94.3	0.0	5.7	Urban
683989.6	7464733.0	85.3	0.0	14.7	Urban
683989.6	7464933.0	69.4	0.0	30.6	Urban
683989.6	7465133.0	76.8	0.0	23.2	Urban
683989.6	7465333.0	96.4	0.7	2.9	Urban
683989.6	7465533.0	95.7	0.0	4.3	Urban
683989.6	7465733.0	80.1	0.0	19.9	Urban
683989.6	7465933.0	94.6	0.0	5.4	Urban
683989.6	7466133.0	99.1	0.0	0.9	Urban
683989.6	7466333.0	99.5	0.0	0.5	Urban
683989.6	7466533.0	98.6	0.0	1.4	Urban
683989.6	7466733.0	94.4	3.3	2.4	Urban
683989.6	7466933.0	9.8	90.2	0.0	Water
683989.6	7467133.0	0.0	100.0	0.0	Water
683989.6	7467333.0	0.0	100.0	0.0	Water
683989.6	7467533.0	0.0	100.0	0.0	Water
683989.6	7467733.0	0.0	100.0	0.0	Water
683989.6	7467933.0	0.0	100.0	0.0	Water
683989.6	7468133.0	0.0	100.0	0.0	Water
683989.6	7468333.0	0.0	100.0	0.0	Water
683989.6	7468533.0	0.0	100.0	0.0	Water
683989.6	7468733.0	0.0	100.0	0.0	Water
683989.6	7468933.0	34.8	65.0	0.2	Urban
683989.6	7469133.0	91.3	6.0	2.7	Urban
683989.6	7469333.0	98.0	0.0	2.0	Urban
683989.6	7469533.0	98.2	0.0	1.8	Urban
683989.6	7469733.0	76.5	23.5	0.0	Urban
683989.6	7469933.0	0.9	99.1	0.0	Water
683989.6	7470133.0	0.0	100.0	0.0	Water
683989.6	7470333.0	0.0	100.0	0.0	Water
683989.6	7470533.0	0.0	100.0	0.0	Water
683989.6	7470733.0	0.0	100.0	0.0	Water
683989.6	7470933.0	0.0	100.0	0.0	Water
683989.6	7471133.0	0.0	100.0	0.0	Water
683989.6	7471333.0	0.0	100.0	0.0	Water
683989.6	7471533.0	0.0	100.0	0.0	Water
683989.6	7471733.0	0.0	100.0	0.0	Water
684189.6	7451933.0	0.0	100.0	0.0	Water
684189.6	7452133.0	0.0	100.0	0.0	Water
684189.6	7452333.0	0.0	54.7	45.3	Water
684189.6	7452533.0	0.0	52.9	47.1	Water
684189.6	7452733.0	0.0	100.0	0.0	Water
684189.6	7452933.0	0.0	100.0	0.0	Water
684189.6	7453133.0	0.0	100.0	0.0	Water
684189.6	7453333.0	0.0	100.0	0.0	Water
684189.6	7453533.0	0.0	100.0	0.0	Water
684189.6	7453733.0	0.0	100.0	0.0	Water
684189.6	7453933.0	0.0	100.0	0.0	Water
684189.6	7454133.0	0.0	100.0	0.0	Water
684189.6	7454333.0	0.0	100.0	0.0	Water
684189.6	7454533.0	0.0	100.0	0.0	Water
684189.6	7454733.0	0.0	100.0	0.0	Water
684189.6	7454933.0	0.0	100.0	0.0	Water
684189.6	7455133.0	0.0	100.0	0.0	Water
684189.6	7455333.0	0.0	100.0	0.0	Water
684189.6	7455533.0	0.0	100.0	0.0	Water
684189.6	7455733.0	0.0	100.0	0.0	Water
684189.6	7455933.0	0.0	100.0	0.0	Water
684189.6	7456133.0	0.0	100.0	0.0	Water
684189.6	7456333.0	0.0	100.0	0.0	Water
684189.6	7456533.0	0.0	100.0	0.0	Water
684189.6	7456733.0	10.9	43.7	45.5	Other
684189.6	7456933.0	92.8	0.0	7.2	Urban
684189.6	7457133.0	87.7	0.0	12.3	Urban
684189.6	7457333.0	81.3	0.0	18.7	Urban
684189.6	7457533.0	64.5	8.9	26.6	Urban
684189.6	7457733.0	2.9	96.0	1.1	Water
684189.6	7457933.0	0.0	100.0	0.0	Water
684189.6	7458133.0	0.0	88.2	11.8	Water
684189.6	7458333.0	31.3	0.7	67.9	Urban
684189.6	7458533.0	0.0	0.0	100.0	Other
684189.6	7458733.0	12.1	0.0	87.9	Other
684189.6	7458933.0	50.2	13.0	36.8	Urban
684189.6	7459133.0	49.8	40.4	9.8	Urban
684189.6	7459333.0	63.4	23.2	13.4	Urban
684189.6	7459533.0	79.3	0.0	20.7	Urban
684189.6	7459733.0	82.1	0.0	17.9	Urban
684189.6	7459933.0	42.8	0.0	57.2	Urban
684189.6	7460133.0	27.2	0.0	72.8	Urban
684189.6	7460333.0	4.3	0.0	95.7	Other
684189.6	7460533.0	0.0	0.0	100.0	Other
684189.6	7460733.0	0.0	0.0	100.0	Other
684189.6	7460933.0	0.0	0.0	100.0	Other
684189.6	7461133.0	0.0	0.0	100.0	Other
684189.6	7461333.0	4.2	0.0	95.8	Other
684189.6	7461533.0	5.4	0.0	94.6	Other
684189.6	7461733.0	45.7	0.0	54.3	Urban
684189.6	7461933.0	31.5	0.0	68.5	Urban
684189.6	7462133.0	7.1	0.0	92.9	Other
684189.6	7462333.0	4.7	0.0	95.3	Other
684189.6	7462533.0	42.9	0.0	57.1	Urban
684189.6	7462733.0	62.3	0.0	37.7	Urban
684189.6	7462933.0	34.8	0.0	65.2	Urban
684189.6	7463133.0	85.9	0.0	14.1	Urban
684189.6	7463333.0	85.0	0.0	15.0	Urban
684189.6	7463533.0	90.8	0.0	9.2	Urban
684189.6	7463733.0	87.1	0.0	12.9	Urban
684189.6	7463933.0	81.2	0.0	18.8	Urban
684189.6	7464133.0	82.6	0.0	17.4	Urban
684189.6	7464333.0	72.1	0.0	27.9	Urban
684189.6	7464533.0	97.8	0.0	2.2	Urban
684189.6	7464733.0	94.9	0.0	5.1	Urban
684189.6	7464933.0	93.3	0.0	6.7	Urban
684189.6	7465133.0	74.8	0.0	25.2	Urban
684189.6	7465333.0	74.3	6.5	19.2	Urban
684189.6	7465533.0	96.3	0.2	3.5	Urban
684189.6	7465733.0	87.3	0.0	12.7	Urban
684189.6	7465933.0	95.8	0.0	4.2	Urban
684189.6	7466133.0	91.1	0.0	8.9	Urban
684189.6	7466333.0	90.8	0.0	9.2	Urban
684189.6	7466533.0	93.1	0.0	6.9	Urban
684189.6	7466733.0	100.0	0.0	0.0	Urban
684189.6	7466933.0	49.9	50.1	0.0	Urban
684189.6	7467133.0	0.0	100.0	0.0	Water
684189.6	7467333.0	0.0	100.0	0.0	Water
684189.6	7467533.0	0.0	100.0	0.0	Water
684189.6	7467733.0	0.0	100.0	0.0	Water
684189.6	7467933.0	0.0	100.0	0.0	Water
684189.6	7468133.0	0.0	100.0	0.0	Water
684189.6	7468333.0	0.0	100.0	0.0	Water
684189.6	7468533.0	0.0	100.0	0.0	Water
684189.6	7468733.0	0.0	100.0	0.0	Water
684189.6	7468933.0	0.0	100.0	0.0	Water
684189.6	7469133.0	20.1	76.6	3.3	Urban
684189.6	7469333.0	87.5	12.3	0.2	Urban
684189.6	7469533.0	86.6	9.1	4.3	Urban
684189.6	7469733.0	11.5	88.5	0.0	Water
684189.6	7469933.0	0.0	100.0	0.0	Water
684189.6	7470133.0	0.0	100.0	0.0	Water
684189.6	7470333.0	0.0	100.0	0.0	Water
684189.6	7470533.0	0.0	100.0	0.0	Water
684189.6	7470733.0	0.0	100.0	0.0	Water
684189.6	7470933.0	0.0	100.0	0.0	Water
684189.6	7471133.0	0.0	100.0	0.0	Water
684189.6	7471333.0	0.0	100.0	0.0	Water
684189.6	7471533.0	0.0	100.0	0.0	Water
684189.6	7471733.0	0.0	100.0	0.0	Water
684389.6	7451933.0	0.0	100.0	0.0	Water
684389.6	7452133.0	0.0	100.0	0.0	Water
684389.6	7452333.0	2.4	84.6	13.0	Water
684389.6	7452533.0	0.2	86.3	13.6	Water
684389.6	7452733.0	0.0	100.0	0.0	Water
684389.6	7452933.0	0.0	100.0	0.0	Water
684389.6	7453133.0	0.0	100.0	0.0	Water
684389.6	7453333.0	0.0	100.0	0.0	Water
684389.6	7453533.0	0.0	100.0	0.0	Water
684389.6	7453733.0	0.0	100.0	0.0	Water
684389.6	7453933.0	0.0	100.0	0.0	Water
684389.6	7454133.0	0.0	100.0	0.0	Water
684389.6	7454333.0	0.0	100.0	0.0	Water
684389.6	7454533.0	0.0	100.0	0.0	Water
684389.6	7454733.0	0.0	100.0	0.0	Water
684389.6	7454933.0	0.0	100.0	0.0	Water
684389.6	7455133.0	0.0	100.0	0.0	Water
684389.6	7455333.0	0.0	100.0	0.0	Water
684389.6	7455533.0	0.0	100.0	0.0	Water
684389.6	7455733.0	0.0	100.0	0.0	Water
684389.6	7455933.0	0.0	100.0	0.0	Water
684389.6	7456133.0	0.0	100.0	0.0	Water
684389.6	7456333.0	0.0	100.0	0.0	Water
684389.6	7456533.0	0.0	100.0	0.0	Water
684389.6	7456733.0	17.4	37.0	45.6	Other
684389.6	7456933.0	88.0	0.0	12.0	Urban
684389.6	7457133.0	86.8	0.0	13.2	Urban
684389.6	7457333.0	83.1	0.0	16.9	Urban
684389.6	7457533.0	63.0	0.0	37.0	Urban
684389.6	7457733.0	26.6	58.7	14.7	Urban
684389.6	7457933.0	2.5	89.8	7.8	Water
684389.6	7458133.0	31.3	37.0	31.7	Urban
684389.6	7458333.0	15.9	0.0	84.1	Other
684389.6	7458533.0	0.0	0.0	100.0	Other
684389.6	7458733.0	0.0	0.0	100.0	Other
684389.6	7458933.0	24.5	0.0	75.5	Urban
684389.6	7459133.0	72.9	0.0	27.1	Urban
684389.6	7459333.0	54.5	0.0	45.5	Urban
684389.6	7459533.0	67.3	0.0	32.7	Urban
684389.6	7459733.0	85.6	0.0	14.4	Urban
684389.6	7459933.0	46.6	0.0	53.4	Urban
684389.6	7460133.0	59.2	0.0	40.8	Urban
684389.6	7460333.0	41.9	0.0	58.1	Urban
684389.6	7460533.0	2.4	0.0	97.6	Other
684389.6	7460733.0	0.0	0.0	100.0	Other
684389.6	7460933.0	0.0	0.0	100.0	Other
684389.6	7461133.0	0.0	0.0	100.0	Other
684389.6	7461333.0	0.0	0.0	100.0	Other
684389.6	7461533.0	2.0	0.0	98.0	Other
684389.6	7461733.0	17.8	0.0	82.2	Other
684389.6	7461933.0	36.8	0.0	63.2	Urban
684389.6	7462133.0	6.0	0.0	94.0	Other
684389.6	7462333.0	36.7	0.0	63.3	Urban
684389.6	7462533.0	5.8	0.0	94.2	Other
684389.6	7462733.0	45.8	0.0	54.2	Urban
684389.6	7462933.0	86.6	0.0	13.4	Urban
684389.6	7463133.0	75.5	0.0	24.5	Urban
684389.6	7463333.0	91.5	0.0	8.5	Urban
684389.6	7463533.0	91.7	0.0	8.3	Urban
684389.6	7463733.0	35.8	0.0	64.2	Urban
684389.6	7463933.0	22.5	0.0	77.5	Urban
684389.6	7464133.0	78.3	0.0	21.7	Urban
684389.6	7464333.0	91.3	0.0	8.7	Urban
684389.6	7464533.0	96.2	0.0	3.8	Urban
684389.6	7464733.0	60.1	0.0	39.9	Urban
684389.6	7464933.0	94.0	0.0	6.0	Urban
684389.6	7465133.0	94.8	0.0	5.2	Urban
684389.6	7465333.0	91.1	2.2	6.7	Urban
684389.6	7465533.0	86.1	1.6	12.3	Urban
684389.6	7465733.0	99.1	0.0	0.9	Urban
684389.6	7465933.0	87.9	0.0	12.1	Urban
684389.6	7466133.0	65.9	0.0	34.1	Urban
684389.6	7466333.0	85.1	0.0	14.9	Urban
684389.6	7466533.0	98.4	0.0	1.6	Urban
684389.6	7466733.0	97.1	0.0	2.9	Urban
684389.6	7466933.0	82.4	13.4	4.2	Urban
684389.6	7467133.0	3.1	96.9	0.0	Water
684389.6	7467333.0	0.0	100.0	0.0	Water
684389.6	7467533.0	0.0	100.0	0.0	Water
684389.6	7467733.0	0.0	100.0	0.0	Water
684389.6	7467933.0	0.0	100.0	0.0	Water
684389.6	7468133.0	0.0	100.0	0.0	Water
684389.6	7468333.0	0.0	100.0	0.0	Water
684389.6	7468533.0	0.0	100.0	0.0	Water
684389.6	7468733.0	0.0	100.0	0.0	Water
684389.6	7468933.0	0.0	100.0	0.0	Water
684389.6	7469133.0	0.0	100.0	0.0	Water
684389.6	7469333.0	8.2	87.5	4.3	Water
684389.6	7469533.0	22.5	61.8	15.8	Urban
684389.6	7469733.0	5.6	94.4	0.0	Water
684389.6	7469933.0	0.0	100.0	0.0	Water
684389.6	7470133.0	0.0	100.0	0.0	Water
684389.6	7470333.0	0.0	100.0	0.0	Water
684389.6	7470533.0	0.0	100.0	0.0	Water
684389.6	7470733.0	0.0	100.0	0.0	Water
684389.6	7470933.0	0.0	100.0	0.0	Water
684389.6	7471133.0	0.0	100.0	0.0	Water
684389.6	7471333.0	0.0	100.0	0.0	Water
684389.6	7471533.0	0.0	100.0	0.0	Water
684389.6	7471733.0	0.0	100.0	0.0	Water
684589.6	7451933.0	0.0	100.0	0.0	Water
684589.6	7452133.0	0.0	100.0	0.0	Water
684589.6	7452333.0	0.0	100.0	0.0	Water
684589.6	7452533.0	0.0	100.0	0.0	Water
684589.6	7452733.0	0.0	100.0	0.0	Water
684589.6	7452933.0	0.0	100.0	0.0	Water
684589.6	7453133.0	0.0	100.0	0.0	Water
684589.6	7453333.0	0.0	100.0	0.0	Water
684589.6	7453533.0	0.0	100.0	0.0	Water
684589.6	7453733.0	0.0	100.0	0.0	Water
684589.6	7453933.0	0.0	100.0	0.0	Water
684589.6	7454133.0	0.0	100.0	0.0	Water
684589.6	7454333.0	0.0	100.0	0.0	Water
684589.6	7454533.0	0.0	100.0	0.0	Water
684589.6	7454733.0	0.0	100.0	0.0	Water
684589.6	7454933.0	0.0	100.0	0.0	Water
684589.6	7455133.0	0.0	100.0	0.0	Water
684589.6	7455333.0	0.0	100.0	0.0	Water
684589.6	7455533.0	0.0	100.0	0.0	Water
684589.6	7455733.0	0.0	100.0	0.0	Water
684589.6	7455933.0	0.0	100.0	0.0	Water
684589.6	7456133.0	0.0	100.0	0.0	Water
684589.6	7456333.0	0.0	100.0	0.0	Water
684589.6	7456533.0	0.0	100.0	0.0	Water
684589.6	7456733.0	27.4	28.4	44.2	Urban
684589.6	7456933.0	89.1	0.0	10.9	Urban
684589.6	7457133.0	92.8	0.0	7.2	Urban
684589.6	7457333.0	80.4	0.0	19.6	Urban
684589.6	7457533.0	33.0	0.0	67.0	Urban
684589.6	7457733.0	45.6	0.0	54.4	Urban
684589.6	7457933.0	33.0	1.1	65.9	Urban
684589.6	7458133.0	36.2	0.0	63.8	Urban
684589.6	7458333.0	0.4	0.0	99.6	Other
684589.6	7458533.0	0.0	0.0	100.0	Other
684589.6	7458733.0	0.0	0.0	100.0	Other
684589.6	7458933.0	2.5	0.0	97.5	Other
684589.6	7459133.0	33.9	0.0	66.1	Urban
684589.6	7459333.0	0.2	0.0	99.8	Other
684589.6	7459533.0	8.3	0.0	91.7	Other
684589.6	7459733.0	21.6	0.0	78.4	Urban
684589.6	7459933.0	56.0	0.0	44.0	Urban
684589.6	7460133.0	88.2	0.0	11.8	Urban
684589.6	7460333.0	89.9	0.0	10.1	Urban
684589.6	7460533.0	22.4	0.0	77.6	Urban
684589.6	7460733.0	2.9	0.0	97.1	Other
684589.6	7460933.0	0.0	0.0	100.0	Other
684589.6	7461133.0	0.0	0.0	100.0	Other
684589.6	7461333.0	0.0	0.0	100.0	Other
684589.6	7461533.0	1.1	0.0	98.9	Other
684589.6	7461733.0	29.4	0.0	70.6	Urban
684589.6	7461933.0	37.5	0.0	62.5	Urban
684589.6	7462133.0	6.3	0.0	93.7	Other
684589.6	7462333.0	18.6	0.0	81.4	Other
684589.6	7462533.0	8.9	0.0	91.1	Other
684589.6	7462733.0	29.9	0.0	70.1	Urban
684589.6	7462933.0	71.0	0.0	29.0	Urban
684589.6	7463133.0	78.3	0.0	21.7	Urban
684589.6	7463333.0	79.5	0.0	20.5	Urban
684589.6	7463533.0	61.4	0.0	38.6	Urban
684589.6	7463733.0	13.2	0.0	86.8	Other
684589.6	7463933.0	11.6	0.0	88.4	Other
684589.6	7464133.0	86.6	0.0	13.4	Urban
684589.6	7464333.0	88.8	0.0	11.2	Urban
684589.6	7464533.0	90.9	0.0	9.1	Urban
684589.6	7464733.0	83.5	0.0	16.5	Urban
684589.6	7464933.0	98.2	0.0	1.8	Urban
684589.6	7465133.0	98.2	0.0	1.8	Urban
684589.6	7465333.0	99.2	0.0	0.8	Urban
684589.6	7465533.0	85.1	0.9	13.9	Urban
684589.6	7465733.0	97.6	0.0	2.4	Urban
684589.6	7465933.0	67.2	0.0	32.8	Urban
684589.6	7466133.0	45.3	0.0	54.7	Urban
684589.6	7466333.0	90.2	0.0	9.8	Urban
684589.6	7466533.0	99.8	0.0	0.2	Urban
684589.6	7466733.0	93.5	0.0	6.5	Urban
684589.6	7466933.0	81.5	0.0	18.5	Urban
684589.6	7467133.0	31.5	67.8	0.7	Urban
684589.6	7467333.0	0.0	100.0	0.0	Water
684589.6	7467533.0	0.0	100.0	0.0	Water
684589.6	7467733.0	0.0	100.0	0.0	Water
684589.6	7467933.0	0.0	100.0	0.0	Water
684589.6	7468133.0	0.0	100.0	0.0	Water
684589.6	7468333.0	0.0	100.0	0.0	Water
684589.6	7468533.0	0.0	100.0	0.0	Water
684589.6	7468733.0	0.0	100.0	0.0	Water
684589.6	7468933.0	0.0	100.0	0.0	Water
684589.6	7469133.0	0.0	100.0	0.0	Water
684589.6	7469333.0	0.0	100.0	0.0	Water
684589.6	7469533.0	0.0	98.2	1.8	Water
684589.6	7469733.0	0.7	99.3	0.0	Water
684589.6	7469933.0	1.3	98.7	0.0	Water
684589.6	7470133.0	0.0	100.0	0.0	Water
684589.6	7470333.0	0.0	100.0	0.0	Water
684589.6	7470533.0	0.0	100.0	0.0	Water
684589.6	7470733.0	0.0	100.0	0.0	Water
684589.6	7470933.0	0.0	100.0	0.0	Water
684589.6	7471133.0	0.0	100.0	0.0	Water
684589.6	7471333.0	0.0	100.0	0.0	Water
684589.6	7471533.0	0.0	100.0	0.0	Water
684589.6	7471733.0	0.0	100.0	0.0	Water
684789.6	7451933.0	0.0	100.0	0.0	Water
684789.6	7452133.0	0.0	100.0	0.0	Water
684789.6	7452333.0	0.0	100.0	0.0	Water
684789.6	7452533.0	0.0	100.0	0.0	Water
684789.6	7452733.0	0.0	100.0	0.0	Water
684789.6	7452933.0	0.0	100.0	0.0	Water
684789.6	7453133.0	0.0	100.0	0.0	Water
684789.6	7453333.0	0.0	100.0	0.0	Water
684789.6	7453533.0	0.0	100.0	0.0	Water
684789.6	7453733.0	0.0	100.0	0.0	Water
684789.6	7453933.0	0.0	100.0	0.0	Water
684789.6	7454133.0	0.0	100.0	0.0	Water
684789.6	7454333.0	0.0	100.0	0.0	Water
684789.6	7454533.0	0.0	100.0	0.0	Water
684789.6	7454733.0	0.0	100.0	0.0	Water
684789.6	7454933.0	0.0	100.0	0.0	Water
684789.6	7455133.0	0.0	100.0	0.0	Water
684789.6	7455333.0	0.0	100.0	0.0	Water
684789.6	7455533.0	0.0	100.0	0.0	Water
684789.6	7455733.0	0.0	100.0	0.0	Water
684789.6	7455933.0	0.0	100.0	0.0	Water
684789.6	7456133.0	0.0	100.0	0.0	Water
684789.6	7456333.0	0.0	100.0	0.0	Water
684789.6	7456533.0	0.0	100.0	0.0	Water
684789.6	7456733.0	41.1	18.1	40.8	Urban
684789.6	7456933.0	76.3	0.0	23.7	Urban
684789.6	7457133.0	78.1	0.0	21.9	Urban
684789.6	7457333.0	79.3	0.0	20.7	Urban
684789.6	7457533.0	56.5	0.0	43.5	Urban
684789.6	7457733.0	28.6	0.0	71.4	Urban
684789.6	7457933.0	45.7	0.0	54.3	Urban
684789.6	7458133.0	9.4	0.0	90.6	Other
684789.6	7458333.0	0.0	0.0	100.0	Other
684789.6	7458533.0	0.0	0.0	100.0	Other
684789.6	7458733.0	0.0	0.0	100.0	Other
684789.6	7458933.0	0.0	0.0	100.0	Other
684789.6	7459133.0	17.6	0.0	82.4	Other
684789.6	7459333.0	9.6	0.0	90.4	Other
684789.6	7459533.0	0.0	0.0	100.0	Other
684789.6	7459733.0	15.4	0.0	84.6	Other
684789.6	7459933.0	80.8	0.0	19.2	Urban
684789.6	7460133.0	84.8	0.0	15.2	Urban
684789.6	7460333.0	82.1	0.0	17.9	Urban
684789.6	7460533.0	76.4	0.0	23.6	Urban
684789.6	7460733.0	40.2	0.0	59.8	Urban
684789.6	7460933.0	0.0	0.0	100.0	Other
684789.6	7461133.0	0.0	0.0	100.0	Other
684789.6	7461333.0	1.3	0.0	98.7	Other
684789.6	7461533.0	0.0	0.0	100.0	Other
684789.6	7461733.0	23.2	0.0	76.8	Urban
684789.6	7461933.0	63.9	0.0	36.1	Urban
684789.6	7462133.0	39.7	0.0	60.3	Urban
684789.6	7462333.0	20.3	0.0	79.7	Urban
684789.6	7462533.0	9.8	0.0	90.2	Other
684789.6	7462733.0	2.7	0.0	97.3	Other
684789.6	7462933.0	15.9	0.0	84.1	Other
684789.6	7463133.0	8.2	0.0	91.8	Other
684789.6	7463333.0	75.4	0.0	24.6	Urban
684789.6	7463533.0	88.3	0.0	11.7	Urban
684789.6	7463733.0	85.5	0.0	14.5	Urban
684789.6	7463933.0	32.2	0.0	67.8	Urban
684789.6	7464133.0	65.0	0.0	35.0	Urban
684789.6	7464333.0	96.6	0.0	3.4	Urban
684789.6	7464533.0	90.2	0.0	9.8	Urban
684789.6	7464733.0	90.4	0.0	9.6	Urban
684789.6	7464933.0	99.5	0.0	0.5	Urban
684789.6	7465133.0	99.1	0.5	0.4	Urban
684789.6	7465333.0	95.7	2.4	2.0	Urban
684789.6	7465533.0	84.8	1.1	14.1	Urban
684789.6	7465733.0	75.9	0.0	24.1	Urban
684789.6	7465933.0	98.7	0.0	1.3	Urban
684789.6	7466133.0	93.6	0.0	6.4	Urban
684789.6	7466333.0	86.6	0.0	13.4	Urban
684789.6	7466533.0	99.8	0.0	0.2	Urban
684789.6	7466733.0	99.1	0.0	0.9	Urban
684789.6	7466933.0	93.7	0.0	6.3	Urban
684789.6	7467133.0	64.9	27.4	7.8	Urban
684789.6	7467333.0	0.0	100.0	0.0	Water
684789.6	7467533.0	0.0	100.0	0.0	Water
684789.6	7467733.0	1.0	98.3	0.7	Water
684789.6	7467933.0	0.0	100.0	0.0	Water
684789.6	7468133.0	0.0	100.0	0.0	Water
684789.6	7468333.0	0.0	100.0	0.0	Water
684789.6	7468533.0	0.0	100.0	0.0	Water
684789.6	7468733.0	0.0	100.0	0.0	Water
684789.6	7468933.0	0.0	100.0	0.0	Water
684789.6	7469133.0	0.0	100.0	0.0	Water
684789.6	7469333.0	0.0	100.0	0.0	Water
684789.6	7469533.0	0.0	100.0	0.0	Water
684789.6	7469733.0	0.0	100.0	0.0	Water
684789.6	7469933.0	0.7	99.3	0.0	Water
684789.6	7470133.0	0.0	100.0	0.0	Water
684789.6	7470333.0	0.0	100.0	0.0	Water
684789.6	7470533.0	0.0	100.0	0.0	Water
684789.6	7470733.0	0.0	100.0	0.0	Water
684789.6	7470933.0	0.0	100.0	0.0	Water
684789.6	7471133.0	0.0	100.0	0.0	Water
684789.6	7471333.0	0.0	100.0	0.0	Water
684789.6	7471533.0	0.0	100.0	0.0	Water
684789.6	7471733.0	0.0	100.0	0.0	Water
684989.6	7451933.0	0.0	100.0	0.0	Water
684989.6	7452133.0	0.0	100.0	0.0	Water
684989.6	7452333.0	1.1	74.6	24.3	Water
684989.6	7452533.0	0.0	99.6	0.4	Water
684989.6	7452733.0	0.0	100.0	0.0	Water
684989.6	7452933.0	0.0	100.0	0.0	Water
684989.6	7453133.0	0.0	100.0	0.0	Water
684989.6	7453333.0	0.0	100.0	0.0	Water
684989.6	7453533.0	0.0	100.0	0.0	Water
684989.6	7453733.0	0.0	100.0	0.0	Water
684989.6	7453933.0	0.0	100.0	0.0	Water
684989.6	7454133.0	0.0	100.0	0.0	Water
684989.6	7454333.0	0.0	100.0	0.0	Water
684989.6	7454533.0	0.0	100.0	0.0	Water
684989.6	7454733.0	0.0	100.0	0.0	Water
684989.6	7454933.0	0.0	100.0	0.0	Water
684989.6	7455133.0	0.0	100.0	0.0	Water
684989.6	7455333.0	0.0	100.0	0.0	Water
684989.6	7455533.0	0.0	100.0	0.0	Water
684989.6	7455733.0	0.0	100.0	0.0	Water
684989.6	7455933.0	0.0	100.0	0.0	Water
684989.6	7456133.0	0.0	100.0	0.0	Water
684989.6	7456333.0	0.0	100.0	0.0	Water
684989.6	7456533.0	0.0	94.4	5.6	Water
684989.6	7456733.0	67.4	4.2	28.4	Urban
684989.6	7456933.0	88.4	0.0	11.6	Urban
684989.6	7457133.0	90.0	0.0	10.0	Urban
684989.6	7457333.0	83.2	0.0	16.8	Urban
684989.6	7457533.0	66.3	0.0	33.7	Urban
684989.6	7457733.0	7.1	0.0	92.9	Other
684989.6	7457933.0	40.0	0.0	60.0	Urban
684989.6	7458133.0	0.0	0.0	100.0	Other
684989.6	7458333.0	0.0	0.0	100.0	Other
684989.6	7458533.0	0.0	0.0	100.0	Other
684989.6	7458733.0	0.0	0.0	100.0	Other
684989.6	7458933.0	0.0	0.0	100.0	Other
684989.6	7459133.0	43.5	0.0	56.5	Urban
684989.6	7459333.0	49.1	0.0	50.9	Urban
684989.6	7459533.0	0.0	0.0	100.0	Other
684989.6	7459733.0	6.3	0.0	93.7	Other
684989.6	7459933.0	66.8	0.0	33.2	Urban
684989.6	7460133.0	81.7	0.0	18.3	Urban
684989.6	7460333.0	86.4	0.0	13.6	Urban
684989.6	7460533.0	83.3	0.0	16.7	Urban
684989.6	7460733.0	51.4	0.0	48.6	Urban
684989.6	7460933.0	8.0	0.0	92.0	Other
684989.6	7461133.0	12.0	0.0	88.0	Other
684989.6	7461333.0	1.3	0.0	98.7	Other
684989.6	7461533.0	0.0	0.0	100.0	Other
684989.6	7461733.0	5.2	0.0	94.8	Other
684989.6	7461933.0	26.4	0.0	73.6	Urban
684989.6	7462133.0	55.4	0.0	44.6	Urban
684989.6	7462333.0	26.6	0.0	73.4	Urban
684989.6	7462533.0	27.0	0.0	73.0	Urban
684989.6	7462733.0	7.8	0.0	92.2	Other
684989.6	7462933.0	26.1	0.0	73.9	Urban
684989.6	7463133.0	28.7	0.0	71.3	Urban
684989.6	7463333.0	84.1	0.0	15.9	Urban
684989.6	7463533.0	82.4	0.0	17.6	Urban
684989.6	7463733.0	91.8	0.0	8.2	Urban
684989.6	7463933.0	96.4	0.0	3.6	Urban
684989.6	7464133.0	84.4	0.0	15.6	Urban
684989.6	7464333.0	96.0	0.0	4.0	Urban
684989.6	7464533.0	96.9	0.0	3.1	Urban
684989.6	7464733.0	92.2	0.0	7.8	Urban
684989.6	7464933.0	94.6	0.0	5.4	Urban
684989.6	7465133.0	93.1	0.0	6.9	Urban
684989.6	7465333.0	92.9	0.0	7.1	Urban
684989.6	7465533.0	92.6	0.0	7.4	Urban
684989.6	7465733.0	78.8	0.0	21.2	Urban
684989.6	7465933.0	99.7	0.0	0.3	Urban
684989.6	7466133.0	86.4	0.7	12.9	Urban
684989.6	7466333.0	60.7	1.3	38.0	Urban
684989.6	7466533.0	77.9	0.0	22.1	Urban
684989.6	7466733.0	96.9	0.0	3.1	Urban
684989.6	7466933.0	99.3	0.0	0.7	Urban
684989.6	7467133.0	95.1	0.4	4.5	Urban
684989.6	7467333.0	15.1	82.4	2.4	Water
684989.6	7467533.0	0.0	100.0	0.0	Water
684989.6	7467733.0	3.4	85.7	10.9	Water
684989.6	7467933.0	0.0	98.9	1.1	Water
684989.6	7468133.0	0.0	100.0	0.0	Water
684989.6	7468333.0	0.0	100.0	0.0	Water
684989.6	7468533.0	0.0	100.0	0.0	Water
684989.6	7468733.0	0.0	100.0	0.0	Water
684989.6	7468933.0	0.0	100.0	0.0	Water
684989.6	7469133.0	0.0	100.0	0.0	Water
684989.6	7469333.0	0.0	100.0	0.0	Water
684989.6	7469533.0	0.0	100.0	0.0	Water
684989.6	7469733.0	0.0	100.0	0.0	Water
684989.6	7469933.0	1.3	98.7	0.0	Water
684989.6	7470133.0	0.0	100.0	0.0	Water
684989.6	7470333.0	0.0	100.0	0.0	Water
684989.6	7470533.0	0.0	100.0	0.0	Water
684989.6	7470733.0	0.0	100.0	0.0	Water
684989.6	7470933.0	0.0	100.0	0.0	Water
684989.6	7471133.0	0.0	100.0	0.0	Water
684989.6	7471333.0	0.0	100.0	0.0	Water
684989.6	7471533.0	0.0	100.0	0.0	Water
684989.6	7471733.0	0.0	100.0	0.0	Water
685189.6	7451933.0	1.6	97.6	0.7	Water
685189.6	7452133.0	10.9	88.4	0.7	Water
685189.6	7452333.0	7.1	43.1	49.7	Other
685189.6	7452533.0	7.4	72.9	19.7	Water
685189.6	7452733.0	0.0	100.0	0.0	Water
685189.6	7452933.0	0.0	100.0	0.0	Water
685189.6	7453133.0	0.0	100.0	0.0	Water
685189.6	7453333.0	0.0	100.0	0.0	Water
685189.6	7453533.0	0.0	100.0	0.0	Water
685189.6	7453733.0	0.0	100.0	0.0	Water
685189.6	7453933.0	0.0	100.0	0.0	Water
685189.6	7454133.0	0.0	100.0	0.0	Water
685189.6	7454333.0	0.0	100.0	0.0	Water
685189.6	7454533.0	0.0	100.0	0.0	Water
685189.6	7454733.0	0.0	100.0	0.0	Water
685189.6	7454933.0	0.0	100.0	0.0	Water
685189.6	7455133.0	0.0	100.0	0.0	Water
685189.6	7455333.0	0.0	100.0	0.0	Water
685189.6	7455533.0	0.0	100.0	0.0	Water
685189.6	7455733.0	0.0	100.0	0.0	Water
685189.6	7455933.0	0.0	100.0	0.0	Water
685189.6	7456133.0	0.0	100.0	0.0	Water
685189.6	7456333.0	0.0	100.0	0.0	Water
685189.6	7456533.0	9.1	71.9	19.0	Water
685189.6	7456733.0	91.5	0.0	8.5	Urban
685189.6	7456933.0	89.7	0.0	10.3	Urban
685189.6	7457133.0	87.8	0.0	12.2	Urban
685189.6	7457333.0	88.9	0.0	11.1	Urban
685189.6	7457533.0	77.2	0.0	22.8	Urban
685189.6	7457733.0	37.5	0.0	62.5	Urban
685189.6	7457933.0	88.0	0.0	12.0	Urban
685189.6	7458133.0	74.8	0.0	25.2	Urban
685189.6	7458333.0	50.2	0.0	49.8	Urban
685189.6	7458533.0	1.7	0.0	98.3	Other
685189.6	7458733.0	0.0	0.0	100.0	Other
685189.6	7458933.0	13.2	0.0	86.8	Other
685189.6	7459133.0	67.6	0.0	32.4	Urban
685189.6	7459333.0	67.9	0.0	32.1	Urban
685189.6	7459533.0	16.5	0.0	83.5	Other
685189.6	7459733.0	0.0	0.0	100.0	Other
685189.6	7459933.0	65.0	0.0	35.0	Urban
685189.6	7460133.0	92.2	0.0	7.8	Urban
685189.6	7460333.0	98.4	0.0	1.6	Urban
685189.6	7460533.0	87.0	0.0	13.0	Urban
685189.6	7460733.0	59.1	0.0	40.9	Urban
685189.6	7460933.0	54.9	0.0	45.1	Urban
685189.6	7461133.0	76.8	0.0	23.2	Urban
685189.6	7461333.0	17.7	0.0	82.3	Other
685189.6	7461533.0	0.0	0.0	100.0	Other
685189.6	7461733.0	35.0	0.0	65.0	Urban
685189.6	7461933.0	27.0	0.0	73.0	Urban
685189.6	7462133.0	64.5	0.0	35.5	Urban
685189.6	7462333.0	46.2	0.0	53.8	Urban
685189.6	7462533.0	24.1	0.0	75.9	Urban
685189.6	7462733.0	23.7	0.0	76.3	Urban
685189.6	7462933.0	4.9	0.0	95.1	Other
685189.6	7463133.0	20.5	0.0	79.5	Urban
685189.6	7463333.0	36.1	0.0	63.9	Urban
685189.6	7463533.0	86.4	0.0	13.6	Urban
685189.6	7463733.0	59.8	0.0	40.2	Urban
685189.6	7463933.0	90.0	0.0	10.0	Urban
685189.6	7464133.0	89.7	0.0	10.3	Urban
685189.6	7464333.0	83.9	0.0	16.1	Urban
685189.6	7464533.0	86.8	0.0	13.2	Urban
685189.6	7464733.0	71.4	0.0	28.6	Urban
685189.6	7464933.0	73.9	0.0	26.1	Urban
685189.6	7465133.0	86.6	0.0	13.4	Urban
685189.6	7465333.0	96.9	0.0	3.1	Urban
685189.6	7465533.0	84.7	0.0	15.3	Urban
685189.6	7465733.0	92.2	0.0	7.8	Urban
685189.6	7465933.0	96.4	0.0	3.6	Urban
685189.6	7466133.0	69.6	0.5	29.9	Urban
685189.6	7466333.0	60.9	0.9	38.2	Urban
685189.6	7466533.0	55.4	0.0	44.6	Urban
685189.6	7466733.0	98.6	0.0	1.4	Urban
685189.6	7466933.0	89.4	0.0	10.6	Urban
685189.6	7467133.0	80.6	0.0	19.4	Urban
685189.6	7467333.0	29.3	67.8	2.9	Urban
685189.6	7467533.0	0.0	100.0	0.0	Water
685189.6	7467733.0	0.0	99.6	0.4	Water
685189.6	7467933.0	0.0	99.8	0.2	Water
685189.6	7468133.0	0.0	100.0	0.0	Water
685189.6	7468333.0	0.0	100.0	0.0	Water
685189.6	7468533.0	0.0	100.0	0.0	Water
685189.6	7468733.0	0.0	100.0	0.0	Water
685189.6	7468933.0	0.0	100.0	0.0	Water
685189.6	7469133.0	0.0	100.0	0.0	Water
685189.6	7469333.0	0.0	100.0	0.0	Water
685189.6	7469533.0	0.0	100.0	0.0	Water
685189.6	7469733.0	0.0	100.0	0.0	Water
685189.6	7469933.0	0.0	100.0	0.0	Water
685189.6	7470133.0	0.0	100.0	0.0	Water
685189.6	7470333.0	0.0	100.0	0.0	Water
685189.6	7470533.0	0.0	100.0	0.0	Water
685189.6	7470733.0	0.0	100.0	0.0	Water
685189.6	7470933.0	0.0	100.0	0.0	Water
685189.6	7471133.0	0.0	100.0	0.0	Water
685189.6	7471333.0	0.0	100.0	0.0	Water
685189.6	7471533.0	0.0	100.0	0.0	Water
685189.6	7471733.0	0.0	100.0	0.0	Water
685389.6	7451933.0	4.2	95.3	0.5	Water
685389.6	7452133.0	4.5	94.4	1.1	Water
685389.6	7452333.0	7.1	63.9	29.0	Water
685389.6	7452533.0	9.2	73.9	16.8	Water
685389.6	7452733.0	0.0	100.0	0.0	Water
685389.6	7452933.0	0.0	100.0	0.0	Water
685389.6	7453133.0	0.0	100.0	0.0	Water
685389.6	7453333.0	0.0	100.0	0.0	Water
685389.6	7453533.0	0.0	100.0	0.0	Water
685389.6	7453733.0	0.0	100.0	0.0	Water
685389.6	7453933.0	0.0	100.0	0.0	Water
685389.6	7454133.0	0.0	100.0	0.0	Water
685389.6	7454333.0	0.0	100.0	0.0	Water
685389.6	7454533.0	0.0	100.0	0.0	Water
685389.6	7454733.0	0.0	100.0	0.0	Water
685389.6	7454933.0	0.0	100.0	0.0	Water
685389.6	7455133.0	0.0	100.0	0.0	Water
685389.6	7455333.0	0.0	100.0	0.0	Water
685389.6	7455533.0	0.0	100.0	0.0	Water
685389.6	7455733.0	0.0	100.0	0.0	Water
685389.6	7455933.0	0.0	100.0	0.0	Water
685389.6	7456133.0	0.0	100.0	0.0	Water
685389.6	7456333.0	13.4	74.8	11.8	Water
685389.6	7456533.0	14.3	20.8	64.9	Other
685389.6	7456733.0	52.9	0.0	47.1	Urban
685389.6	7456933.0	86.2	0.0	13.8	Urban
685389.6	7457133.0	90.2	0.0	9.8	Urban
685389.6	7457333.0	94.0	0.0	6.0	Urban
685389.6	7457533.0	89.0	0.0	11.0	Urban
685389.6	7457733.0	88.4	0.0	11.6	Urban
685389.6	7457933.0	99.1	0.0	0.9	Urban
685389.6	7458133.0	95.1	0.0	4.9	Urban
685389.6	7458333.0	96.7	0.0	3.3	Urban
685389.6	7458533.0	28.1	0.0	71.9	Urban
685389.6	7458733.0	2.5	0.0	97.5	Other
685389.6	7458933.0	29.9	0.0	70.1	Urban
685389.6	7459133.0	77.0	0.0	23.0	Urban
685389.6	7459333.0	73.9	0.0	26.1	Urban
685389.6	7459533.0	59.8	0.0	40.2	Urban
685389.6	7459733.0	65.0	0.0	35.0	Urban
685389.6	7459933.0	94.9	0.0	5.1	Urban
685389.6	7460133.0	96.7	0.0	3.3	Urban
685389.6	7460333.0	98.4	0.0	1.6	Urban
685389.6	7460533.0	95.8	0.0	4.2	Urban
685389.6	7460733.0	85.3	0.0	14.7	Urban
685389.6	7460933.0	59.0	0.0	41.0	Urban
685389.6	7461133.0	8.7	0.0	91.3	Other
685389.6	7461333.0	0.0	0.0	100.0	Other
685389.6	7461533.0	26.6	0.0	73.4	Urban
685389.6	7461733.0	64.7	0.0	35.3	Urban
685389.6	7461933.0	63.9	0.0	36.1	Urban
685389.6	7462133.0	65.9	0.0	34.1	Urban
685389.6	7462333.0	55.7	0.0	44.3	Urban
685389.6	7462533.0	28.4	0.0	71.6	Urban
685389.6	7462733.0	13.8	0.0	86.2	Other
685389.6	7462933.0	29.0	0.0	71.0	Urban
685389.6	7463133.0	51.8	0.0	48.2	Urban
685389.6	7463333.0	11.4	0.0	88.6	Other
685389.6	7463533.0	61.8	0.0	38.2	Urban
685389.6	7463733.0	66.1	0.0	33.9	Urban
685389.6	7463933.0	88.0	0.0	12.0	Urban
685389.6	7464133.0	84.1	0.0	15.9	Urban
685389.6	7464333.0	77.9	0.0	22.1	Urban
685389.6	7464533.0	78.1	0.0	21.9	Urban
685389.6	7464733.0	71.6	0.0	28.4	Urban
685389.6	7464933.0	69.0	0.0	31.0	Urban
685389.6	7465133.0	99.1	0.0	0.9	Urban
685389.6	7465333.0	98.9	0.0	1.1	Urban
685389.6	7465533.0	98.4	0.0	1.6	Urban
685389.6	7465733.0	86.8	0.0	13.2	Urban
685389.6	7465933.0	92.0	0.0	8.0	Urban
685389.6	7466133.0	100.0	0.0	0.0	Urban
685389.6	7466333.0	93.5	0.0	6.5	Urban
685389.6	7466533.0	75.9	0.0	24.1	Urban
685389.6	7466733.0	96.2	0.0	3.8	Urban
685389.6	7466933.0	91.8	0.0	8.2	Urban
685389.6	7467133.0	89.7	0.0	10.3	Urban
685389.6	7467333.0	31.5	68.5	0.0	Urban
685389.6	7467533.0	0.0	100.0	0.0	Water
685389.6	7467733.0	0.0	100.0	0.0	Water
685389.6	7467933.0	0.0	100.0	0.0	Water
685389.6	7468133.0	0.0	100.0	0.0	Water
685389.6	7468333.0	0.0	100.0	0.0	Water
685389.6	7468533.0	0.0	100.0	0.0	Water
685389.6	7468733.0	0.0	100.0	0.0	Water
685389.6	7468933.0	0.0	100.0	0.0	Water
685389.6	7469133.0	0.0	100.0	0.0	Water
685389.6	7469333.0	0.0	100.0	0.0	Water
685389.6	7469533.0	0.0	100.0	0.0	Water
685389.6	7469733.0	0.0	100.0	0.0	Water
685389.6	7469933.0	0.2	99.8	0.0	Water
685389.6	7470133.0	0.0	100.0	0.0	Water
685389.6	7470333.0	0.0	100.0	0.0	Water
685389.6	7470533.0	0.0	100.0	0.0	Water
685389.6	7470733.0	0.0	100.0	0.0	Water
685389.6	7470933.0	0.0	100.0	0.0	Water
685389.6	7471133.0	0.0	100.0	0.0	Water
685389.6	7471333.0	0.0	100.0	0.0	Water
685389.6	7471533.0	0.0	100.0	0.0	Water
685389.6	7471733.0	0.0	100.0	0.0	Water
685589.6	7451933.0	0.0	100.0	0.0	Water
685589.6	7452133.0	0.0	100.0	0.0	Water
685589.6	7452333.0	0.0	100.0	0.0	Water
685589.6	7452533.0	0.0	100.0	0.0	Water
685589.6	7452733.0	0.0	100.0	0.0	Water
685589.6	7452933.0	0.0	100.0	0.0	Water
685589.6	7453133.0	0.0	100.0	0.0	Water
685589.6	7453333.0	0.0	100.0	0.0	Water
685589.6	7453533.0	0.0	100.0	0.0	Water
685589.6	7453733.0	0.0	100.0	0.0	Water
685589.6	7453933.0	0.0	100.0	0.0	Water
685589.6	7454133.0	0.0	100.0	0.0	Water
685589.6	7454333.0	0.0	100.0	0.0	Water
685589.6	7454533.0	0.0	100.0	0.0	Water
685589.6	7454733.0	0.0	100.0	0.0	Water
685589.6	7454933.0	0.0	100.0	0.0	Water
685589.6	7455133.0	0.0	100.0	0.0	Water
685589.6	7455333.0	0.0	100.0	0.0	Water
685589.6	7455533.0	0.0	100.0	0.0	Water
685589.6	7455733.0	0.0	100.0	0.0	Water
685589.6	7455933.0	0.0	100.0	0.0	Water
685589.6	7456133.0	0.0	100.0	0.0	Water
685589.6	7456333.0	0.7	97.0	2.3	Water
685589.6	7456533.0	0.0	74.8	25.2	Water
685589.6	7456733.0	50.5	3.6	45.8	Urban
685589.6	7456933.0	74.5	3.6	21.9	Urban
685589.6	7457133.0	59.1	18.1	22.8	Urban
685589.6	7457333.0	54.0	18.8	27.2	Urban
685589.6	7457533.0	68.5	4.9	26.6	Urban
685589.6	7457733.0	93.4	0.0	6.6	Urban
685589.6	7457933.0	97.1	0.0	2.9	Urban
685589.6	7458133.0	88.9	0.0	11.1	Urban
685589.6	7458333.0	95.3	0.0	4.7	Urban
685589.6	7458533.0	88.8	0.0	11.2	Urban
685589.6	7458733.0	87.7	0.0	12.3	Urban
685589.6	7458933.0	75.2	0.0	24.8	Urban
685589.6	7459133.0	79.7	0.0	20.3	Urban
685589.6	7459333.0	63.8	0.0	36.2	Urban
685589.6	7459533.0	46.7	0.0	53.3	Urban
685589.6	7459733.0	97.8	0.0	2.2	Urban
685589.6	7459933.0	91.8	0.0	8.2	Urban
685589.6	7460133.0	97.5	0.0	2.5	Urban
685589.6	7460333.0	95.1	0.0	4.9	Urban
685589.6	7460533.0	96.0	0.0	4.0	Urban
685589.6	7460733.0	77.7	0.0	22.3	Urban
685589.6	7460933.0	87.1	0.0	12.9	Urban
685589.6	7461133.0	50.2	0.0	49.8	Urban
685589.6	7461333.0	6.3	0.0	93.7	Other
685589.6	7461533.0	7.6	0.0	92.4	Other
685589.6	7461733.0	23.2	0.0	76.8	Urban
685589.6	7461933.0	50.0	0.0	50.0	Urban
685589.6	7462133.0	78.4	0.0	21.6	Urban
685589.6	7462333.0	89.3	0.0	10.7	Urban
685589.6	7462533.0	50.4	0.0	49.6	Urban
685589.6	7462733.0	0.0	0.0	100.0	Other
685589.6	7462933.0	31.9	0.0	68.1	Urban
685589.6	7463133.0	35.4	0.0	64.6	Urban
685589.6	7463333.0	0.0	0.0	100.0	Other
685589.6	7463533.0	16.3	0.0	83.7	Other
685589.6	7463733.0	46.4	0.0	53.6	Urban
685589.6	7463933.0	57.4	0.0	42.6	Urban
685589.6	7464133.0	68.3	0.0	31.7	Urban
685589.6	7464333.0	67.2	0.0	32.8	Urban
685589.6	7464533.0	66.3	0.0	33.7	Urban
685589.6	7464733.0	76.1	0.0	23.9	Urban
685589.6	7464933.0	69.3	0.0	30.7	Urban
685589.6	7465133.0	98.4	0.0	1.6	Urban
685589.6	7465333.0	98.6	0.0	1.4	Urban
685589.6	7465533.0	85.8	0.0	14.2	Urban
685589.6	7465733.0	46.0	0.0	54.0	Urban
685589.6	7465933.0	93.5	0.0	6.5	Urban
685589.6	7466133.0	98.0	0.0	2.0	Urban
685589.6	7466333.0	100.0	0.0	0.0	Urban
685589.6	7466533.0	91.8	0.0	8.2	Urban
685589.6	7466733.0	90.8	0.0	9.2	Urban
685589.6	7466933.0	98.6	0.0	1.4	Urban
685589.6	7467133.0	99.1	0.0	0.9	Urban
685589.6	7467333.0	19.9	80.1	0.0	Water
685589.6	7467533.0	0.0	100.0	0.0	Water
685589.6	7467733.0	0.0	100.0	0.0	Water
685589.6	7467933.0	0.0	100.0	0.0	Water
685589.6	7468133.0	0.0	100.0	0.0	Water
685589.6	7468333.0	0.0	100.0	0.0	Water
685589.6	7468533.0	0.0	100.0	0.0	Water
685589.6	7468733.0	0.0	100.0	0.0	Water
685589.6	7468933.0	0.0	100.0	0.0	Water
685589.6	7469133.0	0.0	100.0	0.0	Water
685589.6	7469333.0	0.0	100.0	0.0	Water
685589.6	7469533.0	0.0	100.0	0.0	Water
685589.6	7469733.0	0.0	100.0	0.0	Water
685589.6	7469933.0	0.0	100.0	0.0	Water
685589.6	7470133.0	0.0	100.0	0.0	Water
685589.6	7470333.0	0.0	100.0	0.0	Water
685589.6	7470533.0	0.0	100.0	0.0	Water
685589.6	7470733.0	0.0	100.0	0.0	Water
685589.6	7470933.0	0.0	100.0	0.0	Water
685589.6	7471133.0	0.0	100.0	0.0	Water
685589.6	7471333.0	0.0	100.0	0.0	Water
685589.6	7471533.0	0.0	100.0	0.0	Water
685589.6	7471733.0	0.0	100.0	0.0	Water
685789.6	7451933.0	0.0	100.0	0.0	Water
685789.6	7452133.0	0.0	100.0	0.0	Water
685789.6	7452333.0	0.0	100.0	0.0	Water
685789.6	7452533.0	0.0	100.0	0.0	Water
685789.6	7452733.0	0.0	100.0	0.0	Water
685789.6	7452933.0	0.0	100.0	0.0	Water
685789.6	7453133.0	0.0	100.0	0.0	Water
685789.6	7453333.0	0.0	100.0	0.0	Water
685789.6	7453533.0	0.0	100.0	0.0	Water
685789.6	7453733.0	0.0	100.0	0.0	Water
685789.6	7453933.0	0.0	100.0	0.0	Water
685789.6	7454133.0	0.0	100.0	0.0	Water
685789.6	7454333.0	0.0	100.0	0.0	Water
685789.6	7454533.0	0.0	100.0	0.0	Water
685789.6	7454733.0	0.0	100.0	0.0	Water
685789.6	7454933.0	0.0	100.0	0.0	Water
685789.6	7455133.0	0.0	100.0	0.0	Water
685789.6	7455333.0	0.0	100.0	0.0	Water
685789.6	7455533.0	0.0	100.0	0.0	Water
685789.6	7455733.0	0.0	100.0	0.0	Water
685789.6	7455933.0	0.0	100.0	0.0	Water
685789.6	7456133.0	0.0	100.0	0.0	Water
685789.6	7456333.0	0.0	100.0	0.0	Water
685789.6	7456533.0	0.0	100.0	0.0	Water
685789.6	7456733.0	25.2	47.6	27.2	Urban
685789.6	7456933.0	29.3	58.3	12.3	Urban
685789.6	7457133.0	0.0	100.0	0.0	Water
685789.6	7457333.0	0.0	100.0	0.0	Water
685789.6	7457533.0	0.0	96.7	3.3	Water
685789.6	7457733.0	4.7	62.5	32.8	Water
685789.6	7457933.0	41.7	8.5	49.8	Urban
685789.6	7458133.0	87.9	0.0	12.1	Urban
685789.6	7458333.0	96.2	0.0	3.8	Urban
685789.6	7458533.0	98.7	0.0	1.3	Urban
685789.6	7458733.0	97.5	0.0	2.5	Urban
685789.6	7458933.0	89.7	0.0	10.3	Urban
685789.6	7459133.0	74.8	0.0	25.2	Urban
685789.6	7459333.0	8.9	0.0	91.1	Other
685789.6	7459533.0	18.7	0.0	81.3	Other
685789.6	7459733.0	78.4	0.0	21.6	Urban
685789.6	7459933.0	94.2	0.0	5.8	Urban
685789.6	7460133.0	86.6	0.0	13.4	Urban
685789.6	7460333.0	89.9	0.0	10.1	Urban
685789.6	7460533.0	89.9	0.0	10.1	Urban
685789.6	7460733.0	84.9	0.0	15.1	Urban
685789.6	7460933.0	73.0	0.0	27.0	Urban
685789.6	7461133.0	81.7	0.0	18.3	Urban
685789.6	7461333.0	81.2	0.0	18.8	Urban
685789.6	7461533.0	19.4	0.0	80.6	Other
685789.6	7461733.0	25.4	0.0	74.6	Urban
685789.6	7461933.0	3.8	0.0	96.2	Other
685789.6	7462133.0	36.7	0.0	63.3	Urban
685789.6	7462333.0	70.5	0.0	29.5	Urban
685789.6	7462533.0	60.9	0.0	39.1	Urban
685789.6	7462733.0	23.4	0.0	76.6	Urban
685789.6	7462933.0	31.5	0.0	68.5	Urban
685789.6	7463133.0	23.7	0.0	76.3	Urban
685789.6	7463333.0	0.0	0.0	100.0	Other
685789.6	7463533.0	5.4	0.0	94.6	Other
685789.6	7463733.0	36.8	0.0	63.2	Urban
685789.6	7463933.0	74.8	0.0	25.2	Urban
685789.6	7464133.0	69.7	0.0	30.3	Urban
685789.6	7464333.0	28.3	0.0	71.7	Urban
685789.6	7464533.0	81.3	0.0	18.7	Urban
685789.6	7464733.0	93.8	0.0	6.2	Urban
685789.6	7464933.0	81.9	0.0	18.1	Urban
685789.6	7465133.0	87.0	0.0	13.0	Urban
685789.6	7465333.0	92.6	0.0	7.4	Urban
685789.6	7465533.0	5.1	0.0	94.9	Other
685789.6	7465733.0	4.0	0.0	96.0	Other
685789.6	7465933.0	77.4	0.0	22.6	Urban
685789.6	7466133.0	71.9	0.0	28.1	Urban
685789.6	7466333.0	90.5	0.0	9.5	Urban
685789.6	7466533.0	97.5	0.0	2.5	Urban
685789.6	7466733.0	87.5	0.0	12.5	Urban
685789.6	7466933.0	96.0	0.0	4.0	Urban
685789.6	7467133.0	83.3	16.7	0.0	Urban
685789.6	7467333.0	0.9	99.1	0.0	Water
685789.6	7467533.0	0.0	100.0	0.0	Water
685789.6	7467733.0	0.0	100.0	0.0	Water
685789.6	7467933.0	0.0	100.0	0.0	Water
685789.6	7468133.0	0.0	100.0	0.0	Water
685789.6	7468333.0	0.0	100.0	0.0	Water
685789.6	7468533.0	0.0	100.0	0.0	Water
685789.6	7468733.0	0.0	100.0	0.0	Water
685789.6	7468933.0	0.0	100.0	0.0	Water
685789.6	7469133.0	0.0	100.0	0.0	Water
685789.6	7469333.0	0.0	100.0	0.0	Water
685789.6	7469533.0	0.0	100.0	0.0	Water
685789.6	7469733.0	0.0	100.0	0.0	Water
685789.6	7469933.0	0.2	99.8	0.0	Water
685789.6	7470133.0	0.0	100.0	0.0	Water
685789.6	7470333.0	0.0	100.0	0.0	Water
685789.6	7470533.0	0.0	100.0	0.0	Water
685789.6	7470733.0	0.0	100.0	0.0	Water
685789.6	7470933.0	0.0	100.0	0.0	Water
685789.6	7471133.0	0.0	100.0	0.0	Water
685789.6	7471333.0	0.0	100.0	0.0	Water
685789.6	7471533.0	0.0	100.0	0.0	Water
685789.6	7471733.0	0.0	100.0	0.0	Water
685989.6	7451933.0	0.0	100.0	0.0	Water
685989.6	7452133.0	0.0	100.0	0.0	Water
685989.6	7452333.0	0.0	100.0	0.0	Water
685989.6	7452533.0	0.0	100.0	0.0	Water
685989.6	7452733.0	0.0	100.0	0.0	Water
685989.6	7452933.0	0.0	100.0	0.0	Water
685989.6	7453133.0	0.0	100.0	0.0	Water
685989.6	7453333.0	0.0	100.0	0.0	Water
685989.6	7453533.0	0.0	100.0	0.0	Water
685989.6	7453733.0	0.0	100.0	0.0	Water
685989.6	7453933.0	0.0	100.0	0.0	Water
685989.6	7454133.0	0.0	100.0	0.0	Water
685989.6	7454333.0	0.0	100.0	0.0	Water
685989.6	7454533.0	0.0	100.0	0.0	Water
685989.6	7454733.0	0.0	100.0	0.0	Water
685989.6	7454933.0	0.0	100.0	0.0	Water
685989.6	7455133.0	0.0	100.0	0.0	Water
685989.6	7455333.0	0.0	100.0	0.0	Water
685989.6	7455533.0	0.0	100.0	0.0	Water
685989.6	7455733.0	0.0	100.0	0.0	Water
685989.6	7455933.0	0.0	100.0	0.0	Water
685989.6	7456133.0	0.0	100.0	0.0	Water
685989.6	7456333.0	0.0	100.0	0.0	Water
685989.6	7456533.0	0.0	100.0	0.0	Water
685989.6	7456733.0	2.4	94.2	3.4	Water
685989.6	7456933.0	39.0	52.3	8.7	Urban
685989.6	7457133.0	0.0	100.0	0.0	Water
685989.6	7457333.0	0.0	100.0	0.0	Water
685989.6	7457533.0	0.0	100.0	0.0	Water
685989.6	7457733.0	0.0	100.0	0.0	Water
685989.6	7457933.0	0.0	82.2	17.8	Water
685989.6	7458133.0	10.3	20.5	69.2	Other
685989.6	7458333.0	76.4	0.0	23.6	Urban
685989.6	7458533.0	97.8	0.0	2.2	Urban
685989.6	7458733.0	100.0	0.0	0.0	Urban
685989.6	7458933.0	98.1	0.0	1.9	Urban
685989.6	7459133.0	31.3	0.0	68.7	Urban
685989.6	7459333.0	0.0	0.0	100.0	Other
685989.6	7459533.0	0.0	0.0	100.0	Other
685989.6	7459733.0	12.0	0.0	88.0	Other
685989.6	7459933.0	55.3	0.0	44.7	Urban
685989.6	7460133.0	52.7	0.0	47.3	Urban
685989.6	7460333.0	90.6	0.0	9.4	Urban
685989.6	7460533.0	97.1	0.0	2.9	Urban
685989.6	7460733.0	96.0	0.0	4.0	Urban
685989.6	7460933.0	84.6	0.0	15.4	Urban
685989.6	7461133.0	86.8	0.0	13.2	Urban
685989.6	7461333.0	98.4	0.0	1.6	Urban
685989.6	7461533.0	83.9	0.0	16.1	Urban
685989.6	7461733.0	8.5	0.0	91.5	Other
685989.6	7461933.0	2.4	0.0	97.6	Other
685989.6	7462133.0	15.6	0.0	84.4	Other
685989.6	7462333.0	42.8	0.0	57.2	Urban
685989.6	7462533.0	82.2	0.0	17.8	Urban
685989.6	7462733.0	69.4	0.0	30.6	Urban
685989.6	7462933.0	67.9	0.0	32.1	Urban
685989.6	7463133.0	11.8	0.0	88.2	Other
685989.6	7463333.0	0.0	0.0	100.0	Other
685989.6	7463533.0	0.7	0.0	99.3	Other
685989.6	7463733.0	3.8	0.0	96.2	Other
685989.6	7463933.0	34.2	0.0	65.8	Urban
685989.6	7464133.0	74.6	0.0	25.4	Urban
685989.6	7464333.0	44.6	0.0	55.4	Urban
685989.6	7464533.0	91.1	0.0	8.9	Urban
685989.6	7464733.0	92.8	0.0	7.2	Urban
685989.6	7464933.0	93.1	0.0	6.9	Urban
685989.6	7465133.0	89.3	0.7	10.0	Urban
685989.6	7465333.0	99.5	0.0	0.5	Urban
685989.6	7465533.0	55.6	0.0	44.4	Urban
685989.6	7465733.0	82.2	0.0	17.8	Urban
685989.6	7465933.0	98.4	0.0	1.6	Urban
685989.6	7466133.0	87.3	0.0	12.7	Urban
685989.6	7466333.0	100.0	0.0	0.0	Urban
685989.6	7466533.0	69.4	0.0	30.6	Urban
685989.6	7466733.0	98.0	0.0	2.0	Urban
685989.6	7466933.0	98.0	0.4	1.6	Urban
685989.6	7467133.0	46.6	53.1	0.4	Urban
685989.6	7467333.0	0.0	100.0	0.0	Water
685989.6	7467533.0	0.0	100.0	0.0	Water
685989.6	7467733.0	0.0	100.0	0.0	Water
685989.6	7467933.0	0.0	100.0	0.0	Water
685989.6	7468133.0	0.0	100.0	0.0	Water
685989.6	7468333.0	0.0	100.0	0.0	Water
685989.6	7468533.0	0.0	100.0	0.0	Water
685989.6	7468733.0	0.0	100.0	0.0	Water
685989.6	7468933.0	0.0	100.0	0.0	Water
685989.6	7469133.0	0.0	100.0	0.0	Water
685989.6	7469333.0	0.0	100.0	0.0	Water
685989.6	7469533.0	0.0	100.0	0.0	Water
685989.6	7469733.0	0.0	100.0	0.0	Water
685989.6	7469933.0	0.2	99.8	0.0	Water
685989.6	7470133.0	0.0	100.0	0.0	Water
685989.6	7470333.0	0.0	100.0	0.0	Water
685989.6	7470533.0	0.0	100.0	0.0	Water
685989.6	7470733.0	0.0	100.0	0.0	Water
685989.6	7470933.0	0.0	100.0	0.0	Water
685989.6	7471133.0	0.0	100.0	0.0	Water
685989.6	7471333.0	0.0	100.0	0.0	Water
685989.6	7471533.0	0.0	100.0	0.0	Water
685989.6	7471733.0	0.0	100.0	0.0	Water
686189.6	7451933.0	0.0	100.0	0.0	Water
686189.6	7452133.0	0.0	100.0	0.0	Water
686189.6	7452333.0	0.0	100.0	0.0	Water
686189.6	7452533.0	0.0	100.0	0.0	Water
686189.6	7452733.0	0.0	100.0	0.0	Water
686189.6	7452933.0	1.6	98.4	0.0	Water
686189.6	7453133.0	0.0	100.0	0.0	Water
686189.6	7453333.0	0.0	100.0	0.0	Water
686189.6	7453533.0	0.0	100.0	0.0	Water
686189.6	7453733.0	0.0	100.0	0.0	Water
686189.6	7453933.0	0.0	100.0	0.0	Water
686189.6	7454133.0	0.0	100.0	0.0	Water
686189.6	7454333.0	0.0	100.0	0.0	Water
686189.6	7454533.0	0.0	100.0	0.0	Water
686189.6	7454733.0	0.0	100.0	0.0	Water
686189.6	7454933.0	0.0	100.0	0.0	Water
686189.6	7455133.0	0.0	100.0	0.0	Water
686189.6	7455333.0	0.0	100.0	0.0	Water
686189.6	7455533.0	0.0	100.0	0.0	Water
686189.6	7455733.0	0.0	100.0	0.0	Water
686189.6	7455933.0	0.0	100.0	0.0	Water
686189.6	7456133.0	0.0	100.0	0.0	Water
686189.6	7456333.0	0.0	100.0	0.0	Water
686189.6	7456533.0	0.0	100.0	0.0	Water
686189.6	7456733.0	0.0	100.0	0.0	Water
686189.6	7456933.0	8.9	86.1	5.1	Water
686189.6	7457133.0	0.0	100.0	0.0	Water
686189.6	7457333.0	0.0	100.0	0.0	Water
686189.6	7457533.0	0.0	100.0	0.0	Water
686189.6	7457733.0	0.0	100.0	0.0	Water
686189.6	7457933.0	0.0	100.0	0.0	Water
686189.6	7458133.0	0.0	94.2	5.8	Water
686189.6	7458333.0	4.3	29.7	65.9	Other
686189.6	7458533.0	74.6	0.0	25.4	Urban
686189.6	7458733.0	71.6	0.0	28.4	Urban
686189.6	7458933.0	97.6	0.0	2.4	Urban
686189.6	7459133.0	70.5	0.0	29.5	Urban
686189.6	7459333.0	27.9	0.0	72.1	Urban
686189.6	7459533.0	0.0	0.0	100.0	Other
686189.6	7459733.0	0.0	0.0	100.0	Other
686189.6	7459933.0	50.3	0.0	49.7	Urban
686189.6	7460133.0	93.5	0.0	6.5	Urban
686189.6	7460333.0	97.5	0.0	2.5	Urban
686189.6	7460533.0	93.7	0.0	6.3	Urban
686189.6	7460733.0	92.6	0.0	7.4	Urban
686189.6	7460933.0	88.4	0.0	11.6	Urban
686189.6	7461133.0	88.9	0.0	11.1	Urban
686189.6	7461333.0	93.2	0.0	6.8	Urban
686189.6	7461533.0	89.5	0.0	10.5	Urban
686189.6	7461733.0	15.8	0.0	84.2	Other
686189.6	7461933.0	1.1	0.0	98.9	Other
686189.6	7462133.0	22.1	0.0	77.9	Urban
686189.6	7462333.0	57.2	0.0	42.8	Urban
686189.6	7462533.0	77.9	0.0	22.1	Urban
686189.6	7462733.0	84.5	0.2	15.3	Urban
686189.6	7462933.0	19.6	0.0	80.4	Other
686189.6	7463133.0	15.2	0.0	84.8	Other
686189.6	7463333.0	25.2	0.0	74.8	Urban
686189.6	7463533.0	4.3	0.0	95.7	Other
686189.6	7463733.0	16.8	0.0	83.2	Other
686189.6	7463933.0	45.7	0.0	54.3	Urban
686189.6	7464133.0	49.5	0.0	50.5	Urban
686189.6	7464333.0	49.6	0.0	50.4	Urban
686189.6	7464533.0	31.5	0.0	68.5	Urban
686189.6	7464733.0	60.3	0.0	39.7	Urban
686189.6	7464933.0	99.5	0.0	0.5	Urban
686189.6	7465133.0	97.5	0.0	2.5	Urban
686189.6	7465333.0	91.5	0.0	8.5	Urban
686189.6	7465533.0	98.2	0.0	1.8	Urban
686189.6	7465733.0	98.9	0.0	1.1	Urban
686189.6	7465933.0	95.7	0.0	4.3	Urban
686189.6	7466133.0	94.3	0.0	5.7	Urban
686189.6	7466333.0	96.2	0.0	3.8	Urban
686189.6	7466533.0	95.7	0.0	4.3	Urban
686189.6	7466733.0	99.6	0.0	0.4	Urban
686189.6	7466933.0	96.6	2.2	1.3	Urban
686189.6	7467133.0	10.1	89.9	0.0	Water
686189.6	7467333.0	0.0	100.0	0.0	Water
686189.6	7467533.0	0.0	100.0	0.0	Water
686189.6	7467733.0	0.0	100.0	0.0	Water
686189.6	7467933.0	0.0	100.0	0.0	Water
686189.6	7468133.0	0.0	100.0	0.0	Water
686189.6	7468333.0	0.0	100.0	0.0	Water
686189.6	7468533.0	0.0	100.0	0.0	Water
686189.6	7468733.0	0.0	100.0	0.0	Water
686189.6	7468933.0	0.0	100.0	0.0	Water
686189.6	7469133.0	0.0	100.0	0.0	Water
686189.6	7469333.0	0.0	100.0	0.0	Water
686189.6	7469533.0	0.0	100.0	0.0	Water
686189.6	7469733.0	0.0	100.0	0.0	Water
686189.6	7469933.0	1.8	98.2	0.0	Water
686189.6	7470133.0	0.0	100.0	0.0	Water
686189.6	7470333.0	0.0	100.0	0.0	Water
686189.6	7470533.0	0.0	100.0	0.0	Water
686189.6	7470733.0	0.0	100.0	0.0	Water
686189.6	7470933.0	0.0	100.0	0.0	Water
686189.6	7471133.0	0.0	100.0	0.0	Water
686189.6	7471333.0	0.0	100.0	0.0	Water
686189.6	7471533.0	0.0	100.0	0.0	Water
686189.6	7471733.0	0.0	100.0	0.0	Water
686389.6	7451933.0	0.0	100.0	0.0	Water
686389.6	7452133.0	0.0	100.0	0.0	Water
686389.6	7452333.0	0.0	100.0	0.0	Water
686389.6	7452533.0	0.0	100.0	0.0	Water
686389.6	7452733.0	0.0	100.0	0.0	Water
686389.6	7452933.0	0.0	100.0	0.0	Water
686389.6	7453133.0	0.0	100.0	0.0	Water
686389.6	7453333.0	0.0	100.0	0.0	Water
686389.6	7453533.0	0.0	100.0	0.0	Water
686389.6	7453733.0	0.0	100.0	0.0	Water
686389.6	7453933.0	0.0	100.0	0.0	Water
686389.6	7454133.0	0.0	100.0	0.0	Water
686389.6	7454333.0	0.0	100.0	0.0	Water
686389.6	7454533.0	0.0	100.0	0.0	Water
686389.6	7454733.0	0.0	100.0	0.0	Water
686389.6	7454933.0	0.0	100.0	0.0	Water
686389.6	7455133.0	0.0	100.0	0.0	Water
686389.6	7455333.0	0.0	100.0	0.0	Water
686389.6	7455533.0	0.0	100.0	0.0	Water
686389.6	7455733.0	0.0	100.0	0.0	Water
686389.6	7455933.0	0.0	100.0	0.0	Water
686389.6	7456133.0	0.0	100.0	0.0	Water
686389.6	7456333.0	0.0	100.0	0.0	Water
686389.6	7456533.0	0.0	100.0	0.0	Water
686389.6	7456733.0	0.0	100.0	0.0	Water
686389.6	7456933.0	0.0	100.0	0.0	Water
686389.6	7457133.0	0.0	100.0	0.0	Water
686389.6	7457333.0	0.0	100.0	0.0	Water
686389.6	7457533.0	0.0	100.0	0.0	Water
686389.6	7457733.0	0.0	100.0	0.0	Water
686389.6	7457933.0	0.0	100.0	0.0	Water
686389.6	7458133.0	0.0	100.0	0.0	Water
686389.6	7458333.0	0.0	95.6	4.4	Water
686389.6	7458533.0	10.1	21.4	68.5	Other
686389.6	7458733.0	86.6	0.0	13.4	Urban
686389.6	7458933.0	94.3	0.0	5.7	Urban
686389.6	7459133.0	92.4	0.0	7.6	Urban
686389.6	7459333.0	84.1	0.0	15.9	Urban
686389.6	7459533.0	9.3	0.0	90.7	Other
686389.6	7459733.0	0.0	0.0	100.0	Other
686389.6	7459933.0	18.1	0.0	81.9	Other
686389.6	7460133.0	84.8	0.0	15.2	Urban
686389.6	7460333.0	98.4	0.0	1.6	Urban
686389.6	7460533.0	86.1	0.0	13.9	Urban
686389.6	7460733.0	98.7	0.0	1.3	Urban
686389.6	7460933.0	88.3	0.0	11.7	Urban
686389.6	7461133.0	73.0	0.0	27.0	Urban
686389.6	7461333.0	83.5	0.0	16.5	Urban
686389.6	7461533.0	88.8	0.2	11.1	Urban
686389.6	7461733.0	61.1	0.4	38.6	Urban
686389.6	7461933.0	43.8	0.0	56.2	Urban
686389.6	7462133.0	46.7	0.0	53.3	Urban
686389.6	7462333.0	85.1	0.0	14.9	Urban
686389.6	7462533.0	88.9	0.0	11.1	Urban
686389.6	7462733.0	91.3	0.0	8.7	Urban
686389.6	7462933.0	54.5	0.0	45.5	Urban
686389.6	7463133.0	34.8	0.0	65.2	Urban
686389.6	7463333.0	59.6	0.0	40.4	Urban
686389.6	7463533.0	52.9	0.0	47.1	Urban
686389.6	7463733.0	65.6	0.0	34.4	Urban
686389.6	7463933.0	77.4	0.0	22.6	Urban
686389.6	7464133.0	39.7	0.0	60.3	Urban
686389.6	7464333.0	39.5	0.0	60.5	Urban
686389.6	7464533.0	45.5	0.0	54.5	Urban
686389.6	7464733.0	88.4	0.0	11.6	Urban
686389.6	7464933.0	99.1	0.0	0.9	Urban
686389.6	7465133.0	79.9	0.0	20.1	Urban
686389.6	7465333.0	87.1	0.0	12.9	Urban
686389.6	7465533.0	90.2	0.0	9.8	Urban
686389.6	7465733.0	94.4	0.0	5.6	Urban
686389.6	7465933.0	98.9	0.0	1.1	Urban
686389.6	7466133.0	91.8	0.0	8.2	Urban
686389.6	7466333.0	84.6	0.0	15.4	Urban
686389.6	7466533.0	71.6	0.0	28.4	Urban
686389.6	7466733.0	93.3	0.0	6.7	Urban
686389.6	7466933.0	66.3	32.6	1.1	Urban
686389.6	7467133.0	0.0	100.0	0.0	Water
686389.6	7467333.0	0.0	100.0	0.0	Water
686389.6	7467533.0	0.0	100.0	0.0	Water
686389.6	7467733.0	0.0	100.0	0.0	Water
686389.6	7467933.0	0.0	100.0	0.0	Water
686389.6	7468133.0	0.0	100.0	0.0	Water
686389.6	7468333.0	0.0	100.0	0.0	Water
686389.6	7468533.0	0.0	100.0	0.0	Water
686389.6	7468733.0	0.0	100.0	0.0	Water
686389.6	7468933.0	0.0	100.0	0.0	Water
686389.6	7469133.0	0.0	100.0	0.0	Water
686389.6	7469333.0	0.0	100.0	0.0	Water
686389.6	7469533.0	0.0	100.0	0.0	Water
686389.6	7469733.0	0.0	100.0	0.0	Water
686389.6	7469933.0	0.5	99.5	0.0	Water
686389.6	7470133.0	0.0	100.0	0.0	Water
686389.6	7470333.0	0.0	100.0	0.0	Water
686389.6	7470533.0	0.0	100.0	0.0	Water
686389.6	7470733.0	0.0	100.0	0.0	Water
686389.6	7470933.0	0.0	100.0	0.0	Water
686389.6	7471133.0	0.0	100.0	0.0	Water
686389.6	7471333.0	0.0	100.0	0.0	Water
686389.6	7471533.0	0.0	100.0	0.0	Water
686389.6	7471733.0	0.0	100.0	0.0	Water
686589.6	7451933.0	0.0	100.0	0.0	Water
686589.6	7452133.0	0.0	100.0	0.0	Water
686589.6	7452333.0	0.0	100.0	0.0	Water
686589.6	7452533.0	0.0	100.0	0.0	Water
686589.6	7452733.0	0.0	100.0	0.0	Water
686589.6	7452933.0	0.0	100.0	0.0	Water
686589.6	7453133.0	0.0	100.0	0.0	Water
686589.6	7453333.0	0.0	100.0	0.0	Water
686589.6	7453533.0	0.0	100.0	0.0	Water
686589.6	7453733.0	0.0	100.0	0.0	Water
686589.6	7453933.0	0.0	100.0	0.0	Water
686589.6	7454133.0	0.0	100.0	0.0	Water
686589.6	7454333.0	0.0	100.0	0.0	Water
686589.6	7454533.0	0.0	100.0	0.0	Water
686589.6	7454733.0	0.0	100.0	0.0	Water
686589.6	7454933.0	0.0	100.0	0.0	Water
686589.6	7455133.0	0.0	100.0	0.0	Water
686589.6	7455333.0	0.0	100.0	0.0	Water
686589.6	7455533.0	0.0	100.0	0.0	Water
686589.6	7455733.0	0.0	100.0	0.0	Water
686589.6	7455933.0	0.0	100.0	0.0	Water
686589.6	7456133.0	0.0	100.0	0.0	Water
686589.6	7456333.0	0.0	100.0	0.0	Water
686589.6	7456533.0	0.0	100.0	0.0	Water
686589.6	7456733.0	0.0	100.0	0.0	Water
686589.6	7456933.0	0.0	100.0	0.0	Water
686589.6	7457133.0	0.0	100.0	0.0	Water
686589.6	7457333.0	0.0	100.0	0.0	Water
686589.6	7457533.0	0.0	100.0	0.0	Water
686589.6	7457733.0	0.0	100.0	0.0	Water
686589.6	7457933.0	0.0	100.0	0.0	Water
686589.6	7458133.0	0.0	100.0	0.0	Water
686589.6	7458333.0	0.0	100.0	0.0	Water
686589.6	7458533.0	0.0	85.7	14.3	Water
686589.6	7458733.0	32.6	5.4	62.0	Urban
686589.6	7458933.0	94.2	0.0	5.8	Urban
686589.6	7459133.0	95.3	0.0	4.7	Urban
686589.6	7459333.0	56.3	0.0	43.7	Urban
686589.6	7459533.0	4.7	0.0	95.3	Other
686589.6	7459733.0	0.0	0.0	100.0	Other
686589.6	7459933.0	0.0	0.0	100.0	Other
686589.6	7460133.0	61.8	0.0	38.2	Urban
686589.6	7460333.0	95.7	0.0	4.3	Urban
686589.6	7460533.0	45.1	0.0	54.9	Urban
686589.6	7460733.0	56.0	0.0	44.0	Urban
686589.6	7460933.0	86.2	8.2	5.6	Urban
686589.6	7461133.0	9.8	58.3	31.9	Water
686589.6	7461333.0	0.4	45.1	54.5	Other
686589.6	7461533.0	31.1	13.6	55.3	Urban
686589.6	7461733.0	64.3	0.0	35.7	Urban
686589.6	7461933.0	81.7	0.0	18.3	Urban
686589.6	7462133.0	40.3	0.0	59.7	Urban
686589.6	7462333.0	63.6	0.0	36.4	Urban
686589.6	7462533.0	86.6	0.0	13.4	Urban
686589.6	7462733.0	93.2	0.0	6.8	Urban
686589.6	7462933.0	86.6	0.0	13.4	Urban
686589.6	7463133.0	52.9	0.0	47.1	Urban
686589.6	7463333.0	65.9	0.0	34.1	Urban
686589.6	7463533.0	90.4	0.0	9.6	Urban
686589.6	7463733.0	61.4	0.0	38.6	Urban
686589.6	7463933.0	82.5	0.0	17.5	Urban
686589.6	7464133.0	71.4	0.0	28.6	Urban
686589.6	7464333.0	49.1	0.0	50.9	Urban
686589.6	7464533.0	60.6	0.0	39.4	Urban
686589.6	7464733.0	83.9	0.0	16.1	Urban
686589.6	7464933.0	86.4	0.0	13.6	Urban
686589.6	7465133.0	72.5	0.8	26.7	Urban
686589.6	7465333.0	86.8	0.0	13.2	Urban
686589.6	7465533.0	59.8	0.0	40.2	Urban
686589.6	7465733.0	94.7	0.0	5.3	Urban
686589.6	7465933.0	98.7	0.0	1.3	Urban
686589.6	7466133.0	97.5	0.0	2.5	Urban
686589.6	7466333.0	97.8	0.0	2.2	Urban
686589.6	7466533.0	93.7	0.0	6.3	Urban
686589.6	7466733.0	90.8	0.0	9.2	Urban
686589.6	7466933.0	30.8	62.0	7.2	Urban
686589.6	7467133.0	0.0	100.0	0.0	Water
686589.6	7467333.0	0.0	100.0	0.0	Water
686589.6	7467533.0	0.0	100.0	0.0	Water
686589.6	7467733.0	0.0	100.0	0.0	Water
686589.6	7467933.0	0.0	100.0	0.0	Water
686589.6	7468133.0	0.0	100.0	0.0	Water
686589.6	7468333.0	0.0	100.0	0.0	Water
686589.6	7468533.0	0.0	100.0	0.0	Water
686589.6	7468733.0	0.0	100.0	0.0	Water
686589.6	7468933.0	0.0	100.0	0.0	Water
686589.6	7469133.0	0.0	100.0	0.0	Water
686589.6	7469333.0	0.0	100.0	0.0	Water
686589.6	7469533.0	0.0	100.0	0.0	Water
686589.6	7469733.0	0.0	100.0	0.0	Water
686589.6	7469933.0	1.8	98.2	0.0	Water
686589.6	7470133.0	0.0	100.0	0.0	Water
686589.6	7470333.0	0.0	100.0	0.0	Water
686589.6	7470533.0	0.0	100.0	0.0	Water
686589.6	7470733.0	0.0	100.0	0.0	Water
686589.6	7470933.0	0.0	100.0	0.0	Water
686589.6	7471133.0	0.0	100.0	0.0	Water
686589.6	7471333.0	0.0	100.0	0.0	Water
686589.6	7471533.0	0.0	100.0	0.0	Water
686589.6	7471733.0	0.0	100.0	0.0	Water
686789.6	7451933.0	0.0	100.0	0.0	Water
686789.6	7452133.0	0.0	100.0	0.0	Water
686789.6	7452333.0	0.0	100.0	0.0	Water
686789.6	7452533.0	0.0	100.0	0.0	Water
686789.6	7452733.0	0.0	100.0	0.0	Water
686789.6	7452933.0	0.0	100.0	0.0	Water
686789.6	7453133.0	0.0	100.0	0.0	Water
686789.6	7453333.0	0.0	100.0	0.0	Water
686789.6	7453533.0	0.0	100.0	0.0	Water
686789.6	7453733.0	0.0	100.0	0.0	Water
686789.6	7453933.0	0.0	100.0	0.0	Water
686789.6	7454133.0	0.0	100.0	0.0	Water
686789.6	7454333.0	0.0	100.0	0.0	Water
686789.6	7454533.0	0.0	100.0	0.0	Water
686789.6	7454733.0	0.0	100.0	0.0	Water
686789.6	7454933.0	0.0	100.0	0.0	Water
686789.6	7455133.0	0.0	100.0	0.0	Water
686789.6	7455333.0	0.0	100.0	0.0	Water
686789.6	7455533.0	0.0	100.0	0.0	Water
686789.6	7455733.0	0.0	100.0	0.0	Water
686789.6	7455933.0	0.0	100.0	0.0	Water
686789.6	7456133.0	0.0	100.0	0.0	Water
686789.6	7456333.0	0.0	100.0	0.0	Water
686789.6	7456533.0	0.0	100.0	0.0	Water
686789.6	7456733.0	0.0	100.0	0.0	Water
686789.6	7456933.0	0.0	100.0	0.0	Water
686789.6	7457133.0	0.0	100.0	0.0	Water
686789.6	7457333.0	0.0	100.0	0.0	Water
686789.6	7457533.0	0.0	100.0	0.0	Water
686789.6	7457733.0	0.0	100.0	0.0	Water
686789.6	7457933.0	0.0	100.0	0.0	Water
686789.6	7458133.0	0.0	100.0	0.0	Water
686789.6	7458333.0	0.0	100.0	0.0	Water
686789.6	7458533.0	0.0	100.0	0.0	Water
686789.6	7458733.0	0.0	57.2	42.8	Water
686789.6	7458933.0	70.5	0.0	29.5	Urban
686789.6	7459133.0	98.9	0.0	1.1	Urban
686789.6	7459333.0	77.9	0.0	22.1	Urban
686789.6	7459533.0	32.1	0.0	67.9	Urban
686789.6	7459733.0	16.1	0.0	83.9	Other
686789.6	7459933.0	32.2	0.0	67.8	Urban
686789.6	7460133.0	69.2	0.0	30.8	Urban
686789.6	7460333.0	88.8	0.0	11.2	Urban
686789.6	7460533.0	44.4	0.0	55.6	Urban
686789.6	7460733.0	27.8	0.0	72.2	Urban
686789.6	7460933.0	62.3	27.7	10.0	Urban
686789.6	7461133.0	0.0	100.0	0.0	Water
686789.6	7461333.0	0.0	100.0	0.0	Water
686789.6	7461533.0	2.7	85.9	11.4	Water
686789.6	7461733.0	56.7	1.3	42.0	Urban
686789.6	7461933.0	84.4	0.0	15.6	Urban
686789.6	7462133.0	79.3	0.0	20.7	Urban
686789.6	7462333.0	77.2	0.0	22.8	Urban
686789.6	7462533.0	81.5	0.0	18.5	Urban
686789.6	7462733.0	88.9	0.0	11.1	Urban
686789.6	7462933.0	74.6	0.0	25.4	Urban
686789.6	7463133.0	91.7	0.0	8.3	Urban
686789.6	7463333.0	98.9	0.0	1.1	Urban
686789.6	7463533.0	98.8	0.0	1.2	Urban
686789.6	7463733.0	83.0	0.0	17.0	Urban
686789.6	7463933.0	87.9	0.0	12.1	Urban
686789.6	7464133.0	93.8	0.0	6.2	Urban
686789.6	7464333.0	62.0	0.0	38.0	Urban
686789.6	7464533.0	73.0	0.0	27.0	Urban
686789.6	7464733.0	99.5	0.0	0.5	Urban
686789.6	7464933.0	78.1	0.0	21.9	Urban
686789.6	7465133.0	76.3	0.0	23.7	Urban
686789.6	7465333.0	77.7	0.5	21.7	Urban
686789.6	7465533.0	53.6	5.4	40.9	Urban
686789.6	7465733.0	93.5	2.0	4.5	Urban
686789.6	7465933.0	99.2	0.0	0.8	Urban
686789.6	7466133.0	99.3	0.0	0.7	Urban
686789.6	7466333.0	94.2	0.0	5.8	Urban
686789.6	7466533.0	97.7	0.0	2.3	Urban
686789.6	7466733.0	83.5	0.0	16.5	Urban
686789.6	7466933.0	28.1	68.7	3.3	Urban
686789.6	7467133.0	3.6	96.4	0.0	Water
686789.6	7467333.0	0.0	100.0	0.0	Water
686789.6	7467533.0	0.0	100.0	0.0	Water
686789.6	7467733.0	0.0	100.0	0.0	Water
686789.6	7467933.0	0.0	100.0	0.0	Water
686789.6	7468133.0	0.0	100.0	0.0	Water
686789.6	7468333.0	0.0	100.0	0.0	Water
686789.6	7468533.0	0.0	100.0	0.0	Water
686789.6	7468733.0	0.0	100.0	0.0	Water
686789.6	7468933.0	0.0	100.0	0.0	Water
686789.6	7469133.0	0.0	100.0	0.0	Water
686789.6	7469333.0	0.0	100.0	0.0	Water
686789.6	7469533.0	0.0	100.0	0.0	Water
686789.6	7469733.0	0.2	99.8	0.0	Water
686789.6	7469933.0	0.9	99.1	0.0	Water
686789.6	7470133.0	0.0	100.0	0.0	Water
686789.6	7470333.0	0.0	100.0	0.0	Water
686789.6	7470533.0	0.0	100.0	0.0	Water
686789.6	7470733.0	0.0	100.0	0.0	Water
686789.6	7470933.0	0.0	100.0	0.0	Water
686789.6	7471133.0	0.0	100.0	0.0	Water
686789.6	7471333.0	0.0	100.0	0.0	Water
686789.6	7471533.0	0.0	100.0	0.0	Water
686789.6	7471733.0	0.0	100.0	0.0	Water
686989.6	7451933.0	0.0	100.0	0.0	Water
686989.6	7452133.0	0.0	100.0	0.0	Water
686989.6	7452333.0	0.0	100.0	0.0	Water
686989.6	7452533.0	0.0	100.0	0.0	Water
686989.6	7452733.0	0.0	100.0	0.0	Water
686989.6	7452933.0	0.0	100.0	0.0	Water
686989.6	7453133.0	0.0	100.0	0.0	Water
686989.6	7453333.0	0.0	100.0	0.0	Water
686989.6	7453533.0	0.0	100.0	0.0	Water
686989.6	7453733.0	0.0	100.0	0.0	Water
686989.6	7453933.0	0.0	100.0	0.0	Water
686989.6	7454133.0	0.0	100.0	0.0	Water
686989.6	7454333.0	0.0	100.0	0.0	Water
686989.6	7454533.0	0.0	100.0	0.0	Water
686989.6	7454733.0	0.0	100.0	0.0	Water
686989.6	7454933.0	0.0	100.0	0.0	Water
686989.6	7455133.0	0.0	100.0	0.0	Water
686989.6	7455333.0	0.0	100.0	0.0	Water
686989.6	7455533.0	0.0	100.0	0.0	Water
686989.6	7455733.0	0.0	100.0	0.0	Water
686989.6	7455933.0	0.0	100.0	0.0	Water
686989.6	7456133.0	0.0	100.0	0.0	Water
686989.6	7456333.0	0.0	100.0	0.0	Water
686989.6	7456533.0	0.0	100.0	0.0	Water
686989.6	7456733.0	0.0	100.0	0.0	Water
686989.6	7456933.0	0.0	100.0	0.0	Water
686989.6	7457133.0	0.0	100.0	0.0	Water
686989.6	7457333.0	0.0	100.0	0.0	Water
686989.6	7457533.0	0.0	100.0	0.0	Water
686989.6	7457733.0	0.0	100.0	0.0	Water
686989.6	7457933.0	0.0	100.0	0.0	Water
686989.6	7458133.0	0.0	100.0	0.0	Water
686989.6	7458333.0	0.0	100.0	0.0	Water
686989.6	7458533.0	0.0	100.0	0.0	Water
686989.6	7458733.0	0.0	96.2	3.8	Water
686989.6	7458933.0	17.6	16.8	65.6	Other
686989.6	7459133.0	76.4	0.0	23.6	Urban
686989.6	7459333.0	95.8	0.0	4.2	Urban
686989.6	7459533.0	78.6	0.2	21.2	Urban
686989.6	7459733.0	11.2	0.0	88.8	Other
686989.6	7459933.0	39.9	0.5	59.6	Urban
686989.6	7460133.0	75.0	0.0	25.0	Urban
686989.6	7460333.0	34.8	0.0	65.2	Urban
686989.6	7460533.0	75.9	0.0	24.1	Urban
686989.6	7460733.0	77.9	0.2	21.9	Urban
686989.6	7460933.0	26.6	71.9	1.4	Urban
686989.6	7461133.0	0.0	100.0	0.0	Water
686989.6	7461333.0	0.0	100.0	0.0	Water
686989.6	7461533.0	27.2	64.9	8.0	Urban
686989.6	7461733.0	43.1	6.3	50.6	Urban
686989.6	7461933.0	84.2	0.0	15.8	Urban
686989.6	7462133.0	97.6	0.0	2.4	Urban
686989.6	7462333.0	90.2	0.0	9.8	Urban
686989.6	7462533.0	84.8	0.0	15.2	Urban
686989.6	7462733.0	92.4	0.4	7.2	Urban
686989.6	7462933.0	88.2	0.0	11.8	Urban
686989.6	7463133.0	92.7	0.0	7.3	Urban
686989.6	7463333.0	91.8	0.0	8.2	Urban
686989.6	7463533.0	90.9	0.0	9.1	Urban
686989.6	7463733.0	88.6	0.0	11.4	Urban
686989.6	7463933.0	69.0	0.0	31.0	Urban
686989.6	7464133.0	76.1	0.0	23.9	Urban
686989.6	7464333.0	38.0	0.0	62.0	Urban
686989.6	7464533.0	60.5	0.0	39.5	Urban
686989.6	7464733.0	67.4	0.0	32.6	Urban
686989.6	7464933.0	29.9	0.0	70.1	Urban
686989.6	7465133.0	98.6	0.0	1.4	Urban
686989.6	7465333.0	93.7	0.2	6.2	Urban
686989.6	7465533.0	90.8	4.5	4.7	Urban
686989.6	7465733.0	93.3	0.0	6.7	Urban
686989.6	7465933.0	98.9	0.0	1.1	Urban
686989.6	7466133.0	99.8	0.0	0.2	Urban
686989.6	7466333.0	98.9	0.0	1.1	Urban
686989.6	7466533.0	84.2	13.0	2.8	Urban
686989.6	7466733.0	50.9	32.8	16.3	Urban
686989.6	7466933.0	5.6	92.2	2.2	Water
686989.6	7467133.0	0.0	100.0	0.0	Water
686989.6	7467333.0	0.0	100.0	0.0	Water
686989.6	7467533.0	0.0	100.0	0.0	Water
686989.6	7467733.0	0.0	100.0	0.0	Water
686989.6	7467933.0	0.0	100.0	0.0	Water
686989.6	7468133.0	13.0	87.0	0.0	Water
686989.6	7468333.0	0.2	99.8	0.0	Water
686989.6	7468533.0	0.0	100.0	0.0	Water
686989.6	7468733.0	0.0	100.0	0.0	Water
686989.6	7468933.0	0.0	100.0	0.0	Water
686989.6	7469133.0	0.0	100.0	0.0	Water
686989.6	7469333.0	0.0	100.0	0.0	Water
686989.6	7469533.0	0.0	100.0	0.0	Water
686989.6	7469733.0	0.0	100.0	0.0	Water
686989.6	7469933.0	0.0	100.0	0.0	Water
686989.6	7470133.0	0.0	100.0	0.0	Water
686989.6	7470333.0	0.0	100.0	0.0	Water
686989.6	7470533.0	0.0	100.0	0.0	Water
686989.6	7470733.0	0.0	100.0	0.0	Water
686989.6	7470933.0	0.0	100.0	0.0	Water
686989.6	7471133.0	0.0	100.0	0.0	Water
686989.6	7471333.0	0.0	100.0	0.0	Water
686989.6	7471533.0	0.0	100.0	0.0	Water
686989.6	7471733.0	0.0	100.0	0.0	Water
687189.6	7451933.0	0.0	100.0	0.0	Water
687189.6	7452133.0	0.0	100.0	0.0	Water
687189.6	7452333.0	0.0	100.0	0.0	Water
687189.6	7452533.0	0.0	100.0	0.0	Water
687189.6	7452733.0	0.0	100.0	0.0	Water
687189.6	7452933.0	0.0	100.0	0.0	Water
687189.6	7453133.0	0.0	100.0	0.0	Water
687189.6	7453333.0	0.0	100.0	0.0	Water
687189.6	7453533.0	0.0	100.0	0.0	Water
687189.6	7453733.0	0.0	100.0	0.0	Water
687189.6	7453933.0	0.0	100.0	0.0	Water
687189.6	7454133.0	0.0	100.0	0.0	Water
687189.6	7454333.0	0.0	100.0	0.0	Water
687189.6	7454533.0	0.0	100.0	0.0	Water
687189.6	7454733.0	0.0	100.0	0.0	Water
687189.6	7454933.0	0.0	100.0	0.0	Water
687189.6	7455133.0	0.0	100.0	0.0	Water
687189.6	7455333.0	0.0	100.0	0.0	Water
687189.6	7455533.0	0.0	100.0	0.0	Water
687189.6	7455733.0	0.0	100.0	0.0	Water
687189.6	7455933.0	0.0	100.0	0.0	Water
687189.6	7456133.0	0.0	100.0	0.0	Water
687189.6	7456333.0	0.0	100.0	0.0	Water
687189.6	7456533.0	0.0	100.0	0.0	Water
687189.6	7456733.0	0.0	100.0	0.0	Water
687189.6	7456933.0	0.0	100.0	0.0	Water
687189.6	7457133.0	0.0	100.0	0.0	Water
687189.6	7457333.0	0.0	100.0	0.0	Water
687189.6	7457533.0	0.0	100.0	0.0	Water
687189.6	7457733.0	0.0	100.0	0.0	Water
687189.6	7457933.0	0.0	100.0	0.0	Water
687189.6	7458133.0	0.0	100.0	0.0	Water
687189.6	7458333.0	0.0	100.0	0.0	Water
687189.6	7458533.0	0.0	100.0	0.0	Water
687189.6	7458733.0	0.0	100.0	0.0	Water
687189.6	7458933.0	0.0	55.3	44.7	Water
687189.6	7459133.0	60.5	0.0	39.5	Urban
687189.6	7459333.0	97.8	0.0	2.2	Urban
687189.6	7459533.0	82.6	0.0	17.4	Urban
687189.6	7459733.0	9.8	0.0	90.2	Other
687189.6	7459933.0	0.3	0.0	99.7	Other
687189.6	7460133.0	17.2	0.0	82.8	Other
687189.6	7460333.0	58.3	0.0	41.7	Urban
687189.6	7460533.0	55.8	0.0	44.2	Urban
687189.6	7460733.0	49.5	29.0	21.6	Urban
687189.6	7460933.0	0.0	100.0	0.0	Water
687189.6	7461133.0	0.0	100.0	0.0	Water
687189.6	7461333.0	0.0	100.0	0.0	Water
687189.6	7461533.0	26.1	40.6	33.3	Urban
687189.6	7461733.0	41.1	0.0	58.9	Urban
687189.6	7461933.0	44.2	0.0	55.8	Urban
687189.6	7462133.0	79.9	0.0	20.1	Urban
687189.6	7462333.0	80.4	0.0	19.6	Urban
687189.6	7462533.0	69.0	0.0	31.0	Urban
687189.6	7462733.0	63.8	0.0	36.2	Urban
687189.6	7462933.0	78.4	0.0	21.6	Urban
687189.6	7463133.0	91.3	0.0	8.7	Urban
687189.6	7463333.0	99.1	0.0	0.9	Urban
687189.6	7463533.0	45.8	0.0	54.2	Urban
687189.6	7463733.0	77.9	0.0	22.1	Urban
687189.6	7463933.0	58.0	0.0	42.0	Urban
687189.6	7464133.0	47.8	0.0	52.2	Urban
687189.6	7464333.0	42.2	0.0	57.8	Urban
687189.6	7464533.0	62.1	0.0	37.9	Urban
687189.6	7464733.0	58.4	0.0	41.6	Urban
687189.6	7464933.0	67.0	3.3	29.7	Urban
687189.6	7465133.0	76.1	5.6	18.3	Urban
687189.6	7465333.0	69.7	0.0	30.3	Urban
687189.6	7465533.0	97.3	0.0	2.7	Urban
687189.6	7465733.0	90.8	0.0	9.2	Urban
687189.6	7465933.0	92.8	0.0	7.2	Urban
687189.6	7466133.0	90.4	0.0	9.6	Urban
687189.6	7466333.0	79.0	15.8	5.3	Urban
687189.6	7466533.0	8.7	87.5	3.8	Water
687189.6	7466733.0	49.6	44.0	6.3	Urban
687189.6	7466933.0	69.2	29.0	1.8	Urban
687189.6	7467133.0	21.9	77.7	0.4	Urban
687189.6	7467333.0	0.0	100.0	0.0	Water
687189.6	7467533.0	0.0	100.0	0.0	Water
687189.6	7467733.0	0.0	100.0	0.0	Water
687189.6	7467933.0	0.0	100.0	0.0	Water
687189.6	7468133.0	44.4	51.1	4.5	Urban
687189.6	7468333.0	27.2	70.8	2.0	Urban
687189.6	7468533.0	0.0	100.0	0.0	Water
687189.6	7468733.0	0.0	100.0	0.0	Water
687189.6	7468933.0	0.0	100.0	0.0	Water
687189.6	7469133.0	0.0	100.0	0.0	Water
687189.6	7469333.0	0.0	100.0	0.0	Water
687189.6	7469533.0	0.0	100.0	0.0	Water
687189.6	7469733.0	0.5	99.5	0.0	Water
687189.6	7469933.0	0.0	100.0	0.0	Water
687189.6	7470133.0	0.0	100.0	0.0	Water
687189.6	7470333.0	0.0	100.0	0.0	Water
687189.6	7470533.0	0.0	100.0	0.0	Water
687189.6	7470733.0	0.0	100.0	0.0	Water
687189.6	7470933.0	0.0	100.0	0.0	Water
687189.6	7471133.0	0.0	100.0	0.0	Water
687189.6	7471333.0	0.0	100.0	0.0	Water
687189.6	7471533.0	0.0	100.0	0.0	Water
687189.6	7471733.0	0.0	100.0	0.0	Water
687389.6	7451933.0	0.0	100.0	0.0	Water
687389.6	7452133.0	0.0	100.0	0.0	Water
687389.6	7452333.0	0.0	100.0	0.0	Water
687389.6	7452533.0	0.0	100.0	0.0	Water
687389.6	7452733.0	0.0	100.0	0.0	Water
687389.6	7452933.0	0.0	100.0	0.0	Water
687389.6	7453133.0	0.0	100.0	0.0	Water
687389.6	7453333.0	0.0	100.0	0.0	Water
687389.6	7453533.0	0.0	100.0	0.0	Water
687389.6	7453733.0	0.0	100.0	0.0	Water
687389.6	7453933.0	0.0	100.0	0.0	Water
687389.6	7454133.0	0.0	100.0	0.0	Water
687389.6	7454333.0	0.0	100.0	0.0	Water
687389.6	7454533.0	0.0	100.0	0.0	Water
687389.6	7454733.0	0.0	100.0	0.0	Water
687389.6	7454933.0	0.0	100.0	0.0	Water
687389.6	7455133.0	0.0	100.0	0.0	Water
687389.6	7455333.0	0.0	100.0	0.0	Water
687389.6	7455533.0	0.0	100.0	0.0	Water
687389.6	7455733.0	0.0	100.0	0.0	Water
687389.6	7455933.0	0.0	100.0	0.0	Water
687389.6	7456133.0	0.0	100.0	0.0	Water
687389.6	7456333.0	0.0	100.0	0.0	Water
687389.6	7456533.0	0.0	100.0	0.0	Water
687389.6	7456733.0	0.0	100.0	0.0	Water
687389.6	7456933.0	0.0	100.0	0.0	Water
687389.6	7457133.0	0.0	100.0	0.0	Water
687389.6	7457333.0	0.0	100.0	0.0	Water
687389.6	7457533.0	0.0	100.0	0.0	Water
687389.6	7457733.0	0.0	100.0	0.0	Water
687389.6	7457933.0	0.0	100.0	0.0	Water
687389.6	7458133.0	0.0	100.0	0.0	Water
687389.6	7458333.0	0.0	100.0	0.0	Water
687389.6	7458533.0	0.0	100.0	0.0	Water
687389.6	7458733.0	0.0	100.0	0.0	Water
687389.6	7458933.0	0.0	91.1	8.9	Water
687389.6	7459133.0	21.0	6.2	72.7	Urban
687389.6	7459333.0	83.7	0.0	16.3	Urban
687389.6	7459533.0	39.0	0.0	61.0	Urban
687389.6	7459733.0	31.6	0.0	68.4	Urban
687389.6	7459933.0	0.4	0.0	99.6	Other
687389.6	7460133.0	6.0	0.0	94.0	Other
687389.6	7460333.0	69.4	0.0	30.6	Urban
687389.6	7460533.0	62.0	5.6	32.4	Urban
687389.6	7460733.0	12.1	81.2	6.7	Water
687389.6	7460933.0	0.0	100.0	0.0	Water
687389.6	7461133.0	0.0	100.0	0.0	Water
687389.6	7461333.0	0.0	100.0	0.0	Water
687389.6	7461533.0	6.0	88.8	5.3	Water
687389.6	7461733.0	26.8	12.5	60.7	Urban
687389.6	7461933.0	27.4	0.0	72.6	Urban
687389.6	7462133.0	40.6	0.0	59.4	Urban
687389.6	7462333.0	20.1	0.0	79.9	Urban
687389.6	7462533.0	17.0	0.0	83.0	Other
687389.6	7462733.0	6.3	0.0	93.7	Other
687389.6	7462933.0	18.3	0.0	81.7	Other
687389.6	7463133.0	40.4	0.0	59.6	Urban
687389.6	7463333.0	31.5	0.0	68.5	Urban
687389.6	7463533.0	63.0	0.0	37.0	Urban
687389.6	7463733.0	65.9	0.7	33.3	Urban
687389.6	7463933.0	69.7	0.0	30.3	Urban
687389.6	7464133.0	30.3	0.5	69.2	Urban
687389.6	7464333.0	18.3	27.0	54.8	Other
687389.6	7464533.0	19.4	37.3	43.3	Other
687389.6	7464733.0	17.2	2.7	80.1	Other
687389.6	7464933.0	70.8	0.0	29.2	Urban
687389.6	7465133.0	82.1	0.0	17.9	Urban
687389.6	7465333.0	88.4	0.0	11.6	Urban
687389.6	7465533.0	95.7	0.0	4.3	Urban
687389.6	7465733.0	94.6	0.2	5.2	Urban
687389.6	7465933.0	99.6	0.0	0.4	Urban
687389.6	7466133.0	67.6	26.6	5.8	Urban
687389.6	7466333.0	14.7	84.1	1.3	Water
687389.6	7466533.0	16.8	83.2	-0.0	Water
687389.6	7466733.0	76.6	0.4	23.0	Urban
687389.6	7466933.0	99.1	0.0	0.9	Urban
687389.6	7467133.0	32.8	66.5	0.7	Urban
687389.6	7467333.0	0.0	100.0	0.0	Water
687389.6	7467533.0	0.0	100.0	0.0	Water
687389.6	7467733.0	0.0	100.0	0.0	Water
687389.6	7467933.0	0.0	100.0	0.0	Water
687389.6	7468133.0	28.3	69.2	2.5	Urban
687389.6	7468333.0	7.4	87.5	5.1	Water
687389.6	7468533.0	0.0	100.0	0.0	Water
687389.6	7468733.0	0.0	100.0	0.0	Water
687389.6	7468933.0	0.0	100.0	0.0	Water
687389.6	7469133.0	0.0	100.0	0.0	Water
687389.6	7469333.0	0.0	100.0	0.0	Water
687389.6	7469533.0	0.0	100.0	0.0	Water
687389.6	7469733.0	0.0	100.0	0.0	Water
687389.6	7469933.0	0.0	100.0	0.0	Water
687389.6	7470133.0	0.0	100.0	0.0	Water
687389.6	7470333.0	0.0	100.0	0.0	Water
687389.6	7470533.0	0.0	100.0	0.0	Water
687389.6	7470733.0	0.0	100.0	0.0	Water
687389.6	7470933.0	0.0	100.0	0.0	Water
687389.6	7471133.0	0.0	100.0	0.0	Water
687389.6	7471333.0	0.0	100.0	0.0	Water
687389.6	7471533.0	0.0	100.0	0.0	Water
687389.6	7471733.0	0.0	100.0	0.0	Water
687589.6	7451933.0	0.0	100.0	0.0	Water
687589.6	7452133.0	0.0	100.0	0.0	Water
687589.6	7452333.0	0.0	100.0	0.0	Water
687589.6	7452533.0	0.0	100.0	0.0	Water
687589.6	7452733.0	0.0	100.0	0.0	Water
687589.6	7452933.0	0.0	100.0	0.0	Water
687589.6	7453133.0	0.0	100.0	0.0	Water
687589.6	7453333.0	0.0	100.0	0.0	Water
687589.6	7453533.0	0.0	100.0	0.0	Water
687589.6	7453733.0	0.0	100.0	0.0	Water
687589.6	7453933.0	0.0	100.0	0.0	Water
687589.6	7454133.0	0.0	100.0	0.0	Water
687589.6	7454333.0	0.0	100.0	0.0	Water
687589.6	7454533.0	0.0	100.0	0.0	Water
687589.6	7454733.0	0.0	100.0	0.0	Water
687589.6	7454933.0	0.0	100.0	0.0	Water
687589.6	7455133.0	0.0	100.0	0.0	Water
687589.6	7455333.0	0.0	100.0	0.0	Water
687589.6	7455533.0	0.0	100.0	0.0	Water
687589.6	7455733.0	0.0	100.0	0.0	Water
687589.6	7455933.0	0.0	100.0	0.0	Water
687589.6	7456133.0	0.0	100.0	0.0	Water
687589.6	7456333.0	0.0	100.0	0.0	Water
687589.6	7456533.0	0.0	100.0	0.0	Water
687589.6	7456733.0	0.0	100.0	0.0	Water
687589.6	7456933.0	0.0	100.0	0.0	Water
687589.6	7457133.0	0.0	100.0	0.0	Water
687589.6	7457333.0	0.0	100.0	0.0	Water
687589.6	7457533.0	0.0	100.0	0.0	Water
687589.6	7457733.0	0.0	100.0	0.0	Water
687589.6	7457933.0	0.0	100.0	0.0	Water
687589.6	7458133.0	0.0	100.0	0.0	Water
687589.6	7458333.0	0.0	100.0	0.0	Water
687589.6	7458533.0	0.0	100.0	0.0	Water
687589.6	7458733.0	0.0	100.0	0.0	Water
687589.6	7458933.0	0.0	100.0	0.0	Water
687589.6	7459133.0	0.9	46.3	52.9	Other
687589.6	7459333.0	71.7	0.0	28.3	Urban
687589.6	7459533.0	61.6	0.0	38.4	Urban
687589.6	7459733.0	75.7	0.0	24.3	Urban
687589.6	7459933.0	0.4	0.0	99.6	Other
687589.6	7460133.0	0.0	0.0	100.0	Other
687589.6	7460333.0	58.2	0.0	41.8	Urban
687589.6	7460533.0	75.4	10.8	13.8	Urban
687589.6	7460733.0	10.5	89.5	0.0	Water
687589.6	7460933.0	0.0	100.0	0.0	Water
687589.6	7461133.0	0.0	100.0	0.0	Water
687589.6	7461333.0	0.0	100.0	0.0	Water
687589.6	7461533.0	0.0	100.0	0.0	Water
687589.6	7461733.0	11.9	81.2	6.8	Water
687589.6	7461933.0	35.1	12.5	52.4	Urban
687589.6	7462133.0	26.6	0.0	73.4	Urban
687589.6	7462333.0	35.4	1.1	63.4	Urban
687589.6	7462533.0	3.7	67.8	28.5	Water
687589.6	7462733.0	0.0	75.0	25.0	Water
687589.6	7462933.0	0.0	71.8	28.2	Water
687589.6	7463133.0	2.9	54.9	42.2	Water
687589.6	7463333.0	16.3	20.5	63.2	Other
687589.6	7463533.0	16.1	0.2	83.7	Other
687589.6	7463733.0	32.6	0.0	67.4	Urban
687589.6	7463933.0	14.6	0.0	85.4	Other
687589.6	7464133.0	57.0	15.2	27.8	Urban
687589.6	7464333.0	6.9	93.1	0.0	Water
687589.6	7464533.0	1.6	98.4	0.0	Water
687589.6	7464733.0	18.0	56.4	25.6	Water
687589.6	7464933.0	61.4	0.5	38.0	Urban
687589.6	7465133.0	68.3	0.0	31.7	Urban
687589.6	7465333.0	87.1	0.0	12.9	Urban
687589.6	7465533.0	85.7	0.0	14.3	Urban
687589.6	7465733.0	88.8	0.0	11.2	Urban
687589.6	7465933.0	70.8	17.4	11.8	Urban
687589.6	7466133.0	19.0	80.4	0.5	Water
687589.6	7466333.0	0.0	100.0	0.0	Water
687589.6	7466533.0	28.1	71.9	0.0	Urban
687589.6	7466733.0	81.3	0.5	18.1	Urban
687589.6	7466933.0	87.9	5.3	6.9	Urban
687589.6	7467133.0	5.8	94.2	0.0	Water
687589.6	7467333.0	0.0	100.0	0.0	Water
687589.6	7467533.0	0.0	100.0	0.0	Water
687589.6	7467733.0	0.0	100.0	0.0	Water
687589.6	7467933.0	0.0	100.0	0.0	Water
687589.6	7468133.0	0.0	100.0	0.0	Water
687589.6	7468333.0	0.0	100.0	0.0	Water
687589.6	7468533.0	0.0	100.0	0.0	Water
687589.6	7468733.0	0.0	100.0	0.0	Water
687589.6	7468933.0	0.0	100.0	0.0	Water
687589.6	7469133.0	0.0	100.0	0.0	Water
687589.6	7469333.0	0.0	100.0	0.0	Water
687589.6	7469533.0	0.0	100.0	0.0	Water
687589.6	7469733.0	0.4	99.6	0.0	Water
687589.6	7469933.0	0.0	100.0	0.0	Water
687589.6	7470133.0	0.0	100.0	0.0	Water
687589.6	7470333.0	0.0	100.0	0.0	Water
687589.6	7470533.0	0.0	100.0	0.0	Water
687589.6	7470733.0	0.0	100.0	0.0	Water
687589.6	7470933.0	0.0	100.0	0.0	Water
687589.6	7471133.0	0.0	100.0	0.0	Water
687589.6	7471333.0	0.0	100.0	0.0	Water
687589.6	7471533.0	0.0	100.0	0.0	Water
687589.6	7471733.0	0.0	100.0	0.0	Water
687789.6	7451933.0	0.0	100.0	0.0	Water
687789.6	7452133.0	0.0	100.0	0.0	Water
687789.6	7452333.0	0.0	100.0	0.0	Water
687789.6	7452533.0	0.0	100.0	0.0	Water
687789.6	7452733.0	0.0	100.0	0.0	Water
687789.6	7452933.0	0.0	100.0	0.0	Water
687789.6	7453133.0	0.0	100.0	0.0	Water
687789.6	7453333.0	0.0	100.0	0.0	Water
687789.6	7453533.0	0.0	100.0	0.0	Water
687789.6	7453733.0	0.0	100.0	0.0	Water
687789.6	7453933.0	0.0	100.0	0.0	Water
687789.6	7454133.0	0.0	100.0	0.0	Water
687789.6	7454333.0	0.0	100.0	0.0	Water
687789.6	7454533.0	0.0	100.0	0.0	Water
687789.6	7454733.0	0.0	100.0	0.0	Water
687789.6	7454933.0	0.0	100.0	0.0	Water
687789.6	7455133.0	0.0	100.0	0.0	Water
687789.6	7455333.0	0.0	100.0	0.0	Water
687789.6	7455533.0	0.0	100.0	0.0	Water
687789.6	7455733.0	0.0	100.0	0.0	Water
687789.6	7455933.0	0.0	100.0	0.0	Water
687789.6	7456133.0	0.0	100.0	0.0	Water
687789.6	7456333.0	0.0	100.0	0.0	Water
687789.6	7456533.0	0.0	100.0	0.0	Water
687789.6	7456733.0	0.0	100.0	0.0	Water
687789.6	7456933.0	0.0	100.0	0.0	Water
687789.6	7457133.0	0.0	100.0	0.0	Water
687789.6	7457333.0	0.0	100.0	0.0	Water
687789.6	7457533.0	0.0	100.0	0.0	Water
687789.6	7457733.0	0.0	100.0	0.0	Water
687789.6	7457933.0	0.0	100.0	0.0	Water
687789.6	7458133.0	0.0	100.0	0.0	Water
687789.6	7458333.0	0.0	100.0	0.0	Water
687789.6	7458533.0	0.0	100.0	0.0	Water
687789.6	7458733.0	0.0	100.0	0.0	Water
687789.6	7458933.0	0.0	100.0	0.0	Water
687789.6	7459133.0	0.0	93.5	6.5	Water
687789.6	7459333.0	34.1	10.0	56.0	Urban
687789.6	7459533.0	77.0	0.0	23.0	Urban
687789.6	7459733.0	31.0	0.0	69.0	Urban
687789.6	7459933.0	0.0	0.0	100.0	Other
687789.6	7460133.0	0.0	0.0	100.0	Other
687789.6	7460333.0	60.9	0.0	39.1	Urban
687789.6	7460533.0	76.4	3.1	20.5	Urban
687789.6	7460733.0	33.4	50.3	16.3	Urban
687789.6	7460933.0	0.7	97.3	2.0	Water
687789.6	7461133.0	0.0	100.0	0.0	Water
687789.6	7461333.0	0.0	100.0	0.0	Water
687789.6	7461533.0	0.0	100.0	0.0	Water
687789.6	7461733.0	0.0	100.0	0.0	Water
687789.6	7461933.0	0.0	92.4	7.6	Water
687789.6	7462133.0	9.2	48.2	42.6	Other
687789.6	7462333.0	20.7	62.0	17.4	Urban
687789.6	7462533.0	0.0	100.0	0.0	Water
687789.6	7462733.0	0.0	100.0	0.0	Water
687789.6	7462933.0	0.0	100.0	0.0	Water
687789.6	7463133.0	0.0	100.0	0.0	Water
687789.6	7463333.0	0.0	100.0	0.0	Water
687789.6	7463533.0	0.0	76.7	23.3	Water
687789.6	7463733.0	0.0	34.8	65.2	Other
687789.6	7463933.0	12.1	4.0	83.9	Other
687789.6	7464133.0	50.0	0.9	49.1	Urban
687789.6	7464333.0	24.6	36.2	39.1	Urban
687789.6	7464533.0	8.0	82.2	9.8	Water
687789.6	7464733.0	27.0	73.0	0.0	Urban
687789.6	7464933.0	73.2	0.0	26.8	Urban
687789.6	7465133.0	77.9	0.0	22.1	Urban
687789.6	7465333.0	86.2	0.2	13.6	Urban
687789.6	7465533.0	93.5	0.0	6.5	Urban
687789.6	7465733.0	96.0	0.0	4.0	Urban
687789.6	7465933.0	23.2	74.6	2.2	Urban
687789.6	7466133.0	0.0	100.0	0.0	Water
687789.6	7466333.0	0.0	100.0	0.0	Water
687789.6	7466533.0	8.7	91.3	0.0	Water
687789.6	7466733.0	98.1	1.5	0.4	Urban
687789.6	7466933.0	53.0	41.4	5.6	Urban
687789.6	7467133.0	0.0	100.0	0.0	Water
687789.6	7467333.0	0.0	100.0	0.0	Water
687789.6	7467533.0	0.0	100.0	0.0	Water
687789.6	7467733.0	0.0	100.0	0.0	Water
687789.6	7467933.0	0.0	100.0	0.0	Water
687789.6	7468133.0	0.0	100.0	0.0	Water
687789.6	7468333.0	0.0	100.0	0.0	Water
687789.6	7468533.0	0.0	100.0	0.0	Water
687789.6	7468733.0	0.0	100.0	0.0	Water
687789.6	7468933.0	0.0	100.0	0.0	Water
687789.6	7469133.0	0.0	100.0	0.0	Water
687789.6	7469333.0	0.0	100.0	0.0	Water
687789.6	7469533.0	0.0	100.0	0.0	Water
687789.6	7469733.0	1.1	98.9	0.0	Water
687789.6	7469933.0	0.0	100.0	0.0	Water
687789.6	7470133.0	0.0	100.0	0.0	Water
687789.6	7470333.0	0.0	100.0	0.0	Water
687789.6	7470533.0	0.0	100.0	0.0	Water
687789.6	7470733.0	0.0	100.0	0.0	Water
687789.6	7470933.0	0.0	100.0	0.0	Water
687789.6	7471133.0	0.0	100.0	0.0	Water
687789.6	7471333.0	0.0	100.0	0.0	Water
687789.6	7471533.0	0.0	100.0	0.0	Water
687789.6	7471733.0	0.0	100.0	0.0	Water
687989.6	7451933.0	0.0	100.0	0.0	Water
687989.6	7452133.0	0.0	100.0	0.0	Water
687989.6	7452333.0	0.0	100.0	0.0	Water
687989.6	7452533.0	0.0	100.0	0.0	Water
687989.6	7452733.0	0.0	100.0	0.0	Water
687989.6	7452933.0	0.0	100.0	0.0	Water
687989.6	7453133.0	0.0	100.0	0.0	Water
687989.6	7453333.0	0.0	100.0	0.0	Water
687989.6	7453533.0	0.0	100.0	0.0	Water
687989.6	7453733.0	0.0	100.0	0.0	Water
687989.6	7453933.0	0.0	100.0	0.0	Water
687989.6	7454133.0	0.0	100.0	0.0	Water
687989.6	7454333.0	0.0	100.0	0.0	Water
687989.6	7454533.0	0.0	100.0	0.0	Water
687989.6	7454733.0	0.0	100.0	0.0	Water
687989.6	7454933.0	0.0	100.0	0.0	Water
687989.6	7455133.0	0.0	100.0	0.0	Water
687989.6	7455333.0	0.0	100.0	0.0	Water
687989.6	7455533.0	0.0	100.0	0.0	Water
687989.6	7455733.0	0.0	100.0	0.0	Water
687989.6	7455933.0	0.0	100.0	0.0	Water
687989.6	7456133.0	0.0	100.0	0.0	Water
687989.6	7456333.0	0.0	100.0	0.0	Water
687989.6	7456533.0	0.0	100.0	0.0	Water
687989.6	7456733.0	0.0	100.0	0.0	Water
687989.6	7456933.0	0.0	100.0	0.0	Water
687989.6	7457133.0	0.0	100.0	0.0	Water
687989.6	7457333.0	0.0	100.0	0.0	Water
687989.6	7457533.0	0.0	100.0	0.0	Water
687989.6	7457733.0	0.0	100.0	0.0	Water
687989.6	7457933.0	0.0	100.0	0.0	Water
687989.6	7458133.0	0.0	100.0	0.0	Water
687989.6	7458333.0	0.0	100.0	0.0	Water
687989.6	7458533.0	0.0	100.0	0.0	Water
687989.6	7458733.0	0.0	100.0	0.0	Water
687989.6	7458933.0	0.0	100.0	0.0	Water
687989.6	7459133.0	0.0	100.0	0.0	Water
687989.6	7459333.0	6.7	51.3	42.0	Water
687989.6	7459533.0	77.5	0.0	22.5	Urban
687989.6	7459733.0	18.8	0.0	81.2	Other
687989.6	7459933.0	0.0	0.0	100.0	Other
687989.6	7460133.0	33.0	0.0	67.0	Urban
687989.6	7460333.0	75.7	0.0	24.3	Urban
687989.6	7460533.0	17.4	0.0	82.6	Other
687989.6	7460733.0	6.5	0.4	93.1	Other
687989.6	7460933.0	31.3	39.1	29.5	Urban
687989.6	7461133.0	0.0	100.0	0.0	Water
687989.6	7461333.0	0.0	100.0	0.0	Water
687989.6	7461533.0	0.0	100.0	0.0	Water
687989.6	7461733.0	0.0	100.0	0.0	Water
687989.6	7461933.0	0.0	100.0	0.0	Water
687989.6	7462133.0	0.0	100.0	0.0	Water
687989.6	7462333.0	0.0	100.0	0.0	Water
687989.6	7462533.0	0.0	100.0	0.0	Water
687989.6	7462733.0	0.0	100.0	0.0	Water
687989.6	7462933.0	0.0	100.0	0.0	Water
687989.6	7463133.0	0.0	100.0	0.0	Water
687989.6	7463333.0	0.0	100.0	0.0	Water
687989.6	7463533.0	0.0	100.0	0.0	Water
687989.6	7463733.0	0.0	100.0	0.0	Water
687989.6	7463933.0	0.0	97.3	2.7	Water
687989.6	7464133.0	0.0	92.2	7.8	Water
687989.6	7464333.0	0.2	96.4	3.4	Water
687989.6	7464533.0	0.0	96.0	4.0	Water
687989.6	7464733.0	42.0	56.7	1.3	Urban
687989.6	7464933.0	96.4	0.0	3.6	Urban
687989.6	7465133.0	74.8	0.0	25.2	Urban
687989.6	7465333.0	99.8	0.0	0.2	Urban
687989.6	7465533.0	99.6	0.0	0.4	Urban
687989.6	7465733.0	97.6	0.0	2.4	Urban
687989.6	7465933.0	25.9	73.9	0.2	Urban
687989.6	7466133.0	0.0	100.0	0.0	Water
687989.6	7466333.0	1.6	98.4	0.0	Water
687989.6	7466533.0	0.5	99.5	0.0	Water
687989.6	7466733.0	35.5	63.6	0.9	Urban
687989.6	7466933.0	17.6	81.2	1.3	Water
687989.6	7467133.0	0.0	100.0	0.0	Water
687989.6	7467333.0	0.0	100.0	0.0	Water
687989.6	7467533.0	0.0	100.0	0.0	Water
687989.6	7467733.0	0.0	100.0	0.0	Water
687989.6	7467933.0	0.0	100.0	0.0	Water
687989.6	7468133.0	0.0	100.0	0.0	Water
687989.6	7468333.0	0.0	100.0	0.0	Water
687989.6	7468533.0	0.0	100.0	0.0	Water
687989.6	7468733.0	0.0	100.0	0.0	Water
687989.6	7468933.0	0.0	100.0	0.0	Water
687989.6	7469133.0	0.0	100.0	0.0	Water
687989.6	7469333.0	0.0	100.0	0.0	Water
687989.6	7469533.0	0.0	100.0	0.0	Water
687989.6	7469733.0	0.0	100.0	0.0	Water
687989.6	7469933.0	0.0	100.0	0.0	Water
687989.6	7470133.0	0.0	100.0	0.0	Water
687989.6	7470333.0	0.0	100.0	0.0	Water
687989.6	7470533.0	0.0	100.0	0.0	Water
687989.6	7470733.0	0.0	100.0	0.0	Water
687989.6	7470933.0	0.0	100.0	0.0	Water
687989.6	7471133.0	0.0	100.0	0.0	Water
687989.6	7471333.0	0.0	100.0	0.0	Water
687989.6	7471533.0	0.0	100.0	0.0	Water
687989.6	7471733.0	0.0	100.0	0.0	Water
688189.6	7451933.0	0.0	100.0	0.0	Water
688189.6	7452133.0	0.0	100.0	0.0	Water
688189.6	7452333.0	0.0	100.0	0.0	Water
688189.6	7452533.0	0.0	100.0	0.0	Water
688189.6	7452733.0	0.0	100.0	0.0	Water
688189.6	7452933.0	0.0	100.0	0.0	Water
688189.6	7453133.0	0.0	100.0	0.0	Water
688189.6	7453333.0	0.0	100.0	0.0	Water
688189.6	7453533.0	0.0	100.0	0.0	Water
688189.6	7453733.0	0.0	100.0	0.0	Water
688189.6	7453933.0	0.0	100.0	0.0	Water
688189.6	7454133.0	0.0	100.0	0.0	Water
688189.6	7454333.0	0.0	100.0	0.0	Water
688189.6	7454533.0	0.0	100.0	0.0	Water
688189.6	7454733.0	0.0	100.0	0.0	Water
688189.6	7454933.0	0.0	100.0	0.0	Water
688189.6	7455133.0	0.0	100.0	0.0	Water
688189.6	7455333.0	0.0	100.0	0.0	Water
688189.6	7455533.0	0.0	100.0	0.0	Water
688189.6	7455733.0	0.0	100.0	0.0	Water
688189.6	7455933.0	0.0	100.0	0.0	Water
688189.6	7456133.0	0.0	100.0	0.0	Water
688189.6	7456333.0	0.0	100.0	0.0	Water
688189.6	7456533.0	0.0	100.0	0.0	Water
688189.6	7456733.0	0.0	100.0	0.0	Water
688189.6	7456933.0	0.0	100.0	0.0	Water
688189.6	7457133.0	0.0	100.0	0.0	Water
688189.6	7457333.0	0.0	100.0	0.0	Water
688189.6	7457533.0	0.0	100.0	0.0	Water
688189.6	7457733.0	0.0	100.0	0.0	Water
688189.6	7457933.0	0.0	100.0	0.0	Water
688189.6	7458133.0	0.0	100.0	0.0	Water
688189.6	7458333.0	0.0	100.0	0.0	Water
688189.6	7458533.0	0.0	100.0	0.0	Water
688189.6	7458733.0	0.0	100.0	0.0	Water
688189.6	7458933.0	0.0	100.0	0.0	Water
688189.6	7459133.0	0.0	92.8	7.2	Water
688189.6	7459333.0	2.0	30.1	67.9	Other
688189.6	7459533.0	71.0	0.0	29.0	Urban
688189.6	7459733.0	1.4	0.0	98.6	Other
688189.6	7459933.0	0.0	0.0	100.0	Other
688189.6	7460133.0	18.1	27.4	54.5	Other
688189.6	7460333.0	20.3	28.8	50.9	Urban
688189.6	7460533.0	2.2	0.0	97.8	Other
688189.6	7460733.0	13.8	0.0	86.2	Other
688189.6	7460933.0	28.6	1.1	70.3	Urban
688189.6	7461133.0	11.2	83.2	5.6	Water
688189.6	7461333.0	0.0	99.5	0.5	Water
688189.6	7461533.0	0.0	100.0	0.0	Water
688189.6	7461733.0	0.0	100.0	0.0	Water
688189.6	7461933.0	0.0	100.0	0.0	Water
688189.6	7462133.0	0.0	100.0	0.0	Water
688189.6	7462333.0	0.0	100.0	0.0	Water
688189.6	7462533.0	0.0	100.0	0.0	Water
688189.6	7462733.0	0.0	100.0	0.0	Water
688189.6	7462933.0	0.0	100.0	0.0	Water
688189.6	7463133.0	0.0	100.0	0.0	Water
688189.6	7463333.0	0.0	100.0	0.0	Water
688189.6	7463533.0	0.0	100.0	0.0	Water
688189.6	7463733.0	0.0	100.0	0.0	Water
688189.6	7463933.0	0.0	100.0	0.0	Water
688189.6	7464133.0	0.0	100.0	0.0	Water
688189.6	7464333.0	0.0	100.0	0.0	Water
688189.6	7464533.0	11.1	85.5	3.4	Water
688189.6	7464733.0	91.1	3.0	5.9	Urban
688189.6	7464933.0	93.7	0.0	6.3	Urban
688189.6	7465133.0	94.0	0.0	6.0	Urban
688189.6	7465333.0	93.8	0.0	6.2	Urban
688189.6	7465533.0	90.4	0.0	9.6	Urban
688189.6	7465733.0	86.4	0.0	13.6	Urban
688189.6	7465933.0	26.3	69.7	4.0	Urban
688189.6	7466133.0	0.0	100.0	0.0	Water
688189.6	7466333.0	0.0	100.0	0.0	Water
688189.6	7466533.0	0.0	100.0	0.0	Water
688189.6	7466733.0	6.3	93.7	0.0	Water
688189.6	7466933.0	0.0	100.0	0.0	Water
688189.6	7467133.0	0.0	100.0	0.0	Water
688189.6	7467333.0	0.0	100.0	0.0	Water
688189.6	7467533.0	0.0	100.0	0.0	Water
688189.6	7467733.0	0.0	100.0	0.0	Water
688189.6	7467933.0	0.0	100.0	0.0	Water
688189.6	7468133.0	0.0	100.0	0.0	Water
688189.6	7468333.0	0.0	100.0	0.0	Water
688189.6	7468533.0	0.0	100.0	0.0	Water
688189.6	7468733.0	0.0	100.0	0.0	Water
688189.6	7468933.0	0.0	100.0	0.0	Water
688189.6	7469133.0	0.0	100.0	0.0	Water
688189.6	7469333.0	0.0	100.0	0.0	Water
688189.6	7469533.0	0.0	100.0	0.0	Water
688189.6	7469733.0	2.9	97.1	0.0	Water
688189.6	7469933.0	0.0	100.0	0.0	Water
688189.6	7470133.0	0.0	100.0	0.0	Water
688189.6	7470333.0	0.0	100.0	0.0	Water
688189.6	7470533.0	0.0	100.0	0.0	Water
688189.6	7470733.0	0.0	100.0	0.0	Water
688189.6	7470933.0	0.0	100.0	0.0	Water
688189.6	7471133.0	0.0	100.0	0.0	Water
688189.6	7471333.0	0.0	100.0	0.0	Water
688189.6	7471533.0	0.0	100.0	0.0	Water
688189.6	7471733.0	0.0	100.0	0.0	Water
688389.6	7451933.0	0.0	100.0	0.0	Water
688389.6	7452133.0	0.0	100.0	0.0	Water
688389.6	7452333.0	0.0	100.0	0.0	Water
688389.6	7452533.0	0.0	100.0	0.0	Water
688389.6	7452733.0	0.0	100.0	0.0	Water
688389.6	7452933.0	0.0	100.0	0.0	Water
688389.6	7453133.0	0.0	100.0	0.0	Water
688389.6	7453333.0	0.0	100.0	0.0	Water
688389.6	7453533.0	0.0	100.0	0.0	Water
688389.6	7453733.0	0.0	100.0	0.0	Water
688389.6	7453933.0	0.0	100.0	0.0	Water
688389.6	7454133.0	0.0	100.0	0.0	Water
688389.6	7454333.0	0.0	100.0	0.0	Water
688389.6	7454533.0	0.0	100.0	0.0	Water
688389.6	7454733.0	0.0	100.0	0.0	Water
688389.6	7454933.0	0.0	100.0	0.0	Water
688389.6	7455133.0	0.0	100.0	0.0	Water
688389.6	7455333.0	0.0	100.0	0.0	Water
688389.6	7455533.0	0.0	100.0	0.0	Water
688389.6	7455733.0	0.0	100.0	0.0	Water
688389.6	7455933.0	0.0	100.0	0.0	Water
688389.6	7456133.0	0.0	100.0	0.0	Water
688389.6	7456333.0	0.0	100.0	0.0	Water
688389.6	7456533.0	0.0	100.0	0.0	Water
688389.6	7456733.0	0.0	100.0	0.0	Water
688389.6	7456933.0	0.0	100.0	0.0	Water
688389.6	7457133.0	0.0	100.0	0.0	Water
688389.6	7457333.0	0.0	100.0	0.0	Water
688389.6	7457533.0	0.0	100.0	0.0	Water
688389.6	7457733.0	0.0	100.0	0.0	Water
688389.6	7457933.0	0.0	100.0	0.0	Water
688389.6	7458133.0	0.0	100.0	0.0	Water
688389.6	7458333.0	0.0	100.0	0.0	Water
688389.6	7458533.0	0.0	100.0	0.0	Water
688389.6	7458733.0	0.0	100.0	0.0	Water
688389.6	7458933.0	0.0	100.0	0.0	Water
688389.6	7459133.0	0.4	62.0	37.7	Water
688389.6	7459333.0	5.1	0.0	94.9	Other
688389.6	7459533.0	8.2	0.0	91.8	Other
688389.6	7459733.0	0.0	0.0	100.0	Other
688389.6	7459933.0	0.0	6.3	93.7	Other
688389.6	7460133.0	0.0	91.8	8.2	Water
688389.6	7460333.0	0.0	89.1	10.9	Water
688389.6	7460533.0	0.0	2.9	97.1	Other
688389.6	7460733.0	0.4	0.0	99.6	Other
688389.6	7460933.0	20.1	0.0	79.9	Urban
688389.6	7461133.0	54.9	18.7	26.4	Urban
688389.6	7461333.0	75.7	15.2	9.1	Urban
688389.6	7461533.0	19.4	74.5	6.2	Water
688389.6	7461733.0	0.0	100.0	0.0	Water
688389.6	7461933.0	0.0	100.0	0.0	Water
688389.6	7462133.0	0.0	100.0	0.0	Water
688389.6	7462333.0	0.0	100.0	0.0	Water
688389.6	7462533.0	0.0	100.0	0.0	Water
688389.6	7462733.0	0.0	100.0	0.0	Water
688389.6	7462933.0	0.0	100.0	0.0	Water
688389.6	7463133.0	0.0	100.0	0.0	Water
688389.6	7463333.0	0.0	100.0	0.0	Water
688389.6	7463533.0	0.0	100.0	0.0	Water
688389.6	7463733.0	0.0	100.0	0.0	Water
688389.6	7463933.0	0.0	100.0	0.0	Water
688389.6	7464133.0	0.0	100.0	0.0	Water
688389.6	7464333.0	0.0	100.0	0.0	Water
688389.6	7464533.0	43.7	39.5	16.8	Urban
688389.6	7464733.0	78.4	0.0	21.6	Urban
688389.6	7464933.0	71.9	0.0	28.1	Urban
688389.6	7465133.0	63.8	0.0	36.2	Urban
688389.6	7465333.0	70.5	0.0	29.5	Urban
688389.6	7465533.0	72.6	0.0	27.4	Urban
688389.6	7465733.0	68.7	0.0	31.3	Urban
688389.6	7465933.0	20.8	70.7	8.5	Urban
688389.6	7466133.0	0.0	100.0	0.0	Water
688389.6	7466333.0	0.0	100.0	0.0	Water
688389.6	7466533.0	0.0	100.0	0.0	Water
688389.6	7466733.0	0.0	100.0	0.0	Water
688389.6	7466933.0	0.0	100.0	0.0	Water
688389.6	7467133.0	0.0	100.0	0.0	Water
688389.6	7467333.0	0.0	100.0	0.0	Water
688389.6	7467533.0	0.0	100.0	0.0	Water
688389.6	7467733.0	0.0	100.0	0.0	Water
688389.6	7467933.0	0.0	100.0	0.0	Water
688389.6	7468133.0	0.0	100.0	0.0	Water
688389.6	7468333.0	0.0	100.0	0.0	Water
688389.6	7468533.0	0.0	100.0	0.0	Water
688389.6	7468733.0	0.0	100.0	0.0	Water
688389.6	7468933.0	0.0	100.0	0.0	Water
688389.6	7469133.0	0.0	100.0	0.0	Water
688389.6	7469333.0	0.0	100.0	0.0	Water
688389.6	7469533.0	0.0	100.0	0.0	Water
688389.6	7469733.0	2.7	97.3	0.0	Water
688389.6	7469933.0	0.0	100.0	0.0	Water
688389.6	7470133.0	0.0	100.0	0.0	Water
688389.6	7470333.0	0.0	100.0	0.0	Water
688389.6	7470533.0	0.0	100.0	0.0	Water
688389.6	7470733.0	0.0	100.0	0.0	Water
688389.6	7470933.0	0.0	100.0	0.0	Water
688389.6	7471133.0	0.0	100.0	0.0	Water
688389.6	7471333.0	0.0	100.0	0.0	Water
688389.6	7471533.0	0.0	100.0	0.0	Water
688389.6	7471733.0	0.0	100.0	0.0	Water
688589.6	7451933.0	0.0	100.0	0.0	Water
688589.6	7452133.0	0.0	100.0	0.0	Water
688589.6	7452333.0	0.0	100.0	0.0	Water
688589.6	7452533.0	0.0	100.0	0.0	Water
688589.6	7452733.0	0.0	100.0	0.0	Water
688589.6	7452933.0	0.0	100.0	0.0	Water
688589.6	7453133.0	0.0	100.0	0.0	Water
688589.6	7453333.0	0.0	100.0	0.0	Water
688589.6	7453533.0	0.0	100.0	0.0	Water
688589.6	7453733.0	0.0	100.0	0.0	Water
688589.6	7453933.0	0.0	100.0	0.0	Water
688589.6	7454133.0	0.0	100.0	0.0	Water
688589.6	7454333.0	0.0	100.0	0.0	Water
688589.6	7454533.0	0.0	100.0	0.0	Water
688589.6	7454733.0	0.0	100.0	0.0	Water
688589.6	7454933.0	0.0	100.0	0.0	Water
688589.6	7455133.0	0.0	100.0	0.0	Water
688589.6	7455333.0	0.0	100.0	0.0	Water
688589.6	7455533.0	0.0	100.0	0.0	Water
688589.6	7455733.0	0.0	100.0	0.0	Water
688589.6	7455933.0	0.0	100.0	0.0	Water
688589.6	7456133.0	0.0	100.0	0.0	Water
688589.6	7456333.0	0.0	100.0	0.0	Water
688589.6	7456533.0	0.0	100.0	0.0	Water
688589.6	7456733.0	0.0	100.0	0.0	Water
688589.6	7456933.0	0.0	100.0	0.0	Water
688589.6	7457133.0	0.0	100.0	0.0	Water
688589.6	7457333.0	0.0	100.0	0.0	Water
688589.6	7457533.0	0.0	100.0	0.0	Water
688589.6	7457733.0	0.0	100.0	0.0	Water
688589.6	7457933.0	0.0	100.0	0.0	Water
688589.6	7458133.0	0.0	100.0	0.0	Water
688589.6	7458333.0	0.0	100.0	0.0	Water
688589.6	7458533.0	0.0	100.0	0.0	Water
688589.6	7458733.0	0.0	100.0	0.0	Water
688589.6	7458933.0	0.0	100.0	0.0	Water
688589.6	7459133.0	0.0	76.3	23.7	Water
688589.6	7459333.0	0.0	0.4	99.6	Other
688589.6	7459533.0	0.0	29.0	71.0	Other
688589.6	7459733.0	0.4	26.6	73.0	Other
688589.6	7459933.0	0.0	23.4	76.6	Other
688589.6	7460133.0	0.0	100.0	0.0	Water
688589.6	7460333.0	0.0	100.0	0.0	Water
688589.6	7460533.0	0.0	31.0	69.0	Other
688589.6	7460733.0	0.0	0.0	100.0	Other
688589.6	7460933.0	0.0	0.0	100.0	Other
688589.6	7461133.0	17.6	0.0	82.4	Other
688589.6	7461333.0	72.9	0.0	27.1	Urban
688589.6	7461533.0	60.0	36.6	3.4	Urban
688589.6	7461733.0	0.0	100.0	0.0	Water
688589.6	7461933.0	0.0	100.0	0.0	Water
688589.6	7462133.0	0.0	100.0	0.0	Water
688589.6	7462333.0	0.0	100.0	0.0	Water
688589.6	7462533.0	0.0	100.0	0.0	Water
688589.6	7462733.0	0.0	100.0	0.0	Water
688589.6	7462933.0	0.0	100.0	0.0	Water
688589.6	7463133.0	0.0	100.0	0.0	Water
688589.6	7463333.0	0.0	100.0	0.0	Water
688589.6	7463533.0	0.0	100.0	0.0	Water
688589.6	7463733.0	0.0	100.0	0.0	Water
688589.6	7463933.0	0.0	100.0	0.0	Water
688589.6	7464133.0	0.0	100.0	0.0	Water
688589.6	7464333.0	0.0	100.0	0.0	Water
688589.6	7464533.0	36.1	54.5	9.4	Urban
688589.6	7464733.0	61.8	19.4	18.8	Urban
688589.6	7464933.0	24.1	31.3	44.6	Urban
688589.6	7465133.0	4.2	45.7	50.2	Other
688589.6	7465333.0	2.2	46.7	51.1	Other
688589.6	7465533.0	6.2	52.2	41.7	Water
688589.6	7465733.0	2.2	60.5	37.3	Water
688589.6	7465933.0	0.0	95.5	4.5	Water
688589.6	7466133.0	0.0	100.0	0.0	Water
688589.6	7466333.0	0.0	100.0	0.0	Water
688589.6	7466533.0	0.0	100.0	0.0	Water
688589.6	7466733.0	0.0	100.0	0.0	Water
688589.6	7466933.0	0.0	100.0	0.0	Water
688589.6	7467133.0	0.0	100.0	0.0	Water
688589.6	7467333.0	0.0	100.0	0.0	Water
688589.6	7467533.0	0.0	100.0	0.0	Water
688589.6	7467733.0	0.0	100.0	0.0	Water
688589.6	7467933.0	0.0	100.0	0.0	Water
688589.6	7468133.0	0.0	100.0	0.0	Water
688589.6	7468333.0	0.0	100.0	0.0	Water
688589.6	7468533.0	0.0	100.0	0.0	Water
688589.6	7468733.0	0.0	100.0	0.0	Water
688589.6	7468933.0	0.0	100.0	0.0	Water
688589.6	7469133.0	0.0	100.0	0.0	Water
688589.6	7469333.0	0.0	100.0	0.0	Water
688589.6	7469533.0	3.3	96.7	0.0	Water
688589.6	7469733.0	1.8	98.2	0.0	Water
688589.6	7469933.0	0.0	100.0	0.0	Water
688589.6	7470133.0	0.0	100.0	0.0	Water
688589.6	7470333.0	0.0	100.0	0.0	Water
688589.6	7470533.0	0.0	100.0	0.0	Water
688589.6	7470733.0	0.0	100.0	0.0	Water
688589.6	7470933.0	0.0	100.0	0.0	Water
688589.6	7471133.0	0.0	100.0	0.0	Water
688589.6	7471333.0	0.0	100.0	0.0	Water
688589.6	7471533.0	0.0	100.0	0.0	Water
688589.6	7471733.0	0.0	100.0	0.0	Water
688789.6	7451933.0	0.0	100.0	0.0	Water
688789.6	7452133.0	0.0	100.0	0.0	Water
688789.6	7452333.0	0.0	100.0	0.0	Water
688789.6	7452533.0	0.0	100.0	0.0	Water
688789.6	7452733.0	0.0	100.0	0.0	Water
688789.6	7452933.0	0.0	100.0	0.0	Water
688789.6	7453133.0	0.0	100.0	0.0	Water
688789.6	7453333.0	0.0	100.0	0.0	Water
688789.6	7453533.0	0.0	100.0	0.0	Water
688789.6	7453733.0	0.0	100.0	0.0	Water
688789.6	7453933.0	0.0	100.0	0.0	Water
688789.6	7454133.0	0.0	100.0	0.0	Water
688789.6	7454333.0	0.0	100.0	0.0	Water
688789.6	7454533.0	0.0	100.0	0.0	Water
688789.6	7454733.0	0.0	100.0	0.0	Water
688789.6	7454933.0	0.0	100.0	0.0	Water
688789.6	7455133.0	0.0	100.0	0.0	Water
688789.6	7455333.0	0.0	100.0	0.0	Water
688789.6	7455533.0	0.0	100.0	0.0	Water
688789.6	7455733.0	0.0	100.0	0.0	Water
688789.6	7455933.0	0.0	100.0	0.0	Water
688789.6	7456133.0	0.0	100.0	0.0	Water
688789.6	7456333.0	0.0	100.0	0.0	Water
688789.6	7456533.0	0.0	100.0	0.0	Water
688789.6	7456733.0	0.0	100.0	0.0	Water
688789.6	7456933.0	0.0	100.0	0.0	Water
688789.6	7457133.0	0.0	100.0	0.0	Water
688789.6	7457333.0	0.0	100.0	0.0	Water
688789.6	7457533.0	0.0	100.0	0.0	Water
688789.6	7457733.0	0.0	100.0	0.0	Water
688789.6	7457933.0	0.0	100.0	0.0	Water
688789.6	7458133.0	0.0	100.0	0.0	Water
688789.6	7458333.0	0.0	100.0	0.0	Water
688789.6	7458533.0	0.0	100.0	0.0	Water
688789.6	7458733.0	0.0	100.0	0.0	Water
688789.6	7458933.0	0.0	100.0	0.0	Water
688789.6	7459133.0	0.0	100.0	0.0	Water
688789.6	7459333.0	0.4	74.5	25.2	Water
688789.6	7459533.0	0.2	95.7	4.2	Water
688789.6	7459733.0	0.7	98.9	0.4	Water
688789.6	7459933.0	0.4	96.9	2.7	Water
688789.6	7460133.0	0.0	100.0	0.0	Water
688789.6	7460333.0	0.0	100.0	0.0	Water
688789.6	7460533.0	0.0	26.3	73.7	Other
688789.6	7460733.0	0.0	0.0	100.0	Other
688789.6	7460933.0	0.0	0.0	100.0	Other
688789.6	7461133.0	0.0	0.0	100.0	Other
688789.6	7461333.0	20.7	0.0	79.3	Urban
688789.6	7461533.0	38.6	45.3	16.1	Urban
688789.6	7461733.0	0.0	100.0	0.0	Water
688789.6	7461933.0	0.0	100.0	0.0	Water
688789.6	7462133.0	0.0	100.0	0.0	Water
688789.6	7462333.0	0.0	100.0	0.0	Water
688789.6	7462533.0	0.0	100.0	0.0	Water
688789.6	7462733.0	0.0	100.0	0.0	Water
688789.6	7462933.0	0.0	100.0	0.0	Water
688789.6	7463133.0	0.0	100.0	0.0	Water
688789.6	7463333.0	0.0	100.0	0.0	Water
688789.6	7463533.0	0.0	100.0	0.0	Water
688789.6	7463733.0	0.0	100.0	0.0	Water
688789.6	7463933.0	0.0	100.0	0.0	Water
688789.6	7464133.0	0.0	100.0	0.0	Water
688789.6	7464333.0	0.0	100.0	0.0	Water
688789.6	7464533.0	1.3	97.7	0.9	Water
688789.6	7464733.0	37.3	48.6	14.1	Urban
688789.6	7464933.0	60.3	30.1	9.6	Urban
688789.6	7465133.0	0.0	100.0	0.0	Water
688789.6	7465333.0	0.0	100.0	0.0	Water
688789.6	7465533.0	0.0	100.0	0.0	Water
688789.6	7465733.0	0.0	100.0	0.0	Water
688789.6	7465933.0	0.0	100.0	0.0	Water
688789.6	7466133.0	0.0	100.0	0.0	Water
688789.6	7466333.0	0.0	100.0	0.0	Water
688789.6	7466533.0	0.0	100.0	0.0	Water
688789.6	7466733.0	0.0	100.0	0.0	Water
688789.6	7466933.0	0.0	100.0	0.0	Water
688789.6	7467133.0	0.0	100.0	0.0	Water
688789.6	7467333.0	0.0	100.0	0.0	Water
688789.6	7467533.0	0.0	100.0	0.0	Water
688789.6	7467733.0	0.0	100.0	0.0	Water
688789.6	7467933.0	0.0	100.0	0.0	Water
688789.6	7468133.0	0.0	100.0	0.0	Water
688789.6	7468333.0	0.0	100.0	0.0	Water
688789.6	7468533.0	0.0	100.0	0.0	Water
688789.6	7468733.0	0.0	100.0	0.0	Water
688789.6	7468933.0	0.0	100.0	0.0	Water
688789.6	7469133.0	0.0	100.0	0.0	Water
688789.6	7469333.0	0.0	100.0	0.0	Water
688789.6	7469533.0	2.0	98.0	0.0	Water
688789.6	7469733.0	0.0	100.0	0.0	Water
688789.6	7469933.0	0.0	100.0	0.0	Water
688789.6	7470133.0	0.0	100.0	0.0	Water
688789.6	7470333.0	0.0	100.0	0.0	Water
688789.6	7470533.0	0.0	100.0	0.0	Water
688789.6	7470733.0	0.0	100.0	0.0	Water
688789.6	7470933.0	0.0	100.0	0.0	Water
688789.6	7471133.0	0.0	100.0	0.0	Water
688789.6	7471333.0	0.0	100.0	0.0	Water
688789.6	7471533.0	0.0	100.0	0.0	Water
688789.6	7471733.0	0.0	100.0	0.0	Water
688989.6	7451933.0	0.0	100.0	0.0	Water
688989.6	7452133.0	0.0	100.0	0.0	Water
688989.6	7452333.0	0.0	100.0	0.0	Water
688989.6	7452533.0	0.0	100.0	0.0	Water
688989.6	7452733.0	0.0	100.0	0.0	Water
688989.6	7452933.0	0.0	100.0	0.0	Water
688989.6	7453133.0	0.0	100.0	0.0	Water
688989.6	7453333.0	0.0	100.0	0.0	Water
688989.6	7453533.0	0.0	100.0	0.0	Water
688989.6	7453733.0	0.0	100.0	0.0	Water
688989.6	7453933.0	0.0	100.0	0.0	Water
688989.6	7454133.0	0.0	100.0	0.0	Water
688989.6	7454333.0	0.0	100.0	0.0	Water
688989.6	7454533.0	0.0	100.0	0.0	Water
688989.6	7454733.0	0.0	100.0	0.0	Water
688989.6	7454933.0	0.0	100.0	0.0	Water
688989.6	7455133.0	0.0	100.0	0.0	Water
688989.6	7455333.0	0.0	100.0	0.0	Water
688989.6	7455533.0	0.0	100.0	0.0	Water
688989.6	7455733.0	0.0	100.0	0.0	Water
688989.6	7455933.0	0.0	100.0	0.0	Water
688989.6	7456133.0	0.0	100.0	0.0	Water
688989.6	7456333.0	0.0	100.0	0.0	Water
688989.6	7456533.0	0.0	100.0	0.0	Water
688989.6	7456733.0	0.0	100.0	0.0	Water
688989.6	7456933.0	0.0	100.0	0.0	Water
688989.6	7457133.0	0.0	100.0	0.0	Water
688989.6	7457333.0	0.0	100.0	0.0	Water
688989.6	7457533.0	0.0	100.0	0.0	Water
688989.6	7457733.0	0.0	100.0	0.0	Water
688989.6	7457933.0	0.0	100.0	0.0	Water
688989.6	7458133.0	0.0	100.0	0.0	Water
688989.6	7458333.0	0.0	100.0	0.0	Water
688989.6	7458533.0	0.0	100.0	0.0	Water
688989.6	7458733.0	0.0	100.0	0.0	Water
688989.6	7458933.0	0.0	100.0	0.0	Water
688989.6	7459133.0	0.0	100.0	0.0	Water
688989.6	7459333.0	0.0	100.0	0.0	Water
688989.6	7459533.0	0.0	100.0	0.0	Water
688989.6	7459733.0	0.0	100.0	0.0	Water
688989.6	7459933.0	0.0	100.0	0.0	Water
688989.6	7460133.0	0.0	100.0	0.0	Water
688989.6	7460333.0	0.0	100.0	0.0	Water
688989.6	7460533.0	1.8	32.8	65.4	Other
688989.6	7460733.0	0.0	0.4	99.6	Other
688989.6	7460933.0	3.1	2.2	94.7	Other
688989.6	7461133.0	13.4	0.0	86.6	Other
688989.6	7461333.0	66.5	0.0	33.5	Urban
688989.6	7461533.0	54.9	6.2	38.9	Urban
688989.6	7461733.0	11.8	17.0	71.1	Other
688989.6	7461933.0	0.7	89.7	9.6	Water
688989.6	7462133.0	0.0	100.0	0.0	Water
688989.6	7462333.0	0.0	100.0	0.0	Water
688989.6	7462533.0	0.0	100.0	0.0	Water
688989.6	7462733.0	0.0	100.0	0.0	Water
688989.6	7462933.0	0.0	100.0	0.0	Water
688989.6	7463133.0	0.0	100.0	0.0	Water
688989.6	7463333.0	0.0	100.0	0.0	Water
688989.6	7463533.0	0.0	100.0	0.0	Water
688989.6	7463733.0	0.0	100.0	0.0	Water
688989.6	7463933.0	0.0	100.0	0.0	Water
688989.6	7464133.0	0.0	100.0	0.0	Water
688989.6	7464333.0	0.0	100.0	0.0	Water
688989.6	7464533.0	0.0	100.0	0.0	Water
688989.6	7464733.0	0.0	100.0	0.0	Water
688989.6	7464933.0	4.9	93.3	1.8	Water
688989.6	7465133.0	0.0	100.0	0.0	Water
688989.6	7465333.0	0.0	100.0	0.0	Water
688989.6	7465533.0	0.0	100.0	0.0	Water
688989.6	7465733.0	0.0	100.0	0.0	Water
688989.6	7465933.0	0.0	100.0	0.0	Water
688989.6	7466133.0	0.0	100.0	0.0	Water
688989.6	7466333.0	0.0	100.0	0.0	Water
688989.6	7466533.0	0.0	100.0	0.0	Water
688989.6	7466733.0	0.0	100.0	0.0	Water
688989.6	7466933.0	0.0	100.0	0.0	Water
688989.6	7467133.0	0.0	100.0	0.0	Water
688989.6	7467333.0	0.0	100.0	0.0	Water
688989.6	7467533.0	0.0	100.0	0.0	Water
688989.6	7467733.0	0.0	100.0	0.0	Water
688989.6	7467933.0	0.0	100.0	0.0	Water
688989.6	7468133.0	0.0	100.0	0.0	Water
688989.6	7468333.0	0.0	100.0	0.0	Water
688989.6	7468533.0	0.0	100.0	0.0	Water
688989.6	7468733.0	0.0	100.0	0.0	Water
688989.6	7468933.0	0.0	100.0	0.0	Water
688989.6	7469133.0	0.0	100.0	0.0	Water
688989.6	7469333.0	0.0	100.0	0.0	Water
688989.6	7469533.0	6.2	93.8	0.0	Water
688989.6	7469733.0	0.0	100.0	0.0	Water
688989.6	7469933.0	0.0	100.0	0.0	Water
688989.6	7470133.0	0.0	100.0	0.0	Water
688989.6	7470333.0	0.0	100.0	0.0	Water
688989.6	7470533.0	0.0	100.0	0.0	Water
688989.6	7470733.0	0.0	100.0	0.0	Water
688989.6	7470933.0	0.0	100.0	0.0	Water
688989.6	7471133.0	0.0	100.0	0.0	Water
688989.6	7471333.0	0.0	100.0	0.0	Water
688989.6	7471533.0	0.0	100.0	0.0	Water
688989.6	7471733.0	0.0	100.0	0.0	Water
689189.6	7451933.0	0.0	100.0	0.0	Water
689189.6	7452133.0	0.0	100.0	0.0	Water
689189.6	7452333.0	0.0	100.0	0.0	Water
689189.6	7452533.0	0.0	100.0	0.0	Water
689189.6	7452733.0	0.0	100.0	0.0	Water
689189.6	7452933.0	0.0	100.0	0.0	Water
689189.6	7453133.0	0.0	100.0	0.0	Water
689189.6	7453333.0	0.0	100.0	0.0	Water
689189.6	7453533.0	0.0	100.0	0.0	Water
689189.6	7453733.0	0.0	100.0	0.0	Water
689189.6	7453933.0	0.0	100.0	0.0	Water
689189.6	7454133.0	0.0	100.0	0.0	Water
689189.6	7454333.0	0.0	100.0	0.0	Water
689189.6	7454533.0	0.0	100.0	0.0	Water
689189.6	7454733.0	0.0	100.0	0.0	Water
689189.6	7454933.0	0.0	100.0	0.0	Water
689189.6	7455133.0	0.0	100.0	0.0	Water
689189.6	7455333.0	0.0	100.0	0.0	Water
689189.6	7455533.0	0.0	100.0	0.0	Water
689189.6	7455733.0	0.0	100.0	0.0	Water
689189.6	7455933.0	0.0	100.0	0.0	Water
689189.6	7456133.0	0.0	100.0	0.0	Water
689189.6	7456333.0	0.0	100.0	0.0	Water
689189.6	7456533.0	0.0	100.0	0.0	Water
689189.6	7456733.0	0.0	100.0	0.0	Water
689189.6	7456933.0	0.0	100.0	0.0	Water
689189.6	7457133.0	0.0	100.0	0.0	Water
689189.6	7457333.0	0.0	100.0	0.0	Water
689189.6	7457533.0	0.0	100.0	0.0	Water
689189.6	7457733.0	0.0	100.0	0.0	Water
689189.6	7457933.0	0.0	100.0	0.0	Water
689189.6	7458133.0	0.0	100.0	0.0	Water
689189.6	7458333.0	0.0	100.0	0.0	Water
689189.6	7458533.0	0.0	100.0	0.0	Water
689189.6	7458733.0	0.0	100.0	0.0	Water
689189.6	7458933.0	0.0	100.0	0.0	Water
689189.6	7459133.0	0.0	100.0	0.0	Water
689189.6	7459333.0	0.0	100.0	0.0	Water
689189.6	7459533.0	0.0	100.0	0.0	Water
689189.6	7459733.0	0.0	100.0	0.0	Water
689189.6	7459933.0	0.0	100.0	0.0	Water
689189.6	7460133.0	0.0	100.0	0.0	Water
689189.6	7460333.0	0.0	100.0	0.0	Water
689189.6	7460533.0	0.0	68.7	31.3	Water
689189.6	7460733.0	0.0	0.0	100.0	Other
689189.6	7460933.0	0.0	0.0	100.0	Other
689189.6	7461133.0	11.6	39.7	48.7	Other
689189.6	7461333.0	8.5	76.8	14.7	Water
689189.6	7461533.0	4.2	87.0	8.9	Water
689189.6	7461733.0	5.1	19.0	75.9	Other
689189.6	7461933.0	0.4	34.2	65.4	Other
689189.6	7462133.0	0.0	100.0	0.0	Water
689189.6	7462333.0	0.0	100.0	0.0	Water
689189.6	7462533.0	0.0	100.0	0.0	Water
689189.6	7462733.0	0.0	100.0	0.0	Water
689189.6	7462933.0	0.0	100.0	0.0	Water
689189.6	7463133.0	0.0	100.0	0.0	Water
689189.6	7463333.0	0.0	100.0	0.0	Water
689189.6	7463533.0	0.0	100.0	0.0	Water
689189.6	7463733.0	0.0	100.0	0.0	Water
689189.6	7463933.0	0.0	100.0	0.0	Water
689189.6	7464133.0	0.0	100.0	0.0	Water
689189.6	7464333.0	0.0	100.0	0.0	Water
689189.6	7464533.0	0.0	100.0	0.0	Water
689189.6	7464733.0	0.0	100.0	0.0	Water
689189.6	7464933.0	0.0	100.0	0.0	Water
689189.6	7465133.0	0.0	100.0	0.0	Water
689189.6	7465333.0	0.0	100.0	0.0	Water
689189.6	7465533.0	0.0	100.0	0.0	Water
689189.6	7465733.0	0.0	100.0	0.0	Water
689189.6	7465933.0	0.0	100.0	0.0	Water
689189.6	7466133.0	0.0	100.0	0.0	Water
689189.6	7466333.0	0.0	100.0	0.0	Water
689189.6	7466533.0	0.0	100.0	0.0	Water
689189.6	7466733.0	0.0	100.0	0.0	Water
689189.6	7466933.0	0.0	100.0	0.0	Water
689189.6	7467133.0	0.0	100.0	0.0	Water
689189.6	7467333.0	0.0	100.0	0.0	Water
689189.6	7467533.0	0.0	100.0	0.0	Water
689189.6	7467733.0	0.0	100.0	0.0	Water
689189.6	7467933.0	0.0	100.0	0.0	Water
689189.6	7468133.0	0.0	100.0	0.0	Water
689189.6	7468333.0	0.0	100.0	0.0	Water
689189.6	7468533.0	0.0	100.0	0.0	Water
689189.6	7468733.0	0.0	100.0	0.0	Water
689189.6	7468933.0	0.0	100.0	0.0	Water
689189.6	7469133.0	0.0	100.0	0.0	Water
689189.6	7469333.0	0.0	100.0	0.0	Water
689189.6	7469533.0	4.2	95.8	0.0	Water
689189.6	7469733.0	0.0	100.0	0.0	Water
689189.6	7469933.0	0.0	100.0	0.0	Water
689189.6	7470133.0	0.0	100.0	0.0	Water
689189.6	7470333.0	0.0	100.0	0.0	Water
689189.6	7470533.0	0.0	100.0	0.0	Water
689189.6	7470733.0	0.0	100.0	0.0	Water
689189.6	7470933.0	0.0	100.0	0.0	Water
689189.6	7471133.0	0.0	100.0	0.0	Water
689189.6	7471333.0	0.0	100.0	0.0	Water
689189.6	7471533.0	0.0	100.0	0.0	Water
689189.6	7471733.0	0.0	100.0	0.0	Water
689389.6	7451933.0	0.0	100.0	0.0	Water
689389.6	7452133.0	0.0	100.0	0.0	Water
689389.6	7452333.0	0.0	100.0	0.0	Water
689389.6	7452533.0	0.0	100.0	0.0	Water
689389.6	7452733.0	0.0	100.0	0.0	Water
689389.6	7452933.0	0.0	100.0	0.0	Water
689389.6	7453133.0	0.0	100.0	0.0	Water
689389.6	7453333.0	0.0	100.0	0.0	Water
689389.6	7453533.0	0.0	100.0	0.0	Water
689389.6	7453733.0	0.0	100.0	0.0	Water
689389.6	7453933.0	0.0	100.0	0.0	Water
689389.6	7454133.0	0.0	100.0	0.0	Water
689389.6	7454333.0	0.0	100.0	0.0	Water
689389.6	7454533.0	0.0	100.0	0.0	Water
689389.6	7454733.0	0.0	100.0	0.0	Water
689389.6	7454933.0	0.0	100.0	0.0	Water
689389.6	7455133.0	0.0	100.0	0.0	Water
689389.6	7455333.0	0.0	100.0	0.0	Water
689389.6	7455533.0	0.0	100.0	0.0	Water
689389.6	7455733.0	0.0	100.0	0.0	Water
689389.6	7455933.0	0.0	100.0	0.0	Water
689389.6	7456133.0	0.0	100.0	0.0	Water
689389.6	7456333.0	0.0	100.0	0.0	Water
689389.6	7456533.0	0.0	100.0	0.0	Water
689389.6	7456733.0	0.0	100.0	0.0	Water
689389.6	7456933.0	0.0	100.0	0.0	Water
689389.6	7457133.0	0.0	100.0	0.0	Water
689389.6	7457333.0	0.0	100.0	0.0	Water
689389.6	7457533.0	0.0	100.0	0.0	Water
689389.6	7457733.0	0.0	100.0	0.0	Water
689389.6	7457933.0	0.0	100.0	0.0	Water
689389.6	7458133.0	0.0	100.0	0.0	Water
689389.6	7458333.0	0.0	100.0	0.0	Water
689389.6	7458533.0	0.0	100.0	0.0	Water
689389.6	7458733.0	0.0	100.0	0.0	Water
689389.6	7458933.0	0.0	100.0	0.0	Water
689389.6	7459133.0	0.0	100.0	0.0	Water
689389.6	7459333.0	0.0	100.0	0.0	Water
689389.6	7459533.0	0.0	100.0	0.0	Water
689389.6	7459733.0	0.0	100.0	0.0	Water
689389.6	7459933.0	0.0	100.0	0.0	Water
689389.6	7460133.0	0.0	100.0	0.0	Water
689389.6	7460333.0	0.0	100.0	0.0	Water
689389.6	7460533.0	0.0	98.6	1.4	Water
689389.6	7460733.0	0.0	12.5	87.5	Other
689389.6	7460933.0	0.9	1.1	98.0	Other
689389.6	7461133.0	0.0	88.8	11.2	Water
689389.6	7461333.0	0.0	100.0	0.0	Water
689389.6	7461533.0	0.0	100.0	0.0	Water
689389.6	7461733.0	1.3	47.1	51.6	Other
689389.6	7461933.0	1.6	0.7	97.6	Other
689389.6	7462133.0	0.9	86.4	12.7	Water
689389.6	7462333.0	0.0	100.0	0.0	Water
689389.6	7462533.0	0.0	100.0	0.0	Water
689389.6	7462733.0	0.0	100.0	0.0	Water
689389.6	7462933.0	0.0	100.0	0.0	Water
689389.6	7463133.0	0.0	100.0	0.0	Water
689389.6	7463333.0	0.0	100.0	0.0	Water
689389.6	7463533.0	0.0	100.0	0.0	Water
689389.6	7463733.0	0.0	100.0	0.0	Water
689389.6	7463933.0	0.0	100.0	0.0	Water
689389.6	7464133.0	0.0	100.0	0.0	Water
689389.6	7464333.0	0.0	100.0	0.0	Water
689389.6	7464533.0	0.0	100.0	0.0	Water
689389.6	7464733.0	0.0	100.0	0.0	Water
689389.6	7464933.0	0.0	100.0	0.0	Water
689389.6	7465133.0	0.0	100.0	0.0	Water
689389.6	7465333.0	0.0	100.0	0.0	Water
689389.6	7465533.0	0.0	100.0	0.0	Water
689389.6	7465733.0	0.0	100.0	0.0	Water
689389.6	7465933.0	0.0	100.0	0.0	Water
689389.6	7466133.0	0.0	100.0	0.0	Water
689389.6	7466333.0	0.0	100.0	0.0	Water
689389.6	7466533.0	0.0	100.0	0.0	Water
689389.6	7466733.0	0.0	100.0	0.0	Water
689389.6	7466933.0	0.0	100.0	0.0	Water
689389.6	7467133.0	0.0	100.0	0.0	Water
689389.6	7467333.0	0.0	100.0	0.0	Water
689389.6	7467533.0	0.0	100.0	0.0	Water
689389.6	7467733.0	0.0	100.0	0.0	Water
689389.6	7467933.0	0.0	100.0	0.0	Water
689389.6	7468133.0	0.0	100.0	0.0	Water
689389.6	7468333.0	0.0	100.0	0.0	Water
689389.6	7468533.0	0.0	100.0	0.0	Water
689389.6	7468733.0	0.0	100.0	0.0	Water
689389.6	7468933.0	0.0	100.0	0.0	Water
689389.6	7469133.0	0.0	100.0	0.0	Water
689389.6	7469333.0	0.0	100.0	0.0	Water
689389.6	7469533.0	6.0	94.0	0.0	Water
689389.6	7469733.0	0.0	100.0	0.0	Water
689389.6	7469933.0	0.0	100.0	0.0	Water
689389.6	7470133.0	0.0	100.0	0.0	Water
689389.6	7470333.0	0.0	100.0	0.0	Water
689389.6	7470533.0	0.0	100.0	0.0	Water
689389.6	7470733.0	0.0	100.0	0.0	Water
689389.6	7470933.0	0.0	100.0	0.0	Water
689389.6	7471133.0	0.0	100.0	0.0	Water
689389.6	7471333.0	0.0	100.0	0.0	Water
689389.6	7471533.0	0.0	100.0	0.0	Water
689389.6	7471733.0	0.0	100.0	0.0	Water
689589.6	7451933.0	0.0	100.0	0.0	Water
689589.6	7452133.0	0.0	100.0	0.0	Water
689589.6	7452333.0	0.0	100.0	0.0	Water
689589.6	7452533.0	0.0	100.0	0.0	Water
689589.6	7452733.0	0.0	100.0	0.0	Water
689589.6	7452933.0	0.0	100.0	0.0	Water
689589.6	7453133.0	0.0	100.0	0.0	Water
689589.6	7453333.0	0.0	100.0	0.0	Water
689589.6	7453533.0	0.0	100.0	0.0	Water
689589.6	7453733.0	0.0	100.0	0.0	Water
689589.6	7453933.0	0.0	100.0	0.0	Water
689589.6	7454133.0	0.0	100.0	0.0	Water
689589.6	7454333.0	0.0	100.0	0.0	Water
689589.6	7454533.0	0.0	100.0	0.0	Water
689589.6	7454733.0	0.0	100.0	0.0	Water
689589.6	7454933.0	0.0	100.0	0.0	Water
689589.6	7455133.0	0.0	100.0	0.0	Water
689589.6	7455333.0	0.0	100.0	0.0	Water
689589.6	7455533.0	0.0	100.0	0.0	Water
689589.6	7455733.0	0.0	100.0	0.0	Water
689589.6	7455933.0	0.0	100.0	0.0	Water
689589.6	7456133.0	0.0	100.0	0.0	Water
689589.6	7456333.0	0.0	100.0	0.0	Water
689589.6	7456533.0	0.0	100.0	0.0	Water
689589.6	7456733.0	0.0	100.0	0.0	Water
689589.6	7456933.0	0.0	100.0	0.0	Water
689589.6	7457133.0	0.0	100.0	0.0	Water
689589.6	7457333.0	0.0	100.0	0.0	Water
689589.6	7457533.0	0.0	100.0	0.0	Water
689589.6	7457733.0	0.0	100.0	0.0	Water
689589.6	7457933.0	0.0	100.0	0.0	Water
689589.6	7458133.0	0.0	100.0	0.0	Water
689589.6	7458333.0	0.0	100.0	0.0	Water
689589.6	7458533.0	0.0	100.0	0.0	Water
689589.6	7458733.0	0.0	100.0	0.0	Water
689589.6	7458933.0	2.2	91.3	6.5	Water
689589.6	7459133.0	0.5	81.6	17.8	Water
689589.6	7459333.0	0.0	57.2	42.8	Water
689589.6	7459533.0	0.0	98.6	1.4	Water
689589.6	7459733.0	0.0	100.0	0.0	Water
689589.6	7459933.0	0.0	100.0	0.0	Water
689589.6	7460133.0	0.0	100.0	0.0	Water
689589.6	7460333.0	0.0	100.0	0.0	Water
689589.6	7460533.0	0.0	100.0	0.0	Water
689589.6	7460733.0	0.5	47.8	51.6	Other
689589.6	7460933.0	0.6	69.1	30.3	Water
689589.6	7461133.0	0.0	100.0	0.0	Water
689589.6	7461333.0	0.0	100.0	0.0	Water
689589.6	7461533.0	0.0	100.0	0.0	Water
689589.6	7461733.0	4.2	91.5	4.3	Water
689589.6	7461933.0	15.2	71.2	13.6	Water
689589.6	7462133.0	3.6	95.1	1.3	Water
689589.6	7462333.0	0.0	100.0	0.0	Water
689589.6	7462533.0	0.0	100.0	0.0	Water
689589.6	7462733.0	0.0	100.0	0.0	Water
689589.6	7462933.0	0.0	100.0	0.0	Water
689589.6	7463133.0	0.0	100.0	0.0	Water
689589.6	7463333.0	0.0	100.0	0.0	Water
689589.6	7463533.0	0.0	100.0	0.0	Water
689589.6	7463733.0	0.0	100.0	0.0	Water
689589.6	7463933.0	0.0	100.0	0.0	Water
689589.6	7464133.0	0.0	100.0	0.0	Water
689589.6	7464333.0	0.0	100.0	0.0	Water
689589.6	7464533.0	0.0	100.0	0.0	Water
689589.6	7464733.0	0.0	100.0	0.0	Water
689589.6	7464933.0	0.0	100.0	0.0	Water
689589.6	7465133.0	0.0	100.0	0.0	Water
689589.6	7465333.0	0.0	100.0	0.0	Water
689589.6	7465533.0	0.0	100.0	0.0	Water
689589.6	7465733.0	0.0	100.0	0.0	Water
689589.6	7465933.0	0.0	100.0	0.0	Water
689589.6	7466133.0	0.0	100.0	0.0	Water
689589.6	7466333.0	0.0	100.0	0.0	Water
689589.6	7466533.0	0.0	100.0	0.0	Water
689589.6	7466733.0	0.0	100.0	0.0	Water
689589.6	7466933.0	0.0	100.0	0.0	Water
689589.6	7467133.0	0.0	100.0	0.0	Water
689589.6	7467333.0	0.0	100.0	0.0	Water
689589.6	7467533.0	0.0	100.0	0.0	Water
689589.6	7467733.0	0.0	100.0	0.0	Water
689589.6	7467933.0	0.0	100.0	0.0	Water
689589.6	7468133.0	0.0	100.0	0.0	Water
689589.6	7468333.0	0.0	100.0	0.0	Water
689589.6	7468533.0	0.0	100.0	0.0	Water
689589.6	7468733.0	0.0	100.0	0.0	Water
689589.6	7468933.0	0.0	100.0	0.0	Water
689589.6	7469133.0	0.0	100.0	0.0	Water
689589.6	7469333.0	0.0	100.0	0.0	Water
689589.6	7469533.0	2.9	97.1	0.0	Water
689589.6	7469733.0	0.0	100.0	0.0	Water
689589.6	7469933.0	0.0	100.0	0.0	Water
689589.6	7470133.0	0.0	100.0	0.0	Water
689589.6	7470333.0	0.0	100.0	0.0	Water
689589.6	7470533.0	0.0	100.0	0.0	Water
689589.6	7470733.0	0.0	100.0	0.0	Water
689589.6	7470933.0	0.0	100.0	0.0	Water
689589.6	7471133.0	0.0	100.0	0.0	Water
689589.6	7471333.0	0.0	100.0	0.0	Water
689589.6	7471533.0	0.0	100.0	0.0	Water
689589.6	7471733.0	0.0	100.0	0.0	Water
689789.6	7451933.0	0.0	100.0	0.0	Water
689789.6	7452133.0	0.0	100.0	0.0	Water
689789.6	7452333.0	0.0	100.0	0.0	Water
689789.6	7452533.0	0.0	100.0	0.0	Water
689789.6	7452733.0	0.0	100.0	0.0	Water
689789.6	7452933.0	0.0	100.0	0.0	Water
689789.6	7453133.0	0.0	100.0	0.0	Water
689789.6	7453333.0	0.0	100.0	0.0	Water
689789.6	7453533.0	0.0	100.0	0.0	Water
689789.6	7453733.0	0.0	100.0	0.0	Water
689789.6	7453933.0	0.0	100.0	0.0	Water
689789.6	7454133.0	0.0	100.0	0.0	Water
689789.6	7454333.0	0.0	100.0	0.0	Water
689789.6	7454533.0	0.0	100.0	0.0	Water
689789.6	7454733.0	0.0	100.0	0.0	Water
689789.6	7454933.0	0.0	100.0	0.0	Water
689789.6	7455133.0	0.0	100.0	0.0	Water
689789.6	7455333.0	0.0	100.0	0.0	Water
689789.6	7455533.0	0.0	100.0	0.0	Water
689789.6	7455733.0	0.0	100.0	0.0	Water
689789.6	7455933.0	0.0	100.0	0.0	Water
689789.6	7456133.0	0.0	100.0	0.0	Water
689789.6	7456333.0	0.0	100.0	0.0	Water
689789.6	7456533.0	0.0	100.0	0.0	Water
689789.6	7456733.0	0.0	100.0	0.0	Water
689789.6	7456933.0	0.0	100.0	0.0	Water
689789.6	7457133.0	0.0	100.0	0.0	Water
689789.6	7457333.0	0.0	100.0	0.0	Water
689789.6	7457533.0	0.0	100.0	0.0	Water
689789.6	7457733.0	0.0	100.0	0.0	Water
689789.6	7457933.0	0.0	100.0	0.0	Water
689789.6	7458133.0	0.0	100.0	0.0	Water
689789.6	7458333.0	0.0	100.0	0.0	Water
689789.6	7458533.0	0.0	100.0	0.0	Water
689789.6	7458733.0	0.0	100.0	0.0	Water
689789.6	7458933.0	0.0	100.0	0.0	Water
689789.6	7459133.0	2.9	58.9	38.2	Water
689789.6	7459333.0	1.8	2.9	95.3	Other
689789.6	7459533.0	2.5	66.8	30.6	Water
689789.6	7459733.0	0.0	100.0	0.0	Water
689789.6	7459933.0	0.0	100.0	0.0	Water
689789.6	7460133.0	0.0	100.0	0.0	Water
689789.6	7460333.0	0.0	100.0	0.0	Water
689789.6	7460533.0	0.0	100.0	0.0	Water
689789.6	7460733.0	0.0	100.0	0.0	Water
689789.6	7460933.0	0.0	100.0	0.0	Water
689789.6	7461133.0	0.0	100.0	0.0	Water
689789.6	7461333.0	0.0	100.0	0.0	Water
689789.6	7461533.0	0.0	100.0	0.0	Water
689789.6	7461733.0	0.0	100.0	0.0	Water
689789.6	7461933.0	0.0	100.0	0.0	Water
689789.6	7462133.0	0.0	100.0	0.0	Water
689789.6	7462333.0	0.0	100.0	0.0	Water
689789.6	7462533.0	0.0	100.0	0.0	Water
689789.6	7462733.0	0.0	100.0	0.0	Water
689789.6	7462933.0	0.0	100.0	0.0	Water
689789.6	7463133.0	0.0	100.0	0.0	Water
689789.6	7463333.0	0.0	100.0	0.0	Water
689789.6	7463533.0	0.0	100.0	0.0	Water
689789.6	7463733.0	0.0	100.0	0.0	Water
689789.6	7463933.0	0.0	100.0	0.0	Water
689789.6	7464133.0	0.0	100.0	0.0	Water
689789.6	7464333.0	0.0	100.0	0.0	Water
689789.6	7464533.0	0.0	100.0	0.0	Water
689789.6	7464733.0	0.0	100.0	0.0	Water
689789.6	7464933.0	0.0	100.0	0.0	Water
689789.6	7465133.0	0.0	100.0	0.0	Water
689789.6	7465333.0	0.0	100.0	0.0	Water
689789.6	7465533.0	0.0	100.0	0.0	Water
689789.6	7465733.0	0.0	100.0	0.0	Water
689789.6	7465933.0	0.0	100.0	0.0	Water
689789.6	7466133.0	0.0	100.0	0.0	Water
689789.6	7466333.0	0.0	100.0	0.0	Water
689789.6	7466533.0	0.0	100.0	0.0	Water
689789.6	7466733.0	0.0	100.0	0.0	Water
689789.6	7466933.0	0.0	100.0	0.0	Water
689789.6	7467133.0	0.0	100.0	0.0	Water
689789.6	7467333.0	0.0	100.0	0.0	Water
689789.6	7467533.0	0.0	100.0	0.0	Water
689789.6	7467733.0	0.0	100.0	0.0	Water
689789.6	7467933.0	0.0	100.0	0.0	Water
689789.6	7468133.0	0.0	100.0	0.0	Water
689789.6	7468333.0	0.0	100.0	0.0	Water
689789.6	7468533.0	0.0	100.0	0.0	Water
689789.6	7468733.0	0.0	100.0	0.0	Water
689789.6	7468933.0	0.0	100.0	0.0	Water
689789.6	7469133.0	0.0	100.0	0.0	Water
689789.6	7469333.0	0.0	100.0	0.0	Water
689789.6	7469533.0	5.4	94.6	0.0	Water
689789.6	7469733.0	0.0	100.0	0.0	Water
689789.6	7469933.0	0.0	100.0	0.0	Water
689789.6	7470133.0	0.0	100.0	0.0	Water
689789.6	7470333.0	0.0	100.0	0.0	Water
689789.6	7470533.0	0.0	100.0	0.0	Water
689789.6	7470733.0	0.0	100.0	0.0	Water
689789.6	7470933.0	0.0	100.0	0.0	Water
689789.6	7471133.0	0.0	100.0	0.0	Water
689789.6	7471333.0	0.0	100.0	0.0	Water
689789.6	7471533.0	0.0	100.0	0.0	Water
689789.6	7471733.0	0.0	100.0	0.0	Water
689989.6	7451933.0	0.0	100.0	0.0	Water
689989.6	7452133.0	0.0	100.0	0.0	Water
689989.6	7452333.0	0.0	100.0	0.0	Water
689989.6	7452533.0	0.0	100.0	0.0	Water
689989.6	7452733.0	0.0	100.0	0.0	Water
689989.6	7452933.0	0.0	100.0	0.0	Water
689989.6	7453133.0	0.0	100.0	0.0	Water
689989.6	7453333.0	0.0	100.0	0.0	Water
689989.6	7453533.0	0.0	100.0	0.0	Water
689989.6	7453733.0	0.0	100.0	0.0	Water
689989.6	7453933.0	0.0	100.0	0.0	Water
689989.6	7454133.0	0.0	100.0	0.0	Water
689989.6	7454333.0	0.0	100.0	0.0	Water
689989.6	7454533.0	0.0	100.0	0.0	Water
689989.6	7454733.0	0.0	100.0	0.0	Water
689989.6	7454933.0	0.0	100.0	0.0	Water
689989.6	7455133.0	0.0	100.0	0.0	Water
689989.6	7455333.0	0.0	100.0	0.0	Water
689989.6	7455533.0	0.0	100.0	0.0	Water
689989.6	7455733.0	0.0	100.0	0.0	Water
689989.6	7455933.0	0.0	100.0	0.0	Water
689989.6	7456133.0	0.0	100.0	0.0	Water
689989.6	7456333.0	0.0	100.0	0.0	Water
689989.6	7456533.0	0.0	100.0	0.0	Water
689989.6	7456733.0	0.0	100.0	0.0	Water
689989.6	7456933.0	0.0	100.0	0.0	Water
689989.6	7457133.0	0.0	100.0	0.0	Water
689989.6	7457333.0	0.0	100.0	0.0	Water
689989.6	7457533.0	0.0	100.0	0.0	Water
689989.6	7457733.0	0.0	100.0	0.0	Water
689989.6	7457933.0	0.0	100.0	0.0	Water
689989.6	7458133.0	0.0	100.0	0.0	Water
689989.6	7458333.0	0.0	100.0	0.0	Water
689989.6	7458533.0	0.0	100.0	0.0	Water
689989.6	7458733.0	0.0	100.0	0.0	Water
689989.6	7458933.0	0.0	100.0	0.0	Water
689989.6	7459133.0	0.0	100.0	0.0	Water
689989.6	7459333.0	4.7	87.0	8.3	Water
689989.6	7459533.0	4.2	87.9	8.0	Water
689989.6	7459733.0	0.0	100.0	0.0	Water
689989.6	7459933.0	0.0	100.0	0.0	Water
689989.6	7460133.0	0.0	100.0	0.0	Water
689989.6	7460333.0	0.0	100.0	0.0	Water
689989.6	7460533.0	0.0	100.0	0.0	Water
689989.6	7460733.0	0.0	100.0	0.0	Water
689989.6	7460933.0	0.0	100.0	0.0	Water
689989.6	7461133.0	0.0	100.0	0.0	Water
689989.6	7461333.0	0.0	100.0	0.0	Water
689989.6	7461533.0	0.0	100.0	0.0	Water
689989.6	7461733.0	0.0	100.0	0.0	Water
689989.6	7461933.0	0.0	100.0	0.0	Water
689989.6	7462133.0	0.0	100.0	0.0	Water
689989.6	7462333.0	0.0	100.0	0.0	Water
689989.6	7462533.0	10.0	89.7	0.4	Water
689989.6	7462733.0	0.0	100.0	0.0	Water
689989.6	7462933.0	0.0	100.0	0.0	Water
689989.6	7463133.0	0.0	100.0	0.0	Water
689989.6	7463333.0	0.0	100.0	0.0	Water
689989.6	7463533.0	0.0	100.0	0.0	Water
689989.6	7463733.0	0.0	100.0	0.0	Water
689989.6	7463933.0	0.0	100.0	0.0	Water
689989.6	7464133.0	0.0	100.0	0.0	Water
689989.6	7464333.0	0.0	100.0	0.0	Water
689989.6	7464533.0	0.0	100.0	0.0	Water
689989.6	7464733.0	0.0	100.0	0.0	Water
689989.6	7464933.0	0.0	100.0	0.0	Water
689989.6	7465133.0	0.0	100.0	0.0	Water
689989.6	7465333.0	0.0	100.0	0.0	Water
689989.6	7465533.0	0.0	100.0	0.0	Water
689989.6	7465733.0	0.0	100.0	0.0	Water
689989.6	7465933.0	0.0	100.0	0.0	Water
689989.6	7466133.0	0.0	100.0	0.0	Water
689989.6	7466333.0	0.0	100.0	0.0	Water
689989.6	7466533.0	0.0	100.0	0.0	Water
689989.6	7466733.0	0.0	100.0	0.0	Water
689989.6	7466933.0	0.0	100.0	0.0	Water
689989.6	7467133.0	0.0	100.0	0.0	Water
689989.6	7467333.0	0.0	100.0	0.0	Water
689989.6	7467533.0	0.0	100.0	0.0	Water
689989.6	7467733.0	0.0	100.0	0.0	Water
689989.6	7467933.0	0.0	100.0	0.0	Water
689989.6	7468133.0	0.0	100.0	0.0	Water
689989.6	7468333.0	0.0	100.0	0.0	Water
689989.6	7468533.0	0.0	100.0	0.0	Water
689989.6	7468733.0	0.0	100.0	0.0	Water
689989.6	7468933.0	0.0	100.0	0.0	Water
689989.6	7469133.0	0.0	100.0	0.0	Water
689989.6	7469333.0	0.0	100.0	0.0	Water
689989.6	7469533.0	4.0	96.0	0.0	Water
689989.6	7469733.0	0.0	100.0	0.0	Water
689989.6	7469933.0	0.0	100.0	0.0	Water
689989.6	7470133.0	0.0	100.0	0.0	Water
689989.6	7470333.0	0.0	100.0	0.0	Water
689989.6	7470533.0	0.0	100.0	0.0	Water
689989.6	7470733.0	0.0	100.0	0.0	Water
689989.6	7470933.0	0.0	100.0	0.0	Water
689989.6	7471133.0	0.0	100.0	0.0	Water
689989.6	7471333.0	0.0	100.0	0.0	Water
689989.6	7471533.0	0.0	100.0	0.0	Water
689989.6	7471733.0	0.0	100.0	0.0	Water
690189.6	7451933.0	0.0	100.0	0.0	Water
690189.6	7452133.0	0.0	100.0	0.0	Water
690189.6	7452333.0	0.0	100.0	0.0	Water
690189.6	7452533.0	0.0	100.0	0.0	Water
690189.6	7452733.0	0.0	100.0	0.0	Water
690189.6	7452933.0	0.0	100.0	0.0	Water
690189.6	7453133.0	0.0	100.0	0.0	Water
690189.6	7453333.0	0.0	100.0	0.0	Water
690189.6	7453533.0	0.0	100.0	0.0	Water
690189.6	7453733.0	0.0	100.0	0.0	Water
690189.6	7453933.0	0.0	100.0	0.0	Water
690189.6	7454133.0	0.0	100.0	0.0	Water
690189.6	7454333.0	0.0	100.0	0.0	Water
690189.6	7454533.0	0.0	100.0	0.0	Water
690189.6	7454733.0	0.0	100.0	0.0	Water
690189.6	7454933.0	0.0	100.0	0.0	Water
690189.6	7455133.0	0.0	100.0	0.0	Water
690189.6	7455333.0	0.0	100.0	0.0	Water
690189.6	7455533.0	0.0	100.0	0.0	Water
690189.6	7455733.0	0.0	100.0	0.0	Water
690189.6	7455933.0	0.0	100.0	0.0	Water
690189.6	7456133.0	0.0	100.0	0.0	Water
690189.6	7456333.0	0.0	100.0	0.0	Water
690189.6	7456533.0	0.0	100.0	0.0	Water
690189.6	7456733.0	0.0	100.0	0.0	Water
690189.6	7456933.0	0.0	100.0	0.0	Water
690189.6	7457133.0	0.0	100.0	0.0	Water
690189.6	7457333.0	0.0	100.0	0.0	Water
690189.6	7457533.0	0.0	100.0	0.0	Water
690189.6	7457733.0	0.0	100.0	0.0	Water
690189.6	7457933.0	0.0	100.0	0.0	Water
690189.6	7458133.0	0.0	100.0	0.0	Water
690189.6	7458333.0	0.0	100.0	0.0	Water
690189.6	7458533.0	0.0	100.0	0.0	Water
690189.6	7458733.0	0.0	100.0	0.0	Water
690189.6	7458933.0	0.0	100.0	0.0	Water
690189.6	7459133.0	0.0	100.0	0.0	Water
690189.6	7459333.0	0.0	100.0	0.0	Water
690189.6	7459533.0	0.0	100.0	0.0	Water
690189.6	7459733.0	0.0	100.0	0.0	Water
690189.6	7459933.0	0.0	100.0	0.0	Water
690189.6	7460133.0	0.0	100.0	0.0	Water
690189.6	7460333.0	0.0	100.0	0.0	Water
690189.6	7460533.0	0.0	100.0	0.0	Water
690189.6	7460733.0	0.0	100.0	0.0	Water
690189.6	7460933.0	0.0	100.0	0.0	Water
690189.6	7461133.0	0.0	100.0	0.0	Water
690189.6	7461333.0	0.0	100.0	0.0	Water
690189.6	7461533.0	0.0	100.0	0.0	Water
690189.6	7461733.0	0.0	100.0	0.0	Water
690189.6	7461933.0	0.0	100.0	0.0	Water
690189.6	7462133.0	0.0	100.0	0.0	Water
690189.6	7462333.0	0.0	100.0	0.0	Water
690189.6	7462533.0	0.0	100.0	0.0	Water
690189.6	7462733.0	0.0	100.0	0.0	Water
690189.6	7462933.0	0.0	100.0	0.0	Water
690189.6	7463133.0	0.0	100.0	0.0	Water
690189.6	7463333.0	0.0	100.0	0.0	Water
690189.6	7463533.0	0.0	100.0	0.0	Water
690189.6	7463733.0	0.0	100.0	0.0	Water
690189.6	7463933.0	0.0	100.0	0.0	Water
690189.6	7464133.0	0.0	100.0	0.0	Water
690189.6	7464333.0	0.0	100.0	0.0	Water
690189.6	7464533.0	0.0	100.0	0.0	Water
690189.6	7464733.0	0.0	100.0	0.0	Water
690189.6	7464933.0	0.0	100.0	0.0	Water
690189.6	7465133.0	0.0	100.0	0.0	Water
690189.6	7465333.0	0.0	100.0	0.0	Water
690189.6	7465533.0	0.0	100.0	0.0	Water
690189.6	7465733.0	0.0	100.0	0.0	Water
690189.6	7465933.0	0.0	100.0	0.0	Water
690189.6	7466133.0	0.0	100.0	0.0	Water
690189.6	7466333.0	0.0	100.0	0.0	Water
690189.6	7466533.0	0.0	100.0	0.0	Water
690189.6	7466733.0	0.0	100.0	0.0	Water
690189.6	7466933.0	0.0	100.0	0.0	Water
690189.6	7467133.0	0.0	100.0	0.0	Water
690189.6	7467333.0	0.0	100.0	0.0	Water
690189.6	7467533.0	0.0	100.0	0.0	Water
690189.6	7467733.0	0.0	100.0	0.0	Water
690189.6	7467933.0	0.0	100.0	0.0	Water
690189.6	7468133.0	0.0	100.0	0.0	Water
690189.6	7468333.0	0.0	100.0	0.0	Water
690189.6	7468533.0	0.0	100.0	0.0	Water
690189.6	7468733.0	0.0	100.0	0.0	Water
690189.6	7468933.0	0.0	100.0	0.0	Water
690189.6	7469133.0	0.0	100.0	0.0	Water
690189.6	7469333.0	0.0	100.0	0.0	Water
690189.6	7469533.0	1.8	98.2	0.0	Water
690189.6	7469733.0	0.0	100.0	0.0	Water
690189.6	7469933.0	0.0	100.0	0.0	Water
690189.6	7470133.0	0.0	100.0	0.0	Water
690189.6	7470333.0	0.0	100.0	0.0	Water
690189.6	7470533.0	0.0	100.0	0.0	Water
690189.6	7470733.0	0.0	100.0	0.0	Water
690189.6	7470933.0	0.0	100.0	0.0	Water
690189.6	7471133.0	0.0	100.0	0.0	Water
690189.6	7471333.0	0.0	100.0	0.0	Water
690189.6	7471533.0	0.0	100.0	0.0	Water
690189.6	7471733.0	0.0	100.0	0.0	Water
690389.6	7451933.0	0.0	100.0	0.0	Water
690389.6	7452133.0	0.0	100.0	0.0	Water
690389.6	7452333.0	0.0	100.0	0.0	Water
690389.6	7452533.0	0.0	100.0	0.0	Water
690389.6	7452733.0	0.0	100.0	0.0	Water
690389.6	7452933.0	0.0	100.0	0.0	Water
690389.6	7453133.0	0.0	100.0	0.0	Water
690389.6	7453333.0	0.0	100.0	0.0	Water
690389.6	7453533.0	0.0	100.0	0.0	Water
690389.6	7453733.0	0.0	100.0	0.0	Water
690389.6	7453933.0	0.0	100.0	0.0	Water
690389.6	7454133.0	0.0	100.0	0.0	Water
690389.6	7454333.0	0.0	100.0	0.0	Water
690389.6	7454533.0	0.0	100.0	0.0	Water
690389.6	7454733.0	0.0	100.0	0.0	Water
690389.6	7454933.0	0.0	100.0	0.0	Water
690389.6	7455133.0	0.0	100.0	0.0	Water
690389.6	7455333.0	0.0	100.0	0.0	Water
690389.6	7455533.0	0.0	100.0	0.0	Water
690389.6	7455733.0	0.0	100.0	0.0	Water
690389.6	7455933.0	0.0	100.0	0.0	Water
690389.6	7456133.0	0.0	100.0	0.0	Water
690389.6	7456333.0	0.0	100.0	0.0	Water
690389.6	7456533.0	0.0	100.0	0.0	Water
690389.6	7456733.0	0.0	100.0	0.0	Water
690389.6	7456933.0	0.0	100.0	0.0	Water
690389.6	7457133.0	0.0	100.0	0.0	Water
690389.6	7457333.0	0.0	100.0	0.0	Water
690389.6	7457533.0	0.0	100.0	0.0	Water
690389.6	7457733.0	0.0	100.0	0.0	Water
690389.6	7457933.0	0.0	100.0	0.0	Water
690389.6	7458133.0	0.0	100.0	0.0	Water
690389.6	7458333.0	0.0	100.0	0.0	Water
690389.6	7458533.0	0.0	100.0	0.0	Water
690389.6	7458733.0	0.0	100.0	0.0	Water
690389.6	7458933.0	0.0	100.0	0.0	Water
690389.6	7459133.0	0.0	100.0	0.0	Water
690389.6	7459333.0	0.0	100.0	0.0	Water
690389.6	7459533.0	0.0	100.0	0.0	Water
690389.6	7459733.0	0.0	100.0	0.0	Water
690389.6	7459933.0	0.0	100.0	0.0	Water
690389.6	7460133.0	0.0	100.0	0.0	Water
690389.6	7460333.0	0.0	100.0	0.0	Water
690389.6	7460533.0	0.0	100.0	0.0	Water
690389.6	7460733.0	0.0	100.0	0.0	Water
690389.6	7460933.0	0.0	100.0	0.0	Water
690389.6	7461133.0	0.0	100.0	0.0	Water
690389.6	7461333.0	0.0	100.0	0.0	Water
690389.6	7461533.0	0.0	100.0	0.0	Water
690389.6	7461733.0	0.0	100.0	0.0	Water
690389.6	7461933.0	0.0	100.0	0.0	Water
690389.6	7462133.0	0.0	100.0	0.0	Water
690389.6	7462333.0	0.0	100.0	0.0	Water
690389.6	7462533.0	0.0	100.0	0.0	Water
690389.6	7462733.0	0.0	100.0	0.0	Water
690389.6	7462933.0	0.0	100.0	0.0	Water
690389.6	7463133.0	0.0	100.0	0.0	Water
690389.6	7463333.0	0.0	100.0	0.0	Water
690389.6	7463533.0	0.0	100.0	0.0	Water
690389.6	7463733.0	0.0	100.0	0.0	Water
690389.6	7463933.0	0.0	100.0	0.0	Water
690389.6	7464133.0	0.0	100.0	0.0	Water
690389.6	7464333.0	0.0	100.0	0.0	Water
690389.6	7464533.0	0.0	100.0	0.0	Water
690389.6	7464733.0	0.0	100.0	0.0	Water
690389.6	7464933.0	0.0	100.0	0.0	Water
690389.6	7465133.0	0.0	100.0	0.0	Water
690389.6	7465333.0	0.0	100.0	0.0	Water
690389.6	7465533.0	0.0	100.0	0.0	Water
690389.6	7465733.0	0.0	100.0	0.0	Water
690389.6	7465933.0	0.0	100.0	0.0	Water
690389.6	7466133.0	0.0	100.0	0.0	Water
690389.6	7466333.0	0.0	100.0	0.0	Water
690389.6	7466533.0	0.0	100.0	0.0	Water
690389.6	7466733.0	0.0	100.0	0.0	Water
690389.6	7466933.0	0.0	100.0	0.0	Water
690389.6	7467133.0	0.0	100.0	0.0	Water
690389.6	7467333.0	0.0	100.0	0.0	Water
690389.6	7467533.0	0.0	100.0	0.0	Water
690389.6	7467733.0	0.0	100.0	0.0	Water
690389.6	7467933.0	0.0	100.0	0.0	Water
690389.6	7468133.0	0.0	100.0	0.0	Water
690389.6	7468333.0	0.0	100.0	0.0	Water
690389.6	7468533.0	0.0	100.0	0.0	Water
690389.6	7468733.0	0.0	100.0	0.0	Water
690389.6	7468933.0	0.0	100.0	0.0	Water
690389.6	7469133.0	0.0	100.0	0.0	Water
690389.6	7469333.0	2.2	97.8	0.0	Water
690389.6	7469533.0	1.3	98.7	0.0	Water
690389.6	7469733.0	0.0	100.0	0.0	Water
690389.6	7469933.0	0.0	100.0	0.0	Water
690389.6	7470133.0	0.0	100.0	0.0	Water
690389.6	7470333.0	0.0	100.0	0.0	Water
690389.6	7470533.0	0.0	100.0	0.0	Water
690389.6	7470733.0	0.0	100.0	0.0	Water
690389.6	7470933.0	0.0	100.0	0.0	Water
690389.6	7471133.0	0.0	100.0	0.0	Water
690389.6	7471333.0	0.0	100.0	0.0	Water
690389.6	7471533.0	0.0	100.0	0.0	Water
690389.6	7471733.0	0.0	100.0	0.0	Water
690589.6	7451933.0	0.0	100.0	0.0	Water
690589.6	7452133.0	0.0	100.0	0.0	Water
690589.6	7452333.0	0.0	100.0	0.0	Water
690589.6	7452533.0	0.0	100.0	0.0	Water
690589.6	7452733.0	0.0	100.0	0.0	Water
690589.6	7452933.0	0.0	100.0	0.0	Water
690589.6	7453133.0	0.0	100.0	0.0	Water
690589.6	7453333.0	0.0	100.0	0.0	Water
690589.6	7453533.0	0.0	100.0	0.0	Water
690589.6	7453733.0	0.0	100.0	0.0	Water
690589.6	7453933.0	0.0	100.0	0.0	Water
690589.6	7454133.0	0.0	100.0	0.0	Water
690589.6	7454333.0	0.0	100.0	0.0	Water
690589.6	7454533.0	0.0	100.0	0.0	Water
690589.6	7454733.0	0.0	100.0	0.0	Water
690589.6	7454933.0	0.0	100.0	0.0	Water
690589.6	7455133.0	0.0	100.0	0.0	Water
690589.6	7455333.0	0.0	100.0	0.0	Water
690589.6	7455533.0	0.0	100.0	0.0	Water
690589.6	7455733.0	0.0	100.0	0.0	Water
690589.6	7455933.0	0.0	100.0	0.0	Water
690589.6	7456133.0	0.0	100.0	0.0	Water
690589.6	7456333.0	0.0	100.0	0.0	Water
690589.6	7456533.0	0.0	100.0	0.0	Water
690589.6	7456733.0	0.0	100.0	0.0	Water
690589.6	7456933.0	0.0	100.0	0.0	Water
690589.6	7457133.0	0.0	100.0	0.0	Water
690589.6	7457333.0	0.0	100.0	0.0	Water
690589.6	7457533.0	0.0	100.0	0.0	Water
690589.6	7457733.0	0.0	100.0	0.0	Water
690589.6	7457933.0	0.0	100.0	0.0	Water
690589.6	7458133.0	0.0	100.0	0.0	Water
690589.6	7458333.0	0.0	100.0	0.0	Water
690589.6	7458533.0	0.0	100.0	0.0	Water
690589.6	7458733.0	0.0	100.0	0.0	Water
690589.6	7458933.0	0.0	100.0	0.0	Water
690589.6	7459133.0	0.0	100.0	0.0	Water
690589.6	7459333.0	0.0	100.0	0.0	Water
690589.6	7459533.0	0.0	100.0	0.0	Water
690589.6	7459733.0	0.0	100.0	0.0	Water
690589.6	7459933.0	0.0	100.0	0.0	Water
690589.6	7460133.0	0.0	100.0	0.0	Water
690589.6	7460333.0	0.0	100.0	0.0	Water
690589.6	7460533.0	0.0	100.0	0.0	Water
690589.6	7460733.0	0.0	100.0	0.0	Water
690589.6	7460933.0	0.0	100.0	0.0	Water
690589.6	7461133.0	0.0	100.0	0.0	Water
690589.6	7461333.0	0.0	100.0	0.0	Water
690589.6	7461533.0	0.0	100.0	0.0	Water
690589.6	7461733.0	0.0	100.0	0.0	Water
690589.6	7461933.0	0.0	100.0	0.0	Water
690589.6	7462133.0	0.0	100.0	0.0	Water
690589.6	7462333.0	0.0	100.0	0.0	Water
690589.6	7462533.0	0.0	100.0	0.0	Water
690589.6	7462733.0	0.0	100.0	0.0	Water
690589.6	7462933.0	0.0	100.0	0.0	Water
690589.6	7463133.0	0.0	100.0	0.0	Water
690589.6	7463333.0	0.0	100.0	0.0	Water
690589.6	7463533.0	0.0	100.0	0.0	Water
690589.6	7463733.0	0.0	100.0	0.0	Water
690589.6	7463933.0	0.0	100.0	0.0	Water
690589.6	7464133.0	0.0	100.0	0.0	Water
690589.6	7464333.0	0.0	100.0	0.0	Water
690589.6	7464533.0	0.0	100.0	0.0	Water
690589.6	7464733.0	0.0	100.0	0.0	Water
690589.6	7464933.0	0.0	100.0	0.0	Water
690589.6	7465133.0	0.0	100.0	0.0	Water
690589.6	7465333.0	0.0	100.0	0.0	Water
690589.6	7465533.0	0.0	100.0	0.0	Water
690589.6	7465733.0	0.0	100.0	0.0	Water
690589.6	7465933.0	0.0	100.0	0.0	Water
690589.6	7466133.0	0.0	100.0	0.0	Water
690589.6	7466333.0	0.0	100.0	0.0	Water
690589.6	7466533.0	0.0	100.0	0.0	Water
690589.6	7466733.0	0.0	100.0	0.0	Water
690589.6	7466933.0	0.0	100.0	0.0	Water
690589.6	7467133.0	0.0	100.0	0.0	Water
690589.6	7467333.0	0.0	100.0	0.0	Water
690589.6	7467533.0	0.0	100.0	0.0	Water
690589.6	7467733.0	0.0	100.0	0.0	Water
690589.6	7467933.0	0.0	100.0	0.0	Water
690589.6	7468133.0	0.0	100.0	0.0	Water
690589.6	7468333.0	0.0	100.0	0.0	Water
690589.6	7468533.0	0.0	100.0	0.0	Water
690589.6	7468733.0	0.0	100.0	0.0	Water
690589.6	7468933.0	0.0	100.0	0.0	Water
690589.6	7469133.0	0.0	100.0	0.0	Water
690589.6	7469333.0	6.0	94.0	0.0	Water
690589.6	7469533.0	0.0	100.0	0.0	Water
690589.6	7469733.0	0.0	100.0	0.0	Water
690589.6	7469933.0	0.0	100.0	0.0	Water
690589.6	7470133.0	0.0	100.0	0.0	Water
690589.6	7470333.0	0.0	100.0	0.0	Water
690589.6	7470533.0	0.0	100.0	0.0	Water
690589.6	7470733.0	0.0	100.0	0.0	Water
690589.6	7470933.0	0.0	100.0	0.0	Water
690589.6	7471133.0	0.0	100.0	0.0	Water
690589.6	7471333.0	0.0	100.0	0.0	Water
690589.6	7471533.0	0.0	100.0	0.0	Water
690589.6	7471733.0	0.0	100.0	0.0	Water
690789.6	7451933.0	0.0	100.0	0.0	Water
690789.6	7452133.0	0.0	100.0	0.0	Water
690789.6	7452333.0	0.0	100.0	0.0	Water
690789.6	7452533.0	0.0	100.0	0.0	Water
690789.6	7452733.0	0.0	100.0	0.0	Water
690789.6	7452933.0	0.0	100.0	0.0	Water
690789.6	7453133.0	0.0	100.0	0.0	Water
690789.6	7453333.0	0.0	100.0	0.0	Water
690789.6	7453533.0	0.0	100.0	0.0	Water
690789.6	7453733.0	0.0	100.0	0.0	Water
690789.6	7453933.0	0.0	100.0	0.0	Water
690789.6	7454133.0	0.0	100.0	0.0	Water
690789.6	7454333.0	0.0	100.0	0.0	Water
690789.6	7454533.0	0.0	100.0	0.0	Water
690789.6	7454733.0	0.0	100.0	0.0	Water
690789.6	7454933.0	0.0	100.0	0.0	Water
690789.6	7455133.0	0.0	100.0	0.0	Water
690789.6	7455333.0	0.0	100.0	0.0	Water
690789.6	7455533.0	0.0	100.0	0.0	Water
690789.6	7455733.0	0.0	100.0	0.0	Water
690789.6	7455933.0	0.0	100.0	0.0	Water
690789.6	7456133.0	0.0	100.0	0.0	Water
690789.6	7456333.0	0.0	100.0	0.0	Water
690789.6	7456533.0	0.0	100.0	0.0	Water
690789.6	7456733.0	0.0	100.0	0.0	Water
690789.6	7456933.0	0.0	100.0	0.0	Water
690789.6	7457133.0	0.0	100.0	0.0	Water
690789.6	7457333.0	0.0	100.0	0.0	Water
690789.6	7457533.0	0.0	100.0	0.0	Water
690789.6	7457733.0	0.0	100.0	0.0	Water
690789.6	7457933.0	0.0	100.0	0.0	Water
690789.6	7458133.0	0.0	100.0	0.0	Water
690789.6	7458333.0	0.0	100.0	0.0	Water
690789.6	7458533.0	0.0	100.0	0.0	Water
690789.6	7458733.0	0.0	100.0	0.0	Water
690789.6	7458933.0	0.0	100.0	0.0	Water
690789.6	7459133.0	0.0	100.0	0.0	Water
690789.6	7459333.0	0.0	100.0	0.0	Water
690789.6	7459533.0	0.0	100.0	0.0	Water
690789.6	7459733.0	0.0	100.0	0.0	Water
690789.6	7459933.0	0.0	100.0	0.0	Water
690789.6	7460133.0	0.0	100.0	0.0	Water
690789.6	7460333.0	0.0	100.0	0.0	Water
690789.6	7460533.0	0.0	100.0	0.0	Water
690789.6	7460733.0	0.0	100.0	0.0	Water
690789.6	7460933.0	0.0	100.0	0.0	Water
690789.6	7461133.0	0.0	100.0	0.0	Water
690789.6	7461333.0	0.0	100.0	0.0	Water
690789.6	7461533.0	0.0	100.0	0.0	Water
690789.6	7461733.0	0.0	100.0	0.0	Water
690789.6	7461933.0	0.0	100.0	0.0	Water
690789.6	7462133.0	0.0	100.0	0.0	Water
690789.6	7462333.0	0.0	100.0	0.0	Water
690789.6	7462533.0	0.0	100.0	0.0	Water
690789.6	7462733.0	0.0	100.0	0.0	Water
690789.6	7462933.0	0.0	100.0	0.0	Water
690789.6	7463133.0	0.0	100.0	0.0	Water
690789.6	7463333.0	0.0	100.0	0.0	Water
690789.6	7463533.0	0.0	100.0	0.0	Water
690789.6	7463733.0	0.0	100.0	0.0	Water
690789.6	7463933.0	0.0	100.0	0.0	Water
690789.6	7464133.0	0.0	100.0	0.0	Water
690789.6	7464333.0	0.0	100.0	0.0	Water
690789.6	7464533.0	0.0	100.0	0.0	Water
690789.6	7464733.0	0.0	100.0	0.0	Water
690789.6	7464933.0	0.0	100.0	0.0	Water
690789.6	7465133.0	0.0	100.0	0.0	Water
690789.6	7465333.0	0.0	100.0	0.0	Water
690789.6	7465533.0	0.0	100.0	0.0	Water
690789.6	7465733.0	0.0	100.0	0.0	Water
690789.6	7465933.0	0.0	100.0	0.0	Water
690789.6	7466133.0	0.0	100.0	0.0	Water
690789.6	7466333.0	0.0	100.0	0.0	Water
690789.6	7466533.0	0.0	100.0	0.0	Water
690789.6	7466733.0	0.0	100.0	0.0	Water
690789.6	7466933.0	0.0	100.0	0.0	Water
690789.6	7467133.0	0.0	100.0	0.0	Water
690789.6	7467333.0	0.0	100.0	0.0	Water
690789.6	7467533.0	0.0	100.0	0.0	Water
690789.6	7467733.0	0.0	100.0	0.0	Water
690789.6	7467933.0	0.0	100.0	0.0	Water
690789.6	7468133.0	0.0	100.0	0.0	Water
690789.6	7468333.0	0.0	100.0	0.0	Water
690789.6	7468533.0	0.0	100.0	0.0	Water
690789.6	7468733.0	0.0	100.0	0.0	Water
690789.6	7468933.0	0.0	100.0	0.0	Water
690789.6	7469133.0	0.0	100.0	0.0	Water
690789.6	7469333.0	2.0	98.0	0.0	Water
690789.6	7469533.0	0.0	100.0	0.0	Water
690789.6	7469733.0	0.0	100.0	0.0	Water
690789.6	7469933.0	0.0	100.0	0.0	Water
690789.6	7470133.0	0.0	100.0	0.0	Water
690789.6	7470333.0	0.0	100.0	0.0	Water
690789.6	7470533.0	0.0	100.0	0.0	Water
690789.6	7470733.0	0.0	100.0	0.0	Water
690789.6	7470933.0	0.0	100.0	0.0	Water
690789.6	7471133.0	0.0	100.0	0.0	Water
690789.6	7471333.0	0.0	100.0	0.0	Water
690789.6	7471533.0	0.0	100.0	0.0	Water
690789.6	7471733.0	0.0	100.0	0.0	Water
690989.6	7451933.0	0.0	100.0	0.0	Water
690989.6	7452133.0	0.0	100.0	0.0	Water
690989.6	7452333.0	0.0	100.0	0.0	Water
690989.6	7452533.0	0.0	100.0	0.0	Water
690989.6	7452733.0	0.0	100.0	0.0	Water
690989.6	7452933.0	0.0	100.0	0.0	Water
690989.6	7453133.0	0.0	100.0	0.0	Water
690989.6	7453333.0	0.0	100.0	0.0	Water
690989.6	7453533.0	0.0	100.0	0.0	Water
690989.6	7453733.0	0.0	100.0	0.0	Water
690989.6	7453933.0	0.0	100.0	0.0	Water
690989.6	7454133.0	0.0	100.0	0.0	Water
690989.6	7454333.0	0.0	100.0	0.0	Water
690989.6	7454533.0	0.0	100.0	0.0	Water
690989.6	7454733.0	0.0	100.0	0.0	Water
690989.6	7454933.0	0.0	100.0	0.0	Water
690989.6	7455133.0	0.0	100.0	0.0	Water
690989.6	7455333.0	0.0	100.0	0.0	Water
690989.6	7455533.0	0.0	100.0	0.0	Water
690989.6	7455733.0	0.0	100.0	0.0	Water
690989.6	7455933.0	0.0	100.0	0.0	Water
690989.6	7456133.0	0.0	100.0	0.0	Water
690989.6	7456333.0	0.0	100.0	0.0	Water
690989.6	7456533.0	0.0	100.0	0.0	Water
690989.6	7456733.0	0.0	100.0	0.0	Water
690989.6	7456933.0	0.0	100.0	0.0	Water
690989.6	7457133.0	0.0	100.0	0.0	Water
690989.6	7457333.0	0.0	100.0	0.0	Water
690989.6	7457533.0	0.0	100.0	0.0	Water
690989.6	7457733.0	0.0	100.0	0.0	Water
690989.6	7457933.0	0.0	100.0	0.0	Water
690989.6	7458133.0	0.0	100.0	0.0	Water
690989.6	7458333.0	0.0	100.0	0.0	Water
690989.6	7458533.0	0.0	100.0	0.0	Water
690989.6	7458733.0	0.0	100.0	0.0	Water
690989.6	7458933.0	0.0	100.0	0.0	Water
690989.6	7459133.0	0.0	100.0	0.0	Water
690989.6	7459333.0	0.0	100.0	0.0	Water
690989.6	7459533.0	0.0	100.0	0.0	Water
690989.6	7459733.0	0.0	100.0	0.0	Water
690989.6	7459933.0	0.0	100.0	0.0	Water
690989.6	7460133.0	0.0	100.0	0.0	Water
690989.6	7460333.0	0.0	100.0	0.0	Water
690989.6	7460533.0	0.0	100.0	0.0	Water
690989.6	7460733.0	0.0	100.0	0.0	Water
690989.6	7460933.0	0.0	100.0	0.0	Water
690989.6	7461133.0	0.0	100.0	0.0	Water
690989.6	7461333.0	0.0	100.0	0.0	Water
690989.6	7461533.0	0.0	100.0	0.0	Water
690989.6	7461733.0	0.0	100.0	0.0	Water
690989.6	7461933.0	0.0	100.0	0.0	Water
690989.6	7462133.0	0.0	100.0	0.0	Water
690989.6	7462333.0	0.0	100.0	0.0	Water
690989.6	7462533.0	0.0	100.0	0.0	Water
690989.6	7462733.0	0.0	100.0	0.0	Water
690989.6	7462933.0	0.0	100.0	0.0	Water
690989.6	7463133.0	0.0	100.0	0.0	Water
690989.6	7463333.0	0.0	100.0	0.0	Water
690989.6	7463533.0	0.0	100.0	0.0	Water
690989.6	7463733.0	0.0	100.0	0.0	Water
690989.6	7463933.0	0.0	100.0	0.0	Water
690989.6	7464133.0	0.0	100.0	0.0	Water
690989.6	7464333.0	0.0	100.0	0.0	Water
690989.6	7464533.0	0.0	100.0	0.0	Water
690989.6	7464733.0	0.0	100.0	0.0	Water
690989.6	7464933.0	0.0	100.0	0.0	Water
690989.6	7465133.0	0.0	100.0	0.0	Water
690989.6	7465333.0	0.0	100.0	0.0	Water
690989.6	7465533.0	0.0	100.0	0.0	Water
690989.6	7465733.0	0.0	100.0	0.0	Water
690989.6	7465933.0	0.0	99.8	0.2	Water
690989.6	7466133.0	0.0	100.0	0.0	Water
690989.6	7466333.0	0.0	100.0	0.0	Water
690989.6	7466533.0	0.0	100.0	0.0	Water
690989.6	7466733.0	0.0	100.0	0.0	Water
690989.6	7466933.0	0.0	100.0	0.0	Water
690989.6	7467133.0	0.0	100.0	0.0	Water
690989.6	7467333.0	0.0	100.0	0.0	Water
690989.6	7467533.0	0.0	100.0	0.0	Water
690989.6	7467733.0	0.0	100.0	0.0	Water
690989.6	7467933.0	0.0	100.0	0.0	Water
690989.6	7468133.0	0.0	100.0	0.0	Water
690989.6	7468333.0	0.0	100.0	0.0	Water
690989.6	7468533.0	0.0	100.0	0.0	Water
690989.6	7468733.0	0.0	100.0	0.0	Water
690989.6	7468933.0	0.0	97.1	2.9	Water
690989.6	7469133.0	3.1	95.1	1.7	Water
690989.6	7469333.0	3.3	96.7	0.0	Water
690989.6	7469533.0	8.3	91.7	0.0	Water
690989.6	7469733.0	23.6	75.5	0.9	Urban
690989.6	7469933.0	2.5	97.5	0.0	Water
690989.6	7470133.0	0.5	99.5	0.0	Water
690989.6	7470333.0	0.4	99.6	0.0	Water
690989.6	7470533.0	0.0	100.0	0.0	Water
690989.6	7470733.0	0.0	100.0	0.0	Water
690989.6	7470933.0	0.0	100.0	0.0	Water
690989.6	7471133.0	0.0	100.0	0.0	Water
690989.6	7471333.0	0.0	100.0	0.0	Water
690989.6	7471533.0	0.0	100.0	0.0	Water
690989.6	7471733.0	0.0	100.0	0.0	Water
691189.6	7451933.0	0.0	100.0	0.0	Water
691189.6	7452133.0	0.0	100.0	0.0	Water
691189.6	7452333.0	0.0	100.0	0.0	Water
691189.6	7452533.0	0.0	100.0	0.0	Water
691189.6	7452733.0	0.0	100.0	0.0	Water
691189.6	7452933.0	0.0	100.0	0.0	Water
691189.6	7453133.0	0.0	100.0	0.0	Water
691189.6	7453333.0	0.0	100.0	0.0	Water
691189.6	7453533.0	0.0	100.0	0.0	Water
691189.6	7453733.0	0.0	100.0	0.0	Water
691189.6	7453933.0	0.0	100.0	0.0	Water
691189.6	7454133.0	0.0	100.0	0.0	Water
691189.6	7454333.0	0.0	100.0	0.0	Water
691189.6	7454533.0	0.0	100.0	0.0	Water
691189.6	7454733.0	0.0	100.0	0.0	Water
691189.6	7454933.0	0.0	100.0	0.0	Water
691189.6	7455133.0	0.0	100.0	0.0	Water
691189.6	7455333.0	0.0	100.0	0.0	Water
691189.6	7455533.0	0.0	100.0	0.0	Water
691189.6	7455733.0	0.0	100.0	0.0	Water
691189.6	7455933.0	0.0	100.0	0.0	Water
691189.6	7456133.0	0.0	100.0	0.0	Water
691189.6	7456333.0	0.0	100.0	0.0	Water
691189.6	7456533.0	0.0	100.0	0.0	Water
691189.6	7456733.0	0.0	100.0	0.0	Water
691189.6	7456933.0	0.0	100.0	0.0	Water
691189.6	7457133.0	0.0	100.0	0.0	Water
691189.6	7457333.0	0.0	100.0	0.0	Water
691189.6	7457533.0	0.0	100.0	0.0	Water
691189.6	7457733.0	0.0	100.0	0.0	Water
691189.6	7457933.0	0.0	100.0	0.0	Water
691189.6	7458133.0	0.0	100.0	0.0	Water
691189.6	7458333.0	0.0	100.0	0.0	Water
691189.6	7458533.0	0.0	100.0	0.0	Water
691189.6	7458733.0	0.0	100.0	0.0	Water
691189.6	7458933.0	0.0	100.0	0.0	Water
691189.6	7459133.0	0.0	100.0	0.0	Water
691189.6	7459333.0	0.0	100.0	0.0	Water
691189.6	7459533.0	0.0	100.0	0.0	Water
691189.6	7459733.0	0.0	100.0	0.0	Water
691189.6	7459933.0	0.0	100.0	0.0	Water
691189.6	7460133.0	0.0	100.0	0.0	Water
691189.6	7460333.0	0.0	100.0	0.0	Water
691189.6	7460533.0	0.0	100.0	0.0	Water
691189.6	7460733.0	0.0	100.0	0.0	Water
691189.6	7460933.0	0.0	100.0	0.0	Water
691189.6	7461133.0	0.0	100.0	0.0	Water
691189.6	7461333.0	0.0	100.0	0.0	Water
691189.6	7461533.0	0.0	100.0	0.0	Water
691189.6	7461733.0	0.0	100.0	0.0	Water
691189.6	7461933.0	0.0	100.0	0.0	Water
691189.6	7462133.0	11.4	88.4	0.2	Water
691189.6	7462333.0	0.0	100.0	0.0	Water
691189.6	7462533.0	0.0	100.0	0.0	Water
691189.6	7462733.0	0.0	100.0	0.0	Water
691189.6	7462933.0	0.0	100.0	0.0	Water
691189.6	7463133.0	0.0	100.0	0.0	Water
691189.6	7463333.0	0.0	100.0	0.0	Water
691189.6	7463533.0	0.0	100.0	0.0	Water
691189.6	7463733.0	0.0	100.0	0.0	Water
691189.6	7463933.0	0.0	100.0	0.0	Water
691189.6	7464133.0	0.0	100.0	0.0	Water
691189.6	7464333.0	0.0	100.0	0.0	Water
691189.6	7464533.0	0.0	100.0	0.0	Water
691189.6	7464733.0	0.0	100.0	0.0	Water
691189.6	7464933.0	0.0	100.0	0.0	Water
691189.6	7465133.0	0.0	100.0	0.0	Water
691189.6	7465333.0	0.0	100.0	0.0	Water
691189.6	7465533.0	0.0	100.0	0.0	Water
691189.6	7465733.0	4.9	94.9	0.2	Water
691189.6	7465933.0	31.2	56.3	12.5	Urban
691189.6	7466133.0	15.6	48.9	35.5	Other
691189.6	7466333.0	12.3	77.7	10.0	Water
691189.6	7466533.0	15.9	83.3	0.7	Water
691189.6	7466733.0	0.0	100.0	0.0	Water
691189.6	7466933.0	0.0	100.0	0.0	Water
691189.6	7467133.0	0.0	100.0	0.0	Water
691189.6	7467333.0	0.0	100.0	0.0	Water
691189.6	7467533.0	0.0	100.0	0.0	Water
691189.6	7467733.0	0.0	100.0	0.0	Water
691189.6	7467933.0	7.2	92.8	0.0	Water
691189.6	7468133.0	3.1	96.9	0.0	Water
691189.6	7468333.0	0.0	100.0	0.0	Water
691189.6	7468533.0	0.0	100.0	0.0	Water
691189.6	7468733.0	0.0	100.0	0.0	Water
691189.6	7468933.0	0.0	93.9	6.1	Water
691189.6	7469133.0	34.8	28.6	36.6	Urban
691189.6	7469333.0	44.4	27.5	28.1	Urban
691189.6	7469533.0	53.0	4.5	42.4	Urban
691189.6	7469733.0	79.5	5.8	14.7	Urban
691189.6	7469933.0	14.3	85.7	0.0	Water
691189.6	7470133.0	0.9	99.1	0.0	Water
691189.6	7470333.0	0.0	100.0	0.0	Water
691189.6	7470533.0	0.0	100.0	0.0	Water
691189.6	7470733.0	0.0	100.0	0.0	Water
691189.6	7470933.0	0.0	100.0	0.0	Water
691189.6	7471133.0	0.0	100.0	0.0	Water
691189.6	7471333.0	0.0	100.0	0.0	Water
691189.6	7471533.0	0.0	100.0	0.0	Water
691189.6	7471733.0	0.0	100.0	0.0	Water
691389.6	7451933.0	0.0	100.0	0.0	Water
691389.6	7452133.0	0.0	100.0	0.0	Water
691389.6	7452333.0	0.0	100.0	0.0	Water
691389.6	7452533.0	0.0	100.0	0.0	Water
691389.6	7452733.0	0.0	100.0	0.0	Water
691389.6	7452933.0	0.0	100.0	0.0	Water
691389.6	7453133.0	0.0	100.0	0.0	Water
691389.6	7453333.0	0.0	100.0	0.0	Water
691389.6	7453533.0	0.0	100.0	0.0	Water
691389.6	7453733.0	0.0	100.0	0.0	Water
691389.6	7453933.0	0.0	100.0	0.0	Water
691389.6	7454133.0	0.0	100.0	0.0	Water
691389.6	7454333.0	0.0	100.0	0.0	Water
691389.6	7454533.0	0.0	100.0	0.0	Water
691389.6	7454733.0	0.0	100.0	0.0	Water
691389.6	7454933.0	0.0	100.0	0.0	Water
691389.6	7455133.0	0.0	100.0	0.0	Water
691389.6	7455333.0	0.0	100.0	0.0	Water
691389.6	7455533.0	0.0	100.0	0.0	Water
691389.6	7455733.0	0.0	100.0	0.0	Water
691389.6	7455933.0	0.0	100.0	0.0	Water
691389.6	7456133.0	0.0	100.0	0.0	Water
691389.6	7456333.0	0.0	100.0	0.0	Water
691389.6	7456533.0	0.0	100.0	0.0	Water
691389.6	7456733.0	0.0	100.0	0.0	Water
691389.6	7456933.0	0.0	100.0	0.0	Water
691389.6	7457133.0	0.0	100.0	0.0	Water
691389.6	7457333.0	0.0	100.0	0.0	Water
691389.6	7457533.0	0.0	100.0	0.0	Water
691389.6	7457733.0	0.0	100.0	0.0	Water
691389.6	7457933.0	0.0	100.0	0.0	Water
691389.6	7458133.0	0.0	100.0	0.0	Water
691389.6	7458333.0	0.0	100.0	0.0	Water
691389.6	7458533.0	0.0	100.0	0.0	Water
691389.6	7458733.0	0.0	100.0	0.0	Water
691389.6	7458933.0	0.0	100.0	0.0	Water
691389.6	7459133.0	0.0	100.0	0.0	Water
691389.6	7459333.0	0.0	100.0	0.0	Water
691389.6	7459533.0	0.0	100.0	0.0	Water
691389.6	7459733.0	0.0	100.0	0.0	Water
691389.6	7459933.0	0.0	100.0	0.0	Water
691389.6	7460133.0	0.0	100.0	0.0	Water
691389.6	7460333.0	0.0	100.0	0.0	Water
691389.6	7460533.0	0.0	100.0	0.0	Water
691389.6	7460733.0	0.0	100.0	0.0	Water
691389.6	7460933.0	0.0	100.0	0.0	Water
691389.6	7461133.0	0.0	100.0	0.0	Water
691389.6	7461333.0	0.0	100.0	0.0	Water
691389.6	7461533.0	0.0	100.0	0.0	Water
691389.6	7461733.0	0.0	100.0	0.0	Water
691389.6	7461933.0	0.0	99.6	0.4	Water
691389.6	7462133.0	57.2	40.6	2.2	Urban
691389.6	7462333.0	0.0	100.0	0.0	Water
691389.6	7462533.0	0.0	100.0	0.0	Water
691389.6	7462733.0	0.0	100.0	0.0	Water
691389.6	7462933.0	0.0	100.0	0.0	Water
691389.6	7463133.0	0.0	100.0	0.0	Water
691389.6	7463333.0	0.0	100.0	0.0	Water
691389.6	7463533.0	0.0	100.0	0.0	Water
691389.6	7463733.0	0.0	100.0	0.0	Water
691389.6	7463933.0	0.0	100.0	0.0	Water
691389.6	7464133.0	0.0	100.0	0.0	Water
691389.6	7464333.0	0.0	100.0	0.0	Water
691389.6	7464533.0	0.0	100.0	0.0	Water
691389.6	7464733.0	0.0	100.0	0.0	Water
691389.6	7464933.0	0.0	100.0	0.0	Water
691389.6	7465133.0	0.0	100.0	0.0	Water
691389.6	7465333.0	0.0	100.0	0.0	Water
691389.6	7465533.0	16.5	82.1	1.4	Water
691389.6	7465733.0	40.2	11.4	48.4	Urban
691389.6	7465933.0	23.6	0.0	76.4	Urban
691389.6	7466133.0	52.5	0.0	47.5	Urban
691389.6	7466333.0	60.9	0.0	39.1	Urban
691389.6	7466533.0	46.0	5.3	48.7	Urban
691389.6	7466733.0	3.4	89.9	6.7	Water
691389.6	7466933.0	0.0	100.0	0.0	Water
691389.6	7467133.0	0.0	100.0	0.0	Water
691389.6	7467333.0	0.0	100.0	0.0	Water
691389.6	7467533.0	0.0	100.0	0.0	Water
691389.6	7467733.0	0.0	100.0	0.0	Water
691389.6	7467933.0	7.2	92.8	0.0	Water
691389.6	7468133.0	49.8	46.4	3.8	Urban
691389.6	7468333.0	40.8	45.5	13.8	Urban
691389.6	7468533.0	51.3	46.9	1.8	Urban
691389.6	7468733.0	0.0	100.0	0.0	Water
691389.6	7468933.0	0.0	100.0	0.0	Water
691389.6	7469133.0	40.2	30.1	29.7	Urban
691389.6	7469333.0	45.3	0.0	54.7	Urban
691389.6	7469533.0	56.9	14.3	28.8	Urban
691389.6	7469733.0	78.4	16.8	4.7	Urban
691389.6	7469933.0	24.1	75.7	0.2	Urban
691389.6	7470133.0	0.0	100.0	0.0	Water
691389.6	7470333.0	0.0	100.0	0.0	Water
691389.6	7470533.0	0.0	100.0	0.0	Water
691389.6	7470733.0	0.0	100.0	0.0	Water
691389.6	7470933.0	0.0	100.0	0.0	Water
691389.6	7471133.0	0.0	100.0	0.0	Water
691389.6	7471333.0	0.0	100.0	0.0	Water
691389.6	7471533.0	0.0	100.0	0.0	Water
691389.6	7471733.0	0.0	100.0	0.0	Water
691589.6	7451933.0	0.0	100.0	0.0	Water
691589.6	7452133.0	0.0	100.0	0.0	Water
691589.6	7452333.0	0.0	100.0	0.0	Water
691589.6	7452533.0	0.0	100.0	0.0	Water
691589.6	7452733.0	0.0	100.0	0.0	Water
691589.6	7452933.0	0.0	100.0	0.0	Water
691589.6	7453133.0	0.0	100.0	0.0	Water
691589.6	7453333.0	0.0	100.0	0.0	Water
691589.6	7453533.0	0.0	100.0	0.0	Water
691589.6	7453733.0	0.0	100.0	0.0	Water
691589.6	7453933.0	0.0	100.0	0.0	Water
691589.6	7454133.0	0.0	100.0	0.0	Water
691589.6	7454333.0	0.0	100.0	0.0	Water
691589.6	7454533.0	0.0	100.0	0.0	Water
691589.6	7454733.0	0.0	100.0	0.0	Water
691589.6	7454933.0	0.0	100.0	0.0	Water
691589.6	7455133.0	0.0	100.0	0.0	Water
691589.6	7455333.0	0.0	100.0	0.0	Water
691589.6	7455533.0	0.0	100.0	0.0	Water
691589.6	7455733.0	0.0	100.0	0.0	Water
691589.6	7455933.0	0.0	100.0	0.0	Water
691589.6	7456133.0	0.0	100.0	0.0	Water
691589.6	7456333.0	0.0	100.0	0.0	Water
691589.6	7456533.0	0.0	100.0	0.0	Water
691589.6	7456733.0	0.0	100.0	0.0	Water
691589.6	7456933.0	0.0	100.0	0.0	Water
691589.6	7457133.0	0.0	100.0	0.0	Water
691589.6	7457333.0	0.0	100.0	0.0	Water
691589.6	7457533.0	0.0	100.0	0.0	Water
691589.6	7457733.0	0.0	100.0	0.0	Water
691589.6	7457933.0	0.0	100.0	0.0	Water
691589.6	7458133.0	0.0	100.0	0.0	Water
691589.6	7458333.0	0.0	100.0	0.0	Water
691589.6	7458533.0	0.0	100.0	0.0	Water
691589.6	7458733.0	0.0	100.0	0.0	Water
691589.6	7458933.0	0.0	100.0	0.0	Water
691589.6	7459133.0	0.0	100.0	0.0	Water
691589.6	7459333.0	0.0	100.0	0.0	Water
691589.6	7459533.0	0.0	100.0	0.0	Water
691589.6	7459733.0	0.0	100.0	0.0	Water
691589.6	7459933.0	0.0	100.0	0.0	Water
691589.6	7460133.0	0.0	100.0	0.0	Water
691589.6	7460333.0	0.0	100.0	0.0	Water
691589.6	7460533.0	0.0	100.0	0.0	Water
691589.6	7460733.0	0.0	100.0	0.0	Water
691589.6	7460933.0	0.0	100.0	0.0	Water
691589.6	7461133.0	0.0	100.0	0.0	Water
691589.6	7461333.0	0.0	100.0	0.0	Water
691589.6	7461533.0	0.0	100.0	0.0	Water
691589.6	7461733.0	0.0	100.0	0.0	Water
691589.6	7461933.0	10.1	85.9	4.0	Water
691589.6	7462133.0	38.6	44.4	17.0	Urban
691589.6	7462333.0	0.0	100.0	0.0	Water
691589.6	7462533.0	0.0	100.0	0.0	Water
691589.6	7462733.0	0.0	100.0	0.0	Water
691589.6	7462933.0	0.0	100.0	0.0	Water
691589.6	7463133.0	0.0	100.0	0.0	Water
691589.6	7463333.0	0.0	100.0	0.0	Water
691589.6	7463533.0	0.0	100.0	0.0	Water
691589.6	7463733.0	0.0	100.0	0.0	Water
691589.6	7463933.0	0.0	100.0	0.0	Water
691589.6	7464133.0	0.0	100.0	0.0	Water
691589.6	7464333.0	0.0	100.0	0.0	Water
691589.6	7464533.0	0.0	100.0	0.0	Water
691589.6	7464733.0	0.0	100.0	0.0	Water
691589.6	7464933.0	0.0	100.0	0.0	Water
691589.6	7465133.0	0.0	92.4	7.6	Water
691589.6	7465333.0	3.3	94.2	2.5	Water
691589.6	7465533.0	52.0	14.5	33.5	Urban
691589.6	7465733.0	47.3	0.0	52.7	Urban
691589.6	7465933.0	2.5	0.0	97.5	Other
691589.6	7466133.0	35.9	0.0	64.1	Urban
691589.6	7466333.0	77.5	0.0	22.5	Urban
691589.6	7466533.0	60.0	0.0	40.0	Urban
691589.6	7466733.0	13.8	63.2	23.0	Water
691589.6	7466933.0	0.0	100.0	0.0	Water
691589.6	7467133.0	0.0	100.0	0.0	Water
691589.6	7467333.0	0.0	100.0	0.0	Water
691589.6	7467533.0	0.0	100.0	0.0	Water
691589.6	7467733.0	0.0	100.0	0.0	Water
691589.6	7467933.0	12.0	88.0	0.0	Water
691589.6	7468133.0	34.8	3.6	61.6	Urban
691589.6	7468333.0	42.9	2.2	54.9	Urban
691589.6	7468533.0	81.4	4.0	14.6	Urban
691589.6	7468733.0	46.0	52.0	2.0	Urban
691589.6	7468933.0	0.0	100.0	0.0	Water
691589.6	7469133.0	21.9	73.9	4.2	Urban
691589.6	7469333.0	43.1	13.2	43.7	Urban
691589.6	7469533.0	34.1	44.6	21.4	Urban
691589.6	7469733.0	23.4	76.6	-0.0	Urban
691589.6	7469933.0	10.9	89.1	-0.0	Water
691589.6	7470133.0	0.2	99.8	0.0	Water
691589.6	7470333.0	0.0	100.0	0.0	Water
691589.6	7470533.0	0.0	100.0	0.0	Water
691589.6	7470733.0	0.0	100.0	0.0	Water
691589.6	7470933.0	0.0	100.0	0.0	Water
691589.6	7471133.0	0.0	100.0	0.0	Water
691589.6	7471333.0	0.0	100.0	0.0	Water
691589.6	7471533.0	0.0	100.0	0.0	Water
691589.6	7471733.0	0.0	100.0	0.0	Water
691789.6	7451933.0	0.0	100.0	0.0	Water
691789.6	7452133.0	0.0	100.0	0.0	Water
691789.6	7452333.0	0.0	100.0	0.0	Water
691789.6	7452533.0	0.0	100.0	0.0	Water
691789.6	7452733.0	0.0	100.0	0.0	Water
691789.6	7452933.0	0.0	100.0	0.0	Water
691789.6	7453133.0	0.0	100.0	0.0	Water
691789.6	7453333.0	0.0	100.0	0.0	Water
691789.6	7453533.0	0.0	100.0	0.0	Water
691789.6	7453733.0	0.0	100.0	0.0	Water
691789.6	7453933.0	0.0	100.0	0.0	Water
691789.6	7454133.0	0.0	100.0	0.0	Water
691789.6	7454333.0	0.0	100.0	0.0	Water
691789.6	7454533.0	0.0	100.0	0.0	Water
691789.6	7454733.0	0.0	100.0	0.0	Water
691789.6	7454933.0	0.0	100.0	0.0	Water
691789.6	7455133.0	0.0	100.0	0.0	Water
691789.6	7455333.0	0.0	100.0	0.0	Water
691789.6	7455533.0	0.0	100.0	0.0	Water
691789.6	7455733.0	0.0	100.0	0.0	Water
691789.6	7455933.0	0.0	100.0	0.0	Water
691789.6	7456133.0	0.0	100.0	0.0	Water
691789.6	7456333.0	0.0	100.0	0.0	Water
691789.6	7456533.0	0.0	100.0	0.0	Water
691789.6	7456733.0	0.0	100.0	0.0	Water
691789.6	7456933.0	0.0	100.0	0.0	Water
691789.6	7457133.0	0.0	100.0	0.0	Water
691789.6	7457333.0	0.0	100.0	0.0	Water
691789.6	7457533.0	0.0	100.0	0.0	Water
691789.6	7457733.0	0.0	100.0	0.0	Water
691789.6	7457933.0	0.0	100.0	0.0	Water
691789.6	7458133.0	0.0	100.0	0.0	Water
691789.6	7458333.0	0.0	100.0	0.0	Water
691789.6	7458533.0	0.0	100.0	0.0	Water
691789.6	7458733.0	0.0	100.0	0.0	Water
691789.6	7458933.0	0.0	100.0	0.0	Water
691789.6	7459133.0	0.0	100.0	0.0	Water
691789.6	7459333.0	0.0	100.0	0.0	Water
691789.6	7459533.0	0.0	100.0	0.0	Water
691789.6	7459733.0	0.0	100.0	0.0	Water
691789.6	7459933.0	0.0	100.0	0.0	Water
691789.6	7460133.0	0.0	100.0	0.0	Water
691789.6	7460333.0	0.0	100.0	0.0	Water
691789.6	7460533.0	0.0	100.0	0.0	Water
691789.6	7460733.0	0.0	100.0	0.0	Water
691789.6	7460933.0	0.0	100.0	0.0	Water
691789.6	7461133.0	0.0	100.0	0.0	Water
691789.6	7461333.0	0.0	100.0	0.0	Water
691789.6	7461533.0	0.0	100.0	0.0	Water
691789.6	7461733.0	0.0	100.0	0.0	Water
691789.6	7461933.0	1.1	81.5	17.4	Water
691789.6	7462133.0	15.9	10.1	73.9	Other
691789.6	7462333.0	0.9	92.4	6.7	Water
691789.6	7462533.0	0.0	100.0	0.0	Water
691789.6	7462733.0	0.0	100.0	0.0	Water
691789.6	7462933.0	0.0	100.0	0.0	Water
691789.6	7463133.0	0.0	100.0	0.0	Water
691789.6	7463333.0	0.0	100.0	0.0	Water
691789.6	7463533.0	0.0	100.0	0.0	Water
691789.6	7463733.0	0.0	100.0	0.0	Water
691789.6	7463933.0	0.0	100.0	0.0	Water
691789.6	7464133.0	0.0	100.0	0.0	Water
691789.6	7464333.0	0.0	100.0	0.0	Water
691789.6	7464533.0	0.0	100.0	0.0	Water
691789.6	7464733.0	0.0	100.0	0.0	Water
691789.6	7464933.0	0.0	100.0	0.0	Water
691789.6	7465133.0	0.4	56.9	42.8	Water
691789.6	7465333.0	9.8	67.6	22.6	Water
691789.6	7465533.0	58.3	1.4	40.2	Urban
691789.6	7465733.0	51.1	0.0	48.9	Urban
691789.6	7465933.0	29.5	0.0	70.5	Urban
691789.6	7466133.0	59.1	0.0	40.9	Urban
691789.6	7466333.0	88.8	0.0	11.2	Urban
691789.6	7466533.0	77.4	0.0	22.6	Urban
691789.6	7466733.0	12.5	30.6	56.9	Other
691789.6	7466933.0	0.0	100.0	0.0	Water
691789.6	7467133.0	0.0	100.0	0.0	Water
691789.6	7467333.0	0.4	99.6	0.0	Water
691789.6	7467533.0	0.0	100.0	0.0	Water
691789.6	7467733.0	2.2	79.9	17.9	Water
691789.6	7467933.0	49.1	24.3	26.6	Urban
691789.6	7468133.0	54.8	3.0	42.3	Urban
691789.6	7468333.0	0.0	3.3	96.7	Other
691789.6	7468533.0	4.9	0.7	94.4	Other
691789.6	7468733.0	59.8	2.5	37.7	Urban
691789.6	7468933.0	28.1	71.4	0.5	Urban
691789.6	7469133.0	0.0	100.0	0.0	Water
691789.6	7469333.0	12.1	87.9	0.0	Water
691789.6	7469533.0	0.0	100.0	0.0	Water
691789.6	7469733.0	0.0	100.0	0.0	Water
691789.6	7469933.0	1.1	98.9	0.0	Water
691789.6	7470133.0	62.6	37.4	0.0	Urban
691789.6	7470333.0	15.6	84.4	0.0	Water
691789.6	7470533.0	0.0	100.0	0.0	Water
691789.6	7470733.0	0.0	100.0	0.0	Water
691789.6	7470933.0	0.0	100.0	0.0	Water
691789.6	7471133.0	0.0	100.0	0.0	Water
691789.6	7471333.0	0.0	100.0	0.0	Water
691789.6	7471533.0	0.0	100.0	0.0	Water
691789.6	7471733.0	0.0	100.0	0.0	Water
