=== Artificial Neural Network Parameters ===

Number of layers (including input & output): 4
Layer sizes: (200, 100) (hidden), output=2

Activation function: relu

--- Layer 1 ---
Number of nodes: 200
Weights:
  -0.014703 0.543040 -0.038801 0.069456 -0.189410 0.004147 0.010056 0.139219 0.223020 0.067303 -0.268069 0.000000 0.129130 -0.193863 0.089371 -0.372971 -0.003215 -0.050511 0.095425 0.037982 0.106869 0.001204 0.128157 0.002346 0.006652 0.034614 -0.025999 0.181917 0.102390 -0.845153 -0.043528 -0.197973 -0.491436 0.141472 0.156409 0.000000 0.005205 -0.291065 0.107018 -0.322091 0.022788 0.009998 -0.419502 0.052296 0.135724 0.160448 0.009974 0.174851 0.237120 0.130063 0.250827 0.197040 0.382238 0.000000 0.004606 0.322755 -0.488223 0.049269 -0.044924 0.096137 0.023313 0.353290 0.157111 -0.413481 -0.110822 0.000000 -0.344957 0.292422 -0.312461 0.000000 0.095472 -0.637434 -0.051169 0.005735 0.000000 0.151167 0.061020 -0.723199 0.078572 0.010912 0.262217 0.277130 -0.375924 0.025599 -0.151728 0.280548 0.193884 0.177308 0.137645 0.022629 0.077285 0.033887 0.011298 0.028946 0.096838 0.003060 0.100199 -0.001117 -0.226761 -0.590226 -0.461311 0.028761 0.032062 -0.000640 0.106989 -0.056473 -0.151243 0.066737 -0.000993 -0.249723 0.000254 0.001283 0.230060 0.300386 0.176993 0.173270 0.180162 -0.106166 -0.000261 0.141125 0.304002 0.158613 -0.181517 0.003891 0.017454 -0.047631 0.143106 0.135629 -0.024859 0.082282 0.006311 -0.038198 -0.166100 0.029440 0.187715 0.296929 0.003414 0.114832 -0.000000 0.101026 0.400949 -0.295647 0.004421 0.106023 -0.317761 -0.433613 0.013817 -0.001091 -0.000000 0.123543 0.015843 -0.162757 -0.759052 0.000059 0.341388 -0.023961 0.009184 0.233924 0.016607 0.000000 -0.005970 0.092247 0.224569 0.038502 -0.376351 0.112241 0.010602 -0.381707 -0.547473 -0.010336 0.041151 0.001617 0.001770 0.141147 0.115789 0.064840 -0.005538 0.140283 0.194693 -0.071388 -0.001602 0.003526 0.106478 0.315469 -0.581563 -0.003615 0.094957 0.002846 0.019781 0.000532 -0.038728 0.158035 0.280286 0.123968 0.088464 0.253854 0.055666 0.258872 0.072775 0.128712
  -0.091848 -0.532125 -0.352853 0.049574 0.249310 -0.554747 -0.205650 0.146419 -0.260318 -0.084459 0.004990 -0.000000 0.035597 -0.096449 0.048450 -0.379235 -0.125486 0.323724 0.369386 0.295327 -0.057693 -0.002543 -0.189217 -0.334335 -0.414454 -0.067323 0.316765 -0.758794 0.077603 0.222737 -0.200551 -0.017519 0.265828 -0.068462 -0.155414 -0.000000 -0.187940 -0.463724 -0.043237 0.109024 0.631699 0.073362 0.056708 -0.018449 -0.363474 0.250948 0.003234 0.042598 0.308543 0.312758 -0.136346 -0.168455 0.385543 0.000000 -0.299464 0.024536 0.062161 0.265271 -0.063366 -0.200985 0.014668 0.630769 -0.184375 -0.166133 0.352144 0.000000 0.266027 0.153094 0.016849 -0.000000 0.099526 -0.008369 0.309968 0.193457 0.000000 0.110398 0.093470 0.037528 0.221264 -0.148706 0.374173 -0.139299 -0.279369 -0.367815 0.026377 -0.825233 -0.304523 -0.192135 -0.031318 -0.172961 -1.009158 -0.449827 0.519104 0.164951 -0.172508 0.323797 0.069150 -0.420504 0.029403 -0.480821 -0.611179 -0.021505 -0.419436 -0.087577 0.033076 0.447624 0.022481 -0.572324 0.342466 -0.361449 -0.224450 -0.291159 -0.336211 0.136104 0.373299 0.134452 -0.119903 -0.043306 0.000156 -0.033152 -0.239439 0.118176 0.044397 -0.545501 0.429932 0.080258 -0.031917 -0.098496 -0.180092 -0.118754 -0.034201 0.465230 -0.208596 -0.462362 -0.607215 -0.328682 0.328875 -0.177799 -0.000000 -0.271847 -0.102916 -0.204095 -0.481019 -0.257416 0.020762 -0.124911 0.110844 -0.513550 -0.000000 0.433805 0.084354 0.238594 0.036679 -0.082667 -0.100457 0.120586 -0.671386 -0.059687 0.457608 -0.000000 -0.151655 0.123434 -0.166366 0.112655 -0.050545 -0.444274 0.368628 0.203007 -0.275854 -0.631180 -0.295396 -0.546957 -0.737640 0.297159 -0.475097 -0.213129 0.106079 -0.174756 0.078030 -0.231446 -0.363058 -0.066437 0.188644 0.352023 0.141865 0.549831 -0.069645 -0.046369 0.013656 0.418870 0.313418 -0.190658 -0.144691 0.214305 0.063379 0.626481 0.038034 -0.037444 0.086149 0.383469
  -0.398810 0.146365 0.147836 0.013181 -0.072017 0.534304 -0.061423 -0.067988 0.113549 -0.147920 0.053190 0.000000 0.370802 0.131997 0.159335 -0.389936 -0.191911 -0.264583 0.572001 0.293485 0.286982 0.360119 -0.103595 0.087327 -0.230631 0.063437 -0.062789 0.511665 0.031488 -0.398338 -0.407369 0.178339 0.119599 -0.404045 -0.147797 0.000000 -0.332091 -0.013881 0.250286 -0.408333 -0.290961 0.201904 -0.186936 0.001679 0.132124 0.214185 0.480925 0.130619 0.018081 -0.507270 0.133108 0.031718 -0.062010 0.000000 -0.291692 -0.000851 -0.214597 0.011869 -0.448728 -0.225977 -0.006309 0.004988 0.079969 -0.138397 -0.049306 -0.000000 -0.210570 0.406318 -0.263347 0.000000 -0.114208 0.203507 -0.322773 0.384506 0.000000 0.131870 -0.080907 0.114096 0.356580 0.131468 0.162352 0.063354 -0.095730 -0.036532 0.053865 0.547156 -0.257413 -0.150695 0.327286 0.345940 -0.133433 0.105081 -0.175797 -0.253292 0.210857 -0.312728 0.041599 -0.228072 0.480809 0.336009 -0.209156 -0.007063 -0.334200 0.284460 0.120632 -0.353464 0.111435 0.593427 0.686122 0.013991 0.177896 -0.068288 0.159036 0.205468 -0.274296 -0.274981 -0.097097 0.021802 0.000674 -0.304800 0.256284 -0.022175 0.243271 0.287347 0.162335 0.057084 -0.015867 -0.116898 -0.170170 0.234943 0.091569 0.446153 0.109184 0.050282 -0.085739 0.121617 0.568325 0.077008 -0.000000 -0.147904 0.351943 -0.084700 -0.066926 0.109548 0.444769 0.168388 -0.372112 -0.067977 -0.000000 0.508376 0.099577 0.233715 0.239270 0.123614 0.335968 -0.214116 -0.358835 -0.336952 0.141505 0.000000 0.362796 -0.124187 -0.275625 -0.343951 -0.119932 -0.014753 0.122345 0.074129 0.344075 -0.340856 0.068624 0.102390 -0.029966 0.031566 0.231707 0.742819 -0.082272 0.325847 0.077268 -0.145116 0.109529 0.323482 -0.104701 -0.204350 0.121208 -0.462667 -0.385252 -0.383393 -0.222213 -0.309325 -0.114362 0.011405 -0.284038 -0.082931 0.360512 -0.201805 -0.030068 -0.416956 -0.006904 -0.344440
  -0.148371 -0.007337 -0.191298 -0.041516 -0.100844 0.079886 -0.208609 0.142449 -0.009836 0.013595 -0.290987 -0.000000 0.021723 -0.227999 0.279967 0.128361 -0.215900 -0.326796 0.065379 -0.062485 -0.178382 -0.034584 0.000470 0.017644 0.007145 -0.001957 0.071039 0.405514 -0.077970 -0.068586 0.162168 0.059817 0.010282 0.048089 -0.196382 -0.000000 0.012291 -0.078260 -0.015284 0.113733 -0.033136 -0.107556 0.035526 -0.001188 0.009073 0.068682 0.018857 0.049912 0.089091 -0.074441 -0.255540 -0.009274 0.116261 -0.000000 0.009006 -0.388696 0.004815 0.088238 0.103845 0.015190 -0.057728 0.092581 -0.005515 -0.108232 0.083421 -0.000000 -0.008392 -0.020187 -0.128453 -0.000000 0.082643 0.288411 -0.032381 0.049145 -0.000000 0.041237 -0.004463 0.265611 0.303039 0.191076 0.114393 -0.146180 -0.192298 0.091232 0.062786 0.023292 0.191844 -0.227057 0.049908 0.071045 0.034337 -0.088933 0.025320 -0.089772 -0.235831 -0.064601 -0.031005 0.004506 -0.056414 -0.018131 -0.098255 -0.360042 0.070740 -0.490650 -0.323963 0.277793 0.049075 0.443629 -0.018435 0.105911 0.096694 0.050807 -0.009143 -0.131901 0.002631 0.175506 0.002882 -0.008586 0.000041 0.101710 0.403571 -0.010361 -0.094907 0.202533 0.169033 0.113661 -0.279572 0.428787 -0.004465 -0.027175 -0.419227 0.207327 0.019428 -0.045415 0.025024 0.113571 -0.017057 0.008083 -0.000000 0.003399 -0.034849 0.058505 0.007231 0.076363 -0.024864 0.195144 0.023958 0.017588 0.000000 0.200327 -0.475080 0.237139 0.057290 0.021411 -0.218082 0.398105 0.048343 0.048043 0.218000 -0.000000 -0.538593 0.018463 -0.232240 0.059285 0.051546 -0.009386 0.163537 0.085375 0.074275 0.181847 -0.367496 0.122093 -0.008036 -0.241960 0.180970 -0.190511 -0.074525 -0.015207 0.000356 0.014160 0.012166 0.048883 -0.026301 0.007349 -0.025871 0.163615 0.095190 0.070665 0.027539 0.047596 0.039835 -0.009036 0.067413 0.036767 -0.109491 -0.067235 0.323479 -0.048963 0.014527 0.109860
Biases:
  -0.016935 -0.074880 -0.224261 -0.032070 -0.202698 0.361009 0.212259 0.209017 0.092717 -0.050465 0.125763 -0.019963 -0.250245 0.106294 0.305582 -0.169849 -0.093196 -0.161807 0.043602 0.243806 0.251069 -0.353345 -0.073104 -0.154077 0.145329 0.059311 0.067905 -0.199942 -0.050563 0.116723 -0.118679 -0.044350 -0.239784 -0.320487 -0.219642 -0.105677 0.084700 -0.255711 0.209635 -0.188978 -0.709577 0.140121 -0.198874 0.006634 -0.127207 -0.183198 -0.263318 -0.035662 -0.020096 -0.322126 -0.177788 0.267046 -0.125173 -0.026166 -0.065420 -0.256083 -0.255902 0.053940 -0.094465 -0.236717 0.027466 0.210397 0.060774 -0.094538 -0.041469 -0.058103 -0.284527 -0.371728 0.045636 -0.097012 -0.188864 -0.381726 -0.193360 -0.194259 -0.162791 -0.279912 -0.001262 -0.143477 -0.373020 -0.593363 -0.106096 0.136753 -0.228135 -0.276713 0.146624 -0.200027 -0.127713 -0.195418 -0.277470 -0.076990 0.063261 0.316752 0.316210 -0.201545 -0.145976 -0.494519 -0.035282 0.166467 -0.189567 -0.239831 -0.182189 -0.318040 -0.373252 -0.056695 0.015372 0.302992 0.049190 -0.480630 -0.136318 -0.189860 0.044982 -0.096751 0.189294 -0.088070 0.119051 0.015752 -0.011277 0.073625 -0.041166 -0.271597 0.396961 -0.121233 0.135611 -0.077089 0.082757 -0.360051 -0.249633 -0.022679 0.008683 -0.072488 -0.199533 -0.306713 0.233093 0.211778 -0.137364 -0.407768 -0.179004 0.174732 -0.131110 -0.009303 0.029729 -0.043510 0.081278 0.367920 -0.093316 -0.614712 -0.380585 0.089263 -0.032324 -0.451173 -0.031996 0.149890 -0.263696 0.125997 -0.038698 -0.122739 0.063993 -0.406088 -0.533610 -0.062495 -0.162966 -0.011405 -0.073155 -0.130023 -0.042440 -0.059938 0.221634 -0.066400 0.056093 -0.199860 0.209649 0.022581 0.127960 -0.021451 -0.207973 -0.157339 0.131474 -0.232392 0.017294 0.015209 -0.151704 -0.050824 -0.299466 -0.117373 0.315889 0.142805 -0.261239 -0.154622 -0.079578 0.287294 0.140317 0.270219 -0.264185 0.207759 -0.296616 -0.635771 0.246533 -0.346143 0.119228 -0.087255
Weight range: -1.009158 to 0.742819
Bias range: -0.709577 to 0.396961

--- Layer 2 ---
Number of nodes: 100
Weights:
  0.100461 -0.197082 0.000000 0.000000 0.000000 -0.018376 0.314125 0.000000 -0.089331 -0.000000 -0.000000 0.134219 0.144161 -0.159868 0.214359 0.405286 -0.130006 0.136324 0.105099 -0.101131 0.000000 -0.000000 0.108481 0.091697 0.204111 0.009724 0.102041 0.041375 -0.067771 0.465388 -0.000000 0.226666 -0.000000 -0.000000 -0.000000 0.056102 0.158614 0.098130 -0.000000 -0.000000 0.166578 -0.000000 0.016396 -0.069103 0.095256 -0.013601 -0.164058 0.175609 0.128026 -0.000000 0.000000 0.021816 0.081306 0.093732 0.000000 -0.124959 0.082911 -0.000000 0.005548 0.098712 -0.141256 0.000000 0.069591 -0.000000 -0.000000 -0.000000 -0.067794 -0.000000 -0.000000 -0.000000 -0.067758 -0.334461 -0.000000 -0.344982 0.104488 0.072013 -0.000000 -0.000000 -0.000000 0.133975 -0.043881 -0.089513 -0.058376 0.342072 0.113608 0.000000 0.004687 -0.943496 -0.000000 -0.000000 0.001777 0.031928 0.049826 0.088266 0.024758 -0.062986 -0.018543 -0.041645 0.000000 0.110149
  0.131362 0.516603 -0.000000 0.000000 0.000000 0.039200 0.210247 0.000000 0.144674 -0.000000 0.000000 -0.041032 -0.142308 0.093262 0.024537 -0.379308 -0.067737 0.102092 -0.650359 -0.059454 0.000000 -0.000000 0.045846 0.139403 -0.386653 -0.017944 -0.166371 0.032750 -0.033432 -0.173635 0.000000 -0.175395 -0.000000 -0.000000 0.000000 -0.262651 0.362736 -0.108785 -0.000000 0.000000 0.257072 -0.000000 0.465525 -0.198863 0.008483 0.100338 0.075764 0.195662 0.010804 0.000000 0.000000 -0.115312 0.089059 -0.023094 0.000000 0.144999 -0.154735 0.000000 0.112127 -0.214933 0.243981 -0.000000 0.060023 0.000000 -0.000000 0.000000 0.058489 0.000000 -0.000000 0.000000 -0.189225 0.853074 0.000000 -0.203662 0.431216 0.029578 0.000000 -0.000000 0.000000 0.031250 0.014487 -0.140447 -0.158741 0.016449 -0.323045 0.000000 -0.026048 0.269649 -0.000000 0.000000 -0.017416 0.030870 0.088940 -0.207949 2.593277 -0.149122 0.031720 -0.102694 0.000000 1.677756
  0.135328 0.071868 -0.000000 -0.000000 -0.000000 -0.141851 -0.332666 -0.000000 0.304300 0.000000 -0.000000 0.237478 -0.019384 0.300204 0.853609 1.078045 0.256009 -0.014811 -0.124497 0.282465 0.000000 -0.000000 0.022135 0.280850 0.354096 0.124577 0.199728 -0.102580 0.372696 -0.000000 0.000000 -0.111801 -0.000000 -0.000000 0.000000 0.358117 0.682374 0.226142 -0.000000 -0.000000 0.452481 0.000000 0.000000 -0.526731 0.210808 0.269403 0.212993 -0.727387 0.325621 0.000000 0.000000 -0.014566 -0.127513 -0.013857 0.000000 -0.019355 0.016991 -0.000000 0.126132 0.094448 0.459933 0.000000 0.153133 -0.000000 -0.000000 -0.000000 0.204761 -0.000000 0.000000 -0.000000 0.263349 -0.000000 0.000000 0.349576 -0.000000 -0.270686 -0.000000 0.000000 -0.000000 0.063350 0.068167 0.163286 0.045591 -0.989586 0.245556 -0.000000 0.121638 -2.406461 -0.000000 -0.000000 0.368572 0.134647 0.443430 0.387293 0.000000 0.159113 -0.134209 0.261201 0.000000 0.000000
  -0.013434 0.114183 -0.000000 0.000000 0.000000 0.117133 0.156099 0.000000 -0.243724 0.000000 -0.000000 -0.006776 -0.018382 -0.067051 -0.239228 0.125980 -0.132799 0.233787 -0.168677 -0.262996 -0.000000 -0.000000 0.014230 -0.199543 0.393751 -0.110843 -0.145279 0.051091 -0.061267 0.103995 0.000000 0.146055 -0.000000 0.000000 0.000000 0.144059 -0.101711 0.102366 -0.000000 -0.000000 -0.058061 -0.000000 0.210368 0.062702 -0.102847 -0.716023 -0.145584 0.177969 0.141186 -0.000000 0.000000 -0.004012 0.006013 0.011389 -0.000000 -0.049251 0.073566 -0.000000 -0.133602 0.042218 0.086450 -0.000000 -0.139400 0.000000 0.000000 -0.000000 0.028863 0.000000 -0.000000 -0.000000 0.273857 -0.086388 0.000000 0.401983 -0.126110 0.345830 -0.000000 -0.000000 -0.000000 -0.085121 0.307916 -0.026745 0.131442 0.107531 0.151376 -0.000000 0.003526 -0.053778 -0.000000 0.000000 -0.205235 -0.194158 -0.128183 0.133221 -0.017400 0.280364 0.373340 0.155445 0.000000 0.160027
  -0.168093 -0.416119 -0.000000 0.000000 0.000000 0.590341 0.249547 0.000000 0.042897 0.000000 -0.000000 -0.062600 -0.274498 -0.005107 0.401396 0.423286 -0.056990 -0.071311 -0.052441 0.070496 -0.000000 -0.000000 -0.291373 -0.310183 -0.603227 0.006281 -0.124281 0.305652 0.004870 0.219373 -0.000000 0.148095 -0.000000 0.000000 -0.000000 -0.211294 0.096035 0.037986 -0.000000 0.000000 0.021286 -0.000000 -0.440511 0.078986 -0.158110 -0.000000 0.098034 0.391951 0.129200 0.000000 -0.000000 -0.143578 0.359071 -0.105838 -0.000000 0.315956 -0.053812 0.000000 -0.094726 0.057960 0.073345 -0.000000 -0.356062 0.000000 0.000000 -0.000000 0.081679 -0.000000 0.000000 -0.000000 -0.387533 1.074425 0.000000 0.377034 0.431467 0.201355 0.000000 -0.000000 0.000000 -0.094471 -0.000000 -0.204956 -0.127649 0.481361 0.046735 -0.000000 -0.135646 -1.901534 -0.000000 -0.000000 -0.156446 -0.064490 -0.217322 -0.171486 -0.218222 0.019899 -0.000000 -0.680542 -0.000000 0.112424
  0.375228 0.114755 -0.000000 -0.000000 -0.000000 -0.032315 0.294602 -0.000000 -0.037128 0.000000 -0.000000 0.013575 0.069501 -0.174165 0.207143 -0.002813 0.038518 0.201187 0.042944 -1.114728 -0.000000 -0.000000 -0.088141 -0.227956 0.178675 -0.083061 -0.069024 0.096159 0.036496 0.263443 -0.000000 0.226022 0.000000 -0.000000 -0.000000 0.030889 -1.844291 0.059178 -0.000000 -0.000000 -0.055878 -0.000000 -0.014611 -0.078713 0.090331 0.134177 0.117027 0.180371 -0.105553 0.000000 0.000000 0.045981 0.151030 0.096765 -0.000000 0.172288 0.025349 -0.000000 0.058192 0.069277 -0.105573 -0.000000 -0.003799 -0.000000 0.000000 -0.000000 -0.003239 -0.000000 0.000000 -0.000000 0.113732 -0.731432 0.000000 0.294126 -0.944912 -0.184492 -0.000000 -0.000000 0.000000 -0.038178 0.042052 -0.026183 -0.073520 -0.108924 0.233371 -0.000000 0.047021 0.133315 -0.000000 -0.000000 0.032047 0.102331 -0.198922 -0.082033 -1.427648 0.136540 0.009614 0.119214 -0.000000 -0.633808
  -0.244009 -0.162272 0.000000 -0.000000 -0.000000 0.019607 -0.105963 0.000000 -0.049366 0.000000 0.000000 0.108318 0.116188 0.049474 -0.015392 -0.534135 0.200763 0.111145 -0.165765 0.157257 -0.000000 -0.000000 0.058627 0.149149 0.149822 0.129234 -0.052893 0.001307 -0.048320 -0.463271 0.000000 0.053826 0.000000 0.000000 0.000000 0.016931 0.231740 0.015156 -0.000000 0.000000 0.047273 -0.000000 -0.961419 0.107866 -0.083067 -0.039153 -0.023893 0.099792 0.182441 0.000000 -0.000000 -0.009160 -0.153961 0.030052 -0.000000 0.103239 0.088132 -0.000000 0.057584 0.089126 0.026079 0.000000 0.160185 -0.000000 0.000000 -0.000000 -0.009885 0.000000 -0.000000 -0.000000 0.084270 0.247888 0.000000 0.199502 -0.174151 0.032458 -0.000000 -0.000000 -0.000000 0.150496 -0.085899 0.227041 0.113993 0.080664 -0.046044 0.000000 0.187119 -1.004213 -0.000000 -0.000000 -0.034397 0.067053 0.046296 0.029137 -0.843310 -0.004218 -0.042263 0.075862 0.000000 0.092485
  0.202111 -0.196281 -0.000000 0.000000 -0.000000 0.040965 0.201188 -0.000000 0.027852 0.000000 -0.000000 -0.075854 0.127782 0.043565 -0.068944 0.435481 -0.080927 0.273669 0.221009 0.028238 -0.000000 -0.000000 0.004158 -0.098189 -0.116155 -0.049560 0.091605 0.316234 0.136862 0.359211 -0.000000 0.127737 -0.000000 -0.000000 -0.000000 0.075198 -0.011645 -0.079114 -0.000000 -0.000000 0.075183 -0.000000 0.059609 0.049975 0.052173 -0.242738 -0.091652 0.051145 0.082516 -0.000000 -0.000000 -0.039936 -0.129318 -0.019805 0.000000 0.025049 0.177626 -0.000000 -0.055739 0.034625 -0.039454 0.000000 -0.056993 -0.000000 -0.000000 -0.000000 0.088809 -0.000000 -0.000000 -0.000000 -0.085494 0.042827 0.000000 -0.069116 0.084364 0.167826 0.000000 -0.000000 -0.000000 0.165000 0.182330 0.154377 0.155778 0.365320 -0.055582 0.000000 0.032680 0.209278 -0.000000 -0.000000 -0.100339 0.109892 0.072950 0.015645 -0.008507 -0.222010 0.301795 -0.022743 -0.000000 0.013296
  0.328693 0.030751 -0.000000 -0.000000 -0.000000 0.301401 -0.198472 -0.000000 -0.029315 -0.000000 0.000000 0.120255 -0.078538 -0.047259 -0.031065 -0.321881 0.000133 0.175912 -0.011857 0.038828 -0.000000 -0.000000 0.010049 0.090061 -0.109305 0.012952 -0.121115 0.148695 0.109905 -0.278621 0.000000 0.046689 0.000000 0.000000 0.000000 0.032008 -0.910271 -0.062449 -0.000000 -0.000000 0.057615 -0.000000 -0.672465 0.134119 0.165380 0.046790 -0.057434 -0.197165 0.107710 0.000000 -0.000000 0.003463 0.018141 0.081158 0.000000 -0.049350 0.069052 -0.000000 0.127142 0.044100 0.199186 -0.000000 -0.036687 0.000000 0.000000 -0.000000 -0.128955 -0.000000 -0.000000 -0.000000 0.041588 0.441059 0.000000 0.093143 0.382242 0.110373 0.000000 -0.000000 -0.000000 0.040547 0.066760 0.089265 0.091113 0.207625 -0.133549 -0.000000 -0.146644 -0.097218 -0.000000 -0.000000 -0.036631 0.014462 0.194636 -0.163803 -1.159430 -0.004557 0.079336 -0.165239 -0.000000 -0.490110
  -0.431301 -0.243493 -0.000000 -0.000000 0.000000 -0.019443 0.081886 -0.000000 -0.027447 -0.000000 -0.000000 0.166032 0.257873 -0.029657 0.037347 -0.251243 0.128486 0.104778 0.112729 0.178537 0.000000 0.000000 0.128357 -0.075264 0.080463 0.010764 0.050729 0.000951 0.107829 -0.394076 0.000000 0.022726 0.000000 0.000000 0.000000 0.146373 0.151311 0.194392 -0.000000 -0.000000 -0.241791 -0.000000 -0.113808 0.055681 0.109110 0.148224 -0.022169 -0.226145 0.078596 -0.000000 -0.000000 0.065195 0.139300 0.187133 0.000000 0.242757 0.163216 -0.000000 0.129023 0.218851 -0.283104 0.000000 0.087534 -0.000000 -0.000000 0.000000 0.015563 -0.000000 -0.000000 -0.000000 -0.075642 -0.584860 -0.000000 -0.446692 -0.609349 0.215791 -0.000000 -0.000000 0.000000 0.169882 -0.013298 0.221227 0.064008 -0.185126 0.007247 -0.000000 0.130742 -1.611963 0.000000 -0.000000 0.013819 -0.016918 -0.092381 -0.129472 -0.464769 0.084191 0.091912 -0.453167 -0.000000 -0.606566
  0.085228 -0.424339 0.000000 -0.000000 -0.000000 0.272303 -0.303113 0.000000 -0.165213 -0.000000 -0.000000 -0.052861 0.184518 0.059058 0.251925 -0.144028 0.107896 0.215691 -0.204943 -0.016521 0.000000 -0.000000 0.241058 -0.000219 0.451597 0.083297 0.229662 -0.057269 0.023078 0.110489 -0.000000 0.256330 -0.000000 0.000000 0.000000 0.054794 0.129892 0.141841 -0.000000 -0.000000 0.182754 -0.000000 -0.600135 0.089476 0.212049 0.098677 0.092929 0.021911 0.175575 -0.000000 -0.000000 0.087664 -0.248920 0.241555 0.000000 0.048405 0.135444 -0.000000 0.185853 0.165016 -0.106641 0.000000 0.174983 -0.000000 -0.000000 -0.000000 0.057638 -0.000000 -0.000000 -0.000000 0.294297 0.194694 -0.000000 0.621056 1.191425 0.187108 -0.000000 -0.000000 0.000000 0.242371 -0.497414 -0.008645 0.131083 0.352031 0.163064 -0.000000 0.003835 -0.775881 -0.000000 -0.000000 0.234836 0.239777 0.190920 0.326068 -0.473929 0.345164 0.018091 0.601092 0.000000 0.111777
  0.000000 -0.000000 -0.000000 0.000000 0.000000 0.000000 0.000000 0.000000 0.000000 0.000000 -0.000000 -0.000000 -0.000000 0.000000 -0.000000 -0.000000 0.000000 0.000000 -0.000000 0.000000 0.000000 -0.000000 0.000000 0.000000 0.000000 0.000000 0.000000 0.000000 0.000000 0.000000 -0.000000 0.000000 -0.000000 -0.000000 0.000000 0.000000 -0.000000 0.000000 -0.000000 0.000000 0.000000 -0.000000 0.000000 0.000000 0.000000 -0.000000 0.000000 0.000000 -0.000000 0.000000 -0.000000 -0.000000 -0.000000 0.000000 -0.000000 -0.000000 -0.000000 -0.000000 0.000000 0.000000 0.000000 0.000000 0.000000 0.000000 -0.000000 -0.000000 0.000000 -0.000000 0.000000 -0.000000 -0.000000 0.000000 -0.000000 0.000000 -0.000000 0.000000 -0.000000 -0.000000 0.000000 0.000000 0.000000 -0.000000 -0.000000 0.000000 -0.000000 0.000000 0.000000 0.000000 0.000000 -0.000000 -0.000000 0.000000 0.000000 -0.000000 0.000000 -0.000000 0.000000 0.000000 -0.000000 0.000000
  0.160993 -0.162896 -0.000000 -0.000000 0.000000 0.229930 -0.353351 0.000000 0.189285 0.000000 -0.000000 0.239259 -0.117323 0.352306 -0.262623 -0.117801 0.257605 0.071337 0.482567 -0.000000 0.000000 -0.000000 -0.080640 0.112913 0.131329 0.031332 -0.014156 -0.166847 0.053984 -0.472804 0.000000 -0.351655 0.000000 0.000000 0.000000 -0.083709 0.455598 -0.087160 0.000000 -0.000000 0.319319 -0.000000 0.245848 -0.377887 0.320258 0.193302 0.089746 -0.135370 0.006012 -0.000000 -0.000000 0.214720 0.119807 0.077125 0.000000 -1.219351 -0.000719 -0.000000 0.079840 0.035795 0.287120 0.000000 0.380006 -0.000000 0.000000 0.000000 0.135046 0.000000 -0.000000 -0.000000 -0.259127 -0.434758 -0.000000 0.277953 -0.420445 -0.171345 0.000000 -0.000000 0.000000 0.042869 -0.047794 -0.106358 -0.308451 -0.286360 -0.202677 -0.000000 0.177827 0.037714 0.000000 0.000000 0.315380 0.121475 0.169966 -0.133837 -0.362798 -0.285474 -0.244325 -0.162536 -0.000000 -0.471874
  -0.104061 0.087110 -0.000000 -0.000000 0.000000 0.011196 -0.780305 0.000000 -0.003335 -0.000000 -0.000000 0.128332 0.021814 0.173490 -0.058253 -0.276409 0.059254 0.059259 0.008483 -0.291054 0.000000 -0.000000 0.088729 0.082645 0.437260 0.227404 0.002333 -0.044541 0.030106 0.137310 -0.000000 -0.098159 0.000000 0.000000 -0.000000 0.032181 -0.182881 -0.009327 -0.000000 -0.000000 0.238220 -0.000000 0.309148 -0.261978 0.227180 -0.023671 0.097164 -0.072745 0.084699 -0.000000 0.000000 -0.052172 -0.117256 0.168436 0.000000 -0.117582 0.210808 -0.000000 0.022643 -0.096223 0.054914 -0.000000 0.049034 -0.000000 -0.000000 -0.000000 -0.154993 0.000000 -0.000000 -0.000000 -0.016960 -0.028952 0.000000 -0.124400 0.194096 0.009136 -0.000000 -0.000000 -0.000000 0.162612 -0.069838 0.153109 0.262537 -0.128685 0.067831 -0.000000 -0.037494 -0.606928 -0.000000 -0.000000 0.202129 -0.129351 0.235028 -0.268653 -0.338918 -0.026507 0.083268 -0.335318 0.000000 0.080068
  -0.058567 -0.201033 -0.000000 -0.000000 0.000000 -0.018657 -0.092921 -0.000000 0.100170 -0.000000 -0.000000 -0.071540 0.126052 -0.137658 -0.125581 0.253334 -0.021524 -0.125785 -0.252759 0.174973 -0.000000 -0.000000 0.185912 -0.024156 0.333476 0.248475 -0.022907 0.309330 0.009068 0.296651 0.000000 0.071934 0.000000 -0.000000 0.000000 -0.137579 0.057282 -0.006937 -0.000000 -0.000000 -0.102410 -0.000000 0.175585 0.117878 0.060806 0.018844 -0.005665 -0.015249 -0.038100 -0.000000 -0.000000 0.082852 -0.070680 0.075543 -0.000000 -0.258444 0.096759 0.000000 0.067235 0.029938 0.024579 0.000000 0.044294 0.000000 0.000000 -0.000000 0.024382 -0.000000 -0.000000 -0.000000 -0.020222 0.306852 0.000000 0.420689 0.172908 0.301882 -0.000000 -0.000000 -0.000000 0.136708 -0.003800 0.212960 0.299314 0.119115 -0.060671 0.000000 0.033281 0.060385 0.000000 -0.000000 -0.044411 -0.034517 0.082193 0.020837 0.021387 -0.015545 0.119895 0.313212 0.000000 0.047182
  0.900079 0.272332 -0.000000 0.000000 -0.000000 -0.246040 0.006757 -0.000000 0.175244 0.000000 0.000000 0.119299 0.006892 0.076473 0.183374 -0.164103 -0.111175 -0.121290 -0.354745 0.037324 0.000000 -0.000000 -0.066740 0.084903 -0.579804 -0.040824 -0.140432 0.123661 -0.152449 -0.044320 0.000000 -0.995822 -0.000000 -0.000000 0.000000 -0.291839 -0.029329 -0.284808 -0.000000 0.000000 0.333426 -0.000000 0.225833 0.081583 0.015816 0.100795 -0.303283 0.083686 -0.130381 -0.000000 -0.000000 -0.234725 -0.039279 0.109096 -0.000000 -0.360004 -0.016912 -0.000000 -0.153123 -0.020757 0.098641 -0.000000 0.029354 -0.000000 -0.000000 -0.000000 -0.154689 -0.000000 0.000000 -0.000000 -0.328769 0.313068 -0.000000 0.343406 -0.128320 -0.128813 0.000000 -0.000000 -0.000000 0.176320 -0.134666 0.065897 0.037972 0.115836 -0.282311 -0.000000 -0.194319 0.110099 -0.000000 -0.000000 0.198316 0.125117 0.100544 -0.391403 0.345181 -0.347805 -0.149335 -0.927470 -0.000000 0.204104
  0.431463 0.208957 -0.000000 -0.000000 -0.000000 -0.063748 -0.006115 -0.000000 0.113203 -0.000000 0.000000 -0.097495 -0.029204 0.114106 0.016441 -1.124091 -0.029369 -0.006767 0.001847 0.041954 0.000000 -0.000000 -0.008613 0.141096 -0.235193 0.167715 -0.202437 0.068966 0.014831 -0.432810 0.000000 -0.098594 -0.000000 -0.000000 0.000000 0.016178 0.454785 0.086095 -0.000000 0.000000 0.013943 -0.000000 -2.174035 -0.347221 -0.064370 0.114109 0.138872 -0.107493 -0.011640 -0.000000 -0.000000 -0.117288 0.023938 -0.113457 0.000000 0.326377 0.101589 0.000000 -0.044263 0.094955 -0.058504 0.000000 -0.006536 0.000000 0.000000 -0.000000 -0.083632 0.000000 0.000000 -0.000000 -0.015900 -0.141869 0.000000 -1.594612 -0.000000 0.037216 -0.000000 -0.000000 -0.000000 0.052400 -0.014937 0.104078 -0.195414 -0.112860 -0.201991 -0.000000 -0.120008 -0.000000 -0.000000 -0.000000 0.014847 0.046723 -0.088139 -0.031285 -1.880808 -0.075551 0.047201 -0.343050 0.000000 -0.750610
  0.044844 0.418690 -0.000000 -0.000000 0.000000 -0.242820 0.275254 -0.000000 -0.110755 -0.000000 -0.000000 -0.053463 -0.203521 0.030691 0.338116 0.182921 0.065390 -0.237503 0.137159 -0.031672 0.000000 -0.000000 -0.071602 -0.164903 0.169751 -0.174041 -0.028228 -0.043419 -0.155061 0.189383 0.000000 0.114604 -0.000000 0.000000 0.000000 0.102452 0.620245 0.053986 -0.000000 -0.000000 -0.012008 -0.000000 0.090428 -0.006436 -0.148100 -1.024226 -0.005472 0.326118 0.052049 0.000000 -0.000000 -0.249399 0.018551 -0.145348 0.000000 -0.174896 -0.100540 0.000000 0.018466 -0.162099 -0.030873 -0.000000 0.038035 -0.000000 -0.000000 0.000000 -0.021592 -0.000000 -0.000000 -0.000000 -0.061632 -1.265137 0.000000 0.197534 -1.220568 -0.380940 -0.000000 -0.000000 -0.000000 -0.209689 -1.695681 0.050912 0.014621 -0.015524 0.239751 -0.000000 0.057290 -0.291088 -0.000000 -0.000000 -0.116276 0.071704 0.126007 0.081909 0.227606 0.109137 -0.939232 0.027147 0.000000 0.045552
  0.130595 -0.047118 -0.000000 0.000000 0.000000 0.465801 -0.074717 -0.000000 0.220014 0.000000 -0.000000 0.163724 0.169291 0.044050 -0.251255 0.093211 0.138976 0.031084 -0.296960 -1.939987 0.000000 -0.000000 0.132490 0.040924 0.156721 0.210003 0.147510 -0.533867 0.098315 -0.347928 -0.000000 -0.122573 -0.000000 -0.000000 -0.000000 0.200694 0.065816 -0.005260 0.000000 -0.000000 0.095395 0.000000 0.122234 0.071557 0.194181 0.100348 0.209091 -0.164017 0.117827 -0.000000 0.000000 -0.090426 -0.212736 0.199555 -0.000000 0.203729 0.015140 -0.000000 0.019557 0.007041 0.279685 0.000000 0.287582 0.000000 -0.000000 -0.000000 0.136515 0.000000 -0.000000 -0.000000 0.203330 0.240698 0.000000 0.104497 0.103978 -0.008196 -0.000000 -0.000000 0.000000 0.009118 0.270006 0.159220 0.021087 -0.074239 -0.060217 0.000000 0.066959 0.143492 -0.000000 0.000000 0.068247 0.211927 0.257114 0.179638 -0.165709 0.196718 -0.091674 -0.332358 -0.000000 -0.268079
  -0.042937 0.205169 -0.000000 -0.000000 -0.000000 -0.140430 0.251192 -0.000000 -0.130954 -0.000000 -0.000000 -0.261204 -0.023014 -0.002080 -1.160473 0.312998 -0.049810 -0.223324 -0.178181 -0.474080 -0.000000 -0.000000 0.027175 -0.240682 -0.051366 0.073349 0.017981 -0.882714 -0.025456 0.040232 0.000000 0.100900 -0.000000 0.000000 0.000000 -0.115886 0.030244 -0.028792 0.000000 -0.000000 -0.262797 -0.000000 0.102119 -0.031372 -0.016433 -0.066782 -0.098897 0.134648 -0.080293 0.000000 0.000000 0.030758 0.086324 -0.066704 0.000000 -0.242191 0.031224 0.000000 -0.123619 0.014233 -0.203202 -0.000000 -0.177264 0.000000 0.000000 -0.000000 -0.019933 0.000000 0.000000 -0.000000 -0.059799 -0.029986 0.000000 0.082322 0.127178 -0.460278 0.000000 -0.000000 0.000000 0.035666 0.162229 -0.126737 0.019574 -0.149439 -0.059891 0.000000 -0.243588 0.102665 -0.000000 0.000000 -0.200229 0.004538 -0.106637 -0.026472 0.000130 0.102557 -0.076877 -0.118107 -0.000000 0.181912
  0.135254 -0.300230 -0.000000 0.000000 0.000000 0.131687 0.385989 -0.000000 -0.050611 -0.000000 -0.000000 -0.141863 -0.088582 -0.143646 0.019455 0.176712 -0.018413 -0.001535 -0.216330 -0.408077 -0.000000 -0.000000 0.019479 -0.177962 0.124646 -0.041354 0.102172 0.056764 -0.018528 0.332114 -0.000000 0.246278 0.000000 -0.000000 -0.000000 0.021850 -0.289043 0.174425 -0.000000 -0.000000 -0.253013 -0.000000 0.031537 -0.020456 -0.017958 -0.066174 -0.029762 0.238656 -0.008473 -0.000000 -0.000000 0.110506 -0.254602 -0.066148 0.000000 -0.071155 0.040746 -0.000000 -0.162530 0.119970 -0.166517 -0.000000 -0.091038 0.000000 0.000000 -0.000000 -0.192283 0.000000 -0.000000 -0.000000 0.141994 0.211276 -0.000000 0.067111 0.525979 -0.003531 0.000000 -0.000000 -0.000000 0.026920 0.066972 0.124032 0.037964 0.026897 0.083045 0.000000 -0.067115 0.058235 -0.000000 -0.000000 -0.019678 0.061201 -0.090313 0.142768 -0.107101 0.165022 0.100800 0.047334 -0.000000 0.005504
  0.102344 -0.757984 -0.000000 -0.000000 -0.000000 0.083168 -0.011350 -0.000000 -1.064868 0.000000 -0.000000 -1.034089 -0.637614 -1.068993 -0.000000 0.476049 -0.922255 -0.283488 1.416554 -0.000000 -0.000000 -0.000000 -0.722408 -0.546848 0.004916 -0.555108 -0.780108 -0.107021 -0.757371 0.650642 0.000000 -0.249973 0.000000 0.000000 -0.000000 -0.308631 -0.011408 -0.489351 -0.000000 -0.000000 -0.774970 0.000000 -2.082205 -0.280147 -0.653255 0.073886 -0.739597 0.248110 -0.470772 -0.000000 0.000000 -0.591575 1.011568 -0.518717 -0.000000 -0.351872 -0.412889 -0.000000 -0.785845 -0.602462 -0.936595 -0.000000 -0.545537 0.000000 -0.000000 -0.000000 -0.559394 -0.000000 0.000000 -0.000000 -0.134475 0.625202 -0.000000 0.461285 -0.069819 0.597950 0.000000 -0.000000 0.000000 -0.767760 -0.012769 -0.538051 -1.147429 0.137608 -0.220118 0.000000 -0.708727 -0.117313 -0.000000 0.000000 -0.866215 -0.774880 -0.351210 -0.126015 -0.000000 -0.094452 0.540970 0.187909 -0.000000 -1.581666
  -0.266105 0.148364 -0.000000 0.000000 0.000000 0.140169 0.443371 0.000000 -0.021549 0.000000 0.000000 0.045846 -0.067186 0.064963 -0.030006 -0.216587 -0.111295 -0.123425 0.163860 0.155815 -0.000000 -0.000000 -0.127681 -0.187264 -0.091965 0.134867 -0.128243 -0.025883 -0.123388 -0.300439 -0.000000 0.107777 -0.000000 -0.000000 -0.000000 -0.028418 0.418345 0.134575 -0.000000 0.000000 -0.039713 -0.000000 -0.411786 -0.275686 0.052342 0.053951 -0.053368 -0.044983 0.144696 0.000000 -0.000000 -0.131438 0.224081 -0.095476 -0.000000 0.138528 0.076315 -0.000000 -0.023257 0.136100 -0.099019 -0.000000 -0.034367 -0.000000 0.000000 -0.000000 -0.005698 0.000000 0.000000 -0.000000 -0.036437 -0.671889 0.000000 -0.157537 -1.080330 0.112462 0.000000 -0.000000 -0.000000 0.090519 -0.055564 -0.056796 0.118724 -0.007445 0.108574 -0.000000 -0.057999 -0.150649 -0.000000 -0.000000 -0.170221 0.110952 -0.065919 0.003278 -1.059956 -0.118788 -0.007606 -0.435385 -0.000000 -2.999023
  0.072108 0.672678 -0.000000 -0.000000 -0.000000 0.010873 -3.106969 -0.000000 -0.121455 -0.000000 -0.000000 -0.111370 -0.067536 -0.344348 -0.525745 2.840402 -0.069733 0.037913 -0.420185 0.481996 0.000000 -0.000000 -0.101457 -0.112873 0.440701 -0.066463 -0.014015 -0.111423 -0.241526 -0.156458 0.000000 0.129279 -0.000000 -0.000000 0.000000 0.221572 -0.149583 0.030743 -0.000000 0.000000 0.230653 0.000000 -0.000000 -2.133698 -0.141682 0.125144 -0.259497 0.135631 -0.065594 -0.000000 -0.000000 -0.045567 0.304090 -0.114384 -0.000000 -0.009487 -0.050109 -0.000000 -0.049962 -0.079569 0.133958 -0.000000 -0.055026 -0.000000 0.000000 0.000000 -0.136159 -0.000000 -0.000000 -0.000000 0.068754 1.523620 -0.000000 0.614229 -0.000000 0.082820 0.000000 -0.000000 -0.000000 -0.140086 -0.047414 -0.084072 -0.760014 -1.262974 0.058148 0.000000 -0.153076 -0.953824 -0.000000 -0.000000 -0.180881 -0.016576 0.025938 0.162582 -0.000000 0.401479 -0.055870 0.603088 -0.000000 -0.000000
  -0.668297 -0.113515 -0.000000 -0.000000 0.000000 0.115381 0.291335 0.000000 -0.051620 -0.000000 0.000000 -0.086958 -0.081292 -0.002622 0.151741 -0.063306 -0.037207 0.105633 -0.011520 -0.104844 0.000000 -0.000000 0.097601 -0.105198 0.045035 0.090948 0.000739 0.010674 0.121452 0.099325 0.000000 0.044398 0.000000 -0.000000 0.000000 0.019513 0.247827 0.050986 -0.000000 0.000000 0.116086 -0.000000 -0.803740 -0.046224 0.181489 0.014398 0.008314 0.262873 0.084419 -0.000000 -0.000000 0.066623 0.071635 0.006808 0.000000 -0.040058 0.046998 0.000000 0.090685 0.103699 -0.073329 -0.000000 0.085979 0.000000 -0.000000 -0.000000 0.016186 0.000000 0.000000 -0.000000 -0.088385 -0.321575 0.000000 -0.028088 -0.422159 0.145254 0.000000 -0.000000 -0.000000 0.049869 -0.078003 0.072734 -0.041761 0.073007 0.069534 0.000000 -0.032425 -0.263733 -0.000000 -0.000000 -0.138721 0.075338 0.112484 0.094632 -1.297390 -0.081848 0.051065 -0.282446 -0.000000 -2.415174
  0.196016 -0.350687 -0.000000 -0.000000 0.000000 0.115328 0.382914 -0.000000 0.142192 -0.000000 -0.000000 -0.119200 0.089948 0.123181 0.025326 0.086175 -0.098219 0.090689 -0.228825 -0.098416 -0.000000 -0.000000 -0.105279 -0.127162 -0.074681 -0.116163 0.137045 0.141598 0.119691 -0.021864 -0.000000 0.032757 -0.000000 -0.000000 -0.000000 -0.143731 -0.026958 -0.095597 -0.000000 -0.000000 -0.027754 -0.000000 0.017719 0.163570 0.134352 0.020887 -0.097035 0.199426 -0.102487 -0.000000 0.000000 -0.163120 0.027400 -0.035612 -0.000000 -0.675065 -0.093957 -0.000000 -0.128525 -0.075576 0.009743 0.000000 -0.100982 -0.000000 -0.000000 -0.000000 -0.016283 0.000000 0.000000 -0.000000 -0.115156 0.069113 0.000000 0.576619 0.040968 -0.006996 -0.000000 -0.000000 0.000000 -0.015922 0.104935 0.054266 0.108679 0.385898 -0.105087 -0.000000 -0.060912 0.206400 -0.000000 -0.000000 0.188537 -0.093771 0.097406 -0.104235 0.183227 -0.066843 0.090537 0.227392 -0.000000 0.278520
  -0.064718 0.239281 0.000000 -0.000000 -0.000000 1.276220 0.015808 -0.000000 0.030614 0.000000 -0.000000 -0.082169 -0.040783 0.074197 -0.299054 -0.145282 0.017984 1.121189 0.037776 0.092550 0.000000 -0.000000 -0.060811 0.123685 -0.140353 -0.032920 -0.098370 0.188077 0.096345 -0.160732 0.000000 -0.043422 -0.000000 -0.000000 -0.000000 -0.034031 -0.007773 -0.128772 -0.000000 -0.000000 0.055388 -0.000000 -0.154770 0.163397 0.072670 -0.823382 -0.019778 -0.035767 0.047003 0.000000 0.000000 -0.073492 0.260615 -0.074031 -0.000000 -0.212277 -0.015403 -0.000000 0.050805 0.113385 0.138613 -0.000000 -0.153339 -0.000000 -0.000000 -0.000000 0.091238 -0.000000 -0.000000 -0.000000 -0.112713 -0.268273 0.000000 0.084749 -0.136463 0.145660 -0.000000 -0.000000 0.000000 -0.013843 -1.434938 -0.084015 0.132030 -0.241076 0.048685 0.000000 0.071927 0.026395 -0.000000 -0.000000 0.067111 0.015428 0.237653 -0.006422 0.014728 -0.145514 -2.385914 0.156139 0.000000 -0.008507
  -0.049337 0.151663 -0.000000 0.000000 0.000000 0.135316 -0.120296 -0.000000 0.085672 0.000000 -0.000000 0.230135 0.168098 0.196680 0.409483 -0.206215 0.100118 -0.080390 0.244996 -1.533255 -0.000000 -0.000000 0.176905 -0.120197 0.062335 0.206451 0.038836 -0.011149 0.064063 0.147741 -0.000000 -0.229561 -0.000000 0.000000 -0.000000 -0.048635 -0.006708 0.188322 -0.000000 0.000000 0.045663 0.000000 -0.042260 -0.186708 -0.121298 0.132524 0.245429 -0.045009 0.150444 0.000000 0.000000 0.158265 -0.132857 0.141410 -0.000000 0.037669 -0.002148 -0.000000 0.137245 0.197109 -0.085951 0.000000 0.004871 -0.000000 -0.000000 -0.000000 0.197161 -0.000000 -0.000000 -0.000000 0.098666 0.396873 -0.000000 0.385582 0.259053 0.225718 0.000000 -0.000000 0.000000 0.202699 0.168660 0.050907 -0.291175 0.057172 0.192834 -0.000000 0.172490 0.495335 0.000000 -0.000000 -0.047119 0.060110 -0.019992 0.127398 -0.044389 0.088002 0.110544 -0.011562 -0.000000 -0.745368
  0.029212 -0.064267 0.000000 0.000000 -0.000000 0.277848 0.086240 -0.000000 -0.236407 -0.000000 -0.000000 -0.099162 -0.126149 -0.077092 -0.263460 0.083415 -0.135091 0.305003 0.085449 -0.038827 -0.000000 -0.000000 0.008035 -0.161149 0.289230 -0.168775 -0.002372 0.063248 0.024228 -0.215255 -0.000000 0.162796 0.000000 -0.000000 -0.000000 0.043230 0.173508 -0.050557 -0.000000 0.000000 0.079374 -0.000000 0.029208 0.112004 -0.251621 -0.857553 0.048535 0.270822 0.073429 -0.000000 -0.000000 -0.058999 -0.066551 0.080958 0.000000 -0.285767 -0.069741 -0.000000 -0.066332 0.108338 0.098834 -0.000000 -0.198490 -0.000000 -0.000000 -0.000000 -0.045182 0.000000 0.000000 -0.000000 0.088322 -0.034766 -0.000000 0.421801 -0.149601 0.289155 -0.000000 -0.000000 0.000000 -0.159222 0.125356 0.072810 0.170114 0.095365 0.230016 0.000000 0.062029 0.090812 -0.000000 -0.000000 -0.015279 -0.048303 0.072617 0.118930 0.078401 0.223524 0.369433 0.171947 -0.000000 0.264777
  0.591736 0.060483 -0.000000 -0.000000 0.000000 0.185628 -0.191752 -0.000000 -0.403882 -0.000000 -0.000000 -0.529695 -0.279506 -0.310930 -0.135861 0.007295 -0.376309 -0.063252 -0.089187 0.039111 0.000000 -0.000000 0.054068 -0.162447 0.115748 -0.120150 -0.452943 -0.042199 -0.377764 -0.310509 0.000000 -0.039510 0.000000 -0.000000 -0.000000 -0.102847 0.096218 -0.393959 -0.000000 -0.000000 -0.038551 0.000000 -0.042063 -0.433229 -0.205906 -0.118697 -0.352276 0.234742 -0.136402 -0.000000 -0.000000 0.179603 0.097860 -0.109080 -0.000000 -0.143733 0.149814 -0.000000 -0.577389 -0.211563 -0.461394 -0.000000 -0.256730 0.000000 -0.000000 -0.000000 -0.485733 -0.000000 0.000000 0.000000 -0.307048 -0.006129 -0.000000 0.080876 0.587750 0.161680 -0.000000 -0.000000 -0.000000 -0.204284 -0.583670 0.100119 -0.281605 0.007507 0.049671 0.000000 -0.510241 0.620646 -0.000000 -0.000000 -0.269895 -0.428190 -0.063049 -0.300055 -0.129498 -0.234069 -0.377174 0.199792 -0.000000 -0.088580
  0.306024 -0.159766 -0.000000 -0.000000 -0.000000 -0.113651 -0.044418 -0.000000 0.043436 -0.000000 -0.000000 0.006553 0.162088 -0.110645 0.169125 0.090309 0.092420 0.139219 -0.045728 0.094312 -0.000000 0.000000 0.148013 0.013470 0.011641 0.218734 0.049614 -0.062979 0.101753 0.016085 0.000000 -0.112321 -0.000000 0.000000 -0.000000 0.153099 0.341442 0.164306 -0.000000 0.000000 -0.069169 -0.000000 0.201467 -0.032225 -0.015352 -0.149315 -0.095520 -0.022677 0.210224 -0.000000 0.000000 0.252014 0.278543 0.142103 0.000000 0.145315 0.212325 -0.000000 0.159981 0.280300 -0.245329 -0.000000 0.015260 -0.000000 0.000000 -0.000000 -0.043402 0.000000 0.000000 -0.000000 -0.025490 -0.218213 0.000000 -0.231038 -0.354329 0.009215 -0.000000 -0.000000 0.000000 -0.029602 0.103902 0.064652 0.045130 -0.006244 -0.033828 -0.000000 -0.054128 -0.217135 -0.000000 -0.000000 -0.051591 0.038008 -0.146252 0.076850 0.191858 0.023946 -0.022938 -0.734504 -0.000000 -0.161127
  -0.173673 0.137564 -0.000000 -0.000000 -0.000000 -0.359542 0.270039 -0.000000 -0.154546 0.000000 -0.000000 -0.051066 0.299443 -0.395313 -0.211615 0.053753 -0.077701 -0.420226 -0.758547 -0.437652 -0.000000 -0.000000 0.146989 0.039658 0.678879 0.166218 0.414474 -0.134371 -0.060999 -0.099891 -0.000000 -1.392905 0.000000 0.000000 0.000000 0.575154 0.215069 0.288648 -0.000000 0.000000 -0.115689 -0.000000 -0.063966 -0.112051 0.143307 0.526374 -0.476808 0.202565 0.362134 0.000000 -0.000000 -0.004722 -0.188539 0.214670 -0.000000 0.264806 0.155907 0.000000 0.168862 0.370523 -0.547172 0.000000 -0.100098 -0.000000 -0.000000 -0.000000 0.165569 -0.000000 -0.000000 -0.000000 0.470562 0.299278 -0.000000 0.362054 0.342267 -0.348876 0.000000 -0.000000 -0.000000 0.029461 -0.239437 0.368964 0.083921 -0.108606 0.304480 0.000000 0.193592 -0.429006 -0.000000 -0.000000 -0.526280 -0.220187 -0.156343 0.643007 0.142413 0.436653 -0.593846 -0.087062 -0.000000 0.363783
  0.144757 0.000907 -0.000000 0.000000 -0.000000 0.610987 0.070549 0.000000 -0.925904 -0.000000 -0.000000 -0.592481 -0.647107 -0.855936 -1.800105 0.228481 -0.767563 0.143348 -0.057758 -0.054078 -0.000000 -0.000000 0.049527 -0.107143 -0.395634 0.026529 -1.310915 -0.028341 -0.655985 0.612679 0.000000 0.587876 -0.000000 0.000000 -0.000000 -0.375200 -0.044471 -0.518215 -0.000000 -0.000000 -0.925897 -0.000000 1.102124 -0.931410 -0.268870 0.049734 -0.707831 0.053608 -0.191691 0.000000 -0.000000 -0.348713 0.236766 -0.064929 -0.000000 -0.350469 0.123426 -0.000000 -0.720558 -0.645937 -0.947772 -0.000000 -0.390254 -0.000000 0.000000 -0.000000 -0.624925 -0.000000 0.000000 -0.000000 -1.086308 -0.260446 -0.000000 -0.115282 -0.414174 0.523184 -0.000000 -0.000000 -0.000000 -0.543934 -0.515739 -0.052897 -0.427286 -0.242154 -0.138226 0.000000 -0.601212 -0.109001 -0.000000 -0.000000 -0.366943 -0.535910 -0.164793 -0.488696 -0.223281 -0.643974 -0.000000 -0.115627 -0.000000 -0.295167
  -0.261521 0.011772 -0.000000 0.000000 0.000000 -0.152699 -0.199695 0.000000 0.256536 0.000000 -0.000000 0.322039 0.083401 0.245763 0.299285 -0.171119 0.227632 -0.072199 0.059578 0.162320 0.000000 0.000000 0.232070 0.048304 0.078054 0.332163 0.033610 0.073325 0.078802 -0.073414 -0.000000 -0.087762 -0.000000 0.000000 -0.000000 -0.059298 0.128308 0.294488 -0.000000 -0.000000 -0.029546 -0.000000 0.162218 0.036452 0.139795 0.012208 0.268694 -0.238255 0.281032 0.000000 0.000000 0.283420 -0.000372 0.326442 -0.000000 0.259332 0.111887 0.000000 0.227727 0.103454 -0.112524 0.000000 0.148229 -0.000000 -0.000000 0.000000 0.083879 -0.000000 -0.000000 -0.000000 -0.052583 -0.737131 -0.000000 -0.729326 -0.436525 0.001711 -0.000000 -0.000000 -0.000000 0.174214 0.167109 0.075577 0.155419 -0.015594 0.140104 0.000000 0.308955 -0.107005 0.000000 -0.000000 -0.003273 0.219066 0.058688 -0.161877 -0.028210 0.148386 0.066686 -0.789220 -0.000000 -0.366058
  0.631547 0.392999 -0.000000 -0.000000 0.000000 -0.082985 0.323136 -0.000000 -0.043618 -0.000000 0.000000 -0.142659 0.068339 -0.022476 0.016334 -0.259936 -0.083464 -0.130933 -0.085433 0.075080 -0.000000 -0.000000 0.018889 -0.001796 -0.153630 -0.007226 -0.141841 -0.005986 -0.105127 -0.426608 0.000000 -0.041250 -0.000000 0.000000 -0.000000 -0.068824 0.233058 0.095333 -0.000000 -0.000000 0.038746 0.000000 -2.137700 -0.439461 -0.037904 0.205528 -0.121984 -0.341554 -0.028499 0.000000 -0.000000 0.012465 0.190270 0.095772 0.000000 0.176039 0.070555 -0.000000 -0.015825 0.039413 -0.143115 -0.000000 0.122755 -0.000000 0.000000 -0.000000 -0.086279 -0.000000 0.000000 -0.000000 0.093862 -0.819548 -0.000000 -0.814466 -0.000000 0.040643 -0.000000 -0.000000 0.000000 0.030246 -0.002822 0.014342 -0.110790 -0.170053 -0.107610 0.000000 -0.160656 -0.000000 0.000000 -0.000000 -0.189557 0.050581 -0.101598 0.025676 -1.501406 -0.000302 0.037735 -0.036533 -0.000000 -0.508279
  0.000000 -0.000000 -0.000000 -0.000000 -0.000000 0.000000 0.000000 -0.000000 0.000000 0.000000 -0.000000 0.000000 -0.000000 0.000000 -0.000000 0.000000 0.000000 0.000000 -0.000000 -0.000000 0.000000 -0.000000 0.000000 0.000000 0.000000 0.000000 0.000000 0.000000 0.000000 0.000000 -0.000000 -0.000000 -0.000000 -0.000000 0.000000 -0.000000 0.000000 0.000000 -0.000000 -0.000000 -0.000000 -0.000000 -0.000000 0.000000 0.000000 -0.000000 -0.000000 0.000000 0.000000 0.000000 0.000000 -0.000000 -0.000000 0.000000 -0.000000 -0.000000 0.000000 0.000000 0.000000 0.000000 0.000000 -0.000000 0.000000 -0.000000 -0.000000 0.000000 -0.000000 -0.000000 -0.000000 -0.000000 -0.000000 0.000000 -0.000000 0.000000 0.000000 0.000000 -0.000000 -0.000000 0.000000 0.000000 0.000000 -0.000000 0.000000 0.000000 -0.000000 0.000000 -0.000000 0.000000 0.000000 -0.000000 0.000000 -0.000000 0.000000 -0.000000 0.000000 -0.000000 0.000000 0.000000 -0.000000 0.000000
  -0.340606 -0.128394 -0.000000 -0.000000 0.000000 0.137799 0.094605 -0.000000 0.181993 -0.000000 -0.000000 -0.051037 0.124028 -0.049764 0.104372 -0.369531 0.138232 0.195606 0.124732 0.190612 0.000000 -0.000000 0.001532 0.109580 0.025677 0.181586 0.009555 -0.000669 0.114532 -0.102782 -0.000000 -0.025784 0.000000 0.000000 -0.000000 0.184165 0.129488 0.131315 -0.000000 0.000000 0.215736 -0.000000 -0.150515 0.087965 0.164122 0.125009 0.011073 -0.040605 0.207602 -0.000000 -0.000000 0.217705 -0.011622 0.214277 -0.000000 -0.016379 0.209097 -0.000000 0.004609 0.207229 -0.117524 0.000000 0.081880 0.000000 0.000000 -0.000000 -0.025290 0.000000 0.000000 -0.000000 0.021117 -0.551896 0.000000 -0.648233 -0.744288 0.232825 -0.000000 -0.000000 0.000000 0.172271 -0.063495 0.048801 0.239480 0.054407 0.125568 -0.000000 -0.041038 -2.617623 -0.000000 -0.000000 -0.026939 0.057078 -0.016764 0.007914 -0.384985 0.103635 0.061853 -0.272874 -0.000000 -0.189186
  1.707688 0.046912 -0.000000 0.000000 -0.000000 -0.137484 -0.000000 -0.000000 0.136679 0.000000 -0.000000 -0.219528 -0.322752 0.087565 0.464238 2.332760 -0.079876 0.080224 -0.441596 0.245523 -0.000000 -0.000000 -0.299791 -0.025718 -0.313564 -0.307313 -0.207356 0.246949 -0.220546 -0.000000 -0.000000 -1.199175 0.000000 0.000000 -0.000000 -0.751461 -1.280574 -0.509709 -0.000000 0.000000 0.343328 -0.000000 -0.000000 0.585180 -0.112058 -0.474982 -0.693171 0.015273 -0.326930 0.000000 -0.000000 -1.182279 0.073860 -0.184082 0.000000 -0.021087 -0.328534 0.000000 -0.338381 -0.149772 0.193516 -0.000000 0.116639 -0.000000 -0.000000 -0.000000 -0.240513 -0.000000 0.000000 0.000000 -0.714102 0.000000 -0.000000 0.497590 0.000000 -0.081544 -0.000000 -0.000000 -0.000000 -0.145257 0.367710 -0.286255 -0.087531 -0.162778 -0.247532 -0.000000 -0.258157 0.000000 -0.000000 -0.000000 -0.270279 -0.151978 -0.235437 -0.615624 -0.000000 -0.691630 0.010241 -2.374512 -0.000000 -0.000000
  0.175959 -0.299627 -0.000000 -0.000000 0.000000 0.047095 0.177934 0.000000 -0.007830 0.000000 0.000000 0.073877 -0.230530 0.000711 0.247482 0.052153 0.122326 0.164171 0.064393 -1.902839 -0.000000 -0.000000 -0.092110 -0.025546 0.204641 -0.136623 0.044775 0.098821 -0.081998 -0.003912 0.000000 -0.093500 0.000000 -0.000000 0.000000 -0.143514 -0.679746 -0.102383 -0.000000 -0.000000 0.229136 -0.000000 0.044571 0.223341 -0.047286 -0.031093 0.134680 0.100035 -0.018664 -0.000000 0.000000 -0.041856 -0.001894 -0.115669 0.000000 -0.268326 -0.162391 0.000000 0.091466 0.023194 0.107892 -0.000000 -0.079750 -0.000000 -0.000000 -0.000000 -0.120322 -0.000000 0.000000 -0.000000 -0.128507 -0.048975 -0.000000 0.269830 0.042544 0.001553 0.000000 -0.000000 -0.000000 0.059153 0.171425 -0.101034 0.219795 0.134420 -0.256450 0.000000 -0.121620 0.347246 -0.000000 -0.000000 0.068274 -0.160173 0.128093 -0.242720 -0.023395 -0.232612 0.081771 0.160280 -0.000000 0.220630
  0.114996 -0.110456 -0.000000 -0.000000 0.000000 -0.088045 0.118089 -0.000000 0.073741 0.000000 -0.000000 0.155816 0.198018 -0.008217 0.012598 -0.014973 0.013132 -0.079153 0.158551 -0.129006 0.000000 0.000000 0.133875 0.080859 -0.207482 0.082581 0.120459 -0.169661 0.171255 0.173803 -0.000000 0.062906 0.000000 -0.000000 -0.000000 -0.031619 0.011899 0.177968 -0.000000 0.000000 -0.092822 -0.000000 -0.016414 -0.075453 0.096323 0.075203 0.143739 0.029115 0.251975 0.000000 -0.000000 0.118637 -0.033410 0.213593 -0.000000 0.170835 0.122660 0.000000 0.015394 0.292830 0.023926 -0.000000 -0.067321 0.000000 -0.000000 -0.000000 0.255362 0.000000 0.000000 -0.000000 0.065286 0.061633 0.000000 -0.117437 -0.555284 0.000486 -0.000000 -0.000000 -0.000000 -0.041129 0.576253 0.120205 0.194338 -0.144020 0.097512 -0.000000 0.175719 -0.581397 -0.000000 -0.000000 0.093745 0.210521 -0.124506 0.150559 -0.585723 0.232697 -0.112012 0.075827 0.000000 -0.342097
  -0.018698 0.861316 -0.000000 -0.000000 0.000000 0.000000 0.016656 0.000000 0.071457 -0.000000 -0.000000 0.402368 -0.481401 0.389467 -0.026925 0.091510 0.119325 2.020860 -0.631554 -0.434240 0.000000 0.000000 -0.347761 0.038854 -0.940960 -0.447037 -1.025020 -0.404850 0.012173 -0.278883 -0.000000 -0.325622 0.000000 0.000000 -0.000000 -0.725530 0.532511 -0.443909 -0.000000 0.000000 -0.057937 0.000000 0.170527 -0.159765 0.122967 -0.000000 0.226821 -0.097321 -0.582894 0.000000 -0.000000 -1.190602 0.433578 -0.633367 -0.000000 0.204397 -0.510704 -0.000000 -0.157959 -0.506079 0.217152 -0.000000 0.050969 -0.000000 0.000000 -0.000000 -0.474884 -0.000000 0.000000 -0.000000 -0.677386 0.923625 -0.000000 -0.432114 1.272215 0.006821 0.000000 -0.000000 -0.000000 0.296467 -0.000000 -0.635821 -0.157482 -5.276843 -0.560119 0.000000 -0.449594 0.953584 -0.000000 -0.000000 -0.088360 -0.282206 -0.053222 -1.005096 0.669541 -0.742628 -0.000000 -1.117292 -0.000000 0.434329
  -0.008251 0.249173 0.000000 -0.000000 -0.000000 -0.247214 0.083189 -0.000000 -0.109097 0.000000 -0.000000 -0.054078 -0.050752 -0.160007 -0.657704 0.408135 -0.179758 -0.173073 -0.090539 -1.623781 -0.000000 -0.000000 -0.157528 -0.178959 0.277967 0.027438 -0.046458 -0.124347 -0.171508 0.477943 0.000000 0.154133 -0.000000 -0.000000 0.000000 0.051089 -0.127292 -0.100326 -0.000000 0.000000 -0.254926 -0.000000 0.249500 -0.168475 -0.137738 -0.401239 -0.050870 0.337835 0.030109 -0.000000 -0.000000 0.024747 -0.067581 0.060821 0.000000 -0.392077 -0.071782 0.000000 -0.090455 -0.085046 -0.188672 -0.000000 -0.213293 -0.000000 -0.000000 -0.000000 -0.170270 -0.000000 -0.000000 -0.000000 -0.014167 0.050315 -0.000000 -0.047554 0.100193 -0.100250 0.000000 -0.000000 0.000000 -0.018280 0.158039 0.097219 -0.074374 -0.131969 0.091263 0.000000 -0.046965 0.042393 -0.000000 0.000000 -0.197201 -0.047418 -0.096425 0.067584 -0.109563 0.196638 0.188442 -0.144076 -0.000000 -0.095640
  -0.300505 0.549461 -0.000000 0.000000 0.000000 0.433019 -0.220453 -0.000000 -0.646737 -0.000000 -0.000000 -0.657138 -0.186729 -0.400503 -0.517835 -0.066012 -0.622118 0.082057 -0.160962 -0.157470 -0.000000 -0.000000 -0.168956 -0.165323 -0.406965 -0.165705 -0.701129 0.270622 -0.686395 -0.250140 0.000000 -0.329417 0.000000 -0.000000 -0.000000 -0.447167 -0.072787 -0.352318 -0.000000 -0.000000 -0.320780 -0.000000 -0.817316 -0.340248 -0.059447 -0.183867 -0.343724 0.245303 -0.082521 -0.000000 -0.000000 -0.084662 0.083221 -0.176843 0.000000 -0.141330 -0.143549 0.000000 -0.660831 -0.024065 -0.342320 -0.000000 -0.128141 -0.000000 0.000000 -0.000000 -0.648398 -0.000000 0.000000 0.000000 -0.644560 -0.484814 -0.000000 0.036476 -0.270379 -0.036509 -0.000000 -0.000000 0.000000 -0.404507 -0.428314 -0.041481 -0.313682 -0.191068 -0.159600 0.000000 -0.378999 -0.712860 -0.000000 -0.000000 -0.595309 -0.524398 -0.361048 -0.672444 -0.075030 -0.359730 -0.151013 0.666808 -0.000000 -0.281340
  0.191002 -0.270873 -0.000000 0.000000 -0.000000 0.021643 0.211392 -0.000000 0.180644 0.000000 -0.000000 0.081645 0.127720 0.203060 -0.139707 0.170092 -0.019662 0.177309 -0.104594 0.061564 -0.000000 -0.000000 -0.018765 0.178457 -0.242097 0.047653 -0.089180 0.195013 0.015823 0.331652 -0.000000 0.043280 -0.000000 -0.000000 0.000000 0.107113 -0.018922 0.003876 -0.000000 -0.000000 0.201090 -0.000000 -0.267034 0.147776 0.202244 -0.090872 -0.104865 0.081319 -0.031362 0.000000 0.000000 0.170513 -0.089163 0.012827 -0.000000 -0.212091 -0.092135 0.000000 0.139805 -0.008917 0.116336 -0.000000 0.095722 0.000000 -0.000000 0.000000 0.043507 -0.000000 0.000000 -0.000000 -0.091797 0.111278 -0.000000 0.141905 0.069155 0.157658 0.000000 -0.000000 0.000000 -0.017231 0.055584 -0.012297 0.092060 0.165350 -0.105812 -0.000000 -0.030540 0.321859 0.000000 -0.000000 -0.056502 0.048919 0.217596 -0.085451 0.009148 -0.142518 0.056108 0.117966 -0.000000 0.237252
  0.047930 0.589950 -0.000000 -0.000000 -0.000000 0.297237 0.380747 -0.000000 0.000577 0.000000 -0.000000 -0.052783 0.017492 -0.099906 -0.516739 -1.398073 -0.014267 0.089518 -0.668622 0.184760 -0.000000 -0.000000 0.064599 -0.071253 -0.087978 -0.015556 0.123027 -0.010150 0.049753 -0.430529 0.000000 -0.237111 0.000000 -0.000000 0.000000 0.035468 -0.287396 0.075249 -0.000000 0.000000 0.047229 -0.000000 1.399771 -0.356352 -0.135730 0.162593 -0.042811 -1.197438 0.014165 -0.000000 -0.000000 -0.185385 0.094473 -0.076800 0.000000 -0.010023 -0.080194 -0.000000 0.132754 0.072316 0.166683 -0.000000 -0.125514 -0.000000 -0.000000 -0.000000 0.078921 0.000000 0.000000 -0.000000 0.094916 0.455297 -0.000000 0.189196 0.828704 -0.057469 -0.000000 -0.000000 0.000000 -0.089503 0.013925 -0.095992 -0.362810 -0.267551 0.129919 0.000000 -0.091944 -0.295223 -0.000000 -0.000000 -0.079424 0.041600 0.022126 -0.041545 -0.034573 -0.007032 -0.049247 0.085384 0.000000 -0.076996
  0.142665 -0.140332 -0.000000 -0.000000 -0.000000 0.804231 -0.054963 -0.000000 0.005921 -0.000000 -0.000000 0.201136 0.192845 0.137336 -0.726120 0.251124 0.153938 0.695244 -0.315366 -0.768252 0.000000 -0.000000 0.102580 0.050729 0.294129 -0.060497 0.101933 -0.712723 0.060160 0.070661 -0.000000 0.013101 0.000000 0.000000 -0.000000 -0.148741 -0.024851 0.158198 0.000000 -0.000000 -0.145381 -0.000000 0.158379 0.022526 0.128385 0.081793 -0.038359 -0.156330 -0.039367 -0.000000 -0.000000 -0.190678 0.232609 0.074967 0.000000 0.143671 -0.058301 0.000000 0.033640 0.110950 0.002878 0.000000 0.031873 -0.000000 0.000000 -0.000000 0.152920 0.000000 0.000000 0.000000 0.154589 0.029783 0.000000 0.337008 -0.008201 0.738783 0.000000 -0.000000 0.000000 0.075859 0.076231 -0.012311 0.161847 0.204275 0.067063 -0.000000 0.018086 0.167030 0.000000 0.000000 -0.067337 0.135908 -0.046979 0.267199 0.064235 0.097955 0.509699 0.042635 0.000000 0.165574
  0.227431 0.284642 -0.000000 0.000000 -0.000000 0.037611 -1.292204 0.000000 0.221333 -0.000000 -0.000000 0.173608 0.036852 0.117282 -0.181403 -0.118200 0.260274 -0.030602 0.699997 -0.000000 -0.000000 -0.000000 0.101870 0.206039 -0.074209 0.127441 -0.012065 -0.203454 0.077049 -0.816012 0.000000 -0.426635 -0.000000 -0.000000 -0.000000 -0.210343 -3.226714 0.071369 0.000000 -0.000000 0.070768 0.000000 -0.829634 -0.198977 0.247477 0.210154 0.128473 -0.179947 -0.006517 -0.000000 0.000000 0.066363 -0.036123 -0.052165 -0.000000 -0.092526 0.030570 0.000000 0.239362 0.068885 0.024961 -0.000000 0.320338 0.000000 0.000000 -0.000000 0.124946 0.000000 -0.000000 -0.000000 -0.042589 -0.452646 0.000000 0.159436 -0.137474 -0.426332 0.000000 0.000000 0.000000 -0.023064 -0.014839 -0.083565 -0.098935 -0.115859 -0.264288 -0.000000 0.022777 -0.066931 0.000000 0.000000 0.145541 0.107946 0.289203 -0.161785 0.000000 -0.230299 -0.222087 -0.022682 0.000000 -0.365802
  0.121287 -0.136383 -0.000000 -0.000000 0.000000 -0.129472 0.219118 -0.000000 0.165073 0.000000 -0.000000 0.223776 0.026778 0.227986 -0.063369 0.012591 0.006750 0.076909 -0.312101 0.036258 -0.000000 -0.000000 0.146534 0.020032 0.097679 0.109549 -0.004126 0.472533 -0.024968 0.259333 0.000000 -0.132866 0.000000 -0.000000 0.000000 -0.083223 0.214543 -0.097409 -0.000000 -0.000000 0.239473 -0.000000 0.122290 0.137324 0.063732 -0.068284 0.155478 0.239810 0.105192 0.000000 -0.000000 -0.031022 -0.259383 0.108432 0.000000 -0.051600 0.056676 -0.000000 0.054033 -0.064458 0.166062 0.000000 0.289574 -0.000000 0.000000 -0.000000 -0.033369 -0.000000 -0.000000 -0.000000 -0.085078 0.245008 -0.000000 0.540050 -0.149451 0.141478 0.000000 -0.000000 0.000000 0.016323 0.259825 -0.036700 0.216202 0.215114 -0.308623 0.000000 -0.066507 0.207238 0.000000 -0.000000 0.054383 0.127701 0.303810 -0.011271 0.048222 -0.076891 0.209780 0.350709 0.000000 -0.001275
  0.114428 -0.030647 0.000000 0.000000 -0.000000 0.047314 0.002703 0.000000 0.006123 -0.000000 -0.000000 0.242880 0.222490 0.000839 -0.221051 0.255955 -0.032789 -0.900036 0.156243 0.232175 0.000000 -0.000000 0.163336 0.052577 -0.104361 0.082077 0.164808 -0.729286 0.080241 0.317915 0.000000 0.092748 0.000000 -0.000000 0.000000 0.096315 0.101794 0.106289 -0.000000 0.000000 -0.236287 -0.000000 -0.162281 0.021271 0.142667 -0.041122 0.010675 0.186234 0.057841 -0.000000 -0.000000 0.183569 0.084849 0.216973 -0.000000 0.041889 0.013445 -0.000000 0.008464 0.137941 -0.050451 0.000000 -0.134045 -0.000000 0.000000 -0.000000 0.190895 -0.000000 0.000000 -0.000000 -0.024120 0.032944 0.000000 0.277777 -0.037721 -0.858620 0.000000 -0.000000 -0.000000 0.123485 -0.381518 0.158809 0.060971 0.132365 0.021926 -0.000000 0.116877 0.277911 0.000000 -0.000000 -0.023223 0.143243 -0.054618 -0.016072 0.092435 -0.007438 -0.201969 0.141440 0.000000 0.154463
  0.291825 0.273753 0.000000 -0.000000 -0.000000 -0.017706 0.131791 0.000000 -0.152986 -0.000000 -0.000000 0.013698 0.003011 -0.179243 0.179700 0.132333 0.097497 0.099243 0.049196 0.045961 -0.000000 -0.000000 -0.148559 0.005386 0.034345 0.033468 -0.033816 0.141981 -0.059459 0.325185 -0.000000 0.162956 -0.000000 0.000000 -0.000000 0.108301 0.120910 -0.061262 -0.000000 -0.000000 0.121126 -0.000000 0.111889 -0.251610 0.018562 -0.537495 -0.202825 -0.034694 0.089011 0.000000 -0.000000 -0.109705 0.167200 0.018820 -0.000000 -0.037506 -0.063299 -0.000000 0.011927 0.110589 0.076068 0.000000 -0.050439 0.000000 -0.000000 0.000000 0.055242 -0.000000 0.000000 -0.000000 0.207258 -1.922903 0.000000 0.103577 -1.380669 0.130049 -0.000000 -0.000000 0.000000 -0.085109 0.061338 -0.099981 0.109589 -0.364103 0.095594 -0.000000 -0.047745 0.040686 -0.000000 -0.000000 -0.235584 -0.071815 0.174463 0.063790 -0.123844 0.181990 0.154344 0.215717 -0.000000 -0.229674
  -0.089764 0.361940 -0.000000 0.000000 -0.000000 0.101566 -0.192356 -0.000000 0.109916 -0.000000 0.000000 0.170094 0.219319 0.093225 -0.166150 -0.117330 -0.048253 0.052434 -0.268334 0.286945 -0.000000 -0.000000 0.167890 -0.054927 -0.292527 0.029179 0.175630 0.185205 0.132236 -0.320104 0.000000 -0.165085 0.000000 -0.000000 0.000000 -0.014745 0.363809 0.179987 -0.000000 0.000000 0.159894 -0.000000 -0.130319 0.174000 0.145331 -0.076444 -0.002361 -0.192935 0.170769 0.000000 -0.000000 0.141744 0.276740 0.047224 0.000000 -0.297881 0.086618 -0.000000 0.188450 0.187931 0.070937 -0.000000 0.101115 0.000000 -0.000000 0.000000 0.082640 -0.000000 -0.000000 -0.000000 0.104709 0.192206 -0.000000 -0.184766 -0.192128 -0.066689 -0.000000 -0.000000 0.000000 0.049938 0.085662 0.217256 -0.012812 -0.182120 -0.164174 -0.000000 0.118886 0.140164 0.000000 0.000000 0.082816 0.170845 0.063992 0.008178 0.149266 0.048242 -0.060214 0.182342 -0.000000 -0.042668
  0.276576 -0.299438 -0.000000 0.000000 -0.000000 -0.006767 0.238735 -0.000000 -0.027762 0.000000 -0.000000 -0.014603 0.120005 0.061832 -0.159663 0.201529 0.077780 0.221916 -0.101651 0.090478 -0.000000 -0.000000 -0.154960 0.149642 0.008193 0.089598 0.038692 0.121242 -0.080540 0.119726 -0.000000 0.072672 -0.000000 -0.000000 -0.000000 -0.130828 -0.047923 0.096554 -0.000000 0.000000 0.107866 -0.000000 -0.180819 0.186888 0.127761 -0.048205 0.017024 0.205852 0.017153 0.000000 0.000000 0.018479 -0.178374 -0.136383 -0.000000 -0.523693 0.059875 0.000000 -0.079315 0.077877 -0.018873 -0.000000 -0.016145 -0.000000 -0.000000 -0.000000 -0.041484 0.000000 -0.000000 -0.000000 -0.169074 0.235591 -0.000000 0.263859 0.097254 0.043118 0.000000 -0.000000 -0.000000 -0.008946 0.067101 -0.103441 0.042214 0.332741 -0.237273 0.000000 0.055738 0.191082 0.000000 -0.000000 0.112599 0.060125 0.183582 0.010365 0.193882 -0.211074 0.087179 0.246752 -0.000000 0.182666
  0.108734 0.100979 -0.000000 0.000000 -0.000000 -0.966965 -0.037415 -0.000000 0.023190 -0.000000 -0.000000 0.040513 0.115864 0.091712 0.225505 0.511716 0.014492 -2.096836 0.067426 0.128322 0.000000 -0.000000 0.018988 -0.021975 -0.262986 0.164324 0.002114 -0.068010 0.225158 0.202681 0.000000 0.019673 0.000000 -0.000000 -0.000000 0.164619 0.027030 0.180437 -0.000000 0.000000 0.033151 -0.000000 0.053706 0.010809 0.136573 -0.034035 0.043278 0.290616 0.170260 -0.000000 -0.000000 -0.045010 -0.057678 -0.023286 -0.000000 0.077483 0.152936 0.000000 0.259104 0.068210 -0.069491 0.000000 -0.045058 0.000000 0.000000 -0.000000 0.287111 -0.000000 -0.000000 -0.000000 -0.013870 0.129035 -0.000000 0.107223 -0.097115 -2.046734 -0.000000 -0.000000 0.000000 0.078687 -1.050646 0.135813 0.203419 0.097364 -0.055494 -0.000000 0.218018 0.173954 0.000000 -0.000000 -0.105704 0.134172 0.114383 -0.052725 0.118739 0.123041 -1.562284 0.075166 0.000000 0.088108
  0.000000 -0.000000 -0.000000 0.000000 -0.000000 0.000000 0.000000 -0.000000 0.000000 0.000000 -0.000000 0.000000 0.000000 -0.000000 -0.000000 0.000000 0.000000 0.000000 -0.000000 -0.000000 0.000000 -0.000000 0.000000 -0.000000 -0.000000 -0.000000 0.000000 0.000000 -0.000000 -0.000000 -0.000000 -0.000000 -0.000000 -0.000000 -0.000000 0.000000 -0.000000 -0.000000 -0.000000 -0.000000 0.000000 -0.000000 0.000000 0.000000 0.000000 -0.000000 -0.000000 0.000000 0.000000 0.000000 -0.000000 0.000000 -0.000000 0.000000 0.000000 -0.000000 0.000000 -0.000000 0.000000 0.000000 -0.000000 -0.000000 -0.000000 -0.000000 -0.000000 -0.000000 -0.000000 -0.000000 -0.000000 -0.000000 -0.000000 0.000000 0.000000 0.000000 -0.000000 -0.000000 0.000000 -0.000000 0.000000 0.000000 0.000000 -0.000000 0.000000 0.000000 -0.000000 0.000000 -0.000000 0.000000 -0.000000 -0.000000 -0.000000 -0.000000 0.000000 -0.000000 0.000000 -0.000000 0.000000 0.000000 -0.000000 0.000000
  1.161194 0.251468 -0.000000 0.000000 -0.000000 0.142666 0.013153 -0.000000 -0.025049 0.000000 -0.000000 -0.007183 0.253466 -0.097741 -0.155461 0.509354 -0.043392 0.175011 0.013816 0.077032 0.000000 0.000000 -0.016035 -0.129979 0.157656 0.039840 0.183147 -0.148505 -0.010620 0.453218 0.000000 0.212751 0.000000 -0.000000 0.000000 0.177983 0.201304 0.040764 -0.000000 -0.000000 -0.258293 -0.000000 -0.410428 0.128544 0.019434 0.120394 0.132647 -0.078761 0.041045 0.000000 0.000000 0.304474 0.073307 0.097114 0.000000 -0.011871 0.174803 -0.000000 -0.050412 0.133913 -0.315042 0.000000 0.071750 -0.000000 0.000000 -0.000000 0.122664 -0.000000 0.000000 -0.000000 0.220178 -1.302056 0.000000 1.015750 0.096460 0.221781 0.000000 -0.000000 0.000000 -0.044893 -0.031751 0.169975 0.055692 -0.377607 0.048758 0.000000 0.222119 -0.021205 -0.000000 -0.000000 -0.113932 0.014184 -0.256287 0.154199 -1.913366 0.095102 -0.040976 1.013973 -0.000000 -3.294433
  0.066373 -0.299879 -0.000000 -0.000000 -0.000000 0.112550 0.144607 0.000000 0.022706 0.000000 -0.000000 0.051027 0.102735 0.047324 0.245598 -0.460232 0.048877 0.384942 0.127009 0.119036 -0.000000 -0.000000 0.054151 -0.158296 -0.307902 0.137907 -0.174275 0.159223 -0.067211 -0.302799 0.000000 0.220086 0.000000 -0.000000 -0.000000 -0.001659 0.241704 0.152179 -0.000000 0.000000 -0.099390 0.000000 0.235636 0.006252 -0.050083 -0.130982 0.003157 -0.062076 -0.070727 -0.000000 -0.000000 -0.003088 0.154892 -0.140945 0.000000 0.029369 -0.031513 -0.000000 0.063219 0.160982 -0.079331 -0.000000 -0.134814 0.000000 -0.000000 -0.000000 0.057420 0.000000 -0.000000 -0.000000 0.064339 0.476779 -0.000000 0.254384 0.727272 0.373302 0.000000 -0.000000 -0.000000 -0.008159 0.175597 0.157256 0.038228 0.120070 0.100730 -0.000000 -0.037912 -0.423362 -0.000000 -0.000000 -0.059246 -0.085580 -0.014466 0.160629 -0.093726 0.027383 0.295338 0.221271 0.000000 -0.109983
  -0.474133 0.396919 -0.000000 0.000000 -0.000000 0.152341 -0.357767 0.000000 -0.568977 -0.000000 -0.000000 -0.602540 -0.232330 -0.869425 -0.543035 0.072917 -0.818614 -0.096152 -0.149967 0.048438 -0.000000 -0.000000 -0.112765 -0.096768 -0.425202 -0.162379 -0.363306 0.281435 -0.680093 -0.241900 -0.000000 -0.445764 0.000000 -0.000000 0.000000 -0.542878 0.146471 -0.549559 -0.000000 -0.000000 -0.226286 0.000000 -0.622592 -0.117340 -0.166934 -1.029656 -0.542624 0.300172 -0.094149 0.000000 -0.000000 -0.146291 -0.033172 -0.202869 -0.000000 -0.119342 -0.139930 -0.000000 -0.823796 -0.192847 -0.467705 -0.000000 -0.146106 0.000000 0.000000 0.000000 -0.755195 0.000000 -0.000000 0.000000 -0.867316 -0.245708 -0.000000 -0.462889 -0.129739 0.096982 0.000000 -0.000000 0.000000 -0.257602 0.195194 -0.173934 -0.138811 -0.181113 -0.198593 -0.000000 -0.662107 -0.574675 -0.000000 -0.000000 -0.473142 -0.605874 -0.329055 -1.031616 0.321508 -0.480925 0.147474 -0.008300 0.000000 -0.059426
  0.077928 0.285711 0.000000 -0.000000 -0.000000 -0.275149 0.048875 0.000000 -0.027174 0.000000 -0.000000 -0.058071 0.048290 0.096836 -0.201732 0.170685 -0.104876 -0.512505 -0.156217 0.090862 0.000000 -0.000000 0.107522 -0.049106 -0.225442 -0.089653 0.001114 0.411010 0.141347 0.006858 -0.000000 -0.030569 0.000000 -0.000000 -0.000000 -0.028889 -0.037960 -0.157742 -0.000000 0.000000 -0.252012 -0.000000 -0.154205 0.211239 0.024023 -0.558999 0.040481 -0.168512 0.126103 -0.000000 -0.000000 -0.050888 0.043762 -0.111352 -0.000000 -0.124426 0.107156 0.000000 0.159176 -0.083443 -0.109647 -0.000000 -0.080439 -0.000000 0.000000 -0.000000 0.123535 -0.000000 0.000000 -0.000000 -0.208774 -0.096625 0.000000 -0.063002 -0.251908 -0.127672 0.000000 -0.000000 0.000000 -0.088522 0.792744 -0.007340 0.067880 -0.075857 -0.060816 0.000000 0.070761 0.080624 -0.000000 -0.000000 -0.003753 -0.051716 -0.070543 -0.067628 0.017147 -0.149739 1.357749 0.114785 -0.000000 0.053637
  -0.071937 -0.408709 -0.000000 -0.000000 -0.000000 0.112773 0.008569 -0.000000 0.011343 -0.000000 -0.000000 -0.028679 0.045162 0.124479 0.029154 -0.319484 -0.014431 0.209281 0.211112 0.177140 -0.000000 0.000000 0.294260 0.160631 -0.079653 0.277457 0.042365 -0.150221 0.149769 -0.166476 0.000000 -0.037873 -0.000000 0.000000 0.000000 0.018768 0.079109 0.188655 -0.000000 0.000000 0.244975 -0.000000 -0.133059 0.090735 0.215540 -0.101280 -0.041017 -0.061694 0.199631 -0.000000 -0.000000 0.412612 0.017990 0.263436 -0.000000 -0.033942 0.216685 -0.000000 0.242515 0.249652 -0.171253 0.000000 0.176570 -0.000000 -0.000000 -0.000000 0.102838 -0.000000 0.000000 -0.000000 0.109156 -0.215809 0.000000 -0.356793 -0.067543 0.075623 -0.000000 -0.000000 0.000000 0.073800 0.019978 0.113544 0.049654 -0.021402 0.215928 0.000000 0.036242 -1.202986 -0.000000 -0.000000 0.012938 0.251464 0.088829 0.011603 -0.058448 0.201867 0.026135 -0.454916 -0.000000 -0.073461
  -0.492754 0.494154 -0.000000 0.000000 -0.000000 -0.072428 -0.144692 0.000000 0.113417 -0.000000 -0.000000 0.198926 0.058510 -0.139287 -0.149067 0.335614 0.000119 0.135360 -0.126090 0.110221 0.000000 0.000000 0.028355 -0.017863 0.003016 0.005484 0.003220 -0.111802 0.143221 0.342335 -0.000000 0.087222 -0.000000 -0.000000 0.000000 0.061573 -0.152927 0.198638 -0.000000 -0.000000 -0.115728 0.000000 -0.175516 -0.136829 0.042008 0.158963 -0.037676 -0.143588 0.249193 -0.000000 0.000000 0.142340 0.014383 -0.003472 0.000000 0.057762 0.139905 0.000000 0.165392 0.271431 -0.173808 0.000000 0.108974 0.000000 -0.000000 -0.000000 0.206088 -0.000000 0.000000 -0.000000 0.008481 -0.133083 -0.000000 0.234625 -0.134585 0.059469 0.000000 -0.000000 0.000000 -0.035239 0.029615 0.157469 0.069773 -0.551903 0.118146 0.000000 0.082098 0.014817 -0.000000 -0.000000 -0.002682 0.029419 -0.330497 -0.064169 -0.997950 0.111325 -0.037284 0.967734 -0.000000 -1.473768
  -0.108789 -0.227369 0.000000 0.000000 -0.000000 -0.023113 0.218781 -0.000000 -0.201180 -0.000000 -0.000000 0.030989 -0.057875 -0.168027 -0.059782 0.159190 -0.160487 0.012328 -0.162475 0.165657 -0.000000 -0.000000 0.113805 0.003375 0.398752 0.012181 -0.108425 0.038460 -0.075067 -0.078208 0.000000 0.307485 0.000000 0.000000 -0.000000 0.178994 0.156647 0.050079 -0.000000 0.000000 0.148710 -0.000000 0.123766 0.038892 0.043200 -0.196576 0.005032 0.102079 -0.014623 -0.000000 0.000000 0.075028 0.068245 0.009770 -0.000000 -0.343811 0.107918 -0.000000 0.104199 0.173509 -0.015572 -0.000000 -0.038651 0.000000 -0.000000 -0.000000 -0.135378 -0.000000 -0.000000 -0.000000 0.046310 0.081160 0.000000 0.185906 0.497413 0.095962 0.000000 -0.000000 0.000000 0.050231 -0.081658 0.124867 0.023644 0.292292 0.125253 -0.000000 0.006243 -0.203974 -0.000000 -0.000000 -0.187717 0.071996 0.024263 0.057348 0.161330 0.148964 0.152864 0.048765 -0.000000 0.328525
  -0.003479 0.022957 0.000000 0.000000 -0.000000 -1.371615 -0.053156 -0.000000 0.131606 -0.000000 -0.000000 0.207056 0.054796 -0.007552 0.024129 0.430092 0.167761 -1.483887 0.044235 0.219032 0.000000 -0.000000 0.089829 0.142965 -0.097126 0.092257 0.013369 -0.046589 0.043404 0.218143 -0.000000 0.028772 0.000000 -0.000000 -0.000000 0.123551 0.117465 0.105090 -0.000000 -0.000000 0.012088 -0.000000 0.041555 0.102932 0.199881 -0.058597 0.143018 0.018031 0.060383 0.000000 0.000000 -0.064444 0.084701 0.190732 -0.000000 0.044074 0.088581 -0.000000 0.065449 0.088106 0.075202 -0.000000 0.099074 0.000000 0.000000 -0.000000 0.179429 -0.000000 -0.000000 -0.000000 -0.014231 0.194089 -0.000000 0.203111 -0.126431 -1.432095 0.000000 -0.000000 -0.000000 0.117752 -1.021605 0.054737 0.202818 0.168099 -0.060761 0.000000 0.068824 0.127576 -0.000000 -0.000000 -0.003890 0.084078 0.022345 -0.050865 0.128950 -0.004099 -1.678866 0.253279 0.000000 0.277314
  0.266260 -0.123181 -0.000000 -0.000000 0.000000 0.125752 -0.196435 -0.000000 0.046157 0.000000 0.000000 -0.039293 -0.078936 0.104665 0.008785 -0.325050 0.079318 0.154328 0.082826 0.200484 0.000000 -0.000000 -0.122708 -0.029395 -0.051226 0.142397 0.104534 0.071235 0.157803 -0.149275 -0.000000 -0.001237 -0.000000 0.000000 -0.000000 -0.034789 -0.599957 0.074879 -0.000000 -0.000000 0.208336 -0.000000 -0.500348 0.126966 -0.004440 0.045487 0.091832 0.012281 -0.100276 0.000000 0.000000 0.007504 -0.177985 0.096668 -0.000000 0.105823 -0.127039 -0.000000 0.098290 -0.033776 0.065660 -0.000000 0.123600 -0.000000 0.000000 -0.000000 -0.084802 -0.000000 -0.000000 -0.000000 -0.125552 0.805734 0.000000 -0.112893 0.383007 0.144792 -0.000000 -0.000000 0.000000 0.062750 0.074882 -0.146254 -0.046264 0.197108 -0.143902 -0.000000 -0.002630 -0.031479 -0.000000 -0.000000 0.168224 -0.072297 0.013271 -0.118302 -0.860835 0.029182 0.039717 -0.030327 -0.000000 -0.265143
  0.259093 0.051354 0.000000 0.000000 -0.000000 0.287294 -0.336426 -0.000000 -0.049433 -0.000000 -0.000000 -0.255019 -0.184176 -0.303141 -0.601090 -0.106875 -0.316348 0.078406 -0.784397 0.097681 -0.000000 -0.000000 -0.110070 0.062222 -0.069300 -0.152929 -0.662135 0.019218 -0.338263 0.552201 -0.000000 -0.052956 0.000000 -0.000000 -0.000000 -0.258081 -0.144207 -0.328787 -0.000000 -0.000000 0.251366 -0.000000 0.000000 -0.358867 -0.029567 0.088329 -1.633842 0.043901 -0.027299 0.000000 -0.000000 -0.577386 -0.000717 -0.081328 -0.000000 -0.051941 0.056918 0.000000 -0.328546 -0.004734 -0.315658 -0.000000 0.016408 0.000000 -0.000000 -0.000000 -0.246505 0.000000 -0.000000 0.000000 -0.225477 0.371277 -0.000000 -1.113720 0.273061 -0.107831 0.000000 -0.000000 0.000000 -0.125066 0.189309 -0.188269 0.055523 0.136596 -0.161919 0.000000 -0.335526 0.000000 -0.000000 -0.000000 -0.333355 -0.330683 -0.006745 -0.120658 -0.000000 -0.451197 -0.003623 -1.572822 0.000000 -0.206540
  -0.045536 0.383859 0.000000 -0.000000 -0.000000 1.727176 -0.119914 0.000000 0.461511 0.000000 -0.000000 0.299507 0.236452 0.772895 -0.348117 -0.385182 0.446971 -0.057089 0.157881 -0.274215 -0.000000 -0.000000 0.201913 0.315370 -0.052379 0.220033 0.226895 -1.298414 0.317501 -0.343122 -0.000000 0.064445 -0.000000 -0.000000 -0.000000 0.318626 -0.222378 0.262683 -0.000000 -0.000000 0.179506 -0.000000 -0.368789 0.037571 0.357942 -0.212790 0.460833 -0.373474 0.325280 -0.000000 -0.000000 0.074581 0.068641 0.279018 0.000000 0.267117 0.304095 -0.000000 0.228431 0.259929 0.503944 0.000000 0.571731 -0.000000 -0.000000 -0.000000 0.367042 0.000000 0.000000 -0.000000 0.387956 -0.546027 0.000000 0.190109 -0.629870 -0.667439 0.000000 -0.000000 0.000000 0.261250 -0.109109 0.173714 0.230841 -0.184588 0.248574 -0.000000 0.198879 -0.085851 -0.000000 -0.000000 0.230409 0.335593 0.362817 0.368420 0.060002 0.101527 -0.076882 -0.002056 -0.000000 -0.008465
  0.000000 0.000000 -0.000000 -0.000000 -0.000000 0.000000 0.000000 -0.000000 0.000000 0.000000 -0.000000 0.000000 -0.000000 -0.000000 -0.000000 0.000000 -0.000000 0.000000 0.000000 -0.000000 -0.000000 -0.000000 0.000000 0.000000 0.000000 0.000000 0.000000 0.000000 0.000000 -0.000000 -0.000000 0.000000 -0.000000 -0.000000 0.000000 0.000000 0.000000 -0.000000 -0.000000 -0.000000 -0.000000 -0.000000 0.000000 0.000000 -0.000000 -0.000000 0.000000 0.000000 0.000000 0.000000 0.000000 -0.000000 0.000000 -0.000000 0.000000 -0.000000 -0.000000 -0.000000 0.000000 0.000000 0.000000 0.000000 -0.000000 0.000000 -0.000000 0.000000 0.000000 -0.000000 0.000000 -0.000000 -0.000000 0.000000 -0.000000 0.000000 -0.000000 -0.000000 0.000000 -0.000000 0.000000 0.000000 0.000000 -0.000000 -0.000000 0.000000 0.000000 0.000000 -0.000000 0.000000 -0.000000 -0.000000 -0.000000 0.000000 0.000000 0.000000 0.000000 0.000000 0.000000 -0.000000 0.000000 0.000000
  -0.203382 0.108405 0.000000 0.000000 -0.000000 1.220750 -0.271960 0.000000 -0.208125 -0.000000 -0.000000 -0.261152 -0.329358 -0.026737 -0.267703 0.058804 -0.185554 0.143778 -0.073698 -0.026839 0.000000 -0.000000 -0.303152 -0.363568 -0.180807 -0.117073 -1.552224 -0.035098 -0.302240 -0.295214 -0.000000 -0.141539 -0.000000 0.000000 0.000000 -0.490181 0.022165 -0.339181 -0.000000 -0.000000 -0.302516 -0.000000 -0.096732 -1.362553 -0.557300 -0.000000 -0.148162 0.249690 -0.137258 0.000000 -0.000000 -0.388363 0.056993 -0.046720 0.000000 -0.154854 -0.045613 0.000000 -0.379591 -0.182943 -0.023149 -0.000000 -0.363432 -0.000000 -0.000000 -0.000000 -0.462265 0.000000 0.000000 -0.000000 -0.834019 -0.220429 0.000000 0.218621 -0.017699 -0.081139 0.000000 -0.000000 -0.000000 -0.660584 -0.000000 -0.078403 -0.222606 -0.382420 -0.071446 0.000000 -0.408645 -0.137656 -0.000000 -0.000000 -0.236517 -0.250134 -0.336158 -0.517436 0.237994 -0.250728 -0.480464 0.199835 -0.000000 -0.123991
  0.067409 -0.396564 -0.000000 -0.000000 -0.000000 0.747232 -0.701245 0.000000 0.310692 0.000000 -0.000000 0.166639 0.119613 0.229918 0.063153 0.073391 0.106389 1.078645 0.184771 0.000000 0.000000 -0.000000 0.048133 0.270535 0.445872 0.105313 -0.005240 -1.550580 0.311221 -0.285917 -0.000000 -0.865084 -0.000000 0.000000 -0.000000 0.033022 0.492810 0.075836 0.000000 -0.000000 0.266923 -0.000000 -0.100673 0.135698 0.219030 0.227442 0.098150 -0.254587 0.094060 0.000000 -0.000000 -0.061174 -0.019803 0.151765 -0.000000 0.368136 0.122681 0.000000 0.322668 0.116111 0.236015 0.000000 0.232348 0.000000 0.000000 0.000000 0.190280 -0.000000 -0.000000 -0.000000 0.047494 -0.962414 -0.000000 -0.004189 -0.967374 0.282089 -0.000000 0.000000 0.000000 0.227793 -1.003320 0.031492 0.275228 -0.231275 0.142131 -0.000000 0.118958 0.240636 -0.000000 0.000000 0.267319 0.256737 0.181517 0.176387 -0.520216 -0.081737 -1.134328 -0.455810 -0.000000 -0.473349
  -0.457519 -0.088065 -0.000000 -0.000000 -0.000000 -0.128270 -0.243465 0.000000 -0.019865 -0.000000 -0.000000 -0.143461 -0.049233 0.007424 0.032255 -0.121911 -0.046474 0.147658 0.082319 -0.125335 -0.000000 -0.000000 0.049382 0.156109 -0.188940 0.204501 0.215472 0.076081 -0.010338 -0.398585 -0.000000 -0.172939 -0.000000 0.000000 -0.000000 -0.034207 -0.039407 0.057879 -0.000000 0.000000 0.261950 -0.000000 -1.402224 0.301377 0.172567 -0.305259 0.087435 0.089832 -0.044887 -0.000000 -0.000000 0.163889 -0.105512 0.018984 -0.000000 0.055661 0.067127 -0.000000 -0.117834 0.022284 -0.119221 -0.000000 -0.060383 0.000000 -0.000000 -0.000000 -0.120422 -0.000000 -0.000000 -0.000000 0.033920 -0.131608 0.000000 -0.182978 0.476267 0.063599 0.000000 -0.000000 0.000000 0.002192 -0.134426 0.065071 0.033456 0.161767 -0.130855 0.000000 -0.111620 1.230933 -0.000000 -0.000000 0.030512 -0.011321 0.230184 0.102560 -0.469978 0.055250 0.048621 -0.059982 -0.000000 -0.010160
  0.000000 -0.000000 -0.000000 0.000000 -0.000000 0.000000 0.000000 0.000000 0.000000 -0.000000 0.000000 0.000000 0.000000 -0.000000 0.000000 -0.000000 0.000000 -0.000000 -0.000000 -0.000000 0.000000 -0.000000 -0.000000 -0.000000 0.000000 -0.000000 0.000000 0.000000 0.000000 0.000000 0.000000 -0.000000 0.000000 -0.000000 -0.000000 -0.000000 -0.000000 0.000000 -0.000000 -0.000000 0.000000 -0.000000 0.000000 0.000000 0.000000 0.000000 0.000000 0.000000 0.000000 -0.000000 0.000000 -0.000000 -0.000000 -0.000000 0.000000 -0.000000 0.000000 0.000000 -0.000000 -0.000000 0.000000 -0.000000 -0.000000 -0.000000 0.000000 -0.000000 -0.000000 -0.000000 -0.000000 -0.000000 0.000000 0.000000 -0.000000 0.000000 0.000000 -0.000000 0.000000 -0.000000 0.000000 0.000000 0.000000 -0.000000 0.000000 0.000000 -0.000000 0.000000 0.000000 0.000000 0.000000 -0.000000 0.000000 -0.000000 0.000000 -0.000000 -0.000000 -0.000000 0.000000 0.000000 0.000000 -0.000000
  -0.050529 0.181136 -0.000000 0.000000 0.000000 -0.008717 0.275142 -0.000000 0.092975 -0.000000 -0.000000 -0.031085 0.062497 -0.053776 0.086202 -0.011592 0.055254 -0.095112 0.116337 0.249283 -0.000000 -0.000000 0.051209 -0.003479 0.011693 -0.026421 0.073108 0.021787 -0.033762 -0.046616 -0.000000 0.120811 -0.000000 -0.000000 0.000000 -0.001378 0.090108 0.179066 -0.000000 0.000000 0.431389 -0.000000 0.071030 -0.078060 -0.018552 0.357806 0.058908 0.070674 0.179009 -0.000000 -0.000000 0.000451 0.230304 0.070528 0.000000 0.036054 -0.014935 -0.000000 -0.029394 0.086448 0.158668 -0.000000 0.150429 -0.000000 0.000000 -0.000000 0.004154 -0.000000 -0.000000 -0.000000 0.105463 -0.245511 0.000000 -0.029358 -0.063840 -0.375068 0.000000 -0.000000 -0.000000 -0.048177 -0.449018 -0.028273 -0.094056 0.016233 0.262515 0.000000 0.112530 -0.194706 -0.000000 -0.000000 0.144978 -0.031721 0.166370 0.211633 0.084600 0.265065 0.005078 -0.034025 -0.000000 0.127101
  -0.310317 0.075043 -0.000000 -0.000000 0.000000 -0.183653 0.130346 -0.000000 -0.333985 0.000000 -0.000000 -0.118470 0.205554 0.000231 -0.510275 -0.214346 0.025358 -0.339212 -0.830327 -0.413158 -0.000000 -0.000000 -0.365448 -0.058757 0.066986 -0.408287 -0.048749 -0.574421 -0.023852 -0.492342 0.000000 -0.194505 0.000000 -0.000000 0.000000 -0.022958 0.242466 0.011085 -0.000000 -0.000000 -0.223801 0.000000 0.003935 0.192558 -0.034918 -1.011423 0.098279 0.262761 -0.417238 -0.000000 -0.000000 0.021121 0.056367 -0.031085 0.000000 0.044215 -0.216855 -0.000000 -0.186808 0.102145 -0.175642 -0.000000 -0.308670 -0.000000 -0.000000 -0.000000 -0.232130 0.000000 -0.000000 -0.000000 0.280552 0.261803 -0.000000 -0.316382 -0.459120 -0.736453 -0.000000 -0.000000 -0.000000 -0.296602 0.094209 -0.150277 -0.250995 0.016659 0.005121 -0.000000 -0.160901 -1.062562 -0.000000 -0.000000 0.149622 -0.564025 -0.249183 -0.177174 0.246269 0.004163 -0.179047 -0.283575 -0.000000 0.129142
  0.333702 0.167874 0.000000 -0.000000 0.000000 0.398143 0.014623 -0.000000 0.125036 -0.000000 -0.000000 0.032562 -0.203701 0.329175 0.133441 0.199017 0.127812 -0.070705 0.107143 -0.120288 0.000000 -0.000000 -0.181776 0.123987 0.497696 -0.021190 -0.041974 -0.014763 -0.026990 0.183367 -0.000000 0.306647 0.000000 0.000000 -0.000000 0.128002 0.236054 0.149559 -0.000000 -0.000000 0.013578 -0.000000 -0.328851 -0.155345 0.059552 0.000000 0.039845 0.264274 0.192987 0.000000 0.000000 0.064583 -0.081076 0.022288 -0.000000 0.106644 -0.067249 0.000000 0.009853 0.133722 -0.139633 -0.000000 0.175493 -0.000000 0.000000 -0.000000 0.015036 -0.000000 0.000000 -0.000000 0.159726 -0.555335 -0.000000 0.403581 -0.421310 0.045345 0.000000 -0.000000 -0.000000 -0.205272 -0.049080 0.201833 0.031065 -0.695739 0.376052 0.000000 -0.078526 -0.092219 -0.000000 -0.000000 0.123326 0.006523 -0.034626 0.062277 0.275114 0.309829 -0.591265 0.248718 -0.000000 0.210211
  -0.192217 -0.301880 -0.000000 -0.000000 -0.000000 -1.071800 -0.015054 -0.000000 0.200787 -0.000000 -0.000000 0.023467 -0.116798 0.151439 -0.295678 -0.054120 0.219012 -1.026876 0.377122 0.000000 -0.000000 -0.000000 -0.035401 0.148169 -0.176270 0.128109 -0.066941 0.826974 0.147435 -0.239853 0.000000 -1.561372 0.000000 -0.000000 0.000000 -0.120870 0.279365 0.024357 0.000000 0.000000 0.272542 0.000000 -0.298245 -0.188811 0.347602 0.593385 0.172814 -0.107803 -0.090722 0.000000 0.000000 -0.211087 -0.929500 0.010399 -0.000000 -0.065762 -0.073314 -0.000000 -0.040385 -0.023473 0.242002 -0.000000 0.137287 -0.000000 -0.000000 -0.000000 0.087076 0.000000 0.000000 -0.000000 -0.119499 -0.991985 -0.000000 0.042611 -1.155734 -1.251703 -0.000000 -0.000000 0.000000 0.067880 -1.083937 -0.178260 -0.097699 0.128398 -0.046975 -0.000000 0.137920 -0.364743 -0.000000 0.000000 0.133590 0.044424 0.389614 0.048248 -0.767626 0.023319 -1.535234 -0.352071 0.000000 -0.170171
  -0.000000 0.000000 0.000000 0.000000 -0.000000 -0.000000 -0.000000 -0.000000 0.000000 -0.000000 -0.000000 0.000000 -0.000000 -0.000000 -0.000000 -0.000000 0.000000 0.000000 0.000000 -0.000000 0.000000 -0.000000 -0.000000 -0.000000 -0.000000 -0.000000 -0.000000 0.000000 -0.000000 -0.000000 -0.000000 0.000000 -0.000000 0.000000 0.000000 -0.000000 -0.000000 -0.000000 0.000000 -0.000000 -0.000000 -0.000000 0.000000 -0.000000 -0.000000 0.000000 0.000000 0.000000 -0.000000 0.000000 0.000000 -0.000000 0.000000 -0.000000 0.000000 -0.000000 0.000000 -0.000000 0.000000 -0.000000 0.000000 0.000000 -0.000000 0.000000 0.000000 -0.000000 -0.000000 0.000000 -0.000000 -0.000000 -0.000000 -0.000000 -0.000000 -0.000000 0.000000 0.000000 -0.000000 0.000000 0.000000 0.000000 -0.000000 -0.000000 0.000000 0.000000 0.000000 0.000000 -0.000000 0.000000 -0.000000 -0.000000 0.000000 -0.000000 -0.000000 0.000000 -0.000000 0.000000 0.000000 0.000000 -0.000000 -0.000000
  -0.130428 -0.254876 -0.000000 0.000000 -0.000000 -0.348136 -0.322084 0.000000 0.328578 -0.000000 -0.000000 0.066063 -0.035252 0.146470 -0.200865 -0.006469 0.175806 -0.595460 0.312073 -0.946517 -0.000000 -0.000000 -0.123665 0.133182 0.099101 -0.176372 -0.094891 -0.016586 0.026800 0.048225 0.000000 0.006741 0.000000 0.000000 0.000000 0.142621 -0.061356 -0.116345 0.000000 0.000000 0.333556 0.000000 0.160238 -0.077029 0.133104 0.598123 0.082910 0.045780 -0.177575 -0.000000 0.000000 -0.260054 -0.351728 -0.127339 -0.000000 0.185586 -0.235340 0.000000 0.027422 -0.120534 0.081587 -0.000000 0.230377 0.000000 -0.000000 0.000000 0.010811 0.000000 -0.000000 -0.000000 0.245875 0.406016 -0.000000 -0.060322 0.190853 0.157631 0.000000 -0.000000 -0.000000 -0.110878 -0.664584 -0.080727 -0.264000 0.081105 0.535896 0.000000 -0.054608 0.181390 -0.000000 0.000000 0.259919 -0.047071 0.184665 0.232447 -0.072208 0.523911 -0.147869 0.169330 -0.000000 -0.094725
  -0.015923 0.021423 -0.000000 -0.000000 -0.000000 -0.137063 0.208772 -0.000000 0.021079 0.000000 -0.000000 0.120859 0.158677 -0.119690 -0.213343 0.081963 0.135828 -0.104942 -0.130344 -0.067075 0.000000 -0.000000 0.004478 0.105022 0.071816 0.058832 -0.010769 0.138060 -0.048062 -0.002596 0.000000 0.114929 -0.000000 -0.000000 -0.000000 0.158573 0.183727 0.057851 -0.000000 0.000000 0.277164 -0.000000 -0.129661 0.010331 -0.010166 0.195784 -0.026525 0.071368 0.118479 -0.000000 -0.000000 0.083307 -0.051845 0.051124 -0.000000 -0.082222 0.043018 -0.000000 -0.059861 0.164317 0.028307 -0.000000 -0.127380 -0.000000 -0.000000 -0.000000 0.094925 -0.000000 -0.000000 -0.000000 0.195355 0.101676 -0.000000 0.042669 0.016913 0.069247 -0.000000 -0.000000 -0.000000 -0.092829 -0.272237 0.145641 -0.044477 0.181546 0.100404 0.000000 -0.053812 -0.119813 -0.000000 -0.000000 -0.027592 0.065079 0.087257 -0.041616 0.139619 0.127688 0.102564 0.097552 -0.000000 0.183661
  -0.132993 0.111520 -0.000000 -0.000000 -0.000000 -0.000472 -0.119266 -0.000000 -0.286380 0.000000 -0.000000 0.121669 -0.122782 0.115875 -0.101513 -0.015216 0.176838 0.160469 -0.170415 -0.351728 -0.000000 -0.000000 -0.214059 -0.218949 -0.144687 -0.028561 0.136418 -0.191801 0.077034 -0.650622 -0.000000 -0.309206 -0.000000 -0.000000 -0.000000 -0.003856 -0.246999 0.018457 -0.000000 0.000000 -0.145101 -0.000000 -0.161840 -0.068514 -0.140911 -0.580247 0.148386 0.107521 -0.287476 -0.000000 0.000000 -0.167289 -0.017569 -0.186142 0.000000 -0.062914 -0.141587 -0.000000 -0.007374 -0.144468 0.068196 -0.000000 -0.253601 0.000000 -0.000000 -0.000000 0.262483 -0.000000 -0.000000 0.000000 0.300741 -0.146260 0.000000 -0.459250 -0.343681 -0.123786 0.000000 -0.000000 0.000000 -0.255431 -0.365640 0.034692 -0.120427 -0.076728 -0.133202 -0.000000 0.193046 -0.432107 -0.000000 -0.000000 0.168195 -0.431682 -0.233859 0.373780 0.083459 0.232719 -0.815378 -0.443526 -0.000000 -0.083474
  -0.217234 -0.065565 -0.000000 0.000000 0.000000 -0.480784 -0.413667 0.000000 0.096743 -0.000000 -0.000000 -0.085922 -0.090421 0.006751 0.109395 0.077129 0.019555 -0.536865 0.680024 -1.002804 -0.000000 -0.000000 -0.260270 0.035279 0.054549 -0.227245 -0.199685 -0.373953 -0.162669 -0.203960 -0.000000 0.127452 0.000000 0.000000 0.000000 0.483624 0.048103 -0.179004 0.000000 -0.000000 0.399697 0.000000 -0.142298 0.151788 0.012884 0.548010 0.021945 0.192845 -0.214222 -0.000000 0.000000 0.542215 -0.706553 -0.179390 -0.000000 -0.018282 -0.316099 -0.000000 -0.150325 -0.234451 0.214772 -0.000000 0.290201 0.000000 -0.000000 -0.000000 -0.240644 0.000000 0.000000 0.000000 0.810395 0.341441 0.000000 -0.336518 0.330099 -0.384087 -0.000000 -0.000000 -0.000000 -0.195328 0.155271 -0.240027 -0.344877 0.010554 0.430849 0.000000 -0.216487 -0.002474 0.000000 0.000000 0.088698 0.109847 0.390743 0.360211 -0.407641 0.617069 -0.151234 0.010705 -0.000000 -0.110084
  0.456050 0.389074 -0.000000 0.000000 0.000000 -1.707214 -0.281009 0.000000 0.470368 0.000000 -0.000000 0.301716 0.105884 0.206261 -0.136089 0.296618 0.235771 -1.060372 -0.613192 -0.900690 -0.000000 0.000000 0.133697 0.412380 0.076761 0.109818 0.170427 0.360569 0.071669 -0.009611 -0.000000 -0.041333 -0.000000 0.000000 0.000000 0.209395 0.077202 -0.039240 -0.000000 -0.000000 0.258041 -0.000000 0.002611 0.178042 0.267463 1.539254 0.165382 0.027796 -0.223880 0.000000 -0.000000 -0.519900 -0.458026 0.038167 -0.000000 0.081538 0.021817 0.000000 0.147005 0.021741 0.271504 -0.000000 0.312547 -0.000000 -0.000000 0.000000 0.054111 0.000000 0.000000 -0.000000 -0.269502 0.296327 -0.000000 0.247104 -0.117269 -0.776904 -0.000000 -0.000000 0.000000 0.166332 -0.268801 -0.059781 0.096461 -0.074570 -0.290111 0.000000 0.019917 0.364118 0.000000 -0.000000 0.404299 0.180657 0.365924 -0.288770 0.252489 -0.212637 -0.925546 -0.294808 -0.000000 0.652227
  0.196816 0.126099 -0.000000 -0.000000 0.000000 0.387218 -0.130534 0.000000 0.078214 0.000000 -0.000000 0.101931 0.034021 -0.012596 -0.397702 0.133071 0.012689 -0.366606 -0.121578 -0.286633 -0.000000 -0.000000 0.117304 0.007358 0.008168 0.100103 0.173157 -0.882015 0.289430 0.209601 -0.000000 0.029548 -0.000000 0.000000 -0.000000 0.138537 -0.203967 0.238713 -0.000000 -0.000000 -0.179859 -0.000000 0.153118 0.044908 0.088724 0.012828 0.108724 0.055850 0.234107 -0.000000 0.000000 0.048245 -0.155166 0.066385 -0.000000 0.147771 0.220460 -0.000000 0.083351 0.057354 0.170666 0.000000 0.161874 -0.000000 -0.000000 -0.000000 0.094666 -0.000000 -0.000000 -0.000000 0.155371 0.142613 -0.000000 0.434345 -0.125683 -0.306753 0.000000 -0.000000 0.000000 0.077635 -0.445838 0.105904 0.055171 0.057985 -0.034569 -0.000000 0.091905 0.308971 0.000000 -0.000000 -0.033770 0.042707 0.047737 0.168007 0.115189 0.216746 -0.470658 0.005668 0.000000 0.150182
  -0.007257 -0.193105 -0.000000 0.000000 -0.000000 -0.054381 0.067427 0.000000 -0.170680 0.000000 0.000000 -0.037826 0.001210 -0.073024 -0.113327 0.171640 -0.029154 0.104645 -0.033308 0.158522 0.000000 -0.000000 -0.003816 0.003407 0.023370 0.106372 -0.052486 0.107568 0.020551 0.346848 -0.000000 0.188095 -0.000000 -0.000000 0.000000 0.094429 -0.083406 -0.017542 -0.000000 0.000000 -0.105892 -0.000000 0.140240 0.092448 -0.014761 -0.100597 -0.044953 0.205275 -0.016708 -0.000000 -0.000000 0.062758 -0.183411 -0.019878 -0.000000 -0.469101 0.108692 0.000000 0.027424 -0.021391 0.066234 0.000000 -0.008777 -0.000000 0.000000 -0.000000 0.075612 -0.000000 -0.000000 -0.000000 -0.007505 0.304105 -0.000000 -0.060025 0.378745 -0.100427 -0.000000 -0.000000 0.000000 -0.194456 0.023115 -0.020680 0.015317 0.056565 0.046007 0.000000 0.037766 0.039628 0.000000 -0.000000 0.080324 -0.178122 0.092550 0.109940 -0.079483 -0.032687 0.061486 0.191050 0.000000 0.096957
  -0.806848 0.077754 0.000000 -0.000000 0.000000 0.127586 -0.566547 0.000000 -0.218883 0.000000 -0.000000 -0.254517 -0.319170 -0.524729 -0.800571 0.203237 -0.293346 0.280123 -0.360363 -0.098965 -0.000000 0.000000 -0.256553 -0.215694 0.316386 -0.096912 -0.803562 0.047581 -0.417579 0.093435 -0.000000 0.522548 0.000000 -0.000000 0.000000 -0.104894 -0.799455 -0.417679 0.000000 0.000000 -0.041817 0.000000 0.000000 -0.348416 -0.238536 -0.286916 -1.177056 0.217670 -0.287679 -0.000000 -0.000000 -0.264989 0.023458 -0.279015 0.000000 -0.044628 -0.290655 -0.000000 -0.283006 -0.262604 -0.257041 -0.000000 -0.112123 0.000000 0.000000 -0.000000 -0.394670 -0.000000 -0.000000 0.000000 -0.292749 -0.000000 0.000000 -0.614836 -0.722957 0.058584 -0.000000 -0.000000 -0.000000 -0.246729 0.461990 -0.068363 -0.144962 0.111267 -0.126440 0.000000 -0.288045 0.000000 -0.000000 0.000000 -0.718210 -0.305928 -0.932472 -0.303735 -0.000000 -0.096040 0.235878 -0.000000 0.000000 0.620110
  -0.270232 0.394109 -0.000000 -0.000000 0.000000 -0.103490 -0.334134 0.000000 -0.131964 -0.000000 -0.000000 -0.121821 -0.127523 -0.088888 -0.128036 0.627840 0.026505 0.002381 -0.710551 0.491193 -0.000000 -0.000000 -0.152200 -0.087317 -0.095762 -0.014528 -0.070594 0.014844 -0.161811 0.181365 0.000000 -0.438209 -0.000000 0.000000 -0.000000 -0.377074 0.185560 -0.085558 -0.000000 -0.000000 0.405495 0.000000 0.174251 -1.446225 -0.188897 -0.077559 -0.153902 -0.330641 -0.108962 0.000000 -0.000000 -0.371888 0.335323 -0.251091 -0.000000 -0.003806 -0.051584 -0.000000 -0.019531 -0.144527 0.195691 -0.000000 -0.038295 -0.000000 -0.000000 -0.000000 -0.129612 0.000000 0.000000 0.000000 -0.153852 0.055918 -0.000000 0.588782 0.050914 -0.196013 0.000000 -0.000000 0.000000 -0.168071 0.164027 -0.203934 -0.500690 -1.763915 -0.034447 0.000000 -0.054452 0.278460 -0.000000 -0.000000 -0.058731 0.082025 -0.084281 -0.001105 0.792955 -0.357926 -0.007750 -0.119138 -0.000000 -0.000886
  -0.038577 -0.171546 -0.000000 -0.000000 -0.000000 -0.142228 -0.367839 -0.000000 -0.370252 -0.000000 -0.000000 -0.073422 0.086338 -0.289009 0.072447 -0.089484 -0.036444 0.140983 -0.247804 0.183399 0.000000 -0.000000 -0.034223 -0.112766 0.096573 0.054995 -0.111013 -0.127805 -0.117319 0.007590 0.000000 -0.236028 0.000000 -0.000000 -0.000000 -0.254033 0.026389 -0.078650 -0.000000 0.000000 -0.249733 -0.000000 -0.411798 0.285165 -0.064595 -0.008926 0.124594 0.186512 -0.126893 -0.000000 -0.000000 0.042167 -0.098652 -0.126930 0.000000 -0.274398 -0.062431 0.000000 -0.038830 -0.077794 -0.090657 -0.000000 -0.055306 -0.000000 0.000000 -0.000000 0.064094 0.000000 -0.000000 -0.000000 0.454647 0.149422 0.000000 0.084512 0.386669 0.480160 0.000000 -0.000000 -0.000000 -0.226386 -0.199741 -0.095820 0.156755 -0.002825 0.065456 0.000000 -0.201029 -0.120470 -0.000000 -0.000000 0.034967 -0.236827 -0.068224 0.240648 -0.469327 0.177223 0.051465 0.210884 0.000000 -0.132333
  0.186463 0.410935 -0.000000 0.000000 -0.000000 0.161083 -0.066890 0.000000 0.019041 -0.000000 -0.000000 0.099290 -0.072982 0.152593 -0.343537 -0.933333 0.102678 0.247961 -0.374300 0.138090 -0.000000 -0.000000 0.142670 0.029144 -0.064202 0.037510 0.209534 0.046873 0.222412 -0.057927 -0.000000 -0.080426 -0.000000 0.000000 -0.000000 0.035325 -0.096290 0.157416 -0.000000 0.000000 -0.143182 -0.000000 -1.085418 0.100188 -0.022777 0.139028 0.033487 -0.842848 0.091787 0.000000 -0.000000 0.141857 0.192191 0.084228 0.000000 0.030326 -0.059306 -0.000000 0.147539 0.059896 0.164768 -0.000000 0.069181 0.000000 -0.000000 -0.000000 0.124565 0.000000 -0.000000 -0.000000 0.060821 -0.557537 -0.000000 0.020021 -0.432218 -0.027661 0.000000 -0.000000 -0.000000 -0.037007 0.103489 0.073033 -0.234975 -0.144748 0.297340 0.000000 -0.003634 -0.427762 -0.000000 -0.000000 0.010786 -0.054890 0.104579 0.072206 0.013438 0.056358 0.064660 -0.032650 -0.000000 -4.850650
  0.287963 0.098096 -0.000000 -0.000000 0.000000 0.206359 0.189380 -0.000000 -0.120329 0.000000 -0.000000 -0.032605 0.175913 -0.087895 0.233048 0.355153 0.045816 0.233070 0.285598 0.128216 -0.000000 0.000000 0.017653 -0.025128 -0.168149 0.025027 0.122405 0.012210 -0.091897 0.510240 -0.000000 -0.041630 -0.000000 0.000000 -0.000000 -0.125395 0.339051 -0.098248 -0.000000 -0.000000 -0.234041 -0.000000 0.160116 0.101495 -0.059550 -0.048114 0.108160 0.275327 0.075112 -0.000000 -0.000000 -0.067657 0.136603 -0.010691 -0.000000 0.106285 0.191110 -0.000000 0.078645 0.138990 -0.118279 -0.000000 -0.146694 -0.000000 -0.000000 -0.000000 -0.083534 -0.000000 0.000000 -0.000000 -0.000950 0.085850 -0.000000 0.165093 0.088774 0.137618 0.000000 -0.000000 -0.000000 -0.020791 0.120144 -0.065549 0.072075 0.013559 -0.013193 0.000000 -0.025776 0.435045 -0.000000 -0.000000 0.015822 0.064804 -0.153314 0.051509 -0.053819 -0.055161 0.115574 0.067622 -0.000000 -0.108735
  0.722514 0.391448 -0.000000 0.000000 -0.000000 -0.269946 0.047696 -0.000000 -0.012648 0.000000 -0.000000 0.147378 -0.006291 -0.095195 0.028765 -0.049945 -0.090772 -0.089226 -0.118818 0.268658 0.000000 0.000000 0.091772 0.028795 -0.156688 0.196662 0.062470 -0.070531 -0.059182 -0.514383 -0.000000 0.038795 -0.000000 0.000000 0.000000 0.067645 0.340822 -0.078017 -0.000000 0.000000 -0.194492 -0.000000 -1.864952 -0.394157 -0.046610 0.297892 0.104042 -0.359080 -0.068685 0.000000 -0.000000 -0.094127 0.082242 0.128214 -0.000000 0.206432 -0.011686 0.000000 -0.035398 0.090378 0.039501 -0.000000 0.142725 0.000000 0.000000 -0.000000 0.101654 0.000000 0.000000 -0.000000 0.090691 -0.836731 -0.000000 -0.532198 -0.000000 -0.008117 0.000000 -0.000000 -0.000000 0.081940 -0.051936 0.037045 -0.029073 -0.125745 0.050309 0.000000 -0.102123 0.212665 0.000000 -0.000000 -0.154247 0.044828 -0.223060 -0.095660 -1.161965 0.017905 0.043132 0.125882 -0.000000 -0.312704
  0.150522 0.265956 -0.000000 0.000000 0.000000 0.254502 -0.425445 0.000000 0.359502 -0.000000 -0.000000 0.218552 -0.080994 0.285451 0.211125 0.010717 0.175584 0.251007 0.360743 -0.000000 0.000000 -0.000000 0.043458 0.055897 0.334671 0.081345 0.036682 0.053284 0.166289 -0.363334 -0.000000 -0.160813 -0.000000 0.000000 -0.000000 -0.258139 -1.109596 -0.161763 0.000000 0.000000 0.343254 0.000000 0.041026 -0.112716 0.057225 0.187237 0.258272 -0.360762 -0.051823 -0.000000 0.000000 0.144995 0.012697 -0.036558 0.000000 0.116184 -0.165386 -0.000000 0.038397 -0.144980 0.307658 -0.000000 0.318555 0.000000 0.000000 -0.000000 0.037273 -0.000000 0.000000 0.000000 -0.290319 -0.214667 -0.000000 0.206081 -0.330380 -0.072900 -0.000000 -0.000000 0.000000 0.130615 0.071423 -0.080508 -0.623401 -0.164775 -0.121959 -0.000000 0.108224 0.310141 0.000000 0.000000 0.261891 -0.033638 0.285662 -0.118471 -1.765684 -0.365739 -0.027803 0.318498 0.000000 -0.939767
  -0.120921 0.096096 -0.000000 0.000000 0.000000 -0.059842 -1.391021 -0.000000 0.180719 -0.000000 -0.000000 0.310633 -0.065768 0.252040 -0.240338 -0.077902 0.115918 -0.074684 -0.217608 -0.000000 -0.000000 -0.000000 0.075742 0.123301 0.248596 -0.047357 0.135793 -0.083256 0.257341 -0.467620 0.000000 -0.073713 -0.000000 -0.000000 -0.000000 -0.055223 -1.358670 0.148656 0.000000 0.000000 0.230995 -0.000000 -0.681042 0.117564 0.123443 0.072305 0.236160 -0.289968 0.087493 -0.000000 -0.000000 0.242511 -0.039088 -0.022382 -0.000000 0.098545 0.107437 0.000000 0.224091 -0.002396 0.189341 0.000000 0.173522 0.000000 -0.000000 -0.000000 0.199748 -0.000000 0.000000 -0.000000 -0.140590 -0.504974 0.000000 0.192686 -0.859730 -0.187590 -0.000000 0.000000 0.000000 0.136524 0.106895 0.041207 -0.002658 0.140171 0.070145 -0.000000 0.077097 0.050442 -0.000000 0.000000 0.275031 0.162582 0.211468 0.036673 -1.911632 0.109796 -0.068772 0.294031 -0.000000 -0.805590
  -0.462066 0.172083 -0.000000 0.000000 -0.000000 0.193932 -1.066425 0.000000 0.185037 0.000000 0.000000 0.167148 0.236356 0.082057 0.010983 -1.625800 -0.019346 0.025707 0.186916 -0.154804 -0.000000 -0.000000 0.203087 -0.031824 0.195934 0.025034 0.200188 -0.047568 0.141719 -1.896250 -0.000000 0.178604 0.000000 0.000000 0.000000 0.122158 -0.437447 0.065613 -0.000000 -0.000000 0.454596 -0.000000 -1.124286 0.275491 0.167073 0.049066 0.008888 -0.883595 0.214718 0.000000 0.000000 0.069616 0.069632 0.090990 -0.000000 0.042383 0.106328 0.000000 0.118577 0.055985 0.124015 -0.000000 0.109635 -0.000000 -0.000000 -0.000000 0.175349 0.000000 -0.000000 -0.000000 0.314366 -1.133275 0.000000 -0.198892 -3.599399 -0.010685 -0.000000 -0.000000 -0.000000 0.271945 0.010922 0.150620 0.164396 0.008419 0.081960 -0.000000 0.163753 -0.930445 -0.000000 -0.000000 -0.014646 0.018293 0.087884 0.231609 -0.840076 0.127410 0.034579 -0.136147 -0.000000 -0.003530
  0.212461 0.107343 -0.000000 -0.000000 0.000000 0.040779 -0.151485 -0.000000 0.014249 -0.000000 0.000000 -0.047354 0.163650 0.095829 0.028723 -0.174252 -0.013830 0.119822 0.233737 -0.091686 -0.000000 -0.000000 0.160382 0.096673 0.061154 0.178947 0.086814 0.039542 0.113728 0.161806 0.000000 0.288633 0.000000 -0.000000 -0.000000 0.024590 -0.396085 0.162983 -0.000000 0.000000 0.019422 -0.000000 -0.371923 -0.029294 0.085533 0.023828 0.173555 0.008508 0.224524 -0.000000 0.000000 -0.000354 -0.168745 -0.040442 0.000000 0.186630 0.020092 -0.000000 0.204392 0.189793 0.130433 0.000000 0.037424 -0.000000 0.000000 -0.000000 0.062383 -0.000000 -0.000000 -0.000000 0.200478 -0.665833 0.000000 0.039404 -1.162639 -0.072022 0.000000 -0.000000 0.000000 0.177271 0.037800 0.102523 0.006752 -0.038334 0.256414 -0.000000 0.195725 -0.488300 -0.000000 -0.000000 0.121513 0.027687 -0.061110 0.252579 -0.626564 0.305273 0.078127 0.051914 -0.000000 -2.420103
  -0.170799 -0.098702 -0.000000 -0.000000 -0.000000 -2.995876 0.211926 -0.000000 -0.009789 0.000000 -0.000000 0.092128 -0.024716 0.158509 0.312842 0.153573 0.181954 -0.895586 0.084496 0.016629 0.000000 -0.000000 0.222109 0.072383 -0.069068 0.122100 0.260959 0.104362 0.039519 -0.143502 -0.000000 -0.055109 0.000000 -0.000000 0.000000 0.107687 0.073907 0.048167 -0.000000 -0.000000 0.376956 -0.000000 -0.026468 0.107340 0.034904 0.001752 0.022135 0.245733 0.228069 -0.000000 0.000000 0.065042 -0.133082 0.060061 0.000000 -0.119312 0.127379 -0.000000 0.240988 -0.016514 0.368387 0.000000 0.170886 0.000000 0.000000 -0.000000 0.083619 -0.000000 -0.000000 -0.000000 -0.005727 0.047507 0.000000 0.005639 0.081071 -0.432118 0.000000 -0.000000 -0.000000 0.108348 -2.991790 0.057815 0.279623 0.199329 -0.024228 -0.000000 0.035881 -0.012587 -0.000000 -0.000000 0.186825 -0.003312 0.291901 0.135332 0.136459 0.144237 -2.760256 0.044839 -0.000000 0.265427
  0.091629 0.384559 -0.000000 0.000000 -0.000000 -0.223071 0.330227 -0.000000 0.210358 -0.000000 -0.000000 -0.083300 0.048968 -0.164078 0.272107 0.115783 0.088835 -0.139499 0.120509 -0.108942 -0.000000 0.000000 0.061083 -0.067553 -0.096226 -0.116387 -0.069613 0.170594 -0.035215 0.255054 0.000000 0.137989 -0.000000 0.000000 -0.000000 0.056826 0.171037 -0.045432 -0.000000 0.000000 0.049056 0.000000 -0.218546 -0.202307 0.137382 -0.572990 -0.047413 0.257716 -0.013403 -0.000000 0.000000 -0.093634 -0.167145 0.042272 -0.000000 -0.036922 0.036529 -0.000000 -0.132747 0.028902 0.152478 0.000000 0.314518 0.000000 -0.000000 -0.000000 0.062238 -0.000000 0.000000 -0.000000 -0.057511 -1.976184 0.000000 -0.260501 -1.695097 0.027392 -0.000000 -0.000000 0.000000 0.042956 0.002774 0.039640 -0.151004 0.014763 0.150843 -0.000000 -0.167963 -0.423231 -0.000000 -0.000000 0.084680 -0.025314 0.216380 -0.008030 -0.256110 0.070075 0.128016 -0.275527 -0.000000 -0.150781
  -0.094426 0.006981 -0.000000 -0.000000 0.000000 -0.080335 0.357972 0.000000 0.170782 -0.000000 0.000000 0.205779 -0.007974 0.125712 1.144035 0.461341 0.168525 -0.062801 0.074427 -0.594783 -0.000000 -0.000000 0.091169 0.036445 -0.022465 0.204789 0.020689 -0.071928 -0.010581 0.465552 -0.000000 -0.273951 0.000000 -0.000000 0.000000 0.110127 -3.890656 0.077592 -0.000000 -0.000000 0.359645 0.000000 0.571936 -0.550911 0.051772 0.168724 0.139248 -0.760132 0.082463 0.000000 0.000000 -0.042085 0.204008 0.214295 0.000000 0.397358 0.048013 -0.000000 -0.006957 0.064178 0.219017 0.000000 0.272248 0.000000 -0.000000 -0.000000 0.105215 -0.000000 0.000000 -0.000000 0.033781 -0.132037 0.000000 -0.322063 -0.435613 -0.025697 -0.000000 -0.000000 -0.000000 0.050131 0.027320 0.157542 -0.084555 -0.249830 0.024097 -0.000000 -0.070082 0.178853 0.000000 0.000000 0.098427 0.008872 0.151687 -0.106152 -0.570582 -0.109723 -0.174865 -0.127828 -0.000000 0.071436
  -0.243360 -0.413138 -0.000000 -0.000000 0.000000 0.910324 -0.990075 -0.000000 1.212244 -0.000000 -0.000000 1.513970 0.765760 1.232932 0.855305 -0.215180 1.318000 -0.673912 0.909247 -0.672485 -0.000000 0.000000 0.823227 0.639137 -0.321888 0.828373 0.851454 -0.575880 1.349102 -0.481283 0.000000 -0.023410 0.000000 -0.000000 0.000000 0.758630 -0.855575 0.761661 0.000000 -0.000000 0.066683 0.000000 -1.119339 1.373771 0.891646 0.000000 1.583669 -0.607677 0.707225 -0.000000 -0.000000 -0.111653 -0.510308 0.727053 0.000000 0.917328 0.626733 0.000000 1.078782 1.072854 0.536646 0.000000 0.495975 -0.000000 -0.000000 0.000000 1.071540 -0.000000 0.000000 -0.000000 0.853693 -0.249223 -0.000000 0.012287 0.535945 -1.312053 0.000000 -0.000000 -0.000000 1.491478 -0.000000 0.897452 0.747060 1.166495 0.870790 -0.000000 0.771260 -3.877942 0.000000 -0.000000 0.707368 1.182276 0.387376 0.537672 -0.752959 0.641844 0.000000 -0.519546 -0.000000 -0.786605
  -0.054526 0.482161 -0.000000 0.000000 -0.000000 -0.655331 0.099717 0.000000 0.051140 0.000000 -0.000000 0.022403 -0.146632 -0.084929 -0.258172 0.200132 0.065445 -0.416102 -0.273571 -0.655418 -0.000000 -0.000000 -0.042061 0.053772 -0.165675 -0.015517 0.052760 0.527757 -0.135366 0.124749 0.000000 -0.104219 -0.000000 -0.000000 -0.000000 0.065849 -0.247423 0.034460 0.000000 -0.000000 0.005092 0.000000 0.077069 0.085595 -0.116292 -0.222712 0.057754 0.293224 0.068896 0.000000 0.000000 0.039393 0.113268 -0.052444 -0.000000 -0.022817 -0.085046 -0.000000 -0.040894 -0.003226 -0.016819 -0.000000 0.090191 -0.000000 0.000000 -0.000000 -0.176981 -0.000000 0.000000 -0.000000 0.031119 -0.174705 -0.000000 0.059028 -0.240372 -0.669995 0.000000 -0.000000 -0.000000 -0.081943 0.061130 0.056465 -0.025268 0.108326 -0.200262 -0.000000 -0.093977 -0.051893 -0.000000 0.000000 0.004601 -0.153226 0.102773 -0.211470 -0.049581 -0.007761 0.043605 0.086620 0.000000 0.001397
  -0.591644 -0.140799 -0.000000 0.000000 -0.000000 0.063198 0.258987 -0.000000 0.070119 -0.000000 -0.000000 -0.036603 0.186892 0.117571 0.236459 -0.011842 -0.037602 -0.003631 -0.029109 -0.070127 0.000000 -0.000000 0.031069 0.127445 0.054975 0.030207 -0.039554 0.027950 -0.070453 0.340129 -0.000000 0.074368 0.000000 0.000000 -0.000000 -0.013432 0.362547 0.034839 -0.000000 -0.000000 0.080447 -0.000000 -0.882093 -0.028890 0.022120 -0.016395 0.043429 0.407223 0.054469 -0.000000 -0.000000 0.087336 0.025029 0.093901 -0.000000 -0.043670 -0.034093 0.000000 -0.008440 0.131111 -0.137686 -0.000000 0.094599 -0.000000 0.000000 -0.000000 0.061743 -0.000000 -0.000000 -0.000000 0.062754 -0.571716 -0.000000 -0.147314 -0.811319 -0.054581 -0.000000 -0.000000 0.000000 -0.009022 -0.023581 0.064680 0.170355 0.070883 0.136437 -0.000000 -0.061013 -0.442060 -0.000000 -0.000000 0.050602 -0.000670 0.106547 -0.100829 -1.569453 -0.022909 0.038129 -0.361121 0.000000 -3.030330
  -0.270472 -0.005171 -0.000000 0.000000 0.000000 -0.075369 -0.214631 -0.000000 -0.676274 0.000000 -0.000000 -0.240167 -0.568491 -0.261068 -0.028237 -0.286263 -0.162400 -0.145260 0.190999 0.000000 -0.000000 -0.000000 0.035320 -0.180809 0.039420 -0.052536 -0.513230 -0.138389 -0.160739 0.285942 -0.000000 0.704261 -0.000000 -0.000000 -0.000000 -0.056636 0.420270 -0.229869 -0.000000 -0.000000 -0.311170 -0.000000 -1.528638 -0.540242 0.020008 -0.941860 -0.318868 0.278349 -0.195849 -0.000000 -0.000000 -0.044067 0.192857 -0.003503 -0.000000 -0.663760 -0.178803 -0.000000 -0.180796 -0.203929 -0.288720 -0.000000 -0.125576 0.000000 -0.000000 -0.000000 -0.541617 0.000000 -0.000000 -0.000000 -0.573825 0.652712 0.000000 -0.171551 -2.317930 0.349914 -0.000000 -0.000000 -0.000000 -0.195345 -0.033961 -0.346752 -0.334762 0.113762 -0.135344 0.000000 -0.487209 -0.585353 -0.000000 0.000000 -0.204298 -0.737882 0.193916 -0.853416 0.000000 -0.569759 0.072882 -0.035202 -0.000000 0.095951
  0.366626 -0.193817 -0.000000 0.000000 0.000000 0.140117 -1.390056 -0.000000 -0.529468 -0.000000 -0.000000 -0.331946 -0.502743 -0.406507 -0.183652 0.452444 -0.422616 0.012780 -0.000000 0.253069 0.000000 -0.000000 -0.296352 -0.271942 0.235493 -0.322849 -0.146410 0.047449 -0.344460 0.847608 0.000000 -1.079446 -0.000000 0.000000 -0.000000 -1.360388 -0.081136 -0.226439 -0.000000 -0.000000 -0.265338 0.000000 -0.000000 0.242868 -0.133324 -1.763289 -2.755453 0.473244 -0.612625 0.000000 -0.000000 -1.990296 0.260325 -0.348704 0.000000 0.004023 -0.304641 0.000000 -0.321473 -0.281389 -0.777482 -0.000000 -0.096217 -0.000000 0.000000 -0.000000 -0.422976 0.000000 0.000000 -0.000000 -0.430229 -0.439055 -0.000000 -0.067415 -0.495702 0.098283 0.000000 -0.000000 -0.000000 0.008247 0.170264 -0.252160 -0.783205 0.415669 -0.165294 -0.000000 -0.288795 -0.868147 -0.000000 -0.000000 -3.158328 -0.396676 -0.488675 -0.609888 -0.000000 -0.297411 0.402503 -3.082093 -0.000000 1.139909
  -3.129993 0.430132 -0.000000 -0.000000 -0.000000 -0.106572 -0.457893 0.000000 0.231571 -0.000000 -0.000000 0.076876 0.063441 0.074200 0.365796 0.993141 0.156761 -0.164324 -0.574999 0.180095 0.000000 -0.000000 0.085045 0.177237 -0.552707 0.033950 -0.305709 0.135321 0.051478 0.319589 -0.000000 -0.978248 -0.000000 0.000000 0.000000 -0.296497 -0.532083 -0.320051 -0.000000 0.000000 0.465889 0.000000 0.000000 -0.325613 0.117224 0.377567 -0.123478 0.267192 -0.168637 -0.000000 -0.000000 -0.684216 -0.123737 0.051879 0.000000 -0.051287 -0.002709 0.000000 -0.139656 -0.021693 0.515366 -0.000000 0.316989 0.000000 -0.000000 -0.000000 -0.200600 -0.000000 -0.000000 0.000000 -0.516740 0.040870 -0.000000 -0.187084 -0.000000 -0.327999 -0.000000 -0.000000 -0.000000 0.249764 -0.047076 -0.113137 -0.084391 -0.139973 -0.222479 -0.000000 -0.020741 0.000000 -0.000000 -0.000000 0.361771 0.062303 0.126679 -0.605766 -0.000000 -0.608935 -0.212706 -4.182752 0.000000 1.493568
  -0.746336 -2.056439 -0.000000 -0.000000 0.000000 0.980111 -0.718137 0.000000 0.440557 0.000000 -0.000000 0.641835 0.684100 0.608875 1.266086 -0.824154 0.715570 0.860938 1.077599 -0.220250 0.000000 -0.000000 0.706926 0.445183 0.346416 0.834371 1.090216 0.044638 0.707576 -1.350156 0.000000 0.075270 -0.000000 0.000000 0.000000 0.937657 0.329488 1.022782 0.000000 0.000000 0.176961 0.000000 -0.665188 1.568297 0.350052 0.039433 1.024730 -1.033422 0.918284 0.000000 -0.000000 1.077877 -1.035852 0.724630 0.000000 0.766719 0.842565 -0.000000 0.836095 0.857968 0.340311 0.000000 0.484156 0.000000 -0.000000 0.000000 0.705802 -0.000000 -0.000000 -0.000000 1.133277 0.914836 0.000000 0.532160 1.486887 0.747087 0.000000 -0.000000 0.000000 0.545482 -1.195180 0.923916 0.734291 0.966829 1.178910 -0.000000 0.722539 0.243348 0.000000 -0.000000 0.663085 0.649304 0.605704 1.274487 -0.123345 1.038416 0.048985 0.651067 -0.000000 -2.520824
  -2.908458 0.573241 -0.000000 0.000000 0.000000 0.135047 -0.112541 -0.000000 -0.131414 -0.000000 -0.000000 0.129876 0.182461 -0.068143 -0.059217 0.557910 0.057138 0.067921 -0.034614 0.060513 -0.000000 0.000000 0.180467 0.065731 0.133859 0.110869 0.064337 -0.190679 0.030602 0.578908 0.000000 0.265835 -0.000000 0.000000 -0.000000 0.064345 -0.388502 0.234747 -0.000000 -0.000000 -0.303512 0.000000 -0.124707 -0.717787 -0.083583 0.100079 0.035967 -0.374252 0.103899 0.000000 0.000000 0.259382 0.162130 0.250017 -0.000000 0.190697 -0.001241 -0.000000 0.215755 0.094850 -0.172754 0.000000 -0.010389 -0.000000 0.000000 0.000000 0.160660 -0.000000 0.000000 -0.000000 0.037021 0.085180 0.000000 0.413526 -0.043632 -0.034203 -0.000000 -0.000000 0.000000 0.155057 0.104087 0.087610 0.099656 -1.468371 0.222062 -0.000000 0.235483 0.001345 -0.000000 -0.000000 -0.108571 0.065104 -0.252494 0.157339 -0.072147 -0.000001 -0.028653 0.387075 0.000000 -0.008431
  -0.239113 0.468405 -0.000000 -0.000000 -0.000000 -0.368331 0.017556 -0.000000 0.409711 -0.000000 -0.000000 0.320652 0.321794 0.449381 1.019169 -0.118875 0.298909 -0.152287 0.157679 0.237368 0.000000 -0.000000 0.132166 0.069942 0.183593 0.197430 0.212563 0.197303 0.396771 -0.100008 0.000000 0.164404 0.000000 0.000000 -0.000000 0.108331 -0.620226 0.280226 -0.000000 -0.000000 0.023021 -0.000000 -0.128435 -0.079707 0.136176 0.426326 0.465968 -0.160794 0.177854 0.000000 -0.000000 -0.156526 -0.461761 0.290111 0.000000 0.695054 0.153203 0.000000 0.419142 0.352028 0.393871 0.000000 0.245976 -0.000000 -0.000000 -0.000000 0.320371 0.000000 -0.000000 -0.000000 0.382070 0.598820 0.000000 -0.394689 0.568753 0.085133 0.000000 -0.000000 -0.000000 0.185266 -0.116624 0.337817 0.186285 -0.170780 0.043866 -0.000000 0.171995 -0.105097 0.000000 0.000000 0.131245 0.318840 0.216294 0.152684 0.141234 0.103024 -0.166795 0.131857 -0.000000 -0.066093
  0.014578 -0.417255 -0.000000 -0.000000 0.000000 -0.070523 0.016088 0.000000 -0.013469 -0.000000 -0.000000 -0.031689 -0.062993 -0.153962 0.557290 -0.102209 0.070842 0.130822 0.025854 0.069563 0.000000 -0.000000 0.120545 -0.063303 -0.130312 -0.010228 -0.152057 0.218985 -0.138202 -0.045456 -0.000000 0.234329 0.000000 -0.000000 0.000000 0.133435 0.091416 0.234491 -0.000000 0.000000 -0.141413 -0.000000 0.062441 0.017505 -0.065883 -0.143176 0.129411 0.083634 -0.058263 0.000000 -0.000000 0.094481 -0.183175 0.001052 0.000000 -0.055433 0.018886 -0.000000 0.146504 0.196104 -0.110572 -0.000000 -0.023654 -0.000000 0.000000 -0.000000 -0.039760 0.000000 -0.000000 -0.000000 -0.072137 0.215688 0.000000 0.079053 0.485247 0.193624 0.000000 -0.000000 -0.000000 0.093318 0.044587 0.030828 0.030796 0.091609 -0.108003 -0.000000 -0.030043 -0.299111 -0.000000 -0.000000 0.070070 -0.012387 -0.046440 0.193263 -0.122184 0.176991 0.134437 0.362014 -0.000000 0.144082
  -0.133714 0.045358 -0.000000 -0.000000 0.000000 -0.199823 0.211045 -0.000000 -0.138805 -0.000000 -0.000000 0.119795 0.267023 0.022261 0.158533 0.191070 0.037950 -0.253202 0.204778 0.188085 0.000000 -0.000000 0.087071 -0.079405 -0.021864 0.267192 -0.058703 -0.202070 0.145327 -0.040452 0.000000 0.014064 0.000000 -0.000000 -0.000000 0.207344 0.065521 0.143135 -0.000000 0.000000 0.264941 -0.000000 0.104025 -0.023295 0.081322 -0.059665 0.084629 0.212332 0.195190 0.000000 -0.000000 0.196219 0.045977 0.236007 0.000000 0.041867 0.295058 0.000000 0.043456 0.264280 0.083484 0.000000 0.148129 -0.000000 0.000000 -0.000000 -0.028269 -0.000000 -0.000000 -0.000000 -0.005519 -0.062341 -0.000000 -0.177540 0.179167 -0.036323 0.000000 -0.000000 0.000000 0.213903 -1.435134 0.128776 0.311736 0.086217 0.172480 -0.000000 0.069820 -0.129097 -0.000000 -0.000000 0.038742 0.241383 0.036474 0.083331 0.040151 0.130182 -1.340259 -0.078047 -0.000000 0.110721
  0.189939 0.081078 -0.000000 0.000000 -0.000000 -0.322204 0.163431 -0.000000 -0.522131 -0.000000 -0.000000 -0.208290 -0.187436 -0.035579 0.332317 0.122758 -0.097448 -0.388716 0.016457 -0.293638 0.000000 -0.000000 -0.154333 -0.089463 -0.210776 -0.125330 0.094701 0.147985 -0.112197 -0.050374 0.000000 -0.321178 0.000000 0.000000 -0.000000 -0.191060 -0.473542 0.031344 -0.000000 -0.000000 0.231508 -0.000000 -0.345026 -0.402666 -0.019210 0.248808 -0.165962 0.230405 -0.299366 0.000000 -0.000000 0.095769 -0.292565 -0.121430 0.000000 -0.079391 0.132964 0.000000 -0.118208 -0.235780 0.037704 0.000000 0.020425 0.000000 0.000000 -0.000000 -0.098393 0.000000 0.000000 -0.000000 -0.003166 -0.245079 -0.000000 -0.050751 -0.102997 -0.353384 -0.000000 -0.000000 -0.000000 -0.111162 -0.321216 -0.117276 -0.022264 -0.006357 0.043086 -0.000000 -0.184892 0.035289 -0.000000 -0.000000 -0.222593 -0.205613 0.148990 -0.066025 -0.294864 -0.059249 -0.389052 0.100519 0.000000 -0.159180
  -0.091744 -0.017586 -0.000000 -0.000000 -0.000000 0.149810 -0.146436 0.000000 0.089448 0.000000 -0.000000 0.058828 0.195721 0.107364 0.119400 -0.152484 0.004921 0.172033 0.067533 -1.575751 -0.000000 -0.000000 0.063889 -0.028214 0.312172 0.076705 0.085453 -0.005513 0.058576 0.023590 0.000000 -0.139557 -0.000000 -0.000000 -0.000000 0.052091 0.115148 0.202741 -0.000000 -0.000000 -0.148764 -0.000000 -0.035221 -0.214329 0.086916 0.134308 0.059754 -0.287634 0.150005 -0.000000 -0.000000 0.169199 0.015020 0.030502 -0.000000 0.035613 0.206160 0.000000 0.271308 0.157231 0.051126 0.000000 -0.013944 -0.000000 -0.000000 0.000000 0.127446 -0.000000 -0.000000 -0.000000 0.002722 0.151050 -0.000000 0.468662 0.460721 0.139754 -0.000000 -0.000000 0.000000 0.130511 0.196261 0.159180 -0.074908 0.049824 0.209529 0.000000 0.275448 0.553639 0.000000 -0.000000 0.108916 0.062013 0.087627 0.017768 0.187314 0.228907 0.114043 0.174376 -0.000000 -0.165834
  -0.084523 0.117567 0.000000 0.000000 0.000000 0.260087 -0.322244 -0.000000 -0.045672 -0.000000 -0.000000 0.138170 -0.088325 -0.079640 0.439800 -0.028618 0.042597 0.203364 0.236767 0.000000 0.000000 -0.000000 0.029622 0.106808 -0.066464 0.000517 -0.033394 -0.470560 -0.098662 -0.467959 -0.000000 -0.486265 0.000000 0.000000 0.000000 -0.109560 0.237768 0.120801 0.000000 -0.000000 -0.138638 0.000000 -0.163480 0.038781 0.249645 0.216427 0.174220 -0.080610 -0.073979 0.000000 -0.000000 0.071776 -0.310352 0.099454 -0.000000 0.283883 0.052357 -0.000000 0.128842 0.144696 0.138508 -0.000000 0.161166 0.000000 0.000000 -0.000000 -0.068948 -0.000000 0.000000 -0.000000 0.088784 -0.898913 -0.000000 0.049470 -1.172391 0.701663 0.000000 -0.000000 0.000000 0.133228 -0.127809 -0.092038 -0.012517 -0.148768 -0.053464 -0.000000 -0.096984 -0.132525 -0.000000 0.000000 0.112044 -0.031525 -0.026235 -0.074820 -0.624611 -0.084414 0.059875 -0.401401 0.000000 -0.501703
  0.704744 -0.283854 -0.000000 -0.000000 0.000000 0.166212 0.227153 -0.000000 -0.424819 -0.000000 -0.000000 0.031876 -0.139332 -0.033239 -0.751134 0.018549 0.070792 0.210947 -1.723118 -0.076194 0.000000 -0.000000 -0.261595 -0.097828 0.443064 -0.004295 0.129088 -0.440354 -0.007563 -0.022518 0.000000 1.131500 -0.000000 -0.000000 -0.000000 0.209495 0.383859 0.058489 -0.000000 -0.000000 -0.366326 -0.000000 0.147123 0.161202 -0.040063 -0.047363 -0.936659 0.242114 -0.082879 0.000000 0.000000 0.126411 -0.013816 -0.008733 0.000000 -0.018972 -0.020192 0.000000 -0.048230 0.039707 -0.361767 0.000000 -0.265207 -0.000000 -0.000000 -0.000000 0.111429 -0.000000 -0.000000 0.000000 0.373932 -0.006095 -0.000000 0.249871 -0.155921 0.037378 -0.000000 -0.000000 -0.000000 -0.191724 -0.368476 -0.145808 -0.153771 -0.279559 0.159811 0.000000 0.019712 -1.014965 -0.000000 -0.000000 -1.870474 -0.190922 -0.497420 0.453853 0.309380 0.390095 -0.132434 -0.194389 0.000000 0.715686
  -0.051744 -0.063554 -0.000000 0.000000 -0.000000 0.080788 -0.290475 0.000000 0.089297 0.000000 -0.000000 0.058357 0.149150 0.210939 0.239945 -0.043005 -0.003133 0.068027 0.153645 -1.099164 -0.000000 -0.000000 0.128203 0.070657 0.119963 -0.063191 0.207079 0.028358 0.091656 -0.116395 -0.000000 -0.167596 0.000000 0.000000 0.000000 0.077214 0.226483 0.182510 0.000000 -0.000000 -0.036843 -0.000000 -0.047848 0.090715 0.092113 0.105530 0.127471 0.249218 0.197388 -0.000000 -0.000000 0.083038 -0.048631 0.137355 0.000000 0.042029 0.146813 -0.000000 -0.001690 0.054987 0.138188 0.000000 0.000707 0.000000 0.000000 -0.000000 0.053248 0.000000 0.000000 -0.000000 0.043331 0.161437 -0.000000 0.304153 0.061767 0.145047 -0.000000 -0.000000 -0.000000 0.120508 0.134615 0.109948 0.016144 0.117169 -0.030854 -0.000000 0.147496 0.293622 0.000000 -0.000000 0.025775 0.076957 -0.128361 0.139432 -0.055266 -0.068182 0.075026 0.139286 0.000000 -0.788381
  -0.249099 0.280069 -0.000000 0.000000 -0.000000 0.150722 0.071491 -0.000000 -0.114993 -0.000000 -0.000000 -0.046365 -0.165236 -0.017184 -0.171158 0.557386 -0.126027 0.067067 -0.483833 0.287154 -0.000000 -0.000000 -0.072620 0.093770 -0.048830 0.054695 -0.193522 -0.083968 -0.077161 0.058982 0.000000 -0.096441 -0.000000 -0.000000 -0.000000 -0.200711 0.160688 -0.118917 -0.000000 0.000000 0.231015 0.000000 0.188863 -0.201579 -0.042145 -0.037875 -0.354407 -0.344024 -0.187636 -0.000000 -0.000000 -0.158470 0.078047 -0.037315 0.000000 -0.041421 -0.216316 -0.000000 -0.159837 -0.217936 -0.085214 -0.000000 -0.028988 -0.000000 -0.000000 0.000000 -0.010860 0.000000 0.000000 -0.000000 -0.121114 -0.003306 -0.000000 0.572076 0.069372 -0.028907 -0.000000 -0.000000 -0.000000 -0.158931 0.015328 0.032224 -0.379902 -0.855939 -0.203919 0.000000 -0.078044 0.063510 -0.000000 -0.000000 -0.148191 -0.157844 -0.069675 0.004586 0.663255 -0.063439 -0.026690 0.053882 -0.000000 0.298734
  0.255191 -0.070853 -0.000000 0.000000 -0.000000 0.041644 -0.088543 0.000000 0.022446 -0.000000 0.000000 0.048016 0.142292 0.220530 0.178015 -0.366145 0.054749 0.147273 -0.084413 -0.021101 -0.000000 -0.000000 -0.100497 0.014909 -0.041801 0.010186 -0.027308 0.104721 0.039980 -0.277342 0.000000 0.091264 -0.000000 -0.000000 -0.000000 0.145510 -0.653911 0.104073 -0.000000 0.000000 0.014473 -0.000000 -0.533800 0.158858 -0.069635 0.034325 -0.082575 -0.163540 -0.074362 0.000000 0.000000 0.021383 -0.046974 0.008410 0.000000 0.096194 -0.046023 -0.000000 0.036897 0.078328 0.262635 -0.000000 0.132556 -0.000000 0.000000 -0.000000 -0.128887 -0.000000 0.000000 -0.000000 0.104738 0.331616 0.000000 0.057510 0.362234 0.053872 0.000000 -0.000000 0.000000 0.002232 0.070431 0.138536 0.000866 0.171507 -0.069240 0.000000 0.071737 -0.094716 -0.000000 -0.000000 0.070214 0.006860 0.239809 -0.065238 -1.215266 0.067417 0.092589 -0.067755 -0.000000 -0.561843
  0.107770 0.539449 -0.000000 0.000000 0.000000 -0.263049 0.118690 0.000000 -0.116272 0.000000 -0.000000 -0.010609 -0.104225 -0.088945 -0.175306 0.208046 -0.094999 -0.469212 -0.351974 -0.266860 -0.000000 -0.000000 -0.178350 -0.020470 -0.243556 0.026504 0.005533 0.507146 0.042856 0.243081 0.000000 -0.357045 0.000000 0.000000 -0.000000 -0.200154 -0.191533 -0.059453 -0.000000 -0.000000 0.087404 -0.000000 0.094856 0.037783 -0.041685 -0.163663 -0.164090 0.289822 -0.202109 -0.000000 0.000000 -0.041869 -0.090004 -0.124966 -0.000000 -0.350144 0.024734 0.000000 -0.149030 -0.051848 0.075150 -0.000000 0.035791 -0.000000 0.000000 -0.000000 0.044088 -0.000000 -0.000000 -0.000000 -0.210301 -0.258357 -0.000000 0.032530 0.023470 -0.309167 -0.000000 -0.000000 -0.000000 0.070996 0.154956 -0.048957 0.009038 0.110397 -0.267510 -0.000000 -0.030024 0.069113 0.000000 0.000000 -0.004651 0.093670 0.038477 -0.011688 0.083228 -0.141592 -0.083347 -0.035824 -0.000000 0.009688
  -0.168839 -0.148328 -0.000000 -0.000000 0.000000 -0.320481 -0.001545 -0.000000 0.124443 0.000000 -0.000000 0.161117 -0.023568 0.165856 -0.096541 -0.163586 -0.064510 -0.033832 0.178368 0.078175 0.000000 -0.000000 -0.061266 0.019930 0.255482 0.155798 0.080117 -0.041085 -0.007100 0.023823 0.000000 0.099438 0.000000 0.000000 -0.000000 0.220704 0.061688 0.048825 -0.000000 -0.000000 0.327977 -0.000000 0.157645 0.024982 -0.106966 -0.579102 0.037564 0.261569 0.152826 -0.000000 0.000000 0.247910 -0.033194 0.152026 -0.000000 -0.146678 -0.010114 -0.000000 0.055235 0.035915 0.105035 0.000000 0.119918 0.000000 -0.000000 -0.000000 -0.025725 -0.000000 -0.000000 -0.000000 0.150304 0.032642 -0.000000 0.025006 -0.065425 -0.001789 -0.000000 -0.000000 -0.000000 -0.064426 -0.459803 0.195650 0.002252 0.071315 0.248235 -0.000000 0.000581 -0.070372 -0.000000 -0.000000 0.121002 -0.020734 0.186676 0.009159 0.061055 0.237352 -0.060125 0.042480 0.000000 0.235507
  -0.013448 -0.165509 -0.000000 0.000000 -0.000000 0.458171 0.169515 0.000000 -0.217967 0.000000 -0.000000 0.072962 -0.070552 -0.102179 0.306661 0.428243 -0.116128 0.406795 0.207162 0.135396 -0.000000 -0.000000 0.033051 -0.198626 -0.202326 0.044817 -0.160879 0.053057 -0.012462 -0.199539 -0.000000 0.133649 -0.000000 -0.000000 -0.000000 0.028303 0.072787 0.085058 -0.000000 -0.000000 -0.370361 -0.000000 0.265578 -0.016558 -0.187882 -0.498666 -0.076127 0.330490 0.082590 0.000000 -0.000000 -0.002218 0.027252 0.073112 0.000000 -0.110407 0.083013 0.000000 0.080069 0.051599 -0.176301 -0.000000 -0.108111 0.000000 -0.000000 -0.000000 0.047874 -0.000000 0.000000 -0.000000 0.155384 0.006344 -0.000000 -0.266271 0.083977 0.259591 -0.000000 -0.000000 -0.000000 -0.176037 0.248381 0.172993 0.181155 0.114075 -0.023031 -0.000000 -0.108093 0.062288 0.000000 -0.000000 -0.137975 0.044809 -0.200734 -0.009199 -0.027336 -0.120763 0.338293 0.026536 -0.000000 0.099016
  -0.116957 -0.009218 -0.000000 -0.000000 0.000000 0.174725 0.181279 0.000000 0.170547 0.000000 -0.000000 -0.034285 0.007077 0.015832 0.104906 0.167040 -0.037128 0.014131 0.106878 0.264874 0.000000 -0.000000 0.188038 -0.072629 -0.215931 0.010494 0.056852 0.136279 0.117711 0.372592 -0.000000 -0.003172 -0.000000 0.000000 0.000000 -0.075804 0.116675 0.147156 -0.000000 0.000000 -0.084529 -0.000000 0.073497 0.121298 0.009835 -0.099547 -0.026950 0.140049 0.109667 0.000000 -0.000000 0.000612 -0.077825 0.056091 -0.000000 -0.244229 0.135212 -0.000000 0.118916 0.146247 -0.076102 0.000000 0.081074 0.000000 -0.000000 -0.000000 0.181361 0.000000 -0.000000 -0.000000 -0.104347 0.007875 0.000000 -0.272820 0.024931 0.207900 -0.000000 -0.000000 0.000000 0.027264 0.112143 0.132228 0.094401 0.026338 -0.015431 0.000000 0.104923 -0.165826 0.000000 -0.000000 0.017563 0.179493 0.028523 0.031780 0.066095 -0.014180 0.106676 0.143381 0.000000 -0.120020
  -0.137238 -0.218329 -0.000000 0.000000 -0.000000 0.055440 -0.263005 0.000000 -0.114808 -0.000000 -0.000000 -0.087863 0.103267 0.002749 0.092296 -0.071069 -0.075862 0.326782 -0.277658 -0.204762 0.000000 -0.000000 0.107007 0.108814 -0.103649 0.156149 0.206878 -0.061398 0.054522 -0.038016 -0.000000 -0.296609 0.000000 -0.000000 -0.000000 -0.236497 0.077039 0.020142 -0.000000 0.000000 0.154909 -0.000000 -0.068044 0.236138 0.163787 0.121221 -0.075336 0.150258 -0.108574 -0.000000 -0.000000 -0.283338 -0.065994 -0.111821 0.000000 -0.051598 -0.003287 0.000000 -0.055879 -0.045282 -0.162485 -0.000000 -0.019680 0.000000 0.000000 -0.000000 0.031057 0.000000 -0.000000 -0.000000 0.171532 0.106595 -0.000000 0.104995 0.233689 0.145648 -0.000000 -0.000000 0.000000 0.012271 -0.164599 0.130490 0.013173 -0.081526 -0.073791 0.000000 -0.107847 0.081045 -0.000000 -0.000000 0.008618 -0.095569 0.096246 0.302808 -0.268527 0.091966 -0.006383 0.131979 0.000000 -0.014869
  0.067183 -0.079636 -0.000000 -0.000000 0.000000 0.015903 0.015467 -0.000000 0.005970 0.000000 0.000000 0.004919 -0.009468 -0.006488 -0.039788 -0.062478 0.022735 0.024288 -0.043334 -0.009477 -0.000000 -0.000000 -0.019896 0.003009 0.063586 -0.012798 0.010735 0.005105 -0.000893 -0.016136 -0.000000 -0.005191 -0.000000 -0.000000 -0.000000 0.001501 -0.246040 -0.004000 -0.000000 -0.000000 0.039312 -0.000000 -0.002446 0.024753 0.001864 0.008807 0.046483 0.094310 -0.030924 -0.000000 -0.000000 -0.000151 -0.000452 -0.001096 -0.000000 -0.119697 0.004757 0.000000 0.000465 -0.016270 0.002452 0.000000 0.004326 -0.000000 -0.000000 -0.000000 -0.004397 -0.000000 0.000000 -0.000000 0.000032 0.014847 -0.000000 0.020995 0.013508 -0.000254 0.000000 -0.000000 0.000000 -0.007698 0.007692 0.003320 0.012098 0.022199 -0.064273 -0.000000 -0.003912 0.057102 -0.000000 -0.000000 0.016548 0.000981 -0.000454 0.003851 -0.026044 -0.035643 0.000508 0.059194 0.000000 -0.036436
  -0.158432 -0.198437 -0.000000 0.000000 0.000000 0.204636 -0.207210 0.000000 0.162748 0.000000 -0.000000 0.234719 0.276541 -0.036205 0.128037 -0.352641 0.035592 0.203709 0.012368 0.186481 0.000000 0.000000 0.104919 0.139571 -0.089702 0.112994 0.110262 -0.042192 0.140152 -0.219790 -0.000000 -0.008508 -0.000000 -0.000000 0.000000 0.159541 0.144786 0.005734 -0.000000 -0.000000 0.150582 0.000000 -0.185304 0.097924 -0.007442 -0.134949 0.066289 -0.466721 0.262072 -0.000000 -0.000000 0.382676 -0.016096 0.089917 -0.000000 0.176616 0.281819 0.000000 0.071762 0.303166 -0.066166 -0.000000 0.109992 -0.000000 -0.000000 -0.000000 0.103197 0.000000 0.000000 -0.000000 0.034684 -0.011837 0.000000 -0.443361 -0.130867 0.183947 -0.000000 -0.000000 -0.000000 0.170174 0.129528 0.163849 0.003689 -0.078926 0.051313 0.000000 0.233041 -0.698654 0.000000 -0.000000 0.177385 0.139574 -0.183736 -0.178544 -0.132013 0.188826 0.152968 -0.381642 -0.000000 -0.286994
  0.066723 -0.332711 -0.000000 -0.000000 -0.000000 0.129694 0.318739 0.000000 -0.045355 -0.000000 -0.000000 0.110265 0.154856 -0.017917 -0.016921 0.121743 0.149621 0.199461 0.040486 0.244073 0.000000 -0.000000 0.210560 0.058013 0.144882 -0.033056 -0.016627 0.164105 -0.015755 0.164465 -0.000000 0.024327 -0.000000 -0.000000 -0.000000 -0.015581 0.156394 0.003387 -0.000000 0.000000 -0.046982 -0.000000 0.370813 0.043390 0.062671 -0.008999 -0.020007 0.236520 0.190155 -0.000000 0.000000 -0.049187 0.128978 0.110201 -0.000000 -0.191852 0.025398 -0.000000 0.163715 -0.030966 0.066175 -0.000000 -0.036358 0.000000 -0.000000 -0.000000 0.082863 0.000000 0.000000 -0.000000 -0.057430 0.257798 -0.000000 0.507161 0.212988 0.174915 0.000000 -0.000000 0.000000 0.192864 0.150710 -0.017811 0.112143 0.258700 -0.149658 -0.000000 -0.003569 0.174095 0.000000 -0.000000 -0.015284 0.051606 -0.050419 -0.169890 0.298812 0.017780 0.154966 0.167053 -0.000000 0.177375
  -0.215070 0.336260 -0.000000 0.000000 0.000000 -2.460321 0.019565 0.000000 0.149476 -0.000000 -0.000000 0.041261 -0.113540 0.043594 -0.062105 -0.037064 -0.024397 -1.378610 0.180146 -0.070809 0.000000 -0.000000 -0.139949 0.124235 -0.131555 -0.131846 -0.057707 0.351891 0.063675 -0.300221 0.000000 -0.118014 0.000000 -0.000000 0.000000 0.204536 0.105432 -0.104411 -0.000000 -0.000000 0.522715 -0.000000 -0.003064 0.178187 -0.083131 -1.308247 0.145750 0.176432 0.069353 0.000000 -0.000000 -0.176436 -0.020313 -0.053611 -0.000000 -0.087608 -0.088221 -0.000000 0.147648 -0.063467 0.329998 -0.000000 0.105056 -0.000000 -0.000000 -0.000000 -0.009423 -0.000000 0.000000 -0.000000 0.085930 -0.132752 -0.000000 0.187029 -0.309957 -1.399830 0.000000 -0.000000 -0.000000 0.034536 1.433151 -0.114007 -0.025979 -0.128612 0.029187 0.000000 -0.098645 0.151336 0.000000 -0.000000 0.201205 -0.000866 0.166518 0.018606 0.054060 0.139186 -0.283370 -0.144148 -0.000000 0.044698
  -0.113072 0.071819 -0.000000 0.000000 -0.000000 0.030957 -0.201268 0.000000 -0.241311 0.000000 -0.000000 -0.069404 -0.185915 0.066458 0.440490 0.098319 -0.003565 0.047669 0.332420 -0.330635 -0.000000 -0.000000 0.122637 0.213352 0.266050 -0.023660 -0.052484 0.203072 -0.065696 0.246996 -0.000000 0.082847 0.000000 -0.000000 0.000000 0.240868 -0.202308 0.038232 -0.000000 0.000000 0.013290 -0.000000 0.280482 -0.193621 0.241254 -0.437171 -0.073612 0.045462 -0.039720 -0.000000 0.000000 0.112492 -0.302926 -0.032190 -0.000000 -0.369323 -0.044788 -0.000000 -0.067098 -0.196668 0.044399 -0.000000 0.164145 0.000000 -0.000000 -0.000000 -0.324768 0.000000 0.000000 -0.000000 -0.158296 0.379910 -0.000000 0.222963 0.675317 -0.147574 0.000000 -0.000000 -0.000000 0.208338 -0.093360 -0.108827 0.063225 -0.113632 0.182197 0.000000 0.021123 -0.296015 -0.000000 0.000000 0.067849 -0.295472 0.116481 -0.323526 -0.272658 -0.034381 -0.004174 0.147450 -0.000000 -0.167900
  0.051497 0.109989 -0.000000 0.000000 0.000000 0.010351 0.006438 0.000000 0.184265 -0.000000 -0.000000 0.080955 -0.041722 0.171137 0.316847 -0.120425 0.007019 0.016001 -0.566910 0.356702 0.000000 -0.000000 0.033756 -0.091360 0.044637 -0.066732 0.088671 0.015722 0.025348 0.291012 -0.000000 -0.340676 -0.000000 0.000000 -0.000000 0.017027 0.083097 -0.012673 -0.000000 -0.000000 0.018136 -0.000000 0.224942 -0.499405 0.013474 0.192135 0.123862 -0.032720 0.104858 -0.000000 0.000000 -0.136136 0.191315 0.106394 -0.000000 0.109407 -0.066234 0.000000 0.187720 -0.015993 -0.080280 0.000000 -0.075679 -0.000000 -0.000000 -0.000000 -0.007000 0.000000 0.000000 -0.000000 0.131268 0.346865 -0.000000 0.066916 0.346153 -0.001611 0.000000 -0.000000 0.000000 0.124867 0.073752 -0.008330 -0.194793 -0.257307 0.117338 -0.000000 0.104664 0.340129 0.000000 -0.000000 -0.181521 0.086520 -0.216422 0.134449 0.314201 -0.104302 0.047573 -0.080303 -0.000000 -0.041173
  0.274995 0.227412 0.000000 -0.000000 -0.000000 1.026508 -0.027051 0.000000 -0.151987 0.000000 -0.000000 -0.050719 -0.098778 -0.077212 -0.660481 0.064195 -0.097484 1.068706 0.049278 -0.430773 0.000000 -0.000000 0.130563 0.037382 -0.250287 0.128061 -0.008967 -0.319072 -0.036586 -0.123736 -0.000000 -0.083784 -0.000000 -0.000000 -0.000000 0.094018 -0.255900 0.104149 -0.000000 -0.000000 -0.227796 -0.000000 -0.020752 0.039480 -0.018101 -0.287681 -0.011743 -0.080893 0.111502 -0.000000 0.000000 -0.121748 0.220418 -0.067612 -0.000000 -0.044539 -0.105712 -0.000000 0.186406 -0.059069 0.113638 -0.000000 -0.017398 0.000000 0.000000 -0.000000 0.047725 0.000000 -0.000000 -0.000000 -0.180090 -0.038358 -0.000000 0.022163 -0.057111 0.991889 -0.000000 -0.000000 -0.000000 0.135675 1.542300 -0.125706 0.115013 -0.127112 -0.075931 0.000000 -0.014264 0.106116 -0.000000 0.000000 -0.010590 -0.049295 -0.069312 -0.027551 -0.011860 -0.100322 2.222683 -0.090019 -0.000000 0.089355
  0.997845 0.265741 -0.000000 -0.000000 -0.000000 0.054842 -0.182469 0.000000 -0.082177 0.000000 -0.000000 -0.182350 -0.031411 -0.244087 -0.135866 0.023250 -0.331203 -0.016027 -0.702401 -0.661365 -0.000000 -0.000000 -0.244000 0.072900 1.014699 -0.069004 -0.183116 -0.080689 -0.291531 -0.433478 0.000000 0.006339 -0.000000 -0.000000 -0.000000 -0.064966 -0.030024 0.179745 0.000000 -0.000000 -0.331684 0.000000 -0.185983 -0.292073 -0.124702 0.345667 -0.353023 0.163886 0.301842 -0.000000 -0.000000 -0.992300 -0.177620 -0.243554 0.000000 0.085138 -0.263913 0.000000 -0.467262 0.020217 -0.417682 0.000000 -0.042537 -0.000000 -0.000000 -0.000000 -0.354887 -0.000000 0.000000 -0.000000 0.419298 -0.202358 0.000000 1.112666 -0.262372 -0.222278 -0.000000 -0.000000 0.000000 -0.316672 0.000000 0.020129 -0.221592 -0.424096 0.493226 0.000000 -0.114121 0.664389 -0.000000 -0.000000 0.129189 -0.242604 0.132295 0.551705 0.163327 0.508599 -0.000000 -0.010977 -0.000000 0.463716
  0.173906 -0.253882 -0.000000 -0.000000 -0.000000 -0.241628 0.277405 0.000000 -0.227543 -0.000000 -0.000000 0.000689 -0.151752 -0.208642 0.387679 0.007782 -0.243886 0.305010 -0.093864 0.099206 -0.000000 -0.000000 -0.028009 -0.132419 -0.535650 -0.128019 -0.125049 0.366646 -0.006808 -0.055323 -0.000000 -0.140959 -0.000000 0.000000 0.000000 -0.027062 0.554297 -0.108272 0.000000 0.000000 -0.122455 -0.000000 0.218674 -0.263644 -0.081451 -0.043840 -0.022422 0.358463 -0.103946 0.000000 -0.000000 -0.161977 0.040655 -0.097564 -0.000000 0.078019 -0.147955 -0.000000 -0.182778 -0.218536 -0.042982 -0.000000 -0.088376 0.000000 -0.000000 0.000000 -0.118000 -0.000000 0.000000 -0.000000 -0.216248 0.572078 -0.000000 -0.523334 0.998327 0.342167 -0.000000 -0.000000 -0.000000 -0.155961 0.111602 -0.003130 0.005042 -0.083462 -0.053408 -0.000000 -0.115733 -0.062644 -0.000000 -0.000000 -0.136038 -0.239506 0.020662 -0.241965 0.025878 -0.245625 0.281862 -0.021955 -0.000000 -0.470994
  -0.106404 0.311707 -0.000000 -0.000000 -0.000000 -0.217990 0.192875 -0.000000 0.117898 0.000000 -0.000000 -0.210677 -0.102986 -0.192847 0.282903 0.046755 -0.119537 -0.002367 -0.120135 0.230329 -0.000000 -0.000000 -0.188883 -0.165642 0.684467 0.022928 -0.032244 0.533863 -0.240308 0.302619 -0.000000 0.219320 0.000000 0.000000 0.000000 -0.540080 0.346378 -0.235522 -0.000000 0.000000 -0.113630 -0.000000 0.303111 -0.002148 -0.158813 -0.007789 0.050784 0.214233 -0.190085 -0.000000 -0.000000 -0.435137 -0.100647 -0.221338 -0.000000 -0.033679 -0.203186 0.000000 -0.277016 -0.306772 -0.255986 -0.000000 -0.207387 0.000000 0.000000 -0.000000 -0.355117 0.000000 0.000000 -0.000000 -0.234273 0.332687 0.000000 0.559431 0.296866 0.267163 -0.000000 -0.000000 0.000000 -0.076035 0.108086 -0.330300 -0.046017 0.038022 -0.086527 -0.000000 -0.189200 0.046170 0.000000 -0.000000 -0.143931 -0.174386 -0.027291 -0.232804 -0.091180 -0.200552 0.229294 0.440235 0.000000 -0.279030
  0.008167 -0.212730 -0.000000 -0.000000 0.000000 -0.049285 -0.022378 -0.000000 -0.134413 -0.000000 -0.000000 -0.176767 0.032951 -0.164413 -0.005736 0.311215 -0.120020 0.091662 -0.048950 -0.113256 -0.000000 -0.000000 0.169866 -0.060653 0.053678 -0.006752 -0.002259 -0.158915 -0.151408 0.767108 -0.000000 0.026738 0.000000 0.000000 -0.000000 0.113379 0.317828 0.151063 -0.000000 0.000000 -0.179145 -0.000000 -0.313648 0.072579 -0.015270 -0.097629 -0.063567 0.012906 0.083374 -0.000000 -0.000000 0.120818 0.188560 -0.053796 -0.000000 0.301394 -0.061394 0.000000 0.010647 0.079913 -0.312152 -0.000000 -0.067605 0.000000 0.000000 -0.000000 0.100098 -0.000000 0.000000 0.000000 0.201869 -0.598465 0.000000 0.554323 0.508936 -0.033169 0.000000 -0.000000 0.000000 0.182848 -0.122546 0.067672 0.041152 -0.153111 -0.042052 0.000000 0.064754 0.180843 -0.000000 -0.000000 -0.042698 0.116010 -0.172078 0.233644 -0.774085 0.141108 -0.042023 0.453041 0.000000 -0.895540
  0.173756 0.230204 -0.000000 0.000000 -0.000000 0.108947 -1.293320 -0.000000 0.132154 -0.000000 -0.000000 -0.106476 -0.020570 0.121618 -1.135209 0.242874 0.094676 0.238266 -0.986947 -0.000000 -0.000000 -0.000000 -0.155536 -0.199881 0.108675 -0.150294 -0.138160 -0.181796 0.074822 -0.032938 -0.000000 0.109647 -0.000000 0.000000 0.000000 -0.071084 -1.635680 0.056150 -0.000000 0.000000 -0.194288 -0.000000 -0.077192 -0.192697 -0.121928 -0.012467 -0.078064 -0.298145 -0.013854 0.000000 0.000000 0.054796 0.342516 0.029707 0.000000 -0.156557 -0.178078 -0.000000 0.030270 -0.089253 -0.094578 0.000000 0.077452 -0.000000 0.000000 -0.000000 0.111479 0.000000 0.000000 -0.000000 -0.099842 -0.457780 0.000000 0.186921 -0.462517 -0.053719 0.000000 -0.000000 -0.000000 -0.129087 0.104652 0.054943 -0.388850 -0.132708 0.096683 0.000000 -0.145808 0.131615 -0.000000 0.000000 -0.118899 -0.006782 -0.142445 -0.057652 -0.084700 0.016205 0.073072 0.200770 -0.000000 0.064991
  -0.386300 -0.019487 -0.000000 -0.000000 0.000000 -0.038510 -0.218629 0.000000 0.297920 0.000000 -0.000000 0.485490 0.183772 0.336104 0.141910 -0.801998 0.380538 -0.035063 0.634568 -0.536900 0.000000 -0.000000 0.145043 0.151952 0.000566 0.174635 0.105099 -0.682270 0.179781 -0.446124 -0.000000 1.537766 0.000000 -0.000000 0.000000 0.332859 0.108521 0.333109 -0.000000 -0.000000 -0.192166 -0.000000 -0.202625 -0.611662 0.119421 0.704190 0.251110 -0.150263 0.337670 -0.000000 0.000000 0.057893 -0.729113 0.223242 -0.000000 0.973791 0.196283 0.000000 0.311023 0.420535 0.364139 0.000000 0.204684 -0.000000 0.000000 0.000000 0.519372 -0.000000 0.000000 -0.000000 0.309493 0.640568 -0.000000 -0.919789 0.334804 0.103582 0.000000 -0.000000 -0.000000 0.285046 -2.063766 0.249478 0.275598 -0.344926 -0.019990 -0.000000 0.342272 0.378508 -0.000000 0.000000 0.312974 0.465666 0.321251 0.328819 0.228969 0.302339 -0.822879 0.688927 0.000000 -0.725054
  0.027326 0.200342 -0.000000 -0.000000 0.000000 -0.701716 0.074958 -0.000000 0.063178 -0.000000 -0.000000 0.093666 0.007981 0.056583 -0.056593 0.066760 0.025212 0.358964 0.224441 -1.155240 0.000000 -0.000000 0.068710 -0.030448 -0.021625 0.101514 0.051461 -0.192130 0.104991 -0.234656 -0.000000 -0.549990 -0.000000 -0.000000 0.000000 -0.047410 -0.020071 0.022618 -0.000000 0.000000 -0.116475 -0.000000 -0.123159 -0.115342 0.061855 0.239298 0.118405 -0.005445 -0.026141 -0.000000 0.000000 -0.077444 0.045794 -0.062566 0.000000 0.396904 0.140683 0.000000 0.192079 -0.051507 -0.047556 -0.000000 0.096427 -0.000000 -0.000000 -0.000000 0.068743 0.000000 -0.000000 -0.000000 0.355417 0.117692 0.000000 0.186322 0.294159 0.319234 -0.000000 -0.000000 -0.000000 -0.060948 -0.247809 -0.019348 0.141747 0.035235 0.263413 -0.000000 0.030765 0.184629 -0.000000 -0.000000 -0.062587 -0.007664 0.082905 0.371890 -0.317406 0.120233 0.353228 -0.400456 0.000000 -0.139320
  0.154296 0.080544 -0.000000 0.000000 0.000000 0.077936 -0.021579 0.000000 0.101036 -0.000000 -0.000000 0.060180 -0.089891 0.085338 -0.046160 -0.133902 -0.114364 0.055269 -1.232840 -0.506424 0.000000 -0.000000 -0.014941 0.064203 -0.000387 0.049239 -0.045835 -0.057570 -0.213469 -0.416635 -0.000000 -0.277061 -0.000000 0.000000 0.000000 0.109528 -0.068239 -0.142536 -0.000000 -0.000000 0.397282 -0.000000 0.244327 -0.117140 0.133471 0.150468 -0.123486 0.135014 -0.056001 0.000000 -0.000000 -0.075074 -0.039277 0.110815 0.000000 -0.052565 -0.025046 0.000000 -0.173442 -0.181851 0.115461 0.000000 0.051915 0.000000 0.000000 -0.000000 0.002823 -0.000000 0.000000 -0.000000 0.016722 -0.077805 -0.000000 -0.264565 0.659966 -0.127104 -0.000000 -0.000000 0.000000 0.033679 -0.022835 0.049852 -0.132395 0.063705 -0.011324 0.000000 -0.184672 0.050310 -0.000000 -0.000000 0.206524 -0.200947 0.069635 -0.172908 -0.343511 0.003304 0.018410 -0.480178 -0.000000 0.227068
  -0.078445 0.179664 -0.000000 -0.000000 -0.000000 0.213774 -0.397044 -0.000000 -0.015877 -0.000000 0.000000 0.054383 0.141012 0.085291 0.114776 -0.533967 0.001246 0.005889 0.492766 -0.250531 -0.000000 -0.000000 0.088399 0.066945 0.274960 0.198011 0.059135 0.011889 0.030006 -0.298555 -0.000000 0.226505 -0.000000 -0.000000 -0.000000 0.276471 -0.352557 0.255303 -0.000000 -0.000000 0.155809 -0.000000 -1.354613 -0.050141 0.189630 0.027941 0.003418 -0.248351 0.034926 -0.000000 -0.000000 0.048251 -0.160347 0.048488 -0.000000 0.291465 0.226971 -0.000000 0.201941 0.184177 0.260723 0.000000 0.086024 0.000000 -0.000000 -0.000000 0.226339 0.000000 0.000000 -0.000000 0.301406 -0.563636 0.000000 0.024502 -0.657954 0.175102 0.000000 -0.000000 -0.000000 -0.016220 0.044295 0.135309 -0.083902 -0.075429 0.310560 0.000000 0.187776 -0.694204 -0.000000 -0.000000 -0.089431 0.168360 -0.047699 0.184620 -1.089648 0.186772 0.099483 -0.248845 0.000000 -5.017577
  -0.300382 0.274285 -0.000000 0.000000 -0.000000 0.042455 -0.611276 0.000000 0.184951 -0.000000 0.000000 0.185674 0.111190 0.022880 0.067480 -2.105292 0.156404 0.134643 0.322107 -0.025463 0.000000 -0.000000 0.084731 -0.079568 0.136488 0.146967 0.141351 -0.083500 0.100577 -1.178445 0.000000 0.089932 -0.000000 0.000000 0.000000 0.098168 -0.233653 0.088873 -0.000000 -0.000000 0.161843 -0.000000 0.494066 0.002665 -0.005882 0.056783 0.172921 -1.366556 0.127445 0.000000 0.000000 -0.023785 0.094132 0.196876 -0.000000 0.059422 -0.008262 -0.000000 0.162262 0.155882 0.281908 0.000000 -0.041835 -0.000000 0.000000 -0.000000 0.046791 0.000000 0.000000 -0.000000 0.260408 -0.848013 -0.000000 0.230222 -2.186563 0.104815 0.000000 -0.000000 -0.000000 -0.031287 0.043739 0.105024 -0.122877 -0.264316 0.102748 -0.000000 -0.049503 -0.251593 -0.000000 -0.000000 0.171073 0.159402 0.029415 0.029952 -0.415940 0.109407 0.055295 -0.003351 -0.000000 -0.003528
  0.230795 0.552597 -0.000000 0.000000 -0.000000 0.136592 -0.130247 -0.000000 0.208565 0.000000 -0.000000 0.201515 -0.003692 0.059271 0.115844 -0.474437 0.100898 0.164383 -0.137848 0.157017 0.000000 -0.000000 0.184528 -0.092788 -0.047110 0.077644 0.072450 0.060937 0.206770 -0.006561 -0.000000 -0.364423 -0.000000 -0.000000 0.000000 -0.110017 -0.105780 0.008067 -0.000000 -0.000000 -0.155987 0.000000 0.029704 -0.365876 0.041524 0.106664 0.139217 -0.776502 0.156715 0.000000 -0.000000 -0.276764 0.280292 0.201265 -0.000000 0.190562 0.120382 -0.000000 0.184964 -0.014799 0.085135 -0.000000 0.042474 0.000000 -0.000000 -0.000000 0.261692 0.000000 0.000000 -0.000000 -0.055969 0.323907 0.000000 0.403656 0.037538 -0.036295 0.000000 -0.000000 -0.000000 0.028110 0.139163 -0.014098 -0.077822 -0.175823 0.282240 -0.000000 0.226025 0.365582 0.000000 -0.000000 0.082550 0.284821 0.075836 0.050286 0.451961 0.067982 0.116007 0.129147 -0.000000 -0.160212
  -0.058756 0.110616 -0.000000 -0.000000 0.000000 -0.128006 -0.336470 0.000000 0.140093 0.000000 -0.000000 0.164457 0.073526 0.122845 -0.026343 0.096393 0.002300 -0.378540 0.356000 -0.000000 0.000000 -0.000000 0.030196 0.161042 -0.309995 0.079347 -0.006061 -0.466138 0.083832 -0.377339 0.000000 -0.625572 -0.000000 0.000000 0.000000 -0.028107 0.197557 0.043177 0.000000 0.000000 0.011282 0.000000 -0.279243 -0.064702 0.217110 0.404715 0.196235 -0.065521 0.089878 0.000000 -0.000000 0.001968 -0.648859 0.095614 -0.000000 0.553202 0.106883 0.000000 0.017253 0.251057 0.163931 0.000000 0.052482 0.000000 -0.000000 -0.000000 0.003662 0.000000 0.000000 -0.000000 -0.003010 -0.691695 -0.000000 0.080619 -1.355721 -0.184231 -0.000000 -0.000000 -0.000000 0.186968 -0.850594 -0.138164 0.105411 -0.109594 -0.008419 -0.000000 -0.030415 -0.075297 -0.000000 0.000000 0.169476 0.041224 0.201970 -0.003158 -0.717764 -0.077254 -0.910468 -0.589450 -0.000000 -0.375328
  0.246170 -0.448302 -0.000000 0.000000 0.000000 0.092129 0.280676 -0.000000 -0.023613 -0.000000 -0.000000 -0.091266 0.034158 0.011812 -0.126554 -0.034795 0.163271 0.250159 -0.128730 0.054541 0.000000 -0.000000 -0.032909 -0.042678 -0.067995 0.131533 0.077991 0.159521 0.145824 0.297829 0.000000 -0.013027 -0.000000 0.000000 0.000000 -0.200965 -0.030654 0.075578 -0.000000 -0.000000 0.200580 -0.000000 0.276920 0.036732 -0.033572 -0.038890 0.015943 0.271896 -0.123679 0.000000 -0.000000 -0.144477 0.000653 0.019162 -0.000000 -0.378830 0.015435 0.000000 0.088325 -0.158417 0.084289 0.000000 -0.067784 -0.000000 0.000000 -0.000000 -0.027208 0.000000 -0.000000 -0.000000 0.053012 0.222175 -0.000000 0.424814 0.094040 0.155312 -0.000000 -0.000000 -0.000000 0.143302 0.125223 0.127041 0.238483 0.288494 -0.121996 0.000000 0.047227 0.077526 -0.000000 -0.000000 0.059370 -0.007532 0.143463 -0.063823 0.235186 -0.047798 0.135632 0.076028 -0.000000 0.364800
  0.000000 0.000000 0.000000 -0.000000 -0.000000 0.000000 -0.000000 0.000000 0.000000 0.000000 -0.000000 -0.000000 0.000000 -0.000000 0.000000 -0.000000 -0.000000 -0.000000 -0.000000 0.000000 -0.000000 -0.000000 -0.000000 -0.000000 -0.000000 -0.000000 0.000000 0.000000 0.000000 0.000000 -0.000000 0.000000 0.000000 -0.000000 0.000000 -0.000000 -0.000000 0.000000 -0.000000 -0.000000 -0.000000 -0.000000 -0.000000 0.000000 0.000000 0.000000 -0.000000 0.000000 0.000000 -0.000000 0.000000 0.000000 0.000000 -0.000000 -0.000000 0.000000 0.000000 0.000000 0.000000 0.000000 -0.000000 0.000000 -0.000000 0.000000 0.000000 -0.000000 0.000000 -0.000000 -0.000000 -0.000000 -0.000000 -0.000000 -0.000000 0.000000 0.000000 0.000000 -0.000000 0.000000 0.000000 -0.000000 0.000000 -0.000000 0.000000 -0.000000 -0.000000 0.000000 -0.000000 -0.000000 0.000000 0.000000 0.000000 -0.000000 -0.000000 0.000000 -0.000000 -0.000000 0.000000 -0.000000 -0.000000 -0.000000
  -0.463034 -0.070539 0.000000 -0.000000 0.000000 0.138711 0.264285 -0.000000 -0.117040 -0.000000 0.000000 0.034172 0.124628 0.041857 0.072541 -0.219644 0.083912 0.018823 0.169628 0.050285 0.000000 -0.000000 0.139989 -0.020529 0.053031 -0.011286 0.120643 0.050337 -0.083829 0.093890 -0.000000 0.035105 0.000000 -0.000000 -0.000000 0.182614 0.510102 0.140324 -0.000000 0.000000 -0.017141 -0.000000 -1.141658 -0.084500 -0.088109 0.014459 -0.160303 0.151487 0.047344 -0.000000 0.000000 -0.076205 0.261751 -0.003361 -0.000000 0.038776 0.161998 0.000000 0.066918 0.021953 -0.049448 0.000000 0.111139 -0.000000 -0.000000 -0.000000 0.027695 -0.000000 -0.000000 -0.000000 0.218768 -0.481857 -0.000000 -0.042380 -1.532551 0.093539 0.000000 -0.000000 0.000000 0.103967 -0.024262 0.015341 0.183934 -0.109805 0.174455 -0.000000 0.095523 -0.061605 -0.000000 -0.000000 0.073932 0.057205 -0.102823 0.021167 -2.201591 0.088949 0.018616 -0.367530 0.000000 -3.274308
  0.210589 -0.034948 -0.000000 -0.000000 -0.000000 0.173754 -0.141545 0.000000 0.148045 -0.000000 0.000000 0.024421 0.232748 0.123077 0.216504 -0.072580 0.128756 0.111360 -0.007933 -1.708596 -0.000000 -0.000000 -0.037155 0.187331 0.119392 0.203423 0.040502 -0.059612 0.105728 -0.080220 0.000000 0.036042 -0.000000 0.000000 0.000000 0.192323 -0.901806 0.065371 -0.000000 -0.000000 0.154535 -0.000000 -0.190522 0.264160 0.191517 0.097871 0.040160 -0.049138 0.029981 -0.000000 0.000000 0.207593 -0.285884 0.183206 -0.000000 -0.057488 -0.019946 0.000000 0.042496 0.064834 0.002996 -0.000000 0.027076 -0.000000 -0.000000 0.000000 -0.031467 0.000000 -0.000000 -0.000000 0.167883 -0.136414 0.000000 0.348368 0.047190 0.017169 -0.000000 -0.000000 -0.000000 0.090842 0.076808 0.058488 0.177852 0.064597 -0.085992 -0.000000 0.164547 0.145274 -0.000000 0.000000 0.085163 0.153133 0.134007 0.005047 -0.233893 0.045941 -0.012944 0.199396 0.000000 -0.259393
  -1.624859 -0.240420 -0.000000 0.000000 0.000000 0.244724 -1.165681 -0.000000 -0.241502 -0.000000 0.000000 -0.240167 0.056306 -0.208256 -0.710757 -0.305438 -0.147130 0.236697 -0.585138 -0.136137 0.000000 -0.000000 -0.096757 -0.048069 -0.113680 -0.117479 -0.060231 -0.120467 -0.218629 -1.212874 -0.000000 0.113145 0.000000 -0.000000 0.000000 -0.350190 -0.632380 -0.313830 -0.000000 0.000000 0.123993 0.000000 -0.625465 0.436626 -0.023555 -0.223502 -0.526505 0.203616 0.004286 -0.000000 0.000000 -0.179641 0.102089 -0.138780 -0.000000 -0.115115 -0.121439 0.000000 -0.421950 -0.131395 -0.297343 -0.000000 -0.083447 -0.000000 -0.000000 -0.000000 -0.386428 -0.000000 0.000000 0.000000 -0.199052 -0.618422 0.000000 -0.236415 -0.332719 0.075243 -0.000000 -0.000000 -0.000000 -0.183317 -0.172035 -0.130562 -0.057666 0.140045 -0.251805 0.000000 -0.238867 0.181982 -0.000000 -0.000000 -0.204996 -0.326305 -0.326130 -0.199928 -0.154366 -0.147932 -0.081796 -0.494027 -0.000000 0.073717
  -0.404598 0.167229 -0.000000 -0.000000 -0.000000 0.075206 -0.328546 0.000000 -0.009529 -0.000000 0.000000 0.093157 0.180641 0.006153 0.103976 -0.953108 0.199865 -0.002824 0.187167 -0.042582 0.000000 -0.000000 0.190069 0.221893 -0.061842 -0.040074 -0.047536 -0.014484 0.167004 -1.373463 -0.000000 0.129268 0.000000 -0.000000 -0.000000 0.098710 -0.166575 0.105902 -0.000000 -0.000000 0.485526 -0.000000 -0.230800 0.114926 -0.021595 0.022604 0.139445 -0.393423 0.181639 -0.000000 -0.000000 0.039034 -0.102122 0.151181 0.000000 0.176007 0.164333 -0.000000 0.170008 0.113376 0.243549 0.000000 0.101292 -0.000000 0.000000 -0.000000 -0.003791 0.000000 -0.000000 -0.000000 -0.006199 -0.821736 -0.000000 -0.045717 -2.345531 0.054812 -0.000000 -0.000000 -0.000000 0.244924 0.035869 0.188900 0.227085 -0.002522 0.170195 0.000000 0.122045 -0.475459 -0.000000 -0.000000 0.018096 0.182024 0.191324 0.122310 -0.336434 0.178791 0.089241 -0.230399 0.000000 -0.003528
  0.330664 -0.690065 -0.000000 -0.000000 0.000000 -0.081711 0.483978 0.000000 -0.017970 -0.000000 -0.000000 -0.076739 -0.171347 -0.255386 -0.122548 0.140825 -0.223522 0.001022 -0.156731 -0.111284 0.000000 -0.000000 -0.174837 0.038994 -0.090562 -0.007625 -0.041308 0.117616 0.012754 0.117688 -0.000000 0.233597 0.000000 0.000000 -0.000000 0.069327 -0.283622 -0.148240 -0.000000 -0.000000 0.043168 -0.000000 -0.095397 0.053226 0.045664 -0.043717 -0.115181 0.324395 -0.138695 0.000000 -0.000000 -0.064567 0.014108 0.084084 -0.000000 -0.964273 -0.005156 0.000000 -0.140874 -0.147704 0.007161 -0.000000 -0.143443 -0.000000 0.000000 -0.000000 -0.048955 -0.000000 -0.000000 -0.000000 -0.110286 -0.029927 0.000000 0.098826 -0.127942 0.010940 0.000000 -0.000000 0.000000 -0.144748 0.002705 -0.082287 -0.090773 0.398579 0.064202 0.000000 -0.195590 0.018752 -0.000000 -0.000000 -0.119101 -0.045925 -0.012104 0.001716 0.184412 -0.068871 0.050513 0.061515 -0.000000 0.319851
  -0.287733 -0.265793 -0.000000 -0.000000 0.000000 -0.379731 0.119134 -0.000000 -0.574342 -0.000000 -0.000000 -0.182444 -0.222679 -0.346164 1.910489 0.104924 -0.228086 -0.567644 0.072515 -0.000000 -0.000000 -0.000000 -0.026098 0.095433 0.182573 0.124375 -0.189025 -0.025512 -0.047579 0.384663 0.000000 0.710632 0.000000 0.000000 -0.000000 -0.263636 0.189243 -0.384724 -0.000000 -0.000000 -0.138696 -0.000000 -0.976429 -0.348744 0.204043 -0.614770 -0.353431 0.099216 -0.202118 -0.000000 0.000000 0.017139 0.108916 0.065767 -0.000000 -0.559843 0.160552 -0.000000 -0.085486 -0.070447 -0.404980 -0.000000 0.064873 -0.000000 0.000000 -0.000000 -0.168841 0.000000 0.000000 -0.000000 -0.627873 0.331704 0.000000 -0.370553 0.388980 -0.770390 0.000000 0.000000 0.000000 -0.196703 -0.088362 -0.092758 -0.247961 0.176540 0.077857 0.000000 -0.153832 -0.538807 -0.000000 0.000000 -0.291128 -0.531627 0.052456 -0.711639 -0.168223 -0.345266 -0.108941 -0.716252 -0.000000 0.057857
  0.536036 0.202971 -0.000000 0.000000 0.000000 0.049406 0.429303 -0.000000 -0.573200 -0.000000 -0.000000 -0.458865 -0.074165 -0.488428 0.070316 -0.579529 -0.584154 -0.348525 -0.813541 -1.540510 -0.000000 -0.000000 -0.174218 -0.127605 0.147982 -0.227247 0.018521 -0.595287 -0.518331 -0.057522 -0.000000 0.000000 0.000000 -0.000000 -0.000000 -0.330329 0.207935 0.049885 0.000000 0.000000 -0.615429 -0.000000 -0.048975 -0.023497 0.027853 0.028785 -0.392831 0.009236 -0.638588 0.000000 -0.000000 -1.284873 -0.144932 -0.224722 -0.000000 -0.012629 -0.056776 0.000000 -0.424683 0.433381 -0.602805 -0.000000 -0.126522 -0.000000 -0.000000 -0.000000 -0.046992 -0.000000 -0.000000 -0.000000 0.265903 -0.009593 0.000000 -0.523093 -0.349620 -0.721993 -0.000000 -0.000000 0.000000 -0.171313 -0.046923 -0.078209 0.199320 -0.274595 -0.181051 -0.000000 -0.018252 -0.144838 -0.000000 -0.000000 0.084849 -0.203508 0.095219 -0.210426 0.173285 0.095428 -0.701041 0.344047 0.000000 -0.443306
  0.732020 0.471092 -0.000000 0.000000 -0.000000 0.071377 0.311900 0.000000 -0.207350 0.000000 -0.000000 -0.241517 -0.459818 -0.130212 0.392428 0.137629 -0.290343 0.446935 0.035458 0.024695 -0.000000 0.000000 -0.295875 -0.267235 -0.275048 -0.379622 -0.250030 0.419662 -0.268417 -0.037637 -0.000000 -0.269540 0.000000 0.000000 -0.000000 -0.657450 -0.241297 -0.532551 -0.000000 0.000000 0.120838 -0.000000 0.084608 -0.200985 -0.442297 -2.033909 -0.269599 0.292509 -0.392608 -0.000000 -0.000000 -0.272392 0.437867 -0.416229 0.000000 -0.080890 -0.343713 0.000000 -0.423562 -0.310006 0.138745 -0.000000 -0.287758 -0.000000 0.000000 0.000000 -0.378491 -0.000000 0.000000 -0.000000 -0.454896 -0.086491 -0.000000 -0.342331 -0.297349 0.459679 -0.000000 -0.000000 0.000000 -0.415906 1.022647 -0.442207 -0.233614 -1.370451 -0.145042 0.000000 -0.314813 -1.177602 -0.000000 -0.000000 -0.317998 -0.248775 0.185465 -0.971441 0.417216 -0.527856 0.914855 -0.844973 0.000000 0.160833
  -0.362727 0.070760 -0.000000 -0.000000 -0.000000 0.079824 -0.635013 -0.000000 0.140775 0.000000 0.000000 0.234879 0.001417 0.231943 -0.053452 -0.699396 -0.003859 0.169523 0.269505 -0.074205 -0.000000 -0.000000 0.157640 -0.012086 0.274722 -0.007377 0.075199 -0.035274 0.074927 -1.393102 0.000000 0.158699 0.000000 -0.000000 -0.000000 0.123903 -0.515331 0.198041 -0.000000 -0.000000 0.323270 -0.000000 -0.255706 0.210993 0.081204 0.032903 0.144050 -0.487293 0.027481 -0.000000 -0.000000 0.177329 -0.117886 0.081958 0.000000 0.051784 0.167770 -0.000000 0.009334 -0.021021 0.097049 0.000000 0.104109 -0.000000 -0.000000 -0.000000 0.157937 0.000000 0.000000 -0.000000 0.147177 -0.783936 -0.000000 0.030419 -2.386117 0.105420 0.000000 -0.000000 -0.000000 0.283787 0.018888 0.182627 0.046136 -0.038816 0.252751 -0.000000 0.040127 -0.484160 -0.000000 -0.000000 0.155027 0.121431 0.051021 0.208701 -0.266087 0.074973 0.046224 -0.002492 -0.000000 -0.003528
  -0.000000 -0.000000 -0.000000 -0.000000 -0.000000 -0.000000 -0.000000 0.000000 0.000000 -0.000000 -0.000000 -0.000000 0.000000 0.000000 0.000000 0.000000 0.000000 0.000000 -0.000000 -0.000000 -0.000000 -0.000000 0.000000 0.000000 -0.000000 -0.000000 -0.000000 -0.000000 -0.000000 -0.000000 0.000000 -0.000000 -0.000000 -0.000000 0.000000 -0.000000 0.000000 -0.000000 -0.000000 0.000000 0.000000 -0.000000 -0.000000 0.000000 -0.000000 0.000000 0.000000 0.000000 -0.000000 -0.000000 -0.000000 0.000000 -0.000000 0.000000 -0.000000 -0.000000 0.000000 -0.000000 -0.000000 -0.000000 -0.000000 0.000000 0.000000 -0.000000 -0.000000 -0.000000 0.000000 0.000000 0.000000 -0.000000 0.000000 -0.000000 0.000000 0.000000 0.000000 0.000000 -0.000000 -0.000000 -0.000000 -0.000000 -0.000000 0.000000 0.000000 0.000000 -0.000000 -0.000000 0.000000 -0.000000 -0.000000 -0.000000 -0.000000 -0.000000 0.000000 0.000000 -0.000000 -0.000000 0.000000 0.000000 -0.000000 -0.000000
  -0.032552 -0.307697 -0.000000 -0.000000 -0.000000 -1.092912 0.240552 -0.000000 -0.033765 -0.000000 -0.000000 0.150880 0.228974 -0.041176 -0.082659 0.109219 0.006342 -1.259953 -0.096823 -2.103460 0.000000 -0.000000 0.008799 0.069240 -0.171032 0.189894 -0.086467 0.016176 0.018071 -0.095921 -0.000000 -0.223061 0.000000 -0.000000 -0.000000 -0.107484 0.307725 0.103879 -0.000000 0.000000 0.006589 -0.000000 0.040086 -0.158136 0.068750 0.427783 0.000134 0.178563 0.099088 0.000000 0.000000 -0.231756 -0.189692 0.038408 -0.000000 0.440001 0.147501 -0.000000 0.100410 0.023221 0.077620 0.000000 0.157395 -0.000000 0.000000 -0.000000 0.151884 -0.000000 -0.000000 -0.000000 0.423077 0.177850 0.000000 -0.009087 0.125259 0.238130 -0.000000 -0.000000 -0.000000 -0.063155 -1.291497 0.195858 0.073573 0.228357 0.273118 -0.000000 0.199023 -0.098728 -0.000000 -0.000000 0.048881 0.135597 0.305990 0.414419 -0.110642 0.357041 -0.299300 -0.216346 0.000000 0.009949
  -0.060226 -0.634696 0.000000 -0.000000 0.000000 -0.203560 0.153070 -0.000000 0.021753 -0.000000 -0.000000 -0.023480 0.018753 0.107912 1.304661 -0.194276 0.111602 0.357824 0.148782 -0.109066 -0.000000 -0.000000 -0.086295 0.000693 -0.130631 0.049256 0.023078 0.345653 -0.043711 0.003852 -0.000000 0.202184 0.000000 -0.000000 0.000000 0.115521 0.002351 0.215210 -0.000000 -0.000000 -0.139545 0.000000 0.016382 -0.044455 -0.032885 0.129215 0.140738 -0.042680 0.096918 0.000000 0.000000 0.037976 -0.258821 0.116204 0.000000 0.366516 0.004081 0.000000 0.040133 -0.053017 -0.051849 -0.000000 -0.103988 -0.000000 -0.000000 0.000000 -0.040655 -0.000000 -0.000000 -0.000000 -0.040957 0.712795 0.000000 0.162989 0.806106 0.347575 -0.000000 -0.000000 0.000000 -0.090386 -0.188391 -0.019589 -0.005709 0.148975 0.035143 0.000000 0.045844 -0.322271 -0.000000 0.000000 -0.083386 0.096475 0.112725 0.066584 -0.201464 0.288441 0.130195 0.261638 -0.000000 0.019260
  0.005073 0.055674 -0.000000 -0.000000 0.000000 -0.644034 -0.117806 0.000000 0.002785 -0.000000 -0.000000 0.073491 0.127478 0.280353 -0.131176 0.150408 0.283297 -0.395854 -0.058638 -0.117565 0.000000 -0.000000 0.037033 0.041242 0.155558 0.138533 0.269670 -0.463748 0.271842 -0.193539 0.000000 0.037463 0.000000 -0.000000 -0.000000 0.065687 -0.298332 0.179480 0.000000 -0.000000 0.042412 -0.000000 -0.064385 0.192779 0.146102 0.176195 0.279954 0.063723 0.085298 0.000000 0.000000 0.218889 -0.074319 0.058585 0.000000 0.033505 0.066768 -0.000000 0.088930 0.022816 0.183916 0.000000 0.122564 -0.000000 -0.000000 -0.000000 0.173049 0.000000 -0.000000 -0.000000 0.390273 0.172110 0.000000 0.237421 0.327454 -0.102622 0.000000 -0.000000 0.000000 0.029056 -0.061724 0.227758 0.125946 -0.074860 0.168868 0.000000 0.043035 0.186933 -0.000000 -0.000000 0.110868 0.058439 0.258737 0.308032 -0.092017 0.414348 -0.226789 -0.150376 0.000000 0.011495
  -0.681051 0.213694 -0.000000 0.000000 0.000000 0.032089 -0.725282 -0.000000 -0.054152 -0.000000 -0.000000 -0.402674 0.184431 -0.383390 0.097605 -0.137153 -0.303453 -0.042995 -0.871861 0.507617 0.000000 -0.000000 -0.128563 0.017479 -0.352160 0.080154 -0.476932 0.430922 -0.411353 -0.125335 -0.000000 -0.747137 0.000000 -0.000000 0.000000 -0.067448 -0.645284 -0.307307 -0.000000 0.000000 -0.400746 0.000000 0.100913 -0.358773 0.018643 -0.083334 -0.105848 0.167550 -0.042675 -0.000000 -0.000000 0.271161 -0.017738 -0.108385 -0.000000 -0.139826 0.056964 -0.000000 -0.567599 -0.130914 -0.379742 0.000000 0.063202 0.000000 -0.000000 -0.000000 -0.019970 0.000000 0.000000 -0.000000 -0.352715 -0.563810 0.000000 -0.709314 -1.009384 0.268944 -0.000000 -0.000000 -0.000000 0.093635 0.169109 -0.018168 -0.060721 -0.052493 -0.304138 0.000000 -0.040074 -0.258133 -0.000000 -0.000000 0.146951 0.255113 0.005603 0.379059 -0.097742 -0.465748 -0.144195 -0.823039 -0.000000 -0.638353
  0.138933 -0.448983 -0.000000 -0.000000 0.000000 0.093488 -0.017133 -0.000000 0.017340 -0.000000 0.000000 0.093179 -0.195791 -0.055849 0.329848 -0.242305 -0.006062 0.245444 0.002228 -1.151402 0.000000 -0.000000 0.074599 0.029678 0.159705 -0.101699 -0.105106 -0.061743 0.027049 -0.099412 -0.000000 0.126424 0.000000 0.000000 0.000000 0.208429 -1.224996 -0.081777 -0.000000 -0.000000 -0.114152 -0.000000 -0.085042 0.266786 -0.038199 0.064495 -0.021609 -0.032985 -0.038197 -0.000000 -0.000000 0.015081 -0.171026 0.085838 -0.000000 -0.318740 -0.153904 0.000000 -0.075536 0.030690 0.009663 -0.000000 0.086179 -0.000000 -0.000000 -0.000000 -0.017900 -0.000000 -0.000000 -0.000000 -0.002525 0.211257 -0.000000 0.078293 -0.040640 -0.006786 -0.000000 -0.000000 -0.000000 0.107918 0.082192 -0.014732 0.078271 0.161079 0.086695 -0.000000 -0.172303 0.197089 -0.000000 -0.000000 0.009431 -0.071473 0.080387 -0.183204 -0.476382 -0.050376 0.124564 0.120602 -0.000000 0.310310
  0.060126 0.142165 -0.000000 -0.000000 0.000000 0.191183 0.065115 -0.000000 -0.014994 0.000000 0.000000 0.052488 0.111661 0.082067 -0.077307 -0.052148 0.131218 -0.030875 -0.237391 -0.297011 0.000000 -0.000000 -0.049922 0.035332 0.062520 0.099886 -0.032795 -0.085328 0.003862 0.144006 -0.000000 0.226348 0.000000 -0.000000 -0.000000 0.156572 -0.058885 0.125355 -0.000000 -0.000000 -0.034985 -0.000000 -0.057423 -0.022063 -0.112802 -0.008019 0.121007 0.193342 0.179772 -0.000000 0.000000 0.019872 -0.294069 0.125122 -0.000000 -0.023706 0.107114 0.000000 -0.035758 0.107122 -0.146516 0.000000 -0.085641 0.000000 -0.000000 -0.000000 0.036803 -0.000000 0.000000 -0.000000 0.014322 0.160989 -0.000000 -0.081347 0.665932 -0.165062 -0.000000 -0.000000 -0.000000 0.027847 0.047018 0.142859 -0.074293 -0.176022 -0.133614 0.000000 0.162951 0.219619 -0.000000 -0.000000 -0.105289 -0.061119 -0.042013 0.014059 -0.036950 0.062252 -0.101517 -0.062732 -0.000000 0.004259
  -0.120262 0.346128 -0.000000 -0.000000 -0.000000 0.054999 -0.015102 -0.000000 -0.214013 -0.000000 -0.000000 -0.213689 -0.179607 -0.182967 0.246913 0.237422 -0.228277 0.344233 -0.402850 0.363149 -0.000000 0.000000 -0.081171 -0.147781 -0.042873 -0.129677 -0.181079 0.715938 -0.368111 0.357659 0.000000 -0.047240 -0.000000 -0.000000 -0.000000 -0.447712 0.321098 -0.388010 -0.000000 0.000000 -0.268301 -0.000000 0.126510 -0.012996 -0.073993 0.068915 -0.130699 0.006624 -0.269725 -0.000000 -0.000000 -0.530957 0.254384 -0.060937 0.000000 -0.170693 -0.158547 -0.000000 -0.170003 -0.267417 -0.321659 -0.000000 -0.094411 -0.000000 0.000000 0.000000 -0.340237 0.000000 0.000000 -0.000000 -0.331500 0.091926 0.000000 0.300351 0.124711 0.780175 0.000000 -0.000000 -0.000000 -0.209294 1.358901 -0.196910 -0.118396 0.012905 -0.369418 0.000000 -0.400458 -0.221637 -0.000000 -0.000000 -0.294856 -0.086532 -0.107045 -0.275729 -0.182793 -0.417857 0.797365 0.087108 0.000000 -0.200106
  -0.648321 0.187783 -0.000000 0.000000 -0.000000 0.065285 0.027606 0.000000 -0.014179 -0.000000 0.000000 0.066759 -0.004237 -0.053800 0.118701 -1.026893 -0.027038 0.016911 -0.127267 0.161460 0.000000 -0.000000 0.029158 0.179829 -0.046837 0.103234 0.013253 -0.016354 0.074078 -0.964680 -0.000000 -0.015743 -0.000000 -0.000000 -0.000000 0.060552 0.413581 -0.078255 -0.000000 0.000000 0.274562 -0.000000 -0.408840 -0.118546 0.091843 0.010897 0.106755 -0.214825 -0.031821 -0.000000 -0.000000 -0.109592 -0.006111 0.188381 0.000000 -0.109816 0.086149 -0.000000 -0.015942 -0.065730 0.119110 -0.000000 0.194286 0.000000 -0.000000 -0.000000 0.098740 0.000000 0.000000 -0.000000 0.087900 -0.315027 0.000000 0.001744 -0.417742 0.039163 0.000000 -0.000000 -0.000000 0.077322 -0.033528 0.101668 -0.096502 0.037232 -0.013260 -0.000000 -0.025571 -0.278697 -0.000000 -0.000000 0.077198 0.020857 0.145072 -0.083632 -0.524355 0.055460 0.040149 -0.326310 0.000000 -1.315570
  -0.165479 0.058015 -0.000000 0.000000 0.000000 -0.127340 -0.174070 0.000000 0.251302 -0.000000 -0.000000 0.189394 0.182084 0.300766 0.316641 -0.113439 0.153326 0.037812 0.061041 0.282331 -0.000000 0.000000 0.210552 0.157869 0.059148 0.280068 0.015174 0.098441 0.310262 -0.321241 0.000000 -0.193559 -0.000000 0.000000 0.000000 0.121211 0.035537 0.176524 -0.000000 0.000000 -0.034628 0.000000 0.008199 0.088983 0.063717 -0.003332 0.357867 -0.510053 0.234300 -0.000000 0.000000 0.227993 -0.065492 0.168867 0.000000 0.209082 0.146642 0.000000 0.238639 0.162578 -0.058533 0.000000 0.008836 -0.000000 0.000000 -0.000000 0.221171 -0.000000 0.000000 -0.000000 0.074563 -0.647247 0.000000 -0.610491 -0.479050 0.022448 0.000000 -0.000000 -0.000000 0.158035 0.225175 0.143473 0.047646 -0.238417 -0.039883 -0.000000 0.143463 0.407367 0.000000 -0.000000 0.149467 0.101635 0.221255 -0.038783 -0.162742 -0.119289 0.064543 -0.583635 -0.000000 -0.263180
  -0.033756 0.665208 -0.000000 0.000000 0.000000 0.058184 -0.506826 0.000000 -0.036335 -0.000000 -0.000000 0.026787 0.032676 -0.014966 0.252870 -0.111170 -0.082594 0.528517 0.185032 -0.844970 -0.000000 0.000000 -0.231475 -0.187672 -0.327980 -0.248490 -0.316890 -0.304933 -0.180085 -0.299118 0.000000 -1.291572 0.000000 0.000000 0.000000 -0.183864 0.384562 -0.119259 0.000000 0.000000 0.032675 0.000000 -0.602171 -0.186191 -0.035099 -0.344806 0.004801 0.118512 -0.208468 -0.000000 0.000000 -0.923085 -0.124275 -0.021439 0.000000 0.342810 -0.087868 -0.000000 0.028938 -0.253708 0.051250 -0.000000 -0.127516 -0.000000 -0.000000 0.000000 -0.036823 -0.000000 -0.000000 -0.000000 -0.043388 0.706565 -0.000000 0.061085 0.275399 0.187566 -0.000000 -0.000000 -0.000000 -0.107300 -0.006570 -0.054533 -0.047831 -0.544346 -0.207793 -0.000000 -0.029157 0.102686 -0.000000 -0.000000 -0.075454 0.015914 -0.176163 0.004274 -0.297124 -0.043376 -0.000000 -0.978427 0.000000 -0.099546
  0.000000 -0.000000 -0.000000 -0.000000 0.000000 0.000000 0.000000 -0.000000 0.000000 -0.000000 -0.000000 0.000000 0.000000 -0.000000 -0.000000 0.000000 0.000000 0.000000 0.000000 -0.000000 0.000000 -0.000000 0.000000 0.000000 0.000000 0.000000 -0.000000 0.000000 -0.000000 0.000000 0.000000 -0.000000 -0.000000 -0.000000 -0.000000 -0.000000 0.000000 -0.000000 -0.000000 -0.000000 0.000000 -0.000000 0.000000 0.000000 -0.000000 -0.000000 0.000000 0.000000 -0.000000 -0.000000 0.000000 -0.000000 -0.000000 0.000000 0.000000 -0.000000 -0.000000 -0.000000 0.000000 0.000000 0.000000 0.000000 0.000000 0.000000 0.000000 -0.000000 0.000000 -0.000000 0.000000 -0.000000 -0.000000 0.000000 0.000000 0.000000 -0.000000 0.000000 -0.000000 -0.000000 -0.000000 0.000000 0.000000 -0.000000 0.000000 0.000000 -0.000000 -0.000000 -0.000000 0.000000 0.000000 -0.000000 -0.000000 0.000000 0.000000 -0.000000 0.000000 -0.000000 0.000000 0.000000 0.000000 0.000000
  -0.158179 -0.237523 -0.000000 -0.000000 0.000000 0.428970 -0.019164 -0.000000 -0.199522 0.000000 -0.000000 -0.070289 -0.045782 -0.276447 0.228167 0.344294 -0.247493 0.047158 -0.009875 2.866613 -0.000000 -0.000000 -0.085184 -0.278549 0.229590 -0.093547 0.015726 -0.046663 -0.058776 0.405266 0.000000 0.409525 -0.000000 0.000000 -0.000000 -0.022590 -0.024421 -0.073503 -0.000000 0.000000 -0.140844 0.000000 0.367194 -0.243358 -0.276241 -0.132704 -0.109114 -0.105623 0.002145 -0.000000 0.000000 -0.387056 0.154657 -0.120575 -0.000000 -0.496700 -0.015338 0.000000 -0.015476 -0.149713 -0.269794 -0.000000 -0.078458 -0.000000 0.000000 -0.000000 -0.056610 0.000000 0.000000 -0.000000 -0.023014 -0.031445 0.000000 -0.130889 -0.457136 0.136640 -0.000000 -0.000000 0.000000 -0.024838 0.217146 0.054385 -0.363523 0.125815 0.050582 0.000000 0.032681 -0.346741 -0.000000 0.000000 -0.301893 -0.009049 -0.055544 -0.084605 1.383356 0.186136 0.055475 0.023926 -0.000000 0.161162
  -0.114199 0.030389 -0.000000 -0.000000 -0.000000 -0.110106 0.227415 0.000000 -0.001523 0.000000 -0.000000 0.030197 0.020018 0.094789 0.109398 -0.069767 -0.129658 -0.191333 0.127228 0.076763 -0.000000 -0.000000 -0.088821 0.060910 0.107435 0.052950 -0.070462 0.025205 -0.018061 0.053864 0.000000 0.087353 0.000000 -0.000000 0.000000 0.223456 0.169517 0.131659 -0.000000 0.000000 0.313886 -0.000000 0.169194 -0.036019 0.044224 0.228292 0.048501 0.034634 0.035288 -0.000000 -0.000000 0.145595 0.280286 0.067651 0.000000 -0.098066 0.137038 0.000000 0.089158 0.020700 0.220833 0.000000 -0.013631 0.000000 0.000000 0.000000 0.084770 0.000000 0.000000 -0.000000 0.078992 -0.135377 -0.000000 -0.074725 -0.241770 0.097153 -0.000000 -0.000000 0.000000 0.095567 -0.280782 0.114030 0.028504 0.110022 0.115979 -0.000000 -0.020505 0.178133 -0.000000 -0.000000 -0.103912 0.086912 0.134401 0.074781 0.088571 0.084818 0.053892 0.053400 -0.000000 0.205721
  0.146555 0.060584 -0.000000 -0.000000 -0.000000 -0.171546 0.292621 -0.000000 0.085488 0.000000 -0.000000 -0.059201 0.098443 -0.122632 0.146427 0.095914 -0.105306 0.057290 0.075016 0.109710 -0.000000 0.000000 0.153672 -0.002798 0.201876 -0.039938 -0.013094 0.027067 0.041171 0.002606 0.000000 0.105542 0.000000 0.000000 0.000000 0.082972 0.160415 0.032727 -0.000000 0.000000 -0.153243 -0.000000 -0.488908 -0.213301 0.019175 0.304880 -0.135018 0.383536 0.148121 0.000000 -0.000000 0.069665 0.035371 0.005802 -0.000000 0.175165 -0.080085 0.000000 0.142393 0.146190 -0.059573 -0.000000 0.074538 -0.000000 0.000000 -0.000000 -0.000312 0.000000 -0.000000 -0.000000 0.040311 1.368729 0.000000 -0.615885 1.006292 -0.007219 0.000000 -0.000000 -0.000000 -0.044297 -0.099965 0.025902 -0.064751 0.105133 -0.017173 0.000000 0.054372 -2.762953 0.000000 -0.000000 -0.095749 0.128565 -0.110402 0.141575 -0.686587 0.044125 0.013036 -0.040690 0.000000 -0.522674
  0.146106 -0.050037 -0.000000 -0.000000 0.000000 -0.001363 0.039757 0.000000 -0.196460 -0.000000 -0.000000 -0.006247 0.139882 -0.052427 -0.007406 0.054875 0.008729 0.145953 0.152215 0.057735 -0.000000 0.000000 0.060413 -0.123046 0.012683 0.148569 0.024384 -0.134845 0.061227 0.039772 0.000000 0.120286 -0.000000 0.000000 -0.000000 0.182633 -0.009074 0.001825 -0.000000 -0.000000 0.220758 -0.000000 0.059137 -0.240428 -0.052399 -0.593554 -0.105813 0.116500 0.135364 -0.000000 0.000000 0.276420 0.098380 -0.030508 -0.000000 -0.041411 0.009515 -0.000000 0.090713 0.157940 0.156800 -0.000000 0.086172 -0.000000 0.000000 0.000000 0.078893 0.000000 0.000000 -0.000000 -0.044838 -0.201023 -0.000000 -0.137377 -0.536517 0.164044 -0.000000 -0.000000 0.000000 -0.084301 0.145577 0.171545 -0.070332 -0.021739 0.073006 0.000000 0.040008 -0.555855 -0.000000 -0.000000 0.093712 0.130964 0.297076 0.084494 -0.149492 0.216816 0.088267 0.360742 -0.000000 0.058656
  -0.482739 0.045168 0.000000 0.000000 0.000000 0.380802 -0.570879 -0.000000 -0.254360 -0.000000 -0.000000 -0.393337 -0.152365 -0.521686 -0.442322 0.016320 -0.298012 0.133547 -0.166324 -0.153307 0.000000 -0.000000 -0.068951 0.125943 -0.179928 -0.104446 -0.368056 -0.133217 -0.107021 0.008946 0.000000 0.066626 0.000000 -0.000000 -0.000000 -0.033703 0.083525 -0.056103 -0.000000 0.000000 -0.003282 0.000000 -1.523060 0.211592 -0.087890 0.414829 -0.628606 0.047880 -0.030866 -0.000000 0.000000 -0.119583 -0.114911 -0.107442 -0.000000 -0.053180 0.161730 -0.000000 -0.370621 -0.044581 -1.019806 -0.000000 -0.016848 -0.000000 -0.000000 -0.000000 -0.231921 -0.000000 0.000000 -0.000000 -0.071083 -0.450197 -0.000000 -0.167403 0.522741 -0.172176 -0.000000 -0.000000 0.000000 -0.140417 -0.229669 0.114707 -0.071413 0.091685 0.013009 -0.000000 -0.165247 0.349613 -0.000000 -0.000000 -0.076536 -0.235878 -0.055161 0.071875 -0.368847 -0.125628 -0.056004 0.074683 -0.000000 0.092066
  -0.336394 0.196234 -0.000000 -0.000000 0.000000 0.171482 -0.456834 0.000000 -0.001885 0.000000 -0.000000 0.063902 -0.048386 0.114241 0.099972 -3.340763 0.159057 0.083878 0.318559 0.039731 0.000000 -0.000000 0.012975 0.187806 -0.027002 0.085357 0.125685 0.012055 0.186060 -1.595984 0.000000 0.051780 -0.000000 0.000000 0.000000 0.215666 -0.380132 0.181581 -0.000000 -0.000000 0.320548 0.000000 0.110675 0.080074 0.069220 0.062455 0.148811 -1.609390 0.194336 -0.000000 -0.000000 -0.072595 0.064151 0.119186 0.000000 -0.000424 0.025374 -0.000000 0.135841 0.189550 0.219814 0.000000 0.102738 -0.000000 0.000000 0.000000 0.130906 0.000000 0.000000 -0.000000 0.247301 -0.559019 0.000000 -0.075407 -1.737636 0.112166 -0.000000 -0.000000 -0.000000 0.137836 0.052847 0.027871 -0.041183 0.017077 0.104268 -0.000000 0.110218 -0.465939 -0.000000 -0.000000 0.044720 0.164649 0.087828 0.017224 -0.033618 0.173059 0.035545 -0.117544 0.000000 -0.000000
  0.217304 0.089411 -0.000000 -0.000000 -0.000000 -0.248814 -0.095912 -0.000000 0.031672 -0.000000 -0.000000 0.114926 0.230927 0.079963 -0.177647 0.214610 0.128502 -0.421447 0.143990 -0.142762 -0.000000 -0.000000 0.259465 0.202059 -0.083636 0.134628 0.237793 -0.767379 0.199423 0.290510 0.000000 0.110850 -0.000000 0.000000 -0.000000 0.102801 -0.380540 0.056024 -0.000000 0.000000 -0.185251 -0.000000 -0.093418 0.053232 0.250556 -0.001707 0.012532 0.144556 0.088265 0.000000 -0.000000 0.005238 -0.038111 0.221808 -0.000000 0.008618 0.007022 0.000000 0.055115 0.246817 0.079463 0.000000 0.203795 0.000000 0.000000 -0.000000 0.156869 -0.000000 -0.000000 -0.000000 -0.065812 0.137412 0.000000 0.036113 0.082284 -0.676880 0.000000 -0.000000 0.000000 0.080708 -0.163487 0.200151 0.203705 0.002202 0.017461 0.000000 0.016417 0.269446 -0.000000 -0.000000 -0.086519 0.101605 0.201005 0.084417 0.001759 0.087965 -0.454224 0.201929 0.000000 0.234234
  0.193007 -0.095002 -0.000000 0.000000 -0.000000 0.555292 0.267069 -0.000000 0.093182 -0.000000 -0.000000 0.072019 0.012814 0.012691 0.474428 -0.122682 -0.092322 0.209536 -0.095028 0.309713 0.000000 -0.000000 -0.190619 -0.004387 -0.225501 0.059485 0.050443 -0.177084 -0.032708 -0.281247 -0.000000 0.268754 -0.000000 -0.000000 0.000000 0.003804 -0.308389 0.128641 -0.000000 -0.000000 -0.386244 -0.000000 -0.190711 -0.360947 -0.182361 0.032383 0.091417 0.095535 -0.170380 -0.000000 0.000000 -0.137370 0.156502 -0.082293 -0.000000 -0.234111 0.054009 0.000000 -0.122418 -0.191504 0.149553 0.000000 -0.166308 0.000000 -0.000000 -0.000000 -0.099604 0.000000 -0.000000 -0.000000 0.343256 -0.228253 -0.000000 -0.144942 -0.691872 0.268564 0.000000 -0.000000 -0.000000 0.028597 -0.010762 -0.009658 -0.170331 -0.344390 -0.059418 -0.000000 -0.077518 -0.235656 -0.000000 0.000000 -0.219886 0.023619 -0.066021 0.193922 -0.399385 -0.051651 0.494792 0.008189 -0.000000 -0.085836
  -0.063411 0.108139 -0.000000 -0.000000 0.000000 -0.307378 0.064867 0.000000 0.318753 -0.000000 -0.000000 0.318921 0.037479 0.320531 -0.246055 0.184513 0.487241 -0.359898 0.527576 0.020188 0.000000 -0.000000 0.212297 0.316511 -0.111774 0.223967 0.364055 -0.187903 0.356063 -0.516249 -0.000000 0.010830 -0.000000 -0.000000 -0.000000 0.171458 -0.203702 0.210720 -0.000000 0.000000 0.402107 -0.000000 0.172725 0.323350 0.506127 -0.033165 0.258024 0.501914 -0.092885 0.000000 0.000000 0.141274 -0.028169 0.162519 -0.000000 0.044859 0.091763 0.000000 0.342013 0.183686 0.428358 -0.000000 0.335716 -0.000000 0.000000 -0.000000 0.201906 -0.000000 -0.000000 0.000000 -0.033890 0.287374 0.000000 -0.526398 -0.151677 -0.482367 -0.000000 -0.000000 -0.000000 0.386843 -0.374588 0.133287 -0.152914 0.143589 -0.056844 -0.000000 0.369291 0.007046 0.000000 -0.000000 -0.180607 0.303505 0.486104 0.077582 0.078373 0.164049 -0.484105 -0.329414 -0.000000 0.316817
  -0.542265 0.106250 -0.000000 -0.000000 -0.000000 0.292986 -0.632187 -0.000000 0.165295 -0.000000 -0.000000 0.041259 0.232310 0.260603 -0.071170 -0.453252 0.107039 0.221957 0.055922 0.040875 -0.000000 -0.000000 0.199000 0.130039 0.177653 0.296902 0.052057 -0.313438 0.148262 -0.624192 0.000000 0.092260 0.000000 -0.000000 0.000000 0.309908 -0.196700 0.199554 -0.000000 0.000000 0.141523 -0.000000 0.014983 0.086973 0.119249 -0.129148 0.088894 -0.870006 0.205827 -0.000000 0.000000 0.257083 -0.056622 0.171582 0.000000 0.038813 0.164544 0.000000 0.062861 0.326024 -0.060047 0.000000 0.079403 -0.000000 -0.000000 -0.000000 0.306679 -0.000000 -0.000000 -0.000000 0.102521 -0.286382 -0.000000 0.256885 -0.115553 -0.019940 0.000000 -0.000000 -0.000000 0.273995 0.081079 0.126668 0.216030 0.042890 0.288403 -0.000000 0.176900 -0.234619 -0.000000 -0.000000 -0.043071 0.319710 -0.180637 0.199557 0.215113 0.262730 0.093323 0.023657 0.000000 0.522683
  -0.116919 -0.144657 0.000000 0.000000 0.000000 -0.042960 -0.032971 0.000000 0.047841 -0.000000 0.000000 0.204082 0.188913 0.130107 -0.158520 -0.012024 0.050722 0.161663 -0.254185 -0.007481 -0.000000 -0.000000 0.076903 0.127308 0.235492 0.160695 0.025612 0.092759 0.162291 -0.107317 -0.000000 0.175266 0.000000 -0.000000 0.000000 0.253184 0.246434 0.170298 -0.000000 0.000000 0.029513 0.000000 -0.109746 0.057169 0.106171 -0.057047 0.174520 -0.147012 -0.036855 0.000000 -0.000000 0.141043 0.089973 0.108553 -0.000000 -0.304636 0.164216 -0.000000 0.061925 0.079411 -0.100659 0.000000 0.121052 0.000000 -0.000000 -0.000000 -0.008797 0.000000 0.000000 -0.000000 0.194813 -0.467368 0.000000 0.291136 -0.947513 0.201448 0.000000 -0.000000 -0.000000 0.123501 0.021888 0.061497 0.105366 -0.003028 0.148807 -0.000000 0.037707 -0.453168 0.000000 -0.000000 0.162553 0.079829 -0.085521 0.050867 -0.423409 0.136072 0.002817 0.498291 -0.000000 0.096252
  0.133749 0.179871 -0.000000 -0.000000 -0.000000 0.063879 0.406967 -0.000000 -0.045182 -0.000000 -0.000000 -0.105506 -0.136802 0.059576 -0.222154 0.051785 0.007489 0.197414 -0.101568 0.124260 0.000000 -0.000000 0.053923 -0.011174 -0.093545 -0.067849 0.055440 0.088336 -0.018835 0.636616 -0.000000 -0.174691 -0.000000 -0.000000 -0.000000 -0.004584 -0.040424 0.081661 -0.000000 0.000000 0.031631 -0.000000 0.386916 -0.195495 -0.131727 0.108895 0.058566 0.236752 0.083077 0.000000 0.000000 -0.059425 0.050748 -0.071044 -0.000000 0.004246 0.077673 -0.000000 -0.042694 0.058297 0.072259 0.000000 0.064563 0.000000 0.000000 -0.000000 0.135244 0.000000 -0.000000 -0.000000 0.077501 0.454463 -0.000000 -0.146768 0.398464 0.062042 -0.000000 -0.000000 0.000000 -0.008500 0.040756 -0.074159 -0.343561 -0.149861 0.031414 -0.000000 -0.131643 0.484612 -0.000000 -0.000000 -0.162754 0.057053 -0.185543 -0.058733 0.326860 0.006043 0.026951 -0.020852 0.000000 -0.212110
  -0.431575 0.252396 -0.000000 0.000000 -0.000000 0.009275 -0.734177 0.000000 0.142500 0.000000 0.000000 0.037640 -0.013105 0.195280 0.095281 -2.322350 0.177660 -0.040419 0.156860 0.008195 -0.000000 -0.000000 0.176191 0.232692 0.008725 0.115923 0.163105 -0.027397 0.194615 -2.567648 -0.000000 0.143035 0.000000 -0.000000 -0.000000 0.199633 -0.462573 0.029956 -0.000000 -0.000000 0.404288 -0.000000 -0.888472 0.282739 0.047456 0.064686 0.007060 -0.674522 0.025193 -0.000000 -0.000000 -0.060177 0.008167 0.102174 0.000000 -0.008523 0.016467 -0.000000 0.198217 0.046541 0.232270 0.000000 -0.006133 0.000000 -0.000000 -0.000000 0.167351 0.000000 -0.000000 -0.000000 0.070158 -1.155324 0.000000 -0.113302 -2.789018 0.087996 -0.000000 -0.000000 -0.000000 0.208085 0.028619 0.058988 -0.002330 0.077119 0.297353 -0.000000 -0.021516 -0.856143 -0.000000 -0.000000 0.233225 0.103518 0.150085 0.094848 -0.034368 0.181196 -0.007002 -0.065660 -0.000000 -0.000000
  0.064234 0.582671 -0.000000 0.000000 -0.000000 -3.468006 0.075770 0.000000 -0.167986 -0.000000 -0.000000 -0.053690 -0.180382 -0.226943 0.201946 0.112699 -0.252694 -0.929096 -0.131690 -0.064648 -0.000000 -0.000000 -0.082539 -0.177016 -0.110530 -0.188242 -0.079073 0.755357 -0.274925 -0.103357 0.000000 -0.353340 -0.000000 -0.000000 -0.000000 0.017824 0.262662 -0.180425 -0.000000 0.000000 0.199152 -0.000000 0.235799 0.064536 -0.156548 -1.162520 -0.105282 0.182744 0.027107 -0.000000 -0.000000 -0.153970 0.074829 -0.022930 -0.000000 -0.211024 -0.225535 -0.000000 -0.221332 -0.222979 -0.085431 -0.000000 -0.124584 -0.000000 -0.000000 -0.000000 -0.005551 -0.000000 -0.000000 -0.000000 -0.094826 -0.098738 0.000000 0.370969 -0.100252 -0.779631 0.000000 -0.000000 0.000000 -0.089805 1.351645 -0.200362 0.061929 0.134499 -0.101731 0.000000 -0.189399 -0.410076 -0.000000 -0.000000 -0.205497 0.009436 -0.045382 -0.138571 0.087177 -0.123544 -0.273872 -0.090102 0.000000 -0.023858
  0.104926 0.142975 -0.000000 0.000000 -0.000000 -0.134131 0.011112 0.000000 0.058497 0.000000 -0.000000 0.301527 0.246315 0.289407 0.412928 -0.087289 0.061239 0.110560 -0.314119 -0.494253 0.000000 -0.000000 0.096840 0.011537 -0.013344 0.078770 0.190153 -0.036702 0.132987 -0.031190 0.000000 -0.334563 -0.000000 0.000000 0.000000 -0.204622 -0.065303 0.150487 -0.000000 0.000000 -0.149456 -0.000000 0.231340 -0.358117 0.082513 0.185674 0.141201 -0.243267 0.106709 -0.000000 -0.000000 0.013905 0.057645 -0.017505 0.000000 0.142177 0.038473 0.000000 0.158371 0.109096 -0.096911 0.000000 0.021059 -0.000000 -0.000000 0.000000 0.193732 -0.000000 -0.000000 -0.000000 0.061939 0.439907 -0.000000 0.230427 0.487819 0.070140 0.000000 -0.000000 0.000000 0.115453 0.128575 0.259267 -0.068240 -0.043418 0.146499 -0.000000 0.063509 0.473786 0.000000 -0.000000 0.052377 0.061580 -0.059247 0.065855 0.352466 0.123484 0.134370 -0.024725 -0.000000 -0.101694
  0.028083 0.008741 -0.000000 -0.000000 0.000000 -0.076539 -1.696084 -0.000000 -0.077295 -0.000000 -0.000000 -0.023941 0.009029 0.137969 -1.585768 0.234462 0.093155 -0.116042 -0.051637 0.000000 -0.000000 -0.000000 -0.100809 0.106364 -0.059488 0.049229 -0.128248 -0.338028 -0.021678 -0.079119 -0.000000 -0.164637 -0.000000 -0.000000 0.000000 -0.011446 -0.789567 0.066815 -0.000000 0.000000 0.244100 0.000000 0.586955 -0.733059 -0.054235 -0.003066 0.102313 0.020260 0.065151 -0.000000 0.000000 0.023656 0.102180 -0.067154 -0.000000 -0.277227 -0.177456 0.000000 0.028845 0.035729 0.208864 -0.000000 -0.105797 -0.000000 -0.000000 -0.000000 0.000636 0.000000 0.000000 -0.000000 -0.154268 -0.177353 -0.000000 -0.158642 0.436439 -0.428203 0.000000 -0.000000 -0.000000 -0.146700 -0.059800 -0.018283 -0.962775 -0.211297 0.082929 -0.000000 0.031504 0.303035 0.000000 0.000000 0.065388 -0.060604 0.040895 0.008085 0.656082 0.067471 -0.372519 -0.430614 0.000000 0.439111
  0.123636 -0.019613 -0.000000 0.000000 -0.000000 -0.000634 0.237682 -0.000000 0.067607 -0.000000 -0.000000 -0.105641 0.049138 -0.085342 -0.168723 0.069999 -0.038210 0.231070 -0.058348 -0.101498 0.000000 -0.000000 -0.042011 -0.058458 0.589943 0.071603 -0.034465 0.018476 0.130131 0.103134 0.000000 0.236934 0.000000 0.000000 -0.000000 0.134592 0.167102 0.095469 -0.000000 0.000000 0.189277 -0.000000 -0.030806 0.128793 0.003492 -0.256478 -0.111042 0.246557 -0.022973 0.000000 -0.000000 0.068301 0.134336 0.083970 0.000000 -0.102769 0.115183 0.000000 0.054764 0.211623 -0.093525 0.000000 -0.123167 -0.000000 -0.000000 -0.000000 0.064910 0.000000 0.000000 -0.000000 0.119335 0.246114 -0.000000 0.471897 0.350039 0.125863 0.000000 -0.000000 0.000000 0.072842 -0.107065 0.110427 0.084211 0.082582 0.059235 -0.000000 0.056953 -0.188380 -0.000000 -0.000000 -0.031308 0.057800 0.167638 0.184266 0.148298 0.131349 0.143746 0.149161 -0.000000 0.285430
  0.225046 0.158996 -0.000000 0.000000 -0.000000 0.106433 -0.954017 0.000000 0.145415 -0.000000 -0.000000 0.027116 0.073503 0.064692 -2.134787 -0.324580 -0.010949 0.184019 -0.506551 -0.000000 0.000000 -0.000000 0.055534 -0.030083 -0.023257 -0.115607 -0.143612 -0.206899 -0.107138 -0.605281 0.000000 -0.051455 0.000000 0.000000 -0.000000 0.098476 0.000000 -0.080689 -0.000000 -0.000000 -0.172192 -0.000000 -0.249700 -0.848649 -0.206902 -0.001463 -0.149572 -0.958172 -0.087795 0.000000 -0.000000 -0.027865 0.119792 -0.153196 0.000000 -0.000000 -0.134087 -0.000000 -0.004845 -0.013309 -0.219208 -0.000000 -0.105906 -0.000000 0.000000 -0.000000 0.010199 -0.000000 0.000000 -0.000000 0.079212 -0.116784 0.000000 0.093687 0.540937 0.145278 -0.000000 -0.000000 0.000000 0.032460 0.081984 -0.122747 -1.554253 -0.056315 0.204436 0.000000 -0.106867 0.095747 0.000000 0.000000 -0.088430 -0.006075 -0.028180 0.160308 0.000000 0.098658 0.042222 0.072292 0.000000 -0.283135
  0.166785 0.052754 -0.000000 -0.000000 -0.000000 0.386965 0.226287 -0.000000 -0.051007 0.000000 -0.000000 0.225062 0.013497 -0.042362 -0.166552 0.113684 0.017836 -0.015509 -0.044072 0.082056 0.000000 -0.000000 0.073002 0.187444 0.233142 0.132583 0.155835 0.512331 0.197203 0.336396 0.000000 0.134853 -0.000000 0.000000 0.000000 0.095325 -0.030064 0.008374 -0.000000 -0.000000 0.128318 -0.000000 0.137854 0.080653 0.144421 0.025624 0.177249 0.133723 0.172580 0.000000 0.000000 -0.155461 -0.100411 0.059526 -0.000000 0.031668 -0.024240 0.000000 0.045405 0.024769 -0.030424 0.000000 -0.025518 -0.000000 0.000000 -0.000000 0.005930 0.000000 -0.000000 -0.000000 -0.160653 0.106592 0.000000 0.179316 0.077884 0.273303 -0.000000 -0.000000 -0.000000 -0.010885 0.391302 0.028089 0.152525 0.261136 -0.024707 0.000000 0.003534 0.229874 0.000000 -0.000000 -0.013758 0.083148 0.069532 -0.016482 0.081916 -0.018656 0.277347 0.197907 -0.000000 0.106582
  1.084235 -0.031119 -0.000000 -0.000000 -0.000000 0.099175 -0.047944 0.000000 -0.091952 -0.000000 0.000000 -0.055970 0.210856 -0.083227 -0.059805 0.174336 -0.112877 0.198458 -0.118869 0.077363 -0.000000 -0.000000 0.072994 -0.178706 0.090143 0.012573 0.008931 -0.207131 -0.180596 0.665545 -0.000000 0.228384 -0.000000 0.000000 -0.000000 0.170890 0.091145 0.144608 -0.000000 -0.000000 -0.068202 -0.000000 -0.219575 -0.088134 -0.036873 -0.174037 -0.279094 -0.078630 0.095215 -0.000000 0.000000 -0.021850 0.088742 0.105353 -0.000000 0.036566 0.030548 0.000000 -0.062020 0.180120 -0.219012 -0.000000 0.004529 -0.000000 -0.000000 -0.000000 -0.130062 -0.000000 -0.000000 -0.000000 0.107278 0.493289 0.000000 0.534329 0.043686 0.179593 0.000000 -0.000000 -0.000000 -0.102332 -0.084621 0.163481 -0.138293 -0.128256 0.097195 0.000000 0.096204 0.136910 -0.000000 -0.000000 -0.200838 -0.141367 -0.065352 0.125632 -1.444525 0.003687 -0.036049 1.140195 -0.000000 -1.256871
  -0.004216 0.454324 -0.000000 -0.000000 0.000000 0.008570 -2.985951 0.000000 -0.137384 -0.000000 -0.000000 -0.061892 -0.140627 -0.269856 -0.512680 3.358548 -0.167404 0.054329 -0.430896 0.222509 -0.000000 -0.000000 -0.120012 0.048060 0.237994 -0.050601 -0.168102 -0.095931 -0.215617 -0.052657 0.000000 0.064312 0.000000 -0.000000 -0.000000 0.097291 -0.015425 -0.019566 -0.000000 -0.000000 0.176135 -0.000000 -0.000000 -1.613813 -0.060092 0.113763 -0.247280 -0.111890 -0.028971 -0.000000 -0.000000 -0.191076 0.307748 0.038297 -0.000000 -0.007075 -0.029547 -0.000000 -0.216298 0.010408 0.150746 0.000000 0.074874 -0.000000 -0.000000 -0.000000 -0.186869 -0.000000 -0.000000 -0.000000 0.016451 1.255377 -0.000000 0.457003 -0.000000 -0.003782 0.000000 -0.000000 -0.000000 -0.045629 -0.016734 0.029124 -0.492335 -1.113302 0.300346 0.000000 -0.178830 -0.552966 -0.000000 -0.000000 -0.196705 -0.005174 -0.132917 0.088729 -0.000000 0.142771 -0.052781 0.439080 -0.000000 -0.000000
  0.067539 -0.192378 -0.000000 -0.000000 -0.000000 -0.212897 -0.936073 -0.000000 0.313576 0.000000 -0.000000 0.042213 -0.041617 0.051652 0.069871 -0.157310 0.061480 -0.121851 -0.544826 0.000000 -0.000000 -0.000000 -0.039153 0.184730 0.436986 0.070040 0.123766 0.014009 0.181456 -0.606044 -0.000000 -0.244881 -0.000000 0.000000 -0.000000 -0.068351 -1.171542 -0.158678 -0.000000 0.000000 0.148899 -0.000000 -0.334599 0.030906 0.054352 0.010380 0.118187 0.026826 -0.107155 0.000000 -0.000000 0.080276 -0.196027 -0.041783 0.000000 0.006198 -0.046166 -0.000000 -0.051182 -0.128938 0.098243 0.000000 0.127910 -0.000000 0.000000 -0.000000 -0.122376 -0.000000 -0.000000 -0.000000 -0.056428 -0.605072 -0.000000 0.219805 -1.007358 -0.296961 0.000000 -0.000000 0.000000 -0.005784 0.129482 -0.089515 0.153240 0.239770 -0.016735 0.000000 0.091570 -0.106748 0.000000 0.000000 0.232762 0.224520 0.206554 -0.220970 -1.519286 -0.016331 -0.112589 0.011021 -0.000000 -0.145715
  0.074152 0.262037 -0.000000 -0.000000 -0.000000 0.000000 0.265785 0.000000 0.032677 0.000000 -0.000000 0.126397 0.069938 0.006361 -0.144954 -0.026143 0.131687 -0.000000 0.250734 -0.144483 -0.000000 -0.000000 -0.003650 0.125257 0.205133 -0.125399 -0.096131 0.247526 -0.116907 0.079982 -0.000000 0.089183 -0.000000 0.000000 0.000000 0.254307 0.137461 0.018206 0.000000 0.000000 -0.047204 -0.000000 0.278914 -0.094643 0.213262 0.000000 0.160418 0.028896 0.246917 0.000000 0.000000 -0.145111 0.188298 -0.004000 -0.000000 0.147424 0.140456 -0.000000 -0.184207 0.004718 -0.047853 0.000000 0.000857 -0.000000 0.000000 0.000000 -0.144866 0.000000 0.000000 -0.000000 0.322428 -0.875152 -0.000000 0.091132 0.155252 -0.000000 0.000000 -0.000000 -0.000000 0.052362 -0.000000 0.239541 -0.037644 -0.542408 0.424789 0.000000 -0.013807 -0.377186 -0.000000 -0.000000 0.029814 0.046990 0.076967 0.289465 -0.004509 0.222658 0.000000 -0.106969 -0.000000 0.010738
  -0.283833 0.249063 -0.000000 -0.000000 0.000000 -1.963234 -0.014762 -0.000000 0.100958 0.000000 -0.000000 0.089532 0.016734 0.022995 0.046181 0.113874 -0.085685 -1.577664 0.313751 0.289425 -0.000000 -0.000000 0.007465 -0.108654 -0.000927 0.185805 -0.062479 0.061536 -0.041084 -0.170114 -0.000000 0.078417 0.000000 0.000000 0.000000 0.270145 -0.012565 0.167611 -0.000000 -0.000000 0.403339 0.000000 0.162438 0.006022 -0.086311 -0.241549 -0.012921 0.188958 0.142751 0.000000 -0.000000 0.000509 -0.003335 0.035105 0.000000 0.091101 0.136377 0.000000 0.050704 0.003709 0.179612 0.000000 0.097251 0.000000 -0.000000 -0.000000 0.230249 -0.000000 0.000000 -0.000000 0.008511 0.095091 -0.000000 0.094329 -0.075860 -0.999295 0.000000 -0.000000 -0.000000 0.154207 -1.685375 -0.041779 0.166868 -0.079315 0.278103 0.000000 0.056337 -0.003284 -0.000000 -0.000000 0.162548 0.169012 0.107350 0.160616 0.138114 0.162175 -1.086673 0.091044 -0.000000 0.070397
  0.009885 0.038302 -0.000000 0.000000 0.000000 -0.013476 0.031714 -0.000000 -0.250906 -0.000000 -0.000000 -0.474510 -0.317748 -0.342373 0.043810 0.028390 -0.365244 0.185950 -0.222073 -0.084961 0.000000 -0.000000 0.052473 -0.105418 -0.108274 -0.033489 -0.391255 0.152403 -0.363207 -0.060292 0.000000 -0.259586 -0.000000 -0.000000 -0.000000 -0.081738 -0.243434 -0.515754 -0.000000 0.000000 0.063991 -0.000000 0.089950 -0.519714 -0.121067 -1.066635 -0.242795 0.266981 -0.247993 -0.000000 -0.000000 -0.034857 -0.190512 -0.069322 -0.000000 -0.274799 -0.122771 -0.000000 -0.477766 -0.437730 -0.396834 -0.000000 -0.025342 0.000000 0.000000 -0.000000 -0.389933 -0.000000 -0.000000 -0.000000 -0.399071 0.123864 -0.000000 -0.091425 -0.323367 -0.173817 -0.000000 -0.000000 -0.000000 -0.096057 -0.316075 -0.150963 -0.059604 0.121340 -0.095455 -0.000000 -0.328503 -0.007529 -0.000000 -0.000000 0.083337 -0.384972 0.121946 -0.355581 -0.048472 -0.373909 0.111786 -0.022631 -0.000000 -0.030026
  -0.227702 0.022400 -0.000000 -0.000000 -0.000000 -0.926608 0.151229 0.000000 0.227376 0.000000 -0.000000 0.099553 0.351244 0.260369 0.248985 0.077500 0.313353 -0.663104 0.124850 0.148934 0.000000 -0.000000 0.158274 0.078820 0.221401 0.280664 0.170066 -0.254621 0.303967 0.036655 0.000000 -0.014708 -0.000000 0.000000 -0.000000 0.185039 -0.018853 0.285925 -0.000000 -0.000000 0.354444 -0.000000 -0.076612 -0.032314 0.220613 0.534215 0.176987 0.053116 0.352014 0.000000 0.000000 0.091784 0.094835 0.200920 0.000000 0.111372 0.279119 -0.000000 0.274686 0.183224 0.286827 0.000000 0.033378 -0.000000 -0.000000 0.000000 0.146676 0.000000 -0.000000 -0.000000 0.167834 -0.024018 0.000000 0.074269 0.039605 -0.524380 0.000000 -0.000000 -0.000000 0.087610 -3.433553 0.245976 0.274473 -0.059872 0.156975 -0.000000 0.254011 0.154250 -0.000000 -0.000000 0.244387 0.136622 0.292794 0.094380 0.022135 0.164088 -2.368417 -0.009323 0.000000 0.120764
  0.003367 -0.407802 -0.000000 0.000000 0.000000 0.024556 0.053965 -0.000000 0.119889 0.000000 -0.000000 -0.004740 0.030316 0.034989 0.149969 -0.335354 0.094600 0.065683 0.226740 0.187782 0.000000 0.000000 0.097385 0.108092 -0.108728 0.126784 0.067797 -0.084821 0.162908 -0.091281 -0.000000 -0.016224 0.000000 -0.000000 -0.000000 0.137238 0.065232 0.056316 -0.000000 -0.000000 0.045532 -0.000000 0.058528 0.092038 0.136055 -0.065145 -0.057259 -0.096763 0.206952 -0.000000 -0.000000 0.299860 0.004866 0.109615 -0.000000 0.182694 0.166461 0.000000 0.231280 0.193670 0.077990 -0.000000 -0.098907 -0.000000 0.000000 -0.000000 0.140444 -0.000000 -0.000000 -0.000000 0.192644 -0.036757 0.000000 -0.247643 -0.184052 0.074507 0.000000 -0.000000 -0.000000 0.262561 0.093284 0.125741 0.159790 0.023424 -0.007184 -0.000000 0.117012 -0.920359 0.000000 -0.000000 -0.118308 0.024300 -0.192599 -0.021404 0.078524 0.024660 0.121478 -0.346480 -0.000000 0.090124
  -0.009251 -0.257678 -0.000000 0.000000 0.000000 0.046530 -0.110493 -0.000000 -0.011801 0.000000 -0.000000 0.022942 0.175222 -0.044239 0.072195 -0.471405 -0.035818 0.207637 0.228567 0.040679 -0.000000 -0.000000 0.165903 0.036738 -0.115533 0.253656 0.059368 -0.111592 0.206642 -0.154317 -0.000000 -0.058396 -0.000000 -0.000000 -0.000000 0.085312 0.207134 0.210983 -0.000000 -0.000000 0.164464 -0.000000 0.028554 0.064146 0.234544 -0.072355 0.150200 -0.193824 0.305981 0.000000 0.000000 0.177556 -0.213290 0.207883 0.000000 0.072810 0.102965 -0.000000 0.188817 0.164007 0.074177 0.000000 0.189956 -0.000000 -0.000000 -0.000000 0.131124 -0.000000 0.000000 -0.000000 0.160055 -0.159147 -0.000000 -0.372449 -0.178573 0.132817 -0.000000 -0.000000 -0.000000 0.187533 0.074040 0.225317 0.066474 -0.023997 0.075474 0.000000 0.110959 -1.457868 0.000000 -0.000000 -0.035465 0.165976 0.000472 -0.141515 -0.014206 0.144107 0.109998 -0.516688 0.000000 -0.071601
  0.297414 -0.134074 0.000000 0.000000 -0.000000 0.032482 0.197146 -0.000000 -0.022779 -0.000000 -0.000000 0.119084 0.158340 -0.122940 0.051503 0.016303 0.030193 0.188667 0.016167 0.184962 -0.000000 0.000000 0.152598 -0.054903 -0.017448 0.106266 -0.047195 -0.081808 0.111421 0.148022 0.000000 0.090167 -0.000000 0.000000 -0.000000 -0.066226 0.136457 0.033452 -0.000000 0.000000 0.366594 -0.000000 0.183841 -0.220632 0.015060 -0.258023 -0.192480 -0.031700 -0.058538 -0.000000 -0.000000 0.138303 -0.075208 0.069046 -0.000000 -0.055924 -0.079019 0.000000 0.143773 0.169572 0.256955 0.000000 -0.159937 0.000000 0.000000 -0.000000 -0.017974 0.000000 0.000000 -0.000000 0.086891 -0.573378 -0.000000 -0.271380 -0.385155 -0.089200 -0.000000 -0.000000 -0.000000 -0.135741 0.147090 0.160977 0.056862 -0.017310 0.127852 0.000000 0.145595 -0.036135 -0.000000 -0.000000 -0.157947 -0.119536 0.309790 -0.128585 -0.078243 0.131066 0.010864 0.403648 0.000000 -0.068619
  -0.304783 -0.105197 -0.000000 -0.000000 -0.000000 -0.974497 0.047939 0.000000 0.141416 0.000000 -0.000000 -0.019033 0.138784 0.036592 -0.028325 0.092226 0.055753 -0.520036 0.206756 0.169300 -0.000000 -0.000000 0.108013 0.167800 -0.014935 0.133685 0.264502 -0.102058 0.215196 0.083379 -0.000000 0.033129 -0.000000 0.000000 0.000000 0.023854 0.087014 0.169872 -0.000000 -0.000000 0.164705 -0.000000 0.079225 0.087613 0.055645 -0.679701 0.000307 0.033775 0.104267 -0.000000 -0.000000 0.269260 0.042697 0.122037 -0.000000 0.099575 0.180986 0.000000 0.092293 0.092431 0.243134 -0.000000 0.131099 0.000000 -0.000000 -0.000000 0.127338 -0.000000 0.000000 -0.000000 -0.015914 0.159576 0.000000 0.157485 0.019908 -0.049128 -0.000000 -0.000000 -0.000000 0.086006 -1.590701 0.096815 0.230134 0.098676 0.079842 0.000000 0.022976 0.197397 -0.000000 -0.000000 0.126843 0.175432 0.176701 0.086809 0.145843 0.122955 -1.212956 -0.096898 -0.000000 0.049181
  -0.169474 0.066198 -0.000000 0.000000 -0.000000 2.200829 0.096986 -0.000000 0.069039 -0.000000 -0.000000 -0.097798 -0.093526 -0.031549 -0.248324 -0.097803 0.155941 1.318426 0.006435 0.073144 -0.000000 -0.000000 -0.020767 0.118659 0.101645 0.018563 -0.011806 -0.182472 -0.052836 -0.343428 0.000000 0.009930 0.000000 -0.000000 -0.000000 0.138453 0.000709 -0.042357 -0.000000 -0.000000 0.113688 -0.000000 -0.054577 0.086619 -0.120692 -0.618591 -0.058042 -0.102285 0.055572 0.000000 -0.000000 0.129806 0.158454 0.015554 0.000000 0.084568 -0.020658 -0.000000 0.155538 0.078114 0.285814 -0.000000 0.098792 0.000000 0.000000 -0.000000 -0.056436 0.000000 -0.000000 -0.000000 -0.036145 -0.149669 -0.000000 0.217542 -0.182222 0.459504 -0.000000 -0.000000 0.000000 -0.004338 -0.497846 0.057091 -0.006498 -0.186861 -0.028251 -0.000000 -0.118804 -0.184860 -0.000000 -0.000000 0.162100 0.118462 0.295974 0.042279 0.091462 -0.009432 -1.582852 0.003169 0.000000 -0.003793
  0.327672 -0.465834 -0.000000 -0.000000 0.000000 0.028815 0.338678 0.000000 0.081497 -0.000000 -0.000000 0.108229 -0.006975 0.096646 -0.085637 0.180503 -0.020674 0.098051 -0.139467 0.042522 0.000000 -0.000000 0.106681 0.012346 -0.000840 -0.087062 0.090027 0.116438 -0.048747 0.242179 -0.000000 0.068394 0.000000 -0.000000 -0.000000 -0.136511 -0.056209 -0.121220 -0.000000 -0.000000 0.185435 -0.000000 -0.113278 0.197703 0.076763 -0.050348 0.128746 0.128259 -0.028183 0.000000 -0.000000 -0.106675 -0.119656 0.015964 -0.000000 -0.535819 -0.025574 0.000000 -0.051663 -0.082213 0.100996 0.000000 0.092360 0.000000 -0.000000 -0.000000 -0.034743 0.000000 -0.000000 -0.000000 0.088561 0.096147 -0.000000 0.075490 0.073191 -0.030419 0.000000 -0.000000 -0.000000 -0.059263 0.099391 0.021132 0.252754 0.333226 -0.105719 -0.000000 -0.117139 0.159130 0.000000 -0.000000 -0.075631 0.041143 0.134437 -0.067578 0.148836 -0.028625 0.134948 0.036990 0.000000 0.363278
  -0.552376 0.064908 -0.000000 -0.000000 0.000000 0.047865 -0.160991 0.000000 0.095013 -0.000000 -0.000000 -0.033111 0.010353 0.009727 0.200399 -0.409744 0.144134 0.106704 0.288036 0.411675 -0.000000 0.000000 0.094406 0.039504 0.091956 0.059408 -0.024739 0.027530 0.107315 -0.312807 0.000000 0.037618 0.000000 0.000000 -0.000000 -0.080846 -0.039151 0.195414 -0.000000 -0.000000 -0.066866 0.000000 -0.116881 0.076534 0.034143 0.139590 0.097032 -0.560042 0.162847 -0.000000 0.000000 0.145955 0.196430 0.029294 -0.000000 0.077728 -0.047553 0.000000 0.127279 0.083775 0.042010 0.000000 -0.022900 0.000000 -0.000000 -0.000000 0.134560 -0.000000 -0.000000 -0.000000 0.009260 -0.565801 0.000000 -0.272695 -0.531458 0.053921 -0.000000 -0.000000 0.000000 -0.060019 0.124423 0.195806 0.152485 -0.509539 -0.005672 0.000000 0.188054 -1.062891 0.000000 -0.000000 0.072983 0.198066 -0.085514 0.038214 -0.352078 -0.072566 0.146218 -0.377857 0.000000 -0.513082
  0.050289 -0.332105 -0.000000 -0.000000 0.000000 0.717411 0.041715 -0.000000 -0.054113 0.000000 -0.000000 -0.078434 -0.052198 0.104427 0.041708 0.127377 0.075462 0.614996 0.039787 0.125551 0.000000 -0.000000 -0.026298 0.063838 -0.017095 -0.034708 -0.048026 0.179894 0.030337 0.191805 -0.000000 0.142314 0.000000 -0.000000 0.000000 -0.025412 0.038480 -0.121341 -0.000000 0.000000 0.007954 -0.000000 -0.058504 0.106860 0.098123 -0.713378 -0.039345 0.024998 0.143978 -0.000000 -0.000000 0.034895 0.008287 0.044139 0.000000 -0.011978 0.008608 0.000000 -0.007520 -0.057106 0.064146 -0.000000 -0.066654 0.000000 -0.000000 -0.000000 0.110060 -0.000000 -0.000000 -0.000000 -0.120509 0.026884 0.000000 -0.026898 -0.032105 0.509944 0.000000 -0.000000 -0.000000 0.099942 0.585296 -0.030171 0.130188 0.254941 0.059360 -0.000000 0.084375 0.209831 -0.000000 -0.000000 -0.094727 -0.129357 -0.065466 0.121856 0.036244 -0.030766 0.712637 0.090661 0.000000 0.171509
  -0.010215 0.154555 -0.000000 0.000000 -0.000000 0.093378 -0.377170 0.000000 -0.367113 -0.000000 -0.000000 -0.196795 -0.073775 -0.302244 0.000000 0.151265 -0.202148 0.195962 0.585321 -0.000000 -0.000000 -0.000000 -0.045264 -0.162617 -0.080135 -0.049680 -0.256648 -0.286444 -0.351881 0.157152 0.000000 0.546403 -0.000000 0.000000 0.000000 0.042827 0.531259 0.081028 -0.000000 -0.000000 -0.448282 -0.000000 0.097193 -0.312484 -0.212475 -0.124143 -0.318577 -0.124648 -0.047612 0.000000 0.000000 -0.097280 0.384810 0.013329 0.000000 -0.559654 -0.142696 -0.000000 -0.216672 -0.039133 -0.397668 -0.000000 -0.179529 -0.000000 0.000000 -0.000000 -0.161373 0.000000 -0.000000 -0.000000 0.071010 0.280665 -0.000000 -0.238033 0.677578 0.476003 0.000000 -0.000000 -0.000000 -0.235911 -0.217645 -0.144841 -0.041293 -0.303020 -0.183403 0.000000 -0.178497 0.180825 -0.000000 0.000000 -0.153124 -0.241274 -0.307751 0.162676 0.728801 0.235700 -0.288119 -0.011283 0.000000 -0.025664
  0.026325 0.510518 -0.000000 -0.000000 -0.000000 -0.000000 0.060742 -0.000000 0.297535 -0.000000 -0.000000 0.136822 0.188137 0.520232 -0.361248 0.041719 0.262591 0.000000 0.435010 -0.207371 -0.000000 0.000000 -0.185626 0.227647 0.225643 -0.167568 0.010097 -0.110953 0.174435 -0.090767 -0.000000 0.121956 -0.000000 -0.000000 -0.000000 0.247771 0.086854 0.088390 -0.000000 0.000000 -0.103303 -0.000000 0.296785 -0.168761 0.263539 -0.000000 0.193196 -0.197701 0.185352 0.000000 0.000000 -0.081742 0.154846 -0.016642 -0.000000 0.217087 -0.050369 0.000000 -0.038296 -0.006194 0.101671 -0.000000 0.195412 0.000000 0.000000 0.000000 0.109293 -0.000000 -0.000000 -0.000000 0.433265 -0.714752 -0.000000 0.327175 0.289401 -0.000000 0.000000 0.000000 -0.000000 0.172286 -0.000000 -0.031148 -0.150431 -0.872494 0.420713 0.000000 0.004783 -0.183457 -0.000000 -0.000000 0.126037 0.150795 0.026041 0.256269 -0.003459 0.204271 -0.000000 -0.132057 0.000000 0.147316
  -0.002812 -0.091031 -0.000000 0.000000 -0.000000 0.101741 -0.079842 -0.000000 0.017938 0.000000 -0.000000 -0.039356 0.213420 -0.045085 -0.083292 0.144854 -0.131732 0.201780 -0.020978 0.237044 -0.000000 -0.000000 0.104458 -0.032189 0.334123 -0.026024 0.107452 0.455832 0.117188 0.494354 0.000000 0.154701 0.000000 0.000000 -0.000000 -0.139916 0.267764 -0.025385 -0.000000 -0.000000 -0.200666 -0.000000 0.069914 0.044238 -0.092957 0.080159 -0.143528 0.107383 -0.069714 0.000000 0.000000 0.029767 -0.115438 0.012306 0.000000 -0.018618 0.000511 -0.000000 -0.070171 -0.042772 -0.112931 -0.000000 -0.149052 -0.000000 0.000000 -0.000000 0.113546 -0.000000 0.000000 -0.000000 -0.061402 0.147948 0.000000 0.321710 0.268822 0.135749 -0.000000 -0.000000 -0.000000 -0.147908 -0.054971 0.073502 0.061605 0.168383 -0.107116 0.000000 -0.009261 -0.108268 0.000000 -0.000000 -0.122685 0.131809 0.013988 0.218017 0.156587 -0.005115 0.158525 0.313724 0.000000 0.150087
  0.755403 -0.179557 -0.000000 0.000000 0.000000 0.075969 0.141196 -0.000000 0.016328 0.000000 -0.000000 -0.003500 0.090810 -0.037268 -0.055090 0.218341 -0.091112 0.038352 0.226320 0.181499 0.000000 0.000000 0.195572 -0.173646 0.031316 0.197328 0.082316 0.084253 0.217105 0.072492 0.000000 0.130927 -0.000000 -0.000000 -0.000000 0.104290 0.095214 0.003847 -0.000000 -0.000000 0.152534 0.000000 0.373377 -0.234108 -0.006441 0.116253 -0.017276 -0.078578 0.090876 -0.000000 0.000000 0.204055 -0.142182 0.166593 -0.000000 -0.065441 0.118763 0.000000 0.198076 0.141013 -0.164482 -0.000000 -0.098900 0.000000 -0.000000 -0.000000 0.248140 0.000000 0.000000 -0.000000 -0.041389 -1.570961 0.000000 -0.536074 -0.385771 0.168715 -0.000000 -0.000000 0.000000 0.164939 0.048037 -0.003995 -0.052061 -0.228327 0.127686 -0.000000 0.091224 -1.806660 0.000000 -0.000000 -0.226805 0.168788 -0.109035 -0.040054 -0.597681 0.161509 0.053995 -0.070449 0.000000 -0.622813
  0.049141 -0.043740 -0.000000 -0.000000 -0.000000 0.059943 0.255948 0.000000 0.007393 0.000000 -0.000000 0.048843 -0.128956 0.004707 -0.026635 0.383804 0.037403 0.151524 0.068415 0.005387 0.000000 -0.000000 0.120988 0.033236 -0.126093 -0.025182 0.197736 0.350328 0.056692 0.437237 0.000000 0.129033 0.000000 0.000000 -0.000000 -0.065877 -0.016919 -0.072131 -0.000000 0.000000 -0.112190 -0.000000 -0.037327 0.065680 0.191340 -0.171626 0.131554 0.063136 -0.016821 -0.000000 -0.000000 0.078410 -0.130820 0.138137 0.000000 -0.114417 0.009004 -0.000000 0.143792 0.036787 -0.051306 -0.000000 0.041822 0.000000 -0.000000 -0.000000 0.100737 0.000000 0.000000 -0.000000 -0.064434 0.162521 -0.000000 -0.062425 -0.088050 0.154158 0.000000 -0.000000 0.000000 -0.021512 0.287407 0.027812 0.212991 0.271504 -0.035123 -0.000000 0.086824 0.128733 -0.000000 -0.000000 0.111800 0.077907 0.005784 0.029811 0.085658 -0.220309 0.377347 0.043697 -0.000000 0.147730
  -0.157880 0.043106 -0.000000 0.000000 0.000000 -1.525661 0.138504 0.000000 0.246367 -0.000000 -0.000000 0.209912 0.198028 0.195415 0.263671 0.046630 0.210617 -1.027313 0.239362 0.170358 0.000000 -0.000000 0.016729 0.154881 0.177723 0.232329 0.002515 -0.183600 -0.050718 -0.088936 0.000000 -0.047365 0.000000 0.000000 -0.000000 -0.024438 0.010856 0.048333 -0.000000 0.000000 0.361213 -0.000000 0.213620 -0.079917 0.169119 1.003717 0.200923 0.000795 0.093697 -0.000000 0.000000 0.282639 0.140649 0.172292 -0.000000 0.242300 0.200042 0.000000 0.048492 0.102248 0.490749 -0.000000 0.573862 -0.000000 0.000000 -0.000000 0.157812 -0.000000 0.000000 -0.000000 0.255584 -0.128547 -0.000000 0.139094 -0.053938 -0.843511 -0.000000 -0.000000 -0.000000 0.012707 -1.957603 0.264888 0.021821 -0.102322 0.354387 -0.000000 0.172709 -0.001778 -0.000000 -0.000000 0.381606 0.002482 0.453091 0.014884 0.010952 0.051935 -1.400779 0.010595 -0.000000 0.006547
Biases:
  0.182197 -0.513965 -0.000194 -0.126406 -0.103988 0.099675 0.424747 -0.135549 -0.154422 -0.116991 -0.003973 -0.094157 0.070510 -0.172126 -0.238173 0.157711 -0.008597 0.183788 -0.119974 0.023121 -0.062250 -0.001887 -0.002887 -0.113424 0.110210 0.106618 -0.014562 0.083184 -0.126044 0.303664 -0.070616 0.307328 -0.099636 -0.150356 -0.073362 -0.073192 -0.021291 -0.122267 -0.004057 -0.083770 0.079333 -0.000102 0.088805 0.242737 0.111875 -0.093287 -0.103595 0.280287 0.111325 -0.153843 -0.007403 -0.001957 -0.041704 -0.011100 -0.005364 -0.279407 0.140278 -0.002849 0.052849 -0.078903 -0.073136 -0.089141 -0.067918 -0.048504 -0.003021 -0.000381 -0.039945 -0.058683 -0.067357 -0.009406 -0.126182 0.009310 -0.129506 -0.261330 0.115295 -0.027294 -0.077169 -0.003069 -0.134655 -0.022573 0.075175 0.085597 0.055439 0.375105 -0.072005 -0.143080 0.056988 0.395355 -0.115338 -0.003210 0.047547 -0.136169 -0.014514 -0.073198 0.285485 -0.206545 0.189609 -0.115239 -0.029644 0.299922
Weight range: -5.276843 to 3.358548
Bias range: -0.513965 to 0.424747

--- Layer 3 ---
Number of nodes: 2
Weights:
  0.461304 -0.194299
  -0.583551 0.284729
  -0.000000 0.000000
  0.000000 0.000000
  -0.000000 0.000000
  0.295287 -0.621529
  -0.129948 -0.627693
  -0.000000 -0.000000
  -0.068314 0.205509
  -0.000000 0.000000
  0.000000 -0.000000
  -0.007645 0.198982
  0.143369 0.229582
  -0.031026 0.176107
  -0.365663 0.604587
  0.334345 -0.318663
  -0.042334 0.106938
  -0.008157 -0.455332
  0.584685 0.270073
  -0.685056 -0.509806
  0.000000 -0.000000
  -0.000000 -0.000000
  0.025289 0.104123
  -0.029571 0.039353
  0.099406 -0.036263
  0.119968 0.233692
  0.079994 0.216458
  -0.404180 -0.066259
  0.001975 0.147555
  0.452198 -0.413217
  -0.000000 -0.000000
  0.503117 -0.115679
  0.000000 -0.000000
  -0.000000 -0.000000
  0.000000 0.000000
  0.299136 0.052137
  -0.509820 -0.439025
  0.235845 0.197657
  -0.000000 0.000000
  -0.000000 -0.000000
  -0.082015 0.115626
  -0.000000 -0.000000
  -0.043824 -0.851513
  0.079792 0.819617
  -0.062073 0.181639
  0.272228 0.876243
  -0.022741 0.198529
  -0.055170 -0.302512
  0.204487 0.160460
  0.000000 -0.000000
  -0.000000 0.000000
  0.385855 0.321459
  0.137927 -0.174629
  0.086674 0.132849
  -0.000000 -0.000000
  1.350852 0.925534
  0.125454 0.126653
  0.000000 -0.000000
  0.076439 0.325048
  0.243468 0.189939
  -0.115759 0.144724
  0.000000 0.000000
  -0.074424 0.168835
  -0.000000 -0.000000
  -0.000000 0.000000
  0.000000 -0.000000
  0.096705 0.170857
  0.000000 -0.000000
  0.000000 -0.000000
  0.000000 -0.000000
  0.229350 0.062193
  -0.685481 -0.430502
  -0.000000 0.000000
  0.229829 -0.079640
  -1.129374 -1.171965
  -0.142266 -0.527165
  -0.000000 0.000000
  -0.000000 -0.000000
  -0.000000 -0.000000
  0.005984 0.281048
  -0.461837 -0.517022
  0.206827 0.164871
  0.148973 0.247952
  0.301003 1.427755
  0.241627 -0.035922
  0.000000 -0.000000
  0.022243 0.069724
  -0.324865 -0.684331
  -0.000000 -0.000000
  0.000000 0.000000
  -0.077937 0.089730
  0.044370 0.199819
  -0.143440 0.205598
  0.150531 0.074152
  -0.821096 -0.404710
  0.200902 0.051758
  -0.223187 -0.679864
  1.020450 0.386034
  -0.000000 -0.000000
  -0.694051 -0.436762
Biases:
  0.014562 0.193956
Weight range: -1.171965 to 1.427755
Bias range: 0.014562 to 0.193956

