=== Artificial Neural Network Parameters ===

Number of layers (including input & output): 4
Layer sizes: (200, 100) (hidden), output=2

Activation function: relu

--- Layer 1 ---
Number of nodes: 200
Weights:
  0.035479 0.365109 -0.019149 0.032067 -0.127064 -0.162660 -0.123406 0.000011 0.038305 0.212978 -0.191561 0.147386 0.121904 0.020341 -0.042015 -0.062348 -0.010077 0.004827 0.011380 0.002722 0.033792 -0.128977 -0.059154 0.001452 0.002002 -0.004361 -0.066649 0.005222 -0.014724 -0.123523 0.001721 -0.194866 -0.513387 0.206991 0.055606 0.065331 0.011117 0.001344 0.265412 0.001695 -0.067465 0.025422 0.084045 0.022629 -0.001069 0.029009 -0.122902 0.007189 -0.007699 -0.160530 0.233233 0.029554 0.210131 0.228920 0.039567 0.176210 -0.022786 -0.007037 -0.508708 0.003133 -0.002245 0.080371 0.190817 -0.016349 0.019227 0.033704 -0.423950 0.152810 -0.008388 0.103730 0.215781 -0.034792 -0.219577 0.035218 0.000000 0.009089 0.117921 -0.115436 -0.363646 -0.037888 0.116276 0.024996 -0.003393 -0.008600 -0.013016 0.003412 0.050463 0.002692 0.242956 0.064821 -0.077006 0.130458 0.005861 0.078718 0.065557 0.162418 0.004685 0.036231 -0.479648 -0.002514 -0.171365 0.002874 -0.164446 0.040669 0.115668 0.010423 0.032303 0.037155 0.011275 -0.345803 -0.072221 0.000445 0.223904 0.155608 0.140482 0.252134 0.148005 -0.017735 0.271485 0.025602 0.107814 0.159062 -0.011980 -0.153556 -0.033552 -0.040694 0.137454 0.166428 -0.101383 0.066914 -0.023774 0.032918 0.027628 -0.004474 0.421664 -0.014121 0.056777 0.101756 -0.000000 0.159512 0.158312 -0.455154 -0.006233 0.006103 -0.138839 -0.167929 0.192355 0.005183 -0.411782 -0.204786 0.171809 -0.004519 -0.456365 0.002011 0.243427 0.012220 0.015541 0.203139 -0.012949 0.086237 0.003285 0.072766 0.148009 0.027411 -0.019866 0.225720 -0.073745 -0.087874 -0.747161 0.141734 0.073128 0.017383 0.062010 -0.232268 0.215402 -0.483570 0.136522 -0.001586 0.193179 -0.041444 0.001082 0.000484 0.152150 0.173601 -0.195032 0.099718 0.024721 0.073029 0.154685 0.005166 -0.108191 0.220978 0.213394 0.009651 -0.008534 0.006923 0.108744 0.313037 0.151076 0.205601
  -0.053319 -0.168406 -0.282834 0.195531 0.104920 -0.383317 0.002539 -0.000003 -0.113951 -0.222087 0.041707 0.077410 0.168040 -0.125498 0.051231 -0.102285 -0.287598 0.111834 0.007921 0.392415 0.060229 0.125469 -0.279750 -0.291462 -0.404851 -0.014598 0.365656 -0.101376 0.027922 0.026837 0.207482 0.166405 0.144394 -0.064636 -0.139204 0.179507 -0.268533 -0.439051 -0.186669 -0.466617 0.326363 0.271159 0.363865 -0.043839 -0.483405 0.226067 0.024028 0.206303 0.271507 0.218043 -0.023788 -0.016130 0.150828 -0.063352 -0.144481 -0.168784 0.475543 0.151648 -0.084258 -0.371445 -0.067831 0.272194 -0.170890 0.034436 0.092063 0.045446 0.045547 0.040178 -0.113636 -0.099668 0.202816 0.048462 0.196871 0.206236 0.000000 0.074371 0.123545 -0.024458 0.049279 0.158776 0.131537 -0.063443 -0.258874 -0.432668 0.060479 -0.567808 -0.189106 0.094847 -0.047681 0.096244 -0.237740 -0.390684 0.169258 -0.381355 -0.100795 0.161934 0.269068 -0.181772 0.032681 -0.315099 -0.442522 0.057031 -0.361592 0.042572 0.090813 0.293443 0.107667 0.063296 0.357681 -0.208525 -0.030674 -0.383042 -0.180676 0.034134 0.279146 0.003324 -0.143550 -0.003019 -0.181761 -0.306831 -0.014238 -0.090715 -0.011906 0.027163 0.293985 0.129472 -0.034056 -0.006012 -0.073720 0.006413 -0.032354 0.203998 -0.202584 -0.398219 -0.423715 -0.259375 0.320281 0.078795 -0.000000 -0.475155 0.184018 0.223712 -0.381941 0.003308 0.073385 0.082044 0.074161 -0.398267 0.019944 0.017641 -0.237594 0.096682 0.119655 -0.448260 -0.292095 -0.034536 -0.431374 -0.132022 0.187148 0.026794 -0.047713 0.100726 -0.312053 0.038375 0.540017 -0.151279 0.175430 0.311938 -0.161432 -0.253877 -0.225629 -0.359249 -0.221365 0.071828 -0.200447 -0.078222 0.199443 -0.327691 0.139405 -0.281461 -0.319458 0.099957 -0.064787 0.167221 0.090151 0.184800 -0.060941 -0.415678 0.164032 0.212970 0.145493 -0.066175 -0.392479 0.167863 -0.016410 0.405694 0.089412 -0.292100 0.019771 0.220994
  -0.508332 0.172288 0.162315 0.444858 -0.220411 0.113092 -0.036527 0.000004 0.362543 -0.285932 -0.217853 0.264513 0.362159 -0.046758 -0.037712 0.043010 -0.056146 -0.177159 0.176363 0.132286 0.040457 0.278907 -0.046967 -0.011825 -0.028200 -0.027624 -0.273344 0.200818 -0.011040 -0.519345 -0.367450 0.323421 0.183879 -0.285000 -0.160115 0.447893 -0.312687 0.158869 0.081380 -0.033784 -0.348952 0.581832 -0.296499 -0.050743 0.141389 0.514510 0.482844 0.009444 -0.203930 -0.232476 0.126770 0.067195 0.021309 0.362905 -0.316691 -0.028233 -0.293741 0.104527 -0.097537 -0.008618 -0.194365 0.026923 -0.105475 0.093774 0.354713 -0.090751 -0.100884 0.192347 -0.237423 0.073090 -0.082656 0.514052 -0.198108 0.454638 0.000000 0.503033 -0.111134 -0.032044 0.209573 0.175669 0.275721 0.040884 -0.122334 0.059317 -0.006603 0.281953 -0.283168 -0.137378 0.142071 0.308130 0.006225 -0.004111 -0.160966 -0.206049 -0.065595 -0.195929 0.004152 -0.594962 0.290273 0.310197 0.009304 -0.143897 -0.059657 0.186105 0.159560 -0.286950 0.170019 0.413966 0.029633 0.130978 0.018303 -0.015077 0.118420 0.182379 -0.303443 -0.222107 -0.085386 0.006935 0.256637 -0.070140 0.072358 -0.042034 0.266902 0.087971 0.123487 -0.052496 0.058963 -0.246135 -0.278690 0.221185 0.354210 0.466940 0.328107 0.108558 0.090210 0.115037 0.118914 -0.143776 -0.000000 -0.031706 0.386563 0.016051 -0.043598 0.276842 0.008362 -0.164238 -0.287558 -0.007384 -0.323232 0.378746 0.047597 0.176707 0.082008 -0.031344 0.104178 -0.164927 -0.074539 -0.284515 0.159540 0.073939 0.286343 -0.114001 -0.153808 -0.305266 -0.082793 0.098914 -0.038241 0.007758 0.079275 -0.011980 0.000161 -0.044391 -0.005223 0.223475 0.107293 -0.019021 -0.200647 0.330169 0.068167 -0.388260 -0.079014 0.373539 0.158019 -0.072812 0.018205 0.004253 -0.041031 -0.107996 -0.171730 -0.207349 -0.113915 0.252749 -0.020579 -0.168782 0.273430 0.007552 0.076993 -0.329336 -0.058857 -0.234036
  -0.066940 -0.100899 -0.061972 0.012192 -0.232021 0.004811 -0.140315 -0.000017 0.193129 -0.039188 -0.112102 0.031768 0.001543 -0.204166 0.072075 0.105855 -0.001347 -0.175558 0.129180 -0.009292 -0.055809 -0.022653 -0.023554 0.021264 0.003897 -0.024828 0.058780 0.070809 -0.082753 0.117274 0.010014 0.098032 0.030536 0.000918 -0.302916 0.013061 0.029479 -0.013929 -0.118634 0.003721 -0.093957 0.004092 -0.074765 -0.023703 0.003452 -0.001591 -0.010324 0.059288 0.075255 -0.032176 -0.341354 -0.000483 0.021398 -0.005795 0.004218 -0.277056 -0.038945 0.012805 0.128679 0.053560 -0.034465 0.090689 0.091208 -0.147072 0.033016 -0.024986 -0.186797 -0.257099 0.026284 -0.015767 -0.093547 0.255116 -0.087918 0.004733 -0.000000 0.063483 -0.021742 0.006093 0.227890 0.119503 0.024956 -0.126610 -0.000252 0.007615 0.042008 0.003608 -0.030400 -0.249573 0.117578 0.045083 -0.042437 -0.008121 0.007844 -0.001199 -0.259021 -0.007945 0.008997 -0.074480 0.016406 -0.005730 0.066660 -0.311444 -0.169419 -0.239429 -0.449412 0.012807 -0.123493 0.052431 -0.002441 0.088150 0.093108 0.028242 -0.001880 -0.013538 0.024071 0.031814 0.073963 0.214119 -0.038082 0.081552 -0.002124 -0.050206 -0.188659 0.142601 0.011837 0.114505 -0.132602 -0.002696 0.001820 -0.163644 -0.106111 0.010408 0.186227 0.016905 0.004336 0.130373 0.032927 0.117987 -0.000000 0.002538 0.040841 -0.051125 0.014952 -0.002841 -0.097794 0.165464 0.002486 0.001069 0.119866 0.011089 -0.191708 0.055338 0.088981 0.003557 -0.165365 0.138674 0.020361 -0.045252 0.268159 0.045263 -0.092556 -0.041410 -0.018989 0.023734 -0.109188 -0.000241 0.131347 0.051568 0.003570 0.075132 -0.014280 0.135332 -0.028070 0.042859 0.098718 -0.442224 0.017141 -0.004432 0.060667 0.094090 0.025279 -0.001486 -0.106879 -0.120080 -0.261877 0.144061 -0.004522 0.011782 0.014532 0.016601 -0.118749 0.008556 0.001546 0.008033 -0.326180 0.010139 0.095465 -0.013159 0.011236 0.011681
Biases:
  0.091795 -0.141918 -0.056880 0.015847 -0.134248 0.037807 0.291313 -0.048323 -0.039426 -0.101416 0.270558 0.095432 -0.113888 0.285356 0.074309 -0.015690 0.252606 -0.279762 -0.320788 -0.159596 0.028080 -0.189301 -0.134338 -0.129795 0.064683 0.129982 -0.009388 -0.227750 0.036093 -0.202314 -0.350242 -0.100655 -0.138587 -0.130441 -0.014352 0.011243 0.271749 -0.163650 0.125301 0.076479 -0.273418 0.036344 -0.338915 0.110824 -0.206414 0.044929 -0.146412 0.292783 -0.036800 -0.019492 -0.211737 0.067587 -0.049116 0.270254 -0.075783 -0.234574 -0.263781 0.053134 -0.110091 -0.265097 0.090248 -0.168754 -0.148416 0.024750 -0.122704 -0.123627 -0.296566 -0.099207 -0.012649 0.106266 -0.135747 -0.228006 0.052377 0.017572 -0.162791 -0.140879 -0.020626 0.007991 -0.309518 -0.252464 -0.117742 0.234845 -0.216505 -0.109339 0.070239 -0.217736 0.145643 -0.314899 -0.203267 -0.211352 -0.042492 0.093085 0.130278 0.017963 0.131259 -0.163289 -0.185377 0.197326 -0.231298 -0.269866 -0.203520 -0.257958 -0.158662 0.041099 -0.000794 0.224603 0.213646 -0.162804 -0.066876 -0.032061 0.076351 -0.170341 0.030115 0.006635 0.051594 -0.155607 -0.120829 0.152349 0.216247 -0.290847 0.116696 -0.165096 0.171791 0.016648 -0.167867 -0.322524 -0.102965 0.056827 0.002346 -0.127791 -0.124486 0.020020 0.093299 -0.162652 -0.217732 -0.179005 -0.314956 0.089873 -0.131110 -0.119954 -0.159679 0.117611 0.052021 0.242868 -0.060753 -0.363282 -0.273131 0.253276 0.124611 -0.017626 -0.213404 0.010986 -0.112867 0.070689 -0.224163 -0.157314 0.053722 -0.194432 -0.253664 0.195262 -0.175935 0.040206 -0.430842 -0.109185 -0.086120 -0.025965 -0.117323 -0.081669 0.119053 -0.021287 0.050660 0.250584 0.063193 -0.233931 -0.138895 0.012805 -0.007523 -0.281756 0.074753 -0.266828 -0.133885 0.153621 -0.238720 -0.081180 0.205364 -0.105999 0.056994 0.025997 -0.063550 0.164750 0.054824 0.116038 -0.203938 0.127547 -0.050894 -0.279425 0.163440 -0.097877 0.077113 -0.078761
Weight range: -0.747161 to 0.581832
Bias range: -0.430842 to 0.292783

--- Layer 2 ---
Number of nodes: 100
Weights:
  0.199477 -0.047551 0.139509 0.000000 0.016371 0.101537 0.137973 0.068479 -0.268667 -0.000000 0.110191 0.000000 0.178983 -0.000000 0.000000 0.328637 -0.000000 0.088895 0.000000 -0.088723 0.134390 -2.627708 0.039945 0.098142 0.209069 -0.267901 0.000000 0.109646 -0.000000 0.171349 -0.058975 0.130882 -0.031065 0.090103 -0.000000 0.000000 -0.040246 0.226892 -0.146621 0.035558 0.051210 0.102181 -0.012730 0.124593 0.217545 0.025042 -0.258027 0.063614 -0.000000 0.111625 0.000000 0.123140 0.169057 -0.166909 0.146520 -0.143831 0.191036 0.041426 -0.018696 0.124744 0.000000 0.000000 0.082042 0.148029 0.048974 0.334740 -0.000000 0.148150 0.001914 0.193799 0.093686 -0.144566 -0.000000 0.044734 0.160677 0.082066 -0.000000 0.064174 0.108954 0.000000 0.081400 -0.919901 -0.183918 -0.111393 0.191293 0.131133 -0.105138 0.042452 0.000000 -0.016612 0.094518 0.000000 0.000000 0.190424 -0.116287 0.091178 -0.032595 0.094768 0.323180 0.084590
  -0.124417 0.199559 0.045857 0.000000 -0.064734 -0.027045 -0.006700 0.033571 0.111960 -0.000000 0.100351 -0.000000 0.156978 -0.000000 0.000000 0.002744 -0.000000 0.159755 -0.000000 -0.252426 0.158534 0.110231 0.179129 0.212173 0.083959 -0.315837 -0.000000 -0.024873 -0.000000 0.098288 -0.030546 0.074375 -0.039493 -0.191950 0.000000 -0.000000 0.043723 0.328202 0.010996 0.029564 -1.575462 -0.030828 -0.069018 -0.059790 -1.235491 0.093259 -1.315306 0.000027 -0.000000 0.210377 0.000000 0.150824 -0.047696 0.131697 -0.073502 0.224970 0.028110 0.117143 -0.006848 -0.037459 0.000000 -0.000000 -0.059333 -0.038993 -0.086168 0.032463 -0.000000 -0.010877 -0.040934 -0.134700 0.073567 0.160080 0.000000 -0.021398 -0.041953 -0.089382 0.000000 -0.229923 -0.114308 -0.000000 0.149577 0.077655 -0.718819 -0.073326 -0.033371 0.128537 0.070558 -0.102258 -0.000000 0.002836 0.214385 0.000000 -0.000000 0.088858 -0.149356 0.118277 -0.003049 0.147760 -0.066290 -0.225946
  0.095219 -0.067815 -0.084376 -0.000000 0.204581 0.110759 0.088864 0.069855 -0.046428 0.000000 -0.048668 -0.000000 -0.002585 0.000000 0.000000 -0.085030 -0.000000 0.080386 0.000000 0.028058 0.144481 -0.099410 0.046477 0.214296 0.021388 -1.141841 -0.000000 0.072317 0.000000 -0.014099 0.214649 -0.039174 -0.103269 -0.092970 0.000000 -0.000000 0.160530 0.203171 -0.456085 -0.077850 -0.000548 0.176498 0.147033 0.142888 0.208499 0.039588 -0.000000 -0.163586 -0.000000 0.091314 0.000000 0.054292 -0.063329 -2.694071 0.118180 0.157923 0.000000 0.038812 -1.158047 0.074912 -0.000000 0.000000 0.011191 -0.121617 -0.659867 -0.094345 -0.000000 -0.001553 0.090377 0.074612 0.117371 0.134538 0.000000 -0.068829 0.033106 -0.156345 -0.000000 0.216873 -0.075651 -0.000000 0.145586 -0.297235 -0.387150 -0.344581 -0.055882 0.014665 0.139756 -0.006580 -0.000000 -0.120301 -0.294396 -0.000000 0.000000 0.103692 0.090516 -0.127759 -0.056418 -0.136480 0.099441 -0.131466
  -0.078827 0.244938 -0.057963 0.000000 -1.005912 0.087718 0.103469 0.157215 0.072410 0.000000 -0.109538 0.000000 0.036376 0.000000 -0.000000 0.082635 -0.000000 0.091458 -0.000000 -0.013188 -0.066376 0.016187 -0.210627 -0.321716 0.173295 -0.194544 -0.000000 0.128725 0.000000 0.105562 0.105824 0.011291 -0.018143 0.214664 0.000000 0.000000 0.023858 0.207377 -0.199732 -0.041058 -0.356618 0.069610 0.177146 0.098042 0.093496 0.061776 -0.818934 -0.057003 -0.000000 -0.025256 0.000000 -0.539328 0.103840 0.140120 0.095507 -0.140152 -0.177656 0.086806 0.042020 -0.475319 0.000000 -0.000000 0.076912 0.103915 -0.406655 -0.044782 -0.000000 0.087924 0.028327 -0.010225 0.229824 -0.024621 0.000000 0.099113 0.001862 -0.869866 -0.000000 0.095459 0.068132 0.000000 -0.029474 0.016244 -0.709650 -0.634568 0.226599 -0.019896 0.117578 -0.049798 0.000000 0.081310 -0.571078 -0.000000 -0.000000 -0.044564 0.017365 0.102639 0.085444 0.015301 0.127119 0.102326
  -0.120434 -0.725322 -0.073087 0.000000 -0.160380 0.288735 0.178320 0.170444 0.086776 0.000000 0.188888 -0.000000 -0.202851 -0.000000 0.000000 -0.023146 -0.000000 -0.068973 -0.000000 0.205865 -0.022401 -0.905568 -0.511302 -0.030850 0.112668 0.038228 -0.000000 0.338821 0.000000 0.172686 0.042218 -0.006701 0.048269 0.436262 -0.000000 -0.000000 0.046554 0.080221 -0.181210 0.514428 0.267230 -0.036321 0.093827 0.065603 0.184792 0.026961 -0.455769 0.375142 -0.000000 0.193332 -0.000000 0.090066 0.226759 -0.191303 0.099519 0.118497 0.133660 0.156122 0.031702 0.106837 -0.000000 0.000000 -0.063072 0.051704 0.234483 0.205643 -0.000000 0.258568 0.285205 0.076777 0.103584 0.155907 0.000000 0.163154 0.072496 0.130359 0.000000 0.094337 0.065977 -0.000000 0.198867 -0.831698 0.205830 -0.167649 0.003527 0.054707 -0.063022 0.121531 -0.000000 0.053718 -0.015987 -0.000000 -0.000000 0.026299 0.283106 0.045947 0.160378 0.277048 -0.003887 0.024881
  -0.114664 0.002094 -0.145883 -0.000000 0.084311 -0.088986 -0.010356 0.018316 0.067133 0.000000 -0.062302 0.000000 0.145007 -0.000000 -0.000000 -0.441183 -0.000000 0.084034 -0.000000 0.095981 -0.144675 -0.126661 -0.022612 -0.094001 -0.019211 0.333673 -0.000000 -0.251502 0.000000 -0.009604 -0.081515 -0.014404 -0.029305 -0.336630 -0.000000 -0.000000 -0.078330 0.230823 0.239279 -0.084086 0.114772 -0.260391 -0.014041 -0.101986 0.218880 -0.083139 -0.473631 -0.043930 -0.000000 -0.029267 0.000000 0.202576 0.028792 -1.139150 -0.153047 0.037578 -0.180540 -0.040525 0.695995 0.208538 -0.000000 -0.000000 0.122530 -0.517252 0.220174 -0.347749 -0.000000 -0.265406 -0.002413 -0.225139 -0.014263 -0.189891 0.000000 0.036529 -0.075399 -0.524536 -0.000000 0.002881 -0.157111 0.000000 -0.182825 0.942822 -0.102401 0.093783 0.192867 -0.137496 1.778247 -0.092405 -0.000000 0.074009 -0.998934 0.000000 -0.000000 -0.153656 -0.031080 -0.123394 -0.139853 -0.268843 -0.329870 -0.311384
  0.053206 -0.182633 -0.104426 -0.000000 -0.303608 0.053031 -0.214400 0.071610 -0.044405 0.000000 0.129955 0.000000 -0.016845 -0.000000 -0.000000 0.015121 -0.000000 -0.034811 0.000000 -0.019545 -0.020443 -0.393378 -0.069985 -0.052854 -0.181754 0.183507 -0.000000 0.005409 -0.000000 -0.179937 0.033329 0.003545 -0.044680 0.111826 0.000000 -0.000000 -0.105731 -0.215897 0.065587 0.034884 0.075441 0.047163 -0.032823 -0.018025 0.027883 0.034500 -0.025428 0.321795 -0.000000 0.155037 -0.000000 -0.021797 -0.156385 0.016632 -0.254464 0.161697 0.086224 -0.087579 0.229451 0.116018 0.000000 -0.000000 0.071132 0.094699 0.103027 0.201609 -0.000000 0.292731 -0.274780 0.109104 -0.140693 0.131462 0.000000 0.005649 0.053798 -0.149733 -0.000000 -0.125960 -0.097119 0.000000 -0.014682 -0.169759 0.025661 0.083691 -0.142464 0.045270 0.142726 -0.114956 0.000000 0.106477 -0.175635 -0.000000 -0.000000 -0.036124 -0.128696 -0.252361 -0.223867 0.073639 0.165277 0.077329
  0.002085 0.000215 -0.000047 0.000000 -0.000010 -0.000252 -0.000005 -0.000195 0.000144 0.000000 -0.000097 -0.000000 -0.000004 -0.000000 -0.000000 0.001593 -0.000000 0.000023 0.000000 -0.000089 -0.000491 0.000007 -0.000980 -0.000018 0.000032 -0.000161 -0.000000 0.000356 0.000000 0.000042 -0.000022 0.000036 -0.000007 -0.000009 -0.000000 0.000000 -0.000002 -0.000049 0.000007 0.000003 0.000263 0.000227 0.000132 -0.001003 -0.001134 -0.000015 0.000003 -0.000106 -0.000000 -0.000092 -0.000000 -0.000005 -0.000313 -0.000009 0.000463 0.000001 0.000263 -0.000015 0.000106 0.000345 -0.000000 0.000000 -0.000975 0.000075 -0.000041 0.000026 -0.000000 0.000046 -0.000481 0.000103 0.000005 0.000172 0.000000 0.001151 0.000133 0.000002 0.000000 -0.000011 -0.000008 0.000000 -0.000242 0.000028 0.000141 0.000007 0.000048 0.000409 0.000005 0.000014 -0.000000 0.000013 0.000277 0.000000 -0.000000 0.000024 -0.000402 -0.000144 0.000119 -0.000008 -0.000037 -0.000128
  0.242354 0.019689 -0.168184 -0.000000 -0.329751 0.157854 0.162979 -0.251845 -0.112438 -0.000000 0.167178 0.000000 -0.220580 -0.000000 -0.000000 0.198605 0.000000 0.155322 0.000000 -0.070696 -0.005942 0.017286 0.193662 0.214167 0.069147 -0.172703 -0.000000 -0.093626 0.000000 -0.047426 0.074034 0.076358 0.151730 0.027219 0.000000 0.000000 -0.212458 0.018276 0.120902 0.010664 0.069244 -0.030729 -0.133138 0.130800 0.164957 -0.145537 -0.098674 0.039267 -0.000000 0.133690 -0.000000 0.326763 0.167117 -0.089217 0.006395 -0.209823 -0.149599 0.048410 -1.538503 0.251670 0.000000 0.000000 -0.124488 0.013087 0.411107 0.116927 -0.000000 0.043629 -0.006778 0.015584 0.117391 -0.095344 0.000000 0.152372 -0.053319 0.053534 0.000000 -0.108619 -0.124263 0.000000 0.025405 0.131841 0.084994 -0.780575 -0.073027 0.101585 -0.101515 0.025658 0.000000 0.010463 0.211628 -0.000000 0.000000 -0.031108 -0.092241 0.145188 -0.075230 -0.006957 -0.059599 0.052463
  -0.105914 -0.024313 0.104420 -0.000000 0.124754 -0.215025 0.067756 0.038673 0.110060 -0.000000 -0.093744 0.000000 0.329434 -0.000000 -0.000000 -0.124438 0.000000 -0.079054 -0.000000 -0.005815 -0.046674 0.356848 -0.167471 0.082342 -0.168112 0.076616 0.000000 0.006413 0.000000 -0.298455 0.060234 -0.096700 -0.093131 -0.122294 0.000000 0.000000 -0.024093 0.021464 0.251816 -0.115830 0.029242 0.040645 0.092342 0.042931 0.180838 0.049467 0.139440 -0.266346 -0.000000 -0.041566 -0.000000 0.140643 0.079692 0.568832 0.166102 0.115804 0.098512 -0.065675 0.011276 0.172151 -0.000000 -0.000000 0.270896 -0.047627 0.178854 -0.084091 -0.000000 -0.170119 -0.109591 -0.146874 -0.382453 0.152699 -0.000000 -0.214433 -0.030886 0.258209 -0.000000 -0.040045 -0.010798 0.000000 -0.008050 -1.830873 0.097055 -0.022814 -0.239419 -0.154031 -0.652773 -0.034018 -0.000000 0.093442 0.148924 -0.000000 0.000000 -0.271234 0.141463 -0.174610 0.149514 -0.292043 -0.244828 -0.069584
  -0.028469 -0.101161 0.076481 -0.000000 -0.136670 0.115587 -0.081635 -0.082569 -0.019103 -0.000000 -0.010972 -0.000000 0.057407 -0.000000 0.000000 -0.060261 -0.000000 0.028233 -0.000000 -0.048210 0.088319 -0.547119 -0.082887 -0.174518 -0.060905 0.012044 0.000000 0.156315 -0.000000 -0.041886 -0.113374 0.135257 -0.098292 0.255613 0.000000 -0.000000 -0.208202 -0.157027 0.171030 -0.163979 0.224284 -0.030278 -0.060598 -0.147503 0.313925 0.003110 -0.187986 0.290532 -0.000000 0.022567 -0.000000 -0.002599 -0.165328 -0.076778 -0.037636 0.054661 0.063934 -0.047701 0.151290 0.122972 -0.000000 -0.000000 0.091781 0.066994 0.055654 0.385618 -0.000000 0.169934 -0.189141 0.033887 0.068013 -0.060963 -0.000000 0.082048 0.030174 0.087072 -0.000000 -0.132964 0.178746 0.000000 -0.136475 -0.341671 -0.107797 -0.014770 -0.009075 -0.040080 -0.106994 -0.045497 0.000000 -0.040983 0.001093 0.000000 -0.000000 0.093460 -0.199535 0.047279 -0.065216 0.237709 0.175501 -0.005754
  0.066196 0.118481 -0.027167 0.000000 0.030067 -0.053786 0.091724 0.112093 -0.056186 0.000000 -0.082143 -0.000000 -0.104726 0.000000 0.000000 -0.091482 0.000000 0.002050 -0.000000 0.159467 0.054248 0.084516 0.209755 0.040453 0.201260 0.240187 0.000000 -0.056568 0.000000 0.015044 -0.026461 -0.109133 0.044488 0.057227 0.000000 0.000000 -0.030664 -0.127162 0.181996 0.169915 0.080847 0.109354 0.104805 -0.078688 0.039520 0.177137 0.207300 -0.015231 -0.000000 0.226334 -0.000000 -0.293695 0.077403 0.113345 -0.054533 -0.194364 -0.074033 -0.077883 0.046641 0.105862 0.000000 0.000000 -0.062041 0.103887 0.079217 0.181666 -0.000000 -0.109545 -0.015463 -0.050104 0.120216 -0.018085 -0.000000 0.178376 -0.023625 0.423315 -0.000000 0.093784 0.052693 -0.000000 0.046461 0.055112 -0.054086 0.106942 0.093388 0.111159 0.168707 0.050782 0.000000 0.128446 -0.391121 0.000000 0.000000 0.016307 -0.023307 0.066759 0.040890 0.244253 -0.003002 -0.020533
  0.199116 0.014684 0.070127 -0.000000 -0.918957 0.145710 0.094648 0.113359 -0.079732 0.000000 0.110298 0.000000 -0.245882 0.000000 0.000000 0.051009 0.000000 0.048007 0.000000 0.032702 0.125578 0.088335 -0.268742 -0.272075 -0.117636 -0.148638 -0.000000 -0.075780 -0.000000 0.165220 0.169322 -0.091033 0.273845 0.194913 0.000000 0.000000 0.216490 0.164221 -0.144031 0.026881 -0.154153 -0.080919 0.122618 0.240555 0.330979 0.078532 -0.613208 0.125347 -0.000000 -0.082158 -0.000000 -0.163663 0.199946 0.124875 0.216495 -0.201004 -0.691949 0.138588 -0.014470 -0.402555 0.000000 0.000000 0.067747 0.081834 -0.339054 0.121737 -0.000000 0.062264 0.116991 0.100327 -0.079312 0.007047 -0.000000 0.082474 0.220660 -0.623050 0.000000 0.110592 0.183213 -0.000000 -0.037959 -0.015642 -0.652618 -0.289565 0.133795 0.052327 0.119655 0.056173 -0.000000 0.016909 -0.433573 -0.000000 -0.000000 0.040965 -0.079092 -0.040704 0.052122 -0.130634 0.035084 0.034729
  0.190554 -0.028475 -0.056226 -0.000000 0.046017 0.014529 -0.226604 0.066320 -0.105579 -0.000000 0.061828 0.000000 -0.024014 0.000000 0.000000 -0.138741 -0.000000 -0.090052 -0.000000 -0.173517 0.094902 -0.080903 -0.039345 -0.157283 -0.027389 0.337304 0.000000 -0.092306 0.000000 -0.291639 -0.136622 -0.082953 -0.032484 -0.015295 -0.000000 -0.000000 -0.078035 -0.301233 0.128045 -0.175021 0.116270 -0.125786 -0.210111 -0.172238 0.231007 0.004939 0.247979 0.092220 -0.000000 -0.115275 0.000000 0.033643 -0.147547 0.127938 -0.090184 -0.105154 0.217740 -0.247326 0.202556 0.074027 -0.000000 -0.000000 -0.101842 -0.002921 0.025091 -0.179328 -0.000000 0.096138 -0.180751 0.055149 -0.090260 0.172437 0.000000 -0.124212 -0.007493 -0.343752 -0.000000 -0.051665 -0.089128 0.000000 0.157424 0.119710 0.274229 0.342656 -0.122588 -0.040676 -0.050158 -0.007126 0.000000 0.025249 -0.215558 -0.000000 -0.000000 -0.142515 0.100113 -0.230029 -0.241726 -0.042135 -0.049328 0.023602
  -0.042363 -0.124306 0.086181 -0.000000 0.069780 0.092248 -0.031726 -0.180095 0.164973 -0.000000 0.096648 -0.000000 0.058507 -0.000000 -0.000000 0.150161 -0.000000 -0.128925 -0.000000 -0.043157 -0.025232 0.067154 -0.083962 -0.340448 0.019487 0.235922 -0.000000 0.386689 -0.000000 0.092619 0.035841 0.177894 0.145146 -0.083859 0.000000 -0.000000 -0.020003 -0.118349 0.029458 -0.055029 -0.143991 0.082835 0.043608 0.082909 -0.054827 -0.019514 0.002407 -0.039943 -0.000000 -0.045857 -0.000000 0.036608 -0.014301 0.008010 -0.037264 -0.134989 0.024915 0.003695 0.070998 -0.142891 0.000000 0.000000 -0.079926 0.034708 -0.031699 -0.073304 -0.000000 -0.097656 -0.153173 -0.025973 0.084008 0.220105 0.000000 0.185302 0.011823 0.185093 -0.000000 0.088789 -0.173220 0.000000 0.027190 0.143719 0.064709 0.068362 0.060564 0.160947 0.092375 0.084492 -0.000000 0.012011 -0.114645 -0.000000 0.000000 0.032458 0.028880 0.097407 -0.012252 0.132816 0.077721 -0.054137
  0.098115 -0.058010 -0.053386 0.000000 -0.122985 -0.202218 0.104766 0.132928 0.074482 0.000000 -0.059069 0.000000 0.051583 -0.000000 0.000000 0.361131 -0.000000 -0.039533 0.000000 0.132864 0.004881 0.001469 0.022488 0.019944 -0.042133 0.162214 -0.000000 -0.020672 -0.000000 0.046160 0.070863 0.027646 -0.086458 -0.045651 0.000000 0.000000 -0.096636 -0.184454 -0.053827 0.045641 0.173881 0.058858 0.160650 0.050278 -0.079319 0.039152 -0.228440 0.006696 -0.000000 -0.126588 -0.000000 0.032079 0.099957 0.097756 -0.074481 -0.071032 0.039305 0.000054 -0.243972 0.100087 0.000000 0.000000 -0.154124 -0.066035 0.258282 0.113873 -0.000000 -0.011636 0.115088 0.239593 -0.151167 0.149565 -0.000000 -0.099717 -0.086523 0.047079 0.000000 0.065833 0.169681 0.000000 -0.131209 0.091759 0.008510 -0.622304 -0.125126 0.014532 -0.241642 0.051583 -0.000000 0.006762 0.397180 0.000000 0.000000 -0.086131 -0.219601 0.005075 -0.045387 -0.061584 0.194514 -0.086847
  0.084038 -0.102619 -0.113633 -0.000000 -0.189255 0.007573 -0.161245 0.065346 0.099540 -0.000000 0.148516 -0.000000 0.558311 0.000000 -0.000000 -0.034302 -0.000000 -0.131308 0.000000 -0.081620 0.044926 -0.079729 0.015434 0.119442 -0.053112 0.352598 -0.000000 0.088095 -0.000000 -0.039953 -0.182688 0.101216 -0.212346 0.010031 0.000000 0.000000 -0.073500 -0.032475 -0.268637 0.055800 0.170176 -0.264566 0.039889 -0.004737 -0.109696 -0.217516 -0.132366 0.091454 -0.000000 0.077303 -0.000000 0.160867 -0.021398 -1.272431 0.013874 0.005554 0.394942 0.083009 0.452504 0.145401 -0.000000 0.000000 -0.090989 0.001934 0.355093 -0.005629 -0.000000 0.157541 0.047289 -0.129769 0.030504 -0.143928 0.000000 -0.140167 0.013880 -0.089438 -0.000000 -0.256518 -0.180675 -0.000000 -0.147788 0.181479 -0.048197 -0.019129 -0.005702 -0.147381 0.049187 -0.098087 -0.000000 -0.189985 -0.040808 0.000000 -0.000000 0.029451 -0.002084 -0.009236 -0.008312 0.016056 0.031924 0.026189
  0.352277 -0.820794 0.253207 -0.000000 0.037814 0.485703 0.193784 0.235549 -0.610252 -0.000000 0.614103 -0.000000 -0.212981 -0.000000 -0.000000 0.302427 -0.000000 0.406809 0.000000 0.340412 0.366970 -1.662784 0.458756 0.530035 0.256310 -0.347356 -0.000000 0.572115 -0.000000 0.280324 0.527042 -0.005059 0.151687 0.719904 0.000000 0.000000 0.570333 0.070890 -0.677834 0.693610 -0.273351 0.191188 0.324650 0.223646 0.362058 0.478200 -0.441500 0.334938 -0.000000 0.387993 -0.000000 0.203375 0.300800 0.218223 0.781688 0.480579 0.291259 0.450101 -0.232974 0.145076 -0.000000 -0.000000 -0.076955 0.221709 -0.189212 0.407775 -0.000000 0.494070 0.375530 0.335495 0.292979 0.100458 0.000000 0.529277 0.508289 -0.291298 -0.000000 0.400040 0.296543 -0.000000 0.089584 -1.801660 0.164477 -0.493338 0.306297 0.272180 -0.076687 0.345252 0.000000 0.510181 0.100845 0.000000 0.000000 0.003933 0.541095 0.401930 0.337307 0.610673 0.412819 0.155074
  0.211299 -0.481153 0.399851 0.000000 -0.118573 0.322151 0.332030 0.426355 -0.080817 0.000000 0.228870 0.000000 0.083832 -0.000000 0.000000 0.134852 0.000000 0.040453 -0.000000 0.288796 0.276230 0.284527 -1.711707 -0.878870 -0.035458 0.323102 0.000000 0.173520 -0.000000 -0.145999 0.299639 0.270920 0.184615 0.150521 -0.000000 0.000000 0.286407 0.261287 0.144466 0.224793 0.021256 0.122329 0.442063 0.413606 -0.482188 0.077910 0.110818 0.006575 0.000000 0.100593 0.000000 -0.071563 0.213490 0.142091 0.183531 -0.068114 -0.054968 0.137161 0.106156 -0.195516 0.000000 -0.000000 -0.191291 0.136533 0.126319 0.302938 -0.000000 0.180946 0.342058 0.182548 0.084193 -0.000479 0.000000 0.037477 0.284584 -0.004011 -0.000000 0.282545 0.418188 -0.000000 -0.085879 -0.058908 0.034319 -0.000000 0.089045 0.349923 0.160197 0.233756 0.000000 0.256980 -0.256896 0.000000 0.000000 0.288068 -0.050260 0.114111 0.249479 -0.016011 0.331347 0.027127
  0.035248 -0.108612 -0.245989 -0.000000 -0.794629 -0.031467 0.210572 0.296243 -0.253754 -0.000000 0.095246 -0.000000 0.287277 0.000000 -0.000000 0.176920 -0.000000 0.179870 -0.000000 -0.104212 0.108887 0.237194 -0.000000 0.168607 0.094831 0.076082 0.000000 0.529794 0.000000 0.073722 -0.078761 0.269371 -0.087838 0.142341 0.000000 -0.000000 -0.044163 0.492076 -0.278046 0.039201 -0.302092 -0.167484 -0.102173 0.120966 0.001110 -0.175504 -0.438089 0.034707 -0.000000 0.199981 0.000000 0.522261 0.056791 -0.079541 0.121798 -0.025825 0.275667 0.074103 0.287112 0.122291 -0.000000 -0.000000 0.009691 0.102573 -0.608210 0.108087 -0.000000 0.049481 0.175264 -0.073619 0.151108 -0.318500 0.000000 0.209380 -0.110136 0.151974 0.000000 -0.175760 0.006644 0.000000 -0.222749 -0.067307 -0.178121 -0.070341 0.297498 0.216174 -0.257573 0.020180 0.000000 -0.006486 0.024386 0.000000 0.000000 0.148408 -0.190241 0.311172 -0.146741 -0.009281 -0.155817 0.011497
  0.073167 0.114837 -0.012362 0.000000 -0.112382 0.156975 0.041054 0.148820 0.065960 -0.000000 -0.011866 -0.000000 -0.193858 -0.000000 0.000000 -0.013601 -0.000000 -0.067277 -0.000000 0.081719 -0.033859 -0.013588 -0.697673 -0.835468 -0.112841 0.077439 0.000000 0.173259 0.000000 0.104038 -0.023187 0.058332 0.062501 -0.142167 -0.000000 -0.000000 0.055729 0.046834 0.040119 0.107042 -0.116975 0.193687 -0.051330 -0.061913 0.104305 0.140256 -0.121930 -0.046316 -0.000000 0.055384 -0.000000 0.028808 -0.041381 -0.008365 0.104200 -2.389376 -0.037055 -0.190675 0.177857 -0.099754 -0.000000 -0.000000 -0.104156 0.024228 0.054928 -0.065438 -0.000000 0.120423 -0.087264 0.030457 0.117127 0.143041 -0.000000 0.025677 0.094031 0.460948 0.000000 -0.060847 -0.131647 0.000000 0.124759 -0.016116 -0.015551 -0.013871 0.142510 0.020706 -0.124478 -0.132655 -0.000000 0.008811 -0.221255 0.000000 -0.000000 0.167807 -0.027083 0.128237 0.171000 0.012125 -0.190770 -0.033339
  -0.134954 0.117317 -0.051400 -0.000000 0.000000 -0.221425 0.060029 -0.410134 0.145346 0.000000 -0.028563 -0.000000 0.302555 -0.000000 -0.000000 -0.219560 -0.000000 -0.297078 -0.000000 -0.160346 -0.280882 -0.269958 -0.240307 0.106613 -0.032094 0.016819 0.000000 -0.532157 0.000000 -0.879937 0.049455 -0.014440 -0.262909 0.023235 -0.000000 0.000000 0.020114 -0.529879 -0.157046 -0.068115 0.198198 -0.140377 0.133592 -0.124006 0.122607 -0.017533 0.000000 -0.050123 -0.000000 -0.185499 0.000000 0.622450 0.181425 -0.093550 -0.013074 0.859908 1.502248 -0.847905 0.215926 0.155270 -0.000000 -0.000000 0.512841 -0.377939 0.325527 -0.169160 -0.000000 -0.246888 -0.089390 -0.037440 -0.077008 -0.083190 -0.000000 -0.165935 -0.146386 0.000000 0.000000 0.105831 -0.056534 0.000000 -0.299637 -0.293592 0.024693 -0.000000 -0.053566 -0.032268 -0.045551 -0.281261 0.000000 0.104699 -0.000000 0.000000 0.000000 -0.231693 -0.279310 0.156626 0.169555 -0.054751 -0.352868 -0.294847
  -0.195089 0.037633 0.032818 0.000000 0.392419 0.164441 0.185907 0.191376 0.180510 0.000000 -0.266142 0.000000 -0.080809 0.000000 -0.000000 -0.472545 -0.000000 -0.097312 0.000000 0.156959 0.088258 -2.407218 -0.120286 -0.268309 0.026934 -0.128344 -0.000000 -0.011677 -0.000000 0.087255 0.025158 0.103186 -0.012119 -0.485616 -0.000000 -0.000000 0.056146 0.283434 -0.407721 0.085796 0.596265 -0.071873 0.097815 0.141079 0.106464 -0.110759 -0.000000 -0.217691 -0.000000 -0.215144 -0.000000 -0.042951 0.144243 0.000000 0.079092 0.051314 -0.214486 -0.037910 -0.603343 -0.004346 -0.000000 -0.000000 -0.026516 -0.584878 0.000000 -0.494551 -0.000000 -0.359400 0.078420 -0.412036 0.073964 -0.141155 0.000000 0.128203 0.207413 -0.066716 0.000000 0.021298 -0.252019 0.000000 -0.043624 -0.000000 -0.071274 0.285094 0.144839 -0.062048 -0.000000 0.128432 0.000000 0.036242 -0.698376 0.000000 -0.000000 0.108300 0.255691 -0.036111 0.164496 -0.457322 -0.328245 -0.292062
  -0.408916 0.329039 0.057096 -0.000000 0.353314 -0.127724 -0.085182 -0.134534 0.245841 -0.000000 -0.288495 0.000000 -0.000002 -0.000000 -0.000000 -0.412313 -0.000000 -0.232305 0.000000 0.061837 -0.049377 -0.041748 0.199048 0.074532 0.010815 0.289876 0.000000 0.084941 -0.000000 -0.001482 -0.038579 -0.018930 -0.186032 -0.605562 0.000000 0.000000 0.173132 0.314876 0.298789 -0.030981 -0.469507 -0.093574 0.027387 -0.148989 0.074648 -0.008797 -0.000000 -0.489349 -0.000000 -0.339850 -0.000000 0.149174 0.047142 -0.000000 -0.088523 0.115642 0.000000 -0.115510 -1.136026 0.091267 0.000000 -0.000000 0.211423 -0.784675 0.336422 -0.443131 -0.000000 -0.523079 -0.196202 -0.698134 -0.144849 -0.053399 -0.000000 -0.032539 0.109794 -0.224137 0.000000 -0.149079 -0.517115 0.000000 -0.192253 0.000000 -0.117565 0.222599 0.016832 0.034944 -0.000000 -0.059811 -0.000000 0.038379 -0.982820 0.000000 0.000000 -0.118604 0.053211 -0.026030 0.060531 -0.341698 -0.515516 -0.737901
  0.011944 -0.146638 0.293779 -0.000000 0.131252 0.172667 0.198189 0.323349 -0.267421 -0.000000 0.117994 -0.000000 -0.317103 -0.000000 0.000000 0.210467 -0.000000 0.105778 -0.000000 -0.024857 0.171698 0.005037 0.161693 -0.090212 0.216153 -0.002472 0.000000 0.167252 0.000000 0.181273 0.084675 0.245255 0.148941 0.191317 0.000000 -0.000000 0.041872 0.102347 -0.301112 0.206742 -0.252003 -0.011061 0.030482 0.243323 0.167976 0.054447 -1.004037 0.192643 -0.000000 -0.087825 -0.000000 0.274351 0.178546 -1.218735 0.248053 -0.066712 -0.358163 0.164717 0.143998 0.059904 -0.000000 -0.000000 0.003154 0.293918 -1.278482 0.214412 -0.000000 0.139153 0.183977 0.107998 -0.008588 0.025340 0.000000 0.134169 0.194331 0.119228 0.000000 0.149463 0.199224 -0.000000 -0.095304 -2.014945 -0.167092 0.028031 0.143249 0.128797 -0.779364 -0.059806 -0.000000 0.034544 0.047251 0.000000 0.000000 0.211840 0.050151 0.039983 0.216730 0.198644 0.036939 0.350142
  0.056619 0.108107 0.132344 -0.000000 0.103800 0.035157 -0.020321 0.001405 0.050894 -0.000000 -0.061476 -0.000000 0.083123 0.000000 0.000000 0.121145 0.000000 -0.150188 -0.000000 -0.158186 -0.074927 -0.006561 -0.017245 -0.168157 -0.122051 0.131669 0.000000 0.073959 0.000000 -0.065063 -0.072530 0.122992 -0.140120 -0.045073 -0.000000 -0.000000 -0.059905 -0.193909 0.071299 -0.192149 -0.064756 0.145156 -0.169027 -0.157331 0.007762 -0.115241 0.081700 0.082619 -0.000000 0.112482 0.000000 -0.080896 -0.063833 0.081864 -0.178821 -0.030237 -0.030614 -0.117291 0.123265 0.016524 -0.000000 0.000000 -0.170969 0.074525 0.188213 0.088754 -0.000000 0.199467 0.022812 0.154493 -0.066711 0.118384 0.000000 0.127300 0.058082 -0.024429 -0.000000 -0.048661 0.069564 -0.000000 0.111709 0.077346 0.003545 0.053039 -0.116590 -0.153274 0.114311 0.008304 -0.000000 -0.082141 0.125867 -0.000000 0.000000 0.076041 0.034343 0.030242 -0.129241 0.178132 -0.037542 0.145600
  -0.222008 0.113444 -0.144991 -0.000000 0.138803 -0.223337 0.004937 -0.635390 0.219474 0.000000 -0.181824 -0.000000 -0.029142 0.000000 -0.000000 -0.071984 -0.000000 0.036672 0.000000 -0.215505 0.016547 -0.100033 -0.753201 0.191151 -0.015598 -0.244428 -0.000000 -0.389819 0.000000 0.071976 -0.085493 -0.124726 -0.109606 -0.327759 -0.000000 -0.000000 -0.017130 0.035894 -0.012605 -0.350294 -0.053553 0.011547 -0.133926 -0.097851 -0.082912 -0.205393 0.004994 -0.300400 -0.000000 -0.038650 0.000000 -0.059828 -0.092238 -0.202683 -0.283649 0.041397 -0.017178 -0.155822 -0.013695 0.240569 -0.000000 -0.000000 -0.102712 -0.263179 -0.018747 -0.274290 -0.000000 -0.299752 -0.150356 -0.111099 -0.067826 -0.255890 0.000000 -0.146152 -0.102624 -0.185113 -0.000000 -0.161080 -0.078838 -0.000000 -0.049777 0.170202 0.061803 -0.005588 0.205994 -0.054486 0.129448 -0.045836 -0.000000 -0.233751 0.004725 0.000000 0.000000 -0.089512 -0.205228 -0.146304 -0.020397 -0.177859 0.041212 -0.222481
  0.209931 0.147358 -0.211097 0.000000 -0.215490 0.089772 0.062460 -0.188837 0.217281 0.000000 -0.017723 0.000000 0.425682 0.000000 0.000000 0.018850 -0.000000 -0.177489 -0.000000 -0.215942 -0.100169 -0.040425 0.138754 -0.089640 -0.018184 0.169413 -0.000000 -0.405492 -0.000000 -0.196207 -0.099242 0.127632 -0.095462 0.227096 -0.000000 -0.000000 -0.100202 -0.357994 -0.145364 0.024607 0.499213 0.241502 -0.142041 -0.138118 -0.239816 -0.108767 0.084350 0.015849 -0.000000 0.157299 0.000000 0.385558 -0.056027 -0.293203 -0.265086 0.028390 -0.188743 -0.088457 -0.000000 0.202644 -0.000000 0.000000 0.182305 0.152035 0.508180 0.237016 -0.000000 0.134339 -0.097365 0.231230 0.038620 0.094552 -0.000000 0.102351 -0.143984 0.412639 0.000000 -0.156407 0.421442 0.000000 0.054468 -0.302652 -0.223752 -0.000000 0.015358 -0.134022 -0.005050 -0.015391 -0.000000 -0.022969 -0.042229 -0.000000 0.000000 0.076653 -0.175662 0.125506 -0.190763 -0.051050 0.310968 0.166817
  -0.017557 0.249225 0.109041 0.000000 -0.033092 0.116535 -0.153314 0.045120 -0.109065 -0.000000 0.062766 -0.000000 -0.107267 0.000000 -0.000000 0.070340 -0.000000 -0.045178 0.000000 -0.052870 -0.150310 0.006399 -0.139682 -0.041258 -0.146340 -0.222949 -0.000000 0.052514 0.000000 -0.186894 -0.019783 0.028118 -0.021894 -0.007659 -0.000000 -0.000000 0.142275 -0.114191 0.162785 0.051959 0.038029 -0.090263 -0.014041 -0.125978 -0.070740 0.077235 0.033943 0.018349 -0.000000 -0.000791 -0.000000 -0.129055 -0.032309 0.216956 0.056301 -0.322153 -0.104615 -0.084540 0.178323 0.186483 0.000000 0.000000 -0.019848 -0.036688 -0.126122 0.062451 -0.000000 0.112998 -0.078623 -0.082512 -0.046092 -0.004206 -0.000000 0.125481 -0.107835 0.011979 -0.000000 0.112090 0.043550 -0.000000 0.060375 -0.017216 0.185742 -0.004143 0.059773 0.018341 0.058750 -0.031377 0.000000 0.000167 0.006909 0.000000 0.000000 -0.005784 0.092173 0.079643 -0.107660 0.136815 0.063122 0.107783
  -0.143161 -0.495747 0.143527 -0.000000 -0.167089 -0.140492 0.104720 -0.112262 0.074515 -0.000000 -0.391985 -0.000000 -0.263320 0.000000 0.000000 -0.128922 -0.000000 -0.003241 0.000000 0.057497 0.146932 -0.404126 -0.164761 -0.196534 0.078823 -0.445243 0.000000 0.101870 0.000000 -0.159671 0.125242 -0.372347 0.112289 -0.183014 -0.000000 -0.000000 -0.084535 0.067844 -0.176060 -0.134237 -0.094055 0.015933 -0.093483 0.059987 0.047748 -0.224706 -0.528787 -0.073648 -0.000000 -0.206201 -0.000000 0.273225 0.224620 -0.051963 -0.152302 -0.158901 -0.135376 0.131569 -0.028322 -0.117509 0.000000 -0.000000 -0.101363 -0.070610 -0.395619 -0.056997 -0.000000 -0.197682 0.165504 -0.012462 0.099530 -0.203666 -0.000000 0.066646 -0.055432 0.280558 -0.000000 0.019162 -0.199165 -0.000000 -0.087581 -0.200670 -0.142281 -0.622773 0.329528 0.244138 0.005893 0.016702 -0.000000 0.150488 0.144467 -0.000000 0.000000 -0.138502 -0.209817 -0.119889 -0.089572 -0.214699 0.016724 -0.240038
  -0.128240 0.070195 -0.137836 -0.000000 -0.135609 -1.204938 -0.231621 0.007341 0.051061 -0.000000 -1.165017 -0.000000 0.050689 -0.000000 0.000000 -0.086953 -0.000000 0.009778 -0.000000 -0.177937 -0.087470 -0.881270 0.287543 0.616125 -0.000420 0.159645 -0.000000 0.189475 0.000000 -0.091267 -0.238289 -0.682293 -0.276689 -0.524137 -0.000000 0.000000 -0.113733 0.477282 -0.080367 -0.792339 0.022397 -0.252867 -0.280564 -0.142749 0.126655 -0.179366 -0.425658 -0.913885 -0.000000 -0.570788 0.000000 0.201349 -0.075689 0.150127 -0.044358 0.070453 0.272239 -0.203046 0.176619 0.571531 -0.000000 -0.000000 0.172590 -0.343516 0.213998 -1.097035 -0.000000 -0.688248 0.161949 -0.162293 -0.201008 -0.186508 0.000000 -0.155687 -0.173652 -0.470794 -0.000000 -0.313465 -0.254543 -0.000000 -0.142218 0.045321 -0.099535 -0.295770 0.046992 -0.200485 0.144876 -0.083423 0.000000 -0.277601 0.288281 -0.000000 -0.000000 -0.527903 -0.366678 -0.165094 -0.340900 -1.223478 -0.356809 -0.354327
  0.033844 0.175236 0.082558 -0.000000 0.006473 0.103705 0.019868 0.214135 0.162003 0.000000 -0.006401 -0.000000 -0.072356 -0.000000 0.000000 -0.218671 -0.000000 -0.158416 -0.000000 0.041282 -0.045255 0.137628 -0.064978 0.048111 0.014931 -0.039174 0.000000 0.327657 -0.000000 -0.571667 0.080891 -0.099887 -0.063479 -0.028690 0.000000 -0.000000 0.160971 -0.149161 0.149061 0.080222 0.040589 0.102395 -0.210799 -0.001111 -0.018860 0.109385 -0.352371 0.051627 -0.000000 0.097482 -0.000000 -0.267083 0.077055 0.054011 -0.017739 -0.314034 0.148766 0.116316 -0.018757 -0.123128 -0.000000 -0.000000 -0.143576 -0.052671 0.038268 -0.134603 -0.000000 -0.091566 -0.043053 -0.252412 -0.128345 0.299699 -0.000000 0.002531 0.087828 0.181938 0.000000 0.131024 -0.069592 -0.000000 0.162619 -0.088764 0.113700 0.048296 -0.114314 -0.000824 -0.141045 -0.033078 0.000000 -0.027078 -0.296222 0.000000 -0.000000 0.028337 0.126348 -0.085465 -0.091161 0.044053 -0.188226 -0.038747
  -0.081161 -0.053910 -0.217180 0.000000 -0.537185 -0.313831 0.006035 -0.120209 0.040379 -0.000000 -0.309773 0.000000 0.129911 -0.000000 0.000000 -0.250515 -0.000000 -0.091002 0.000000 -0.295846 -0.104368 -0.225143 0.135433 -0.271880 -0.191293 0.622979 -0.000000 -0.338337 -0.000000 -0.610084 -0.098119 -0.151886 -0.063377 0.110617 -0.000000 -0.000000 -0.206219 -0.114953 -0.381223 -0.129177 -0.018824 -0.394547 0.014091 -0.033817 -0.109645 -0.037053 -0.571095 -0.170080 -0.000000 -0.186432 -0.000000 -0.044430 -0.191230 0.149986 -0.141565 0.218495 0.323607 -0.329908 -0.259324 -0.267799 -0.000000 0.000000 0.070693 -0.192161 -0.039677 -0.343722 -0.000000 -0.435932 -0.455380 0.081789 -0.236194 0.029046 -0.000000 -0.215791 -0.120764 0.000000 -0.000000 -0.155697 -0.538122 -0.000000 -0.459604 -0.512299 -0.357170 -0.152532 0.213776 -0.067532 -0.095749 -0.126000 -0.000000 -0.081172 -0.137727 -0.000000 0.000000 -0.157544 -0.196778 -0.047160 -0.126288 -0.380946 -0.333866 -0.251859
  -0.134409 0.287313 0.135409 0.000000 0.171669 -0.290412 -0.061519 0.097463 0.012623 0.000000 -0.278567 0.000000 -0.086147 0.000000 0.000000 -0.077054 0.000000 -0.203825 -0.000000 0.052126 -0.053438 -0.281762 0.108853 0.143970 -0.059177 0.163890 -0.000000 0.061825 -0.000000 -0.027185 -0.012939 -0.309591 -0.099987 -0.121007 -0.000000 -0.000000 0.101739 0.306189 -0.132185 -0.094382 -0.045280 -0.042156 0.132203 0.078136 -0.219353 -0.011599 0.107131 -0.171723 -0.000000 -0.164336 0.000000 0.167950 0.008085 0.478564 0.034248 0.182843 0.062353 -0.012154 -0.101838 -0.034619 -0.000000 0.000000 0.251172 0.050891 -0.044675 -0.106535 -0.000000 -0.272796 -0.197613 -0.025927 -0.250292 0.017333 -0.000000 -0.164826 0.035034 0.147636 -0.000000 0.083636 -0.062170 -0.000000 -0.059244 -0.513015 0.140089 -0.194642 -0.136218 0.001731 0.139300 -0.131394 -0.000000 -0.060904 0.133449 0.000000 0.000000 -0.250724 0.162329 -0.106910 -0.019821 -0.391739 -0.041120 -0.056924
  0.015488 0.085520 -0.164891 -0.000000 0.032179 -0.029457 0.061206 -0.140551 0.005355 -0.000000 -0.167952 -0.000000 0.185968 0.000000 -0.000000 -0.026266 -0.000000 -0.176608 -0.000000 -0.160305 -0.140953 -0.080417 0.117484 0.214544 -0.110482 0.204437 -0.000000 -0.172079 -0.000000 0.077075 -0.001870 -0.079569 -0.049929 0.124053 -0.000000 -0.000000 -0.119056 0.259133 -0.092662 -0.102924 0.067946 0.000788 -0.150198 -0.059248 0.069791 0.015733 0.054903 0.057998 -0.000000 -0.033283 -0.000000 0.178863 0.039937 0.235899 0.034167 0.018887 0.228401 -0.174161 0.098243 0.179304 -0.000000 -0.000000 0.187637 -0.055066 0.009767 0.012392 -0.000000 -0.158149 0.088745 0.187129 0.073199 -0.024047 -0.000000 -0.040940 -0.041606 0.038720 -0.000000 -0.131744 0.126747 0.000000 -0.188587 -0.480653 0.108356 0.113910 0.049146 0.048658 -0.400464 -0.068370 0.000000 -0.079872 0.034609 0.000000 0.000000 -0.005068 0.002574 -0.012349 -0.036143 -0.116247 -0.016242 0.013737
  0.074788 0.128303 -0.015619 -0.000000 -1.302166 -0.071685 0.106182 -0.140775 0.070128 0.000000 -0.094075 -0.000000 -0.149180 0.000000 0.000000 0.033677 0.000000 0.143584 -0.000000 -0.042242 0.115612 0.061714 0.076849 -0.097619 0.212479 -0.109112 0.000000 0.079359 0.000000 0.037951 0.009900 -0.124458 -0.006037 0.001994 0.000000 0.000000 0.065319 0.191970 -0.103905 -0.046843 -0.319333 0.070444 -0.028040 -0.035242 -0.466002 0.149124 -0.902594 0.027800 -0.000000 0.223599 0.000000 -0.362544 0.000606 0.145200 0.070843 -0.330833 -0.378655 0.144209 0.020601 -0.115758 0.000000 -0.000000 0.021833 -0.074434 -0.497836 0.165875 -0.000000 -0.096637 0.015468 0.157286 0.132690 0.088716 -0.000000 0.219224 0.123375 -0.982262 -0.000000 -0.003900 0.236389 0.000000 0.167088 0.016563 -0.767303 -0.576250 0.284579 0.163407 0.005208 -0.053543 0.000000 0.135938 -0.505514 -0.000000 -0.000000 -0.073917 0.022744 0.061759 0.157198 0.061453 0.060813 -0.035044
  0.076087 -0.020746 0.125159 -0.000000 -0.049133 0.236073 0.146396 0.034067 -0.022594 -0.000000 0.184290 -0.000000 -0.013276 -0.000000 -0.000000 0.123898 0.000000 0.164202 -0.000000 0.175902 0.201754 0.176143 -0.088691 -0.051560 0.212893 0.145465 -0.000000 0.066168 0.000000 0.003729 -0.095384 0.113773 0.123238 0.280737 -0.000000 0.000000 -0.080627 -0.028365 -0.008419 0.215261 0.033522 -0.060319 0.091497 -0.090114 0.194024 0.023743 -0.062387 0.212048 -0.000000 0.030916 -0.000000 0.255179 0.058044 0.168135 -0.073121 -0.191546 -0.004177 0.056736 0.127952 0.224276 -0.000000 0.000000 0.073801 0.227953 -0.161558 0.165298 -0.000000 0.376496 0.124623 0.197226 0.029386 0.111092 0.000000 -0.090161 -0.022384 0.133585 -0.000000 0.110985 0.117784 0.000000 -0.027879 -1.144270 0.238847 -0.043880 0.038608 0.037036 -0.618361 -0.034429 -0.000000 0.157244 0.026567 -0.000000 -0.000000 0.133589 -0.049788 0.217799 -0.017459 0.230895 -0.050857 0.309263
  -0.354707 0.033144 0.001183 0.000000 0.251929 -0.135550 -0.005512 -0.149936 0.296359 0.000000 -0.322728 -0.000000 -0.000000 0.000000 0.000000 -0.478242 -0.000000 0.017951 -0.000000 0.067385 -0.144512 -0.102029 -0.000850 0.080471 -0.173500 0.008737 0.000000 -0.023582 0.000000 -0.214079 -0.162830 -0.233418 -0.101091 -0.351965 -0.000000 -0.000000 -0.057770 0.347833 0.027475 -0.105397 0.650439 -0.260319 -0.191163 0.056786 0.111330 -0.237583 -0.000000 -0.431126 -0.000000 -0.040591 -0.000000 0.086908 -0.094494 -0.000000 0.017401 0.300880 -0.000000 -0.030441 -2.843540 0.253573 -0.000000 0.000000 0.230286 -1.430171 -1.178392 -0.278886 -0.000000 -0.439362 -0.061734 -0.788822 -0.242552 -0.153234 -0.000000 -0.003711 -0.116753 -0.323364 -0.000000 -0.150125 -0.455371 -0.000000 -0.268575 0.293418 0.434832 0.070633 0.026097 -0.141414 0.000000 -0.005763 -0.000000 -0.156984 -0.813897 0.000000 -0.000000 -0.172441 -0.203025 -0.270297 -0.213597 -0.232265 -0.456747 -1.381758
  -0.187061 -0.047211 0.103266 -0.000000 0.061627 0.064214 -0.263679 0.105563 0.020688 0.000000 -0.098366 0.000000 -0.011374 -0.000000 0.000000 0.051962 0.000000 -0.076569 0.000000 -0.194881 -0.137589 -0.034615 -0.020608 -0.025819 -0.024205 0.117220 0.000000 0.001271 -0.000000 0.019189 0.065361 0.082667 -0.080356 -0.093067 0.000000 -0.000000 -0.005515 -0.324746 0.135036 -0.170445 0.281355 0.229783 -0.123280 -0.275415 -0.038602 -0.007905 0.331726 -0.015448 -0.000000 0.007132 0.000000 -0.232503 -0.029245 0.235318 -0.029484 -0.083409 -0.071544 -0.033772 0.107868 0.164659 0.000000 0.000000 -0.084839 -0.018829 0.149155 0.047020 -0.000000 0.056878 0.027499 0.119243 -0.043835 0.003793 -0.000000 -0.083023 -0.092140 -0.083635 0.000000 0.014257 -0.087946 0.000000 0.048092 0.048433 0.347357 0.265696 -0.120966 -0.065277 0.042222 -0.123066 -0.000000 0.048192 0.028106 -0.000000 0.000000 -0.050922 0.036053 -0.145114 -0.176386 0.092981 -0.146362 0.148246
  0.042723 -0.105614 0.080656 -0.000000 0.178720 0.020348 0.263606 0.114029 -0.195252 0.000000 0.277189 0.000000 -0.333426 -0.000000 -0.000000 0.358277 -0.000000 0.063528 0.000000 0.102408 0.260797 -0.020085 0.113087 0.134851 0.029991 -0.214083 -0.000000 0.063138 0.000000 0.304975 0.094063 0.091928 0.242967 0.232460 -0.000000 -0.000000 0.269780 0.068129 -0.308370 0.202227 -0.298749 0.000794 0.245158 0.099353 0.114188 0.166792 -1.107168 0.238518 -0.000000 0.200427 -0.000000 0.075874 0.136663 -1.265162 0.141828 0.082311 -0.579686 0.182439 0.066271 0.061789 0.000000 -0.000000 -0.125698 0.392525 -1.260243 0.114683 -0.000000 0.240466 0.250890 0.242545 0.158226 0.081562 0.000000 0.171761 0.064227 0.033053 -0.000000 0.094639 0.126946 -0.000000 0.173955 -1.973718 -0.073094 0.042361 0.136410 0.043845 -0.462243 0.131259 0.000000 0.166100 0.006625 0.000000 -0.000000 0.192780 -0.082337 0.270466 0.042071 0.097289 0.271356 0.369623
  -0.056685 0.050472 0.042405 -0.000000 -0.065784 -0.312625 0.144659 -0.165767 -0.099864 -0.000000 -0.366319 0.000000 -0.310191 0.000000 -0.000000 -0.074193 -0.000000 0.014053 0.000000 0.134469 0.133560 -0.141415 0.192539 0.182126 0.108259 -0.143063 -0.000000 0.069462 0.000000 -0.056026 -0.113563 -0.096839 0.078883 -0.363938 -0.000000 -0.000000 -0.040135 0.405000 -0.023496 -0.356055 0.193252 -0.068325 -0.140452 0.053903 -0.054569 -0.002625 -0.474528 -0.418462 -0.000000 -0.132709 -0.000000 0.220322 -0.055700 -0.519252 0.072943 -0.501482 -0.174988 0.103596 -0.177613 0.190107 0.000000 0.000000 -0.012299 0.040201 0.288733 -0.574637 -0.000000 -0.286325 0.288724 -0.124063 -0.001326 -0.042930 -0.000000 -0.101723 0.066415 -0.405749 0.000000 -0.017974 0.018781 -0.000000 -0.206312 0.192046 0.059450 -0.167551 0.084092 0.070426 0.245448 -0.073375 0.000000 -0.132980 0.053379 -0.000000 0.000000 -0.073232 -0.247242 -0.024660 0.134374 -0.444426 0.020245 -0.040767
  0.076849 0.089302 0.092159 -0.000000 -1.409012 -0.100279 0.032505 -0.024328 0.143995 0.000000 0.157066 0.000000 0.064762 0.000000 -0.000000 0.117326 -0.000000 0.055211 0.000000 0.063793 -0.008331 0.027901 -0.355739 -0.272832 0.243743 -0.151960 -0.000000 0.015085 -0.000000 0.254199 0.116618 -0.006972 -0.022605 -0.049408 0.000000 -0.000000 0.140924 0.112610 -0.144755 0.231401 -0.368805 -0.032372 0.106788 0.136346 -0.183118 0.189124 -0.947864 0.129897 -0.000000 0.056491 -0.000000 -0.528277 0.254387 0.140584 0.157651 -0.447341 -0.414718 0.214254 0.028222 -0.599117 0.000000 -0.000000 -0.095003 0.083737 -0.633981 0.216860 -0.000000 -0.099061 0.060934 0.149917 0.149059 0.052566 -0.000000 0.040060 0.059937 -0.583784 0.000000 -0.011670 0.141635 0.000000 0.018582 0.031000 -1.204769 -1.008913 0.325178 0.185159 0.094585 0.052056 0.000000 0.032917 -0.511452 0.000000 0.000000 0.125624 -0.030509 0.143108 0.186190 0.025966 0.073911 -0.005689
  -0.089091 0.146164 -0.027322 0.000000 0.089972 -0.438712 0.132281 -0.366132 0.078117 -0.000000 -0.274179 -0.000000 -0.047520 0.000000 -0.000000 0.038050 -0.000000 0.163410 -0.000000 -0.156480 0.053505 0.203858 -0.042157 0.163797 -0.075754 -0.301788 0.000000 0.218347 -0.000000 0.047013 -0.032159 -0.144825 0.118982 -0.550684 0.000000 -0.000000 -0.009698 0.313185 0.053775 -0.450605 0.351706 -0.080207 -0.073158 0.175362 -0.312736 -0.014671 -0.107662 -0.577449 -0.000000 -0.319954 -0.000000 0.273572 -0.011915 -0.663102 0.107601 -0.143495 -0.205361 0.132735 -0.136599 0.363948 -0.000000 0.000000 0.094722 -0.064473 0.392135 -0.693756 -0.000000 -0.500578 0.203317 -0.051981 -0.136984 -0.156514 -0.000000 0.048379 -0.096209 -0.617784 -0.000000 -0.057899 0.108244 -0.000000 0.096429 0.069273 -0.086638 -0.014826 0.037431 0.149469 0.040620 -0.046047 -0.000000 0.017296 0.024536 -0.000000 -0.000000 -0.215373 0.012821 -0.152840 -0.022852 -0.528838 -0.025811 -0.062805
  0.111012 -0.039796 0.076873 0.000000 -0.002475 0.007103 -0.129544 -0.039795 0.023526 0.000000 -0.060808 0.000000 0.093280 0.000000 -0.000000 0.008336 0.000000 0.013760 -0.000000 -0.031685 -0.104228 -0.003765 -0.006572 0.069640 -0.116091 0.218181 -0.000000 -0.132736 -0.000000 -0.004563 -0.069535 -0.000126 -0.188133 -0.047355 0.000000 0.000000 -0.032986 -0.054729 0.083833 -0.196813 0.083208 0.185037 -0.172117 -0.198450 0.046284 -0.000932 0.059602 -0.027595 -0.000000 0.158045 0.000000 0.173683 -0.125902 0.124575 -0.058777 -0.092967 -0.064577 0.037511 0.086458 0.002501 0.000000 -0.000000 -0.069616 0.165545 0.144475 0.156178 -0.000000 0.099880 0.052537 -0.017202 -0.011746 0.055616 -0.000000 0.101039 -0.043321 0.094082 0.000000 -0.083478 0.098557 -0.000000 0.035157 0.063020 0.155955 -0.014636 -0.080816 -0.086853 0.132068 0.083641 -0.000000 0.114045 0.059278 0.000000 0.000000 0.089705 0.106892 -0.008366 -0.156301 0.148146 -0.024569 0.223120
  -0.449063 0.287209 0.039764 -0.000000 0.214772 -0.025592 0.008300 -0.134212 0.187370 0.000000 -0.322993 -0.000000 -0.000000 -0.000000 -0.000000 -0.482344 -0.000000 -0.207094 -0.000000 -0.146433 -0.217008 -0.017843 0.266620 0.123084 -0.123066 -0.101407 0.000000 -0.317421 0.000000 -0.075499 -0.086130 -0.253837 -0.142560 -0.702463 0.000000 0.000000 -0.181684 0.595316 0.019406 -0.073370 0.294980 -0.289799 -0.204667 0.006388 0.104389 -0.244378 -0.000000 -0.356113 -0.000000 -0.258035 -0.000000 0.102302 -0.266518 -0.000000 -0.060192 0.129218 0.000000 -0.169467 -3.066877 0.299409 0.000000 -0.000000 0.087060 -1.797468 -1.186056 -0.494682 -0.000000 -0.291669 -0.056313 -1.154876 -0.054890 -0.233326 -0.000000 -0.044878 -0.242256 -0.460805 -0.000000 -0.081816 -0.426293 -0.000000 -0.138831 -0.000001 0.556811 0.041387 0.141136 0.000233 -0.000000 -0.096818 0.000000 -0.032842 -1.074329 0.000000 0.000000 -0.189303 -0.197936 -0.272013 -0.130457 -0.256536 -0.458366 -1.866396
  0.063340 -0.039184 -0.022354 -0.000000 -1.065549 -0.092996 0.040244 0.008543 -0.000683 -0.000000 -0.068227 0.000000 0.148535 0.000000 -0.000000 0.152586 -0.000000 0.106842 -0.000000 0.140561 0.106390 0.037584 -0.071605 -0.102243 0.121220 -0.199425 0.000000 -0.069818 -0.000000 0.072352 0.092148 -0.124894 0.117244 0.166596 -0.000000 -0.000000 -0.004915 0.257023 -0.065510 0.097745 -0.242732 0.120020 0.163525 0.121136 -0.110121 -0.042867 -0.706930 -0.135263 -0.000000 0.049046 -0.000000 -0.460756 0.241034 0.108619 0.192758 -0.104465 -0.409533 0.175414 0.048129 -0.363974 -0.000000 0.000000 -0.030347 0.007559 -0.274391 -0.056271 -0.000000 0.056623 0.230609 0.199760 0.278639 -0.081474 0.000000 0.189998 0.096629 -1.021646 0.000000 0.222748 0.234543 -0.000000 -0.078643 0.031891 -0.641652 -0.718359 0.222987 -0.095478 0.065592 0.050527 0.000000 0.118524 -0.532749 0.000000 -0.000000 0.122327 0.010907 0.026213 0.060900 0.214242 0.132499 0.101054
  -0.052475 0.183817 -0.350967 0.000000 -1.735822 -0.190615 -0.024292 -0.184349 0.202016 -0.000000 -0.353541 0.000000 0.507161 -0.000000 -0.000000 -0.275954 0.000000 -0.187532 0.000000 -0.359787 -0.299160 -0.198016 -0.028765 0.011663 -0.336907 -1.458581 -0.000000 -0.454261 0.000000 -0.903766 -0.089726 -0.183299 -0.413547 -0.247860 -0.000000 -0.000000 -0.056839 -0.394704 -0.171922 -0.328318 0.435079 0.084521 -0.355984 -0.233124 -0.381139 -0.146743 -0.000000 -0.065378 -0.000000 -0.212324 0.000000 0.022110 -0.285692 -0.121000 -0.361714 0.354271 0.761977 -0.317995 -0.357563 0.116561 -0.000000 -0.000000 0.326948 -0.243578 0.410918 -0.093859 -0.000000 -0.163680 -0.269715 -0.116131 -0.140936 -0.033954 0.000000 -0.239573 -0.093139 0.000000 0.000000 -0.370091 0.117520 -0.000000 -0.073116 -0.036755 -0.000000 0.000000 -0.175676 -0.039946 -0.419697 -0.108258 -0.000000 -0.063509 -0.000000 -0.000000 0.000000 -0.247689 -0.040203 -0.345576 -0.301160 -0.274950 0.220757 -0.330446
  -0.058046 0.000171 0.147364 -0.000000 0.205363 0.055476 0.124602 0.007592 0.089127 0.000000 -0.024040 0.000000 -0.005647 0.000000 0.000000 -0.045456 -0.000000 -0.066747 -0.000000 -0.031291 -0.085863 0.127785 -0.323942 -0.536354 0.000655 0.216693 -0.000000 0.107125 -0.000000 0.143133 0.183123 -0.049567 0.090857 0.072450 0.000000 0.000000 0.152314 -0.263479 0.021484 0.145230 0.089005 0.150668 0.159649 0.158200 -0.291364 0.171637 0.195174 0.192107 -0.000000 0.072129 -0.000000 -0.092372 -0.034206 0.117865 0.196132 -0.176191 0.028991 -0.011089 0.119467 -0.396231 0.000000 0.000000 0.048777 -0.034370 0.153383 0.142067 -0.000000 -0.056459 -0.124424 0.126166 0.186168 0.219724 -0.000000 0.198121 -0.051589 0.171210 0.000000 -0.004834 0.093803 -0.000000 0.198345 0.106066 0.126259 0.049538 -0.135811 0.150543 0.012525 0.111407 0.000000 0.041288 -0.172299 0.000000 0.000000 0.171498 0.125363 0.233897 -0.025571 0.195480 0.133704 -0.052519
  -0.143078 -0.070658 -0.147925 0.000000 0.178071 -0.196448 -0.127751 -0.412305 0.141247 -0.000000 -0.245906 0.000000 0.070564 -0.000000 -0.000000 -0.013369 -0.000000 -0.020160 0.000000 -0.135784 0.086340 -0.172235 0.068091 0.192804 0.015367 -0.136938 0.000000 -0.821405 -0.000000 0.117114 -0.009921 0.007047 0.009229 -0.214963 0.000000 0.000000 -0.030515 0.147418 -0.029483 -0.162126 -0.010710 -0.190132 -0.271956 -0.208610 0.159990 -0.192425 -0.042300 -0.185537 -0.000000 -0.083799 -0.000000 0.109977 -0.114274 -0.025150 -0.191193 0.250247 -0.086986 -0.289083 0.049043 0.210077 -0.000000 -0.000000 -0.074819 -0.124557 -0.039474 -0.243250 -0.000000 -0.226676 0.139400 -0.080288 -0.002348 -0.169734 0.000000 0.141323 -0.173112 -0.296320 0.000000 -0.078757 -0.168726 -0.000000 -0.182445 0.203691 -0.029137 0.007677 0.146390 -0.063742 0.134034 0.128969 0.000000 -0.135442 -0.000461 0.000000 -0.000000 -0.062248 -0.174544 -0.008639 -0.057814 -0.198908 0.033063 -0.121047
  -0.014262 0.087919 -0.126648 -0.000000 -0.015567 -0.200166 0.034046 -0.183659 -0.098324 -0.000000 -0.246505 0.000000 -0.000740 -0.000000 -0.000000 -0.130890 -0.000000 0.095763 -0.000000 0.086801 -0.034418 -0.186099 -0.277096 0.024188 -0.065035 0.060901 0.000000 0.124462 0.000000 0.250078 -0.235060 -0.232041 -0.003374 -0.253556 -0.000000 0.000000 -0.042048 0.159152 0.144436 -0.564243 0.159318 -0.161339 -0.219859 0.130606 0.095550 -0.150692 -0.136787 -0.510501 -0.000000 -0.215872 -0.000000 -0.111739 0.084170 -0.172034 -0.014102 -0.060272 0.026891 0.075972 -0.158426 0.211225 -0.000000 0.000000 -0.082481 0.104322 0.266006 -0.238574 -0.000000 -0.396938 0.259969 0.066326 0.005126 -0.218520 0.000000 -0.046780 -0.183586 -0.073448 -0.000000 -0.079441 0.003994 0.000000 -0.048416 0.074520 0.084607 -0.073080 0.117635 -0.081573 0.080094 0.154960 0.000000 0.030516 0.088484 0.000000 -0.000000 -0.101314 -0.261981 -0.059700 0.048936 -0.325183 0.042972 -0.034581
  0.072148 0.065112 0.163293 0.000000 -0.690856 0.147076 -0.133551 -0.275457 0.019697 -0.000000 0.069342 0.000000 0.862067 -0.000000 -0.000000 0.175003 -0.000000 -0.128425 0.000000 -0.192056 -0.250991 0.075523 -0.062076 0.127680 -0.148868 -0.155597 0.000000 -0.321606 0.000000 -0.141746 0.068402 -0.055006 -0.028945 -0.039799 0.000000 -0.000000 0.122376 0.059625 -0.043827 0.062384 -0.280159 0.001566 -0.025677 -0.240827 -0.322500 0.118381 0.334944 0.077401 -0.000000 0.249849 -0.000000 0.067212 -0.018010 -0.075756 0.103584 0.217189 0.317123 -0.100442 0.025933 0.156187 -0.000000 -0.000000 -0.147495 0.073232 -0.173639 -0.021398 -0.000000 0.061211 -0.238456 -0.013153 0.089804 0.079082 -0.000000 -0.034715 -0.011997 -0.499830 -0.000000 0.009009 0.053803 -0.000000 0.100247 -0.056668 0.214398 0.107536 -0.115246 -0.181915 -0.194863 -0.206474 0.000000 -0.072768 0.081368 0.000000 -0.000000 -0.076299 0.005788 0.068700 -0.146500 0.242117 -0.022643 0.167844
  0.049684 0.101121 -0.012360 0.000000 -0.160129 -0.051398 -0.045386 -0.007239 -0.053173 0.000000 0.201879 -0.000000 0.004376 0.000000 -0.000000 0.048338 0.000000 0.119250 -0.000000 0.012668 -0.095816 0.014959 -0.031023 0.269546 0.060873 0.242557 -0.000000 0.068435 -0.000000 -0.139208 0.008773 0.115795 0.016523 -0.107032 -0.000000 -0.000000 0.068410 -0.436832 0.204247 0.013589 -0.025774 0.073619 -0.136480 0.018582 0.013310 -0.013371 0.183267 0.105358 -0.000000 0.237230 0.000000 0.006037 -0.173948 -0.072545 -0.083581 -0.103532 -0.137809 -0.046298 0.013770 0.193851 -0.000000 -0.000000 -0.123911 0.044442 0.001053 -0.000982 -0.000000 0.259215 -0.164895 -0.053975 -0.133882 0.179985 -0.000000 0.082162 0.024562 0.020745 0.000000 -0.081194 -0.066898 -0.000000 0.172251 0.020891 -0.140546 -0.060360 -0.169017 0.085208 0.159676 -0.068980 -0.000000 -0.036560 0.102378 0.000000 0.000000 0.140217 0.164975 -0.101117 -0.084385 0.207822 -0.077997 -0.029842
  0.074875 0.044490 0.184797 0.000000 -0.088433 0.246694 -0.040446 -0.097095 0.002492 -0.000000 0.025860 -0.000000 -0.087349 -0.000000 0.000000 0.113809 0.000000 -0.004986 -0.000000 -0.043341 0.115734 0.213014 -0.755180 -0.594557 -0.031877 0.304545 -0.000000 0.172074 0.000000 0.080761 0.081816 0.131143 0.070975 0.021580 -0.000000 0.000000 0.102597 0.138403 0.012984 0.261852 0.115393 -0.066849 0.064950 0.057059 0.069664 0.086127 0.024011 0.192853 -0.000000 -0.083843 -0.000000 -0.043388 0.032031 -0.174503 0.030760 -0.077807 0.060520 0.041807 0.135336 -0.313320 -0.000000 0.000000 -0.204272 0.172380 0.061488 0.062464 -0.000000 -0.059753 -0.097445 0.084910 -0.000062 0.152911 -0.000000 0.026602 0.082822 0.433688 -0.000000 0.013603 0.135833 -0.000000 0.124397 0.083970 0.084068 0.034497 0.036340 0.043752 0.130760 0.003429 0.000000 0.059013 -0.126732 -0.000000 0.000000 -0.079106 0.164104 0.163767 0.004085 -0.061375 0.088411 0.007338
  0.108296 0.064219 0.043343 0.000000 0.017654 0.036207 -0.150535 0.033745 0.053580 0.000000 -0.020481 -0.000000 0.047254 -0.000000 -0.000000 0.093910 0.000000 -0.085728 0.000000 -0.166412 0.057841 0.014172 0.132693 0.114798 -0.138055 0.168416 0.000000 0.135779 -0.000000 -0.213318 -0.100004 0.113315 -0.062648 0.022005 -0.000000 0.000000 0.000094 -0.883119 0.231801 -0.111717 0.163986 0.153922 0.019405 -0.024858 -0.104436 -0.040619 0.270159 0.261893 -0.000000 0.195271 -0.000000 -0.081103 -0.192578 0.067489 0.131384 0.170132 -0.053110 -0.137635 0.057764 0.168920 -0.000000 -0.000000 -0.021191 0.025338 0.156679 0.032008 -0.000000 0.033235 -0.044640 0.111086 0.033347 0.100099 0.000000 0.087361 -0.054295 -0.129701 0.000000 0.095089 0.120595 0.000000 0.166912 0.052039 0.031054 0.188692 -0.033854 -0.030320 0.098678 -0.071450 -0.000000 0.084440 -0.051561 -0.000000 0.000000 0.044117 0.246533 -0.088912 -0.013854 0.067006 -0.036441 0.149578
  0.300226 0.023586 -0.063768 0.000000 -0.349111 0.027123 0.031248 0.021653 0.039615 0.000000 -0.173381 -0.000000 0.239300 -0.000000 -0.000000 0.111641 0.000000 0.179448 0.000000 0.044949 0.204473 -1.841447 -0.142177 -0.008204 0.031814 -0.122169 0.000000 0.178710 -0.000000 0.080104 0.159053 0.087309 0.171602 0.012477 0.000000 0.000000 0.025263 -0.040057 -1.012832 0.021962 -0.645625 -0.132263 0.113066 -0.032000 0.211170 -0.036299 -0.577212 0.010227 -0.000000 0.192262 0.000000 0.318553 0.054464 0.383819 0.138168 -0.042550 -0.091806 0.084080 -0.071317 -0.081375 -0.000000 0.000000 0.202029 0.080592 -0.986663 -0.069854 -0.000000 -0.147103 0.210910 0.254482 0.073105 -0.050133 0.000000 0.149796 0.072450 0.228663 0.000000 -0.033272 0.212516 -0.000000 -0.022046 -0.978266 -0.101934 -0.244669 0.103935 0.113316 0.411097 0.079753 -0.000000 0.089370 0.148103 -0.000000 -0.000000 -0.076892 0.061251 -0.086185 0.029377 -0.188711 0.081217 0.173712
  -0.094351 -0.023319 0.004801 -0.000000 -0.319279 0.096951 0.068824 0.158423 0.092532 0.000000 -0.256601 0.000000 0.275485 0.000000 0.000000 -0.101170 -0.000000 0.041586 0.000000 -0.081906 -0.104099 0.531387 0.044516 -0.107754 -0.079408 0.274654 -0.000000 0.015114 -0.000000 0.106700 -0.023500 0.088960 0.114177 -0.330479 -0.000000 -0.000000 0.055861 0.279595 -0.376161 0.022674 -0.278359 0.018817 0.143356 -0.047920 -0.334629 -0.144370 0.609239 -0.241398 -0.000000 0.128216 -0.000000 0.119974 0.027688 0.056015 0.096016 -0.038362 0.314169 -0.148432 0.099530 0.201074 -0.000000 -0.000000 -0.280051 -0.043975 -1.071324 -0.160457 -0.000000 -0.127175 -0.031950 -0.027321 0.085436 -0.194535 -0.000000 0.173376 -0.116396 0.067919 0.000000 -0.110544 -0.103067 0.000000 0.038074 -1.191930 0.007121 -0.057503 0.165700 -0.011446 -0.203436 -0.128700 -0.000000 0.080104 0.071229 -0.000000 -0.000000 0.078433 0.070560 -0.038161 -0.093061 -0.071858 0.102479 -0.074594
  -0.084826 0.132658 -0.119338 0.000000 0.029722 -0.493242 -0.115507 -0.235093 0.118660 -0.000000 -0.278419 0.000000 -0.098631 -0.000000 -0.000000 0.047660 -0.000000 -0.027912 -0.000000 0.017012 -0.041135 0.228365 -0.000000 0.032593 0.020991 -0.320696 0.000000 0.042985 0.000000 0.072635 -0.123530 -0.287089 0.013376 -0.473358 0.000000 -0.000000 0.033876 0.335852 0.165592 -0.419552 0.318403 0.019686 -0.092395 0.118966 -0.227244 -0.066136 0.092954 -0.612681 -0.000000 -0.335653 -0.000000 0.263365 -0.213034 -0.590583 -0.126525 -0.010300 -0.114589 -0.097383 -0.116445 0.161634 0.000000 -0.000000 0.067928 0.055737 0.356138 -0.595857 -0.000000 -0.451654 -0.087955 -0.152540 -0.155299 0.062834 -0.000000 -0.234596 -0.201560 -0.178232 0.000000 -0.104870 -0.047707 -0.000000 -0.001362 -0.025522 0.132998 -0.031726 0.067747 -0.122896 -0.221508 0.001271 -0.000000 -0.179744 0.029664 -0.000000 0.000000 -0.035930 -0.073859 -0.031658 -0.003359 -0.626033 0.047657 -0.076131
  -0.031509 0.070536 -0.008532 -0.000000 0.225266 0.143307 0.090280 -0.114623 0.083464 0.000000 -0.145716 -0.000000 -0.021946 0.000000 0.000000 -0.077528 -0.000000 -0.033390 -0.000000 -0.063873 0.104917 -0.003971 -0.581117 -0.116395 0.022593 -0.117820 -0.000000 -0.434217 0.000000 0.027306 -0.000773 -0.117708 0.121754 -0.099867 -0.000000 0.000000 0.143549 -0.055330 -0.047727 0.169544 -0.138225 -0.097010 0.037449 0.072224 -0.685670 0.161753 0.049380 -0.176326 -0.000000 -0.082913 -0.000000 -0.033977 -0.080321 -0.245405 -0.133650 0.285243 -0.004668 -0.071927 0.076443 -0.330070 -0.000000 -0.000000 -0.016379 -0.086532 0.045162 0.090609 -0.000000 -0.125337 -0.098494 -0.091459 -0.059024 0.136773 0.000000 -0.055748 -0.021513 -1.169329 0.000000 -0.013341 0.069182 -0.000000 -0.017975 0.031515 0.097283 0.234441 0.152877 0.093940 0.091831 0.035298 0.000000 0.025322 -0.199069 -0.000000 -0.000000 -0.068454 0.016461 -0.021961 0.137334 -0.125356 -0.163121 -0.039149
  -0.434863 -0.194535 -0.152155 -0.000000 -0.285477 -0.162238 0.163207 -0.076571 -0.183027 -0.000000 -0.183204 -0.000000 -0.184399 0.000000 -0.000000 -0.641516 -0.000000 0.149303 0.000000 0.030782 0.073056 0.027444 0.271448 0.109826 -0.503302 -0.611395 -0.000000 -0.239380 0.000000 -0.221623 -0.040919 -0.232453 -0.049760 -0.182484 0.000000 -0.000000 -0.548085 0.083340 -0.001725 -0.065386 0.071761 -0.230130 -0.218360 -0.039736 0.256465 -0.347897 -0.280940 0.157390 -0.000000 -0.382704 -0.000000 0.131189 -0.415520 0.147820 -0.860272 -0.103626 -0.030946 -0.510363 -0.615931 0.010580 -0.000000 0.000000 0.017381 -0.248712 -0.089626 -0.311619 -0.000000 -0.303498 -0.730219 0.241579 -0.831237 -0.089159 0.000000 -0.981014 0.000724 -0.261566 -0.000000 -0.422689 -0.174425 -0.000000 0.003907 -0.211445 -0.337462 -0.011315 0.114362 0.108161 -0.611152 -0.249606 -0.000000 -0.135772 0.026743 0.000000 0.000000 -0.571508 -0.178140 -0.504892 -0.823242 -0.594873 -0.055530 -0.053681
  -0.482893 0.108118 -0.064450 0.000000 0.296693 -0.157941 -0.086149 0.092315 0.337132 -0.000000 -0.354406 0.000000 -0.145790 -0.000000 -0.000000 -0.549112 -0.000000 0.074821 0.000000 -0.022028 0.112628 -0.416201 0.017939 0.046824 0.013048 -0.482734 -0.000000 0.122443 0.000000 0.060573 0.035407 -0.157537 -0.064046 -0.588793 0.000000 -0.000000 0.038090 0.359264 -0.212679 -0.088911 0.062146 0.059087 0.065114 -0.141218 0.046078 0.050800 0.023307 -0.432144 -0.000000 -0.411616 0.000000 0.191255 -0.082857 -0.075965 0.111937 0.143524 -0.082350 0.005439 -1.506432 0.133545 0.000000 -0.000000 0.277577 -0.447443 -0.441801 -0.509622 -0.000000 -0.472954 -0.041445 -0.645662 -0.091757 0.009259 -0.000000 -0.037016 0.072105 -0.165093 0.000000 0.072752 -0.358165 -0.000000 -0.199990 -0.129804 0.064991 0.224792 0.284481 -0.085971 -0.012614 -0.041314 -0.000000 -0.086881 -0.951632 -0.000000 -0.000000 -0.158621 0.183480 -0.046611 0.030963 -0.298904 -0.490348 -0.409697
  -0.150889 0.007559 0.124838 0.000000 -0.073043 -0.126867 0.003230 -0.161247 0.122721 -0.000000 -0.056316 0.000000 -0.062194 -0.000000 -0.000000 -0.006705 0.000000 -0.192996 -0.000000 0.073885 -0.060300 -0.699258 -0.066637 -0.017761 -0.176863 -0.170217 -0.000000 0.112065 -0.000000 -0.229328 0.088892 -0.161634 -0.042274 0.071246 -0.000000 0.000000 -0.082849 0.167017 -0.034053 -0.023008 0.054432 -0.025465 0.050708 -0.077511 0.240364 -0.054165 0.028393 -0.059551 -0.000000 -0.201375 0.000000 0.145443 0.157957 0.095185 -0.067052 -0.065089 0.137893 -0.080455 0.043119 0.147934 0.000000 -0.000000 0.203056 0.172193 -0.063350 0.153841 -0.000000 -0.033471 -0.203908 0.051298 -0.274060 -0.045442 0.000000 -0.409380 0.006091 0.071259 0.000000 0.019419 0.114901 0.000000 -0.034026 -0.620584 -0.031097 -0.169774 0.000174 -0.121604 -0.176409 -0.000763 -0.000000 -0.066880 0.101075 0.000000 0.000000 -0.231384 -0.078987 -0.191673 0.085048 -0.220095 0.083333 0.197706
  -0.194423 -0.152710 0.174930 0.000000 0.129935 -0.096128 -0.132225 -0.050567 0.074671 -0.000000 0.101036 0.000000 0.001227 -0.000000 -0.000000 0.135652 -0.000000 -0.103795 0.000000 0.019985 0.155580 0.099561 -0.843026 0.155310 0.030475 0.088310 -0.000000 0.003205 -0.000000 0.112548 -0.052656 -0.068556 0.065037 -0.049890 -0.000000 0.000000 0.121989 0.167978 -0.051614 -0.040777 0.034917 -0.042779 0.075197 -0.100032 0.053293 0.099517 0.093046 -0.098907 -0.000000 0.029240 0.000000 -0.115761 0.110132 -0.016282 -0.068838 0.363770 0.051383 -0.075048 0.147620 -0.099582 0.000000 -0.000000 0.128284 0.015476 -0.071538 -0.122371 -0.000000 -0.064309 -0.230900 -0.060023 0.098444 0.142247 -0.000000 0.136466 -0.102784 -0.414498 0.000000 0.084400 -0.094563 -0.000000 -0.028031 0.051595 0.072743 0.191825 0.047676 0.129818 0.063159 -0.069889 -0.000000 0.028349 -0.088609 -0.000000 -0.000000 -0.167495 0.137202 0.061816 -0.127624 0.034186 0.105358 0.079441
  -0.189172 0.055674 -0.023609 -0.000000 0.314057 0.106427 -0.057509 -0.094535 -0.077434 0.000000 0.132952 -0.000000 -0.175569 -0.000000 -0.000000 -0.032144 0.000000 0.117129 0.000000 0.087627 0.241629 0.005278 -0.022625 0.029515 0.213680 0.214078 0.000000 -0.219470 0.000000 0.114917 -0.137401 0.130509 -0.040354 -0.056088 -0.000000 -0.000000 -0.008029 -0.140230 0.282207 0.055428 0.361826 0.127394 -0.152363 -0.048154 -0.024574 -0.114409 0.461024 0.112550 -0.000000 0.292469 0.000000 0.238283 -0.045142 0.190257 -0.108025 0.017898 -0.042900 -0.149346 -0.282610 -0.042189 -0.000000 -0.000000 0.037810 -0.282536 0.305004 -0.195351 -0.000000 0.105409 0.088697 -0.107117 0.050323 0.149301 0.000000 0.005685 -0.059457 0.200140 -0.000000 -0.156378 -0.082702 0.000000 -0.002117 0.124625 0.044728 0.010062 -0.090600 0.065558 0.064248 0.033860 0.000000 0.082580 -0.017821 -0.000000 -0.000000 0.122803 -0.127067 0.246413 -0.155810 0.141689 -0.166996 -0.080876
  -0.086664 -0.039600 -0.022518 0.000000 -0.457866 0.223605 -0.102920 -0.085729 0.100547 -0.000000 0.086526 -0.000000 0.041776 -0.000000 -0.000000 0.103025 -0.000000 -0.039577 -0.000000 0.032445 -0.120217 -0.019963 -0.782686 -0.381032 -0.139239 -0.246184 -0.000000 0.374718 -0.000000 -0.061422 -0.018589 0.123135 0.007278 0.060236 -0.000000 -0.000000 -0.043526 0.058110 0.062104 -0.034872 -0.072122 0.062657 0.057648 -0.162111 0.221480 0.019279 0.125914 0.025938 -0.000000 0.146785 -0.000000 -0.067736 -0.083629 0.098458 -0.092006 -1.375705 0.241904 -0.014691 0.117802 0.099980 0.000000 -0.000000 -0.131246 0.036260 0.023300 -0.107614 -0.000000 0.103164 -0.213759 0.044341 0.066259 0.191131 -0.000000 0.047166 -0.052794 0.206293 0.000000 -0.002365 -0.071415 -0.000000 0.069018 -0.096198 0.265405 0.170105 -0.017380 -0.196511 -0.357126 0.063173 -0.000000 0.073191 -0.190075 -0.000000 0.000000 -0.004672 -0.041421 -0.058534 -0.116605 0.177015 -0.075291 -0.120490
  -0.153694 0.308683 0.175452 -0.000000 -1.927781 -0.262170 0.034365 0.032648 0.153423 0.000000 -0.149751 -0.000000 -0.129749 0.000000 -0.000000 -0.068446 0.000000 -0.177648 -0.000000 0.177248 -0.273618 -0.121257 -0.179047 0.035598 -0.124609 -2.583974 -0.000000 -0.358420 0.000000 -0.191417 0.146407 -0.249023 -0.196577 0.008806 -0.000000 0.000000 0.145886 -0.509519 -0.195980 -0.154254 -0.126871 0.106127 -0.029086 -0.018902 0.057517 0.234415 0.319524 -0.206812 -0.000000 -0.179109 -0.000000 -0.418240 0.066899 -0.047905 0.211866 1.248633 -0.907974 -0.056669 -0.482440 -0.182171 -0.000000 -0.000000 0.663007 0.005921 0.129672 0.040541 -0.000000 -0.167134 0.026775 0.013416 -0.005225 0.132404 0.000000 -0.062522 0.115003 -0.001512 0.000000 -0.034934 0.259495 -0.000000 0.196530 -0.383982 0.050436 -0.000000 -0.190021 -0.029614 -0.672871 0.006698 0.000000 0.268391 0.037598 -0.000000 -0.000000 -0.288491 0.274627 -0.286362 0.013316 0.011498 0.071463 0.111570
  0.107275 0.059465 -0.049993 -0.000000 0.054153 0.112741 -0.084041 0.071681 -0.004354 0.000000 0.031310 0.000000 -0.318703 -0.000000 0.000000 0.195535 -0.000000 -0.137721 0.000000 -0.090878 -0.117673 -0.272833 0.006221 0.113665 -0.009766 0.012482 0.000000 0.218954 0.000000 -0.089048 -0.075166 -0.113493 -0.179440 0.007405 0.000000 0.000000 0.141162 -0.004627 -0.108931 0.047321 -0.007270 -0.034218 0.026614 0.104754 -0.615327 -0.016549 -0.099769 -0.142879 -0.000000 0.037151 0.000000 -0.038697 0.063004 0.111351 0.120250 -0.260618 -0.068132 -0.011501 0.150428 0.332207 0.000000 0.000000 -0.120973 0.031383 0.179953 0.140709 -0.000000 -0.090066 0.065250 -0.107675 0.040932 0.095576 -0.000000 0.188348 -0.028851 -0.101233 0.000000 0.065884 0.112451 0.000000 0.148040 -0.007791 -0.080272 -0.110364 -0.063709 0.027256 0.003345 0.067408 -0.000000 -0.054960 0.042959 0.000000 0.000000 0.119018 0.003512 0.205918 -0.084700 -0.076803 0.174476 -0.115815
  -0.620861 -0.157712 -0.005643 0.000000 -0.268658 -1.405074 -0.105851 0.208831 0.391207 -0.000000 -1.166874 -0.000000 -0.000000 -0.000000 -0.000000 -0.666313 -0.000000 -0.153987 0.000000 -0.104941 -0.044332 0.000000 0.107988 0.282866 -0.541577 0.074259 0.000000 0.153275 0.000000 -0.289469 -0.291364 -0.465186 -0.103850 -0.516239 0.000000 -0.000000 -0.096704 -0.169715 -0.240472 -1.488655 -0.189295 -0.229399 -0.057828 -0.210085 0.067084 -0.071142 -0.000000 0.133271 -0.000000 0.271929 -0.000000 0.032774 -0.059551 -0.448814 -0.220992 0.195720 0.027425 -0.494887 -0.492488 -0.226031 -0.000000 0.000000 0.331910 -0.368745 -0.150131 -0.674153 -0.000000 -0.509908 -0.653710 -0.096799 -0.635875 -0.009067 0.000000 -0.487724 0.040347 -1.300915 0.000000 -0.066029 -0.568906 -0.000000 -0.036509 -0.000000 -0.233446 -0.077015 0.018776 -0.173589 -0.678663 -0.890990 -0.000000 0.151689 -0.115640 0.000000 -0.000000 -1.362561 -0.408056 -0.572898 -0.383819 -1.428533 0.052441 -0.914981
  0.168358 0.087206 0.085916 -0.000000 -0.472325 -0.025512 -0.112581 0.257458 0.144982 0.000000 -0.181202 -0.000000 -0.013663 -0.000000 -0.000000 0.155933 0.000000 -0.003443 -0.000000 0.072390 -0.143420 0.003566 -0.891109 -0.389301 0.139863 -0.257428 -0.000000 0.129285 0.000000 0.128915 0.036056 -0.030120 -0.259931 0.110016 -0.000000 0.000000 0.169222 -0.142421 0.010258 -0.117133 -0.105430 -0.024157 0.083995 -0.194447 -0.118592 0.061776 0.203514 0.185703 -0.000000 0.097877 -0.000000 -0.101652 -0.115738 0.095295 -0.056285 -0.025393 0.128755 0.018582 0.099380 -0.202786 0.000000 -0.000000 -0.300155 0.004133 0.011420 -0.051954 -0.000000 0.108473 -0.185415 0.023621 0.043136 0.143263 -0.000000 -0.005377 -0.000829 0.060482 -0.000000 0.097617 0.073903 -0.000000 0.050333 -0.033805 0.355671 0.227923 0.209054 -0.178525 -0.251408 -0.002329 -0.000000 0.083547 -0.402122 -0.000000 -0.000000 -0.019812 0.117366 -0.044014 0.105456 0.025076 -0.127915 -0.107753
  0.035119 -0.060572 0.150516 -0.000000 -0.239919 -0.255245 0.081077 0.127216 0.190709 -0.000000 -0.052550 -0.000000 -0.296276 -0.000000 -0.000000 -0.058033 -0.000000 0.081359 0.000000 0.004927 -0.082861 -1.742866 -0.224508 0.077324 -0.129326 0.007119 0.000000 -0.000743 0.000000 -0.178720 -0.029646 -0.100854 -0.115197 0.184273 -0.000000 -0.000000 -0.015191 0.000854 -0.635250 0.031274 -0.159534 -0.063269 -0.110709 0.020619 0.291756 -0.018871 -0.385406 0.153330 -0.000000 -0.086814 -0.000000 0.130457 0.110898 -0.012457 -0.078680 0.071935 -0.391273 -0.020487 0.022485 -0.080386 -0.000000 -0.000000 0.063231 0.138175 -0.572121 0.260570 -0.000000 0.018009 -0.052942 0.041069 -0.038141 -0.201652 0.000000 -0.146398 0.022515 0.055350 0.000000 -0.033330 0.173426 -0.000000 -0.159111 -0.599672 0.066097 -0.054191 -0.083178 0.125713 -0.003802 -0.056319 -0.000000 0.005895 0.056788 -0.000000 0.000000 -0.064225 -0.081859 -0.094165 0.041711 0.005468 0.093574 0.203096
  0.070991 0.000574 -0.099199 0.000000 -0.204785 0.170550 -0.198173 0.167052 0.035585 -0.000000 0.189843 -0.000000 -0.042699 -0.000000 -0.000000 -0.110326 0.000000 -0.149175 -0.000000 -0.137036 0.014281 -0.007190 0.010035 -0.034155 0.103566 0.119786 0.000000 0.221823 0.000000 -0.158049 0.066637 0.082642 -0.010256 -0.036866 -0.000000 -0.000000 0.012656 -0.372916 0.186731 -0.078605 0.030229 0.099982 0.006360 -0.245922 -0.111779 -0.096013 0.207974 0.143319 -0.000000 0.043745 0.000000 -0.110169 -0.084213 -0.079674 0.031075 0.030104 -0.185072 -0.061511 0.093495 -0.013124 0.000000 -0.000000 -0.104905 0.058068 0.111717 -0.139585 -0.000000 0.000919 -0.067533 0.144471 0.123616 0.127720 -0.000000 0.096960 -0.051069 -0.108804 0.000000 0.012781 0.033129 0.000000 0.015699 0.032711 0.276865 0.103025 -0.043756 0.022339 0.195787 -0.081891 0.000000 0.076141 0.121025 -0.000000 -0.000000 -0.024342 -0.065801 -0.056687 -0.175253 0.119265 0.078810 -0.038782
  0.195499 0.098219 -0.022210 0.000000 0.132888 -0.018198 0.052926 0.255179 0.047712 -0.000000 0.073546 -0.000000 0.043562 -0.000000 0.000000 0.236228 -0.000000 0.062145 -0.000000 0.170448 0.027499 -0.005688 0.127993 -0.015383 0.058905 -0.138979 0.000000 0.164286 -0.000000 0.138261 0.050957 -0.010010 -0.055999 -0.065368 0.000000 -0.000000 0.028463 0.237295 0.032254 0.206904 0.193670 0.029156 -0.050455 0.046329 -0.915369 -0.012816 -0.018970 -0.102498 -0.000000 -0.041884 -0.000000 0.007177 0.184335 0.015994 0.192943 -0.188763 -0.029508 -0.092176 0.133376 0.075592 0.000000 -0.000000 0.111911 -0.006074 0.141245 -0.091425 -0.000000 -0.008240 -0.037285 0.157018 0.132967 0.081431 0.000000 0.234617 0.196105 -0.084034 0.000000 0.115545 0.086503 -0.000000 0.036683 0.022571 -0.071170 -0.021226 -0.003644 0.066742 0.008480 0.113819 -0.000000 0.203854 0.030242 -0.000000 0.000000 0.117392 0.109507 0.270205 -0.045281 -0.061470 0.123725 0.096827
  0.029430 0.291289 -0.132925 -0.000000 -0.207831 0.045695 -0.159425 -0.307672 0.207467 0.000000 -0.077020 -0.000000 0.131365 0.000000 -0.000000 -0.045293 -0.000000 -0.141540 -0.000000 -0.112022 -0.159901 0.031897 -0.093017 0.059594 -0.040847 -0.374201 -0.000000 -0.037981 0.000000 -0.157078 0.034583 -0.021570 0.091457 0.095813 0.000000 -0.000000 -0.176355 0.590115 -0.164069 -0.101062 -0.117163 0.011703 -0.169887 -0.150096 0.092762 -0.243716 -0.159045 0.047466 -0.000000 0.060918 -0.000000 0.135261 -0.232292 0.055589 -0.065060 -0.268443 0.021234 -0.125881 -0.748990 0.161500 0.000000 -0.000000 -0.044313 0.079185 -0.025469 0.079019 -0.000000 0.087258 -0.021541 -0.042459 0.167429 0.014719 -0.000000 0.107146 -0.084266 -0.014007 -0.000000 -0.071397 0.041110 -0.000000 -0.221320 -0.038268 -0.040333 -0.242744 0.114739 -0.178483 -0.002158 0.029439 -0.000000 -0.209052 -0.242208 -0.000000 -0.000000 -0.167159 -0.235542 0.035122 -0.097792 0.068999 0.038304 -0.076486
  -0.127954 0.058444 0.104552 -0.000000 0.027414 0.017665 -0.093332 -0.423247 -0.042352 -0.000000 -0.190037 0.000000 -0.592660 0.000000 -0.000000 -0.140710 -0.000000 -0.047673 -0.000000 0.103630 0.146946 -0.219131 -0.446776 0.050379 -0.122793 -0.136153 -0.000000 -0.105200 0.000000 0.057876 -0.166495 -0.109329 0.095648 -0.191373 -0.000000 -0.000000 -0.031165 0.188108 0.034895 -0.375062 0.154700 -0.049812 -0.210605 -0.028917 0.032135 -0.028020 -0.444995 0.041143 -0.000000 -0.060866 0.000000 0.072649 -0.073172 -0.246680 -0.013888 -0.242577 -0.185364 0.191634 -0.061923 0.090786 -0.000000 -0.000000 0.013259 -0.177167 0.250520 -0.160002 -0.000000 0.045293 0.142226 0.026184 -0.143879 -0.230424 -0.000000 -0.080853 -0.074644 -0.101248 0.000000 -0.047963 -0.106869 -0.000000 -0.129260 0.198553 0.082706 -0.101871 0.166928 0.113336 0.207714 -0.137344 -0.000000 -0.014622 -0.001547 0.000000 -0.000000 -0.034929 -0.058512 -0.028346 0.007198 -0.034151 -0.131634 0.056851
  0.146440 0.065257 0.115571 -0.000000 -1.142237 -0.081771 -0.041204 0.010942 0.025533 -0.000000 0.014949 -0.000000 -0.120597 0.000000 -0.000000 0.022250 -0.000000 0.108131 0.000000 0.108049 -0.087158 0.055556 -0.236846 -0.185088 -0.052080 -0.014379 -0.000000 0.111577 0.000000 0.125916 0.154362 0.002413 0.155924 0.067289 0.000000 -0.000000 0.224747 0.199155 -0.115751 0.181535 -0.110848 0.085973 -0.024576 0.026971 0.015537 0.142963 -0.608907 -0.130439 -0.000000 0.167032 0.000000 -0.585090 0.223994 0.073966 0.013085 -0.242037 -0.402412 0.125206 0.033946 -0.525187 0.000000 -0.000000 -0.066456 0.055887 -0.445113 0.150919 -0.000000 0.082330 0.173826 -0.049697 0.033763 0.027393 -0.000000 0.200146 0.085296 -0.878672 -0.000000 0.015748 0.135993 -0.000000 0.055242 0.011603 -0.722773 -0.597212 0.166474 0.035686 0.145135 0.015954 -0.000000 -0.030982 -0.545476 -0.000000 0.000000 0.045930 0.135569 0.094725 0.132228 0.094501 0.199402 0.171632
  -0.000000 0.000000 0.000000 0.000000 -0.000000 -0.000000 -0.000000 -0.000000 0.000000 -0.000000 -0.000000 0.000000 -0.000000 -0.000000 -0.000000 -0.000000 0.000000 0.000000 0.000000 -0.000000 0.000000 -0.000000 -0.000000 -0.000000 -0.000000 -0.000000 -0.000000 0.000000 -0.000000 -0.000000 -0.000000 0.000000 -0.000000 0.000000 0.000000 -0.000000 -0.000000 -0.000000 0.000000 -0.000000 -0.000000 -0.000000 0.000000 -0.000000 -0.000000 0.000000 0.000000 0.000000 -0.000000 0.000000 0.000000 -0.000000 0.000000 -0.000000 0.000000 -0.000000 0.000000 -0.000000 0.000000 -0.000000 0.000000 0.000000 -0.000000 0.000000 0.000000 -0.000000 -0.000000 0.000000 -0.000000 -0.000000 -0.000000 -0.000000 -0.000000 -0.000000 0.000000 0.000000 -0.000000 0.000000 0.000000 0.000000 -0.000000 -0.000000 0.000000 0.000000 0.000000 0.000000 -0.000000 0.000000 -0.000000 -0.000000 0.000000 -0.000000 -0.000000 0.000000 -0.000000 0.000000 0.000000 0.000000 -0.000000 -0.000000
  0.141933 -0.020809 -0.104441 0.000000 -1.007874 0.238492 -0.096325 -0.152661 0.232288 -0.000000 -0.018843 0.000000 0.159764 0.000000 -0.000000 0.059620 0.000000 0.139080 -0.000000 0.073960 0.127791 0.001758 -0.099766 -0.038026 0.168058 -1.587822 -0.000000 -0.177325 0.000000 0.084736 0.157373 0.018618 0.059201 0.230062 0.000000 -0.000000 -0.101235 0.053177 -0.148167 0.149280 0.048202 0.078629 0.001092 0.010888 -0.226717 -0.020427 0.209639 0.150085 -0.000000 0.107954 0.000000 0.071070 0.040674 -0.213457 -0.031695 -0.014298 -0.436741 0.031257 -0.952777 0.231157 -0.000000 0.000000 0.069763 0.205385 0.106236 0.182909 -0.000000 0.327772 0.121194 0.074889 0.154898 -0.102999 -0.000000 0.147501 0.046052 -0.925355 0.000000 -0.110221 0.144706 -0.000000 -0.097336 -0.007022 0.132912 0.000000 0.220303 0.022683 0.101080 0.062535 -0.000000 0.005528 -0.161972 -0.000000 -0.000000 0.224331 0.001805 0.243287 -0.004187 0.198114 0.147592 0.118809
  0.097925 0.153669 0.163459 -0.000000 0.150687 0.057367 0.020619 0.057291 0.103893 0.000000 0.031346 0.000000 0.133617 -0.000000 -0.000000 0.249701 -0.000000 -0.106334 -0.000000 -0.060210 0.150522 -0.089394 -0.005239 0.019829 -0.068916 -0.025755 -0.000000 0.075208 -0.000000 0.062239 0.104384 -0.084338 -0.148338 0.066253 -0.000000 0.000000 0.142247 -0.020835 0.058150 0.104067 0.171450 0.050234 -0.035462 -0.089113 -0.328775 0.043384 0.013451 -0.018359 -0.000000 0.007010 -0.000000 0.004294 -0.058350 -0.042268 0.019661 -0.042683 0.021717 -0.115135 0.134867 0.181863 -0.000000 -0.000000 -0.123364 0.099690 -0.049788 0.162339 -0.000000 0.069536 -0.147831 0.207058 0.283155 -0.061867 -0.000000 0.069968 -0.082021 0.037870 -0.000000 0.107718 0.114340 -0.000000 -0.072032 0.101691 -0.030983 0.080274 -0.086359 0.040602 -0.070089 -0.090101 -0.000000 -0.016705 0.021633 0.000000 -0.000000 -0.120421 0.074973 0.147590 0.166895 0.159577 0.115964 0.092189
  0.120271 -0.192233 -0.059557 -0.000000 -0.108930 0.017322 0.122301 -0.141483 -0.079129 0.000000 0.056178 -0.000000 -0.137921 -0.000000 0.000000 -0.166673 -0.000000 0.101079 0.000000 0.019036 0.077158 -0.055367 0.116773 0.054256 0.056127 -0.096103 -0.000000 -0.090702 -0.000000 -0.073948 -0.277169 0.159030 -0.046559 -0.069056 -0.000000 0.000000 -0.129631 -0.033327 0.136229 -0.030059 -0.054778 -0.129474 0.001940 -0.129592 -0.157575 -0.095290 -0.013041 -0.091311 -0.000000 -0.201343 0.000000 -0.148692 -0.060447 -0.141600 0.094095 0.170406 -0.140918 -0.090480 -0.000297 -0.153038 -0.000000 0.000000 0.090139 0.115041 -0.312833 0.078188 -0.000000 -0.109204 -0.062819 -0.150160 -0.212129 -0.103414 0.000000 -0.079773 0.098512 -0.474385 0.000000 -0.389201 -0.055644 -0.000000 -0.150781 -0.229129 -0.044228 0.227300 0.071499 -0.002131 -0.116156 0.056894 -0.000000 0.027655 -0.171376 -0.000000 -0.000000 0.143230 -0.049692 -0.160676 -0.143181 -0.185491 -0.170880 -0.052479
  0.149426 -0.080262 0.139632 0.000000 -0.077829 0.120506 0.063654 0.247918 -0.238125 -0.000000 0.022469 -0.000000 0.109245 -0.000000 0.000000 0.222513 -0.000000 0.005165 0.000000 0.103025 -0.098341 0.122513 -0.003750 0.119654 0.150419 0.002441 0.000000 -0.001998 -0.000000 -0.168312 0.206274 0.050712 0.172282 0.235929 0.000000 -0.000000 0.207385 0.415473 -0.397370 0.066787 0.054917 0.053176 0.094427 0.220592 -0.285039 -0.011790 -0.512660 0.008130 -0.000000 0.012405 0.000000 -0.149621 0.004903 0.131353 0.168060 -0.249952 0.065615 -0.015525 -0.075931 0.081684 -0.000000 0.000000 -0.003866 0.004266 -0.195527 0.263301 -0.000000 0.026207 0.230243 0.185155 0.163965 -0.021085 0.000000 0.032994 0.248481 0.055918 -0.000000 0.155214 0.273773 -0.000000 -0.068193 -0.259799 -0.047126 -0.144012 0.105794 0.089719 0.203736 0.167393 -0.000000 -0.247204 -0.113234 0.000000 0.000000 0.181800 -0.259108 0.173352 0.086612 0.071251 -0.019876 0.188318
  -0.224888 -0.035374 0.258644 0.000000 0.313864 0.067843 0.044083 0.793631 0.064325 0.000000 0.079641 0.000000 0.208208 -0.000000 -0.000000 -0.132171 -0.000000 0.067329 -0.000000 0.156406 -0.041100 0.012487 0.385399 0.434550 -0.297246 0.033029 0.000000 0.589557 -0.000000 -0.099725 0.055406 -0.157213 -0.145523 0.164075 0.000000 0.000000 -0.040362 0.237582 0.071554 0.053978 0.071159 0.045692 0.201423 0.135181 0.021007 0.278716 0.129466 0.129534 -0.000000 -0.033027 -0.000000 -0.444395 -0.115074 0.041149 0.092554 0.181290 0.279077 0.051722 0.288853 0.096661 -0.000000 -0.000000 0.190830 -0.301559 -0.161668 0.155723 -0.000000 -0.016541 -0.003181 -0.079990 -0.344732 0.015029 -0.000000 -0.303458 0.149247 0.150191 -0.000000 0.195159 0.094910 -0.000000 0.091464 0.095132 0.287887 0.580157 -0.019548 0.054538 0.182522 0.100266 0.000000 0.073360 -0.144255 -0.000000 -0.000000 -0.017696 0.175464 -0.213654 -0.057808 0.064458 -0.141384 -0.009775
  0.134370 0.088415 0.107765 -0.000000 -0.451181 -0.040723 0.056815 -0.052308 0.030384 0.000000 -0.031839 -0.000000 -0.206175 -0.000000 -0.000000 -0.062589 0.000000 0.156993 -0.000000 0.134971 -0.036975 0.167202 -0.133560 -0.112248 -0.022744 0.004018 0.000000 -0.264918 0.000000 0.148891 0.006295 0.092504 0.091158 0.164814 -0.000000 0.000000 -0.056548 0.242877 -0.010409 -0.010224 -0.148541 -0.026073 0.174738 -0.013080 0.002067 -0.109244 -0.256302 0.019986 -0.000000 0.034163 0.000000 -0.099411 -0.026807 0.022460 0.088453 -0.070947 -0.315898 0.021329 0.006201 -0.252102 0.000000 0.000000 0.136010 0.027242 -0.203393 0.062266 -0.000000 -0.025448 -0.008439 -0.044284 0.106365 0.076830 -0.000000 0.023134 -0.006591 -0.655348 0.000000 0.132802 0.173319 -0.000000 -0.039150 0.011150 -0.284993 0.191935 0.161285 -0.031007 0.045568 0.192983 -0.000000 0.068765 -0.378971 -0.000000 -0.000000 0.067709 0.029486 0.154834 0.019695 -0.119723 0.227556 0.012220
  0.120929 0.124314 -0.085795 0.000000 -0.245670 0.032413 -0.151459 0.302233 -0.087354 0.000000 0.256676 -0.000000 0.019826 -0.000000 -0.000000 0.081978 -0.000000 0.126032 0.000000 -0.012175 0.118261 -0.027039 0.070811 0.097008 -0.111546 0.354019 -0.000000 0.127255 0.000000 0.175101 -0.115568 0.107753 0.023252 -0.061264 0.000000 0.000000 0.031708 -0.214563 0.108731 -0.062484 -0.005324 -0.034717 0.047834 -0.085492 0.112398 -0.037349 0.043117 0.112591 -0.000000 0.096568 -0.000000 -0.075189 -0.222370 0.208915 -0.196938 -0.079771 0.264024 -0.073634 0.257619 0.027041 0.000000 0.000000 0.071360 -0.007971 0.108649 0.096201 -0.000000 0.047733 -0.109461 -0.054390 -0.141293 0.222661 -0.000000 -0.182274 -0.107186 -0.130406 -0.000000 0.000866 -0.026177 -0.000000 0.091527 0.050288 0.064455 0.100154 -0.016096 0.074653 0.028783 -0.132429 0.000000 0.081911 0.028053 -0.000000 0.000000 0.091156 0.117452 -0.208945 -0.032190 0.268251 -0.005501 0.055687
  -1.308951 0.097862 -0.015299 -0.000000 0.382750 -0.332302 -0.005791 0.032172 0.301879 0.000000 -0.844582 0.000000 0.196254 -0.000000 -0.000000 -1.489960 -0.000000 0.065530 0.000000 -0.155570 -0.151231 -0.267705 0.011097 -0.070486 -0.250155 -0.118988 -0.000000 -0.071204 -0.000000 -0.196423 -0.080242 -0.180811 0.054265 -1.380075 0.000000 -0.000000 -0.151885 0.156857 -0.361610 -0.047413 -0.210190 0.054791 0.001167 0.053296 0.228857 0.080351 -0.000000 -1.258628 -0.000000 -1.152514 -0.000000 -0.008028 -0.124495 -0.000000 0.023877 0.190701 0.355243 -0.265342 -0.289415 -0.089734 -0.000000 -0.000000 0.201613 -0.965803 0.000000 -1.501134 -0.000000 -1.432415 -0.318628 -1.074465 -0.291534 0.045098 0.000000 -0.120836 0.003153 -0.316077 -0.000000 -0.238703 -1.030016 -0.000000 0.001564 0.000000 -0.004299 0.359065 0.124365 0.041050 0.000000 -0.106159 -0.000000 -0.139165 -0.696883 0.000000 0.000000 -0.234894 0.194805 0.049856 0.037479 -1.182876 -1.067473 -1.186107
  -0.366591 0.142583 0.087486 0.000000 0.372443 -0.199329 -0.133185 0.020436 0.117737 -0.000000 -0.359301 -0.000000 -0.000000 -0.000000 0.000000 -0.548247 -0.000000 -0.141020 0.000000 0.027922 -0.156809 -0.054344 0.127136 0.041651 -0.172332 -1.044126 0.000000 -0.103097 -0.000000 0.008830 -0.008902 -0.017355 -0.140559 -0.390745 -0.000000 -0.000000 0.046369 0.367319 0.127268 -0.117981 -0.007731 -0.139581 0.052067 0.012712 -0.030231 0.030024 0.000000 -0.206208 -0.000000 -0.144888 -0.000000 0.072739 0.005334 0.000000 -0.176984 0.275414 0.011273 -0.179963 -0.898653 0.129387 -0.000000 0.000000 0.077759 -0.708329 -0.305567 -0.456468 -0.000000 -0.304302 -0.019696 -0.470935 -0.024934 -0.209033 -0.000000 0.003145 -0.151024 -0.236251 0.000000 -0.098447 -0.224081 -0.000000 -0.297315 -0.000000 -0.175192 0.096374 0.102843 0.022258 0.000000 -0.170659 -0.000000 -0.056447 -0.803033 0.000000 -0.000000 -0.030754 -0.144115 -0.360815 -0.215542 -0.375874 -0.379132 -0.718346
  0.098921 -0.019942 0.099653 -0.000000 -0.013611 -0.006100 -0.088086 -0.120000 -0.060313 -0.000000 -0.038020 0.000000 0.138379 -0.000000 -0.000000 -0.105887 -0.000000 -0.079586 -0.000000 -0.020740 0.200623 0.114178 0.068234 -0.144415 0.195889 0.216491 -0.000000 0.258893 -0.000000 0.097797 0.088552 0.006134 0.072300 -0.064482 -0.000000 -0.000000 0.069388 -0.187239 -0.016769 0.084293 -0.218616 -0.035088 -0.110412 -0.054373 -0.016095 -0.087059 0.222282 0.092041 -0.000000 -0.058333 -0.000000 -0.056384 -0.128515 -0.011570 0.050251 -0.134687 -0.047515 0.073643 0.061774 -0.085243 0.000000 -0.000000 -0.002601 0.022515 0.052204 0.145693 -0.000000 0.139745 -0.152646 -0.062933 0.102924 0.163211 0.000000 -0.009858 0.102481 0.186000 0.000000 0.115011 -0.107727 -0.000000 -0.005282 0.149153 -0.015953 0.023713 0.120176 0.048119 0.005039 -0.084781 -0.000000 -0.003658 -0.062058 -0.000000 -0.000000 -0.043356 0.068882 0.094513 -0.018495 0.035309 0.091900 -0.082757
  0.009033 -0.028160 0.123386 0.000000 -0.158340 0.114116 0.010398 0.095493 -0.069191 -0.000000 -0.015495 -0.000000 -0.223779 0.000000 0.000000 -0.013415 -0.000000 0.176981 0.000000 0.106809 0.077101 -0.208477 0.160089 0.057879 0.058238 -0.397563 0.000000 -0.430120 0.000000 0.261323 0.032765 0.256901 0.029445 0.087457 -0.000000 -0.000000 0.129264 0.746842 -0.367423 0.115962 -0.166050 -0.107202 0.090267 0.121889 0.034086 -0.068997 -0.000000 -0.138421 -0.000000 0.143717 -0.000000 0.365996 0.134189 -0.000000 0.159213 0.098447 0.000000 0.131516 -0.475054 0.121479 0.000000 -0.000000 0.085275 -0.546057 -1.023084 0.000817 -0.000000 0.110734 0.115540 -0.069419 0.155915 -0.278134 -0.000000 0.047802 0.061149 0.356077 0.000000 0.193460 -0.148140 -0.000000 -0.199399 -2.454109 -0.272154 -1.352386 0.310246 0.199013 -1.653761 0.102910 -0.000000 0.125480 -0.079933 -0.000000 0.000000 0.144581 -0.113359 0.064617 0.077810 -0.088941 -0.063477 -0.741628
  -0.163302 0.171009 -0.046216 -0.000000 0.044371 -0.037042 0.064272 0.018398 -0.097139 0.000000 0.053177 -0.000000 0.102858 -0.000000 0.000000 -0.036472 0.000000 0.039326 0.000000 -0.058780 -0.087276 0.280672 -0.238185 0.046384 -0.228239 -0.091867 0.000000 0.107189 -0.000000 -0.131598 -0.043717 0.031855 -0.186115 0.046281 -0.000000 -0.000000 0.159077 -0.085588 0.401807 -0.142240 0.036524 0.078976 -0.023500 -0.105557 0.086491 0.060032 0.234331 -0.023929 -0.000000 -0.156162 -0.000000 0.091005 -0.010812 0.307899 -0.011891 -0.030752 0.132893 -0.095016 0.021097 0.196972 0.000000 -0.000000 0.109829 -0.050305 0.209448 0.050129 -0.000000 -0.154557 -0.010727 0.174521 -0.123916 0.127031 -0.000000 -0.166499 -0.004683 0.146674 0.000000 -0.110065 0.002879 -0.000000 0.123093 -2.098656 0.062757 -0.029027 -0.137722 -0.004782 -0.560936 -0.100933 -0.000000 0.150802 0.092435 -0.000000 -0.000000 -0.003709 0.034764 -0.053767 -0.049296 -0.015311 0.027079 0.199012
  0.578940 -1.384141 0.455020 0.000000 -0.212611 0.446147 0.296180 0.308943 -0.962136 -0.000000 0.589865 0.000000 -0.243912 -0.000000 -0.000000 0.511581 -0.000000 0.320528 -0.000000 0.611480 0.451727 -0.832155 0.628219 0.669689 0.313387 -0.121150 0.000000 0.454061 -0.000000 0.344508 0.467617 0.239851 0.402574 0.834959 0.000000 0.000000 0.554288 -0.168569 -1.176834 1.003515 -0.532747 0.151675 0.598340 0.534745 0.319908 0.374630 -0.527642 0.386226 -0.000000 0.533401 -0.000000 0.049521 0.523098 0.179691 0.623195 0.726844 0.164295 0.632649 -0.441040 0.140815 0.000000 -0.000000 -0.074399 0.514676 -0.131372 0.166899 -0.000000 0.660495 0.648967 0.345292 0.602102 0.055549 -0.000000 0.685308 0.540099 -0.244858 0.000000 0.756595 0.470269 0.000000 0.165013 -1.944788 -0.021422 -0.478787 0.297194 0.516378 0.247308 0.525133 -0.000000 0.254001 0.306521 -0.000000 -0.000000 0.175043 0.527675 0.534860 0.722666 0.754160 0.399500 0.540911
  0.013445 0.057841 -0.102177 0.000000 0.066663 0.111532 0.089412 -0.134013 0.103015 -0.000000 -0.101819 0.000000 -0.050341 0.000000 0.000000 0.061664 0.000000 -0.073087 -0.000000 -0.043284 -0.023545 0.279503 0.189603 0.054007 0.054344 0.238138 -0.000000 -0.171076 0.000000 0.066469 0.007072 0.123034 -0.082332 0.183575 -0.000000 -0.000000 0.116115 -0.602311 0.153788 0.041927 0.339801 0.208202 -0.084592 0.037355 -0.288428 0.015917 0.401766 -0.040931 -0.000000 0.153428 0.000000 0.205390 -0.148462 0.147355 0.076564 -0.009444 -0.079661 -0.032142 -0.475940 0.050671 0.000000 -0.000000 0.164206 0.104588 0.147456 -0.082864 -0.000000 0.054342 0.110402 -0.053158 0.023013 0.030816 -0.000000 0.025955 0.014216 0.099901 -0.000000 -0.051394 0.049311 0.000000 0.010476 0.008988 0.191303 0.172990 -0.031900 0.025274 0.095431 0.036328 -0.000000 -0.033005 0.121008 -0.000000 0.000000 0.055600 0.084624 -0.069519 0.017181 0.209788 0.071824 -0.085949
  -0.185876 0.250145 0.130595 0.000000 -0.667868 -0.130373 0.180811 -0.112366 0.163643 -0.000000 -0.096812 0.000000 -0.217512 0.000000 -0.000000 0.029432 0.000000 -0.130746 -0.000000 0.221554 -0.259354 -0.050872 -0.661292 -0.302190 -0.262068 -2.255966 -0.000000 -0.132965 0.000000 -0.064320 0.337070 -0.308983 -0.075856 -0.017259 -0.000000 -0.000000 0.277121 -0.252636 -0.048753 0.143285 -0.119138 0.144532 -0.005586 0.077774 -0.389864 0.110420 0.113184 -0.217738 -0.000000 -0.226352 -0.000000 -0.505559 0.189820 -0.231728 0.103072 0.865199 0.323988 0.110841 -0.589857 -0.591098 0.000000 0.000000 0.770342 0.080440 0.284926 0.146133 -0.000000 -0.297225 0.200815 -0.079304 -0.371292 0.430830 0.000000 -0.330607 0.163699 -0.000272 -0.000000 0.290049 0.344941 0.000000 0.253295 -0.298529 0.064518 0.000000 -0.095908 0.006353 -0.625876 -0.121881 -0.000000 0.300985 -0.009179 -0.000000 -0.000000 -0.167541 0.134824 -0.065171 0.323161 -0.123540 0.217143 0.028389
  -0.100476 -0.016592 -0.031238 0.000000 0.346049 0.134233 -0.083281 0.104364 0.228629 0.000000 -0.017258 0.000000 -0.001884 -0.000000 0.000000 -0.489708 -0.000000 -0.046606 -0.000000 -0.018075 -0.026036 -0.970222 0.101650 -0.246429 0.135398 0.121965 0.000000 0.138573 0.000000 0.128338 -0.163832 0.174527 0.104253 -0.114789 0.000000 -0.000000 0.200606 0.046817 0.034889 -0.099126 0.481454 -0.151076 -0.034752 0.074690 0.132227 -0.047490 -0.000000 -0.200619 -0.000000 0.023014 0.000000 0.089929 0.176006 0.000000 0.038371 0.151101 -0.647682 0.107658 -0.261550 -0.062938 -0.000000 -0.000000 0.017570 -0.510775 0.678756 -0.236809 -0.000000 -0.145201 0.038142 -0.208843 0.179779 0.043263 0.000000 -0.001769 0.200874 -0.313118 -0.000000 -0.001324 -0.219784 0.000000 0.012750 0.000000 -0.127996 0.179492 -0.044160 0.068565 0.041869 -0.007074 0.000000 -0.020358 -0.900724 -0.000000 -0.000000 0.136830 0.118380 -0.082784 0.073729 -0.146582 -0.219308 -0.429185
  0.211759 0.060475 0.153994 -0.000000 0.123638 -0.059085 -0.010017 0.145861 -0.160253 -0.000000 -0.001874 -0.000000 -0.335411 -0.000000 -0.000000 0.052934 -0.000000 0.027863 -0.000000 0.158853 -0.121947 -0.000326 0.192843 0.105886 -0.085747 -0.321531 -0.000000 0.169614 0.000000 0.118405 0.104533 -0.036229 0.046016 0.117778 -0.000000 -0.000000 -0.139578 -0.049785 0.027672 0.036336 -0.349783 0.010098 0.192921 0.025987 0.057917 0.034651 -0.480048 0.037137 -0.000000 -0.013491 0.000000 0.049048 0.053885 -2.337049 0.157970 -0.019132 -0.569506 -0.026252 -0.058847 0.107382 -0.000000 0.000000 -0.072955 0.009143 0.514660 -0.025764 -0.000000 -0.002529 0.081448 0.010934 0.049772 -0.092456 0.000000 -0.058658 -0.069093 -0.105941 0.000000 0.058705 0.163198 0.000000 0.107082 0.356711 -0.172542 -0.016129 0.071486 0.048349 0.058942 0.111681 -0.000000 -0.110472 0.066253 -0.000000 -0.000000 0.132380 -0.080946 0.158338 0.131352 0.113818 0.025622 -0.002891
  0.117969 -0.031480 0.041122 -0.000000 0.102790 0.037809 0.068213 -0.048308 -0.079714 0.000000 0.251871 -0.000000 -0.117545 0.000000 0.000000 0.216310 -0.000000 -0.040299 0.000000 -0.067029 0.097522 0.031558 0.020387 -0.182928 0.021931 -0.003671 0.000000 0.064549 -0.000000 -0.020333 0.073862 0.060388 0.101052 0.129956 0.000000 0.000000 0.138752 -0.134267 0.088573 0.046757 0.058142 0.021531 0.024305 -0.047903 -0.274115 0.178931 -0.006244 0.210800 -0.000000 -0.070053 0.000000 -0.073907 -0.071745 -0.056049 0.184458 -0.133877 0.057545 -0.014652 0.129981 -0.064771 0.000000 0.000000 0.056633 0.231721 -0.038746 0.073714 -0.000000 0.156905 0.020216 0.098377 0.114961 0.040864 0.000000 -0.009048 0.158315 0.025975 0.000000 0.161906 0.062547 -0.000000 0.075337 0.048686 0.188462 0.096354 -0.154574 -0.065491 -0.012613 -0.064189 0.000000 -0.023026 -0.014108 -0.000000 -0.000000 0.155849 0.063015 0.226554 0.161478 0.128125 0.009436 0.185724
  0.090569 0.097747 -0.212467 0.000000 -0.059598 0.156651 0.183079 0.013689 0.337450 -0.000000 0.255955 -0.000000 0.511348 -0.000000 0.000000 -0.127922 0.000000 -0.037554 0.000000 -0.121751 0.083647 0.217215 0.081656 -0.193234 -0.047092 0.324103 -0.000000 -0.040296 -0.000000 0.150225 -0.093811 0.181904 -0.095615 -0.040118 -0.000000 0.000000 -0.194431 -0.050951 -0.312638 0.242317 0.066625 -0.091598 -0.166162 0.098556 0.323599 -0.123568 -0.680704 0.215023 -0.000000 0.029835 0.000000 0.252531 -0.110882 0.514814 -0.169615 -0.128702 0.300538 -0.041970 0.356556 0.234774 0.000000 0.000000 0.173628 -0.026486 -0.512125 -0.116363 -0.000000 0.040556 0.099445 -0.126002 0.007448 0.022859 0.000000 -0.019344 0.026645 0.054138 -0.000000 -0.182310 -0.125006 0.000000 0.013412 -0.528554 -0.053650 -0.029348 0.127342 0.019788 -1.664195 0.167971 0.000000 0.005712 0.074696 0.000000 0.000000 0.111716 -0.194887 0.140866 -0.128093 0.096165 -0.234930 -0.132418
  -0.052331 -0.066739 -0.107011 -0.000000 0.023415 -0.067571 -0.119118 0.082796 -0.011735 -0.000000 0.117382 0.000000 0.224466 -0.000000 0.000000 0.072478 -0.000000 -0.155339 -0.000000 -0.015967 -0.124426 -0.044517 -0.195654 -0.005893 0.101285 0.152809 -0.000000 0.047141 -0.000000 0.136017 -0.047189 -0.072086 0.025683 0.023573 0.000000 -0.000000 -0.042864 0.040602 -0.007170 -0.017949 0.142046 0.117078 0.089881 0.120025 0.118402 0.026602 0.246552 0.105294 -0.000000 0.356903 0.000000 0.251434 0.083194 0.182699 0.083000 0.003128 0.134120 -0.049765 0.202671 0.184723 -0.000000 -0.000000 0.128633 0.157014 -0.003944 -0.004809 -0.000000 0.010204 0.041003 0.102948 0.089584 0.087452 0.000000 0.010453 0.045839 -0.010545 -0.000000 -0.115441 0.052235 -0.000000 -0.000513 -0.145303 0.280269 0.240374 -0.081826 0.090295 -0.332233 0.114970 0.000000 -0.061556 -0.070602 -0.000000 -0.000000 -0.103106 0.071057 0.019300 0.012596 0.266387 -0.033646 -0.091301
  -0.206079 -0.066705 -0.045437 -0.000000 0.222608 -0.202627 -0.171927 -0.133957 0.164455 -0.000000 -0.383800 0.000000 -0.057292 -0.000000 0.000000 0.034897 -0.000000 -0.092007 0.000000 -0.065781 -0.078867 -0.552254 0.332430 0.189102 0.041940 -0.000114 0.000000 -0.464277 0.000000 -0.164940 -0.039297 -0.121182 -0.021804 -0.340929 0.000000 -0.000000 -0.154114 0.100233 -0.047984 -0.105493 -0.001241 -0.068918 -0.052016 -0.071026 -0.828634 -0.119912 0.209410 -0.143177 -0.000000 -0.253934 -0.000000 0.095011 -0.086964 0.130054 -0.055085 0.048950 -0.021503 -0.051554 0.098735 0.304184 -0.000000 0.000000 -0.069055 -0.219118 -0.084326 -0.273480 -0.000000 -0.234616 0.156068 -0.102565 0.129560 -0.007335 -0.000000 0.043835 -0.007473 0.152500 0.000000 -0.003423 -0.242171 0.000000 -0.130100 0.267663 -0.018037 -0.072903 0.095761 -0.164918 -0.012726 -0.000921 0.000000 -0.198935 0.132566 0.000000 -0.000000 -0.223327 -0.034958 0.135187 -0.126050 -0.136786 -0.234597 -0.189714
  0.193763 -0.419428 0.136152 0.000000 -0.456363 -0.022975 0.395690 -0.434060 -0.288015 0.000000 0.161832 0.000000 -0.134081 -0.000000 -0.000000 0.312978 -0.000000 0.442943 -0.000000 0.047179 0.287565 0.213498 0.000000 0.539785 0.378171 -0.360681 0.000000 -0.148423 -0.000000 0.202159 0.127373 0.270940 0.207322 0.136298 -0.000000 0.000000 0.073776 0.325051 -0.187856 0.051450 -0.129992 0.167930 0.135324 0.417716 0.044891 0.039101 -0.091329 0.015755 -0.000000 0.049195 0.000000 0.278491 0.375022 -1.309359 0.139078 0.288247 -0.176095 0.289283 -0.134391 -0.228167 -0.000000 -0.000000 0.125520 0.364005 -0.264961 -0.103106 -0.000000 -0.100683 0.405039 0.134171 0.408333 -0.029077 -0.000000 0.166834 -0.016395 -0.430788 0.000000 0.216713 0.180060 -0.000000 0.049590 0.081949 -0.250974 0.027828 0.125702 0.279745 -0.118160 0.149267 0.000000 0.030306 0.131194 -0.000000 0.000000 0.149220 0.234263 0.373678 0.281884 -0.069732 0.296872 0.326463
  -0.080416 0.159783 -0.052383 0.000000 -0.115484 -0.124053 0.001689 -0.014114 0.126234 -0.000000 0.001997 -0.000000 0.121482 0.000000 0.000000 -0.227396 0.000000 -0.193216 -0.000000 -0.062485 -0.057850 -0.476610 -0.045425 0.167703 -0.204818 -0.205047 -0.000000 -0.056728 -0.000000 -0.141044 0.029922 -0.053060 -0.028999 0.096465 -0.000000 -0.000000 0.094092 0.149620 -0.044861 -0.131499 -0.085577 0.129929 -0.056286 0.004073 0.123442 0.029578 0.174739 0.106382 -0.000000 -0.450091 -0.000000 0.150193 0.049166 0.208850 -0.136970 0.223690 -0.035920 0.029602 0.002648 0.146515 -0.000000 -0.000000 0.287095 0.017317 0.199335 0.150158 -0.000000 -0.167549 -0.129016 0.179868 -0.309511 0.087598 -0.000000 -0.459775 -0.062027 0.001564 -0.000000 0.056762 0.181510 -0.000000 0.194467 -1.373607 0.190855 -0.127747 -0.069222 -0.131614 -0.635660 -0.209151 0.000000 0.019059 0.109187 -0.000000 0.000000 -0.327596 -0.086352 -0.378741 -0.010195 -0.243298 0.226448 -0.002503
  -0.116430 0.056420 -0.271774 0.000000 0.361022 -0.407735 -0.126472 -0.106395 0.176289 0.000000 -0.325532 0.000000 -0.176613 0.000000 0.000000 -0.385025 -0.000000 -0.002115 -0.000000 -0.218916 -0.092536 -0.420443 0.070866 -0.372209 -0.080635 0.222164 -0.000000 0.140158 0.000000 -1.167658 -0.145439 -0.144501 -0.300282 -0.316887 -0.000000 0.000000 -0.158238 0.008932 -0.023992 -0.308377 -0.084730 -0.247893 0.046147 -0.111503 -0.217075 0.081919 0.000000 -0.011410 -0.000000 -0.387470 -0.000000 -0.024708 -0.353889 0.103322 -0.356138 0.262431 0.250189 -0.567754 -0.421684 -0.094639 0.000000 -0.000000 -0.186435 -0.492297 0.014390 -0.153355 -0.000000 -0.228549 -0.109205 -0.106578 -0.296360 0.090730 0.000000 -0.205197 0.045158 -0.000000 -0.000000 -0.345833 -0.494411 0.000000 -0.305265 -0.255778 0.108335 -0.091883 -0.046794 -0.019694 -0.013627 -0.342171 0.000000 -0.144805 0.000000 -0.000000 0.000000 -0.317589 -0.178134 0.044898 -0.435024 -0.365117 -0.569418 -0.640624
  0.356537 -0.143626 0.276340 0.000000 0.156580 0.146437 0.187269 0.180547 0.165058 -0.000000 0.119740 0.000000 -0.648331 0.000000 0.000000 0.270319 -0.000000 0.175035 0.000000 0.188153 0.223454 -0.287486 -0.203088 -0.298644 0.253404 0.000000 0.000000 -0.110610 0.000000 0.192095 0.362638 0.149378 0.028244 0.647481 -0.000000 -0.000000 0.265393 -0.156832 -0.598661 0.043419 -0.187221 0.378684 0.188648 0.166287 -0.315969 0.172786 -0.000000 0.390578 -0.000000 0.318860 -0.000000 0.242560 0.136023 -0.946683 0.353317 0.181322 -0.000000 0.241936 0.000000 0.083938 -0.000000 -0.000000 0.099729 0.692196 0.409985 0.550048 -0.000000 0.293108 0.240933 1.030845 0.141874 0.178088 -0.000000 0.218687 0.240136 -0.085647 0.000000 0.331357 0.638417 0.000000 0.287619 -2.084077 0.000000 -0.000000 -0.051674 0.097594 -1.291036 0.074625 0.000000 0.168172 -0.000000 0.000000 0.000000 0.181319 0.225136 -0.005623 0.342174 0.232434 0.596881 0.594592
  0.017660 -0.323876 0.273944 -0.000000 0.225516 0.355184 0.302221 0.360303 0.264192 -0.000000 0.027436 0.000000 0.130904 -0.000000 0.000000 0.068696 -0.000000 0.345859 -0.000000 0.401907 0.311386 -1.801338 -0.167164 -0.291717 0.277443 -0.383503 -0.000000 0.166707 0.000000 0.154714 0.333991 0.085781 0.172262 0.229595 0.000000 0.000000 0.309384 0.145418 0.104746 0.319361 0.010738 0.259111 0.380779 0.326166 0.094860 0.211719 0.183902 0.041565 -0.000000 -0.098040 -0.000000 -0.101076 0.297820 0.019359 0.420221 -0.039224 0.702967 0.360056 -1.699135 -0.220519 0.000000 -0.000000 0.025274 0.233849 -0.104569 0.057595 -0.000000 0.005136 0.219469 -0.317895 0.263358 0.175261 -0.000000 0.196209 0.204870 1.382143 -0.000000 0.206495 0.113655 0.000000 0.177784 -0.381576 0.196005 -1.496464 0.121728 0.217078 -0.003448 0.280789 -0.000000 0.321059 -0.244677 0.000000 -0.000000 0.265539 0.295530 0.167307 0.322894 0.037759 0.198224 0.392492
  0.364785 -0.643242 0.398406 -0.000000 -0.131207 0.325797 0.438828 0.287913 -0.559724 0.000000 0.519479 -0.000000 0.234933 -0.000000 0.000000 0.531427 -0.000000 0.325093 0.000000 0.397849 0.358114 -0.577001 -0.210913 0.200616 0.211106 0.333039 0.000000 0.288031 -0.000000 0.439357 0.499520 0.201998 0.346086 0.540022 0.000000 -0.000000 0.359829 0.202385 -0.744899 0.703503 -0.222944 0.387307 0.309350 0.503030 0.252084 0.342197 -0.410264 0.186254 0.000000 0.441818 -0.000000 0.047866 0.392113 -0.169892 0.640765 -0.055014 0.366095 0.332973 -0.202775 0.139713 -0.000000 -0.000000 -0.042155 0.393080 -0.200270 0.050777 -0.000000 0.358835 0.452587 0.220948 0.446928 0.198221 0.000000 0.517091 0.469485 -0.194069 0.000000 0.618946 0.430166 -0.000000 0.301744 -0.421415 0.235118 -0.135494 0.284929 0.545176 0.654908 0.565709 -0.000000 0.373962 0.111268 -0.000000 -0.000000 0.285281 0.263322 0.291847 0.567247 0.543698 0.352889 0.456305
  -0.173428 -0.651063 0.038511 0.000000 -0.118723 0.262493 0.199465 0.021855 -0.355070 -0.000000 -0.355589 0.000000 -0.378489 -0.000000 0.000000 -0.859088 -0.000000 0.162593 -0.000000 0.045950 0.033966 -0.000000 0.050398 -0.143947 0.310338 0.207624 0.000000 0.204682 -0.000000 0.026220 -0.087353 0.180272 0.026890 -0.387148 -0.000000 -0.000000 -0.021315 0.239538 -0.363828 0.101229 0.366308 -0.139139 -0.061389 0.090426 0.081145 0.001960 -0.000000 -0.058309 -0.000000 0.220780 0.000000 0.324410 0.298383 -0.000000 0.029259 -0.047253 -0.964143 0.087203 -0.254936 -0.139512 -0.000000 -0.000000 -0.275916 -0.239268 -0.026943 -0.432638 -0.000000 -0.324874 0.252576 -0.293439 0.391175 -0.415817 0.000000 0.413023 -0.078319 0.214162 -0.000000 -0.036948 -0.043039 0.000000 -0.349319 -0.000000 0.070028 -0.036429 0.552358 0.034999 0.000000 0.092238 -0.000000 0.069093 -0.548400 -0.000000 0.000000 0.416427 -0.225601 0.343476 0.142840 -0.104083 -0.125457 -0.326224
  0.016582 -0.094166 0.058783 -0.000000 -0.313209 0.015156 -0.010382 0.101077 0.093099 -0.000000 -0.023965 -0.000000 -0.121782 0.000000 0.000000 0.088567 -0.000000 -0.017614 -0.000000 0.043653 0.026687 -0.086508 -0.734786 -0.534145 0.122560 -0.294237 -0.000000 0.057103 0.000000 -0.080511 0.142201 -0.035798 0.053423 0.195795 -0.000000 0.000000 0.050386 -0.348438 0.070409 -0.034310 -0.009605 0.011997 -0.022811 -0.028792 0.295082 0.223812 0.306436 0.000435 -0.000000 0.153297 -0.000000 -0.317861 -0.109073 0.084328 0.091091 -0.289914 0.039124 0.006447 0.146910 0.014632 0.000000 -0.000000 -0.070830 -0.106466 -0.018217 0.122884 -0.000000 0.262789 -0.079387 0.057142 0.151878 0.103277 0.000000 0.027191 0.178618 0.291356 0.000000 0.015681 -0.167353 -0.000000 0.077646 -0.035222 0.243006 0.181211 -0.092692 -0.090172 -0.319431 0.025333 0.000000 0.076523 -0.361453 -0.000000 0.000000 0.055146 0.137589 -0.022315 0.070710 0.168018 -0.178679 -0.038176
  -0.200110 0.175794 0.153400 -0.000000 0.036337 -0.044049 -0.273867 -0.128601 0.184773 -0.000000 -0.180050 -0.000000 0.116693 -0.000000 -0.000000 -0.148761 0.000000 -0.227118 0.000000 -0.057703 -0.182113 0.010406 0.075640 0.309490 0.016000 0.101776 -0.000000 -0.132900 -0.000000 -0.190684 -0.044252 -0.176583 -0.057072 0.039541 0.000000 -0.000000 0.075455 0.015902 0.228995 0.039073 -0.025544 0.125553 -0.073664 -0.150744 -0.258549 0.142536 0.404396 0.067158 -0.000000 0.152686 -0.000000 -0.020296 -0.214332 0.102873 0.149770 -0.615165 0.190369 -0.209950 0.134746 0.194837 -0.000000 -0.000000 0.034780 -0.042434 0.138465 -0.165168 -0.000000 0.168286 -0.259400 0.152326 -0.180974 0.066702 0.000000 -0.051765 0.098559 -0.239382 0.000000 0.087090 -0.027918 0.000000 0.143395 -0.083476 0.148592 0.241487 -0.158579 -0.230856 -0.323304 -0.140277 0.000000 0.064950 -0.054540 -0.000000 -0.000000 -0.085878 0.090829 -0.013558 -0.143302 0.142774 -0.038715 0.164531
  0.062062 0.035195 0.165803 -0.000000 0.236109 0.245228 0.143145 -0.076200 -0.039974 -0.000000 0.038053 0.000000 0.101361 -0.000000 0.000000 0.204236 -0.000000 -0.050629 0.000000 0.159785 0.136707 -0.074310 -0.303891 -0.294223 0.190012 0.037256 -0.000000 0.074706 -0.000000 0.118950 0.211710 0.033896 0.150481 0.048966 -0.000000 0.000000 0.186038 -0.042936 0.049946 0.172968 0.142765 0.004238 0.143741 0.052640 -0.256993 0.050416 0.099766 0.280232 -0.000000 0.197137 -0.000000 0.052596 0.139887 0.025656 0.107421 0.015077 0.149953 0.120493 0.103421 0.117121 -0.000000 -0.000000 0.111244 0.100832 -0.031787 0.163140 -0.000000 0.190294 -0.023380 0.218327 0.095247 0.029840 -0.000000 0.057384 0.138276 -0.015220 0.000000 0.195976 0.169313 0.000000 -0.017974 0.024419 0.181936 0.078926 0.058529 0.124321 0.012752 -0.050377 0.000000 0.142198 -0.004087 0.000000 -0.000000 0.061812 0.176217 0.175449 0.077815 0.047928 0.068799 0.141106
  0.060169 0.023244 0.203407 0.000000 -0.501858 0.146146 -0.113495 0.123082 -0.047336 -0.000000 0.110344 -0.000000 -0.156396 0.000000 -0.000000 0.158734 -0.000000 -0.174698 0.000000 -0.080618 0.041156 -0.013929 -0.349344 -0.327168 -0.075666 0.042628 0.000000 0.249478 -0.000000 -0.027363 0.211163 0.228607 0.033815 0.098140 -0.000000 -0.000000 0.144381 -0.191091 0.038368 0.077142 -0.055008 0.184158 0.036968 0.034060 0.024860 -0.007590 -0.182808 0.167826 -0.000000 0.203447 -0.000000 -0.144746 -0.074236 0.039042 0.174015 -0.551103 0.091976 0.116354 0.178516 -0.127431 0.000000 0.000000 -0.089416 0.067271 0.145638 -0.025314 -0.000000 0.270993 0.046247 -0.177653 0.029730 0.039325 -0.000000 0.209726 -0.057300 0.181517 -0.000000 0.100402 -0.020357 -0.000000 0.002308 -0.018324 0.018211 -0.072752 0.204115 -0.051642 -0.115472 0.053696 -0.000000 0.145172 -0.324626 0.000000 0.000000 0.206453 0.026928 0.032968 0.040637 0.289885 0.058421 -0.146297
  -0.095033 0.129753 -0.144545 -0.000000 -1.329836 0.013518 0.153127 -0.049282 0.126785 0.000000 0.079125 -0.000000 0.149798 -0.000000 -0.000000 0.071996 0.000000 0.043330 -0.000000 -0.058709 -0.185906 0.058831 0.013085 0.018522 0.134364 -0.992066 -0.000000 -0.243250 -0.000000 -0.075156 0.088484 -0.130757 -0.017836 0.113508 -0.000000 0.000000 0.001288 0.134983 -0.148413 -0.056338 0.001294 -0.024371 -0.140748 0.089007 -0.803027 -0.144067 0.007488 -0.131258 -0.000000 0.046198 -0.000000 0.407091 0.052014 -0.298575 -0.071550 -0.079123 0.060502 0.090111 -1.052731 0.206231 0.000000 -0.000000 0.116335 -0.017243 0.091113 0.189991 -0.000000 0.001774 0.003820 -0.068408 -0.009772 -0.179000 -0.000000 0.077087 0.073079 -0.321638 -0.000000 -0.031376 0.270500 0.000000 -0.121176 -0.024655 0.081274 -0.000000 0.256518 0.095506 0.025715 -0.016867 -0.000000 -0.018286 -0.067837 -0.000000 0.000000 -0.137393 -0.102396 0.226533 -0.115735 0.165098 0.034320 0.011951
  0.121971 -0.162511 0.109763 0.000000 0.007230 0.046496 0.232254 0.671240 -0.381680 -0.000000 0.301818 0.000000 -0.180299 -0.000000 -0.000000 0.176644 -0.000000 0.057586 0.000000 0.068393 0.327486 0.125621 -0.000000 0.458989 0.199262 -0.207011 -0.000000 0.471373 -0.000000 0.028292 0.131651 0.295692 0.211405 0.272700 0.000000 -0.000000 0.172174 0.124906 -0.181832 0.092554 -0.373140 0.142632 0.259126 0.232700 0.171159 0.026370 -0.096292 0.106978 -0.000000 0.140389 -0.000000 0.074123 0.237751 0.004487 0.202807 0.144518 -0.099047 0.032055 0.085545 -0.257025 0.000000 -0.000000 0.142670 0.295568 -0.305354 0.015258 -0.000000 -0.117222 0.192533 0.174552 0.302204 0.081527 -0.000000 0.181937 0.220924 -0.282401 0.000000 0.152891 0.162465 0.000000 0.131655 -0.037945 -0.069581 0.143059 0.100369 0.039959 -0.235910 0.059208 -0.000000 0.098482 -0.117754 -0.000000 -0.000000 0.135466 0.105627 0.106830 0.020574 0.089745 0.178473 0.022410
  -0.184949 0.071732 0.001127 -0.000000 -0.244981 -0.083716 -0.009413 0.050703 0.014774 -0.000000 -0.079618 0.000000 -0.010466 0.000000 0.000000 -0.165726 -0.000000 0.095257 -0.000000 0.016728 0.010886 -0.295347 -0.092839 0.066837 -0.262326 -0.008208 -0.000000 -0.217248 -0.000000 -0.308789 -0.482224 -0.084216 -0.297722 -0.550328 -0.000000 -0.000000 -0.158597 -0.108835 0.023064 -0.193656 0.095096 -0.465032 -0.149820 0.038829 0.155811 -0.212548 -0.378258 -0.098165 -0.000000 -0.065571 0.000000 0.032938 -0.352143 0.019256 -0.151264 -0.008996 0.291084 0.051549 -0.389796 0.076585 0.000000 0.000000 -0.128266 -0.250924 0.173829 -0.413245 -0.000000 -0.245530 -0.164099 0.413673 -0.343371 -0.100139 -0.000000 -0.148801 -0.133840 -1.234415 -0.000000 -0.003091 0.084580 -0.000000 -0.383547 0.085553 0.366316 -0.263266 -0.160461 -0.076109 -0.206687 -0.200032 0.000000 0.051913 0.094505 -0.000000 0.000000 -0.354608 -0.217955 -0.526051 -0.115570 -0.280168 0.171473 -0.263290
  0.077633 -0.187913 -0.186275 0.000000 0.058619 0.134927 0.060399 0.043473 -0.012087 0.000000 0.244610 -0.000000 0.266091 0.000000 -0.000000 0.032819 -0.000000 0.103372 -0.000000 -0.074859 -0.001750 -0.127216 0.236236 0.155832 -0.075007 -0.007867 0.000000 -0.052008 -0.000000 -0.186352 -0.004384 -0.081353 0.114115 0.059726 0.000000 0.000000 -0.205196 -0.032483 0.082470 -0.051735 -0.005000 -0.028272 0.085229 0.082987 0.082883 -0.174034 0.205626 0.263084 -0.000000 -0.123656 -0.000000 -0.036075 0.127476 -0.027402 0.076365 -0.145083 0.263737 -0.022573 -0.064834 0.078768 0.000000 0.000000 -0.067117 0.034341 0.239746 -0.062934 -0.000000 0.254287 0.053953 -0.077830 -0.095906 0.017262 -0.000000 -0.003071 -0.112389 0.231159 -0.000000 -0.112875 -0.148006 0.000000 0.050108 0.157693 -0.157780 0.272917 -0.269765 0.007392 -0.212952 0.079235 0.000000 -0.083486 0.099324 -0.000000 -0.000000 0.021595 -0.047207 -0.103429 -0.025722 0.145880 0.052487 0.035077
  -0.428065 0.168302 0.185726 0.000000 0.386519 0.001372 0.017694 -0.058319 0.280252 -0.000000 -0.464350 0.000000 -0.000002 0.000000 0.000000 -0.608013 -0.000000 -0.017024 0.000000 0.059692 -0.115647 -0.005794 0.149324 0.191016 -0.136510 0.275650 -0.000000 0.251549 0.000000 -0.077698 -0.048203 -0.162591 -0.166548 -0.632577 -0.000000 -0.000000 0.145234 0.243168 0.252871 0.017683 -0.255952 0.047343 0.042297 -0.147584 0.077413 -0.012983 -0.000000 -0.551784 -0.000000 -0.344129 -0.000000 0.131995 -0.172110 -0.000000 0.031619 0.174667 0.000000 -0.206164 -1.238010 -0.053406 -0.000000 0.000000 0.174771 -0.794048 0.344780 -0.458744 -0.000000 -0.392311 -0.101472 -0.766564 -0.125501 0.067231 -0.000000 0.042298 0.077032 -0.253645 -0.000000 -0.026943 -0.404097 -0.000000 -0.182743 0.000000 0.035775 0.240639 -0.006899 -0.019959 0.000000 -0.054802 -0.000000 -0.016639 -0.997763 -0.000000 0.000000 -0.065686 -0.090011 -0.201523 0.057433 -0.539354 -0.505651 -0.708354
  0.088783 0.092115 -0.121617 0.000000 -0.296904 -0.066714 0.190955 0.098757 -0.073138 -0.000000 0.166441 -0.000000 -0.856875 0.000000 0.000000 0.027502 0.000000 0.108693 -0.000000 -0.122356 -0.061014 0.064631 0.049705 0.149130 0.165049 -0.518764 -0.000000 -0.019774 -0.000000 0.115712 0.030258 0.205995 -0.029803 -0.100581 -0.000000 0.000000 0.099277 0.159494 0.083564 0.194964 -0.905169 -0.064956 0.027528 0.154129 -0.239863 -0.087035 -0.661507 -0.016715 -0.000000 0.283656 0.000000 0.228287 0.113712 0.005150 0.040385 0.027569 -0.638498 0.047845 -0.555124 0.167806 0.000000 -0.000000 -0.090880 -0.023257 0.049810 -0.045603 -0.000000 0.099644 0.126142 -0.026672 0.210242 -0.073143 0.000000 0.137888 -0.081888 0.053631 0.000000 -0.001291 0.023015 -0.000000 0.065777 0.077132 -0.659997 -0.270769 0.016871 0.151130 0.217949 -0.004025 -0.000000 -0.144736 0.437068 -0.000000 0.000000 0.081633 -0.020098 0.216259 -0.067781 0.151594 -0.114641 0.061645
  0.071219 0.189051 0.023526 0.000000 -0.223313 -0.037646 0.016559 0.132951 -0.089300 0.000000 0.031370 0.000000 -0.207183 -0.000000 0.000000 -0.081434 0.000000 -0.090009 -0.000000 0.192276 -0.040059 0.075207 -0.117537 -0.084644 0.004597 0.185380 0.000000 0.002265 0.000000 -0.001720 0.090854 0.108826 0.160456 0.196990 -0.000000 -0.000000 -0.007459 0.011736 0.136243 -0.013535 -0.100369 0.027829 0.006311 0.034387 -0.852082 0.157109 0.015803 0.104401 -0.000000 0.021334 0.000000 -0.051334 -0.054860 -0.066936 0.068785 -0.286690 -0.027658 0.052684 0.037141 -0.085536 0.000000 -0.000000 -0.056340 -0.118552 0.077678 -0.044123 -0.000000 -0.048391 -0.081114 0.104351 -0.029244 0.036945 -0.000000 0.042403 0.179044 0.359522 -0.000000 0.117569 0.005380 0.000000 0.011354 0.030585 -0.041561 0.071087 0.141089 -0.083804 0.123319 -0.018963 0.000000 0.011407 -0.397279 0.000000 0.000000 0.104025 0.163747 0.072650 0.078142 -0.065279 0.006520 -0.067512
  0.212276 -0.007880 0.093481 -0.000000 0.372585 0.036978 -0.089809 0.122600 0.177790 0.000000 0.171995 0.000000 -0.096043 0.000000 -0.000000 0.086105 -0.000000 0.098706 0.000000 0.046828 0.224214 -0.116778 -0.378148 -0.192986 0.270726 0.078753 -0.000000 0.021336 -0.000000 0.141964 0.222531 0.004690 0.155472 0.167930 -0.000000 0.000000 0.084581 -0.091998 0.002868 0.068775 0.158275 0.133121 0.186830 -0.024018 -0.419287 -0.042919 0.086877 0.285763 -0.000000 0.060263 0.000000 0.059550 -0.061230 0.000744 0.037889 -0.073662 -0.065647 0.022978 0.111494 -0.045125 -0.000000 0.000000 0.157887 0.209775 -0.175378 0.129352 -0.000000 0.112841 0.147270 0.163567 0.264607 0.115269 -0.000000 0.136828 0.132059 0.002961 -0.000000 0.056229 0.062395 -0.000000 0.180139 0.079739 -0.015451 0.043134 0.027841 0.001956 -0.001962 -0.030537 -0.000000 0.199411 0.013346 -0.000000 -0.000000 0.039831 -0.030207 0.324326 0.121714 0.204428 0.224895 0.194290
  0.108149 0.116776 -0.044291 0.000000 0.150079 0.112421 -0.026029 0.195912 -0.082563 0.000000 -0.138562 0.000000 -0.188146 0.000000 0.000000 0.076126 0.000000 0.088949 -0.000000 0.050642 -0.173639 0.050563 0.059704 0.038082 -0.142470 0.142156 -0.000000 -0.166823 0.000000 -0.144766 -0.071495 -0.019707 -0.183880 -0.055992 -0.000000 0.000000 0.092319 0.136964 0.000323 -0.063508 -0.121681 0.025145 0.139366 -0.125225 -0.568164 -0.079633 0.119947 0.035286 -0.000000 0.095516 -0.000000 0.002323 -0.040426 0.177429 0.048555 0.169848 0.024254 -0.027809 0.025791 0.104000 0.000000 -0.000000 0.089879 0.154189 -0.138552 0.051794 -0.000000 -0.188268 -0.073129 -0.028597 0.141593 0.087991 -0.000000 -0.084406 0.052300 0.053798 -0.000000 -0.012963 -0.002393 -0.000000 0.092686 0.152126 0.066050 -0.091200 -0.207067 -0.085946 0.137101 0.055697 0.000000 0.128819 0.144046 0.000000 -0.000000 -0.057955 -0.077109 -0.136452 0.061688 -0.071638 0.063192 0.073092
  -0.147831 0.117459 -0.047035 -0.000000 0.298776 0.119014 0.046543 0.027336 0.052792 0.000000 0.079972 -0.000000 -0.138628 -0.000000 0.000000 -0.009109 0.000000 -0.078492 -0.000000 -0.017605 0.125952 0.029459 0.231309 0.021762 -0.009169 0.049851 -0.000000 -0.029217 0.000000 0.130638 -0.017407 -0.031776 -0.064405 -0.009276 0.000000 -0.000000 0.013424 -0.090191 0.297796 0.147163 0.266514 0.075110 0.012963 0.143386 -0.090641 -0.015289 0.331429 -0.049633 -0.000000 0.271680 -0.000000 0.018773 -0.028984 0.071527 -0.111532 -0.073539 0.176567 -0.114222 -0.276826 0.083221 -0.000000 0.000000 0.047453 -0.068135 0.239584 -0.070355 -0.000000 0.180540 0.024022 -0.141933 -0.073889 -0.099873 0.000000 -0.054429 -0.100310 0.141265 -0.000000 0.033790 -0.063919 -0.000000 0.050540 0.107635 0.136506 0.042250 -0.022021 0.163914 0.033331 -0.014691 0.000000 -0.055756 -0.012818 0.000000 -0.000000 0.149573 0.026829 0.070766 -0.173923 0.231530 0.013387 -0.188846
  0.075145 -0.025317 0.086020 0.000000 -0.004386 0.201898 -0.032214 -0.096538 -0.010384 -0.000000 0.053619 -0.000000 0.245035 0.000000 -0.000000 -0.147277 -0.000000 0.076849 0.000000 -0.180092 0.131000 0.045470 0.271023 0.209069 0.120076 0.313411 0.000000 0.093066 0.000000 -0.091912 -0.062876 0.095940 0.088177 -0.099477 -0.000000 -0.000000 -0.132917 -0.112742 0.314897 0.047810 0.050210 0.090669 -0.108678 -0.066917 0.131594 -0.076696 -0.008348 0.210398 -0.000000 0.081010 -0.000000 -0.152565 -0.141350 0.010470 -0.142983 0.012121 0.128274 0.079146 -0.075392 0.063478 -0.000000 0.000000 -0.085279 0.066991 0.140826 -0.011117 -0.000000 0.311509 -0.083065 -0.059643 0.105813 0.115774 -0.000000 -0.009650 -0.101834 0.087365 -0.000000 0.064259 0.046600 -0.000000 0.132306 0.191071 -0.197505 0.022819 -0.037581 0.184264 -0.022711 0.229108 -0.000000 -0.076339 0.057587 -0.000000 0.000000 0.158999 -0.072249 0.170709 0.018198 0.159572 0.009095 0.017868
  0.016372 -0.030556 0.067390 -0.000000 0.070029 0.135297 -0.214940 0.044507 0.080947 0.000000 0.026869 0.000000 -0.189008 -0.000000 -0.000000 -0.164376 0.000000 0.050404 -0.000000 -0.081743 -0.127635 -0.026792 0.023737 0.175698 0.094930 0.016660 0.000000 0.017859 -0.000000 -0.197883 -0.026001 -0.076520 -0.131117 -0.006091 -0.000000 0.000000 0.180102 -0.523627 0.208668 -0.151326 0.302706 0.137167 -0.082436 -0.245601 -0.030223 -0.019429 0.354414 0.193099 -0.000000 0.131804 -0.000000 -0.103976 0.007164 0.031483 -0.085682 0.001822 -0.162523 -0.116852 0.099915 0.048816 -0.000000 0.000000 0.067945 0.008172 0.242709 0.083744 -0.000000 0.039214 -0.007178 0.079091 0.039212 0.237608 -0.000000 -0.136632 0.116091 -0.114781 0.000000 0.027204 -0.012896 -0.000000 0.219911 0.027576 0.396127 0.130819 -0.140490 -0.272945 -0.007430 -0.160820 0.000000 0.099552 0.233268 0.000000 -0.000000 0.166846 0.051810 -0.129730 -0.060956 0.229733 0.095718 -0.091131
  -0.578946 0.008591 -0.066539 0.000000 0.579697 0.003095 -0.015484 0.116381 0.264903 0.000000 -0.429478 0.000000 0.170272 -0.000000 0.000000 -0.442648 -0.000000 -0.027221 -0.000000 -0.014511 0.077235 -0.645281 0.104766 0.201196 -0.052413 -0.102784 -0.000000 -0.009017 0.000000 0.097800 0.165231 0.045527 -0.022081 -0.687856 0.000000 0.000000 0.111017 0.253068 -0.454228 -0.087282 0.269162 0.039216 -0.136043 0.036432 0.094709 -0.084452 -0.017149 -0.663110 -0.000000 -0.366325 -0.000000 0.301367 -0.029801 0.146355 0.026409 0.220990 0.204076 0.066149 -1.786061 0.157344 -0.000000 -0.000000 0.294992 -1.324571 -0.369364 -0.600809 -0.000000 -0.425359 -0.036356 -1.137917 0.037115 0.094237 0.000000 0.020863 0.183408 -0.058161 -0.000000 -0.137903 -0.642573 0.000000 -0.199318 -0.092723 0.043458 0.024252 0.150513 0.063592 0.097125 -0.159500 -0.000000 -0.084163 -1.211519 -0.000000 -0.000000 -0.141837 0.048829 0.168679 0.052715 -0.347477 -0.706886 -1.207588
  0.075137 0.050406 0.135838 -0.000000 0.025425 -0.010680 0.043981 0.067108 -0.097602 -0.000000 0.027696 0.000000 0.098082 -0.000000 0.000000 0.052650 0.000000 -0.097143 -0.000000 0.097044 -0.072417 0.084705 0.258163 0.156748 0.044063 0.075722 -0.000000 -0.058128 -0.000000 -0.101128 -0.064914 0.011162 -0.053917 -0.090123 -0.000000 0.000000 0.038133 -0.238782 0.088103 0.080635 -0.021921 0.106366 0.083313 -0.002553 -0.051106 0.071248 0.109805 0.023265 -0.000000 0.140316 0.000000 -0.094366 0.088778 0.114345 -0.165028 0.050444 -0.081227 -0.228134 0.095270 0.047410 0.000000 -0.000000 -0.043051 0.170695 0.076376 0.062723 -0.000000 0.023429 0.009873 0.074140 0.025440 0.201812 -0.000000 0.054665 0.099403 0.048310 0.000000 0.027837 0.071614 0.000000 0.025459 0.086812 0.069497 0.093201 -0.115082 -0.212744 0.103894 0.058054 0.000000 -0.018509 -0.071617 -0.000000 -0.000000 -0.137066 0.162429 0.204393 -0.129394 0.039368 -0.064099 0.043696
  -0.199951 -0.098602 0.028319 0.000000 0.047603 0.062923 -0.078913 0.315123 0.405559 -0.000000 -0.126225 -0.000000 0.046185 -0.000000 0.000000 -0.050043 -0.000000 -0.064667 0.000000 -0.030691 -0.024814 0.191920 -0.372604 -0.003428 0.023228 -0.087698 -0.000000 0.094838 0.000000 -0.064627 0.111715 -0.106811 -0.020600 -0.210096 0.000000 0.000000 0.239762 0.011143 -0.233330 -0.124384 0.156399 0.049854 0.018116 -0.130937 -0.149958 0.194803 0.153054 -0.221936 -0.000000 0.228147 -0.000000 -0.205336 -0.117609 0.054376 -0.009937 -0.231044 0.128914 -0.137112 0.256574 -0.063179 -0.000000 0.000000 0.007203 -0.242940 -0.364981 -0.192702 -0.000000 -0.012241 -0.029572 0.031404 0.159082 0.127098 -0.000000 0.254645 0.016819 0.091817 0.000000 0.012898 -0.236910 -0.000000 -0.006595 -0.065877 -0.186751 -0.093373 -0.121520 0.071875 -0.000000 0.091887 0.000000 0.245554 0.045517 -0.000000 -0.000000 0.133434 0.158261 0.250470 0.172802 0.155218 -0.102336 -0.260442
  -0.033838 -0.103966 0.039031 0.000000 -0.936521 0.204743 0.113783 0.296016 -0.150080 0.000000 0.123653 -0.000000 -0.441643 0.000000 -0.000000 0.078689 -0.000000 0.128202 0.000000 -0.023948 0.064910 -0.087178 -0.125845 -0.047558 0.015040 -0.447929 -0.000000 0.267750 -0.000000 0.053065 -0.118919 0.072987 0.154972 -0.010765 0.000000 0.000000 -0.007704 -0.416880 -0.012182 0.257681 -0.569875 -0.051267 -0.124582 0.117939 -0.005893 0.132553 -0.952568 -0.003344 -0.000000 0.066710 0.000000 -0.238519 0.059396 -0.020577 -0.126112 -0.264410 0.052618 0.108207 0.177809 -0.153894 0.000000 -0.000000 -0.135107 0.019881 -0.168362 0.194915 -0.000000 0.178962 0.303000 0.063104 -0.018770 0.083835 -0.000000 0.102647 0.095306 0.088983 0.000000 0.038177 0.045778 0.000000 0.145848 0.000338 -0.022220 -0.795395 0.082074 0.197102 0.121342 0.062074 -0.000000 0.012817 -0.699279 -0.000000 0.000000 -0.065560 -0.025648 -0.047843 0.081243 0.156475 0.019168 -0.166144
  0.053609 -0.104270 -0.091391 0.000000 -0.144405 0.155760 0.037338 0.067450 0.139866 -0.000000 -0.019492 -0.000000 -0.088478 0.000000 0.000000 -0.133071 -0.000000 -0.019198 0.000000 0.015893 0.144958 -0.283382 -0.050221 -0.126645 0.046081 -0.092250 -0.000000 0.040961 -0.000000 0.000454 -0.070574 0.013556 0.047694 0.008651 -0.000000 0.000000 -0.032813 -0.231921 -0.023360 -0.003335 -0.105738 -0.106882 -0.218175 0.102610 -0.002691 -0.091318 0.119059 0.053263 -0.000000 0.069414 0.000000 -0.090773 -0.011379 0.033150 -0.353883 -0.223299 0.068443 0.149193 -0.312240 -0.077519 -0.000000 -0.000000 -0.239543 -0.023409 0.018185 0.013024 -0.000000 0.280693 -0.052026 -0.023040 0.033649 -0.021024 -0.000000 -0.054234 -0.174024 0.020325 0.000000 -0.027488 0.057736 0.000000 -0.099819 0.129700 -0.026199 -0.054992 -0.049212 0.005179 -0.065085 -0.050401 0.000000 -0.220702 -0.078524 -0.000000 -0.000000 0.063329 -0.200621 -0.171439 -0.137251 0.117179 -0.113548 -0.165633
  0.122326 -0.099785 -0.193581 -0.000000 -0.749182 -0.047218 0.092005 -0.072961 -0.127444 0.000000 -0.010155 -0.000000 0.093345 -0.000000 0.000000 -0.061860 -0.000000 0.108893 0.000000 -0.054372 0.185005 0.186708 -0.000000 0.347661 0.061139 -0.016965 -0.000000 0.253216 -0.000000 -0.129740 -0.301869 0.275942 -0.031375 -0.006570 -0.000000 0.000000 -0.227609 0.300496 -0.277468 0.038689 -0.090832 -0.162048 -0.000270 0.064190 -0.126589 0.032650 -0.426288 0.158628 -0.000000 0.036533 0.000000 0.333851 0.046529 -0.018340 -0.128437 0.013246 0.159033 -0.261347 0.367320 0.067019 0.000000 -0.000000 0.157005 -0.070447 -0.420169 -0.038124 -0.000000 0.145729 -0.109448 -0.143191 -0.074150 -0.169567 -0.000000 -0.062679 -0.132963 -0.109726 -0.000000 -0.092665 -0.213119 0.000000 -0.151857 -0.032699 -0.024738 -0.074877 0.265049 0.203968 -0.184403 0.048836 -0.000000 -0.186796 -0.274045 -0.000000 -0.000000 0.136478 -0.066743 0.025553 -0.041482 -0.003768 -0.239961 -0.169418
  -0.205826 -0.313573 -0.132753 -0.000000 -0.063750 0.148402 -0.004618 0.236738 -0.029178 0.000000 -0.033000 0.000000 0.164223 0.000000 -0.000000 -0.049278 0.000000 0.098052 -0.000000 -0.040408 -0.039589 -0.408985 0.537735 0.578853 -0.104527 0.232661 0.000000 0.116055 -0.000000 -0.143734 0.052061 -0.150430 -0.050397 0.074263 -0.000000 -0.000000 -0.190334 0.238227 0.019200 -0.049743 0.052719 0.028744 -0.070205 0.096130 -0.179232 0.073995 0.058111 -0.025706 0.000000 -0.143263 -0.000000 -0.125690 -0.052344 -0.079651 -0.043586 0.125648 0.218660 -0.009080 0.437142 0.456878 -0.000000 -0.000000 0.199493 -0.115947 -0.135114 0.055878 -0.000000 -0.051362 0.214464 0.119757 -0.271854 -0.171462 0.000000 -0.099811 0.045533 -0.064333 -0.000000 0.002352 0.180295 0.000000 -0.251142 0.114060 0.143569 0.312996 -0.003810 -0.160999 0.036703 -0.096803 -0.000000 -0.323720 0.131009 -0.000000 0.000000 0.055356 -0.126215 -0.213240 -0.017882 -0.111804 -0.147900 0.076290
  -0.136274 -0.000592 0.042153 -0.000000 -0.515549 -0.019052 -0.133960 0.119690 -0.016246 -0.000000 -0.039630 0.000000 0.333504 -0.000000 -0.000000 0.127683 -0.000000 -0.121792 -0.000000 -0.213791 -0.156095 0.016394 -0.175297 -0.121180 0.045667 -0.091871 -0.000000 -0.230384 0.000000 0.270680 -0.082683 -0.071774 -0.143157 0.000406 0.000000 0.000000 0.120509 0.044163 -0.066887 0.033446 -0.233082 0.082520 0.023050 -0.117303 -0.558391 0.094222 0.157292 0.031960 -0.000000 0.142308 -0.000000 -0.239299 -0.177773 -0.051790 0.022079 0.068549 0.302533 -0.100312 0.172995 -0.060051 0.000000 -0.000000 -0.142203 0.020592 -0.258915 0.023160 -0.000000 0.028170 0.013980 0.112163 -0.036662 -0.016087 -0.000000 0.007197 0.173852 -0.094007 -0.000000 0.091792 -0.044516 -0.000000 0.235387 0.040685 0.292948 0.000781 0.069616 -0.209197 -0.086764 0.038462 -0.000000 0.150550 0.011629 -0.000000 0.000000 -0.079128 0.127671 -0.053746 0.078709 0.090372 -0.087290 -0.137232
  0.248466 0.150090 0.058600 -0.000000 0.123468 -0.023985 -0.035846 -0.042922 0.084339 0.000000 0.032937 -0.000000 0.096888 -0.000000 -0.000000 0.034979 0.000000 0.055761 -0.000000 -0.117971 -0.018059 0.019654 -0.259830 -0.069776 0.200657 0.181670 0.000000 -0.025876 -0.000000 -0.047180 -0.034603 0.015842 0.081296 0.165408 0.000000 -0.000000 0.112153 0.100210 -0.008315 0.195588 0.011393 -0.113962 0.037248 0.017297 -0.220925 -0.079906 0.261780 0.175072 -0.000000 0.060049 -0.000000 0.047140 -0.048728 0.063665 -0.096794 0.089584 0.072151 0.030521 0.089567 0.131232 -0.000000 -0.000000 -0.120964 0.204640 -0.041817 0.106300 -0.000000 0.149040 0.004646 0.017336 0.143793 0.035240 0.000000 0.229331 0.075794 0.188187 -0.000000 -0.001433 0.125498 0.000000 0.122658 0.041485 0.021196 -0.028158 -0.098404 -0.070415 0.203847 -0.123649 0.000000 0.063227 0.113425 -0.000000 0.000000 0.153765 0.084905 0.226589 0.144060 0.170296 0.162236 0.177025
  0.227789 -0.124437 0.092947 -0.000000 -0.207739 -0.266307 0.022768 -0.112552 0.107942 -0.000000 -0.001115 -0.000000 -0.284854 -0.000000 0.000000 -0.166467 -0.000000 0.004587 0.000000 -0.159999 -0.078770 -0.076815 -0.038797 0.023558 0.032373 -0.370739 -0.000000 -0.080828 -0.000000 -0.008450 -0.033892 -0.209314 0.090724 0.087285 -0.000000 0.000000 0.022568 0.138727 -0.717504 -0.052893 -0.528396 -0.113396 -0.107553 -0.040897 0.142820 -0.218447 -0.602233 0.037229 -0.000000 -0.036928 -0.000000 0.196000 0.117492 -0.000270 -0.167042 0.052358 -0.648989 0.167582 -0.067982 -0.012722 -0.000000 -0.000000 0.024920 0.131824 -0.692616 0.082391 -0.000000 -0.040900 0.073990 0.115952 0.055991 -0.259077 0.000000 0.002386 -0.069125 -0.095354 0.000000 -0.087109 0.108594 0.000000 -0.162479 -0.672697 0.000218 -0.185830 0.159970 0.188677 -0.148570 -0.141379 -0.000000 0.034829 0.055283 0.000000 -0.000000 0.100796 -0.171670 -0.024719 -0.021494 -0.162101 0.237185 -0.142501
  -0.007933 0.135834 0.056635 0.000000 -0.020970 -0.041431 0.060328 -0.113741 0.155551 -0.000000 0.131760 -0.000000 -0.000000 0.000000 -0.000000 0.071297 -0.000000 0.086562 0.000000 -0.267945 -0.162805 -0.083861 -0.180598 -0.327742 0.032558 -1.484591 -0.000000 0.209240 0.000000 0.102654 -0.023331 0.137194 -0.219452 0.183413 0.000000 -0.000000 0.113959 0.042970 -0.047617 -0.048728 -0.912261 0.038687 -0.155038 -0.218007 0.319759 0.172828 -0.000000 0.081778 -0.000000 0.168661 0.000000 0.279768 0.152940 0.224142 0.101063 0.196730 -0.330537 -0.078787 -0.048039 0.152162 -0.000000 0.000000 -0.380351 -0.163758 -0.219663 0.033572 -0.000000 0.171774 0.141638 -0.048120 -0.055941 0.124119 0.000000 0.142873 0.113030 0.503771 0.000000 -0.074330 -0.261321 -0.000000 -0.014079 -0.095041 0.000184 -1.008791 0.128538 -0.141626 -0.314394 -0.123615 -0.000000 -0.044943 0.784770 0.000000 -0.000000 -0.059330 0.161965 0.074997 0.006342 0.032615 -0.098063 0.013735
  -0.009356 -0.068051 -0.221564 -0.000000 -2.574063 0.015160 -0.087167 -0.188349 0.125520 0.000000 -0.002338 0.000000 0.177606 0.000000 -0.000000 -0.192506 -0.000000 -0.153089 0.000000 -0.317764 -0.004603 -0.467401 -0.065025 -0.086697 -0.026266 0.028341 0.000000 -0.396125 -0.000000 -0.477625 -0.135525 0.043325 -0.077380 0.031133 0.000000 0.000000 -0.185114 -0.064032 -0.629656 -0.205984 -0.002452 -0.093990 -0.109509 -0.248939 -0.220715 -0.246072 -0.000000 -0.078878 -0.000000 -0.222554 0.000000 0.015671 -0.065712 0.042775 -0.175897 0.635747 0.086082 -0.065972 -0.459264 0.463265 0.000000 0.000000 0.196123 -0.056951 0.856804 0.219500 -0.000000 -0.159350 0.139109 0.013396 -0.034506 -0.241613 -0.000000 0.083327 -0.270779 0.000000 0.000000 -0.175221 0.065467 0.000000 -0.126039 -0.138597 0.000000 -0.000000 0.002545 -0.061155 -0.538331 -0.205213 -0.000000 -0.185764 -0.000000 -0.000000 -0.000000 0.040056 -0.151263 -0.011927 -0.146551 0.040434 0.166394 0.076341
  0.113562 0.080488 0.004663 -0.000000 -1.170067 -0.070773 0.058377 -0.025476 0.144591 -0.000000 0.100112 0.000000 -0.059145 0.000000 -0.000000 0.009621 -0.000000 -0.090903 0.000000 -0.035574 0.060086 -0.004135 -0.061406 -0.190486 0.166809 -0.056326 0.000000 0.002692 0.000000 0.045961 -0.049691 -0.047190 0.041146 0.062135 0.000000 -0.000000 0.043474 -0.077249 -0.074528 0.094737 -0.286842 0.123203 0.074057 0.023039 -0.050526 0.119386 -0.724001 -0.064473 -0.000000 0.049718 0.000000 -0.354228 0.064437 -0.031518 0.155853 -0.240093 -0.171238 0.140669 0.053206 -0.564208 -0.000000 -0.000000 0.049219 -0.048606 -0.442627 0.050254 -0.000000 0.074112 0.022501 0.014466 0.232006 -0.103342 0.000000 0.250917 0.184317 -0.803567 -0.000000 0.104246 -0.007677 -0.000000 -0.072408 0.010048 -0.803061 -0.878832 0.217960 0.011488 0.060343 0.197238 -0.000000 0.118657 -0.612529 -0.000000 -0.000000 0.073491 -0.069249 -0.095037 -0.004094 0.206297 0.130649 0.047322
  0.071043 0.019821 -0.015555 0.000000 -0.150338 0.053322 0.084953 0.154275 0.035886 -0.000000 -0.056444 0.000000 -0.229082 0.000000 -0.000000 0.020460 -0.000000 -0.040260 -0.000000 0.098563 0.115075 -0.076410 0.082631 0.082629 -0.029652 -0.085256 -0.000000 -0.170709 -0.000000 -0.090865 -0.157386 0.067568 0.015160 0.057004 0.000000 0.000000 0.065021 -0.352981 0.114577 -0.044074 0.019907 0.127293 0.166754 0.068111 0.109334 -0.112397 -0.183927 0.176846 -0.000000 0.155470 -0.000000 0.235675 0.096453 0.026750 0.091180 -0.036109 -0.252547 0.250140 -0.978426 0.000845 -0.000000 0.000000 -0.108966 0.095964 0.315560 -0.101621 -0.000000 -0.039818 0.193867 -0.117566 -0.041867 0.029003 -0.000000 -0.068906 -0.092580 -0.079563 -0.000000 -0.045280 0.065299 0.000000 0.135773 0.163710 -0.017887 -0.941922 -0.055392 0.147386 -0.066409 0.159862 0.000000 -0.111770 0.245426 -0.000000 -0.000000 -0.146375 -0.003420 0.077218 0.149357 -0.111974 0.036446 0.027712
  -0.485107 0.227014 -0.173673 -0.000000 0.293424 -0.099077 -0.216283 -0.175826 0.168138 -0.000000 -0.458743 -0.000000 -0.000000 -0.000000 0.000000 -0.441329 -0.000000 -0.281050 0.000000 -0.196326 -0.227803 -0.044045 0.127484 0.131193 0.013575 -0.447938 -0.000000 -0.109012 -0.000000 -0.236675 -0.201636 -0.248669 -0.295651 -0.648610 -0.000000 0.000000 -0.022898 0.536821 0.117638 -0.182666 0.489624 -0.242671 -0.181442 0.012557 0.295186 -0.256201 -0.000000 -0.427116 -0.000000 -0.274013 -0.000000 0.131826 -0.235576 -0.000000 -0.215741 0.148108 0.000000 -0.181446 -2.828726 0.235892 0.000000 0.000000 0.236369 -1.473071 -1.113030 -0.527152 -0.000000 -0.362237 -0.023757 -0.905527 -0.030143 -0.057612 0.000000 -0.118833 0.046459 -0.260794 0.000000 -0.075214 -0.516553 -0.000000 -0.054781 -0.027171 0.464072 0.082291 0.162237 -0.038964 0.000000 -0.111511 -0.000000 -0.171638 -0.911129 0.000000 -0.000000 -0.115555 -0.144610 -0.247810 -0.012227 -0.557475 -0.379968 -1.774487
  -0.262363 0.128543 -0.224878 0.000000 -0.014969 -0.105130 -0.070255 0.092199 0.144408 -0.000000 -0.072230 0.000000 -0.331822 -0.000000 0.000000 0.062786 0.000000 0.026857 0.000000 -0.051755 0.137253 0.127376 0.140724 -0.025842 -0.017598 -0.593396 0.000000 -0.231952 -0.000000 -0.043377 0.024727 0.139572 -0.094060 0.011467 0.000000 -0.000000 -0.027535 0.264058 0.025627 -0.022069 -0.097413 -0.040639 -0.091777 0.134268 -0.684324 -0.041228 -0.188875 -0.174208 -0.000000 0.136579 0.000000 0.021888 0.061442 -0.368060 -0.082703 0.056796 -0.392034 -0.059079 -0.366692 0.068146 0.000000 0.000000 -0.070619 -0.464615 0.575344 -0.070461 -0.000000 0.001861 0.113003 -0.318834 0.135650 0.125984 -0.000000 0.131300 -0.149764 0.017132 0.000000 0.073250 -0.227161 -0.000000 -0.136852 0.369046 -0.859239 -0.049176 -0.050897 0.013496 -0.201549 0.122909 -0.000000 -0.140970 0.083462 0.000000 -0.000000 -0.110986 0.024825 -0.028363 0.076860 -0.093372 -0.147674 -0.363128
  0.183515 0.035880 -0.164009 0.000000 -0.058705 -0.030494 0.122244 0.132417 0.159890 0.000000 0.277355 0.000000 0.149122 -0.000000 -0.000000 0.266014 -0.000000 -0.040877 0.000000 0.098055 0.065299 0.044149 0.173902 -0.003160 -0.019312 0.370288 -0.000000 0.027640 0.000000 -0.051537 0.085784 0.133565 -0.138315 0.317981 0.000000 -0.000000 -0.077925 -0.722173 -0.005992 -0.031289 0.106218 0.110298 0.007164 -0.030145 -0.005979 -0.081868 0.073665 0.088300 -0.000000 0.141443 -0.000000 -0.024903 0.111057 0.081038 0.040776 -0.113399 0.100895 0.062426 -0.000000 -0.053503 0.000000 -0.000000 0.142403 0.257621 0.502416 0.307375 -0.000000 0.255099 0.133712 0.224959 -0.091286 0.077511 0.000000 0.114299 -0.031889 -0.216982 0.000000 0.174603 0.274072 -0.000000 0.010961 -0.078099 0.095630 -0.001231 -0.003066 -0.045973 -0.033940 -0.067216 0.000000 -0.198396 -0.150349 0.000000 0.000000 0.012515 -0.067866 0.094068 0.194512 0.185537 0.344798 0.246293
  0.041137 -0.273574 -0.419585 -0.000000 -1.177979 0.048617 0.031399 -0.799992 -0.130503 0.000000 0.057371 0.000000 0.340394 0.000000 0.000000 0.289573 -0.000000 -0.008655 0.000000 -0.192319 0.212891 0.222488 0.000000 1.076858 0.198759 -0.062548 -0.000000 -0.182924 0.000000 -0.039208 -0.157976 0.288099 -0.164180 0.127429 0.000000 -0.000000 -0.375941 0.630268 -0.535666 0.118651 -0.179868 -0.293663 -0.124346 -0.085965 -0.000265 -0.271427 -0.311723 -0.094583 0.000000 0.055527 -0.000000 0.892881 -0.116400 -0.220333 -0.141538 0.002170 0.667274 -0.095535 0.442523 0.610571 0.000000 0.000000 0.113408 -0.117478 -0.710487 -0.092319 -0.000000 -0.027759 0.178188 -0.203864 0.243434 -0.263214 -0.000000 0.309317 -0.315094 -0.656253 -0.000000 -0.097423 -0.139869 0.000000 -0.378746 0.067180 -0.274098 -0.243421 0.416325 -0.103415 -0.075828 -0.000014 0.000000 -0.303779 -0.092520 -0.000000 0.000000 0.233488 -0.321208 0.204302 -0.304629 -0.107899 -0.269635 -0.115794
  0.147439 0.015010 0.068931 0.000000 0.290254 0.006095 -0.026152 -0.070162 -0.067022 -0.000000 0.038163 -0.000000 0.098661 -0.000000 0.000000 -0.080319 -0.000000 0.068194 -0.000000 -0.058685 0.014603 0.146242 -0.055471 -0.161264 0.141263 0.329215 0.000000 0.098081 0.000000 0.146143 0.145275 -0.164043 -0.110957 0.092289 0.000000 -0.000000 -0.118546 0.000116 0.050695 -0.004424 0.069794 0.102802 0.047047 -0.079319 -0.240112 -0.010051 0.118804 0.078072 -0.000000 0.172220 -0.000000 -0.089080 0.007391 0.047583 -0.067229 0.012381 -0.033201 -0.026606 0.099454 -0.216700 0.000000 0.000000 -0.155433 0.020828 0.086596 0.013215 -0.000000 0.206691 -0.222687 -0.080385 0.163408 0.168216 -0.000000 0.042504 0.068725 0.096038 -0.000000 -0.135052 -0.029056 0.000000 0.197463 0.162668 0.125874 0.038894 -0.056409 0.069694 0.144926 -0.031345 -0.000000 0.135938 0.022768 -0.000000 0.000000 -0.025213 -0.046119 0.134845 -0.094889 -0.009781 -0.017648 0.129173
  0.000000 0.000000 0.000000 -0.000000 -0.000000 0.000000 -0.000000 0.000000 0.000000 0.000000 -0.000000 -0.000000 0.000000 -0.000000 0.000000 -0.000000 -0.000000 -0.000000 -0.000000 0.000000 -0.000000 -0.000000 -0.000000 -0.000000 -0.000000 -0.000000 0.000000 0.000000 0.000000 0.000000 -0.000000 0.000000 0.000000 -0.000000 0.000000 -0.000000 -0.000000 0.000000 -0.000000 -0.000000 -0.000000 -0.000000 -0.000000 0.000000 0.000000 0.000000 -0.000000 0.000000 0.000000 -0.000000 0.000000 0.000000 0.000000 -0.000000 -0.000000 0.000000 0.000000 0.000000 0.000000 0.000000 -0.000000 0.000000 -0.000000 0.000000 0.000000 -0.000000 0.000000 -0.000000 -0.000000 -0.000000 -0.000000 -0.000000 -0.000000 0.000000 0.000000 0.000000 -0.000000 0.000000 0.000000 -0.000000 0.000000 -0.000000 0.000000 -0.000000 -0.000000 0.000000 -0.000000 -0.000000 0.000000 0.000000 0.000000 -0.000000 -0.000000 0.000000 -0.000000 -0.000000 0.000000 -0.000000 -0.000000 -0.000000
  0.043047 -0.104623 0.061111 -0.000000 0.125875 0.232766 0.142795 0.246207 -0.287679 -0.000000 0.092747 0.000000 -0.094897 0.000000 -0.000000 0.100649 -0.000000 0.077768 0.000000 0.188582 0.213260 0.070660 0.213093 0.054769 0.156599 -0.277190 0.000000 0.144510 -0.000000 0.180315 0.005442 0.156928 0.157500 0.144506 -0.000000 0.000000 0.212441 0.191020 -0.304920 0.231794 -0.602997 -0.041115 0.072486 0.116168 -0.115156 0.230909 -1.265334 0.082259 -0.000000 0.058424 0.000000 0.113053 0.261791 -0.788841 0.221192 0.088936 -0.018037 0.241277 -0.011425 -0.076264 -0.000000 0.000000 0.038857 0.091502 -1.355218 0.260400 -0.000000 0.084212 0.119205 0.201665 0.308901 0.005850 -0.000000 0.039859 0.014360 0.094144 0.000000 0.113530 0.212001 0.000000 -0.032354 -1.562010 -0.071312 -0.013744 0.159178 0.149340 -0.757606 0.210753 0.000000 0.205908 0.078358 0.000000 -0.000000 0.125125 0.153611 0.211183 0.085388 0.002818 0.189187 0.130257
  0.070958 0.148218 0.094449 -0.000000 -1.004150 -0.039471 0.100113 -0.017759 -0.039902 -0.000000 -0.076846 -0.000000 -0.034290 -0.000000 0.000000 0.198147 0.000000 0.182161 -0.000000 0.191799 0.022178 0.157975 -0.264813 -0.119855 -0.084640 -0.006399 -0.000000 -0.132342 -0.000000 0.185864 0.130792 0.182324 0.057145 0.204748 0.000000 0.000000 0.055220 0.228923 -0.058405 0.073819 -0.307970 -0.104894 -0.009666 0.151507 0.044977 0.068555 -0.629767 0.025695 -0.000000 0.029820 0.000000 0.011633 0.034842 0.069802 0.086251 -0.301377 -0.727805 0.202152 -0.044626 -0.272517 -0.000000 -0.000000 -0.282282 0.017019 -0.520717 0.141463 -0.000000 0.041555 0.071736 0.216392 0.154901 -0.061949 0.000000 -0.081664 0.191811 -0.518371 -0.000000 0.050678 0.021999 -0.000000 0.059896 -0.013612 -0.540439 -0.010499 0.177152 0.017884 0.068088 0.011277 0.000000 0.028003 -0.309632 0.000000 -0.000000 0.019881 0.070014 0.093975 0.061547 0.025942 0.198137 -0.056749
  -0.121048 -0.239302 0.040785 0.000000 0.062690 0.162747 -0.050998 0.079472 0.049204 -0.000000 0.131435 0.000000 -0.024488 -0.000000 -0.000000 -0.170032 -0.000000 0.112351 -0.000000 0.091949 0.086434 -0.200847 0.026407 -0.167207 -0.330299 -0.167187 0.000000 -0.003266 0.000000 -0.466374 0.003707 0.088949 0.155152 -0.275112 0.000000 -0.000000 -0.030784 -0.480022 -0.065629 0.061129 -0.167654 0.153054 0.127058 0.041362 0.127179 0.268620 0.510062 0.171528 -0.000000 -0.184868 0.000000 -0.072751 0.009249 -0.111140 0.004603 -0.287375 -0.218970 -0.034210 -0.137328 -0.239629 -0.000000 -0.000000 -0.244305 0.004260 -0.509947 -0.145756 -0.000000 -0.102422 -0.090454 0.061967 -0.323837 0.021213 0.000000 -0.307316 0.136764 -0.339453 -0.000000 -0.045908 -0.128940 -0.000000 -0.018697 -0.261912 -0.171688 -0.008439 -0.108082 0.086477 -0.116006 -0.056242 -0.000000 0.137470 -0.111495 -0.000000 -0.000000 -0.117490 -0.016603 -0.302276 0.175154 0.107117 -0.174489 -0.112576
  0.131618 -0.078331 0.208600 -0.000000 0.202239 0.044806 0.202515 0.276247 -0.300769 -0.000000 0.251804 -0.000000 -0.333279 -0.000000 0.000000 0.181007 -0.000000 -0.040890 -0.000000 0.137688 0.208517 0.107789 0.232906 0.167269 -0.050024 -0.274870 -0.000000 0.108595 0.000000 0.264713 0.066271 0.134589 0.206776 0.183461 -0.000000 -0.000000 0.180030 0.010605 -0.086237 -0.030771 0.108229 0.109957 0.155632 0.259449 -0.072766 0.006458 -0.763492 0.015598 -0.000000 -0.066773 -0.000000 0.152672 0.094017 -0.993776 0.223627 0.150536 -0.496054 0.043288 -0.112084 -0.010102 0.000000 0.000000 -0.033490 0.273030 -0.706173 0.086378 -0.000000 0.074242 0.037497 0.127684 -0.039861 0.077720 -0.000000 0.126244 0.135316 0.046305 -0.000000 0.234546 0.204237 0.000000 0.232138 -2.264775 0.061230 0.086685 0.050604 0.191537 -1.290778 0.188719 0.000000 0.270520 -0.065186 0.000000 0.000000 0.129877 0.055969 0.150716 0.288221 -0.041312 0.196336 0.275177
  0.310967 -0.156229 -0.007001 -0.000000 -0.380900 -0.030978 0.102748 0.225871 0.110801 -0.000000 0.234278 0.000000 -0.432582 -0.000000 -0.000000 0.124236 -0.000000 0.025237 0.000000 0.032172 0.217309 0.017784 -0.114238 0.061767 0.000321 -0.111375 0.000000 -0.023178 0.000000 0.008996 -0.033547 0.207344 0.141644 -0.002732 0.000000 0.000000 -0.018899 -0.782831 0.141859 -0.198899 -0.380854 0.038666 -0.048966 -0.058759 0.037157 0.174869 -0.379876 0.191040 -0.000000 0.106699 -0.000000 0.036453 0.014101 0.173514 -0.007204 -0.231366 -1.305277 0.140444 -0.049447 -0.166226 0.000000 -0.000000 -0.395619 -0.052865 -0.069798 -0.175192 -0.000000 0.141071 -0.079374 -0.034065 0.003274 0.118543 0.000000 0.078907 -0.089801 0.376564 0.000000 0.105669 0.126158 -0.000000 0.198303 0.071191 -0.760334 -1.101867 0.181905 0.185656 0.041944 0.032248 -0.000000 0.194317 0.389895 0.000000 -0.000000 0.194747 0.180787 0.078437 -0.012212 0.192809 -0.005932 0.089631
  -0.228157 0.089460 0.016631 -0.000000 -0.198612 -0.249006 0.227873 0.064434 0.098251 -0.000000 -0.160310 0.000000 0.094313 -0.000000 0.000000 -0.445337 -0.000000 -0.038002 -0.000000 -0.091784 -0.071675 0.136731 -0.102705 0.022568 -0.105974 -0.083834 0.000000 -0.292204 0.000000 -0.282033 -0.131497 0.034164 0.020412 -0.113006 -0.000000 -0.000000 -0.049955 -0.042073 0.007271 -1.082850 0.012365 -0.179530 0.008247 0.063421 0.003655 -0.038689 -0.000000 0.005002 -0.000000 -0.121311 0.000000 0.075829 -0.549154 -0.134497 -0.084049 -0.241465 0.088841 -0.506407 -0.232879 -0.214618 -0.000000 0.000000 0.122706 -0.244728 -0.042000 -0.256660 0.000000 -0.247292 -0.063009 -0.006661 -0.392618 0.074915 0.000000 -0.338471 0.038810 0.213208 0.000000 -0.087441 -0.155406 -0.000000 -0.050041 -0.105698 -0.266724 -0.101909 0.136000 0.078510 0.181223 -0.220146 -0.000000 0.034931 0.129002 -0.000000 0.000000 -0.055409 -0.067823 -0.089114 -0.116003 -0.312126 -0.313093 -0.366310
  -0.090498 0.068356 -0.002341 0.000000 -0.191010 0.048377 0.175129 -0.439806 -0.151645 -0.000000 -0.059165 0.000000 0.016228 0.000000 -0.000000 -0.265994 -0.000000 0.035762 -0.000000 0.013834 -0.080394 0.522578 1.320588 0.560447 -0.227993 -0.227138 0.000000 0.111947 -0.000000 -0.087742 -0.198594 -0.042330 0.190845 0.025115 -0.000000 0.000000 -0.275525 0.160193 0.038570 0.093807 -0.167770 -0.206051 -0.054306 0.151196 0.755499 0.058492 -0.142834 -0.161679 -0.000000 0.027896 -0.000000 0.000973 -0.295254 0.005770 -0.233684 0.105483 0.275833 0.115494 -0.090727 0.479679 -0.000000 -0.000000 0.135453 -0.305905 -0.234730 -0.002737 -0.000000 -0.116287 0.064743 0.122288 -0.376244 -0.008934 0.000000 -0.356874 -0.012165 0.005536 -0.000000 0.105399 0.063624 0.000000 -0.061048 -0.033225 -0.150372 -0.022524 0.033950 -0.002869 -0.342232 0.059401 -0.000000 -0.247789 0.125529 0.000000 0.000000 0.020665 -0.115975 -0.410799 -0.093697 -0.057627 0.139086 -0.149038
  0.186869 -0.068482 0.083106 0.000000 -0.190525 0.008027 0.227801 0.228342 -0.275396 0.000000 -0.094722 0.000000 -0.035250 -0.000000 0.000000 0.224222 -0.000000 0.242900 0.000000 0.109437 0.179147 -1.707065 0.141844 -0.044314 0.355663 -0.190526 0.000000 0.194683 0.000000 0.126458 0.004237 0.100923 0.290210 -0.048185 -0.000000 -0.000000 0.055769 0.203381 -0.231063 0.265847 -0.161331 -0.088114 0.205957 0.095993 -0.635123 0.101125 -0.143070 0.053728 -0.000000 -0.091833 -0.000000 0.226336 0.219183 -0.126575 0.140622 -0.228226 0.028642 0.322006 -0.126626 0.088359 -0.000000 -0.000000 -0.146688 0.054905 0.064411 -0.013246 -0.000000 -0.153369 0.107369 0.023624 0.407067 -0.092655 -0.000000 0.487622 0.187745 0.194719 -0.000000 0.050689 0.227182 -0.000000 -0.025674 -0.546316 -0.458270 -0.326409 0.190945 0.290057 0.184094 0.117444 -0.000000 0.167977 0.251961 0.000000 -0.000000 0.154187 -0.113103 0.356555 0.185922 0.020882 0.181608 0.031973
  0.051077 -0.111581 0.033451 -0.000000 -0.074661 0.008624 0.053384 0.027178 -0.141144 -0.000000 -0.033703 0.000000 -0.232689 0.000000 -0.000000 0.318314 0.000000 0.102500 -0.000000 0.161516 0.022115 -0.056124 0.159215 -0.081055 0.169818 -0.509697 -0.000000 0.150862 -0.000000 0.002482 0.079625 0.127424 0.158087 0.156841 -0.000000 -0.000000 -0.046602 -0.005857 -0.048300 0.016263 -0.198890 0.086575 0.207810 0.109145 -0.007456 0.078246 -0.172820 -0.029867 -0.000000 -0.114561 -0.000000 0.265149 0.070234 -2.602382 0.202495 0.074349 -0.463943 0.020689 -0.044584 -0.114613 -0.000000 -0.000000 -0.070308 0.071910 0.342581 0.017332 -0.000000 0.116359 0.111078 0.064602 0.018095 -0.098001 -0.000000 0.123209 0.206703 0.016992 0.000000 0.144784 0.076320 0.000000 -0.046321 0.242765 -0.199572 -0.021672 0.056895 0.068679 -0.224353 -0.034779 -0.000000 0.183249 0.079891 -0.000000 -0.000000 0.132778 -0.076956 -0.033265 0.059228 0.154013 0.059970 0.083105
  -0.266803 -0.478838 0.171392 -0.000000 -0.084103 -0.050381 -0.151372 -0.108561 0.249139 -0.000000 -0.064156 -0.000000 -0.049827 0.000000 -0.000000 -0.269109 -0.000000 -0.032460 -0.000000 -0.157234 -0.206409 -0.030281 0.182410 -0.109698 -0.464363 -0.324794 -0.000000 -0.000943 -0.000000 -0.316816 0.135778 0.011531 -0.055858 -0.084436 0.000000 0.000000 0.080254 -0.244619 0.199666 0.018301 -0.015146 0.213431 -0.093808 -0.055389 -0.051304 0.004278 0.224347 0.298255 -0.000000 -0.080365 -0.000000 -0.072844 -0.209809 0.027741 -0.192571 -0.132060 -0.050894 -0.027229 -0.025005 0.022941 -0.000000 0.000000 0.113022 -0.057090 -0.120112 0.031291 -0.000000 0.182337 0.012081 0.004104 -0.228692 -0.040414 0.000000 -0.325712 -0.041951 0.086543 -0.000000 -0.044974 -0.169574 -0.000000 -0.021188 -0.121777 -0.059349 0.139071 0.090806 -0.182207 -0.354825 -0.109008 -0.000000 0.174747 -0.144173 -0.000000 0.000000 -0.083882 0.008461 -0.254306 0.022522 0.127231 -0.104737 -0.112616
  -0.073623 0.065183 -0.166165 -0.000000 -0.305215 -0.369228 -0.000059 -0.117645 0.099288 -0.000000 -0.135780 0.000000 0.342409 -0.000000 0.000000 -0.169460 0.000000 -0.120102 0.000000 0.034613 -0.078928 -0.157342 -0.248798 -0.137494 -0.447233 0.051788 -0.000000 0.056703 -0.000000 -0.957920 -0.126262 -0.261067 -0.184530 -0.182046 -0.000000 -0.000000 0.070051 -0.534881 0.260715 -0.007839 -0.710680 0.166393 -0.002410 -0.213518 -0.211184 0.057485 0.000000 -0.115653 -0.000000 -0.265546 0.000000 -0.150995 -0.070861 -0.061332 -0.169256 0.222952 0.770551 -0.231235 -0.239907 -0.249550 -0.000000 0.000000 0.081258 -0.210781 0.482966 -0.147474 -0.000000 -0.323688 -0.145948 -0.085102 -0.238889 0.116122 0.000000 -0.263471 -0.062480 -0.000000 -0.000000 -0.032037 0.034675 -0.000000 0.333855 -0.100975 -0.542027 0.000054 -0.208463 -0.172801 -0.421924 -0.215393 0.000000 0.000499 0.000000 -0.000000 0.000000 -0.302108 0.267770 -0.576245 -0.081134 -0.316524 0.164919 -0.064713
  -0.224344 -0.088768 -0.021520 -0.000000 0.039954 0.054314 0.045946 -0.093293 0.323491 -0.000000 -0.169832 -0.000000 0.318510 0.000000 -0.000000 0.037041 0.000000 0.122611 0.000000 0.102831 0.046250 -0.147774 -0.307755 -0.252263 0.188556 0.549284 0.000000 -0.127291 -0.000000 0.256904 -0.040485 0.006211 0.162262 -0.115811 0.000000 -0.000000 -0.044931 0.230213 -1.010865 0.054032 -0.710057 0.127292 -0.180319 0.102951 -0.026158 0.045327 -0.041397 -0.265814 -0.000000 0.105707 0.000000 -0.013588 -0.001510 0.468503 0.056872 0.074437 0.733047 0.184907 0.263459 -0.021011 -0.000000 -0.000000 -0.211842 -0.290478 -0.966187 -0.011797 -0.000000 -0.136072 -0.014170 -0.272291 0.049224 0.051290 0.000000 0.238120 0.075930 -0.164877 -0.000000 -0.185603 -0.248622 -0.000000 0.014696 0.629836 0.066057 0.089021 0.109521 0.164760 0.128014 0.170269 0.000000 0.108701 -0.105905 0.000000 0.000000 0.066960 0.125415 0.261542 -0.057858 0.035626 -0.223278 -0.176655
  -0.000668 -0.093298 0.019146 -0.000000 0.042674 -0.084360 -0.021374 -0.072570 -0.070853 -0.000000 -0.031692 -0.000000 -0.055397 0.000000 0.000000 0.101699 -0.000000 -0.085639 -0.000000 -0.065951 0.069319 0.106230 0.065264 0.008744 -0.067732 0.119024 0.000000 -0.056043 0.000000 -0.049977 0.068019 0.078279 0.130430 -0.130859 -0.000000 -0.000000 -0.020112 -0.149010 0.126702 -0.115725 -0.085136 -0.045918 0.082206 0.124026 0.093652 -0.094068 0.064884 0.021547 -0.000000 0.073475 0.000000 -0.231437 -0.000274 0.057142 0.012479 -0.144471 -0.125023 -0.122161 0.093874 -0.071346 -0.000000 0.000000 0.025647 -0.020482 -0.208824 0.129086 -0.000000 0.070553 -0.095920 0.032731 -0.113695 0.080358 0.000000 0.148683 0.111833 -0.271174 0.000000 -0.016375 0.061970 -0.000000 0.137279 0.118253 -0.070339 -0.076275 -0.008247 0.042398 0.062254 0.110131 0.000000 0.009102 -0.273988 -0.000000 0.000000 -0.035453 0.137310 -0.074983 0.060275 -0.175928 0.036959 0.041364
  -0.116260 -0.111016 -0.022438 0.000000 -0.061289 -0.242667 0.213056 -0.067123 0.073891 -0.000000 0.116877 -0.000000 -0.008929 -0.000000 -0.000000 0.001154 -0.000000 0.066126 0.000000 0.078300 0.154932 0.032370 0.010102 -0.258876 -0.212545 -0.177366 -0.000000 -0.011469 -0.000000 -0.020543 -0.001027 -0.235413 0.091156 0.133002 0.000000 0.000000 -0.105308 0.112767 -0.182647 0.120467 -0.023005 0.110536 -0.076767 0.010447 -0.010124 -0.069312 -0.192284 0.040135 -0.000000 -0.429112 -0.000000 -0.177142 0.007746 0.043545 -0.044751 0.215492 -0.058134 -0.272185 -0.385841 -0.164078 -0.000000 0.000000 0.078838 -0.118147 -0.049215 0.072661 -0.000000 -0.188142 -0.546820 -0.093741 -0.161174 0.146305 0.000000 -0.214537 -0.010746 -0.441953 -0.000000 0.220181 -0.132017 0.000000 0.016473 -0.320899 -0.072765 0.072429 0.034452 0.025497 -0.391568 0.051804 -0.000000 -0.267578 0.310283 -0.000000 0.000000 -0.030739 -0.109326 -0.108556 0.049364 -0.084938 -0.126292 -0.176952
  0.131061 -0.013385 0.187625 -0.000000 0.170545 0.109260 0.065338 0.108683 -0.271000 -0.000000 0.184780 0.000000 -0.803936 -0.000000 -0.000000 0.207804 -0.000000 0.143585 -0.000000 0.192126 0.220005 -0.010380 0.203394 0.085144 0.224284 -0.422495 -0.000000 0.024202 0.000000 0.277649 0.075187 0.141232 0.167685 0.380706 0.000000 0.000000 0.153002 -0.107048 -0.202239 0.070807 -0.317875 0.168949 0.236230 0.205050 -0.009426 0.088246 -1.096017 0.001199 -0.000000 -0.053132 -0.000000 0.173464 0.048039 -1.488605 0.179273 0.139337 -0.825553 0.160053 -0.038022 0.062952 -0.000000 -0.000000 0.043468 0.312374 -1.136676 0.144885 -0.000000 0.048400 0.091191 0.176616 0.146604 0.124372 -0.000000 0.051805 0.048284 -0.085181 -0.000000 0.191756 0.291319 0.000000 0.004714 -1.984636 -0.097091 0.082208 0.142581 0.047832 -0.646200 0.131143 -0.000000 -0.010845 -0.088265 -0.000000 0.000000 0.009871 0.069192 0.109321 0.158678 0.226616 0.096717 0.505173
  -0.160934 0.257802 -0.016282 -0.000000 0.089523 0.123809 -0.019551 -0.028637 0.233844 0.000000 -0.206538 0.000000 0.136627 0.000000 0.000000 -0.071605 -0.000000 0.037910 0.000000 0.008821 0.032657 0.147588 -0.119114 0.037007 -0.017363 0.138697 -0.000000 -0.211871 -0.000000 0.113181 -0.083010 0.071469 0.116202 -0.210304 -0.000000 0.000000 0.070913 0.343972 -0.096150 0.014718 -0.975156 0.057440 -0.100734 0.123574 -0.529970 0.200545 0.398257 -0.208359 -0.000000 -0.105869 0.000000 -0.143002 -0.067671 0.096714 -0.187154 0.291761 0.422045 0.131079 0.051576 -0.000292 -0.000000 0.000000 -0.086244 -0.262267 0.200255 -0.209283 -0.000000 -0.310955 0.164214 -0.271101 -0.065424 0.142376 -0.000000 -0.045094 0.074365 -0.205634 -0.000000 -0.130112 -0.238889 -0.000000 0.085998 0.150604 -0.361382 0.130424 -0.009596 0.078587 -0.475335 0.040168 0.000000 -0.037063 -0.088449 -0.000000 -0.000000 -0.058637 -0.031415 -0.056184 -0.006486 -0.284050 -0.170542 -0.253077
  -0.076556 -0.388221 0.154020 -0.000000 0.029336 0.126781 0.033388 0.172261 -0.182097 -0.000000 0.257935 -0.000000 0.105568 -0.000000 0.000000 0.110007 0.000000 0.160795 0.000000 0.176314 -0.022564 -0.289491 0.264744 0.150340 0.031815 0.104962 -0.000000 0.589019 -0.000000 0.287592 0.156746 0.123766 0.003215 0.173561 -0.000000 0.000000 0.047278 -0.200437 0.048328 0.262942 0.011593 0.042152 0.282876 0.110103 0.309164 0.281661 0.333806 0.024172 -0.000000 0.007948 -0.000000 -0.096314 0.058876 0.243822 0.425893 -0.022928 0.179346 0.094690 -0.077523 0.144425 -0.000000 0.000000 0.153443 -0.081546 -0.129152 0.246216 -0.000000 0.184513 0.331190 -0.023858 -0.120612 0.005687 0.000000 0.025189 0.181293 0.156917 0.000000 0.348738 -0.186291 -0.000000 0.030797 0.164236 0.161310 0.092448 -0.013180 0.123703 -0.119428 0.132024 -0.000000 0.072872 -0.032480 0.000000 0.000000 0.027928 0.351230 -0.181739 0.130382 0.158458 -0.020337 0.033618
  0.099176 -0.008963 0.275984 0.000000 0.091909 0.114125 0.173445 0.365678 -0.283897 -0.000000 0.097724 -0.000000 -0.555210 -0.000000 0.000000 0.148870 -0.000000 0.044287 -0.000000 0.311165 0.151216 0.096909 0.080475 0.155304 0.123163 -0.182516 -0.000000 0.200540 0.000000 0.122489 0.057789 0.155494 0.111115 0.094244 -0.000000 -0.000000 0.285458 -0.141631 -0.110102 0.217580 -0.162726 0.035622 0.276760 0.154868 0.013121 0.229100 -0.885952 0.067155 -0.000000 -0.001638 -0.000000 0.040100 0.178760 -0.343079 0.299852 0.045167 -0.605286 0.016554 -0.115099 -0.194984 0.000000 -0.000000 0.026366 0.312612 -1.000249 0.060145 -0.000000 0.205775 0.201855 0.184366 0.160721 -0.012917 0.000000 0.160386 0.205891 0.029188 0.000000 0.158033 0.117498 -0.000000 0.230565 -2.131602 -0.208715 0.078599 -0.011948 0.080042 -1.612388 0.123503 -0.000000 0.125821 -0.063625 -0.000000 0.000000 0.023702 0.186607 0.177873 0.243439 0.074151 0.224104 0.169343
  0.085238 0.068544 -0.058171 0.000000 0.097394 -0.309739 0.065711 0.232004 0.176559 -0.000000 -0.145628 -0.000000 0.174861 0.000000 0.000000 0.103755 0.000000 -0.177390 -0.000000 0.011278 -0.159446 -0.886907 0.065948 0.154750 -0.141095 0.016729 -0.000000 -0.162624 0.000000 -0.157028 0.073282 -0.393173 -0.175921 -0.110917 0.000000 0.000000 0.052961 0.083576 -0.366639 -0.037174 -0.099303 0.185497 0.107103 0.116717 -0.130324 0.016223 0.138254 -0.307850 -0.000000 -0.354171 0.000000 0.220775 -0.035534 0.473428 0.073106 0.216100 0.139273 0.086007 -0.044327 0.045765 -0.000000 0.000000 0.102450 0.021231 0.167698 -0.166345 -0.000000 -0.348617 -0.025306 0.043146 -0.146189 0.126624 0.000000 -0.159283 0.036336 0.149674 0.000000 0.088162 -0.017594 -0.000000 0.009748 -1.021632 -0.098115 -0.111399 -0.160342 -0.013548 -0.258480 -0.000340 0.000000 0.160614 0.175404 -0.000000 0.000000 -0.219415 -0.020165 -0.386619 -0.069042 -0.387208 -0.102866 0.103012
  0.009039 -0.547989 0.296622 0.000000 0.411544 0.259465 0.109258 0.503664 -0.003169 -0.000000 0.195094 0.000000 0.173633 -0.000000 0.000000 -0.138635 -0.000000 -0.014000 -0.000000 0.291739 -0.009993 0.034461 -1.442947 -0.496276 -0.056769 -0.024276 0.000000 0.001376 -0.000000 0.097536 0.218967 -0.004330 0.141813 0.223499 0.000000 -0.000000 0.152856 0.049740 0.113758 0.274167 0.259681 0.190520 0.245348 0.205114 -0.397476 0.171123 0.264699 0.130294 -0.000000 0.059115 0.000000 -0.410676 0.231451 -0.024513 0.228159 0.382138 0.238852 -0.018848 -0.035695 -0.267280 -0.000000 -0.000000 -0.012876 0.004552 -0.066769 0.118023 -0.000000 -0.012675 0.011873 0.122688 -0.002654 0.056057 -0.000000 0.093082 0.157795 -0.000084 -0.000000 0.197267 0.061322 -0.000000 0.041727 0.078957 0.133911 0.211665 0.138865 0.083693 0.163862 0.118916 -0.000000 -0.010238 -0.083330 0.000000 -0.000000 0.152106 0.199296 0.008687 0.043117 0.044472 0.195573 0.144606
  -0.076435 0.059037 0.030454 -0.000000 0.191463 0.115651 -0.093843 -0.172089 0.087076 -0.000000 0.181527 0.000000 0.135273 -0.000000 -0.000000 0.041688 0.000000 -0.119700 0.000000 0.096134 -0.003406 0.079592 0.180250 0.149602 0.034032 0.306415 -0.000000 -0.019034 -0.000000 0.074086 0.057474 -0.021718 -0.094925 -0.075716 -0.000000 -0.000000 -0.017246 -0.249949 0.056287 0.042079 -0.000555 -0.040370 -0.046060 -0.057864 -0.188649 -0.055239 0.269680 0.149260 -0.000000 0.078181 0.000000 -0.228735 0.027306 0.203071 0.139226 -0.005102 -0.120922 -0.142032 0.090141 0.164753 0.000000 0.000000 0.109200 0.111017 0.162085 0.118547 -0.000000 -0.046362 -0.038966 0.035465 0.012217 0.212329 0.000000 0.192492 -0.095125 0.009683 -0.000000 0.141449 -0.103799 0.000000 0.198675 0.093212 0.192549 0.099247 -0.099803 -0.162882 0.073405 -0.093955 0.000000 0.170407 -0.058950 -0.000000 0.000000 -0.125788 0.040120 0.033674 0.016086 0.102934 0.075076 -0.026622
  0.180456 0.118032 -0.103113 -0.000000 -1.869827 -0.099108 -0.249092 -0.443679 0.285659 0.000000 -0.012952 0.000000 -0.031543 -0.000000 -0.000000 -0.016436 -0.000000 -0.268192 0.000000 -0.175898 -0.372068 -0.213952 -0.140025 -0.215576 -0.083319 -0.000000 0.000000 -0.074247 0.000000 -0.778227 -0.103440 -0.158270 -0.425542 0.192228 -0.000000 0.000000 -0.143813 -0.012131 -0.539441 -0.172047 0.000000 0.171789 -0.262722 -0.185328 0.173776 -0.078701 0.000000 0.114861 -0.000000 -0.259574 0.000000 0.106887 -0.224529 -0.055056 -0.087011 0.475265 0.000000 -0.168978 -0.416515 0.206201 -0.000000 0.000000 0.335091 -0.247155 -0.007090 0.129245 -0.000000 0.010714 -0.064913 0.066849 -0.192679 -0.016516 0.000000 -0.192325 -0.168659 -0.000000 -0.000000 -0.133787 0.194208 0.000000 0.050678 -0.115719 -0.000000 -0.000000 0.011679 -0.142033 -0.362771 -0.368294 -0.000000 0.006688 -0.000000 0.000000 0.000000 -0.245309 0.055042 -0.096020 -0.110996 -0.242932 0.103336 -0.205240
  0.168146 0.247157 0.063781 -0.000000 0.006434 0.102185 -0.024100 0.185804 0.180164 0.000000 0.091095 0.000000 -0.007845 0.000000 0.000000 0.025386 -0.000000 -0.115995 0.000000 -0.075027 -0.129620 -0.014138 -0.054550 0.053928 0.019173 -0.112523 -0.000000 -0.052311 -0.000000 0.058052 0.102479 -0.131395 -0.035491 -0.024910 0.000000 0.000000 0.040318 0.036075 0.107639 0.097105 0.154381 0.182582 0.003906 -0.034759 -0.030309 0.071514 0.101460 -0.025088 -0.000000 -0.057891 -0.000000 0.005814 0.132797 0.028783 0.096154 -0.082741 0.099874 -0.027643 0.147825 0.062653 -0.000000 0.000000 0.000708 0.188296 0.053808 0.256427 -0.000000 0.242547 0.001209 0.016793 0.078250 -0.042797 -0.000000 0.008962 -0.142694 0.169256 -0.000000 -0.049016 0.150688 0.000000 0.193264 0.097543 0.038258 0.056108 -0.141105 -0.113818 -0.038683 0.128437 -0.000000 -0.043064 0.038151 0.000000 -0.000000 -0.042637 -0.061672 0.049748 -0.103811 0.111386 -0.017259 0.127855
  -0.887533 -0.174036 0.186069 -0.000000 0.055466 0.194317 0.167375 0.262989 -0.352369 0.000000 -0.274566 -0.000000 0.172474 -0.000000 0.000000 -0.904564 -0.000000 0.243992 0.000000 0.163982 0.029530 -0.523498 -0.143188 -0.055282 0.291919 -1.786519 0.000000 0.186121 -0.000000 0.011314 0.203532 0.190534 0.262863 -0.985547 0.000000 0.000000 0.134390 0.221197 -0.441666 0.360007 0.941415 0.130891 0.150908 0.093881 0.459381 0.235836 -0.000000 -1.111423 -0.000000 -0.237377 -0.000000 -0.050728 0.154304 -0.097954 0.249839 0.103802 0.214235 0.328581 -0.304347 -0.135589 0.000000 -0.000000 -0.001814 -0.809285 -0.000000 -0.994466 -0.000000 -0.677250 0.123493 -0.635616 0.284178 0.248787 0.000000 0.289150 0.121543 -0.052592 0.000000 0.201512 -0.777541 -0.000000 0.037832 -0.000000 -0.091791 0.156304 0.098057 0.154670 -0.000000 0.139690 0.000000 0.208098 -0.483350 0.000000 -0.000000 0.371100 0.249469 0.314552 0.328764 -0.384601 -0.681956 -0.805180
  -0.189338 0.120075 -0.118049 -0.000000 0.085608 -0.373345 -0.160233 0.056969 -0.177971 -0.000000 -0.275496 0.000000 0.173504 0.000000 -0.000000 -0.068956 0.000000 -0.063455 0.000000 -0.085255 -0.130461 -0.791495 0.094529 -0.141881 -0.118187 -0.132915 0.000000 -0.079565 0.000000 -0.169676 0.009070 -0.053171 -0.218349 -0.084171 -0.000000 0.000000 -0.168454 0.206446 0.102686 -0.280205 0.022811 0.062169 0.055296 -0.122367 -0.062452 0.028053 -0.121862 -0.234773 -0.000000 -0.532507 0.000000 0.219192 0.027570 0.012276 -0.176361 -0.135203 0.109182 -0.137956 -0.005599 0.164418 0.000000 -0.000000 0.191759 -0.197413 0.228135 -0.119398 -0.000000 -0.142097 -0.028649 -0.060471 -0.102013 -0.109495 -0.000000 -0.001217 -0.091977 0.215355 -0.000000 -0.105837 0.075240 -0.000000 0.023883 -0.337007 -0.226705 -0.234094 -0.023286 0.021210 -0.166446 -0.049879 0.000000 -0.025737 0.182611 0.000000 0.000000 0.090976 -0.104194 0.068701 -0.111923 -0.334979 -0.090723 0.000337
  0.033161 0.084085 -0.201416 0.000000 0.108276 -0.124735 -0.076728 -1.188110 -0.128454 -0.000000 -0.283560 -0.000000 -0.079397 -0.000000 -0.000000 0.096052 -0.000000 -0.068060 -0.000000 -0.072449 0.117651 0.038450 -0.000000 0.290600 -0.099985 -0.200338 -0.000000 -1.551770 0.000000 -0.091718 0.041893 0.108264 -0.045110 -0.432012 -0.000000 -0.000000 -0.096600 0.244407 0.030594 -0.109161 0.140564 -0.014182 0.034659 -0.119930 -0.479342 -0.173415 -0.187512 -0.326807 -0.000000 -0.205641 0.000000 -0.015186 -0.108602 -0.331858 -0.082591 -0.090638 0.048522 -0.157325 0.049789 -0.171882 -0.000000 -0.000000 0.126621 -0.175301 0.092793 -0.281569 -0.000000 -0.379080 0.195920 -0.129406 0.038334 -0.096950 -0.000000 -0.052497 -0.145423 -0.613919 -0.000000 0.058996 -0.063722 -0.000000 -0.032468 0.255189 0.128551 0.058715 0.151357 -0.099426 -0.042403 -0.038690 0.000000 0.049740 -0.058937 -0.000000 0.000000 -0.135534 -0.122331 -0.026110 -0.075263 -0.263648 -0.098522 0.018181
  0.015511 -0.022924 0.100812 -0.000000 -0.048580 0.135407 0.049764 0.022319 -0.113535 0.000000 0.010561 -0.000000 -0.954669 0.000000 0.000000 0.143072 0.000000 0.063500 0.000000 -0.083613 0.073961 0.151426 0.132287 0.275884 0.003756 -0.386587 0.000000 0.150693 0.000000 0.204599 0.027457 0.066569 0.064814 0.077012 0.000000 0.000000 -0.092335 0.265774 0.132048 -0.019233 -0.582316 0.135385 -0.055716 0.137680 -0.194056 0.093026 -0.384347 0.078775 -0.000000 0.171568 -0.000000 0.061392 -0.111950 0.146902 0.073295 -0.048632 -0.506941 -0.102292 -0.562367 0.212777 0.000000 0.000000 -0.138908 -0.098975 0.008801 0.014590 -0.000000 0.234961 0.176283 0.127253 0.222995 0.173555 0.000000 -0.010888 -0.048296 0.189181 -0.000000 -0.167592 -0.191502 0.000000 0.055699 0.030300 -0.530308 -0.252216 0.030209 -0.037471 0.154620 0.055721 -0.000000 0.030582 0.426728 0.000000 -0.000000 0.008098 0.122349 0.161088 -0.163745 0.009547 0.055356 0.104255
  -0.000470 -0.047440 -0.080566 0.000000 0.094512 -0.100971 -0.096885 -0.314609 -0.094514 -0.000000 -0.205863 -0.000000 0.122816 -0.000000 0.000000 0.081408 -0.000000 0.045095 0.000000 -0.154885 -0.043950 -0.125292 0.404894 0.184847 0.081890 -0.136397 0.000000 -0.225792 0.000000 0.229595 -0.022500 0.032919 0.026938 -0.106051 -0.000000 -0.000000 -0.223031 0.112762 -0.092072 -0.086790 -0.150499 0.013782 -0.149483 -0.111179 0.541363 0.065009 -0.086608 -0.121733 -0.000000 -0.002122 -0.000000 -0.124500 -0.143511 -0.078783 -0.259430 0.281075 -0.150924 0.031658 0.005292 0.232655 -0.000000 -0.000000 0.188776 0.072048 -0.184325 -0.289488 -0.000000 -0.133390 0.002024 -0.010655 -0.080768 0.055961 0.000000 -0.112913 -0.045374 -0.229291 0.000000 -0.194090 -0.093366 -0.000000 0.011020 0.113261 -0.019105 -0.002081 0.215744 0.177032 0.053354 0.214372 0.000000 0.017208 -0.002923 -0.000000 0.000000 0.022806 -0.145043 0.048787 -0.255394 -0.071824 -0.027284 0.013258
  0.148306 -0.406727 -0.017488 0.000000 -0.002888 0.098092 0.217615 -1.193987 -0.089983 -0.000000 -0.043221 0.000000 0.087693 0.000000 -0.000000 0.057020 -0.000000 0.035473 -0.000000 0.039530 0.253714 0.094982 0.529623 0.343015 0.082510 -0.155021 -0.000000 -0.329574 -0.000000 0.057123 -0.022151 0.096572 0.019063 -0.017141 0.000000 -0.000000 0.030175 0.121941 -0.201108 -0.093586 -0.094708 -0.135223 0.062589 0.225630 0.843427 -0.107127 0.065752 -0.260941 -0.000000 -0.011042 0.000000 -0.152682 0.071510 -0.494337 -0.067582 0.238625 0.030756 -0.001404 0.049099 -0.295503 0.000000 0.000000 0.045408 0.140085 -0.309964 -0.106056 -0.000000 -0.052823 0.120870 0.156631 0.096271 0.100086 -0.000000 -0.061214 0.094778 -0.298060 0.000000 -0.082770 0.034124 0.000000 -0.104216 0.084118 -0.045077 0.049427 0.051491 0.041494 -0.120936 0.147078 -0.000000 -0.106655 0.036361 -0.000000 -0.000000 0.123482 0.107413 -0.105692 0.002104 -0.067474 0.007952 0.186771
  0.154962 -0.245215 -0.009636 -0.000000 -0.032128 -0.168075 -0.071057 0.103554 -0.148578 -0.000000 -0.124630 -0.000000 -0.358659 -0.000000 0.000000 -0.320461 -0.000000 0.024116 0.000000 -0.209363 0.121036 -0.612719 0.035004 -0.151095 -0.207898 0.018506 -0.000000 -0.162415 -0.000000 -0.178891 -0.545390 -0.143859 -0.200620 -0.502549 -0.000000 -0.000000 -0.272861 -0.055070 -0.129809 -0.110737 0.183209 -0.427253 0.081488 -0.046436 0.249045 -0.222726 -0.042437 0.123387 -0.000000 0.061911 0.000000 0.213730 -0.086984 -0.252545 -0.378405 0.079786 0.143233 -0.008791 -0.187960 -0.120502 0.000000 -0.000000 -0.149556 -0.015578 -0.033055 -0.706204 -0.000000 -0.218377 -0.066847 -0.028030 -0.246922 0.069777 0.000000 -0.240696 0.103045 -0.833108 -0.000000 -0.250944 -0.154284 -0.000000 -0.213054 -0.028197 -0.192776 -0.147469 -0.077602 -0.006590 0.287911 -0.146881 0.000000 0.118929 -0.633752 0.000000 0.000000 -0.146549 -0.172156 -0.387202 -0.346293 -0.023555 0.040933 -0.069821
  -0.048314 -0.064173 -0.007098 -0.000000 -0.038420 0.176941 0.053092 0.068021 -0.119700 -0.000000 0.025713 -0.000000 0.023740 0.000000 -0.000000 0.072567 0.000000 0.085300 -0.000000 0.166536 -0.093114 0.100537 0.172606 0.206492 0.020536 0.138295 -0.000000 -0.135827 -0.000000 0.156987 -0.031444 0.067055 0.059045 -0.039727 0.000000 0.000000 -0.065989 0.016045 0.088721 0.173083 -0.092686 -0.098131 0.076953 0.071337 -0.107305 -0.141747 -0.039369 0.052510 -0.000000 0.023972 0.000000 0.226168 -0.012741 -0.132204 0.120522 0.042210 -0.001543 0.185161 -0.422313 0.210546 -0.000000 -0.000000 -0.060899 -0.088759 0.316564 0.166767 -0.000000 0.041208 0.036627 -0.154546 -0.054348 -0.018502 -0.000000 0.132723 -0.088065 0.003079 0.000000 -0.119082 -0.025428 0.000000 -0.077073 0.157009 -0.103860 -0.188032 0.132516 0.054833 -0.083827 0.136097 0.000000 -0.241236 0.219599 0.000000 -0.000000 0.042096 0.000082 0.095748 0.107783 0.128540 0.104020 0.062974
  0.103298 0.029107 -0.031881 0.000000 0.144507 -0.040974 -0.007545 0.259035 -0.066040 -0.000000 0.082260 0.000000 -0.074612 0.000000 -0.000000 0.209920 -0.000000 0.095606 -0.000000 -0.066187 -0.002693 -0.066578 0.146383 0.194886 0.092409 -0.135839 -0.000000 0.096039 0.000000 0.129375 -0.086174 0.083848 0.056997 0.015310 0.000000 0.000000 -0.092342 0.068996 -0.155938 0.063333 -0.165211 0.078578 0.027464 -0.089765 0.160307 -0.036706 -0.603993 -0.084260 -0.000000 0.189047 -0.000000 0.204825 0.172344 -1.901742 -0.061730 0.132426 -0.196984 0.005510 0.136111 0.009728 -0.000000 0.000000 0.078859 0.129673 -0.043404 0.120408 -0.000000 0.094014 0.107241 0.087702 0.151602 0.092530 0.000000 0.125923 -0.134280 0.080964 0.000000 0.017577 -0.065862 0.000000 -0.032970 0.305541 -0.010435 0.019696 0.161452 0.021987 -0.033793 -0.077021 -0.000000 -0.149880 0.116897 0.000000 -0.000000 -0.001029 -0.033506 0.046466 -0.093679 0.191216 -0.020401 -0.134552
  -0.065590 -0.008880 -0.206321 -0.000000 -0.082464 0.044966 -0.056463 -0.017219 -0.209472 -0.000000 0.085934 -0.000000 -0.112388 -0.000000 -0.000000 0.065886 -0.000000 0.106656 0.000000 0.114942 0.113283 -0.026874 0.196477 0.076352 -0.055214 -0.131489 0.000000 0.136332 -0.000000 0.065936 -0.093478 -0.011652 -0.022870 0.073230 -0.000000 0.000000 -0.018191 -0.000683 0.104935 0.108221 -0.029060 -0.082806 0.089483 -0.027811 -0.135348 -0.123295 0.249392 0.049695 -0.000000 0.042371 0.000000 0.324943 0.065734 -0.306170 -0.056061 -0.144944 -0.069179 -0.082563 -0.320953 0.185742 0.000000 0.000000 -0.021923 0.121021 0.354884 0.006706 -0.000000 0.083787 -0.077123 -0.035604 0.025196 0.118376 -0.000000 -0.160749 0.088898 0.064866 -0.000000 -0.099786 0.099182 -0.000000 0.099142 0.149945 -0.186567 -0.120939 -0.096215 -0.059736 -0.162024 0.070425 -0.000000 0.016614 0.026313 0.000000 -0.000000 -0.111154 -0.087892 -0.001091 0.093648 0.108704 0.086072 0.021563
  0.196910 0.050502 0.093233 0.000000 -0.104654 -0.028370 0.052580 0.183774 -0.069164 0.000000 -0.014658 -0.000000 -0.178467 0.000000 0.000000 0.057887 -0.000000 -0.140303 -0.000000 0.093560 -0.032204 -0.087183 0.160270 0.143283 -0.049245 -0.114214 0.000000 0.084599 0.000000 -0.006611 -0.189373 0.080004 0.059448 0.043150 -0.000000 0.000000 -0.154745 -0.087916 -0.291158 -0.050494 -0.078271 -0.094299 -0.103222 -0.086446 0.000170 -0.057323 -0.772064 0.080742 -0.000000 -0.015290 -0.000000 0.015127 0.118279 -2.206172 0.111376 -0.051306 -0.409527 -0.030200 0.180541 -0.016690 -0.000000 -0.000000 -0.155564 0.140834 -0.189427 0.140654 -0.000000 0.089640 -0.059922 0.026614 -0.038295 -0.092865 0.000000 0.094396 0.030521 0.022023 -0.000000 -0.016802 -0.053065 0.000000 0.120129 0.351304 -0.183243 0.004060 0.185142 0.047336 -0.007398 0.118851 0.000000 -0.154039 0.088695 -0.000000 -0.000000 0.038321 0.015186 0.093040 -0.103570 0.214690 -0.042495 0.092181
  -0.002964 -0.249319 -0.225058 0.000000 0.941181 -0.342626 -0.086562 -0.040517 0.044400 -0.000000 -0.114718 0.000000 0.045269 -0.000000 0.000000 -0.132732 -0.000000 0.068275 0.000000 -0.366748 -0.276508 -0.382765 0.182671 -0.057376 0.004480 0.669408 0.000000 -0.291015 -0.000000 0.032212 0.220931 -0.005596 -0.296992 -0.153920 -0.000000 0.000000 0.174868 -0.661378 -0.153179 -0.286541 0.353066 -0.285485 0.095890 -0.071621 0.077655 0.048774 -0.334364 -0.037397 -0.000000 -0.152945 -0.000000 -0.183324 -0.052512 0.244183 -0.070080 0.432756 -0.120631 -0.546459 -0.213450 -0.202771 -0.000000 0.000000 0.077896 -0.845477 0.116600 -0.329496 -0.000000 -0.273515 -0.671857 -0.005961 0.064760 0.134870 0.000000 0.214214 -0.129267 -0.000000 0.000000 -0.016597 -0.328725 0.000000 -0.343912 -0.492662 -0.064865 0.105185 -0.103006 -0.015481 -0.181413 -0.404285 0.000000 0.013329 0.000000 0.000000 -0.000000 -0.114246 -0.160804 0.442906 -0.000775 -0.197407 -0.472482 -0.732173
  0.162362 0.094912 0.009526 0.000000 -0.187671 -0.052347 0.216050 0.025812 0.026893 0.000000 0.123488 0.000000 -0.023416 0.000000 0.000000 0.206588 0.000000 0.120640 0.000000 0.150699 0.081357 0.125490 0.168595 0.236908 -0.023692 -0.006812 0.000000 -0.291465 -0.000000 -0.032922 0.043130 0.141501 -0.054499 0.044120 0.000000 -0.000000 -0.149654 0.254377 0.136990 0.130601 0.181871 -0.115591 0.116224 -0.011673 -0.002704 -0.165552 0.207534 0.084520 -0.000000 0.089249 -0.000000 0.158257 0.088971 -0.267614 0.053438 -0.118446 -0.017726 0.116485 -1.176578 0.185589 -0.000000 0.000000 0.081235 -0.241612 0.287310 0.136032 -0.000000 0.013026 0.018236 -0.185261 0.076271 0.013593 -0.000000 0.066404 -0.024653 0.020725 0.000000 -0.127085 -0.002472 0.000000 -0.102763 0.142905 0.187273 -0.207013 0.130467 0.070274 -0.035987 0.002676 0.000000 -0.113609 0.184335 -0.000000 -0.000000 0.092658 -0.094107 0.175625 0.114610 -0.025228 -0.115047 -0.240355
  0.054602 -0.006469 -0.007050 -0.000000 -0.083006 -0.150333 0.137326 0.033458 -0.060446 -0.000000 -0.044309 -0.000000 -0.000000 0.000000 0.000000 -0.535203 -0.000000 0.050162 -0.000000 -0.029812 -0.057029 -0.379036 0.068228 0.153200 -0.106688 0.150888 -0.000000 -0.065987 -0.000000 0.109177 -0.344704 -0.079308 0.006341 -0.010098 0.000000 -0.000000 -0.299284 -0.058023 -0.044999 -0.114732 0.106551 -0.241218 0.170365 0.145982 0.048606 0.023973 0.032448 0.193005 -0.000000 -0.362668 0.000000 0.315456 -0.152542 -0.177849 -0.182369 0.242209 -0.092280 -0.147281 -0.208926 0.287444 0.000000 0.000000 0.025595 -0.190400 -0.178805 0.034546 0.000000 -0.075168 -0.070586 0.101216 -0.198622 -0.209515 -0.000000 -0.007252 -0.053954 0.153861 0.000000 -0.224878 -0.138201 -0.000000 -0.401261 -0.472912 -0.082510 0.023867 0.026886 -0.046444 0.674649 0.090655 0.000000 -0.030819 -0.053306 -0.000000 -0.000000 0.134713 -0.253067 0.144944 -0.233080 -0.218181 -0.101132 -0.247050
  0.089536 0.065571 -0.027591 0.000000 0.141794 0.125180 0.076933 0.087677 0.192570 -0.000000 0.189272 -0.000000 0.036991 -0.000000 0.000000 0.191223 -0.000000 0.136591 -0.000000 -0.032327 0.057408 -0.041242 -0.108568 -0.089573 0.278366 0.045294 -0.000000 -0.081199 0.000000 0.119091 0.179469 -0.056240 0.055975 0.172657 -0.000000 -0.000000 0.104136 -0.033892 0.057870 0.175734 0.148205 0.172810 0.031902 -0.050545 -0.201884 0.073985 -0.024328 0.107255 -0.000000 0.141341 -0.000000 -0.072863 0.164754 0.033055 0.144435 0.011816 0.125126 0.049438 0.123484 0.202092 -0.000000 0.000000 0.007121 0.110936 -0.211225 0.155523 -0.000000 0.317848 0.202994 0.247311 0.132733 0.194204 -0.000000 0.258588 -0.029089 0.014019 0.000000 0.186500 0.152096 0.000000 -0.011949 0.081498 0.081732 0.052203 -0.171908 -0.086442 0.011181 -0.065668 -0.000000 0.051461 0.017773 0.000000 0.000000 0.088157 0.071963 0.137339 0.145104 0.088660 0.053160 0.141361
  0.350489 -0.097653 0.158391 0.000000 -0.016368 0.170860 0.187139 0.298618 0.175803 -0.000000 0.399236 0.000000 -0.665823 0.000000 -0.000000 0.537646 -0.000000 0.072060 -0.000000 0.417154 0.316447 -0.297997 0.022368 -0.039919 0.081071 0.000000 -0.000000 -0.289968 -0.000000 0.147863 0.361264 0.323412 0.185500 0.719349 -0.000000 0.000000 0.156539 -0.161508 -0.488016 0.182712 -0.184202 0.269398 0.333295 0.395405 -0.350627 0.261039 -0.000000 0.278343 -0.000000 0.294718 -0.000000 0.241292 0.184110 -0.925820 0.365744 0.033167 -0.000000 0.157612 0.000000 0.051042 -0.000000 -0.000000 0.089425 0.634976 0.274014 0.770786 -0.000000 0.277649 0.279677 1.235912 0.249156 0.122067 0.000000 0.222548 0.139011 -0.150798 -0.000000 0.378611 0.744846 0.000000 0.194424 -2.042706 -0.000000 0.000000 0.156681 0.256572 -1.204257 0.361436 0.000000 0.114022 -0.000000 0.000000 0.000000 0.363134 0.023063 0.097458 0.317490 0.326408 0.789312 0.676873
  -0.027633 0.194106 0.048599 -0.000000 0.047974 0.161504 0.153190 -0.032350 -0.121955 0.000000 0.075809 0.000000 -0.071557 -0.000000 -0.000000 -0.094405 0.000000 -0.097686 -0.000000 -0.067251 0.141774 0.191246 -0.242880 -0.016018 0.090118 0.256923 0.000000 0.170455 0.000000 0.126618 0.163583 0.005664 -0.010786 0.189991 0.000000 0.000000 -0.070668 -0.076712 0.043102 0.054568 0.100793 0.222056 0.132773 -0.000738 -0.066735 0.178450 0.226602 0.099226 -0.000000 0.050597 0.000000 -0.233681 -0.060117 0.015786 -0.000356 0.070022 -0.071585 0.102856 0.102868 -0.157175 -0.000000 0.000000 -0.160090 -0.069622 0.118362 -0.030229 -0.000000 0.106469 -0.185409 0.004235 -0.072857 0.051924 0.000000 -0.119855 0.152883 0.367695 -0.000000 0.177783 -0.066899 -0.000000 -0.048961 0.092844 0.075893 0.067625 0.118715 0.080841 0.062507 0.077394 0.000000 -0.048102 -0.080249 -0.000000 -0.000000 -0.046053 0.021962 0.068401 0.068918 0.036562 -0.120810 0.040658
  -0.212052 0.105071 0.078950 -0.000000 -0.287808 -0.273068 0.040304 0.118044 -0.362072 -0.000000 -0.333087 0.000000 -0.138780 0.000000 0.000000 -0.314982 0.000000 -0.006292 -0.000000 0.088981 -0.102156 -0.603198 -0.024323 0.045241 -0.266396 -0.538397 0.000000 0.086667 -0.000000 -0.127023 -0.091927 -0.125141 -0.130037 -0.107146 -0.000000 0.000000 -0.028575 0.135009 -0.494015 -0.146452 0.073352 -0.197948 -0.059283 0.079145 0.233501 0.062020 -0.760308 0.032150 -0.000000 -0.907402 0.000000 -0.029002 0.034437 -0.147900 -0.173765 0.153555 -0.380938 0.002978 -0.390009 0.141864 0.000000 -0.000000 0.285234 -0.319775 -0.551581 -0.217198 -0.000000 -0.492332 -0.146620 -0.132223 -0.271692 -0.217774 0.000000 -0.205488 -0.073805 0.066874 0.000000 -0.073337 -0.206955 -0.000000 -0.054104 0.060592 -0.113048 0.132181 0.182832 -0.024703 0.090103 -0.190843 -0.000000 -0.153746 -0.351488 -0.000000 0.000000 -0.260363 0.013358 -0.425902 -0.154706 -0.699421 -0.193245 -0.166307
  -0.262152 -0.013468 -0.063290 -0.000000 0.352229 0.005675 0.106588 0.099122 0.115811 -0.000000 -0.109813 0.000000 0.153592 -0.000000 -0.000000 -0.398909 -0.000000 -0.069585 -0.000000 -0.068853 -0.067772 -0.321925 0.072585 0.063137 0.013952 -1.200986 -0.000000 -0.142384 -0.000000 -0.052587 -0.027799 0.055158 0.125811 -0.421468 -0.000000 -0.000000 0.032737 0.215913 -0.014920 -0.109250 0.137099 -0.225886 -0.051029 0.039112 0.036040 -0.193048 -0.002832 -0.208525 -0.000000 -0.228139 -0.000000 0.039429 0.134220 -0.009071 0.044183 0.256588 0.298660 -0.127009 -0.350193 0.085696 0.000000 0.000000 0.126503 -0.468754 0.184461 -0.438206 -0.000000 -0.388023 -0.039608 -0.700588 -0.037870 -0.117911 -0.000000 0.018486 -0.001664 -0.098829 0.000000 -0.140502 -0.457393 0.000000 -0.182774 -0.002699 -0.335853 0.190757 0.336143 0.059386 -0.000000 0.112937 0.000000 0.036891 -0.528009 0.000000 -0.000000 -0.044486 -0.052436 -0.058659 0.082009 -0.218644 -0.460563 -0.388176
  0.088689 -0.062152 0.046430 -0.000000 -1.264256 -0.027673 -0.105028 -0.240295 0.194923 0.000000 -0.080362 -0.000000 -0.026804 -0.000000 -0.000000 -0.019004 -0.000000 -0.146719 0.000000 0.097378 -0.103164 -0.013204 -0.026355 0.079399 0.166667 -0.132549 0.000000 -0.015333 0.000000 -0.047470 -0.031912 0.121773 -0.047465 -0.006082 -0.000000 0.000000 -0.008557 -0.343458 0.040068 0.059454 -0.260970 0.094068 0.039136 -0.052748 -0.052305 -0.047535 -0.967633 0.232746 -0.000000 0.219876 -0.000000 -0.095444 -0.152114 -0.001867 0.145123 -0.545123 -0.625270 -0.080867 0.028894 -0.244494 0.000000 -0.000000 -0.169407 -0.082522 -0.272067 0.049543 -0.000000 0.057193 -0.117552 0.054478 0.164530 0.134621 -0.000000 0.095446 -0.089511 -0.462557 0.000000 -0.113171 0.093751 0.000000 0.123432 0.024416 -0.850628 -0.776589 0.254524 0.013522 0.138446 -0.001996 -0.000000 0.083754 -0.581138 0.000000 0.000000 -0.037474 0.066341 0.224044 -0.076959 0.031122 -0.024536 -0.123626
  -0.116566 0.041790 0.101142 -0.000000 -0.478470 0.067123 0.118316 -0.036764 0.199954 0.000000 -0.113298 0.000000 0.000000 -0.000000 -0.000000 -0.056464 -0.000000 -0.098660 0.000000 -0.078647 -0.236613 -0.083088 -0.014029 0.078682 -0.113685 -0.003876 -0.000000 -0.499535 -0.000000 0.100708 -0.076806 -0.111943 -0.118314 0.152361 0.000000 -0.000000 0.011966 0.000000 -0.647020 0.116731 -0.000000 -0.074326 -0.084391 -0.031775 -0.000000 0.161699 0.000000 -0.066155 -0.000000 0.145913 0.000000 -0.158435 -0.030944 0.051368 -0.161129 0.543555 0.000000 -0.183890 -0.566991 -0.114143 -0.000000 0.000000 0.209978 -0.028876 -0.048958 0.155346 -0.000000 0.069343 0.141983 -0.060148 -0.063149 0.219899 -0.000000 -0.124492 -0.047718 -0.476303 0.000000 -0.046698 -0.134129 -0.000000 0.050066 -0.146597 -0.073788 -0.626121 -0.009565 -0.045245 -0.813181 -0.160958 0.000000 0.080683 0.365491 0.000000 0.000000 0.021834 0.171181 -0.161462 0.040159 0.043258 -0.000087 0.154409
  0.184939 0.114366 0.240146 -0.000000 0.125145 0.013994 -0.089611 0.175946 0.141703 0.000000 0.042924 -0.000000 -0.092741 -0.000000 -0.000000 0.276982 -0.000000 0.159430 0.000000 0.202191 0.011046 0.049495 -0.154927 -0.262662 0.044296 -0.002480 -0.000000 0.105836 -0.000000 0.001412 -0.022908 0.031132 0.037221 0.137000 0.000000 0.000000 0.106288 0.190103 0.043495 0.051548 0.158114 0.150052 0.170685 0.076294 -1.040721 0.163530 -0.154779 0.023195 -0.000000 0.191547 -0.000000 -0.043430 -0.068415 0.026585 0.212635 -0.221478 0.075599 0.085814 0.125373 0.009650 -0.000000 0.000000 0.034601 0.130376 -0.050234 -0.008970 -0.000000 -0.098932 0.024820 0.069245 0.000846 0.199383 -0.000000 0.231011 0.174955 -0.035027 0.000000 0.113234 0.055111 0.000000 0.132307 0.001055 0.105841 -0.026226 0.066323 0.124397 -0.084965 0.035361 -0.000000 0.096984 0.030003 0.000000 -0.000000 0.024186 0.256159 0.168394 0.160614 0.076075 0.083753 0.022117
  -0.016501 -0.065903 -0.099152 0.000000 0.045313 0.009214 -0.239122 -0.447011 0.101040 -0.000000 0.041354 -0.000000 -0.416372 -0.000000 0.000000 -0.256595 -0.000000 -0.018430 -0.000000 -0.140419 0.100999 -0.259114 0.136048 -0.161742 -0.204256 0.097322 -0.000000 -0.040828 -0.000000 -0.287275 0.009511 -0.153081 -0.183294 0.024368 -0.000000 0.000000 -0.160933 -0.347555 0.215062 -0.061262 0.112257 -0.075408 -0.218263 -0.183585 0.129333 -0.076503 0.204206 0.142199 -0.000000 -0.105693 -0.000000 -0.084848 -0.217056 -0.170232 -0.185072 -0.029212 -0.108012 -0.272202 0.189749 -0.047446 -0.000000 0.000000 0.145043 -0.023651 0.298802 0.019460 -0.000000 0.063021 -0.343490 -0.068338 -0.269712 0.125454 -0.000000 -0.155740 -0.163786 -0.273268 -0.000000 -0.287126 -0.210115 0.000000 -0.094064 -0.046339 0.162727 0.271708 -0.145172 -0.172529 0.051248 -0.221297 -0.000000 -0.147525 -0.168095 0.000000 0.000000 -0.066726 -0.167679 -0.219008 -0.073835 0.182662 -0.159121 -0.066963
  -0.209693 -0.074077 0.046700 -0.000000 0.122474 -0.133808 0.040167 -0.038284 0.180899 0.000000 0.043532 -0.000000 0.150314 0.000000 0.000000 -0.001378 -0.000000 -0.182832 -0.000000 0.016993 0.082323 0.132750 -0.435415 -0.240720 0.074852 0.239374 0.000000 -0.076537 0.000000 -0.019538 0.060078 -0.144017 -0.084130 0.140720 -0.000000 -0.000000 -0.042299 0.190695 -0.054370 -0.034714 0.066421 0.056791 -0.167875 -0.163835 0.121437 -0.120702 0.099522 -0.036233 -0.000000 0.029311 0.000000 0.002877 0.058988 -0.110505 0.057221 0.224702 0.098229 -0.211044 0.174712 -0.016674 -0.000000 -0.000000 -0.054146 -0.151125 -0.122815 0.104473 -0.000000 0.015953 -0.288649 0.006313 0.001260 0.134924 0.000000 -0.046358 0.030459 -0.252336 0.000000 -0.145035 -0.092420 -0.000000 0.082029 0.082957 0.008754 0.124106 0.005934 0.021306 0.157100 0.036420 -0.000000 0.012327 -0.082507 -0.000000 -0.000000 -0.245066 -0.056887 -0.024107 0.057004 -0.047187 0.011149 0.015188
  -0.038290 -0.081036 -0.027696 0.000000 0.185600 0.039159 0.037993 -0.023201 -0.158517 0.000000 -0.049188 -0.000000 -0.111301 -0.000000 0.000000 -0.084564 0.000000 -0.100655 0.000000 0.014596 0.120951 0.085927 -0.064147 0.004484 -0.036254 0.063913 -0.000000 0.004150 0.000000 0.036521 -0.067965 0.025498 0.050718 0.014166 -0.000000 0.000000 -0.126399 -0.118393 -0.034984 -0.055752 -0.059255 0.100625 -0.070811 -0.043411 0.193695 0.058799 0.096106 0.195917 -0.000000 -0.015135 -0.000000 0.206824 -0.000461 0.100450 -0.090256 0.007917 -0.001586 0.029668 0.059972 0.108140 0.000000 -0.000000 -0.203966 0.016420 0.134502 0.042411 -0.000000 0.090833 -0.044881 0.168689 0.151772 0.048368 0.000000 0.060417 -0.150359 0.047591 0.000000 -0.071346 -0.166653 0.000000 0.125839 -0.110509 0.206842 -0.007031 -0.172856 -0.033132 0.055089 0.049855 0.000000 -0.069206 0.052738 -0.000000 -0.000000 0.028253 0.036438 -0.014150 -0.030234 0.249509 -0.098932 0.103226
  0.186552 -0.045892 0.084460 0.000000 0.179789 0.079370 0.102199 0.204169 -0.305685 0.000000 0.077181 -0.000000 -0.171494 -0.000000 -0.000000 0.081751 -0.000000 0.178238 0.000000 0.067915 0.130912 0.089004 0.086516 0.009097 0.073109 -0.053168 -0.000000 -0.000764 0.000000 0.233883 0.078964 0.118932 0.100102 0.168609 -0.000000 -0.000000 0.095876 0.122998 -0.225734 0.076759 -0.248811 -0.020594 0.162894 0.129759 0.157737 0.096562 -1.055260 0.163387 -0.000000 0.108355 0.000000 0.122847 0.053393 -0.091293 0.286307 -0.025593 -0.507721 0.144088 -0.009802 -0.086363 0.000000 0.000000 0.025322 0.109053 -1.180523 0.115581 -0.000000 0.006983 0.211181 0.082282 0.255072 0.099256 -0.000000 0.233940 0.172799 0.062733 -0.000000 0.159543 0.136420 0.000000 -0.087634 -1.118637 -0.210077 -0.042139 0.114265 0.168636 -1.238264 -0.030784 0.000000 0.104927 0.061662 -0.000000 -0.000000 0.003463 0.067075 0.247841 0.224083 0.019508 0.218964 0.137167
  0.267162 -0.121696 0.075675 0.000000 0.102378 0.180476 0.049305 0.153503 0.071244 -0.000000 -0.060465 0.000000 0.120105 -0.000000 0.000000 0.151572 -0.000000 0.186682 -0.000000 0.149541 0.070196 -0.161065 -0.126910 -0.192218 0.170138 0.039761 -0.000000 -0.120915 0.000000 0.142691 0.171679 -0.044793 0.035237 0.253506 -0.000000 -0.000000 0.094647 0.030569 -0.071272 0.232736 0.202278 0.100612 0.139096 0.108960 -0.870329 -0.039057 -0.039702 -0.040630 -0.000000 0.042712 -0.000000 0.017547 -0.070248 0.025742 0.020355 0.058775 -0.073950 0.105847 0.140292 0.148742 0.000000 0.000000 -0.013960 0.228727 0.011379 0.159939 -0.000000 0.127927 0.146816 0.134970 0.255796 -0.068432 -0.000000 0.179022 -0.004537 -0.118956 -0.000000 0.046575 0.091773 -0.000000 0.194936 0.066873 0.096610 0.021485 -0.009037 0.064628 0.105021 0.129850 0.000000 0.198495 0.043538 -0.000000 0.000000 -0.043483 -0.020455 0.272913 -0.004128 0.124493 0.222608 0.014138
  0.010447 -0.156552 -0.005889 -0.000000 0.118907 0.107296 -0.035996 0.051806 0.122445 0.000000 0.157308 -0.000000 0.064792 -0.000000 -0.000000 0.243998 -0.000000 -0.055179 0.000000 0.152189 0.014435 -0.054911 -0.148666 -0.077551 0.026032 0.000544 0.000000 -0.083209 0.000000 0.170639 -0.005047 0.207666 -0.060350 0.199397 0.000000 -0.000000 0.114084 0.036664 0.044789 -0.000981 -0.047651 0.121154 0.170092 0.126282 -0.220220 0.065946 0.042928 0.035241 -0.000000 0.032131 -0.000000 0.125083 0.061373 0.016970 -0.050308 0.148627 0.124473 0.116609 0.119875 0.022552 -0.000000 -0.000000 0.066555 0.212277 -0.193939 0.091063 -0.000000 0.102971 0.107305 0.180333 0.086029 0.123978 0.000000 0.197829 0.115002 0.204076 -0.000000 -0.017903 -0.019132 -0.000000 0.189929 0.049207 0.182174 0.073074 -0.028432 0.166843 0.011735 0.137273 -0.000000 0.200743 -0.011391 0.000000 -0.000000 0.098296 0.168586 0.172959 -0.077021 0.082449 0.111470 -0.018823
  0.126785 -0.061349 -0.052269 0.000000 0.043103 0.104443 0.077777 -0.383185 0.120555 -0.000000 -0.005829 -0.000000 -0.309957 -0.000000 -0.000000 0.054442 -0.000000 0.096471 0.000000 -0.108179 -0.029589 -0.156783 -0.428234 -0.070903 -0.091342 -0.159255 -0.000000 -0.140115 -0.000000 -0.120022 0.041338 -0.160210 0.018110 -0.089763 -0.000000 0.000000 -0.032362 -0.126817 0.061805 -0.293701 0.053762 0.029406 -0.015463 -0.078546 -0.018485 0.055845 -0.243651 0.098755 -0.000000 0.087166 -0.000000 -0.019800 0.016482 -0.314197 0.042440 -0.111066 -0.090156 -0.074094 0.053274 0.093547 -0.000000 0.000000 0.090751 0.114210 0.252178 0.111200 -0.000000 0.203033 -0.045098 0.018629 -0.102940 -0.152445 -0.000000 0.002770 0.025168 -0.094575 -0.000000 -0.054251 0.062062 -0.000000 0.034285 0.077367 -0.047013 -0.039899 -0.102197 -0.026167 -0.031451 -0.071763 -0.000000 -0.008140 -0.023141 0.000000 0.000000 0.036855 -0.059793 -0.081735 -0.052192 0.165238 0.143196 -0.116509
  0.004806 0.011611 -0.002211 -0.000000 0.162137 -0.063967 -0.006227 0.118706 0.095709 -0.000000 0.085722 0.000000 0.007957 0.000000 0.000000 -0.015797 0.000000 -0.166591 -0.000000 -0.067677 0.021774 0.070851 0.270058 0.193899 -0.014334 0.107247 0.000000 0.023438 -0.000000 -0.040703 -0.024864 -0.078578 0.018422 -0.010573 -0.000000 -0.000000 0.019075 -0.831794 0.258088 -0.098159 0.472694 0.032997 -0.032485 -0.067786 -0.053764 0.100783 0.434705 -0.054552 -0.000000 0.229962 -0.000000 -0.223076 -0.139139 0.056031 -0.055731 -0.028168 -0.054581 -0.105667 0.020145 0.037588 0.000000 0.000000 0.162594 0.106375 0.154172 -0.045707 -0.000000 0.206753 -0.045376 0.112074 0.093924 0.014381 -0.000000 -0.138827 -0.011191 -0.081324 0.000000 -0.139141 -0.064497 -0.000000 0.264372 0.052339 0.347879 0.240796 -0.031898 -0.224244 0.002571 -0.227750 0.000000 -0.069592 -0.016750 0.000000 0.000000 0.009205 0.075769 0.039411 -0.012616 -0.020001 0.071057 0.172806
  -0.128339 -0.011079 0.130983 -0.000000 0.276842 0.079345 0.229726 0.298090 -0.080161 -0.000000 -0.025212 -0.000000 -0.519140 -0.000000 0.000000 0.107060 -0.000000 0.092817 0.000000 0.341411 0.058730 0.039540 0.129786 0.151688 0.165501 -0.394666 -0.000000 -0.006239 -0.000000 0.311474 0.211073 0.086997 0.237767 0.147889 -0.000000 -0.000000 0.013461 0.240768 -0.405597 0.107301 -0.492441 0.160950 0.322695 0.238665 0.011204 0.036551 -1.076771 -0.164576 -0.000000 0.027502 0.000000 0.119011 0.277317 -1.373754 0.216738 0.111846 -0.337541 0.271967 -0.250138 -0.063866 0.000000 0.000000 0.029905 0.200299 -1.259673 0.005540 -0.000000 -0.054977 0.140317 0.074347 0.112390 0.131035 0.000000 0.278207 0.221465 0.017785 -0.000000 0.165874 0.142797 -0.000000 -0.011669 -1.635519 0.036354 0.085100 -0.041698 0.253716 -0.606505 0.087948 -0.000000 0.196381 0.029216 0.000000 -0.000000 0.243027 0.056204 0.031087 0.261891 0.037507 0.141396 -0.057217
  0.189392 -0.000867 0.130515 -0.000000 0.222663 0.171811 -0.058431 -0.066525 0.088610 0.000000 0.060114 -0.000000 -0.063634 0.000000 -0.000000 -0.004384 -0.000000 0.058410 -0.000000 0.172981 0.068363 0.021261 -0.169341 -0.013358 0.084016 -0.075069 -0.000000 0.016008 0.000000 0.067908 -0.022179 0.144055 0.065389 0.085099 0.000000 -0.000000 0.126376 -0.188187 0.067590 0.234172 0.178875 0.037904 0.002234 -0.130557 -0.192582 0.060578 0.057886 0.001628 -0.000000 0.066015 -0.000000 -0.048913 -0.016349 0.012253 0.177092 0.099952 0.038865 0.067353 0.127564 -0.013678 0.000000 -0.000000 -0.022646 0.230487 -0.232704 0.265807 -0.000000 0.168074 -0.062738 0.063695 0.039518 0.030462 0.000000 0.086220 0.008106 0.032602 0.000000 0.157271 0.037136 0.000000 0.112585 0.052321 0.009024 0.081694 0.016443 -0.044170 0.093859 0.059227 0.000000 -0.062000 -0.008828 -0.000000 -0.000000 0.198956 -0.067986 0.068038 -0.060023 0.120382 0.215561 0.106669
  0.192721 -0.091260 0.158337 0.000000 0.103357 0.019885 0.163873 0.077288 0.013925 -0.000000 0.004602 0.000000 -0.018320 -0.000000 0.000000 -0.014515 -0.000000 0.202554 0.000000 -0.255277 -0.001259 -0.075143 -0.197697 -0.299321 0.212020 -1.750330 -0.000000 0.247877 -0.000000 -0.014174 0.190299 0.051618 -0.043031 0.196924 0.000000 0.000000 0.068918 0.181440 -0.149741 -0.085710 -1.342646 0.062097 -0.068962 0.042905 0.302202 0.161915 -0.000000 0.034153 -0.000000 0.243263 0.000000 0.421554 0.127548 0.168818 0.049795 -0.019617 -0.747081 0.066352 -0.167266 0.146284 -0.000000 -0.000000 -0.614258 -0.063402 -0.325294 -0.084473 -0.000000 0.228999 0.185237 -0.085673 0.082750 0.046212 -0.000000 -0.017419 0.061701 0.585403 0.000000 0.063460 -0.056134 -0.000000 0.198019 -0.161717 0.141798 -1.027321 0.057886 -0.038232 -0.089773 0.136999 0.000000 0.043495 0.616691 -0.000000 -0.000000 0.090842 0.142237 0.286510 -0.089822 -0.036607 0.060204 0.009547
  0.163914 -0.397801 -0.126663 -0.000000 -0.247422 0.035566 0.304217 -0.501473 -0.406183 -0.000000 0.002182 0.000000 0.130254 0.000000 0.000000 0.220157 -0.000000 0.377747 0.000000 0.037072 0.186754 0.218081 -0.000000 0.492549 0.241727 -0.440948 0.000000 -0.005742 0.000000 0.110672 -0.071607 0.159175 0.176616 0.008259 -0.000000 0.000000 -0.143850 0.299485 -0.241388 0.101431 -0.031697 -0.146599 0.169380 0.040869 -0.139433 0.148735 0.003392 -0.264911 -0.000000 0.068982 0.000000 0.136669 -0.013243 -1.085849 0.039554 0.353729 -0.059481 0.222424 -0.140766 -0.279952 -0.000000 -0.000000 0.101048 0.345200 -0.226048 -0.029814 -0.000000 -0.148206 0.178989 0.108702 0.250280 -0.134968 -0.000000 0.184211 0.132770 -0.411177 0.000000 0.122328 0.183524 0.000000 0.061248 0.046512 -0.162005 0.011904 0.153185 0.358486 -0.049782 0.146932 0.000000 -0.010747 0.135218 0.000000 -0.000000 0.194305 -0.105613 0.080368 0.023148 -0.118077 0.260855 0.391334
  0.073416 0.056356 0.214519 0.000000 0.122403 0.090941 -0.130877 -0.105054 0.081712 0.000000 0.014649 -0.000000 0.151758 0.000000 -0.000000 -0.085930 -0.000000 0.115801 -0.000000 0.033383 0.005057 0.151496 0.006192 0.036993 0.072675 0.064791 0.000000 0.211315 0.000000 0.161009 0.134256 0.072950 0.140509 0.084602 -0.000000 -0.000000 0.206100 -0.243130 0.071221 -0.016751 -0.082885 0.070072 -0.105287 -0.119809 -0.133038 0.177920 0.047822 -0.021484 -0.000000 0.047645 0.000000 -0.149217 0.007458 -0.013814 0.096032 0.047958 -0.089034 -0.027756 0.104852 -0.122846 0.000000 0.000000 -0.063989 -0.012403 0.176813 0.151029 -0.000000 0.013093 -0.055290 -0.028548 -0.000839 0.105501 0.000000 0.052942 0.134847 0.131208 -0.000000 -0.060123 -0.036786 -0.000000 0.066367 0.111818 0.050261 0.102824 -0.089063 0.022721 0.107143 -0.047197 0.000000 0.077819 -0.070474 0.000000 0.000000 0.149232 0.146840 0.089243 -0.027928 0.073942 0.117755 0.087851
  0.087695 -0.133142 0.057849 0.000000 0.164432 0.203981 0.106031 0.089409 -0.265388 0.000000 0.136826 -0.000000 0.201766 0.000000 -0.000000 0.057486 0.000000 -0.019884 0.000000 0.086285 0.119540 0.277391 -0.004038 -0.031185 -0.044315 0.168303 0.000000 -0.110479 0.000000 0.010163 0.222793 0.162023 0.006650 0.000755 -0.000000 -0.000000 0.097482 -0.266091 0.014563 0.043062 0.188209 0.153893 0.157733 0.193795 0.121999 0.244145 0.169533 -0.081044 -0.000000 0.194915 0.000000 0.190742 0.080483 0.635434 0.090198 -0.070800 0.175613 0.168855 -0.027653 0.140899 -0.000000 -0.000000 0.196402 0.110991 0.188064 -0.027196 -0.000000 0.306411 0.063468 -0.035776 0.019366 0.002148 0.000000 0.020297 0.176129 0.227162 -0.000000 0.040630 0.028730 0.000000 0.248074 -1.800213 0.135444 0.041521 -0.111229 -0.025711 -0.704181 0.141858 -0.000000 0.193324 0.072292 0.000000 0.000000 0.104412 0.187560 0.163798 0.222082 0.138544 0.016893 0.079634
  0.020045 0.283757 -0.124656 -0.000000 0.181485 -0.089192 0.033658 0.014135 0.029899 0.000000 0.028919 0.000000 -0.178668 -0.000000 -0.000000 0.081413 0.000000 -0.137950 -0.000000 -0.097594 0.059755 0.051573 0.000312 -0.141357 0.034032 0.184449 0.000000 -0.114993 0.000000 0.165745 0.122314 -0.055917 0.096999 0.098064 -0.000000 -0.000000 -0.018952 -0.153446 0.082982 0.053989 -0.091453 0.171425 -0.081903 0.062855 -0.128449 0.151384 0.234419 -0.028898 -0.000000 -0.056810 -0.000000 -0.018733 -0.143011 0.183488 0.102959 -0.096897 -0.005922 -0.089327 0.126742 -0.110956 -0.000000 -0.000000 -0.055262 0.190688 -0.019507 -0.039029 -0.000000 0.166688 -0.022763 0.066803 0.128382 0.098298 -0.000000 0.101356 -0.154583 -0.033126 0.000000 -0.063390 0.119540 -0.000000 0.031636 0.094522 0.167783 0.074813 0.003950 -0.174421 0.156042 -0.144810 0.000000 -0.000709 0.016683 0.000000 -0.000000 0.037445 -0.013061 -0.035125 0.080348 -0.043397 -0.069279 0.079316
  0.212857 -0.126119 0.098621 0.000000 0.335169 0.250580 0.086519 0.299224 -0.004891 -0.000000 0.143304 0.000000 0.035917 -0.000000 -0.000000 0.226897 -0.000000 0.130317 0.000000 -0.016243 0.205381 -0.150165 -0.140206 -0.028881 0.295339 0.084553 -0.000000 -0.096521 -0.000000 0.028124 0.114108 0.106670 0.060413 0.191130 -0.000000 -0.000000 0.051151 -0.065351 -0.046722 0.180959 0.158091 0.165154 0.150071 0.066367 -0.633883 0.032179 0.212349 0.019922 -0.000000 0.058886 0.000000 0.156121 0.132756 0.021768 0.089294 0.150890 0.084799 0.119888 0.117495 0.024542 0.000000 -0.000000 0.176827 0.081489 -0.004725 0.104671 -0.000000 0.125651 0.145128 0.129719 0.335359 0.097456 -0.000000 0.307864 0.003707 0.011636 -0.000000 0.186792 0.036381 -0.000000 0.185988 0.090223 -0.042383 0.033464 0.084366 -0.065201 0.124779 0.079898 0.000000 0.096971 0.051745 -0.000000 0.000000 -0.061292 0.073093 0.083905 0.152153 0.066175 0.101553 0.048975
Biases:
  0.195030 -0.002676 0.146170 -0.120630 0.042054 -0.024979 0.024379 -0.146405 -0.115816 -0.116756 0.093067 -0.041369 0.109825 -0.133100 -0.091423 0.020917 -0.001933 -0.012052 -0.116157 0.107704 0.004441 0.041874 0.042975 -0.176278 0.060958 0.291749 -0.042602 0.101762 -0.086809 0.007152 -0.025920 0.211374 -0.121244 -0.074815 -0.070995 -0.102430 0.044941 -0.434408 0.179992 -0.096318 0.119258 0.116779 0.116482 0.057245 0.026792 0.122362 0.205023 0.135548 -0.001387 -0.002275 -0.005833 -0.159975 -0.023117 0.055430 -0.020177 -0.111105 0.174051 -0.030525 0.199363 -0.068975 -0.036588 -0.019776 -0.048330 0.085134 0.206967 0.113448 -0.001888 0.137870 -0.159354 0.116654 -0.131800 0.079122 -0.129506 -0.157690 -0.068202 -0.190690 -0.072009 0.054908 -0.082459 -0.030296 0.276606 0.166698 0.087845 0.209884 -0.190882 -0.138039 0.211455 0.066700 -0.033185 0.116894 -0.026961 -0.093894 -0.096274 0.030232 0.185047 -0.160810 0.067537 0.098411 0.051240 0.154971
Weight range: -3.066877 to 1.778247
Bias range: -0.434408 to 0.291749

--- Layer 3 ---
Number of nodes: 2
Weights:
  0.117735 -0.372170
  -0.101988 0.289320
  -0.218670 -0.098990
  0.000000 0.000000
  -0.895006 0.207833
  0.150150 -0.416315
  -0.024750 -0.175419
  -0.263434 -0.317140
  -0.087846 0.294136
  -0.000000 0.000000
  -0.000182 -0.458473
  0.000000 0.000000
  0.386054 0.648460
  -0.000000 0.000000
  -0.000000 0.000000
  0.215354 -0.453706
  0.000000 0.000000
  0.000675 -0.008240
  0.000000 0.000000
  -0.131229 -0.183273
  0.043651 -0.284485
  -0.616008 0.263492
  0.020425 0.373506
  -0.116986 0.361855
  0.082629 -0.096987
  0.191692 1.234661
  0.000000 0.000000
  -0.572377 -0.149494
  0.000000 0.000000
  0.196802 -0.503261
  -0.251994 -0.188323
  0.084443 -0.271433
  -0.003906 -0.067043
  0.136605 -0.694751
  0.000000 0.000000
  0.000000 0.000000
  -0.228298 -0.084663
  1.375212 -0.873867
  -0.674714 0.340887
  -0.031330 -0.155249
  -0.578482 0.249746
  -0.322426 -0.061263
  -0.120109 -0.158382
  -0.035774 -0.182376
  -0.291189 0.299956
  -0.099033 -0.006416
  -1.431794 -0.072561
  0.331084 -0.541086
  -0.000000 0.000000
  0.288843 -0.270537
  -0.000000 0.000000
  0.364247 -0.005551
  -0.017514 -0.103213
  0.582115 1.187659
  -0.212567 -0.168293
  -0.482298 0.127963
  0.287818 0.733781
  -0.056863 -0.244415
  0.115813 0.491733
  0.229777 0.330405
  -0.000000 0.000000
  0.000000 0.000000
  -0.127299 0.238439
  -0.050165 -0.624109
  -0.816709 1.279472
  0.168910 -0.691559
  -0.000000 0.000000
  0.298698 -0.500937
  0.024216 -0.294777
  -0.139902 -0.335780
  0.123429 -0.112537
  -0.307124 -0.011868
  -0.000000 0.000000
  0.177180 -0.168526
  -0.082507 -0.021131
  0.777363 -1.007592
  -0.000000 0.000000
  -0.175019 -0.141327
  -0.148341 -0.358926
  -0.000000 0.000000
  -0.327698 -0.025363
  0.467120 0.706089
  -0.380817 0.300544
  -1.317042 0.831519
  0.270531 -0.077040
  -0.017385 -0.095214
  0.747141 0.006404
  -0.017770 -0.193388
  0.000000 0.000000
  -0.167677 -0.036381
  0.570123 -0.599718
  0.000000 0.000000
  -0.000000 0.000000
  0.015672 -0.135831
  -0.262158 -0.044386
  0.184763 -0.200055
  -0.108157 -0.172113
  0.345115 -0.413590
  -0.138814 -0.309678
  -0.067641 -0.581495
Biases:
  -0.192864 0.262472
Weight range: -1.431794 to 1.375212
Bias range: -0.192864 to 0.262472

