=== Artificial Neural Network Parameters ===

Number of layers (including input & output): 4
Layer sizes: (200, 100) (hidden), output=2

Activation function: relu

--- Layer 1 ---
Number of nodes: 200
Weights:
  0.002921 0.170364 -0.026164 0.000000 0.088274 0.012137 -0.284913 0.138496 0.030955 0.222107 -0.121091 0.157441 0.114344 0.150083 0.018962 0.006463 0.019976 0.129188 0.005484 -0.005639 -0.008555 0.012566 0.024958 0.134578 0.026823 0.000000 -0.053766 0.119685 0.091748 -0.600304 -0.010614 -0.184964 -0.471971 0.152737 0.214719 0.000150 0.020135 -0.213323 0.251755 0.005770 -0.178788 -0.030718 -0.518433 0.057627 -0.007134 0.097149 -0.009636 0.111807 0.014431 -0.003442 0.154559 0.000000 0.218415 0.144466 0.026340 0.200871 -0.297631 -0.030796 -0.042844 -0.004029 -0.021992 -0.163964 0.182653 -0.473626 -0.004401 0.108673 -0.557607 0.001656 -0.678604 0.141349 0.231239 -0.250964 -0.006566 0.131969 0.000000 0.119061 0.133823 -0.376838 0.021967 -0.046033 0.171939 -0.002684 -0.000000 -0.130224 -0.001306 -0.000107 0.265790 0.012951 0.143507 0.040289 -0.095508 0.002673 0.000000 0.017930 0.007070 0.011480 0.018374 0.002090 -0.196561 -0.342089 -0.644918 0.047525 -0.218560 -0.002420 0.177489 0.004670 -0.004405 0.123502 0.017683 -0.243885 0.011150 -0.004208 0.175402 -0.022723 -0.004926 0.243076 0.165097 -0.000000 0.051175 0.000264 0.026261 0.140610 -0.428882 0.021029 0.008610 0.002411 0.036190 0.143222 0.031233 -0.008132 0.092133 -0.017090 -0.210729 0.004770 0.238924 0.000339 -0.010517 0.100911 -0.000000 0.094520 0.161171 -0.810014 0.001115 -0.164686 -0.481054 -0.058306 -0.008737 0.037258 -0.064847 0.018125 0.021465 -0.002601 -0.133762 0.089106 0.248428 0.039986 0.019311 0.135820 -0.062369 0.090713 -0.000000 0.097585 0.006000 -0.007624 0.017233 0.223543 0.012521 -0.114701 -0.419229 0.010286 0.058606 -0.056889 0.012417 -0.377044 0.067016 -0.014696 0.038849 -0.006513 0.110974 0.004526 0.004879 -0.190446 0.142823 0.157843 -0.356651 0.000000 0.002680 0.116778 0.020147 -0.002461 -0.137756 0.141029 0.109294 0.138724 0.002054 0.018295 0.010941 0.104734 0.128823 0.143481
  0.031193 -0.163421 -0.251782 0.000000 -0.000106 -0.390623 -0.324402 0.146940 -0.420970 -0.168606 0.038958 0.098271 0.086473 -0.135684 -0.083513 -0.120284 0.063593 0.078431 -0.188313 0.315624 -0.052432 -0.070662 -0.232909 -0.280952 -0.111394 -0.000000 0.244016 -0.015852 0.125755 -0.082811 -0.059277 -0.022051 -0.130182 0.002779 -0.365967 0.000010 -0.317185 -0.288608 -0.082029 -0.175005 0.246586 0.166324 0.184352 0.003982 -0.433246 0.066522 -0.053395 0.074642 0.496233 0.247607 -0.153036 -0.000000 0.228324 -0.043493 0.089987 -0.000007 0.562324 0.158839 0.014126 -0.347190 0.071700 0.321878 -0.143355 -0.276592 0.410424 0.100958 0.117473 0.252653 -0.363471 -0.068131 0.342668 0.053778 0.020261 0.199556 0.000000 0.119151 0.072106 0.038904 0.368847 -0.079908 0.047772 -0.033642 -0.000000 -0.137839 0.017045 -0.312267 0.035764 0.033283 -0.070362 0.120700 -0.129734 -0.345603 -0.000000 -0.023130 -0.310176 -0.062945 0.230643 -0.490809 0.013836 -0.271283 -0.331377 -0.008081 -0.148834 -0.065336 0.052149 0.309394 0.003631 -0.316254 0.247278 -0.055648 0.010140 -0.429889 -0.213188 0.047872 0.254698 0.145447 -0.082353 -0.000000 -0.053421 -0.369797 0.044210 0.064089 -0.058414 -0.038143 0.327821 -0.088647 0.053961 -0.057489 0.068563 -0.074922 0.050339 0.206718 -0.152795 -0.429942 -0.278370 -0.393939 0.132388 0.044096 -0.000000 -0.476381 0.019381 0.156189 -0.385154 -0.225477 -0.226274 -0.079808 0.198491 -0.239344 -0.039158 -0.044312 -0.004711 0.209652 0.111151 -0.338968 -0.072424 0.042707 -0.383583 -0.008211 0.205095 0.018655 -0.000000 0.012131 0.000123 -0.074593 0.324072 -0.125865 0.336205 0.157636 0.012214 -0.409488 -0.107104 -0.055873 -0.292710 0.274484 -0.287425 -0.125495 0.214932 -0.324543 0.015794 -0.347022 -0.388381 -0.070671 0.011156 0.243575 -0.033804 -0.000000 -0.466525 -0.264309 -0.031410 0.217261 0.236761 0.010045 -0.388629 0.277700 -0.178423 0.434079 0.064194 -0.032310 0.133799 0.338876
  -0.076197 0.319896 0.090319 -0.000000 -0.050360 0.416375 -0.179586 -0.031721 0.413060 -0.426829 -0.032439 0.008819 0.248521 -0.150384 0.049248 -0.065679 0.006283 -0.017501 0.522817 0.304922 0.166101 0.352698 -0.678650 0.208898 -0.294720 0.000000 -0.175170 0.490496 -0.029426 -0.281780 -0.332420 0.293948 0.175162 -0.238674 -0.144110 0.000016 -0.373478 0.169279 0.255862 -0.436982 -0.317382 0.224620 -0.205446 -0.009712 0.314122 0.219130 0.419785 -0.001238 -0.093754 -0.282640 0.049017 0.000000 -0.122767 0.076597 -0.349594 0.003009 -0.361728 -0.053974 -0.304582 -0.047676 -0.151523 0.032000 0.111037 -0.112097 0.107784 0.008224 -0.225415 0.023971 -0.284506 0.275535 -0.249910 0.155625 -0.113400 0.095965 0.000000 0.288348 -0.148823 -0.001779 0.213778 0.078902 0.067376 0.159514 0.000000 0.204915 -0.035065 0.225975 -0.126124 -0.054328 0.319703 0.315407 0.028713 0.058851 -0.000000 -0.131141 -0.106806 -0.329921 0.318882 -0.254267 0.411919 0.264282 0.091797 0.008616 -0.193329 0.155211 0.122142 -0.181758 0.278521 0.018293 0.345831 0.089857 0.038216 -0.117647 0.210728 0.134352 -0.283999 -0.087737 -0.073023 -0.000000 0.150864 -0.257690 -0.050854 -0.008805 0.178593 0.145260 0.184750 -0.065660 -0.072731 -0.078598 -0.094493 0.362791 0.176767 0.485742 0.156463 0.052114 0.143200 0.126300 0.289668 -0.062500 -0.000000 -0.234355 0.318045 -0.035752 -0.198214 0.224306 0.224132 -0.000565 -0.350665 0.110631 -0.012430 0.221162 0.003230 0.095605 0.037677 0.141645 0.077666 -0.100676 -0.047649 -0.236153 0.335062 -0.018792 0.000000 -0.109553 -0.280370 -0.345419 -0.036299 0.060375 0.161605 -0.101441 0.120110 -0.117513 0.092830 -0.004896 -0.175348 0.151234 0.098079 0.475352 -0.167666 0.313295 -0.034608 -0.204157 -0.046387 0.671345 -0.033976 -0.195629 0.144229 0.000000 -0.131877 -0.137497 -0.484287 -0.118608 -0.190580 -0.007856 -0.188824 -0.150287 0.447796 -0.070118 -0.010407 -0.286648 -0.137773 -0.300165
  -0.083307 0.021404 -0.370893 -0.000000 -0.168230 -0.059073 -0.023993 0.055797 0.047890 0.035942 -0.084024 0.125674 0.016253 -0.125219 0.264743 0.056140 -0.327043 -0.073782 0.186981 0.059802 -0.008939 -0.080825 -0.021605 -0.018509 0.041351 -0.000000 0.011747 0.217848 -0.116892 -0.068780 0.009939 0.086238 0.031325 0.024335 -0.018629 0.000001 -0.046047 -0.191869 -0.029892 0.017838 0.019996 0.031291 0.043698 0.012562 -0.215537 0.200454 0.072258 0.117319 0.172519 -0.058344 -0.208618 -0.000000 0.027264 0.064844 0.142573 -0.241086 0.000984 -0.215485 0.006038 0.029069 -0.010769 0.097871 0.054750 -0.027277 0.024241 -0.067568 0.065917 -0.003692 0.095290 0.003004 -0.072266 0.108417 -0.048929 0.034363 -0.000000 0.210977 -0.170825 0.011029 0.084519 0.089858 0.011888 0.001493 -0.000000 0.085764 0.174403 0.047526 0.026122 -0.226566 0.008913 0.021770 -0.003413 -0.018857 -0.000000 -0.102899 -0.017573 0.125252 0.014749 0.000305 -0.047164 -0.026487 0.097146 -0.348600 0.005324 -0.344197 -0.307726 0.114269 0.031794 0.198261 0.017931 0.114534 0.207352 0.070527 0.023757 0.022806 0.047280 0.079055 0.055293 0.000000 0.000246 0.040377 0.105528 -0.014468 0.002359 0.018368 0.036168 0.090878 -0.204537 0.037383 -0.045638 0.061069 -0.087006 0.264518 0.016907 -0.034354 -0.029204 0.223406 0.047031 0.102254 -0.000000 -0.005125 0.014150 -0.001477 -0.000186 0.018141 -0.098983 0.182247 -0.014096 -0.018460 0.032419 0.034989 -0.003935 0.067620 0.034594 0.004019 -0.165298 0.054448 -0.009691 0.015449 0.311071 0.008462 -0.000000 -0.086509 -0.023776 0.012013 -0.241952 0.086161 0.070557 0.085770 -0.019117 0.071722 -0.005475 0.031141 0.008342 -0.032443 0.159145 0.054559 -0.038191 0.007684 0.056976 0.008190 -0.004384 0.118748 -0.143247 0.028450 0.003901 -0.000000 0.080277 0.002623 -0.051079 0.099534 -0.022058 0.071788 0.104729 0.123850 0.067041 0.046219 -0.002353 0.050808 0.205120 0.131514
Biases:
  0.152853 -0.097757 -0.090036 -0.078573 -0.219109 0.210777 0.123110 0.060526 0.197135 -0.284306 0.060955 0.092559 -0.200666 -0.022034 -0.007120 -0.133595 -0.127386 -0.112743 -0.237460 -0.108606 0.264067 -0.257200 0.201945 0.004352 -0.023697 -0.051834 -0.045675 -0.185960 0.129101 0.018418 -0.003195 -0.067488 -0.177578 -0.285686 -0.057920 -0.084489 0.180420 -0.114329 0.077411 0.009407 -0.272628 -0.035248 -0.204181 -0.007942 -0.212269 -0.242887 -0.110241 0.077648 -0.247655 0.130253 -0.265864 -0.044933 -0.138179 0.145521 -0.519483 -0.174394 -0.327766 0.099151 0.072729 -0.572999 0.161983 -0.130784 0.020412 -0.062068 -0.316947 0.011153 -0.377501 -0.434960 -0.003945 0.231392 -0.072360 -0.102580 -0.054221 -0.029336 -0.162791 -0.271730 0.149989 0.024092 -0.407990 -0.240313 -0.101310 0.233987 -0.183837 -0.143371 0.004609 -0.191308 -0.201227 -0.194813 -0.217954 -0.128540 0.052548 0.223625 -0.022774 -0.014402 -0.108808 -0.279553 -0.146281 0.194399 -0.157453 -0.112112 -0.387965 -0.333786 -0.178827 -0.063687 -0.102675 0.219654 0.038947 -0.437596 -0.154459 -0.107324 0.111567 -0.139416 0.115399 -0.077089 0.139004 -0.023119 -0.025037 -0.025326 0.180722 -0.161341 0.024177 -0.087750 0.254074 -0.001173 -0.007067 -0.253870 -0.318670 -0.106072 -0.068852 -0.062812 -0.363494 -0.362547 0.202115 0.234801 -0.043021 -0.240931 -0.205740 0.047869 -0.131110 0.085387 -0.166923 -0.265006 0.150348 0.352556 -0.213048 -0.347027 -0.248377 0.162210 -0.013410 -0.061244 -0.099092 0.021435 -0.161581 0.167230 -0.062679 -0.226853 -0.175197 -0.220862 -0.202716 -0.006484 -0.160609 0.060565 -0.311279 -0.014911 -0.115713 -0.066290 0.225167 -0.140503 -0.000585 -0.018352 0.000411 -0.002918 -0.017456 -0.235188 -0.247940 -0.159588 0.078675 -0.155372 -0.065338 -0.015223 -0.180856 0.120932 -0.166358 -0.214228 0.189664 -0.093075 -0.006547 -0.047682 -0.061133 0.192015 0.057266 0.068182 -0.244755 0.066107 -0.204486 -0.289560 -0.062057 -0.262146 0.173967 -0.175426
Weight range: -0.810014 to 0.671345
Bias range: -0.572999 to 0.352556

--- Layer 2 ---
Number of nodes: 100
Weights:
  0.045859 -0.027319 0.109964 0.000000 0.000000 0.049631 -0.050060 0.000000 -0.014211 -0.000000 -0.000000 0.187417 0.178173 -0.146668 0.000000 0.136758 -0.078884 -0.092501 0.156448 -0.103840 -0.072316 -0.000000 0.180013 0.113257 0.154251 0.071408 0.172739 -0.000000 -0.017301 0.066437 -0.000000 -0.008962 -0.116811 -0.000000 -0.000000 0.099826 0.095672 0.136116 -0.000000 -0.000000 -0.080942 -0.000000 0.317882 -0.113214 0.111025 0.185228 -0.052466 -0.196569 0.170990 -0.191659 0.000000 0.048427 0.092021 0.151566 0.000000 -0.237574 0.146850 -0.000000 0.053017 0.102694 0.000000 0.204631 0.017874 -0.000000 0.084694 -0.011557 -0.011342 -0.057985 -0.000000 -0.000000 0.008804 0.005694 -0.000000 -0.103402 -0.096167 -0.011367 -0.000000 0.015343 -0.000000 0.176002 -0.000000 -0.036903 0.037678 0.053724 0.170650 0.069899 0.076886 -0.135115 0.155193 -0.000000 0.131430 0.099308 0.100271 0.059655 -0.000000 -0.045229 0.015504 -0.312048 0.000000 -0.000000
  -0.094727 0.162774 0.000000 0.000000 0.000000 0.014726 -0.000000 0.000000 0.072645 -0.000000 -0.000000 -0.062313 -0.014448 -0.059873 0.000000 0.132993 -0.098153 0.073513 0.048500 -0.000000 0.157914 -0.000000 0.151182 0.001653 0.114822 0.076578 -0.057160 -0.000000 0.000677 0.018833 0.000000 0.132122 0.241826 -0.000000 0.000000 -0.019453 -0.406764 0.077200 -0.000000 0.000000 -0.199328 -0.000000 0.311881 0.161677 -0.172943 0.009529 0.133268 0.203623 0.160710 0.228081 0.000000 0.149292 0.138354 0.109483 0.000000 0.157198 -0.028673 0.000000 0.152041 -0.061568 0.000000 -0.034003 -0.138566 0.000000 0.077317 0.094780 0.158461 0.079070 -0.000000 -0.000000 0.107391 0.021295 0.000000 0.006838 -0.053963 0.130301 0.000000 0.029719 0.000000 0.038754 -0.000000 0.027235 0.083149 -0.310578 -0.029371 0.037668 0.114305 -0.024239 -0.023453 0.000000 -2.010964 0.070104 -0.150766 0.101942 -0.000000 0.187575 -0.127376 0.222689 0.000000 -0.000000
  -0.536141 -0.093498 -0.433982 -0.000000 -0.000000 0.247027 -0.030593 -0.000000 -0.148191 0.000000 -0.000000 -0.083345 -0.173470 -0.127909 0.000000 -0.096911 -0.209825 0.547980 -0.004887 -0.038727 0.360762 -0.000000 -0.096774 -0.149005 -0.167841 -0.014712 -0.091468 -0.000000 0.070492 -0.055366 0.000000 -0.033747 -0.161186 -0.000000 0.000000 -0.138388 -0.171974 -0.072620 -0.000000 -0.000000 -0.127545 0.000000 -0.000000 -0.036788 0.030194 0.031375 -0.171702 -0.196534 0.008018 0.158523 0.000000 -0.125661 0.046931 -0.182910 0.000000 -0.106139 -0.149526 -0.000000 -0.173177 -0.052204 -0.000000 -0.035987 -0.105026 -0.000000 -0.734147 0.206277 -0.083543 -0.059579 0.000000 -0.000000 -0.017268 -0.019303 0.000000 -0.151139 -0.000000 0.025736 -0.000000 0.307064 -0.000000 -0.054472 -0.000000 -0.018760 -0.160023 -0.442426 -0.125306 0.601508 -0.226275 0.094151 -0.219718 -0.000000 -0.306845 -0.161451 -0.096608 -0.024093 -0.000000 -0.147758 0.201943 -0.318791 0.000000 -0.000000
  0.000000 0.000000 -0.000000 0.000000 0.000000 0.000000 -0.000000 0.000000 -0.000000 0.000000 -0.000000 0.000000 0.000000 0.000000 -0.000000 0.000000 -0.000000 -0.000000 -0.000000 -0.000000 -0.000000 -0.000000 0.000000 -0.000000 0.000000 -0.000000 -0.000000 -0.000000 0.000000 -0.000000 0.000000 0.000000 -0.000000 0.000000 0.000000 0.000000 0.000000 0.000000 -0.000000 -0.000000 -0.000000 -0.000000 0.000000 0.000000 0.000000 0.000000 -0.000000 0.000000 0.000000 -0.000000 0.000000 0.000000 0.000000 0.000000 -0.000000 0.000000 0.000000 -0.000000 -0.000000 0.000000 0.000000 -0.000000 0.000000 0.000000 0.000000 -0.000000 0.000000 0.000000 -0.000000 -0.000000 0.000000 -0.000000 0.000000 -0.000000 0.000000 0.000000 -0.000000 0.000000 -0.000000 0.000000 -0.000000 -0.000000 0.000000 0.000000 0.000000 0.000000 0.000000 0.000000 0.000000 -0.000000 -0.000000 -0.000000 -0.000000 -0.000000 -0.000000 0.000000 -0.000000 0.000000 0.000000 -0.000000
  -0.130557 -0.230948 -0.397419 0.000000 0.000000 0.094944 -0.169077 0.000000 -0.029899 0.000000 -0.000000 -0.088652 -0.035804 -0.099338 0.000000 0.227419 -0.148596 -0.004860 0.051461 0.111806 -0.092859 -0.000000 -0.115000 -0.216026 0.194781 0.158643 -0.067850 -0.000000 0.042678 0.150665 -0.000000 0.200535 0.027320 0.000000 -0.000000 -0.067979 -0.302910 0.124757 -0.000000 0.000000 0.423017 -0.000000 -0.000000 -0.286823 0.071658 0.083426 0.077552 0.047937 0.171361 0.401235 -0.000000 0.066611 -0.015674 0.049999 -0.000000 0.277031 0.082269 0.000000 -0.059529 0.068372 -0.000000 0.092395 -0.130083 0.000000 0.089390 0.190839 0.181324 0.101268 0.000000 -0.000000 0.136776 -0.031143 0.000000 0.062933 -0.019923 0.209915 0.000000 0.241568 0.000000 -0.054199 -0.000000 -0.060611 0.018282 -0.373733 0.003052 -0.018950 0.011086 0.488672 -0.025127 -0.000000 0.072624 -0.035466 -0.225021 -0.004518 -0.000000 0.137711 0.259740 -0.100253 -0.000000 -0.000000
  -0.343530 0.105074 -1.581901 -0.000000 -0.000000 -0.204603 -2.451156 -0.000000 0.188238 0.000000 -0.000000 0.151486 0.207456 0.029643 -0.000000 -0.222737 0.201698 0.003443 -0.030813 -0.151719 -0.271817 -0.000000 0.042362 -0.029681 -0.059755 0.041874 0.003392 -0.000000 0.172589 -0.066968 -0.000000 -0.047431 -0.217854 -0.000000 -0.000000 -0.070272 -2.112958 0.108624 -0.000000 -0.000000 0.169882 -0.000000 -1.774291 -0.155943 0.218921 -0.081874 0.209903 -0.011308 -0.058261 -0.074180 0.000000 0.039832 0.091728 0.191757 -0.000000 -0.014558 0.130101 -0.000000 0.212969 0.186933 -0.000000 -0.028411 0.201323 -0.000000 -2.180758 -0.066867 0.120081 -0.196979 0.000000 -0.000000 0.011440 0.129826 0.000000 0.031632 -1.210484 -0.029058 -0.000000 0.038525 0.000000 0.142283 -0.000000 0.053745 0.208787 0.337377 0.159938 -0.427793 0.119201 -0.193702 0.028133 -0.000000 -2.421557 0.269695 0.035147 -0.134501 -0.000000 0.010903 -0.034660 -0.224417 -0.000000 -0.000000
  0.504691 -0.085069 -0.010882 -0.000000 -0.000000 -0.266762 -0.375859 0.000000 0.129156 0.000000 -0.000000 0.175482 0.110005 0.108080 -0.000000 -0.006212 0.261440 -0.004757 0.087903 0.128054 -0.122639 -0.000000 0.087022 0.177719 -0.130203 0.147150 0.039079 -0.000000 0.004755 -0.168762 0.000000 -0.178235 -0.147030 0.000000 0.000000 -0.063792 -0.352621 -0.015391 0.000000 0.000000 0.298883 -0.000000 -0.679821 -1.584822 -0.002310 -0.031463 0.043965 0.077498 0.153519 -0.285485 -0.000000 -0.027477 -0.183061 0.035159 -0.000000 0.010967 0.100343 -0.000000 0.113854 0.061384 0.000000 0.057349 0.186029 -0.000000 0.048420 -0.076686 0.030236 0.002783 -0.000000 -0.000000 -0.004139 -0.242148 0.000000 0.019645 -0.295009 -0.172504 -0.000000 -0.119230 -0.000000 0.202916 -0.000000 0.214088 0.180575 0.240387 -0.063157 0.542356 0.199503 0.106584 0.125857 -0.000000 0.351324 0.121033 0.305769 -0.067585 0.000000 -0.121202 0.009535 0.057591 0.000000 -0.000000
  0.434874 0.017050 -0.036548 0.000000 -0.000000 -0.074935 0.150984 -0.000000 0.094770 0.000000 -0.000000 -0.042648 0.161822 0.041856 -0.000000 0.171698 -0.069939 0.094835 0.194423 -0.139050 -0.027050 -0.000000 0.005826 -0.065710 0.098295 -0.047324 0.101467 -0.000000 0.165121 0.064042 -0.000000 0.056002 0.073008 -0.000000 -0.000000 0.184509 0.169379 0.007281 -0.000000 -0.000000 0.077610 -0.000000 0.071918 0.001976 -0.005858 0.146497 -0.067592 -0.171794 0.148898 -0.101429 -0.000000 -0.001806 -0.117418 -0.002959 0.000000 0.211963 0.202643 -0.000000 -0.019274 0.103540 -0.000000 0.173452 -0.009139 -0.000000 0.016713 0.067428 0.153252 0.014131 -0.000000 -0.000000 0.070100 0.037067 0.000000 0.166397 0.107668 -0.033550 0.000000 -0.083303 -0.000000 0.170777 -0.000000 0.196357 0.074983 0.103420 0.127926 -0.069579 0.098785 0.133412 -0.055886 -0.000000 0.246224 0.155460 0.062615 0.123503 -0.000000 -0.048167 0.258083 -0.123237 -0.000000 -0.000000
  0.123149 0.160269 -0.629078 -0.000000 -0.000000 0.180110 -2.443028 -0.000000 -0.050299 -0.000000 -0.000000 0.102563 -0.003469 -0.131266 -0.000000 0.246939 -0.018513 0.101768 0.163594 -0.546136 -0.040731 -0.000000 0.079172 0.037106 0.097397 0.069971 -0.062291 -0.000000 0.128700 0.046236 0.000000 0.125705 0.289004 0.000000 0.000000 0.144852 -2.173894 0.041375 -0.000000 -0.000000 -0.401925 -0.000000 -0.032077 0.177482 0.095431 0.015735 -0.030938 0.012998 0.179194 0.166349 -0.000000 0.141722 0.128213 0.154431 0.000000 -0.120036 0.138196 -0.000000 0.156273 0.134292 0.000000 0.103634 -0.110801 0.000000 -2.333401 0.021102 -0.064798 0.009641 -0.000000 -0.000000 0.170103 -0.186301 0.000000 0.169033 -0.305540 0.163511 0.000000 0.037063 -0.000000 0.053179 -0.000000 0.175004 0.096402 -0.189684 -0.020835 -0.100500 -0.076858 0.040960 0.100400 -0.000000 -3.363517 0.047181 0.049407 -0.013422 -0.000000 0.155757 0.021200 -0.009774 -0.000000 -0.000000
  -0.871736 0.040117 0.013090 -0.000000 0.000000 0.253902 0.239852 -0.000000 -0.014298 -0.000000 -0.000000 0.149301 0.179838 0.003806 -0.000000 0.139560 0.143190 0.206340 0.027851 -0.135333 0.135358 -0.000000 0.054318 -0.048651 0.101250 -0.079349 0.073711 -0.000000 0.083683 -0.033479 0.000000 0.238548 0.082371 0.000000 0.000000 0.097252 -0.131862 0.134200 -0.000000 -0.000000 -0.005972 -0.000000 -0.073629 -1.652869 0.088620 -0.066156 0.017314 -0.014330 -0.026800 0.335495 -0.000000 -0.055499 -0.000637 0.089948 0.000000 0.211975 0.069697 -0.000000 0.088997 0.110642 -0.000000 -0.010261 0.052641 -0.000000 0.025182 0.108599 -0.048792 0.046491 -0.000000 -0.000000 -0.085999 -0.167689 -0.000000 0.047226 -0.368315 0.416179 -0.000000 -0.042055 0.000000 0.135233 -0.000000 0.113576 -0.007884 -0.236639 -0.068495 -0.747397 0.089735 -1.766397 0.006183 -0.000000 0.088717 -0.051438 -0.031737 -0.063626 -0.000000 0.093284 -0.089725 0.044775 -0.000000 -0.000000
  -0.009005 -0.342017 0.164879 -0.000000 -0.000000 -0.029357 -0.098845 0.000000 -0.349303 -0.000000 -0.000000 -0.172158 0.073553 -0.137331 0.000000 -0.034152 -0.186815 0.147096 -0.131012 0.145724 0.212614 -0.000000 0.146009 -0.201484 -0.016401 -0.028332 0.086250 -0.000000 -0.121624 -0.029608 -0.000000 0.161585 -0.203531 0.000000 0.000000 -0.047563 -0.025537 -0.065955 0.000000 -0.000000 -0.132411 -0.000000 0.875545 -0.313021 -0.010565 0.236903 -0.163461 0.167259 0.056911 -0.267439 -0.000000 -0.016161 -0.080874 0.158326 0.000000 -0.101617 0.022036 -0.000000 0.021073 0.036578 -0.000000 0.032361 -0.266073 -0.000000 -0.087485 0.052796 -0.098819 0.038546 -0.000000 -0.000000 0.139658 0.703476 -0.000000 0.174500 0.572872 0.136379 -0.000000 -0.016901 0.000000 0.059914 -0.000000 -0.077512 -0.126425 0.042069 0.008116 0.148615 -0.106204 -0.104031 0.021049 -0.000000 -0.082078 0.106837 0.000377 0.035346 0.000000 0.130197 0.105195 -0.298365 0.000000 -0.000000
  0.268763 0.014766 -0.128626 0.000000 0.000000 -0.022180 0.134824 0.000000 0.002398 0.000000 -0.000000 0.000248 -0.008965 0.174482 0.000000 -0.079534 0.036098 0.152437 -0.075797 0.064220 0.301976 -0.000000 0.190379 -0.006109 0.157251 0.125734 0.103014 -0.000000 0.189857 -0.012962 -0.000000 -0.157576 0.038524 -0.000000 0.000000 0.154549 0.071372 0.131131 -0.000000 0.000000 0.114392 -0.000000 0.138527 0.052255 0.036783 0.143326 0.064089 -0.139899 0.062233 0.123286 -0.000000 -0.043197 0.100326 0.152580 -0.000000 -0.022983 -0.026868 -0.000000 0.082888 0.155292 0.000000 0.092545 0.071235 0.000000 0.240780 0.101804 0.112166 -0.107970 0.000000 -0.000000 0.085850 -0.001513 -0.000000 0.098093 0.005792 0.022088 -0.000000 -0.004013 0.000000 0.097357 -0.000000 -0.010446 0.029508 0.102402 0.099227 0.383334 0.153404 0.123422 0.137451 -0.000000 0.189655 0.219788 0.110736 0.044138 -0.000000 0.016262 0.211686 0.183764 -0.000000 -0.000000
  0.023900 -0.205354 -0.000000 -0.000000 0.000000 0.379600 -0.000000 0.000000 0.095476 0.000000 -0.000000 0.208928 -0.056750 0.258030 0.000000 0.203239 0.222054 0.048845 0.185402 -0.000000 0.241100 -0.000000 -0.031468 -0.028581 -0.161137 0.099331 0.010785 -0.000000 0.048376 0.212438 0.000000 0.092473 0.181923 0.000000 0.000000 0.061926 0.137028 -0.037996 -0.000000 -0.000000 0.241038 -0.000000 -0.954051 -0.037307 0.136576 -0.102456 -0.030742 0.364445 0.081339 0.141723 -0.000000 0.118686 -0.137816 0.159428 0.000000 -0.899791 0.096205 -0.000000 0.074913 0.070659 0.000000 0.053281 0.065130 -0.000000 0.061634 0.184168 0.115171 0.184505 -0.000000 -0.000000 -0.118489 -0.414497 -0.000000 0.045809 -0.471410 0.066896 0.000000 0.413955 0.000000 0.019474 -0.000000 0.023493 0.245337 -0.510540 -0.078835 -0.713199 0.177908 -0.135353 0.058253 -0.000000 0.120160 0.067003 0.065581 -0.026072 -0.000000 -0.152053 -0.550944 0.127938 -0.000000 -0.000000
  0.056069 -0.022816 0.007722 -0.000000 0.000000 0.132828 -0.257577 0.000000 -0.093733 -0.000000 -0.000000 0.135108 0.030925 0.042059 0.000000 -0.050204 -0.056159 0.036396 0.029849 0.022692 0.099573 -0.000000 0.072833 -0.078920 0.121756 0.190472 0.147744 -0.000000 0.065956 -0.114512 -0.000000 -0.123918 -0.088585 0.000000 -0.000000 -0.007459 -0.021379 0.022531 -0.000000 -0.000000 -0.127336 -0.000000 0.937348 -0.138155 0.134150 0.115583 0.098637 0.026309 0.078696 -0.149483 0.000000 0.151626 0.010334 0.154214 0.000000 -0.327741 0.168723 -0.000000 0.058677 -0.060076 -0.000000 0.013369 -0.064865 -0.000000 0.165643 0.020818 -0.064272 0.066447 -0.000000 -0.000000 0.097784 0.478653 0.000000 0.024990 1.219272 -0.016694 -0.000000 0.063889 -0.000000 0.113058 -0.000000 0.159964 0.140856 0.014694 -0.020335 0.936768 -0.013670 -0.049832 0.060253 -0.000000 -0.109592 -0.047313 0.049893 -0.059554 0.000000 0.009304 0.116199 -0.254883 0.000000 -0.000000
  -0.085077 -0.081766 0.214752 -0.000000 0.000000 0.129330 0.321927 -0.000000 -0.064689 -0.000000 -0.000000 -0.201807 0.051022 -0.242828 -0.000000 0.157182 -0.119920 -0.133853 -0.237590 0.202931 -0.058454 -0.000000 0.094783 -0.181722 -0.125930 0.138715 -0.123351 -0.000000 -0.106474 0.057195 0.000000 0.107890 0.109824 -0.000000 0.000000 -0.095657 0.124618 -0.028219 -0.000000 -0.000000 -0.058817 -0.000000 0.067942 0.213534 -0.215095 0.050562 -0.110843 -0.275048 -0.110703 0.103006 -0.000000 0.158666 0.106843 -0.004013 -0.000000 -0.088173 0.022309 0.000000 -0.053292 -0.068487 0.000000 0.164571 -0.254821 0.000000 -0.055165 0.080154 0.005835 -0.167195 -0.000000 -0.000000 -0.091795 0.175330 0.000000 0.018782 0.103105 0.324893 -0.000000 -0.051816 -0.000000 -0.031000 -0.000000 0.161811 -0.098797 0.007831 -0.010165 0.431162 0.014489 0.118238 -0.012377 -0.000000 -0.019698 -0.124192 -0.091094 -0.031353 -0.000000 -0.021846 0.218453 0.043576 0.000000 -0.000000
  -0.038774 0.009033 -0.165595 0.000000 -0.000000 -0.262524 0.184074 -0.000000 -0.088652 0.000000 -0.000000 0.075560 -0.025037 0.041254 0.000000 0.208588 -0.200251 -0.091086 0.084101 0.179644 0.108357 -0.000000 -0.055213 -0.168395 0.222445 -0.048471 -0.098844 0.000000 -0.161477 0.327608 0.000000 0.239439 0.107016 -0.000000 0.000000 0.129990 0.023151 -0.093880 -0.000000 0.000000 -0.014600 -0.000000 0.113087 0.018121 -0.205550 0.116211 -0.163805 0.066457 -0.048080 -0.174462 -0.000000 -0.028533 0.054471 0.137753 -0.000000 0.373675 0.019535 -0.000000 -0.136917 -0.051042 0.000000 0.083802 0.092625 -0.000000 -0.090831 -0.038035 -0.083820 0.028920 0.000000 -0.000000 0.023476 0.301307 -0.000000 0.090793 -0.031758 0.139142 0.000000 -0.164614 -0.000000 0.039590 -0.000000 0.134632 -0.251386 -0.334462 0.067865 0.012388 -0.153255 0.247479 -0.092380 -0.000000 -0.349359 0.055724 0.103438 0.080937 -0.000000 0.157710 -0.520047 0.079247 -0.000000 -0.000000
  -0.150290 -0.155374 -0.050855 -0.000000 -0.000000 -0.153298 -0.341045 -0.000000 -0.031786 -0.000000 -0.000000 -0.068249 0.003385 -0.060874 -0.000000 -0.147985 -0.038936 -0.459343 0.200198 -0.051291 -0.226548 -0.000000 0.081976 0.186040 -0.062613 0.248633 0.000637 -0.000000 0.062218 -0.049539 0.000000 0.042753 -0.103316 -0.000000 0.000000 0.168999 0.128289 0.194710 -0.000000 0.000000 0.045000 -0.000000 -0.640247 -0.131676 -0.072384 0.036078 0.176261 0.048955 0.080607 -0.068317 -0.000000 0.013608 -0.290414 -0.022741 0.000000 -0.520161 0.196214 0.000000 0.005552 0.132867 -0.000000 0.213438 -0.568854 0.000000 0.121693 -0.423247 0.002795 0.202788 0.000000 -0.000000 0.188897 -0.017874 0.000000 0.025649 0.317870 0.001833 -0.000000 -0.104147 -0.000000 0.009422 -0.000000 0.205054 -0.202295 0.041396 0.046688 0.350259 -0.006972 -0.009945 0.041001 -0.000000 -0.039092 0.094326 -0.115177 0.120936 -0.000000 0.132690 0.166155 -0.523225 0.000000 -0.000000
  0.123393 0.305919 0.148481 -0.000000 0.000000 -0.022548 -0.278063 -0.000000 -0.113177 -0.000000 -0.000000 0.042766 -0.017435 -0.014544 -0.000000 -0.161173 0.079704 -0.187507 0.100579 0.181884 -0.213637 0.000000 0.099217 0.128792 -0.075273 -0.017629 -0.087656 -0.000000 -0.052310 -0.090363 0.000000 -0.072740 -0.119568 0.000000 0.000000 0.081355 0.328511 0.052252 -0.000000 -0.000000 -0.084300 -0.000000 -0.264009 -0.169022 0.147571 0.010300 0.028055 -0.215244 0.104587 -0.109492 -0.000000 0.051553 -0.111925 -0.023047 0.000000 0.070673 0.019065 0.000000 0.104777 -0.093372 -0.000000 -0.118960 0.106149 -0.000000 -0.005171 -0.108970 0.045513 -0.137801 -0.000000 -0.000000 -0.110867 0.018770 0.000000 -0.073739 -0.478769 -0.107442 -0.000000 0.073145 -0.000000 -0.051872 -0.000000 0.124989 0.152663 0.294161 0.098840 -0.003016 0.134028 -0.028339 0.124507 -0.000000 -0.005642 0.177029 0.020297 -0.074504 -0.000000 0.008226 -0.147791 -0.082440 0.000000 -0.000000
  0.273740 0.303682 -0.233765 0.000000 0.000000 -0.036594 -0.000000 -0.000000 -0.077837 0.000000 -0.000000 -0.055743 -0.035379 -0.227172 0.000000 -0.160287 -0.147245 -0.384107 -0.384857 -0.140000 0.075897 -0.000000 -0.039066 -0.194158 -0.233005 0.043873 -0.062998 -0.000000 -0.108452 -0.236854 -0.000000 -0.112513 -0.472410 -0.000000 -0.000000 -0.044668 0.026889 -0.247107 -0.000000 -0.000000 0.034319 0.000000 0.271266 0.209900 -0.179574 0.164938 -0.016942 -0.366269 -0.085450 -0.151112 0.000000 -0.209949 -0.012456 0.040193 -0.000000 -0.106292 -0.145592 -0.000000 -0.201852 -0.211764 0.000000 -0.165834 -0.116981 0.000000 -0.000000 0.082827 -0.090919 -0.160582 -0.000000 0.000000 -0.063129 0.118136 0.000000 -0.235597 0.047604 0.076025 -0.000000 0.245557 0.000000 -0.134220 -0.000000 0.024306 -0.149291 -0.004283 -0.277294 0.346223 -0.089703 0.151611 -0.042770 -0.000000 -0.547846 -0.040368 -0.141322 -0.099912 -0.000000 -0.055379 -0.055744 -0.285549 -0.000000 -0.000000
  -0.111030 0.309605 -0.801672 -0.000000 -0.000000 -0.194357 -1.835390 -0.000000 -0.023515 -0.000000 -0.000000 -0.089449 0.081824 0.110437 -0.000000 0.006904 0.047440 0.028395 -0.185327 -0.126853 -0.164719 -0.000000 0.060223 -0.028232 -0.204500 0.107733 0.065608 -0.000000 0.113640 -0.159403 0.000000 -0.039135 0.071242 0.000000 0.000000 -0.213009 0.197677 -0.021704 -0.000000 -0.000000 0.188229 0.000000 -0.320023 -0.085826 0.118146 -0.070099 -0.001361 0.128255 -0.084638 0.093603 0.000000 -0.030194 -0.036481 -0.044383 0.000000 -0.340998 0.042223 0.000000 0.017530 0.089126 -0.000000 -0.096754 -0.004889 0.000000 0.096085 -0.579141 0.066738 -0.003190 0.000000 0.000000 -0.148297 -0.023288 0.000000 0.032714 0.023205 0.815317 0.000000 0.421409 0.000000 0.187711 -0.000000 -0.105222 0.113687 0.158071 -0.075487 0.354755 -0.197028 0.073860 0.031043 0.000000 0.122220 0.147168 0.084428 -0.144670 -0.000000 -0.016116 0.085619 -0.195774 -0.000000 -0.000000
  -0.004059 0.061178 -1.099757 0.000000 0.000000 0.268808 -1.656007 -0.000000 0.147432 -0.000000 -0.000000 0.032104 0.082343 -0.026539 0.000000 0.087386 0.125741 0.135370 0.057220 -0.530974 0.035351 -0.000000 0.174531 -0.054925 -0.010965 0.104413 0.255234 -0.000000 0.152614 0.133729 -0.000000 0.117685 0.220544 -0.000000 -0.000000 0.082485 -0.172284 0.290283 -0.000000 -0.000000 -0.226945 -0.000000 0.518597 0.088469 0.063195 0.113606 0.104393 0.058445 0.112330 0.067444 -0.000000 0.116147 -0.205399 0.069394 0.000000 -0.940988 0.167433 -0.000000 0.006583 0.266269 -0.000000 0.018144 0.014617 0.000000 -0.281437 0.022495 -0.008880 0.299777 -0.000000 -0.000000 0.196769 -0.022444 -0.000000 0.068278 0.098554 0.095843 0.000000 0.030692 -0.000000 0.231059 -0.000000 0.251638 0.083549 -0.154581 0.188576 -0.034857 0.094567 -0.109000 0.110546 -0.000000 -0.283740 0.260867 0.032986 0.219004 -0.000000 0.190371 0.152140 -0.070099 -0.000000 -0.000000
  0.835431 0.218871 0.000000 -0.000000 -0.000000 -0.075663 0.000000 -0.000000 -0.585455 0.000000 -0.000000 -0.523669 -0.301917 -0.920888 -0.000000 -0.124060 -0.333784 -0.144037 -0.357832 -0.000000 0.070040 -0.000000 -0.337509 -0.526621 -0.138425 -0.172569 -0.328406 -0.000000 -0.294291 -0.129465 0.000000 0.116797 0.397185 0.000000 -0.000000 -0.247119 0.575825 -0.260041 -0.000000 -0.000000 -1.457655 0.000000 0.000000 0.519852 -0.490662 0.302673 -0.260863 -0.013967 -0.184923 -0.015117 0.000000 -0.287325 0.289641 -0.233432 -0.000000 -0.000000 -0.085768 -0.000000 -0.303467 -0.439347 -0.000000 -0.444855 -0.517110 0.000000 -0.000000 -0.070337 -0.287886 -0.408895 0.000000 -0.000000 -0.213851 -0.405078 -0.000000 -0.255417 0.000000 -0.113509 0.000000 0.173962 0.000000 -0.233373 -0.000000 -0.266450 -0.296537 -0.284402 -0.279935 -0.848568 -0.421095 0.513080 -0.323744 -0.000000 -1.555291 -0.281982 -0.342640 -0.337366 -0.000000 -0.215126 -0.683049 -0.007173 -0.000000 0.000000
  -0.302325 0.036797 -0.015233 0.000000 0.000000 0.159018 0.169669 0.000000 -0.031416 0.000000 -0.000000 0.072476 -0.051227 0.014811 -0.000000 -0.032919 -0.097690 -0.047855 0.128672 0.106577 0.051577 -0.000000 -0.093418 -0.262352 -0.032874 0.147354 -0.013514 -0.000000 -0.083849 -0.050934 -0.000000 0.063735 -0.058988 -0.000000 -0.000000 -0.023973 -0.071259 0.184820 -0.000000 0.000000 -0.002414 -0.000000 -0.259318 -1.911737 -0.014798 0.020212 0.007005 0.081100 0.152944 0.176995 -0.000000 -0.063552 0.027506 -0.070649 -0.000000 -0.096297 0.092748 -0.000000 0.007040 0.159278 -0.000000 0.046555 -0.129073 -0.000000 0.153773 0.017690 0.030168 0.093312 0.000000 -0.000000 0.014668 -0.355056 0.000000 0.058644 -0.184197 0.269145 0.000000 0.011247 -0.000000 0.115812 -0.000000 -0.037485 0.073692 0.006292 0.054683 -0.740529 -0.005143 -1.387680 0.140006 -0.000000 0.106112 0.143665 -0.146956 0.090345 -0.000000 -0.043439 -0.006462 0.264074 -0.000000 -0.000000
  -0.583490 0.191949 0.213061 -0.000000 -0.000000 -0.150902 0.179566 -0.000000 -0.153576 -0.000000 -0.000000 -0.109496 -0.046862 -0.447945 -0.000000 0.098914 -0.143604 -0.162959 0.013084 0.490689 0.027759 -0.000000 -0.029164 -0.228033 0.038997 -0.018060 -0.014361 -0.000000 -0.238098 0.076362 0.000000 0.107371 -0.270733 -0.000000 0.000000 0.016735 -2.134533 -0.008909 -0.000000 0.000000 0.527403 0.000000 -1.245996 -0.169188 -0.208228 0.001509 -0.171646 -0.110648 -0.152576 0.030718 -0.000000 -0.108178 0.281362 -0.090114 -0.000000 0.656896 -0.034322 -0.000000 -0.032496 -0.048502 0.000000 -0.149213 -0.062676 -0.000000 -2.850539 0.051083 -0.151260 -0.043626 -0.000000 -0.000000 -0.128630 0.192956 -0.000000 0.030807 -1.145503 0.297039 0.000000 -0.080466 -0.000000 -0.060225 -0.000000 -0.097003 -0.453139 -0.015608 -0.189722 -0.178576 -0.187228 -0.292243 -0.259896 -0.000000 -0.862890 0.015859 -0.146339 -0.106933 -0.000000 0.109421 -0.161218 0.177662 -0.000000 -0.000000
  -0.508914 -0.013304 0.221785 -0.000000 0.000000 0.042216 0.211790 0.000000 -0.075074 -0.000000 -0.000000 -0.065867 -0.104479 -0.060819 0.000000 0.021834 -0.038846 0.032237 -0.006841 -0.111247 0.036646 -0.000000 0.086136 -0.192739 0.097085 0.059714 0.075864 -0.000000 0.144430 -0.025650 0.000000 0.289476 -0.000070 -0.000000 0.000000 -0.011920 -0.051510 0.073325 -0.000000 0.000000 -0.008609 -0.000000 -0.465676 -0.966964 0.088802 -0.023852 0.102266 0.154355 0.052452 0.221898 -0.000000 0.062877 0.046615 -0.014559 0.000000 -0.032226 0.024212 0.000000 0.103958 0.081348 -0.000000 -0.077712 -0.096325 0.000000 -0.044478 0.069555 0.016292 0.039073 0.000000 -0.000000 -0.070438 -0.083115 0.000000 0.054381 -0.200492 0.265607 0.000000 0.008123 -0.000000 0.020333 -0.000000 0.052261 -0.076736 0.126075 0.072263 -0.463113 -0.035859 -1.133159 -0.098978 -0.000000 0.127730 0.077155 0.067206 0.159909 -0.000000 -0.027257 -0.025929 0.649194 -0.000000 -0.000000
  0.000000 0.000000 0.000000 -0.000000 0.000000 0.000000 0.000000 -0.000000 0.000000 -0.000000 -0.000000 -0.000000 0.000000 0.000000 0.000000 0.000000 -0.000000 -0.000000 -0.000000 -0.000000 -0.000000 -0.000000 -0.000000 -0.000000 -0.000000 -0.000000 0.000000 -0.000000 0.000000 -0.000000 -0.000000 0.000000 -0.000000 -0.000000 -0.000000 -0.000000 0.000000 0.000000 -0.000000 -0.000000 -0.000000 -0.000000 0.000000 0.000000 0.000000 0.000000 -0.000000 -0.000000 -0.000000 0.000000 0.000000 -0.000000 0.000000 0.000000 -0.000000 0.000000 -0.000000 -0.000000 -0.000000 0.000000 -0.000000 0.000000 -0.000000 -0.000000 -0.000000 0.000000 0.000000 0.000000 0.000000 -0.000000 -0.000000 0.000000 0.000000 0.000000 0.000000 0.000000 -0.000000 0.000000 0.000000 0.000000 -0.000000 0.000000 0.000000 0.000000 0.000000 0.000000 0.000000 0.000000 -0.000000 -0.000000 0.000000 -0.000000 0.000000 0.000000 -0.000000 0.000000 0.000000 0.000000 -0.000000 -0.000000
  -0.459373 0.022083 -0.126253 -0.000000 -0.000000 -0.120645 0.125723 -0.000000 0.122217 0.000000 -0.000000 -0.130457 -0.059431 0.043487 -0.000000 -0.196549 0.021087 -0.065672 -0.037707 0.008513 -0.045780 0.000000 -0.095702 0.029752 -0.066873 -0.069649 -0.173089 -0.000000 0.035647 0.005870 0.000000 -0.210477 -0.079914 -0.000000 -0.000000 -0.006096 0.072408 -0.182197 -0.000000 -0.000000 0.250846 -0.000000 -0.408726 0.102918 0.001772 -0.292556 -0.064331 -0.263799 0.007142 0.066147 0.000000 -0.032493 0.183744 -0.100995 -0.000000 -0.066513 -0.048283 -0.000000 0.011828 0.074761 -0.000000 -0.001688 -0.260213 -0.000000 -0.062458 -0.526725 0.077938 -0.182260 -0.000000 0.000000 -0.132919 -0.126337 0.000000 -0.201482 -0.072764 0.070408 -0.000000 -1.225113 0.000000 -0.066323 -0.000000 -0.101153 0.034008 0.174917 0.014622 -0.092399 0.110872 -0.068601 -0.163157 -0.000000 -0.006922 0.002724 -0.057611 -0.103841 -0.000000 -0.209463 -2.269949 -0.688585 0.000000 -0.000000
  -0.090818 0.110203 -0.367964 0.000000 0.000000 0.250039 -0.988356 -0.000000 0.012933 0.000000 -0.000000 0.194655 0.203323 0.053308 0.000000 -0.076068 0.046047 -0.183039 0.028787 -0.057903 0.077681 -0.000000 0.248523 -0.071220 -0.026232 0.266747 -0.011321 -0.000000 0.054020 0.044410 -0.000000 0.080185 -0.121875 0.000000 -0.000000 0.063300 0.176310 0.189247 -0.000000 0.000000 0.160967 0.000000 0.160085 -0.046805 -0.083934 0.096912 0.221422 0.040546 0.094525 0.170813 0.000000 0.194125 -0.130832 0.181334 -0.000000 -0.065872 0.052511 -0.000000 0.137828 0.231388 -0.000000 0.185731 -0.108204 -0.000000 -0.016410 0.157502 0.165038 -0.019205 -0.000000 -0.000000 0.064835 0.267002 -0.000000 0.028226 0.204888 0.270679 0.000000 0.087349 0.000000 0.264706 -0.000000 0.084326 0.064098 0.021429 0.174396 0.239374 0.157449 -0.012383 0.003497 -0.000000 -0.003904 0.029892 0.012303 0.133778 -0.000000 0.095251 0.161107 -0.104668 -0.000000 -0.000000
  0.176009 0.093989 0.043695 0.000000 -0.000000 0.181458 -0.172115 -0.000000 -0.070886 -0.000000 -0.000000 0.058494 0.015166 -0.005195 -0.000000 0.082684 -0.009294 -0.038308 0.185984 0.067683 -0.191880 -0.000000 0.169014 0.017871 -0.019420 -0.018343 0.094219 -0.000000 0.163305 -0.048252 -0.000000 0.177780 0.068934 -0.000000 -0.000000 0.039075 0.303976 0.008917 -0.000000 0.000000 -0.085380 -0.000000 0.194991 0.015813 -0.087500 0.106312 0.192073 0.072363 0.148189 -0.066176 -0.000000 -0.023273 -0.019264 0.211687 0.000000 -0.164923 0.051105 -0.000000 0.062001 0.192011 0.000000 0.127923 -0.061367 -0.000000 0.024617 -0.135876 0.067909 0.133436 0.000000 -0.000000 0.086328 0.034336 -0.000000 0.187128 0.037656 -0.166139 -0.000000 -0.032693 0.000000 -0.020823 -0.000000 0.165945 0.191679 -0.088082 0.204479 0.039016 0.193424 0.107026 0.093652 -0.000000 0.117005 0.099302 0.068936 0.073865 -0.000000 0.194384 -0.032097 0.204936 -0.000000 -0.000000
  0.028348 -0.249328 0.179212 -0.000000 0.000000 -0.284809 -0.121908 -0.000000 -0.242250 -0.000000 -0.000000 -0.168454 -0.239392 0.103036 0.000000 -0.025996 -0.126247 -0.247791 -0.070463 0.134881 0.162110 -0.000000 0.026418 -0.232643 0.131993 -0.171264 -0.052564 -0.000000 -0.088900 -0.272523 0.000000 -0.618965 -0.073417 -0.000000 -0.000000 -0.082497 0.009464 -0.257064 0.000000 -0.000000 0.139834 -0.000000 0.076591 0.111375 -0.133791 -0.078947 -0.044285 0.119952 -0.134143 -0.515729 -0.000000 0.040820 0.119110 -0.144314 -0.000000 -0.097128 0.081894 -0.000000 -0.248593 -0.203331 0.000000 -0.054571 -0.390712 0.000000 -0.024205 -0.070097 -0.152377 -0.266031 0.000000 -0.000000 -0.013782 -0.238447 -0.000000 -0.131549 -0.355291 0.043790 -0.000000 0.082845 -0.000000 -0.014707 -0.000000 0.057512 -0.089690 -0.030988 -0.020882 0.132844 -0.198653 -0.335701 -0.158192 -0.000000 -0.087045 -0.164004 -0.632324 -0.213718 0.000000 -0.216512 -0.051466 -1.119787 -0.000000 -0.000000
  0.088475 0.275711 0.176169 -0.000000 -0.000000 -0.027069 0.056090 -0.000000 0.090102 -0.000000 -0.000000 -0.004797 0.064247 -0.077993 0.000000 -0.045297 0.144241 0.108995 0.006994 -0.011070 -0.052689 -0.000000 0.048480 0.049084 0.070526 0.107248 -0.001277 -0.000000 0.086990 -0.046514 0.000000 0.039859 -0.134349 0.000000 -0.000000 0.147161 0.235040 0.107986 -0.000000 0.000000 -0.094786 -0.000000 -0.326046 -0.329262 -0.042342 -0.475334 -0.027926 0.093245 0.109816 0.018004 0.000000 0.051485 0.144183 0.020707 0.000000 -0.163949 0.100812 -0.000000 0.141477 0.154998 -0.000000 -0.080725 0.089012 -0.000000 0.111873 -0.018570 -0.098689 0.155088 0.000000 -0.000000 0.002117 -0.106161 0.000000 0.053108 -0.151426 0.106823 -0.000000 0.001383 0.000000 -0.037234 -0.000000 -0.062919 0.073117 0.059311 -0.058785 -0.478442 -0.104417 -0.419104 0.110438 -0.000000 0.072584 -0.006187 -0.025929 0.146273 -0.000000 0.033781 -0.042397 -1.359510 -0.000000 -0.000000
  0.004485 0.072233 -0.365371 -0.000000 -0.000000 0.416020 -0.000000 -0.000000 -0.081617 0.000000 -0.000000 -0.063742 -0.038936 -0.056174 0.000000 -0.014783 0.071425 0.115688 -0.169743 0.033873 -0.200317 -0.000000 0.057546 0.250836 0.147899 0.060349 0.050643 -0.000000 -0.067784 0.114392 -0.000000 -0.291696 -0.131246 0.000000 0.000000 -0.076024 0.359247 0.002752 -0.000000 0.000000 0.078288 -0.000000 -0.151470 -0.196321 0.116225 -0.132900 -0.085492 -0.206175 0.062772 -0.228735 -0.000000 -0.094554 0.039653 -0.025795 -0.000000 0.047734 0.021498 0.000000 0.120846 0.012724 -0.000000 -0.062313 -0.141462 -0.000000 -0.000000 -0.791873 -0.029516 -0.018168 -0.000000 -0.000000 -0.044334 0.112349 -0.000000 0.116236 0.099557 0.330555 0.000000 -0.071415 -0.000000 -0.111077 -0.000000 0.082124 -0.091951 0.071629 -0.038742 0.111430 -0.031471 0.016677 0.017901 -0.000000 0.242584 0.094216 -0.022923 0.162338 -0.000000 -0.026199 0.075220 -0.100528 -0.000000 -0.000000
  0.169668 0.160547 -0.181471 0.000000 -0.000000 0.028077 -0.051086 0.000000 -0.334244 -0.000000 -0.000000 -0.372403 -0.066605 -0.022369 0.000000 -0.436025 -0.740330 0.152374 -0.280751 0.001029 -0.477769 -0.000000 0.037027 -0.171919 -0.024048 0.006095 -0.356668 -0.000000 -0.330313 -0.205639 0.000000 0.050871 -0.172138 0.000000 -0.000000 -0.218897 -0.015509 -0.161875 -0.000000 -0.000000 0.120500 -0.000000 0.017188 -0.514974 -0.393184 -0.142494 -0.443195 -0.283538 -0.097212 0.190634 -0.000000 -0.225498 -0.071079 -0.059032 -0.000000 -0.445870 0.083180 -0.000000 -0.307265 -0.361767 -0.000000 0.043973 -0.172420 -0.000000 -0.129201 -0.297276 -0.144304 -0.167334 0.000000 -0.000000 -0.204989 -0.084920 -0.000000 -0.096179 -0.281933 0.147383 -0.000000 -0.125294 -0.000000 -0.101263 -0.000000 0.015646 -0.711349 -0.081161 -0.245670 -0.036236 -0.136320 0.234036 -0.430147 -0.000000 -0.116588 -0.418978 -0.839523 0.030819 0.000000 -0.213095 0.001786 -0.166683 -0.000000 0.000000
  -0.523664 0.417757 0.095811 0.000000 0.000000 0.317292 0.027651 0.000000 0.174153 0.000000 -0.000000 0.192139 -0.071711 0.187700 0.000000 0.088674 0.155171 0.127933 0.040230 -0.310354 0.254034 -0.000000 0.076143 0.122851 0.195866 0.172353 -0.097554 -0.000000 -0.061869 0.261180 -0.000000 0.346684 0.126014 0.000000 -0.000000 -0.127899 0.027014 0.141427 -0.000000 -0.000000 -0.053023 -0.000000 -0.069696 -0.649512 0.120155 -0.447942 0.147021 0.274737 0.101079 0.493028 0.000000 0.029855 -0.101227 0.150733 -0.000000 -0.007860 -0.047490 0.000000 0.082932 -0.066385 -0.000000 0.030395 0.136140 -0.000000 -0.090037 0.205058 -0.079206 0.158331 -0.000000 -0.000000 -0.024612 -0.344616 -0.000000 0.125738 -0.149768 0.264953 -0.000000 0.031266 -0.000000 0.074044 -0.000000 -0.099939 0.167011 -0.071361 0.127568 -0.322862 0.165212 -0.567291 -0.090390 -0.000000 -0.014148 0.074231 -0.051762 -0.088969 -0.000000 0.168301 -0.136465 -1.499716 -0.000000 -0.000000
  -1.012834 0.054901 -0.154398 -0.000000 0.000000 0.026562 0.197829 -0.000000 -0.001901 -0.000000 -0.000000 -0.095785 0.087606 0.123418 -0.000000 0.051699 0.000277 -0.182180 -0.011565 -0.113949 -0.176036 -0.000000 0.055667 0.168039 -0.026531 0.014540 -0.015989 -0.000000 -0.048639 0.120995 0.000000 -0.030717 -0.131555 0.000000 -0.000000 -0.016124 -0.158043 0.132817 -0.000000 -0.000000 -0.016791 -0.000000 -1.946959 -0.336189 0.085701 0.005611 -0.066142 0.166844 -0.007310 0.086797 -0.000000 0.065625 0.115564 0.119063 0.000000 -0.020079 0.094565 -0.000000 0.026739 0.054477 -0.000000 0.038697 0.304649 -0.000000 -0.103955 0.103428 -0.048611 -0.064372 0.000000 -0.000000 0.166588 -0.062662 -0.000000 -0.016084 -0.568516 0.090355 -0.000000 0.016550 0.000000 0.064427 -0.000000 0.033506 0.008538 0.236904 -0.026260 -1.317453 -0.109003 -0.442762 0.108280 -0.000000 0.181376 0.102701 0.127867 0.127705 -0.000000 0.080481 0.008331 0.025002 -0.000000 -0.000000
  0.010188 0.000466 -0.000012 -0.000000 -0.000000 0.000003 -0.001200 -0.000000 0.000333 0.000000 -0.000000 0.000097 -0.000441 0.000166 0.000000 -0.000078 0.000056 0.007487 -0.000746 -0.000041 0.019243 -0.000000 0.001347 -0.000012 0.000276 0.000044 0.000565 -0.000000 0.000209 -0.000465 -0.000000 -0.000290 -0.000114 -0.000000 0.000000 0.000032 0.002821 0.000192 -0.000000 -0.000000 -0.001609 -0.000000 -0.001131 0.000258 -0.000695 0.000261 -0.001240 0.000045 0.000255 0.001915 0.000000 -0.001791 -0.000032 0.001258 -0.000000 -0.000106 0.000395 0.000000 0.003173 0.003437 0.000000 -0.000196 0.000642 -0.000000 -0.000012 0.003275 -0.000101 -0.001020 -0.000000 -0.000000 -0.000032 0.002244 -0.000000 0.000158 0.000001 -0.039777 -0.000000 -0.000009 0.000000 0.000619 -0.000000 -0.000092 0.008665 0.000802 0.000213 0.025534 -0.000063 0.000090 0.000244 -0.000000 0.005534 -0.000085 0.000031 -0.000469 -0.000000 0.000054 0.001274 0.000326 -0.000000 -0.000000
  -0.039933 0.168767 0.200551 -0.000000 0.000000 0.076696 0.177565 -0.000000 0.128401 -0.000000 -0.000000 -0.083001 0.019432 -0.063910 -0.000000 -0.062638 0.070411 0.130916 -0.047290 0.083983 0.034649 -0.000000 -0.084320 0.011010 0.116455 0.084693 0.005672 -0.000000 0.069182 -0.040808 -0.000000 -0.219973 0.054014 0.000000 -0.000000 0.126485 -0.117609 0.077877 -0.000000 0.000000 0.034424 -0.000000 -1.238737 -0.508537 0.067235 0.043727 0.059455 -0.054031 0.135649 -0.217749 -0.000000 0.073468 0.020781 0.121519 -0.000000 -0.155004 0.124471 -0.000000 -0.046859 0.099957 -0.000000 0.051595 0.019627 0.000000 0.143510 0.061136 -0.075054 0.065335 0.000000 -0.000000 -0.012103 -2.298598 0.000000 -0.139950 -1.213110 0.201638 -0.000000 0.121101 0.000000 0.092471 -0.000000 -0.038993 0.089875 0.063927 0.104875 -0.861705 -0.103543 -1.521804 0.026677 -0.000000 0.091900 -0.005639 0.016795 0.024721 -0.000000 0.114511 0.079471 -0.033294 -0.000000 -0.000000
  0.070908 -0.133564 0.145779 0.000000 -0.000000 -0.110127 0.023135 -0.000000 -0.163083 0.000000 -0.000000 -0.203265 -0.256912 0.002224 0.000000 -0.244876 -0.076231 0.317495 -0.253993 0.181854 0.067797 -0.000000 -0.126500 -0.092875 -0.193596 -0.161328 0.017941 -0.000000 -0.094606 -0.165594 -0.000000 -0.022206 -0.033619 0.000000 -0.000000 -0.233673 0.291280 -0.140798 -0.000000 0.000000 0.251390 -0.000000 -0.000000 -1.000402 -0.001156 0.115184 -0.240922 -0.307846 -0.106678 -0.337045 -0.000000 -0.075267 -0.006853 -0.032549 0.000000 -0.180816 -0.164876 0.000000 -0.122443 0.002139 -0.000000 0.017198 0.179654 -0.000000 0.684557 0.131626 -0.056672 -0.351377 0.000000 -0.000000 -0.178450 -0.017157 -0.000000 0.135747 0.000000 0.107086 -0.000000 0.076445 -0.000000 -0.059911 -0.000000 -0.115856 -0.612269 0.117243 -0.121944 0.306139 -0.146575 0.554201 -0.173518 -0.000000 -0.287578 -0.075253 -0.417664 -0.136001 0.000000 -0.072760 0.383862 -0.026099 -0.000000 0.000000
  -0.146893 -0.122368 0.000000 -0.000000 0.000000 0.119293 -2.125636 0.000000 0.048463 0.000000 -0.000000 0.223063 0.000954 0.034612 0.000000 0.210401 0.222426 0.133722 0.266210 0.000000 0.005354 -0.000000 0.092854 -0.033841 0.102066 0.052519 0.182459 -0.000000 0.073838 0.064162 0.000000 0.168109 0.094055 -0.000000 0.000000 -0.001276 -0.072963 0.115281 -0.000000 -0.000000 0.105071 0.000000 0.231750 0.015316 -0.109325 0.016423 0.263859 0.021500 0.199874 0.012540 0.000000 0.068657 -0.032304 0.083522 0.000000 -0.739669 0.041304 0.000000 0.263243 0.254186 0.000000 0.206619 -0.147960 -0.000000 0.026077 0.019800 0.101135 -0.008856 0.000000 -0.000000 0.067167 -0.332849 -0.000000 -0.004237 -0.140726 -0.089323 0.000000 0.049147 -0.000000 0.222725 -0.000000 0.128221 0.261336 -0.347222 0.001499 -0.105294 0.079418 0.041763 -0.029821 -0.000000 -0.453547 0.026983 0.082907 0.012614 -0.000000 -0.018399 0.055576 0.065671 -0.000000 -0.000000
  -0.570643 0.058322 -0.019531 -0.000000 0.000000 -0.092962 0.224271 -0.000000 0.098773 0.000000 -0.000000 0.078695 0.063171 -0.069730 -0.000000 0.154720 -0.007271 -0.003134 0.154824 -0.020620 0.143783 -0.000000 0.065286 0.039334 -0.094460 -0.017733 0.075615 -0.000000 0.130818 0.096848 -0.000000 0.128336 0.079917 -0.000000 -0.000000 -0.000767 0.087529 0.087821 -0.000000 0.000000 0.025343 -0.000000 -0.349246 -1.380958 0.060366 -0.028402 0.076975 0.179609 0.137186 0.464322 -0.000000 -0.079144 -0.043139 0.096364 -0.000000 0.091037 0.009244 0.000000 -0.021024 0.129235 0.000000 -0.038057 -0.185265 0.000000 0.040674 0.059868 0.187777 0.097732 0.000000 -0.000000 0.070474 -0.189435 0.000000 0.071209 -0.466831 0.191028 -0.000000 0.010491 -0.000000 -0.062074 -0.000000 -0.014755 0.059209 0.030070 0.079676 -0.566815 0.099699 -1.266700 0.118596 -0.000000 0.188374 0.089477 -0.092986 0.111256 -0.000000 0.178069 -0.030490 0.571481 0.000000 -0.000000
  0.007071 -0.377245 0.118619 -0.000000 0.000000 0.178673 -0.176107 0.000000 -0.024008 -0.000000 0.000000 0.226757 0.168444 0.167502 -0.000000 0.265845 0.108144 0.242797 0.271747 0.237583 0.399553 0.000000 0.212495 -0.040093 0.443989 0.089444 0.181198 -0.000000 0.223790 0.224693 -0.000000 0.500676 0.316666 0.000000 -0.000000 0.211920 -0.221981 0.360894 -0.000000 0.000000 0.186863 0.000000 -0.030924 -0.346071 -0.116481 -0.979092 0.185253 0.869745 0.073296 0.552631 -0.000000 0.285646 -0.259610 -0.007834 -0.000000 -0.043911 0.079090 -0.000000 0.198281 0.122745 0.000000 0.274043 -0.340482 -0.000000 -0.362435 -2.301270 0.137920 0.338548 0.000000 -0.000000 0.327846 -0.198593 -0.000000 0.188599 -0.057673 -0.256876 0.000000 -0.000477 -0.000000 0.003161 -0.000000 0.027898 0.060392 -0.168629 0.153354 -0.034226 0.233657 -0.193534 0.224407 -0.000000 -0.566997 0.072288 -0.489662 0.223185 0.000000 0.247084 0.000000 -0.022236 -0.000000 -0.000000
  0.089530 0.055309 -1.542405 -0.000000 -0.000000 -0.036698 -0.797728 -0.000000 0.069797 0.000000 -0.000000 0.128522 0.060904 0.056624 -0.000000 0.109126 -0.043220 0.248711 0.121872 -0.821467 0.171941 -0.000000 -0.084002 0.006130 0.105435 0.090305 0.043007 -0.000000 -0.016028 0.026709 0.000000 0.201322 -0.077010 -0.000000 0.000000 -0.002820 0.144261 -0.078333 -0.000000 0.000000 -0.004671 -0.000000 -0.530828 0.058879 -0.056444 -0.071054 0.067147 0.274453 0.067775 0.254841 -0.000000 -0.057873 0.018721 0.116012 0.000000 -0.883535 -0.038123 0.000000 0.049048 -0.025255 0.000000 -0.099240 -0.200038 -0.000000 0.091438 -0.604729 -0.076975 0.041750 -0.000000 -0.000000 0.016531 -0.140158 -0.000000 -0.074283 -0.366610 0.143974 0.000000 0.149035 0.000000 0.150074 -0.000000 0.146336 -0.084365 -0.366300 0.085429 -0.236368 0.040734 0.045191 0.111930 -0.000000 0.072981 0.121263 0.096801 0.126081 -0.000000 0.122906 -0.232866 0.075622 -0.000000 -0.000000
  -0.376184 -0.064325 0.076613 0.000000 0.000000 -0.007757 0.249257 -0.000000 0.032274 -0.000000 -0.000000 -0.188514 -0.176630 0.444134 -0.000000 -0.111593 -0.017647 0.065499 -0.416381 0.038811 -0.113853 -0.000000 -0.204934 -0.078709 0.027307 -0.225594 -0.149507 -0.000000 -0.273715 -0.061811 0.000000 -0.832155 0.005995 -0.000000 -0.000000 -0.275516 0.041592 -0.252277 -0.000000 -0.000000 0.154883 -0.000000 -0.342945 -0.875396 0.054097 0.124655 -0.073515 -0.813405 -0.120771 -0.094861 -0.000000 0.094021 0.039933 -0.209897 0.000000 -0.038335 -0.213567 0.000000 -0.163858 -0.061318 -0.000000 0.054528 -0.187079 -0.000000 0.183318 -0.127534 -0.199569 -0.249223 0.000000 -0.000000 -0.388641 -0.158618 -0.000000 -0.221769 -0.056405 -0.326324 -0.000000 -0.216883 0.000000 -0.148267 -0.000000 -0.075083 -0.248017 -0.125827 -0.251465 -0.276348 -0.007320 -0.566344 -0.276109 -0.000000 -0.213757 -0.178519 -0.071483 -0.274449 0.000000 -0.449636 -0.721330 -1.063005 -0.000000 -0.000000
  0.278154 -0.158526 0.113722 0.000000 -0.000000 0.124602 0.087202 -0.000000 0.146923 0.000000 -0.000000 0.085403 0.182435 0.172456 -0.000000 0.009727 -0.045787 0.269215 -0.072314 -0.050781 0.113239 -0.000000 0.012969 0.146539 -0.074423 0.078748 -0.059038 -0.000000 0.037589 0.058045 -0.000000 -0.066641 -0.095266 -0.000000 0.000000 0.166452 0.156251 0.079123 -0.000000 -0.000000 0.011657 -0.000000 -0.022451 0.058558 0.103842 0.154850 -0.092137 -0.153424 0.033200 0.089593 0.000000 0.190760 -0.063005 0.056876 -0.000000 0.105436 -0.038674 0.000000 0.164447 0.061028 0.000000 -0.026748 0.137920 0.000000 0.112231 0.161863 0.092487 -0.007853 0.000000 -0.000000 0.002683 0.029852 -0.000000 0.102340 0.077703 0.206313 0.000000 -0.002820 0.000000 -0.020669 -0.000000 0.059914 0.032631 0.056222 0.090895 -0.088001 0.023252 0.196690 0.057117 -0.000000 0.199311 0.086034 0.173564 0.056450 -0.000000 -0.003121 0.182650 0.017218 -0.000000 -0.000000
  0.190477 0.076665 -0.329770 -0.000000 -0.000000 -0.395949 -4.307582 -0.000000 0.458496 0.000000 -0.000000 0.264431 0.290901 0.698207 -0.000000 -0.126666 0.447618 -0.218279 0.202946 0.290340 -0.183031 -0.000000 0.378526 0.295717 -0.057447 0.302797 0.402361 -0.000000 0.362563 0.044497 0.000000 -0.181152 0.540188 -0.000000 0.000000 0.254777 -0.000000 0.343469 -0.000000 0.000000 0.034839 -0.000000 -0.000000 -0.241734 0.450101 -0.159991 0.337626 0.068343 0.211722 -0.336003 -0.000000 0.029297 -0.424627 0.203220 0.000000 -0.969563 0.216527 -0.000000 0.478248 0.375434 0.000000 0.073877 0.446269 -0.000000 -0.000000 -0.403559 0.368331 0.094580 0.000000 -0.000000 0.201188 0.000000 -0.000000 0.104049 -0.000000 -0.384481 -0.000000 -0.132082 0.000000 0.273292 -0.000000 0.156500 0.295050 -0.407995 0.211788 0.267538 0.168097 0.703217 0.308433 -0.000000 -1.281238 0.391288 0.430800 0.070447 -0.000000 0.094453 -0.740237 0.153854 0.000000 -0.000000
  -0.034128 -0.121608 -0.121798 -0.000000 -0.000000 0.037857 -0.735959 -0.000000 -0.081175 -0.000000 -0.000000 0.184680 0.209259 0.092937 -0.000000 0.133503 0.090280 0.154171 -0.126298 0.143673 0.286061 -0.000000 0.133665 -0.003809 0.108011 -0.023265 0.110538 -0.000000 0.070665 0.009784 -0.000000 -0.026468 -0.102132 0.000000 -0.000000 -0.131311 -0.086981 0.192819 -0.000000 -0.000000 -0.047177 0.000000 0.126485 0.080190 0.038964 0.145723 -0.012603 -0.215624 0.006100 -0.003726 -0.000000 0.017922 0.113459 0.126584 0.000000 0.120568 -0.000794 0.000000 0.027382 0.127574 -0.000000 0.228494 -0.168341 -0.000000 -0.015177 0.218163 0.153928 0.183518 0.000000 0.000000 0.176905 0.012230 0.000000 0.090184 0.175430 -0.088476 0.000000 0.191240 0.000000 0.049500 -0.000000 0.064747 0.095119 0.034345 0.043472 0.187086 0.068816 -0.004283 0.192094 -0.000000 0.019150 0.114082 -0.161892 0.154014 -0.000000 0.074367 0.221270 0.120663 0.000000 -0.000000
  -0.315262 0.140901 -0.000000 0.000000 -0.000000 -0.063274 0.000000 0.000000 0.166294 -0.000000 -0.000000 0.153188 0.128165 0.178024 -0.000000 -0.060264 0.246010 -0.327734 0.012552 -0.501036 -0.210108 -0.000000 0.135458 0.198188 -0.328043 0.176076 0.002692 -0.000000 0.093500 -0.306269 0.000000 -0.160106 -0.305183 -0.000000 -0.000000 -0.167248 -0.714897 0.101621 -0.000000 -0.000000 0.233359 0.000000 -1.094148 -0.180689 0.137258 -0.135835 0.000155 0.017552 0.038759 -0.203178 0.000000 -0.034399 -0.175917 -0.011936 -0.000000 -0.439468 0.105898 0.000000 0.248115 0.082336 -0.000000 -0.146737 0.225211 0.000000 0.000000 -0.024494 0.089338 -0.124256 -0.000000 -0.000000 -0.005453 0.017293 0.000000 -0.259571 -0.505911 -0.066859 0.000000 0.125969 0.000000 0.064560 -0.000000 0.020123 0.382685 0.379053 -0.183854 -0.287719 -0.008147 0.022133 -0.089139 -0.000000 -1.417390 0.027253 0.253380 -0.098124 -0.000000 -0.167985 -0.092517 -0.236826 0.000000 -0.000000
  0.123495 -0.017998 0.087375 -0.000000 0.000000 -0.087947 0.253595 -0.000000 0.082118 0.000000 -0.000000 0.204437 0.075871 0.165609 0.000000 -0.033094 -0.052842 0.045688 -0.073632 -0.118175 0.043022 -0.000000 0.136400 -0.114452 -0.065006 0.110377 -0.017438 -0.000000 -0.019112 0.130812 0.000000 -0.064897 0.101803 -0.000000 0.000000 0.106422 0.166557 0.007835 -0.000000 -0.000000 0.121449 -0.000000 0.169758 0.089446 -0.024007 0.194626 0.126825 -0.016610 0.203773 0.092312 -0.000000 0.149666 -0.073208 0.139516 0.000000 0.039320 0.106270 -0.000000 0.074929 0.025839 0.000000 0.197561 0.161963 -0.000000 0.172098 0.100297 0.002962 -0.112638 -0.000000 -0.000000 0.081391 0.072140 -0.000000 0.062818 -0.074071 -0.048695 0.000000 -0.019639 0.000000 -0.000004 -0.000000 0.048431 0.162409 0.058935 -0.071183 0.363503 -0.008242 0.122871 0.197616 -0.000000 0.313617 0.157695 0.175848 0.158968 -0.000000 0.118922 0.265066 0.200498 0.000000 -0.000000
  0.247593 -0.440639 -0.125288 0.000000 -0.000000 0.000374 -0.033621 0.000000 -0.072778 -0.000000 -0.000000 0.159978 0.186268 -0.170499 -0.000000 -0.103354 -0.171197 0.037067 0.102897 -0.125746 0.074946 0.000000 0.129543 -0.041491 0.035160 0.032070 0.129167 -0.000000 0.012745 0.121167 0.000000 0.107235 0.271283 -0.000000 0.000000 0.059236 0.181595 0.087315 -0.000000 0.000000 0.301064 -0.000000 -0.190397 0.051891 -0.074070 -0.337297 -0.019705 0.213232 0.039324 -0.022293 -0.000000 0.258933 0.273400 0.193211 -0.000000 0.148106 -0.016471 -0.000000 -0.075089 0.100278 -0.000000 0.129024 -0.399230 -0.000000 -0.872384 -0.000000 0.162506 0.003814 0.000000 0.000000 0.059238 -0.059250 0.000000 0.167690 -0.018282 -0.245395 0.000000 -0.832794 -0.000000 -0.014322 -0.000000 0.148823 -0.151109 0.062426 0.125789 0.140947 0.108961 0.173348 0.159968 -0.000000 0.190406 0.090390 -0.126112 0.059536 -0.000000 0.063730 -0.627044 -0.001361 0.000000 -0.000000
  0.230258 -0.125740 -0.056566 -0.000000 -0.000000 0.129974 -0.004991 0.000000 -0.060172 -0.000000 -0.000000 0.124379 0.097096 -0.045038 -0.000000 0.013996 0.131200 0.006537 0.003806 0.166046 -0.054173 -0.000000 -0.062974 -0.053764 0.051808 0.099843 0.146380 -0.000000 0.029103 0.224171 -0.000000 0.082253 0.015810 0.000000 -0.000000 0.168986 0.204616 -0.004080 -0.000000 -0.000000 0.066904 -0.000000 -0.151050 0.129932 0.046151 0.216345 -0.049481 -0.120682 0.107032 0.209181 -0.000000 -0.026497 0.089475 0.078934 -0.000000 0.009827 -0.011473 -0.000000 0.098782 0.138831 -0.000000 0.203174 -0.228045 0.000000 0.060332 -0.138084 0.153795 0.035687 0.000000 -0.000000 0.211240 -0.202221 0.000000 0.226661 -0.117120 0.183135 -0.000000 -0.174699 0.000000 0.008781 -0.000000 -0.067259 0.108145 -0.015017 -0.013996 -0.274467 0.061872 0.251216 0.057228 -0.000000 0.122486 0.033456 -0.061158 0.116938 -0.000000 0.158107 -0.361156 0.299868 -0.000000 -0.000000
  0.180351 -0.043665 -0.431809 0.000000 -0.000000 0.351549 -0.290066 -0.000000 0.083476 -0.000000 -0.000000 0.098163 0.034257 -0.051630 -0.000000 -0.117576 -0.057785 0.365699 -0.192726 -1.119313 0.137248 -0.000000 0.022079 -0.177944 -0.413336 -0.105907 -0.022792 -0.000000 0.028316 -0.247263 0.000000 -0.177357 -0.221404 -0.000000 0.000000 -0.307410 0.216349 -0.060954 -0.000000 0.000000 -0.000000 -0.000000 0.000000 -0.053066 0.325328 -0.094086 -0.208623 -0.280002 -0.050806 0.148295 -0.000000 -0.102970 0.063381 -0.130719 0.000000 0.145053 -0.081474 -0.000000 0.083854 -0.013693 -0.000000 -0.215717 0.205905 0.000000 -0.940188 0.160164 -0.087433 -0.275143 -0.000000 -0.000000 -0.141105 -0.000000 -0.000000 -0.246861 -0.000000 -0.266375 -0.000000 0.151796 0.000000 0.006270 -0.000000 0.010263 -0.235311 -0.531755 -0.294740 -0.000000 -0.083638 0.872351 -0.045909 -0.000000 -0.100424 0.053540 0.019214 -0.246572 -0.000000 -0.203780 -0.196926 -0.134438 -0.000000 -0.000000
  0.000000 0.000000 -0.000000 0.000000 -0.000000 0.000000 0.000000 -0.000000 -0.000000 0.000000 -0.000000 0.000000 0.000000 0.000000 -0.000000 0.000000 0.000000 0.000000 -0.000000 -0.000000 -0.000000 -0.000000 -0.000000 0.000000 0.000000 0.000000 0.000000 -0.000000 -0.000000 -0.000000 -0.000000 0.000000 0.000000 -0.000000 -0.000000 -0.000000 0.000000 0.000000 -0.000000 0.000000 -0.000000 -0.000000 -0.000000 0.000000 0.000000 0.000000 0.000000 -0.000000 0.000000 0.000000 0.000000 0.000000 -0.000000 -0.000000 -0.000000 -0.000000 0.000000 0.000000 -0.000000 0.000000 -0.000000 -0.000000 0.000000 -0.000000 0.000000 0.000000 0.000000 0.000000 -0.000000 -0.000000 -0.000000 0.000000 -0.000000 0.000000 -0.000000 0.000000 0.000000 0.000000 -0.000000 -0.000000 -0.000000 -0.000000 -0.000000 0.000000 -0.000000 0.000000 0.000000 -0.000000 -0.000000 -0.000000 0.000000 0.000000 0.000000 0.000000 -0.000000 -0.000000 0.000000 0.000000 -0.000000 -0.000000
  0.433046 0.029039 -0.233091 0.000000 -0.000000 0.136796 -0.065701 -0.000000 0.050269 -0.000000 -0.000000 -0.011040 0.059095 0.072404 0.000000 0.052350 -0.005606 -0.016641 0.004100 -0.342506 0.121041 0.000000 -0.008118 0.067822 -0.084639 0.131633 -0.021919 -0.000000 0.173935 -0.028339 0.000000 0.139045 0.164982 -0.000000 -0.000000 0.122574 0.255065 0.123640 -0.000000 0.000000 0.014187 -0.000000 -0.134269 0.078787 0.106223 -0.442427 -0.014108 0.208065 0.133224 -0.184077 -0.000000 -0.043561 0.041131 -0.057924 -0.000000 0.033239 0.121595 0.000000 0.203351 0.012738 -0.000000 0.167529 0.256689 0.000000 0.009051 -1.934474 0.220871 -0.137124 -0.000000 -0.000000 0.010150 0.050399 -0.000000 0.024366 0.001057 -0.233742 -0.000000 -0.642542 0.000000 0.020687 -0.000000 0.101122 0.143301 -0.131773 -0.017553 0.016633 0.167353 0.199550 0.206023 -0.000000 0.182526 0.073994 0.218518 -0.009495 -0.000000 0.151778 -0.602266 -0.055182 0.000000 -0.000000
  0.150758 0.009971 -0.600393 0.000000 -0.000000 0.072462 0.083162 -0.000000 0.063314 0.000000 -0.000000 0.058642 0.104601 -0.028580 -0.000000 0.130371 0.106317 0.076483 0.088952 -0.671252 0.107969 -0.000000 0.051091 -0.033388 -0.098891 -0.027325 0.169431 -0.000000 0.043639 -0.110800 -0.000000 0.054863 -0.027062 -0.000000 -0.000000 0.113426 0.132835 -0.036150 -0.000000 -0.000000 -0.109505 -0.000000 0.113731 0.097386 0.032831 0.094141 -0.012934 0.047673 0.072213 0.072477 -0.000000 0.035313 -0.132750 0.060840 0.000000 0.154951 0.066814 -0.000000 0.194105 0.111764 -0.000000 0.028792 0.022847 -0.000000 0.218136 0.103022 0.013765 -0.076990 -0.000000 -0.000000 0.071163 0.151054 0.000000 0.119725 -0.028573 -0.093593 0.000000 0.025597 0.000000 0.174314 -0.000000 0.058866 0.018801 0.158569 0.027414 0.208784 0.055243 0.082784 -0.036990 -0.000000 0.207455 0.053082 0.137793 0.070342 -0.000000 -0.036519 0.154225 0.081702 -0.000000 -0.000000
  -0.626335 -1.575767 -0.060782 0.000000 -0.000000 0.989177 -0.210155 -0.000000 -0.142970 0.000000 -0.000000 -0.088826 0.188861 -0.372959 -0.000000 0.892194 -0.027184 0.870018 0.366760 0.201234 0.818114 -0.000000 -0.067835 -0.362027 0.817087 -0.056624 0.346696 0.000000 -0.040332 0.904119 0.000000 1.049426 0.926714 -0.000000 0.000000 0.253345 -0.205813 0.200085 0.000000 -0.000000 -0.235100 -0.000000 -0.033887 0.304165 -0.317368 0.316265 0.178117 0.986095 -0.035911 0.919044 0.000000 0.472286 -0.033429 0.030616 0.000000 -0.553325 0.095643 -0.000000 -0.135783 0.116113 -0.000000 0.254409 -0.513975 -0.000000 -1.524202 -2.476215 0.089079 0.845759 0.000000 -0.000000 0.737172 -0.113789 0.000000 1.100467 -0.170231 0.557038 0.000000 -0.000000 0.000000 -0.169222 -0.000000 0.101123 -0.105753 -0.600219 0.346630 -0.047209 0.247808 -0.099228 0.084004 -0.000000 -0.785452 -0.033760 -0.257575 0.396905 -0.000000 0.711241 -0.007858 0.162991 -0.000000 -0.000000
  -0.053498 -0.162615 -0.137808 -0.000000 -0.000000 0.248485 -0.097244 0.000000 0.066832 0.000000 -0.000000 0.078389 0.111862 0.003322 0.000000 -0.051282 0.081189 0.233930 0.146465 -0.188940 -0.072713 -0.000000 0.077208 -0.072838 -0.096252 0.151726 -0.127437 -0.000000 -0.038783 0.168019 0.000000 0.157296 0.143611 -0.000000 -0.000000 -0.067463 0.067175 0.125633 -0.000000 0.000000 -0.085616 0.000000 -0.050387 -0.036213 0.063606 0.151070 -0.010590 -0.097892 -0.098801 0.075286 -0.000000 0.008596 -0.062344 -0.139441 0.000000 -0.230881 -0.035034 -0.000000 0.085791 0.140265 -0.000000 -0.043174 -0.142848 0.000000 -0.028661 0.235376 0.066595 0.037883 -0.000000 -0.000000 0.034323 0.406338 -0.000000 0.139014 0.572731 0.262396 0.000000 0.292861 -0.000000 0.033571 -0.000000 0.134974 0.063762 0.199068 0.063330 0.316881 -0.033207 0.022912 -0.108490 -0.000000 -0.016937 -0.048802 -0.089184 0.105448 -0.000000 -0.042673 0.212330 -0.149583 0.000000 -0.000000
  -0.018632 -0.096542 -0.005916 0.000000 -0.000000 0.032081 -0.186086 0.000000 -0.148827 -0.000000 -0.000000 -0.162496 -0.322784 -0.388691 -0.000000 0.160781 -0.251594 0.045016 -0.201361 0.283254 0.046233 0.000000 -0.208381 -0.140673 0.162840 -0.293277 -0.091867 -0.000000 -0.252946 0.169663 -0.000000 0.061515 0.129009 -0.000000 0.000000 -0.105403 0.170128 -0.178113 -0.000000 -0.000000 0.262014 0.000000 0.251912 0.761997 -0.198103 -0.064446 -0.163355 0.546250 -0.135923 0.422985 -0.000000 0.009591 0.125308 -0.274861 -0.000000 0.166066 -0.264305 -0.000000 -0.352120 -0.260976 0.000000 -0.145183 -2.547970 0.000000 -0.186181 -0.000000 -0.259466 0.180023 -0.000000 -0.000000 -0.098038 0.535187 -0.000000 -0.104982 0.325120 0.064113 0.000000 -0.887821 0.000000 -0.281274 -0.000000 -0.230829 -0.181361 -0.305090 -0.084006 0.120697 -0.209434 0.342381 -0.225603 -0.000000 -0.312164 -0.297120 -0.616512 0.070238 0.000000 -0.010727 0.000000 -3.256966 0.000000 -0.000000
  0.043951 0.064871 -0.133510 -0.000000 -0.000000 -0.093470 0.131206 0.000000 -0.030764 0.000000 -0.000000 -0.122246 -0.011848 0.072827 0.000000 -0.174566 -0.180921 -0.317259 -0.182043 0.143864 -0.225862 -0.000000 0.080287 0.043743 -0.094085 -0.108233 -0.105614 -0.000000 0.060564 -0.089697 -0.000000 -0.194892 -0.059498 -0.000000 -0.000000 -0.045305 0.265055 -0.199381 -0.000000 0.000000 -0.119947 -0.000000 -0.038269 -0.206709 0.024471 -0.059208 -0.046040 -0.277665 0.106751 -0.187684 -0.000000 -0.056864 0.034638 -0.132043 -0.000000 0.400378 0.090392 0.000000 0.102975 -0.113836 -0.000000 -0.135171 0.020561 -0.000000 0.050548 -0.222771 0.070921 -0.174243 0.000000 -0.000000 -0.204096 -0.125617 0.000000 -0.205451 -0.411326 -0.232485 0.000000 -0.209543 0.000000 -0.164444 -0.000000 -0.018478 -0.030279 0.129467 -0.027961 0.086881 0.068751 -0.067914 0.009095 -0.000000 -0.022180 -0.088715 0.091700 -0.161091 -0.000000 -0.173738 -0.087008 -0.181149 -0.000000 -0.000000
  -0.396269 -0.014335 -0.005596 -0.000000 -0.000000 0.045721 0.132590 -0.000000 -0.038829 -0.000000 -0.000000 -0.111342 -0.132300 0.058720 -0.000000 -0.101745 -0.056721 -0.013849 0.129930 0.127499 -0.047643 -0.000000 0.122184 0.032176 -0.099857 0.091560 -0.051163 -0.000000 0.051270 -0.069146 0.000000 -0.146860 -0.067467 0.000000 0.000000 -0.093886 0.012013 0.041434 -0.000000 0.000000 0.067908 -0.000000 -0.261137 -0.710543 0.042509 -0.164293 -0.027458 0.043241 0.033879 -0.162147 -0.000000 0.112094 0.123619 0.077623 -0.000000 -0.116499 0.038232 -0.000000 0.135784 0.045280 -0.000000 0.112474 0.073876 -0.000000 0.053744 -0.034538 -0.021386 -0.111460 0.000000 -0.000000 0.034031 0.041282 0.000000 -0.072930 0.081521 0.067125 -0.000000 0.062598 0.000000 -0.037880 -0.000000 -0.072470 -0.055129 0.142233 0.136587 0.038678 -0.087626 -0.913643 -0.098550 -0.000000 0.081670 0.131021 0.074198 -0.002274 -0.000000 0.122250 0.030110 -0.552147 -0.000000 -0.000000
  -0.000000 1.634513 0.070262 0.000000 -0.000000 -1.278546 0.943842 0.000000 -0.513165 -0.000000 -0.000000 -0.705593 -1.145144 -0.697222 -0.000000 -1.901041 -0.699323 -2.471895 -1.265544 0.072105 -1.693815 -0.000000 -0.966795 0.249591 -1.630925 -0.961064 -1.136973 0.000000 -0.878097 -1.890774 -0.000000 -2.279829 -1.935653 -0.000000 0.000000 -1.341536 -0.000000 -1.130179 -0.000000 -0.000000 0.694007 0.000000 -0.000000 -0.000000 0.234499 -1.550589 -1.040204 -2.030695 -0.944775 -1.839014 0.000000 -1.286843 0.633707 -1.084027 0.000000 1.633695 -0.882080 0.000000 -0.846657 -0.868506 0.000000 -1.151853 0.610454 0.000000 -0.000000 0.652467 -0.939703 -1.940149 0.000000 -0.000000 -1.586292 -0.000000 -0.000000 -1.932702 -0.000000 0.206345 0.000000 -1.681697 0.000000 -0.728244 0.000000 -1.006470 0.514401 -0.259558 -1.233192 -0.004173 -0.987469 -0.000000 -1.088803 0.000000 0.251689 -0.937366 -0.144110 -1.590268 0.000000 -1.566462 -2.122621 0.440229 -0.000000 -0.000000
  0.103480 -0.109827 0.166566 0.000000 -0.000000 0.020725 0.054602 -0.000000 -0.002259 -0.000000 -0.000000 0.136347 -0.003596 -0.057275 -0.000000 0.179372 -0.030218 -0.191377 0.030144 0.162941 -0.002218 -0.000000 0.182185 0.056810 0.101172 0.065552 -0.043223 -0.000000 0.008011 -0.050858 0.000000 -0.051371 0.069269 0.000000 -0.000000 0.168786 0.101285 0.067482 -0.000000 0.000000 0.094968 -0.000000 0.185569 -0.060472 0.121879 0.104087 0.096511 -0.216968 -0.015047 -0.000618 0.000000 0.069790 0.106493 0.059099 -0.000000 -0.143502 0.150468 -0.000000 0.174799 0.188533 0.000000 0.081450 0.044905 0.000000 -0.019505 -0.124737 -0.067086 0.099314 -0.000000 -0.000000 0.060269 -0.202608 0.000000 -0.050568 -0.019210 -0.070848 0.000000 -0.215605 0.000000 0.119123 -0.000000 0.154533 0.023227 -0.052841 0.117353 -0.361831 0.095731 0.105586 -0.017076 -0.000000 0.143202 0.178909 0.182088 -0.017941 -0.000000 0.103944 -0.154520 -0.322694 -0.000000 -0.000000
  -0.242368 0.445548 0.413067 0.000000 -0.000000 -0.203620 -0.199613 -0.000000 0.126595 -0.000000 -0.000000 0.059003 -0.054240 -0.256006 -0.000000 -0.125366 -0.063690 -0.304727 -0.300796 0.008642 -0.149503 -0.000000 -0.049046 0.079958 -0.091188 -0.048195 -0.191709 -0.000000 -0.099972 0.028849 -0.000000 -0.645829 -0.015221 -0.000000 -0.000000 -0.143820 0.287657 -0.040064 -0.000000 -0.000000 0.492515 -0.000000 -0.120276 0.091163 0.283963 -0.243679 0.005185 -0.079226 -0.121079 -0.343787 0.000000 -0.173681 0.141428 0.053254 -0.000000 0.270559 -0.046590 -0.000000 -0.083828 -0.079004 0.000000 -0.063590 -0.255880 0.000000 0.509627 -0.000000 0.077123 -0.221319 -0.000000 0.000000 -0.105863 0.138988 -0.000000 -0.135347 -0.108430 -0.630081 0.000000 -0.027971 -0.000000 -0.118971 -0.000000 -0.070206 -0.067333 0.071589 -0.176214 0.422454 -0.038572 -0.017872 -0.075237 0.000000 0.210459 -0.049170 -0.195585 -0.154986 -0.000000 -0.087912 0.048329 -0.742869 0.000000 -0.000000
  -0.133744 -0.101304 -0.421047 -0.000000 0.000000 0.128859 0.369546 -0.000000 0.031434 0.000000 -0.000000 -0.024654 -0.001021 0.043134 -0.000000 0.021495 0.064790 0.055174 0.172248 0.241664 0.091803 -0.000000 -0.046439 -0.043826 0.135526 0.210247 0.160919 -0.000000 0.196501 0.012863 -0.000000 -0.022009 -0.156719 0.000000 -0.000000 0.041666 0.075099 0.170341 -0.000000 -0.000000 -0.019785 -0.000000 0.116390 0.039492 0.025411 0.104003 0.114067 -0.000395 -0.034206 0.070210 0.000000 0.161580 -0.071807 0.175539 -0.000000 0.403960 -0.050769 -0.000000 0.140323 0.057113 -0.000000 -0.026169 0.183143 -0.000000 -0.061474 0.109720 -0.015544 -0.028566 -0.000000 -0.000000 -0.018750 0.242212 0.000000 -0.134218 0.116715 0.201179 -0.000000 -0.009781 0.000000 0.108384 -0.000000 -0.058138 0.054243 0.128993 -0.027494 0.274587 0.067873 -0.115459 0.177349 -0.000000 -0.348423 -0.027941 -0.046703 0.028751 -0.000000 0.169613 0.092655 0.155933 -0.000000 -0.000000
  -0.745031 -0.108821 -0.081452 0.000000 -0.000000 -0.301223 0.056202 -0.000000 -0.714062 -0.000000 0.000000 -0.175077 -0.226019 -0.147311 -0.000000 0.146532 -0.625700 -0.314408 -0.263199 0.138518 -0.028609 -0.000000 -0.107724 -0.051015 -0.183192 -0.173589 -0.203481 -0.000000 -0.282431 -0.186992 -0.000000 -0.089162 0.008097 -0.000000 -0.000000 -0.239450 0.111943 -0.253963 -0.000000 -0.000000 0.498908 -0.000000 0.000000 -0.000000 -0.071649 -0.104286 -0.214541 -0.041944 -0.033872 -0.925547 -0.000000 -0.229238 0.054134 -0.080230 -0.000000 0.296241 0.050388 0.000000 -0.262863 -0.005486 0.000000 -0.115998 -0.203317 0.000000 -0.006893 -0.033036 -0.158588 -0.115489 -0.000000 -0.000000 -0.117389 -0.109959 -0.000000 -0.101099 -0.119796 -0.114189 0.000000 0.043383 0.000000 -0.140431 -0.000000 -0.175537 0.163064 0.130015 -0.086456 0.039382 -0.317391 0.443335 -0.229580 -0.000000 -0.058963 -0.296520 -1.162020 -0.126194 0.000000 -0.296591 0.043834 -0.521060 0.000000 -0.000000
  -0.083338 0.492251 -0.775454 -0.000000 -0.000000 0.004875 -0.691248 0.000000 -0.241094 0.000000 -0.000000 -0.016963 -0.031343 -0.065742 -0.000000 0.091151 -0.146151 -0.220788 -0.036525 -0.044183 -0.200128 0.000000 -0.012663 -0.060517 0.126029 -0.014315 -0.006772 -0.000000 0.063669 0.151999 -0.000000 -0.037660 0.217114 -0.000000 -0.000000 0.214573 -0.086192 0.062981 -0.000000 -0.000000 -0.008924 -0.000000 -2.075519 0.002829 -0.183113 -0.743164 0.053240 0.473358 0.081979 -0.043470 -0.000000 0.067114 -0.042906 0.060550 0.000000 -0.119985 0.060194 -0.000000 -0.019261 0.020801 -0.000000 0.044469 -0.020066 -0.000000 -1.874182 -0.000000 0.108789 0.257712 0.000000 -0.000000 0.306383 -0.334086 0.000000 0.217700 -0.793464 -0.000000 0.000000 0.295174 0.000000 -0.082325 -0.000000 -0.047554 -0.132218 -0.841741 0.108886 -0.524845 -0.031153 0.292979 0.054278 -0.000000 -0.302965 0.049024 -0.067373 0.156792 -0.000000 0.084625 -0.000000 -0.264698 -0.000000 -0.000000
  0.273892 0.152817 -0.313549 -0.000000 -0.000000 0.148746 -0.187060 -0.000000 0.028440 0.000000 -0.000000 0.193481 -0.064874 -0.175824 0.000000 0.109420 -0.055131 -0.212643 0.147218 -0.036436 -0.133139 -0.000000 0.077211 0.104105 -0.004122 0.107158 0.105207 -0.000000 0.087901 -0.073636 -0.000000 -0.038500 -0.120124 -0.000000 0.000000 0.119058 0.323956 0.048219 -0.000000 -0.000000 -0.277673 -0.000000 0.074802 0.100494 -0.121894 0.039574 0.117227 -0.026292 0.157594 0.092618 0.000000 0.034508 0.003525 0.053786 0.000000 0.065134 -0.019377 -0.000000 0.079172 0.160736 0.000000 0.116985 -0.092414 0.000000 0.195583 -0.252392 0.192277 -0.093765 0.000000 -0.000000 0.044592 0.205483 -0.000000 0.127080 0.051916 -0.224281 0.000000 -0.026957 0.000000 0.096279 -0.000000 0.045349 -0.126678 -0.147767 0.076095 0.090962 0.024934 0.168382 0.043505 -0.000000 0.062976 0.163881 0.009382 0.174911 -0.000000 0.205876 -0.012667 -0.073329 0.000000 -0.000000
  -0.220460 -0.199997 -0.113671 0.000000 -0.000000 0.165082 -0.372031 0.000000 -0.015253 -0.000000 0.000000 -0.288973 -0.069161 0.588748 -0.000000 -0.103733 0.064740 0.065586 -0.568602 0.044338 0.171241 -0.000000 -0.200982 -0.159727 0.113847 -0.055344 -0.164192 -0.000000 -0.232844 0.099299 -0.000000 -0.202532 -0.002770 0.000000 0.000000 -0.283393 -0.157542 -0.307672 -0.000000 -0.000000 0.006536 -0.000000 -0.121951 -0.061106 -0.287294 -0.217053 -0.160298 -0.215658 -0.183919 -0.012188 -0.000000 -0.112507 -0.152599 -0.001418 0.000000 0.187379 -0.028380 0.000000 -0.248480 -0.204729 -0.000000 0.003428 -0.205937 -0.000000 -0.110759 -0.063343 -0.131861 -0.323309 0.000000 -0.000000 -0.429954 -0.116022 0.000000 -0.769786 -0.036366 -0.236866 0.000000 0.335651 -0.000000 -0.510778 -0.000000 -0.058607 -0.341690 0.267918 -0.687744 -0.331658 -0.103182 -0.331340 -0.373694 -0.000000 -0.468097 -0.239833 0.002373 -0.168515 0.000000 -0.627365 -0.367922 0.352889 -0.000000 -0.000000
  -0.866377 -0.690243 0.000000 -0.000000 -0.000000 0.769053 0.000219 0.000000 1.635846 0.000000 -0.000000 1.439426 1.580390 1.152408 -0.000000 1.096305 1.218167 0.520581 1.758959 0.278309 0.465966 -0.000000 1.271135 0.796903 1.345005 1.309551 1.592788 -0.000000 1.660901 0.987977 -0.000000 0.727553 1.231816 0.000000 -0.000000 1.557435 -1.270118 1.677257 0.000000 -0.000000 0.535475 -0.000000 0.000000 -2.904804 0.895266 -0.000000 1.477347 0.706267 1.456262 0.802502 -0.000000 1.549091 -1.535560 1.425628 -0.000000 -0.574275 1.373232 0.000000 1.678140 1.637542 0.000000 1.427201 0.024921 0.000000 0.000000 0.000000 1.560169 1.181726 -0.000000 -0.000000 1.651343 -0.178221 -0.000000 1.225532 0.000000 -0.000000 -0.000000 -0.000000 0.000000 1.291751 -0.000000 1.380152 1.324516 -0.053730 1.859894 -0.067271 1.406327 -1.030160 1.455732 0.000000 -1.402179 1.490036 0.890336 1.567095 -0.000000 1.463454 -0.000000 0.595450 -0.000000 -0.000000
  0.390351 -0.073622 0.234082 -0.000000 -0.000000 -0.240799 -0.013792 0.000000 -0.102876 -0.000000 -0.000000 -0.176689 -0.145390 0.072403 -0.000000 -0.132705 -0.142774 -0.229862 -0.076345 0.080836 -0.086132 -0.000000 -0.069042 0.031700 -0.004275 0.071209 0.047398 -0.000000 -0.059436 -0.225318 -0.000000 -0.543436 -0.199780 0.000000 -0.000000 -0.112588 0.030119 -0.079641 0.000000 0.000000 0.191518 -0.000000 -0.237109 -0.375981 0.044812 -0.007326 0.023205 -0.195932 -0.163024 -1.512341 -0.000000 0.035736 0.025490 -0.087487 -0.000000 0.063615 -0.051722 -0.000000 -0.165349 -0.173701 -0.000000 -0.105353 -0.208152 0.000000 0.127558 -0.142067 -0.146102 -0.290260 -0.000000 -0.000000 -0.091476 -0.555989 0.000000 -0.128305 -0.013283 -0.038684 0.000000 0.013317 0.000000 -0.100767 -0.000000 -0.026459 0.158642 0.080860 -0.218556 -0.022544 -0.149491 -0.073207 -0.122393 -0.000000 -0.074388 -0.029853 0.148932 -0.096254 0.000000 -0.122795 0.087921 -0.192419 -0.000000 -0.000000
  -0.064393 -0.086322 -0.001340 0.000000 -0.000000 0.274531 -1.929536 0.000000 0.075423 -0.000000 -0.000000 0.092806 0.157248 -0.053210 -0.000000 0.048371 0.146498 -0.035186 0.080452 -0.869627 0.105303 -0.000000 0.040263 -0.116572 0.232248 0.081338 0.240317 -0.000000 0.204622 -0.009218 0.000000 0.196395 0.160885 -0.000000 -0.000000 0.050094 -0.214039 0.181710 -0.000000 -0.000000 -0.139853 -0.000000 0.432801 0.024498 -0.044267 0.045774 0.181051 0.185993 0.267008 0.067003 0.000000 0.001968 -0.113351 0.012107 0.000000 -0.538835 0.196294 0.000000 0.046084 0.022449 0.000000 0.083763 -0.097858 -0.000000 -0.230688 0.009812 0.082876 -0.001179 -0.000000 -0.000000 0.265048 0.017901 -0.000000 0.217069 0.126619 -0.091529 0.000000 0.034332 0.000000 0.180903 -0.000000 0.067642 0.226872 -0.172900 0.118788 -0.020925 0.217293 -0.031811 0.191293 -0.000000 -0.396201 0.076039 0.006387 0.062923 -0.000000 0.068520 0.117718 0.083156 0.000000 -0.000000
  0.310822 0.133949 -0.234040 0.000000 0.000000 0.029121 0.054464 -0.000000 0.141741 -0.000000 -0.000000 0.064538 0.129644 -0.012123 0.000000 0.141084 0.069449 -0.045788 0.095975 0.235641 -0.025700 0.000000 0.165053 0.040040 0.013643 0.064525 0.203340 -0.000000 0.082931 0.157050 -0.000000 0.143050 0.023676 -0.000000 0.000000 -0.010266 0.149924 0.221778 -0.000000 0.000000 0.105565 -0.000000 -0.535100 -0.011328 0.025184 -0.335158 0.127763 -0.083421 0.202419 -0.018760 -0.000000 0.016242 0.160252 0.142379 0.000000 -0.015261 0.042716 -0.000000 0.086530 0.117803 0.000000 0.033622 0.184112 -0.000000 0.215910 -0.223235 0.096304 0.041501 -0.000000 -0.000000 0.103705 -0.211040 0.000000 0.140016 -0.089717 -0.005808 0.000000 -0.340453 -0.000000 0.064915 -0.000000 0.001282 -0.000619 -0.215324 0.163156 -0.029708 0.207492 0.177748 -0.058163 -0.000000 0.214786 0.076570 0.041566 0.247531 -0.000000 0.221318 -0.488180 0.015905 -0.000000 -0.000000
  0.103605 0.219952 -0.009258 -0.000000 0.000000 0.226820 0.138259 -0.000000 -0.359702 0.000000 -0.000000 -0.483102 0.063502 -0.211850 -0.000000 -0.066738 -0.157447 -0.149158 -0.089703 0.126674 -0.297387 -0.000000 -0.317164 -0.118870 0.050124 -0.352873 -0.277222 -0.000000 -0.223646 -0.042128 0.000000 -0.150142 0.129683 -0.000000 0.000000 -0.114211 0.457142 0.286778 -0.000000 -0.000000 -0.224806 0.000000 0.065681 -0.535138 0.017485 -0.433455 -0.282496 -0.192450 -0.407904 -0.267074 -0.000000 0.031246 0.093544 -0.059708 0.000000 0.094573 -0.137046 -0.000000 -0.391166 -0.158079 0.000000 -0.248197 -0.437041 -0.000000 0.000000 -0.899960 -0.185031 0.428706 -0.000000 -0.000000 0.386156 0.336245 -0.000000 0.293919 0.099149 0.148360 -0.000000 -0.036749 -0.000000 -0.662510 -0.000000 -0.251018 -0.450011 -0.127972 0.061893 -0.026490 -0.227145 -0.046385 -0.288098 -0.000000 0.065778 -0.368584 -0.335281 -0.088223 -0.000000 0.354759 0.041900 0.202073 0.000000 -0.000000
  -0.254933 -0.148724 0.176090 -0.000000 0.000000 -0.160750 -0.237353 -0.000000 -0.142602 -0.000000 -0.000000 0.037207 -0.156124 -0.024876 -0.000000 0.037245 -0.051449 -0.239761 -0.079794 0.180287 0.105230 -0.000000 -0.116137 -0.013660 -0.025636 0.027350 -0.030892 -0.000000 -0.030345 -0.020981 -0.000000 -0.014168 0.039953 0.000000 -0.000000 0.010586 0.056935 0.092443 -0.000000 -0.000000 -0.146992 -0.000000 -0.011419 -0.535270 -0.142056 0.291422 -0.109968 0.111049 0.130941 0.088626 0.000000 0.130305 -0.162845 0.043465 -0.000000 -0.131580 -0.059525 0.000000 0.006631 0.085813 -0.000000 -0.074043 -0.165554 -0.000000 0.116094 0.007555 0.038623 0.028804 0.000000 -0.000000 -0.007614 0.368585 -0.000000 0.049970 -0.000000 0.130099 0.000000 0.285864 -0.000000 -0.177113 -0.000000 0.157581 0.078340 0.122791 0.016879 0.477337 -0.013482 -0.345133 -0.180854 -0.000000 -0.011273 0.030298 -0.133395 -0.066903 -0.000000 0.100558 0.323778 -0.043649 -0.000000 -0.000000
  0.312464 -0.000361 -0.251372 -0.000000 -0.000000 -0.090055 -0.337118 -0.000000 0.062800 -0.000000 -0.000000 0.033395 -0.046366 0.090764 -0.000000 -0.072067 0.168402 0.243661 0.145934 -0.463495 0.126138 -0.000000 -0.013376 0.046764 -0.154215 0.183985 -0.020417 -0.000000 0.194718 -0.055564 0.000000 0.123791 0.144443 -0.000000 0.000000 0.021088 0.240922 0.080589 -0.000000 0.000000 0.190325 0.000000 -0.201472 0.031441 0.173080 -0.048989 0.160554 -0.197258 0.052220 0.141959 0.000000 -0.095777 0.126762 0.080737 -0.000000 0.046878 0.019130 -0.000000 -0.008199 0.007157 0.000000 -0.045557 -0.034010 -0.000000 -0.198989 -0.843337 0.067999 0.054898 0.000000 -0.000000 -0.052106 0.124531 -0.000000 0.068910 0.057189 -2.231951 -0.000000 -0.105979 0.000000 0.074764 -0.000000 -0.019933 0.134133 -0.131431 -0.015565 -0.042525 0.179740 0.037343 0.087421 -0.000000 0.293619 -0.003691 0.198297 0.078473 -0.000000 0.093240 -0.578123 0.557647 0.000000 -0.000000
  -0.000000 0.000000 0.000000 0.000000 -0.000000 -0.000000 -0.000000 -0.000000 0.000000 -0.000000 -0.000000 0.000000 -0.000000 -0.000000 -0.000000 -0.000000 0.000000 0.000000 0.000000 -0.000000 0.000000 -0.000000 -0.000000 -0.000000 -0.000000 -0.000000 -0.000000 0.000000 -0.000000 -0.000000 -0.000000 0.000000 -0.000000 0.000000 0.000000 -0.000000 -0.000000 -0.000000 0.000000 -0.000000 -0.000000 -0.000000 0.000000 -0.000000 -0.000000 0.000000 0.000000 0.000000 -0.000000 0.000000 0.000000 -0.000000 0.000000 -0.000000 0.000000 -0.000000 0.000000 -0.000000 0.000000 -0.000000 0.000000 0.000000 -0.000000 0.000000 0.000000 -0.000000 -0.000000 0.000000 -0.000000 -0.000000 -0.000000 -0.000000 -0.000000 -0.000000 0.000000 0.000000 -0.000000 0.000000 0.000000 0.000000 -0.000000 -0.000000 0.000000 0.000000 0.000000 0.000000 -0.000000 0.000000 -0.000000 -0.000000 0.000000 -0.000000 -0.000000 0.000000 -0.000000 0.000000 0.000000 0.000000 -0.000000 -0.000000
  -0.075412 -0.061072 -0.117092 0.000000 -0.000000 0.233708 -0.944844 0.000000 0.103883 -0.000000 -0.000000 0.125295 0.189883 0.088095 -0.000000 0.066948 0.146369 0.300423 -0.047142 0.194960 0.180920 -0.000000 0.021551 0.012730 0.168750 -0.004752 0.079904 -0.000000 0.160246 0.174195 0.000000 -0.017138 -0.104013 0.000000 0.000000 -0.029602 -0.072733 0.219870 -0.000000 0.000000 0.031632 0.000000 0.139377 0.084029 -0.016772 0.193191 0.202101 -0.011059 0.072107 0.034385 0.000000 -0.031473 0.025318 0.098459 -0.000000 0.044361 0.011486 0.000000 0.183615 0.203631 -0.000000 0.225651 -0.054073 0.000000 -0.023758 0.289310 0.240095 0.246794 -0.000000 -0.000000 0.065183 0.103624 -0.000000 0.053759 0.234749 -0.051266 0.000000 0.167118 -0.000000 -0.037061 -0.000000 0.206107 0.100416 -0.040941 0.081827 0.321652 0.218573 0.091219 0.101069 -0.000000 -0.005490 -0.028645 -0.069491 0.168931 -0.000000 0.171666 0.244820 0.054896 -0.000000 -0.000000
  0.101686 0.088797 0.071397 -0.000000 -0.000000 0.042797 -0.045778 -0.000000 0.154012 0.000000 -0.000000 0.217541 0.246549 -0.082114 -0.000000 0.199988 0.206213 -0.186536 -0.028659 -0.074007 0.073501 -0.000000 0.099085 0.126186 -0.076812 0.145434 0.057710 -0.000000 0.034742 0.099584 0.000000 -0.023491 -0.110880 -0.000000 -0.000000 0.182895 0.203317 0.112187 -0.000000 0.000000 -0.013669 -0.000000 0.196460 -0.169251 0.054869 0.085989 0.071967 -0.091754 0.165097 -0.038542 -0.000000 0.066954 -0.125335 0.127255 -0.000000 -0.120610 0.118640 -0.000000 0.015651 0.223806 -0.000000 0.078971 -0.123808 -0.000000 0.118583 -0.040090 0.173400 -0.008719 -0.000000 -0.000000 0.240221 0.195264 -0.000000 -0.001277 -0.169368 -0.062553 -0.000000 -0.021213 -0.000000 -0.006103 -0.000000 0.201212 0.018066 -0.033211 0.055851 0.075242 0.043313 -0.145865 -0.000108 -0.000000 0.115492 0.156727 0.055914 -0.036619 -0.000000 0.130061 0.052293 0.051795 -0.000000 -0.000000
  0.074581 0.047684 -0.053822 -0.000000 -0.000000 0.150399 0.079849 -0.000000 -0.088544 0.000000 -0.000000 -0.141245 0.038457 -0.470627 0.000000 0.070631 -0.145469 0.067136 0.077249 0.056502 -0.142156 -0.000000 -0.059616 -0.088446 0.217030 0.097865 -0.061840 -0.000000 -0.123771 0.004231 -0.000000 -0.037301 -0.094069 -0.000000 -0.000000 0.162729 -0.190972 -0.227918 -0.000000 0.000000 -0.019457 -0.000000 -0.229978 -0.458121 0.044036 0.316101 -0.121953 -0.418561 -0.062677 -0.218163 0.000000 -0.038848 -0.322379 -0.056812 0.000000 -0.173664 -0.040202 -0.000000 -0.123648 -0.057574 -0.000000 0.115624 -0.285076 0.000000 -0.184264 -0.095130 0.014964 -0.040041 -0.000000 -0.000000 -0.089021 -0.085604 0.000000 -0.021431 0.145381 -0.112679 0.000000 -0.167248 0.000000 0.006780 -0.000000 0.153791 -0.073672 -0.225590 0.018373 -0.116885 -0.040496 -0.074543 -0.190442 -0.000000 -0.257213 -0.121760 -0.182512 0.156650 0.000000 -0.078477 0.021199 0.017308 -0.000000 -0.000000
  0.010465 0.216841 0.181608 0.000000 0.000000 0.137055 -1.045232 0.000000 -0.173220 -0.000000 -0.000000 0.062639 0.126507 -0.020541 0.000000 0.165072 -0.034129 -0.109398 -0.229969 -0.019203 -0.202822 -0.000000 -0.097525 0.044659 0.231250 -0.027983 0.042346 -0.000000 0.049329 -0.014533 -0.000000 -0.129654 0.193027 0.000000 0.000000 -0.334026 0.188642 -0.002429 -0.000000 -0.000000 0.166490 0.000000 -0.231139 0.034441 -0.054581 0.083484 0.166287 0.532659 -0.054612 -0.282254 0.000000 -0.077406 -0.159848 0.054170 -0.000000 -0.365451 -0.069485 -0.000000 0.119791 0.055595 -0.000000 0.062018 0.115402 0.000000 -0.000000 0.000000 0.009251 0.032678 0.000000 0.000000 0.031295 0.042844 0.000000 -0.045160 0.125184 -0.000000 -0.000000 0.439850 -0.000000 0.000697 -0.000000 -0.016785 -0.077161 -0.279517 0.027451 0.459527 0.035060 0.152122 -0.035803 -0.000000 0.207729 0.169927 0.260451 -0.116005 -0.000000 -0.100650 -0.211744 -0.342157 -0.000000 -0.000000
  -0.087178 0.468977 0.187114 0.000000 0.000000 0.145188 -0.463878 0.000000 0.154446 0.000000 -0.000000 0.105182 -0.036338 0.174321 -0.000000 -0.070695 0.126192 0.009660 -0.345600 0.154167 -0.312491 -0.000000 -0.066922 0.340376 0.047466 -0.050606 -0.086236 -0.000000 -0.088384 0.298974 -0.000000 -0.113635 -0.040215 0.000000 0.000000 -0.466112 0.149271 0.047108 -0.000000 -0.000000 0.033583 -0.000000 0.036422 -0.074443 -0.074164 -0.437838 0.035198 0.000000 -0.342186 -0.782109 -0.000000 -0.102012 -0.187078 -0.101288 -0.000000 0.264389 -0.063721 0.000000 0.045264 -0.014395 -0.000000 -0.160441 -0.022334 -0.000000 -0.000000 -1.066189 -0.086312 0.124866 0.000000 -0.000000 -0.462034 0.139987 -0.000000 -0.076652 -0.013113 -0.954386 -0.000000 -0.440324 0.000000 -0.074836 -0.000000 -0.092967 0.035880 -0.043263 -0.447868 0.173236 -0.179645 0.117714 0.048539 0.000000 -0.122110 -0.075767 0.260993 -0.178328 -0.000000 -0.225470 -0.976237 -0.370967 -0.000000 -0.000000
  0.263409 0.074935 -0.006663 -0.000000 0.000000 0.106805 -0.159297 0.000000 0.098228 0.000000 -0.000000 0.044557 -0.055872 -0.073461 -0.000000 -0.120765 -0.051411 0.306395 -0.150846 -0.089990 0.259052 -0.000000 0.053298 -0.045719 -0.026898 0.049789 0.053909 -0.000000 0.212633 -0.021689 -0.000000 0.159483 -0.025932 0.000000 -0.000000 0.040558 0.089808 0.126479 -0.000000 -0.000000 -0.052871 -0.000000 0.008096 -0.005504 -0.001856 -0.056963 0.011009 0.062901 0.167610 0.149575 0.000000 0.002354 -0.059582 -0.002698 -0.000000 0.142732 0.168832 -0.000000 0.015585 -0.028188 0.000000 0.121670 0.146188 -0.000000 -0.136940 0.142344 -0.005828 -0.062313 -0.000000 -0.000000 0.083550 0.169097 -0.000000 -0.041424 -0.070399 -0.617488 0.000000 -0.075956 0.000000 0.025801 -0.000000 0.040526 0.175788 0.151746 -0.043729 0.109837 0.005727 0.195944 -0.042464 -0.000000 0.287534 -0.031465 0.084423 0.016623 -0.000000 0.071437 0.133520 0.148324 0.000000 -0.000000
  -0.033252 0.090255 -1.382365 0.000000 -0.000000 0.085558 -1.707349 0.000000 0.004029 0.000000 -0.000000 0.080651 0.117027 0.017025 -0.000000 0.094567 0.069573 0.264096 0.265143 -0.545866 0.172597 -0.000000 0.136410 0.094011 0.051547 0.240666 0.076770 -0.000000 0.140518 0.192952 -0.000000 0.178087 0.112447 -0.000000 0.000000 0.132584 -0.063687 0.069726 -0.000000 0.000000 -0.169276 -0.000000 0.663735 0.095915 0.055667 0.113853 0.060273 0.040638 0.086675 0.125168 -0.000000 0.087802 -0.203037 0.097491 -0.000000 -0.998339 0.230762 0.000000 0.146872 0.082560 0.000000 0.140837 0.064310 -0.000000 -0.131124 0.067678 0.202998 0.037765 -0.000000 -0.000000 0.036023 0.060777 -0.000000 -0.023531 0.047004 -0.013915 -0.000000 0.077606 0.000000 -0.056517 -0.000000 0.085475 0.056010 -0.102560 0.158577 -0.012837 0.157567 -0.095707 0.191003 -0.000000 -0.168515 -0.031440 0.175207 0.177388 -0.000000 -0.007963 0.145973 0.151347 0.000000 -0.000000
  0.000000 -0.000000 0.000000 -0.000000 0.000000 -0.000000 0.000000 0.000000 0.000000 0.000000 0.000000 0.000000 -0.000000 -0.000000 -0.000000 -0.000000 -0.000000 0.000000 0.000000 -0.000000 -0.000000 0.000000 0.000000 -0.000000 0.000000 0.000000 -0.000000 0.000000 -0.000000 0.000000 -0.000000 -0.000000 0.000000 -0.000000 0.000000 -0.000000 -0.000000 -0.000000 -0.000000 0.000000 -0.000000 0.000000 0.000000 0.000000 -0.000000 0.000000 -0.000000 -0.000000 -0.000000 -0.000000 -0.000000 0.000000 -0.000000 -0.000000 0.000000 -0.000000 -0.000000 -0.000000 0.000000 -0.000000 -0.000000 0.000000 0.000000 0.000000 0.000000 -0.000000 -0.000000 -0.000000 -0.000000 -0.000000 -0.000000 -0.000000 0.000000 -0.000000 0.000000 -0.000000 -0.000000 0.000000 -0.000000 -0.000000 -0.000000 0.000000 0.000000 -0.000000 0.000000 0.000000 0.000000 0.000000 -0.000000 -0.000000 -0.000000 0.000000 -0.000000 -0.000000 0.000000 0.000000 0.000000 0.000000 0.000000 -0.000000
  0.003762 0.055553 -0.319538 -0.000000 0.000000 -0.080565 -0.000000 0.000000 -0.041686 -0.000000 -0.000000 -0.108912 0.114428 -0.093485 0.000000 0.073651 -0.005544 -0.206765 0.051709 -0.012679 0.122253 -0.000000 0.051403 -0.116154 -0.113884 0.156885 0.070989 0.000000 -0.060879 0.303950 0.000000 0.228759 -0.104458 0.000000 -0.000000 -0.059499 0.485898 0.184718 -0.000000 -0.000000 0.194705 0.000000 0.191582 -0.241487 -0.435043 -0.063958 0.094207 0.054107 0.034075 0.477756 -0.000000 -0.025269 0.013787 -0.053083 -0.000000 0.511170 0.126498 -0.000000 0.083615 0.055399 -0.000000 0.134299 -0.238283 -0.000000 -0.000000 -0.289286 0.027730 0.218401 0.000000 -0.000000 0.144321 0.108469 -0.000000 0.144583 0.166119 0.122604 0.000000 -0.138847 0.000000 -0.056852 -0.000000 -0.013999 -0.547053 -0.421965 0.046716 0.486852 0.139457 -0.205907 -0.032118 -0.000000 0.494723 0.108907 -0.242446 0.197668 -0.000000 -0.034007 -0.700618 0.073029 -0.000000 0.000000
  0.057505 -0.107830 0.230624 -0.000000 -0.000000 0.106549 0.340625 -0.000000 -0.325805 -0.000000 -0.000000 -0.102871 0.071969 -0.305602 -0.000000 -0.024037 -0.119519 0.086366 -0.204464 0.219255 0.368257 -0.000000 -0.016703 -0.242409 0.057021 0.037763 -0.143158 -0.000000 -0.123454 0.056197 0.000000 0.042561 0.058002 -0.000000 -0.000000 -0.230669 0.228120 -0.129972 -0.000000 0.000000 -0.227664 -0.000000 -0.096215 0.215567 -0.257047 0.008492 0.046330 -0.060688 -0.099446 0.132982 -0.000000 0.006936 0.036972 -0.110608 0.000000 -0.004477 -0.061107 0.000000 -0.063575 -0.136329 0.000000 -0.135464 -0.237420 -0.000000 -0.074914 0.293512 0.098011 0.280803 -0.000000 0.000000 -0.073771 0.077752 0.000000 0.020855 0.193804 0.507433 0.000000 0.078520 -0.000000 -0.278106 -0.000000 -0.065536 -0.191081 0.058075 0.054766 0.304275 -0.161341 -0.092147 -0.192080 -0.000000 0.137051 -0.234088 -0.251971 -0.138598 -0.000000 -0.065010 0.253926 0.116220 0.000000 -0.000000
  -1.124788 -0.021208 0.000000 0.000000 -0.000000 -0.316822 0.000000 0.000000 0.117379 -0.000000 -0.000000 0.127647 0.035385 0.142665 0.000000 0.152702 0.184707 -0.120746 0.229007 0.238641 0.082529 -0.000000 0.276461 0.146367 0.006066 0.156765 0.298342 0.000000 0.288264 0.372333 -0.000000 0.320770 0.527208 0.000000 -0.000000 0.213774 -0.000000 0.291105 -0.000000 0.000000 -0.331899 -0.000000 -0.045989 -1.163871 0.009135 -0.147997 0.107629 -0.060936 0.146013 0.343861 -0.000000 0.265872 0.018279 0.199402 0.000000 0.210717 0.055973 -0.000000 0.220524 0.201173 0.000000 0.050780 0.007041 0.000000 -0.000000 -0.121411 0.208797 0.342158 -0.000000 -0.000000 0.190050 -0.471341 -0.000000 0.075887 -0.000000 0.099880 0.000000 -0.152598 -0.000000 0.060490 -0.000000 0.183127 -0.135861 -0.485177 0.313916 0.078790 0.091691 -0.964057 0.121132 -0.000000 -0.000000 0.049857 0.088255 0.173278 -0.000000 0.196836 -0.344635 0.167728 -0.000000 -0.000000
  -0.095321 0.224159 -0.273043 -0.000000 0.000000 0.499247 0.101585 -0.000000 -0.065382 0.000000 -0.000000 -0.008755 0.162613 -0.040682 0.000000 0.123268 0.081578 0.437752 0.046422 -0.157270 0.261889 -0.000000 0.013857 0.080363 0.010245 0.011914 0.079278 -0.000000 -0.069281 0.109369 -0.000000 0.312576 -0.031556 0.000000 -0.000000 -0.164202 0.222324 -0.091027 -0.000000 -0.000000 -0.061176 -0.000000 -0.046165 0.146578 -0.077020 -0.118667 0.114423 0.251384 0.062481 0.270728 -0.000000 -0.078345 -0.098268 -0.031932 -0.000000 0.102908 0.176621 -0.000000 0.106872 0.133472 0.000000 -0.038758 0.113978 -0.000000 -0.092171 0.342928 -0.070979 0.005417 0.000000 -0.000000 -0.009639 0.151109 -0.000000 -0.047703 0.024793 0.206439 0.000000 -0.041991 -0.000000 0.021288 -0.000000 -0.084624 0.029042 -0.008134 0.030279 -0.073319 -0.021728 0.009063 -0.001794 -0.000000 -0.242539 0.050704 0.016529 0.092283 -0.000000 0.015524 0.318217 0.079874 -0.000000 -0.000000
  -0.022080 -0.368542 0.238344 0.000000 -0.000000 -0.093866 -0.206945 -0.000000 0.145974 0.000000 -0.000000 0.234661 0.027251 0.247088 -0.000000 0.104204 0.148018 -0.104957 0.010071 0.173783 -0.032168 -0.000000 0.166145 0.364548 -0.021724 0.257553 0.197678 -0.000000 0.032737 -0.030891 -0.000000 0.375383 0.068648 0.000000 0.000000 0.123256 -0.295545 -0.022965 -0.000000 0.000000 0.154636 -0.000000 -0.000000 -0.467235 0.245450 -0.838364 0.174635 -0.281378 -0.029311 0.399496 -0.000000 -0.025854 -0.343286 0.181248 -0.000000 0.072659 0.037361 0.000000 0.042151 0.066582 0.000000 -0.003037 0.618721 0.000000 0.014152 -0.001899 0.153915 0.229193 0.000000 -0.000000 0.214506 0.026501 -0.000000 0.120993 -0.013280 0.054144 0.000000 -0.300555 -0.000000 0.093194 -0.000000 0.080361 0.243793 0.356034 0.098501 0.003919 0.009118 0.159276 0.068234 -0.000000 -0.017168 0.109833 0.189025 0.053182 -0.000000 0.164447 0.518356 -1.581527 -0.000000 -0.000000
  0.066240 -0.026341 -0.000000 0.000000 0.000000 0.006063 -0.000000 0.000000 0.277959 -0.000000 -0.000000 0.190259 0.006342 0.174244 0.000000 0.014192 0.137433 -0.178219 0.003089 -0.000000 0.024306 -0.000000 0.125453 -0.088198 -0.065754 0.181387 0.050638 -0.000000 0.167429 -0.044563 -0.000000 0.124303 -0.034817 0.000000 -0.000000 -0.130460 -0.638162 -0.022447 -0.000000 0.000000 0.304035 0.000000 0.003740 0.033657 -0.043410 0.029588 0.189259 0.029683 0.086342 -0.016245 0.000000 0.136433 -0.099689 0.091116 0.000000 -0.069132 -0.026761 -0.000000 0.058731 -0.017203 0.000000 0.050232 0.069637 0.000000 0.000000 0.123755 0.061580 -0.220330 0.000000 -0.000000 -0.081772 0.258763 -0.000000 -0.165201 0.001186 0.029503 -0.000000 0.144357 0.000000 0.133345 -0.000000 0.088303 0.198236 0.042741 -0.099208 -0.073043 0.169700 0.129586 -0.032002 -0.000000 -1.228141 -0.021811 0.117170 0.038200 -0.000000 -0.144355 -0.300001 0.036253 0.000000 -0.000000
  -0.197864 -0.026719 -0.000000 0.000000 0.000000 0.022911 0.000000 -0.000000 -0.026767 -0.000000 -0.000000 0.182605 -0.072315 0.122811 -0.000000 0.108825 -0.046532 0.105143 -0.088552 -0.341722 0.062925 -0.000000 0.072459 0.000559 -0.055990 -0.049566 0.014618 -0.000000 0.147505 0.198172 0.000000 -0.059479 -0.272891 -0.000000 -0.000000 -0.091161 0.013293 0.080180 -0.000000 0.000000 -0.042355 -0.000000 -1.041419 -0.069636 -0.092504 -0.106861 0.000728 0.038937 0.024956 0.115702 -0.000000 0.038764 -0.139769 -0.033531 -0.000000 -0.740565 0.121213 0.000000 0.132792 -0.026136 0.000000 0.018970 -0.013225 0.000000 0.057742 -0.071056 0.093228 -0.037296 0.000000 -0.000000 -0.155484 -0.131286 0.000000 -0.179526 -0.960363 -0.085110 -0.000000 0.236987 0.000000 0.128032 -0.000000 0.068582 0.097621 -0.307897 0.067706 -0.492270 -0.059257 -0.088048 -0.126786 -0.000000 0.116382 0.039428 0.088543 0.025972 -0.000000 0.059276 -0.335856 0.075846 -0.000000 -0.000000
  -0.453223 -0.075960 -0.193763 0.000000 -0.000000 0.071511 0.002522 0.000000 -0.002636 0.000000 -0.000000 -0.041233 0.066880 -0.085338 0.000000 0.052329 -0.240663 0.149951 -0.107346 -0.163715 0.119640 -0.000000 0.073397 -0.237363 0.139148 -0.126068 0.097449 -0.000000 -0.040512 0.202581 -0.000000 0.264902 0.270772 0.000000 0.000000 -0.001982 0.410507 -0.066506 -0.000000 -0.000000 0.147728 -0.000000 -0.993851 -0.816242 0.086818 0.041208 -0.126756 0.039539 0.069304 0.280787 0.000000 -0.003794 0.184294 -0.047525 -0.000000 0.169342 -0.036374 0.000000 -0.063406 -0.076502 -0.000000 -0.125354 0.003480 -0.000000 -0.226179 0.039250 -0.007127 0.279109 -0.000000 -0.000000 0.177592 -0.049537 0.000000 0.069344 -0.030187 0.161140 -0.000000 -0.057087 -0.000000 0.106512 -0.000000 0.013745 -0.284634 -0.022148 -0.098472 0.214715 0.004239 -0.146799 0.003084 -0.000000 0.003281 -0.162657 -0.090695 0.151794 -0.000000 0.042539 -0.126738 0.151025 -0.000000 -0.000000
  0.161807 0.002495 0.014458 -0.000000 0.000000 0.015138 -0.204069 -0.000000 -0.011031 -0.000000 -0.000000 -0.083948 0.122524 -0.060157 -0.000000 0.058687 -0.065393 0.193858 -0.003054 -0.055157 -0.028638 -0.000000 0.173635 0.050286 -0.032656 0.170909 0.083243 -0.000000 0.086634 0.179808 0.000000 0.024307 -0.013047 -0.000000 -0.000000 -0.042662 -0.954710 0.137264 -0.000000 0.000000 -0.359100 -0.000000 -1.113209 0.147122 0.108961 0.011507 0.152772 0.133172 0.182878 0.079965 0.000000 0.006134 -0.022445 -0.053374 0.000000 0.189869 0.005658 -0.000000 0.183106 0.166939 -0.000000 0.109420 -0.011271 -0.000000 -0.247620 0.071841 0.054472 0.111498 -0.000000 -0.000000 0.107963 -0.434494 0.000000 0.036419 -1.667552 -0.048077 0.000000 0.022066 0.000000 0.131212 -0.000000 0.076406 -0.017252 0.216977 0.134229 -0.142374 0.163856 0.151864 -0.041601 -0.000000 -0.286758 0.010308 -0.062123 0.201336 -0.000000 0.230767 0.050128 0.239942 -0.000000 -0.000000
  0.000001 -0.000000 -0.000000 -0.000000 -0.000000 0.000006 0.000009 -0.000000 -0.000003 0.000000 -0.000000 -0.000000 -0.000000 0.000000 0.000000 0.000002 0.000000 0.000000 0.000000 0.000000 0.000002 -0.000000 0.000005 -0.000001 -0.000001 0.000000 0.000002 -0.000000 -0.000000 0.000000 -0.000000 -0.000001 0.000002 -0.000000 0.000000 0.000000 0.000019 0.000000 -0.000000 -0.000000 0.000000 -0.000000 0.000000 0.000002 -0.000001 0.000005 -0.000000 -0.000000 0.000007 -0.000001 0.000000 -0.000000 -0.000002 0.000000 0.000000 -0.000001 0.000001 -0.000000 0.000004 -0.000000 0.000000 0.000002 0.000003 0.000000 0.000001 0.000002 0.000000 0.000000 -0.000000 -0.000000 0.000000 -0.000000 0.000000 -0.000001 0.000003 0.000000 0.000000 0.000001 -0.000000 0.000000 -0.000000 0.000000 0.000005 0.000000 -0.000000 -0.000001 0.000000 -0.000005 0.000001 -0.000000 0.000000 -0.000001 -0.000000 0.000001 -0.000000 0.000005 0.000005 -0.000000 -0.000000 -0.000000
  -0.397529 0.158255 -0.032220 0.000000 -0.000000 0.015890 0.055822 -0.000000 0.132983 -0.000000 -0.000000 -0.043773 0.138448 -0.128559 0.000000 0.027067 -0.009005 -0.167549 0.065013 -0.019945 -0.011679 -0.000000 0.132575 -0.190141 -0.113074 -0.050894 0.002510 -0.000000 0.007721 0.053169 0.000000 0.112852 -0.174370 0.000000 -0.000000 0.063748 -0.137484 -0.008898 -0.000000 0.000000 -0.216650 -0.000000 -0.006852 -0.651953 0.108555 0.210468 0.014684 0.177097 0.014817 0.091742 0.000000 0.047468 -0.092034 0.099936 -0.000000 -0.272812 0.095420 -0.000000 -0.092253 0.053533 0.000000 0.110245 0.086439 0.000000 -0.047271 0.082019 0.106187 -0.046404 0.000000 -0.000000 -0.022766 0.463508 0.000000 -0.037407 -0.068308 0.102620 -0.000000 0.257267 0.000000 0.097838 -0.000000 0.075013 -0.010204 0.028003 0.112379 1.051464 -0.095767 -0.095121 0.094267 -0.000000 0.089004 0.031703 0.027620 0.024170 -0.000000 0.075133 0.195453 -0.609760 -0.000000 -0.000000
  0.000000 0.054501 -0.187022 -0.000000 0.000000 -0.213940 -0.207966 0.000000 0.139663 -0.000000 -0.000000 0.124249 -0.074463 0.008303 0.000000 0.039110 0.139134 -0.263690 -0.046961 0.014132 -0.195605 -0.000000 0.018686 0.026101 -0.061670 0.110387 -0.021069 -0.000000 -0.072290 0.044988 -0.000000 -0.202710 -0.050230 -0.000000 0.000000 -0.070563 -1.153421 0.016272 -0.000000 -0.000000 0.541262 0.000000 0.000000 -0.834789 0.067951 0.081340 -0.002959 -0.015806 -0.029346 0.047186 0.000000 0.072354 0.122652 0.101337 0.000000 -0.066732 -0.068995 -0.000000 -0.085439 0.001852 -0.000000 -0.033991 0.210187 0.000000 -1.021760 0.102659 0.011009 -0.165912 0.000000 -0.000000 0.000648 -0.111716 0.000000 -0.163629 0.000000 -0.013414 -0.000000 0.096928 -0.000000 -0.003906 -0.000000 0.042693 0.015179 0.275999 -0.143461 0.157616 -0.146812 0.020752 0.046778 -0.000000 0.169541 -0.108405 -0.004824 -0.124978 -0.000000 -0.114668 0.003855 0.029785 -0.000000 -0.000000
  -0.696146 -0.078427 0.308699 -0.000000 0.000000 0.157472 0.168080 -0.000000 0.183747 -0.000000 -0.000000 0.102353 -0.017109 0.111432 0.000000 0.223795 0.182829 0.197314 0.192791 0.113965 0.095817 -0.000000 0.115989 0.059701 0.159731 0.105293 0.063854 -0.000000 0.195738 0.030377 0.000000 0.476761 0.255686 -0.000000 0.000000 -0.014030 -0.124868 -0.084667 -0.000000 -0.000000 -0.282378 0.000000 -0.038186 -0.334597 0.174880 -0.832072 0.222129 0.354826 -0.065149 0.286619 -0.000000 -0.041343 -0.097212 0.028403 0.000000 -0.176680 -0.094544 0.000000 0.028818 0.145943 -0.000000 0.110771 -0.107891 -0.000000 -0.342584 -0.046943 0.134148 0.268749 0.000000 -0.000000 0.134392 -0.006361 -0.000000 0.263479 -0.112665 0.272746 0.000000 -1.192618 -0.000000 0.155320 -0.000000 0.142563 0.149654 0.065532 0.044452 -0.291101 -0.086378 -0.139385 0.142205 -0.000000 -0.050368 0.119194 0.300363 -0.003223 -0.000000 0.216726 -0.982644 -0.600093 -0.000000 -0.000000
  -0.035078 0.046404 -0.000000 0.000000 -0.000000 -0.043704 0.375705 0.000000 0.051110 0.000000 -0.000000 0.099888 -0.114180 -0.017792 -0.000000 0.027276 0.099344 0.295908 -0.104578 -0.289148 0.098453 -0.000000 0.016095 0.055785 0.020284 0.046213 0.091111 -0.000000 -0.064097 0.021272 0.000000 0.237855 -0.079233 -0.000000 -0.000000 0.080806 0.204841 0.055531 -0.000000 -0.000000 -0.166507 0.000000 -1.371416 0.004378 -0.105223 -0.356667 0.099271 0.266206 0.112411 0.225272 0.000000 0.020409 0.397091 -0.002654 -0.000000 -0.331959 -0.030677 -0.000000 0.036420 0.038946 -0.000000 -0.174437 0.059429 -0.000000 0.085664 -1.486792 -0.167874 -0.035774 0.000000 -0.000000 0.051412 -0.544855 -0.000000 -0.140509 -0.701469 -2.621891 0.000000 0.253680 -0.000000 -0.037534 -0.000000 0.109498 -0.068406 -1.225392 -0.083579 -0.453206 -0.089655 -0.112124 0.047573 -0.000000 0.201941 -0.076800 0.217601 -0.195595 -0.000000 0.015324 -0.627164 0.230945 0.000000 -0.000000
  -3.912684 0.038856 -0.089431 0.000000 -0.000000 -0.023764 0.044547 -0.000000 0.098096 -0.000000 -0.000000 0.020682 0.198275 0.174374 0.000000 -0.046457 -0.016896 -0.025465 -0.036817 -0.075430 0.077431 -0.000000 0.068427 0.170660 0.110118 0.053331 0.074412 -0.000000 -0.011558 0.086346 -0.000000 0.099498 0.073290 0.000000 -0.000000 -0.004791 -0.196438 0.091958 -0.000000 -0.000000 -0.130277 -0.000000 -0.906196 -1.037812 0.051172 -0.020582 0.177644 0.249386 0.071470 -0.143603 -0.000000 0.105133 0.014005 0.116381 -0.000000 -0.086262 -0.009211 0.000000 0.044286 0.145125 -0.000000 0.047672 0.189095 -0.000000 0.107418 0.081963 0.111840 0.044017 -0.000000 -0.000000 0.101819 -0.117476 -0.000000 -0.000750 -0.419982 -0.030197 -0.000000 0.070541 0.000000 0.009178 -0.000000 0.083738 0.130287 0.011319 0.162883 -0.504075 -0.020533 -2.640471 0.133763 -0.000000 0.056083 0.036256 0.296826 -0.009211 -0.000000 0.057608 0.040429 0.112504 0.000000 -0.000000
  0.440184 0.204764 -0.000000 0.000000 0.000000 -0.155112 -0.000000 -0.000000 -0.945253 0.000000 -0.000000 -0.311025 -0.362083 -0.986968 0.000000 -0.157541 -0.324577 0.139252 -0.224649 0.322536 0.221994 -0.000000 0.012654 -0.492673 -0.045558 -0.102387 -0.405048 -0.000000 -0.243461 -0.304010 -0.000000 -0.036107 -1.029252 -0.000000 -0.000000 0.039640 0.092134 -0.105634 -0.000000 -0.000000 -0.646418 -0.000000 0.000044 0.557653 -0.675603 0.135724 -0.238412 0.056446 -0.003432 -0.076993 -0.000000 -0.145363 0.215376 -0.024937 -0.000000 0.000000 -0.046143 -0.000000 -0.217734 -0.250471 0.000000 -0.197042 -0.913606 0.000000 -0.000000 -0.257529 -0.447968 -0.089049 -0.000000 -0.000000 -0.284106 0.363610 0.000000 -0.146439 0.000000 0.053904 -0.000000 0.085093 -0.000000 -0.112668 -0.000000 -0.215686 -0.387233 0.024616 -0.176421 -0.026319 -0.392098 0.300150 -0.261021 -0.000000 0.609845 -0.415500 -0.469371 -0.239952 0.000000 -0.233285 -0.340967 -0.068032 -0.000000 0.000000
  0.755793 0.233082 0.659852 0.000000 0.000000 0.198645 -0.000000 -0.000000 -0.110708 -0.000000 -0.000000 -0.242402 -0.259206 -0.022377 0.000000 -0.355957 -0.271196 0.234157 -0.135983 0.233339 0.431242 -0.000000 -0.145709 -0.309434 -0.100134 -0.159368 -0.087434 -0.000000 -0.227449 -0.006988 0.000000 0.021323 -0.599385 0.000000 -0.000000 -0.203334 1.096224 -0.229628 -0.000000 -0.000000 -0.126016 0.000000 -0.000000 -0.193016 -0.330943 -0.145699 -0.291896 0.021814 -0.190143 0.331326 -0.000000 -0.039265 -0.218334 -0.205237 0.000000 -0.418947 -0.110269 0.000000 -0.170076 -0.118569 -0.000000 -0.115219 0.111662 -0.000000 0.020947 -0.237960 -0.325964 -0.687779 0.000000 -0.000000 -0.149905 -0.002973 -0.000000 -0.010851 -0.000000 0.010724 0.000000 -0.089171 -0.000000 -0.081620 -0.000000 -0.052156 -1.090844 0.082996 -0.204523 0.173250 -0.354562 0.506621 -0.161079 -0.000000 0.707010 -0.195975 -0.164455 -0.139345 -0.000000 -0.134079 0.179995 -0.046662 -0.000000 0.000000
  0.244130 0.168454 0.218354 -0.000000 -0.000000 0.160355 -0.196460 0.000000 -0.125503 -0.000000 -0.000000 0.013746 0.157350 -0.021038 0.000000 -2.072709 -0.282414 -0.085561 -1.882489 0.131088 -0.993200 -0.000000 0.128906 0.147311 -0.069270 0.058924 -0.234557 -0.000000 0.060190 -0.508694 -0.000000 -0.198749 -0.600709 0.000000 0.000000 -0.275086 0.066848 -0.141231 -0.000000 0.000000 0.522694 0.000000 0.089066 0.277195 -0.103954 0.068656 -0.823912 -1.592596 -0.150681 -0.237371 -0.000000 -0.164700 -0.339481 0.100783 0.000000 0.052023 0.056769 0.000000 -0.108314 -0.132336 0.000000 -0.150172 0.209666 0.000000 0.225396 -0.159447 -0.098383 -0.400570 -0.000000 -0.000000 -0.321161 -0.347821 -0.000000 -0.384467 -0.201918 -0.031677 -0.000000 0.001228 -0.000000 0.256686 -0.000000 -0.031218 -0.578381 -0.050485 -0.173825 -0.233132 -0.116479 -0.018860 -0.088161 -0.000000 -0.038208 -0.049543 -0.493656 -0.084717 0.000000 -0.249433 -0.146396 -0.100277 0.000000 -0.000000
  -0.856737 -0.546071 -0.681428 -0.000000 0.000000 0.375016 -0.396193 0.000000 0.923168 0.000000 -0.000000 0.837012 0.830260 0.745127 0.000000 0.706572 1.060412 0.138205 1.005560 -0.162332 0.043326 -0.000000 0.869497 0.932406 0.635656 1.000914 1.023795 -0.000000 0.922220 0.709077 0.000000 0.370380 0.641136 0.000000 0.000000 0.801912 -0.680280 1.068621 -0.000000 0.000000 0.001382 0.000000 -0.000000 0.351862 0.832105 0.059975 0.864710 0.374856 1.027793 0.434492 -0.000000 0.886503 -1.649787 0.893674 0.000000 -2.273937 1.040950 -0.000000 1.008153 1.003862 -0.000000 0.876535 0.678335 0.000000 0.266746 -0.693629 0.825296 0.576091 -0.000000 -0.000000 0.985324 -0.174971 0.000000 0.779579 0.000000 -0.559599 0.000000 -0.209245 0.000000 0.805169 -0.000000 1.054317 0.167725 1.141925 0.963212 -0.075160 0.786997 0.031132 0.816234 0.000000 0.001801 0.838173 0.831120 0.908151 -0.000000 0.815039 0.486167 0.530997 -0.000000 -0.000000
  -0.283589 0.236343 0.066423 0.000000 0.000000 -0.540384 0.070519 -0.000000 -0.151631 -0.000000 -0.000000 -0.003497 -0.075713 0.041786 0.000000 -0.181963 -0.096909 -1.220497 -0.140264 0.006393 -0.270058 -0.000000 -0.050231 0.126669 -0.145560 -0.128313 -0.053375 -0.000000 -0.144214 -0.358263 0.000000 -0.342572 -0.410687 0.000000 -0.000000 -0.168236 0.013703 -0.050780 -0.000000 -0.000000 0.293865 0.000000 -0.038196 -0.025062 -0.096335 -0.351207 -0.023687 -0.251173 -0.147862 0.136144 0.000000 -0.063591 0.114374 -0.008341 -0.000000 0.410136 -0.246354 -0.000000 0.034925 -0.166878 -0.000000 -0.189573 -0.024980 -0.000000 0.319576 -0.213166 -0.078517 -0.305344 0.000000 -0.000000 -0.306603 -0.165061 0.000000 -0.405334 -0.178210 -0.174765 -0.000000 -0.580067 0.000000 0.052347 -0.000000 -0.188228 0.424161 -0.385025 -0.024226 0.296993 0.005968 -0.217674 -0.105452 -0.000000 0.045876 -0.074210 -0.289525 -0.143858 0.000000 -0.371450 -0.277987 0.060503 0.000000 -0.000000
  -0.150077 -0.114116 -0.028851 -0.000000 -0.000000 -0.133570 -1.112356 -0.000000 0.062797 -0.000000 -0.000000 0.307389 0.347856 -0.230301 0.000000 0.047732 0.234249 0.262661 0.299834 0.322646 0.009159 -0.000000 0.218714 -0.193499 0.159200 0.266910 0.343664 -0.000000 0.428324 -0.064384 0.000000 0.158723 -0.016601 0.000000 -0.000000 0.293217 0.014447 0.298635 -0.000000 -0.000000 -0.420290 -0.000000 -0.395360 0.077639 -0.075952 0.015512 0.421048 0.149144 0.157753 0.253969 -0.000000 0.049090 -0.773106 0.315583 0.000000 -1.828978 0.189943 0.000000 0.435280 0.353307 0.000000 0.222232 -0.021761 -0.000000 -0.205819 -0.215762 0.341124 0.337686 -0.000000 -0.000000 0.451373 0.204671 0.000000 0.253434 0.235115 -0.204055 0.000000 -0.045150 -0.000000 0.163442 -0.000000 0.359085 0.188841 0.329266 0.233908 0.310307 0.163897 -0.008516 0.433063 -0.000000 -0.087308 0.270109 0.107960 0.336125 -0.000000 0.253991 0.536324 0.225824 -0.000000 -0.000000
  -0.081596 -0.085657 0.259298 -0.000000 0.000000 0.108249 -0.707072 0.000000 -0.091424 -0.000000 -0.000000 0.027941 -0.032359 -0.338807 -0.000000 -0.029542 0.096111 -0.031677 0.157655 -0.777276 0.127837 -0.000000 0.186041 0.013237 0.136546 0.038759 -0.033273 -0.000000 -0.082339 0.008043 -0.000000 0.103136 0.023317 -0.000000 0.000000 0.067972 0.119515 0.214248 -0.000000 0.000000 -0.204179 -0.000000 -0.064362 -0.010878 -0.045582 0.156893 0.160806 0.059768 -0.071808 0.150722 -0.000000 0.101639 -0.156996 0.035405 0.000000 -1.356370 0.049100 -0.000000 0.189199 0.192001 -0.000000 -0.043540 -0.124696 -0.000000 0.359966 -0.094560 -0.018356 0.093172 -0.000000 -0.000000 -0.044017 0.408359 0.000000 0.038479 0.713874 0.068906 0.000000 0.183302 -0.000000 0.137608 -0.000000 0.043994 0.033646 0.360439 -0.016430 0.159513 0.004751 -0.019927 0.116554 -0.000000 -0.054050 0.019347 -0.095778 0.142968 -0.000000 0.094124 0.196569 -0.075169 -0.000000 -0.000000
  0.183156 0.100081 0.077564 -0.000000 -0.000000 0.091119 0.210065 -0.000000 0.062681 -0.000000 -0.000000 0.176833 0.231301 0.107021 0.000000 -0.029135 0.098659 -0.221208 0.082486 0.047068 -0.046610 -0.000000 0.041498 -0.003492 0.061843 0.212841 0.012809 -0.000000 0.156801 0.041769 0.000000 -0.273029 0.204245 -0.000000 -0.000000 0.177015 0.198028 0.107330 -0.000000 0.000000 0.184513 -0.000000 0.061208 -0.021139 0.081637 0.094006 0.119900 -0.036896 0.131352 -0.052900 -0.000000 0.146443 0.026285 0.175561 0.000000 0.082061 0.235363 0.000000 0.059803 0.223532 -0.000000 0.053407 0.335629 -0.000000 0.137439 -1.712644 -0.003208 -0.028264 -0.000000 0.000000 -0.004068 -0.043144 -0.000000 -0.069153 0.115515 -0.307589 0.000000 -0.514648 0.000000 0.237211 -0.000000 0.063185 0.234461 0.034091 0.124773 0.108922 0.097425 -0.114798 0.204075 -0.000000 0.232838 0.281120 0.064198 0.011938 -0.000000 0.122488 -0.531980 0.025604 -0.000000 -0.000000
  0.002777 0.254855 -0.000000 0.000000 -0.000000 0.065013 -0.000000 -0.000000 -0.104776 -0.000000 -0.000000 -0.070907 -0.060322 0.133674 -0.000000 0.053100 -0.025368 -0.173730 0.175961 -0.053803 0.039644 -0.000000 -0.089543 -0.119142 -0.151051 -0.065131 0.072091 -0.000000 -0.034932 -0.092788 0.000000 0.096682 -0.057515 0.000000 -0.000000 -0.013181 0.011809 0.047113 -0.000000 -0.000000 -0.002040 0.000000 -0.400128 0.054972 -0.104915 -0.042422 0.002934 0.021695 -0.111468 0.096174 -0.000000 0.013111 -0.188265 -0.056460 0.000000 -0.557752 0.175385 0.000000 0.007273 -0.032696 0.000000 0.152694 -0.056243 0.000000 0.060113 0.053154 0.016842 0.054944 0.000000 -0.000000 -0.077621 -0.285766 -0.000000 0.052193 -0.703885 0.144378 -0.000000 0.100007 -0.000000 -0.040534 -0.000000 -0.031037 0.105411 -0.102056 0.099764 -0.323722 -0.128761 0.132895 -0.086544 -0.000000 -0.083840 0.099664 0.102239 0.079044 -0.000000 -0.076580 0.006804 0.024823 0.000000 -0.000000
  0.217501 0.096388 -0.633895 -0.000000 -0.000000 -0.228536 0.210449 0.000000 -0.122894 0.000000 -0.000000 -0.143285 0.056699 -0.169431 -0.000000 -0.176822 -0.258258 -0.129467 -0.206749 -0.176105 -0.347096 -0.000000 -0.005641 -0.051910 0.056954 -0.021711 -0.092625 0.000000 -0.114075 -0.047421 0.000000 -0.128499 -0.088520 -0.000000 -0.000000 -0.048013 0.152729 0.076736 -0.000000 -0.000000 -0.102727 -0.000000 0.124660 0.745358 -0.110020 0.167374 -0.166864 -0.895941 -0.053525 -0.340191 -0.000000 0.154952 0.118050 -0.074151 -0.000000 0.315107 0.107063 0.000000 0.097503 0.000066 0.000000 -0.068910 0.229127 -0.000000 -0.000000 0.155548 -0.059336 -0.220878 -0.000000 0.000000 -0.119677 0.059438 -0.000000 -0.104390 0.270543 0.068409 -0.000000 0.021758 0.000000 0.014693 -0.000000 0.038479 -0.057597 -0.112716 0.078570 0.380732 0.055396 0.642411 -0.009726 0.000000 -0.367075 -0.147122 0.062807 -0.042327 -0.000000 0.144124 -0.322843 0.152568 -0.000000 -0.000000
  -0.149854 0.011625 -0.000000 0.000000 0.000000 -0.069495 0.249753 -0.000000 -0.120360 -0.000000 -0.000000 0.177994 -0.064322 -0.025664 -0.000000 0.027945 0.030843 0.114205 0.101467 -0.197784 0.248843 -0.000000 -0.002082 0.051154 0.000225 -0.023740 -0.024146 -0.000000 -0.051106 -0.105139 -0.000000 0.252275 0.044582 0.000000 0.000000 -0.134715 0.179248 0.103297 -0.000000 -0.000000 -0.298627 0.000000 -1.332429 -0.069408 0.133776 -0.308184 0.141741 0.257231 -0.046616 0.292005 -0.000000 0.063649 0.326322 0.082122 -0.000000 -0.636967 0.029812 -0.000000 0.160664 0.118699 0.000000 -0.154835 0.023106 0.000000 0.083139 -0.669841 -0.121763 -0.093759 0.000000 -0.000000 0.096368 -0.521764 -0.000000 -0.015894 -0.607862 -1.134101 0.000000 0.266422 0.000000 0.151395 -0.000000 -0.066679 -0.028331 -1.388216 0.016204 -0.554170 -0.120051 -0.099839 0.003476 -0.000000 0.208447 -0.025710 0.006046 -0.089973 -0.000000 -0.109302 -0.602041 0.314357 0.000000 -0.000000
  -0.284028 0.317271 0.111873 -0.000000 0.000000 0.250310 -0.127962 -0.000000 -0.463216 -0.000000 -0.000000 -0.558890 -0.199854 -0.181044 0.000000 -0.385505 -0.021040 0.029201 -0.377368 0.317732 -0.275756 -0.000000 -0.229982 0.158431 -0.019140 -0.010598 -0.621787 -0.000000 -0.569088 -0.059267 0.000000 -0.209819 -0.197158 -0.000000 -0.000000 -0.196025 0.304877 -0.287550 -0.000000 -0.000000 -0.164388 -0.000000 -0.017753 -0.519752 0.102939 -0.075880 -0.691056 -0.602423 -0.273586 -0.248773 0.000000 -0.140832 -0.060176 -0.037352 0.000000 0.121081 -0.050325 0.000000 -0.576490 -0.439593 0.000000 0.006021 -0.471360 -0.000000 -0.126861 -0.264526 -0.042603 -0.019670 -0.000000 -0.000000 -0.271571 -0.015200 -0.000000 -0.098116 -0.031972 0.139953 -0.000000 0.063640 -0.000000 -0.386014 -0.000000 -0.204748 -0.375519 -0.330501 -0.340022 0.002852 -0.336026 -0.333798 -0.461462 -0.000000 -0.247430 -0.685931 0.160614 -0.306536 0.000000 -0.292571 0.071083 0.063375 0.000000 -0.000000
  -0.014955 -0.065975 0.156779 0.000000 -0.000000 0.257478 0.396991 0.000000 -0.201059 0.000000 -0.000000 -0.116712 0.169300 0.010794 -0.000000 0.088105 -0.203912 0.138897 -0.158837 0.094573 0.094570 -0.000000 0.128070 -0.021847 -0.068469 -0.092140 0.067880 -0.000000 -0.036779 -0.123548 -0.000000 -0.022256 0.026928 0.000000 0.000000 -0.017513 0.086625 0.126220 -0.000000 -0.000000 -0.065140 -0.000000 0.154812 0.036491 -0.107717 0.036669 -0.030479 0.030659 0.121526 0.096389 -0.000000 -0.009980 0.133636 0.116666 0.000000 0.086936 0.131340 -0.000000 -0.131554 0.016945 0.000000 0.145849 -0.170002 0.000000 -0.011790 0.138644 0.006923 0.090388 0.000000 -0.000000 -0.008716 0.013769 -0.000000 0.089529 0.072479 0.325496 -0.000000 -0.057145 -0.000000 -0.007812 -0.000000 0.096310 -0.289299 0.011456 -0.092847 0.236514 0.076175 -0.040661 0.019207 -0.000000 0.179714 -0.081311 -0.233663 0.103758 -0.000000 -0.088351 0.233175 0.030026 0.000000 -0.000000
  1.210337 0.288052 0.066655 0.000000 -0.000000 -0.590411 0.094837 -0.000000 -0.136909 -0.000000 -0.000000 -0.121820 -0.309858 0.064874 0.000000 -0.416960 -0.194671 -0.433316 -0.265268 -0.024951 -0.288089 -0.000000 -0.159027 0.123865 -0.360098 -0.035320 -0.291171 -0.000000 -0.148632 -0.235333 0.000000 -0.443181 -0.200403 -0.000000 -0.000000 -0.323774 0.264950 -0.222268 -0.000000 0.000000 0.169211 0.000000 0.115968 0.019244 0.113429 0.128319 -0.397380 -0.588440 -0.319221 -0.524646 -0.000000 -0.243298 0.015355 -0.140591 0.000000 0.112801 -0.311196 -0.000000 -0.211398 -0.316458 -0.000000 -0.187554 0.204062 -0.000000 -0.427254 0.055951 -0.124528 -0.259052 0.000000 -0.000000 -0.303638 0.442692 -0.000000 -0.144184 0.275543 0.028642 -0.000000 0.063424 -0.000000 -0.200458 -0.000000 -0.081409 -0.319965 -0.003167 -0.352266 0.260895 -0.206894 0.832699 -0.222403 -0.000000 0.287424 -0.261741 0.086208 -0.247471 -0.000000 -0.278591 -0.116648 -0.152769 -0.000000 -0.000000
  -0.140211 0.078977 -0.529723 0.000000 -0.000000 -0.080841 -0.117848 0.000000 0.019786 -0.000000 -0.000000 0.057465 0.215088 0.139779 0.000000 0.080626 0.054410 0.079373 0.011661 -1.430262 -0.106724 -0.000000 -0.022503 -0.021977 0.142326 0.075776 0.031160 -0.000000 0.078931 0.014925 0.000000 0.228055 0.014051 -0.000000 -0.000000 0.236299 -0.325513 0.204271 -0.000000 0.000000 -0.278873 -0.000000 0.489090 0.086935 -0.075601 0.045039 -0.057404 -0.028384 -0.009388 0.256979 0.000000 0.141444 0.014512 0.079596 0.000000 0.254809 0.027943 -0.000000 0.086626 0.175846 0.000000 0.044059 0.114955 -0.000000 -0.383184 0.067200 -0.046627 0.041507 0.000000 -0.000000 0.195929 -0.072967 0.000000 0.121046 0.174486 0.055251 0.000000 0.041740 0.000000 0.029209 -0.000000 0.219401 0.006566 -0.095639 0.022686 -0.005665 0.149390 -0.065663 -0.065844 -0.000000 -0.793056 0.057576 0.147405 0.059197 -0.000000 0.192152 0.070851 0.143504 -0.000000 -0.000000
  0.102469 0.088045 -0.002231 0.000000 0.000000 0.183838 -0.000000 0.000000 -0.056183 0.000000 -0.000000 0.059867 -0.057533 0.012896 0.000000 0.073913 -0.014903 0.133809 -0.128710 -0.508391 0.085511 -0.000000 -0.097458 0.007257 -0.120346 0.105835 0.063431 -0.000000 0.115038 0.001182 0.000000 0.348345 0.184991 0.000000 -0.000000 -0.109136 -0.100476 -0.018616 -0.000000 -0.000000 0.051562 -0.000000 -1.020705 -0.087108 -0.056807 0.012230 -0.106030 0.252268 -0.149813 0.156731 0.000000 0.080792 -0.186565 -0.047306 -0.000000 -0.831283 0.101786 0.000000 -0.071873 -0.006460 0.000000 -0.070819 -0.112290 -0.000000 0.000000 -0.366430 0.066021 0.032390 -0.000000 -0.000000 -0.167261 -0.492388 -0.000000 -0.072243 -0.670125 0.154940 -0.000000 0.293020 -0.000000 0.165809 -0.000000 0.029230 0.069177 -0.666629 -0.066801 -0.652560 0.000328 0.012869 0.073098 -0.000000 -0.081417 0.146962 0.075370 0.038482 -0.000000 -0.085636 -0.359607 0.084651 -0.000000 -0.000000
  0.095399 -0.163821 0.001724 -0.000000 0.000000 0.011813 -0.069420 -0.000000 0.154787 0.000000 -0.000000 0.166804 0.004711 0.103686 -0.000000 0.014251 -0.084834 0.062802 0.171213 0.026168 0.245390 -0.000000 -0.031941 -0.091731 0.200516 0.169216 0.107759 -0.000000 -0.001100 0.181930 0.000000 -0.007258 0.246984 0.000000 -0.000000 0.252381 0.140764 0.074583 -0.000000 -0.000000 0.166651 -0.000000 0.023012 0.068698 -0.197806 0.256614 0.081312 0.167117 0.146084 0.051423 0.000000 0.203227 -0.133844 0.170869 -0.000000 -0.108746 0.002151 -0.000000 0.056810 0.045049 -0.000000 0.185141 -0.006203 0.000000 0.015411 -0.208523 0.007874 0.061397 -0.000000 -0.000000 0.214409 -0.055146 -0.000000 0.099184 0.014969 -0.041481 -0.000000 -0.319488 -0.000000 -0.075840 -0.000000 0.202177 -0.056120 -0.069510 0.194284 -0.345178 0.058214 0.004754 -0.001819 -0.000000 0.248511 0.000271 -0.123009 0.041823 -0.000000 0.285220 -0.170551 0.423109 0.000000 -0.000000
  0.328683 -0.074063 0.000210 0.000000 -0.000000 0.188121 0.208447 0.000000 -0.065942 0.000000 -0.000000 0.209356 -0.008351 0.025527 0.000000 0.008582 0.014868 0.331989 0.026224 -0.088375 0.055642 -0.000000 0.105897 -0.029418 -0.084894 0.100141 -0.047413 -0.000000 0.109516 -0.032951 -0.000000 0.177945 -0.045129 -0.000000 -0.000000 0.070077 0.217950 0.160631 -0.000000 -0.000000 -0.195856 -0.000000 0.093669 0.041530 -0.165601 0.015877 0.097169 0.032873 0.118279 0.095710 -0.000000 -0.011491 -0.024464 0.121867 0.000000 0.179607 0.126865 0.000000 0.197914 0.110821 0.000000 0.014025 0.182403 0.000000 0.040611 0.254727 0.146475 -0.126489 0.000000 -0.000000 0.209530 0.022863 -0.000000 -0.075565 0.025733 -0.005460 -0.000000 -0.170379 -0.000000 -0.042060 -0.000000 0.206756 0.130144 0.145359 0.015897 -0.158312 -0.009027 0.147711 0.197638 -0.000000 0.309407 0.131580 -0.043131 0.042459 -0.000000 -0.067298 0.344828 0.127509 -0.000000 -0.000000
  -0.026807 -0.026726 -0.139984 -0.000000 0.000000 0.382440 0.289787 0.000000 0.097856 0.000000 -0.000000 -0.076277 -0.000895 -0.011587 0.000000 0.029837 -0.108112 0.009230 -0.062597 0.226222 0.115981 -0.000000 0.174324 -0.076857 -0.022086 -0.011520 0.023443 -0.000000 0.086921 0.127116 -0.000000 -0.159606 -0.266904 0.000000 0.000000 -0.062468 0.163565 0.157436 -0.000000 0.000000 -0.209039 -0.000000 0.176892 0.161112 -0.024093 0.078146 -0.048267 -0.177146 0.119691 0.117262 -0.000000 -0.031917 -0.067421 0.045838 -0.000000 0.223066 0.131309 -0.000000 0.079161 0.148276 -0.000000 0.090321 0.268816 0.000000 -0.094234 0.190508 0.161219 0.076547 -0.000000 -0.000000 -0.080593 -0.088658 0.000000 -0.129849 0.028220 0.248070 -0.000000 -0.083527 0.000000 -0.016710 -0.000000 0.137905 -0.020868 0.180586 0.071742 -0.029325 0.091043 -0.167070 0.104156 0.000000 -0.287487 0.140912 0.068233 0.120676 -0.000000 0.067871 0.094146 0.241038 0.000000 -0.000000
  -0.000000 -0.000000 0.000010 0.000000 -0.000000 0.000000 0.000000 0.000000 -0.000000 -0.000000 -0.000000 -0.000000 0.000001 -0.000000 -0.000000 -0.000000 -0.000000 0.000000 0.000000 0.000000 -0.000000 -0.000000 0.000001 0.000000 0.000000 0.000001 0.000000 -0.000000 0.000000 -0.000000 -0.000000 -0.000000 0.000000 -0.000000 -0.000000 0.000000 0.000000 0.000000 -0.000000 0.000000 -0.000000 -0.000000 0.000000 -0.000000 0.000000 0.000000 -0.000000 -0.000000 -0.000000 0.000000 -0.000000 -0.000000 -0.000000 -0.000000 0.000000 0.000000 0.000000 0.000000 -0.000000 0.000000 -0.000000 0.000000 -0.000001 0.000000 0.000042 0.000000 0.000000 0.000000 -0.000000 -0.000000 0.000000 0.000000 -0.000000 -0.000000 0.000000 0.000001 -0.000000 0.000000 0.000000 0.000000 -0.000000 0.000001 -0.000000 0.000000 0.000000 0.000010 -0.000000 0.000000 0.000000 -0.000000 0.000000 -0.000000 -0.000000 0.000001 -0.000000 0.000001 0.000001 -0.000000 0.000000 -0.000000
  -0.046747 -0.097079 -0.633186 -0.000000 0.000000 0.198345 -0.705803 -0.000000 0.043961 0.000000 -0.000000 0.088544 0.023643 -0.109061 -0.000000 -0.054693 0.132721 0.220402 0.091861 -1.094695 -0.053941 -0.000000 -0.032351 -0.002259 0.175024 0.000889 0.149706 -0.000000 0.033779 -0.079109 -0.000000 -0.010025 -0.064755 -0.000000 -0.000000 0.128358 0.059524 0.062040 -0.000000 -0.000000 -0.094505 -0.000000 0.396997 0.042460 -0.062806 0.057436 0.206122 0.157061 -0.038065 0.092910 -0.000000 0.036904 0.039528 0.080684 -0.000000 -0.484861 0.169438 0.000000 0.077757 0.007210 -0.000000 0.198672 -0.016418 -0.000000 0.509760 0.052005 0.038951 -0.022616 0.000000 -0.000000 0.120868 -0.106405 -0.000000 -0.077943 0.013040 0.018603 0.000000 0.051505 0.000000 -0.016691 -0.000000 0.169923 0.124863 -0.017463 -0.040810 -0.239674 0.028889 -0.058759 0.174376 -0.000000 -0.270186 0.099326 -0.055326 0.182079 -0.000000 -0.045242 0.093931 0.184600 0.000000 -0.000000
  -0.426453 0.033452 -0.145740 0.000000 0.000000 0.376001 0.082177 0.000000 0.016636 0.000000 -0.000000 0.250616 0.294103 -0.140996 0.000000 0.319801 -0.029383 0.346043 0.076338 -0.014247 0.407113 -0.000000 0.083748 0.106534 0.190252 0.073709 0.172335 -0.000000 0.190069 0.386495 -0.000000 0.308503 0.202242 -0.000000 0.000000 0.227973 -0.896991 0.077048 0.000000 -0.000000 -0.628966 -0.000000 -0.242120 -0.531129 -0.184922 -0.222018 0.126927 0.162027 0.260206 0.276310 -0.000000 0.261473 -0.016430 0.060867 -0.000000 -0.081680 0.250526 0.000000 0.108569 0.276730 -0.000000 0.003059 0.072543 -0.000000 -0.416841 0.053881 0.135172 0.304549 0.000000 -0.000000 0.260535 -0.115172 0.000000 0.207815 0.048347 0.136262 -0.000000 -0.317587 -0.000000 0.157159 -0.000000 0.137905 -0.307793 -0.690185 0.177699 0.000585 0.269986 -0.139084 0.145726 -0.000000 -0.064349 0.148460 -0.228313 0.130026 -0.000000 0.393611 -0.011983 0.503122 -0.000000 -0.000000
  0.238678 -0.079358 0.188239 -0.000000 -0.000000 0.019253 0.295607 0.000000 -0.071670 -0.000000 -0.000000 0.122845 0.183985 0.000113 0.000000 0.035329 0.138996 0.062043 -0.006334 0.160030 0.092637 -0.000000 0.215109 0.067406 0.010386 -0.039663 -0.046718 -0.000000 0.006659 -0.074577 -0.000000 0.023300 0.041405 -0.000000 -0.000000 0.067848 0.127313 0.067149 -0.000000 0.000000 -0.057315 -0.000000 0.173144 0.040731 0.027072 0.164911 0.004007 -0.154880 0.213564 0.213165 0.000000 0.049423 0.169186 0.115412 -0.000000 0.074504 0.040587 -0.000000 0.191985 0.026423 0.000000 0.031033 -0.028468 0.000000 -0.029084 0.103521 0.138303 -0.007738 0.000000 -0.000000 -0.001662 0.036966 -0.000000 -0.013810 0.148767 0.038537 0.000000 0.018112 0.000000 0.203351 -0.000000 0.009834 0.105092 0.099255 -0.008004 0.085488 0.041162 0.059430 0.141940 -0.000000 0.269668 0.078955 -0.045893 -0.069660 -0.000000 0.156706 0.240343 -0.024555 -0.000000 -0.000000
  0.183586 0.047174 -0.360521 0.000000 0.000000 0.061802 -0.049419 0.000000 0.178508 -0.000000 -0.000000 0.072932 -0.042602 0.025269 0.000000 -0.009540 -0.000364 0.252947 0.183250 0.151718 0.243486 -0.000000 -0.064121 0.081524 -0.120060 -0.060569 -0.027947 -0.000000 0.119651 -0.106564 0.000000 -0.021295 0.013398 -0.000000 0.000000 0.166168 0.355894 -0.072741 -0.000000 -0.000000 -0.032081 -0.000000 -0.248769 -0.030236 -0.085394 -0.064731 0.170388 0.039502 0.114834 0.100885 -0.000000 -0.092097 -0.114698 0.015323 -0.000000 -0.050252 -0.025758 -0.000000 0.195219 -0.031481 -0.000000 0.077628 0.106459 -0.000000 0.084620 -0.136100 0.043362 -0.157109 0.000000 -0.000000 0.034497 0.128239 -0.000000 0.082262 -0.004631 0.013075 0.000000 -0.091539 -0.000000 0.066622 -0.000000 -0.061163 -0.053299 -0.188680 0.042251 -0.114140 -0.028797 0.268411 0.167688 -0.000000 0.210132 0.038435 -0.113152 0.035922 -0.000000 0.113635 0.046865 0.290619 -0.000000 -0.000000
  -0.207598 -0.013075 -0.310252 0.000000 -0.000000 0.237765 -1.446255 0.000000 -0.090289 0.000000 -0.000000 -0.179854 -0.081733 -0.961215 -0.000000 0.010457 -0.238004 0.227014 0.189614 -0.193263 -0.032379 -0.000000 0.123763 0.113548 0.006318 -0.010137 -0.015049 -0.000000 -0.171360 -0.011397 -0.000000 0.168380 -0.081985 -0.000000 0.000000 0.177305 -0.335916 0.086833 -0.000000 0.000000 -0.426241 -0.000000 0.592966 -0.216648 0.011517 0.179789 -0.034511 -0.085485 0.090566 0.138227 0.000000 0.002381 -0.286013 -0.005576 -0.000000 -1.030991 -0.053672 -0.000000 -0.146908 -0.085333 0.000000 0.010206 -0.226336 0.000000 -0.326117 -0.029530 -0.169117 0.218234 0.000000 -0.000000 -0.024098 0.111760 -0.000000 0.156059 -0.102303 0.115057 0.000000 0.006949 -0.000000 0.133310 -0.000000 -0.058079 0.035963 0.042115 0.027070 0.264986 0.111751 0.018512 -0.134318 -0.000000 -0.351050 -0.116941 -0.131527 -0.042112 0.000000 -0.000930 0.377263 0.013572 -0.000000 -0.000000
  -0.009271 0.051374 -0.000000 0.000000 0.000000 -0.016143 -0.000000 0.000000 0.156186 -0.000000 -0.000000 -0.018683 -0.046193 0.104596 0.000000 -0.129555 -0.042055 -0.168079 0.150115 0.204092 0.025464 -0.000000 0.058281 -0.013464 0.012615 -0.069775 0.006194 -0.000000 -0.038072 0.090730 -0.000000 -0.051829 0.012367 0.000000 -0.000000 0.104921 0.190073 -0.028600 -0.000000 -0.000000 -0.387471 -0.000000 0.211305 0.095288 0.018127 -0.108295 0.059721 0.007545 0.019401 -0.017459 0.000000 -0.063058 0.169338 0.084283 -0.000000 0.087950 -0.081054 0.000000 0.146765 -0.030757 -0.000000 -0.009658 -0.063669 -0.000000 0.005209 0.032084 -0.071769 0.032174 0.000000 -0.000000 0.095476 0.178471 -0.000000 -0.006477 0.099902 0.104428 0.000000 0.019690 0.000000 0.123209 -0.000000 -0.043140 0.170601 -0.024945 -0.000280 -0.095346 0.054812 -0.017375 0.011228 -0.000000 -1.640728 -0.011158 -0.061420 0.099752 -0.000000 -0.085518 0.016976 -0.017010 -0.000000 -0.000000
  0.264805 0.264752 -0.173584 -0.000000 -0.000000 -0.098606 -0.111030 0.000000 -0.176451 0.000000 -0.000000 -0.121982 -0.162502 -0.217288 0.000000 -0.099817 -0.213457 -0.120643 -0.002275 -0.353427 -0.001252 -0.000000 0.075177 0.048645 0.033916 0.080280 -0.084013 -0.000000 -0.107870 -0.170573 -0.000000 0.079259 0.132180 -0.000000 -0.000000 0.076095 0.022901 0.048331 -0.000000 -0.000000 0.188800 0.000000 -0.133402 -0.042263 -0.123373 -0.040154 -0.108227 -0.037297 0.073892 -0.055483 0.000000 -0.020742 0.014398 -0.109217 -0.000000 -0.000792 -0.148204 -0.000000 0.131377 -0.100724 0.000000 -0.113109 0.038440 0.000000 0.426976 2.064286 -0.041714 -0.010200 -0.000000 -0.000000 -0.139745 0.112038 -0.000000 -0.121090 0.002145 0.728477 -0.000000 0.306824 -0.000000 0.067374 -0.000000 -0.146184 -0.038303 -0.580317 0.034246 -0.020443 -0.051557 0.080724 -0.143992 -0.000000 0.021081 -0.115717 -0.090491 -0.068035 -0.000000 -0.081371 -0.038424 0.069151 -0.000000 -0.000000
  0.111399 -0.320671 0.456797 -0.000000 -0.000000 0.203252 -0.571037 0.000000 0.034137 0.000000 -0.000000 0.337073 -0.105091 -0.000190 -0.000000 -0.262549 0.205734 0.006885 -0.543422 0.172685 -0.303500 -0.000000 -0.190603 0.194188 0.160785 0.090489 -0.087387 -0.000000 0.226688 -0.052078 0.000000 -0.302535 -0.058386 -0.000000 -0.000000 -0.836423 0.336594 -0.069522 -0.000000 -0.000000 -0.090334 0.000000 -0.132302 0.142512 -0.040638 -0.123447 0.010501 -0.086114 -0.220807 -1.136895 -0.000000 -0.226974 0.082083 -0.233758 0.000000 0.193787 -0.188379 0.000000 0.092795 -0.164020 -0.000000 -0.297368 -0.506881 -0.000000 -0.000000 -0.287223 -0.128525 -0.002712 0.000000 0.000000 -0.416401 0.095778 0.000000 0.015831 0.016815 -0.617798 -0.000000 -0.007462 0.000000 0.251850 -0.000000 -0.302068 0.080217 0.113971 -0.448780 -0.069078 -0.013289 0.305086 -0.222539 -0.000000 -0.063916 0.156619 0.234306 -0.069050 -0.000000 -0.169008 -1.053404 -0.293955 -0.000000 -0.000000
  0.412273 -0.827001 -0.602263 -0.000000 -0.000000 0.532847 -0.477215 0.000000 0.255848 -0.000000 -0.000000 0.364818 0.354719 0.387729 -0.000000 0.740735 0.295435 0.522479 0.422764 0.138183 0.558843 -0.000000 0.431292 0.262855 0.707604 0.322688 0.426224 -0.000000 0.406330 0.813059 -0.000000 0.712930 0.581076 0.000000 0.000000 0.713148 -0.100636 0.497529 -0.000000 0.000000 -0.652776 -0.000000 -0.000000 -0.835282 0.228770 -0.016683 0.352656 0.042175 0.461981 0.638083 -0.000000 0.544395 0.017206 0.396844 -0.000000 -0.416462 0.329963 -0.000000 0.226728 0.310136 0.000000 0.440664 1.077991 0.000000 0.284501 -0.606001 0.363477 0.619384 0.000000 -0.000000 0.590098 -0.037526 -0.000000 0.654646 0.000000 -0.176755 -0.000000 -0.000000 -0.000000 0.227312 -0.000000 0.534084 0.293178 0.286925 0.678390 -0.128255 0.415537 0.941420 0.273725 -0.000000 -0.434584 0.197074 0.589057 0.561336 -0.000000 0.595466 0.000000 -0.076869 -0.000000 -0.000000
  0.231048 0.038326 -0.340587 -0.000000 -0.000000 0.265033 0.146702 -0.000000 0.124650 0.000000 -0.000000 -0.036123 0.154784 -0.062408 -0.000000 -0.094394 0.028130 0.175139 0.000492 -0.014117 0.103481 -0.000000 -0.018923 -0.073239 0.178759 0.199452 0.204243 -0.000000 -0.018752 -0.014943 -0.000000 -0.051778 0.096916 0.000000 0.000000 -0.089810 0.180626 0.169619 -0.000000 0.000000 -0.052973 -0.000000 0.035956 0.303957 -0.114568 0.096602 0.198438 0.024575 0.133424 -0.088696 -0.000000 0.009877 -0.150369 -0.008575 -0.000000 0.196514 0.023957 0.000000 -0.015346 0.058861 -0.000000 0.063324 0.117381 0.000000 -0.012661 0.208773 -0.040689 0.060457 0.000000 -0.000000 0.069959 0.087949 0.000000 0.100646 0.128688 0.229108 -0.000000 -0.057535 0.000000 0.118924 -0.000000 -0.061452 -0.012272 0.120320 0.003744 -0.249916 0.128394 -0.112097 0.121996 -0.000000 -0.187864 0.013310 0.100399 0.111663 -0.000000 0.142830 0.119775 0.120002 0.000000 -0.000000
  0.126138 -0.132349 0.145251 -0.000000 0.000000 -0.081379 -0.145238 -0.000000 -0.053361 -0.000000 -0.000000 -0.134101 -0.041856 -0.105537 0.000000 0.006645 -0.052730 -0.145425 0.084238 -0.006929 -0.119874 -0.000000 0.165384 -0.054308 0.094957 -0.028687 0.047089 -0.000000 -0.138075 0.028444 -0.000000 0.003255 0.061470 0.000000 -0.000000 0.103025 0.107211 0.144906 0.000000 0.000000 -0.072270 -0.000000 -0.075713 -0.044395 -0.067103 0.140131 0.052370 -0.035216 0.062456 0.014144 -0.000000 0.063008 0.122757 -0.069113 -0.000000 0.027963 -0.078573 0.000000 0.027244 0.027470 -0.000000 0.003506 -0.380225 0.000000 0.118719 -0.013100 0.116140 0.022185 0.000000 -0.000000 0.173579 0.423206 0.000000 0.170111 0.173323 -0.004723 0.000000 0.165667 0.000000 0.111732 -0.000000 0.052804 0.042500 0.019573 -0.017097 0.214484 0.090443 -0.055260 -0.093677 -0.000000 -0.019928 0.113236 -0.145313 0.208177 -0.000000 0.123978 0.047365 -0.362863 0.000000 -0.000000
  -0.173151 0.266743 0.000000 0.000000 -0.000000 -0.060258 0.000000 -0.000000 0.249638 -0.000000 -0.000000 -0.017795 0.073972 0.286832 -0.000000 0.000076 0.196401 -0.133025 0.149745 -0.506590 -0.109272 -0.000000 -0.019636 -0.008662 -0.107200 -0.009815 -0.092981 -0.000000 0.165542 -0.075614 -0.000000 0.044973 -0.067756 0.000000 0.000000 -0.086092 -0.751292 0.110500 -0.000000 0.000000 -0.057937 -0.000000 -0.917471 -0.086857 0.012088 -0.099145 -0.012947 0.021645 0.027637 0.028355 0.000000 0.029131 0.118056 0.124046 0.000000 -0.333508 -0.053790 -0.000000 0.141143 0.011095 -0.000000 0.020802 0.221691 -0.000000 0.000000 -0.000995 0.180899 -0.004065 0.000000 -0.000000 -0.128226 0.068587 0.000000 -0.001809 -0.427942 0.033987 0.000000 0.105546 -0.000000 0.040680 -0.000000 0.137277 0.159481 0.105411 0.099787 -0.300580 -0.111914 -0.019463 -0.084703 -0.000000 -1.727982 0.124364 0.050549 -0.093471 -0.000000 -0.072899 -0.158769 -0.115247 -0.000000 -0.000000
  0.208834 0.191482 0.000000 -0.000000 0.000000 -0.165057 -0.000000 0.000000 -0.057475 0.000000 0.000000 0.143008 -0.024281 0.004649 -0.000000 -0.365545 0.107385 -0.514440 0.108404 -0.000000 -0.267060 -0.000000 -0.010174 -0.204370 -0.175728 -0.003470 0.067672 -0.000000 -0.074553 -0.139755 -0.000000 -0.226817 1.077265 -0.000000 0.000000 0.018053 -0.678834 -0.003504 -0.000000 -0.000000 -1.015597 -0.000000 0.000000 -0.291214 -0.103972 1.141000 -0.047541 -0.264297 0.114648 -0.432945 0.000000 -0.073120 0.000000 0.042342 -0.000000 0.000000 0.027622 0.000000 0.031640 0.166912 0.000000 0.120587 -0.291067 -0.000000 0.000000 -0.000262 0.161763 -0.006801 0.000000 -0.000000 -0.068971 -0.000000 -0.000000 -0.098954 -0.000000 -0.000000 0.000000 0.162666 -0.000000 0.056931 -0.000000 0.093719 0.176321 -0.000000 -0.130954 0.000000 0.068218 0.075778 -0.092652 -0.000000 -1.719093 0.043027 -0.009785 0.036176 0.000000 -0.045510 -0.000000 -0.260581 0.000000 -0.000000
  -0.069926 0.179330 -0.419284 -0.000000 0.000000 0.058436 -1.387039 -0.000000 0.129173 -0.000000 -0.000000 0.101559 0.054699 0.076301 -0.000000 -0.025820 0.022526 -0.144930 0.126290 -0.121145 -0.014788 -0.000000 0.155579 0.118763 0.171502 0.196132 0.138879 -0.000000 0.133275 -0.015904 -0.000000 -0.057307 -0.157185 -0.000000 0.000000 0.044650 0.123459 -0.003751 -0.000000 0.000000 -0.092206 -0.000000 0.056697 -0.094901 0.119631 0.104012 0.155760 0.022005 0.006800 -0.172835 0.000000 0.199473 -0.063671 0.026609 0.000000 0.149845 0.235493 0.000000 0.211423 -0.042732 -0.000000 0.002118 -0.043459 -0.000000 -0.000000 -0.198013 0.054547 0.087290 -0.000000 -0.000000 0.307309 0.000453 0.000000 0.112764 0.267168 0.179526 -0.000000 0.083374 -0.000000 0.046334 -0.000000 0.077226 0.178255 -0.056078 0.164318 0.306822 0.077174 0.114860 0.007877 -0.000000 0.166564 -0.013290 0.005061 0.181111 -0.000000 0.097427 0.136454 0.074085 0.000000 -0.000000
  0.040268 0.053422 -0.060161 0.000000 0.000000 0.106509 -0.266619 0.000000 -0.066731 -0.000000 -0.000000 -0.003245 -0.087127 -0.186658 -0.000000 0.075817 -0.241976 0.196985 -0.021955 0.093115 0.294161 -0.000000 -0.026059 -0.117233 0.086242 0.014252 -0.035896 -0.000000 -0.228457 0.055441 -0.000000 0.249721 -0.092678 0.000000 0.000000 0.191934 -0.132195 -0.072700 -0.000000 -0.000000 -0.053147 -0.000000 -0.202483 -0.002972 -0.086503 0.037536 -0.177710 0.224160 0.008207 0.153115 -0.000000 0.132810 0.000208 0.102249 0.000000 -0.969198 -0.048026 0.000000 -0.160992 -0.154921 -0.000000 0.122992 -0.389451 0.000000 -0.060270 -0.060665 0.064829 0.082949 0.000000 -0.000000 0.062945 0.190945 -0.000000 0.090394 -0.246668 0.110838 -0.000000 -0.001256 0.000000 0.000121 -0.000000 0.069506 -0.239106 0.109912 -0.001432 0.300865 -0.155312 0.121618 -0.018138 -0.000000 -0.113381 -0.216726 -0.191705 -0.048177 -0.000000 0.164859 0.037380 -0.143440 -0.000000 -0.000000
  -0.846300 0.042870 -0.154863 -0.000000 -0.000000 -0.032371 -0.241731 -0.000000 0.042885 -0.000000 -0.000000 0.064828 0.120675 0.040729 0.000000 0.082362 0.007179 -0.130082 0.166090 -0.208236 -0.152443 -0.000000 0.121246 0.109777 0.142554 0.220805 0.072796 -0.000000 0.033211 -0.082509 -0.000000 -0.156151 -0.304406 -0.000000 -0.000000 0.185616 -0.686468 0.220821 -0.000000 -0.000000 0.268956 -0.000000 -2.412874 -0.330414 0.316772 -0.067549 0.003712 0.014137 -0.004443 -0.100892 -0.000000 0.030297 -0.068594 0.045054 -0.000000 0.265433 0.236571 -0.000000 0.215252 0.178233 0.000000 0.150148 0.127914 0.000000 -0.512654 0.072737 0.231637 0.125176 0.000000 -0.000000 0.164113 -0.384244 0.000000 0.026356 -0.867317 0.173440 0.000000 0.004523 -0.000000 -0.002834 -0.000000 0.114433 0.039802 0.335953 0.156687 -0.277386 0.153977 -0.527211 0.032863 -0.000000 0.086847 0.185666 0.077238 0.087819 -0.000000 0.057066 0.036312 -0.048391 0.000000 -0.000000
  -0.229379 -0.008386 0.217980 0.000000 -0.000000 -0.125663 -0.185283 0.000000 0.116926 -0.000000 -0.000000 0.114411 0.081613 -0.208046 0.000000 0.113552 0.094269 0.113492 0.195011 0.145312 0.169506 -0.000000 0.082784 -0.157694 0.026370 0.124534 0.115530 -0.000000 0.053731 -0.035062 0.000000 0.190494 -0.164358 0.000000 0.000000 0.029461 -1.081990 0.050365 -0.000000 -0.000000 -0.387346 -0.000000 -0.419082 0.153855 -0.029261 0.066374 0.145504 0.024361 0.065299 0.258141 0.000000 -0.044945 0.056460 0.175407 -0.000000 0.558391 -0.035403 -0.000000 0.117735 0.136945 0.000000 0.130515 -0.064974 -0.000000 -0.258566 0.110147 0.007599 0.192953 0.000000 -0.000000 0.173303 -0.329018 -0.000000 0.170756 -0.748515 0.092897 0.000000 0.064948 -0.000000 -0.052998 -0.000000 0.071574 -0.186776 -0.147149 -0.054095 -0.045832 -0.084547 0.127049 -0.044960 -0.000000 -0.665285 0.117450 -0.135415 -0.066750 -0.000000 0.038347 -0.040643 0.164964 -0.000000 -0.000000
  -0.048106 0.205002 -0.396942 0.000000 -0.000000 -0.059739 -1.156571 -0.000000 0.162586 0.000000 -0.000000 0.170667 -0.000966 -0.189033 -0.000000 -0.181142 0.047525 -0.214374 0.172534 0.050736 -0.189827 -0.000000 0.211744 -0.026877 0.001363 0.080912 0.067083 0.000000 0.207307 0.000175 -0.000000 0.087236 -0.250347 -0.000000 0.000000 -0.044256 0.242888 0.033857 -0.000000 -0.000000 0.162997 0.000000 0.103785 0.264964 -0.061883 0.054818 0.140842 -0.299827 0.106234 -0.109194 -0.000000 -0.025209 0.033446 0.207932 -0.000000 0.090790 0.119108 -0.000000 0.164909 -0.030080 0.000000 -0.017840 -0.032767 0.000000 -0.000000 0.020817 0.241512 0.072164 0.000000 0.000000 -0.033558 0.154093 0.000000 0.078305 0.011285 0.047660 0.000000 -0.066915 -0.000000 0.028613 -0.000000 -0.015409 -0.060929 0.017752 0.162547 0.397757 0.215976 0.044064 0.129083 -0.000000 -0.221953 0.255106 0.012474 0.090879 -0.000000 0.163392 0.010743 0.271077 -0.000000 -0.000000
  -0.177242 0.088262 -0.000000 -0.000000 0.000000 0.291701 0.000000 0.000000 0.135287 0.000000 -0.000000 0.239361 0.114547 0.220012 0.000000 0.269316 0.045562 -0.016394 0.114633 -0.577673 0.084738 -0.000000 0.008942 0.154542 -0.064444 0.073465 0.021956 -0.000000 0.161736 -0.060603 0.000000 0.209601 0.198212 0.000000 0.000000 -0.067901 0.047393 0.020006 -0.000000 0.000000 0.133325 0.000000 -1.356321 -0.168489 0.233642 -0.221185 0.197412 0.211781 0.118442 0.113387 -0.000000 -0.016731 -0.173526 0.089079 -0.000000 -1.197308 0.100700 0.000000 0.073099 0.232479 0.000000 0.072938 -0.051145 -0.000000 -0.000000 -1.508806 -0.037952 0.015210 0.000000 -0.000000 -0.024563 -0.558284 -0.000000 0.092171 -1.072772 -1.776886 -0.000000 0.373879 -0.000000 0.247903 -0.000000 -0.104242 0.212378 -0.190423 0.060261 -0.788569 -0.046481 -0.001986 0.170135 -0.000000 0.127497 0.057792 0.302404 -0.030252 -0.000000 -0.092457 -0.793692 0.130529 -0.000000 -0.000000
  0.325049 -0.105285 0.128003 0.000000 0.000000 -0.038769 0.200571 -0.000000 -0.035657 -0.000000 -0.000000 -0.055846 0.100687 -0.004314 0.000000 -0.102156 0.153431 0.146805 -0.070654 -0.088034 0.060525 -0.000000 0.013013 -0.060173 0.136710 0.168501 0.093222 -0.000000 0.197472 0.123170 0.000000 -0.141966 -0.050830 0.000000 0.000000 -0.098211 0.004452 0.178674 -0.000000 -0.000000 0.058032 -0.000000 0.147952 0.056291 -0.089440 0.218625 0.056504 -0.140515 -0.053095 0.169308 -0.000000 -0.015907 0.024496 0.071967 -0.000000 0.182301 0.074205 0.000000 0.147780 -0.063393 0.000000 0.178586 0.002687 -0.000000 0.191223 0.172632 0.067813 0.124376 -0.000000 -0.000000 0.138826 0.067648 -0.000000 -0.008914 0.127242 0.172471 -0.000000 -0.029977 -0.000000 0.170863 -0.000000 0.203668 0.219289 0.116057 0.050726 0.219355 0.125317 0.002732 -0.051780 -0.000000 0.319431 0.056124 0.089048 0.092060 -0.000000 0.121336 0.251303 -0.187592 -0.000000 -0.000000
  0.000000 0.000000 0.000000 -0.000000 -0.000000 0.000000 -0.000000 0.000000 0.000000 0.000000 -0.000000 -0.000000 0.000000 -0.000000 0.000000 -0.000000 -0.000000 -0.000000 -0.000000 0.000000 -0.000000 -0.000000 -0.000000 -0.000000 -0.000000 -0.000000 0.000000 0.000000 0.000000 0.000000 -0.000000 0.000000 0.000000 -0.000000 0.000000 -0.000000 -0.000000 0.000000 -0.000000 -0.000000 -0.000000 -0.000000 -0.000000 0.000000 0.000000 0.000000 -0.000000 0.000000 0.000000 -0.000000 0.000000 0.000000 0.000000 -0.000000 -0.000000 0.000000 0.000000 0.000000 0.000000 0.000000 -0.000000 0.000000 -0.000000 0.000000 0.000000 -0.000000 0.000000 -0.000000 -0.000000 -0.000000 -0.000000 -0.000000 -0.000000 0.000000 0.000000 0.000000 -0.000000 0.000000 0.000000 -0.000000 0.000000 -0.000000 0.000000 -0.000000 -0.000000 0.000000 -0.000000 -0.000000 0.000000 0.000000 0.000000 -0.000000 -0.000000 0.000000 -0.000000 -0.000000 0.000000 -0.000000 -0.000000 -0.000000
  -3.565126 -0.020240 -0.138785 -0.000000 0.000000 0.093513 0.052001 -0.000000 -0.123783 -0.000000 -0.000000 0.049459 0.108944 0.085098 -0.000000 -0.025625 0.075657 0.009262 0.119139 -0.038250 0.097568 -0.000000 0.157008 0.073787 0.041349 -0.011379 0.189185 -0.000000 -0.063090 0.030452 -0.000000 0.001217 0.014951 -0.000000 -0.000000 0.170120 -0.127213 0.160566 -0.000000 0.000000 -0.150183 -0.000000 -0.498106 -0.582506 -0.057555 0.009267 -0.099940 0.122933 0.039733 -0.016356 0.000000 -0.046326 0.116460 -0.002427 -0.000000 -0.035582 0.162152 0.000000 0.079593 0.017805 -0.000000 0.121729 0.252281 -0.000000 0.000810 0.102089 0.032727 0.016731 -0.000000 -0.000000 0.218643 0.024120 -0.000000 -0.030771 -0.340140 0.165442 0.000000 0.050041 0.000000 0.120684 -0.000000 0.009355 0.094863 -0.044776 0.142713 -0.753823 0.107470 -1.562955 0.081027 -0.000000 0.066020 0.064132 0.071220 0.033845 -0.000000 0.121178 0.028410 0.029356 0.000000 -0.000000
  -0.005214 0.112132 0.000000 -0.000000 -0.000000 0.043200 -0.000000 0.000000 0.106312 -0.000000 -0.000000 0.005129 0.217478 0.032566 0.000000 0.146514 0.108835 0.084354 0.028734 -0.000000 0.113079 -0.000000 -0.038062 0.054983 -0.120286 0.208716 0.021496 -0.000000 0.094543 -0.043442 0.000000 0.161919 -0.046452 0.000000 0.000000 0.153719 -0.073702 0.068616 -0.000000 -0.000000 -0.058083 -0.000000 -0.178011 0.005884 0.053779 -0.134818 -0.001798 0.153595 0.038553 0.065941 0.000000 0.103022 -0.112395 0.185944 -0.000000 -0.567132 -0.008794 0.000000 0.039522 0.080357 -0.000000 -0.045623 -0.134010 -0.000000 0.053267 0.145324 -0.037566 0.022351 -0.000000 -0.000000 0.145006 -0.339455 0.000000 -0.147886 -0.364156 0.097154 -0.000000 0.150309 -0.000000 0.068292 -0.000000 0.071119 0.153123 -0.309714 -0.030745 -0.649778 0.164369 -0.089078 0.089824 -0.000000 -0.265090 0.148442 0.030130 -0.018048 -0.000000 0.016840 -0.299021 -0.017140 0.000000 -0.000000
  -1.019852 -0.095129 -0.328189 0.000000 0.000000 0.186628 -0.470174 -0.000000 -0.098475 -0.000000 -0.000000 -0.307884 -0.128390 -0.024617 -0.000000 -0.039239 -0.020566 0.314017 -0.810411 0.114755 0.120290 -0.000000 -0.073555 -0.275663 -0.092194 -0.117369 -0.775496 -0.000000 -0.368585 -0.031455 -0.000000 -0.734135 0.131412 -0.000000 0.000000 -0.290801 -0.151093 -0.437493 -0.000000 0.000000 -0.208550 0.000000 -0.000000 0.185264 0.138537 -0.223606 -0.384363 -1.012116 -0.016472 -0.627478 0.000000 -0.042525 0.076639 -0.157253 -0.000000 -0.232540 -0.138708 0.000000 -0.542412 -0.363332 -0.000000 -0.068567 -0.293463 -0.000000 -0.356372 -0.023060 -0.365491 -1.178555 0.000000 -0.000000 -1.363333 -0.392564 0.000000 -1.290952 -0.330965 -0.041110 -0.000000 -0.203411 -0.000000 -0.139340 -0.000000 -0.164095 -0.274272 -0.325618 -1.176586 0.031008 -0.205079 0.046469 -0.602875 -0.000000 -0.413222 -0.288035 0.032289 -0.361989 0.000000 -1.182889 -0.817209 -0.000000 -0.000000 0.000000
  -3.572482 0.080547 -0.009905 -0.000000 -0.000000 -0.087611 0.112573 0.000000 -0.065212 -0.000000 -0.000000 0.075453 0.157882 -0.034688 0.000000 0.086220 0.134081 -0.060145 0.014767 -0.030456 0.128972 -0.000000 0.189491 0.185342 -0.099971 -0.059770 -0.006681 -0.000000 0.158767 0.152152 -0.000000 0.023414 0.112377 -0.000000 -0.000000 0.052163 -0.314900 0.101358 -0.000000 -0.000000 0.092286 -0.000000 -0.605656 -0.800480 -0.033733 -0.030637 0.142276 0.067762 0.155346 -0.077580 -0.000000 0.063449 -0.067926 0.130321 0.000000 0.017156 0.145231 -0.000000 0.159791 0.110623 0.000000 0.150673 0.157977 -0.000000 0.087590 0.083006 -0.021204 0.103991 -0.000000 -0.000000 -0.046073 0.012682 -0.000000 0.141661 -0.228972 0.122220 -0.000000 0.067403 -0.000000 0.212749 -0.000000 0.164916 0.120131 -0.035990 0.095028 -0.265771 0.097795 -2.235732 0.117576 -0.000000 0.045246 0.162493 0.255105 0.131093 -0.000000 0.171473 0.045068 0.058686 0.000000 -0.000000
  0.167437 -0.000815 -0.249926 -0.000000 0.000000 0.013294 -0.355388 0.000000 0.038710 -0.000000 -0.000000 -0.008381 -0.057565 -0.310671 -0.000000 0.256165 -0.190095 0.130743 0.141652 0.083138 0.208956 -0.000000 -0.100839 0.005974 0.024598 0.053135 0.060669 -0.000000 0.108105 0.137019 -0.000000 0.280188 0.213530 0.000000 -0.000000 0.183254 -1.033998 -0.008041 -0.000000 -0.000000 -0.161745 -0.000000 -0.008915 0.067357 -0.033848 0.099814 -0.023017 0.155323 -0.008951 0.129910 -0.000000 0.055445 0.059561 0.162726 -0.000000 -0.493361 0.070733 0.000000 -0.032148 -0.025389 0.000000 -0.064248 -0.243838 -0.000000 -0.302439 0.010401 0.105157 0.157633 -0.000000 -0.000000 -0.001640 -0.167238 0.000000 0.123730 -0.436955 0.190537 0.000000 0.046708 0.000000 -0.082919 -0.000000 0.015241 -0.277446 -0.129481 0.185977 -0.000677 -0.054112 0.016295 -0.043959 -0.000000 -1.359406 0.084225 -0.150816 0.171482 -0.000000 0.087256 0.086006 0.120391 -0.000000 -0.000000
  -1.047827 0.143079 0.263416 -0.000000 0.000000 -0.048431 -0.000000 -0.000000 -0.235516 -0.000000 0.000000 -0.071286 -0.189950 -0.024178 0.000000 -1.423180 0.006347 0.219496 -0.096962 0.077840 -2.093726 -0.000000 -0.054789 0.181239 0.093025 0.068854 0.061307 -0.000000 -0.019157 -0.683023 0.000000 -0.006855 0.316535 0.000000 -0.000000 -0.143927 -0.111616 -0.107975 -0.000000 -0.000000 0.097663 -0.000000 -0.000000 0.072143 -0.066343 -0.232197 0.128197 -0.616572 0.053900 -0.932049 0.000000 -0.143570 0.048780 0.024581 -0.000000 -0.019344 0.145160 -0.000000 0.092882 -0.023643 -0.000000 0.071646 0.287592 -0.000000 1.069001 -0.138072 -0.012877 -0.940173 0.000000 -0.000000 -0.128260 0.312073 0.000000 -0.094489 -0.000000 -0.067432 0.000000 -0.206619 0.000000 -0.050427 -0.000000 -0.063677 -0.334129 -0.208571 0.012069 0.218626 -0.048333 0.064576 -0.310371 -0.000000 -0.617323 -0.207095 0.276322 -0.149089 0.000000 0.093883 -0.405279 -0.231021 -0.000000 0.000000
  0.039964 0.179302 0.501421 0.000000 0.000000 0.004703 -0.474434 -0.000000 0.121054 -0.000000 -0.000000 0.206520 -0.038822 0.461627 -0.000000 -0.647520 0.180388 -0.335381 -0.450220 0.317770 -0.594400 -0.000000 -0.167785 0.327191 0.036474 -0.213646 -0.046970 0.000000 0.033366 -0.047963 -0.000000 -0.379539 0.001869 -0.000000 -0.000000 -0.358483 0.236333 -0.051489 0.000000 0.000000 -0.100487 -0.000000 -0.127304 -0.280448 0.257341 -0.395348 -0.014683 -0.325919 -0.419909 -0.995514 -0.000000 -0.174010 -0.035428 -0.267878 -0.000000 0.170916 -0.017620 0.000000 0.148841 -0.016416 -0.000000 -0.226388 0.025804 -0.000000 -0.000000 -0.328174 -0.119219 -0.227262 -0.000000 0.000000 -0.116075 0.127642 0.000000 -0.233100 -0.125415 -0.614802 -0.000000 -0.105874 0.000000 0.163114 -0.000000 -0.180335 0.148521 0.149217 -0.354156 0.056997 -0.228757 -0.051522 -0.172843 -0.000000 0.040197 0.039539 0.431482 -0.060336 -0.000000 -0.202123 -0.657039 -0.176559 0.000000 0.000000
  0.085128 0.456471 0.061060 0.000000 -0.000000 0.069412 0.036836 0.000000 -0.107455 0.000000 -0.000000 -0.087934 -0.191149 -0.235744 0.000000 0.115467 -0.079018 0.101273 0.121085 0.120298 0.143159 -0.000000 -0.053431 -0.121770 0.119026 -0.188487 -0.055521 0.000000 -0.035219 0.053033 -0.000000 0.164444 0.228697 0.000000 -0.000000 -0.167049 0.007484 -0.164932 -0.000000 0.000000 -0.265700 -0.000000 -0.492126 1.344757 -0.324142 -1.001673 -0.036166 0.609680 -0.182005 0.152739 -0.000000 -0.095312 0.162887 -0.189855 0.000000 -0.149653 -0.159422 0.000000 -0.208779 -0.140215 -0.000000 -0.183804 -0.470565 -0.000000 -0.066568 -0.041965 -0.110565 0.036421 0.000000 -0.000000 0.091877 0.212304 -0.000000 0.224012 0.047504 0.284293 -0.000000 -0.845982 0.000000 -0.239664 -0.000000 -0.230684 -0.202223 -0.070371 0.050738 0.758874 0.043617 0.217702 -0.203748 -0.000000 -0.156846 -0.069754 -0.340475 -0.069553 0.000000 0.079586 -1.037723 -1.503999 0.000000 -0.000000
  -0.028904 -0.092045 -0.122403 -0.000000 -0.000000 0.056700 -0.190791 -0.000000 -0.002480 -0.000000 -0.000000 0.113267 -0.085064 -0.074457 -0.000000 0.239559 -0.140041 0.224094 0.055352 0.007009 0.087682 -0.000000 0.100639 -0.198798 0.186481 -0.086799 0.034395 -0.000000 -0.022511 0.042293 0.000000 0.173090 0.136586 -0.000000 -0.000000 0.027337 -1.007975 0.129006 -0.000000 -0.000000 -0.445944 -0.000000 -0.414515 0.184568 -0.032358 0.037450 0.069929 -0.031851 -0.066058 -0.048888 -0.000000 0.138196 0.021805 0.004888 0.000000 0.309210 0.090697 -0.000000 -0.085369 -0.101279 -0.000000 -0.015203 -0.059265 -0.000000 -0.214070 0.073644 0.065288 0.153574 0.000000 -0.000000 0.035647 -0.450953 -0.000000 0.199861 -0.661456 0.145555 0.000000 0.059213 -0.000000 0.158229 -0.000000 0.104217 -0.143319 0.066470 0.102092 -0.022506 -0.048619 0.072408 -0.046003 -0.000000 -0.626385 0.022801 -0.091046 0.145313 -0.000000 0.002866 0.057220 0.185128 -0.000000 -0.000000
  -0.152660 0.055858 0.261311 -0.000000 -0.000000 0.065868 -0.266580 0.000000 -0.069946 -0.000000 -0.000000 -0.301724 0.111361 -0.136095 -0.000000 -0.063014 0.170542 -0.009630 -0.057436 0.157104 -0.281055 -0.000000 0.095139 0.041008 0.039444 -0.048699 -0.149826 -0.000000 -0.212961 0.007464 0.000000 -0.208105 0.027966 -0.000000 0.000000 0.141108 0.383488 -0.003379 -0.000000 0.000000 -0.199709 -0.000000 0.069998 -0.247482 -0.163311 0.276303 -0.169115 0.183386 -0.140447 -0.320117 -0.000000 0.163145 -0.049164 0.150335 -0.000000 0.016486 0.130236 -0.000000 -0.280208 -0.147114 -0.000000 0.198836 -0.176499 -0.000000 0.117680 -0.210431 0.146842 0.140351 0.000000 -0.000000 -0.038230 0.029318 0.000000 0.006046 0.022955 0.187638 -0.000000 0.013869 -0.000000 -0.201079 -0.000000 0.064557 -0.126456 -0.018812 0.065833 0.196931 0.029091 -0.042055 -0.131724 -0.000000 -0.158204 -0.148434 0.028117 0.103920 -0.000000 -0.009857 0.187419 0.096472 -0.000000 -0.000000
  -0.007071 0.037487 -0.000000 -0.000000 -0.000000 -0.073136 0.000000 -0.000000 -0.021868 -0.000000 -0.000000 0.081257 0.120553 -0.059535 0.000000 -0.031541 -0.022116 -0.104742 0.128224 -0.422852 0.161792 -0.000000 -0.039944 -0.037749 -0.208093 0.162327 -0.085020 -0.000000 -0.027588 -0.069578 -0.000000 -0.039291 0.262690 -0.000000 -0.000000 -0.119379 -0.358965 -0.064415 -0.000000 0.000000 -0.101182 -0.000000 -0.533207 -0.026650 -0.090278 -0.076942 -0.026287 0.148090 0.017420 0.080088 0.000000 -0.131424 -0.069948 -0.016524 -0.000000 -0.397940 0.118486 -0.000000 0.067165 -0.099202 -0.000000 0.084681 -0.053940 -0.000000 0.000000 0.013971 0.025938 -0.075345 -0.000000 -0.000000 0.091127 -0.057859 0.000000 -0.055401 -0.277146 0.207736 -0.000000 0.106665 -0.000000 -0.027877 -0.000000 0.143638 0.213529 -0.053840 -0.002423 -0.189807 0.140522 0.067317 0.045395 -0.000000 -1.693477 0.018623 0.141228 -0.007845 -0.000000 -0.153265 -0.096977 0.007276 0.000000 -0.000000
  -0.007379 -0.095755 -0.000008 -0.000000 0.000000 0.013359 -0.001262 -0.000000 0.004398 -0.000000 -0.000000 -0.003449 0.002383 0.018472 -0.000000 -0.004238 0.094129 0.028010 0.108478 -0.019104 -0.069891 -0.000000 -0.052338 0.005590 0.031464 0.018724 0.049014 -0.000000 -0.018978 0.048842 -0.000000 -0.062382 -0.032441 -0.000000 0.000000 0.004648 0.031143 0.072945 -0.000000 -0.000000 -0.179124 0.000000 0.007080 -0.004029 0.004938 0.027111 0.081844 -0.045425 0.016282 0.065084 0.000000 0.005694 0.038479 0.051783 0.000000 -0.011240 -0.004231 0.000000 0.012002 -0.057255 -0.000000 -0.051751 -0.008535 -0.000000 0.006028 0.052827 -0.044424 -0.043781 -0.000000 -0.000000 -0.032121 0.082435 0.000000 0.053133 0.568653 -0.034360 -0.000000 0.063416 0.000000 -0.043971 -0.000000 -0.022070 0.007239 0.240904 0.048892 0.051676 0.007772 0.070258 0.022476 -0.000000 -0.000142 0.040978 0.017495 -0.016554 -0.000000 0.089115 -0.010917 0.011409 -0.000000 -0.000000
  0.141662 -0.009144 0.159436 -0.000000 0.000000 -0.156289 -0.002192 0.000000 -0.111619 -0.000000 -0.000000 -0.038521 -0.026071 0.103149 0.000000 -0.061393 0.130793 -0.237061 -0.182853 -0.324665 -0.040660 -0.000000 -0.048303 -0.018188 -0.078489 0.056398 0.100222 -0.000000 0.143927 -0.170119 0.000000 0.033581 0.229365 -0.000000 -0.000000 -0.054652 0.013334 0.021001 -0.000000 -0.000000 0.310600 -0.000000 -0.031390 -0.032251 0.058396 -0.006767 0.076324 -0.217266 -0.028475 -0.034578 0.000000 0.000882 -0.018787 -0.031301 0.000000 0.001907 -0.021137 -0.000000 -0.002304 -0.088253 -0.000000 0.039483 0.136512 -0.000000 -0.031937 2.301844 -0.004124 -0.047192 -0.000000 -0.000000 -0.188779 0.023644 0.000000 -0.018647 0.110236 0.247508 0.000000 0.272128 0.000000 -0.043501 -0.000000 0.148479 0.032656 -0.221382 -0.135256 0.205439 -0.072198 0.093842 0.031971 -0.000000 0.139247 -0.076588 0.147856 -0.028013 -0.000000 -0.061104 0.183136 0.067346 0.000000 -0.000000
  0.003032 0.298099 -0.069136 0.000000 0.000000 -0.007094 -0.064411 -0.000000 -0.054707 -0.000000 -0.000000 -0.344161 -0.082585 -0.217469 -0.000000 -0.185788 -0.181242 -0.060073 -0.264508 0.108988 -0.187055 -0.000000 -0.208340 -0.149566 -0.041716 -0.021355 -0.377586 -0.000000 -0.333414 0.133624 -0.000000 -0.369674 0.119333 -0.000000 0.000000 -0.308064 0.150267 0.148623 0.000000 0.000000 0.096363 0.000000 -0.123085 -0.282284 -0.113337 0.036443 -0.264584 -0.920721 -0.428256 -0.022264 -0.000000 -0.133798 -0.038479 -0.241655 -0.000000 0.229602 -0.095011 -0.000000 -0.368333 -0.254824 -0.000000 -0.069197 -0.343272 0.000000 -0.000000 -0.000000 0.048200 0.075803 0.000000 0.000000 -0.120185 0.149392 0.000000 0.086328 -0.052464 -1.143254 -0.000000 -0.150455 -0.000000 -0.293404 -0.000000 -0.089071 -0.213466 -0.216495 -0.180666 -0.076474 -0.080264 -0.145126 -0.370322 -0.000000 -0.151578 -0.312006 -0.400122 -0.121002 -0.000000 -0.111835 -0.009633 0.506973 -0.000000 -0.000000
  0.232424 0.046987 -0.084941 -0.000000 0.000000 0.151736 -0.223762 -0.000000 -0.090700 -0.000000 -0.000000 0.089601 -0.114001 -0.248596 -0.000000 0.165318 -0.049558 0.226509 0.017031 -0.038592 0.247586 -0.000000 0.139671 -0.021934 0.201777 -0.052631 -0.049704 -0.000000 0.050537 0.280455 -0.000000 0.171396 0.159066 0.000000 0.000000 0.207862 -0.537771 0.011847 -0.000000 -0.000000 -0.800009 -0.000000 0.353609 0.388983 -0.070851 0.056952 -0.032403 -0.038185 0.053987 0.031376 -0.000000 0.120166 -0.052627 0.153568 -0.000000 0.286951 -0.097124 0.000000 -0.038729 0.118850 -0.000000 -0.031606 0.041005 -0.000000 -0.287714 0.078734 0.062165 0.089488 -0.000000 -0.000000 0.106428 -0.201165 -0.000000 0.094192 -0.169726 -0.002611 -0.000000 0.042851 -0.000000 0.118740 -0.000000 0.069273 -0.097200 -0.027108 0.169789 0.110574 -0.115801 0.366775 -0.053611 -0.000000 -0.789870 -0.050757 -0.004479 -0.019231 -0.000000 0.089998 0.068271 0.271363 -0.000000 -0.000000
  0.129687 0.056072 -1.315542 -0.000000 0.000000 0.235853 -0.097981 -0.000000 -0.020772 0.000000 -0.000000 0.059930 0.086015 -0.024503 0.000000 -0.044342 0.122389 0.054103 0.086754 -0.976491 -0.135581 -0.000000 -0.065383 0.091869 0.025296 0.077515 -0.044295 -0.000000 0.001010 0.015000 -0.000000 0.049068 -0.200936 -0.000000 -0.000000 0.062625 0.171809 0.087082 -0.000000 -0.000000 -0.484843 -0.000000 0.416297 0.041045 -0.088391 0.097141 0.090138 0.067790 0.135125 -0.002993 0.000000 -0.084013 -0.052612 0.091731 -0.000000 0.093606 0.071308 0.000000 -0.039058 0.080612 -0.000000 0.112379 0.009771 0.000000 0.167241 0.031587 0.027204 -0.091258 0.000000 -0.000000 -0.030261 -0.054849 -0.000000 -0.032465 1.160641 -0.055865 -0.000000 0.075262 -0.000000 0.032862 -0.000000 0.104087 -0.077051 0.479068 -0.012652 0.224232 0.127397 0.084577 0.138689 -0.000000 -0.001707 -0.058338 -0.057097 -0.046378 -0.000000 -0.002363 -0.125411 0.005321 -0.000000 -0.000000
  -0.178409 -0.899978 0.065503 -0.000000 -0.000000 0.204423 -0.263238 -0.000000 -0.240313 -0.000000 -0.000000 -0.112118 -0.103499 -0.552679 0.000000 0.030684 -0.076942 0.164794 -0.099330 0.133181 -0.124779 -0.000000 -0.020145 -0.241760 0.390546 -0.060844 -0.008798 -0.000000 -0.153726 0.345358 0.000000 0.052318 0.136401 -0.000000 -0.000000 -0.201135 0.154100 0.043255 -0.000000 0.000000 -0.228614 -0.000000 -0.007913 0.283339 -0.205134 0.420324 0.090511 0.113772 -0.197432 -0.548200 -0.000000 0.031516 -0.021385 -0.002204 0.000000 -0.272358 -0.074725 -0.000000 0.021808 0.017468 -0.000000 -0.043625 -0.751631 -0.000000 -0.191170 -0.000000 -0.110733 0.241327 0.000000 0.000000 0.183081 0.042821 0.000000 0.329122 -0.122906 0.528716 0.000000 0.000000 -0.000000 -0.107204 -0.000000 -0.138817 -0.097325 0.127694 0.074992 0.089284 -0.208105 0.107000 -0.121743 -0.000000 -0.287340 0.030692 -0.052101 0.166271 -0.000000 0.198199 -0.044163 0.077673 0.000000 -0.000000
  -0.000000 0.360744 -0.010595 0.000000 -0.000000 -0.684278 0.149514 0.000000 -0.129047 -0.000000 -0.000000 -0.130119 -0.268308 -0.193749 0.000000 -0.219629 -0.156609 -0.609038 -0.407572 0.049009 -0.173129 -0.000000 -0.187559 0.181310 -0.311790 -0.114013 -0.169629 -0.000000 -0.127499 -0.224440 -0.000000 -0.236865 -0.015720 -0.000000 -0.000000 -0.201062 -0.000000 -0.300244 -0.000000 0.000000 0.517800 -0.000000 -0.000000 -1.058376 0.179983 0.190545 -0.079791 -0.321949 -0.292881 -0.355347 -0.000000 -0.360293 0.080056 -0.046554 0.000000 0.214261 -0.136132 -0.000000 -0.207312 -0.313155 0.000000 -0.304835 0.236178 0.000000 -0.908974 0.054940 -0.122794 -0.156376 0.000000 -0.000000 -0.161887 -0.145151 0.000000 -0.133108 -0.000000 0.094219 0.000000 0.022819 -0.000000 -0.109706 -0.000000 -0.139298 -0.437988 0.309589 -0.237496 -0.791304 -0.255879 0.305528 -0.164061 -0.000000 0.396631 -0.185040 0.054758 -0.293311 -0.000000 -0.139403 -0.135002 -0.112220 0.000000 -0.000000
  -0.373798 0.122624 -0.050901 0.000000 0.000000 0.383155 0.203881 0.000000 0.139527 -0.000000 -0.000000 0.045996 0.065898 0.208930 0.000000 0.332930 0.057209 0.221883 0.060446 -0.335151 0.222671 -0.000000 0.093652 0.208663 0.221582 0.164548 -0.057594 -0.000000 0.165006 0.262196 0.000000 0.354046 0.161289 0.000000 0.000000 0.173395 -0.101331 0.095878 -0.000000 0.000000 -0.046164 0.000000 -0.040693 -0.588941 0.019899 -0.586997 0.188476 0.191724 0.131665 0.414107 0.000000 0.097583 -0.195514 0.048533 0.000000 -0.080709 0.043002 0.000000 0.096968 0.060421 -0.000000 0.165635 -0.062764 -0.000000 0.040733 0.166160 0.083849 0.163543 0.000000 -0.000000 0.217787 -0.345724 0.000000 0.237761 -0.194015 0.285328 0.000000 -0.096893 -0.000000 0.047589 -0.000000 0.038156 0.034805 -0.117773 0.078772 -0.329384 0.040521 -0.465431 0.161120 -0.000000 -0.006759 -0.039215 0.049826 0.161153 -0.000000 0.033839 -0.256894 -1.457249 -0.000000 -0.000000
  -0.055168 0.074560 0.410637 0.000000 0.000000 0.239958 -0.864855 0.000000 -0.040702 -0.000000 -0.000000 -0.057640 0.167728 0.093499 0.000000 -0.083585 -0.071472 -0.135526 0.274316 0.304657 -0.209335 -0.000000 -0.061630 0.014409 0.333444 -0.114782 0.136895 -0.000000 -0.177449 0.115990 0.000000 -0.426222 -0.033953 0.000000 0.000000 0.195450 0.191926 0.338840 -0.000000 0.000000 0.164620 0.000000 0.019458 0.232319 0.172796 -0.126250 0.027251 -0.025764 0.061282 -0.366533 0.000000 0.250707 0.039561 0.160859 0.000000 0.168462 0.081840 -0.000000 0.023282 -0.020093 -0.000000 0.144483 -0.024173 -0.000000 -0.000000 -0.002294 0.136147 0.039187 -0.000000 0.000000 0.494293 0.220860 -0.000000 0.235670 0.083419 -0.475863 -0.000000 -0.001004 -0.000000 -0.184911 -0.000000 0.139265 -0.121401 0.075565 0.481621 0.283792 0.208122 0.140447 -0.097441 -0.000000 0.131552 -0.066003 -0.076943 0.537791 -0.000000 0.486199 -0.078244 -0.257828 0.000000 -0.000000
  0.157117 -0.100731 0.087553 -0.000000 0.000000 0.217810 0.098476 -0.000000 0.082467 -0.000000 -0.000000 0.068261 0.169893 -0.099838 -0.000000 0.016830 -0.038744 0.100979 0.135052 0.164789 0.208822 -0.000000 0.084145 0.024201 0.030094 0.150754 -0.062755 -0.000000 -0.093158 0.149257 0.000000 -0.083378 -0.062366 -0.000000 -0.000000 0.015426 0.128999 -0.028620 -0.000000 -0.000000 -0.038421 -0.000000 0.031758 0.147873 -0.176375 0.163426 0.129236 -0.032631 -0.091014 -0.007863 0.000000 -0.065185 0.066046 0.161384 0.000000 0.082885 -0.058320 -0.000000 0.147386 0.154827 0.000000 0.118248 0.158415 0.000000 0.115918 0.145610 0.048129 -0.054492 0.000000 -0.000000 -0.031047 0.066951 0.000000 0.135376 -0.049237 0.132214 -0.000000 0.010126 -0.000000 0.064545 -0.000000 0.003292 0.180078 0.099122 -0.014040 -0.101648 -0.032450 -0.012293 0.133385 -0.000000 0.236366 0.044329 0.033744 -0.089451 -0.000000 -0.028062 0.210513 -0.007516 0.000000 -0.000000
  0.000000 0.000000 0.000000 -0.000000 0.000000 0.000000 -0.000000 -0.000000 0.000000 0.000000 0.000000 0.000000 0.000000 -0.000000 -0.000000 0.000000 -0.000000 -0.000000 0.000000 0.000000 -0.000000 -0.000000 -0.000000 -0.000000 0.000000 -0.000000 0.000000 0.000000 0.000000 -0.000000 0.000000 -0.000000 -0.000000 0.000000 -0.000000 0.000000 -0.000000 -0.000000 0.000000 0.000000 0.000000 0.000000 -0.000000 0.000000 -0.000000 0.000000 -0.000000 0.000000 0.000000 -0.000000 0.000000 -0.000000 -0.000000 -0.000000 -0.000000 -0.000000 -0.000000 0.000000 0.000000 -0.000000 -0.000000 0.000000 0.000000 -0.000000 0.000000 0.000000 0.000000 0.000000 0.000000 0.000000 -0.000000 0.000000 0.000000 -0.000000 0.000000 -0.000000 -0.000000 -0.000000 0.000000 0.000000 -0.000000 0.000000 -0.000000 0.000000 0.000000 0.000000 0.000000 -0.000000 0.000000 0.000000 -0.000000 0.000000 0.000000 -0.000000 0.000000 0.000000 0.000000 -0.000000 -0.000000 -0.000000
  0.245880 0.160113 0.029907 -0.000000 -0.000000 0.129103 -0.014404 0.000000 0.150637 0.000000 -0.000000 0.108058 0.051486 0.132297 0.000000 0.019235 -0.062951 -0.071535 0.083727 -0.019052 -0.115376 -0.000000 -0.028340 0.099418 0.028530 0.103394 -0.014129 -0.000000 0.038622 0.117700 0.000000 -0.054427 0.033917 -0.000000 0.000000 0.185345 0.154827 0.143469 -0.000000 0.000000 -0.082261 -0.000000 0.314375 -0.114341 0.126337 0.101164 0.122418 -0.075111 0.033470 -0.070902 -0.000000 0.043637 0.121020 0.101065 0.000000 -0.098057 0.167979 0.000000 0.136474 0.023116 -0.000000 0.107812 0.022260 0.000000 0.219810 -0.009805 0.128264 0.190385 0.000000 -0.000000 0.055940 0.247323 -0.000000 -0.042954 -0.175275 0.077827 -0.000000 -0.019288 0.000000 0.158464 -0.000000 0.119887 0.072739 -0.069642 -0.012925 -0.015603 0.037430 0.138347 -0.096370 -0.000000 0.116531 0.140209 0.068520 0.053256 -0.000000 0.036671 0.075579 -0.020825 -0.000000 -0.000000
  -2.443098 0.308888 0.138861 -0.000000 -0.000000 0.075011 -0.407346 -0.000000 0.573407 0.000000 -0.000000 0.370126 0.473047 0.328546 0.000000 0.085451 0.348547 -0.039723 0.449917 -0.068773 -0.299467 -0.000000 0.505038 0.416458 0.359692 0.304059 0.468960 -0.000000 0.467372 -0.072126 0.000000 0.419848 0.111782 0.000000 0.000000 0.377770 -0.958347 0.404977 -0.000000 0.000000 0.312107 -0.000000 0.000000 -0.000000 0.375541 -1.932166 0.368110 0.320434 0.464276 0.681618 -0.000000 0.374811 -0.586495 0.338784 -0.000000 -0.397072 0.258872 0.000000 0.557062 0.458185 0.000000 0.326071 0.448973 -0.000000 0.064197 -0.043473 0.391463 0.190265 -0.000000 -0.000000 0.354837 0.000000 0.000000 0.142785 -0.000000 -0.098712 0.000000 -1.214873 -0.000000 0.321702 -0.000000 0.346927 0.669620 -0.245096 0.329883 0.007749 0.497551 0.000000 0.488673 -0.000000 0.108042 0.557275 0.283718 0.456773 -0.000000 0.354772 -1.098471 0.000000 0.000000 -0.000000
  -0.038334 0.158219 -0.010367 -0.000000 0.000000 -0.146189 0.000894 0.000000 -0.080221 -0.000000 -0.000000 0.087811 0.111063 0.053096 -0.000000 0.092233 0.069131 -0.041328 0.188258 0.029477 -0.051957 -0.000000 0.063024 -0.140577 0.010436 0.132831 0.077241 -0.000000 0.133127 -0.100781 0.000000 0.127341 -0.131472 0.000000 -0.000000 0.167154 -0.107472 -0.026889 -0.000000 -0.000000 -0.051779 -0.000000 -0.203452 -0.346348 -0.011355 -0.397492 0.036538 0.159158 0.075470 -0.073796 0.000000 0.085623 0.057926 -0.061470 -0.000000 -0.062798 -0.020176 -0.000000 0.147769 0.079163 0.000000 -0.050738 0.126949 -0.000000 0.117351 0.034248 0.101818 0.158329 0.000000 -0.000000 -0.025949 -0.256462 -0.000000 0.062280 -0.277687 0.200639 -0.000000 0.034674 0.000000 0.004278 -0.000000 0.114825 -0.023807 0.035457 -0.006771 -0.358403 0.057082 -0.514087 0.121071 -0.000000 0.104114 0.169644 0.107661 0.116251 -0.000000 0.174686 -0.030158 -1.183167 -0.000000 -0.000000
  0.010944 0.017416 -0.151785 0.000000 0.000000 -0.036049 -0.028485 -0.000000 -0.254342 -0.000000 -0.000000 -0.098108 -0.171049 -0.065535 -0.000000 0.096164 -0.060491 -0.272222 -0.082154 0.220610 -0.054383 0.000000 -0.071233 0.180151 -0.072120 -0.133864 -0.139504 -0.000000 0.045199 -0.066171 0.000000 0.148015 0.052953 -0.000000 -0.000000 -0.002346 0.119382 -0.002083 -0.000000 0.000000 0.133875 0.000000 -0.382258 -0.241965 -0.079448 -0.026517 -0.202613 0.063316 -0.069381 -0.088592 0.000000 -0.134304 0.091500 -0.127249 -0.000000 0.474045 0.116913 -0.000000 -0.180583 -0.092869 -0.000000 -0.089115 -0.207512 -0.000000 -0.173567 0.038363 -0.080788 -0.068763 0.000000 -0.000000 0.055431 -0.127307 -0.000000 -0.014779 -0.677061 -0.326728 -0.000000 -0.482386 0.000000 -0.200342 -0.000000 0.103640 -0.021530 0.165168 0.056411 0.088687 -0.044014 -0.121506 0.009131 -0.000000 -0.057573 -0.187806 0.107278 -0.161745 -0.000000 -0.044511 -3.656779 -0.314162 -0.000000 -0.000000
  -0.183571 -0.078855 -0.621601 -0.000000 0.000000 0.251666 0.422751 0.000000 -0.056339 0.000000 -0.000000 0.039079 -0.057986 0.028868 0.000000 0.064591 0.078644 0.017541 0.125221 -0.065429 -0.025473 -0.000000 0.026718 0.054219 -0.092141 0.086709 0.115330 -0.000000 0.173869 0.001642 0.000000 -0.070139 -0.118234 0.000000 0.000000 0.118016 -0.027475 0.151381 -0.000000 -0.000000 -0.133884 0.000000 0.232559 0.150865 0.019155 0.157522 0.133441 -0.152869 0.158469 -0.009012 -0.000000 -0.083018 0.018224 0.121046 0.000000 0.302776 0.028814 -0.000000 0.126455 0.197057 0.000000 0.080921 0.143931 -0.000000 -0.078307 0.154785 0.112727 0.074966 0.000000 -0.000000 0.124798 0.266532 0.000000 -0.141351 0.113385 0.204922 -0.000000 -0.011128 -0.000000 0.134116 -0.000000 0.024966 -0.009505 0.123563 -0.015875 0.186684 0.086779 0.021827 0.006678 -0.000000 -0.312556 0.158485 -0.053267 -0.092616 -0.000000 0.061604 0.102232 0.041806 0.000000 -0.000000
  0.204295 0.032041 -0.101299 -0.000000 -0.000000 -0.047708 -0.243486 -0.000000 0.118804 -0.000000 -0.000000 0.104512 0.194956 0.076340 0.000000 -0.089636 0.091293 -0.117154 0.179673 -0.314182 -0.187295 -0.000000 0.244860 0.262865 0.016341 0.130051 0.157356 -0.000000 0.170159 0.051375 0.000000 -0.010263 0.009226 0.000000 -0.000000 0.088122 -0.072152 0.014687 -0.000000 0.000000 0.146496 -0.000000 -0.140709 0.002191 0.259571 -0.005253 -0.019647 -0.100561 0.075001 0.077902 -0.000000 0.006917 -0.062470 0.214147 -0.000000 0.207264 0.005782 0.000000 0.048928 0.233885 -0.000000 0.093798 0.232387 0.000000 -0.812110 -1.171817 0.111031 -0.035462 -0.000000 -0.000000 -0.068704 0.143380 0.000000 -0.127987 0.095432 -2.026675 0.000000 -0.277019 0.000000 0.089425 -0.000000 0.205700 0.177244 -0.034679 0.114407 0.186501 -0.011041 0.184919 0.155920 -0.000000 0.283001 0.097770 0.214473 0.013500 -0.000000 0.074048 -0.551140 0.609706 0.000000 -0.000000
  -0.445553 -0.485836 0.085315 0.000000 -0.000000 0.189597 0.293267 -0.000000 -0.073826 -0.000000 -0.000000 -0.045440 0.043021 -0.490365 -0.000000 -0.132540 -0.117480 -0.031779 -0.334181 0.073684 0.112054 -0.000000 -0.177192 -0.112805 0.123765 0.035551 -0.190035 -0.000000 -0.105405 0.084023 -0.000000 -0.413088 -0.055330 -0.000000 0.000000 -0.154018 0.080251 -0.068990 -0.000000 -0.000000 0.038715 -0.000000 -0.049940 0.300636 -0.154723 0.011488 0.016741 -0.326668 -0.214860 -0.200814 0.000000 -0.045244 0.138987 -0.093381 -0.000000 -0.102937 -0.010009 0.000000 -0.201665 -0.281884 0.000000 0.078186 -0.703381 0.000000 -0.086314 -0.000000 -0.177082 0.021201 -0.000000 0.000000 0.015203 0.135672 -0.000000 -0.153082 0.190379 0.696190 0.000000 0.137349 -0.000000 -0.119092 -0.000000 -0.026058 -0.246456 -0.060985 -0.122385 0.108076 -0.152479 -0.058075 -0.170225 -0.000000 0.015124 -0.121255 -0.415875 0.075080 -0.000000 -0.162427 -0.173991 -0.362440 -0.000000 -0.000000
  0.062001 0.215256 -0.201742 -0.000000 0.000000 0.010663 -0.443006 0.000000 -1.069985 -0.000000 -0.000000 -0.265649 -0.227989 -0.024050 0.000000 -0.498418 -0.254511 0.184039 -0.018508 0.078018 0.065912 -0.000000 0.052418 -0.236484 -0.166051 0.090363 -0.224343 -0.000000 -0.202680 -0.098133 -0.000000 -0.130183 -0.504331 -0.000000 -0.000000 -0.176585 -0.094346 -0.211549 -0.000000 0.000000 -0.120910 -0.000000 -1.446525 -0.612153 0.080218 -0.318585 -0.119052 -0.108308 -0.059754 0.078504 0.000000 0.054303 0.053659 -0.007598 -0.000000 -0.234616 0.028849 0.000000 -0.115003 -0.091725 0.000000 -0.113009 -0.110061 -0.000000 -0.163332 -0.170212 -0.304210 -0.194068 -0.000000 -0.000000 -0.331978 0.085193 0.000000 -0.186415 -0.456292 0.078600 -0.000000 -0.170625 -0.000000 0.060821 -0.000000 0.089848 -0.165579 0.136202 -0.258852 0.185975 -0.204810 0.028240 -0.136423 -0.000000 -0.303553 -0.080025 0.025374 -0.047488 0.000000 -0.145633 0.158066 -0.108533 -0.000000 0.000000
  -0.440928 0.023205 0.010809 -0.000000 -0.000000 -0.001076 -0.139094 -0.000000 0.132497 -0.000000 -0.000000 -0.000176 0.133678 0.347114 -0.000000 0.039199 0.068501 0.100772 0.073931 -0.020172 -0.031134 -0.000000 0.115532 0.145417 0.027651 0.199029 0.040157 -0.000000 0.108467 0.208574 0.000000 0.051806 0.136321 -0.000000 0.000000 0.180480 -0.788491 0.118737 -0.000000 0.000000 -0.052862 -0.000000 0.186523 -0.156424 0.192007 -0.004364 0.099204 0.105510 0.096751 -0.063010 0.000000 0.104810 -0.146115 0.065730 0.000000 0.185446 0.064112 0.000000 0.028503 0.234039 -0.000000 -0.040686 0.278739 -0.000000 -0.782839 0.126724 0.214125 0.066513 -0.000000 -0.000000 -0.002379 0.386417 -0.000000 0.157889 0.194028 -0.057018 0.000000 0.061510 -0.000000 0.231355 -0.000000 0.009781 0.117001 -0.236849 0.191088 -0.032670 0.082428 0.332916 0.179613 -0.000000 -0.137638 0.240934 0.091292 0.120011 -0.000000 0.160978 -0.069839 0.204742 0.000000 -0.000000
  0.042382 0.050512 -0.000052 0.000000 0.000000 -0.102587 -0.081094 0.000000 0.012806 -0.000000 -0.000000 0.127137 0.076686 -0.047753 -0.000000 0.145176 0.001442 0.137926 -0.026881 -0.076395 -0.000499 -0.000000 0.030260 0.063491 0.033280 0.097076 -0.004652 -0.000000 0.089232 0.094082 -0.000000 0.059635 -0.003358 -0.000000 0.000000 0.136057 -0.467990 0.067499 -0.000000 0.000000 -0.298059 -0.000000 -0.309939 0.174467 0.085561 0.076013 0.095453 -0.104741 -0.158101 0.180141 -0.000000 0.056534 0.193069 0.033380 -0.000000 0.457078 0.094307 -0.000000 -0.018840 -0.025081 -0.000000 0.084088 0.099737 0.000000 -0.502005 0.113870 -0.076239 0.088961 0.000000 -0.000000 0.098759 -0.012827 0.000000 0.112268 -0.134531 0.172000 0.000000 0.080823 -0.000000 0.029994 -0.000000 -0.025793 -0.010422 0.170685 0.094676 0.175611 -0.038894 0.105307 -0.056374 -0.000000 -0.322833 0.020266 -0.125825 -0.043696 -0.000000 0.018824 0.010050 0.141493 -0.000000 -0.000000
  -0.190774 0.132526 0.105819 -0.000000 -0.000000 -0.074856 -0.320155 -0.000000 -0.225017 -0.000000 -0.000000 -0.198611 -0.055292 -0.095217 -0.000000 -0.057631 0.009739 -0.140302 0.106475 0.415518 0.003312 -0.000000 0.103606 -0.016039 0.074860 -0.050573 0.048473 -0.000000 -0.053649 0.222554 -0.000000 0.086605 0.005537 -0.000000 -0.000000 0.160359 0.424660 0.149269 -0.000000 0.000000 -0.255934 -0.000000 0.143981 -0.349782 -0.171650 0.150562 -0.001658 0.103431 0.043545 -0.210097 0.000000 0.219838 -0.024935 -0.045716 -0.000000 -0.027020 0.106438 -0.000000 -0.098895 0.018058 0.000000 0.131821 -0.039427 0.000000 0.038836 -0.114401 0.191862 0.087372 -0.000000 -0.000000 0.118801 0.370627 -0.000000 -0.036121 0.140305 0.250688 -0.000000 0.016728 0.000000 -0.099585 -0.000000 -0.044107 -0.124545 -0.012163 0.001021 0.315539 -0.132463 0.079146 -0.124682 -0.000000 -0.219634 -0.008213 -0.191308 0.059390 -0.000000 0.109213 -0.117331 0.203937 0.000000 -0.000000
  -0.053912 0.185146 0.095972 0.000000 -0.000000 -0.131006 0.037411 0.000000 -0.091539 0.000000 -0.000000 -0.156147 -0.181608 -0.035098 0.000000 -0.024606 -0.083305 -0.198762 -0.173872 0.004373 -0.054322 -0.000000 0.054703 0.061705 -0.148835 -0.024440 0.039768 -0.000000 0.019647 -0.100796 -0.000000 -0.056557 0.137159 -0.000000 -0.000000 0.009491 -0.139263 -0.127940 -0.000000 -0.000000 -0.179371 -0.000000 0.053901 0.428142 -0.105044 0.107630 -0.198241 0.047486 -0.133266 -0.096035 -0.000000 -0.160695 0.129048 -0.040401 0.000000 -0.212826 -0.125471 -0.000000 0.025375 -0.086785 -0.000000 -0.089614 -0.070422 0.000000 0.043668 0.080041 -0.003649 -0.025654 -0.000000 -0.000000 -0.105026 -1.148266 0.000000 0.066473 0.221393 0.133046 -0.000000 0.150556 -0.000000 0.036335 -0.000000 -0.087771 -0.330118 -0.357883 0.083903 -0.381556 -0.205301 -0.074946 0.026243 -0.000000 0.115333 -0.066287 -0.102963 -0.032616 -0.000000 0.040799 -0.071829 -0.009875 -0.000000 -0.000000
  0.089312 -0.245600 -0.506777 0.000000 -0.000000 0.026559 0.984122 0.000000 -0.761612 -0.000000 -0.000000 -0.092711 -0.162487 -0.314474 0.000000 -0.088681 -0.537984 0.438312 0.028730 0.242640 0.162338 -0.000000 0.122234 -0.361706 -0.143036 0.001347 -0.037622 -0.000000 -0.279515 0.029058 0.000000 0.172975 -0.277080 -0.000000 -0.000000 0.125187 0.416488 -0.126261 -0.000000 0.000000 -0.777666 -0.000000 -0.946359 -0.045607 -0.407590 -0.362085 -0.062170 0.124756 0.175957 -0.061523 -0.000000 0.087389 0.462026 0.165025 -0.000000 0.629273 -0.049961 -0.000000 -0.218601 -0.259428 -0.000000 0.035808 0.000000 -0.000000 -0.345258 -0.000000 -0.053585 0.055413 -0.000000 -0.000000 0.069436 0.304347 0.000000 0.178242 0.248316 0.498397 0.000000 -0.513588 0.000000 -0.206473 -0.000000 -0.033053 -0.245279 -0.203037 -0.065449 0.110913 -0.021916 -0.232612 -0.104449 -0.000000 0.149405 -0.003012 -0.326843 -0.088942 -0.000000 0.050787 -0.123780 0.575663 0.000000 0.000000
  0.020968 0.049789 -0.678103 0.000000 -0.000000 -0.054476 -1.055479 0.000000 0.016806 0.000000 -0.000000 0.255403 0.253986 0.021180 0.000000 0.038236 -0.036637 -0.013435 0.087483 -0.012494 -0.191847 -0.000000 0.148277 0.084325 -0.016639 0.104903 0.148719 0.000000 0.102474 -0.037497 0.000000 0.030132 -0.217764 0.000000 0.000000 -0.099400 0.078106 0.167128 -0.000000 0.000000 0.063614 -0.000000 0.306528 0.359710 -0.024756 0.063858 0.093193 -0.262726 0.042797 -0.137961 -0.000000 0.129979 0.033749 0.004191 0.000000 0.061997 0.060457 0.000000 0.121934 0.127012 -0.000000 0.228258 0.019814 -0.000000 -0.000000 0.117577 0.145204 -0.109524 -0.000000 0.000000 0.089197 0.109887 -0.000000 -0.011032 0.144048 0.163338 0.000000 -0.069506 0.000000 0.153491 -0.000000 0.273259 0.061852 0.017135 0.124194 0.367528 0.010026 0.186282 0.210227 -0.000000 -0.270244 0.026753 -0.051643 0.146856 -0.000000 0.201695 -0.098689 0.065399 -0.000000 -0.000000
  -0.008213 0.253445 0.000000 -0.000000 0.000000 -0.190321 -0.000000 -0.000000 -0.096604 -0.000000 -0.000000 -0.099552 -0.020965 0.265579 0.000000 -0.326405 0.068666 -0.392901 -0.249558 -0.142717 -0.269046 -0.000000 -0.107558 0.131953 -0.373859 0.051562 -0.247182 -0.000000 -0.113334 -0.249514 -0.000000 -0.338313 -0.465732 -0.000000 0.000000 -0.189152 -0.148355 -0.066672 -0.000000 0.000000 0.675250 0.000000 0.647795 0.139364 -0.045560 -0.083855 -0.075067 -0.248807 -0.068079 -0.487643 0.000000 -0.124025 0.134531 -0.115043 -0.000000 0.251571 -0.196064 0.000000 -0.028688 -0.031708 0.000000 -0.149115 -0.064256 -0.000000 -0.000000 -0.098767 -0.084661 -0.308535 0.000000 -0.000000 -0.375337 0.492097 -0.000000 -0.263717 0.181853 0.037087 0.000000 0.091458 -0.000000 -0.039174 -0.000000 -0.064939 -0.061340 0.402601 -0.164061 -0.176286 -0.119403 0.183163 -0.104730 -0.000000 -1.490422 -0.111618 0.052673 -0.199982 -0.000000 -0.160575 -0.160177 -0.482283 0.000000 -0.000000
  0.214503 0.019402 -0.144050 0.000000 -0.000000 0.091356 0.097787 -0.000000 0.191808 -0.000000 -0.000000 -0.050071 0.074568 0.010128 0.000000 0.101501 0.041550 0.032722 0.036632 0.074274 0.020953 -0.000000 0.013243 0.008679 0.203894 0.108417 -0.039124 -0.000000 0.164502 0.141913 0.000000 0.010249 0.155340 0.000000 -0.000000 0.102669 0.235999 0.074715 -0.000000 0.000000 0.145298 -0.000000 -0.060911 0.019231 0.085841 0.014668 -0.042832 -0.016686 -0.054853 0.143358 -0.000000 0.002568 0.172675 0.118229 0.000000 0.090307 0.136787 0.000000 0.078420 0.193893 -0.000000 0.185876 -0.033484 -0.000000 -0.025095 -0.203336 0.080993 0.232725 0.000000 -0.000000 0.053145 0.020939 -0.000000 0.183639 -0.139225 0.030888 0.000000 -0.204377 0.000000 0.095941 -0.000000 0.119285 0.063863 -0.083633 -0.032269 -0.222373 0.110635 0.030092 0.016998 -0.000000 0.204235 0.111452 0.067398 0.082996 -0.000000 0.053562 -0.421552 0.113862 -0.000000 -0.000000
  0.039552 -0.113731 -0.000000 0.000000 -0.000000 0.038745 0.000000 0.000000 0.106037 -0.000000 -0.000000 0.050454 0.229420 -0.142515 -0.000000 0.406287 0.000843 0.027344 0.120833 0.812005 0.512717 -0.000000 0.219351 -0.088865 0.064530 0.030502 -0.003498 0.000000 -0.032216 0.334392 0.000000 0.403947 0.729947 0.000000 -0.000000 0.337744 -0.000000 0.112406 -0.000000 -0.000000 -0.377033 -0.000000 -0.000000 -0.280761 -0.413985 -0.038388 -0.043038 0.230057 0.026745 0.433228 -0.000000 0.159515 -0.090051 0.002168 0.000000 -0.391518 0.020079 -0.000000 0.083014 0.163740 -0.000000 0.066211 -0.398155 -0.000000 0.000000 -0.081959 0.143739 0.318881 0.000000 -0.000000 0.268537 -0.297317 0.000000 0.299656 0.000000 0.199642 -0.000000 -0.124858 0.000000 0.115472 -0.000000 0.039640 -0.536163 -0.457692 0.292398 0.118259 0.020770 -0.011632 0.219010 -0.000000 -0.000000 0.103001 -0.213061 0.353151 -0.000000 0.288433 -0.371750 0.421940 0.000000 -0.000000
  0.189594 0.129355 -0.199989 -0.000000 -0.000000 0.080227 0.185062 -0.000000 -0.089651 0.000000 -0.000000 0.211170 0.010002 -0.063124 -0.000000 -0.178994 -0.038363 0.193074 -0.115038 -0.130879 0.421898 0.000000 0.054686 0.144356 0.010721 0.119892 0.121587 -0.000000 0.190021 0.010672 0.000000 0.128131 -0.006949 0.000000 0.000000 0.078706 0.054269 0.025344 -0.000000 -0.000000 0.135743 0.000000 0.086939 0.093691 -0.009676 0.028852 0.154184 0.051414 0.187889 0.174873 0.000000 -0.097909 -0.041123 0.056450 -0.000000 0.101215 -0.013190 0.000000 0.039129 0.052977 -0.000000 0.075718 0.055971 -0.000000 0.016778 0.210723 0.005994 0.007779 -0.000000 -0.000000 -0.148456 -0.075350 0.000000 -0.180891 0.085548 -0.063709 -0.000000 -0.039456 -0.000000 -0.032210 -0.000000 0.049140 0.144373 0.077880 0.119893 -0.018016 0.015805 0.112594 0.187701 -0.000000 0.273942 0.087215 0.058626 0.000333 -0.000000 0.021760 0.345414 0.191564 -0.000000 -0.000000
  -0.053505 0.158991 0.121058 -0.000000 -0.000000 -0.117812 0.133484 0.000000 -0.166620 -0.000000 -0.000000 -0.112520 0.030979 -0.136790 0.000000 -0.004271 -0.222601 -0.006583 -0.124139 0.130634 -0.044141 -0.000000 -0.040604 -0.233342 -0.164735 -0.115065 -0.014019 -0.000000 -0.257741 -0.021509 -0.000000 0.022121 0.037721 0.000000 -0.000000 -0.028996 0.027180 0.023755 -0.000000 -0.000000 -0.107744 -0.000000 -0.031963 0.547422 -0.132664 0.141154 -0.281579 0.064541 -0.053906 -0.009376 0.000000 -0.197570 0.213161 -0.027017 -0.000000 0.016583 -0.098009 0.000000 -0.142125 0.014275 0.000000 -0.184471 0.006629 -0.000000 0.065278 0.073036 -0.240093 -0.143504 -0.000000 -0.000000 -0.045694 -1.149659 0.000000 0.012753 0.033887 0.206392 0.000000 0.174922 -0.000000 -0.225344 -0.000000 0.020957 -0.382123 -0.360854 -0.018322 -0.241255 -0.031282 -0.090986 -0.145891 -0.000000 0.117192 -0.251415 -0.037563 -0.046903 -0.000000 -0.173241 -0.056784 -0.210587 -0.000000 -0.000000
  -0.000000 0.278206 -0.154223 -0.000000 0.000000 -0.757307 0.193105 0.000000 -0.225025 -0.000000 -0.000000 -0.162119 -0.297389 -0.286586 -0.000000 -0.281672 -0.293128 -0.691068 -0.418260 -0.173688 -0.339998 -0.000000 -0.214758 0.104994 -0.411693 -0.158543 -0.336563 -0.000000 -0.335629 -0.347094 0.000000 -0.304451 0.049589 -0.000000 -0.000000 -0.308639 -0.000000 -0.238006 -0.000000 -0.000000 0.568255 -0.000000 -0.000000 -1.198402 0.101286 0.157132 -0.377097 -0.378048 -0.289956 -0.402099 -0.000000 -0.440894 0.303806 -0.116818 -0.000000 0.353529 -0.180561 -0.000000 -0.317060 -0.134221 0.000000 -0.177891 0.183786 -0.000000 -0.859306 0.063030 -0.361739 -0.430479 -0.000000 -0.000000 -0.351140 -0.143530 -0.000000 -0.266800 -0.000000 0.167450 0.000000 0.006672 -0.000000 -0.057643 -0.000000 -0.168578 -0.494718 0.269566 -0.128963 -0.553706 -0.389817 0.280561 -0.172931 -0.000000 0.368320 -0.152276 -0.212053 -0.352975 -0.000000 -0.316782 -0.150810 -0.113479 -0.000000 -0.000000
  0.085299 0.091828 -0.661622 -0.000000 -0.000000 -0.083689 -0.000000 -0.000000 0.186033 0.000000 -0.000000 -0.011882 0.027956 0.025584 -0.000000 -0.123742 -0.014167 -0.167951 -0.017559 0.078167 -0.068210 -0.000000 -0.038477 0.214166 -0.001173 0.084632 0.105381 -0.000000 0.151884 -0.187318 -0.000000 -0.051871 -0.314195 0.000000 -0.000000 0.013999 -0.238977 -0.147160 -0.000000 0.000000 0.115119 0.000000 -0.786173 -0.037064 -0.068883 -0.062250 -0.017581 0.118747 -0.077775 0.091384 -0.000000 0.020809 -0.226854 -0.033992 0.000000 -0.684379 -0.013297 -0.000000 -0.048274 -0.071579 0.000000 -0.020554 -0.022877 -0.000000 0.000000 -0.009418 -0.154825 -0.177267 -0.000000 -0.000000 -0.020395 -0.187770 -0.000000 -0.142630 -0.727116 0.070286 -0.000000 0.093546 0.000000 0.070396 -0.000000 -0.030181 0.269883 0.150764 0.046765 -0.277787 0.070688 0.056626 -0.133302 -0.000000 -0.010092 0.183455 0.075257 -0.146666 -0.000000 0.043637 0.049753 -0.199179 -0.000000 -0.000000
  -0.028924 -0.073145 -0.062377 -0.000000 -0.000000 0.215103 -0.121347 0.000000 -0.055505 0.000000 -0.000000 0.065496 0.065996 -0.189354 -0.000000 -0.074728 0.094042 0.110504 0.071970 0.112249 -0.002577 -0.000000 0.072298 0.089920 0.001846 -0.080326 0.020440 -0.000000 -0.090759 0.159488 -0.000000 -0.020769 0.032806 0.000000 0.000000 0.029100 0.019088 -0.064480 -0.000000 0.000000 0.030490 -0.000000 -0.143955 -0.017770 0.192717 0.068784 0.082191 -0.185008 0.143387 0.112674 0.000000 0.010001 -0.114390 -0.002417 -0.000000 -0.338617 0.109549 -0.000000 -0.084657 -0.082012 -0.000000 0.167052 -0.253753 -0.000000 0.086421 0.065359 -0.111698 0.117828 0.000000 -0.000000 0.050454 0.253875 -0.000000 -0.011121 0.419224 0.155267 0.000000 0.182244 -0.000000 -0.015640 -0.000000 0.154013 0.001043 0.352416 0.104598 0.264616 0.037109 0.180292 0.091322 -0.000000 -0.125057 0.145725 -0.024815 0.131447 -0.000000 -0.041620 0.186356 -0.258499 -0.000000 -0.000000
  0.216204 -0.043599 -0.115944 -0.000000 0.000000 0.140001 -0.048986 -0.000000 0.097485 0.000000 -0.000000 0.041010 -0.000029 -0.056119 -0.000000 0.203497 -0.124065 0.199607 0.202322 0.026442 0.041889 0.000000 0.017693 -0.159594 0.051343 0.174977 -0.047305 -0.000000 -0.071568 0.064567 -0.000000 0.232827 0.152298 0.000000 0.000000 0.210873 0.187573 0.138655 -0.000000 -0.000000 0.034490 0.000000 -0.102247 0.280250 -0.185390 -0.401057 -0.035536 0.209606 0.124133 0.191539 -0.000000 -0.013785 -0.016513 0.032987 0.000000 0.031303 0.125821 0.000000 0.002285 -0.037498 -0.000000 0.188954 0.095956 0.000000 0.027417 -1.628466 0.197051 -0.026640 0.000000 -0.000000 -0.001939 0.063349 -0.000000 0.177606 0.000087 -0.099682 0.000000 -1.058217 -0.000000 0.089678 -0.000000 -0.055787 0.065196 0.011094 0.220684 0.035758 0.043679 0.298906 0.035367 -0.000000 0.249283 0.132391 -0.160630 0.149789 -0.000000 0.153942 -1.133838 0.309569 -0.000000 -0.000000
  -0.088786 -0.024255 -0.241805 0.000000 0.000000 0.044963 -0.890292 -0.000000 -0.002268 -0.000000 -0.000000 -0.222877 -0.012616 -0.224629 0.000000 -0.097574 -0.237460 0.258076 -0.061741 -0.010312 0.014856 -0.000000 0.155749 -0.047887 0.003766 0.058138 -0.133253 -0.000000 -0.124230 0.027243 0.000000 -0.011933 -0.229652 -0.000000 -0.000000 0.099885 -0.191117 -0.149507 -0.000000 0.000000 -0.423999 0.000000 0.683535 -0.498729 -0.085584 0.061248 0.105084 0.000918 -0.015988 -0.012688 -0.000000 0.029356 -0.348807 0.026526 -0.000000 -0.543835 -0.055413 -0.000000 -0.111997 -0.139135 -0.000000 0.133568 -0.103042 0.000000 -0.199096 0.019817 0.054718 0.087840 -0.000000 -0.000000 -0.090743 0.091224 -0.000000 0.020005 0.009753 -0.007516 -0.000000 -0.127085 -0.000000 0.139825 -0.000000 -0.041222 0.030644 -0.084342 -0.083432 -0.006275 0.138698 -0.116179 -0.095338 -0.000000 -0.276979 0.081251 -0.032909 0.012474 0.000000 -0.062351 0.235950 0.044647 -0.000000 -0.000000
  0.000000 0.000000 -0.000000 -0.000000 -0.000000 -0.000000 0.000000 0.000000 0.000000 0.000000 -0.000000 -0.000000 0.000000 0.000000 0.000000 0.000000 0.000000 -0.000000 -0.000000 0.000000 0.000000 -0.000000 -0.000000 -0.000000 0.000000 0.000000 0.000000 -0.000000 0.000000 0.000000 0.000000 -0.000000 0.000000 0.000000 -0.000000 -0.000000 0.000000 0.000000 -0.000000 -0.000000 0.000000 -0.000000 -0.000000 0.000000 0.000000 0.000000 0.000000 -0.000000 0.000000 0.000000 0.000000 -0.000000 0.000000 -0.000000 0.000000 -0.000000 0.000000 -0.000000 0.000000 -0.000000 -0.000000 -0.000000 -0.000000 -0.000000 -0.000000 0.000000 -0.000000 0.000000 -0.000000 0.000000 0.000000 0.000000 0.000000 -0.000000 0.000000 -0.000000 0.000000 -0.000000 -0.000000 -0.000000 -0.000000 0.000000 0.000000 0.000000 -0.000000 0.000000 0.000000 0.000000 0.000000 -0.000000 0.000000 -0.000000 -0.000000 -0.000000 -0.000000 -0.000000 0.000000 0.000000 0.000000 -0.000000
  -0.726452 -0.087271 -0.049428 0.000000 0.000000 -0.142271 0.055182 -0.000000 0.158183 0.000000 -0.000000 0.018347 -0.031413 0.208566 0.000000 0.049512 0.126068 -0.014933 0.229325 -0.022403 0.193280 -0.000000 0.037983 0.167885 -0.011239 0.058465 0.055890 -0.000000 0.187603 0.157098 -0.000000 -0.036090 0.244571 -0.000000 -0.000000 0.129308 -0.802691 0.028741 -0.000000 -0.000000 -0.230225 -0.000000 0.032895 -0.420463 0.254632 -0.000683 0.022150 0.208894 0.137459 -0.051199 -0.000000 0.104600 0.014226 0.030496 -0.000000 0.126263 0.098815 0.000000 0.245919 0.097843 0.000000 -0.020348 0.165880 -0.000000 -0.590180 0.112584 0.115653 0.016957 -0.000000 -0.000000 0.236547 0.246077 0.000000 0.137411 0.052526 0.021662 0.000000 0.088362 -0.000000 0.264183 -0.000000 0.041575 0.077234 -0.180757 0.015403 -0.175213 0.081754 -0.063974 0.216176 -0.000000 -0.142588 0.007045 0.102406 0.092695 -0.000000 0.048481 -0.072088 0.216343 -0.000000 -0.000000
  -1.214726 0.152816 -0.110139 0.000000 0.000000 -0.025902 0.099131 -0.000000 -0.143947 0.000000 -0.000000 -0.094750 -0.006604 -0.082240 -0.000000 -0.127998 -0.162456 0.012494 0.104480 -0.095260 -0.086277 -0.000000 -0.000042 0.049907 -0.116171 0.077242 -0.083017 -0.000000 0.081940 -0.006110 -0.000000 -0.153741 -0.095626 -0.000000 -0.000000 -0.015605 0.034816 0.062184 -0.000000 -0.000000 -0.106676 -0.000000 -0.320483 -0.632319 0.129938 -0.032512 0.087552 0.091602 0.137897 -0.002375 0.000000 -0.106345 -0.056765 0.027844 0.000000 -0.011801 -0.067501 -0.000000 0.058237 -0.049546 0.000000 0.128314 0.193252 -0.000000 0.031374 0.088025 -0.021341 -0.167993 0.000000 -0.000000 0.104655 -0.157437 -0.000000 0.087668 -0.225674 0.171442 -0.000000 0.077448 -0.000000 0.055331 -0.000000 0.045072 -0.152051 0.014781 0.011509 -0.755172 -0.048872 -2.241719 0.102503 -0.000000 0.086837 0.007929 0.058104 -0.129646 -0.000000 0.074794 0.018272 0.010384 0.000000 -0.000000
  0.026631 0.047234 0.120345 0.000000 -0.000000 0.166324 0.097003 -0.000000 0.087582 -0.000000 -0.000000 0.213450 0.187056 -0.056715 0.000000 0.055353 0.146497 0.145330 0.062386 0.188012 0.016316 -0.000000 0.183251 -0.015207 0.078448 0.120693 0.031946 -0.000000 0.193263 0.116151 0.000000 0.018567 0.062093 0.000000 -0.000000 -0.028286 -0.049497 0.070528 -0.000000 0.000000 -0.028340 -0.000000 -0.859615 -1.540936 0.054748 -0.359550 -0.024474 0.068810 -0.066002 0.115940 -0.000000 -0.000626 -0.143697 0.077786 -0.000000 -0.100553 -0.068976 0.000000 0.209953 0.140954 0.000000 0.193735 -0.176519 0.000000 0.116106 -0.001878 0.038557 0.117290 0.000000 -0.000000 0.184756 -1.224181 -0.000000 0.072734 -1.298479 0.076318 -0.000000 -0.009148 -0.000000 -0.051791 -0.000000 0.155515 0.133914 -0.121902 0.117367 -1.314252 0.208085 -0.854601 0.085869 -0.000000 0.030026 -0.056835 0.004243 -0.000790 -0.000000 0.181145 -0.049475 -0.662222 0.000000 -0.000000
  0.160259 -0.114380 -0.067452 -0.000000 -0.000000 -0.021787 0.063149 0.000000 0.204991 0.000000 -0.000000 0.027427 0.182778 0.091299 -0.000000 0.034471 0.076672 -0.188724 0.123256 0.068424 -0.118164 -0.000000 0.133678 0.183648 -0.082996 0.156431 0.244635 -0.000000 0.247268 0.114529 -0.000000 -0.087996 0.008954 0.000000 0.000000 0.001237 0.144986 0.187770 -0.000000 -0.000000 -0.025674 -0.000000 0.105298 0.010058 0.076318 0.104654 0.048220 -0.266631 0.106970 -0.192109 -0.000000 0.205803 -0.028628 0.144999 -0.000000 0.213843 0.200678 0.000000 0.135611 0.119118 -0.000000 0.030951 0.268064 0.000000 -0.038772 -1.611112 0.194230 -0.094068 0.000000 0.000000 0.006798 0.059126 0.000000 0.092455 0.102324 -0.072152 -0.000000 -0.526518 -0.000000 0.124033 -0.000000 0.115339 0.217633 -0.015298 0.034462 0.215527 0.090060 0.096063 0.040377 -0.000000 0.238650 0.232141 -0.014887 0.061860 -0.000000 0.140801 -0.546701 0.079539 -0.000000 -0.000000
  -0.087681 -0.200169 -0.061685 0.000000 -0.000000 0.149133 0.092468 -0.000000 0.086233 -0.000000 -0.000000 -0.168627 -0.115422 -0.094966 -0.000000 0.172085 0.067782 0.103930 -0.009099 0.038847 -0.028009 -0.000000 -0.044350 -0.011913 0.122590 -0.016470 -0.097404 -0.000000 -0.140129 -0.047654 0.000000 -0.117724 0.087542 -0.000000 -0.000000 0.153792 -0.010740 -0.085195 -0.000000 -0.000000 0.216107 -0.000000 -0.308773 0.006716 -0.159712 0.434040 -0.106490 -0.329471 0.026256 0.163139 -0.000000 0.125605 0.054273 0.000134 0.000000 0.145791 -0.056002 -0.000000 0.092568 0.048298 -0.000000 0.081685 -0.234975 0.000000 0.076453 -0.262104 -0.068819 0.099992 -0.000000 -0.000000 0.010881 -0.262230 -0.000000 0.099061 -0.010867 0.062756 -0.000000 0.313277 0.000000 -0.063545 -0.000000 0.045268 -0.137080 -0.022888 -0.101850 -0.218111 -0.072900 -0.093227 -0.039680 -0.000000 -0.084720 0.064565 -0.063722 0.021484 -0.000000 0.026852 -0.349857 -0.122006 0.000000 -0.000000
  0.277948 -0.123237 -0.020477 -0.000000 0.000000 -0.059418 0.246607 0.000000 0.070452 -0.000000 -0.000000 0.156648 0.075145 0.078944 0.000000 0.069755 -0.027390 0.131604 -0.087241 -0.064246 0.269730 -0.000000 0.185352 -0.015252 0.087719 -0.018441 0.121756 -0.000000 0.006692 0.101239 -0.000000 -0.148911 0.126773 -0.000000 -0.000000 -0.069253 0.114142 -0.022114 -0.000000 -0.000000 -0.002765 -0.000000 0.106152 0.099394 0.090739 0.177814 0.181179 -0.180812 0.061023 0.167672 -0.000000 -0.057813 -0.046722 0.099800 -0.000000 0.039976 0.060623 0.000000 0.003212 0.018805 0.000000 0.194008 0.198633 0.000000 0.116944 0.156963 0.059734 0.118730 -0.000000 -0.000000 0.180795 -0.104541 -0.000000 -0.076461 0.042467 0.010793 0.000000 -0.025257 -0.000000 -0.028524 -0.000000 0.123238 0.223640 0.166634 0.062201 0.011892 -0.030618 -0.055938 0.113714 -0.000000 0.274578 0.110808 0.089483 0.090816 -0.000000 0.129079 0.194427 -0.074045 0.000000 -0.000000
  -0.869500 0.093820 -0.200577 -0.000000 0.000000 -0.242175 0.121925 0.000000 0.027504 -0.000000 -0.000000 -0.058767 -0.045152 0.129306 0.000000 -0.041667 0.083043 -0.137223 0.080700 -0.046051 -0.123030 -0.000000 0.053315 0.189649 0.000712 0.017177 -0.027179 -0.000000 0.069610 0.140117 0.000000 -0.116933 0.152574 0.000000 -0.000000 -0.155206 -0.584158 0.138589 -0.000000 -0.000000 -0.392455 -0.000000 0.291461 -0.044137 0.197822 0.003151 0.031253 -0.106111 0.112353 -0.065706 0.000000 -0.029394 0.108978 -0.028686 -0.000000 0.181815 -0.092264 0.000000 0.087290 0.029570 0.000000 0.104836 0.319017 0.000000 -0.770147 0.152722 0.078174 -0.108628 -0.000000 -0.000000 -0.027674 0.398790 0.000000 0.099066 0.118499 0.042872 -0.000000 0.111550 0.000000 -0.071652 -0.000000 0.134052 -0.040168 -0.094322 -0.062770 -0.144191 0.128121 0.112135 0.017325 0.000000 0.020324 0.149795 0.249096 0.107866 -0.000000 -0.100393 -0.085502 0.084439 0.000000 -0.000000
  0.375019 0.025487 0.098073 -0.000000 0.000000 0.049610 0.052724 -0.000000 0.102342 0.000000 -0.000000 0.065001 0.054115 0.243568 -0.000000 -0.201398 0.195732 -0.024399 -0.074604 0.076392 0.018431 -0.000000 0.074504 0.218021 -0.055148 0.064839 0.003465 -0.000000 0.159280 0.016717 -0.000000 -0.068560 0.199037 -0.000000 0.000000 0.017352 0.173285 -0.036967 -0.000000 0.000000 0.206037 -0.000000 -0.033649 -0.048775 0.162090 0.071076 0.080032 -0.256764 0.221965 -0.157859 -0.000000 0.031447 -0.083352 0.138112 0.000000 0.194219 0.106998 0.000000 0.131089 0.043315 0.000000 0.046504 0.176202 0.000000 -0.066031 -1.476815 0.249401 -0.032139 -0.000000 -0.000000 -0.064284 -0.071628 0.000000 -0.035596 0.006545 -0.196663 0.000000 -0.493723 -0.000000 0.215484 -0.000000 0.060585 0.035032 0.018131 0.113249 -0.134174 0.229482 0.067448 0.229403 -0.000000 0.251993 0.021304 0.019788 0.148474 -0.000000 0.012796 -0.667579 0.116435 0.000000 -0.000000
  0.162676 0.200203 0.000000 0.000000 -0.000000 -0.311284 0.000000 0.000000 0.055315 -0.000000 -0.000000 -0.031962 -0.093751 0.116025 0.000000 -0.310718 0.065421 -0.219498 -0.050948 -0.549728 -0.100683 -0.000000 -0.056144 0.006098 -0.156977 -0.041264 -0.150454 -0.000000 -0.238007 -0.369924 0.000000 -0.225127 -0.455388 0.000000 0.000000 -0.127843 -0.567046 -0.052953 -0.000000 -0.000000 0.626977 -0.000000 0.780472 0.314538 -0.106752 -0.042236 -0.183409 -0.358628 -0.147743 -0.169205 0.000000 -0.062459 0.153719 -0.045843 0.000000 0.089038 -0.171309 -0.000000 -0.110927 -0.160137 -0.000000 -0.269504 -0.047175 -0.000000 0.000000 -0.142419 -0.209698 -0.221251 -0.000000 -0.000000 -0.263203 0.444396 -0.000000 -0.399394 0.206660 0.012227 0.000000 0.091152 -0.000000 -0.043639 -0.000000 -0.217816 0.075534 0.183511 -0.118724 -0.105515 -0.208574 0.315961 -0.084565 -0.000000 -0.533789 -0.159159 -0.081077 -0.213176 -0.000000 -0.102921 -0.249845 -0.415633 0.000000 -0.000000
  -0.201052 -0.154494 -0.245082 -0.000000 -0.000000 0.120032 -0.210359 -0.000000 0.051144 -0.000000 -0.000000 0.230716 0.292972 0.105394 0.000000 -0.018616 0.119701 0.012341 0.241703 -0.130592 -0.148513 0.000000 0.044534 0.139442 0.235969 0.056339 0.335007 -0.000000 0.304903 0.082561 -0.000000 -0.047354 0.058132 -0.000000 -0.000000 0.190624 -0.105357 0.141482 -0.000000 0.000000 0.414107 -0.000000 -0.640677 -0.117336 0.113813 -1.620612 0.262891 -0.002209 0.270122 0.040807 0.000000 0.160219 -0.127884 0.173552 -0.000000 0.293474 0.132589 0.000000 0.108123 0.069394 -0.000000 0.045856 -0.177254 0.000000 -1.529614 -0.000000 0.205045 0.027288 -0.000000 0.000000 0.241456 -0.180988 -0.000000 0.120389 -0.161469 -1.712632 0.000000 -2.694094 -0.000000 0.213423 -0.000000 0.092474 0.063673 0.248685 0.172571 -0.213990 0.089604 0.042479 0.276999 -0.000000 -0.023177 0.294150 -0.031910 0.225569 -0.000000 0.080757 -0.050867 -0.299906 0.000000 -0.000000
  0.204544 0.091069 0.055213 0.000000 -0.000000 0.062106 -0.172537 -0.000000 0.088656 0.000000 -0.000000 0.044168 0.147052 -0.000345 -0.000000 -0.135727 0.001670 -0.003103 0.001893 -0.064861 -0.146777 -0.000000 0.048384 0.129208 -0.029865 -0.096587 0.155889 -0.000000 0.172348 0.080144 0.000000 0.078128 0.164112 0.000000 -0.000000 -0.012608 0.221069 -0.004768 -0.000000 -0.000000 0.059138 -0.000000 -0.137744 0.014176 -0.071992 -0.241747 -0.091159 -0.088072 -0.113011 0.072055 0.000000 0.082832 0.030954 -0.056815 0.000000 0.136614 -0.068971 -0.000000 0.001543 -0.056625 0.000000 0.042365 -0.078983 -0.000000 -0.639575 0.000000 0.137932 -0.037750 0.000000 0.000000 -0.090003 -0.070930 0.000000 -0.069549 0.065623 -1.301828 -0.000000 -0.456121 -0.000000 -0.086397 -0.000000 0.008057 0.037716 -0.098571 -0.014279 0.177157 0.028202 0.027686 0.120399 -0.000000 0.101193 0.211103 0.083390 0.150683 -0.000000 -0.018848 -0.000025 0.247884 0.000000 -0.000000
  -0.637968 0.216723 0.046060 0.000000 0.000000 0.584467 0.191033 -0.000000 0.184281 0.000000 -0.000000 0.050187 0.043833 0.177523 -0.000000 0.225283 0.060499 0.126120 0.187739 -0.236126 0.245486 -0.000000 0.188344 0.131490 0.001946 0.185506 0.143698 -0.000000 0.239788 0.223377 0.000000 0.352011 0.181390 -0.000000 -0.000000 0.019608 -0.147718 -0.066669 -0.000000 -0.000000 0.193588 0.000000 -0.065214 -0.400371 0.205069 -0.288727 0.055779 0.168185 0.004953 0.353352 0.000000 0.046316 -0.220227 0.117393 -0.000000 -0.197060 0.083264 0.000000 0.204835 0.073298 -0.000000 -0.092514 -0.016249 0.000000 -0.082487 0.137819 0.196210 0.333530 0.000000 -0.000000 -0.012092 -0.523101 0.000000 0.051477 -0.185108 0.437978 -0.000000 -0.216531 0.000000 0.250701 -0.000000 -0.081555 0.108675 -0.089366 0.106149 -0.529120 0.067402 -0.566736 -0.015762 -0.000000 -0.013311 0.188494 0.078222 0.019504 -0.000000 0.189815 -0.260322 -1.327684 0.000000 -0.000000
  0.243279 0.111631 -0.073414 -0.000000 -0.000000 -0.123231 0.296225 0.000000 0.021343 0.000000 -0.000000 0.081450 -0.064396 0.009762 -0.000000 0.063294 0.020266 -0.025740 0.014950 -0.165956 0.152937 -0.000000 0.147129 0.025299 0.047908 0.002987 0.202414 -0.000000 0.093896 0.144055 0.000000 -0.010044 0.183873 0.000000 -0.000000 0.012805 0.106252 0.024008 -0.000000 0.000000 -0.170031 -0.000000 0.049464 0.129089 0.160968 0.253247 0.149751 -0.224491 0.061243 -0.081874 -0.000000 0.090429 -0.109278 0.183178 0.000000 0.106421 0.063125 -0.000000 0.185225 0.122427 -0.000000 0.043303 0.124433 0.000000 -0.014723 0.182399 0.179522 0.110973 0.000000 -0.000000 0.085226 -0.003061 -0.000000 0.019885 -0.054414 0.056253 0.000000 -0.001945 0.000000 -0.013699 -0.000000 0.100211 0.182064 0.128022 0.169245 -0.025986 0.166089 -0.058364 0.167581 -0.000000 0.345314 0.132972 -0.030919 0.160538 -0.000000 -0.040865 0.258385 -0.210671 -0.000000 -0.000000
  0.218820 -0.182984 0.097737 0.000000 0.000000 0.208342 0.198966 0.000000 -0.027361 -0.000000 -0.000000 0.190202 0.130800 -0.051318 -0.000000 0.017785 0.097918 0.093634 0.022357 -0.170409 0.115295 0.000000 -0.020156 -0.071908 0.206685 0.172786 0.026859 -0.000000 -0.070885 0.008994 0.000000 0.127015 0.152939 0.000000 -0.000000 -0.098483 0.053144 -0.033766 -0.000000 0.000000 0.070541 -0.000000 0.032426 0.165385 -0.033556 -0.313364 0.194747 -0.036458 -0.033588 -0.100590 0.000000 0.226852 0.146005 0.095620 -0.000000 0.223383 0.122092 0.000000 0.013394 -0.005300 0.000000 -0.027407 0.257838 -0.000000 0.017290 -2.029768 0.127557 0.028190 0.000000 0.000000 0.213363 0.048494 -0.000000 0.155055 -0.055294 -0.199077 -0.000000 -1.333027 -0.000000 -0.015138 -0.000000 0.157198 -0.131930 0.181095 0.202286 -0.201867 0.146605 0.114563 0.099451 -0.000000 0.236261 -0.055086 0.083319 -0.052257 -0.000000 -0.019125 -0.314729 0.063639 -0.000000 -0.000000
Biases:
  0.296428 -0.125773 0.105959 -0.126406 -0.104458 0.109690 0.153910 -0.134271 -0.060047 -0.116407 -0.004082 0.028502 0.180547 -0.105396 -0.091424 0.030321 0.073763 0.109563 0.000116 0.063801 -0.140229 -0.000531 0.086462 -0.022616 0.210292 0.186421 0.059960 -0.004579 -0.009781 0.123802 -0.070814 0.131727 -0.019949 -0.150304 -0.073570 0.025020 0.084536 0.011166 -0.003596 -0.083635 0.086932 -0.000500 0.278755 0.159544 0.120785 0.231703 0.035803 0.059824 0.234699 -0.087425 -0.006778 0.030094 -0.049555 0.082661 -0.005564 0.011216 0.227850 -0.002925 0.178878 0.040927 -0.034380 0.098433 -0.030847 -0.049178 0.134917 0.048086 0.120895 0.079565 -0.067625 -0.001643 0.003497 0.007100 -0.129506 -0.027502 0.097046 -0.136277 -0.079103 0.007979 -0.134684 0.057647 -0.006196 0.192811 0.052741 0.271615 0.053503 -0.124474 0.212043 0.103369 0.036775 -0.001526 0.230304 0.004288 0.013425 0.088464 -0.017075 -0.037786 0.217588 0.016800 -0.026895 -0.000445
Weight range: -4.307582 to 2.301844
Bias range: -0.150304 to 0.296428

--- Layer 3 ---
Number of nodes: 2
Weights:
  0.143843 -0.779011
  -0.088132 0.071227
  -0.631101 -0.060362
  0.000000 0.000000
  -0.000000 0.000000
  0.274020 -0.091285
  -0.727632 -0.662832
  -0.000000 -0.000000
  -0.000836 0.162127
  -0.000000 0.000000
  -0.000000 -0.000000
  0.044968 0.145334
  0.239718 0.239738
  -0.032316 0.292936
  -0.000000 0.000000
  0.233501 -0.123949
  -0.012357 0.114525
  0.092252 -0.117470
  0.300701 0.151723
  -0.088970 -0.195388
  0.106394 -0.136821
  -0.000000 0.000000
  0.076602 0.116497
  -0.016436 0.019880
  0.229355 -0.058391
  0.144002 0.233777
  0.141097 0.121901
  0.000000 0.000000
  0.080550 0.164681
  0.286447 -0.168075
  -0.000000 -0.000000
  0.203196 -0.076577
  0.207565 -0.125846
  -0.000000 -0.000000
  0.000000 0.000000
  0.251828 0.041427
  -0.551727 -0.208136
  0.294854 0.181963
  -0.000000 0.000000
  -0.000000 -0.000000
  -0.152564 0.333043
  -0.000000 -0.000000
  -1.601870 -1.873363
  -0.217891 -0.679003
  -0.069121 0.184322
  -0.199450 -0.438239
  0.055419 0.087221
  0.609796 -0.013777
  0.203682 0.149819
  0.242159 -0.106630
  -0.000000 0.000000
  0.141736 0.018287
  -0.000960 -0.088766
  0.113496 0.129038
  -0.000000 -0.000000
  -0.608554 -0.151430
  0.136839 0.163602
  0.000000 -0.000000
  0.157721 0.307084
  0.245228 0.230150
  -0.000000 0.000000
  0.184004 0.104205
  -0.127309 0.574056
  -0.000000 -0.000000
  -0.943700 -0.855722
  -0.363700 -0.694322
  0.173011 0.190878
  0.151022 -0.087221
  0.000000 -0.000000
  -0.000000 0.000000
  0.251468 0.009493
  -0.865904 0.150393
  -0.000000 0.000000
  0.216997 -0.096142
  -1.021962 -0.581819
  -0.026506 -0.594956
  -0.000000 0.000000
  -0.325358 -0.415818
  -0.000000 -0.000000
  0.051044 0.215760
  0.000000 -0.000000
  0.235174 0.213552
  0.037353 0.254148
  -0.728548 0.605070
  0.265765 0.072276
  -0.322514 -0.368294
  0.101215 0.117426
  -0.091242 -0.371032
  0.066689 0.069341
  -0.000000 -0.000000
  -0.452052 0.216570
  0.116567 0.203522
  -0.078259 0.249530
  0.162218 0.014055
  0.000000 -0.000000
  0.284266 -0.012873
  -1.076341 -0.305561
  0.554726 -0.238444
  -0.000000 -0.000000
  -0.000000 0.000000
Biases:
  0.140883 0.213817
Weight range: -1.873363 to 0.609796
Bias range: 0.140883 to 0.213817

