=== Artificial Neural Network Parameters ===

Number of layers (including input & output): 4
Layer sizes: (200, 100) (hidden), output=2

Activation function: relu

--- Layer 1 ---
Number of nodes: 200
Weights:
  -0.000843 0.325868 0.004201 0.024528 -0.141084 0.009164 -0.006532 0.124548 0.205188 0.180780 -0.051392 0.230664 0.028434 -0.005955 -0.009635 -0.195504 0.006723 0.185271 -0.061567 0.026111 0.093242 -0.481348 0.010621 0.037181 0.032972 0.129082 -0.010115 0.000287 0.088288 -0.496833 0.128295 -0.007634 -0.662167 0.197731 0.173580 0.146579 -0.000480 -0.849559 0.011515 0.011336 0.003556 -0.004507 -0.676053 0.253232 0.017289 0.006903 0.008642 -0.006832 -0.060080 0.009833 0.105908 0.003499 0.271082 0.206005 0.065649 0.079486 -0.410063 -0.452808 0.011213 0.028777 -0.000363 0.005773 0.200826 -0.161298 0.030223 0.036984 -0.591809 0.090518 -0.137543 0.088467 0.055702 -0.321489 -0.185318 0.146426 0.000000 0.133099 0.303837 -0.631691 0.126197 -0.070896 0.362708 0.105136 -0.077995 0.000601 -0.055024 0.052700 0.141935 0.131956 0.215817 0.025880 0.005882 0.199561 0.009062 0.079065 0.101702 0.005674 0.024756 0.000310 0.019428 0.024763 0.019835 -0.001856 -0.007579 0.003664 0.176606 0.006281 -0.117479 0.221215 0.012353 -1.026326 -0.011899 -0.000037 0.214889 0.220058 0.012655 0.127732 0.065352 -0.000247 0.201894 0.176668 0.045375 0.102578 0.035603 -0.243732 -0.000109 -0.055239 0.040710 0.196417 -0.141232 0.217501 -0.004057 0.062432 -0.198233 0.040712 0.339973 0.058784 0.019584 0.261290 -0.000000 0.124552 0.225505 -0.103178 0.134987 0.004520 0.000669 -0.004917 0.013655 -0.031709 -0.278819 0.079256 0.090860 -0.141153 -0.343729 -0.000772 0.313710 -0.004217 0.019741 0.132157 0.085596 0.197989 -0.000000 0.013182 0.083659 0.023927 -0.347479 -0.000465 -0.028029 -0.189695 -0.019073 0.014983 0.024193 -0.189930 0.010479 -0.548310 0.176629 -0.017069 0.147266 0.045707 0.289012 0.007839 0.019334 -0.042566 0.223589 0.179810 0.008211 0.163846 0.165927 -0.005128 0.003741 -0.010846 -0.176875 0.216005 0.126985 0.007054 -0.134875 -0.030854 0.236487 0.153926 0.107875 0.181168
  -0.119818 -0.378680 -0.333243 0.155965 -0.080159 -0.277337 -0.324817 0.066453 -0.413320 -0.170540 -0.040732 0.077279 0.214742 -0.243021 0.201042 -0.165243 -0.222686 0.175754 0.069362 0.195707 0.054787 0.218490 -0.157367 -0.373490 -0.139158 -0.153183 0.241149 0.093788 0.193294 0.051073 0.069112 -0.179237 -0.151124 -0.064765 -0.171441 0.023427 -0.238230 -0.344021 0.062897 -0.117310 0.279588 0.291992 0.423222 0.001976 -0.418615 0.230208 -0.600699 0.318910 0.469237 0.418276 -0.305934 -0.003763 0.390271 -0.147074 -0.205249 0.085658 0.029426 0.147679 -0.132621 -0.331527 -0.119169 0.371324 -0.390486 -0.025554 0.250657 0.035982 -0.011034 0.123893 -0.038837 -0.040389 0.274215 0.190090 0.208889 0.114864 0.000000 -0.008106 0.076509 0.024590 0.152738 0.057902 0.473563 -0.074158 -0.113646 -0.413695 -0.004078 -0.412001 -0.107342 -0.118685 -0.150393 0.190707 -0.718581 -0.405365 0.072057 -0.167711 -0.206993 0.036898 -0.001383 -0.083566 0.049704 -0.218331 -0.388581 0.112929 0.044874 -0.178487 -0.165316 0.317874 -0.013425 -0.241968 0.188801 -0.234272 -0.287575 -0.384753 -0.452982 0.189060 0.325684 0.151760 -0.196797 -0.110494 -0.100023 -0.165937 -0.016689 0.009498 -0.090508 -0.215266 0.266735 0.177968 0.154744 0.036375 -0.064863 -0.626278 -0.049727 0.023393 -0.191155 -0.727379 -0.368481 -0.420159 0.234705 0.017417 -0.000000 -0.228099 -0.057795 -0.162319 -0.276833 -0.361589 -0.372598 -0.025336 0.090456 -0.354465 -0.139009 0.015744 -0.041161 0.274095 0.117144 -0.363083 -0.385462 -0.039612 -0.688233 0.080724 0.218433 0.070253 -0.000000 0.072607 -0.184897 -0.074289 0.110910 -0.305979 0.339439 0.062000 -0.354064 -0.241375 -0.240967 -0.361130 -0.749370 0.216905 -0.329391 -0.150054 0.224202 -0.448026 0.283747 -0.247935 -0.361180 0.048737 0.130662 0.181827 0.054281 0.316895 -0.263096 -0.202180 0.242946 0.262791 0.254370 -0.160501 -0.057994 0.329415 0.064569 0.058320 0.142428 0.018967 0.143445 0.045114
  -0.395608 0.028072 -0.153725 0.052538 -0.174209 0.250700 0.025294 0.033902 0.030276 -0.270896 -0.016843 0.203468 0.303007 -0.008458 0.101327 -0.318558 -0.146210 -0.049789 0.010416 0.203883 0.168366 0.250579 -0.334979 0.122407 -0.322333 0.034586 -0.013814 0.242624 0.098277 -0.250805 -0.335659 0.146099 0.051925 -0.245645 -0.178679 0.078147 -0.167959 0.288543 0.186270 -0.390469 -0.259706 0.050087 -0.031094 0.039124 0.157393 0.240915 -0.125617 0.056232 0.097990 -0.235336 -0.040633 0.025224 -0.117420 0.199313 -0.245161 -0.088200 -0.322087 0.144035 -0.476248 -0.468617 -0.404642 0.128731 0.031818 -0.130183 -0.028250 -0.049659 -0.142210 0.223097 -0.115608 0.172628 -0.318288 0.293923 -0.092011 0.086856 0.000000 0.402090 -0.234170 -0.169896 0.328731 0.014733 0.243532 0.068691 -0.388156 0.055343 -0.004986 0.136076 -0.269447 -0.132131 0.200403 0.323820 -0.143053 0.021507 0.006432 -0.347240 -0.120856 -0.041909 0.056643 -0.154145 0.330719 0.398592 0.139369 -0.088942 -0.364318 0.270725 0.062454 -0.190261 0.113831 0.127046 0.389057 -0.111331 -0.201107 0.059628 0.025886 0.032606 -0.241534 -0.473218 -0.198982 0.100231 0.116923 -0.255802 -0.008251 -0.013012 0.223730 0.152505 0.421581 0.027906 -0.182436 -0.167090 -0.166193 0.232109 0.152814 0.588196 0.083918 -0.042406 0.021593 0.227620 0.369089 -0.008745 -0.000000 -0.270725 0.205556 -0.054985 -0.164241 0.023009 -0.009183 -0.190878 -0.345933 -0.248872 0.017499 0.466761 -0.007849 0.142648 0.227686 0.024032 0.163234 -0.065798 -0.141009 -0.102152 -0.154196 0.014297 0.000000 -0.146447 -0.270697 -0.273859 -0.176235 -0.214357 0.222353 -0.082079 0.468164 -0.141875 -0.132427 0.025722 -0.019279 0.185686 -0.236509 0.588757 -0.241476 0.134261 0.048319 -0.162994 0.095437 0.387700 -0.047940 -0.165362 0.211232 -0.134527 -0.158957 -0.235230 -0.036414 0.123060 -0.041974 0.100430 -0.133731 -0.192282 0.350926 0.026997 0.161911 -0.196167 -0.053077 -0.093990
  -0.062474 0.005181 -0.128575 -0.191632 -0.143245 0.065635 0.008433 0.023195 0.003189 0.036030 -0.017234 0.100711 0.021035 -0.278288 0.044744 0.154705 -0.221180 -0.087659 0.149212 0.062855 -0.099621 0.026990 0.016179 0.010037 0.037922 0.062592 0.017039 0.180385 -0.105248 -0.032547 0.006915 0.158930 0.194810 -0.031055 -0.053800 0.005295 -0.019482 -0.056503 -0.079647 0.068673 -0.046268 0.010716 -0.039998 -0.013366 -0.038669 0.170874 0.204596 0.014104 0.047702 0.021256 -0.003811 0.082036 -0.003207 0.053252 0.008820 -0.424892 -0.060337 0.100226 0.079489 0.005313 0.074643 0.185020 0.005851 -0.275236 -0.143601 -0.035787 -0.062292 0.017886 -0.036586 -0.002443 -0.257361 0.140766 -0.087640 -0.004516 -0.000000 0.228992 -0.252566 -0.075437 0.090754 0.073839 0.120778 -0.090779 -0.127362 -0.021240 0.022057 -0.019177 0.043228 -0.090476 0.046193 0.002751 0.009671 0.000952 -0.010706 -0.153157 -0.211543 0.101591 -0.361049 0.011029 -0.125010 0.087083 -0.037630 -0.225409 0.010470 -0.262239 -0.341814 0.021587 0.007822 0.145185 0.038594 -0.004585 0.159308 -0.025379 0.001449 -0.000560 0.024332 0.090890 0.116878 0.259772 -0.136749 0.033060 0.074293 -0.042837 -0.236392 0.148721 0.021646 0.150745 -0.242679 0.212097 -0.083155 0.037303 -0.438186 0.110356 0.093370 0.030085 0.002981 0.214379 0.020849 0.079985 -0.000000 0.001713 -0.039079 -0.087132 -0.056963 -0.001992 -0.180445 0.106844 -0.004102 0.073755 0.072701 0.015507 -0.040162 0.076882 0.140756 0.004441 -0.233538 0.157789 0.010075 0.017315 0.200936 0.101461 -0.000000 0.018524 -0.037517 0.043585 -0.162801 0.060108 -0.004138 0.112925 -0.074978 0.104815 -0.240745 0.072165 0.010710 -0.078545 0.163176 0.037250 0.038389 0.249169 0.005321 0.008473 0.011203 0.024189 -0.092017 -0.092308 -0.069033 0.055560 -0.056456 -0.168428 -0.032712 0.072558 -0.024118 0.014384 -0.006417 0.018080 -0.113312 0.170688 0.229849 -0.017446 0.048662 0.147070
Biases:
  0.152412 0.015125 -0.276456 0.063716 0.017156 0.364315 0.373711 0.170318 0.210089 -0.105413 0.113360 0.197103 -0.238866 0.251461 0.176747 0.023081 0.102277 -0.095082 -0.221141 -0.083284 0.122201 -0.357913 0.025774 -0.156601 -0.012506 0.245897 0.090821 -0.011201 0.202130 0.093977 -0.103274 -0.257857 -0.009516 -0.153658 -0.077499 -0.041991 0.302740 0.091404 0.278215 -0.054493 -0.425653 0.367870 -0.121683 0.344205 -0.138294 -0.045730 -0.558267 0.400999 0.071249 0.328125 -0.393967 0.099532 -0.045654 0.203159 -0.207529 -0.252401 -0.253664 -0.023465 -0.084520 -0.171582 -0.047570 -0.241127 0.187239 -0.120539 0.157136 0.071647 -0.129119 -0.226983 0.078286 0.137361 -0.130099 -0.140260 -0.026371 -0.071695 -0.162791 -0.209534 0.085499 0.110038 -0.246496 -0.044624 -0.094962 0.089203 -0.216150 -0.112550 0.001563 -0.208156 0.071619 -0.147023 -0.122907 -0.138120 0.076717 0.225805 0.095624 -0.012626 -0.000043 -0.450934 -0.277405 0.028476 -0.274528 0.047907 -0.134907 -0.260100 -0.191308 -0.032464 -0.018107 0.247529 0.171427 0.029417 -0.195006 -0.229667 0.142808 -0.105951 0.267603 -0.041312 0.247659 -0.032473 0.039164 0.257699 0.056154 -0.101502 0.051453 -0.045032 0.023315 0.155262 -0.089270 -0.235932 -0.155855 -0.157260 0.040184 0.122013 -0.175565 0.137626 0.217057 -0.001182 -0.015593 -0.211197 -0.236928 0.279076 -0.131110 0.032850 -0.020904 -0.068563 0.171210 0.431431 -0.289724 -0.343071 -0.347671 -0.026693 0.178750 0.120110 -0.045921 -0.071198 -0.091184 0.431766 -0.203223 -0.185481 0.049390 -0.195943 -0.444883 0.225187 -0.166697 0.047242 -0.177324 -0.075081 -0.092165 -0.055772 0.332157 -0.094418 -0.092413 -0.068579 0.103774 0.052985 0.059603 0.139694 -0.391318 -0.124874 0.004314 -0.388043 -0.009710 -0.031468 -0.186960 0.170153 -0.173139 -0.291294 0.310236 0.004734 0.112980 0.028290 -0.286619 0.219039 -0.066200 0.041442 -0.124753 0.253068 -0.124097 -0.270860 0.123659 -0.174174 0.156927 -0.197646
Weight range: -1.026326 to 0.588757
Bias range: -0.558267 to 0.431766

--- Layer 2 ---
Number of nodes: 100
Weights:
  -0.000000 -0.000000 0.201409 0.000000 0.283357 0.101518 0.241695 0.000000 -0.055482 -0.046431 0.141839 0.196280 0.161751 -0.085629 0.102666 0.000000 -0.061783 -0.000000 0.141922 -0.076300 0.000000 -0.011301 0.172476 0.090720 0.031621 0.029033 0.036588 0.079627 -0.007371 0.230172 -0.000000 0.260259 -0.000000 -0.000000 -0.100915 -0.010954 -0.571262 0.084961 -0.090079 -0.000000 -0.005914 0.258368 0.068870 -0.000000 0.088685 -0.000000 -0.109369 0.134540 0.156928 -0.000000 0.176084 -0.117491 0.095792 0.163843 0.000000 -0.079447 0.132653 -0.000000 0.021352 0.086717 0.097367 0.127201 0.057346 -0.000000 0.039784 -0.000000 -0.003549 -0.127652 -0.000000 -0.390651 -0.000000 -0.064485 -0.000000 -0.599143 0.197775 0.041553 -0.000000 -0.000000 -0.000000 0.080742 0.160705 -0.063656 0.011476 0.143228 0.062089 0.044115 0.037746 0.029567 0.178365 -1.415431 0.065090 0.060992 0.000628 0.179613 -0.675004 -0.000000 0.116792 -0.000000 -0.037196 -0.396668
  -0.000000 0.000000 -0.489507 0.000000 0.142100 -0.399196 -0.265086 0.000000 0.170978 -0.018235 0.086125 0.008092 0.021475 0.119824 0.153425 0.000000 0.016558 0.000000 -0.029032 0.014091 0.000000 0.203846 0.201196 0.169256 -0.117386 0.129753 0.023148 0.058791 0.067374 -0.232692 0.000000 -0.051845 -0.000000 -0.000000 0.096004 -0.109642 -0.086814 0.074305 -0.005926 0.000000 0.128927 -0.252728 -0.038428 -0.000000 0.026628 -0.000000 0.256232 -0.155187 0.158529 0.000000 0.081982 0.053505 0.167772 0.157761 0.000000 0.121000 0.021450 0.000000 0.220609 -0.028983 0.190940 -0.097829 0.043271 0.000000 -0.062663 -0.000000 0.211082 0.209715 -0.000000 0.636149 0.000000 0.167951 0.000000 0.106763 0.036097 0.045041 0.000000 -0.000000 0.000000 0.125790 0.154065 0.052597 0.167958 0.118092 -0.060381 0.045488 0.098389 -0.266455 0.013221 0.204321 0.049932 0.168075 0.074583 -0.195201 0.078391 0.000000 -0.324425 0.000000 -3.538004 0.117213
  -0.000000 -0.000000 -1.148994 -0.000000 -0.072320 -0.000000 -1.047595 -0.000000 0.308888 0.501071 0.040470 0.320720 0.142364 0.474079 0.178560 -0.000000 -0.045109 -0.000000 0.000101 0.073874 0.000000 0.395251 0.204869 0.355263 -0.151652 0.308589 0.361749 -0.002420 0.455244 -1.670051 0.000000 -3.740935 -0.000000 -0.000000 -0.140802 -0.017927 0.000000 0.149757 0.513933 -0.000000 0.375449 0.199776 0.000000 -0.000000 0.313274 -0.000000 -0.051319 -0.000000 0.318742 0.000000 0.485596 0.173485 -0.340026 0.109589 0.000000 0.403092 0.144772 -0.000000 0.209335 0.247887 0.322291 0.260431 0.181697 -0.000000 0.327747 -0.000000 0.200854 -0.213983 0.000000 -0.000000 0.000000 0.277161 0.000000 -2.980839 0.003862 -0.327745 -0.000000 -0.000000 -0.000000 0.342875 0.127076 0.271611 0.009976 0.199094 0.109861 -0.094485 0.166498 0.000000 0.083422 -1.572471 0.035396 -0.009329 -0.243446 -0.765343 0.000000 -0.000000 0.000000 -0.000000 0.000000 0.000000
  0.000000 0.000000 -0.045252 0.000000 -0.272437 0.089552 0.023285 0.000000 0.052555 0.069793 -0.127425 0.235007 0.052363 0.171292 -0.012478 0.000000 0.089965 0.000000 -0.113221 0.291320 -0.000000 -0.168581 0.157926 -0.081335 0.062923 0.032046 -0.035741 -0.028043 0.117563 0.177772 0.000000 0.192747 -0.000000 0.000000 0.099620 0.053622 0.060102 -0.001081 -0.177082 -0.000000 -0.127417 0.024562 -0.091351 -0.000000 0.080000 -0.000000 0.042834 0.004155 0.068726 -0.000000 0.019029 0.029722 0.094018 0.059822 -0.000000 0.047139 0.166170 -0.000000 0.029337 0.012551 0.138786 -0.108040 0.032080 0.000000 0.000332 -0.000000 0.092424 -0.407904 -0.000000 -0.123488 0.000000 -2.335374 0.000000 -0.645636 -0.228127 0.069394 -0.000000 -0.000000 -0.000000 0.090317 -0.058686 -0.060481 0.172978 -0.131958 0.101927 -0.123416 0.039039 -0.072451 0.068460 0.140352 -0.079804 -0.030931 -0.025944 0.085085 0.027707 0.000000 -0.000337 -0.000000 0.166188 0.083240
  -0.000000 -0.000000 -0.182512 0.000000 -0.165118 0.347829 0.216705 0.000000 -0.047801 0.039768 0.027568 -0.142751 -0.098361 -0.174137 -0.114585 0.000000 -0.228749 -0.000000 0.106716 0.149882 -0.000000 -0.210232 -0.136404 -0.139843 -0.355982 0.095930 -0.285585 -0.000600 -0.026502 0.134454 -0.000000 0.447648 -0.000000 0.000000 -0.036399 -0.171251 -0.285263 0.021983 -0.271670 0.000000 0.088978 0.009205 -0.819270 -0.000000 0.076503 -0.000000 -0.114009 0.108615 0.202671 0.000000 -0.114046 0.248472 0.082370 0.043430 -0.000000 -0.021915 0.038304 0.000000 -0.147425 0.044145 -0.084591 0.136913 -0.152806 0.000000 0.029926 -0.000000 0.138829 -0.013978 0.000000 0.062730 0.000000 0.001048 0.000000 -0.122021 -0.102973 0.047801 0.000000 -0.000000 0.000000 -0.115574 0.025509 -0.079314 -0.034822 -0.285641 0.163543 0.041106 0.054130 0.148972 -0.080578 0.075267 -0.238271 -0.112869 -0.232292 -0.274622 -0.701892 0.000000 -0.019263 -0.000000 -0.147074 0.031643
  -0.000000 -0.000000 -0.564554 -0.000000 0.099071 -0.190633 -0.355359 -0.000000 0.127774 0.268023 0.167596 0.105108 0.163404 -0.004823 0.104719 -0.000000 0.229618 -0.000000 -0.086662 0.011354 -0.000000 0.250067 0.003227 0.005200 0.124434 0.004985 -0.010861 0.142851 0.146370 -0.343314 -0.000000 0.034626 0.000000 -0.000000 -0.025193 -0.128244 -0.407510 0.059320 0.030930 -0.000000 0.174761 -0.415789 -0.105664 -0.000000 0.258169 -0.000000 0.327767 -0.215442 -0.131118 0.000000 0.289529 0.012124 0.147525 0.152899 -0.000000 -0.004842 0.095141 -0.000000 0.165285 0.130579 0.070363 -0.104033 0.214549 -0.000000 0.210654 -0.000000 0.096517 -0.074947 0.000000 0.067562 0.000000 -0.183533 0.000000 0.251842 -0.314050 -0.147426 -0.000000 -0.000000 0.000000 0.108216 0.088738 -0.014709 0.280655 0.128379 0.137415 -0.143015 0.073011 -0.282646 -0.014255 0.131722 0.313525 0.285220 0.264015 -0.551251 0.110604 0.000000 -0.214933 -0.000000 -1.546747 0.184845
  -0.000000 -0.000000 0.020096 -0.000000 -0.093580 -0.410892 -0.260100 0.000000 -0.020958 0.114485 0.214171 0.082283 0.047706 0.075381 0.047302 0.000000 0.290164 -0.000000 0.091378 0.109527 -0.000000 -0.099297 0.058642 0.174284 0.033113 0.114415 -0.026807 0.065411 -0.069901 -0.226762 0.000000 -0.020250 0.000000 0.000000 0.275103 -0.034878 -1.078005 -0.073357 0.117651 0.000000 0.016277 0.135944 -0.151947 0.000000 -0.057228 -0.000000 0.033358 -0.250956 0.129144 0.000000 -0.082462 0.020373 -0.028028 0.021756 -0.000000 0.125761 0.082088 -0.000000 0.014499 0.025582 0.091244 0.032833 0.169953 -0.000000 0.111692 -0.000000 -0.027266 0.172010 -0.000000 0.414625 -0.000000 0.037025 0.000000 0.198969 0.121819 -0.041869 -0.000000 -0.000000 -0.000000 0.093608 0.129431 0.181756 0.231720 0.053520 0.042665 0.060350 0.161661 -0.420257 0.051457 0.222958 0.036602 0.138614 0.227589 -0.373877 -0.407094 -0.000000 -0.781547 -0.000000 -3.364945 -0.114747
  -0.000000 -0.000000 0.090510 0.000000 0.219571 -0.117588 0.026332 -0.000000 -0.077524 -0.015726 0.126670 -0.195558 0.066365 -0.107626 -0.119667 0.000000 -0.085953 -0.000000 0.300180 -0.056760 -0.000000 -0.030108 -0.114622 -0.183354 0.132388 -0.165647 0.011505 0.272953 0.038542 0.044202 -0.000000 0.077910 -0.000000 -0.000000 -0.033614 0.182814 -0.007848 -0.075513 0.033027 -0.000000 0.202827 0.074347 0.016840 -0.000000 -0.115701 -0.000000 -0.122561 0.005302 0.079558 -0.000000 0.097093 0.003075 -0.082835 -0.097144 0.000000 -0.006708 0.107753 -0.000000 -0.176565 0.025207 -0.095601 0.098720 -0.145876 -0.000000 -0.029915 -0.000000 0.054797 0.041741 -0.000000 0.088112 -0.000000 -0.099268 0.000000 0.259950 0.121001 0.104766 0.000000 -0.000000 -0.000000 -0.024817 0.079611 0.118144 -0.020085 0.125841 0.117348 0.218337 0.046060 0.068827 -0.135042 0.080819 -0.041451 0.103027 0.114278 0.080275 0.024170 -0.000000 0.165429 -0.000000 -0.050896 -0.116717
  -0.000000 0.000000 -0.307281 -0.000000 0.012797 -0.142149 -0.159922 -0.000000 0.017800 -0.007574 0.119190 0.150520 0.015159 -0.035607 0.034286 0.000000 0.094420 -0.000000 0.107407 0.060177 -0.000000 -0.016850 0.103216 0.144586 -0.078983 0.113437 -0.006826 0.256751 0.175708 -0.214548 0.000000 -0.005418 0.000000 0.000000 0.169913 0.064850 -0.539521 0.024009 0.146055 -0.000000 -0.006278 -0.354674 -0.099982 -0.000000 0.204464 -0.000000 0.090419 -0.021425 0.147077 0.000000 0.002954 0.109090 0.208147 0.176753 0.000000 -0.036139 0.161495 -0.000000 0.202507 0.156486 0.173575 0.071967 -0.013289 0.000000 0.169877 -0.000000 -0.045896 0.047051 -0.000000 0.406739 0.000000 -0.115149 0.000000 0.265305 0.013363 0.041717 0.000000 -0.000000 -0.000000 0.124499 0.077930 0.188879 0.199361 0.094940 -0.007854 -0.071054 -0.079897 -0.205610 0.125051 0.281419 0.072736 0.141591 0.297832 -0.210423 -0.047273 0.000000 -0.264156 -0.000000 -3.638749 0.131611
  -0.000000 -0.000000 -0.005003 -0.000000 0.283985 -0.101407 0.047781 -0.000000 -0.058670 -0.155736 -0.123886 0.179722 0.235884 -0.067285 -0.013381 0.000000 0.142481 -0.000000 -0.022529 -0.044730 0.000000 -0.049058 0.078856 -0.156340 -0.184161 -0.048280 0.074446 -0.019126 0.107956 -0.284161 0.000000 -0.141260 0.000000 0.000000 -0.012884 0.116763 -0.419317 0.153768 0.090994 -0.000000 -0.168430 0.223114 0.055647 0.000000 -0.019857 -0.000000 0.001816 -0.115108 0.047053 -0.000000 -0.084553 -0.035249 0.110022 0.158700 0.000000 0.057312 0.116691 -0.000000 0.084898 0.188036 -0.175096 0.005637 -0.008759 -0.000000 0.083096 -0.000000 0.006383 0.172860 -0.000000 -0.289176 -0.000000 0.178293 -0.000000 0.041840 0.059910 0.277642 -0.000000 -0.000000 0.000000 0.087921 -0.141149 0.191797 -0.012404 0.030770 -0.119202 -0.120743 0.080127 -0.153732 0.061874 -0.008507 0.033659 -0.041916 -0.015362 -0.169607 -1.038290 0.000000 -0.288053 -0.000000 -0.060258 -0.565784
  -0.000000 -0.000000 0.141498 -0.000000 -0.077143 0.089121 -0.212068 0.000000 -0.158892 0.044960 0.221865 -0.168457 0.063066 -0.036396 0.018221 -0.000000 -0.019711 -0.000000 -0.135402 0.052865 0.000000 -0.045750 0.095104 -0.140664 -0.061487 -0.098091 0.050289 0.165246 -0.125375 0.078000 -0.000000 0.160056 -0.000000 0.000000 0.080532 -0.082672 -0.090652 -0.188764 -0.134879 -0.000000 0.025695 0.145067 -0.448701 -0.000000 0.101151 -0.000000 -0.135327 -0.025694 -0.005724 -0.000000 0.004124 -0.033707 -0.070368 0.096556 0.000000 0.023942 -0.020795 -0.000000 -0.009506 -0.044480 -0.153215 -0.056608 0.078537 -0.000000 -0.203333 -0.000000 -0.108108 -0.225665 -0.000000 -0.186980 0.000000 -0.167862 -0.000000 -0.005284 0.086306 0.180421 -0.000000 -0.000000 0.000000 0.026698 0.153626 -0.168717 0.120437 0.038780 -0.032586 0.018906 -0.135682 -0.013089 0.017476 0.021406 0.082007 0.176627 0.115387 0.057570 0.109086 0.000000 -0.087031 0.000000 -0.019295 0.072726
  -0.000000 -0.000000 0.051472 0.000000 0.112360 -0.019046 0.152773 0.000000 -0.114558 0.046865 0.130776 -0.123271 -0.070254 0.035816 -0.012706 -0.000000 0.053142 -0.000000 0.104679 0.044705 0.000000 0.084908 0.099284 -0.090348 0.111000 0.034843 0.090098 -0.054021 0.084345 0.004443 -0.000000 0.082986 0.000000 -0.000000 0.190849 0.203455 -0.074145 0.107769 -0.034693 0.000000 0.053552 -0.074741 0.039650 -0.000000 -0.078943 -0.000000 0.064195 0.135873 0.035467 0.000000 0.030678 0.033861 0.055771 0.099974 -0.000000 -0.187995 -0.093817 -0.000000 -0.051380 0.106179 -0.046318 0.062562 -0.110556 0.000000 0.060410 -0.000000 0.050272 -0.060559 0.000000 0.029769 0.000000 -0.852744 -0.000000 0.348233 -0.094138 0.325265 -0.000000 -0.000000 0.000000 -0.040619 0.107210 -0.051203 -0.096884 -0.004017 0.158529 0.194464 0.143663 0.189888 0.086681 0.119704 -0.051247 0.179715 0.123260 -0.072447 0.061854 -0.000000 0.168671 0.000000 0.040446 -0.013326
  -0.000000 -0.000000 -0.326046 -0.000000 0.126632 -0.021155 -0.094519 0.000000 0.212703 0.450606 -0.223707 0.330194 0.165306 0.270213 0.132661 -0.000000 0.405998 -0.000000 0.513559 -0.000000 0.000000 0.180198 0.141517 0.277975 0.197948 0.271939 0.200187 0.207949 0.246801 -0.348656 0.000000 -0.192688 0.000000 0.000000 0.122913 0.345833 -1.114517 0.323089 0.072891 -0.000000 0.419731 0.113319 0.107087 -0.000000 0.445288 -0.000000 0.189537 -0.368872 0.381378 -0.000000 -0.020974 0.472671 -0.612043 0.350261 0.000000 0.218944 0.295352 -0.000000 0.283150 0.360168 0.351320 0.472297 0.510862 -0.000000 0.239228 0.000000 0.339144 -0.000000 -0.000000 0.095295 -0.000000 -0.000000 -0.000000 0.248408 -0.279456 -1.994289 0.000000 0.000000 0.000000 0.217273 -0.211191 0.335383 0.326420 0.130435 0.169891 -0.341042 0.511268 -0.320342 0.361930 -1.258462 0.362477 0.264782 0.182888 -0.361542 -0.348269 -0.000000 -0.250465 -0.000000 -0.125940 -0.679405
  -0.000000 0.000000 -0.005123 -0.000000 0.106312 -0.579905 -0.393705 0.000000 -0.073123 0.045047 0.205930 0.110269 -0.000338 0.141754 0.163974 -0.000000 0.031734 -0.000000 -0.009797 -0.001079 0.000000 0.065774 0.042067 -0.044671 0.227625 0.152801 0.148839 -0.169901 0.036895 -0.227715 -0.000000 -0.019259 0.000000 0.000000 -0.128436 -0.019163 -0.008655 -0.073533 -0.125742 -0.000000 0.083041 0.351451 -0.091303 0.000000 0.147371 -0.000000 0.105519 -0.728481 0.039783 -0.000000 0.045311 0.195729 0.095206 0.127210 0.000000 -0.102402 0.142687 -0.000000 0.023722 -0.107522 -0.096916 -0.025531 -0.042468 -0.000000 -0.019274 -0.000000 -0.086693 -0.018797 -0.000000 -0.150198 0.000000 0.016222 0.000000 0.000698 0.056321 -0.072522 -0.000000 -0.000000 -0.000000 0.094195 0.103108 0.102067 0.248865 -0.060625 -0.069277 -0.024700 -0.008021 -0.385480 0.030518 0.050503 0.037165 0.014334 0.207835 -0.408192 -0.141590 -0.000000 -0.723149 -0.000000 0.089085 -0.273919
  -0.000000 -0.000000 0.036244 -0.000000 -0.159224 -0.020308 0.082109 -0.000000 0.113687 0.063648 0.060009 -0.103166 0.099316 -0.209206 -0.151125 0.000000 0.000093 -0.000000 -0.003759 0.043322 -0.000000 -0.161860 0.102572 -0.009094 0.084882 0.170105 -0.023458 0.017567 -0.011442 0.088854 0.000000 -0.010989 0.000000 -0.000000 0.225220 0.060926 0.000575 0.087912 0.047898 -0.000000 0.136420 -0.154485 0.086735 -0.000000 -0.016883 -0.000000 -0.045112 -0.017337 0.016902 -0.000000 -0.112458 0.256258 -0.183984 0.018918 0.000000 -0.115118 0.051702 0.000000 0.047087 0.081900 0.138401 0.218047 0.039923 0.000000 0.101788 -0.000000 0.042436 -0.966620 -0.000000 0.053296 -0.000000 -0.000786 0.000000 -0.544752 -0.065725 0.154060 -0.000000 -0.000000 -0.000000 0.093127 -0.019851 0.221757 0.125294 -0.021808 0.174064 0.189218 0.133089 0.198653 0.121523 -0.022381 0.007380 -0.046979 0.042077 -0.074181 0.037854 -0.000000 0.157963 0.000000 0.194048 -0.026953
  -0.000000 0.000000 -0.153048 0.000000 -0.200301 -0.217814 0.199626 -0.000000 0.042729 -0.053663 0.001424 0.066072 0.015852 -0.140959 -0.009521 0.000000 -0.153439 -0.000000 0.171855 0.035432 0.000000 -0.672980 0.012758 -0.052066 -0.051647 -0.033375 -0.217613 0.043126 -0.165359 0.081597 0.000000 0.383326 -0.000000 -0.000000 0.208183 0.089017 -0.025495 -0.053611 -0.185622 0.000000 -0.102935 -0.240461 0.071549 -0.000000 -0.107053 -0.000000 -0.253356 -0.000636 0.062039 -0.000000 -0.485331 -0.153143 0.078221 0.237382 -0.000000 0.014852 0.096374 -0.000000 -0.168689 0.022220 -0.032445 0.048902 -0.154648 -0.000000 -0.273950 -0.000000 0.028094 -0.030689 0.000000 -0.426410 -0.000000 0.320211 -0.000000 0.005640 -0.142103 0.102236 0.000000 -0.000000 -0.000000 -0.033785 -0.444423 0.140273 0.026875 -0.257593 0.077158 0.093001 -0.215585 0.225405 -0.067737 0.009568 -0.142563 -0.014180 -0.339802 0.026641 -0.331513 0.000000 -0.155609 -0.000000 -0.149974 -0.204023
  -0.000000 -0.000000 -0.140868 -0.000000 -0.167446 -1.325804 -0.395007 -0.000000 0.074485 -0.068057 -0.015199 -0.134668 -0.107831 0.129732 -0.064283 -0.000000 -0.006281 -0.000000 0.034048 0.002100 0.000000 0.236744 -0.033382 0.113555 0.546790 0.124987 -0.110456 0.041713 -0.012835 -0.130257 0.000000 0.083341 -0.000000 -0.000000 -0.101637 -0.016905 -0.358703 -0.014869 0.146111 0.000000 -0.057794 0.277784 0.259790 0.000000 -0.117849 -0.000000 0.114160 -1.545671 -0.048034 -0.000000 -0.001296 -0.119964 0.027833 -0.135669 0.000000 -0.002437 0.087762 0.000000 -0.081026 0.004589 0.029787 0.051347 -0.078623 0.000000 0.110286 -0.000000 -0.116104 0.031191 0.000000 -0.278405 0.000000 -0.091468 0.000000 -0.037008 0.139655 -0.043651 -0.000000 -0.000000 -0.000000 0.002244 0.044003 0.060077 -0.077632 -0.040794 -0.057815 -0.120925 -0.151103 -1.037835 -0.054618 -0.366115 0.017510 0.053275 -0.089351 -0.424167 -0.178157 -0.000000 -1.262641 -0.000000 0.041615 -0.776147
  0.000000 0.000000 0.049710 -0.000000 0.018070 0.096776 0.033746 -0.000000 -0.064178 -0.098875 -0.039597 0.165523 -0.006062 0.007171 -0.188355 -0.000000 0.176531 -0.000000 0.208430 -0.482363 0.000000 -0.028030 0.159145 -0.067874 0.162730 0.072621 -0.097473 -0.159969 0.072715 0.219786 0.000000 0.091838 -0.000000 0.000000 0.210785 0.164018 0.181778 0.026136 0.001491 -0.000000 -0.148467 0.087762 -0.447610 -0.000000 -0.007324 -0.000000 0.097971 0.070851 0.082017 0.000000 -0.084789 0.152535 0.070585 -0.040675 0.000000 -0.198749 0.033430 0.000000 0.186681 -0.130101 -0.099040 -0.070155 -0.024293 -0.000000 -0.256577 0.000000 0.027852 -0.177855 -0.000000 -0.004332 -0.000000 -0.311460 0.000000 -1.737533 0.081594 0.083829 -0.000000 0.000000 -0.000000 -0.044225 -0.503907 0.093029 0.135954 -0.051064 0.284416 -0.185802 0.147473 -0.084039 0.108546 0.097621 0.024347 0.264641 0.043221 0.084542 -0.040974 0.000000 -0.027235 0.000000 0.282139 -0.104726
  -0.000000 0.000000 0.298772 0.000000 -0.402345 0.149066 -0.021243 -0.000000 0.038451 0.016468 0.182537 0.020053 0.101823 -0.247929 -0.530704 0.000000 0.034727 -0.000000 -0.211835 0.043525 0.000000 -0.250529 0.118951 -0.038713 0.211626 0.175460 0.083734 0.028181 -0.031770 -0.093280 -0.000000 0.013246 -0.000000 -0.000000 0.122995 -0.012334 0.219022 -0.120202 -0.063641 -0.000000 -0.107737 -0.082150 0.074840 -0.000000 0.069388 -0.000000 0.078382 0.012054 0.080699 -0.000000 -0.125788 -0.131922 -0.030392 0.188891 -0.000000 -0.096292 0.008980 -0.000000 -0.152949 -0.175188 0.105144 -0.177691 0.150002 0.000000 -0.313615 -0.000000 0.086741 -0.213255 -0.000000 0.001133 0.000000 -0.296563 0.000000 -0.163071 0.092060 0.030211 -0.000000 -0.000000 0.000000 -0.079569 -0.108168 0.072638 -0.035237 -0.292934 -0.110187 -0.014759 -0.048437 -0.057575 0.014741 0.109212 -0.075213 0.046031 -0.023268 0.127300 0.357097 0.000000 -0.068782 -0.000000 0.164938 0.010077
  -0.000000 0.000000 -0.205740 -0.000000 -0.199217 -0.074565 0.145867 -0.000000 -0.050445 -0.104106 -0.166445 -0.100099 0.116952 0.109949 -0.001856 0.000000 0.083008 -0.000000 -0.050096 -0.374940 -0.000000 0.104864 0.099554 -0.082770 0.067146 0.149624 0.051299 0.073380 0.097632 -0.036367 0.000000 -0.030192 -0.000000 0.000000 -0.009062 -0.295643 0.150773 0.137931 0.100363 -0.000000 -0.071599 0.037647 0.085173 -0.000000 0.081651 -0.000000 -0.026608 -0.127334 0.028718 0.000000 0.115284 0.046404 -0.246603 0.024678 0.000000 -0.027226 0.105755 0.000000 -0.034373 0.155471 -0.118810 -0.016750 -0.038335 0.000000 0.120232 -0.000000 0.101643 0.027123 0.000000 -0.095494 -0.000000 -0.136183 0.000000 -0.054437 0.020698 -0.356443 0.000000 -0.000000 0.000000 0.168963 -0.149004 -0.009664 0.011780 0.065770 0.029635 0.163942 -0.046846 -0.003128 0.153134 0.135277 -0.147893 0.043366 -0.124925 -0.069470 0.064218 0.000000 0.046205 -0.000000 -0.032981 0.085154
  -0.000000 0.000000 -0.190193 0.000000 -0.109375 0.057928 -0.054948 -0.000000 -0.011148 -0.169152 0.066332 -0.174080 -0.120495 -0.127091 0.066125 -0.000000 0.124510 -0.000000 0.025185 -0.570887 -0.000000 -0.014847 -0.025421 -0.130515 0.042686 -0.104759 0.105102 0.139477 -0.035539 0.157969 -0.000000 0.137590 0.000000 -0.000000 0.031719 0.056421 0.051358 0.073212 -0.138581 -0.000000 -0.189833 -0.109561 -0.134947 -0.000000 -0.006188 -0.000000 0.042517 -0.052696 -0.069565 -0.000000 -0.159284 0.029332 -0.136726 -0.153193 0.000000 0.004276 -0.008494 -0.000000 -0.177408 0.055771 -0.136417 -0.121205 -0.035546 0.000000 -0.028041 -0.000000 -0.210161 0.039581 -0.000000 -0.034830 0.000000 -2.257915 -0.000000 0.053511 -0.426395 0.263803 0.000000 -0.000000 -0.000000 0.080831 0.084743 0.030801 -0.024474 -0.015880 0.141561 0.132984 -0.072373 0.014894 -0.056951 -0.164183 0.043680 0.227688 0.093501 0.145471 0.131279 0.000000 0.129368 -0.000000 -0.212923 0.034923
  -0.000000 0.000000 -0.025903 -0.000000 0.000000 0.413833 -0.287181 -0.000000 -0.245173 -0.271426 0.162913 -0.399839 -0.044306 -0.982952 0.000000 0.000000 -0.193494 -0.000000 -0.689212 -0.045574 -0.000000 -0.237996 -0.376337 -0.122929 -0.205924 -0.216792 -0.109061 -0.000000 -0.112499 -0.095186 0.000000 -0.046419 0.000000 0.000000 -0.943234 0.360112 -0.116655 -0.133289 -0.184436 -0.000000 -0.438969 0.192365 -0.145150 -0.000000 -0.175191 -0.000000 -0.175468 -0.000000 0.257158 -0.000000 -1.442980 -0.405154 -0.022102 -0.306879 -0.000000 -0.033397 0.006813 -0.000000 -0.030045 -0.248479 -0.300506 -0.538814 -0.200719 0.000000 -0.109819 -0.000000 0.233140 0.653408 0.000000 0.211632 0.000000 -0.010365 -0.000000 -0.010850 -0.778710 -0.187724 0.000000 -0.000000 0.000000 -0.097922 -0.349699 -0.376856 -0.118611 -0.315665 -0.042167 -0.125167 -0.346092 -0.158894 -0.143460 0.158884 -0.357412 -0.015934 -0.580393 -0.185092 -0.235764 0.000000 -0.363266 0.000000 -0.294075 0.063852
  -0.000000 -0.000000 0.083312 0.000000 0.234298 -0.000355 0.083149 0.000000 0.028642 0.000807 -0.336015 0.123608 -0.043362 0.103970 -0.016119 -0.000000 -0.015392 -0.000000 0.013868 0.124663 -0.000000 -0.015647 -0.051758 -0.149452 -0.059891 0.168644 -0.138540 0.028439 -0.050357 -0.335195 -0.000000 -0.115234 -0.000000 -0.000000 -0.154868 -0.161126 -0.470398 0.159186 0.081167 0.000000 -0.094022 0.225898 0.220715 -0.000000 0.066764 -0.000000 0.033149 -0.185826 0.168291 0.000000 0.084597 -0.319853 0.047887 -0.010748 -0.000000 -0.228554 0.134388 -0.000000 0.013592 0.171276 -0.067041 -0.007049 -0.058467 -0.000000 0.072572 -0.000000 0.071812 0.174192 0.000000 -0.067076 -0.000000 -0.085170 0.000000 -0.026272 0.168142 0.175289 0.000000 -0.000000 -0.000000 0.104513 0.005280 -0.030282 0.200754 0.091031 -0.194646 -0.147459 -0.061717 -0.074383 0.166290 -0.189880 -0.136470 0.179692 -0.027136 -0.173911 -2.284182 -0.000000 -0.354730 -0.000000 0.061737 -0.623943
  -0.000000 0.000000 -0.000000 -0.000000 -0.175802 -1.800247 -2.050309 -0.000000 -0.074895 -0.069235 -0.387236 0.003348 0.019602 -0.141939 -0.384569 0.000000 -0.423519 -0.000000 -0.411266 0.193327 -0.000000 -0.230920 0.042130 -0.007741 -0.042518 0.061547 0.109592 -0.157045 -0.162854 -1.630175 0.000000 0.015443 -0.000000 -0.000000 -0.338754 -0.197969 -0.000000 0.027235 0.036941 0.000000 0.101311 -2.133049 -0.115796 -0.000000 -0.030977 -0.000000 -0.485231 -2.805606 -0.134907 -0.000000 -0.076213 -0.271876 0.209574 -0.009835 -0.000000 -0.182444 0.037253 -0.000000 0.053418 0.035699 0.057072 -0.108484 0.025954 -0.000000 0.059631 -0.000000 -0.070942 -0.015671 -0.000000 -0.026471 -0.000000 0.428280 -0.000000 0.008184 0.324040 0.064403 0.000000 0.000000 -0.000000 0.044719 -0.269891 -0.023218 -0.497167 0.021764 -0.542220 0.125557 -0.132770 -0.103718 -0.201423 0.000300 -0.372124 -0.264349 -0.585358 -2.181831 0.117617 0.000000 -2.052870 0.000000 -0.000000 -1.119103
  -0.000000 -0.000000 0.082018 -0.000000 0.276498 0.093930 0.053436 0.000000 -0.031829 -0.141262 -0.265529 -0.025366 -0.064768 0.005953 0.134868 0.000000 0.032905 -0.000000 -0.044969 -0.078907 0.000000 0.113586 0.155504 -0.156768 -0.105708 0.104811 -0.000934 0.132968 0.178258 -0.207447 0.000000 -0.037607 0.000000 -0.000000 -0.071541 -0.021434 -0.552683 0.086930 0.174554 0.000000 -0.090513 0.170556 -0.003811 -0.000000 0.132310 -0.000000 0.115014 -0.091248 0.122262 -0.000000 0.043486 -0.085999 0.078430 0.083347 0.000000 -0.182133 0.101582 0.000000 0.114939 0.121161 -0.058644 -0.083422 0.012026 0.000000 -0.070885 -0.000000 0.096187 0.212076 0.000000 -0.336370 -0.000000 0.115115 0.000000 0.084922 0.152557 0.180681 0.000000 -0.000000 -0.000000 -0.006693 -0.064700 0.099949 0.042657 0.136555 -0.080106 0.024328 -0.046337 -0.216522 -0.065037 -0.064988 -0.142608 0.120588 0.125528 0.049153 -1.278501 -0.000000 -0.248829 0.000000 0.014228 -0.597653
  -0.000000 0.000000 0.028875 -0.000000 0.162461 0.255403 0.133670 -0.000000 0.125293 -0.121120 0.178662 -0.114019 0.172101 0.122384 0.167148 0.000000 -0.008286 -0.000000 -0.011722 -0.117425 -0.000000 -0.009165 -0.052460 -0.135589 0.030827 -0.057355 0.221978 0.084849 0.159330 0.226467 -0.000000 0.137487 -0.000000 -0.000000 0.007334 -0.040883 0.003203 -0.008495 0.036134 -0.000000 -0.155707 0.093330 -0.192099 0.000000 0.093410 -0.000000 0.013298 0.168892 -0.038918 -0.000000 0.094899 -0.040642 0.033001 0.034732 -0.000000 -0.013388 -0.024659 -0.000000 -0.095898 0.027100 -0.054953 0.066940 -0.141947 -0.000000 -0.028187 -0.000000 0.062005 0.134708 0.000000 0.083863 -0.000000 -0.081606 0.000000 0.337896 0.149598 0.120230 -0.000000 -0.000000 0.000000 0.026724 0.177975 0.129356 0.083068 0.015695 -0.060135 -0.005796 0.003448 0.182972 -0.101757 -0.042545 0.225018 0.016156 0.165824 0.231183 0.056260 0.000000 0.109340 0.000000 -0.245105 0.098207
  -0.000000 -0.000000 0.067336 -0.000000 -0.304716 -0.117567 -0.061643 -0.000000 0.161600 0.067304 -0.047835 -0.171240 -0.109041 0.080886 -0.374785 -0.000000 -0.011714 -0.000000 0.026613 -0.005882 0.000000 -0.257640 -0.108988 0.072493 0.193934 -0.079582 -0.173074 -0.143078 0.059388 0.082229 0.000000 -0.021854 -0.000000 -0.000000 -0.217237 -0.039296 0.114758 -0.185109 -0.215235 -0.000000 -0.157151 -0.043658 -0.122546 -0.000000 0.052130 -0.000000 0.026660 -0.028928 -0.058986 0.000000 -0.062324 -0.084660 0.674252 -0.225444 -0.000000 -0.226543 -0.115122 -0.000000 0.068171 0.062837 -0.024956 -0.055655 -0.166336 -0.000000 -0.107537 -0.000000 -0.040295 0.000001 -0.000000 0.035341 -0.000000 0.071434 0.000000 -1.653588 0.111567 0.042851 -0.000000 -0.000000 0.000000 -0.046664 -0.303918 -0.165517 0.072729 -0.213452 0.038659 0.104419 0.070936 -0.121192 -0.190741 -0.150794 0.043909 -0.017555 0.047877 -0.080059 -0.011651 -0.000000 -0.044430 0.000000 0.261606 -0.090628
  -0.000000 0.000000 0.320965 0.000000 0.167278 0.254064 0.172652 -0.000000 0.012324 0.162378 0.049332 0.143266 0.116058 0.063433 0.230529 -0.000000 0.005006 -0.000000 0.064832 0.135972 -0.000000 -0.027509 0.176840 -0.019343 -0.003317 0.194739 -0.051200 -0.080810 -0.027185 0.147832 -0.000000 0.209722 -0.000000 0.000000 0.008101 -0.011295 0.198524 0.133972 0.018337 0.000000 0.157803 -0.117530 0.098121 -0.000000 -0.067367 -0.000000 0.105890 0.024991 -0.003566 0.000000 -0.090243 0.158205 -0.168960 0.110698 -0.000000 -0.128960 -0.024845 -0.000000 0.026719 0.147733 -0.049195 0.045116 0.085359 -0.000000 0.007102 -0.000000 0.088263 0.055640 -0.000000 -0.190314 -0.000000 -0.642761 -0.000000 0.223623 0.107468 0.246399 0.000000 -0.000000 0.000000 0.213740 -0.040102 -0.006002 -0.125500 0.090928 0.150891 -0.064394 0.066192 0.002709 -0.061401 0.146610 -0.077032 -0.174958 0.036261 0.215185 0.192235 0.000000 0.240837 -0.000000 -0.297939 0.113083
  0.000000 0.000000 0.035806 0.000000 -0.246412 0.142240 -0.019777 -0.000000 0.012402 -0.120369 -0.036288 0.009570 -0.071221 0.172211 -0.278348 0.000000 0.020673 -0.000000 0.166900 -0.132496 -0.000000 -0.074804 0.093052 -0.011249 0.087997 -0.115997 0.076385 -0.112464 0.080144 0.066612 -0.000000 0.120824 0.000000 -0.000000 0.003038 0.020043 0.119787 -0.101819 0.044570 0.000000 -0.024720 -0.010579 -0.174356 -0.000000 -0.042783 -0.000000 0.278932 0.041793 0.036126 -0.000000 -0.058293 -0.053956 0.092427 0.079115 0.000000 -0.141815 -0.036574 -0.000000 0.021222 0.092518 0.147077 0.057033 -0.014692 -0.000000 -0.156636 -0.000000 -0.043091 -0.454244 0.000000 -0.036252 -0.000000 -2.089978 -0.000000 -0.492121 -0.183191 0.128876 -0.000000 -0.000000 0.000000 0.022763 -0.062338 0.057622 0.235893 -0.153922 0.212678 0.092616 0.122188 0.018803 0.030386 -0.011314 0.106114 0.066385 0.177910 0.105952 0.067082 0.000000 -0.087972 0.000000 0.067294 0.172956
  -0.000000 -0.000000 0.155205 -0.000000 -0.226869 -0.158711 -0.027453 -0.000000 -0.192100 -0.286237 -0.152077 -0.227224 -0.329413 -0.088198 -0.019756 -0.000000 -0.159701 -0.000000 -0.095014 0.139387 0.000000 -0.090709 0.041971 -0.101960 -0.353345 -0.293012 -0.513477 0.085990 -0.176741 -0.304547 0.000000 0.036485 0.000000 -0.000000 0.042903 -0.208460 -0.185226 -0.334948 -0.315775 -0.000000 0.037681 -0.003115 -0.101067 -0.000000 -0.139296 -0.000000 -0.214377 0.004814 -0.122382 -0.000000 -0.064082 -0.199457 0.123330 -0.168930 -0.000000 0.073273 0.067162 -0.000000 -0.355330 -0.308587 -0.219481 -0.180496 -0.175457 0.000000 -0.304573 -0.000000 -0.092452 -0.122872 0.000000 -0.135762 0.000000 -0.069984 -0.000000 -1.499056 -0.285717 0.073568 -0.000000 -0.000000 -0.000000 -0.402772 0.087332 -0.107739 -0.114817 -0.266192 -0.087343 0.227983 -0.294121 0.142005 -0.216518 -0.076895 -0.345742 -0.262350 -0.155270 -0.225853 -0.051700 -0.000000 0.103315 -0.000000 -0.381879 0.424029
  -0.000000 0.000000 0.135330 -0.000000 0.011298 -0.014128 0.037664 -0.000000 0.048866 -0.066710 0.050771 -0.008017 0.018322 -0.074049 0.027950 -0.000000 0.111730 -0.000000 0.068267 -0.058178 -0.000000 -0.109956 0.071590 0.157216 0.020735 0.100321 -0.067402 -0.143530 0.090994 -0.050595 0.000000 -0.134720 -0.000000 0.000000 -0.096731 0.279281 0.114080 0.121624 0.078554 0.000000 0.210427 0.160088 0.150673 -0.000000 0.028287 -0.000000 -0.045164 0.012787 0.115846 -0.000000 0.058820 0.103681 0.169103 0.000189 0.000000 -0.089586 0.045461 -0.000000 0.115388 0.125720 -0.014527 -0.066866 0.133868 -0.000000 0.140836 -0.000000 -0.138904 0.170884 0.000000 0.136895 -0.000000 0.155710 0.000000 -1.083945 0.166739 0.080551 -0.000000 -0.000000 0.000000 -0.089405 -0.012328 -0.083518 0.042661 0.101236 -0.008214 0.028832 -0.115120 0.078996 0.111359 -0.013215 0.160510 -0.021414 0.062308 0.196402 0.095041 -0.000000 -0.069597 -0.000000 0.199413 0.024416
  -0.000000 -0.000000 -0.032448 -0.000000 -0.409062 0.079164 0.059332 -0.000000 0.319523 0.093562 -0.171593 0.327633 0.058877 0.136770 -0.193288 -0.000000 -0.041570 -0.000000 -0.276066 -0.469637 -0.000000 -0.069137 0.224895 0.247345 -0.152179 0.244027 0.290871 -0.037020 0.151269 -0.134094 -0.000000 -0.030111 0.000000 0.000000 0.045181 -0.292427 0.154913 0.116351 -0.052813 0.000000 -0.001675 0.149559 -0.192550 -0.000000 0.272185 -0.000000 -0.284671 -0.190594 0.204150 0.000000 -0.171725 -0.246497 -0.117381 0.133905 -0.000000 -0.083352 0.196813 0.000000 0.326798 0.121322 0.195051 -0.073239 0.145261 -0.000000 -0.016805 -0.000000 0.107040 -0.246482 -0.000000 -0.107568 -0.000000 0.031917 -0.000000 -0.077280 0.047225 0.273250 0.000000 -0.000000 -0.000000 0.175143 0.000106 0.177239 -0.201115 -0.081181 -0.494143 -0.073314 0.027278 -0.159273 0.209146 0.143023 -0.188701 -0.111130 -0.190075 0.135393 0.124555 -0.000000 -0.093793 -0.000000 -0.274607 0.033452
  -0.000000 -0.000000 -0.131093 0.000000 -0.309992 -0.100921 -0.162357 0.000000 -0.533689 -0.610633 0.037306 -0.513565 -0.344702 -0.907444 0.380371 0.000000 -0.126432 -0.000000 -0.098078 -0.199520 -0.000000 -0.103504 -0.122716 -0.053646 -0.027891 -0.282699 -0.459688 0.300536 -0.537868 -0.338959 0.000000 -0.113394 -0.000000 0.000000 0.090032 -0.130596 -0.252471 -0.412714 -0.306840 -0.000000 -0.124782 0.006662 0.101302 -0.000000 -0.160011 -0.000000 -0.223417 -0.213884 -0.106987 0.000000 -0.068821 -0.381226 0.030702 -0.171472 -0.000000 -0.109079 0.009556 -0.000000 -0.569235 -0.612859 -0.590841 -0.267891 -0.159979 -0.000000 -0.044933 -0.000000 -0.059775 -0.007330 0.000000 0.115008 0.000000 -0.044156 -0.000000 -0.265488 0.005408 -0.012585 -0.000000 -0.000000 -0.000000 -0.468470 -0.094627 -0.441522 -0.094147 -0.470211 -0.079592 0.098361 -0.495065 0.010134 -0.622250 0.012080 0.000238 -0.266317 -0.286760 0.035269 -0.184099 -0.000000 -0.164318 -0.000000 -0.194857 -0.391287
  -0.000000 0.000000 0.079598 0.000000 0.331869 -0.145931 0.108812 0.000000 0.085430 0.041732 0.010034 0.220159 -0.062579 0.081886 0.159857 -0.000000 0.124847 -0.000000 0.006687 -0.047249 0.000000 0.200891 0.025617 -0.059092 -0.034360 0.129465 -0.166648 0.133050 -0.094842 0.072763 -0.000000 -0.084407 -0.000000 0.000000 -0.053297 -0.108120 -0.257114 0.165005 0.056164 -0.000000 0.020894 0.190714 0.076652 0.000000 -0.022380 -0.000000 0.077559 -0.070032 0.146047 0.000000 0.052094 0.081576 -0.005556 0.160866 -0.000000 0.054911 -0.070035 0.000000 0.011680 -0.031465 -0.162630 0.067189 0.024710 -0.000000 -0.003104 -0.000000 -0.081716 0.118058 -0.000000 -0.282860 -0.000000 0.079958 -0.000000 -0.566142 0.087645 0.078177 -0.000000 -0.000000 -0.000000 -0.011709 -0.161617 -0.060926 0.001325 0.119042 0.147975 0.057000 0.138496 -0.180583 -0.071611 -1.097440 -0.092709 0.054317 0.021454 -0.116081 -0.331809 0.000000 -0.125682 -0.000000 0.021157 -0.460428
  -0.000000 -0.000000 0.031541 -0.000000 0.195911 -0.028748 0.226072 -0.000000 -0.012757 -0.065620 0.010549 -0.090998 0.104956 0.062905 -0.009593 -0.000000 0.027053 -0.000000 -0.045499 -0.118597 -0.000000 0.110231 0.051421 -0.005056 -0.253760 0.015399 -0.041447 -0.134984 -0.042475 0.260096 0.000000 0.058935 -0.000000 0.000000 -0.092965 -0.080261 -0.558910 0.100262 0.058260 -0.000000 -0.012308 0.215489 0.138021 0.000000 -0.077049 -0.000000 -0.067648 0.003356 0.000509 0.000000 -0.072241 0.010931 0.112525 0.134094 0.000000 -0.172124 0.098184 -0.000000 0.018945 0.072724 -0.046435 -0.005378 0.055420 -0.000000 -0.007740 -0.000000 -0.046577 -0.018803 0.000000 -0.537598 0.000000 0.133107 -0.000000 -0.081714 0.116771 0.132431 -0.000000 -0.000000 0.000000 0.030666 0.058053 0.048967 0.015506 -0.117670 -0.100864 0.066171 -0.122032 0.055677 0.114654 -0.236920 -0.116514 0.118876 -0.052549 0.227226 -0.200243 0.000000 0.047921 -0.000000 -0.683637 -0.171155
  -0.000000 -0.000000 -0.095788 -0.000000 0.058904 -0.120779 0.141778 -0.000000 -0.023808 0.019428 -0.046839 -0.037971 -0.119016 -0.052459 0.169507 -0.000000 0.080554 -0.000000 0.136768 0.002207 0.000000 0.042804 0.069108 -0.046457 0.026271 -0.041479 0.047112 0.319571 -0.005552 -0.007402 -0.000000 0.135352 -0.000000 -0.000000 0.138641 0.099616 0.025122 0.069534 -0.065245 -0.000000 -0.077803 -0.131973 0.002242 -0.000000 -0.108026 -0.000000 -0.078349 0.074450 0.062149 0.000000 0.151423 -0.073673 -0.418127 0.098393 -0.000000 -0.096717 0.025607 0.000000 0.092274 0.156635 -0.028943 -0.006856 0.032901 -0.000000 -0.042562 -0.000000 -0.079357 -0.471882 -0.000000 0.075057 -0.000000 -2.542829 -0.000000 0.065625 -0.144187 -0.041732 -0.000000 -0.000000 0.000000 -0.012311 0.014673 -0.041433 0.032892 0.172197 0.155202 0.195317 -0.020057 0.154747 0.053473 0.114357 0.048678 -0.006617 0.030467 -0.048486 0.072172 0.000000 0.225545 -0.000000 -0.036102 0.011750
  -0.000000 0.000000 0.317843 -0.000000 0.164601 0.200078 0.250271 -0.000000 0.154466 -0.013510 0.086413 -0.088431 0.034527 -0.025864 -0.026727 -0.000000 0.201129 -0.000000 0.046654 0.160519 0.000000 0.087729 -0.052483 0.058351 -0.153813 0.102869 -0.032334 0.041033 0.085305 -0.023077 -0.000000 0.089471 0.000000 0.000000 0.017660 0.167952 -1.068364 0.075367 0.043266 0.000000 0.074210 0.085864 -0.056195 -0.000000 0.079049 -0.000000 0.134102 0.128680 0.171768 -0.000000 -0.107302 0.126163 0.032437 0.172012 -0.000000 -0.085144 0.165861 -0.000000 -0.051783 0.104678 0.018302 0.051447 -0.010250 0.000000 0.049973 -0.000000 -0.037677 0.143680 0.000000 -0.536370 -0.000000 0.082775 0.000000 0.054258 0.033573 0.148403 -0.000000 -0.000000 0.000000 0.047252 0.189704 -0.019566 0.281918 -0.162057 0.099546 -0.028589 -0.073794 -0.048623 0.036546 0.023704 0.009352 0.066254 0.085294 0.043693 -1.116265 0.000000 -0.159643 -0.000000 -0.951595 -0.294893
  -0.000000 -0.000000 0.931787 0.000000 0.179466 0.121230 -0.053344 -0.000000 -0.177500 -0.215132 0.145605 -0.730095 -0.298589 -0.194327 -0.030353 -0.000000 -0.587972 -0.000000 -0.630949 0.069219 -0.000000 -0.234338 -0.267249 -0.145509 0.113320 -0.302084 -0.133181 0.408787 -0.243208 0.189234 -0.000000 -0.098373 0.000000 0.000000 0.206088 0.023523 -0.301343 -0.351805 -0.129262 0.000000 -0.074037 -1.014936 -0.437714 -0.000000 -0.184109 -0.000000 -0.689347 0.371255 -0.196762 0.000000 -0.157417 0.342841 0.188533 -0.056287 0.000000 -0.029942 -0.219084 0.000000 -0.248863 -0.061771 -0.202164 0.137682 -0.043869 -0.000000 -0.068010 -0.000000 -0.018658 -0.025394 0.000000 -0.000000 -0.000000 -0.017875 -0.000000 0.053493 0.090455 0.168914 -0.000000 -0.000000 -0.000000 -0.306437 -0.262422 -0.253745 0.150020 -0.131949 0.047282 -0.150969 -0.494139 0.068064 -0.428032 -0.128862 -0.793517 0.038965 0.579875 -0.077442 -0.361479 -0.000000 -0.420406 0.000000 -0.581031 -0.009591
  0.000000 -0.000000 -0.156764 -0.000000 -0.054254 0.002953 -0.156073 0.000000 -0.152124 0.153958 0.046107 -0.018056 -0.219424 -0.087923 0.119511 0.000000 0.150221 -0.000000 0.198653 -0.668244 -0.000000 -0.024719 -0.146531 -0.096006 0.066084 -0.181858 0.012183 0.036550 -0.150179 0.103522 0.000000 0.164778 0.000000 -0.000000 0.078363 -0.020784 0.138548 -0.094057 -0.089076 -0.000000 0.093402 0.017613 -0.128468 -0.000000 -0.156767 -0.000000 0.185329 -0.080269 0.026218 -0.000000 0.115150 0.009202 0.105109 -0.154885 0.000000 -0.207587 -0.169806 0.000000 0.036103 0.032071 -0.022082 0.062958 -0.144493 -0.000000 -0.039711 -0.000000 -0.121246 -0.229576 0.000000 -0.019579 -0.000000 -2.523293 -0.000000 0.036707 -0.267647 0.223244 0.000000 -0.000000 -0.000000 0.041597 0.067062 -0.087668 0.159844 -0.040730 -0.070398 0.191284 -0.092742 0.086789 -0.214274 0.101280 0.109059 -0.053719 0.228155 -0.053047 0.095803 -0.000000 -0.069543 -0.000000 -0.109123 0.174292
  -0.000000 -0.000000 -0.034982 -0.000000 0.250669 -0.243546 0.054817 -0.000000 0.193796 0.089343 -0.073699 0.182610 0.146639 0.054889 0.003484 0.000000 0.120322 -0.000000 0.174894 0.000500 0.000000 0.136537 0.184736 0.150251 0.048295 0.065827 0.066016 -0.002446 0.215981 -0.155199 -0.000000 -0.679149 0.000000 -0.000000 0.020309 0.049547 -0.250647 0.135643 0.161445 0.000000 -0.020472 0.225632 0.252969 -0.000000 0.151323 -0.000000 0.122678 -0.169436 0.248371 0.000000 0.008911 -0.142003 -0.045941 0.239210 -0.000000 0.032798 0.128813 0.000000 0.034354 0.211152 0.103751 0.000893 -0.053434 0.000000 0.097081 -0.000000 0.309203 0.140407 0.000000 0.004834 -0.000000 0.168563 0.000000 -0.015804 -0.004835 0.034173 -0.000000 -0.000000 -0.000000 -0.059964 0.010662 0.063045 0.175565 0.217095 -0.006696 -0.233973 0.157064 -0.160886 0.203866 -0.188814 0.207287 0.166914 0.063715 -0.101854 -0.865489 0.000000 -0.346683 -0.000000 0.122833 -0.429357
  -0.000000 0.000000 -0.254236 -0.000000 0.623575 -0.622048 -0.340773 0.000000 0.480775 0.460025 0.165197 0.771487 0.702818 0.586854 0.722182 -0.000000 0.546113 -0.000000 0.105643 -0.340924 0.000000 0.386643 0.676673 0.488522 0.584001 0.640111 0.290202 0.392135 0.727518 -0.502473 -0.000000 0.043365 0.000000 0.000000 -0.334687 0.120495 -0.487788 0.622478 0.459900 0.000000 0.491782 0.109259 -1.101811 -0.000000 0.471937 -0.000000 0.564316 -0.165847 0.366827 0.000000 0.399045 -0.159294 0.168698 0.536474 -0.000000 0.373026 0.510752 -0.000000 0.632051 0.694937 0.626433 0.366557 0.438707 -0.000000 0.441992 0.000000 0.578262 -0.000000 0.000000 0.221867 0.000000 1.280896 -0.000000 -0.000000 -0.544133 -0.048719 0.000000 0.000000 -0.000000 0.368646 -0.458877 0.531201 0.551647 0.284162 -0.372670 -0.393842 0.496735 -0.541242 0.648655 -1.358599 0.339939 0.523941 0.580052 -0.600625 -0.441420 -0.000000 -0.170889 -0.000000 0.039119 -0.352500
  -0.000000 -0.000000 0.094515 -0.000000 0.007414 -0.107539 -0.057077 -0.000000 0.172897 0.290673 0.040570 0.106857 0.063464 0.151306 -0.068110 0.000000 0.021366 -0.000000 0.080326 -0.123795 -0.000000 0.209419 -0.103824 0.180118 0.084110 0.058423 0.117779 -0.081598 -0.021617 0.198030 0.000000 0.008400 -0.000000 -0.000000 0.136059 -0.043540 0.078980 -0.095813 0.137590 0.000000 0.179399 -0.046194 -0.025908 -0.000000 0.164011 -0.000000 0.110175 0.026520 0.053092 -0.000000 0.063618 -0.077655 -0.214818 0.079316 0.000000 0.032553 -0.054342 0.000000 0.052088 -0.020745 0.208171 -0.114040 0.144389 -0.000000 0.027657 -0.000000 -0.060033 -1.894922 -0.000000 0.019176 -0.000000 -0.184503 -0.000000 -0.946603 -0.085360 0.049691 0.000000 -0.000000 0.000000 0.174320 0.118647 0.121661 0.058334 0.236215 0.091302 0.135204 0.082965 -0.059358 0.153987 -0.120588 0.134916 0.110655 0.260626 0.153382 0.046842 0.000000 0.089340 -0.000000 0.012946 -0.006505
  -0.000000 0.000000 0.121573 0.000000 -0.629092 0.145102 0.252367 -0.000000 -0.263064 -0.494130 -0.032078 -0.370968 -0.407926 -0.202751 -0.067354 0.000000 -0.403318 -0.000000 -0.320196 -0.190836 -0.000000 0.134743 -0.263055 -0.130323 -0.451217 -0.466268 -0.511486 0.229994 -0.514428 0.086275 0.000000 -0.073175 0.000000 -0.000000 -0.806692 -0.384744 -0.018768 -0.235836 -0.193759 -0.000000 0.052849 -0.332899 0.211695 -0.000000 -0.033568 -0.000000 -0.345542 0.074280 -0.053644 -0.000000 0.159831 -0.141940 0.234096 -0.423363 0.000000 -0.136639 -0.320396 0.000000 -0.384018 -0.240338 -0.469533 -0.226939 -0.078547 -0.000000 0.011186 -0.000000 -0.241186 -0.329233 0.000000 0.012572 -0.000000 0.595763 -0.000000 0.000000 -0.102934 -0.026979 -0.000000 -0.000000 0.000000 -0.603248 -0.193113 -0.399803 -0.208010 -0.112632 -0.062931 0.204484 -0.206063 0.039377 -0.463204 -0.071316 -0.465710 -0.508997 -0.644467 -0.151262 -0.165658 -0.000000 0.219570 0.000000 -0.215580 0.042544
  -0.000000 -0.000000 0.112435 0.000000 0.079801 0.034435 0.079908 -0.000000 0.032451 -0.005812 0.183897 -0.033634 0.103839 0.053061 -0.022069 -0.000000 -0.010407 -0.000000 0.032805 -0.021382 -0.000000 0.028464 -0.079807 0.027076 0.107249 -0.010921 -0.093931 0.076702 -0.059026 0.065515 -0.000000 0.157785 -0.000000 -0.000000 0.185070 0.171677 -0.026735 0.005469 0.173898 -0.000000 -0.011983 0.070211 -0.170300 -0.000000 0.014083 -0.000000 -0.089436 0.058352 -0.020700 0.000000 0.174884 0.200553 -0.018847 -0.014296 -0.000000 -0.196999 -0.109345 0.000000 0.049771 -0.010332 -0.083141 -0.099333 -0.112844 0.000000 0.056229 -0.000000 0.015578 0.013973 0.000000 0.081721 -0.000000 -0.164018 -0.000000 0.305657 0.054921 0.370438 0.000000 -0.000000 0.000000 -0.153760 0.147913 -0.009259 -0.026319 -0.120777 0.063106 0.093812 -0.021820 0.286577 -0.019700 0.219096 -0.116052 0.089316 0.163303 0.073114 0.066068 -0.000000 0.132974 -0.000000 -0.046095 0.185045
  -0.000000 0.000000 -0.000000 -0.000000 -0.147903 -1.256138 -1.595631 -0.000000 -0.137889 -0.132307 -0.433145 -0.176869 -0.026175 -0.218669 -0.523774 -0.000000 -0.541239 -0.000000 -0.602173 -0.019049 -0.000000 -0.197488 0.049001 -0.105349 0.028019 -0.037513 0.101386 -0.284680 -0.064734 -1.002768 0.000000 -0.094073 0.000000 -0.000000 -0.555608 -0.279853 -0.000000 -0.001079 -0.143520 0.000000 -0.063443 -1.753244 0.001401 -0.000000 -0.192721 -0.000000 -0.532824 -1.534825 -0.136143 -0.000000 -0.115475 -0.370480 0.055474 -0.087168 0.000000 -0.185315 -0.113622 -0.000000 0.051766 0.059968 -0.009574 -0.166084 -0.200695 -0.000000 -0.163730 -0.000000 0.005822 0.177831 0.000000 0.249076 0.000000 0.298480 -0.000000 -0.010781 0.079830 0.017025 -0.000000 0.000000 0.000000 -0.113035 -0.240483 -0.116870 -0.457224 0.121543 -0.442555 0.212052 -0.199835 0.323148 -0.090056 0.113015 -0.481697 -0.427219 -0.732723 -1.370336 0.293153 -0.000000 -1.544278 0.000000 -0.000000 -0.359380
  -0.000000 -0.000000 -0.039358 -0.000000 -0.301424 -0.040299 0.028982 -0.000000 0.021035 0.002076 -0.105410 0.244008 0.207908 0.103060 -0.164858 0.000000 0.170495 -0.000000 -0.030256 -0.077498 0.000000 0.104946 0.123367 0.052899 0.131852 -0.017948 0.079257 -0.294754 0.076380 -0.068873 -0.000000 -0.129706 0.000000 0.000000 -0.160334 -0.230590 -0.026249 0.251043 0.039054 -0.000000 -0.086539 0.028336 0.216492 -0.000000 0.101121 -0.000000 -0.061687 -0.201214 0.042345 -0.000000 -0.013759 0.025291 -0.160137 0.117945 0.000000 0.030502 -0.004355 0.000000 0.018091 0.152879 0.007678 0.197597 0.000516 -0.000000 0.168542 -0.000000 0.150382 -0.312908 0.000000 -0.018239 0.000000 -0.821940 0.000000 -0.312690 -0.005008 -0.305708 0.000000 -0.000000 0.000000 0.079905 -0.320060 0.069004 0.085273 0.081442 0.044856 -0.116304 0.103016 -0.088572 0.252214 0.049164 -0.048327 0.023088 -0.209010 0.122661 0.080445 -0.000000 0.018135 0.000000 0.172153 0.039103
  -0.000000 -0.000000 -0.368470 0.000000 -0.178350 -0.119830 0.155060 0.000000 0.165613 0.144322 -0.855266 0.335052 0.197615 0.133610 -0.209608 0.000000 -0.250548 -0.000000 -0.694314 -0.131377 -0.000000 0.286200 0.217857 0.190730 -0.070056 0.251674 0.160661 0.081913 0.152789 -0.340930 0.000000 0.115135 -0.000000 -0.000000 -1.361106 -0.601327 0.305217 0.176074 0.167645 -0.000000 0.149827 -0.293270 0.042839 -0.000000 0.154102 -0.000000 -0.442847 -0.208129 0.064561 -0.000000 0.463029 -1.101849 -0.066951 0.111739 -0.000000 -0.030722 0.195978 0.000000 0.284723 0.161269 0.090814 -0.161736 0.210766 0.000000 0.145630 -0.000000 0.210758 -0.017158 -0.000000 -0.000000 0.000000 0.180175 0.000000 -0.189865 0.118203 -0.211704 0.000000 -0.000000 0.000000 0.082054 -0.306749 0.129954 -0.541556 0.301040 -1.053529 -0.135766 0.007531 -0.111156 0.052144 0.412448 -0.439089 -0.669661 -1.029987 -0.196389 -0.734980 -0.000000 -0.667265 -0.000000 0.425659 0.011725
  -0.000000 -0.000000 0.097664 -0.000000 0.210653 -0.019740 -0.007703 -0.000000 0.122501 0.306505 0.070050 0.151937 0.063848 0.238184 0.060893 -0.000000 -0.040742 -0.000000 -0.044493 -0.057092 -0.000000 0.070084 0.143472 0.115055 0.088824 0.101839 0.049794 -0.114500 -0.040696 0.207148 0.000000 -0.050486 0.000000 -0.000000 0.073919 0.083944 0.075425 0.007164 -0.030693 -0.000000 0.297541 -0.037904 0.070360 -0.000000 0.125073 -0.000000 0.119352 0.041191 0.211189 0.000000 0.032508 0.152068 -0.370816 0.132898 0.000000 0.090435 0.114307 -0.000000 0.067507 0.041454 0.284829 0.182314 0.349756 -0.000000 0.243916 -0.000000 -0.001482 -1.809347 -0.000000 0.034669 0.000000 0.063085 -0.000000 -0.780343 -0.123475 -0.112774 0.000000 -0.000000 0.000000 -0.014613 0.167057 0.049084 0.138984 0.015719 -0.053803 0.107234 0.020876 0.054297 0.208522 -0.125792 0.131281 0.120038 0.329304 0.176552 0.035026 0.000000 0.069779 0.000000 0.172066 -0.052346
  -0.000000 -0.000000 0.011957 0.000000 -0.316004 -0.084070 -0.031505 0.000000 0.115062 -0.008930 -0.066600 0.118557 0.199365 0.027276 -0.466732 -0.000000 -0.049700 -0.000000 0.282741 0.039804 0.000000 -0.212143 0.124685 0.092033 0.124110 0.042891 0.162668 -0.364691 0.038680 0.076195 0.000000 -0.028059 0.000000 -0.000000 0.134035 0.158672 0.142232 0.130344 -0.073379 0.000000 -0.026927 -0.133017 -0.080598 -0.000000 0.123311 -0.000000 -0.046832 -0.024094 0.038080 -0.000000 -0.288713 0.290673 0.192633 0.108623 -0.000000 0.022578 -0.038529 -0.000000 -0.034248 0.131161 0.054806 0.140250 -0.098602 -0.000000 -0.005363 -0.000000 0.075845 0.000003 0.000000 0.037879 -0.000000 -0.225882 0.000000 -0.253278 0.006301 -0.067131 0.000000 -0.000000 -0.000000 0.049153 -0.328483 0.145110 -0.024015 0.068216 0.201220 0.136125 0.157908 0.127893 0.180583 -0.075294 0.096969 0.088039 0.043080 -0.046303 0.048726 -0.000000 0.113833 -0.000000 0.255484 0.014944
  -0.000000 0.000000 0.111904 -0.000000 -0.179889 0.057193 -0.056773 0.000000 0.130313 0.047757 0.078876 0.192650 0.090776 0.201559 0.003929 -0.000000 0.182909 -0.000000 0.040473 0.051902 -0.000000 0.117951 -0.065063 0.232991 0.138822 0.070606 0.142486 -0.022906 0.043132 0.155831 -0.000000 -0.166428 -0.000000 0.000000 0.023457 0.144026 0.055778 -0.011336 -0.107542 -0.000000 0.076893 0.056978 -0.206159 -0.000000 0.341460 -0.000000 0.116089 0.008973 0.115683 0.000000 -0.097009 -0.044005 0.063890 0.077404 -0.000000 0.088186 -0.017475 -0.000000 0.133994 0.145150 0.158519 0.188799 0.150596 0.000000 -0.002403 -0.000000 0.151685 -0.697938 0.000000 0.016795 0.000000 -0.088989 0.000000 -3.947551 0.003079 0.091315 -0.000000 -0.000000 0.000000 0.195453 0.007147 -0.085191 0.355438 -0.144395 -0.013096 -0.262244 0.099772 0.077924 0.104964 -0.033984 -0.003401 0.038136 0.175995 0.087763 -0.010188 0.000000 -0.102304 0.000000 0.103595 -0.142372
  -0.000000 -0.000000 -0.000000 0.000000 -0.222540 -0.000000 -0.000000 -0.000000 0.384106 0.236823 -1.937106 0.403713 0.392075 0.361643 -0.056966 0.000000 -0.126542 -0.000000 -0.263878 -0.038232 -0.000000 0.283776 0.371320 0.161737 -0.000000 0.218171 0.520057 -0.124969 0.370418 -0.000000 0.000000 -1.458496 0.000000 -0.000000 -0.536844 -0.168726 -0.000000 0.266119 0.192232 0.000000 0.345199 -0.222443 0.000000 -0.000000 0.338889 -0.000000 -0.178185 -0.000000 0.340631 0.000000 0.138969 -0.237016 -0.194374 0.223175 0.000000 0.374520 0.267463 -0.000000 0.429365 0.340706 0.335147 0.141094 0.267950 0.000000 0.182296 -0.000000 0.262830 -0.175321 -0.000000 -0.000000 0.000000 0.152505 -0.000000 -1.375788 -0.033588 -0.363655 -0.000000 -0.000000 0.000000 0.310131 -0.491933 0.369871 -0.176354 0.289149 -0.367786 -0.063116 0.387662 -0.453159 0.264574 -0.381317 -0.064346 0.023386 -1.224700 -0.000000 0.000000 0.000000 0.000000 0.000000 -0.000000 0.000000
  -0.000000 0.000000 0.081060 0.000000 -0.020664 0.036214 0.086231 -0.000000 -0.103245 0.080220 0.152114 -0.025449 0.155672 -0.010317 -0.031088 0.000000 0.158409 -0.000000 0.121650 0.129484 -0.000000 0.018471 -0.130177 0.096141 0.141785 0.104073 0.086168 0.011152 -0.090689 0.050277 -0.000000 0.143366 -0.000000 -0.000000 -0.029975 -0.012394 -0.001611 0.172415 0.170145 0.000000 -0.105481 0.055610 -0.132019 -0.000000 0.041062 -0.000000 0.118296 0.118839 0.079727 0.000000 0.183475 0.103916 -0.113660 -0.095427 -0.000000 -0.221674 0.102616 0.000000 -0.115866 0.140182 -0.150925 -0.056718 -0.116531 -0.000000 0.065259 -0.000000 0.010072 0.186324 -0.000000 0.073818 -0.000000 -0.181815 -0.000000 0.389884 0.028468 0.197533 0.000000 -0.000000 -0.000000 -0.072032 0.169133 -0.050246 -0.015719 0.180185 -0.099620 0.150199 0.129325 0.039903 -0.092368 -0.043296 0.101257 0.123420 0.170715 0.179362 0.069859 -0.000000 0.126077 0.000000 -0.085014 -0.093262
  0.000000 -0.000000 0.072748 0.000000 0.021142 0.203818 -0.024810 -0.000000 0.207713 0.030469 -0.055159 0.000708 0.038720 0.175901 0.203997 0.000000 0.080988 -0.000000 0.087390 -0.055040 0.000000 0.113778 0.089652 0.134781 0.182837 0.166411 0.072113 0.190034 0.186668 0.098273 0.000000 -0.038771 0.000000 -0.000000 -0.075084 0.191771 0.088843 0.146560 0.194356 0.000000 0.255019 0.015897 0.019216 -0.000000 0.250479 -0.000000 0.151147 0.052543 0.108867 -0.000000 0.066632 0.039653 -0.141230 -0.126480 -0.000000 0.099164 0.123241 0.000000 0.295354 -0.013176 0.084213 0.226520 0.074481 0.000000 0.167428 0.000000 0.147309 -2.363844 -0.000000 0.104276 -0.000000 0.314281 -0.000000 -3.213921 0.003778 -0.078592 -0.000000 0.000000 0.000000 0.112755 -0.123424 0.085559 0.276550 0.158867 -0.003694 -0.108100 0.194113 -0.025501 0.184601 0.065945 0.074185 0.156920 0.329525 0.057947 0.054911 0.000000 0.026264 -0.000000 0.241768 -0.018582
  -0.000000 -0.000000 0.176082 0.000000 0.014252 0.149552 0.010230 -0.000000 0.058126 0.132357 0.137961 0.030495 0.094233 -0.021138 0.002181 0.000000 0.204402 -0.000000 0.195524 -0.170909 0.000000 0.015159 0.044412 -0.022831 0.070188 -0.037834 0.226471 0.067973 0.040396 0.054414 -0.000000 0.101335 -0.000000 -0.000000 0.038177 0.171133 -0.016672 -0.032530 -0.020184 -0.000000 -0.066908 -0.080523 0.009061 -0.000000 0.001504 -0.000000 0.115018 0.122068 0.035092 0.000000 -0.132637 0.052073 -0.143356 0.059410 0.000000 0.107546 0.061821 -0.000000 0.174336 0.091444 -0.089223 -0.034182 -0.045442 -0.000000 -0.014232 -0.000000 0.003828 -0.039517 -0.000000 0.049141 0.000000 -0.180014 0.000000 0.316315 -0.116134 0.013584 0.000000 -0.000000 0.000000 0.169218 0.144685 0.044073 0.012379 -0.096663 -0.028452 0.059389 0.031383 0.146836 -0.044618 0.103519 0.037949 0.111168 0.257185 0.202258 0.110953 -0.000000 0.106353 -0.000000 -0.090469 0.175298
  -0.000000 0.000000 -0.720784 0.000000 -0.302860 0.032648 0.371455 -0.000000 -0.103174 -0.022947 -0.014994 -0.112308 0.056794 -0.126893 -0.211382 -0.000000 -0.139492 0.000000 -0.032434 -0.060564 0.000000 -0.325664 -0.208020 -0.229871 -0.265309 -0.163528 -0.049573 -0.103606 -0.145808 -0.237946 0.000000 -0.256927 0.000000 -0.000000 0.180084 -0.104457 0.181917 -0.185513 -0.449729 -0.000000 -0.326508 0.079633 0.389565 0.000000 -0.117992 -0.000000 -0.029511 -0.026790 -0.132138 0.000000 -0.306729 -0.003427 0.043732 -0.089181 0.000000 -0.298025 -0.022886 -0.000000 -0.231236 -0.062977 -0.174793 -0.004244 -0.040758 -0.000000 -0.265876 -0.000000 -0.036765 0.081151 0.000000 0.000000 0.000000 0.323038 0.000000 -0.139925 0.167985 0.363963 0.000000 -0.000000 0.000000 -0.204274 -0.982254 -0.025801 -0.084801 -0.433611 -0.177824 0.113382 -0.030408 0.557303 -0.085599 0.071080 -0.130220 -0.137254 -0.594684 -0.023478 0.000000 -0.000000 -0.331676 -0.000000 -0.193661 0.288273
  0.000000 -0.000000 0.255724 -0.000000 -0.187791 0.263572 0.141074 0.000000 0.052794 0.068408 -0.290455 0.014008 -0.060792 0.082406 0.084074 -0.000000 -0.000919 -0.000000 0.096365 -0.332636 -0.000000 -0.219974 -0.085592 -0.003346 -0.050892 -0.023378 -0.500988 0.174194 -0.191768 0.394164 0.000000 0.383653 0.000000 -0.000000 -0.058267 -0.108381 0.248327 -0.040087 -0.134462 0.000000 -0.058896 0.158787 0.467823 0.000000 0.079486 -0.000000 -0.043775 0.207530 -0.263706 -0.000000 -0.190628 0.167019 -0.092288 -0.305290 0.000000 -0.032908 -0.206537 -0.000000 -0.048229 -0.020066 -0.037987 -0.148670 0.002267 0.000000 -0.227251 0.000000 -0.117170 -0.082049 -0.000000 -0.458731 0.000000 -0.230189 -0.000000 -0.000007 -0.007106 0.317754 0.000000 -0.000000 -0.000000 0.009381 0.061695 -0.018641 0.065447 -0.186915 0.196330 0.202971 -0.107241 0.095136 -0.239984 -0.558404 0.023681 -0.184334 0.032031 0.274041 0.076744 -0.000000 0.224058 -0.000000 0.165615 0.142627
  -0.000000 0.000000 -0.043037 0.000000 -0.181476 0.010787 0.023462 0.000000 0.049759 -0.227092 -0.035414 0.063632 -0.129325 -0.212660 -0.253427 0.000000 -0.072127 -0.000000 0.098531 0.100301 -0.000000 -0.318575 0.062489 -0.006052 -0.530013 -0.163959 -0.016726 0.149904 -0.033016 0.238201 -0.000000 -0.124701 0.000000 -0.000000 0.467090 -0.271734 0.347065 -0.000293 -0.532264 -0.000000 0.084923 -0.066638 -0.211296 -0.000000 -0.067497 -0.000000 -0.028161 0.204865 0.110009 0.000000 -0.445778 -0.793861 -0.156574 -0.019719 -0.000000 -0.049279 -0.072204 -0.000000 -0.199668 -0.055676 -0.055875 -0.026896 -0.064589 0.000000 -0.226361 -0.000000 -0.003766 0.256996 -0.000000 -0.265380 -0.000000 -0.136612 -0.000000 -0.000000 -0.354429 0.034550 0.000000 -0.000000 0.000000 -0.153636 0.341124 -0.093736 0.092229 -0.381244 -0.238006 -0.141831 -0.126413 0.213651 0.053041 0.142609 -0.065792 -0.082520 -0.016906 -0.178246 -0.669971 0.000000 0.212086 -0.000000 -0.040749 0.021250
  -0.000000 0.000000 -0.118270 -0.000000 -1.244274 -0.184296 -0.120516 0.000000 0.104117 0.140061 0.015676 -0.184642 0.000807 -0.256233 -0.260204 -0.000000 -0.159660 0.000000 -0.378090 -0.370870 0.000000 -0.103922 0.045768 -0.053401 -0.165429 -0.174647 0.103591 -1.701442 0.112516 -0.106376 -0.000000 -0.257683 0.000000 -0.000000 -0.245222 -0.106472 -0.039922 -0.203054 -0.162415 0.000000 -0.266339 -0.049427 -0.232180 -0.000000 -0.037668 -0.000000 -0.011803 -0.570949 0.261733 -0.000000 -0.211945 -0.015368 0.043932 -0.122779 -0.000000 -0.115679 0.066501 0.000000 0.136627 -0.069947 -0.063218 -0.197390 -0.152699 -0.000000 -0.030646 -0.000000 0.076061 0.379256 0.000000 -0.159756 -0.000000 -0.095092 0.000000 -0.247903 -0.276350 -0.032704 0.000000 -0.000000 0.000000 -0.103558 0.181497 -0.024204 -0.009380 -0.017449 0.095576 0.192903 0.099280 0.018471 0.068492 -0.148164 0.106508 -0.083471 -0.234860 -0.764712 -0.147801 -0.000000 0.013567 -0.000000 -0.364377 -0.503065
  -0.000000 -0.000000 -0.135400 -0.000000 0.010858 -0.096154 -0.001205 -0.000000 0.027495 0.040699 -0.037492 -0.007841 -0.042837 0.194290 -0.030154 -0.000000 0.048103 -0.000000 0.203667 0.100040 -0.000000 0.053792 0.251151 0.142384 0.133012 0.180708 -0.080467 -0.086254 0.147237 -0.334741 0.000000 -0.988598 -0.000000 0.000000 0.098772 0.018507 -0.515196 0.107002 -0.043920 0.000000 0.160431 0.223203 -0.115398 -0.000000 0.149217 -0.000000 0.015849 -0.213227 0.160772 -0.000000 -0.096300 0.113096 0.139537 0.231466 -0.000000 -0.106673 0.165242 -0.000000 0.190043 0.130420 -0.002729 0.175696 0.141677 -0.000000 0.072890 -0.000000 0.100074 -0.005010 0.000000 0.253807 -0.000000 0.012463 0.000000 -0.446933 0.135255 0.007535 -0.000000 -0.000000 0.000000 -0.041547 -0.152808 0.014122 0.021158 0.081885 0.128621 -0.004100 -0.023095 -0.222997 -0.002198 -0.384584 0.031138 0.217329 0.151070 -0.139459 -0.688862 0.000000 -0.390391 -0.000000 0.216050 -0.478429
  -0.000000 -0.000000 -0.235008 0.000000 -0.294176 0.010311 0.407855 0.000000 0.004219 -0.176524 0.287654 0.093089 -0.048711 -0.195600 -0.231315 -0.000000 -0.147510 -0.000000 -0.043980 -0.043024 0.000000 -0.663190 -0.110357 -0.147944 -0.348445 -0.138707 -0.136833 -0.249834 0.021274 -0.087783 -0.000000 -0.253110 -0.000000 -0.000000 0.258681 -0.094678 0.218811 0.093631 -0.487133 -0.000000 -0.221368 0.173684 0.394597 0.000000 -0.122118 -0.000000 -0.253996 0.229576 0.214045 -0.000000 -0.504332 0.090204 -0.036056 -0.082025 0.000000 -0.522452 0.035936 0.000000 -0.001132 0.196590 -0.136753 0.016629 -0.051286 0.000000 -0.604699 -0.000000 0.131332 0.209022 0.000000 0.000000 -0.000000 0.225196 -0.000000 0.024510 0.127941 0.233540 0.000000 -0.000000 0.000000 -0.221774 -1.123397 0.082915 0.009677 -0.306890 0.093381 -0.113049 -0.029102 0.682352 -0.062401 -0.163285 -0.055571 -0.151139 -0.596173 0.015247 0.000000 0.000000 -0.525777 0.000000 -1.028884 0.270144
  -0.000000 -0.000000 -0.027139 0.000000 0.082874 -0.158113 0.032400 -0.000000 0.067566 0.008719 0.002789 0.266281 0.096233 0.101507 0.091464 0.000000 0.107322 -0.000000 0.128757 0.115501 -0.000000 0.128188 0.306812 0.179164 0.056124 0.151237 -0.034077 0.188618 0.131249 -0.278085 0.000000 -0.532508 0.000000 0.000000 0.111978 0.255449 -0.578898 0.131034 0.073832 0.000000 0.124391 0.209191 0.087477 -0.000000 0.237151 -0.000000 0.163775 -0.121844 0.099181 -0.000000 0.123391 0.055515 0.089422 0.206808 -0.000000 -0.101959 0.271901 -0.000000 0.254915 0.277725 0.267312 0.109820 0.110275 0.000000 -0.022490 -0.000000 0.066363 -0.011295 -0.000000 -0.079430 -0.000000 0.033670 0.000000 -0.362042 0.035431 -0.067811 0.000000 -0.000000 0.000000 0.150791 -0.099170 0.231043 0.135142 0.103728 0.105016 -0.270717 0.169540 -0.069724 0.104123 -0.549725 -0.075676 0.276452 0.162117 -0.111429 -0.719689 0.000000 -0.192270 -0.000000 -0.088420 -0.401319
  -0.000000 -0.000000 0.127194 0.000000 -0.677507 -0.023753 -0.039026 -0.000000 0.160327 -0.074325 0.038270 0.179982 0.128747 -0.175487 -0.495215 0.000000 0.195131 -0.000000 0.225069 0.089417 0.000000 -0.214497 0.115243 0.115701 0.185353 0.126839 -0.004639 -0.460351 0.053276 0.244162 -0.000000 -0.146506 0.000000 -0.000000 -0.001551 0.137743 0.065323 0.266452 -0.156341 -0.000000 0.042920 -0.014074 0.167754 -0.000000 0.140684 -0.000000 0.116181 -0.049865 0.156800 0.000000 -0.102120 0.085277 0.230487 0.236324 -0.000000 -0.026640 0.128435 -0.000000 0.032259 0.159152 0.052273 0.116656 0.024083 0.000000 -0.145075 -0.000000 0.240646 0.089555 -0.000000 -0.076051 -0.000000 -0.378354 -0.000000 0.272100 -0.184574 -0.074197 0.000000 -0.000000 -0.000000 0.027273 -0.393234 0.119120 0.125052 -0.096041 0.106577 0.082871 0.226358 -0.067405 0.151557 -0.065316 -0.016565 0.084576 -0.055953 0.099986 0.069596 -0.000000 -0.032490 0.000000 0.173448 0.071854
  -0.000000 -0.000000 -0.357307 -0.000000 0.183635 -0.321625 -0.233495 -0.000000 0.088498 0.200778 0.102420 -0.003404 0.025917 0.117927 0.053505 0.000000 0.179308 -0.000000 0.215162 0.208479 0.000000 0.034424 -0.022077 0.022566 -0.101890 0.248828 0.235679 0.027296 0.230309 -0.211937 -0.000000 -0.025484 -0.000000 0.000000 0.052764 0.023951 -0.341676 0.183446 0.083120 -0.000000 0.133988 -0.265685 -0.216683 -0.000000 0.028941 -0.000000 0.252178 -0.030761 -0.047492 0.000000 0.176741 0.147204 0.019607 0.203799 -0.000000 0.062638 -0.027229 -0.000000 0.178098 0.085374 0.039571 -0.048906 0.139937 -0.000000 0.131746 -0.000000 0.008677 0.091759 -0.000000 0.508743 -0.000000 0.076060 0.000000 0.029189 -0.059490 0.114085 -0.000000 -0.000000 0.000000 0.147160 0.071524 -0.033323 0.074051 0.068229 0.025317 -0.073673 0.081466 -0.224373 0.198038 0.220835 0.263292 0.061197 0.115952 -0.177385 -0.010776 0.000000 -0.337211 -0.000000 -3.589556 0.125904
  0.000000 -0.000000 -0.582913 0.000000 0.005892 -0.382185 -0.095517 -0.000000 0.340611 0.142593 0.347392 0.227029 0.005587 0.286151 0.092522 0.000000 0.070281 -0.000000 -0.120214 0.225378 -0.000000 0.500644 0.090229 0.093264 -0.248356 -0.014655 0.315619 0.348037 0.090747 -0.725664 -0.000000 -0.051723 0.000000 -0.000000 0.089269 -0.202208 0.083160 -0.150032 0.557679 -0.000000 0.247477 0.208986 -0.406297 0.000000 0.049097 -0.000000 0.119166 0.042699 0.087079 0.000000 0.473119 -0.141957 -0.021710 0.076227 -0.000000 0.063974 0.155101 0.000000 0.120156 0.175990 0.352747 0.029086 0.064619 0.000000 0.168948 -0.000000 0.028593 -0.029822 -0.000000 -0.242569 0.000000 0.011080 -0.000000 -0.000000 -0.267241 -0.164758 0.000000 -0.000000 0.000000 0.046167 0.619358 -0.005542 0.147538 0.417925 -0.032438 -0.139519 0.158714 0.469365 0.048886 -0.028557 0.219331 0.042385 0.753547 -1.595419 -0.758439 -0.000000 0.069824 0.000000 0.212585 -0.139913
  0.000000 -0.000000 0.062065 -0.000000 -0.233781 -0.106523 -0.004290 0.000000 0.020461 0.011091 -0.085913 0.165672 -0.067350 0.202595 -0.143115 -0.000000 0.078749 -0.000000 -0.160813 -0.072686 -0.000000 -0.003895 0.050626 0.009736 0.133752 0.066736 -0.063408 -0.159134 0.155587 0.114694 -0.000000 0.110488 -0.000000 -0.000000 -0.250146 0.092587 -0.080492 -0.117364 -0.159216 -0.000000 0.022151 -0.043396 -0.298086 -0.000000 0.002242 -0.000000 0.110716 0.038773 -0.025824 -0.000000 -0.039941 -0.074241 0.125945 -0.011359 0.000000 0.105060 0.103886 -0.000000 0.041701 -0.104802 0.024845 -0.054884 0.143932 -0.000000 -0.078510 -0.000000 0.120395 -1.419408 0.000000 -0.060082 0.000000 -1.438133 0.000000 -1.029867 -0.252368 0.003084 0.000000 -0.000000 0.000000 0.043620 -0.124117 -0.153140 0.055443 -0.101695 -0.035484 -0.143146 -0.051213 0.136643 -0.008892 0.305099 -0.112833 0.110191 -0.001815 0.079184 0.043564 -0.000000 -0.105898 0.000000 0.015373 -0.000791
  0.000000 0.000000 0.092933 -0.000000 0.016231 0.173172 -0.009313 -0.000000 0.105105 0.224377 0.008699 0.115567 -0.193320 0.061308 -0.046997 0.000000 -0.099628 -0.000000 0.097965 -0.074107 -0.000000 0.023698 -0.049533 0.205035 0.172099 -0.030737 0.013807 0.012018 -0.018273 0.130350 -0.000000 -0.049508 -0.000000 -0.000000 0.054425 0.032964 0.091435 -0.103049 -0.057247 -0.000000 -0.052181 0.064828 -0.163333 -0.000000 0.060948 -0.000000 0.172989 0.062562 0.013813 0.000000 0.161178 -0.030108 0.097912 -0.084179 0.000000 0.006634 -0.146021 -0.000000 -0.038683 0.030475 0.230383 -0.029029 0.014226 0.000000 -0.037847 0.000000 0.052853 -0.340185 0.000000 -0.012725 -0.000000 -0.156671 -0.000000 -0.663209 -0.057636 0.088411 0.000000 -0.000000 0.000000 0.186493 0.064382 -0.091969 0.029174 -0.127768 0.077916 0.113108 -0.079734 0.065454 -0.059199 -0.118612 0.012963 0.052749 0.182832 0.276558 0.057906 0.000000 -0.107232 -0.000000 0.204603 -0.004944
  -0.000000 -0.000000 -0.254591 0.000000 -0.142119 -0.105607 0.011342 0.000000 -0.143443 -0.298379 -0.113767 -0.115307 -0.037393 -0.111044 -0.222313 -0.000000 -0.113360 -0.000000 0.074453 -0.049191 0.000000 -0.118213 -0.075821 0.065010 -0.823549 -0.038299 -0.069003 -0.179007 0.023339 -0.021591 -0.000000 -0.081096 -0.000000 0.000000 0.073101 -0.462508 0.470772 -0.168848 -0.426164 -0.000000 0.005593 -0.395803 -0.459226 -0.000000 -0.074635 -0.000000 -0.177489 0.201806 0.067051 0.000000 -0.169825 -1.060381 -0.210927 0.076352 0.000000 0.197159 0.019291 0.000000 -0.142893 -0.049813 -0.207972 0.018192 0.086510 -0.000000 -0.024837 -0.000000 0.060258 0.130759 0.000000 -0.067686 0.000000 -0.232238 0.000000 0.013735 -0.205085 -0.161475 0.000000 -0.000000 -0.000000 -0.309365 0.214851 -0.064347 0.025114 -0.323385 -0.457559 0.066845 -0.303685 -0.036084 -0.091552 0.052343 -0.294555 0.070799 -0.334670 -0.378847 -0.372384 0.000000 0.006294 0.000000 -0.108341 -0.016628
  -0.000000 -0.000000 -0.412725 -0.000000 0.109796 -0.129412 0.004892 0.000000 0.080485 0.260537 -0.345493 0.005842 0.044320 -0.017042 0.074291 0.000000 0.000498 -0.000000 0.165365 0.000000 0.000000 0.256676 -0.082940 0.255615 0.111974 -0.028471 -0.034130 0.207450 0.191987 -0.251664 -0.000000 -0.035804 -0.000000 0.000000 -0.140931 0.145916 -0.911361 0.084875 0.226898 -0.000000 0.279969 0.056837 0.426799 -0.000000 0.165008 -0.000000 0.016511 -0.107316 0.068962 0.000000 -0.035597 0.186305 -0.000000 0.066093 -0.000000 0.166047 0.013546 0.000000 0.206984 0.059267 0.138842 0.071414 0.218715 0.000000 0.207379 0.000000 0.032308 0.913687 -0.000000 0.054426 -0.000000 0.000000 -0.000000 -1.284926 -0.467192 -1.877015 -0.000000 0.000000 0.000000 0.109766 -0.107320 0.017609 0.219805 0.089524 0.221585 -0.067710 0.090172 0.108005 -0.007076 -0.770430 0.189204 0.014352 0.108067 -0.260225 -0.130956 -0.000000 0.010965 -0.000000 0.120963 -0.339875
  -0.000000 -0.000000 0.034392 -0.000000 -0.169257 -0.088462 -0.066381 0.000000 -0.102508 -0.086375 0.113885 -0.172025 -0.152638 -0.026517 -0.134796 -0.000000 -0.116981 -0.000000 0.230779 0.026467 -0.000000 -0.157601 0.001186 0.100740 -0.143234 0.092353 0.065791 -0.104389 -0.036125 -0.393990 -0.000000 0.051269 -0.000000 0.000000 0.041518 -0.090018 -0.503553 -0.033266 0.069223 0.000000 0.041092 0.021628 -0.439313 -0.000000 0.139327 -0.000000 -0.021982 -0.066367 -0.027508 -0.000000 -0.022386 0.148739 0.067926 -0.037355 -0.000000 -0.000049 -0.003148 -0.000000 -0.147091 -0.119777 -0.161666 -0.053054 -0.096911 0.000000 -0.071448 -0.000000 -0.069927 -0.191453 -0.000000 0.066033 0.000000 -0.253704 0.000000 -0.700732 -0.081141 -0.015194 0.000000 -0.000000 0.000000 -0.207927 0.063783 -0.025617 0.089097 0.105338 -0.005147 0.125075 -0.074869 -0.013838 -0.099103 -0.325263 -0.192031 -0.021670 0.163334 0.088719 0.049285 0.000000 -0.149158 -0.000000 -0.202446 0.584022
  -0.000000 -0.000000 -0.394331 0.000000 -0.130298 0.089528 -0.095567 0.000000 0.052586 0.094496 0.078178 0.025964 0.071442 -0.040532 0.064201 -0.000000 0.213342 -0.000000 0.063310 -0.073872 0.000000 0.068218 -0.047364 -0.051459 0.011192 -0.002152 0.170413 0.358856 0.144526 0.064043 0.000000 0.136595 0.000000 -0.000000 0.097960 0.001179 -0.226159 0.099318 -0.028929 -0.000000 0.027037 -0.118592 0.040536 -0.000000 0.033445 -0.000000 0.238652 0.072281 0.142707 -0.000000 0.221486 -0.082915 -0.073832 -0.072773 0.000000 0.016638 0.118871 0.000000 -0.027763 -0.065825 0.172908 -0.011154 -0.026562 -0.000000 0.033317 -0.000000 -0.000307 -0.152465 -0.000000 -0.050566 0.000000 -0.100661 -0.000000 0.281939 -0.738997 -0.147920 0.000000 -0.000000 0.000000 0.143790 0.118811 -0.028472 0.235051 -0.028334 -0.019120 0.065477 0.122233 0.039768 0.134789 0.096862 0.246307 0.124023 0.158850 -0.071910 0.141919 -0.000000 0.124826 -0.000000 -0.277515 -0.111488
  0.000000 -0.000000 0.038973 0.000000 0.083043 -0.065073 0.135854 -0.000000 0.148584 -0.109990 -0.069727 0.121463 0.049688 0.021929 0.007718 0.000000 0.120220 0.000000 0.079125 -0.005083 -0.000000 0.106030 0.169763 -0.028742 0.246679 0.056352 -0.105720 -0.123491 0.121370 0.182455 -0.000000 0.212012 -0.000000 -0.000000 0.291383 -0.054235 -0.072904 0.138958 -0.031359 0.000000 0.186963 0.190184 -1.120121 -0.000000 -0.026439 -0.000000 0.140635 0.040728 0.088496 -0.000000 -0.105836 0.010792 0.135409 0.060480 0.000000 -0.036150 -0.045190 -0.000000 0.122689 0.028932 0.079716 -0.050409 0.130687 -0.000000 0.120414 0.000000 -0.012382 -0.102409 -0.000000 0.053311 -0.000000 -0.017697 0.000000 -0.259980 0.163406 0.124089 0.000000 -0.000000 -0.000000 0.057168 -0.232412 -0.086824 -0.069559 -0.104766 0.176492 0.072488 0.149382 0.074209 -0.106853 -1.089044 0.145071 0.111825 0.093477 0.218554 -0.169481 0.000000 0.027317 -0.000000 0.202444 -0.102317
  -0.000000 0.000000 -0.407850 -0.000000 0.431844 0.120419 -0.095588 -0.000000 -0.032642 -0.159318 -0.051229 -0.245649 0.082525 -0.647173 0.297303 -0.000000 -0.013297 -0.000000 -0.312195 -0.353018 -0.000000 -0.159235 -0.225998 -0.114005 -0.146549 -0.212483 -0.323070 -0.323530 -0.049635 -0.165428 0.000000 0.043912 0.000000 -0.000000 -0.039606 -0.642449 -0.077958 0.107886 -0.254150 -0.000000 -0.358861 0.203364 -0.047561 -0.000000 -0.018628 -0.000000 -0.187793 0.017799 -0.120122 -0.000000 -0.228566 -0.384904 0.072162 0.005115 0.000000 -0.307505 -0.026668 -0.000000 -0.215624 -0.127856 -0.060638 -0.498070 -0.184542 -0.000000 -0.144678 -0.000000 -0.194521 0.406945 -0.000000 -0.207476 0.000000 0.297961 -0.000000 -0.258602 0.094348 -0.010450 -0.000000 -0.000000 -0.000000 -0.210745 0.033978 -0.222654 -0.279750 -0.094007 -0.066145 0.063424 -0.245228 0.091855 -0.143308 -0.071854 -0.055153 -0.113240 -0.496619 -0.123148 -0.006517 -0.000000 0.070461 -0.000000 0.096542 -0.191186
  -0.000000 -0.000000 0.059974 -0.000000 0.068282 -0.181063 -0.112575 -0.000000 -0.057420 -0.007840 -0.051174 0.092525 -0.220649 0.151893 0.594110 -0.000000 0.016894 -0.000000 -0.109674 0.176751 0.000000 0.135040 -0.105614 0.117887 -0.097012 -0.065791 -0.204995 0.170533 -0.005832 -0.144403 -0.000000 0.091308 0.000000 0.000000 -0.309195 -0.023707 -0.170426 0.039381 0.157572 -0.000000 0.133578 -0.124329 -0.112989 -0.000000 -0.042622 -0.000000 -0.100846 0.011009 0.044841 0.000000 0.406720 -0.153066 -0.006516 -0.047225 -0.000000 0.127100 -0.129440 0.000000 0.066345 0.011499 -0.012311 -0.207985 0.095736 -0.000000 0.118116 -0.000000 -0.019674 -0.089999 0.000000 -0.103410 -0.000000 0.158787 -0.000000 -0.000000 -0.255358 0.264380 0.000000 -0.000000 -0.000000 -0.245764 -0.267566 0.032986 0.096102 0.043424 -0.126533 0.036639 -0.050044 -0.181891 -0.136599 0.011611 0.242937 0.019263 -0.057741 -0.143415 -0.073401 0.000000 0.024774 0.000000 -0.255718 0.040577
  -0.000000 -0.000000 -0.122312 -0.000000 -0.266804 -0.141869 0.037226 -0.000000 -0.087278 -0.074229 -0.065428 -0.119611 -0.152219 -0.081593 -0.140262 -0.000000 0.167717 -0.000000 0.319775 -0.279498 -0.000000 0.027003 -0.135126 -0.078852 0.102167 0.041503 -0.163811 0.140600 0.046657 -0.011747 0.000000 0.118242 0.000000 -0.000000 0.185263 0.057018 0.225710 0.063055 0.015096 0.000000 0.052673 -0.121318 -0.066096 -0.000000 0.074739 -0.000000 0.140598 -0.004288 0.008785 0.000000 0.077748 -0.023133 -0.339322 -0.016302 -0.000000 -0.216450 -0.102211 -0.000000 -0.161477 -0.073365 0.021134 -0.032792 -0.125410 -0.000000 0.009668 -0.000000 -0.054260 -0.025287 0.000000 0.104566 -0.000000 -0.361043 -0.000000 -0.052785 -0.013491 -0.039152 -0.000000 -0.000000 0.000000 -0.056351 -0.253109 -0.071377 0.037615 0.143071 0.049990 0.114159 0.167088 0.072857 0.046987 -0.047046 0.082971 -0.062438 0.150560 -0.009696 0.043526 0.000000 0.142369 -0.000000 0.149936 0.148595
  -0.000000 0.000000 0.000000 0.000000 -0.000000 -0.000000 -0.000000 -0.000000 0.000000 -0.000000 -0.000000 0.000000 -0.000000 -0.000000 -0.000000 -0.000000 0.000000 0.000000 0.000000 -0.000000 0.000000 -0.000000 -0.000000 -0.000000 -0.000000 -0.000000 -0.000000 0.000000 -0.000000 -0.000000 -0.000000 0.000000 -0.000000 0.000000 0.000000 -0.000000 -0.000000 -0.000000 0.000000 -0.000000 -0.000000 -0.000000 0.000000 -0.000000 -0.000000 0.000000 0.000000 0.000000 -0.000000 0.000000 0.000000 -0.000000 0.000000 -0.000000 0.000000 -0.000000 0.000000 -0.000000 0.000000 -0.000000 0.000000 0.000000 -0.000000 0.000000 0.000000 -0.000000 -0.000000 0.000000 -0.000000 -0.000000 -0.000000 -0.000000 -0.000000 -0.000000 0.000000 0.000000 -0.000000 0.000000 0.000000 0.000000 -0.000000 -0.000000 0.000000 0.000000 0.000000 0.000000 -0.000000 0.000000 -0.000000 -0.000000 0.000000 -0.000000 -0.000000 0.000000 -0.000000 0.000000 0.000000 0.000000 -0.000000 -0.000000
  0.000000 -0.000000 0.266410 0.000000 -0.036123 0.154155 -0.066463 0.000000 0.389084 0.127938 0.031155 0.343903 0.304349 0.327337 0.084987 -0.000000 0.298065 -0.000000 0.125394 -0.100136 -0.000000 -0.088879 0.150872 0.224304 0.141786 0.129363 0.239267 0.193659 0.308871 -0.040706 0.000000 -0.148808 0.000000 0.000000 0.122998 0.031806 0.037025 0.315368 0.053908 0.000000 0.231623 0.130753 0.101530 -0.000000 0.221159 -0.000000 0.265595 -0.164063 0.137517 -0.000000 -0.018736 -0.090537 -0.285444 0.214583 -0.000000 0.156867 0.133825 0.000000 0.329405 0.311876 0.175737 0.188741 0.292079 0.000000 0.090537 -0.000000 0.353992 0.012260 -0.000000 -0.024416 -0.000000 -0.352351 -0.000000 -0.143816 0.187185 -0.085220 0.000000 -0.000000 -0.000000 0.175399 -0.010707 0.295203 0.148231 0.077901 0.057511 -0.121680 0.269148 -0.024292 0.215654 0.009259 0.241802 -0.054627 0.077429 0.179856 0.140161 0.000000 0.025618 -0.000000 -0.213255 0.079838
  -0.000000 0.000000 0.085297 -0.000000 0.049603 0.017106 0.048865 -0.000000 0.146219 0.267777 -0.014254 0.119674 0.113591 0.042451 -0.145202 0.000000 0.129268 -0.000000 -0.142992 -0.175538 0.000000 -0.038985 -0.025749 0.277737 0.155692 0.009752 -0.077028 0.144989 -0.075468 0.233758 0.000000 -0.077295 -0.000000 -0.000000 -0.063949 0.054648 0.185182 -0.067845 0.063156 0.000000 0.188911 0.107080 -0.377262 -0.000000 0.217121 -0.000000 0.051689 0.043469 -0.002456 -0.000000 -0.030443 -0.022986 -0.114916 -0.015824 -0.000000 0.039276 -0.014610 -0.000000 -0.099937 0.078846 0.185229 -0.098095 0.030626 -0.000000 0.049632 0.000000 0.024206 -0.296461 -0.000000 0.002103 0.000000 -0.170637 -0.000000 -0.904047 -0.058111 0.089735 -0.000000 -0.000000 0.000000 -0.015658 -0.006419 0.053725 0.081878 0.082292 -0.011498 0.071339 -0.098787 -0.116163 -0.121911 -0.185144 0.123808 0.036795 0.072507 0.014505 0.083147 0.000000 0.026620 0.000000 0.097355 0.121214
  -0.000000 0.000000 0.201405 -0.000000 -0.344973 0.026341 -0.121168 -0.000000 -0.365209 -0.266702 -0.152966 -0.267103 -0.145060 -0.234001 -0.040226 0.000000 -0.279741 -0.000000 -0.152566 -0.039822 -0.000000 -0.037101 -0.107939 -0.038535 -0.369969 -0.089859 -0.565523 -0.103256 -0.343095 -0.330120 -0.000000 -0.111186 -0.000000 -0.000000 -0.233233 -0.158808 -0.193950 -0.453891 -0.387237 0.000000 0.000858 -0.173726 -0.096658 -0.000000 0.010089 -0.000000 -0.419755 -0.116850 -0.049811 -0.000000 0.068597 -0.258622 -0.102579 -0.146193 0.000000 0.117514 -0.101264 -0.000000 -0.356158 -0.206439 -0.465804 -0.047443 -0.003840 0.000000 -0.136461 -0.000000 0.080513 -0.244964 -0.000000 -0.152807 -0.000000 -0.047192 0.000000 -1.907261 -0.187619 -0.217885 0.000000 -0.000000 0.000000 -0.438449 -0.247499 -0.101891 -0.062648 -0.176570 -0.055067 0.018842 -0.191085 0.179028 -0.340970 -0.061015 -0.194663 -0.355619 -0.563890 -0.165757 -0.176144 -0.000000 -0.055955 -0.000000 -0.407311 0.137648
  -0.000000 -0.000000 -0.093221 0.000000 0.066444 0.307909 0.151606 0.000000 -0.140459 -0.185985 -0.139434 -0.033227 0.148167 -0.141178 0.273558 0.000000 -0.056546 -0.000000 0.056650 -0.808248 -0.000000 -0.050641 -0.096264 -0.138604 -0.019563 -0.022080 0.024416 -0.133678 -0.003265 0.010280 -0.000000 -0.028661 0.000000 0.000000 -0.006124 -0.390028 0.087693 0.141671 -0.030936 -0.000000 -0.038746 0.026708 0.001175 -0.000000 -0.145804 -0.000000 -0.013978 -0.053005 0.065274 -0.000000 -0.146823 -0.057812 -0.754595 0.103181 -0.000000 -0.242317 -0.046722 -0.000000 0.033454 0.099360 -0.041530 0.106709 0.080428 0.000000 -0.234233 -0.000000 0.029226 -0.160556 0.000000 -0.172193 0.000000 0.010385 0.000000 -0.648105 0.200995 -0.224117 -0.000000 -0.000000 -0.000000 -0.053959 -0.115903 0.065435 -0.282421 -0.194656 0.094383 0.146384 0.155996 0.073156 0.032906 -0.254792 -0.232489 -0.069709 -0.125484 0.127903 0.119876 -0.000000 0.131600 0.000000 -0.134809 0.096431
  -0.000000 0.000000 -0.006392 0.000000 -0.150206 0.042983 -0.070322 0.000000 0.012645 0.085603 0.123453 0.068921 0.099199 -0.281619 -0.357761 -0.000000 0.065894 -0.000000 -0.007705 0.157094 -0.000000 -0.420548 0.081309 0.129259 0.287205 0.055393 -0.020299 -0.061470 -0.158107 0.089090 -0.000000 -0.697965 -0.000000 0.000000 0.130334 0.008383 -0.123700 0.072762 0.054822 -0.000000 -0.066000 0.089626 0.126035 -0.000000 -0.013180 -0.000000 0.076364 0.061404 -0.043464 0.000000 -0.331754 -0.094120 0.016581 0.035978 -0.000000 -0.097787 0.080405 0.000000 -0.053765 -0.042625 -0.094293 -0.121221 0.008512 -0.000000 0.046926 -0.000000 0.068362 -0.408152 0.000000 -0.151571 -0.000000 -0.179312 -0.000000 -0.467213 0.015488 -0.016250 -0.000000 -0.000000 0.000000 -0.113471 0.144380 -0.044542 0.050176 0.170775 -0.180738 -0.056976 -0.123141 0.059026 -0.014063 0.052486 -0.096477 -0.140783 -0.202491 0.021726 0.194217 0.000000 -0.233346 0.000000 -0.124262 0.225635
  -0.000000 0.000000 0.011593 -0.000000 -0.465690 -0.053894 0.047672 0.000000 -0.035452 0.149173 0.019438 -0.028762 -0.009441 -0.191622 -0.306873 -0.000000 -0.096891 -0.000000 0.138817 -0.151925 -0.000000 0.001854 0.032201 0.049415 0.105713 0.014116 0.088478 -0.248808 0.180259 -0.041012 -0.000000 0.051124 -0.000000 0.000000 0.082282 0.196322 -0.049575 0.285333 0.103056 -0.000000 0.034230 -0.148759 0.162941 -0.000000 0.086133 -0.000000 -0.016695 -0.014309 0.304221 -0.000000 -0.015419 0.276341 -0.764364 0.037683 -0.000000 0.168764 0.178354 -0.000000 -0.034531 0.069182 0.131095 0.288905 0.250337 -0.000000 0.005905 -0.000000 0.025693 -0.955173 -0.000000 0.092952 0.000000 -0.127563 -0.000000 -0.981864 -0.097505 -0.076204 0.000000 -0.000000 0.000000 -0.076119 -0.356297 0.151063 -0.020404 0.154094 0.182702 -0.047695 0.152978 0.228789 0.061177 0.068993 0.128867 -0.095202 -0.002831 0.028896 0.064752 0.000000 0.182949 -0.000000 0.289396 -0.010192
  -0.000000 0.000000 -0.040513 0.000000 -0.140485 -0.093045 -0.156273 0.000000 -0.140447 0.005955 0.159126 -0.080761 -0.057985 -0.074072 0.024338 -0.000000 0.042939 -0.000000 0.169365 -0.153101 0.000000 -0.072993 -0.037434 0.042341 -0.017117 0.061317 0.009361 0.163628 -0.017468 0.212282 -0.000000 0.132747 -0.000000 -0.000000 0.065452 0.035376 0.116195 -0.109636 -0.100830 0.000000 -0.113104 0.097809 0.198097 -0.000000 -0.004475 -0.000000 -0.013160 -0.032371 -0.095134 -0.000000 0.013886 -0.002595 -0.038587 -0.073738 -0.000000 -0.222914 0.060862 0.000000 -0.019832 -0.100297 0.046806 -0.033085 0.010825 -0.000000 0.017831 -0.000000 0.037563 -0.060784 -0.000000 0.016726 -0.000000 0.000532 -0.000000 0.001994 -0.040976 0.047449 -0.000000 -0.000000 0.000000 -0.199094 0.107921 -0.103824 -0.071832 -0.028926 -0.012085 0.115940 0.011073 0.043270 0.037607 0.170086 0.144342 -0.077935 0.235824 0.142397 0.166171 -0.000000 0.079892 0.000000 -0.027948 0.137721
  -0.000000 0.000000 -0.201644 -0.000000 -0.069576 -1.011721 0.081812 0.000000 0.012597 -0.087253 0.596606 0.083148 -0.098874 -0.073355 -0.322788 -0.000000 0.003661 -0.000000 0.243993 -0.094067 -0.000000 -0.205369 -0.007467 -0.172126 0.272346 0.086877 -0.116342 -0.124367 -0.087751 -0.168150 -0.000000 -0.574414 0.000000 -0.000000 0.285138 0.061432 -0.509099 -0.085856 -0.264015 0.000000 -0.189846 -0.020733 -1.111411 0.000000 -0.094709 -0.000000 -0.135032 -1.908439 0.021965 -0.000000 -0.393960 0.246808 -0.036114 0.019578 0.000000 -0.228198 -0.065868 -0.000000 0.010407 -0.027402 -0.094447 0.080785 -0.061398 0.000000 -0.117355 -0.000000 -0.048428 0.049337 -0.000000 -0.406236 -0.000000 0.049558 0.000000 -0.342786 0.038183 0.052913 -0.000000 -0.000000 -0.000000 -0.192217 -0.280237 0.218020 -0.031991 -0.365210 0.310391 0.040639 0.133084 -1.205458 -0.042222 -0.000000 -0.158834 -0.021522 -0.144533 0.139576 0.000000 0.000000 -1.121437 0.000000 -1.222372 -0.000000
  -0.000000 0.000000 -0.000000 -0.000000 -0.195288 0.012738 0.007750 0.000000 -0.204785 -0.230141 -0.442634 -0.186047 -0.039312 -0.159197 -0.419419 -0.000000 -0.424454 -0.000000 -0.408467 0.065211 -0.000000 -0.154244 -0.086926 -0.166366 -0.000000 0.052904 0.016778 -0.406654 -0.183472 0.355906 0.000000 -0.011690 -0.000000 0.000000 -0.474666 -0.389501 -0.000000 0.037322 -0.161640 -0.000000 -0.073882 -1.014077 0.480494 -0.000000 -0.258266 -0.000000 -0.441863 -0.000000 -0.096974 0.000000 -0.291086 -0.296345 0.237128 -0.170011 -0.000000 -0.070084 -0.004009 -0.000000 -0.004665 -0.017407 -0.129372 0.035096 -0.165415 -0.000000 -0.248787 -0.000000 -0.084058 0.144892 0.000000 -0.000000 0.000000 0.186958 -0.000000 0.039553 0.010110 0.021004 0.000000 0.000000 0.000000 -0.144197 -0.399163 -0.117351 -0.405791 -0.063779 -0.344501 0.222323 -0.017760 0.376687 -0.133973 -0.010220 -0.280387 -0.321717 -0.838970 -0.032269 0.492199 -0.000000 -0.000000 -0.000000 0.000000 -0.542866
  -0.000000 -0.000000 0.049474 -0.000000 0.160175 -0.004857 -0.069867 -0.000000 -0.065775 0.009903 0.036233 0.027892 0.049795 -0.419369 0.274366 -0.000000 0.182372 -0.000000 0.121063 -0.018402 0.000000 -0.228502 0.069075 -0.011897 0.270044 0.071838 -0.151963 0.168415 -0.063827 0.101895 0.000000 -0.048535 0.000000 -0.000000 0.144894 -0.074484 0.015387 -0.130056 -0.105493 0.000000 -0.093360 0.004703 -0.069308 -0.000000 0.016168 -0.000000 0.220481 0.036676 -0.067704 -0.000000 -0.132080 -0.091450 -0.067952 -0.049767 0.000000 -0.089440 0.012965 0.000000 -0.032828 -0.201171 0.020066 -0.248886 0.069678 -0.000000 0.070312 -0.000000 0.154639 0.135227 -0.000000 -0.281127 -0.000000 -0.148717 0.000000 -0.123716 0.056924 0.143287 0.000000 -0.000000 -0.000000 -0.185469 0.314729 -0.181623 0.096789 0.112817 0.047836 0.102696 -0.257918 -0.174724 -0.248354 -0.044759 -0.021212 -0.193800 -0.061103 -0.039496 -0.017275 -0.000000 -0.157610 -0.000000 -0.084253 -0.001622
  -0.000000 0.000000 -0.000000 0.000000 -0.133929 -0.598000 -1.333854 0.000000 -0.143076 -0.254300 -0.496348 -0.090366 -0.208053 -0.035040 -0.395678 -0.000000 -0.563411 -0.000000 -0.647126 0.021630 -0.000000 -0.136580 0.049430 -0.015931 -0.000000 -0.071619 0.086622 -0.398530 0.026607 -0.383446 -0.000000 0.089160 -0.000000 0.000000 -0.688600 -0.419980 0.000000 -0.023142 -0.137797 0.000000 -0.135639 -2.168860 0.188884 -0.000000 -0.105443 -0.000000 -0.636117 -1.005818 -0.131227 0.000000 -0.164696 -0.242233 0.212345 -0.010641 0.000000 -0.004029 -0.170316 -0.000000 -0.021470 -0.037188 0.002172 -0.228889 -0.011055 0.000000 -0.135309 -0.000000 -0.013970 0.183198 -0.000000 -0.000446 -0.000000 0.286772 -0.000000 -0.198442 0.160093 -0.012611 0.000000 0.000000 -0.000000 -0.136187 -0.362601 -0.038814 -0.618232 -0.025171 -0.405606 0.134617 -0.198827 0.230582 -0.159269 0.017871 -0.435808 -0.680487 -0.857678 -1.063444 0.376237 -0.000000 -1.307939 -0.000000 -0.000000 -0.524540
  -0.000000 0.000000 0.145713 -0.000000 0.205532 0.088515 0.046825 -0.000000 -0.229930 -0.007596 0.058808 -0.140745 0.101456 -0.249482 0.147065 0.000000 0.015030 -0.000000 0.157300 -0.103610 -0.000000 -0.084408 -0.081223 -0.106342 -0.165171 -0.105612 -0.043182 0.159350 -0.200131 -0.051015 -0.000000 0.198888 -0.000000 0.000000 -0.145574 -0.044144 0.046077 -0.123126 0.021468 -0.000000 -0.026561 0.137883 0.128890 -0.000000 -0.199528 -0.000000 0.005512 0.009195 0.059727 -0.000000 -0.020970 -0.133947 -0.035546 -0.058416 -0.000000 -0.091998 0.109958 -0.000000 -0.063263 0.090130 -0.143422 -0.126202 -0.193369 -0.000000 -0.000814 -0.000000 -0.111696 0.072646 0.000000 0.133455 -0.000000 0.080258 -0.000000 0.179513 0.059328 0.192790 0.000000 -0.000000 -0.000000 -0.230428 0.166212 -0.126701 -0.114890 0.121932 0.012968 0.198249 -0.138233 -0.036217 -0.067473 0.288822 0.124275 -0.035320 0.012116 0.188161 0.084285 -0.000000 0.056612 0.000000 0.093852 0.270825
  -0.000000 -0.000000 -0.424038 0.000000 -0.139204 -0.952207 0.106012 -0.000000 0.018987 0.002111 -0.598139 0.171171 -0.027307 -0.009979 -0.056030 -0.000000 -0.054032 -0.000000 -0.168625 0.052047 0.000000 0.045020 0.078423 0.047854 0.129024 0.175147 0.146501 -0.113522 -0.039187 -0.203034 -0.000000 -0.194867 -0.000000 0.000000 -0.002859 -0.065922 -0.039854 -0.153055 -0.122238 0.000000 -0.214078 0.350545 -0.226153 0.000000 -0.070496 -0.000000 0.077417 -1.024859 -0.109799 0.000000 -0.076767 -0.175964 0.034934 0.104106 -0.000000 -0.047665 -0.041954 0.000000 -0.040025 0.058545 0.167475 -0.101239 0.106013 0.000000 0.109785 -0.000000 0.076914 0.113621 0.000000 -0.017412 0.000000 -0.059755 -0.000000 -0.523098 0.158253 0.078873 0.000000 -0.000000 -0.000000 0.076985 -0.136701 0.005412 0.039720 0.042377 -0.023674 0.047679 -0.064069 -1.159414 0.015776 -0.453220 -0.137881 0.011338 -0.259117 -0.184618 0.010184 0.000000 -0.894199 0.000000 -0.052361 0.009356
  0.000000 -0.000000 -0.875140 0.000000 0.072803 0.188196 0.151815 0.000000 0.231608 0.049875 -0.146675 0.179589 -0.012685 0.179791 0.258067 0.000000 0.042639 -0.000000 -0.049347 0.214367 0.000000 0.109814 0.109631 0.002478 -0.212344 0.158060 0.049913 0.113424 0.143978 0.088007 -0.000000 0.202563 -0.000000 0.000000 -0.163730 -0.264987 0.142059 -0.034438 0.144604 0.000000 0.183846 -0.180546 -0.000492 -0.000000 -0.016505 -0.000000 0.173126 0.053336 0.015968 -0.000000 0.148730 -0.049880 -0.135261 0.074592 0.000000 0.042111 -0.049326 -0.000000 0.032027 -0.039445 0.185920 -0.021032 0.224296 0.000000 0.134127 -0.000000 0.041626 -0.158709 0.000000 0.113940 -0.000000 0.721538 -0.000000 0.040211 -0.262427 -0.141068 -0.000000 -0.000000 0.000000 0.111280 0.068342 0.066819 -0.102608 0.218847 -0.178644 0.002624 0.112591 0.209036 -0.047593 0.074103 0.167071 -0.112589 0.061584 0.210763 0.244979 -0.000000 0.156625 0.000000 0.516650 0.174963
  -0.000000 -0.000000 -0.055242 0.000000 0.437300 -0.042815 -0.017844 -0.000000 -0.000666 -0.008978 -0.344082 0.166538 -0.005692 0.000050 0.290442 0.000000 0.004234 -0.000000 0.035640 0.000000 -0.000000 0.288718 0.101889 0.187474 0.108064 -0.036842 0.070337 0.361444 0.182189 -0.156322 0.000000 -0.169830 -0.000000 -0.000000 -0.127759 0.018097 -0.855988 0.267786 0.265923 0.000000 0.352805 -0.077253 -0.008499 -0.000000 0.097870 -0.000000 0.086447 -0.240315 0.108689 -0.000000 0.124749 0.171871 -0.262205 0.001491 -0.000000 0.029684 0.164104 0.000000 0.179194 0.079511 0.135005 0.209403 0.198003 0.000000 0.197723 -0.000000 0.150951 1.420561 0.000000 -0.041433 -0.000000 0.000000 0.000000 -0.930750 -0.275213 -1.084988 -0.000000 -0.000000 0.000000 0.204877 0.004334 0.172835 0.090791 0.338014 0.182461 -0.092127 0.082761 -0.049220 0.017663 -0.377320 0.125510 0.100136 0.088863 -0.165749 -0.151695 0.000000 -0.028320 0.000000 -0.017653 -0.555495
  -0.000000 -0.000000 -0.535566 0.000000 -0.016956 -1.751792 -1.379472 0.000000 0.197701 0.237061 0.035002 0.182172 0.218417 0.119892 0.100441 -0.000000 0.000688 -0.000000 -0.028881 0.003642 -0.000000 -0.052208 0.202873 -0.047671 -1.626568 0.027206 0.242144 0.190550 0.156705 -0.793317 -0.000000 -0.025028 0.000000 0.000000 0.137431 0.050432 -0.002312 0.043997 0.084994 -0.000000 0.214316 0.271083 -0.325957 0.000000 0.180305 -0.000000 0.061222 -1.157400 0.153361 0.000000 0.137628 0.097931 0.119517 0.077345 -0.000000 0.081651 0.092304 0.000000 0.129423 0.054821 0.064838 -0.024389 0.120886 -0.000000 -0.045705 -0.000000 0.147470 0.150994 -0.000000 -1.368250 0.000000 0.045115 0.000000 0.000690 0.129955 -0.143657 -0.000000 -0.000000 -0.000000 0.252716 0.001261 0.132688 0.185002 0.062956 -0.061484 0.025117 0.180208 -0.702293 0.167686 -0.355978 0.057595 0.023141 0.172623 -1.106250 -0.924018 -0.000000 -1.720934 0.000000 -0.000000 -2.964805
  -0.000000 0.000000 -0.194194 -0.000000 0.112033 -0.202528 -0.097897 -0.000000 0.044870 -0.000585 0.139488 -0.060952 0.135696 0.094123 0.031569 -0.000000 0.041019 -0.000000 0.013525 0.158083 -0.000000 -0.017297 0.169532 0.105079 -0.203372 0.185073 0.119584 0.193178 0.115464 0.048551 0.000000 -0.030721 0.000000 -0.000000 0.018068 -0.082002 -0.525808 0.116535 0.007179 0.000000 -0.134314 -0.362204 0.073808 -0.000000 0.091396 -0.000000 0.264290 0.074906 0.150046 -0.000000 0.142892 -0.010009 -0.010578 -0.052141 0.000000 -0.012932 0.002133 -0.000000 0.207823 0.184524 0.097956 0.083105 0.044953 -0.000000 0.119217 -0.000000 0.058023 0.050599 -0.000000 0.310684 -0.000000 -0.161407 0.000000 0.074064 -0.107766 -0.085964 0.000000 -0.000000 0.000000 0.150039 0.070632 0.075214 0.122328 -0.047566 0.189991 -0.056571 0.173165 0.042376 -0.029791 0.049403 0.200051 0.108674 0.079187 0.139307 -0.098084 0.000000 -0.182156 0.000000 -3.925129 -0.063597
  -0.000000 -0.000000 0.087999 -0.000000 -0.028963 -0.013736 -0.021863 -0.000000 -0.210296 0.103269 0.079683 -0.139828 -0.145817 -0.025267 -0.026936 0.000000 0.036700 -0.000000 0.123716 -0.034449 0.000000 0.100070 0.086035 -0.005415 0.100465 -0.038897 0.079508 0.049877 -0.148422 0.033195 -0.000000 0.021045 0.000000 -0.000000 0.140888 0.076662 0.079176 -0.069935 0.106503 -0.000000 0.069565 0.006852 -0.044384 -0.000000 -0.022973 -0.000000 -0.087659 0.033550 0.111232 -0.000000 0.117054 -0.001313 -0.053635 -0.082860 0.000000 -0.121060 -0.015465 -0.000000 0.067399 -0.131687 0.132484 0.045351 0.131871 0.000000 0.145744 -0.000000 -0.050428 -0.306392 -0.000000 0.032195 -0.000000 -0.418113 0.000000 -0.163710 0.210995 0.120397 0.000000 -0.000000 -0.000000 -0.096403 0.113452 -0.061976 0.129626 0.108517 0.007306 0.008483 -0.016313 -0.137467 0.003695 -0.071301 0.136367 -0.122111 0.139238 0.143347 0.043204 0.000000 0.111210 -0.000000 -0.084187 0.144677
  -0.000000 0.000000 0.071842 0.000000 0.026472 0.219332 0.355777 -0.000000 0.098898 -0.162386 -0.277038 -0.043687 0.118013 -0.134841 0.035280 -0.000000 -0.043066 -0.000000 0.008818 -0.115806 -0.000000 -0.129219 0.111654 -0.217796 -0.430590 -0.082503 -0.157790 -0.105339 -0.003082 0.318195 0.000000 0.422973 -0.000000 0.000000 -0.136355 -0.064178 0.055701 -0.057050 -0.097137 0.000000 -0.250913 0.261032 -0.351481 0.000000 0.046644 -0.000000 -0.087642 0.220957 0.015312 -0.000000 -0.074789 -0.032633 -0.140423 0.103701 -0.000000 -0.244606 0.080761 -0.000000 -0.125499 0.041625 0.060771 0.086789 0.031577 0.000000 -0.235494 -0.000000 0.100585 -0.004308 0.000000 -1.049708 -0.000000 0.124005 0.000000 -0.071748 0.213707 0.153553 -0.000000 -0.000000 0.000000 0.037210 0.132760 0.064914 -0.113871 -0.078315 0.064927 -0.003078 -0.127033 0.208076 0.098904 -1.296840 -0.054792 -0.015085 -0.104611 0.188822 0.142296 0.000000 0.405490 0.000000 -0.404854 0.231562
  -0.000000 -0.000000 -0.228255 -0.000000 0.068619 -1.117180 -0.175668 0.000000 0.044140 -0.124308 -0.127042 0.098286 -0.090284 -0.037480 0.106571 0.000000 0.055412 -0.000000 -0.052148 0.037473 -0.000000 0.017503 0.007487 -0.084589 0.346743 0.092986 0.002570 0.055316 -0.115400 0.151510 -0.000000 0.021702 0.000000 -0.000000 -0.007197 -0.074778 -0.190525 -0.060339 -0.057725 -0.000000 0.002722 0.277909 0.449038 0.000000 -0.090576 -0.000000 -0.065696 -1.282175 -0.016675 0.000000 0.036273 0.087419 0.165832 0.098714 0.000000 -0.015337 -0.078720 -0.000000 -0.131310 -0.007280 0.008528 -0.019868 0.099011 0.000000 -0.072304 -0.000000 -0.023553 0.011365 0.000000 -0.163425 0.000000 0.041149 0.000000 0.040765 0.078952 0.058896 -0.000000 -0.000000 -0.000000 -0.040100 0.010925 0.039606 0.048752 -0.125440 -0.076173 0.112315 -0.153633 -0.714988 0.004274 -0.251842 -0.112985 -0.136657 -0.185368 -0.321054 -0.189927 -0.000000 -1.461355 0.000000 -0.348718 -0.329541
  -0.000000 -0.000000 0.037220 -0.000000 -0.326486 -0.188967 -0.346314 -0.000000 0.447015 0.326769 0.306553 0.442910 0.347244 0.395309 -0.000000 -0.000000 0.442101 -0.000000 0.202973 -0.374403 0.000000 -0.993642 0.485517 0.265702 0.576547 0.475799 0.503235 -0.047279 0.524066 -0.413559 0.000000 -0.000000 0.000000 -0.000000 -0.297161 0.402210 -0.088560 0.276476 -0.113749 -0.000000 -0.033358 0.294123 -0.290548 -0.000000 0.407863 0.000000 0.458754 -0.501019 0.276790 -0.000000 -0.862909 0.534240 -0.181451 0.399379 0.000000 -0.011725 0.290039 0.000000 0.394015 0.455325 0.340422 0.496810 0.138890 -0.000000 -0.477567 -0.000000 0.478863 0.000003 0.000000 -0.004359 0.000000 0.009166 -0.000000 -0.000000 -0.339157 0.195715 0.000000 -0.000000 -0.000000 0.521903 -0.181678 0.493682 0.320661 0.030586 0.206285 -0.461103 0.213152 -0.203038 0.404801 -0.202045 0.421767 0.449426 0.346302 -0.187357 0.517609 0.000000 -0.511164 0.000000 0.123715 -0.035187
  0.000000 -0.000000 -0.001968 0.000000 1.389520 -0.208970 -0.237059 0.000000 0.698427 0.621778 -0.108397 0.773128 0.542284 0.718727 2.090592 -0.000000 0.734356 -0.000000 0.299729 0.004879 -0.000000 0.138607 0.612120 0.575632 0.268329 0.675534 0.254220 0.515929 0.551482 -0.126576 0.000000 -0.197752 -0.000000 -0.000000 0.255871 0.604360 -0.451248 0.640615 0.383524 -0.000000 0.390141 0.698927 0.953616 -0.000000 0.396929 -0.000000 0.702491 -0.396844 0.698238 0.000000 0.231308 0.483468 -2.018147 0.616595 -0.000000 0.319426 0.541764 -0.000000 0.630236 0.644607 0.565330 0.297462 0.559874 -0.000000 0.175390 0.000000 0.433880 -0.903966 0.000000 -0.061538 0.000000 -0.717765 -0.000000 -0.000000 -1.783571 -1.152734 0.000000 -0.000000 -0.000000 0.552600 -0.184952 0.764933 0.433988 0.427098 0.276333 -0.535861 0.476221 -0.192974 0.693642 0.026535 0.602028 0.510497 0.706719 -0.227324 -0.241816 0.000000 -0.091827 -0.000000 -0.038854 -0.407511
  -0.000000 -0.000000 0.237972 0.000000 0.006190 0.106638 0.101564 -0.000000 0.078796 -0.109255 -0.078979 -0.020803 0.165929 0.127005 0.171917 -0.000000 0.027469 -0.000000 -0.042461 -0.007872 0.000000 -0.034657 0.057364 0.111260 -0.371896 0.022483 -0.066321 -0.029560 -0.043430 -0.063865 -0.000000 0.090874 0.000000 0.000000 0.032085 -0.059751 -0.704724 0.026010 -0.038655 -0.000000 -0.113683 0.159869 -0.035278 -0.000000 0.004562 -0.000000 0.171606 0.064469 0.042378 -0.000000 0.022101 0.016050 0.063222 0.124079 -0.000000 0.032548 -0.017336 0.000000 -0.000660 0.108549 -0.120384 -0.008365 0.057512 -0.000000 0.108250 -0.000000 0.103220 0.032884 -0.000000 -0.541788 -0.000000 0.035744 -0.000000 -0.019164 -0.021024 -0.073435 -0.000000 -0.000000 0.000000 -0.071251 0.249652 0.053070 0.247598 0.020045 0.019899 -0.085360 -0.067966 -0.211433 0.093547 -0.140630 0.098183 0.056970 0.058352 -0.079389 -1.908478 -0.000000 -0.279653 -0.000000 -0.154135 -0.800835
  -0.000000 0.000000 0.000000 0.000000 -0.916764 0.260643 0.151629 -0.000000 -0.193902 -0.331393 0.346569 -0.241954 -0.194034 -0.406476 -1.030926 0.000000 -0.161154 0.000000 -0.240701 -0.000000 -0.000000 -0.659991 -0.028309 -0.285617 -0.257929 -0.209154 -0.348985 -0.100401 -0.190838 0.041935 -0.000000 0.162240 -0.000000 -0.000000 -0.123452 0.218279 -0.846323 0.088687 -0.478153 -0.000000 -0.128839 -0.184690 0.369271 -0.000000 -0.260723 -0.000000 -0.246865 0.255392 0.072829 -0.000000 -0.612545 -0.151277 -0.702227 -0.023500 -0.000000 -0.268588 -0.064428 -0.000000 -0.102360 -0.073957 -0.295134 -0.229512 -0.274342 0.000000 -0.428208 -0.000000 -0.165014 2.239075 -0.000000 -0.192894 -0.000000 0.000000 0.000000 -0.160582 0.000000 0.215836 -0.000000 -0.000000 -0.000000 -0.153551 0.059584 -0.239719 -0.066254 -0.440248 -0.109796 0.073048 -0.406436 0.005792 -0.130598 -0.778144 -0.313485 -0.257548 -0.269216 0.078077 0.106393 -0.000000 0.085572 -0.000000 -0.432988 0.364073
  -0.000000 0.000000 -0.348260 0.000000 -0.230361 0.161676 0.248790 -0.000000 0.053395 -0.240537 0.061427 -0.017606 -0.041945 0.016327 -0.205480 -0.000000 -0.316604 -0.000000 0.036104 -0.000006 0.000000 -0.322799 -0.065558 -0.225342 -0.371595 -0.072867 0.116002 -0.519028 0.014480 0.220253 0.000000 0.048210 -0.000000 0.000000 0.249841 -0.056153 0.300495 0.003991 -0.434817 -0.000000 -0.125669 0.146985 0.055700 -0.000000 -0.120667 -0.000000 -0.364207 0.133511 -0.108976 0.000000 -0.405255 0.224066 0.009858 -0.084713 0.000000 -0.113945 -0.011796 0.000000 0.030829 0.154427 -0.151129 0.034077 -0.100289 -0.000000 -0.196780 -0.000000 -0.076381 0.099860 0.000000 -0.139173 -0.000000 0.238839 -0.000000 0.117123 0.344438 0.215540 0.000000 -0.000000 -0.000000 0.000707 -0.342357 0.087221 -0.210332 -0.243890 0.252543 -0.053144 -0.085665 -0.120182 0.136793 -0.014148 -0.245358 -0.272163 -0.000382 0.211085 -0.120595 -0.000000 0.010374 0.000000 0.839942 -0.229171
  -0.000000 -0.000000 -0.000000 -0.000000 -0.338655 -0.996479 -1.233939 0.000000 -0.049006 -0.211820 -0.418611 -0.078011 0.053412 -0.181432 -0.323710 0.000000 -0.450021 0.000000 -0.505600 0.147093 0.000000 -0.365052 0.040080 -0.099374 0.038845 -0.027438 -0.125579 -0.295913 -0.035780 -0.781822 -0.000000 -0.104548 -0.000000 0.000000 -0.376588 -0.140199 -0.000000 -0.161219 0.043983 0.000000 -0.060328 -1.390286 0.277659 -0.000000 -0.127741 -0.000000 -0.644177 -1.140482 -0.137935 -0.000000 -0.259872 -0.345389 0.136283 0.041417 0.000000 -0.163889 -0.028354 0.000000 -0.188310 0.011264 -0.046622 -0.165674 0.004575 0.000000 -0.284051 -0.000000 -0.181576 -0.007664 -0.000000 0.224030 -0.000000 0.405350 -0.000000 -0.211368 0.087005 0.043388 -0.000000 0.000000 -0.000000 0.025749 -0.234546 -0.083717 -0.430674 0.043276 -0.347666 0.039339 0.003777 0.428599 -0.129866 0.018593 -0.278180 -0.367642 -0.885112 -0.873770 0.369718 -0.000000 -1.292879 0.000000 0.000000 -0.347419
  -0.000000 0.000000 0.070454 -0.000000 0.546399 -0.057816 -0.053945 0.000000 0.313855 0.342462 -0.476126 0.192349 0.206312 0.351347 1.324339 0.000000 0.444950 -0.000000 0.212864 -0.141827 0.000000 0.131431 0.263389 0.242254 -0.007173 0.388000 -0.091216 0.541536 0.298680 -0.149590 0.000000 0.159790 -0.000000 0.000000 0.119393 0.111587 0.307001 0.409224 0.430071 0.000000 0.181846 -0.126778 -1.384250 -0.000000 0.090210 -0.000000 0.345290 0.228239 0.263778 0.000000 0.099114 0.155447 -0.031275 0.245312 0.000000 0.093834 0.311143 -0.000000 0.407856 0.382924 0.299941 0.157601 0.286224 0.000000 0.032523 0.000000 0.049425 -0.112306 -0.000000 -0.478499 0.000000 0.339359 0.000000 0.000000 -0.612131 0.539893 0.000000 0.000000 0.000000 0.253008 -0.664356 0.448379 0.341599 0.368469 0.114282 0.235546 0.145626 0.524436 0.206725 0.000000 0.376512 0.245816 0.302305 -0.244762 -0.292441 -0.000000 0.633359 -0.000000 -0.065243 -0.066338
  -0.000000 -0.000000 -0.310378 0.000000 0.144332 -0.135174 0.410382 -0.000000 -0.362506 -0.212644 -0.709000 -0.142225 -0.275881 -0.280206 0.056996 -0.000000 -0.243472 0.000000 -0.236468 -0.096710 -0.000000 0.005815 -0.129534 -0.088427 -0.254398 -0.274699 -0.487404 -0.000623 -0.316426 0.028659 0.000000 0.453128 -0.000000 0.000000 -0.313639 -0.342617 0.386292 -0.193627 -0.077440 -0.000000 -0.122156 0.250748 0.283425 -0.000000 -0.290205 -0.000000 -0.286750 0.010254 -0.346629 0.000000 0.040355 -0.597254 0.238499 -0.103705 -0.000000 0.005079 -0.381359 -0.000000 -0.157113 -0.354434 -0.280392 -0.329391 -0.145431 -0.000000 0.043289 0.000000 -0.212433 -0.013304 0.000000 -0.049930 -0.000000 0.137710 0.000000 -0.102453 -0.019070 0.137779 -0.000000 -0.000000 0.000000 -0.216516 -0.274753 -0.373028 -0.080094 -0.242486 -0.205169 0.359632 -0.334061 0.041904 -0.313615 -0.121327 -0.143116 -0.257653 -0.283968 0.031687 0.782703 -0.000000 0.146098 -0.000000 0.596676 0.674587
  0.000000 -0.000000 0.000000 -0.000000 0.049976 0.256928 0.210314 -0.000000 0.307264 0.219134 0.031150 0.173827 0.072242 0.348170 0.322687 0.000000 0.282578 -0.000000 0.163686 -1.362106 0.000000 0.172928 0.031221 0.048370 -0.179301 0.076456 0.139839 0.432553 0.238290 0.008855 0.000000 -0.061968 0.000000 0.000000 -0.214751 0.149985 0.786120 -0.010612 0.350593 -0.000000 0.119035 0.058259 0.409486 -0.000000 0.150254 -0.000000 0.334191 0.128200 0.009877 0.000000 0.172233 -0.328838 -0.464740 0.110483 0.000000 0.005413 0.006846 0.000000 0.247699 0.091051 0.355870 0.160892 0.282896 -0.000000 -0.064486 -0.000000 0.080177 -0.490901 -0.000000 -0.113167 0.000000 1.663662 0.000000 -0.208667 -3.154088 -0.587307 0.000000 -0.000000 -0.000000 0.156551 -0.095717 0.115932 0.192108 0.385177 -0.262599 -0.309704 -0.058703 0.298702 0.208324 -0.010523 0.119569 0.230052 0.021244 0.073440 0.228461 -0.000000 0.132460 0.000000 0.363677 0.114900
  0.000000 -0.000000 0.197145 -0.000000 0.054391 0.110056 0.058565 0.000000 -0.077763 -0.020434 -0.071895 -0.141257 -0.256695 -0.103054 -0.010757 -0.000000 0.064573 -0.000000 0.071778 -0.305149 0.000000 -0.065725 -0.013040 0.052742 -0.011126 -0.158709 -0.198494 0.270720 -0.266456 0.269875 -0.000000 0.136115 0.000000 -0.000000 -0.000280 -0.048081 0.104080 -0.014390 0.126474 0.000000 0.127090 0.245967 0.296400 0.000000 0.038388 -0.000000 0.038321 0.075306 -0.294716 0.000000 -0.118135 0.010090 -0.086179 -0.181586 0.000000 -0.009279 -0.158235 -0.000000 0.010326 -0.037459 -0.054255 -0.243428 0.091337 -0.000000 0.085042 0.000000 -0.243699 -0.044550 -0.000000 -0.142793 -0.000000 -0.184277 0.000000 -0.088353 0.096058 -0.020824 0.000000 -0.000000 -0.000000 0.023147 0.144958 -0.176790 -0.028420 0.114129 -0.127382 0.090160 -0.198616 -0.020763 -0.093826 0.044352 0.200599 -0.118332 0.102574 0.224823 0.148916 -0.000000 -0.063996 -0.000000 -0.003941 0.171670
  -0.000000 0.000000 0.098095 -0.000000 0.058627 0.138681 0.110714 -0.000000 -0.042231 0.134394 0.047603 0.021476 0.146424 0.106660 0.147726 0.000000 -0.010556 -0.000000 0.226313 0.132722 0.000000 -0.151060 -0.057053 0.082450 0.119374 0.073172 -0.031311 0.082156 0.016053 0.080789 0.000000 -0.222486 0.000000 -0.000000 -0.011726 0.212857 0.158647 0.119268 0.043114 0.000000 0.232729 0.015732 0.124116 -0.000000 0.189052 -0.000000 0.036716 0.067892 0.130471 0.000000 -0.100337 0.110021 0.086718 0.107499 0.000000 0.097350 0.139888 0.000000 -0.087686 0.146993 0.195147 0.014882 0.307359 -0.000000 0.127684 -0.000000 -0.090111 -0.683190 -0.000000 0.074448 -0.000000 0.146121 -0.000000 -1.467526 0.079793 -0.205215 0.000000 -0.000000 0.000000 0.050867 0.016992 -0.004674 0.187797 0.088384 0.163038 -0.045062 0.083761 -0.090722 0.142328 0.037007 0.193656 0.124367 0.144074 0.017751 0.029933 0.000000 0.091645 -0.000000 0.012776 -0.015053
  -0.000000 0.000000 -0.178127 0.000000 0.022788 0.162976 0.048148 -0.000000 -0.189574 0.010467 0.108855 -0.184037 -0.135954 0.126993 0.112309 0.000000 -0.058016 -0.000000 0.024590 -0.520744 0.000000 -0.033559 -0.173754 -0.106338 -0.109239 -0.176721 0.079051 -0.323257 -0.118851 -0.008321 0.000000 0.025073 0.000000 0.000000 0.186652 -0.016029 -0.277247 0.002056 -0.009057 -0.000000 0.141045 -0.075795 -0.042791 -0.000000 -0.044707 -0.000000 -0.042511 -0.121317 -0.142809 0.000000 -0.072122 0.089786 -0.105443 -0.142688 0.000000 0.019217 0.136322 0.000000 -0.090534 -0.128371 0.034953 0.060251 0.064163 0.000000 0.132343 -0.000000 0.018321 -0.206683 0.000000 -0.580404 -0.000000 -0.448523 -0.000000 -0.063687 -0.488105 -0.051044 -0.000000 -0.000000 0.000000 -0.099267 0.295700 -0.171541 0.187460 -0.027955 0.245644 0.011677 -0.164118 0.080676 -0.122095 -0.073621 -0.045145 0.061355 0.235293 0.159771 0.068499 -0.000000 0.121094 0.000000 -0.260533 -0.278429
  -0.000000 -0.000000 0.309116 -0.000000 -0.016789 0.111319 -0.083416 0.000000 0.096542 0.148472 0.053856 0.003349 0.150229 0.105368 0.034660 -0.000000 0.047921 -0.000000 -0.034476 -0.055692 -0.000000 0.108414 0.103115 0.138090 0.000482 0.097304 0.040545 0.250463 0.013282 -0.162654 0.000000 -0.007870 -0.000000 -0.000000 -0.067100 0.112068 0.203842 0.108400 0.130667 -0.000000 0.055115 -0.596302 -0.078670 -0.000000 0.214396 -0.000000 0.087225 -0.105933 -0.044441 -0.000000 0.046746 0.084803 0.081756 0.019982 -0.000000 0.078825 0.205478 0.000000 0.243691 0.092951 0.177699 -0.148585 0.145237 -0.000000 0.042651 -0.000000 0.039076 -0.011422 -0.000000 -0.001003 -0.000000 -0.097414 -0.000000 0.118975 0.072794 0.090958 -0.000000 -0.000000 0.000000 0.190001 -0.065512 0.099316 0.228271 0.140452 0.113447 0.094811 0.145482 -0.010090 0.046599 0.129649 0.313272 -0.018935 0.323850 -0.071518 0.109957 0.000000 -0.047823 -0.000000 -0.567727 0.071129
  -0.000000 -0.000000 -0.586633 0.000000 0.457161 -0.213764 -0.026083 -0.000000 -0.028128 -0.026858 -0.285940 0.217672 0.063561 -0.070906 0.184024 -0.000000 0.162648 -0.000000 0.182150 -0.000000 0.000000 0.279478 0.073188 0.310065 0.126940 0.051335 0.071995 0.382242 0.034919 -0.562643 -0.000000 -0.089580 0.000000 0.000000 -0.075430 -0.020929 -1.131111 0.324067 0.106264 -0.000000 0.165255 0.080312 0.123913 -0.000000 0.327736 -0.000000 0.258338 -0.260733 0.060206 0.000000 0.106096 0.197574 -0.540932 0.179880 -0.000000 0.011767 0.125668 -0.000000 0.238494 0.265897 0.225196 0.027311 0.337555 0.000000 0.370670 -0.000000 0.008943 1.333766 0.000000 0.015499 0.000000 -0.000000 -0.000000 -0.915166 -0.472326 -1.318742 0.000000 -0.000000 0.000000 0.255577 0.151174 0.079754 0.083308 0.133612 0.057265 -0.255930 0.065954 -0.112680 0.185691 -0.908047 0.212540 0.068812 -0.000207 -0.415518 -0.104066 -0.000000 -0.153504 0.000000 0.099869 -0.651582
  -0.000000 0.000000 0.067137 -0.000000 -0.046462 -0.322398 -0.321467 -0.000000 -0.509250 -0.762025 -0.271593 -0.651199 -0.457444 -0.245704 0.072601 0.000000 -0.629133 -0.000000 -0.263940 0.048723 0.000000 -0.328790 -0.197053 0.138533 -1.071318 -0.088979 -0.690441 -0.358765 -0.621251 -0.656890 0.000000 -0.139191 -0.000000 -0.000000 -0.466077 -1.000923 0.040701 -0.700484 -0.223719 -0.000000 -0.114497 -0.867390 -0.219609 -0.000000 0.130431 -0.000000 -0.844874 -0.000000 -0.067103 0.000000 0.040118 -0.293464 -0.100427 -0.011094 0.000000 0.204375 -0.017568 0.000000 -0.539833 -0.233581 -0.297997 0.038075 -0.037421 -0.000000 0.134444 -0.000000 0.056661 -0.097956 -0.000000 -0.000000 -0.000000 -0.326459 -0.000000 -0.089518 -0.066320 -0.053597 -0.000000 -0.000000 -0.000000 -0.513690 -0.363165 -0.467225 0.009008 -0.258566 -0.387285 -0.037622 -1.506397 0.028400 -0.530060 0.250168 -0.581068 -0.511712 -0.408657 -0.048525 0.268538 -0.000000 -0.284372 -0.000000 0.567032 -0.028546
  -0.000000 -0.000000 0.026482 0.000000 0.025551 0.479029 0.062292 0.000000 0.043535 0.167424 0.019946 -0.000882 0.164738 0.145233 -0.010058 0.000000 -0.056582 -0.000000 -0.037213 -0.182835 -0.000000 -0.083208 0.167212 0.183834 -0.373497 -0.049901 0.087541 -0.056104 0.042363 0.113046 -0.000000 0.037273 0.000000 0.000000 0.144744 0.017858 0.028876 0.115066 -0.006927 -0.000000 0.029906 -0.207536 0.116417 0.000000 0.130988 -0.000000 0.046735 0.356034 0.155074 -0.000000 -0.137785 -0.012290 0.001882 0.161447 0.000000 0.010543 0.183154 -0.000000 -0.047778 0.052142 0.152251 0.034621 0.072672 0.000000 0.096462 -0.000000 0.049214 0.229562 0.000000 -0.569238 -0.000000 0.028505 -0.000000 0.336351 -0.075990 0.177923 -0.000000 -0.000000 -0.000000 0.127271 0.048006 0.071812 -0.021169 -0.172712 -0.139715 -0.058850 0.032261 0.150321 0.054473 0.092459 -0.045188 -0.051377 -0.089863 0.362443 -0.162424 -0.000000 0.122930 0.000000 -0.113139 0.135237
  -0.000000 -0.000000 0.000000 0.000000 -0.301431 -0.365711 -0.838340 -0.000000 -0.133694 -0.264253 -0.465658 -0.073555 -0.154273 -0.031490 -0.269710 -0.000000 -0.520436 -0.000000 -0.350363 0.080509 -0.000000 -0.268079 -0.078182 -0.002979 -0.000000 0.057420 -0.118762 -0.138776 -0.081835 -0.401220 0.000000 -0.054105 -0.000000 -0.000000 -0.519368 -0.329747 -0.000000 -0.057311 -0.218059 0.000000 -0.087183 -1.108395 0.318310 -0.000000 -0.131081 -0.000000 -0.634329 -0.086119 -0.225716 -0.000000 -0.178358 -0.255553 -0.000326 -0.020905 0.000000 -0.210022 -0.221122 -0.000000 -0.133882 -0.155422 -0.164552 -0.005081 -0.120936 -0.000000 -0.229865 -0.000000 0.018109 0.155596 0.000000 -0.000000 -0.000000 0.383930 -0.000000 0.054242 0.156225 0.142503 -0.000000 0.000000 -0.000000 -0.192527 -0.349900 0.061109 -0.391603 -0.046676 -0.499983 0.173794 -0.069109 0.366078 -0.114198 -0.059161 -0.369611 -0.509273 -0.668746 -0.395541 0.396914 -0.000000 -0.439398 -0.000000 -0.000000 -0.616027
  -0.000000 0.000000 -0.175472 0.000000 -0.077077 -0.177975 -0.006199 0.000000 0.049498 -0.002182 0.151515 0.067606 0.225715 0.216539 0.178513 -0.000000 0.133000 -0.000000 0.027338 0.061212 -0.000000 -0.087092 -0.022789 0.032244 -0.129360 0.093543 0.081475 -0.043465 0.100661 0.026140 0.000000 0.084092 -0.000000 -0.000000 0.157594 0.204773 -0.396115 0.204037 -0.072989 0.000000 -0.127563 -0.566828 0.029335 -0.000000 -0.067103 -0.000000 0.041996 0.071493 -0.027141 0.000000 0.055502 0.168789 0.142324 0.091134 0.000000 0.028145 0.032949 -0.000000 0.106893 0.193153 0.206525 0.032769 0.119099 -0.000000 0.061201 -0.000000 -0.042374 0.066586 0.000000 0.183764 0.000000 -0.151496 0.000000 0.209431 -0.108636 0.002306 0.000000 -0.000000 0.000000 0.054577 0.059361 0.232337 0.055986 -0.049807 0.117807 0.014137 0.155566 -0.070775 -0.049286 -0.012654 0.131178 0.129508 0.322305 0.096076 -0.114849 0.000000 -0.129270 0.000000 -3.685234 0.003296
  0.000000 -0.000000 0.070707 0.000000 0.206794 -0.054654 -0.001623 0.000000 0.047099 0.147354 -0.126310 -0.003577 -0.076334 0.096886 0.029667 -0.000000 -0.013101 -0.000000 -0.049883 0.024282 -0.000000 0.180418 -0.122488 0.112170 0.081774 0.062053 0.102066 -0.123047 0.083447 0.060863 0.000000 0.113564 0.000000 0.000000 -0.081058 -0.113190 -0.024354 0.011559 0.141917 -0.000000 0.102894 -0.030895 0.006922 -0.000000 0.081755 -0.000000 -0.029056 0.020588 -0.143411 -0.000000 0.117548 0.137800 -0.382981 -0.102624 -0.000000 -0.093636 0.070729 0.000000 -0.082887 -0.015539 0.185998 -0.014981 0.134522 -0.000000 0.060009 -0.000000 0.035170 -1.767691 -0.000000 0.063328 -0.000000 -0.305523 -0.000000 -0.777093 0.023858 -0.047799 -0.000000 -0.000000 -0.000000 0.225723 -0.118360 0.012347 0.125394 0.070301 0.030188 -0.038023 0.066236 0.007167 0.118200 -0.076257 0.187203 0.139579 0.177716 0.170161 0.069636 -0.000000 0.112297 -0.000000 0.122712 -0.025247
  -0.000000 0.000000 0.123590 -0.000000 0.113613 -0.064272 -0.079217 -0.000000 0.222992 0.251200 0.036559 0.169137 -0.084315 0.334188 -0.105297 -0.000000 -0.066922 -0.000000 0.192979 -0.020610 0.000000 -0.031707 -0.118236 0.137301 0.101884 0.062848 0.012637 -0.010363 -0.081956 0.143647 0.000000 -0.136729 0.000000 0.000000 0.026412 0.203948 0.024387 0.008440 -0.119865 -0.000000 0.164092 0.074180 0.084261 -0.000000 0.057231 -0.000000 0.130004 0.134904 0.077572 -0.000000 0.121152 0.160865 -0.115166 0.090627 -0.000000 -0.079310 -0.091220 -0.000000 -0.014764 -0.027787 0.072153 0.114936 0.278834 0.000000 -0.069425 -0.000000 -0.080977 -0.467707 -0.000000 0.030443 0.000000 0.021670 -0.000000 -2.857327 0.142425 -0.002514 -0.000000 -0.000000 -0.000000 0.040104 0.027182 0.115543 0.107913 -0.136929 0.176733 -0.151454 0.023387 -0.118270 -0.050988 0.000099 0.202862 -0.079528 0.109479 0.009538 -0.002621 0.000000 -0.048866 0.000000 0.196575 0.071943
  -0.000000 -0.000000 0.125579 0.000000 0.077727 0.200135 0.071227 0.000000 -0.088576 0.182011 0.038030 0.171914 -0.128174 0.017464 0.093894 -0.000000 0.001980 -0.000000 0.113354 0.035517 -0.000000 0.147294 0.005199 0.080670 -0.016807 -0.047363 -0.188330 -0.122376 -0.008861 -0.096150 -0.000000 -0.123984 -0.000000 -0.000000 -0.067576 0.137312 0.039550 0.095066 0.004771 -0.000000 0.049016 0.135707 0.295080 -0.000000 0.015956 -0.000000 0.017219 0.031670 0.051678 0.000000 0.026226 -0.057836 -0.030885 0.039973 0.000000 0.110648 0.008544 0.000000 0.062761 0.012643 0.137915 -0.061153 0.158906 0.000000 0.083611 -0.000000 0.046019 -0.167989 0.000000 0.142417 0.000000 0.180686 -0.000000 -1.422329 0.123019 -0.041199 -0.000000 -0.000000 -0.000000 -0.146595 0.125419 0.109291 0.103933 0.157876 -0.046782 0.083153 -0.076255 0.098388 0.118378 0.122923 0.249863 0.055161 0.091329 0.044428 0.101758 -0.000000 0.047275 -0.000000 0.259992 0.146961
  -0.000000 -0.000000 0.099831 -0.000000 0.193166 0.346822 0.151006 0.000000 0.137086 0.083742 -0.030004 -0.089258 0.000886 -0.060346 0.144464 0.000000 -0.077907 -0.000000 -0.033758 -0.014175 0.000000 0.039351 0.173066 -0.097263 -0.251392 -0.005504 0.021503 0.025551 0.066564 0.137271 -0.000000 -0.089561 -0.000000 0.000000 -0.054949 -0.071474 0.279611 0.126263 -0.059693 0.000000 -0.084861 0.060317 0.087609 0.000000 -0.042018 -0.000000 -0.040334 0.246959 0.105689 0.000000 -0.019362 -0.084549 -0.005682 0.066444 -0.000000 -0.088593 0.142931 -0.000000 0.043114 0.138729 -0.072942 -0.028764 0.035495 0.000000 -0.046435 -0.000000 0.180542 0.251121 -0.000000 -0.334153 -0.000000 -0.060160 0.000000 0.153724 -0.015830 0.214894 -0.000000 -0.000000 0.000000 -0.051912 0.140565 0.128275 0.010258 -0.213865 -0.021336 0.173336 0.006363 0.079469 0.077607 0.108178 0.041878 0.109360 -0.092922 0.160944 0.078412 0.000000 0.196751 0.000000 0.258165 -0.056035
  -0.000000 -0.000000 0.153715 0.000000 0.117357 0.225085 -0.129515 0.000000 0.086757 0.129385 0.077556 -0.005784 0.077570 0.147633 0.084183 -0.000000 0.086304 -0.000000 0.057531 0.027095 0.000000 -0.020935 0.176372 0.238855 0.138831 0.196324 0.145729 0.339138 0.091544 -0.119126 -0.000000 -0.048865 0.000000 -0.000000 -0.204944 -0.008215 0.047070 0.009937 0.257919 0.000000 0.169872 -0.031704 0.022859 -0.000000 0.239669 -0.000000 0.133911 0.008147 -0.088384 -0.000000 -0.046580 -0.179883 -0.066699 -0.079997 0.000000 0.182949 0.033799 0.000000 -0.021974 -0.051678 0.010201 -0.046753 0.111803 0.000000 0.239574 -0.000000 0.086485 0.197447 -0.000000 -0.114539 0.000000 -0.113672 -0.000000 0.236850 0.026869 0.121669 -0.000000 -0.000000 0.000000 0.115816 0.158481 0.105971 0.149791 0.043839 -0.118657 0.098152 -0.126075 0.056501 -0.017411 0.034959 0.179174 0.036370 0.365731 0.136875 0.143955 0.000000 0.027444 -0.000000 -0.313420 0.092455
  -0.000000 -0.000000 0.002966 -0.000000 0.023418 0.023290 -0.108816 -0.000000 -0.056539 -0.026150 0.133840 -0.045182 -0.105886 -0.188644 -0.062876 -0.000000 0.113304 0.000000 0.079574 -0.639411 -0.000000 -0.024651 -0.164112 0.006734 0.043454 -0.137134 0.088718 0.098112 -0.099959 0.064919 -0.000000 0.025543 -0.000000 -0.000000 -0.048796 0.109928 0.113194 -0.058283 -0.114535 -0.000000 0.196820 0.065984 0.154543 -0.000000 -0.037340 -0.000000 0.159604 -0.015784 -0.159131 -0.000000 -0.132672 -0.009049 0.164327 -0.050791 -0.000000 -0.111493 0.035649 0.000000 -0.058688 -0.128114 -0.094096 0.093648 -0.009687 -0.000000 -0.036570 -0.000000 -0.092000 -0.070120 0.000000 -0.026605 0.000000 0.054232 -0.000000 0.002881 0.084258 0.072021 0.000000 -0.000000 0.000000 -0.126740 0.079835 0.031448 0.042205 0.038052 -0.121545 -0.080275 -0.076085 0.070160 0.055206 0.045210 0.094286 0.069423 -0.013683 0.243657 0.175143 -0.000000 -0.050564 0.000000 -0.012159 -0.021260
  -0.000000 -0.000000 -0.011366 0.000000 0.310273 0.012909 0.019415 0.000000 0.069097 0.050234 -0.124119 0.194856 0.229883 -0.144220 0.089754 -0.000000 -0.000380 -0.000000 -0.131941 -0.009695 0.000000 0.003480 0.018529 0.007823 -0.196085 0.022658 0.024170 -0.013686 0.101295 -0.073495 -0.000000 -0.102658 -0.000000 -0.000000 -0.040974 0.082318 -0.307164 -0.070722 -0.005612 -0.000000 -0.110856 0.229936 -0.146526 0.000000 -0.168315 -0.000000 0.018868 -0.114561 0.193968 -0.000000 0.010525 0.120989 0.111814 0.026779 -0.000000 -0.011593 0.202339 0.000000 -0.001057 0.240949 -0.208537 -0.113012 -0.022672 -0.000000 -0.065670 -0.000000 0.064064 0.265039 0.000000 -0.267550 -0.000000 0.202086 0.000000 -0.025538 0.249981 0.219846 -0.000000 -0.000000 -0.000000 0.052854 -0.132976 0.103959 -0.116332 0.141802 -0.077637 0.112755 0.129502 -0.270761 0.064662 -0.191143 0.065867 0.058164 -0.167951 -0.162427 -1.046114 0.000000 -0.306466 0.000000 0.065327 -0.610574
  -0.000000 -0.000000 0.104604 -0.000000 -0.055858 0.247796 0.106169 0.000000 -0.058821 -0.070078 0.143513 0.087393 0.117489 -0.051959 0.214479 0.000000 0.219084 -0.000000 0.139599 0.195906 0.000000 0.115433 0.174618 0.061621 0.055689 -0.082950 -0.025889 -0.105943 -0.048111 0.103545 -0.000000 0.076396 -0.000000 -0.000000 -0.122933 0.110653 0.073993 0.033556 0.052076 0.000000 -0.048174 0.066093 0.141263 -0.000000 -0.002514 -0.000000 0.047506 0.109653 0.188959 -0.000000 0.209886 0.023735 0.151708 0.075202 -0.000000 -0.017685 -0.001253 -0.000000 0.115526 -0.027801 0.091509 -0.101146 -0.068291 0.000000 -0.014298 -0.000000 0.092053 0.156846 0.000000 0.142912 -0.000000 0.112220 -0.000000 0.324081 0.202624 0.199815 0.000000 -0.000000 0.000000 0.166047 0.083687 -0.062576 0.116195 -0.021559 -0.056403 -0.084694 -0.019433 0.197660 0.065291 0.008348 0.017230 0.064272 -0.003539 0.094451 0.101452 0.000000 0.063295 -0.000000 -0.010113 0.021805
  0.000000 -0.000000 0.028947 0.000000 0.185408 0.058510 -0.016925 0.000000 0.140048 -0.007380 0.113020 -0.069138 -0.203590 0.090376 -0.026232 -0.000000 0.043748 -0.000000 0.230695 -0.655047 0.000000 -0.135710 -0.207295 0.086633 0.179390 -0.213090 -0.121392 0.124704 -0.025581 0.062273 0.000000 -0.026743 0.000000 -0.000000 0.090223 0.208723 0.115599 -0.209872 0.088991 -0.000000 0.145514 0.050213 -0.102554 -0.000000 -0.023693 -0.000000 0.284030 -0.001709 -0.009976 0.000000 -0.085085 -0.102241 -0.083626 -0.139112 -0.000000 -0.159730 -0.162170 -0.000000 0.040455 -0.174378 0.112193 -0.024962 0.085560 -0.000000 -0.071932 0.000000 -0.120042 -0.052607 0.000000 0.097247 -0.000000 -0.108462 -0.000000 -0.034609 0.070152 0.203505 0.000000 -0.000000 -0.000000 0.082320 -0.098408 -0.202077 0.097595 -0.096049 0.052732 0.136344 -0.148293 0.065786 0.036133 0.082374 0.319282 0.028616 0.060164 0.142074 0.061608 0.000000 -0.037469 0.000000 0.048566 -0.047850
  0.000000 -0.000000 0.098575 0.000000 0.062439 0.209401 -0.035387 0.000000 -0.010912 0.250794 -0.109373 -0.153940 -0.138364 0.152829 -0.090042 -0.000000 0.091384 0.000000 0.209883 -1.433088 -0.000000 0.125982 0.043917 0.119681 0.026281 -0.100350 -0.030757 0.194246 -0.144678 0.124539 -0.000000 0.089297 0.000000 -0.000000 -0.068509 0.191437 0.204471 -0.005796 0.159209 0.000000 -0.112760 0.076975 0.059588 -0.000000 0.087109 -0.000000 0.060316 -0.012644 -0.048795 -0.000000 0.058546 -0.114511 -0.009659 -0.123987 -0.000000 -0.101838 -0.136581 -0.000000 -0.117487 -0.188516 0.145935 -0.051833 0.084782 0.000000 -0.088862 -0.000000 -0.181527 -0.362615 0.000000 -0.053287 -0.000000 0.584326 -0.000000 0.063024 -0.978088 -0.235609 0.000000 -0.000000 -0.000000 0.171345 -0.071874 -0.233963 0.133754 0.000007 -0.059504 0.087475 0.045306 0.004249 -0.150121 0.129018 0.130767 0.092185 0.082338 -0.125016 0.177557 -0.000000 0.016559 0.000000 0.296672 -0.089853
  -0.000000 -0.000000 -0.183024 0.000000 0.043869 0.047110 0.000672 0.000000 0.055322 0.020560 0.028670 -0.098546 -0.159373 0.026152 -0.235088 -0.000000 -0.196471 -0.000000 -0.177808 -0.243082 0.000000 -0.008296 -0.029881 -0.014326 -0.388411 -0.161141 -0.087321 -0.262171 -0.122541 0.002339 -0.000000 0.010908 -0.000000 0.000000 0.000530 -0.147549 0.248555 -0.124713 -0.042576 -0.000000 0.047428 -0.143822 -0.138377 -0.000000 0.032297 -0.000000 -0.090989 -0.103271 -0.064327 -0.000000 0.139307 -0.107006 0.077420 0.026519 -0.000000 0.035579 -0.127177 0.000000 0.026605 -0.163010 -0.133667 -0.134814 -0.030989 -0.000000 -0.005521 -0.000000 -0.095830 -0.022942 0.000000 -0.420843 0.000000 -0.426613 -0.000000 0.001966 0.074535 0.063851 0.000000 -0.000000 0.000000 0.042764 -0.100063 -0.193986 0.113272 -0.039815 0.086316 -0.015981 -0.053316 -0.288838 -0.097457 -0.040904 -0.230828 -0.326310 0.052670 -0.072402 0.109454 -0.000000 0.192155 -0.000000 -0.364579 -0.002963
  -0.000000 -0.000000 -0.464167 -0.000000 0.127280 -0.158848 0.122498 0.000000 -0.205802 0.004721 -0.405854 -0.252435 -0.289178 -0.251139 0.194704 -0.000000 -0.257128 -0.000000 -0.152555 -0.438189 0.000000 0.117878 -0.072351 0.040614 -0.025022 -0.070527 -0.251677 0.239104 -0.230144 -0.265433 -0.000000 -0.089487 -0.000000 -0.000000 -0.274960 -0.184664 -0.010374 -0.076372 0.264158 -0.000000 0.040745 0.027675 0.197999 -0.000000 -0.090365 -0.000000 -0.139665 -0.077866 -0.073801 -0.000000 0.269151 -0.216416 -0.335957 -0.274499 -0.000000 0.051834 -0.267600 -0.000000 0.020878 -0.228790 0.042101 -0.268822 -0.025068 0.000000 0.291146 -0.000000 -0.140253 1.494766 -0.000000 0.020921 -0.000000 -0.000000 -0.000000 -0.170941 0.388391 -0.494832 -0.000000 -0.000000 -0.000000 0.062997 0.148146 -0.304303 0.001892 0.061401 -0.157857 0.180510 -0.175580 0.052245 -0.219707 -0.028699 0.046771 -0.179891 -0.203573 -0.319734 0.001532 -0.000000 0.122762 -0.000000 0.074390 0.029019
  -0.000000 0.000000 0.386555 -0.000000 -0.459872 0.206250 -0.027970 0.000000 0.029142 0.009314 0.163049 0.156985 0.186815 0.003792 -0.937093 0.000000 0.023715 -0.000000 -0.090080 0.026915 -0.000000 -0.329344 0.007373 0.140475 0.261088 0.227006 0.191224 -0.242180 0.077194 -0.025519 0.000000 -0.321415 -0.000000 -0.000000 0.105384 -0.062119 0.032885 0.179083 -0.155190 -0.000000 -0.085618 -0.069236 -0.126614 -0.000000 -0.030221 -0.000000 0.028230 0.018633 0.218757 -0.000000 -0.362257 0.149123 0.115887 0.029279 0.000000 -0.151163 0.020754 0.000000 -0.076538 0.029336 -0.097294 -0.010313 0.048504 -0.000000 -0.375091 -0.000000 0.037925 -0.001032 0.000000 -0.117652 -0.000000 -0.494168 0.000000 -0.308680 0.013155 0.109789 -0.000000 -0.000000 0.000000 0.104646 -0.163920 -0.025976 -0.009677 -0.142809 -0.022550 -0.224259 0.200541 -0.103893 -0.095110 -0.019810 -0.093099 0.036917 0.095098 0.241770 0.382743 -0.000000 -0.004267 -0.000000 -0.115928 0.286913
  0.000000 -0.000000 0.110051 -0.000000 -0.063744 0.193439 0.072702 0.000000 -0.029913 0.018847 -0.140931 0.151177 -0.102889 -0.038205 0.038466 0.000000 -0.078701 -0.000000 -0.085941 -0.409826 -0.000000 -0.127522 0.080731 0.067297 0.214868 -0.040064 -0.262305 -0.093118 0.133737 0.345098 -0.000000 0.167370 -0.000000 0.000000 0.207981 0.151298 0.132478 -0.042701 -0.034268 0.000000 0.001491 0.116367 -0.096552 -0.000000 0.095994 -0.000000 0.100622 0.160667 -0.063944 0.000000 -0.117881 0.114637 -0.198748 -0.056709 -0.000000 0.081495 -0.106193 -0.000000 -0.045022 -0.177359 0.157436 -0.088905 0.079084 0.000000 -0.073390 0.000000 -0.087162 -0.159915 0.000000 -0.264101 -0.000000 -0.266322 -0.000000 -0.000000 0.256610 0.241577 -0.000000 -0.000000 -0.000000 -0.005089 -0.192501 0.045398 0.150387 -0.039380 0.269945 -0.000423 0.002733 0.182797 -0.115095 -1.235128 0.069744 -0.088314 0.166158 0.076829 -0.069189 -0.000000 0.171797 -0.000000 0.084406 -0.077146
  -0.000000 -0.000000 0.120444 -0.000000 0.195532 0.102976 0.056829 -0.000000 0.198956 0.096453 0.055525 -0.022961 0.146666 -0.051664 -0.086428 -0.000000 0.110713 -0.000000 0.047566 0.126591 -0.000000 0.118424 -0.001077 -0.052610 0.038500 0.210530 0.261459 0.048489 -0.021751 0.033345 -0.000000 -0.216906 0.000000 0.000000 -0.077411 -0.152933 0.125198 0.130599 0.008731 0.000000 -0.085046 0.125686 0.129657 -0.000000 -0.082287 -0.000000 0.231146 0.102423 0.122806 -0.000000 -0.063692 -0.041048 0.063048 0.007362 -0.000000 0.003737 0.032710 0.000000 -0.045811 0.022190 -0.099758 -0.084791 -0.097282 0.000000 0.180034 -0.000000 -0.030785 0.455804 0.000000 0.145617 0.000000 0.331612 0.000000 0.590783 0.202358 0.108644 -0.000000 -0.000000 0.000000 0.107190 0.133736 -0.103648 0.028732 -0.102555 -0.033154 -0.053048 0.094327 -0.073053 0.110323 0.146617 -0.026262 0.025645 0.043619 0.247860 0.116611 0.000000 0.142652 0.000000 0.278979 0.092936
  -0.000000 -0.000000 -0.205486 -0.000000 -0.097539 -0.124871 0.160215 -0.000000 -0.107177 -0.133133 0.015451 -0.158085 -0.087158 -0.155831 -0.057145 -0.000000 -0.145377 -0.000000 0.147364 -0.097019 -0.000000 -0.249541 0.151987 -0.029660 -0.313220 -0.089583 -0.156740 -0.206716 -0.185715 -0.063900 -0.000000 0.319386 0.000000 0.000000 -0.016403 -0.029926 -0.332786 0.028718 -0.157660 0.000000 -0.109291 0.053977 -1.228035 -0.000000 -0.007990 -0.000000 -0.090239 -0.009765 0.092727 -0.000000 -0.104895 0.163682 0.104231 -0.082978 -0.000000 0.051395 -0.114227 0.000000 -0.045235 -0.038149 -0.089879 0.002343 -0.054521 0.000000 -0.004467 -0.000000 0.094477 -0.082779 0.000000 -0.090361 0.000000 -0.122217 0.000000 -0.241084 -0.084959 -0.142488 0.000000 -0.000000 0.000000 0.044297 0.048376 -0.010455 0.031440 -0.227524 0.118321 0.188484 0.085794 -0.081208 -0.126122 0.542908 -0.058073 0.036096 -0.196012 -0.107497 -1.077482 0.000000 -0.071643 -0.000000 0.024324 -1.180058
  -0.000000 0.000000 0.312898 0.000000 0.058752 0.759080 0.421431 -0.000000 0.142061 -0.092030 0.105541 -0.094467 0.091835 0.114042 0.002391 0.000000 -0.040695 -0.000000 0.000589 -0.529480 -0.000000 -0.277241 -0.039795 -0.114170 -0.540673 -0.020242 -0.057742 -0.405030 0.132704 0.786955 -0.000000 0.085933 -0.000000 0.000000 -0.056573 -0.061975 0.271809 0.176206 -0.167680 0.000000 -0.159341 -0.227889 -0.120966 -0.000000 -0.072205 -0.000000 -0.206891 0.650024 0.029130 0.000000 -0.046092 0.193184 0.212537 0.148450 0.000000 -0.042667 -0.063566 -0.000000 0.100621 0.051208 -0.061590 0.101849 0.115442 -0.000000 -0.078235 -0.000000 0.187488 0.149740 0.000000 -0.975145 -0.000000 0.549204 0.000000 0.161235 0.214303 -0.088109 0.000000 -0.000000 -0.000000 -0.038845 -0.399453 0.187571 -0.182446 -0.155395 0.213538 -0.073443 -0.072103 0.279895 -0.049310 -0.349098 -0.216249 -0.098084 -0.248619 0.841145 -0.085912 -0.000000 0.137857 -0.000000 0.000000 -0.087972
  0.000000 -0.000000 -0.437516 -0.000000 -0.601186 -0.275980 -0.241335 0.000000 0.462569 0.509399 -0.249681 0.613280 0.334521 0.615887 0.185353 -0.000000 0.503460 -0.000000 0.389269 -1.521741 0.000000 0.084048 0.280009 0.104959 0.092782 0.360182 0.290429 0.165442 0.294481 -0.276457 -0.000000 0.108470 0.000000 -0.000000 0.056580 0.316439 -1.097960 0.306889 0.248898 -0.000000 -0.008162 0.377757 0.996618 -0.000000 0.126677 -0.000000 0.281044 -0.483171 0.401887 -0.000000 0.158383 0.154087 -0.762980 0.317749 -0.000000 0.153001 0.321167 0.000000 0.419255 0.452220 0.481754 0.481845 0.217576 -0.000000 0.138272 -0.000000 0.483269 -0.686120 0.000000 0.174614 -0.000000 0.560698 -0.000000 0.281187 -2.201440 -0.782717 0.000000 -0.000000 -0.000000 0.449743 -0.329499 0.400121 0.442458 0.184725 0.119120 -0.366206 0.341149 -0.086771 0.185223 0.358127 0.473401 0.414763 0.274899 -0.179917 0.005904 0.000000 -0.218594 0.000000 0.306427 -0.022002
  -0.000000 0.000000 -1.605978 -0.000000 0.137712 0.075594 0.213854 -0.000000 0.047627 -0.137594 -0.075314 -0.053778 -0.140111 -0.044263 0.121898 -0.000000 -0.090572 0.000000 0.049692 -1.812537 0.000000 -0.053756 -0.026771 -0.060861 -0.161039 0.007768 -0.011170 -0.094909 -0.016787 -0.010813 -0.000000 0.025337 -0.000000 -0.000000 0.157835 -0.240140 0.120439 -0.178500 0.014959 0.000000 -0.047254 -0.033909 0.013970 -0.000000 -0.007767 -0.000000 0.001933 0.062502 -0.171219 -0.000000 0.003691 0.012976 -0.188756 -0.155561 0.000000 0.029632 0.068494 0.000000 0.059388 -0.216985 -0.167540 -0.216710 0.052817 -0.000000 0.037473 -0.000000 -0.101391 0.004323 -0.000000 -0.190008 0.000000 0.009638 0.000000 -0.060212 0.371444 0.119377 -0.000000 -0.000000 -0.000000 -0.068952 0.124110 -0.131171 0.111027 -0.058228 -0.016350 0.030082 -0.084195 0.207032 -0.148926 0.018454 -0.103799 -0.147966 -0.039789 0.142480 0.187563 -0.000000 0.160283 0.000000 0.048878 0.142240
  -0.000000 0.000000 -0.127056 0.000000 0.339404 0.112521 -0.059361 0.000000 0.130903 0.007745 0.065614 0.108502 -0.113350 0.195117 0.108485 -0.000000 -0.046554 -0.000000 -0.186103 -0.089870 0.000000 0.274266 -0.036425 0.068574 -0.222347 0.009979 -0.044634 -0.049975 -0.161810 -0.303436 -0.000000 0.086242 -0.000000 0.000000 0.048333 -0.039949 0.205113 -0.113352 0.148558 -0.000000 0.116433 0.067453 -0.001892 -0.000000 0.145696 -0.000000 -0.020523 -0.033908 -0.044601 0.000000 0.082327 0.038570 0.008626 0.097987 0.000000 0.149412 -0.031891 0.000000 -0.132095 -0.192680 0.009429 0.015325 0.071670 0.000000 0.192006 -0.000000 0.142586 -0.209831 0.000000 -0.388283 -0.000000 -0.186281 -0.000000 0.052784 -0.169792 -0.090125 -0.000000 -0.000000 0.000000 0.035028 0.092622 -0.035323 0.260094 0.200846 0.050069 0.037882 -0.147688 -0.042378 0.003508 0.001403 0.204273 -0.172284 0.192705 -0.267957 0.114544 0.000000 0.171335 -0.000000 -0.691647 0.299209
  -0.000000 0.000000 -0.491786 -0.000000 -0.200815 -1.402412 -2.478140 -0.000000 -0.042026 -0.067047 -0.066811 -0.001363 0.128958 0.026605 -0.038966 0.000000 -0.156948 -0.000000 0.102793 -0.034398 -0.000000 -0.193694 0.080479 0.019768 -0.750030 0.201864 0.095287 -0.159097 -0.004709 -0.501474 -0.000000 -0.111406 -0.000000 -0.000000 0.008940 0.256652 0.000000 0.245067 -0.075163 -0.000000 -0.050175 -0.446141 -0.355244 -0.000000 0.148463 -0.000000 -0.149312 -1.187981 -0.029004 -0.000000 -0.219796 0.110584 -0.007992 0.033878 -0.000000 -0.015843 0.204273 -0.000000 0.180937 0.199225 0.146872 0.171189 0.034845 0.000000 -0.182277 -0.000000 0.207211 0.170182 0.000000 -1.175758 0.000000 0.106167 0.000000 0.026982 0.064199 0.124852 0.000000 -0.000000 -0.000000 -0.067758 -0.225108 0.136556 -0.117063 -0.114387 0.190089 0.154284 0.184773 -0.360640 0.012886 -0.195914 -0.200612 0.049168 -0.226672 -1.107411 -1.187058 -0.000000 -1.640858 -0.000000 0.000000 -2.258447
  -0.000000 -0.000000 -0.554730 0.000000 0.026838 -0.479367 -0.326568 0.000000 0.201119 0.067099 0.065851 0.170530 0.124511 0.036014 0.167398 0.000000 0.197625 -0.000000 0.153606 0.012957 0.000000 0.099276 0.142317 -0.030251 -0.168041 0.187153 0.194406 -0.037921 0.113911 -0.375336 0.000000 -0.001066 -0.000000 0.000000 0.148551 -0.038992 0.105266 0.046912 0.057104 -0.000000 -0.004833 -0.138846 -0.202386 -0.000000 0.051728 -0.000000 0.280688 -0.191534 0.065574 0.000000 0.148291 -0.148846 0.103009 0.231646 -0.000000 0.021123 0.023576 -0.000000 0.179235 0.171769 0.234637 0.076345 0.019623 -0.000000 0.184886 -0.000000 0.054839 0.299670 0.000000 0.701989 0.000000 0.148069 -0.000000 0.275895 -0.001592 0.026293 0.000000 -0.000000 -0.000000 0.033232 0.058656 0.106582 -0.007782 -0.015270 -0.086446 -0.095324 -0.090498 -0.089478 -0.016557 0.115595 0.279000 0.218280 0.039259 -0.433141 0.116978 -0.000000 -0.364893 -0.000000 -3.858364 0.321330
  -0.000000 0.000000 0.021850 -0.000000 -0.286450 0.043506 0.140122 -0.000000 0.255769 0.103710 -0.250797 0.242491 0.008693 0.068239 -0.154054 -0.000000 -0.053888 0.000000 -0.075610 -1.272777 0.000000 0.163098 0.211712 -0.001763 -0.563152 0.092788 0.106979 -0.088621 0.227918 -0.192442 -0.000000 0.175649 -0.000000 -0.000000 -0.077289 -0.247319 0.330098 0.053430 0.144868 -0.000000 -0.007590 0.089988 -0.130762 -0.000000 0.073637 -0.000000 0.003276 -0.119347 0.048818 0.000000 0.013741 -0.329661 0.025949 0.220367 -0.000000 -0.006459 0.120264 -0.000000 0.181166 -0.025330 0.173646 -0.140655 0.074653 0.000000 0.005561 -0.000000 0.255875 0.050050 0.000000 -0.261199 -0.000000 0.272015 0.000000 0.141674 -0.180746 -0.065963 0.000000 -0.000000 -0.000000 0.064680 -0.035425 -0.012757 -0.129563 0.034504 -0.113279 -0.110769 0.203908 -0.227682 0.120391 0.063870 0.010366 -0.019537 0.065260 -0.005048 0.186916 0.000000 -0.040102 0.000000 -0.040903 0.285663
  -0.000000 -0.000000 -0.730872 -0.000000 0.315115 -0.206666 -0.143591 0.000000 0.264753 0.332994 -0.243171 0.333941 0.306369 0.198049 0.133787 0.000000 0.223403 -0.000000 0.347355 -0.000000 0.000000 0.187903 0.208458 0.446035 0.207937 0.260259 0.191737 0.142312 0.328180 -0.551805 0.000000 -0.121423 -0.000000 0.000000 0.016197 0.095805 -1.248311 0.318247 0.336420 0.000000 0.383612 0.153552 0.014770 -0.000000 0.426594 -0.000000 0.404677 -0.389954 0.343674 0.000000 0.094508 0.218970 -0.748441 0.283671 -0.000000 0.292247 0.309303 0.000000 0.247803 0.455941 0.386128 0.412349 0.313531 0.000000 0.210814 -0.000000 0.153284 0.026297 0.000000 0.105742 -0.000000 -0.000000 -0.000000 -1.222157 -0.691857 -2.073291 -0.000000 -0.000000 -0.000000 0.439130 -0.034749 0.167772 0.397671 0.241212 0.191423 -0.356007 0.245308 -0.195325 0.446391 -1.078092 0.370664 0.239828 0.357854 -0.422280 -0.220881 -0.000000 -0.288627 -0.000000 0.045661 -0.575974
  -0.000000 -0.000000 0.106543 0.000000 0.307231 0.018318 0.173208 -0.000000 -0.138755 -0.226287 0.154404 -0.166382 0.016036 -0.126139 0.041792 -0.000000 0.181445 -0.000000 0.124586 -0.030202 0.000000 -0.040614 -0.082671 -0.197694 0.131488 0.072554 0.050621 0.138145 0.085579 0.114485 0.000000 0.107565 -0.000000 0.000000 0.097419 -0.046207 -0.074931 0.151302 0.195231 -0.000000 0.006344 0.048365 0.071336 -0.000000 -0.222822 -0.000000 0.039882 0.194858 -0.067683 0.000000 0.010199 0.031496 0.056565 0.012624 -0.000000 -0.069013 0.003655 0.000000 0.003854 -0.122858 -0.087937 0.118598 -0.255893 -0.000000 0.208970 -0.000000 -0.003587 0.270140 -0.000000 0.010809 0.000000 0.007093 -0.000000 0.289157 0.160314 0.235222 -0.000000 -0.000000 -0.000000 0.015277 0.269000 0.144284 0.128714 0.098339 0.098008 0.182556 0.099920 0.176050 -0.123971 0.182983 -0.006575 0.006904 0.034386 0.051853 0.053343 0.000000 0.163247 -0.000000 0.044511 0.069611
  0.000000 0.000000 0.000000 -0.000000 -0.000000 0.000000 -0.000000 0.000000 0.000000 0.000000 -0.000000 -0.000000 0.000000 -0.000000 0.000000 -0.000000 -0.000000 -0.000000 -0.000000 0.000000 -0.000000 -0.000000 -0.000000 -0.000000 -0.000000 -0.000000 0.000000 0.000000 0.000000 0.000000 -0.000000 0.000000 0.000000 -0.000000 0.000000 -0.000000 -0.000000 0.000000 -0.000000 -0.000000 -0.000000 -0.000000 -0.000000 0.000000 0.000000 0.000000 -0.000000 0.000000 0.000000 -0.000000 0.000000 0.000000 0.000000 -0.000000 -0.000000 0.000000 0.000000 0.000000 0.000000 0.000000 -0.000000 0.000000 -0.000000 0.000000 0.000000 -0.000000 0.000000 -0.000000 -0.000000 -0.000000 -0.000000 -0.000000 -0.000000 0.000000 0.000000 0.000000 -0.000000 0.000000 0.000000 -0.000000 0.000000 -0.000000 0.000000 -0.000000 -0.000000 0.000000 -0.000000 -0.000000 0.000000 0.000000 0.000000 -0.000000 -0.000000 0.000000 -0.000000 -0.000000 0.000000 -0.000000 -0.000000 -0.000000
  -0.000000 -0.000000 0.109290 -0.000000 0.204504 0.181795 0.078235 -0.000000 -0.097768 -0.185872 -0.086245 0.074265 0.150752 0.057641 -0.024975 -0.000000 0.125910 -0.000000 0.132184 0.012800 0.000000 0.155705 0.181730 -0.034679 -0.362759 0.010436 0.137181 -0.052558 -0.034593 -0.038453 -0.000000 0.001621 0.000000 -0.000000 -0.065180 0.155313 -0.561389 0.139930 -0.000805 0.000000 -0.079906 0.135652 -0.132949 0.000000 -0.127679 -0.000000 -0.088833 0.056603 0.059194 -0.000000 0.093967 -0.068318 0.122111 0.045377 -0.000000 0.019148 0.198550 0.000000 0.095753 0.055595 -0.014336 0.092679 0.049541 -0.000000 -0.036883 -0.000000 0.082168 0.083082 -0.000000 -0.876215 0.000000 0.046826 -0.000000 0.027277 -0.053398 0.141910 0.000000 -0.000000 0.000000 0.094451 0.054611 0.041183 0.194184 -0.153399 0.044220 -0.010052 0.092986 0.046594 0.108535 -0.035683 0.073475 0.111951 -0.146658 0.030578 -2.226228 0.000000 -0.277375 -0.000000 -0.293601 -0.875471
  0.000000 0.000000 -0.254678 -0.000000 -0.138549 -0.105186 0.051805 0.000000 0.063118 -0.047205 0.009896 -0.045546 0.188436 0.029969 0.271010 0.000000 0.115936 -0.000000 0.085884 0.005753 -0.000000 0.137250 -0.075239 0.128360 0.006240 0.164165 -0.027978 0.254259 0.043839 0.128073 0.000000 0.177575 -0.000000 0.000000 0.135970 0.168045 -0.230352 0.039371 0.118478 -0.000000 0.067288 -0.128890 -0.106752 -0.000000 0.112866 -0.000000 0.047516 0.161087 -0.004376 -0.000000 0.167559 0.100519 -0.195258 0.157340 -0.000000 0.068599 -0.046678 0.000000 -0.018569 0.037258 -0.092084 -0.045276 -0.058567 -0.000000 -0.101025 -0.000000 -0.079077 -0.023155 -0.000000 0.010938 0.000000 -0.437571 0.000000 0.013403 -0.936281 -0.123936 -0.000000 -0.000000 -0.000000 0.026494 0.122325 0.039272 0.024790 -0.043458 -0.025967 -0.150389 0.127741 0.099236 0.068528 -0.085952 0.072488 0.182746 0.087719 -0.071231 0.150965 -0.000000 0.185728 0.000000 -0.272599 -0.094579
  -0.000000 -0.000000 -0.484786 0.000000 0.058953 -0.000000 -1.375034 -0.000000 -0.093262 -0.198852 -0.556509 -0.048899 -0.049624 -0.223547 -0.048275 0.000000 -0.013931 -0.000000 -0.022273 0.056714 0.000000 -0.671484 -0.084061 -0.025780 0.000000 -0.168370 -0.102186 -0.014502 -0.080601 -0.428538 -0.000000 0.710073 0.000000 -0.000000 0.013082 -0.143484 -0.000000 -0.306766 -0.055391 0.000000 -0.025704 -0.374732 0.000000 0.000000 0.012588 -0.000000 -0.068373 -0.000000 0.048268 -0.000000 -0.287892 0.239256 0.142823 -0.142106 -0.000000 -0.149639 -0.130513 0.000000 -0.223669 -0.199163 -0.096079 0.050394 -0.061625 -0.000000 -0.128670 -0.000000 -0.194668 -0.109960 0.000000 -0.000000 -0.000000 0.003014 0.000000 0.380348 0.035154 0.080779 -0.000000 -0.000000 -0.000000 -0.243058 -0.511619 -0.216335 0.068103 0.020022 -0.142560 0.121065 -0.204444 1.358219 -0.290286 0.805399 0.058200 -0.197937 -0.341131 0.000000 0.000000 -0.000000 -0.000000 0.000000 -0.000000 -0.000000
  -0.000000 -0.000000 0.245266 -0.000000 0.037620 0.196784 0.164355 0.000000 -0.100611 -0.144822 0.033863 0.015253 0.126168 -0.096830 0.077545 0.000000 0.163178 -0.000000 -0.001020 0.026818 0.000000 0.139672 0.158873 0.097115 -0.565677 -0.098544 -0.084931 0.001850 0.112686 0.172796 -0.000000 0.076389 0.000000 -0.000000 -0.064615 -0.032828 -2.056932 0.036794 -0.094534 -0.000000 0.054028 0.071974 -0.014960 0.000000 -0.113347 -0.000000 0.133023 0.168953 0.115116 -0.000000 -0.146257 0.005054 -0.025017 0.116895 0.000000 0.097449 0.124419 -0.000000 0.105455 0.072020 0.027775 0.083092 -0.011805 -0.000000 -0.004972 -0.000000 -0.038561 0.121952 -0.000000 -0.589278 -0.000000 0.029090 -0.000000 0.227667 0.057528 0.090997 -0.000000 -0.000000 -0.000000 0.125897 0.299841 0.134214 0.211448 -0.143036 0.005853 0.092652 0.056367 0.325236 0.067100 -0.021956 -0.036204 0.173257 0.053388 0.259684 -0.714633 0.000000 0.047987 -0.000000 -0.702964 -0.968727
  -0.000000 -0.000000 -0.006757 -0.000000 0.082162 -0.095474 -0.061304 0.000000 0.143870 -0.030521 0.234790 0.079648 -0.047812 -0.066534 0.056382 0.000000 0.009785 -0.000000 0.161694 0.016184 0.000000 0.073886 -0.084868 0.164160 0.033985 0.070150 0.116454 -0.045195 0.172934 0.175244 -0.000000 0.127342 0.000000 0.000000 0.205363 0.184543 -0.457501 -0.019558 -0.051597 -0.000000 0.067609 -0.368489 -0.210233 0.000000 0.126224 -0.000000 0.141706 0.037169 -0.024780 0.000000 -0.143254 0.122147 0.015745 0.180258 -0.000000 0.094033 0.098456 0.000000 0.021160 -0.011431 0.140255 -0.095343 -0.044661 -0.000000 0.079803 -0.000000 0.169132 -0.036720 -0.000000 0.064829 -0.000000 -0.148466 0.000000 0.103575 -0.289319 0.064163 0.000000 -0.000000 0.000000 -0.049625 0.266360 -0.010639 0.077072 0.051883 0.312214 -0.012588 -0.016767 -0.092955 0.005617 0.174082 0.046813 0.228124 0.220512 0.195107 -0.098231 -0.000000 -0.118204 0.000000 -4.100404 0.021240
  -0.000000 0.000000 -0.000000 -0.000000 -0.026061 -0.000000 -0.000000 -0.000000 -0.031106 -0.036486 -1.427165 0.021445 -0.026424 0.005826 -0.061434 0.000000 -0.326993 -0.000000 -0.327505 -0.025810 -0.000000 0.024816 -0.186491 -0.031079 0.000000 -0.042169 0.052159 -0.132386 0.009975 0.047406 0.000000 -0.485343 0.000000 0.000000 -0.684023 -0.409829 0.000000 -0.427144 0.177609 -0.000000 0.025830 -0.223124 0.300615 -0.000000 -0.092204 -0.000000 -0.362201 -0.000000 -0.077065 -0.000000 0.079887 -0.821650 0.128103 -0.077973 -0.000000 -0.065519 0.008635 -0.000000 -0.022532 -0.112147 -0.013351 0.059212 -0.114695 -0.000000 0.114718 -0.000000 0.030090 -0.012960 0.000000 -0.000000 -0.000000 0.370048 0.000000 -1.175617 0.058294 -0.098542 0.000000 -0.000000 0.000000 -0.096111 -0.385244 -0.194158 -0.327509 0.179682 -0.400969 0.145084 -0.127277 -0.027310 -0.244521 -0.215353 -0.285664 -0.375865 -1.355047 -0.000000 0.119947 0.000000 -0.000000 -0.000000 -0.000000 -0.000000
  -0.000000 0.000000 -0.297887 0.000000 0.133215 0.249522 0.019856 -0.000000 0.000917 0.047901 0.125651 0.030980 0.123361 0.058548 0.354563 -0.000000 -0.146251 -0.000000 -0.136663 0.284158 -0.000000 0.052079 0.019242 0.053530 0.306813 -0.078252 0.119335 0.349743 -0.018268 -0.108902 -0.000000 -0.000000 0.000000 -0.000000 -0.710278 0.113368 0.064128 0.012035 0.039660 0.000000 -0.170062 0.269275 -0.096247 0.000000 0.042738 0.000000 -0.023916 -0.254454 -0.102505 0.000000 -0.244068 -0.189621 -0.031202 -0.063737 -0.000000 -0.051016 0.178088 0.000000 0.078558 -0.013298 0.141504 -0.323678 0.021804 -0.000000 -0.169862 -0.000000 0.065064 -0.526516 -0.000000 -0.519008 0.000000 0.433057 0.000000 -0.000000 -0.144212 0.115120 -0.000000 -0.000000 0.000000 0.102973 0.233777 -0.095195 -0.069076 0.094801 -0.180652 -0.236639 -0.175766 0.044812 -0.225363 -0.075853 0.175819 0.003210 0.098337 -0.117779 0.142840 -0.000000 -0.237325 0.000000 0.070790 -0.065906
  0.000000 0.000000 -0.498908 0.000000 0.010046 -0.645462 0.165656 0.000000 0.099838 0.206014 -1.403822 0.076394 -0.346792 0.008517 0.299019 -0.000000 0.104368 0.000000 -0.105342 -0.198527 -0.000000 0.483463 -0.038802 0.066354 -0.176544 -0.221169 -0.533752 0.183631 0.026388 -0.306915 -0.000000 0.490006 0.000000 0.000000 -0.378202 -0.610440 1.172907 -0.416182 0.415086 0.000000 0.160489 0.205100 -0.254423 -0.000000 -0.081479 -0.000000 0.147619 -0.287426 -0.421410 -0.000000 0.207652 -1.076135 0.212519 -0.286690 0.000000 0.079854 -0.269432 0.000000 -0.184992 -0.304716 0.038207 -0.385393 0.041883 -0.000000 0.341205 -0.000000 -0.242516 -0.301356 0.000000 0.261400 0.000000 0.407270 -0.000000 -0.000000 0.075244 0.028909 -0.000000 -0.000000 0.000000 -0.055761 -0.321417 -0.431591 -0.147166 0.293219 -0.332460 0.431849 -0.325379 -0.318685 -0.274091 -0.741278 0.215940 0.078545 0.086794 -0.431367 1.744578 -0.000000 0.268601 0.000000 0.874906 1.448577
  -0.000000 -0.000000 -0.588096 -0.000000 -0.044188 -0.263964 -0.313347 -0.000000 0.214995 0.187519 -0.035085 0.283104 0.036712 0.294551 0.055018 0.000000 -0.016792 -0.000000 0.069142 0.032179 -0.000000 0.027831 0.234220 0.047329 -0.354942 0.051209 0.092133 0.186137 0.133275 -0.841313 0.000000 -0.192150 0.000000 -0.000000 0.172286 0.060421 0.167946 0.191308 0.052379 -0.000000 0.096597 -0.095605 0.175591 0.000000 0.174426 -0.000000 0.179188 -0.287651 0.034619 -0.000000 0.152331 0.259117 -0.103061 0.144096 0.000000 0.258665 0.235653 -0.000000 0.064503 0.007258 0.053392 0.022499 0.191546 -0.000000 -0.008677 -0.000000 0.222961 0.100995 -0.000000 -0.438125 -0.000000 -0.086256 -0.000000 0.157151 0.074199 -0.091739 0.000000 -0.000000 -0.000000 0.301074 -0.093782 0.193661 0.128902 0.043430 0.053959 -0.137101 0.017606 -0.208839 0.086271 0.256383 0.212939 0.104739 0.045622 -0.417754 -1.032385 -0.000000 -0.467644 0.000000 -0.691817 -0.124542
  -0.000000 -0.000000 -0.307412 -0.000000 -0.005362 -0.057508 -0.256500 0.000000 0.044351 0.032970 0.018520 -0.182821 -0.058131 0.126093 -0.038078 0.000000 0.077427 -0.000000 -0.213371 -0.092339 -0.000000 0.196957 0.044257 0.047076 -0.017443 -0.107031 -0.111009 0.073117 -0.129369 -0.378547 0.000000 -0.034350 -0.000000 -0.000000 0.088459 -0.115355 0.223785 -0.064300 0.202911 0.000000 0.030295 0.174415 -0.157438 -0.000000 -0.090733 -0.000000 0.045126 -0.033229 -0.094273 -0.000000 0.084225 0.053416 -0.097215 0.113670 -0.000000 -0.038950 0.106633 -0.000000 -0.227405 -0.119500 -0.153433 0.066086 0.060157 -0.000000 0.087435 -0.000000 0.099161 0.018013 0.000000 -0.285119 -0.000000 -0.400436 0.000000 0.011453 -0.040010 0.088038 -0.000000 -0.000000 -0.000000 -0.131053 0.118102 -0.100882 0.084083 -0.016638 0.059629 -0.099128 0.046050 -0.314983 -0.090970 0.164389 -0.150061 -0.144582 0.347495 -0.130027 -0.129236 -0.000000 -0.000683 0.000000 -0.585959 0.057752
  -0.000000 -0.000000 -2.150732 -0.000000 -0.209023 -0.102827 0.171934 -0.000000 -0.096595 -0.066292 -0.134214 0.030343 0.050873 -0.119480 0.084508 -0.000000 -0.057716 -0.000000 0.018290 -0.115915 0.000000 0.172920 -0.125763 -0.024865 -0.020618 0.069295 -0.146457 0.094090 -0.083455 -0.078078 -0.000000 -0.021669 0.000000 -0.000000 0.066219 -0.248955 0.001274 -0.118998 -0.063776 0.000000 -0.025973 0.041941 0.046594 -0.000000 -0.067318 -0.000000 -0.059985 0.012431 -0.047449 0.000000 0.133261 -0.162232 -0.241848 -0.095483 -0.000000 0.018709 0.053952 -0.000000 0.000302 -0.165949 -0.013320 0.045249 0.024721 -0.000000 0.042721 -0.000000 -0.018146 -0.082158 -0.000000 -0.019521 0.000000 0.022173 0.000000 -0.150383 0.578860 -0.042598 -0.000000 -0.000000 -0.000000 -0.073498 0.045428 0.054143 0.135383 0.065798 -0.004364 -0.047423 0.084478 0.007509 0.013540 -0.014691 0.015939 0.008987 0.141829 -0.077470 0.156012 -0.000000 0.100784 0.000000 0.164881 0.232881
  0.000000 -0.000000 -0.011703 -0.000000 0.150751 0.017178 -0.017947 -0.000000 0.060416 0.076002 0.016838 -0.128638 -0.103286 0.245365 -0.104347 0.000000 0.183519 -0.000000 0.239593 -1.090484 -0.000000 -0.006123 -0.201468 0.119674 0.141146 -0.079948 0.028522 0.213504 -0.156942 0.286115 -0.000000 0.003993 0.000000 -0.000000 0.078574 0.091403 0.068706 0.027361 -0.034784 -0.000000 -0.043025 0.031324 0.014788 -0.000000 0.078786 -0.000000 0.267508 -0.015300 -0.047469 0.000000 -0.034783 0.039330 0.051198 -0.013728 0.000000 0.050865 -0.123449 0.000000 -0.033359 -0.199645 0.090035 -0.149734 0.018106 -0.000000 -0.197777 0.000000 -0.195546 -0.177920 -0.000000 -0.056835 -0.000000 -0.227859 0.000000 -0.039296 0.230921 0.115612 -0.000000 -0.000000 0.000000 -0.050823 0.058051 -0.138640 0.087714 0.132960 0.102599 0.162356 -0.054562 0.080438 -0.047988 0.082509 0.151043 0.101122 0.279506 0.099621 0.106952 0.000000 -0.112796 -0.000000 0.013062 0.200036
  -0.000000 -0.000000 -0.159561 -0.000000 -0.501213 -0.422614 -0.038088 0.000000 -0.043905 -0.050842 -0.189893 -0.041160 0.000464 0.103184 -0.621840 0.000000 0.214866 -0.000000 -0.067142 -0.412114 0.000000 0.101542 -0.070795 -0.010115 -0.087067 0.094989 0.212460 0.116623 0.197886 -0.185239 0.000000 0.025457 0.000000 -0.000000 -0.062593 -0.125807 -0.114723 0.132581 0.254070 -0.000000 0.025637 0.259334 0.040347 -0.000000 0.016135 -0.000000 0.136463 -0.390302 -0.024154 0.000000 0.188648 0.009137 0.308555 -0.096454 0.000000 -0.046578 -0.048425 -0.000000 0.040166 0.004802 0.068553 0.060368 0.066028 -0.000000 0.125334 -0.000000 -0.010163 0.299261 -0.000000 -0.004975 -0.000000 -0.492298 0.000000 -0.820498 -0.003800 -0.276336 0.000000 -0.000000 0.000000 -0.043734 -0.391931 0.158718 -0.010006 0.108252 -0.042167 0.092354 0.080207 0.090723 0.175736 -0.173547 0.084706 -0.014211 0.110023 -0.212697 -0.058461 -0.000000 -0.003979 -0.000000 0.169667 -0.105393
  -0.000000 0.000000 -0.487260 0.000000 0.015657 -0.119681 -0.114057 -0.000000 0.009446 -0.248179 -0.058237 -0.234366 -0.037520 -0.667481 0.208700 0.000000 -0.127379 -0.000000 -0.094653 -0.094336 0.000000 -0.261415 -0.154554 -0.139103 -0.074388 0.096535 -0.240715 -0.278410 -0.186078 -0.064988 -0.000000 -0.258423 0.000000 -0.000000 -0.054812 -0.467570 -0.124917 0.146837 -0.233732 0.000000 -0.242241 0.172440 -0.185174 -0.000000 -0.124412 -0.000000 -0.108165 -0.065018 -0.028368 -0.000000 -0.381638 -0.457838 0.100029 -0.169095 -0.000000 -0.054753 -0.004002 -0.000000 -0.299263 -0.118917 -0.113517 -0.266611 -0.027528 0.000000 -0.165426 -0.000000 0.064573 0.366731 0.000000 -0.040176 -0.000000 -0.025739 0.000000 -0.309421 0.123377 -0.055026 -0.000000 -0.000000 -0.000000 -0.003361 0.100947 -0.025792 -0.064863 -0.149860 -0.074012 0.194324 0.014676 -0.031044 -0.259818 -0.140596 -0.137459 -0.026151 -0.337467 0.000059 -0.029763 -0.000000 -0.033363 0.000000 0.097217 -0.072747
  -0.000000 0.000000 -0.065064 -0.000000 0.105899 0.011957 -0.192582 -0.000000 0.044751 0.082948 0.228982 0.179603 -0.049697 0.036268 0.087560 -0.000000 0.160343 -0.000000 0.113139 0.037551 0.000000 0.127027 0.202291 0.151809 0.167098 0.014269 0.021264 -0.059789 0.138370 0.241812 -0.000000 0.056952 0.000000 0.000000 0.287978 0.280208 -0.394090 0.046327 -0.014211 -0.000000 -0.113865 -0.434710 -0.070806 0.000000 0.041467 -0.000000 0.163362 -0.083165 0.106232 -0.000000 -0.111705 0.247573 -0.147317 0.224909 -0.000000 0.177170 -0.021739 0.000000 0.038733 0.172971 0.029667 -0.000572 0.181002 -0.000000 -0.148856 -0.000000 0.149994 -0.038943 -0.000000 0.025861 0.000000 -0.056938 -0.000000 0.101114 -0.230660 -0.064354 -0.000000 -0.000000 -0.000000 0.192324 0.122479 0.104907 0.253233 -0.019215 0.321904 -0.147765 -0.026594 -0.040244 0.009100 -0.053942 0.105793 0.135478 0.359919 -0.019633 -0.127271 -0.000000 -0.177415 0.000000 -3.741780 0.089260
  -0.000000 0.000000 0.163753 -0.000000 0.185341 0.279850 -0.106311 -0.000000 0.038244 0.088121 0.108626 0.104469 0.140145 0.106627 0.053420 -0.000000 0.183579 -0.000000 0.151391 -0.218682 0.000000 -0.219900 -0.029514 0.054850 -0.273212 0.107531 0.042443 -0.161174 0.040618 0.542551 -0.000000 0.090433 0.000000 -0.000000 -0.085569 0.198998 0.000000 0.162380 -0.016823 -0.000000 -0.015776 0.219745 0.252210 -0.000000 -0.113568 -0.000000 0.118668 0.276749 0.221392 -0.000000 -0.068414 -0.010782 -0.040170 0.150660 -0.000000 0.101075 0.118776 0.000000 -0.013418 0.134420 -0.106891 0.178027 -0.104799 0.000000 -0.222274 -0.000000 0.073400 -0.033155 0.000000 -0.834264 -0.000000 0.199095 -0.000000 -0.048526 0.157851 -0.091612 -0.000000 -0.000000 -0.000000 0.052604 -0.282567 0.165285 -0.191083 -0.035619 -0.086371 0.041488 0.264726 0.475498 0.207219 -0.374191 -0.139458 -0.035427 -0.191494 0.302468 0.302170 -0.000000 -0.132688 -0.000000 -0.668828 -0.238699
  -0.000000 0.000000 -0.106977 -0.000000 0.158369 0.024288 0.021753 -0.000000 -0.090569 -0.201509 -0.007839 -0.091149 -0.037830 -0.211029 -0.100994 0.000000 -0.088270 -0.000000 -0.140373 0.259377 -0.000000 0.161020 0.093480 0.028709 0.165790 0.017287 -0.085312 -0.038169 -0.200639 0.259570 0.000000 -0.354927 -0.000000 -0.000000 -0.328631 -0.328093 0.121746 -0.218183 0.012136 0.000000 -0.172077 0.148246 0.095344 -0.000000 0.063777 -0.000000 0.012322 0.044941 -0.127376 -0.000000 0.037127 -0.415470 0.139964 0.088615 0.000000 -0.085331 0.022936 -0.000000 0.002147 -0.180796 -0.173601 -0.388910 0.085218 -0.000000 0.013161 -0.000000 -0.025056 0.254044 0.000000 -0.226335 -0.000000 0.065612 0.000000 0.319131 -0.038906 0.144007 0.000000 -0.000000 -0.000000 -0.019015 0.506329 -0.169498 -0.036787 -0.025297 -0.292570 0.196564 -0.336126 -0.088356 -0.333635 0.051441 -0.166219 -0.088386 -0.148273 0.035984 0.337468 -0.000000 0.010764 0.000000 0.037550 0.183971
  -0.000000 0.000000 -0.103830 0.000000 -0.096284 -1.659388 -1.423829 0.000000 0.069285 0.162768 -0.008694 0.160598 0.060312 0.054326 0.127994 -0.000000 0.061179 -0.000000 0.023094 0.219383 0.000000 0.162173 0.090032 0.207066 -1.685277 0.175656 0.170436 0.147139 0.172350 -0.856481 -0.000000 -0.083942 -0.000000 -0.000000 0.084779 0.151414 -0.040801 0.036500 0.013444 0.000000 0.127652 0.134464 -0.301315 -0.000000 0.106019 -0.000000 0.281035 -1.136203 0.012272 -0.000000 -0.098069 0.018232 0.003221 0.256749 0.000000 0.091820 0.151129 -0.000000 0.073837 0.016715 0.221537 0.052321 0.199791 0.000000 -0.036227 -0.000000 0.171115 0.216642 0.000000 -1.621403 0.000000 -0.086180 0.000000 0.165612 0.018680 -0.075195 0.000000 -0.000000 -0.000000 0.110292 0.025275 0.191237 0.019105 0.167665 0.052177 -0.072832 0.114459 -0.715180 0.152771 -0.306659 0.203808 0.091866 0.272388 -1.233673 -0.956962 0.000000 -1.704840 -0.000000 -0.000000 -2.594432
  0.000000 -0.000000 0.050383 0.000000 0.262910 -0.137178 0.080775 0.000000 0.121066 0.145460 0.127678 0.033099 0.042517 0.209848 0.242123 0.000000 0.036836 -0.000000 0.129129 -0.170593 -0.000000 0.013324 0.129676 0.199907 0.166579 0.193102 -0.138687 -0.169860 0.179896 -0.037666 0.000000 -0.164748 -0.000000 0.000000 0.109008 0.226847 -0.097623 0.085341 0.146556 0.000000 0.096581 0.184203 0.131448 0.000000 0.057281 -0.000000 0.213427 -0.095202 0.163642 -0.000000 0.033065 0.250381 -0.052181 0.014517 0.000000 0.060050 0.022393 0.000000 0.113047 0.054114 0.027430 0.303480 0.034885 -0.000000 0.104216 -0.000000 0.047741 -0.231863 0.000000 -0.264250 0.000000 0.287394 0.000000 -0.000000 0.086239 -0.099579 0.000000 -0.000000 -0.000000 0.086337 -0.313532 0.038618 0.014503 0.070455 0.170398 0.007914 0.016527 -0.040469 0.160004 -0.310540 0.186192 -0.019034 0.145384 0.093528 -0.203404 -0.000000 -0.177883 -0.000000 0.055378 -0.121486
  -0.000000 -0.000000 -0.082951 0.000000 0.129413 0.051449 -0.084576 0.000000 0.247235 0.152162 0.045263 0.102637 0.195861 0.237420 -0.065361 -0.000000 0.112662 -0.000000 -0.000878 0.208901 -0.000000 -0.030090 -0.013159 0.091464 0.281487 -0.029359 0.219566 -0.160332 -0.061989 -0.138517 0.000000 -0.764492 0.000000 0.000000 -0.165655 -0.136379 0.028516 0.131340 -0.025193 0.000000 0.318481 0.331233 0.156316 -0.000000 0.240150 -0.000000 0.241698 -0.155102 0.048922 -0.000000 0.076520 -0.022900 0.231172 0.212973 0.000000 0.239977 0.124806 -0.000000 0.272140 -0.022083 0.232719 0.000294 0.165607 -0.000000 0.049643 -0.000000 0.167694 0.000003 -0.000000 0.240327 0.000000 0.333593 -0.000000 -0.042898 0.084250 -0.190386 -0.000000 -0.000000 -0.000000 0.090045 -0.103894 0.149988 0.248196 0.196347 0.029543 -0.063681 0.235202 -0.060303 -0.000821 0.031134 0.286169 0.189514 0.031359 -0.144774 0.085377 0.000000 -0.210982 -0.000000 0.410770 0.035973
  -0.000000 -0.000000 0.101775 -0.000000 0.200309 0.192087 0.159927 -0.000000 0.029609 -0.240931 0.145438 -0.002105 0.122119 -0.179312 -0.098587 -0.000000 0.037904 -0.000000 0.349734 0.173744 0.000000 -0.023216 0.020170 -0.054331 0.125956 0.087644 -0.055992 0.061351 -0.168977 0.125849 0.000000 0.134840 -0.000000 -0.000000 0.003905 0.085735 -0.022204 -0.026918 0.195147 -0.000000 -0.032471 0.021639 -0.042466 -0.000000 -0.204189 -0.000000 0.156519 0.222766 -0.077516 -0.000000 0.208490 0.005913 0.107599 0.129413 0.000000 -0.162776 -0.102045 -0.000000 0.044235 0.132728 -0.088392 0.092169 -0.051643 0.000000 0.169574 -0.000000 0.011133 0.115100 0.000000 0.025388 -0.000000 -0.069804 0.000000 0.436100 -0.080213 0.206181 -0.000000 -0.000000 -0.000000 -0.043682 0.245005 -0.029714 0.137288 0.161488 0.068000 -0.039578 -0.019460 0.103760 0.100805 0.185099 -0.131710 0.027577 0.010708 -0.122530 0.060278 -0.000000 0.201604 0.000000 0.088368 -0.101846
  0.000000 0.000000 0.000000 -0.000000 0.000000 0.000000 -0.000000 -0.000000 0.000000 0.000000 0.000000 0.000000 0.000000 -0.000000 -0.000000 0.000000 -0.000000 -0.000000 0.000000 0.000000 -0.000000 -0.000000 -0.000000 -0.000000 0.000000 -0.000000 0.000000 0.000000 0.000000 -0.000000 0.000000 -0.000000 -0.000000 0.000000 -0.000000 0.000000 -0.000000 -0.000000 0.000000 0.000000 -0.000000 0.000000 -0.000000 0.000000 -0.000000 0.000000 -0.000000 0.000000 -0.000000 -0.000000 -0.000000 -0.000000 -0.000000 -0.000000 -0.000000 -0.000000 -0.000000 0.000000 0.000000 -0.000000 -0.000000 0.000000 0.000000 -0.000000 0.000000 0.000000 -0.000000 0.000000 0.000000 0.000000 -0.000000 0.000000 0.000000 -0.000000 0.000000 -0.000000 -0.000000 -0.000000 0.000000 0.000000 -0.000000 0.000000 -0.000000 0.000000 0.000000 0.000000 0.000000 -0.000000 0.000000 0.000000 -0.000000 0.000000 0.000000 -0.000000 0.000000 0.000000 0.000000 -0.000000 -0.000000 -0.000000
  -0.000000 0.000000 0.096246 -0.000000 -0.055630 0.112983 0.049955 0.000000 0.110474 0.175294 -0.049991 0.020750 -0.069771 0.211678 0.055079 -0.000000 -0.158717 -0.000000 0.067090 -0.044809 -0.000000 0.045484 -0.136743 0.178596 0.005900 -0.036932 -0.177236 -0.007282 -0.073836 0.203044 0.000000 0.068409 0.000000 -0.000000 0.178569 0.107360 0.033239 0.036992 0.103472 0.000000 0.134942 0.149235 -0.020459 -0.000000 0.193180 -0.000000 0.066149 0.087484 -0.066409 -0.000000 0.074573 -0.011285 0.176400 0.004763 0.000000 -0.021798 0.047963 0.000000 -0.010354 -0.086720 0.127712 0.002762 0.091061 0.000000 0.129286 0.000000 0.013811 -0.002502 0.000000 0.010039 -0.000000 -0.069583 -0.000000 -1.424523 -0.090926 0.108160 -0.000000 -0.000000 0.000000 0.053889 0.119615 0.001470 0.012830 -0.025728 -0.028495 -0.061588 -0.037993 0.190721 -0.163074 -0.064132 0.003645 0.007455 0.068899 0.092535 0.010833 -0.000000 -0.031002 0.000000 -0.015649 0.122079
  -0.000000 0.000000 -0.326399 -0.000000 -0.112792 -0.489997 0.141089 -0.000000 0.130340 0.068662 -0.300727 -0.010176 0.095981 -0.050498 0.065776 -0.000000 -0.052440 -0.000000 -0.001848 -0.030525 -0.000000 -0.032277 0.150516 -0.002814 0.132651 -0.050857 0.032862 0.069975 0.076226 -0.217752 0.000000 -0.087765 0.000000 0.000000 0.122023 -0.022793 -0.000000 -0.005249 -0.044795 0.000000 -0.232410 0.346144 0.065218 0.000000 -0.010631 -0.000000 -0.123759 -0.637253 0.154660 0.000000 -0.220390 -0.039371 -0.003660 0.012918 -0.000000 -0.115721 -0.083139 0.000000 0.144855 0.140420 0.106185 -0.002514 0.024958 -0.000000 0.024315 -0.000000 0.005918 0.087930 -0.000000 0.000887 -0.000000 0.126791 0.000000 0.222111 0.009460 0.079016 0.000000 -0.000000 -0.000000 -0.039573 -0.111821 0.030740 -0.019207 -0.033848 -0.079898 -0.054702 0.081468 -0.629724 0.124051 -0.493067 -0.060617 0.138768 -0.150544 0.067842 0.000000 0.000000 -0.618003 0.000000 -1.213245 -0.000000
  -0.000000 -0.000000 0.016869 -0.000000 0.256273 -0.063792 0.018377 0.000000 0.015363 -0.017255 0.000425 0.179498 0.213111 0.142288 0.088018 0.000000 0.195392 -0.000000 0.293725 0.034291 -0.000000 -0.124555 0.175410 -0.073002 -0.030259 0.212642 0.091045 -0.032795 0.218508 -0.191924 0.000000 -0.418131 -0.000000 0.000000 -0.035353 0.308162 -0.515507 0.064603 -0.042376 -0.000000 0.097429 0.194326 0.159741 -0.000000 0.072082 -0.000000 0.116994 -0.016388 0.200769 -0.000000 0.045040 0.133338 0.067529 0.084153 -0.000000 -0.030956 0.091189 -0.000000 0.204194 0.182042 0.104938 0.026924 0.155770 -0.000000 0.139918 -0.000000 0.233090 0.195586 0.000000 -0.205660 -0.000000 -0.001047 -0.000000 -0.057110 0.000030 0.127410 -0.000000 -0.000000 0.000000 -0.000697 -0.112305 0.208160 0.097799 0.081970 0.047766 -0.027333 0.145015 0.003251 0.212365 -0.425136 0.082080 0.244118 0.135668 0.151591 -0.607335 0.000000 -0.138814 0.000000 0.055459 -0.258685
  -0.000000 0.000000 -0.090649 0.000000 -0.289965 0.023847 0.140337 -0.000000 -0.209257 -0.265684 0.307825 -0.095810 -0.182725 -0.177320 -0.373339 0.000000 -0.134220 0.000000 0.050343 0.040342 0.000000 -0.214837 -0.063844 0.100237 -0.191957 -0.242415 -0.476831 -0.283124 0.029182 -0.001017 0.000000 0.418766 0.000000 -0.000000 -0.363364 -0.015018 -0.380290 -0.084528 -0.100120 0.000000 -0.000340 -0.048030 -0.050283 -0.000000 -0.096634 -0.000000 -0.325770 0.155997 0.071071 -0.000000 0.303822 -0.135731 -0.033619 -0.164349 -0.000000 -0.015293 0.082854 -0.000000 -0.191106 -0.075958 -0.244560 -0.075677 -0.000161 -0.000000 -0.114103 -0.000000 -0.016417 -0.153715 0.000000 0.219382 0.000000 -0.162083 -0.000000 -0.000000 -0.393546 -0.136915 -0.000000 -0.000000 0.000000 -0.339062 -0.515135 0.074828 0.031044 -0.301069 0.046366 -0.152501 -0.064024 0.185164 0.043286 -0.362236 -0.149960 -0.236656 -0.102802 -0.221144 -0.286601 -0.000000 0.148054 0.000000 0.025169 -0.601499
  -0.000000 -0.000000 -0.696492 -0.000000 0.017755 -0.027720 -0.160746 0.000000 0.057976 0.196541 -0.168642 0.101713 0.020067 0.163736 0.182923 0.000000 0.117983 -0.000000 0.211311 0.059032 0.000000 0.180237 0.098115 0.194816 -0.582856 0.169462 0.190950 0.156265 0.251935 -0.628264 0.000000 -0.350048 -0.000000 0.000000 0.223992 0.192509 0.318605 0.215108 0.173368 -0.000000 0.059361 -0.172589 0.140145 -0.000000 0.099968 -0.000000 0.163884 -0.255604 0.204540 -0.000000 0.092242 -0.072754 0.039379 0.209938 0.000000 0.079582 0.109923 -0.000000 0.210225 0.275772 0.168844 0.087437 0.116858 -0.000000 0.121612 -0.000000 0.198576 0.224303 0.000000 -0.182261 0.000000 0.188738 0.000000 -0.044524 0.009290 0.034513 -0.000000 -0.000000 -0.000000 0.205323 -0.065742 0.103094 -0.032129 0.093399 -0.022947 -0.118521 0.106280 -0.114377 0.080023 0.198328 -0.001005 0.150117 -0.122167 -0.488113 -0.921020 0.000000 -0.563249 -0.000000 -0.184423 0.158984
  -0.000000 -0.000000 0.042222 -0.000000 -0.703670 -0.039699 0.013776 -0.000000 -0.041339 0.032771 0.029609 -0.050741 0.191963 -0.118376 -0.337026 -0.000000 -0.001907 -0.000000 0.256998 -0.070065 -0.000000 -0.114712 0.179745 0.098873 0.079469 0.065099 0.154218 -0.245145 0.100391 0.123625 0.000000 -0.035985 -0.000000 0.000000 0.122422 0.111218 -0.111168 0.077007 -0.070911 0.000000 -0.033002 -0.207812 -0.042135 -0.000000 0.099803 -0.000000 -0.130636 -0.036175 0.111135 0.000000 -0.220193 0.104290 -0.416048 0.160591 -0.000000 0.004161 -0.036690 0.000000 -0.044833 0.255313 0.014855 0.144253 0.164702 0.000000 0.012999 -0.000000 0.082129 -0.821876 -0.000000 0.038806 -0.000000 -0.304217 0.000000 -1.015326 -0.064965 0.172084 0.000000 -0.000000 0.000000 -0.062701 -0.197819 0.216145 0.023187 -0.134514 0.290136 0.205206 0.057192 0.171414 0.173743 0.069761 -0.002819 -0.030627 0.056332 -0.043586 0.028902 0.000000 0.086822 0.000000 0.121526 0.136403
  -0.000000 -0.000000 -0.179878 0.000000 -0.415002 0.148036 -0.031904 -0.000000 0.161798 -0.135751 0.097055 0.092597 0.153180 -0.306244 -0.027573 -0.000000 0.062944 -0.000000 0.063742 -0.038348 0.000000 -0.820300 0.069001 0.106060 0.260822 0.204569 -0.167268 -0.677020 0.018219 -0.075392 -0.000000 -0.213608 -0.000000 -0.000000 0.248050 -0.060912 -0.003746 0.132534 -0.147946 -0.000000 -0.181600 0.046334 0.012824 -0.000000 -0.016432 -0.000000 0.149345 -0.206775 0.018377 -0.000000 -0.517023 -0.241029 0.183319 0.111546 -0.000000 -0.166582 0.166656 0.000000 -0.145363 -0.163526 0.058125 -0.088878 -0.069763 0.000000 -0.363635 -0.000000 -0.031688 0.227574 -0.000000 -0.187710 0.000000 0.143152 -0.000000 0.143229 0.056978 0.041335 0.000000 -0.000000 -0.000000 -0.114802 -0.184599 -0.019682 0.034911 -0.186144 -0.038954 -0.094387 -0.039615 0.055023 -0.051558 -0.086217 0.109278 0.014149 -0.139032 0.001920 0.173706 -0.000000 -0.142318 0.000000 -0.074499 0.104220
  -0.000000 0.000000 -0.000000 -0.000000 0.146284 0.750002 0.800656 0.000000 -0.100708 -0.126513 -0.137818 -0.182124 -0.144234 -0.141224 -0.246837 -0.000000 -0.348379 0.000000 -0.154667 -1.721438 0.000000 -0.138734 0.016167 -0.024034 -0.987669 0.037224 -0.079876 -0.469863 -0.095291 0.358567 -0.000000 -0.034959 -0.000000 -0.000000 0.006796 -0.034119 -0.000000 -0.029484 0.029299 0.000000 0.128159 -0.146263 0.452650 -0.000000 0.137691 -0.000000 -0.335282 0.305573 -0.180736 0.000000 -0.013095 0.097324 0.041031 -0.035887 -0.000000 0.084281 -0.008376 0.000000 -0.034066 -0.022173 0.082836 -0.138682 -0.063367 -0.000000 0.008776 -0.000000 -0.165242 -0.109905 -0.000000 -0.726078 -0.000000 0.271171 0.000000 -0.140455 -1.397766 -0.108094 -0.000000 0.000000 -0.000000 -0.018989 0.000423 0.055964 -0.291131 0.110698 -0.095051 0.068132 -0.113286 0.390233 -0.002430 -0.017715 -0.360799 -0.233853 0.052471 0.177884 0.570280 0.000000 0.578123 0.000000 0.487189 0.538935
  -0.000000 -0.000000 -0.255671 -0.000000 -0.041241 0.256804 -0.068565 -0.000000 0.161643 0.054514 -0.144395 -0.013475 0.158048 0.233392 -0.038969 -0.000000 0.012731 -0.000000 -0.026843 0.161620 -0.000000 0.185840 0.137019 0.124851 -0.265536 0.231031 -0.009498 -0.156636 0.096906 -0.102395 0.000000 -0.339931 0.000000 -0.000000 0.061412 0.124128 0.242427 0.084681 0.128677 0.000000 0.057840 -0.229462 0.063829 -0.000000 0.068163 -0.000000 0.034120 0.007262 0.070644 -0.000000 0.153606 -0.013752 -0.097533 0.101900 0.000000 0.156642 0.094614 0.000000 0.007126 0.234744 0.031604 -0.154842 0.062507 -0.000000 0.028396 -0.000000 0.241634 0.159596 -0.000000 -0.595426 -0.000000 0.118577 -0.000000 0.263221 0.021914 -0.037908 0.000000 -0.000000 -0.000000 0.200246 -0.033528 0.006039 0.108322 -0.118185 0.019022 0.001441 -0.001768 0.020047 0.147275 0.028389 -0.044627 0.126306 -0.221805 -0.197698 -0.070012 0.000000 0.008414 0.000000 -0.005033 0.239777
  -0.000000 -0.000000 -0.111781 0.000000 0.084346 -1.298101 -0.302540 0.000000 0.036670 -0.068274 -0.019407 0.132578 0.065560 0.095390 -0.091650 0.000000 0.021485 -0.000000 -0.089565 -0.089646 -0.000000 0.035050 0.048301 0.121513 0.387854 0.109108 0.025293 0.062730 0.086666 0.016344 -0.000000 0.115032 0.000000 -0.000000 -0.067507 0.063955 -0.465780 -0.014911 0.076518 0.000000 0.001845 0.271350 0.109306 0.000000 0.100483 -0.000000 0.088018 -1.511651 -0.158493 0.000000 -0.050681 0.054024 0.187029 0.053959 -0.000000 0.058137 0.111010 -0.000000 -0.021387 -0.044464 -0.098649 0.060975 0.100348 0.000000 0.108030 -0.000000 -0.083012 0.099307 0.000000 -0.096303 0.000000 0.067880 0.000000 0.327026 -0.088284 0.141446 0.000000 -0.000000 -0.000000 0.049628 0.068214 -0.035522 0.106635 0.103960 0.104733 -0.005609 -0.065045 -0.843697 -0.085574 -0.381931 0.136546 0.052663 -0.075188 -0.373404 0.008445 -0.000000 -1.242362 0.000000 -0.315453 -0.294035
  -0.000000 0.000000 -0.468327 -0.000000 -0.072945 0.032179 -0.057251 -0.000000 -0.095027 -0.091315 -0.190898 -0.246875 -0.206680 -0.049053 -0.323806 -0.000000 -0.431034 -0.000000 -0.292692 0.103318 0.000000 0.256036 0.014797 0.010887 -0.630403 -0.122836 -0.030597 0.189424 -0.125687 0.016925 -0.000000 -0.031340 -0.000000 -0.000000 -0.382729 -0.314896 0.173674 0.016666 -0.003977 0.000000 -0.013273 -0.195487 -0.071348 -0.000000 -0.135623 -0.000000 -0.365322 0.475772 -0.053460 0.000000 0.292849 -0.160122 0.068153 -0.121293 -0.000000 -0.044086 0.034434 -0.000000 -0.148260 -0.028961 -0.022304 0.011592 0.077935 0.000000 0.046021 -0.000000 0.089776 -0.032977 -0.000000 -0.000000 0.000000 0.252402 -0.000000 -0.223349 0.253029 0.128235 -0.000000 -0.000000 0.000000 -0.118839 0.007902 -0.183169 -0.239885 0.009100 -0.224324 -0.101147 -0.269103 -0.126707 -0.242642 0.081329 -0.389508 -0.410165 -0.377547 0.206104 -0.558635 0.000000 0.031640 0.000000 -0.698033 -0.251891
  -0.000000 0.000000 -0.528947 0.000000 -0.104336 -1.928199 -2.162666 0.000000 0.167342 0.247826 -0.001008 0.057034 -0.003324 0.205176 0.160376 -0.000000 0.184451 -0.000000 0.018751 0.146128 -0.000000 0.160536 0.199010 0.197003 -1.532160 0.143405 0.242686 0.176535 0.225891 -0.861339 -0.000000 -0.105850 0.000000 -0.000000 0.006752 0.197364 -0.000000 0.045325 0.008155 -0.000000 0.139367 0.175791 -0.629786 -0.000000 0.050627 -0.000000 0.042120 -1.157935 -0.001534 -0.000000 -0.026737 -0.007337 0.072722 0.112653 0.000000 -0.005615 0.024974 -0.000000 0.223908 0.081505 0.130335 0.080141 -0.017489 0.000000 0.082238 -0.000000 0.172035 0.096979 -0.000000 -1.152008 -0.000000 -0.059863 0.000000 0.138356 0.069141 -0.015150 -0.000000 -0.000000 -0.000000 0.202675 -0.018089 0.076329 0.023469 0.095712 0.184666 -0.020875 0.033600 -0.652837 0.213852 -0.411638 0.265914 0.117897 0.183754 -1.361229 -1.203708 0.000000 -1.850232 0.000000 -0.000000 -2.208100
  -0.000000 -0.000000 -0.154574 0.000000 -1.201275 -0.234651 0.034737 0.000000 -0.175714 -0.249662 0.151996 -0.085958 -0.131092 -0.355074 -0.886270 0.000000 -0.295547 0.000000 -0.212082 -0.573837 -0.000000 -0.116128 -0.112405 -0.236658 0.002762 -0.225912 0.015558 -1.422597 -0.279361 -0.062409 0.000000 -0.058607 -0.000000 -0.000000 -0.106125 0.178036 0.084327 -0.108207 -0.296324 0.000000 -0.223878 -0.415880 -0.210417 -0.000000 -0.148898 -0.000000 -0.089894 -0.458565 0.276252 -0.000000 -0.214179 0.241275 0.234736 0.017022 -0.000000 -0.126541 -0.190373 -0.000000 -0.247095 -0.178878 -0.388584 0.026020 -0.209470 -0.000000 -0.263174 -0.000000 0.057733 -0.025410 -0.000000 -0.464217 0.000000 1.262017 0.000000 -0.117247 -0.319745 0.253174 0.000000 -0.000000 0.000000 -0.235612 0.144043 -0.144830 0.073358 -0.228522 0.057765 0.030504 0.004689 -0.091253 -0.010096 0.107636 -0.277489 0.095549 -0.301803 -0.601591 -0.258215 0.000000 -0.112592 -0.000000 -0.238378 -0.422107
  -0.000000 0.000000 -0.397906 0.000000 -0.286751 -0.175943 -0.064708 0.000000 0.088531 0.071055 -0.498962 0.285952 0.271224 0.254502 0.057676 0.000000 -0.122422 -0.000000 0.028402 0.152921 0.000000 -0.134285 0.142945 0.100008 -0.375732 0.116417 0.144233 -0.178833 0.098358 -0.556573 0.000000 -0.211913 -0.000000 0.000000 0.010805 -0.116307 0.406586 0.162225 -0.084358 0.000000 -0.004762 -0.807638 0.279563 -0.000000 0.127987 -0.000000 -0.055195 -0.126596 0.017172 -0.000000 -0.114188 0.050760 0.131812 0.025589 0.000000 -0.010232 0.063398 0.000000 0.141948 0.171844 -0.011165 0.143126 0.080424 -0.000000 -0.107237 -0.000000 0.169916 0.059701 -0.000000 -0.345405 -0.000000 0.153183 -0.000000 0.022743 0.105000 0.054695 0.000000 -0.000000 0.000000 0.152296 -0.242520 0.299455 -0.024844 0.039709 0.091621 -0.004407 0.007874 -0.295058 0.217666 0.155239 0.051545 -0.196327 -0.382769 -0.338221 -0.949851 0.000000 -0.193955 -0.000000 0.116977 0.005777
  0.000000 -0.000000 -0.000000 -0.000000 0.376027 0.016280 0.030580 -0.000000 0.190043 0.285543 0.126564 0.275877 0.369104 0.365823 0.305347 -0.000000 0.183992 -0.000000 -0.048898 -0.000000 -0.000000 0.183746 0.244666 0.441946 -0.027357 0.367742 0.252950 0.161469 0.264738 -0.260384 -0.000000 -0.364929 -0.000000 -0.000000 0.252350 0.291406 -0.012298 0.346650 0.200759 0.000000 0.417447 0.211964 0.536881 -0.000000 0.274638 -0.000000 0.162175 -0.279162 0.253367 -0.000000 0.271282 0.127699 -0.527164 0.232155 -0.000000 0.349696 0.139765 0.000000 0.363544 0.351212 0.379480 0.170363 0.213532 -0.000000 0.119940 -0.000000 0.300620 -0.465584 0.000000 0.078930 -0.000000 0.025455 -0.000000 -0.514725 -0.306422 -0.466421 0.000000 -0.000000 -0.000000 0.287447 0.172213 0.272584 -0.006468 0.461142 -0.065508 -0.331951 0.228277 0.240803 0.240004 -0.235030 0.079638 0.175980 0.198051 -0.211566 0.307209 0.000000 -0.090187 -0.000000 0.236871 0.199059
  -0.000000 0.000000 0.110862 0.000000 -0.073892 0.092870 0.097998 -0.000000 0.292530 0.089279 -0.102581 -0.048566 -0.019576 0.124389 0.115915 0.000000 0.015146 -0.000000 0.086303 -0.090713 0.000000 0.056587 -0.087714 0.086963 0.055094 0.003590 -0.114541 -0.071889 0.079741 0.208879 0.000000 0.042133 0.000000 0.000000 0.026795 0.086468 0.049396 0.014382 0.082250 0.000000 0.154508 0.104421 -0.026311 -0.000000 0.195939 -0.000000 0.119368 0.100249 -0.114467 0.000000 -0.017702 0.028300 0.167620 0.022844 0.000000 0.034344 0.023399 0.000000 0.076202 0.128903 0.032837 0.203309 0.060310 -0.000000 -0.116014 0.000000 -0.027635 -0.098646 0.000000 0.034769 -0.000000 0.092813 -0.000000 -1.763866 -0.009243 -0.026517 0.000000 -0.000000 0.000000 0.218200 -0.109025 0.052666 0.171106 -0.115352 -0.004257 -0.113759 0.081437 -0.034025 -0.012126 -0.041840 0.093547 0.027904 0.155177 0.123363 0.012296 -0.000000 0.077158 -0.000000 0.050328 0.099446
  -0.000000 0.000000 -0.219669 0.000000 -0.747683 0.066586 0.148522 0.000000 0.405082 0.010300 -0.277395 0.449014 0.469015 0.329183 -0.685486 0.000000 -0.241546 -0.000000 -0.311463 -1.440394 0.000000 -0.002297 0.434255 0.257551 -0.546264 0.263814 0.223137 -0.397954 0.222850 -0.015643 0.000000 -0.029951 0.000000 0.000000 0.012188 0.064120 0.301556 0.326615 0.052793 -0.000000 0.053097 0.234672 0.024543 -0.000000 0.058871 -0.000000 -0.398999 -0.043251 0.152475 0.000000 -0.138867 0.040938 -0.244867 0.234964 0.000000 0.006201 0.236504 -0.000000 0.336962 0.369098 0.045715 0.134153 0.124800 -0.000000 0.055575 -0.000000 0.373727 -0.276803 0.000000 -0.093160 0.000000 0.302790 0.000000 -0.147671 0.012162 0.050009 -0.000000 -0.000000 0.000000 0.375812 -0.028484 0.247615 -0.584926 0.088575 -0.148137 -0.240328 0.154763 -0.174771 0.456110 0.137247 -0.343699 -0.300670 -0.193549 0.292683 -0.346605 0.000000 -0.291831 0.000000 0.404520 0.141826
  0.000000 0.000000 0.077569 -0.000000 0.070759 0.135835 0.025480 -0.000000 0.045040 0.239689 -0.005490 0.097090 -0.063061 0.082681 -0.010327 -0.000000 -0.056748 -0.000000 0.059748 -0.027129 0.000000 0.002670 0.000523 0.285160 0.118430 0.041360 0.123318 0.123640 0.104988 0.137889 0.000000 0.014977 -0.000000 0.000000 -0.031947 0.152157 -0.091769 0.031348 0.233793 -0.000000 0.267565 -0.014089 0.128936 -0.000000 0.215147 -0.000000 0.141755 -0.013883 0.167805 0.000000 0.208732 -0.020696 -0.256888 -0.021103 -0.000000 0.155071 -0.075037 0.000000 -0.010752 0.015214 0.114146 0.087604 0.056606 -0.000000 0.158179 -0.000000 -0.083530 -1.312909 -0.000000 0.084816 -0.000000 0.012438 0.000000 -0.799073 0.064622 -0.025071 -0.000000 -0.000000 -0.000000 0.017388 -0.129901 0.010859 0.221747 0.075582 0.176949 0.089011 0.000085 0.053680 0.145253 -0.063165 0.121579 0.016847 0.183273 0.083764 0.079578 0.000000 0.142716 0.000000 0.022620 0.040884
  -0.000000 0.000000 -0.962015 -0.000000 -0.212262 -0.080224 -0.055375 0.000000 0.025060 -0.041740 -0.375386 -0.006965 0.126925 0.072577 0.060746 -0.000000 -0.137871 -0.000000 -0.265299 0.161787 -0.000000 0.016021 0.075672 -0.071763 -1.664585 -0.005104 0.067909 0.018579 -0.139091 -0.743333 -0.000000 -0.191351 -0.000000 0.000000 -0.179577 -0.191478 1.155048 -0.000386 -0.123727 -0.000000 0.104436 0.419611 0.726090 0.000000 0.050694 -0.000000 -0.202615 -0.077978 -0.041235 -0.000000 0.236888 -0.424544 0.095496 0.067946 -0.000000 0.272086 0.013293 0.000000 -0.011658 0.074489 0.070017 -0.245468 0.105974 -0.000000 0.092469 -0.000000 -0.123513 -0.047234 -0.000000 -0.000000 -0.000000 0.033538 0.000000 -0.124575 0.058984 0.051177 0.000000 -0.000000 -0.000000 -0.093606 0.247778 0.076108 -0.087368 -0.032904 -0.263003 0.027568 -0.087414 0.267332 -0.086957 0.095053 -0.057757 -0.201754 -0.026967 -0.552661 -0.000000 -0.000000 -0.845804 -0.000000 0.212846 0.744841
  -0.000000 -0.000000 -0.000000 -0.000000 -0.037810 -0.000591 -0.000617 0.000000 -0.212618 -0.260649 -0.536483 -0.054357 -0.130660 -0.238574 -0.556238 -0.000000 -0.700473 -0.000000 -0.620828 -0.007320 -0.000000 -0.078022 -0.062905 0.042248 -0.000000 -0.019446 -0.125824 -0.219420 -0.229667 -0.336701 0.000000 0.044077 0.000000 -0.000000 -0.614363 -0.387408 -0.000000 -0.087796 0.095362 -0.000000 -0.010802 -1.879876 0.247454 -0.000000 -0.074300 -0.000000 -0.633874 -0.476608 -0.146528 -0.000000 -0.186254 -0.504658 0.271760 0.064235 -0.000000 0.027682 -0.020856 -0.000000 -0.206379 0.052511 -0.064317 -0.006480 0.030090 -0.000000 -0.247614 -0.000000 -0.189255 -0.023665 -0.000000 -0.000000 -0.000000 0.354550 -0.000000 -0.090359 0.174346 0.083424 0.000000 0.000000 -0.000000 0.024288 -0.337769 0.017838 -0.555528 0.147189 -0.392281 0.126794 -0.227126 0.364733 -0.055191 -0.001317 -0.572929 -0.431525 -1.049235 -0.737428 0.374487 -0.000000 -0.000628 0.000000 -0.000000 -0.389026
  -0.000000 -0.000000 -1.742037 -0.000000 -0.123385 -0.113283 0.093404 -0.000000 0.107247 0.035762 -0.093962 -0.076860 -0.005764 -0.038445 -0.025431 -0.000000 -0.057516 0.000000 -0.044238 -0.848221 -0.000000 -0.038796 -0.124889 0.115653 -0.018187 -0.009749 0.077005 -0.012878 0.094073 -0.144818 -0.000000 -0.016781 -0.000000 0.000000 0.053036 -0.048717 -0.036080 -0.151187 0.098439 0.000000 0.086981 0.031491 0.048964 -0.000000 -0.118680 -0.000000 -0.062452 -0.022525 -0.085506 0.000000 -0.014189 0.050761 -0.382131 -0.100299 0.000000 -0.158272 -0.053332 -0.000000 -0.127429 -0.113856 -0.002245 -0.033654 -0.002703 -0.000000 0.071086 -0.000000 -0.143491 -0.165833 -0.000000 -0.070969 0.000000 0.027094 -0.000000 -0.186523 0.007341 -0.177843 0.000000 -0.000000 0.000000 0.049350 0.087919 -0.105965 0.163537 0.171936 0.177634 0.039686 0.062974 0.057556 -0.126801 -0.063903 0.008390 0.185452 -0.005907 -0.167991 0.149666 0.000000 0.069273 -0.000000 0.054404 -0.072689
  0.000000 -0.000000 0.009844 -0.000000 -0.041718 0.149676 0.105625 0.000000 0.057829 0.129072 -0.138218 0.178590 0.003866 -0.011302 -0.003709 -0.000000 0.235051 -0.000000 0.059871 -1.070879 -0.000000 0.157644 0.179422 0.139965 0.209029 0.036756 -0.078573 -0.075489 0.041704 0.227760 -0.000000 0.025857 -0.000000 0.000000 0.104133 -0.012442 0.186437 -0.158752 0.109051 0.000000 0.039256 0.046930 -0.652831 -0.000000 0.158858 -0.000000 0.191666 -0.008976 0.054187 0.000000 0.068543 0.023777 0.013252 -0.066750 -0.000000 -0.072590 0.129816 -0.000000 0.022132 -0.187426 0.000216 0.115313 -0.084033 -0.000000 0.113824 0.000000 -0.168823 0.086946 0.000000 -0.015120 -0.000000 -0.006906 -0.000000 -0.480103 0.206748 0.015480 0.000000 0.000000 -0.000000 0.031395 -0.108207 0.051046 0.073776 0.015742 0.151963 0.073911 -0.037983 -0.164754 0.007246 0.257732 0.082944 0.271210 0.106430 0.205453 0.028471 -0.000000 -0.010680 0.000000 0.097461 0.211689
  0.000000 0.000000 0.025354 -0.000000 0.301615 -0.094254 0.001844 -0.000000 0.315073 0.164346 -0.160407 0.297040 0.144269 0.137780 0.189483 0.000000 0.120955 -0.000000 0.296421 -0.723243 -0.000000 0.206124 0.196540 -0.015277 0.238102 0.383787 -0.058841 -0.053927 0.145856 -0.075133 -0.000000 0.108973 0.000000 0.000000 0.038251 0.218841 0.047179 0.206136 0.109005 -0.000000 0.180830 0.090944 -0.677301 -0.000000 0.039558 -0.000000 0.127105 -0.033912 0.154006 0.000000 -0.049100 -0.013503 -0.050827 0.216277 0.000000 0.109072 0.330056 0.000000 0.179470 0.056764 0.037052 0.287209 0.191161 0.000000 0.010625 0.000000 0.372835 -1.579987 0.000000 -0.001201 -0.000000 0.048434 -0.000000 0.000000 0.188209 -0.080061 0.000000 0.000000 -0.000000 0.226450 -0.942212 -0.015694 0.267833 0.092466 0.190905 -0.280486 0.148844 -0.136090 0.161817 -0.180858 0.268905 0.336551 0.048412 0.017456 -0.200965 0.000000 -0.025991 0.000000 0.234385 -0.179289
  -0.000000 -0.000000 -0.161316 0.000000 -0.048310 -0.074859 -0.176666 -0.000000 -0.082796 -0.070344 0.092732 -0.230009 -0.067667 -0.126522 0.144216 -0.000000 -0.026603 -0.000000 -0.032099 -0.764862 0.000000 0.066411 0.001042 -0.189748 0.031020 -0.107658 -0.177224 0.137875 -0.142754 0.099081 0.000000 0.113131 -0.000000 -0.000000 0.075187 0.185376 -0.062720 -0.186876 0.101964 0.000000 -0.078342 -0.016136 -0.147505 -0.000000 -0.155091 -0.000000 0.167900 -0.084920 -0.123955 -0.000000 -0.061963 0.060071 -0.106056 -0.129613 -0.000000 -0.187182 -0.182280 -0.000000 -0.152279 -0.190958 -0.136903 0.054787 -0.024911 0.000000 0.083420 -0.000000 0.036773 -0.407187 -0.000000 -0.075471 -0.000000 -4.064387 -0.000000 -0.032954 -0.750997 0.034083 -0.000000 -0.000000 -0.000000 0.041266 0.126770 -0.183347 0.134152 0.171676 -0.033502 0.012399 0.085785 0.031841 -0.081150 -0.116008 0.199267 0.218691 0.226806 -0.067540 0.095669 -0.000000 0.089670 0.000000 -0.073890 -0.005335
  -0.000000 -0.000000 0.089559 -0.000000 0.086563 -0.087897 0.019395 0.000000 0.362761 0.252078 -0.073494 -0.093556 0.159273 0.233680 0.159709 0.000000 0.116044 -0.000000 0.092656 0.209729 0.000000 0.064718 0.003609 0.139487 0.073102 0.077978 0.144162 0.000286 0.123246 0.060858 0.000000 -0.045746 -0.000000 0.000000 -0.158645 0.104257 0.045708 0.179032 0.012379 -0.000000 0.257534 0.021147 -0.048694 -0.000000 0.327143 -0.000000 0.121715 0.008894 0.163113 0.000000 0.041392 -0.013898 0.210204 -0.020430 0.000000 0.081103 0.044183 -0.000000 0.128999 -0.000625 0.184827 -0.001821 0.078746 -0.000000 0.020083 -0.000000 -0.051434 -1.007210 -0.000000 0.101513 -0.000000 0.412011 0.000000 -1.298196 0.106126 -0.192481 0.000000 -0.000000 -0.000000 0.100141 0.056403 0.045917 0.289865 0.089108 -0.000204 0.059757 0.199851 0.095683 0.068645 0.092447 0.269018 -0.053109 0.105466 -0.040834 0.059121 -0.000000 0.204308 -0.000000 0.200922 0.023798
  -0.000000 -0.000000 0.214680 0.000000 0.175845 0.119363 0.170311 -0.000000 0.061768 -0.017182 0.084850 -0.110723 -0.095006 -0.016423 0.138227 -0.000000 0.084678 -0.000000 0.165687 0.140588 0.000000 -0.001429 -0.044362 0.036326 -0.570557 -0.023036 -0.045444 0.073087 0.080860 0.122699 -0.000000 -0.011314 0.000000 -0.000000 0.047372 0.074017 -2.295120 -0.075971 -0.139322 -0.000000 -0.185449 0.055153 -0.004509 0.000000 0.018204 -0.000000 -0.062253 0.150469 0.060762 -0.000000 -0.104299 0.034312 0.111045 -0.028545 -0.000000 0.016509 0.025936 0.000000 0.130171 0.040906 0.112475 -0.123671 -0.196251 -0.000000 -0.037980 -0.000000 0.048717 -0.020203 -0.000000 -0.564471 0.000000 0.050804 0.000000 0.189264 0.010886 0.096817 0.000000 -0.000000 -0.000000 0.128448 0.277684 -0.018115 0.094153 -0.022674 -0.012313 0.021464 0.002674 0.170555 0.114635 -0.151586 -0.126409 -0.039899 -0.164562 0.195243 -0.498277 -0.000000 -0.050385 0.000000 -0.975816 -0.760108
  -0.000000 -0.000000 -0.252750 0.000000 0.079595 -0.568688 -0.024005 -0.000000 -0.066788 0.024121 -0.387775 -0.030783 0.024276 -0.061958 -0.049946 -0.000000 -0.113152 -0.000000 0.062653 -0.081806 -0.000000 -0.040046 0.037081 -0.011396 0.213210 0.101086 -0.132973 -0.147345 0.127355 -0.161146 -0.000000 0.071899 -0.000000 -0.000000 -0.074732 -0.144270 -0.408196 0.055237 -0.016169 -0.000000 -0.067683 0.348591 -0.288139 0.000000 0.132480 -0.000000 0.097389 -0.770544 0.186418 0.000000 0.115144 -0.170096 -0.110746 0.086083 0.000000 -0.039208 -0.027011 -0.000000 0.084854 -0.006616 0.103545 0.146129 0.114573 -0.000000 -0.039074 -0.000000 0.029785 -0.043576 0.000000 -0.014153 0.000000 0.130707 -0.000000 0.390523 0.175881 0.070174 -0.000000 -0.000000 -0.000000 0.055450 -0.128273 0.084002 -0.038236 -0.231786 -0.040000 -0.008875 0.004417 -0.915872 0.155269 -1.212411 -0.144750 0.020456 -0.056603 -0.354380 0.003115 0.000000 -0.425769 -0.000000 -0.062255 -0.005054
  -0.000000 -0.000000 -0.320765 0.000000 0.503452 -0.410030 -0.343204 -0.000000 0.527740 0.369362 0.203660 0.745298 0.769036 0.358261 0.597266 -0.000000 0.677362 -0.000000 0.304504 -0.450163 -0.000000 0.193322 0.658786 0.357628 0.536725 0.640894 0.373196 -0.041679 0.730644 -0.256547 0.000000 0.059475 -0.000000 0.000000 0.101960 0.392932 -0.366473 0.645261 0.200938 0.000000 0.438223 -0.002543 -0.395173 -0.000000 0.421006 -0.000000 0.422625 -0.354449 0.462664 -0.000000 0.277205 0.129462 -0.361910 0.615640 -0.000000 0.341514 0.394157 0.000000 0.696739 0.798952 0.483577 0.564342 0.261553 0.000000 0.266332 0.000000 0.530811 -0.000000 0.000000 0.202301 0.000000 -0.000000 -0.000000 -0.000000 -0.752690 -0.270905 -0.000000 0.000000 -0.000000 0.258970 -0.700590 0.803866 0.471429 0.200007 0.188049 -0.339906 0.872023 -0.231518 0.811169 0.204109 0.286878 0.445686 0.478235 -0.488316 -0.505645 0.000000 -0.263898 0.000000 0.023375 -0.299251
  -0.000000 -0.000000 0.036474 -0.000000 -0.238563 -0.081172 0.085013 0.000000 0.076296 0.158340 0.055960 -0.111148 0.154410 -0.100086 -0.244397 0.000000 -0.025344 -0.000000 0.212547 0.270310 -0.000000 -0.041444 0.052813 0.075703 0.090975 0.082794 0.191971 -0.137737 0.158704 0.063366 -0.000000 -0.071112 -0.000000 0.000000 0.112311 0.018874 0.090323 0.219143 0.024387 -0.000000 0.046765 -0.111458 0.144901 -0.000000 -0.019044 -0.000000 -0.069716 -0.018605 0.128567 -0.000000 -0.023207 0.248698 -0.085632 0.088695 -0.000000 0.118972 0.141129 0.000000 0.009580 0.102442 0.046654 0.008274 0.074973 0.000000 0.002407 -0.000000 0.133792 -1.018446 0.000000 0.067106 -0.000000 0.034112 0.000000 -0.589452 0.040693 0.129559 -0.000000 -0.000000 -0.000000 -0.018787 0.103136 0.100972 0.081101 0.059391 0.125276 0.175504 0.109516 0.180746 0.021048 0.136859 0.086167 0.088078 -0.143547 -0.036629 0.032588 0.000000 0.080893 -0.000000 0.081677 -0.126741
  -0.000000 -0.000000 -0.112689 0.000000 0.059488 -0.192160 -0.092385 -0.000000 0.265786 0.074365 -0.200887 0.148950 -0.158345 0.204301 0.431159 0.000000 0.295860 0.000000 -0.089318 0.024161 -0.000000 0.104553 0.140077 0.255620 -0.034423 0.128363 -0.070068 -0.038769 0.119247 -0.283136 0.000000 0.007910 0.000000 -0.000000 -0.270327 0.006690 -0.049053 -0.045553 0.191212 -0.000000 0.125412 -0.085650 0.311815 -0.000000 0.089025 -0.000000 0.128946 -0.146024 0.003405 0.000000 0.078894 -0.196701 0.317735 0.050600 0.000000 0.271105 0.043812 -0.000000 0.357285 0.023870 0.170409 -0.053056 0.286689 0.000000 0.274301 -0.000000 0.058254 -0.383181 -0.000000 0.083140 -0.000000 -0.500229 -0.000000 0.000000 -0.129669 -0.041296 -0.000000 -0.000000 0.000000 0.067435 -0.032967 -0.086225 0.127479 0.146407 -0.228942 -0.076654 -0.111932 -0.219877 -0.008686 0.305438 0.223531 0.277014 0.206954 -0.183343 -0.052746 0.000000 -0.018505 0.000000 0.058897 -0.088906
  -0.000000 -0.000000 0.082161 -0.000000 0.032815 0.154032 0.183567 0.000000 0.033962 -0.048162 0.077242 0.067463 0.006868 0.026000 0.105552 0.000000 0.020693 -0.000000 -0.008451 0.041719 0.000000 0.093150 0.116675 -0.029999 -0.128280 -0.087571 0.103109 -0.067567 -0.066022 0.289610 -0.000000 0.061312 0.000000 -0.000000 -0.068204 -0.087948 0.374424 -0.075609 -0.017870 -0.000000 0.007901 -0.109722 -0.056673 -0.000000 0.006940 -0.000000 0.219224 0.248983 -0.012934 0.000000 -0.128454 -0.117513 -0.086954 0.040382 -0.000000 -0.160560 -0.005911 0.000000 -0.068573 -0.046852 0.004275 0.080219 0.010004 0.000000 -0.115293 -0.000000 -0.000949 0.171316 -0.000000 0.014754 0.000000 -0.205467 -0.000000 0.096449 -0.018449 0.072927 0.000000 -0.000000 -0.000000 -0.094794 0.217448 0.054926 0.166915 -0.004550 -0.029403 -0.011301 -0.104057 0.131403 0.035640 -0.056697 -0.055495 0.103389 0.112932 0.271344 0.156130 0.000000 0.226657 -0.000000 0.248837 0.347056
  -0.000000 -0.000000 0.042353 -0.000000 0.326419 -0.051939 0.168804 0.000000 -0.005963 -0.158280 -0.036626 -0.056151 -0.047026 -0.088702 0.162108 -0.000000 0.137986 -0.000000 0.089023 0.041981 -0.000000 0.129423 0.002957 -0.004092 -0.103126 -0.015981 -0.131582 -0.109869 0.026038 0.088533 0.000000 0.032501 0.000000 0.000000 -0.089225 -0.130712 -0.339812 0.137312 0.138937 -0.000000 -0.072000 0.226077 0.123999 0.000000 -0.054431 -0.000000 0.013242 -0.064438 0.133163 -0.000000 0.017453 0.014361 0.150159 -0.030563 -0.000000 0.007503 -0.130921 0.000000 0.028955 0.046302 0.029472 0.131405 -0.080262 0.000000 -0.084795 -0.000000 0.051346 0.176450 -0.000000 -0.345685 -0.000000 0.214455 0.000000 -0.180560 0.164168 0.052961 -0.000000 -0.000000 0.000000 -0.174809 -0.179621 0.160294 0.026618 -0.058033 -0.075356 0.154697 0.094930 -0.118865 -0.001532 -0.587035 0.076605 0.161307 -0.018417 0.101869 -0.341619 -0.000000 -0.101170 0.000000 0.170519 -0.416572
  -0.000000 -0.000000 0.106381 -0.000000 0.032936 0.128779 -0.055326 -0.000000 0.267804 0.270945 0.046197 -0.005601 0.034082 0.378734 0.046548 -0.000000 0.126741 -0.000000 0.091957 0.128902 0.000000 0.024514 0.036741 0.330996 0.135982 -0.000418 0.054151 0.070241 0.097590 0.121484 -0.000000 -0.115340 0.000000 -0.000000 0.167382 0.097974 0.106289 0.029579 0.039720 0.000000 0.280682 0.017541 -0.028750 -0.000000 0.337115 -0.000000 0.113691 0.012925 0.253654 -0.000000 -0.030050 0.087339 -0.152813 0.125442 0.000000 0.191970 0.073221 0.000000 0.079262 0.061976 0.362811 0.078031 0.169621 0.000000 -0.048216 -0.000000 0.219250 -1.038377 -0.000000 0.041789 -0.000000 0.001068 0.000000 -3.210973 -0.019839 -0.064690 0.000000 -0.000000 -0.000000 0.299554 0.010199 0.063558 0.201333 0.003082 0.182679 -0.188631 0.267922 -0.007222 0.246708 -0.209417 0.153876 -0.051771 0.150627 0.211755 0.017072 -0.000000 -0.065333 -0.000000 0.179060 0.011355
  -0.000000 -0.000000 0.935811 0.000000 -1.181645 0.116182 -0.070516 0.000000 -0.009908 -0.180094 0.258043 -0.067385 0.072944 -0.282173 -0.958181 -0.000000 0.048757 -0.000000 0.028832 0.000000 -0.000000 -0.209709 0.002516 -0.084848 0.005759 -0.031555 -0.054642 -0.246833 -0.232789 -0.300016 0.000000 -0.003938 -0.000000 0.000000 -0.096428 0.259771 0.302799 0.189077 -0.390737 -0.000000 -0.283082 -0.008319 0.021474 -0.000000 -0.151028 -0.000000 -0.105919 0.054529 0.063809 0.000000 -0.222906 -0.034988 0.028936 0.095180 0.000000 -0.208258 -0.065198 -0.000000 -0.075947 -0.006729 -0.187473 -0.195526 -0.132441 -0.000000 -0.124878 -0.000000 -0.000691 1.518306 -0.000000 -0.028503 -0.000000 -0.042489 -0.000000 0.178213 -0.000000 0.561208 0.000000 -0.000000 -0.000000 -0.107338 0.069854 -0.100096 0.202279 -0.279274 -0.213165 -0.179146 -0.110094 -0.034899 0.002957 0.558958 -0.016756 -0.045089 -0.193812 0.027337 -0.070455 0.000000 -0.076544 -0.000000 -0.139887 0.190415
  -0.000000 -0.000000 0.314310 -0.000000 -0.317867 0.096318 -0.008666 -0.000000 -0.035232 -0.102996 0.128668 0.023343 0.181985 -0.097089 -0.524952 -0.000000 -0.029306 -0.000000 0.022506 0.194786 -0.000000 0.003074 -0.028197 0.117561 0.194291 -0.034357 0.142547 0.226776 0.109140 0.053007 -0.000000 -0.266277 -0.000000 -0.000000 -0.083135 -0.080165 -0.020957 -0.067458 -0.262088 0.000000 -0.029119 -0.059438 0.103531 -0.000000 0.076046 -0.000000 0.062443 -0.006428 0.143933 0.000000 -0.078381 -0.121189 -0.035816 0.072814 -0.000000 -0.011250 0.045038 0.000000 -0.135285 -0.203693 -0.093159 -0.293105 0.035928 0.000000 -0.240193 -0.000000 0.113580 -0.588201 -0.000000 -0.036593 0.000000 -0.446248 -0.000000 -0.391593 0.155781 0.066520 0.000000 -0.000000 -0.000000 0.077253 0.105980 -0.121336 -0.003592 -0.234894 -0.072226 0.022913 -0.118047 -0.051604 0.015207 0.033746 -0.000945 0.085895 -0.093354 0.138250 0.450430 -0.000000 -0.012959 -0.000000 0.327274 0.281118
  -0.000000 -0.000000 0.078359 0.000000 0.035993 0.212172 0.028927 -0.000000 0.088387 -0.005744 0.129791 0.020606 0.162487 0.002499 0.081822 -0.000000 0.044521 -0.000000 0.228917 0.130230 -0.000000 0.191267 0.042745 0.032848 0.151993 -0.103187 0.197579 0.173913 0.144132 0.199172 0.000000 0.158696 0.000000 0.000000 -0.000079 0.079804 0.164546 0.032439 0.258112 -0.000000 -0.031168 -0.078941 -0.116541 -0.000000 -0.106900 -0.000000 -0.021961 0.101718 -0.065317 0.000000 0.098822 0.202732 -0.076210 -0.039383 0.000000 0.006483 -0.059986 -0.000000 -0.071709 -0.034331 0.030948 0.055998 -0.098394 -0.000000 0.282339 -0.000000 0.154039 -0.010688 0.000000 0.005947 -0.000000 -0.038496 0.000000 0.297494 0.062926 -0.000067 -0.000000 -0.000000 -0.000000 -0.135612 0.036670 0.027584 0.050878 0.167247 0.074982 0.067080 0.089029 0.038197 0.136111 0.053683 -0.005353 0.215774 0.158382 0.048572 0.044363 -0.000000 0.120325 0.000000 0.198182 -0.003937
  0.000000 -0.000000 0.047995 0.000000 0.293495 0.110836 0.064968 -0.000000 0.092512 0.234553 0.139012 0.033239 0.058831 0.084410 -0.047243 0.000000 0.011287 -0.000000 0.291139 -0.263463 0.000000 0.057380 0.223082 0.046761 0.136707 0.215730 0.103753 -0.070797 0.242486 -0.072442 0.000000 -0.095322 -0.000000 -0.000000 0.089008 0.188868 -0.147797 -0.000978 0.019194 -0.000000 0.265206 0.195959 0.115014 0.000000 0.163282 -0.000000 0.058876 -0.093529 0.112785 -0.000000 0.066406 0.250084 -0.087493 0.142917 -0.000000 -0.001502 0.080659 0.000000 0.193168 0.142099 0.069093 0.064197 0.115479 0.000000 0.027149 -0.000000 0.200157 0.148616 0.000000 -0.229928 -0.000000 0.078931 0.000000 -1.185267 0.152510 0.107727 -0.000000 -0.000000 0.000000 0.235589 -0.158416 -0.004219 0.010231 0.182692 0.240060 -0.082681 0.084569 -0.024770 0.022053 -0.359772 0.031818 0.211968 0.093477 -0.053251 -0.230741 0.000000 -0.104480 -0.000000 0.216123 -0.236978
  -0.000000 0.000000 0.095781 -0.000000 0.219705 -0.084108 0.169555 0.000000 -0.143877 -0.061209 0.099359 -0.073598 -0.186471 -0.202533 -0.072270 0.000000 0.018229 -0.000000 0.194741 -0.056090 0.000000 -0.067871 0.010937 -0.137662 0.130841 -0.137777 0.105587 0.063043 -0.070842 0.148021 0.000000 0.108238 0.000000 0.000000 -0.006704 0.047843 -0.001972 -0.036633 0.138305 0.000000 -0.181569 0.051343 -0.060716 -0.000000 -0.009948 -0.000000 0.102988 0.077346 0.022192 -0.000000 0.005681 0.131889 -0.046454 0.081092 0.000000 -0.197910 -0.053460 -0.000000 -0.008857 0.032129 -0.209177 0.003651 -0.160193 0.000000 -0.027799 -0.000000 0.063611 0.322910 0.000000 0.076266 0.000000 -0.058027 -0.000000 0.452064 -0.117555 0.099463 0.000000 -0.000000 0.000000 -0.225679 0.146903 0.012371 0.053979 0.070848 0.223221 -0.012273 0.136145 0.061732 0.068999 0.061739 0.112024 0.056357 -0.087944 0.137278 0.062113 -0.000000 0.216091 -0.000000 0.002438 0.008383
  -0.000000 -0.000000 0.118124 0.000000 0.256719 0.271329 0.146705 0.000000 0.008116 -0.069173 0.012584 0.164034 0.101958 -0.075272 -0.056281 0.000000 0.088487 -0.000000 0.147431 0.135019 0.000000 0.033310 -0.059332 -0.043260 0.018257 0.128871 0.032668 -0.195948 -0.121576 -0.022192 0.000000 -0.155755 0.000000 0.000000 -0.293380 -0.053146 -0.030273 -0.042973 -0.020309 0.000000 0.111737 0.127507 0.173774 -0.000000 0.074766 -0.000000 0.145098 0.039084 -0.022447 -0.000000 0.142217 0.239890 0.296042 0.081305 -0.000000 0.144876 0.084058 0.000000 -0.072167 -0.030334 0.138616 -0.131521 0.161320 -0.000000 0.213066 -0.000000 0.104693 0.032417 0.000000 0.063975 0.000000 0.388215 -0.000000 0.320883 0.040893 -0.137878 -0.000000 -0.000000 -0.000000 -0.065010 -0.004694 0.106274 -0.077116 0.161206 0.214035 -0.069554 0.122388 0.115856 0.068097 0.108185 0.094793 -0.101835 0.025806 -0.122570 0.151057 -0.000000 0.191645 -0.000000 0.194980 0.005564
Biases:
  -0.004465 -0.013141 0.166072 -0.127116 0.023717 0.036823 0.208303 -0.135991 -0.201518 -0.198655 0.209013 -0.104584 0.059279 -0.179894 -0.103348 -0.068202 0.094217 -0.003848 0.016514 0.154422 -0.061929 0.124602 -0.034003 -0.159399 0.136350 0.048370 -0.030636 0.179417 -0.130640 0.101527 -0.070640 0.255918 -0.095188 -0.150397 0.045170 -0.054651 0.015006 -0.120609 0.040382 -0.083463 -0.069331 0.026100 0.070422 -0.000675 0.037957 -0.007986 0.014070 0.164327 0.133074 -0.153038 0.117853 -0.019623 0.043587 -0.034848 -0.005486 -0.104383 0.129445 -0.002619 0.035762 -0.085207 -0.130625 -0.038373 -0.145947 -0.048168 0.006594 -0.003933 0.034869 -0.064775 -0.067111 0.023036 -0.117779 -0.286694 -0.129506 0.108846 -0.005603 0.098760 -0.077119 -0.004467 -0.133524 -0.102431 0.368360 0.044416 0.067114 0.038694 -0.004006 -0.041686 0.133259 0.246245 -0.070438 0.127840 0.018983 -0.008564 0.017820 0.060200 0.118174 -0.155525 0.224238 -0.135065 -0.115227 0.092286
Weight range: -4.100404 to 2.239075
Bias range: -0.286694 to 0.368360

--- Layer 3 ---
Number of nodes: 2
Weights:
  0.000000 -0.000000
  -0.000000 0.000000
  0.801726 -0.224019
  0.000000 0.000000
  -0.583584 0.017640
  0.473051 -0.604232
  0.107412 -0.622778
  -0.000000 -0.000000
  0.013344 0.135643
  -0.014516 0.096101
  0.404175 0.562090
  0.097134 0.209397
  0.087051 0.186364
  -0.018867 0.218303
  -0.277005 0.519592
  0.000000 -0.000000
  0.025618 0.166823
  -0.000000 0.000000
  0.343348 0.057927
  -0.207049 -0.455426
  0.000000 -0.000000
  -0.293214 0.056866
  0.006224 0.107392
  -0.076648 0.119202
  0.179580 0.409844
  0.057036 0.217555
  0.021885 0.266790
  -0.577107 0.346790
  0.043914 0.146730
  0.500402 -0.549996
  -0.000000 -0.000000
  0.243151 -0.570320
  0.000000 -0.000000
  -0.000000 -0.000000
  0.592939 0.197026
  0.398669 0.288604
  -0.817586 -1.031421
  0.225476 0.167249
  -0.202321 0.057926
  -0.000000 -0.000000
  -0.153122 0.142105
  -0.470603 0.496020
  -0.210360 -0.429423
  0.000000 0.000000
  -0.094011 0.190194
  0.000000 0.000000
  -0.024290 0.178608
  0.285937 -0.822798
  0.143624 0.106067
  0.000000 -0.000000
  -0.350461 0.089520
  0.392341 0.053637
  -0.166456 -0.345700
  0.075589 0.131744
  -0.000000 -0.000000
  -0.031805 -0.009580
  0.037022 0.142238
  0.000000 -0.000000
  0.022406 0.278263
  0.188002 0.208691
  -0.044546 0.142579
  0.161417 0.013099
  -0.114030 0.213893
  -0.000000 -0.000000
  -0.189806 0.033131
  -0.000000 0.000000
  0.071550 0.134385
  0.179585 -0.615525
  0.000000 -0.000000
  -0.457340 0.856264
  0.000000 -0.000000
  -0.919041 0.653640
  -0.000000 0.000000
  -0.035078 -1.085776
  -0.207525 -0.462233
  0.176842 -0.420678
  -0.000000 0.000000
  0.000000 0.000000
  -0.000000 -0.000000
  -0.040625 0.293737
  -0.771027 0.328282
  0.184908 0.200866
  -0.083743 0.210683
  -0.207917 0.138002
  0.350422 -0.045845
  -0.066155 -0.081512
  0.098659 0.036269
  0.104228 -0.478373
  0.072600 0.046497
  -0.748387 -0.697250
  -0.095299 0.203186
  0.030931 0.261347
  -0.179102 0.466408
  0.512161 -0.556215
  -0.554516 -0.280884
  0.000000 -0.000000
  -0.103437 -0.637321
  0.000000 -0.000000
  -1.580973 -0.220650
  -0.979077 -0.409661
Biases:
  -0.098022 0.144827
Weight range: -1.580973 to 0.856264
Bias range: -0.098022 to 0.144827

