=== Artificial Neural Network Parameters ===

Number of layers (including input & output): 4
Layer sizes: (200, 100) (hidden), output=2

Activation function: relu

--- Layer 1 ---
Number of nodes: 200
Weights:
  -0.024444 0.254178 0.013648 0.152254 -0.075455 -0.009484 -0.002836 0.113941 0.303415 0.187892 -0.007948 -0.033022 0.159460 -0.176589 -0.000000 -0.003661 -0.101537 0.101043 0.247818 0.011509 0.273912 -0.161338 -0.003133 0.095410 -0.001890 0.177999 0.060194 -0.035709 -0.040206 -0.648460 0.097771 -0.034699 -1.442180 0.193963 0.118595 0.331458 0.009231 -1.007918 0.122580 -0.000764 -0.003619 0.024521 -0.505528 0.043853 0.013581 0.001673 0.003726 0.007257 0.042774 0.051384 0.384196 0.022671 0.287845 0.181713 0.019313 0.105017 0.000771 -0.625936 0.011195 -0.027847 -0.015523 -0.001228 0.268277 -0.013443 0.149180 -0.043269 -0.539434 0.018632 -0.424354 0.288397 0.000000 -0.007766 -0.236136 0.202703 0.000000 0.110284 -0.000000 -1.083442 0.030993 -0.266276 0.211724 0.003246 0.013654 -0.681495 -0.099390 0.008781 0.105798 0.027421 0.285155 0.116252 0.006877 0.027267 -0.004946 0.131093 0.014409 0.066924 0.004454 0.004465 0.001963 0.000050 0.010060 -0.003378 -0.007506 -0.031100 0.072257 -0.231928 -0.129156 0.410188 -0.011086 -0.138942 0.151253 0.004879 0.345576 0.183325 0.009911 0.241376 0.002104 0.090414 0.250478 0.122647 0.450622 0.306474 -0.001947 -0.267037 0.004241 -0.030349 0.201175 0.119619 -0.474621 -0.004028 0.060370 0.010510 0.009641 0.035979 0.280530 0.036897 0.085332 0.367392 -0.000000 0.192412 0.254161 -0.322597 0.007641 0.009226 0.004176 -0.211603 -0.001336 -0.011825 -0.440159 0.003751 0.043907 0.016378 -0.685250 -0.015427 0.169150 -0.182661 -0.000472 0.123484 -0.022028 0.204456 0.198688 0.017190 0.066375 0.005154 -0.385834 0.254131 -0.038112 -0.133728 -0.002558 0.015738 0.004344 -0.510872 0.267393 -0.619799 -0.014306 0.005969 -0.005078 0.036285 0.173757 -0.033300 0.084298 -0.196714 0.152084 0.145994 -0.028462 0.005769 0.138541 0.108814 -0.004254 -0.237942 -0.012274 -0.073575 0.143849 -0.036594 -0.003070 0.000659 0.080201 0.092386 0.090358 0.070652
  -0.014293 -0.134772 -0.261817 0.287344 -0.146546 -0.161918 -0.181630 0.031796 -0.274193 -0.205734 -0.013151 0.194304 0.171553 -0.117947 -0.000000 -0.298433 -0.100405 0.090214 -0.045666 0.182136 -0.106743 0.188196 -0.147462 -0.326350 -0.099075 -0.151883 0.153139 -0.062547 0.307942 0.136345 0.047263 -0.066569 -0.023594 -0.137608 -0.187894 0.148549 -0.342235 -0.347025 0.369009 -0.252808 0.460916 0.192500 0.078713 0.015582 -0.474225 0.076723 -0.322352 0.332633 0.148974 0.118598 -0.233874 0.004884 0.198027 -0.130699 -0.446079 -0.047708 0.300453 0.340758 -0.039030 -0.219368 -0.054976 0.213263 -0.265135 0.357129 0.230336 0.156142 -0.010688 0.216547 -0.103657 -0.095429 -0.000000 0.081863 0.264188 0.170667 0.000000 -0.046501 -0.000000 0.063463 -0.302584 -0.067291 0.186233 -0.078318 -0.546820 -0.416912 -0.019785 -0.341016 -0.024421 0.207117 -0.107622 0.146721 -0.303413 -0.498962 0.105746 -0.039350 -0.313806 -0.060436 0.539703 -0.302827 0.506352 -0.422802 -0.506186 -0.000283 -0.237462 -0.039760 -0.008516 0.227441 0.098065 -0.205614 0.550183 -0.462953 -0.364430 -0.426115 -0.458613 0.202015 0.090063 -0.187750 -0.493560 -0.358235 -0.246161 -0.095850 -0.113338 0.083551 0.117317 -0.240339 0.576791 -0.094445 0.020340 0.128183 0.122633 -0.420997 -0.045265 0.216425 -0.383399 -0.468417 -0.117213 -0.412941 0.328898 -0.015735 -0.000000 -0.629466 0.085054 -0.168317 -0.346689 -0.010087 0.026628 -0.019158 0.250999 -0.388323 -0.271386 0.109631 -0.037515 0.133218 -0.148564 -0.263235 -0.183753 -0.181184 -0.654334 -0.027252 0.355647 -0.369605 0.108606 -0.088519 -0.060871 -0.083407 0.294401 -0.234473 0.131676 -0.073543 -0.270929 -0.364990 -0.092134 -0.541904 -0.529926 0.145051 -0.815989 -0.135125 0.121276 -0.467274 0.139885 -0.015472 -0.384031 0.062750 -0.019057 0.095245 0.009740 0.140676 -0.198811 -0.391497 0.176894 0.128962 0.392168 -0.022333 -0.268686 0.030611 -0.005718 0.007816 0.182108 -0.206381 0.013298 0.094133
  -0.163246 0.168508 0.095466 0.175104 -0.114370 0.366793 -0.037139 -0.202179 0.219584 -0.135877 -0.189701 0.247715 0.424598 0.003349 -0.000000 -0.080845 -0.074656 -0.033897 -0.174151 0.481835 -0.018679 0.430859 -0.330582 0.098464 -0.344207 0.138724 -0.045925 0.334755 0.046277 -0.298035 -0.089624 0.156777 0.354085 -0.243226 -0.370010 0.301022 -0.219988 0.258303 0.203453 -0.221239 -0.103606 0.680850 -0.301360 -0.008293 0.068928 0.303614 0.428144 0.097839 0.033843 -0.072623 0.194506 0.014530 0.102114 0.415501 -0.043571 0.158800 -0.381986 0.437681 -0.258586 -0.408177 -0.326679 0.262033 0.221973 0.106030 0.445000 0.048281 -0.296371 0.496471 -0.121136 0.059031 -0.000000 0.406104 -0.308574 0.542569 0.000000 0.506306 -0.000000 -0.077825 -0.113138 -0.291626 0.135042 0.125080 -0.395829 -0.128706 -0.033291 0.134395 -0.191394 -0.000356 0.197355 0.373607 -0.161864 0.080463 -0.055034 -0.208479 0.186241 0.020123 0.258767 -0.190561 0.158688 0.564139 0.002646 -0.030581 -0.407398 0.138804 -0.005820 -0.081712 0.214081 0.430495 0.087694 0.031141 -0.115206 -0.093581 0.221466 0.423366 -0.274717 -0.187188 -0.324058 -0.414398 0.294662 -0.177312 0.068361 0.079905 0.229222 0.153990 0.392721 0.026077 -0.007673 -0.142914 -0.200196 0.313356 0.177708 0.532594 0.320573 -0.110633 0.010258 -0.040838 0.310229 -0.222618 -0.000000 -0.173159 0.256399 -0.205400 -0.129907 0.281500 0.551298 -0.054572 -0.300432 -0.270916 -0.193943 0.465507 -0.014563 0.133474 0.139297 -0.086022 0.137047 0.053130 -0.342024 -0.163225 0.295991 0.030703 0.401953 -0.318022 -0.308669 -0.399532 -0.285665 0.114145 -0.084320 -0.132212 0.446262 -0.114776 -0.006889 0.176609 -0.234780 0.283823 0.154392 0.525692 -0.177534 0.558612 0.071643 -0.036073 -0.000237 0.369265 0.057894 -0.065115 -0.019528 -0.200158 -0.055445 -0.108793 -0.271358 -0.197667 -0.116507 -0.030512 -0.122675 -0.078538 0.709014 -0.066336 0.253730 -0.156619 -0.235675 -0.153007
  -0.134911 -0.000027 -0.371677 -0.174315 -0.271365 0.042703 -0.057247 -0.016953 0.005712 -0.000396 -0.307505 -0.031310 0.011584 -0.231402 -0.000000 0.146649 -0.373712 -0.079752 0.141645 0.014859 -0.309578 -0.009241 -0.003360 -0.018248 0.076701 -0.090762 -0.054822 0.174303 -0.293908 -0.021583 -0.007697 0.205211 -0.015715 -0.004070 -0.394985 -0.045667 0.000474 -0.287490 0.103435 0.003699 -0.023867 -0.012168 -0.068736 -0.026095 -0.260947 0.140503 0.015544 0.008249 0.008137 -0.004915 -0.311543 -0.011505 -0.021875 0.261788 0.083052 -0.541018 -0.067407 0.053063 0.132105 0.161952 -0.095019 0.101476 0.005693 -0.272378 -0.194350 -0.305821 -0.028761 0.020763 -0.111803 -0.051725 0.000000 0.216127 -0.076445 -0.023545 -0.000000 0.237932 -0.000000 0.169557 0.205100 0.166573 0.005443 -0.170481 -0.098126 0.028273 0.040814 0.098093 -0.024272 -0.343395 0.071787 -0.002807 -0.082899 0.043435 0.032468 -0.000535 -0.419590 0.184414 -0.011024 0.001256 0.031074 -0.082709 0.055529 -0.404264 -0.308589 -0.233057 -0.038798 -0.001043 -0.021487 0.135322 0.051284 0.013993 -0.022093 0.025468 -0.029777 -0.013685 -0.075598 0.088087 0.017531 0.305281 -0.136320 -0.020573 0.267263 -0.257291 -0.142252 0.088858 -0.009805 0.243352 -0.290986 0.125532 -0.190620 -0.278613 -0.231637 -0.026174 0.013468 0.017122 -0.105865 0.120441 -0.007182 0.070306 -0.000000 -0.041605 -0.078594 0.012890 -0.082363 -0.033643 -0.230447 0.135046 0.087518 0.047647 0.193826 0.057047 -0.110583 -0.038320 0.178510 0.033489 -0.327273 0.170697 0.020738 0.003307 0.090575 0.260821 -0.084645 -0.089284 -0.010593 0.105449 -0.100126 0.001922 0.058542 0.212218 -0.028112 0.045317 -0.171443 -0.023513 -0.414313 0.044835 0.030103 -0.580782 -0.075961 0.197752 -0.021748 0.055463 0.018313 0.071283 -0.282531 -0.045191 -0.054281 0.170494 -0.020297 -0.026173 -0.085071 0.059928 -0.134498 0.041667 -0.002691 0.096860 0.035045 0.094780 0.094971 -0.055135 0.034370 0.087619
Biases:
  0.103827 -0.103257 -0.029885 0.134456 0.116601 0.211821 0.168061 0.052882 -0.033661 -0.082487 0.255588 0.513186 -0.063860 0.291898 -0.029506 -0.053686 0.084871 -0.081799 -0.553525 -0.069010 0.192684 -0.171118 -0.005966 -0.286084 -0.045389 0.168849 -0.045029 -0.023911 0.042517 -0.006092 -0.080870 0.002139 0.076118 -0.196737 0.008457 0.054462 0.258833 0.028168 0.325099 0.130761 -0.332911 0.161378 0.033202 0.261399 -0.125611 -0.161449 -0.112462 0.426229 -0.080877 -0.096334 -0.156193 0.080891 -0.095155 0.227582 -0.335892 -0.335032 -0.407732 0.109323 -0.051175 -0.390740 0.069606 -0.083764 0.004405 -0.205124 0.008871 -0.136570 -0.025832 -0.136146 0.110740 0.164310 -0.132289 -0.245381 -0.127542 -0.086845 -0.162791 -0.213092 -0.036958 -0.044743 -0.620878 -0.395334 -0.128928 0.098874 -0.525182 -0.137237 0.072215 -0.249955 0.040525 -0.472576 -0.226364 -0.117585 0.200192 0.175416 0.079605 -0.194820 -0.158658 -0.534928 -0.117601 0.235753 -0.426808 -0.181028 -0.356994 -0.300925 -0.132693 0.020881 -0.033314 0.085405 0.230159 -0.168074 -0.410159 0.017054 0.108214 -0.186078 0.251426 0.209854 -0.355239 -0.109598 -0.034386 0.320298 0.238975 -0.081649 0.402254 0.016160 0.256985 0.110274 0.035007 -0.560204 -0.167658 -0.086202 0.070412 -0.298519 -0.058225 0.197197 0.476519 -0.047196 -0.052264 -0.355693 -0.262383 0.452560 -0.131110 0.109050 -0.147900 -0.144369 0.181920 0.212222 -0.289892 -0.179034 -0.590512 -0.034434 0.117764 0.074806 0.121000 0.165122 -0.329942 0.013488 -0.214587 -0.180669 0.086170 -0.201309 -0.287756 0.019017 -0.190177 0.060141 -0.121540 -0.089552 -0.200696 -0.064434 0.145815 -0.312487 -0.046936 -0.015788 0.050017 0.385120 0.171503 -0.390618 -0.443371 0.124860 -0.217883 -0.248093 -0.021560 -0.037352 -0.278687 0.020288 -0.135192 -0.215560 0.110782 0.028164 0.188985 0.077512 -0.255417 -0.040759 0.106812 0.030349 -0.115480 0.011848 -0.012164 -0.129587 0.325277 -0.023507 0.118417 -0.077341
Weight range: -1.442180 to 0.709014
Bias range: -0.620878 to 0.513186

--- Layer 2 ---
Number of nodes: 100
Weights:
  -0.041561 0.000000 0.248240 0.000000 0.063105 -0.105966 0.247433 1.074095 -0.034001 0.106056 -0.000000 0.125143 0.066427 -0.049918 0.166708 0.000000 -0.014073 0.222083 0.000000 0.050700 0.000000 -0.000000 -0.021603 0.000000 -0.110364 0.028263 0.000000 0.107748 0.025527 0.185968 0.311899 -0.000000 -0.000000 -0.000000 -0.000000 0.000000 0.242977 0.013422 0.002537 -0.000000 0.051783 0.162168 0.084289 0.030636 0.094952 0.127017 -0.119765 -0.199895 0.219042 -0.000000 0.240555 -0.161040 0.255311 -0.003317 0.000000 -0.051494 -0.105951 -0.000000 -0.055038 0.075728 0.159072 0.000000 0.121065 -0.000000 0.098295 0.275748 -0.036488 -0.000000 -0.000000 0.046459 -0.000000 0.038688 -0.000000 -0.000000 0.141751 0.031445 -0.000000 0.105147 -0.000000 0.144589 0.194236 -0.054444 -0.000968 0.211270 0.000000 -0.293543 0.033688 -0.118120 0.053077 0.192985 0.208833 0.126515 0.079465 -0.000000 0.104246 -0.000000 0.082465 -0.000000 0.081839 0.076328
  0.059112 0.000000 0.231156 0.000000 0.052214 -0.011705 -0.884759 0.125871 0.081236 -0.084005 -0.000000 -0.043486 -0.071617 0.022148 0.097112 0.000000 -0.074114 -1.543154 -0.000000 0.000194 0.000000 0.000000 0.004593 -0.000000 -0.219734 -0.014898 -0.000000 -0.119854 0.017479 -0.916858 0.199910 -0.000000 -0.000000 -0.000000 0.000000 -0.000000 0.199731 -0.108104 -0.075474 0.000000 0.082504 -0.169929 0.280137 -0.145676 -0.061775 0.705066 0.002250 -0.046111 -0.470326 0.000000 0.025821 0.125427 0.053724 -0.023314 0.000000 0.214057 -0.097548 0.000000 0.128334 -0.226559 0.067962 -0.000000 -0.018153 0.000000 -0.147771 -0.131666 -0.118362 0.000000 -0.000000 0.036573 0.000000 0.130063 0.000000 -0.000000 -0.029958 0.073328 0.000000 0.068962 0.000000 0.020220 -0.006452 0.216929 -0.000001 0.133184 -0.000000 0.205624 0.021489 -0.031507 -0.132964 0.210734 -0.097916 -0.079490 -0.000500 0.000000 -0.213600 0.000000 0.158099 0.000000 0.135097 -0.018422
  -0.133107 -0.000000 0.329857 -0.000000 -0.043541 0.290708 0.024577 -0.005326 -0.096593 -0.036182 -0.000000 -0.048863 -0.295118 0.031728 0.211209 -0.000000 -0.063760 0.374356 0.000000 0.198970 0.000000 -0.000000 -0.212194 -0.000000 -0.168011 0.172008 -0.000000 -0.013877 0.071683 0.185381 0.416470 -0.000000 -0.000000 -0.000000 0.000000 -0.000000 0.345697 -0.045612 0.222316 -0.000000 0.034765 0.241149 -0.354789 -0.419121 -0.023905 0.328427 -0.171577 -0.308295 0.116782 0.000000 0.193806 -0.442439 0.107799 -0.236062 0.000000 -0.192302 -0.354192 -0.000000 -0.088869 -0.219336 -0.095035 0.000000 -0.114715 -0.000000 -0.163178 -0.166468 0.259512 -0.000000 0.000000 0.060285 0.000000 0.233199 0.000000 -0.000000 -0.000000 -0.052208 -0.000000 0.260894 -0.000000 -0.098317 0.168322 0.226835 -0.000480 -0.096823 -0.000000 0.337609 -0.153097 -0.297934 -0.385989 0.042328 -0.056807 -0.245258 0.021971 0.000000 0.208298 -0.000000 -0.126858 -0.000000 -0.097632 0.156427
  0.031195 0.000000 -0.125350 0.000000 0.158065 -1.394319 -0.265701 0.086204 0.073509 0.141455 -0.000000 0.219127 0.173729 0.145243 0.183634 0.000000 0.137959 -0.037341 -0.000000 -0.576549 -0.000000 -0.000000 0.134259 -0.000000 -0.071280 -0.016336 -0.000000 0.271103 0.197893 -0.128785 -0.066666 -0.000000 -0.000000 0.000000 0.000000 0.000000 0.076426 -0.454579 0.128015 -0.000000 0.027073 0.239847 0.328360 -0.096046 0.132574 0.124764 0.045366 -0.009926 0.177932 -0.000000 0.304742 0.202186 -0.679471 0.109398 -0.000000 0.068319 0.080889 -0.000000 0.007006 0.090648 0.144457 -0.000000 0.152177 0.000000 0.245644 0.060559 0.142707 0.000000 -0.000000 0.096408 0.000000 0.176740 0.000000 -0.000000 -0.026394 -0.087390 -0.000000 -0.910612 -0.000000 0.131366 0.045855 -0.020921 0.170203 0.098700 0.000000 -0.130671 0.075748 0.077219 0.170149 0.149909 0.037684 0.005432 0.010121 -0.000000 0.122794 0.000000 0.146180 -0.000000 0.109863 0.305513
  -0.076602 -0.000000 0.445528 0.000000 -0.003700 -0.128552 -0.245450 0.528434 -0.027963 -0.037453 -0.000000 -0.152309 -0.263062 -0.213052 0.086446 0.000000 -0.056267 -0.353758 -0.000000 0.257072 -0.000000 -0.000000 -0.339548 -0.000000 0.182669 0.225903 -0.000000 0.181609 0.048716 -0.385169 -0.527513 -0.000000 -0.000000 0.000000 -0.000000 -0.000000 0.144893 0.019867 0.064211 0.000000 0.133444 -0.061179 -0.546820 -0.521041 0.041323 -0.310883 0.045620 0.823716 0.244344 0.000000 0.153856 -0.217004 0.080373 -0.162472 -0.000000 -0.001553 -0.197475 0.000000 -0.275890 0.163965 -0.124607 0.000000 -0.102303 0.000000 0.229043 -0.097381 -0.176692 -0.000000 0.000000 0.299342 0.000000 0.210273 0.000000 -0.000000 -0.593516 -0.007331 0.000000 -0.035140 0.000000 -0.141334 0.204218 0.184644 0.012496 -0.069224 -0.000000 -0.115067 -0.206208 0.190476 -0.237525 0.277247 -0.111314 -0.023860 -0.092798 -0.000000 0.136231 0.000000 -0.706247 -0.000000 -0.142560 -0.380985
  -0.171995 -0.000000 -0.197612 -0.000000 0.155538 -0.075411 -0.419391 0.080482 0.050022 0.154440 -0.000000 0.083703 0.200705 -0.101683 0.114523 -0.000000 0.224557 -2.475990 -0.000000 0.240205 -0.000000 0.000000 0.001528 -0.000000 0.100450 0.113880 -0.000000 0.049151 0.248460 -0.593400 -0.056552 -0.000000 0.000000 -0.000000 -0.000000 -0.000000 0.008186 -0.216337 0.001603 -0.000000 0.164732 -0.059417 0.096465 -0.051814 0.257135 0.178521 0.234841 0.094014 0.151561 0.000000 0.205359 0.189969 0.182532 0.144451 -0.000000 0.055307 0.158457 -0.000000 0.143128 0.178508 -0.045981 -0.000000 0.224283 -0.000000 0.200876 0.687330 0.469396 -0.000000 0.000000 0.077874 0.000000 0.113464 0.000000 0.000000 -0.129597 -0.196686 -0.000000 -0.071807 0.000000 0.040707 0.026943 0.113989 0.000001 0.131168 0.000000 -0.338622 0.222839 -0.343961 -0.123938 0.185635 0.084747 0.485382 -0.068382 -0.000000 -0.169101 0.000000 -0.148748 -0.000000 -0.043312 -0.194326
  -0.259874 -0.000000 0.075484 -0.000000 0.094823 0.034405 -0.251893 0.067161 0.080529 0.292448 -0.000000 0.220169 0.051290 0.113054 0.269058 0.000000 0.299595 -0.200854 0.000000 0.116782 -0.000000 0.000000 -0.097522 0.000000 -0.006676 0.225522 -0.000000 0.213324 0.029139 -0.414813 0.036275 -0.000000 0.000000 0.000000 0.000000 -0.000000 0.040147 -0.159368 0.406563 0.000000 0.186953 0.380975 0.445879 -0.110283 0.012400 0.500342 0.135384 -0.198711 0.141345 0.000000 0.166021 -0.143306 -0.103582 -0.037175 -0.000000 0.304750 0.061325 -0.000000 0.003202 -0.047710 0.159705 -0.000000 0.306660 -0.000000 0.366868 -0.008891 0.160296 0.000000 -0.000000 0.384478 -0.000000 0.356541 0.000000 0.000000 0.354608 -0.120789 -0.000000 -0.016816 -0.000000 0.140096 0.177228 0.205762 0.122970 0.379805 -0.000000 -0.436538 0.231191 -0.268955 0.033997 -0.075549 0.093685 0.184356 0.155357 -0.000000 0.081898 -0.000000 -0.872009 -0.000000 0.307229 -0.500294
  0.137127 -0.000000 -0.133580 0.000000 -0.196363 -0.465356 0.126035 0.050086 -0.101734 -0.086693 -0.000000 -0.354737 0.172797 -0.142506 -0.374969 0.000000 -0.299507 0.160795 0.000000 -0.096774 -0.000000 -0.000000 -0.124387 -0.000000 0.016611 -0.097781 -0.000000 -0.159364 -0.027140 0.173393 -0.097935 -0.000000 -0.000000 -0.000000 -0.000000 0.000000 -0.020942 -0.019496 -0.282052 -0.000000 -0.061227 0.101820 0.063171 0.050548 -0.160536 0.340468 -0.420430 0.136338 0.142666 -0.000000 -0.223064 -0.347985 -0.147262 -0.105558 0.000000 -0.152557 0.095264 -0.000000 -0.157392 0.010512 -0.153606 0.000000 -0.233184 -0.000000 -0.243596 0.100955 0.489490 -0.000000 -0.000000 -0.247523 -0.000000 -0.067469 0.000000 0.000000 0.047360 0.190764 0.000000 0.149938 -0.000000 -0.028871 -0.212645 0.431457 -0.246986 -0.199598 0.000000 0.299752 -0.037511 0.134854 -0.282805 -0.021798 -0.255454 -0.003002 -0.138580 0.000000 -0.038967 -0.000000 0.075003 -0.000000 -0.394552 -0.087239
  -0.107006 0.000000 -0.088623 -0.000000 -0.141085 0.063317 -1.016844 -0.101118 -0.053948 -0.036891 -0.000000 0.143858 -0.027311 -0.076100 -0.002422 0.000000 -0.032476 -1.710514 0.000000 0.062908 -0.000000 -0.000000 0.035427 0.000000 -0.039265 0.077161 -0.000000 0.116973 0.117683 -0.798982 0.177866 -0.000000 0.000000 0.000000 0.000000 0.000000 -0.157311 -0.307885 0.125215 -0.000000 -0.015059 -0.162411 -0.154044 -0.134295 0.168264 0.460722 0.147247 0.034953 0.121061 0.000000 -0.070136 0.021400 0.115968 0.144426 0.000000 0.075720 0.139376 -0.000000 0.242441 0.301303 0.124410 0.000000 -0.033519 0.000000 0.134815 0.082835 -0.068474 -0.000000 -0.000000 -0.012470 0.000000 -0.117133 0.000000 0.000000 -0.138172 -0.023634 0.000000 0.012282 -0.000000 0.113473 -0.019657 0.416539 0.000000 0.050582 -0.000000 -0.073814 -0.049077 -0.260253 0.090729 0.168350 -0.088549 0.183758 0.129311 -0.000000 -0.087317 0.000000 -0.162711 -0.000000 0.072246 0.011432
  0.084236 -0.000000 -0.182478 -0.000000 0.165574 -0.046202 0.150919 -0.437537 0.068533 -0.091861 -0.000000 0.302371 0.218041 0.025332 0.082472 0.000000 0.224646 0.287519 -0.000000 0.177913 0.000000 -0.000000 0.241925 -0.000000 -0.026182 -0.163845 0.000000 0.156544 0.141152 -0.042166 -0.364164 -0.000000 0.000000 0.000000 0.000000 0.000000 -0.200028 0.188831 0.205458 -0.000000 0.016400 0.188958 -0.799042 0.332721 0.165940 0.029146 0.259043 0.229936 -0.147406 -0.000000 0.107050 0.189190 0.277492 0.019780 0.000000 0.228119 0.005280 -0.000000 0.068511 0.073165 -0.079843 -0.000000 0.244198 -0.000000 0.233637 0.333342 -0.102652 -0.000000 -0.000000 0.098103 -0.000000 0.353742 -0.000000 -0.000000 -1.477685 0.116464 -0.000000 0.038985 0.000000 0.129418 0.200735 0.115028 0.000134 0.142263 -0.000000 0.131287 0.078845 0.184176 0.057521 -0.175311 0.197840 0.071569 0.173110 -0.000000 -0.034460 0.000000 -1.906677 -0.000000 -0.043207 -1.274562
  -0.056250 -0.000000 0.245588 -0.000000 -0.221092 -0.018641 0.133109 0.102557 -0.232646 -0.094384 -0.000000 -0.339781 0.113515 -0.206069 0.051076 -0.000000 -0.154795 0.315764 -0.000000 0.283163 0.000000 -0.000000 -0.089544 -0.000000 0.153200 -0.030266 0.000000 0.138707 -0.144588 0.417227 0.278875 -0.000000 -0.000000 0.000000 0.000000 -0.000000 0.327415 -0.151743 0.028940 -0.000000 0.039061 0.139198 0.184766 -0.115725 -0.029516 -0.456590 -0.234966 0.071710 0.131017 -0.000000 0.077758 -0.371998 0.130362 -0.053785 0.000000 -0.127739 -0.153502 -0.000000 -0.048683 -0.029067 -0.215748 -0.000000 0.031638 -0.000000 -0.064327 -0.257472 0.030925 -0.000000 -0.000000 -0.004291 0.000000 0.158249 -0.000000 0.000000 0.160871 0.127426 -0.000000 0.082962 0.000000 -0.054170 0.017352 -0.008885 -0.080644 0.174076 0.000000 -0.315887 -0.193482 0.042074 -0.153068 0.400025 -0.003979 0.095383 -0.181134 -0.000000 0.056374 0.000000 0.095140 0.000000 -0.076302 0.174914
  0.089586 0.000000 -0.122938 0.000000 0.098038 -0.138944 0.111462 0.233303 0.144767 0.176181 -0.000000 0.014314 0.035058 0.260281 0.308116 -0.000000 0.186011 0.077156 -0.000000 -0.044105 0.000000 0.000000 0.279030 0.000000 0.312513 0.330190 0.000000 0.005919 0.329335 0.161864 0.043511 -0.000000 0.000000 -0.000000 0.000000 0.000000 0.039386 0.552883 0.104767 0.000000 0.280217 0.015285 0.108981 0.052541 0.197059 0.205703 0.195676 0.047358 0.313129 0.000000 0.129381 -0.066684 -0.034167 0.297159 -0.000000 -0.119702 -0.186621 -0.000000 0.268876 0.262940 0.215762 0.000000 0.200678 0.000000 0.210300 -0.180547 0.276648 -0.000000 0.000000 -0.010515 0.000000 -0.009626 -0.000000 0.000000 -0.037428 -0.037073 -0.000000 -0.260396 0.000000 0.257819 -0.026816 -0.064198 -0.064438 0.134629 0.000000 0.102432 0.334202 0.189733 0.248524 0.140941 0.084047 0.270826 0.247177 -0.000000 0.019942 -0.000000 0.078878 0.000000 -0.001837 0.107509
  0.048456 -0.000000 0.013484 -0.000000 0.181171 -0.483482 0.034144 0.186686 0.092701 0.306506 -0.000000 0.230730 -0.290691 0.313284 0.191038 -0.000000 0.283466 -0.206278 0.000000 -0.075141 0.000000 0.000000 0.005186 -0.000000 -0.005352 0.201898 -0.000000 0.140624 0.115801 -0.037773 0.092828 -0.000000 0.000000 0.000000 0.000000 0.000000 0.100514 -0.539173 -0.000286 -0.000000 0.216930 -0.147919 -0.038392 0.198899 0.255658 0.069626 -0.162941 0.101305 0.239327 -0.000000 0.004853 0.070788 -0.278543 0.180556 0.000000 0.092713 -0.152625 -0.000000 0.136002 -0.055675 0.203839 0.000000 0.279355 -0.000000 0.165959 -0.403266 0.004362 0.000000 -0.000000 0.150002 -0.000000 0.105584 -0.000000 0.000000 -0.172261 0.167066 0.000000 -0.185423 0.000000 0.063498 -0.068636 -0.229309 0.000016 -0.018314 -0.000000 -0.050516 0.225413 -0.006894 0.025169 -0.164961 0.208105 -0.060449 0.061780 -0.000000 0.052822 -0.000000 0.142420 -0.000000 0.005081 0.071208
  -0.349374 0.000000 0.418936 -0.000000 0.031452 0.099819 -0.253426 0.349514 -0.094443 -0.131249 -0.000000 0.060724 -0.223945 0.100261 0.308554 -0.000000 -0.021265 -0.294697 -0.000000 0.089276 0.000000 0.000000 -0.331454 -0.000000 0.086257 0.249869 0.000000 -0.018649 0.082904 -0.426035 -0.135757 -0.000000 0.000000 0.000000 -0.000000 -0.000000 0.166136 -0.112488 0.104612 -0.000000 0.049719 0.096433 -0.326309 0.396906 0.041645 -0.478316 -0.008956 0.117396 0.276340 -0.000000 0.247070 -0.514049 0.126620 0.068662 0.000000 -0.260826 -0.126988 -0.000000 0.102226 -0.150891 -0.105810 -0.000000 -0.065223 -0.000000 0.104658 -0.132722 0.148922 0.000000 -0.000000 0.216664 0.000000 0.280562 0.000000 -0.000000 -0.845180 -0.179501 -0.000000 0.111910 -0.000000 0.119418 0.231389 0.395050 0.118236 0.086971 -0.000000 0.065604 0.045361 -0.361420 -0.020351 0.168821 -0.011552 -0.122517 0.018629 -0.000000 0.279353 -0.000000 -0.580547 -0.000000 0.024102 -0.290135
  -0.000000 -0.000000 0.000000 -0.000000 0.000000 0.000000 -0.000000 -0.000000 0.000000 -0.000000 -0.000000 -0.000000 -0.000000 -0.000000 -0.000000 0.000000 0.000000 -0.000000 -0.000000 -0.000000 -0.000000 -0.000000 0.000000 0.000000 0.000000 0.000000 -0.000000 0.000000 0.000000 0.000000 -0.000000 -0.000000 0.000000 -0.000000 0.000000 -0.000000 0.000000 0.000000 0.000000 -0.000000 0.000000 0.000000 0.000000 0.000000 0.000000 -0.000000 0.000000 -0.000000 0.000000 -0.000000 -0.000000 0.000000 -0.000000 -0.000000 0.000000 -0.000000 0.000000 0.000000 0.000000 0.000000 0.000000 0.000000 0.000000 0.000000 0.000000 0.000000 0.000000 -0.000000 -0.000000 -0.000000 -0.000000 0.000000 0.000000 0.000000 0.000000 0.000000 -0.000000 0.000000 -0.000000 0.000000 -0.000000 0.000000 0.000000 -0.000000 -0.000000 -0.000000 0.000000 0.000000 0.000000 0.000000 -0.000000 -0.000000 0.000000 -0.000000 -0.000000 -0.000000 0.000000 0.000000 0.000000 0.000000
  0.166240 0.000000 0.174833 0.000000 -0.109777 -0.188156 0.296985 0.234891 0.179250 0.059198 -0.000000 0.313211 -0.003783 -0.182967 -0.186630 0.000000 -0.268583 0.123633 0.000000 0.057865 0.000000 -0.000000 -0.068700 -0.000000 0.103620 -0.265847 -0.000000 0.306895 -0.238898 -0.082295 0.213536 -0.000000 -0.000000 -0.000000 0.000000 0.000000 0.085749 -0.259455 0.237749 0.000000 0.190429 0.050891 -0.094239 0.326097 -0.047958 -0.526055 0.066493 0.280627 -0.039214 -0.000000 0.168770 0.229446 0.170638 0.051553 -0.000000 0.137248 -0.054154 -0.000000 -0.181086 -0.244105 0.020042 0.000000 0.015962 -0.000000 0.180891 -0.033676 -0.544719 -0.000000 0.000000 0.050921 -0.000000 0.320434 -0.000000 -0.000000 0.020224 -0.045858 0.000000 -0.142824 -0.000000 -0.150321 -0.033055 -0.063337 0.000000 -0.286252 0.000000 0.407776 -0.321705 0.124862 -0.050722 0.245778 -0.040731 0.065162 0.131881 -0.000000 -0.180765 0.000000 0.191145 -0.000000 -0.063798 -0.337131
  -0.586970 -0.000000 -0.070994 -0.000000 -0.183582 -0.101540 -0.184654 -0.388044 0.064109 -0.150816 -0.000000 -0.145802 -0.245357 0.040026 0.013595 -0.000000 0.109572 -0.281026 0.000000 -0.015032 0.000000 0.000000 0.023465 0.000000 -0.108958 0.407426 -0.000000 0.125142 0.027994 -0.556598 -0.984275 -0.000000 -0.000000 -0.000000 0.000000 0.000000 0.011799 0.037972 0.307231 0.000000 -0.036701 -0.119931 -0.215152 -0.280339 -0.151664 -0.291101 0.129471 0.675275 0.318423 -0.000000 0.093950 -0.389808 -0.193375 -0.179666 0.000000 -0.119429 -0.053895 0.000000 -0.087751 0.333935 -0.009787 0.000000 -0.048649 0.000000 0.130501 -0.086962 -0.302907 0.000000 0.000000 0.165691 0.000000 0.155473 0.000000 -0.000000 -0.290163 -0.149901 -0.000000 -0.062028 -0.000000 -0.039913 0.060115 0.478359 -0.129816 0.030616 -0.000000 -0.169985 -0.141357 -0.052853 -0.010789 0.005514 0.012257 0.121048 -0.106681 -0.000000 0.163761 -0.000000 -0.913086 -0.000000 0.123933 -0.614626
  0.058784 0.000000 -0.073608 -0.000000 0.135913 0.144091 -0.187346 -0.124524 -0.063997 0.022222 -0.000000 0.096773 0.092121 0.071477 -0.015776 -0.000000 0.125115 0.104279 0.000000 0.559604 0.000000 0.000000 0.022742 0.000000 -0.615794 0.013481 -0.000000 -0.005268 0.016064 -0.168459 0.057536 -0.000000 -0.000000 0.000000 0.000000 0.000000 0.148953 -0.921388 0.278877 -0.000000 0.050883 0.094053 -0.048343 -0.651683 0.102655 0.124538 0.113122 -0.233837 0.165207 0.000000 0.106871 0.316311 0.235674 0.073073 0.000000 -0.008107 0.142426 0.000000 0.136881 -0.031124 -0.043783 -0.000000 0.133067 -0.000000 0.049660 0.177406 0.078568 -0.000000 -0.000000 0.188788 -0.000000 0.152591 0.000000 -0.000000 0.148636 -0.020520 -0.000000 0.346770 -0.000000 0.001309 -0.065183 0.421767 0.134740 0.236230 0.000000 -0.119476 0.168077 -0.096827 0.181004 0.234067 0.136685 0.277748 0.085395 -0.000000 0.217901 0.000000 0.154853 0.000000 0.246165 0.077521
  -0.209765 0.000000 0.262563 0.000000 0.192415 0.510242 -0.785138 -0.156957 0.161582 -0.216895 0.000000 0.395348 -0.007510 0.039518 0.319787 0.000000 0.280129 -0.560012 -0.000000 0.191878 0.000000 -0.000000 0.012581 -0.000000 0.249983 0.112025 0.000000 -0.075674 0.327510 -0.443693 -1.090989 -0.000000 -0.000000 -0.000000 -0.000000 0.000000 0.454300 -0.081357 0.154991 -0.000000 0.008913 0.344310 0.093729 0.123340 0.140591 0.134882 0.192303 -0.026427 0.005829 -0.000000 0.147109 0.011528 -0.193594 0.097191 -0.000000 0.106513 0.077700 -0.000000 -0.000193 -0.133775 -0.096913 -0.000000 0.224433 0.000000 -0.071686 0.567163 0.188100 0.000000 -0.000000 0.201142 0.000000 0.335144 0.000000 -0.000000 -0.141710 -0.090642 -0.000000 -0.196458 0.000000 -0.160976 0.061754 -0.199777 0.000000 0.393942 -0.000000 0.063508 0.229625 -0.136577 0.158408 -0.399456 0.055320 -0.052457 0.237037 0.000000 0.259790 0.000000 -0.273693 -0.000000 -0.105908 -0.289642
  -0.185737 0.000000 -0.496938 -0.000000 0.138219 -2.230109 -0.103736 -0.307869 0.020103 0.106951 -0.000000 -0.026368 -0.337749 0.234095 -0.025379 0.000000 0.185790 -0.411065 -0.000000 -0.108073 -0.000000 0.000000 0.250670 -0.000000 -0.225186 0.294376 0.000000 0.130057 0.179248 -0.255750 0.056188 0.000000 -0.000000 0.000000 0.000000 -0.000000 -0.178793 -1.465309 0.120127 -0.000000 0.018761 -0.335462 -0.037555 0.079248 0.194814 -0.076454 -0.018698 0.082985 0.190109 0.000000 0.093466 -0.067783 -0.059640 0.088068 0.000000 0.261482 0.120379 0.000000 0.090623 0.348019 -0.017594 -0.000000 0.065774 0.000000 0.163879 -0.485460 0.103261 0.000000 0.000000 -0.031539 -0.000000 -0.157480 0.000000 0.000000 -1.262805 -0.219031 0.000000 0.471806 0.000000 0.317435 -0.165101 -0.255111 0.000023 0.124743 0.000000 0.153875 -0.037627 -0.030586 0.112078 -0.211454 0.003015 -0.027021 0.078202 -0.000000 -0.317912 0.000000 0.026277 -0.000000 0.057437 0.097614
  0.180979 0.000000 0.066241 0.000000 -0.211324 0.183199 0.106983 0.075535 -0.017371 -0.276734 -0.000000 -0.210902 0.067639 -0.086907 0.043093 -0.000000 -0.081765 0.130276 -0.000000 -0.024314 -0.000000 -0.000000 0.000532 -0.000000 0.079914 0.133647 0.000000 -0.024666 -0.048975 0.185334 0.095755 -0.000000 0.000000 -0.000000 -0.000000 -0.000000 0.019645 0.020280 -0.113063 -0.000000 -0.154404 0.099791 0.024846 0.050971 -0.019585 -0.036411 -0.074176 -0.080821 -0.080150 -0.000000 -0.096396 0.006379 -0.082550 -0.062336 0.000000 -0.025660 0.078398 -0.000000 -0.046381 -0.058007 -0.106969 -0.000000 -0.006647 0.000000 0.025108 -0.026824 0.146802 0.000000 -0.000000 -0.069529 0.000000 0.053901 -0.000000 -0.000000 0.032622 0.077884 0.000000 -0.015731 -0.000000 0.083402 0.057651 0.038099 -0.198687 0.008470 0.000000 -0.201531 -0.097183 0.114472 -0.062215 -0.059930 -0.088557 0.060150 -0.083704 0.000000 0.003476 0.000000 0.082651 -0.000000 -0.243688 0.191000
  -0.101787 0.000000 -0.116295 -0.000000 -0.045217 -0.000000 -0.233204 -0.724671 -0.309332 -0.560724 -0.000000 -0.361198 -0.014177 -0.511158 -0.262487 0.000000 -0.189703 -0.897826 -0.000000 -0.424823 -0.000000 -0.000000 -0.378990 -0.000000 1.037558 -0.353270 0.000000 -0.341095 -0.182330 1.421114 0.048426 0.000000 0.000000 0.000000 -0.000000 0.000000 -0.321117 -0.587838 -0.186674 -0.000000 -0.226211 -0.499836 0.386755 0.201011 -0.290798 -0.175927 0.047761 0.381201 -0.211454 -0.000000 -0.192085 -0.359541 -0.044728 -0.294881 -0.000000 -0.025677 0.345247 -0.000000 -0.329345 -0.271158 -0.412109 -0.000000 -0.250226 0.000000 -0.245063 -1.195850 -0.261935 -0.000000 0.000000 -0.033759 0.000000 -0.260190 -0.000000 -0.000000 -0.468336 -0.284847 0.000000 0.144245 0.000000 -0.289171 -0.632770 -0.677506 -0.000456 -0.248408 -0.000000 0.403861 -0.563682 0.234188 -0.245483 -0.140568 -0.317639 0.038909 -0.244221 -0.000000 -0.018360 -0.000000 0.024814 0.000000 -0.429107 0.087485
  0.041231 0.000000 -1.556096 0.000000 0.054411 -0.129729 0.145518 -0.606023 0.099402 -0.038847 -0.000000 0.223092 -0.131953 0.106087 -0.082185 -0.000000 0.006720 -0.028247 0.000000 0.195014 -0.000000 -0.000000 -0.105817 -0.000000 -0.079587 0.014081 -0.000000 -0.015230 0.015158 -0.237975 -0.372670 -0.000000 -0.000000 -0.000000 -0.000000 -0.000000 -0.327487 0.097663 0.130716 0.000000 0.118848 -0.032189 -0.121308 0.062408 0.157159 0.065516 0.108299 0.104607 0.170340 0.000000 0.147888 -0.086324 0.139724 -0.120298 -0.000000 0.032363 0.009653 -0.000000 0.039457 0.245782 -0.067484 -0.000000 0.128303 -0.000000 0.277712 0.186783 -0.038377 0.000000 0.000000 0.134491 -0.000000 -0.025538 0.000000 -0.000000 -3.377034 0.014743 0.000000 0.114155 -0.000000 0.082710 0.107018 -0.168691 0.211023 0.141368 -0.000000 -0.091115 0.029738 0.127203 0.100117 -0.289666 -0.073782 0.138816 0.096202 0.000000 -0.098344 -0.000000 0.171688 -0.000000 -0.060502 -0.230634
  -0.187831 0.000000 0.290143 -0.000000 -0.317977 0.074476 0.000000 0.161127 -0.097043 0.160893 -0.000000 -0.047950 0.154513 -0.132016 -0.415111 0.000000 -0.309857 -0.000146 0.000000 0.183789 -0.000000 -0.000000 -0.000000 -0.000000 0.337584 0.099789 0.000000 -0.029230 -0.430524 -0.000000 0.391399 -0.000000 -0.000000 -0.000000 0.000000 0.000000 0.494954 0.621969 -0.177470 0.000000 0.062216 -0.084855 0.200816 1.353468 -0.046316 -2.102247 -0.362257 0.446886 -0.275936 -0.000000 -0.219645 0.692840 0.146933 0.065278 -0.000000 -0.229993 -0.344179 -0.000000 0.162186 -0.257842 0.060964 -0.000000 -0.000602 -0.000000 0.076815 -0.000000 -1.563306 -0.000000 -0.000000 -0.311126 -0.000000 0.031595 -0.000000 0.000000 0.000000 0.154132 0.000000 0.078959 -0.000000 0.057703 0.007642 -0.156442 -0.000019 -0.299481 -0.000000 0.000000 -0.252132 -0.552949 -0.201947 0.385259 -0.160254 -0.051938 0.028748 -0.000000 0.264831 0.000000 -0.633477 0.000000 -0.207624 -0.799188
  0.000177 -0.000000 -1.060501 -0.000000 0.024676 -0.107592 0.058966 -0.670206 0.026254 -0.187467 -0.000000 0.045659 -0.225880 -0.020057 0.000962 0.000000 -0.071903 0.243682 -0.000000 -0.051244 0.000000 -0.000000 -0.108593 -0.000000 -0.147237 -0.050858 0.000000 0.058649 0.175218 -0.070093 -0.729475 -0.000000 0.000000 -0.000000 0.000000 -0.000000 -0.596673 0.042391 0.192121 0.000000 0.085048 -0.118891 -0.214577 0.287977 0.215944 0.173143 0.192556 0.082426 0.120384 -0.000000 0.097828 0.191802 0.060978 -0.038624 0.000000 -0.038322 -0.042346 0.000000 0.132680 0.116152 -0.071012 -0.000000 0.177138 0.000000 0.102886 0.181635 -0.118403 0.000000 0.000000 -0.152011 -0.000000 0.182198 0.000000 0.000000 -1.092614 0.029377 0.000000 0.113341 -0.000000 -0.067311 -0.027042 -0.020248 0.030551 0.088895 0.000000 0.029058 0.027381 -0.010514 -0.173038 -0.525058 -0.086792 0.051070 0.216042 0.000000 -0.201523 -0.000000 0.206930 0.000000 -0.209551 -0.162254
  -0.033497 0.000000 0.369787 -0.000000 -0.187730 0.058062 -0.101670 0.247262 -0.000866 -0.210009 -0.000000 -0.238154 0.273214 0.070339 0.017757 0.000000 -0.239271 -0.047448 -0.000000 -0.129810 -0.000000 -0.000000 -0.115756 -0.000000 0.034738 -0.010205 0.000000 0.042378 0.031144 0.422992 0.086186 -0.000000 -0.000000 -0.000000 -0.000000 -0.000000 0.028985 -0.122486 0.041452 -0.000000 -0.200261 0.001855 0.095373 -0.047774 0.000371 -0.116112 -0.106655 -0.047453 -0.146757 -0.000000 0.057072 -0.342194 -0.131383 -0.033966 -0.000000 -0.211422 -0.005356 -0.000000 -0.044671 -0.161635 -0.101892 0.000000 -0.214610 -0.000000 -0.067381 -0.704766 -0.025951 0.000000 0.000000 0.013159 -0.000000 0.073027 0.000000 0.000000 -0.254266 -0.086616 -0.000000 -0.053863 0.000000 -0.004399 -0.008501 0.304837 -0.000024 0.013776 -0.000000 0.175566 -0.013162 0.124090 -0.213713 0.004074 0.020107 -0.225332 -0.076698 0.000000 0.106093 0.000000 -0.010449 0.000000 -0.031947 0.096962
  -0.005261 0.000000 -0.157921 -0.000000 -0.096845 0.195776 0.025132 -0.139368 0.132074 0.197582 -0.000000 -0.061714 -0.018923 0.149775 0.075452 -0.000000 0.026933 0.174532 0.000000 0.684618 0.000000 -0.000000 -0.044900 0.000000 0.213238 0.042889 -0.000000 0.107701 0.079685 0.025992 0.022228 -0.000000 -0.000000 -0.000000 -0.000000 -0.000000 0.137516 -0.320074 0.024427 -0.000000 -0.049619 0.315033 0.046901 -0.055529 0.090501 -0.065538 -0.063335 -0.072480 0.142578 0.000000 0.136896 0.244458 0.708277 -0.006225 -0.000000 -0.110481 -0.007152 -0.000000 0.110396 0.190474 0.012796 -0.000000 -0.091427 -0.000000 0.098371 0.074591 0.094950 -0.000000 -0.000000 -0.019079 -0.000000 -0.042899 0.000000 -0.000000 0.062451 0.008495 -0.000000 0.350571 0.000000 0.080757 0.218780 -0.003644 0.027513 0.064766 0.000000 0.098966 0.108687 -0.023256 -0.104863 -0.054566 0.149466 0.100590 0.071510 -0.000000 0.092347 -0.000000 0.152584 0.000000 0.135246 0.042849
  -0.073924 0.000000 -0.103074 0.000000 0.136036 -0.084476 -0.676569 -0.143665 0.104024 0.261117 -0.000000 0.208613 -0.022367 0.186773 -0.026988 -0.000000 0.233611 -1.706756 -0.000000 0.132256 -0.000000 0.000000 0.267690 -0.000000 -0.107359 0.280981 -0.000000 -0.066827 0.167640 -0.112901 -0.233332 -0.000000 -0.000000 0.000000 -0.000000 -0.000000 -0.024859 -0.158213 0.123695 0.000000 0.325427 0.346862 -0.089919 -0.176010 0.098422 -0.178059 0.143746 0.034544 0.111622 0.000000 0.177669 0.265599 0.081215 0.106898 -0.000000 -0.178163 0.242481 -0.000000 0.212264 0.198549 0.083566 0.000000 0.278125 -0.000000 0.149735 -0.656768 0.093348 -0.000000 -0.000000 -0.096072 -0.000000 0.208190 -0.000000 0.000000 0.350952 -0.002562 0.000000 -0.031060 0.000000 0.273017 0.190281 0.062187 -0.000002 -0.043448 0.000000 -0.235605 0.200430 -0.233152 -0.065769 0.240437 0.067070 -0.024135 0.212402 0.000000 -0.172464 0.000000 0.098333 -0.000000 -0.032942 0.212482
  -0.076155 0.000000 0.155258 0.000000 0.131781 0.066954 0.096013 -0.263463 0.050771 -0.077621 -0.000000 0.160676 0.140943 0.171970 0.150249 0.000000 0.141596 0.203676 0.000000 0.111082 -0.000000 0.000000 0.049829 0.000000 -0.110213 -0.086262 -0.000000 0.197178 0.280318 -0.143005 0.017046 -0.000000 0.000000 -0.000000 -0.000000 -0.000000 0.188578 -0.981797 0.387107 0.000000 0.134222 0.043219 0.171720 -0.879127 0.004704 0.212344 0.294889 -0.237359 0.159434 -0.000000 0.245196 0.147933 -0.031284 0.164628 0.000000 -0.056602 -0.049763 -0.000000 0.081689 0.265111 0.206085 0.000000 0.099332 -0.000000 0.086583 -0.110053 0.097335 0.000000 0.000000 -0.040501 -0.000000 0.131090 -0.000000 0.000000 -0.012110 -0.112852 -0.000000 0.103323 0.000000 0.111375 0.214833 0.163754 0.245802 0.107979 0.000000 -0.024367 0.192770 -0.033596 0.181932 0.098530 0.275185 0.239540 0.208638 -0.000000 0.133068 0.000000 0.097272 0.000000 0.200231 0.241129
  0.024696 -0.000000 -0.261896 -0.000000 -0.630720 -0.041755 0.082949 0.384528 -0.337021 -0.182438 -0.000000 -0.586727 -0.745177 -0.168887 0.045898 -0.000000 -0.184504 -0.154863 0.000000 0.067728 0.000000 -0.000000 -0.262731 -0.000000 0.135287 -0.186318 0.000000 -0.301817 -0.145022 -0.248584 0.022546 -0.000000 0.000000 -0.000000 -0.000000 -0.000000 -0.235795 -0.095370 -0.597282 -0.000000 0.151840 -0.215147 0.025131 0.084444 -0.078141 -0.566076 -0.094269 0.029264 -0.509040 -0.000000 -0.517833 0.074602 0.153851 -0.294398 -0.000000 -0.241354 0.096679 -0.000000 -0.443110 -0.299830 -0.112485 -0.000000 -0.031486 0.000000 0.048926 -0.191030 -0.340859 -0.000000 0.000000 -0.546500 0.000000 -0.167454 -0.000000 0.000000 -0.153010 0.126980 -0.000000 -0.002489 -0.000000 -0.109317 0.064074 0.309577 -0.101387 0.178519 0.000000 0.140884 -0.390300 -0.246393 -0.183915 -0.023826 -0.235692 -0.300806 -0.331915 -0.000000 0.126833 -0.000000 0.109629 -0.000000 -0.210684 -0.478380
  0.025466 0.000000 -0.091515 -0.000000 -0.187795 -0.298587 0.051095 -0.006791 -0.081240 -0.244242 -0.000000 -0.184321 0.260394 -0.280783 -0.323708 -0.000000 -0.047014 0.247980 -0.000000 -0.157671 -0.000000 -0.000000 0.068281 -0.000000 -0.052794 0.111002 -0.000000 -0.330958 -0.095363 0.081940 -0.274163 -0.000000 -0.000000 0.000000 -0.000000 0.000000 -0.030024 0.263299 -0.183290 0.000000 -0.073324 0.172573 -0.131286 0.113758 -0.145221 0.211531 -0.285532 -0.000130 0.133997 -0.000000 -0.136643 0.204320 -0.177652 0.043314 0.000000 -0.211167 0.035153 -0.000000 0.094458 0.090763 -0.256100 -0.000000 -0.069083 -0.000000 -0.129773 0.241832 0.226313 0.000000 0.000000 0.166143 -0.000000 0.205954 0.000000 0.000000 0.022888 0.005973 -0.000000 0.180621 0.000000 -0.193241 0.233680 0.260314 -0.230365 -0.262534 -0.000000 0.121763 -0.190251 0.062655 0.008058 -0.390970 -0.152919 -0.156495 -0.148863 0.000000 0.109666 -0.000000 -0.026216 -0.000000 -0.161227 -0.185941
  0.020587 -0.000000 0.090638 -0.000000 0.036476 0.123888 0.475687 -0.340214 0.208433 -0.068399 0.000000 0.208353 -0.001888 -0.227046 -0.219000 -0.000000 0.310659 0.322230 -0.000000 0.087301 -0.000000 -0.000000 0.090164 0.000000 0.196348 -0.003948 0.000000 0.324479 0.189296 0.234240 -0.464535 -0.000000 0.000000 0.000000 0.000000 -0.000000 0.066869 0.433141 0.222355 0.000000 0.166825 0.232208 -0.169611 0.000001 0.273602 -0.220381 -0.083138 -0.070084 0.063101 0.000000 0.125773 -0.188606 0.062754 -0.188268 -0.000000 -0.169633 0.131353 0.000000 0.146338 0.052903 -0.001914 -0.000000 0.232509 -0.000000 0.299539 -0.327961 -0.126307 -0.000000 -0.000000 0.055973 -0.000000 0.282628 -0.000000 -0.000000 0.327717 0.061493 0.000000 0.025672 -0.000000 -0.100090 0.326435 0.004640 0.000006 -0.251047 -0.000000 0.215683 -0.146632 0.001089 0.056294 -0.023481 0.002987 -0.256456 0.146227 0.000000 -0.031961 -0.000000 -0.010391 -0.000000 -0.045004 0.048190
  -0.196195 -0.000000 -0.482409 0.000000 0.126190 -0.859771 -0.513760 -0.492350 -0.581671 -0.931048 -0.000000 -0.263525 -0.200398 -0.398300 -0.532073 0.000000 -0.534154 -0.174205 0.000000 -0.218397 -0.000000 -0.000000 0.499130 0.000000 -0.662836 0.675136 -0.000000 -0.316944 -0.486897 -0.164165 -0.131509 0.000000 -0.000000 0.000000 -0.000000 -0.000000 -0.166657 -0.118919 -0.276647 -0.000000 -0.032547 -0.556936 -0.364630 -0.215963 0.088576 -0.125904 -0.933045 -0.100394 -0.430593 0.000000 -0.270341 0.068249 0.044138 -0.121295 -0.000000 0.186003 0.207908 -0.000000 -0.323365 -0.513702 -0.389942 0.000000 -0.003429 -0.000000 -0.008586 0.136773 -0.235830 -0.000000 0.000000 0.071690 0.000000 -0.293487 -0.000000 -0.000000 0.068053 -0.074830 -0.000000 -0.108419 -0.000000 -0.095207 -0.485280 -0.171241 -0.015876 -0.193069 0.000000 0.074554 -0.440799 -0.009691 -0.101837 -0.394247 -0.117938 -1.033566 -0.493371 0.000000 -0.619933 -0.000000 -0.736938 -0.000000 -0.385814 -0.275160
  0.144527 0.000000 -1.096141 0.000000 0.161557 -0.290729 0.015787 -0.386322 0.261422 -0.065536 -0.000000 0.334915 -0.106770 0.197157 0.212197 -0.000000 0.248917 0.192163 -0.000000 0.095829 0.000000 0.000000 -0.210246 0.000000 -0.416990 -0.036092 -0.000000 0.235967 0.051055 -0.239361 0.043129 -0.000000 -0.000000 0.000000 -0.000000 -0.000000 -0.390577 0.231164 0.155685 -0.000000 0.171220 0.051634 0.145047 0.129372 0.171147 0.635382 0.327112 0.045704 -0.100807 0.000000 0.296281 -0.068370 0.110019 -0.045762 -0.000000 0.166182 -0.360063 0.000000 0.039157 -0.124290 -0.087776 0.000000 0.267909 -0.000000 0.143873 0.705455 -0.133079 -0.000000 -0.000000 0.129498 -0.000000 0.144385 -0.000000 -0.000000 -3.801696 -0.109341 -0.000000 0.085967 -0.000000 0.038875 0.013705 -0.347990 -0.064524 0.109980 0.000000 0.329015 0.108082 -0.054376 -0.073807 -0.438727 0.070331 0.085274 0.236138 -0.000000 0.126186 0.000000 -0.425519 -0.000000 -0.055753 -0.032559
  0.113667 0.000000 0.471663 -0.000000 0.091357 0.029503 0.093664 0.411632 -0.005989 -0.166392 -0.000000 -0.147303 0.166367 0.062796 0.028507 -0.000000 0.061292 -0.014519 -0.000000 0.124276 -0.000000 0.000000 -0.055914 0.000000 0.077001 -0.087402 -0.000000 -0.158644 -0.019900 0.538327 0.793575 -0.000000 -0.000000 0.000000 -0.000000 -0.000000 0.619734 0.134107 0.205320 -0.000000 0.139528 0.121562 0.241931 0.411571 -0.024867 0.044777 -0.052151 0.269867 -0.062860 0.000000 0.054352 -0.193315 0.362138 0.003728 0.000000 -0.169525 -0.068555 -0.000000 -0.069799 0.093874 -0.040806 -0.000000 0.188053 -0.000000 0.128965 -0.227266 -0.193308 -0.000000 0.000000 0.174224 0.000000 0.174887 -0.000000 -0.000000 0.342496 0.024382 -0.000000 0.045177 0.000000 0.012744 -0.072901 -0.234043 0.030788 0.076493 -0.000000 -0.278658 -0.143775 0.014831 -0.069659 0.704307 -0.047769 0.121456 0.072833 0.000000 0.061141 0.000000 0.576368 -0.000000 -0.153005 0.693184
  0.071645 0.000000 -0.038138 -0.000000 0.042387 -0.806080 -0.192326 0.035772 0.242611 0.221574 -0.000000 0.248212 0.146275 0.215703 0.180619 -0.000000 0.263111 -0.152060 -0.000000 -0.654245 0.000000 0.000000 0.305752 0.000000 0.006312 0.300610 0.000000 0.211969 0.265927 -0.158086 -0.012308 -0.000000 -0.000000 -0.000000 0.000000 0.000000 0.029666 -0.224590 0.065948 -0.000000 0.087892 0.021317 -0.170239 -0.121400 0.172999 0.235685 0.109470 -0.034109 0.366900 0.000000 0.295218 0.236146 -0.704320 0.352168 -0.000000 0.083749 0.080597 0.000000 0.405249 0.589366 0.228298 -0.000000 0.338277 -0.000000 0.109913 -0.168861 0.161316 -0.000000 -0.000000 0.216483 -0.000000 0.176997 -0.000000 0.000000 0.003648 -0.188371 -0.000000 -0.476752 0.000000 0.292408 0.096264 0.038849 -0.030650 0.210552 0.000000 -0.063280 0.200934 -0.008460 0.212500 0.119841 0.165186 0.111742 0.215762 -0.000000 0.073234 0.000000 0.105475 -0.000000 -0.022011 0.034654
  -0.149413 0.000000 -0.165601 -0.000000 0.193811 0.017478 0.194414 -0.378779 0.358261 0.081172 -0.000000 0.132381 0.134715 0.095197 0.199038 -0.000000 0.273907 0.090536 -0.000000 0.176900 0.000000 0.000000 0.375683 0.000000 0.242253 0.248293 -0.000000 0.143306 0.235620 -0.121947 -0.529400 -0.000000 0.000000 0.000000 -0.000000 0.000000 -0.201472 0.104904 0.298427 0.000000 0.342164 0.024503 -0.439684 -0.138962 0.248667 -0.013091 0.323159 0.172305 0.246987 -0.000000 0.130876 0.157368 -0.032049 0.112995 -0.000000 0.085085 0.209757 -0.000000 0.056764 0.182508 0.163406 0.000000 0.232327 0.000000 0.332018 0.044464 0.223282 0.000000 0.000000 0.218161 -0.000000 0.258081 0.000000 -0.000000 -2.080645 0.018498 -0.000000 0.013151 0.000000 0.174794 0.038336 -0.005005 0.294689 0.160237 0.000000 0.333694 0.124108 -0.275021 0.149273 -0.156969 0.175902 0.166482 0.205156 -0.000000 -0.105697 0.000000 -2.851875 -0.000000 0.048298 -1.380485
  -0.208171 -0.000000 0.093868 0.000000 -0.135692 -0.385219 0.148623 -0.209986 -0.155422 -0.864392 -0.000000 -0.145230 -0.370955 -0.294006 -0.309479 -0.000000 -0.001991 0.426624 -0.000000 0.138689 -0.000000 -0.000000 -0.283841 -0.000000 0.002777 -0.189551 0.000000 0.128453 0.086938 -0.000000 -0.192593 0.000000 0.000000 0.000000 -0.000000 -0.000000 -0.275840 -0.195782 -0.106064 0.000000 -0.166987 -1.164613 -0.321405 0.233667 -0.293915 0.170733 -0.561996 0.038114 -0.249930 0.000000 -0.056445 -0.238537 0.120623 -0.350937 0.000000 -0.670290 -0.160682 0.000000 -0.415095 0.574859 -0.356101 0.000000 -0.153173 -0.000000 -0.138640 -0.809880 -0.013170 -0.000000 0.000000 -0.055177 -0.000000 -0.119017 -0.000000 0.000000 0.777696 0.031690 -0.000000 0.046347 -0.000000 -0.437414 -0.637587 -0.376221 -0.016143 -0.255737 -0.000000 -0.040933 -0.596730 0.144496 -0.000000 -0.510262 -0.412827 -0.341287 -0.318657 -0.000000 -0.463976 -0.000000 -1.500786 0.000000 -0.506484 -0.464756
  -0.018672 -0.000000 0.137578 -0.000000 0.104329 -0.610698 0.092258 0.297878 0.109217 0.134146 -0.000000 0.246098 -0.014215 0.131429 0.273072 0.000000 0.305062 0.115637 0.000000 -0.198392 -0.000000 0.000000 0.003990 -0.000000 0.068687 0.110820 0.000000 0.000596 0.142515 0.144840 0.177950 -0.000000 0.000000 -0.000000 0.000000 -0.000000 0.151633 -0.100057 0.051982 -0.000000 0.265132 0.145987 0.006333 -0.082459 0.050047 0.005839 0.338280 0.017014 0.263755 -0.000000 0.300253 0.022247 -0.090830 0.053575 0.000000 -0.085069 -0.090391 0.000000 0.346315 0.352985 0.168693 0.000000 0.055045 -0.000000 0.125483 -0.044259 0.124557 -0.000000 0.000000 0.099724 -0.000000 -0.016763 -0.000000 -0.000000 0.012247 -0.079331 0.000000 -0.278936 -0.000000 0.292260 0.009522 0.047496 0.109673 0.051203 -0.000000 0.043382 0.134244 0.127855 -0.047403 0.105714 0.068751 -0.005097 0.197901 -0.000000 0.138603 -0.000000 0.066285 -0.000000 -0.034001 0.245786
  -0.146983 -0.000000 -0.270875 -0.000000 0.255091 -0.167346 0.154686 -0.197989 0.263725 0.024369 -0.000000 0.255436 0.077010 0.093227 0.112157 0.000000 0.112847 0.004236 0.000000 0.064198 0.000000 0.000000 -0.169505 0.000000 0.235787 0.032310 -0.000000 0.048903 0.217247 -0.094419 -0.489692 -0.000000 0.000000 -0.000000 -0.000000 -0.000000 0.012384 0.050822 0.268067 0.000000 0.147724 0.095018 -0.604344 -0.117916 0.244231 -0.000749 0.285009 0.124477 0.223905 0.000000 0.208258 -0.080605 0.078544 0.040557 -0.000000 0.236038 0.012167 0.000000 0.017327 0.185471 0.144505 -0.000000 0.150580 0.000000 0.217596 0.023932 0.347890 0.000000 0.000000 0.162180 -0.000000 0.268931 0.000000 0.000000 -2.448995 -0.110641 -0.000000 0.011386 -0.000000 -0.038413 0.236370 -0.073726 0.196462 0.257588 0.000000 0.064888 0.234809 -0.183956 0.178754 -0.044136 0.319874 0.197341 0.172139 0.000000 -0.248224 0.000000 -3.620772 -0.000000 0.233231 -2.155124
  0.022548 -0.000000 0.229817 -0.000000 0.160852 -0.562271 -0.065463 -0.145862 -0.097317 0.093307 -0.000000 0.278482 0.092774 0.066552 0.170770 -0.000000 -0.120294 -0.061420 0.000000 0.829482 0.000000 0.000000 0.073967 0.000000 -1.499693 -0.127320 -0.000000 0.069051 0.106362 -0.268924 0.024797 -0.000000 0.000000 0.000000 -0.000000 -0.000000 -0.220943 -2.112766 0.254920 0.000000 0.095456 0.494562 0.089950 -0.705520 -0.018819 -0.004284 0.050993 -1.547349 -0.057937 0.000000 0.092450 0.517592 0.357952 -0.107063 -0.000000 0.137289 -0.941696 -0.000000 -0.018420 -0.012822 0.087559 0.000000 0.014511 -0.000000 0.258643 0.279872 -0.011760 -0.000000 0.000000 -0.003864 0.000000 0.280170 -0.000000 -0.000000 0.169610 0.255724 0.000000 -0.213827 -0.000000 0.019760 0.358612 0.159922 0.123491 0.260768 -0.000000 -0.729079 0.027344 -0.306081 0.036974 -0.373317 -0.059603 -0.005035 0.066169 -0.000000 -0.003937 -0.000000 0.364419 -0.000000 0.043308 -0.037599
  -0.047717 0.000000 -0.020399 -0.000000 0.031035 -1.550895 0.010535 -0.140377 0.133263 0.205734 -0.000000 0.140872 -0.199229 0.134040 0.076362 0.000000 0.091919 0.046301 0.000000 -0.178830 -0.000000 0.000000 -0.053547 0.000000 0.183794 0.163024 0.000000 -0.025521 0.049801 -0.172914 0.180749 -0.000000 -0.000000 -0.000000 0.000000 -0.000000 0.090862 -1.775238 0.099528 0.000000 0.097975 -0.151999 0.141828 0.035102 0.066329 0.253900 0.033807 0.095175 0.050836 -0.000000 0.005282 -0.208542 -0.064196 0.064121 0.000000 -0.011138 0.018814 0.000000 0.068320 -0.283636 0.060442 -0.000000 0.053812 -0.000000 -0.010119 -0.258614 -0.139883 -0.000000 -0.000000 0.103830 -0.000000 0.079217 -0.000000 -0.000000 -0.512868 0.159586 0.000000 -0.146298 0.000000 0.243710 -0.007068 -0.472046 -0.000044 0.241134 0.000000 0.011775 0.048217 -0.022457 0.127998 -0.127491 0.045215 -0.048958 0.118416 0.000000 -0.024260 0.000000 0.107242 -0.000000 0.044092 0.106164
  -0.187235 0.000000 -0.418776 0.000000 -0.614678 0.126755 0.115089 -2.134486 -0.211512 -0.167512 -0.000000 -0.739044 -0.693473 -0.228678 -0.147285 0.000000 -0.218725 -0.032149 -0.000000 -0.105048 -0.000000 -0.000000 -0.490325 -0.000000 0.198628 -0.172413 0.000000 -0.070537 -0.301913 -0.086957 -0.077448 0.000000 0.000000 -0.000000 0.000000 -0.000000 -0.137448 -0.052688 -0.371988 -0.000000 0.103956 -0.274335 0.057312 0.056468 -0.036777 -0.482117 -0.486758 0.026759 -0.317104 -0.000000 -0.216397 0.025688 0.071394 -0.302875 0.000000 -0.266819 -0.216683 0.000000 -0.290841 -0.045341 -0.279915 0.000000 -0.004991 -0.000000 0.262338 -0.270742 -0.285783 -0.000000 0.000000 -0.285577 -0.000000 -0.112530 -0.000000 0.000000 -0.259066 -0.046684 -0.000000 -0.062423 0.000000 -0.231902 0.270314 0.213732 -0.102068 0.299868 -0.000000 -0.006460 -0.029759 -0.531641 -0.206021 -0.046855 -0.283477 -0.312047 -0.500683 -0.000000 0.347827 -0.000000 -0.068315 0.000000 -0.178288 -0.538151
  0.024909 -0.000000 0.045245 0.000000 -0.171746 -0.138850 0.236084 0.098866 0.048871 -0.053912 -0.000000 -0.179216 0.154040 0.023831 -0.131820 -0.000000 -0.154920 0.236401 -0.000000 0.045147 -0.000000 -0.000000 -0.205299 -0.000000 0.185462 0.001385 -0.000000 -0.251707 -0.097349 0.279768 0.107317 -0.000000 -0.000000 -0.000000 0.000000 0.000000 0.053628 -0.072196 0.038980 -0.000000 -0.064450 0.008579 -0.136764 0.003674 0.038487 0.298987 -0.317686 0.061523 -0.018057 0.000000 -0.038200 -0.049820 -0.198207 -0.151183 -0.000000 -0.170608 -0.160113 0.000000 0.071710 0.018106 -0.050065 -0.000000 -0.117731 0.000000 -0.113213 -0.068666 0.232000 -0.000000 0.000000 -0.220273 -0.000000 -0.103233 -0.000000 0.000000 -0.044838 0.236689 0.000000 -0.016930 0.000000 -0.161666 -0.196836 0.104280 -0.313412 -0.319757 0.000000 0.211591 -0.041657 0.204275 -0.232576 0.191098 -0.265414 -0.142380 0.047518 0.000000 0.199406 -0.000000 -0.086627 -0.000000 -0.215042 0.115392
  0.475882 0.000000 0.445379 -0.000000 -0.199195 0.258564 0.425004 -0.096469 -0.128877 -0.117343 -0.000000 -0.073893 0.038420 -0.253982 -0.166745 -0.000000 -0.122130 0.512263 -0.000000 0.001101 -0.000000 -0.000000 -0.000000 -0.000000 -0.025049 0.040795 0.000000 -0.131841 -0.105074 -0.741865 0.245199 -0.000000 0.000000 -0.000000 0.000000 0.000000 -0.198938 0.493464 -0.229840 0.000000 -0.146791 -0.252416 0.595844 0.071913 -0.249873 -1.142372 -0.165165 0.288380 -0.151435 -0.000000 -0.136399 -0.037342 -0.051064 -0.186605 0.000000 -0.126977 -0.221735 -0.000000 0.030602 0.062787 -0.032455 -0.000000 -0.239122 -0.000000 -0.198964 0.847806 -0.629488 0.000000 0.000000 -0.255068 0.000000 -0.128321 -0.000000 0.000000 -0.000000 0.065466 -0.000000 0.137856 0.000000 -0.173036 0.035620 -0.054633 -0.000009 -0.055535 0.000000 0.305021 -0.385336 0.942343 -0.125870 0.061987 -0.239216 -0.046346 -0.066951 -0.000000 -0.169638 -0.000000 0.341125 0.000000 -0.204232 0.752131
  -0.092148 -0.000000 0.354901 -0.000000 0.132335 -0.154602 -0.276898 0.090315 0.328848 0.260647 -0.000000 0.475908 -0.155649 0.504355 -0.261508 0.000000 0.492243 -1.274438 -0.000000 0.304363 0.000000 0.000000 0.096528 0.000000 -0.086863 -0.088187 0.000000 0.047482 0.397028 -0.164761 0.002029 -0.000000 0.000000 0.000000 -0.000000 -0.000000 -0.197540 0.070438 0.192451 -0.000000 0.264809 0.307901 0.299095 0.049159 0.463263 -0.335969 -0.313620 -0.049484 0.135246 -0.000000 0.138451 0.066812 0.099560 0.114286 0.000000 0.269092 0.172948 0.000000 0.094659 0.232621 0.399933 0.000000 0.356932 -0.000000 0.441384 -0.174658 0.335084 0.000000 0.000000 0.270390 0.000000 -0.018716 0.000000 0.000000 0.242803 -0.299027 0.000000 -0.216679 0.000000 0.273938 0.177652 -0.142397 0.000228 -0.052410 -0.000000 -0.269594 0.242959 -0.214158 0.091681 0.192958 0.264835 -0.006310 0.254758 0.000000 0.201983 -0.000000 0.246240 0.000000 0.149403 0.375434
  0.178346 -0.000000 -0.316251 0.000000 -0.150813 0.797656 0.000000 0.057137 -0.098174 -0.050141 -0.000000 -0.046306 0.308440 -0.193375 -0.370634 0.000000 0.021458 0.000000 0.000000 0.290711 -0.000000 -0.000000 -0.434230 -0.000000 0.143171 0.008279 -0.000000 -0.287720 -0.156652 0.000000 0.112632 0.000000 -0.000000 -0.000000 -0.000000 -0.000000 -0.114712 0.547013 -0.357108 -0.000000 -0.102925 0.090204 -0.243188 -0.012826 -0.068793 -0.422648 -1.212620 0.216889 -0.914937 -0.000000 -0.123371 0.273753 0.256537 -0.035929 -0.000000 -0.761455 -0.058983 0.000000 0.113085 -0.652438 -0.231177 -0.000000 -0.001539 0.000000 -0.152667 -0.000000 -0.469868 0.000000 -0.000000 -0.123834 0.000000 -0.176733 0.000000 -0.000000 -0.040557 0.146072 0.000000 0.183552 0.000000 -0.179336 -0.190779 0.038961 -0.000002 -0.410821 -0.000000 0.478140 -0.327766 0.298452 -0.153314 -0.041879 -0.206488 -0.980058 -0.018800 0.000000 0.095799 -0.000000 0.108460 -0.000000 -0.145196 -0.051219
  0.047164 -0.000000 -0.095738 -0.000000 0.165205 -0.771747 0.133103 -0.029229 0.251643 0.311470 -0.000000 0.215326 0.098073 0.332795 0.356894 -0.000000 0.111807 0.015250 -0.000000 -0.593609 -0.000000 0.000000 0.227191 -0.000000 0.136664 0.301908 -0.000000 -0.015738 0.111495 0.296018 0.118028 -0.000000 0.000000 -0.000000 0.000000 0.000000 0.267104 0.170852 0.064984 -0.000000 0.296311 0.029728 0.201085 0.265967 0.084198 0.177096 0.191017 0.187539 0.417262 0.000000 0.096943 0.164412 -0.547169 0.277788 0.000000 -0.026829 0.111758 -0.000000 0.257631 0.220318 0.275094 0.000000 0.345013 -0.000000 0.340984 -0.222376 0.119224 -0.000000 -0.000000 0.141684 0.000000 0.151202 -0.000000 0.000000 -0.073587 -0.244336 0.000000 -0.461257 0.000000 0.209607 0.205728 0.179250 0.094215 0.183032 -0.000000 0.093943 0.109046 0.210736 0.254757 0.016078 0.154986 0.233944 0.320207 0.000000 0.209771 0.000000 0.078770 0.000000 0.274104 0.051113
  -0.050375 -0.000000 -0.071074 0.000000 -0.144294 0.061591 -0.071771 0.151366 -0.003262 -0.090602 -0.000000 0.111156 0.058182 -0.087147 -0.172654 -0.000000 -0.147632 0.009154 0.000000 -0.035796 0.000000 -0.000000 0.043207 -0.000000 0.085988 -0.008365 0.000000 -0.213261 -0.060075 -0.109292 0.129529 -0.000000 0.000000 -0.000000 0.000000 0.000000 0.059529 0.984160 0.001673 0.000000 -0.065326 -0.104445 -0.047932 -0.319251 0.050965 -0.169621 -0.186775 -0.145442 0.019548 -0.000000 -0.126990 0.547815 0.290675 0.083502 -0.000000 0.003808 -0.815787 -0.000000 -0.110800 0.089323 -0.097478 -0.000000 -0.160099 -0.000000 0.067891 0.150697 0.047336 -0.000000 0.000000 -0.120380 -0.000000 -0.193399 0.000000 0.000000 0.121593 0.123227 0.000000 0.380059 -0.000000 0.045790 -0.079641 -0.041011 -0.186671 0.138749 -0.000000 -0.040000 -0.072079 0.080474 0.054120 0.018053 0.017717 -0.016575 -0.051446 -0.000000 -0.001270 -0.000000 0.086284 -0.000000 0.058441 0.081957
  -0.025309 0.000000 -0.127574 -0.000000 -0.074115 0.614611 -0.052315 0.085279 -0.042844 -0.043425 -0.000000 0.204789 -0.018611 -0.057938 -0.082387 -0.000000 0.141625 -0.007765 -0.000000 0.578903 -0.000000 -0.000000 -0.012108 0.000000 0.084771 0.289165 0.000000 -0.023042 0.005244 0.069679 -0.019536 -0.000000 -0.000000 0.000000 -0.000000 0.000000 -0.178982 -0.167081 -0.022958 -0.000000 0.019947 0.118742 -0.067209 -0.064483 0.189287 -0.120263 -0.163793 -0.158451 0.333244 0.000000 -0.039936 0.082682 0.494340 0.226742 -0.000000 0.115676 0.109416 -0.000000 0.245860 0.292398 -0.125505 0.000000 0.021773 0.000000 0.097139 0.355661 0.132322 -0.000000 0.000000 0.046846 0.000000 -0.027563 0.000000 0.000000 0.028882 0.279741 -0.000000 0.494221 0.000000 0.046308 0.296852 0.321241 0.082811 -0.154349 -0.000000 0.018242 0.097678 0.081313 0.130647 -0.062179 -0.227517 -0.080364 0.006008 -0.000000 -0.164960 0.000000 0.201251 0.000000 0.072581 -0.116588
  -0.110925 -0.000000 0.184291 0.000000 -0.260020 0.263215 -0.225623 0.043469 0.033182 -0.082606 -0.000000 0.098625 -0.107557 0.085830 -0.066306 0.000000 -0.113260 -0.287322 0.000000 0.249576 -0.000000 -0.000000 0.167190 -0.000000 0.311493 0.085585 0.000000 -0.197525 -0.009545 0.237202 0.111363 0.000000 0.000000 -0.000000 0.000000 -0.000000 -0.284026 -0.022970 -0.130042 0.000000 -0.033330 -0.173410 -0.271672 0.281357 0.037523 -0.320428 -0.079145 0.162573 0.230049 0.000000 -0.050346 0.149289 0.459842 -0.044276 0.000000 -0.108558 0.049831 -0.000000 0.271013 -0.066491 0.024252 -0.000000 -0.012632 0.000000 -0.121436 -0.169026 0.425687 -0.000000 -0.000000 -0.310932 0.000000 -0.129506 -0.000000 -0.000000 -0.834961 -0.096941 -0.000000 0.248821 0.000000 0.085621 -0.161820 0.058266 -0.000001 -0.164974 -0.000000 0.192598 0.175219 -0.238758 -0.000242 -0.258999 -0.071287 0.102990 -0.062164 -0.000000 0.061296 0.000000 -0.193213 0.000000 -0.252184 -0.119575
  0.007243 0.000000 -0.113687 0.000000 -0.164259 -0.229820 0.157631 -0.012770 -0.108271 -0.004631 -0.000000 -0.137968 0.191900 -0.033676 -0.128174 0.000000 0.016639 0.277164 -0.000000 0.052078 -0.000000 -0.000000 -0.210010 -0.000000 0.087165 0.127459 -0.000000 -0.133797 -0.117302 0.152718 0.070823 -0.000000 -0.000000 -0.000000 -0.000000 -0.000000 0.022680 0.011585 0.026386 0.000000 -0.056648 -0.066440 -0.113725 0.155100 0.028987 0.318022 -0.134145 0.037904 0.045774 0.000000 -0.001657 -0.217932 -0.247586 -0.195268 -0.000000 -0.169131 0.064547 0.000000 -0.101017 0.094687 -0.136006 -0.000000 -0.092372 -0.000000 -0.094087 -0.000192 0.219242 0.000000 -0.000000 -0.108993 -0.000000 0.044972 -0.000000 0.000000 -0.046790 -0.002264 0.000000 -0.016261 -0.000000 -0.087967 -0.013213 0.031620 -0.234561 0.037727 -0.000000 0.225885 0.060969 0.032056 -0.269390 -0.077167 -0.000327 -0.076211 0.070634 0.000000 0.212537 -0.000000 -0.096751 0.000000 -0.268748 -0.076492
  0.141349 -0.000000 0.075771 0.000000 -0.186887 -0.566170 0.032126 0.014704 0.147238 -0.088502 -0.000000 0.111099 0.213032 0.135918 0.205104 0.000000 0.073735 -0.042790 -0.000000 -0.911882 0.000000 0.000000 0.026693 0.000000 -0.399922 0.294824 -0.000000 0.102272 0.281182 0.065188 -0.008740 -0.000000 -0.000000 -0.000000 -0.000000 0.000000 -0.002166 0.594972 0.171219 0.000000 0.241472 -0.245477 -0.025751 0.059536 0.235105 0.080737 0.076688 0.096151 0.294023 -0.000000 0.037520 0.259280 -1.255384 -0.013500 -0.000000 0.066251 0.056249 0.000000 0.333943 0.231324 0.011367 0.000000 0.082938 0.000000 0.180738 -0.066323 0.331882 -0.000000 -0.000000 -0.050906 -0.000000 0.025225 -0.000000 0.000000 0.022895 0.046779 -0.000000 -0.382333 0.000000 0.139988 -0.098802 0.261870 -0.039953 0.161894 -0.000000 0.019497 0.274868 0.077461 0.240406 -0.125363 0.006629 0.136919 0.291726 -0.000000 0.034074 0.000000 0.049211 -0.000000 0.070028 0.065056
  0.322099 -0.000000 0.131561 0.000000 -0.007261 -0.020040 0.411732 -0.034143 0.098595 -0.056862 -0.000000 0.084324 0.129784 -0.087631 -0.026844 0.000000 0.246303 0.448576 0.000000 -0.135320 0.000000 -0.000000 -0.017720 -0.000000 0.093580 -0.058527 0.000000 0.131093 0.206458 0.262251 -0.022511 -0.000000 -0.000000 -0.000000 -0.000000 0.000000 0.101709 0.322541 0.155979 -0.000000 0.049710 0.292575 0.164452 0.090346 0.099128 0.056912 0.025268 -0.075729 -0.044374 0.000000 0.042096 -0.122387 -0.052927 -0.093090 0.000000 0.118010 0.002944 -0.000000 0.193373 0.125890 -0.099661 -0.000000 0.093982 -0.000000 0.137366 -0.084305 -0.006230 -0.000000 -0.000000 0.245158 0.000000 0.184828 0.000000 0.000000 0.355938 -0.091822 0.000000 0.011489 0.000000 0.128851 0.217862 0.047534 -0.000002 -0.014214 -0.000000 0.103021 0.036501 0.219230 -0.168541 0.156458 -0.118066 -0.035301 0.183985 0.000000 0.258374 -0.000000 0.075356 -0.000000 -0.149281 0.452416
  1.521930 0.000000 0.080730 0.000000 -0.620208 0.258586 -2.766833 0.561805 -0.221494 0.266991 -0.000000 -0.271977 -0.052937 -0.154895 -0.526530 -0.000000 -0.689920 -5.626248 0.000000 0.102609 0.000000 -0.000000 -0.000000 -0.000000 -0.835010 -0.197871 0.000000 0.116124 -0.668524 0.615677 0.265494 -0.000000 0.000000 -0.000000 0.000000 0.000000 0.558449 0.300985 -0.342939 -0.000000 -0.243676 -0.007669 -0.037380 1.185500 -0.177455 -2.189622 -0.273550 0.689653 -0.447561 0.000000 -0.055836 0.894464 0.131103 -0.085765 0.000000 -0.540745 -0.456419 -0.000000 -0.234491 -0.652573 -0.135764 0.000000 -0.065187 -0.000000 -0.010154 -0.198923 -3.783413 -0.000000 0.000000 -0.320883 0.000000 0.240107 0.000000 0.000000 -0.009378 0.267325 0.000000 0.214241 0.000000 -0.271687 0.158039 -0.320678 -0.000012 -0.518625 -0.000000 -0.614063 -0.421737 1.290433 -0.271464 0.636517 -0.156788 -0.248785 -0.247828 -0.000000 0.548175 -0.000000 0.000000 -0.000000 -0.137716 -0.000000
  -0.119459 -0.000000 0.049541 -0.000000 -0.041395 0.308654 -0.529237 0.576350 0.311023 0.144011 -0.000000 0.308053 -0.658222 0.260127 -0.131217 -0.000000 0.520761 -0.442927 0.000000 0.375314 -0.000000 -0.000000 0.058342 0.000000 0.017944 0.108931 -0.000000 -0.259753 0.155821 -0.212130 -0.056017 0.000000 0.000000 -0.000000 -0.000000 -0.000000 0.173705 -0.022073 -0.104299 0.000000 0.114870 0.086299 0.099435 0.258895 0.191854 -0.133750 0.351350 0.731159 0.200339 -0.000000 -0.059527 -0.381564 0.885200 -0.119623 0.000000 0.349396 0.096013 -0.000000 0.130775 0.690374 0.087417 -0.000000 0.133541 0.000000 0.010058 -0.261610 0.236790 0.000000 -0.000000 -0.304018 0.000000 -0.759322 -0.000000 0.000000 -0.118110 0.218427 0.000000 0.473241 -0.000000 0.144523 -0.160973 -0.290361 0.000016 -0.349216 0.000000 0.006752 0.149599 -0.219335 0.001401 0.424114 0.188518 0.477285 0.188586 0.000000 0.323424 -0.000000 -0.179800 -0.000000 0.670851 -0.059846
  -0.400255 0.000000 -0.419187 0.000000 0.591516 0.030583 -0.060522 -1.378891 0.514034 0.643082 -0.000000 0.584659 -0.343746 0.455106 0.496972 0.000000 0.333630 -0.026413 -0.000000 0.434307 -0.000000 0.000000 0.256698 0.000000 -0.378590 0.321245 0.000000 0.595233 0.404479 -0.096994 -0.087435 -0.000000 0.000000 -0.000000 0.000000 -0.000000 -0.377116 -0.538481 0.477660 -0.000000 0.504259 0.622837 -0.391149 -0.356725 0.341629 0.354676 0.532228 -0.314677 0.415785 0.000000 0.480409 0.854945 0.530199 0.306221 -0.000000 0.509833 0.225986 -0.000000 0.302119 0.314784 0.523885 -0.000000 0.391418 0.000000 0.636969 0.410580 0.178305 0.000000 -0.000000 0.606086 -0.000000 0.800400 -0.000000 -0.000000 -0.205126 -0.260310 0.000000 -0.039884 0.000000 0.502306 0.674447 0.461423 0.501235 0.504588 0.000000 -0.533891 0.309552 -0.661103 0.403301 -0.612824 0.601067 0.347879 0.450015 0.000000 -0.431144 0.000000 -0.062650 -0.000000 0.692442 -0.394494
  0.232630 0.000000 -0.241801 -0.000000 -0.228097 -0.542270 -0.394270 -1.305589 -0.543063 -0.472098 -0.000000 -0.851143 -0.075839 -0.414987 -0.426345 -0.000000 -0.640923 0.126561 -0.000000 0.111810 0.000000 -0.000000 -0.230395 -0.000000 0.076074 -0.273926 -0.000000 -0.537557 -0.436949 -0.444184 -0.196055 -0.000000 0.000000 -0.000000 -0.000000 0.000000 0.203331 0.471231 -0.484467 0.000000 -0.297448 -0.112323 0.339822 0.050468 -0.207086 0.041816 -0.725318 -0.027123 -0.459153 -0.000000 -0.510891 -0.109363 -0.121253 -0.491193 -0.000000 -0.313577 -0.315328 0.000000 -0.365007 -1.156359 -0.576678 -0.000000 -0.283844 -0.000000 -0.044299 0.030980 -0.464235 -0.000000 0.000000 -0.642673 -0.000000 -0.823838 0.000000 -0.000000 -0.401179 0.394311 0.000000 -0.315915 0.000000 -0.444737 0.422001 -0.709702 -0.464178 -0.028463 0.000000 0.488277 -0.530283 0.219695 -0.537935 -0.006745 -0.226573 -0.910415 -0.654346 -0.000000 -1.268252 -0.000000 0.175169 -0.000000 -0.478368 0.228478
  -0.029114 -0.000000 -0.892133 -0.000000 -0.175366 -0.020409 -0.015801 -0.686122 -0.159029 -0.006142 -0.000000 -0.207213 -0.423560 -0.062751 -0.346244 -0.000000 -0.261820 0.270745 0.000000 0.100003 -0.000000 -0.000000 -0.179449 -0.000000 -0.153910 -0.008566 -0.000000 -0.300615 -0.108362 -0.120160 -0.434866 -0.000000 -0.000000 0.000000 0.000000 -0.000000 -0.476754 -0.018327 -0.323316 0.000000 0.055664 -0.561233 -0.224379 0.028646 0.039217 -0.158552 -0.134800 0.128162 0.087219 -0.000000 -0.262875 0.321620 0.061941 0.097347 -0.000000 -0.187277 -0.031663 -0.000000 0.094786 0.014606 -0.215342 0.000000 0.077231 -0.000000 -0.014562 0.231684 -0.165090 -0.000000 0.000000 -0.207247 -0.000000 -0.258016 0.000000 -0.000000 -0.689197 0.098137 -0.000000 0.248426 0.000000 -0.218471 -0.161927 -0.171689 -0.175639 -0.224995 0.000000 0.091250 -0.134264 0.090947 -0.224121 -0.425171 -0.159048 0.016742 0.002796 -0.000000 -0.302351 0.000000 0.014515 -0.000000 -0.251631 -0.245788
  -0.198674 -0.000000 -1.000464 0.000000 0.180820 -0.348343 -0.365275 0.053621 0.210777 -0.109194 -0.000000 0.346296 -0.220607 -0.076673 -0.196774 -0.000000 -0.007700 0.360214 0.000000 -0.037407 0.000000 -0.000000 -0.027691 0.000000 -0.006348 -0.460789 -0.000000 0.204175 0.093190 -0.523768 -0.287932 -0.000000 -0.000000 -0.000000 0.000000 -0.000000 0.753373 -0.088957 0.122039 -0.000000 0.289769 0.229131 -0.462403 -0.601447 0.121680 0.263459 0.007152 -0.224465 -0.018717 -0.000000 0.290922 0.187821 0.029851 -0.346135 0.000000 0.106946 -0.477193 0.000000 0.076335 -0.100305 0.026498 -0.000000 0.306588 0.000000 0.246060 0.446806 -0.831281 -0.000000 0.000000 -0.009098 -0.000000 0.317048 -0.000000 -0.000000 -0.753354 -0.317830 0.000000 -0.022545 0.000000 -0.253472 0.233485 -0.345455 -0.036210 0.096876 0.000000 0.236501 -0.122659 0.007792 -0.039147 0.430778 0.223989 -0.014654 0.053974 -0.000000 -0.190643 0.000000 -0.421883 0.000000 0.096965 -0.133632
  0.174789 -0.000000 0.439447 0.000000 -0.051286 -0.210464 0.325206 0.877451 -0.059793 0.009400 -0.000000 0.034423 -0.152954 0.036120 0.066169 0.000000 -0.036167 0.090678 -0.000000 0.192168 -0.000000 0.000000 -0.079054 0.000000 0.131312 -0.041676 -0.000000 0.070555 0.004714 -0.011393 0.647752 -0.000000 0.000000 0.000000 -0.000000 0.000000 0.362539 -0.007517 0.031411 0.000000 0.108149 -0.067472 0.251429 0.203269 0.116555 0.057458 -0.033152 0.079619 -0.036491 -0.000000 0.157398 -0.164917 0.241954 -0.097594 -0.000000 -0.099736 -0.054860 -0.000000 0.073821 0.165668 0.178202 -0.000000 0.084355 0.000000 -0.025035 0.116921 -0.143737 -0.000000 -0.000000 -0.046592 -0.000000 0.038884 0.000000 -0.000000 -0.059003 -0.005756 0.000000 0.127907 0.000000 0.094489 -0.007706 0.028695 -0.028070 0.079257 0.000000 -0.075761 0.059765 0.223435 -0.167152 0.245234 -0.002647 0.202455 0.075301 -0.000000 0.051002 0.000000 0.243610 -0.000000 -0.023573 0.373246
  -0.321239 -0.000000 0.443719 0.000000 0.037412 0.235659 -0.395034 0.100728 0.363408 -0.071441 0.000000 0.437492 0.319267 0.011684 -0.040755 0.000000 0.338426 -0.768920 0.000000 -0.948772 0.000000 -0.000000 0.058911 0.000000 0.360768 0.033479 -0.000000 0.168968 0.230041 -0.226821 -0.105322 -0.000000 0.000000 -0.000000 -0.000000 0.000000 -0.112489 0.729890 0.316580 -0.000000 0.323304 -0.075163 0.045300 0.004504 0.309475 -0.050682 0.262625 -0.198666 0.078005 0.000000 0.322271 -0.123255 0.117420 0.257735 -0.000000 0.175688 -0.002376 -0.000000 0.219252 -0.080688 0.194685 -0.000000 0.250181 0.000000 0.296016 0.353661 0.214328 -0.000000 -0.000000 0.003927 -0.000000 0.107401 -0.000000 0.000000 0.044004 -0.157692 0.000000 -0.014004 -0.000000 0.198548 0.090151 0.278463 0.001099 0.001505 -0.000000 -0.269583 0.236638 -0.235456 -0.073677 0.037623 0.056202 -0.052145 0.257855 -0.000000 0.034649 -0.000000 0.024356 0.000000 0.000988 0.060181
  -0.146758 -0.000000 0.001922 -0.000000 -0.011064 -0.094971 -0.975856 -0.004978 -0.002447 0.140979 -0.000000 -0.028979 -0.007169 0.054075 0.001472 0.000000 0.027580 -1.534870 0.000000 0.182376 0.000000 -0.000000 -0.117988 -0.000000 -0.041191 0.178973 0.000000 -0.134894 0.148207 -0.579893 -0.058169 -0.000000 -0.000000 0.000000 -0.000000 -0.000000 0.027194 -0.098710 0.043322 -0.000000 0.116761 -0.016393 -0.282672 -0.094391 -0.028989 0.432677 0.270165 0.062625 -0.115928 0.000000 0.084983 0.046569 -0.079703 0.154515 -0.000000 0.135579 -0.062015 -0.000000 0.188049 0.229102 -0.031245 -0.000000 0.104742 -0.000000 0.075901 0.078274 -0.053507 -0.000000 -0.000000 -0.094929 -0.000000 0.097759 0.000000 -0.000000 -0.160079 0.072124 -0.000000 -0.024145 0.000000 0.110768 -0.051014 0.207481 -0.000008 -0.006105 -0.000000 -0.082312 0.082299 -0.201399 0.133083 0.170688 0.085260 0.045639 -0.058382 -0.000000 -0.175152 0.000000 -0.163840 -0.000000 0.077997 0.113833
  0.079717 -0.000000 -0.034084 0.000000 -0.046970 -0.000000 0.145770 -0.744730 0.157623 -0.130475 -0.000000 0.161263 0.643899 0.014738 -0.020443 0.000000 -0.036954 0.197199 -0.000000 -0.652011 -0.000000 0.000000 0.054776 0.000000 -1.236957 -0.127153 -0.000000 0.159517 -0.000805 0.236036 -0.420217 -0.000000 0.000000 -0.000000 -0.000000 -0.000000 -0.349684 -0.002126 0.174669 -0.000000 0.187259 0.100202 0.332071 -0.153656 0.055922 -0.293127 0.082476 0.082543 0.069323 0.000000 0.064645 0.062121 -1.013755 -0.005743 -0.000000 0.155941 -0.011445 0.000000 -0.059033 0.109316 0.074161 -0.000000 0.080048 0.000000 0.090040 0.436516 0.030961 0.000000 -0.000000 0.147479 0.000000 -0.013695 -0.000000 0.000000 0.115517 -0.003543 0.000000 -0.361028 0.000000 0.003543 0.210958 -0.064486 0.149978 0.104148 0.000000 0.472709 -0.089719 0.128074 0.041413 -0.142473 0.150786 0.100099 0.146731 -0.000000 -1.236697 -0.000000 0.171994 0.000000 0.155100 0.051380
  0.084061 0.000000 0.080878 -0.000000 -0.169281 0.373265 -0.210784 0.100214 -0.216969 -0.264098 -0.000000 -0.093008 -0.294015 -0.105552 -0.067440 -0.000000 -0.145748 0.234021 -0.000000 -0.373671 -0.000000 -0.000000 -0.099202 -0.000000 -0.119851 -0.227483 -0.000000 -0.086751 -0.033472 -0.193007 -0.393842 -0.000000 -0.000000 -0.000000 -0.000000 0.000000 -0.238996 -0.398630 -0.098244 -0.000000 -0.060571 -0.096284 0.117216 -0.012977 -0.173041 0.055037 -0.094671 -0.065877 -0.103840 -0.000000 -0.062609 0.279800 -0.595031 -0.147079 0.000000 -0.102791 -0.068268 -0.000000 -0.262790 -0.151943 -0.232415 -0.000000 0.035957 -0.000000 -0.073270 -0.154942 -0.015119 0.000000 0.000000 -0.105744 0.000000 -0.150351 0.000000 -0.000000 0.104332 -0.099295 0.000000 0.042164 0.000000 -0.155867 -0.025152 -1.305544 -0.295000 -0.049120 -0.000000 0.144438 -0.202475 0.332878 -0.236974 -0.058821 -0.235126 -0.075358 -0.183143 -0.000000 -0.179480 -0.000000 0.153362 0.000000 -0.559334 0.248986
  0.012309 0.000000 -0.073761 -0.000000 -0.010942 -0.000706 0.367182 -0.315653 0.224290 0.113118 -0.000000 0.390469 0.583961 0.060784 0.176097 0.000000 0.134084 0.325862 0.000000 -0.030749 -0.000000 0.000000 0.080783 0.000000 -0.260811 0.106203 0.000000 0.139331 0.225766 0.388930 -0.308540 -0.000000 -0.000000 -0.000000 0.000000 0.000000 0.188053 0.133946 0.204708 -0.000000 0.087208 0.175647 0.099476 -0.004473 0.072487 -0.150798 0.294813 0.339834 0.136812 0.000000 0.356612 0.403939 -0.277124 0.018850 0.000000 -0.003318 -0.146816 -0.000000 0.120986 0.260031 0.212929 0.000000 0.078799 0.000000 0.196685 0.259876 0.233723 -0.000000 0.000000 -0.099935 -0.000000 0.155694 -0.000000 0.000000 0.270712 -0.197584 0.000000 0.529419 0.000000 0.288085 0.303154 -0.135751 -0.068750 0.058744 0.000000 0.475036 0.072172 -0.024109 0.038658 0.108183 0.120068 0.387463 0.245586 0.000000 -0.124271 0.000000 0.095019 -0.000000 0.223369 -0.028156
  0.379796 -0.000000 -0.524166 0.000000 -0.618849 0.123299 -0.030642 -2.450979 -0.542963 -0.316836 -0.000000 -0.839931 -0.390129 -0.503488 -0.423258 -0.000000 -0.486343 -0.105196 0.000000 -0.061075 0.000000 -0.000000 -0.384283 -0.000000 0.244983 0.078260 0.000000 -0.290213 -0.336007 -0.077082 -0.174198 0.000000 -0.000000 0.000000 0.000000 -0.000000 -0.211373 -0.117290 -0.603777 -0.000000 -0.163991 -0.436297 -0.041730 0.129214 -0.289525 -0.512195 -0.635526 -0.475415 -0.383378 0.000000 -0.520660 -0.244563 -0.146508 -0.070775 0.000000 -0.183173 0.032758 0.000000 -0.390821 -0.067460 -0.494829 0.000000 -0.060142 -0.000000 -0.058836 -0.269344 -0.372224 0.000000 0.000000 -0.273803 0.000000 0.035268 0.000000 -0.000000 -0.268644 0.130423 0.000000 0.012809 -0.000000 -0.523486 0.099226 0.194104 -0.137978 0.020952 -0.000000 0.132799 -0.413880 -0.066533 -0.210021 -0.243501 -0.570169 -0.245059 -0.589160 0.000000 -0.040474 0.000000 -0.147734 0.000000 -0.406837 -0.663303
  -0.044275 0.000000 -0.124821 -0.000000 0.036574 -0.374089 -0.214900 0.052022 0.152277 0.267377 -0.000000 0.124798 -0.512466 0.106154 -0.049174 0.000000 0.093058 -0.492319 -0.000000 0.063612 0.000000 0.000000 0.032831 0.000000 -0.567396 0.041352 -0.000000 0.055887 0.295773 -0.302142 0.032148 -0.000000 -0.000000 0.000000 -0.000000 0.000000 -0.182457 -1.383724 0.144645 -0.000000 0.156394 -0.204360 0.025630 -0.056349 0.132118 0.128332 -0.087091 0.067668 0.116675 0.000000 -0.007402 0.078627 -0.221193 0.058264 -0.000000 0.268737 -0.860651 0.000000 0.261885 0.168293 0.118084 -0.000000 0.136897 0.000000 0.171018 -0.426641 0.048504 -0.000000 -0.000000 0.169052 -0.000000 0.132651 -0.000000 -0.000000 -0.800133 -0.142300 -0.000000 0.747025 0.000000 0.166268 -0.069845 -0.535319 0.000160 -0.087175 0.000000 0.139790 0.024437 0.101911 -0.050272 -0.228193 0.146446 -0.085285 0.110517 0.000000 0.145463 -0.000000 0.124581 -0.000000 0.203590 -0.021968
  0.410211 -0.000000 0.334454 -0.000000 -0.429836 0.126860 -0.185015 -0.335150 -0.263404 -0.188518 -0.000000 -0.545645 -0.561882 -0.251383 -0.164326 -0.000000 -0.302928 -0.122777 0.000000 -0.085607 -0.000000 -0.000000 -0.125572 -0.000000 -0.045559 0.202102 0.000000 0.000295 -0.221292 -0.527574 -0.254663 0.000000 -0.000000 0.000000 -0.000000 -0.000000 -0.177124 0.024028 -0.041544 0.000000 -0.098317 -0.218011 -0.017825 0.135078 -0.085776 0.282267 -0.314322 -0.782422 -0.081660 -0.000000 -0.055030 -0.241689 -0.080257 -0.183126 -0.000000 -0.442017 -0.195750 -0.000000 -0.235259 -0.016907 -0.285942 -0.000000 -0.239288 0.000000 -0.040013 0.011191 -0.142749 -0.000000 -0.000000 0.014295 0.000000 -0.051969 0.000000 0.000000 -0.433445 0.051730 0.000000 -0.010027 0.000000 -0.291865 -0.116941 0.158460 -0.060667 0.149261 -0.000000 -0.095810 -0.286510 -0.068798 -0.437141 -0.314642 -0.317575 -0.211452 -0.121379 -0.000000 0.144911 0.000000 -0.689169 -0.000000 -0.414599 -0.321611
  0.067363 -0.000000 -0.027399 0.000000 -0.414756 0.039252 0.541583 0.194614 -0.184697 -0.133186 -0.000000 -0.189209 0.190139 -0.253442 -0.289478 -0.000000 -0.126556 0.414372 -0.000000 -0.030111 0.000000 -0.000000 -0.150325 -0.000000 0.309445 0.005038 0.000000 -0.091398 -0.066314 0.378897 0.202145 -0.000000 0.000000 -0.000000 -0.000000 -0.000000 0.028755 -0.096090 -0.160509 -0.000000 -0.213470 -0.157079 0.338646 -0.070891 -0.194790 0.288744 -0.056055 0.072598 -0.062872 -0.000000 -0.020485 -0.485575 -0.158109 -0.156985 0.000000 -0.314170 0.092171 0.000000 -0.089223 -0.241643 -0.001469 -0.000000 -0.240113 -0.000000 -0.127375 -0.432347 -0.073388 -0.000000 -0.000000 -0.048991 0.000000 -0.044319 -0.000000 0.000000 -0.128327 -0.032116 0.000000 -0.014306 0.000000 -0.013523 -0.257602 0.200338 -0.203107 -0.268127 -0.000000 0.410332 0.048740 0.093629 -0.069215 0.141842 -0.130820 -0.284753 -0.210511 -0.000000 -0.008236 -0.000000 -0.119526 -0.000000 0.024590 -0.094568
  -0.000000 0.000000 -0.000000 0.000000 -0.000000 -0.000000 0.000000 0.000000 0.000000 -0.000000 -0.000000 -0.000000 0.000000 -0.000000 -0.000000 0.000000 -0.000000 0.000000 -0.000000 0.000000 -0.000000 0.000000 0.000000 -0.000000 -0.000000 -0.000000 0.000000 -0.000000 -0.000000 0.000000 -0.000000 -0.000000 -0.000000 -0.000000 0.000000 -0.000000 -0.000000 0.000000 -0.000000 0.000000 0.000000 -0.000000 -0.000000 -0.000000 -0.000000 0.000000 -0.000000 -0.000000 0.000000 -0.000000 -0.000000 -0.000000 0.000000 0.000000 0.000000 -0.000000 -0.000000 -0.000000 -0.000000 -0.000000 -0.000000 -0.000000 0.000000 -0.000000 0.000000 0.000000 0.000000 -0.000000 -0.000000 -0.000000 -0.000000 -0.000000 0.000000 0.000000 0.000000 0.000000 0.000000 0.000000 -0.000000 -0.000000 -0.000000 0.000000 -0.000000 -0.000000 0.000000 0.000000 0.000000 -0.000000 -0.000000 0.000000 0.000000 -0.000000 -0.000000 0.000000 -0.000000 0.000000 -0.000000 -0.000000 -0.000000 0.000000
  -0.053518 0.000000 0.291591 -0.000000 0.259372 -0.079051 -0.581193 0.022726 0.455994 0.373793 -0.000000 0.328635 -0.076416 0.408844 -0.433860 -0.000000 0.492511 -1.659877 -0.000000 0.321712 -0.000000 0.000000 -0.004090 0.000000 -0.197306 -0.120328 -0.000000 0.301726 0.532622 -0.371157 -0.023554 -0.000000 0.000000 -0.000000 0.000000 -0.000000 -0.251809 -0.059458 0.232513 -0.000000 0.276993 0.414002 0.168487 -0.093730 0.438936 -0.362305 -0.306821 0.072934 0.225188 -0.000000 0.261427 0.175122 -0.035076 0.221840 0.000000 0.080047 0.278151 -0.000000 0.094416 0.302834 0.433203 -0.000000 0.384203 -0.000000 0.332370 -0.203365 -0.020254 0.000000 -0.000000 0.081028 0.000000 0.239515 -0.000000 -0.000000 0.141975 -0.762103 -0.000000 -0.198259 -0.000000 0.085611 0.255529 -0.110530 0.000009 -0.092733 -0.000000 -0.217643 0.125885 -0.010737 0.013427 0.043726 0.450248 0.018195 0.334950 -0.000000 0.212384 -0.000000 0.223880 -0.000000 0.139376 0.158302
  -0.372380 -0.000000 -0.061878 -0.000000 0.377223 -0.741802 -0.029256 -2.671183 0.285732 0.406777 -0.000000 0.656054 0.027263 0.478665 0.164396 -0.000000 0.275790 0.039915 -0.000000 0.216650 0.000000 0.000000 0.141920 0.000000 0.045624 0.254685 -0.000000 -0.189752 0.306416 -0.101397 0.005464 -0.000000 0.000000 0.000000 -0.000000 -0.000000 -0.211255 -0.157195 0.358021 -0.000000 0.058626 0.516180 0.044933 -0.162535 0.010936 0.097147 0.203074 0.106986 0.534432 0.000000 0.408931 0.569136 0.048518 0.424974 -0.000000 0.472587 0.075569 0.000000 0.447041 0.476039 0.350059 -0.000000 0.120027 -0.000000 0.002326 0.095636 0.252249 -0.000000 0.000000 0.490445 -0.000000 -0.233998 -0.000000 0.000000 0.120203 -0.115181 0.000000 -0.148450 -0.000000 0.339922 -0.158206 0.755710 0.179085 -0.192351 0.000000 -0.050928 0.273600 -0.580012 0.246613 -0.146359 0.454878 0.602687 0.183067 -0.000000 -0.132009 0.000000 0.150825 0.000000 0.230895 -0.021147
  0.004546 -0.000000 0.018143 -0.000000 -0.075012 -1.410710 -0.034952 -0.013440 0.068121 0.057653 -0.000000 0.036833 -0.285477 0.103465 0.062225 -0.000000 0.233267 0.139797 0.000000 -0.172838 -0.000000 0.000000 -0.004167 0.000000 -0.029409 0.174992 -0.000000 0.200638 0.217396 -0.127532 0.106754 -0.000000 0.000000 -0.000000 0.000000 -0.000000 0.174462 -1.486194 0.078305 0.000000 0.198734 0.005981 -0.048138 -0.029210 0.236230 0.136634 0.036099 -0.000096 0.076037 0.000000 0.188122 -0.199122 -0.328837 -0.008282 -0.000000 -0.067221 -0.284434 -0.000000 -0.053277 -0.166779 0.126417 -0.000000 0.058842 -0.000000 0.136428 -0.405792 -0.056399 0.000000 0.000000 0.008133 -0.000000 0.094824 -0.000000 0.000000 -0.409996 0.084324 -0.000000 -0.172167 0.000000 0.082732 0.027198 -0.483379 0.000025 0.191839 -0.000000 0.042914 0.123015 -0.001463 0.011981 -0.172521 0.125246 -0.208315 0.211748 0.000000 0.226860 0.000000 0.137302 -0.000000 0.137850 0.292377
  -0.000000 0.000000 0.000000 0.000000 -0.000000 -0.000000 -0.000000 -0.000000 0.000000 -0.000000 -0.000000 0.000000 -0.000000 -0.000000 -0.000000 -0.000000 0.000000 0.000000 0.000000 -0.000000 0.000000 -0.000000 -0.000000 -0.000000 -0.000000 -0.000000 -0.000000 0.000000 -0.000000 -0.000000 -0.000000 0.000000 -0.000000 0.000000 0.000000 -0.000000 -0.000000 -0.000000 0.000000 -0.000000 -0.000000 -0.000000 0.000000 -0.000000 -0.000000 0.000000 0.000000 0.000000 -0.000000 0.000000 0.000000 -0.000000 0.000000 -0.000000 0.000000 -0.000000 0.000000 -0.000000 0.000000 -0.000000 0.000000 0.000000 -0.000000 0.000000 0.000000 -0.000000 -0.000000 0.000000 -0.000000 -0.000000 -0.000000 -0.000000 -0.000000 -0.000000 0.000000 0.000000 -0.000000 0.000000 0.000000 0.000000 -0.000000 -0.000000 0.000000 0.000000 0.000000 0.000000 -0.000000 0.000000 -0.000000 -0.000000 0.000000 -0.000000 -0.000000 0.000000 -0.000000 0.000000 0.000000 0.000000 -0.000000 -0.000000
  0.005516 -0.000000 0.005194 0.000000 0.057483 -0.159232 -0.526733 0.002158 0.354641 0.166151 0.000000 0.321828 0.051769 0.218697 -0.301652 -0.000000 0.437367 -1.145644 -0.000000 0.137620 -0.000000 0.000000 0.164817 0.000000 -0.192514 0.059839 -0.000000 0.217661 0.395492 0.253434 -0.096833 -0.000000 0.000000 0.000000 0.000000 -0.000000 -0.249059 0.204015 0.144798 0.000000 0.192669 0.342943 -0.100525 0.033429 0.179161 -0.380670 0.138670 0.045931 0.249138 -0.000000 0.290609 0.125524 -0.039570 0.101129 -0.000000 0.032083 0.301375 0.000000 0.373783 0.452968 0.122769 0.000000 0.283297 0.000000 0.133365 -0.420894 0.067279 0.000000 -0.000000 0.118501 -0.000000 0.216144 -0.000000 -0.000000 0.359169 -0.185641 0.000000 -0.226378 -0.000000 0.063711 0.145339 0.275445 0.000058 -0.324478 -0.000000 -0.110385 0.254997 0.017326 0.122165 0.125640 0.192972 -0.021326 0.224260 0.000000 -0.044564 -0.000000 0.206616 -0.000000 0.097874 0.225469
  0.000000 0.000000 0.000000 -0.000000 -0.000000 -0.000000 0.000000 0.000000 0.000000 0.000000 -0.000000 0.000000 0.000000 -0.000000 -0.000000 0.000000 0.000000 -0.000000 -0.000000 -0.000000 0.000000 -0.000000 -0.000000 0.000000 -0.000000 0.000000 -0.000000 0.000000 -0.000000 0.000000 0.000000 -0.000000 -0.000000 -0.000000 -0.000000 0.000000 0.000000 -0.000000 0.000000 0.000000 0.000000 -0.000000 -0.000000 -0.000000 -0.000000 0.000000 -0.000000 -0.000000 0.000000 -0.000000 -0.000000 -0.000000 -0.000000 0.000000 -0.000000 -0.000000 -0.000000 -0.000000 -0.000000 0.000000 -0.000000 -0.000000 -0.000000 -0.000000 -0.000000 0.000000 0.000000 -0.000000 -0.000000 0.000000 0.000000 -0.000000 -0.000000 -0.000000 -0.000000 0.000000 -0.000000 0.000000 0.000000 -0.000000 -0.000000 0.000000 -0.000000 0.000000 -0.000000 0.000000 -0.000000 -0.000000 -0.000000 -0.000000 -0.000000 0.000000 -0.000000 -0.000000 0.000000 0.000000 0.000000 0.000000 -0.000000 0.000000
  -0.428169 0.000000 -0.142919 -0.000000 -0.280439 -0.254116 -0.189105 -1.379574 -0.277393 0.147177 -0.000000 -0.201069 0.120338 0.215962 0.425680 0.000000 -0.097195 -0.088213 0.000000 -0.146804 -0.000000 0.000000 0.178784 0.000000 -0.144351 0.311232 -0.000000 -0.658132 -0.279859 0.219850 0.107118 0.000000 -0.000000 -0.000000 -0.000000 0.000000 -0.209598 0.069232 -0.628918 0.000000 0.237066 -0.361807 0.228261 -0.029353 0.330085 0.093618 -0.442237 0.027145 -0.693484 -0.000000 -0.436355 -0.052063 -0.311617 0.024499 0.000000 -0.313380 0.042145 -0.000000 -0.182048 -0.309121 0.210276 0.000000 0.288488 0.000000 0.043428 -0.309296 0.031616 -0.000000 -0.000000 -0.530954 -0.000000 -0.609402 0.000000 -0.000000 0.010737 0.016730 0.000000 0.144145 0.000000 -0.069208 -0.420886 0.435871 -0.130009 0.318167 0.000000 0.095205 0.122391 -0.065586 -0.385285 -0.032731 0.266264 -0.298082 -0.361954 0.000000 0.708685 -0.000000 0.179455 -0.000000 0.035985 -0.124981
  -0.120314 -0.000000 -0.692645 0.000000 0.342949 0.090202 -0.040378 -2.131145 0.456776 0.651403 0.000000 0.523015 0.493601 0.566997 0.468085 0.000000 0.347671 0.156027 0.000000 -2.373771 -0.000000 0.000000 0.133664 0.000000 0.284636 0.557109 0.000000 0.428668 0.427286 -0.181764 -1.393566 -0.000000 0.000000 0.000000 0.000000 -0.000000 -2.671105 0.115305 0.506632 -0.000000 0.565330 0.438387 -1.166721 0.179334 0.445302 -1.106041 -0.244756 0.020372 0.199669 -0.000000 0.541808 0.683648 -0.738553 0.353271 -0.000000 0.507563 0.347120 -0.000000 0.628998 0.097796 0.734484 0.000000 0.654573 0.000000 0.367856 -0.086414 -0.077234 0.000000 0.000000 0.296717 0.000000 0.133474 0.000000 -0.000000 -0.373698 -1.099592 -0.000000 -0.893958 -0.000000 0.286820 0.308433 0.528369 0.000020 0.428474 0.000000 0.049290 0.436449 0.006576 0.501795 -2.785557 0.730032 0.379029 0.665261 -0.000000 0.454212 -0.000000 0.028865 0.000000 0.978526 0.048489
  0.067511 0.000000 -0.024732 0.000000 0.205902 0.225783 -0.565129 -0.744257 0.111958 -0.082994 0.000000 -0.016951 -0.047311 -0.195925 -0.744567 -0.000000 0.272462 -0.375730 -0.000000 -0.512981 -0.000000 -0.000000 -0.055865 -0.000000 -0.349245 -0.199538 0.000000 -0.028160 0.124911 -0.067707 0.523299 -0.000000 -0.000000 0.000000 0.000000 0.000000 -1.046580 0.185367 -0.057379 -0.000000 0.074345 -0.027877 0.122504 -0.004647 -0.077920 0.192817 0.084329 0.276566 -0.078326 0.000000 -0.036748 -0.496463 0.102012 0.099593 -0.000000 0.222134 0.337930 0.000000 -0.032003 -0.154049 -0.363182 -0.000000 0.058713 -0.000000 0.197549 0.116713 -0.070042 0.000000 0.000000 0.123618 -0.000000 -0.008309 -0.000000 -0.000000 -0.230457 -0.077851 -0.000000 0.149609 0.000000 -0.224404 0.195974 -0.392084 -0.053160 -0.140800 -0.000000 -0.052388 -0.049821 0.112703 0.258649 -0.697194 -0.180887 0.071944 0.083811 -0.000000 -0.639359 -0.000000 -0.028153 0.000000 -0.089273 0.295460
  0.086857 0.000000 0.131993 -0.000000 -0.049270 0.522229 -0.115327 0.125561 0.089639 -0.028236 -0.000000 0.075032 -0.134216 -0.093397 -0.114799 -0.000000 -0.030918 -0.093008 -0.000000 -0.509278 -0.000000 -0.000000 0.079468 -0.000000 -0.058283 0.173528 0.000000 -0.145505 0.233330 -0.148351 -0.088520 -0.000000 -0.000000 0.000000 -0.000000 0.000000 -0.154211 0.603595 0.074902 -0.000000 -0.021407 -0.246016 0.099370 -0.144000 0.091474 -0.225662 0.073034 -0.085920 0.370297 -0.000000 0.089288 0.445562 -1.469492 0.066469 0.000000 0.161077 0.002362 -0.000000 0.080205 0.144574 0.118295 0.000000 0.196195 -0.000000 0.054760 0.151583 0.031805 -0.000000 -0.000000 -0.251460 0.000000 -0.090509 -0.000000 -0.000000 0.071880 0.214372 0.000000 0.266496 0.000000 0.020697 -0.286558 -0.055535 -0.269288 0.021557 -0.000000 -0.277860 0.032780 0.147433 -0.052589 -0.063044 -0.067185 -0.098573 0.076389 0.000000 -0.031917 0.000000 0.048250 -0.000000 0.056181 0.059733
  -0.011177 0.000000 0.260910 0.000000 -0.410055 0.318627 -0.133988 0.126195 0.069113 -0.045221 -0.000000 0.065180 -0.252815 0.039453 -0.265772 -0.000000 0.242479 -0.256218 0.000000 0.230747 0.000000 0.000000 -0.008573 0.000000 -0.003816 0.088329 -0.000000 -0.041253 0.317601 -0.462818 0.004787 0.000000 -0.000000 -0.000000 0.000000 -0.000000 0.369441 -0.166229 0.007132 0.000000 0.069360 -0.039723 -0.055753 0.063835 0.139084 0.054155 -0.224790 0.107483 0.006490 -0.000000 0.108737 -0.454234 0.217577 -0.123201 -0.000000 -0.175844 -0.039197 0.000000 0.108517 0.199937 0.152289 0.000000 0.201351 -0.000000 0.177414 -0.146631 0.450922 -0.000000 -0.000000 -0.213243 -0.000000 0.246127 -0.000000 -0.000000 -1.536527 -0.193790 -0.000000 0.297606 0.000000 -0.018616 0.025989 0.058845 -0.113152 -0.316769 0.000000 0.201487 0.347623 -0.153550 0.114976 0.349994 0.273527 -0.224897 0.302034 0.000000 0.070188 -0.000000 -0.154366 0.000000 -0.050410 0.009129
  0.000000 -0.000000 -4.478073 -0.000000 0.042888 -0.241397 0.331926 -5.481752 0.191148 0.218994 -0.000000 0.313950 0.224308 0.134741 -0.218141 -0.000000 0.148434 0.421193 0.000000 -0.225841 -0.000000 -0.000000 0.000000 -0.000000 -1.676822 0.183916 -0.000000 -0.070469 -0.002560 -2.112494 -5.995277 -0.000000 0.000000 -0.000000 0.000000 -0.000000 -4.384443 0.180127 -0.149168 0.000000 -0.077957 -0.446447 0.000000 -0.000000 -0.002746 -0.952998 0.072819 -1.177496 0.131476 -0.000000 -0.197623 0.692621 -0.208884 0.309274 0.000000 -0.046476 -0.107083 -0.000000 0.327275 0.080754 0.122190 -0.000000 0.047013 0.000000 0.024081 -0.396615 -0.568090 -0.000000 -0.000000 -0.549955 -0.000000 -0.183337 0.000000 -0.000000 -0.000000 -0.099347 -0.000000 -0.204155 -0.000000 0.077969 -0.218489 0.256936 -0.000151 -0.217718 0.000000 0.000000 0.041165 0.000000 0.198563 -3.423278 0.025621 0.152154 0.103862 0.000000 -0.138851 0.000000 -0.000000 0.000000 0.140372 -0.000000
  -0.233667 -0.000000 0.141711 0.000000 -0.000000 -0.344302 0.250694 0.172308 -0.407625 -0.915933 0.000000 -0.128333 -0.144613 -0.357978 -0.166319 -0.000000 -0.605470 0.152685 0.000000 0.104902 -0.000000 -0.000000 -0.290802 -0.000000 0.813511 0.024861 0.000000 -0.137867 -0.917948 -0.155466 0.081254 0.000000 -0.000000 0.000000 -0.000000 -0.000000 -0.658147 -0.267551 -0.318236 -0.000000 -0.112307 -0.293093 0.033515 0.468288 -0.283946 0.099048 -0.309114 -0.471115 -0.064376 0.000000 -0.304925 -0.222022 0.190578 -0.585949 -0.000000 -0.200732 0.194573 -0.000000 -0.171406 0.176971 -0.268121 0.000000 -0.164005 -0.000000 -0.174997 0.287962 -0.003747 0.000000 0.000000 -0.127240 0.000000 -0.130058 -0.000000 0.000000 0.060689 0.109770 0.000000 0.060402 0.000000 -0.420927 -0.441899 -0.166967 -0.022943 -0.120973 -0.000000 -0.309190 -0.871227 0.332902 -0.303569 -0.378909 -0.266705 -0.324963 -0.380045 0.000000 -0.644251 -0.000000 0.291723 -0.000000 -0.161244 0.814045
  0.057350 -0.000000 0.064152 -0.000000 0.074339 0.018975 -0.341442 -0.290843 -0.231528 -0.111161 -0.000000 -0.186752 -0.483756 -0.082440 0.049922 -0.000000 0.127406 -0.120602 -0.000000 -0.054396 0.000000 0.000000 0.013113 -0.000000 0.059126 0.189005 -0.000000 -0.065352 0.111692 0.067951 -0.268138 -0.000000 0.000000 -0.000000 -0.000000 -0.000000 0.194992 -0.237535 -0.162328 0.000000 -0.273465 0.107553 0.079329 0.024468 -0.088712 -0.127125 -0.183670 0.001782 0.492055 -0.000000 0.012666 -0.310929 -0.094580 -0.178420 0.000000 -0.534088 -0.020068 0.000000 0.062194 -0.245429 0.171084 -0.000000 -0.058496 -0.000000 -0.122082 0.221540 0.364860 0.000000 -0.000000 0.199313 -0.000000 -0.161065 0.000000 -0.000000 -0.101052 0.207216 0.000000 0.122900 -0.000000 -0.273301 -0.296592 -0.068578 -0.264370 -0.100331 0.000000 -0.042285 0.097662 -0.168456 -0.336225 0.088526 -0.020212 -0.271095 -0.219158 -0.000000 0.185458 -0.000000 0.039942 -0.000000 -0.179632 -0.079243
  -0.341601 0.000000 -0.286547 0.000000 -0.152986 0.304835 0.097116 -0.109090 0.088270 0.079010 -0.000000 0.075582 0.046712 0.290780 -0.025402 -0.000000 -0.177508 -0.000000 0.000000 0.044638 -0.000000 -0.000000 -0.140798 0.000000 -0.257199 -0.043889 0.000000 -0.237669 -0.033731 0.153764 -0.101027 -0.000000 -0.000000 0.000000 -0.000000 -0.000000 -0.061845 0.507326 -0.284553 0.000000 -0.002613 -0.139929 -0.534220 0.180427 0.146796 -0.157526 -1.059768 -0.228804 -0.019153 0.000000 -0.166484 0.399757 0.282726 0.003175 0.000000 -0.376313 -0.233033 -0.000000 0.189946 -0.889040 0.353909 -0.000000 0.164256 0.000000 -0.068355 -0.011409 -0.675800 0.000000 -0.000000 0.165750 -0.000000 -0.171856 -0.000000 -0.000000 0.131756 0.088427 0.000000 0.183408 -0.000000 0.152933 -0.144592 0.029100 -0.000008 -0.214261 0.000000 -0.593368 -0.428126 -0.444247 -0.171263 -0.022134 0.170079 -0.030989 0.182118 -0.000000 -0.447942 -0.000000 0.715585 -0.000000 -0.166570 -0.238406
  0.020913 0.000000 -0.310504 -0.000000 -0.047254 -0.114075 0.122202 0.323580 -0.092296 -0.081193 -0.000000 -0.136002 0.199808 -0.148470 0.054375 0.000000 -0.031405 0.501178 0.000000 -0.024158 -0.000000 -0.000000 -0.209951 -0.000000 -0.125688 -0.123149 0.000000 -0.021297 -0.153973 0.198699 -0.098221 -0.000000 -0.000000 0.000000 -0.000000 -0.000000 0.287742 -0.026636 -0.057791 -0.000000 -0.017343 -0.029088 -0.212575 0.128628 -0.059170 0.309092 0.062012 0.211203 0.042495 -0.000000 -0.080155 -0.298467 -0.047719 -0.171813 -0.000000 -0.058460 0.022081 -0.000000 0.009321 0.150652 -0.049734 -0.000000 -0.057623 -0.000000 -0.045264 0.102798 -0.058296 -0.000000 0.000000 -0.012147 -0.000000 0.039353 -0.000000 -0.000000 -0.296733 0.138989 0.000000 0.073667 -0.000000 -0.109205 -0.043078 -0.132112 -0.133476 -0.007577 0.000000 0.277490 -0.063916 0.098312 -0.174485 0.355820 0.094804 0.022769 -0.028044 0.000000 0.101756 -0.000000 -0.076837 0.000000 -0.126275 -0.022426
  -0.048309 -0.000000 0.777391 0.000000 0.098608 0.000000 0.269009 -0.752042 -0.129788 -0.305454 -0.000000 0.604894 0.474849 -0.140914 0.017861 -0.000000 -0.102101 0.598918 -0.000000 -0.697656 0.000000 0.000000 -0.055983 -0.000000 0.086291 0.013874 0.000000 0.033667 -0.136322 0.486485 0.637823 -0.000000 -0.000000 0.000000 0.000000 0.000000 0.141854 0.000000 0.078726 0.000000 -0.245211 0.695701 0.415693 -2.568283 -0.218684 0.231639 0.469552 -0.905427 -0.390858 0.000000 0.142897 -0.991561 -1.018638 -0.068050 -0.000000 0.191180 -0.000000 0.000000 -0.256845 -0.453667 0.070411 -0.000000 -0.026727 0.000000 0.110280 0.626977 -0.094748 0.000000 0.000000 0.185600 0.000000 0.374547 -0.000000 -0.000000 2.086222 0.071072 0.000000 0.118474 -0.000000 -0.072081 0.544235 -0.839604 -0.088784 0.167097 0.000000 1.020419 -0.240931 -0.512927 -0.154127 0.035544 -0.118003 -0.011816 -0.196832 -0.000000 -0.474182 0.000000 0.324557 0.000000 0.074058 0.297591
  -0.060245 -0.000000 -0.007787 0.000000 0.075023 0.005925 0.146174 0.098391 0.258444 0.152488 -0.000000 0.237229 -0.056372 0.067255 0.144728 0.000000 0.210058 -0.412751 -0.000000 0.250432 0.000000 0.000000 0.152560 -0.000000 -0.142866 0.106195 -0.000000 0.135029 0.248324 0.360478 0.073369 -0.000000 -0.000000 0.000000 -0.000000 -0.000000 0.151676 0.147651 0.239022 0.000000 0.217296 0.326397 -0.591326 0.084786 -0.005717 0.105240 0.323793 -0.011363 -0.105554 -0.000000 0.202413 0.280974 0.211473 -0.047552 0.000000 0.155837 -0.190338 -0.000000 0.024387 0.155816 0.132210 -0.000000 0.265845 0.000000 0.191873 -0.423886 -0.069825 -0.000000 0.000000 0.191317 -0.000000 0.285066 -0.000000 -0.000000 0.361333 -0.061859 -0.000000 0.170273 0.000000 0.020741 0.106956 0.377309 0.000000 0.259848 -0.000000 0.198787 0.138758 -0.031070 -0.137078 0.159169 0.068539 0.261498 0.228422 0.000000 -0.082352 -0.000000 0.077436 0.000000 0.043862 -0.022141
  -0.094554 -0.000000 -0.404446 0.000000 0.086228 -1.704227 -0.480435 -0.290616 -0.028345 -0.171853 -0.000000 0.215845 -0.238840 0.029862 -0.003437 0.000000 -0.020493 -0.572357 -0.000000 0.001688 -0.000000 -0.000000 0.180844 0.000000 -0.103001 -0.023608 -0.000000 0.134744 0.202607 -0.587611 -0.039291 0.000000 -0.000000 -0.000000 -0.000000 -0.000000 -0.350704 -1.017513 0.090579 0.000000 0.152041 -0.394189 -0.037222 0.142098 -0.005089 -0.148324 -0.144130 0.103103 0.236413 -0.000000 -0.045062 -0.158653 -0.250113 0.012527 -0.000000 0.021127 0.126526 0.000000 0.145518 0.269598 -0.008392 0.000000 0.075789 0.000000 0.014428 -0.675554 0.175772 -0.000000 0.000000 -0.162752 -0.000000 0.066094 0.000000 -0.000000 -0.892496 0.039612 -0.000000 0.351278 0.000000 0.119204 -0.185617 -0.061261 -0.000004 0.118093 0.000000 0.182467 0.021425 0.057079 -0.157892 -0.246069 -0.007791 -0.152142 0.026514 0.000000 -0.175446 0.000000 0.032151 0.000000 -0.152626 -0.149885
  -0.283873 -0.000000 0.041285 0.000000 0.159718 0.158212 0.023759 -0.016252 0.214766 0.164134 -0.000000 0.243782 0.214307 0.093816 0.232440 -0.000000 0.017606 -0.150344 -0.000000 0.023860 -0.000000 -0.000000 0.767242 -0.000000 -0.170596 0.077706 0.000000 0.232047 0.158627 -0.049359 -0.286534 -0.000000 0.000000 0.000000 0.000000 -0.000000 0.062992 -0.076012 0.205164 -0.000000 0.257403 0.066349 -0.056868 -0.216876 0.181481 0.151103 0.128170 -0.367584 0.137432 0.000000 0.303701 0.117682 0.114519 0.009778 -0.000000 0.155755 0.011114 0.000000 0.060846 -0.056493 0.026340 -0.000000 0.177988 -0.000000 0.076050 -0.021835 0.212119 0.000000 -0.000000 0.321131 0.000000 0.243157 0.000000 -0.000000 -0.141957 -0.105798 -0.000000 -0.009950 -0.000000 0.227101 0.158024 0.023491 0.151935 0.196466 -0.000000 -0.885031 0.173318 -0.390069 0.122234 -0.241675 0.063151 0.083224 0.120990 0.000000 0.013459 -0.000000 -0.946045 0.000000 0.037545 -0.755886
  -0.137699 0.000000 0.121870 -0.000000 -0.029575 -0.077202 -0.454850 0.020744 0.097535 0.192239 -0.000000 0.041648 0.278099 0.137574 0.085356 -0.000000 -0.121132 -0.053022 -0.000000 0.119294 -0.000000 -0.000000 0.165499 0.000000 -0.616778 0.220065 -0.000000 0.250524 0.069244 -0.492219 0.269889 -0.000000 0.000000 -0.000000 -0.000000 -0.000000 -0.096904 -0.070874 0.141904 0.000000 -0.006500 0.016428 0.207096 -0.580716 0.151509 0.234148 0.296278 -0.577061 0.205066 -0.000000 0.257311 -0.099809 -0.062716 -0.020897 0.000000 0.187972 0.115117 -0.000000 0.246521 0.192234 0.129351 0.000000 0.144288 -0.000000 0.245856 0.448584 0.105071 -0.000000 -0.000000 -0.048679 -0.000000 0.015116 0.000000 -0.000000 0.870962 -0.062562 0.000000 -0.016295 0.000000 0.180810 0.214061 0.238090 0.000001 0.134285 0.000000 -2.598598 0.211499 -0.097334 -0.029181 -0.166849 0.173676 0.139754 0.031292 0.000000 -0.023453 0.000000 0.379655 0.000000 0.033544 0.140586
  0.091177 -0.000000 0.032706 -0.000000 -0.013670 -0.016606 0.168622 0.057963 0.040639 0.200008 -0.000000 0.064290 0.073742 0.190916 0.331018 0.000000 0.206408 0.062760 0.000000 -0.219065 0.000000 0.000000 0.197701 -0.000000 0.101100 0.226494 0.000000 0.212340 0.092758 0.106959 -0.020911 -0.000000 0.000000 -0.000000 0.000000 0.000000 0.205607 0.296012 0.295371 -0.000000 0.173886 0.144312 0.094844 0.133580 0.083339 0.155888 0.017412 0.176566 0.434120 -0.000000 0.241277 -0.214454 0.033837 0.153419 0.000000 -0.084455 -0.018462 -0.000000 0.354573 0.203003 0.215910 0.000000 0.240468 0.000000 0.325226 0.027980 0.188584 -0.000000 -0.000000 0.093747 -0.000000 0.136349 0.000000 -0.000000 0.214289 -0.141145 0.000000 0.063930 -0.000000 0.199183 0.245924 0.279617 0.177404 0.285308 -0.000000 -0.202245 0.165589 -0.001470 0.147102 0.044469 0.165857 0.021691 0.106282 0.000000 0.085745 0.000000 0.166838 -0.000000 0.024129 0.235976
  0.262246 0.000000 -1.438921 0.000000 -0.100591 -0.301108 -0.002189 -1.290780 0.224047 -0.117122 -0.000000 0.035496 0.044584 -0.020069 -0.023571 -0.000000 0.079231 0.277283 0.000000 -0.041877 -0.000000 -0.000000 0.066759 -0.000000 -0.058570 -0.129739 -0.000000 -0.129258 0.114186 -0.152484 -0.033194 -0.000000 -0.000000 0.000000 -0.000000 0.000000 -0.117920 -0.036844 -0.014198 0.000000 -0.010187 -0.071098 -0.088561 -0.033314 0.201449 0.273179 0.072885 0.148354 0.019618 -0.000000 0.091905 0.201630 -0.199912 0.043928 -0.000000 -0.038746 -0.146497 -0.000000 -0.043992 0.092620 0.141340 0.000000 0.239272 0.000000 -0.040080 0.466817 -0.022377 -0.000000 0.000000 -0.005910 -0.000000 0.112586 0.000000 -0.000000 -1.414897 -0.019612 -0.000000 0.025240 0.000000 0.123694 0.045736 -0.008817 -0.086451 0.044771 0.000000 0.123283 -0.057321 0.214911 0.078210 0.069788 0.197748 0.026742 0.168176 0.000000 -0.428863 0.000000 0.216079 0.000000 -0.021325 0.221076
  0.749584 -0.000000 0.167766 -0.000000 0.025593 -0.005447 1.023675 -0.109783 -0.093994 -0.322035 -0.000000 -0.028540 -0.116161 -0.150435 0.060128 0.000000 0.012466 1.218297 -0.000000 0.115847 -0.000000 -0.000000 -0.325020 -0.000000 0.036847 0.183952 -0.000000 -0.043817 -0.373549 -0.000015 0.191362 -0.000000 0.000000 -0.000000 0.000000 -0.000000 0.015005 0.174670 -0.201734 -0.000000 -0.086632 -0.024379 0.235459 0.149051 -0.178189 -0.044452 -0.052985 -0.073514 -0.096472 0.000000 -0.094940 -0.186349 0.177960 0.010303 0.000000 -0.142025 -0.054602 -0.000000 -0.092256 0.006653 -0.090071 -0.000000 0.013547 0.000000 -0.262648 0.363856 -0.416834 -0.000000 0.000000 -0.398278 0.000000 -0.067057 0.000000 -0.000000 0.000000 0.196551 -0.000000 0.243935 -0.000000 -0.120824 -0.195337 0.357141 -0.000003 -0.194828 -0.000000 0.377915 -0.285531 0.184151 -0.252220 0.129041 -0.250079 -0.163072 -0.179316 -0.000000 -0.087415 -0.000000 0.575982 0.000000 -0.313348 0.588742
  -0.100122 -0.000000 -0.378979 -0.000000 -0.255167 0.105257 0.300977 -0.113126 0.044700 -0.245015 -0.000000 0.053337 0.215324 -0.089588 -0.313778 -0.000000 -0.059596 0.032829 0.000000 -0.061761 -0.000000 -0.000000 0.400377 -0.000000 0.532987 0.454241 0.000000 -0.575753 0.077411 -0.005476 -0.544203 -0.000000 0.000000 -0.000000 0.000000 -0.000000 -0.820944 0.335730 -0.324111 -0.000000 -0.084098 -0.683612 -0.288523 0.194795 0.121367 -1.428097 -0.556043 0.078424 0.314321 -0.000000 -0.356085 0.164409 -0.221628 0.464888 0.000000 -0.031197 0.368753 0.000000 0.226799 0.442636 -0.523458 0.000000 -0.087695 -0.000000 -0.163931 -0.523546 -0.014130 -0.000000 0.000000 -0.602447 0.000000 -0.531518 -0.000000 -0.000000 -0.273218 0.418603 0.000000 -0.242334 -0.000000 0.259909 -0.522374 0.472163 -0.000015 -0.554018 0.000000 0.109599 0.010933 0.216547 0.218907 -1.477140 -0.227049 -0.644912 -0.072351 -0.000000 0.072424 0.000000 0.011338 0.000000 -0.459203 -0.295106
  -0.130643 -0.000000 0.028843 0.000000 0.044729 0.584506 -0.215126 0.079550 0.172093 0.222113 -0.000000 0.187598 0.015493 0.089726 0.205324 -0.000000 0.226651 -0.170037 -0.000000 -0.898283 -0.000000 0.000000 0.097151 0.000000 -1.810887 0.082776 0.000000 0.149230 0.018887 -0.330260 -0.094842 -0.000000 -0.000000 -0.000000 -0.000000 0.000000 -0.116652 -0.480418 0.257418 -0.000000 0.084996 0.345730 0.074484 -0.424731 -0.047259 -0.067710 0.232785 -0.607712 0.256453 0.000000 0.294731 0.679229 0.132863 0.212984 -0.000000 0.188888 -1.682423 -0.000000 0.074146 0.070674 0.083132 -0.000000 0.182411 -0.000000 0.167379 0.423910 -0.080696 -0.000000 0.000000 -0.050622 0.000000 -0.018593 -0.000000 -0.000000 -0.046285 0.177442 0.000000 -4.016052 -0.000000 0.127908 0.127652 -0.146097 -0.084802 0.289450 -0.000000 -0.409321 0.002074 -0.235798 0.143961 -0.059853 0.239935 0.072095 0.212295 -0.000000 -0.012376 0.000000 0.187450 -0.000000 0.165562 -0.024807
  -0.020483 -0.000000 -0.373960 0.000000 0.009715 -0.043275 0.217683 -0.241631 0.272202 -0.000028 -0.000000 0.188338 0.258307 0.267183 0.400321 -0.000000 0.117982 -0.093461 -0.000000 0.018023 0.000000 0.000000 0.491435 0.000000 0.253564 0.165719 -0.000000 0.129659 0.098872 -0.061103 -0.397180 -0.000000 0.000000 0.000000 -0.000000 -0.000000 -0.059474 0.070979 0.147480 -0.000000 0.118993 0.156631 -0.550547 -0.013533 0.172847 -0.030274 0.367657 0.209569 0.114899 -0.000000 0.229571 0.107888 0.002077 0.058745 -0.000000 0.218138 0.033716 0.000000 0.095998 0.166566 0.028116 -0.000000 0.297491 -0.000000 0.317748 0.041740 0.352413 -0.000000 -0.000000 0.191351 -0.000000 0.202187 -0.000000 -0.000000 -2.118705 -0.216049 -0.000000 0.008818 0.000000 0.052563 0.235178 0.062254 0.287534 0.279320 0.000000 0.299736 0.137734 -0.267063 0.191992 -0.330847 0.295252 0.159571 0.338461 -0.000000 -0.171370 -0.000000 -2.649963 -0.000000 0.230690 -1.530972
  0.335083 0.000000 -0.104484 0.000000 -0.362997 1.160689 0.665883 -0.574501 -0.412127 -0.482564 -0.000000 -0.212786 -0.803129 -0.256465 -0.266311 0.000000 -0.395055 0.391146 -0.000000 1.467482 -0.000000 -0.000000 0.080405 -0.000000 -0.654224 -0.321725 -0.000000 -0.395105 -0.360812 0.702059 -0.324660 -0.000000 -0.000000 -0.000000 -0.000000 0.000000 -0.393228 0.055068 -0.500822 -0.000000 -0.410579 -0.527504 0.538802 0.828748 -0.595809 -0.601762 -0.486470 0.605471 0.089201 -0.000000 -0.612186 0.734097 0.939888 0.000016 -0.000000 -0.152771 -0.246747 -0.000000 -0.228671 -0.172775 -0.409061 -0.000000 -0.576199 0.000000 -0.608042 -0.614859 -0.531129 0.000000 -0.000000 -0.754135 -0.000000 -0.971076 0.000000 -0.000000 -0.136620 0.834546 -0.000000 0.178780 -0.000000 -0.134307 -0.725122 -0.338848 -0.649518 -0.276923 -0.000000 -0.188573 -0.455326 0.184435 -0.264883 -0.371766 -0.221540 -0.263143 -0.449004 -0.000000 -2.956807 -0.000000 0.330498 -0.000000 -0.649527 -0.001691
  -0.092586 0.000000 0.021548 0.000000 -0.002034 1.052929 -0.000000 -0.169827 0.098193 -0.027897 -0.000000 0.014415 -0.009682 0.057110 -0.002268 -0.000000 -0.121906 -0.000000 0.000000 0.414185 0.000000 -0.000000 -0.741107 -0.000000 -0.937783 -0.287096 0.000000 -0.025571 -0.061812 0.000000 0.158550 0.000000 -0.000000 0.000000 -0.000000 -0.000000 -0.037365 0.436142 -0.123796 -0.000000 0.053011 0.521464 -0.262630 0.017697 -0.044977 0.158489 -1.039653 0.064548 -2.021781 0.000000 -0.055486 0.423569 0.363579 -0.227970 0.000000 -0.802955 -0.650393 0.000000 -0.072614 -1.527811 -0.116139 -0.000000 0.024363 -0.000000 0.149226 -0.000000 -0.550121 0.000000 0.000000 0.030516 -0.000000 0.271071 -0.000000 0.000000 0.845586 0.135490 0.000000 0.237004 -0.000000 -0.042197 0.273477 -0.204044 0.000000 -0.111269 -0.000000 -0.059416 -0.451835 -0.289358 0.061467 -0.091406 0.045989 -0.916189 0.111534 -0.000000 0.417841 -0.000000 0.228886 0.000000 -0.254047 -0.290590
  0.000000 -0.000000 0.317545 -0.000000 -0.288351 0.297319 -0.015240 0.624389 -0.169721 0.057586 -0.000000 -0.185036 -0.044809 -0.261261 -0.327214 0.000000 -0.503501 -4.058030 -0.000000 0.254271 0.000000 -0.000000 -0.000000 -0.000000 -0.364010 -0.134918 -0.000000 0.055654 -0.462852 0.000000 0.234674 -0.000000 -0.000000 0.000000 0.000000 0.000000 0.487935 0.474837 -0.093815 0.000000 -0.169012 0.108861 0.289740 -0.004755 -0.250809 -1.810984 -0.534260 -0.740743 -0.497460 -0.000000 -0.280445 0.573811 0.169885 -0.076101 0.000000 -0.454596 -0.657865 0.000000 -0.213946 -0.566773 -0.084883 -0.000000 -0.101901 0.000000 -0.250615 -0.000000 -3.857815 -0.000000 -0.000000 -0.355523 -0.000000 0.236997 -0.000000 -0.000000 0.000000 0.132815 -0.000000 0.202041 -0.000000 -0.105712 0.256049 -0.480954 -0.000029 -0.374110 0.000000 0.000000 -0.459290 0.000000 -0.227480 0.505069 -0.125171 -0.374017 -0.367055 -0.000000 0.369354 -0.000000 -0.000000 0.000000 -0.008151 -0.000000
  -1.131959 0.000000 -1.044868 -0.000000 0.756139 -0.219579 0.134461 0.903564 0.710541 0.516961 -0.000000 1.057243 -0.035633 0.732881 0.899948 0.000000 1.207649 0.377249 0.000000 0.089200 0.000000 0.000000 0.279511 0.000000 0.637757 0.959667 0.000000 0.685098 0.650654 0.015039 -0.540945 -0.000000 -0.000000 0.000000 0.000000 -0.000000 -0.383489 0.003355 1.006800 0.000000 0.721013 0.919347 -1.061384 -1.478426 0.455996 0.459498 1.035293 0.149241 0.919066 0.000000 0.752997 0.113772 0.029848 0.679981 0.000000 0.607258 0.567733 -0.000000 0.923108 0.870577 0.735235 -0.000000 0.752140 0.000000 0.670197 0.049544 0.941205 -0.000000 -0.000000 0.484244 0.000000 0.519412 0.000000 0.000000 1.184377 -0.762217 0.000000 0.318244 0.000000 0.538858 0.679097 0.693475 0.517851 0.685535 0.000000 -0.083540 0.704454 -1.126735 0.979144 -0.425334 0.799873 0.766266 0.708633 0.000000 0.887514 -0.000000 -1.071064 -0.000000 0.928221 -1.242034
  -3.097340 -0.000000 -1.760965 0.000000 0.234635 -0.033926 -0.228751 -0.092562 -0.006369 0.170108 -0.000000 0.234699 0.098039 0.064015 0.219398 -0.000000 0.265635 -0.003148 -0.000000 0.040301 -0.000000 0.000000 0.338996 0.000000 0.075944 0.156841 0.000000 0.163654 0.083758 -0.547751 -2.295480 -0.000000 -0.000000 0.000000 -0.000000 -0.000000 -0.766168 0.271900 0.143680 -0.000000 0.043644 0.243066 -2.369649 -0.379180 0.002685 0.172404 0.133158 -0.011586 0.079740 0.000000 0.218727 0.216492 0.176917 0.192088 -0.000000 0.253190 -0.177113 -0.000000 0.195998 0.080027 0.088983 -0.000000 0.152581 -0.000000 0.229126 0.263876 -0.248933 -0.000000 0.000000 0.140607 -0.000000 0.021130 0.000000 -0.000000 -1.742946 -0.205790 -0.000000 -0.058119 0.000000 0.185310 0.042313 0.192192 0.248255 -0.004282 0.000000 -0.373421 0.149775 -3.083503 0.109240 -0.361954 0.145336 0.061848 0.173820 0.000000 -0.117986 -0.000000 -1.753705 -0.000000 0.248892 -3.023908
  -0.011768 -0.000000 0.161303 -0.000000 -0.219339 -0.641522 0.226308 -0.086568 0.081415 0.166541 -0.000000 0.010480 0.173288 0.059392 0.109116 0.000000 0.074712 -0.212021 -0.000000 -0.293032 0.000000 -0.000000 -0.045647 -0.000000 0.026447 -0.088138 -0.000000 -0.130118 0.147497 0.122615 -0.035086 0.000000 0.000000 0.000000 -0.000000 0.000000 0.058901 0.434744 0.136103 -0.000000 0.022010 -0.745739 0.104256 0.170755 0.011471 0.186160 0.361994 0.127766 0.013382 0.000000 -0.007591 -0.125105 -0.204292 0.026394 0.000000 0.110047 0.258703 0.000000 0.010435 0.349889 -0.003211 -0.000000 0.154212 -0.000000 -0.026549 -0.925379 0.171350 0.000000 -0.000000 -0.075712 0.000000 -0.110327 0.000000 -0.000000 -1.050691 -0.266639 0.000000 0.043758 -0.000000 -0.038822 -0.384236 0.421090 -0.131454 -0.051330 -0.000000 -0.185869 -0.058850 0.186233 0.265899 0.101617 -0.094418 0.318152 0.056969 0.000000 -0.427989 -0.000000 0.036105 0.000000 0.403453 0.164120
  0.077731 -0.000000 0.124399 -0.000000 -0.114834 0.018069 0.103924 0.068885 -0.066148 -0.164820 -0.000000 -0.062569 0.070166 -0.187758 0.013659 -0.000000 0.024712 0.209580 0.000000 -0.122981 0.000000 -0.000000 0.074259 -0.000000 0.137018 0.106325 -0.000000 -0.074004 -0.196521 0.118551 0.099920 -0.000000 0.000000 -0.000000 0.000000 -0.000000 -0.085217 0.070733 0.104307 0.000000 -0.106681 -0.018869 -0.145852 0.074062 -0.085162 0.024852 0.103782 -0.120835 -0.348962 0.000000 -0.108226 0.153489 -0.085884 -0.073105 0.000000 -0.194392 0.102763 -0.000000 0.114525 -0.166884 -0.162372 -0.000000 0.012137 -0.000000 0.035059 -0.032930 0.164513 0.000000 -0.000000 -0.049109 -0.000000 -0.163968 0.000000 -0.000000 0.012040 -0.076322 0.000000 -0.028903 -0.000000 0.001255 -0.084394 -0.371729 -0.018355 0.020534 -0.000000 -0.103160 -0.160064 0.059634 -0.049301 -0.165004 0.061832 -0.153419 -0.071790 0.000000 0.072869 -0.000000 -0.066156 -0.000000 -0.163801 0.218667
  -0.043208 0.000000 0.104325 -0.000000 0.093692 0.092878 0.026682 0.088861 0.005416 0.104026 -0.000000 -0.146240 -0.127598 0.121271 0.286046 0.000000 0.005516 -0.002555 0.000000 0.163858 0.000000 0.000000 -0.100622 -0.000000 -0.127551 0.177940 -0.000000 0.064970 0.074354 0.046672 0.253394 -0.000000 0.000000 -0.000000 -0.000000 0.000000 0.248967 0.651105 0.181960 0.000000 0.278570 0.264802 0.376076 0.065181 0.114473 0.047870 -0.200635 -0.226294 0.125397 0.000000 0.005916 0.405524 0.021596 0.199711 0.000000 0.064114 -0.055258 0.000000 0.048188 0.150759 0.093103 -0.000000 0.301164 -0.000000 0.386125 -0.098465 -0.134708 -0.000000 -0.000000 0.056407 -0.000000 -0.073810 -0.000000 -0.000000 0.275545 0.058739 0.000000 0.149811 0.000000 0.261285 -0.190737 0.254958 0.188055 0.375985 0.000000 -0.253652 0.058466 -0.147456 0.179307 0.155450 0.232945 0.193434 -0.019475 -0.000000 0.199592 0.000000 0.205942 -0.000000 0.050441 0.151820
  -0.063508 0.000000 0.059094 0.000000 0.042948 -0.991850 -0.059932 -0.246977 -0.090561 -0.087245 -0.000000 -0.237574 -0.230268 0.168038 0.109821 0.000000 -0.002553 0.392721 0.000000 -0.132567 0.000000 -0.000000 -0.011341 -0.000000 0.159966 0.081188 0.000000 0.040397 -0.008153 -0.092824 0.233771 -0.000000 0.000000 0.000000 -0.000000 -0.000000 0.046522 -0.848063 0.064482 -0.000000 0.252808 0.142812 0.086192 0.024215 0.071141 0.069299 -0.140018 0.024506 -0.092215 0.000000 0.023598 -0.212591 -0.193402 -0.089370 0.000000 -0.083355 0.074191 0.000000 0.040026 -0.194013 0.119047 0.000000 0.186732 0.000000 0.228902 -0.621990 0.046265 0.000000 0.000000 -0.183406 -0.000000 -0.071846 -0.000000 0.000000 -0.288746 -0.262226 -0.000000 -0.418109 0.000000 0.046209 0.102044 -0.623456 -0.038220 0.189013 0.000000 0.101895 -0.138496 0.080016 -0.089033 -0.070799 0.034865 0.008644 0.094872 0.000000 -0.349099 -0.000000 0.051329 0.000000 0.017803 0.061685
  -0.085755 -0.000000 -0.088489 -0.000000 -0.031829 -0.006638 0.229825 0.081544 0.115095 0.086954 -0.000000 0.071359 0.157283 0.004716 -0.137616 -0.000000 0.074613 -0.346027 -0.000000 0.124885 -0.000000 0.000000 0.050431 0.000000 -0.000405 0.064573 -0.000000 0.179020 0.099442 0.261533 0.088722 -0.000000 -0.000000 -0.000000 -0.000000 0.000000 -0.000877 0.345366 0.205544 -0.000000 0.063370 0.050492 -0.405339 0.090079 0.218693 -0.014254 0.049831 -0.012870 -0.031937 -0.000000 0.143680 0.263995 0.300589 -0.059187 -0.000000 0.117781 0.108841 0.000000 0.279387 0.361331 0.150855 -0.000000 0.177620 -0.000000 0.077470 -0.345928 -0.052523 -0.000000 -0.000000 0.027063 -0.000000 0.079830 -0.000000 -0.000000 0.482024 -0.022555 -0.000000 0.050792 0.000000 0.162683 0.017556 0.303921 0.000009 0.057064 0.000000 0.256823 0.208818 -0.095978 -0.005748 0.114830 0.108673 0.224147 0.302965 -0.000000 -0.172642 0.000000 -0.058714 -0.000000 -0.153686 0.002839
  -0.093027 -0.000000 0.054949 0.000000 0.029293 0.074380 0.039533 -0.249798 -0.181212 -0.183656 -0.000000 0.199971 -0.450805 -0.105902 -0.022988 -0.000000 -0.020213 -0.232368 0.000000 0.491527 0.000000 -0.000000 0.044488 -0.000000 -2.269267 -0.112693 -0.000000 0.121652 -0.114892 -0.180318 -0.249314 -0.000000 0.000000 0.000000 0.000000 -0.000000 -0.396144 -0.463385 -0.094599 -0.000000 -0.176468 -0.025103 0.375751 -0.162381 0.074819 -0.251716 0.038094 -0.924085 0.072526 0.000000 -0.080758 0.891456 0.411303 0.238941 -0.000000 -0.038632 0.043424 -0.000000 0.088119 0.047837 -0.044446 -0.000000 0.065819 0.000000 0.106755 0.538796 -0.159277 -0.000000 0.000000 -0.065958 0.000000 -0.248072 -0.000000 0.000000 0.007354 0.592944 0.000000 -1.305407 0.000000 0.148343 -0.091996 -0.584097 -0.230391 -0.019381 0.000000 -0.737952 -0.081299 -0.125999 -0.036190 -0.324733 0.043687 -0.040138 -0.195996 -0.000000 -0.708597 -0.000000 0.265051 0.000000 -0.094835 -0.105564
  -1.797626 0.000000 0.090579 -0.000000 -0.199352 0.170068 0.661421 0.077357 -0.087889 -0.097727 -0.000000 0.014990 0.013847 0.047656 -0.091328 0.000000 -0.196120 0.446269 -0.000000 0.034735 0.000000 -0.000000 -0.292971 0.000000 1.893715 0.140930 -0.000000 -0.196180 -0.336228 -0.000000 0.384659 -0.000000 -0.000000 -0.000000 -0.000000 -0.000000 0.153463 0.431913 -0.250768 -0.000000 -0.180416 -0.376193 0.529370 -0.734258 0.069971 -1.182264 -0.382268 0.540256 -0.115452 0.000000 0.032839 0.274555 -0.154544 0.084103 0.000000 0.077341 0.093880 0.000000 0.065174 -0.204134 0.069156 0.000000 -0.106184 -0.000000 -0.059438 0.364731 -0.850658 -0.000000 -0.000000 -0.253380 -0.000000 -0.100840 -0.000000 0.000000 -0.467697 0.244396 -0.000000 0.048746 -0.000000 -0.098705 -0.207181 -0.169210 -0.000007 -0.241830 -0.000000 2.684290 -0.348135 -1.011910 -0.013077 0.149591 -0.256250 -0.341210 0.041050 -0.000000 0.138751 -0.000000 -1.083590 -0.000000 0.058915 -0.510908
  0.648410 -0.000000 -0.100105 0.000000 0.007877 0.059554 0.412484 -0.028157 0.085180 0.195062 -0.000000 0.116422 0.328451 0.115318 -0.059443 0.000000 -0.131712 0.402357 -0.000000 -0.093785 -0.000000 -0.000000 0.081699 0.000000 0.178841 0.030403 0.000000 0.047771 0.013484 0.693038 -0.100320 -0.000000 0.000000 0.000000 0.000000 0.000000 -0.098056 0.017393 0.089937 -0.000000 0.103277 -0.041664 0.210625 0.346672 0.133878 -0.594804 0.150971 0.461587 0.222964 -0.000000 0.008781 0.099261 -0.048002 0.104443 0.000000 0.067030 0.192693 -0.000000 -0.016091 0.009088 0.136007 0.000000 0.121744 0.000000 0.181868 -0.618096 0.012715 0.000000 0.000000 -0.113081 -0.000000 0.002364 -0.000000 0.000000 1.052003 0.129380 -0.000000 -0.077466 -0.000000 0.125367 0.083872 0.193872 -0.071741 -0.139811 -0.000000 0.177414 0.144316 0.648823 0.062676 -0.044563 -0.032303 0.092136 0.008150 0.000000 -0.235799 -0.000000 0.591868 0.000000 0.027719 0.208264
  -0.000000 -0.000000 0.422104 0.000000 -0.285595 0.256872 0.478098 0.251810 -0.165782 -0.266158 0.000000 -0.031082 -0.054624 -0.079737 -0.152354 -0.000000 -0.349230 0.614242 0.000000 0.177075 -0.000000 -0.000000 -0.000000 -0.000000 2.707687 0.050208 -0.000000 0.025581 -0.301080 -0.000000 0.532046 -0.000000 -0.000000 -0.000000 -0.000000 -0.000000 0.221714 0.532946 -0.307433 0.000000 -0.168235 -0.077461 0.708218 -0.260230 -0.198034 -1.759806 -0.387405 -1.998860 -0.279050 -0.000000 -0.166714 0.521174 -0.079392 0.006295 0.000000 -0.186992 -0.150743 -0.000000 -0.136208 -0.328573 -0.200088 0.000000 -0.171719 -0.000000 -0.236063 1.164754 -1.064290 0.000000 0.000000 -0.364003 -0.000000 0.053229 -0.000000 0.000000 0.000000 0.274839 -0.000000 0.037807 -0.000000 -0.237839 -0.144548 -0.165905 -0.000014 -0.363955 -0.000000 0.000000 -0.308479 0.000000 -0.147226 0.186447 -0.161340 -0.266566 -0.029883 0.000000 -0.007879 -0.000000 -0.000000 -0.000000 -0.203073 -0.000000
  -0.071607 0.000000 -0.113031 0.000000 -0.157737 -0.148740 -0.350663 0.034282 -0.007152 -0.014227 -0.000000 0.071302 0.342139 0.167519 0.029131 -0.000000 -0.051838 -0.562868 -0.000000 0.069372 -0.000000 -0.000000 -0.045571 -0.000000 0.015956 0.168992 -0.000000 -0.133492 0.018749 -0.046666 0.070273 -0.000000 -0.000000 -0.000000 -0.000000 0.000000 0.084413 -0.052239 -0.049938 0.000000 -0.102611 -0.384340 0.006605 -0.099384 -0.102077 -0.169049 0.041341 0.034414 0.007988 0.000000 0.038276 -0.099774 0.051003 0.162546 0.000000 0.052943 0.126152 -0.000000 0.176641 0.363800 0.181967 -0.000000 0.134562 -0.000000 0.086207 -2.758624 -0.037646 -0.000000 0.000000 -0.290617 0.000000 -0.171797 0.000000 0.000000 0.021789 -0.047657 0.000000 -0.080281 0.000000 0.061342 -0.077282 0.517747 -0.000003 -0.078001 -0.000000 0.926467 0.202825 -0.156751 -0.068296 -0.047212 -0.030822 0.091004 0.186736 -0.000000 -0.123687 0.000000 -0.117641 0.000000 -0.045294 -0.085648
  0.028019 0.000000 -0.050430 0.000000 0.200921 -1.155349 -0.248334 0.255679 0.108455 0.215440 -0.000000 0.237076 -0.078830 0.097536 0.274127 -0.000000 0.212522 -0.391533 -0.000000 -0.276608 -0.000000 0.000000 0.003748 0.000000 -0.312146 0.307958 0.000000 0.043801 0.333442 -0.388862 0.082750 -0.000000 0.000000 0.000000 -0.000000 -0.000000 0.020995 -0.645470 0.296190 -0.000000 0.219077 0.070266 -0.109599 -0.175965 0.158551 0.227811 0.126626 -0.153800 0.081030 -0.000000 0.258589 0.436105 -0.580994 0.146728 -0.000000 -0.006238 0.134645 0.000000 0.111023 0.278310 0.244430 -0.000000 0.238882 -0.000000 0.242962 0.233535 0.173914 -0.000000 -0.000000 0.222516 -0.000000 0.127041 -0.000000 -0.000000 0.086914 -0.058631 -0.000000 -0.714425 -0.000000 0.337049 0.052563 -0.310685 -0.211025 0.197491 -0.000000 -0.220090 0.219522 -0.006511 0.204667 -0.043431 0.204504 0.244236 0.236473 0.000000 0.134577 -0.000000 0.098095 -0.000000 0.035884 0.066174
  0.162266 0.000000 1.960797 -0.000000 0.208389 0.320359 -0.066295 -0.127304 -0.124395 0.116472 -0.000000 -0.176632 -0.251463 -0.109611 -0.245338 -0.000000 -0.246293 0.125973 0.000000 -0.055829 0.000000 -0.000000 0.504510 -0.000000 -0.712444 -0.268581 -0.000000 0.041282 -0.176228 0.097642 1.011518 -0.000000 0.000000 0.000000 -0.000000 0.000000 0.487546 0.551770 -0.221911 -0.000000 -0.050641 0.005710 0.566113 -0.518504 -0.325480 0.165752 -0.275050 -1.063375 -0.275623 -0.000000 -0.036930 0.157278 -0.208032 -0.044473 -0.000000 0.092134 -0.313749 -0.000000 -0.286097 -0.415403 -0.354557 0.000000 0.010267 0.000000 -0.093815 0.444465 -0.354574 -0.000000 -0.000000 0.078949 0.000000 -0.087856 -0.000000 -0.000000 2.611643 0.160827 -0.000000 0.094099 -0.000000 -0.343156 0.156254 0.313534 -0.195752 -0.165728 0.000000 0.240465 -0.403582 -0.043453 -0.289770 0.453684 -0.137892 -0.306124 -0.284214 -0.000000 -0.860893 0.000000 0.814565 0.000000 -0.198671 0.939534
  0.107490 -0.000000 0.094352 0.000000 -0.087857 0.088491 0.457702 0.120894 0.021836 -0.021076 -0.000000 0.308998 -0.128542 -0.086449 -0.079665 -0.000000 0.042073 0.639885 -0.000000 0.056308 -0.000000 0.000000 -0.111753 -0.000000 -0.008525 -0.126143 -0.000000 -0.055479 0.128238 0.007811 -0.270444 -0.000000 -0.000000 -0.000000 -0.000000 0.000000 -0.035278 -0.011681 0.122837 -0.000000 0.025676 0.041992 0.299099 -0.096238 0.003545 0.168058 0.258964 -0.043642 -0.002522 0.000000 0.209754 -0.206617 -0.039510 -0.078611 0.000000 -0.067600 -0.115688 0.000000 0.083741 0.020661 0.005562 -0.000000 0.200240 0.000000 0.190009 0.223596 0.062161 -0.000000 0.000000 -0.012915 0.000000 0.293255 -0.000000 -0.000000 0.311686 0.023795 -0.000000 0.048900 -0.000000 -0.222221 0.159763 -0.065917 -0.015083 -0.037175 -0.000000 0.026894 -0.078369 0.127527 0.080613 -0.137706 0.054728 0.122646 0.100967 -0.000000 -0.095129 -0.000000 -0.008609 -0.000000 0.024849 0.246898
  -0.284863 -0.000000 -0.069736 -0.000000 0.382401 0.117413 -0.535294 0.221557 0.343337 0.214718 -0.000000 0.181047 0.178508 0.150471 0.372702 0.000000 0.060841 -0.504879 -0.000000 0.080201 0.000000 0.000000 -0.008383 0.000000 -0.968100 0.094493 -0.000000 0.330439 0.181358 -0.511108 0.013285 -0.000000 -0.000000 0.000000 0.000000 -0.000000 0.063839 0.194037 0.207283 0.000000 0.190050 0.247497 -0.004525 -0.659998 0.153192 0.007212 0.208460 -0.396157 0.198167 0.000000 0.214903 0.082115 -0.051048 0.094061 -0.000000 0.142623 0.119425 -0.000000 0.195985 0.202254 0.137745 0.000000 0.281508 0.000000 0.223437 0.057122 0.234934 0.000000 -0.000000 0.132887 -0.000000 0.116625 0.000000 -0.000000 -0.001603 -0.063015 -0.000000 -0.104437 0.000000 0.126859 0.271652 0.142628 -0.084943 0.105441 0.000000 -0.224960 0.192575 -0.584974 0.275997 0.007302 0.264845 0.421243 0.253776 0.000000 0.095863 0.000000 -0.000000 0.000000 0.288915 -0.000000
  0.286482 -0.000000 0.232764 0.000000 -0.229566 0.097805 0.252500 -0.099474 0.031635 -0.075875 0.000000 -0.044286 0.031252 -0.027286 -0.121227 -0.000000 -0.155762 0.421441 0.000000 -0.124147 0.000000 -0.000000 0.019468 0.000000 0.239420 0.100998 0.000000 0.114109 0.020819 0.006148 -0.056440 -0.000000 0.000000 -0.000000 -0.000000 -0.000000 -0.105249 -0.065617 0.152374 0.000000 0.171352 -0.059420 0.141357 -0.044993 0.214780 0.137528 -0.003048 -0.036687 -0.038815 -0.000000 -0.044795 -0.574220 0.001869 -0.236891 0.000000 -0.000818 -0.068102 0.000000 -0.060367 -0.130416 -0.057811 0.000000 0.130986 0.000000 0.214072 -0.007525 0.073497 0.000000 -0.000000 -0.068732 0.000000 0.047101 -0.000000 -0.000000 0.431143 -0.032153 -0.000000 0.027194 0.000000 -0.025174 0.043584 -0.076149 -0.105234 -0.139184 0.000000 0.129947 -0.048154 0.264934 -0.082433 -0.163267 -0.059376 -0.012341 0.146926 0.000000 0.040306 0.000000 0.134177 -0.000000 0.101864 0.120501
  -0.197116 -0.000000 0.245623 -0.000000 -0.179229 0.258127 -1.087631 0.146352 -0.015862 -0.008671 -0.000000 -0.021335 0.026053 -0.083992 -0.181224 -0.000000 0.030586 -1.164938 -0.000000 0.026693 -0.000000 -0.000000 -0.136864 -0.000000 -0.055805 -0.006631 0.000000 -0.104694 -0.079813 -0.939465 -0.008909 -0.000000 -0.000000 -0.000000 -0.000000 0.000000 0.201085 -0.191589 -0.068089 -0.000000 0.051669 -0.138421 -0.111622 -0.165859 -0.038339 0.148254 0.171469 0.023668 -0.145593 -0.000000 -0.067601 -0.098153 0.068586 0.023053 -0.000000 -0.236993 0.181854 0.000000 0.097362 -0.139245 -0.038041 0.000000 -0.025009 -0.000000 -0.001496 -1.613630 -0.004502 -0.000000 0.000000 -0.025570 0.000000 0.198258 -0.000000 -0.000000 -0.257963 -0.086375 0.000000 -0.025714 0.000000 -0.036768 0.093490 0.266542 -0.000003 -0.084060 -0.000000 -0.422962 0.016229 -0.122580 0.066453 0.164359 0.017330 -0.070696 -0.116594 0.000000 -0.007689 -0.000000 -0.078065 0.000000 0.199857 -0.243333
  0.301981 -0.000000 -1.063732 0.000000 0.118584 -0.011775 0.208324 -0.484646 0.202424 -0.018307 -0.000000 0.284418 0.081655 -0.100733 0.067491 -0.000000 0.096115 0.265693 -0.000000 0.129377 0.000000 -0.000000 -0.319599 0.000000 -0.163260 -0.178289 -0.000000 0.016788 0.165096 0.057925 -0.633055 -0.000000 -0.000000 -0.000000 0.000000 0.000000 -0.647433 -0.015669 0.033074 -0.000000 0.065954 0.101553 -0.243579 0.318774 0.025254 0.321649 0.229860 0.091481 0.026561 -0.000000 0.117844 0.152784 0.196913 -0.162865 -0.000000 0.175752 -0.090763 0.000000 -0.010409 0.197907 -0.153176 -0.000000 0.222428 -0.000000 0.037946 0.382656 0.048469 0.000000 0.000000 0.017925 -0.000000 0.236611 0.000000 -0.000000 -1.282376 -0.000054 -0.000000 0.067025 -0.000000 0.056496 -0.021203 -0.196503 -0.064970 0.090731 -0.000000 0.502616 0.166779 0.131201 -0.024655 -0.820321 0.182542 0.108027 0.012032 -0.000000 -0.185363 0.000000 -0.213616 0.000000 -0.067153 -0.100504
  0.102068 -0.000000 0.188374 -0.000000 -0.251596 0.190973 0.136331 0.202758 -0.147843 -0.221660 -0.000000 -0.064108 0.007502 -0.263640 0.060770 0.000000 0.037188 0.019824 -0.000000 0.112228 0.000000 -0.000000 0.003772 -0.000000 0.177642 -0.171853 -0.000000 -0.164557 -0.101538 0.074597 -0.024969 -0.000000 -0.000000 -0.000000 -0.000000 0.000000 0.042359 0.078677 0.044448 0.000000 -0.070781 0.047334 0.309563 0.176380 -0.056025 0.191172 -0.121289 0.037580 0.047338 -0.000000 0.160255 -0.121527 0.194315 -0.080288 -0.000000 -0.102668 -0.115200 -0.000000 0.067842 -0.058126 -0.032906 -0.000000 -0.097499 0.000000 -0.034332 -0.039828 0.070477 0.000000 0.000000 0.155881 -0.000000 0.092576 -0.000000 0.000000 0.226568 0.057131 0.000000 0.156993 0.000000 -0.000451 -0.198874 -0.292133 -0.162407 0.104940 -0.000000 -0.032733 -0.113172 0.120234 -0.107853 -0.014857 -0.284003 -0.229531 -0.139040 -0.000000 0.191112 0.000000 -0.086700 -0.000000 -0.145904 0.130275
  0.123447 -0.000000 0.004638 0.000000 -0.115684 0.307607 0.203749 0.177757 0.305554 -0.118246 -0.000000 0.207070 -0.065509 0.131088 -0.029173 -0.000000 0.163216 0.348153 0.000000 -0.042265 0.000000 -0.000000 -0.087449 0.000000 0.235846 -0.073194 -0.000000 -0.105444 0.278855 -0.135509 -0.009738 -0.000000 0.000000 -0.000000 0.000000 0.000000 0.102729 -0.381572 0.053766 -0.000000 0.294625 -0.220310 0.095782 -0.180873 0.044871 0.172510 -0.004124 -0.013247 0.079629 0.000000 -0.080854 0.008941 0.008582 -0.044392 -0.000000 -0.119225 0.159315 -0.000000 0.218210 -0.094133 0.115453 0.000000 0.211356 -0.000000 0.030574 0.072807 0.106270 -0.000000 0.000000 -0.121540 -0.000000 -0.249732 -0.000000 0.000000 -0.021761 0.033371 0.000000 0.152502 -0.000000 0.124594 -0.389568 -0.561705 -0.094526 -0.224782 -0.000000 -0.302293 0.040495 0.270740 0.074090 0.060562 0.261563 -0.092435 0.065636 -0.000000 -0.135090 0.000000 0.180293 0.000000 -0.272478 0.150536
  0.038143 0.000000 0.193007 0.000000 0.168314 -0.238082 -0.440247 0.170016 0.047293 0.151610 -0.000000 -0.054927 0.191470 0.184989 0.149939 -0.000000 0.152829 -0.308299 0.000000 -0.528729 -0.000000 0.000000 0.074888 0.000000 0.183722 -0.084174 -0.000000 0.304456 0.098486 -0.317359 -0.054134 -0.000000 0.000000 -0.000000 0.000000 0.000000 0.137312 -0.563904 0.431416 0.000000 0.087683 0.174916 0.185030 0.013689 0.179532 0.265167 0.098545 0.010341 -0.002064 -0.000000 0.311011 0.023971 -0.448016 -0.091423 -0.000000 -0.056106 -0.253258 -0.000000 -0.100541 -0.109866 0.105267 -0.000000 0.231186 0.000000 0.285654 0.063056 -0.029061 0.000000 0.000000 0.374183 -0.000000 0.310540 -0.000000 0.000000 0.015920 -0.529657 0.000000 -0.637369 -0.000000 0.202221 0.254604 -0.597569 0.135999 0.200397 0.000000 0.068726 0.192673 0.157978 -0.010588 -0.031030 0.182922 0.098816 0.148367 -0.000000 -0.105242 -0.000000 0.143832 0.000000 0.016030 0.158223
  -0.089960 -0.000000 -0.204509 0.000000 -0.254161 0.076267 0.194484 -0.052924 0.225394 0.033366 0.000000 0.118972 0.060747 0.166921 -0.119492 -0.000000 -0.209464 0.439141 0.000000 0.125021 0.000000 0.000000 -0.343430 0.000000 -0.396679 -0.193843 -0.000000 0.017307 -0.237718 0.285656 -0.078048 -0.000000 -0.000000 0.000000 -0.000000 0.000000 0.087898 -0.247551 -0.026169 -0.000000 0.352007 -0.098666 -0.009847 -0.209330 0.230812 -0.352931 -0.609673 -0.074657 -0.175351 -0.000000 0.193456 -0.155667 0.214700 0.099164 -0.000000 -0.860342 -0.061793 0.000000 0.137439 -1.070152 0.059249 -0.000000 0.263380 -0.000000 0.169052 -1.180350 0.197145 0.000000 0.000000 -0.053238 0.000000 0.086717 -0.000000 0.000000 0.091677 -0.078576 0.000000 0.011866 0.000000 0.099317 -0.024152 -0.161988 0.000003 0.268245 -0.000000 -0.322468 -0.093197 -0.304279 -0.087488 -0.206414 0.015091 -0.148374 0.065082 0.000000 -0.342959 -0.000000 0.343706 -0.000000 -0.162360 0.141678
  -0.001139 0.000000 0.000649 -0.000000 -0.030086 0.350923 -0.226093 0.260373 -0.087654 0.101549 -0.000000 -0.109305 -0.488488 -0.091198 0.307127 -0.000000 -0.091029 -0.088088 0.000000 -0.696371 0.000000 -0.000000 0.048976 -0.000000 -1.461209 0.033919 -0.000000 0.179397 -0.090660 -0.390455 -0.017981 -0.000000 -0.000000 -0.000000 -0.000000 0.000000 -0.008053 0.203868 0.234141 -0.000000 -0.014355 0.329721 0.257807 -0.280489 -0.098151 0.238475 -0.014140 -0.301892 0.082594 -0.000000 0.220759 0.362093 0.155087 -0.121587 -0.000000 0.040373 -0.555803 -0.000000 0.098335 -0.130554 0.149488 -0.000000 -0.029987 0.000000 0.156115 0.358384 -0.089346 0.000000 -0.000000 0.074603 -0.000000 0.126663 -0.000000 -0.000000 0.125478 -0.109453 -0.000000 -4.498273 -0.000000 0.161472 0.300546 -0.679610 -0.080023 0.027388 0.000000 0.064199 -0.074096 0.004058 -0.154207 0.118546 0.177487 -0.086069 -0.072656 -0.000000 0.298050 -0.000000 0.152825 -0.000000 0.073743 0.210725
  -0.057708 0.000000 -0.484730 -0.000000 -0.438344 0.241862 0.229797 0.059307 -0.133439 -0.178118 0.000000 0.080737 0.358095 -0.021101 -0.323375 0.000000 -0.127867 0.153366 -0.000000 -0.720046 -0.000000 -0.000000 0.191086 -0.000000 0.494524 0.282070 0.000000 -0.615230 -0.115123 -0.007888 -0.184592 -0.000000 -0.000000 -0.000000 -0.000000 -0.000000 -0.526000 0.483875 -0.350374 -0.000000 -0.029621 -0.627847 -0.802063 0.249872 -0.127889 -1.169244 -0.641437 0.165207 0.454545 -0.000000 -0.462516 0.101063 0.091458 0.271129 0.000000 -0.081347 0.375060 0.000000 0.137185 0.285656 -0.578361 -0.000000 0.013982 0.000000 -0.074029 -0.557736 -0.200598 -0.000000 0.000000 -0.538874 -0.000000 -0.833124 0.000000 -0.000000 -0.400927 0.436105 -0.000000 -0.148491 0.000000 0.200228 -0.533720 0.228211 -0.000205 -1.127843 -0.000000 0.027745 0.274501 -0.017447 -0.054589 -1.164618 -0.394644 -0.532328 -0.008264 0.000000 0.092743 -0.000000 0.146126 -0.000000 -0.437619 -0.103354
  0.123707 -0.000000 -0.201474 -0.000000 -0.484437 -0.249760 0.296096 -0.132584 -0.382884 -0.447729 -0.000000 -0.090126 0.203813 -0.341227 -0.195523 0.000000 -0.331559 0.478145 -0.000000 -0.096945 -0.000000 -0.000000 0.069966 -0.000000 0.378194 0.031499 -0.000000 -0.410684 -0.136850 0.771326 -0.418101 -0.000000 -0.000000 0.000000 0.000000 0.000000 0.188990 -0.008827 -0.151035 0.000000 -0.250745 -0.087919 -0.042603 0.281674 -0.276269 -0.445195 -0.075951 0.215577 0.038285 0.000000 -0.207855 0.107927 0.070994 -0.004375 -0.000000 -0.274352 0.113783 -0.000000 -0.290586 -0.373272 -0.165360 -0.000000 -0.216400 0.000000 -0.197615 -0.308114 0.163159 -0.000000 0.000000 -0.218173 -0.000000 -0.356937 -0.000000 -0.000000 0.318335 0.287758 -0.000000 0.122593 -0.000000 -0.311398 -0.076722 -0.226860 -0.184125 -0.212059 0.000000 -0.344785 -0.188452 0.126014 -0.366592 0.167480 -0.283217 -0.335883 -0.205049 -0.000000 0.221408 -0.000000 0.051162 -0.000000 -0.291411 -0.024283
  0.075721 0.000000 0.341524 -0.000000 0.126461 0.038818 0.120389 0.012245 0.381810 0.210918 -0.000000 0.171470 0.256289 0.057271 0.028747 -0.000000 0.259348 0.105438 -0.000000 -0.475422 -0.000000 0.000000 -0.081728 0.000000 -0.025953 0.135307 0.000000 0.291024 0.177013 0.059437 -0.263470 -0.000000 0.000000 0.000000 0.000000 -0.000000 -0.019250 0.173833 0.165150 0.000000 0.187651 0.042804 0.010990 0.132514 0.136189 -0.117192 0.383514 0.044036 0.153765 -0.000000 0.129271 -0.064204 -0.286084 -0.009673 -0.000000 0.147452 -0.089273 0.000000 0.135218 0.360879 -0.013691 -0.000000 0.155579 0.000000 0.385728 0.224312 0.147617 0.000000 0.000000 0.027744 0.000000 0.240238 0.000000 0.000000 0.209129 0.036870 -0.000000 -0.049803 0.000000 0.272937 0.329133 0.193159 0.094581 0.059851 -0.000000 -0.185728 0.274865 -0.060282 0.240041 -0.043493 0.055234 0.127311 0.280061 0.000000 0.132800 0.000000 0.165184 0.000000 0.243608 0.135189
  -1.041536 -0.000000 -0.352935 -0.000000 -0.403718 0.059815 0.074528 -3.689262 -0.308332 -0.047733 -0.000000 -0.700809 -0.568167 -0.291417 -0.022624 -0.000000 -0.173671 -0.082705 0.000000 -0.146277 -0.000000 -0.000000 -0.242231 -0.000000 0.257069 -0.016404 0.000000 -0.238201 -0.261867 -0.062252 -0.083570 0.000000 0.000000 0.000000 -0.000000 0.000000 -0.012657 0.031678 -0.062925 0.000000 -0.136651 0.120476 -0.116365 -0.273218 -0.110636 -0.719146 -0.423800 -0.201905 -0.139645 -0.000000 -0.171753 -0.045668 0.076265 -0.185865 -0.000000 -0.038612 -0.329315 0.000000 -0.134846 -0.053001 -0.213261 -0.000000 -0.080325 0.000000 0.209630 -0.114839 0.027661 -0.000000 0.000000 -0.123264 0.000000 -0.036572 0.000000 0.000000 -0.496423 -0.080348 0.000000 -0.025964 0.000000 0.045867 0.151532 0.186620 0.056127 0.085184 -0.000000 -0.017400 -0.023486 -0.890708 -0.058383 -0.012552 -0.084588 -0.057324 -0.341187 0.000000 0.296386 0.000000 -0.222830 -0.000000 0.081839 -0.550993
  0.983751 0.000000 -0.265000 0.000000 0.000000 -1.889456 -0.000000 -0.849096 1.113940 0.962968 -0.000000 0.900245 1.005852 1.065268 1.193702 0.000000 1.271153 0.000000 0.000000 -0.726520 -0.000000 0.000000 0.000000 0.000001 -0.442368 0.635735 -0.000000 0.673320 1.218907 0.000000 -0.458040 -0.000000 -0.000000 0.000000 0.000000 -0.000000 -0.446067 1.238031 0.707392 0.000000 0.776548 0.631503 0.594932 0.512977 0.869406 0.956313 2.997415 0.277358 2.654436 0.000000 0.881538 0.522123 -0.455779 0.941449 0.000000 1.658440 -1.386428 -0.000000 1.059628 3.454270 0.845107 0.000000 1.048772 -0.000000 0.846427 -0.000000 1.695164 0.000000 0.000000 0.373479 -0.000000 0.505940 0.000000 0.000000 -0.000000 -0.916931 0.000000 -0.380621 -0.000000 0.966736 0.437696 0.661778 0.024762 0.950696 0.000000 0.519780 1.314495 0.448460 0.888130 -0.609468 0.804018 3.275586 0.924951 -0.000000 0.095209 -0.000000 1.005329 -0.000000 0.671211 1.391072
  0.100494 -0.000000 0.212050 -0.000000 -0.146413 0.123723 -0.221713 0.095430 0.012576 0.125308 -0.000000 0.130862 0.058304 -0.004789 0.087299 -0.000000 0.203998 -0.430711 0.000000 -0.489981 0.000000 -0.000000 0.097570 -0.000000 0.184889 -0.087689 0.000000 -0.030562 -0.025154 -0.058063 0.013007 0.000000 0.000000 -0.000000 0.000000 0.000000 -0.101495 1.273168 0.146436 -0.000000 -0.060144 -0.331920 0.244933 0.198322 -0.040906 0.122106 0.092843 0.153268 0.051619 -0.000000 0.141329 0.178691 0.022935 -0.039723 -0.000000 0.358330 0.292518 0.000000 -0.131994 0.105849 -0.023770 0.000000 0.098986 -0.000000 0.165090 -0.365700 0.301298 -0.000000 0.000000 0.078983 -0.000000 0.040305 -0.000000 0.000000 -1.281985 -0.000634 0.000000 0.057737 -0.000000 -0.013955 -0.254265 0.528544 0.000011 -0.019456 -0.000000 -0.160731 0.094983 0.126327 -0.069637 0.037158 0.155111 0.213578 -0.004276 0.000000 0.105434 0.000000 0.173685 0.000000 0.553496 0.290229
  -0.024294 0.000000 -0.147777 -0.000000 0.143077 -1.431131 0.190235 -0.159237 0.105693 -0.004103 -0.000000 0.010036 -0.286864 0.076562 0.049578 -0.000000 0.019563 0.489039 0.000000 -0.250804 0.000000 -0.000000 0.110033 -0.000000 0.314607 0.203874 0.000000 -0.122023 0.076218 0.209363 -0.042915 -0.000000 -0.000000 -0.000000 0.000000 -0.000000 0.021506 -1.233537 0.045895 0.000000 -0.009614 -0.127470 0.109041 -0.038474 0.064259 0.114032 -0.038927 0.051923 -0.032868 -0.000000 0.048176 -0.056980 -0.207673 -0.096286 0.000000 0.044469 0.175077 0.000000 0.164054 -0.308522 -0.093151 -0.000000 0.115022 -0.000000 0.034016 -0.762598 -0.124323 0.000000 -0.000000 -0.097601 0.000000 -0.213895 0.000000 0.000000 -0.299876 0.138748 -0.000000 -0.147243 -0.000000 0.053905 -0.199218 -0.561779 -0.110321 0.035457 0.000000 0.007230 -0.010548 0.147259 -0.140314 -0.004285 0.060109 -0.298979 -0.001224 0.000000 -0.239061 -0.000000 0.083048 0.000000 0.012707 0.145279
  -0.289096 0.000000 -0.023361 0.000000 0.149636 -0.018521 -1.282904 0.084952 0.254300 -0.060115 -0.000000 0.224244 -0.037438 0.255440 0.098226 -0.000000 0.043803 -2.379748 -0.000000 0.100929 0.000000 0.000000 -0.010033 0.000000 -0.164781 0.156957 -0.000000 -0.050704 0.026906 -1.426433 -0.166379 -0.000000 -0.000000 0.000000 0.000000 0.000000 0.131448 -0.436650 0.054226 -0.000000 0.242408 -0.046280 0.053804 -0.087411 0.239801 0.393771 0.189427 -0.015017 0.244137 0.000000 -0.048474 -0.002093 0.079568 0.139327 0.000000 0.232284 0.178645 0.000000 0.099779 0.115304 0.098828 0.000000 0.199934 0.000000 0.156951 0.728147 0.486950 -0.000000 0.000000 -0.099739 -0.000000 0.075976 -0.000000 -0.000000 -0.564994 -0.274086 -0.000000 -0.030590 0.000000 0.178790 0.121511 0.160441 0.000001 0.121364 -0.000000 0.097763 0.138275 -0.296622 0.082811 -0.030744 0.174167 0.038353 0.079828 -0.000000 -0.015033 0.000000 -0.293606 -0.000000 0.142212 -0.379521
  -1.905123 0.000000 -0.066319 -0.000000 -0.111042 0.122788 0.138448 -0.043177 -0.078646 0.017147 0.000000 0.046847 0.212477 -0.026216 -0.031844 0.000000 -0.220419 0.250721 0.000000 -0.091603 -0.000000 -0.000000 -0.180819 -0.000000 -0.681353 0.267302 -0.000000 -0.095753 -0.216458 -2.198306 0.206478 -0.000000 -0.000000 -0.000000 -0.000000 0.000000 0.144328 0.523831 -0.100907 -0.000000 -0.080358 -0.279838 0.135442 -1.626390 0.119791 -0.933135 -0.154128 -2.751976 -0.079176 -0.000000 -0.129980 0.448707 -0.131155 0.062211 -0.000000 0.020077 0.229626 -0.000000 0.149384 -0.006305 0.105937 0.000000 0.032494 0.000000 -0.163110 -0.955146 -0.268215 0.000000 0.000000 -0.140526 0.000000 0.027492 0.000000 -0.000000 -0.353225 0.244938 0.000000 -0.036124 -0.000000 -0.119283 0.080881 -0.064137 -0.000015 -0.225117 0.000000 0.031321 -0.060194 -2.087692 -0.037779 0.067842 -0.188321 0.086427 -0.119155 0.000000 -0.004066 -0.000000 -1.740845 -0.000000 0.058330 -3.174588
  0.054321 -0.000000 0.035279 0.000000 -0.211997 0.065281 0.126593 0.237629 -0.038244 -0.091937 -0.000000 -0.012511 0.172827 -0.211412 -0.054615 0.000000 -0.064056 0.251938 0.000000 0.000626 0.000000 -0.000000 -0.022121 -0.000000 0.079653 0.184810 0.000000 -0.271636 -0.105025 0.328593 0.420398 -0.000000 -0.000000 0.000000 0.000000 -0.000000 0.091808 0.098708 -0.007790 -0.000000 -0.161111 -0.041623 -0.167687 0.070524 -0.177225 -0.122581 0.106100 -0.103123 -0.293355 0.000000 0.043642 0.094512 0.150958 0.042353 -0.000000 -0.188846 -0.019393 -0.000000 -0.005443 -0.242355 -0.003453 0.000000 -0.157229 -0.000000 0.063447 -0.177615 -0.355493 0.000000 0.000000 -0.191769 0.000000 0.086821 -0.000000 0.000000 -0.088092 0.088111 0.000000 0.039121 -0.000000 -0.217159 -0.195674 -0.040498 -0.000046 -0.091242 -0.000000 -0.050633 -0.294086 0.252636 -0.216329 0.011674 -0.013324 -0.079945 -0.180842 -0.000000 0.212036 -0.000000 0.025176 -0.000000 -0.120828 0.058321
  -0.050993 0.000000 -0.178381 0.000000 -0.308452 0.015270 -0.515824 0.213459 0.111871 0.265278 -0.000000 0.087923 -0.222699 -0.086784 -0.179409 -0.000000 -0.369845 -0.369552 0.000000 0.106246 0.000000 0.000000 0.025423 -0.000000 -0.269050 -0.160194 -0.000000 0.273639 -0.237788 0.045493 -0.022083 -0.000000 -0.000000 -0.000000 0.000000 -0.000000 0.176152 -0.377822 0.159836 -0.000000 -0.005631 0.241444 -0.467994 0.251823 -0.030121 -0.463534 -0.044854 -0.034160 -0.289018 0.000000 0.063198 0.442928 0.411763 -0.060895 -0.000000 -0.442509 -0.649591 -0.000000 0.130060 -1.011084 0.180165 -0.000000 0.021087 0.000000 0.110850 -0.329689 -1.049291 0.000000 0.000000 -0.070002 -0.000000 0.495112 0.000000 0.000000 0.014387 0.033235 0.000000 0.248943 -0.000000 -0.148303 0.283266 -0.492764 -0.000000 -0.159131 0.000000 -0.158110 -0.136446 -0.303847 -0.093669 0.084503 0.004300 0.268653 0.094425 -0.000000 0.381755 0.000000 0.312504 0.000000 -0.009507 0.598271
  -0.265579 -0.000000 -0.113690 -0.000000 0.342690 -0.121660 -0.397446 -0.129799 0.191600 -0.124061 -0.000000 0.381509 -0.860298 0.237758 0.269727 0.000000 0.147253 -0.556359 0.000000 -0.000000 0.000000 0.000000 0.143304 0.000000 -1.011270 0.003687 -0.000000 0.219998 0.270037 -0.744248 -0.008411 -0.000000 -0.000000 0.000000 0.000000 -0.000000 -0.494998 -0.485732 0.315601 0.000000 0.183675 0.373504 0.204649 -0.340332 0.204210 -0.017042 0.480418 -0.237029 0.286981 0.000000 0.167283 0.512822 0.387505 0.088712 -0.000000 0.330999 -0.646775 0.000000 0.013574 0.345483 0.221666 0.000000 0.138101 0.000000 0.139422 0.543768 0.023793 0.000000 0.000000 0.162231 -0.000000 0.161861 -0.000000 0.000000 -0.226415 -0.185298 -0.000000 -0.000000 -0.000000 0.285557 0.219050 -1.150455 0.000826 0.131068 0.000000 -0.909052 0.057790 -0.165876 0.210263 -0.251856 0.329154 0.174150 0.263715 0.000000 -0.638641 -0.000000 -0.026967 -0.000000 0.018084 -0.137199
  0.019156 -0.000000 0.160279 0.000000 0.005506 0.081819 0.153990 0.104704 -0.216654 -0.329204 -0.000000 -0.289817 -0.074964 -0.323256 -0.223970 -0.000000 -0.085658 0.157498 -0.000000 -0.074430 0.000000 -0.000000 -0.214846 -0.000000 0.170431 0.038520 0.000000 -0.166771 -0.049662 0.279690 0.276086 -0.000000 -0.000000 0.000000 0.000000 -0.000000 -0.010043 0.079821 0.001003 -0.000000 -0.038194 0.011990 0.049936 0.073793 -0.254791 0.164899 -0.155522 0.068833 -0.163362 0.000000 -0.183062 -0.152492 -0.025127 -0.125685 -0.000000 -0.147268 -0.025788 0.000000 -0.048858 -0.141770 -0.179483 0.000000 -0.250341 -0.000000 0.002519 0.106232 0.137449 0.000000 -0.000000 -0.189756 0.000000 0.028348 -0.000000 -0.000000 0.132752 0.391965 -0.000000 0.127267 -0.000000 -0.125967 -0.015402 0.203929 -0.159239 -0.237358 -0.000000 0.195875 -0.048513 0.011557 -0.350026 0.239839 -0.277183 -0.254914 -0.113113 0.000000 0.004529 0.000000 -0.030839 -0.000000 -0.201087 -0.019786
  0.000000 0.000000 0.000000 -0.000000 -0.000000 0.000000 -0.000000 0.000000 0.000000 0.000000 -0.000000 -0.000000 0.000000 -0.000000 0.000000 -0.000000 -0.000000 -0.000000 -0.000000 0.000000 -0.000000 -0.000000 -0.000000 -0.000000 -0.000000 -0.000000 0.000000 0.000000 0.000000 0.000000 -0.000000 0.000000 0.000000 -0.000000 0.000000 -0.000000 -0.000000 0.000000 -0.000000 -0.000000 -0.000000 -0.000000 -0.000000 0.000000 0.000000 0.000000 -0.000000 0.000000 0.000000 -0.000000 0.000000 0.000000 0.000000 -0.000000 -0.000000 0.000000 0.000000 0.000000 0.000000 0.000000 -0.000000 0.000000 -0.000000 0.000000 0.000000 -0.000000 0.000000 -0.000000 -0.000000 -0.000000 -0.000000 -0.000000 -0.000000 0.000000 0.000000 0.000000 -0.000000 0.000000 0.000000 -0.000000 0.000000 -0.000000 0.000000 -0.000000 -0.000000 0.000000 -0.000000 -0.000000 0.000000 0.000000 0.000000 -0.000000 -0.000000 0.000000 -0.000000 -0.000000 0.000000 -0.000000 -0.000000 -0.000000
  -0.611727 -0.000000 -0.189066 -0.000000 0.307285 0.120007 -0.232989 -0.115142 0.071566 0.223950 -0.000000 0.285078 0.316166 0.238441 0.203340 -0.000000 0.217790 -0.163210 0.000000 0.058051 0.000000 0.000000 -0.144386 0.000000 -0.550693 0.237342 0.000000 0.173198 0.012258 -0.159276 -0.240162 -0.000000 0.000000 -0.000000 -0.000000 0.000000 0.080552 0.086531 0.178613 0.000000 0.154192 0.097601 -0.393348 -0.883478 0.040228 0.101146 0.152916 -0.607481 0.214463 -0.000000 0.263752 0.198047 0.015022 0.132975 -0.000000 0.278167 0.313813 0.000000 0.198926 0.010447 0.179030 0.000000 0.278745 -0.000000 0.147687 -0.356519 0.154398 -0.000000 -0.000000 0.191817 0.000000 0.207378 -0.000000 -0.000000 0.194331 -0.011944 0.000000 -0.091564 0.000000 0.240533 0.180493 0.138528 0.006065 0.143625 0.000000 -1.810191 0.261288 -0.412222 0.207616 0.006415 0.333332 0.288048 0.150598 -0.000000 0.081503 0.000000 0.478364 -0.000000 0.258213 -0.630697
  -0.005262 0.000000 0.234676 -0.000000 -0.088819 -0.254529 -0.032944 0.181003 0.081459 -0.007354 -0.000000 -0.007157 0.093643 0.042564 0.276899 0.000000 0.218622 -0.291783 -0.000000 0.208410 -0.000000 0.000000 -0.212095 0.000000 -0.018346 -0.018380 -0.000000 0.189603 0.145193 -0.206822 0.139378 -0.000000 -0.000000 0.000000 0.000000 0.000000 -0.032744 -0.166613 0.259237 -0.000000 0.088472 0.132856 0.160662 0.060366 0.119841 0.228188 -0.062273 -0.092858 -0.329319 -0.000000 0.256110 0.183327 -0.119372 -0.083888 -0.000000 0.093241 -0.263352 0.000000 -0.100330 -0.037205 -0.115465 -0.000000 -0.014960 -0.000000 -0.003282 -1.135960 -0.003710 0.000000 -0.000000 0.413081 0.000000 0.220803 0.000000 -0.000000 -0.226276 0.211373 -0.000000 -0.079430 -0.000000 0.018632 0.109881 0.096373 -0.000000 0.001926 -0.000000 -0.132164 0.045153 -0.105358 -0.083014 0.038327 0.022136 0.129275 0.083381 -0.000000 0.344564 -0.000000 0.149366 0.000000 0.155643 -0.018756
  0.378291 -0.000000 -0.479835 0.000000 -0.307212 0.446965 -0.435695 0.051876 -0.357062 -0.391539 -0.000000 -0.359411 -0.247562 -0.471076 -0.574486 0.000000 -0.904018 -0.243102 -0.000000 -0.116292 0.000000 -0.000000 -0.041729 -0.000000 -0.149897 0.087250 0.000000 -0.201118 -0.714445 -0.758971 -0.593512 0.000000 0.000000 -0.000000 0.000000 -0.000000 -0.757239 0.113466 -0.556911 0.000000 -0.101264 -0.974325 -0.542474 -0.041672 -0.085983 -0.643990 -0.494312 0.516528 0.117435 -0.000000 -0.342752 -0.081671 -0.057153 -0.011269 -0.000000 -0.693377 0.150779 0.000000 -0.300785 0.096734 -0.312781 -0.000000 -0.146223 -0.000000 -0.175834 0.043254 -0.149840 -0.000000 0.000000 -0.384941 -0.000000 -0.297098 0.000000 -0.000000 0.266477 0.222730 -0.000000 0.053401 -0.000000 -0.475574 -0.326845 0.134006 -0.299579 -0.190178 -0.000000 -0.051182 -0.522282 0.830554 -0.870320 -0.210419 -0.362237 -0.505407 -0.487711 -0.000000 -0.653674 -0.000000 -0.748223 0.000000 -0.987521 -0.000053
  -0.416626 0.000000 -0.159162 -0.000000 0.144137 0.009575 -0.023931 -0.139785 0.083101 0.061534 -0.000000 0.258548 0.336790 0.053412 0.193654 0.000000 0.231335 -0.187888 -0.000000 0.081900 0.000000 0.000000 0.331136 0.000000 -0.370995 0.171281 -0.000000 0.080213 0.223957 0.183530 -0.357933 -0.000000 0.000000 -0.000000 -0.000000 -0.000000 -0.136421 0.084145 0.152997 -0.000000 0.282458 0.077467 0.043700 -0.474131 0.034027 -0.324267 0.319597 -0.459376 0.328583 -0.000000 0.053214 0.229732 -0.111018 0.254139 0.000000 0.301434 0.283021 -0.000000 0.250030 0.102344 0.179552 0.000000 0.188572 -0.000000 0.194986 -0.529411 0.125245 0.000000 -0.000000 -0.040574 -0.000000 0.133877 -0.000000 0.000000 -0.572639 -0.027688 -0.000000 -0.056499 -0.000000 0.291202 0.227030 0.307595 0.044713 0.131420 0.000000 -2.098762 0.255921 -0.193812 0.196786 -0.113798 0.109225 0.321958 0.257404 0.000000 -0.154842 0.000000 0.549039 -0.000000 0.106815 -0.595429
  0.023274 -0.000000 0.044969 -0.000000 0.185743 -0.405460 -0.554048 0.269452 0.133532 -0.086324 -0.000000 0.078823 -0.094298 -0.135983 0.226334 0.000000 0.050175 -0.724808 0.000000 0.064927 0.000000 0.000000 -0.078039 0.000000 0.188391 0.143499 0.000000 0.066473 0.277542 -0.995728 0.014298 -0.000000 0.000000 0.000000 0.000000 0.000000 0.116588 -0.432880 0.160368 -0.000000 0.152755 0.088673 0.036505 -0.097312 0.136496 0.307028 0.172905 0.015124 -0.064324 0.000000 0.017602 -0.054399 0.116771 0.056596 -0.000000 0.174584 -0.043120 0.000000 -0.091556 -0.250473 0.080128 -0.000000 0.013766 -0.000000 0.241873 -1.441568 0.256175 -0.000000 -0.000000 0.152988 -0.000000 0.257867 0.000000 -0.000000 -0.668117 0.020675 0.000000 -0.183970 0.000000 -0.076188 0.264133 -0.124322 -0.000016 0.331698 0.000000 -0.096807 -0.011971 -0.048411 -0.009869 0.243086 -0.014638 0.239741 -0.012204 0.000000 0.157668 -0.000000 0.078690 0.000000 0.097525 0.172252
  0.109920 -0.000000 0.411031 -0.000000 -0.304096 0.926536 -0.000000 -0.066040 -0.572595 -0.580474 -0.000000 -0.645240 -0.126517 -0.648352 -0.346087 0.000000 -0.543668 -0.025850 -0.000000 0.158584 -0.000000 -0.000000 -0.267680 -0.000000 0.260275 -0.380249 0.000000 -0.483948 -0.448376 0.000000 -0.004370 0.000000 0.000000 0.000000 -0.000000 -0.000000 0.678222 -2.434984 -0.261553 -0.000000 -0.195872 -1.186121 0.359081 0.322175 -0.352337 0.336363 -0.047770 0.153402 -0.569957 -0.000000 -0.322226 -0.185773 0.756866 -0.391190 -0.000000 -0.246543 -0.231467 -0.000000 -0.583261 -0.626449 -0.648082 0.000000 -0.359430 -0.000000 -0.140666 -0.000000 0.045176 0.000000 0.000000 0.091641 -0.000000 0.034058 0.000000 -0.000000 -0.000000 0.485869 0.000000 1.392526 0.000000 -0.647226 -1.008870 -0.059012 -0.000115 -0.216541 0.000000 0.317708 -0.554345 0.198068 -0.881698 0.310360 -0.439440 -0.390344 -0.534565 -0.000000 -0.468273 0.000000 0.188870 -0.000000 -1.039649 0.515527
  0.121904 0.000000 0.220644 0.000000 -0.090702 0.461300 -0.006609 0.475818 -0.378145 -0.605099 0.000000 -0.196936 -0.005043 -0.638595 -0.533116 -0.000000 -0.388806 -0.129032 -0.000000 -0.071245 -0.000000 -0.000000 -0.464314 -0.000000 0.039534 -0.551666 0.000000 -0.113354 -0.213198 0.016219 0.595739 -0.000000 0.000000 -0.000000 -0.000000 0.000000 -0.423713 0.128985 -0.203933 0.000000 -0.060017 -0.266794 -0.630125 0.228287 -0.129576 -0.614833 -0.195754 0.211727 -0.372433 0.000000 -0.180676 -0.161523 0.180924 -0.301951 -0.000000 -0.071391 0.046880 0.000000 -0.316437 -0.421391 -1.103392 -0.000000 0.028820 -0.000000 0.004608 -0.146582 -0.521667 -0.000000 -0.000000 -0.153124 0.000000 -0.090063 0.000000 -0.000000 -0.300351 0.267614 -0.000000 -0.087076 0.000000 -0.875625 0.076728 -0.451415 -0.000067 -0.559289 -0.000000 0.079918 -0.484482 0.176018 -0.280811 -0.205808 -0.765982 -1.171117 -0.275028 0.000000 -0.525508 -0.000000 0.019200 0.000000 -0.175184 -0.604635
  -0.668415 0.000000 0.180121 0.000000 0.917411 -0.221839 -0.861248 -0.072475 0.972409 1.223440 -0.000000 1.145865 -0.165402 1.063031 0.497542 -0.000000 0.976735 -0.864207 0.000000 0.533525 -0.000000 0.000000 0.411903 0.000021 -0.654064 0.323089 0.000000 0.845549 0.885436 -0.926916 -1.202996 -0.000000 0.000000 0.000000 -0.000000 -0.000000 -0.691190 -1.292644 0.928232 0.000000 0.998153 0.507361 -0.141754 -0.597921 0.860205 0.780159 1.000946 -0.513927 0.405651 -0.000000 0.771995 0.719330 0.496640 0.728608 0.000000 1.199991 0.231021 0.000000 0.636128 0.379557 0.592289 -0.000000 0.948742 -0.000000 1.081159 0.828795 0.559578 -0.000000 0.000000 0.640071 0.000000 0.781788 -0.000000 0.000000 -0.498985 -0.822454 -0.000000 -0.267271 0.000000 0.603122 0.743791 -0.119022 0.560377 0.797978 0.000000 -0.714536 0.924694 -0.713455 0.941643 -1.043649 0.936058 0.672885 0.954427 -0.000000 -0.639321 -0.000000 0.544317 0.000000 1.296321 -0.458405
  -0.472363 -0.000000 -0.109186 -0.000000 0.218514 -0.032397 -0.669294 0.109558 0.348094 0.199378 -0.000000 0.522509 0.187177 0.384914 0.152190 0.000000 0.122242 -0.568845 -0.000000 0.030951 -0.000000 0.000000 -0.026793 0.000000 -0.840544 0.093097 -0.000000 0.280900 0.206153 -1.113948 0.205868 -0.000000 0.000000 -0.000000 -0.000000 -0.000000 -0.040878 0.141365 0.208383 -0.000000 0.246239 0.210004 0.086550 -0.786943 0.261086 -0.057434 0.403616 -0.321455 0.129124 -0.000000 0.281906 0.313740 -0.089835 0.131509 0.000000 0.356508 0.221743 -0.000000 0.177276 -0.008885 0.166880 -0.000000 0.310167 -0.000000 0.166348 0.125621 0.351612 0.000000 0.000000 0.156971 -0.000000 0.100781 -0.000000 0.000000 -1.360930 -0.154056 0.000000 -0.116114 -0.000000 0.387187 0.036868 0.127147 -0.087208 0.152642 0.000000 0.233665 0.177227 -0.686709 0.271521 0.250947 0.395446 0.355473 0.244317 0.000000 -0.092989 -0.000000 -1.260530 0.000000 0.117983 -0.823231
  0.211035 -0.000000 0.470592 -0.000000 -0.270463 -0.288480 -0.680176 0.117615 0.061981 -0.498222 0.000000 -0.273837 0.126051 -0.061801 0.032546 0.000000 -0.025741 -0.319495 -0.000000 -0.366508 -0.000000 0.000000 0.017260 -0.000000 -0.207158 -0.093694 -0.000000 -0.061580 -0.284095 -0.303594 -0.079988 -0.000000 -0.000000 -0.000000 0.000000 0.000000 0.155072 -0.067551 -0.091941 0.000000 -0.053374 -0.139132 0.114684 -0.091965 -0.172883 0.350828 -0.127368 -0.091038 0.060971 -0.000000 -0.237576 0.069818 -0.215646 0.009710 -0.000000 -0.120830 0.048309 -0.000000 -0.105808 0.141432 -0.151233 0.000000 -0.022273 -0.000000 -0.042770 0.128196 0.298494 0.000000 0.000000 0.044802 -0.000000 -0.322978 0.000000 -0.000000 0.163707 0.089004 -0.000000 -0.246262 -0.000000 -0.291447 -0.461676 0.238216 -0.279305 -0.084128 0.000000 -0.126259 0.075947 -0.073682 -0.136212 0.142895 -0.228158 -0.071076 0.063939 0.000000 -0.258111 -0.000000 -0.582245 0.000000 -0.361662 -0.514666
  0.002176 -0.000000 -0.163389 -0.000000 -0.007363 -1.220828 0.012628 -0.240023 -0.052855 0.038601 -0.000000 0.048086 -0.163743 0.045480 0.198654 -0.000000 -0.000472 -0.224824 0.000000 0.002777 0.000000 0.000000 -0.007857 -0.000000 0.183563 0.316054 -0.000000 0.071802 -0.007955 -0.427929 -0.034674 -0.000000 0.000000 -0.000000 -0.000000 -0.000000 -0.173311 -1.828634 -0.105400 0.000000 0.038359 -0.260593 0.131179 -0.014284 0.048606 0.045145 -0.128253 0.166006 0.052845 0.000000 0.111382 -0.233153 -0.283282 -0.019509 -0.000000 0.189633 0.300277 -0.000000 0.175076 -0.476508 0.077675 0.000000 0.111916 -0.000000 0.085411 0.178676 -0.094475 -0.000000 -0.000000 0.002759 0.000000 -0.182701 0.000000 -0.000000 -0.266644 0.303604 -0.000000 -0.219626 -0.000000 0.092453 -0.005438 -0.279222 0.000017 0.114061 -0.000000 -0.342820 0.144008 0.017441 0.015153 -0.200328 0.140987 -0.220324 0.142630 -0.000000 0.064430 -0.000000 0.129937 0.000000 0.189894 0.254022
  0.069600 -0.000000 0.116459 -0.000000 -0.095966 0.016373 0.081863 0.145078 -0.041540 -0.165591 -0.000000 -0.163370 0.109356 0.133231 -0.052762 0.000000 -0.016875 0.196277 0.000000 0.123734 -0.000000 -0.000000 -0.194207 -0.000000 0.085275 0.190830 0.000000 0.024194 -0.142202 0.478198 0.121827 -0.000000 0.000000 -0.000000 0.000000 -0.000000 -0.028539 0.061416 0.060013 -0.000000 -0.159291 0.108395 -0.104174 0.249163 -0.114288 -0.125322 0.077185 -0.140794 0.040279 0.000000 0.088927 -0.021392 -0.030926 0.063254 0.000000 -0.073807 -0.066714 0.000000 0.081918 -0.258860 -0.062444 -0.000000 -0.124977 -0.000000 -0.116151 -0.121449 0.156894 -0.000000 -0.000000 -0.223019 -0.000000 0.034199 0.000000 0.000000 0.046885 -0.117395 -0.000000 -0.016600 0.000000 -0.097309 0.018408 -0.062171 -0.164541 0.138279 0.000000 -0.241209 0.001724 0.291370 -0.028632 0.070430 -0.110244 -0.002058 0.023859 -0.000000 0.226230 0.000000 0.037204 -0.000000 -0.124662 0.245127
  -0.001856 -0.000000 -0.035308 -0.000000 0.086245 -0.639856 0.051464 0.044558 -0.033291 -0.056670 -0.000000 -0.024482 -0.054483 0.173279 0.195991 0.000000 0.221167 -0.046109 -0.000000 -0.317554 0.000000 0.000000 -0.033734 -0.000000 0.126636 0.123539 0.000000 0.025765 0.220368 0.034576 0.042007 -0.000000 0.000000 -0.000000 -0.000000 -0.000000 0.016087 0.222404 0.262444 -0.000000 0.060501 -0.089765 0.144714 0.207972 0.056302 -0.145154 0.181076 0.028985 0.149245 0.000000 0.254323 0.101456 0.116612 0.039635 0.000000 -0.078195 -0.181749 -0.000000 0.061226 0.052102 0.055474 0.000000 0.121321 -0.000000 0.112671 -0.008837 0.039254 0.000000 -0.000000 -0.008552 -0.000000 0.050456 0.000000 0.000000 0.123481 -0.163627 0.000000 -0.159128 0.000000 0.028186 0.158611 -0.020184 -0.039004 0.027594 -0.000000 0.021525 0.004708 0.151763 0.066346 0.060645 0.064635 -0.100648 0.210770 0.000000 0.151923 -0.000000 0.078935 -0.000000 0.046279 0.119844
  -0.108478 0.000000 -0.029771 0.000000 -0.327228 -0.189292 -0.648356 0.139911 -0.371017 -0.979017 0.000000 -0.258324 -0.567346 0.115955 -1.115974 0.000000 -0.582328 -0.068320 0.000000 0.306588 0.000000 -0.000000 -0.142958 -0.000000 -0.479505 -0.055182 -0.000000 0.093141 -0.638969 0.411798 0.014736 0.000000 0.000000 -0.000000 0.000000 0.000000 -0.235429 -0.351041 -0.255589 0.000000 -0.101232 -0.055536 -0.398352 0.020303 -0.061256 -0.269565 -0.686008 -0.297298 0.312685 -0.000000 -0.264420 0.185579 -0.122616 -0.375540 -0.000000 -0.006407 -0.000966 -0.000000 -0.379719 -0.812927 0.016239 0.000000 0.055475 0.000000 -0.075688 -0.694836 -0.238704 0.000000 0.000000 -0.344493 -0.000000 -0.012186 0.000000 0.000000 -0.183764 -0.032000 -0.000000 0.281196 -0.000000 -0.116341 -0.385244 -0.796590 -0.000130 -0.236223 -0.000000 -0.346908 0.262099 0.086607 -0.080419 0.083215 0.017234 0.218547 -0.339935 0.000000 -2.643513 -0.000000 -0.290665 0.000000 -0.601301 -0.623870
  -0.317242 0.000000 -0.168243 -0.000000 0.152719 0.057385 -0.358241 -0.123071 0.175521 0.250589 -0.000000 0.400154 0.117241 0.137006 0.126565 -0.000000 0.031296 -0.160678 -0.000000 0.050089 0.000000 0.000000 -0.065533 0.000000 -0.354596 0.194651 -0.000000 0.026123 0.119606 -0.849196 -0.055511 -0.000000 0.000000 0.000000 0.000000 0.000000 -0.056228 -0.036749 0.160883 -0.000000 0.013352 0.057853 0.255009 0.010019 0.116890 -0.388760 0.235315 -0.462247 0.246211 -0.000000 0.072902 0.322396 -0.223206 0.328681 -0.000000 0.328514 0.170018 -0.000000 0.163618 0.171553 0.169757 -0.000000 0.279133 -0.000000 0.012279 -0.233526 0.187986 -0.000000 -0.000000 -0.100584 0.000000 0.191997 -0.000000 -0.000000 -0.994542 -0.130527 -0.000000 -0.022956 0.000000 0.300866 -0.068764 0.078985 0.000132 0.137272 0.000000 -0.639416 0.067855 -0.188408 0.109863 -0.194227 0.124711 0.266765 0.255852 -0.000000 -0.006331 -0.000000 -0.836847 0.000000 0.056118 -0.916361
  0.078538 0.000000 0.332796 -0.000000 0.072914 0.352316 0.285055 -0.095761 0.078713 0.027754 -0.000000 0.040983 -0.144539 0.211266 0.154269 -0.000000 0.280216 0.403389 0.000000 0.265951 0.000000 -0.000000 -0.032431 0.000000 -0.110031 0.105317 -0.000000 0.127959 -0.080270 -0.697268 0.376972 -0.000000 0.000000 -0.000000 -0.000000 0.000000 0.316999 0.138176 0.147939 -0.000000 0.005562 0.058964 -0.113013 0.130481 -0.063236 0.610330 0.004388 0.053888 -0.251482 -0.000000 0.196029 -0.295157 0.343598 -0.067032 -0.000000 0.025469 -0.209881 0.000000 0.052472 -0.427013 -0.014723 0.000000 -0.052953 0.000000 -0.020826 1.302148 0.217769 -0.000000 0.000000 0.106136 -0.000000 0.171824 -0.000000 -0.000000 -0.000000 -0.038011 -0.000000 0.233565 -0.000000 0.111905 0.036874 -0.114720 -0.000001 0.034490 -0.000000 -0.215553 0.188255 -0.150747 -0.085292 0.250071 -0.054430 -0.357597 0.050342 -0.000000 0.096851 -0.000000 0.014305 -0.000000 -0.128570 0.268791
  -0.098004 0.000000 0.607892 -0.000000 0.278693 -0.166010 -0.919103 -0.412044 0.095586 0.194974 0.000000 0.338179 -0.251011 0.041558 0.436587 0.000000 0.375376 -0.469306 0.000000 -0.229139 -0.000000 0.000000 -0.233453 0.000000 -0.039420 -0.495269 -0.000000 0.852839 0.287506 0.032483 0.175822 -0.000000 -0.000000 -0.000000 -0.000000 0.000000 -0.300211 -0.461589 0.435202 0.000000 0.083567 0.810496 0.024933 0.111794 0.115299 -0.182158 0.130605 -0.313092 0.305302 -0.000000 0.343195 -0.451838 -0.004799 -0.315898 0.000000 0.153483 -0.450502 -0.000000 -0.137334 0.023597 -0.014291 0.000000 0.260167 -0.000000 0.469509 -0.455863 0.185649 0.000000 0.000000 0.619319 -0.000000 0.722665 0.000000 0.000000 -0.209012 -0.305957 0.000000 -0.029096 -0.000000 -0.334502 0.905685 -0.415283 0.000019 -0.192021 -0.000000 -0.031039 0.144534 -0.237215 -0.083304 -0.123081 0.272455 1.114418 0.249226 -0.000000 0.036596 -0.000000 0.036719 0.000000 0.280269 0.008607
  -0.493122 0.000000 -0.006977 0.000000 0.287692 0.093814 -0.552381 0.188231 0.222916 0.285284 -0.000000 0.370786 0.170508 0.192678 0.395733 -0.000000 0.166542 -0.505296 -0.000000 0.162558 0.000000 0.000000 -0.294436 0.000000 -0.926475 0.252575 -0.000000 0.358059 0.239208 -0.774925 -0.134905 -0.000000 -0.000000 -0.000000 -0.000000 -0.000000 0.048762 -0.083451 0.277673 0.000000 0.318587 0.218172 0.162006 -1.120685 0.248905 0.301298 0.501977 -0.683960 0.108090 -0.000000 0.231877 0.029322 -0.082503 0.276048 0.000000 0.288256 0.148572 -0.000000 0.143579 0.001867 0.370193 -0.000000 0.389239 0.000000 0.228808 0.080776 0.293465 0.000000 0.000000 0.292744 0.000000 0.255048 0.000000 0.000000 -0.567395 -0.178029 0.000000 -0.125139 -0.000000 0.228927 0.398581 0.095878 -0.100989 0.410575 -0.000000 -0.540345 0.180554 -0.734354 0.252740 -0.093593 0.400031 0.334616 0.407641 -0.000000 0.169090 0.000000 -1.929167 -0.000000 0.341903 -3.260912
  0.098750 -0.000000 -1.952507 0.000000 0.187833 -0.515784 -0.350571 -1.720007 0.230711 -0.072530 -0.000000 0.166857 -0.092149 0.206639 0.126887 0.000000 0.134770 -0.019771 -0.000000 0.040588 -0.000000 -0.000000 0.171439 0.000000 -0.427955 0.045881 -0.000000 -0.032483 0.272921 -0.619989 0.170780 -0.000000 -0.000000 0.000000 0.000000 0.000000 -0.456572 0.120552 0.293937 0.000000 0.206441 0.256532 -0.004832 -0.010268 0.096051 0.625219 0.300205 -0.069242 0.011014 -0.000000 0.312705 0.147942 -0.111576 -0.091005 0.000000 0.233090 -0.205928 0.000000 0.063194 -0.110703 -0.090369 0.000000 0.116817 -0.000000 0.304413 0.994228 -0.251882 -0.000000 0.000000 0.212490 0.000000 0.237253 0.000000 0.000000 -2.010026 -0.174821 0.000000 0.045500 -0.000000 -0.020814 0.052916 -0.102135 -0.140758 0.004778 -0.000000 0.013437 0.009054 0.031640 0.158745 -0.293219 0.171386 -0.082948 0.358986 0.000000 -0.176400 -0.000000 -0.257118 -0.000000 -0.076029 0.159530
  -0.142526 0.000000 0.424181 0.000000 0.176829 0.622559 -0.397480 0.402994 0.086970 -0.369620 -0.000000 0.167699 -0.431307 0.011290 0.095975 -0.000000 0.012540 -0.741405 -0.000000 -0.645344 -0.000000 -0.000000 -0.078660 -0.000000 0.199628 -0.177928 0.000000 0.055868 -0.073016 -0.253434 0.326639 -0.000000 0.000000 0.000000 0.000000 -0.000000 -0.181834 0.798247 0.038116 0.000000 0.155143 0.307734 0.307982 0.028425 0.027203 0.073700 0.290457 -0.217415 0.125931 -0.000000 0.267645 0.031515 -1.007859 0.092800 0.000000 0.298154 0.073595 -0.000000 0.077798 -0.347034 -0.052427 -0.000000 -0.027086 -0.000000 0.102511 0.720059 0.009536 -0.000000 -0.000000 0.185126 0.000000 0.131271 -0.000000 0.000000 0.140475 0.235687 -0.000000 -0.554947 -0.000000 -0.032594 0.195360 -0.393359 0.000044 0.047308 0.000000 -0.282416 0.135423 -0.109740 -0.272917 -0.054791 0.108130 0.091075 -0.114932 0.000000 -0.665159 0.000000 0.152641 -0.000000 0.095033 0.188308
  0.149435 -0.000000 0.173857 -0.000000 -0.074696 0.256855 0.507553 -0.105632 0.146938 -0.188706 -0.000000 0.114260 0.107273 -0.234958 -0.375702 -0.000000 -0.038321 0.414224 0.000000 0.027892 0.000000 -0.000000 0.031749 -0.000000 0.251588 0.016550 -0.000000 -0.068093 -0.089599 0.514281 0.036297 -0.000000 -0.000000 -0.000000 -0.000000 -0.000000 -0.076242 0.039701 0.133302 -0.000000 0.133200 -0.154043 -0.066020 0.264183 -0.053494 0.154257 0.310501 -0.022536 -0.119057 -0.000000 0.185451 -0.181002 0.032184 0.056105 0.000000 -0.190333 -0.275176 -0.000000 0.098517 0.156540 -0.045807 0.000000 0.168243 0.000000 0.178453 0.125171 0.084192 -0.000000 0.000000 -0.079340 -0.000000 0.085363 0.000000 0.000000 0.220445 0.176580 -0.000000 0.111685 -0.000000 -0.047224 0.109216 -0.232757 0.000003 -0.185248 -0.000000 0.030449 -0.043794 0.099396 0.103716 0.092993 -0.269822 0.003205 0.077912 -0.000000 0.026911 -0.000000 0.227605 0.000000 0.041057 0.031564
  0.047903 0.000000 -0.072247 -0.000000 -0.228880 -0.849380 -0.351533 -0.200815 0.041356 -0.172480 -0.000000 0.013135 0.023298 -0.281545 -0.067556 0.000000 -0.083429 -0.462343 0.000000 -0.118454 -0.000000 -0.000000 0.009375 -0.000000 -0.400538 -0.292825 0.000000 0.011753 0.040676 -0.689910 -0.180126 0.000000 -0.000000 0.000000 -0.000000 0.000000 -0.736769 -0.290623 0.037652 0.000000 -0.115403 -0.343270 0.121265 0.270777 -0.237845 -0.132323 -0.106971 0.101566 0.122338 -0.000000 -0.111085 -0.025121 -0.415352 -0.281818 -0.000000 -0.195215 0.118124 0.000000 -0.077660 0.071164 -0.283946 0.000000 0.031081 -0.000000 -0.026928 -0.098581 0.079420 0.000000 0.000000 0.036703 -0.000000 -0.067253 0.000000 -0.000000 -0.392814 0.083587 -0.000000 0.284240 0.000000 0.013701 -0.425951 0.059628 -0.000069 -0.010298 0.000000 -0.157376 0.110086 0.160932 -0.014369 -0.301525 -0.233059 -0.003271 0.028673 -0.000000 0.103273 0.000000 0.156365 -0.000000 -0.262678 -0.008640
  0.270081 0.000000 0.275770 -0.000000 -0.113174 -0.083752 0.283211 0.897578 0.099781 0.087168 -0.000000 0.028592 -0.077970 0.229503 0.131883 -0.000000 -0.052792 0.096706 0.000000 0.036287 -0.000000 0.000000 -0.257944 0.000000 0.015334 -0.060665 -0.000000 -0.100387 0.056972 0.167577 0.758656 -0.000000 0.000000 -0.000000 0.000000 0.000000 0.353942 0.068406 0.126437 0.000000 0.095480 0.136360 0.214212 0.314894 0.100244 0.332751 0.022329 0.089589 -0.027489 -0.000000 0.066659 -0.124771 0.265993 -0.082958 0.000000 -0.026028 -0.094181 0.000000 0.033370 0.023440 0.060708 0.000000 0.076315 0.000000 0.201549 0.180549 0.093599 0.000000 0.000000 0.009671 -0.000000 -0.025260 -0.000000 -0.000000 -0.341735 0.130579 -0.000000 0.129229 0.000000 0.134746 0.184539 -0.141921 -0.005796 0.033671 -0.000000 -0.137617 0.008120 0.321668 -0.224908 0.147542 0.045358 0.178305 0.005044 -0.000000 -0.016372 -0.000000 0.198599 0.000000 -0.070190 0.362309
  0.223600 0.000000 -1.681916 -0.000000 -0.122742 -0.327294 0.042298 -1.452927 0.150730 0.079793 -0.000000 0.019702 -0.028992 -0.020156 -0.040744 -0.000000 -0.069419 0.389754 0.000000 0.017484 -0.000000 -0.000000 0.078159 0.000000 0.154650 -0.137058 0.000000 -0.000304 0.083693 -0.293090 -0.127114 -0.000000 0.000000 0.000000 0.000000 0.000000 -0.113878 -0.046181 0.065976 0.000000 -0.053039 -0.115659 0.011774 -0.037876 0.059260 0.270333 -0.101564 0.322762 0.147978 0.000000 -0.065057 0.207935 -0.067540 -0.025775 -0.000000 0.193449 -0.228845 0.000000 0.179636 0.178114 0.097198 -0.000000 0.152988 -0.000000 0.192374 0.318573 -0.257893 0.000000 -0.000000 -0.134732 -0.000000 0.055855 0.000000 -0.000000 -2.071992 -0.077044 0.000000 0.086710 -0.000000 -0.028613 -0.075346 -0.080263 0.000625 0.009661 -0.000000 0.105174 0.079100 0.108348 0.074745 -0.054947 0.047828 0.102015 0.020507 0.000000 -0.361754 0.000000 0.330491 0.000000 0.031297 0.091112
  0.045722 0.000000 -1.179289 -0.000000 -0.038852 -0.272072 -0.044993 -0.673971 -0.155696 -0.160173 -0.000000 0.047254 -0.095957 -0.097310 -0.241062 0.000000 -0.143968 0.237631 0.000000 0.044111 -0.000000 -0.000000 -0.167327 -0.000000 -0.110328 -0.018758 0.000000 -0.165090 0.030427 -0.125299 -0.633027 -0.000000 -0.000000 0.000000 -0.000000 0.000000 -0.592268 -0.071039 -0.169221 -0.000000 0.085718 -0.283183 0.000971 0.089740 -0.031737 -0.011895 -0.030259 0.140716 0.137397 -0.000000 0.019782 0.295524 0.006267 -0.094973 -0.000000 -0.087070 -0.083875 -0.000000 0.121023 0.056965 -0.067970 -0.000000 0.151028 -0.000000 0.162723 0.221063 -0.092816 0.000000 0.000000 -0.381208 -0.000000 -0.078215 -0.000000 0.000000 -0.918839 0.104135 -0.000000 0.171827 0.000000 -0.181786 0.001141 0.012575 -0.110016 -0.152105 -0.000000 0.054252 0.041636 0.173836 0.012289 -0.471499 -0.011429 0.073578 0.092130 0.000000 -0.348783 0.000000 0.141600 0.000000 -0.306956 -0.015801
  0.913456 0.000000 0.295337 0.000000 -0.331920 -0.639631 0.321523 -0.001933 -0.357276 -0.217972 -0.000000 -0.033674 -1.140225 -0.241074 -0.324741 0.000000 -0.231429 0.249923 -0.000000 0.004734 0.000000 -0.000000 -0.172608 -0.000000 -0.074054 -0.535027 -0.000000 -0.493878 -0.147415 -0.042303 0.622487 -0.000000 0.000000 -0.000000 -0.000000 -0.000000 0.118686 0.151969 -0.290818 0.000000 -0.178315 0.562177 0.768403 -0.013688 -0.374129 -0.354313 -0.431125 0.177836 -0.436938 -0.000000 -0.216186 -0.391028 0.024241 -0.386068 -0.000000 -0.152013 -0.830296 -0.000000 -0.306736 -0.482002 -0.287164 -0.000000 -0.175673 -0.000000 -0.001026 -0.086249 -0.431464 -0.000000 0.000000 0.032707 0.000000 -0.108417 -0.000000 -0.000000 0.946378 0.121661 -0.000000 -0.356904 0.000000 -0.342645 0.459047 0.225937 -0.024972 -0.051088 0.000000 -0.154511 -0.285143 0.022806 -0.095033 0.452468 -0.075278 -0.419782 -0.191328 -0.000000 -0.051747 -0.000000 0.409927 0.000000 -0.173404 0.410558
  0.013808 -0.000000 0.213324 -0.000000 -0.010332 0.065643 -0.833998 0.136306 -0.109069 0.209661 -0.000000 -0.004646 -0.077957 -0.006123 0.040068 0.000000 0.003992 -0.787739 0.000000 0.158998 0.000000 -0.000000 -0.101023 0.000000 -0.266150 0.036054 0.000000 0.098734 0.081197 -0.436948 0.108749 -0.000000 -0.000000 0.000000 0.000000 0.000000 -0.042573 -0.064319 0.138304 -0.000000 -0.022485 0.056987 -0.174444 0.144234 -0.048301 0.238197 0.260292 -0.031672 -0.069239 -0.000000 -0.026114 -0.028746 -0.065722 0.077793 0.000000 -0.036248 -0.020292 -0.000000 0.071020 0.224680 0.006799 0.000000 0.020397 -0.000000 0.043879 0.121845 -0.071451 0.000000 0.000000 0.036610 0.000000 0.122050 0.000000 -0.000000 -0.077396 0.163558 -0.000000 -0.027218 -0.000000 0.043657 0.055462 0.277746 -0.000009 0.045049 -0.000000 -0.445313 0.021639 0.142642 -0.060569 0.182062 -0.078686 0.136385 -0.069797 -0.000000 0.102915 0.000000 0.095452 -0.000000 0.182563 0.379004
  0.021629 0.000000 -0.073472 0.000000 -0.017382 0.297736 0.111426 0.062395 0.179375 0.151878 -0.000000 0.107334 0.176204 0.127932 0.257712 -0.000000 0.171922 0.100790 0.000000 -0.448774 -0.000000 0.000000 0.234742 0.000000 0.084153 0.230648 0.000000 0.151080 0.238651 0.228441 -0.025800 -0.000000 -0.000000 0.000000 -0.000000 -0.000000 -0.075122 0.185084 0.240266 0.000000 0.139836 0.236982 0.039023 0.044395 0.318912 0.098432 0.034572 0.112039 0.245205 0.000000 0.151983 -0.117356 0.000178 0.288196 -0.000000 0.145788 -0.166577 0.000000 0.158744 0.404166 0.167402 -0.000000 0.357146 0.000000 0.314281 0.113528 0.182015 -0.000000 -0.000000 0.128281 -0.000000 0.208287 0.000000 -0.000000 0.117547 -0.133154 0.000000 0.010370 0.000000 0.163730 0.292636 0.375633 0.159639 0.078632 0.000000 0.036306 0.091332 0.176740 0.186167 0.169267 0.105708 0.094287 0.303722 -0.000000 -0.141757 0.000000 0.102540 0.000000 0.177317 0.203373
  0.069178 -0.000000 -0.153495 0.000000 0.068080 0.336294 -0.347998 -0.064846 0.121092 0.132326 0.000000 0.114536 -0.098204 0.009103 -0.213117 -0.000000 0.113146 -0.095294 -0.000000 0.347154 0.000000 0.000000 -0.278160 -0.000000 -0.091230 -0.154334 -0.000000 -0.045277 0.173106 -0.180081 -0.251407 -0.000000 -0.000000 -0.000000 0.000000 -0.000000 0.609830 -0.273429 0.056916 -0.000000 0.015331 -0.271315 -0.475619 0.164573 -0.187243 -0.314827 0.244687 0.203012 -0.358459 -0.000000 0.192587 0.112172 0.306883 -0.089645 -0.000000 -0.288748 0.054945 0.000000 -0.414838 -0.507217 0.007576 0.000000 -0.023721 0.000000 0.037778 0.258048 -0.337348 0.000000 -0.000000 0.140157 0.000000 0.056920 -0.000000 -0.000000 -0.246767 0.168712 0.000000 0.091990 -0.000000 -0.103026 0.001768 -0.353542 -0.000000 -0.145029 -0.000000 0.232882 -0.280456 0.140620 -0.097540 -0.286520 0.092653 0.259260 0.031086 0.000000 0.256968 -0.000000 -0.497304 0.000000 0.250434 -0.679654
  0.177091 0.000000 -0.235342 -0.000000 0.047438 0.667616 0.000000 0.009411 -0.167144 -0.183974 -0.000000 -0.236053 0.110379 -0.196461 -0.338136 -0.000000 -0.111856 0.000000 0.000000 0.161298 0.000000 -0.000000 -0.338187 -0.000000 0.370148 0.024363 -0.000000 -0.325933 -0.218662 0.000000 0.009811 0.000000 -0.000000 -0.000000 -0.000000 -0.000000 -0.263270 0.345537 -0.118011 0.000000 -0.001067 -0.255644 0.092276 0.060951 0.061868 -0.474572 -0.913987 0.137454 -0.839343 0.000000 -0.131791 0.402092 0.298897 0.006958 -0.000000 -0.533612 -0.018397 0.000000 -0.081274 -0.642240 -0.024250 -0.000000 -0.124246 -0.000000 -0.068830 -0.000000 -0.230619 -0.000000 -0.000000 -0.229093 -0.000000 0.045470 0.000000 -0.000000 0.154913 0.249394 -0.000000 0.126173 -0.000000 -0.124624 -0.171304 0.184021 -0.000018 -0.259559 -0.000000 0.588066 -0.340632 0.002431 -0.026968 0.031834 -0.200672 -0.762489 0.021287 0.000000 -0.082554 0.000000 -0.055743 0.000000 -0.235971 -0.384935
  -0.677118 -0.000000 -0.100211 -0.000000 0.133058 0.197822 -0.604461 -0.091332 0.269482 0.304692 -0.000000 0.188686 0.318540 0.353635 0.100131 -0.000000 0.069834 -0.264092 -0.000000 0.168130 -0.000000 0.000000 -0.060798 0.000000 -0.680618 0.339545 -0.000000 0.078541 0.088695 -0.528288 -0.033675 -0.000000 0.000000 -0.000000 0.000000 0.000000 -0.033839 0.060126 0.324058 0.000000 0.225528 0.022438 -0.119208 -0.157518 0.156543 -0.285880 0.270226 -1.006480 0.238608 -0.000000 0.289763 0.294590 -0.142280 0.195486 0.000000 0.274301 0.197595 0.000000 0.128080 0.205035 0.149035 -0.000000 0.186962 -0.000000 0.192386 -0.162262 0.259017 -0.000000 -0.000000 -0.026491 -0.000000 0.204565 -0.000000 0.000000 -1.460970 -0.123716 0.000000 -0.042344 -0.000000 0.307071 0.121878 -0.029682 0.000524 0.050884 0.000000 -0.678304 0.194040 -0.472169 0.246319 -0.249420 0.167466 0.457255 0.119797 -0.000000 0.101799 0.000000 -2.750387 0.000000 0.219040 -3.169450
  -0.189102 -0.000000 0.491032 0.000000 0.018307 0.126357 -0.160771 0.457950 0.008901 -0.254432 -0.000000 0.101055 -0.074165 0.022562 0.041499 0.000000 0.036723 -0.024197 -0.000000 0.147559 -0.000000 -0.000000 -0.005681 0.000000 0.308387 0.375439 -0.000000 0.122371 0.085920 0.123779 0.325982 -0.000000 0.000000 -0.000000 0.000000 0.000000 0.070811 -0.041909 0.188977 0.000000 -0.005413 0.265468 -0.410925 -0.111449 0.045938 -0.277350 0.073276 0.038445 0.081838 0.000000 0.027067 -0.274771 0.276818 0.030141 -0.000000 -0.131452 -0.061223 -0.000000 0.053152 -0.024065 -0.146124 0.000000 0.101928 0.000000 0.063892 -0.177964 0.129292 0.000000 0.000000 0.296672 0.000000 0.259957 0.000000 0.000000 -0.875210 0.051076 0.000000 0.146136 -0.000000 -0.019911 0.079892 0.371416 -0.048936 0.165805 0.000000 -0.303251 -0.084887 -0.363982 -0.159011 0.062100 0.117381 -0.036588 -0.083557 -0.000000 0.131207 -0.000000 -0.485310 0.000000 -0.182668 -0.448933
  0.281926 0.000000 -0.018519 -0.000000 -0.475750 0.132712 0.183016 -0.020773 0.090523 0.002905 0.000000 -0.028022 -0.031215 0.064219 0.086252 -0.000000 0.005137 0.207460 0.000000 0.220841 0.000000 0.000000 -0.166188 0.000000 -0.826217 -0.149160 0.000000 0.348717 0.033549 -1.618847 0.295619 0.000000 -0.000000 -0.000000 -0.000000 0.000000 0.267347 0.113435 0.050655 0.000000 0.078134 0.156655 0.348372 -0.262614 -0.020088 0.184799 -0.083834 -0.393501 -0.570758 0.000000 0.244040 0.483286 0.130365 -0.187496 -0.000000 -0.110363 -0.002513 -0.000000 -0.073638 -0.668641 0.073130 0.000000 0.210303 0.000000 0.163172 -0.269722 -0.154262 0.000000 -0.000000 0.070661 0.000000 0.290747 -0.000000 -0.000000 0.489431 0.103964 -0.000000 0.128307 0.000000 -0.045707 0.143062 -0.302289 -0.000026 0.093729 -0.000000 -0.478662 -0.351880 0.004917 -0.165172 0.113540 0.069369 -0.332574 0.059696 -0.000000 0.333783 0.000000 0.041699 0.000000 0.203239 0.132894
  -0.191768 0.000000 0.219150 0.000000 -0.144075 0.147788 -0.256084 -0.154794 0.081547 0.043143 -0.000000 0.017844 0.014295 0.078026 0.191689 -0.000000 0.155321 -0.402469 -0.000000 0.139191 -0.000000 0.000000 -0.919136 0.000000 0.309297 0.245336 0.000000 0.053575 0.164754 -0.260437 -0.156858 -0.000000 0.000000 -0.000000 -0.000000 0.000000 -0.238653 0.121365 -0.038724 -0.000000 0.048641 -0.037476 -0.774263 0.104541 -0.037865 -0.300812 -0.036169 0.269575 0.101675 -0.000000 -0.015797 -0.059073 0.070938 0.087808 0.000000 -0.097742 0.008679 -0.000000 0.141502 0.018846 -0.008677 -0.000000 -0.067526 0.000000 0.045379 -0.037993 0.185527 -0.000000 -0.000000 0.077461 -0.000000 -0.023864 0.000000 0.000000 -1.536124 0.060390 -0.000000 0.044095 -0.000000 0.113136 0.156381 0.271173 -0.151015 0.049881 0.000000 -0.058380 -0.029303 -0.109291 0.098523 -0.320457 0.150497 0.096168 0.049929 -0.000000 0.083028 0.000000 -0.812408 0.000000 -0.157933 -0.827657
  -0.190714 -0.000000 -2.002075 0.000000 0.030816 -0.218526 -0.190713 -0.000000 -0.898250 0.132407 -0.000000 -0.771788 -1.137352 -0.679488 -0.882373 0.000000 -1.006857 0.871453 0.000000 0.811221 -0.000000 -0.000000 0.160701 -0.000000 0.065183 -0.071854 0.000000 -0.837759 -1.042003 -0.161409 -0.109313 0.000000 -0.000000 -0.000000 -0.000000 0.000000 -0.652528 0.135850 -0.796112 0.000000 -0.101146 -0.511685 0.021668 -0.099884 -0.073263 -1.060553 -1.767348 -0.330246 0.056487 -0.000000 -0.912741 0.515094 0.443420 -0.065025 -0.000000 0.489206 -0.716415 -0.000000 -0.964328 -0.530238 -0.746197 0.000000 -0.150814 -0.000000 -0.145988 -1.111132 -0.718826 -0.000000 -0.000000 0.598824 0.000000 -0.774344 0.000000 0.000000 -0.085623 -0.303797 0.000000 -0.158903 0.000000 -0.180900 0.134925 -0.320506 -0.013756 -0.068052 -0.000000 0.409353 -0.755004 -0.169229 -0.643773 0.866426 -0.400743 -0.064286 -1.044072 -0.000000 -0.000000 0.000000 -0.835065 -0.000000 -1.210135 -0.767227
  -1.384711 0.000000 0.316822 0.000000 -0.260684 0.179713 -0.000000 0.383406 -0.014558 0.321528 0.000000 0.120994 0.046720 0.235312 0.067657 0.000000 -0.276606 0.018963 0.000000 0.556084 0.000000 -0.000000 -0.000000 -0.000000 -1.848834 -0.181183 0.000000 0.305977 -0.340796 -0.000000 0.233146 -0.000000 -0.000000 0.000000 0.000000 -0.000000 0.284613 0.238782 0.068024 0.000000 -0.041107 0.232225 -0.119448 -0.717558 0.061374 -0.207456 -0.314602 -0.148036 -1.025205 -0.000000 0.055970 0.718313 0.466426 -0.316613 0.000000 -0.335693 -0.813046 0.000000 0.068188 -1.130134 -0.005965 0.000000 -0.015589 -0.000000 0.012233 -0.000000 -2.425538 -0.000000 -0.000000 -0.029729 -0.000000 0.471609 -0.000000 -0.000000 -0.000000 0.103291 0.000000 0.385915 0.000000 0.102855 0.434554 -0.295586 0.000001 -0.035530 -0.000000 0.450902 -0.394437 -2.443099 0.026404 0.235718 0.145011 -0.617856 0.019999 0.000000 0.528772 0.000000 -1.003353 -0.000000 0.035926 -2.989871
  -0.042932 -0.000000 0.234449 -0.000000 -0.231893 0.441092 -0.576663 -0.012062 -0.116501 -0.055258 -0.000000 0.029062 0.259833 0.012283 0.258421 -0.000000 0.181133 -1.193817 -0.000000 -0.157725 -0.000000 -0.000000 -0.065892 0.000000 0.365742 -0.022066 -0.000000 0.044000 0.142963 -0.531617 -0.112174 0.000000 -0.000000 -0.000000 0.000000 -0.000000 -0.042554 1.199216 0.082695 0.000000 0.125734 -0.114114 0.074624 0.200629 -0.045873 0.100101 0.212338 0.156498 0.184239 -0.000000 0.193847 0.183864 0.216766 -0.093966 -0.000000 0.372888 -0.161331 0.000000 -0.054413 0.172131 -0.036279 0.000000 -0.048294 -0.000000 0.001297 -0.439113 0.213436 0.000000 0.000000 0.089145 -0.000000 0.127023 -0.000000 0.000000 -2.163647 -0.189162 0.000000 0.045175 -0.000000 -0.084566 -0.152048 0.213057 -0.019891 0.194674 0.000000 -0.061226 0.170808 0.128694 0.199606 -0.083530 -0.076607 0.224688 -0.038689 0.000000 -0.072165 0.000000 -0.027817 -0.000000 0.068675 -0.037064
  -0.160487 0.000000 -0.028725 0.000000 0.083723 1.196953 0.177811 -0.379963 0.200720 0.223176 -0.000000 -0.058384 -0.041702 0.091972 -0.007931 0.000000 0.059495 0.357416 -0.000000 0.151587 0.000000 0.000000 0.182668 -0.000000 -0.252966 0.235503 -0.000000 -0.097889 0.241168 0.242449 0.430240 -0.000000 0.000000 0.000000 -0.000000 -0.000000 -0.050280 0.347076 0.043913 0.000000 0.017807 0.163795 -0.155004 -0.401409 0.148864 0.256252 0.092508 -0.449962 0.042209 0.000000 -0.116117 0.311318 0.384974 0.274225 0.000000 0.306290 0.144226 0.000000 0.163288 0.216368 0.016657 0.000000 -0.085606 -0.000000 -0.222306 0.342514 0.166933 0.000000 0.000000 0.208769 -0.000000 0.193198 -0.000000 0.000000 0.289471 -0.057602 0.000000 0.187262 0.000000 0.210107 -0.128058 0.333682 -0.077113 -0.280281 -0.000000 1.144181 0.149986 -0.310347 0.119512 -0.192873 -0.011206 0.182607 0.136674 -0.000000 -0.252820 -0.000000 0.117056 -0.000000 0.101838 0.142106
  0.034809 0.000000 -0.130964 0.000000 -0.100286 0.722514 -0.447966 0.113229 0.042921 -0.048528 -0.000000 -0.046227 0.065077 0.086983 -0.318261 0.000000 -0.117920 -0.000000 -0.000000 0.554005 0.000000 -0.000000 -0.084078 -0.000000 -0.102964 -0.231035 -0.000000 -0.203027 -0.278753 0.048609 0.185818 -0.000000 0.000000 0.000000 -0.000000 0.000000 -0.025706 -0.239302 -0.015162 -0.000000 -0.091764 0.281127 -0.397426 0.152467 -0.181574 -0.122509 -0.867097 0.015577 -1.179845 0.000000 -0.229768 0.075829 0.443068 -0.363554 0.000000 -0.532754 -0.111457 -0.000000 -0.101028 -0.845189 -0.135136 -0.000000 -0.081509 -0.000000 -0.046084 0.257563 -0.759641 -0.000000 0.000000 0.100349 0.000000 0.161363 0.000000 0.000000 0.474210 0.343571 -0.000000 0.269375 0.000000 0.057189 0.105992 -0.175562 -0.000087 -0.164345 0.000000 -0.328897 -0.607314 0.063642 -0.027784 0.028276 0.035500 -0.314975 -0.000869 0.000000 -0.278905 0.000000 0.358753 0.000000 -0.041328 0.187372
  0.104292 0.000000 -0.010657 -0.000000 -0.102939 -0.210267 0.088903 0.041925 0.019607 0.097691 -0.000000 0.317832 0.080156 -0.002543 0.106776 -0.000000 0.076904 -0.044381 -0.000000 -0.559196 0.000000 -0.000000 0.089152 0.000000 -0.169561 0.256708 0.000000 0.091963 0.269650 0.178187 0.155593 -0.000000 -0.000000 0.000000 0.000000 0.000000 -0.077712 0.396584 0.220543 -0.000000 0.235990 0.084991 0.108349 0.039883 0.173497 0.163502 0.219666 0.077322 0.378927 0.000000 0.213136 0.109832 -0.816677 0.092408 -0.000000 0.097414 -0.058311 0.000000 0.139765 0.272219 -0.002473 0.000000 0.033341 -0.000000 0.176942 0.053012 0.092480 0.000000 -0.000000 -0.065400 -0.000000 -0.075297 0.000000 -0.000000 0.177969 0.126796 -0.000000 -0.017624 -0.000000 0.055548 -0.235509 0.147611 -0.002525 0.034198 0.000000 0.004680 0.083305 0.170618 0.207286 -0.103996 0.021808 0.134120 0.134258 -0.000000 -0.150444 0.000000 0.090926 0.000000 -0.084965 0.105125
  0.038508 -0.000000 -0.020989 -0.000000 -0.114103 0.339071 -0.275962 -0.103037 -0.184503 0.315032 0.000000 -0.026468 -0.355146 -0.116102 -0.172810 -0.000000 -0.009466 0.119671 -0.000000 -0.267927 -0.000000 -0.000000 -0.219692 -0.000000 0.065948 -0.241237 0.000000 -0.261018 -0.158550 -0.127273 -0.718449 -0.000000 -0.000000 0.000000 -0.000000 0.000000 0.433820 -0.134107 -0.171710 -0.000000 -0.003165 -0.190813 -0.613629 0.123945 -0.139740 -0.204507 0.049300 -0.023700 0.061125 -0.000000 0.169702 0.393057 0.360694 -0.077981 -0.000000 -0.301113 0.091432 0.000000 -0.443744 -0.285747 0.058238 -0.000000 -0.016582 -0.000000 -0.017926 0.253589 -0.120149 -0.000000 -0.000000 0.062961 -0.000000 -0.161900 0.000000 0.000000 -0.210752 0.447869 0.000000 0.274232 -0.000000 -0.426458 -0.146217 -0.463150 -0.135903 -0.448303 0.000000 0.240993 -0.150278 -0.031455 -0.300327 0.012748 -0.228109 -0.034088 0.015713 -0.000000 0.216294 -0.000000 -0.697519 -0.000000 -0.107564 -0.615860
  -0.124335 -0.000000 0.232000 -0.000000 -0.207397 0.110803 0.360117 0.456839 -0.231828 -0.034468 -0.000000 -0.082162 -0.034258 -0.222258 -0.547396 -0.000000 -0.514756 -0.458003 -0.000000 0.018972 -0.000000 -0.000000 -0.000000 -0.000000 1.031801 0.079235 -0.000000 -0.073695 -0.498196 -0.000000 0.538212 -0.000000 0.000000 -0.000000 -0.000000 -0.000000 0.467190 0.606052 -0.121655 -0.000000 -0.075081 -0.236992 0.222227 1.389236 -0.129038 -2.032319 -0.383409 0.492861 -0.179827 -0.000000 -0.273449 0.540537 0.147341 0.181848 -0.000000 -0.013859 -0.181679 -0.000000 -0.114686 -0.117570 -0.034740 0.000000 -0.018836 -0.000000 -0.241633 -0.000000 -1.649413 -0.000000 -0.000000 -0.552933 -0.000000 -0.035986 -0.000000 -0.000000 0.000000 0.216948 0.000000 0.059548 -0.000000 0.032679 -0.024468 -0.165566 -0.000023 -0.224747 0.000000 0.000000 -0.392544 -0.265639 -0.025561 0.464419 -0.305171 -0.087848 -0.247166 -0.000000 0.194762 -0.000000 -0.593366 0.000000 -0.241457 -0.469937
  0.042379 -0.000000 0.204497 -0.000000 0.139378 -0.486923 0.345352 -0.398052 0.100843 0.210534 -0.000000 -0.180062 -0.118318 0.243688 0.230950 -0.000000 -0.033275 -1.297042 0.000000 -0.064039 -0.000000 -0.000000 0.068116 0.000000 -0.154903 0.330446 0.000000 -0.123605 0.128050 0.075791 0.022276 -0.000000 -0.000000 0.000000 -0.000000 0.000000 -0.405952 -0.626212 -0.003297 0.000000 0.296038 -0.217618 0.140103 0.089008 0.186867 0.261884 0.229375 0.174870 -0.290737 0.000000 -0.082664 -0.125302 -0.287539 0.143233 0.000000 -0.035696 0.010878 -0.000000 0.109860 -0.631904 0.196575 -0.000000 0.221724 -0.000000 0.158087 -0.360887 0.005295 -0.000000 -0.000000 -0.047024 0.000000 0.073056 -0.000000 -0.000000 0.154047 0.023850 0.000000 -0.071307 0.000000 0.299216 0.019452 -0.206905 0.000002 0.294501 0.000000 0.108822 0.191462 -0.050625 -0.362696 -0.005799 0.297064 0.589803 -0.051418 -0.000000 0.021108 0.000000 0.104259 -0.000000 0.266567 0.040840
  -0.000388 -0.000000 0.078982 -0.000000 -0.201654 -0.031579 -0.069260 0.106889 0.020906 -0.273403 -0.000000 0.030700 0.145354 -0.013321 -0.112664 -0.000000 0.144988 0.051946 0.000000 0.008422 -0.000000 0.000000 0.140444 0.000000 -0.036937 -0.010848 -0.000000 -0.114981 -0.144177 0.167302 -0.228882 -0.000000 -0.000000 0.000000 0.000000 -0.000000 -0.019364 0.018262 0.096004 0.000000 -0.016384 -0.080817 -0.102707 0.001180 0.182036 0.201259 0.105549 0.018970 0.198040 0.000000 0.066987 -0.148354 0.314181 -0.018695 -0.000000 -0.356070 0.307077 -0.000000 -0.007342 0.017723 0.003974 0.000000 -0.138745 -0.000000 0.081059 0.144295 0.106895 0.000000 0.000000 -0.019755 -0.000000 0.071848 -0.000000 -0.000000 0.007182 0.088125 0.000000 0.193596 -0.000000 0.051051 -0.151818 0.056070 -0.159352 -0.080234 0.000000 -0.554587 0.084797 -0.058681 0.015631 0.036043 0.049661 0.118733 0.082410 0.000000 0.183943 -0.000000 -0.066664 0.000000 -0.062870 0.118430
  0.102064 0.000000 0.297783 -0.000000 0.378880 -1.449037 -0.203119 0.204471 0.285950 0.326767 -0.000000 0.208997 -0.023453 0.209350 0.304575 0.000000 0.059502 0.096967 0.000000 0.447294 -0.000000 0.000000 0.049329 0.000000 -0.531066 0.267445 -0.000000 0.282545 0.076822 -0.184612 -0.027316 -0.000000 0.000000 0.000000 0.000000 0.000000 -0.033392 -0.702321 0.365343 -0.000000 0.301313 0.606489 0.100579 -0.205294 0.080748 0.307066 0.176905 -0.800441 0.140952 0.000000 0.188571 0.001218 -0.269158 0.137682 0.000000 0.407776 0.330936 0.000000 0.078158 0.001109 0.055441 0.000000 0.271545 0.000000 0.243079 0.366266 0.224267 -0.000000 0.000000 0.299953 -0.000000 0.510685 -0.000000 0.000000 0.471377 -0.142384 0.000000 0.006013 -0.000000 0.224164 0.406789 0.075247 0.241830 0.334162 0.000000 -0.170074 0.101230 -0.010941 0.153345 -0.109481 0.374455 0.311702 0.077587 0.000000 0.084223 0.000000 0.209891 0.000000 0.306920 0.166559
  0.035704 -0.000000 0.030250 0.000000 -0.016268 0.058813 0.113595 -0.163790 0.042652 -0.188867 -0.000000 -0.261271 -0.049439 -0.027726 -0.061466 -0.000000 -0.035117 0.269748 -0.000000 -0.050018 0.000000 -0.000000 0.187915 -0.000000 0.110668 0.191490 -0.000000 -0.088831 -0.050245 0.129566 0.149440 -0.000000 -0.000000 -0.000000 -0.000000 0.000000 0.093865 -0.396982 0.036383 0.000000 -0.187712 0.185766 0.183363 -0.263921 -0.137969 0.062119 -0.118238 -0.034195 0.017807 -0.000000 -0.106616 -0.121286 -0.121900 0.092466 -0.000000 -0.187222 -0.162852 -0.000000 0.275050 -0.154487 -0.066773 0.000000 -0.040073 0.000000 0.018433 0.030483 0.386685 -0.000000 -0.000000 -0.179809 -0.000000 0.148972 -0.000000 -0.000000 -0.144829 -0.258347 -0.000000 -0.061016 -0.000000 0.195385 0.084710 -0.350777 -0.096661 0.075173 -0.000000 -0.492360 0.220501 0.041110 0.064473 -0.030045 0.104555 0.061504 0.069841 -0.000000 0.050826 -0.000000 0.111416 0.000000 -0.201905 0.284400
  -0.153584 -0.000000 0.366562 -0.000000 0.259246 0.268567 0.085573 0.192907 0.450870 0.233790 0.000000 0.291206 0.127513 0.168848 0.203769 0.000000 0.397340 -0.173104 -0.000000 -0.201550 0.000000 0.000000 -0.063784 0.000000 0.056567 -0.006639 0.000000 0.276256 0.449422 0.104956 -0.018524 -0.000000 -0.000000 0.000000 -0.000000 -0.000000 -0.161559 0.122206 0.330873 -0.000000 0.466775 0.230830 -0.122032 0.022109 0.464831 -0.110196 0.427558 -0.019036 0.104519 0.000000 0.411303 -0.138109 0.295049 -0.077755 0.000000 0.219370 0.001794 -0.000000 0.155066 0.041173 0.144325 -0.000000 0.261790 -0.000000 0.374537 0.273009 0.241783 0.000000 -0.000000 0.272603 -0.000000 0.366814 0.000000 -0.000000 0.117405 -0.248917 0.000000 0.207322 -0.000000 -0.019345 0.430118 0.310631 0.301713 0.155174 -0.000000 -0.068464 0.329869 0.057663 0.163799 -0.092991 0.187692 0.077263 0.222306 -0.000000 0.131164 -0.000000 0.074935 -0.000000 0.324299 -0.013414
  0.544906 -0.000000 -0.094640 0.000000 -0.056041 -0.087599 0.474614 0.125154 0.052073 -0.065066 -0.000000 -0.123443 0.061477 -0.056690 0.014315 -0.000000 -0.101346 0.364429 0.000000 0.161794 0.000000 -0.000000 -0.465550 -0.000000 0.076847 0.009596 -0.000000 -0.074850 -0.046094 0.400235 -0.041141 -0.000000 0.000000 -0.000000 -0.000000 0.000000 -0.069479 -0.050579 -0.070700 -0.000000 -0.097710 0.052448 0.147623 0.270764 0.025444 -0.087861 -0.101319 0.237097 -0.080655 -0.000000 -0.079951 -0.399974 0.006318 -0.082049 -0.000000 -0.070159 0.000466 0.000000 0.108183 -0.035646 0.102448 -0.000000 -0.133524 -0.000000 0.000963 -0.051602 -0.070274 -0.000000 -0.000000 -0.004928 0.000000 -0.003190 0.000000 0.000000 -0.520783 0.088623 0.000000 -0.021876 -0.000000 0.119173 0.074182 0.117896 -0.106689 0.049525 -0.000000 0.483543 -0.034787 0.509779 0.007001 0.009393 -0.148778 -0.123452 -0.112168 -0.000000 0.208210 -0.000000 0.147347 0.000000 -0.073288 0.295911
  -0.557355 -0.000000 -0.200493 0.000000 0.349946 0.021805 -0.185768 -0.186243 0.068406 0.344817 -0.000000 0.154922 0.218251 0.071388 0.175966 -0.000000 -0.010962 -0.002518 0.000000 -0.001389 -0.000000 0.000000 -0.254960 0.000000 -0.479091 0.352399 -0.000000 0.037661 0.176667 -0.087983 -0.244914 -0.000000 -0.000000 -0.000000 -0.000000 -0.000000 -0.047028 0.054174 0.252093 -0.000000 0.116810 0.106875 -0.162595 -0.628169 0.236982 -0.121379 0.371198 -0.552669 0.362265 0.000000 0.356843 0.185789 -0.164171 0.201786 0.000000 0.181211 0.134261 -0.000000 0.201993 -0.010807 0.227404 0.000000 0.266384 -0.000000 0.114412 -0.472889 0.118085 -0.000000 0.000000 0.085099 0.000000 0.298954 -0.000000 0.000000 0.042020 -0.016214 -0.000000 -0.061240 -0.000000 0.195927 0.103760 0.190746 -0.017363 0.021811 0.000000 -2.098634 0.159969 -0.557656 0.258794 -0.113071 0.076422 0.253856 0.207440 -0.000000 0.008147 0.000000 0.490936 -0.000000 0.278058 -0.786514
  -0.561895 -0.000000 -0.481091 0.000000 0.467081 -0.341592 -0.118989 -1.547235 0.658848 0.839051 -0.000000 0.849916 0.243951 0.672478 0.303185 -0.000000 0.670816 -0.049515 -0.000000 0.355632 -0.000000 0.000000 0.668831 0.000000 -0.286251 0.932949 -0.000000 0.253146 0.726128 -0.177995 -0.019587 -0.000000 -0.000000 0.000000 -0.000000 -0.000000 -0.478179 0.605330 0.456680 0.000000 0.456488 0.262403 -0.595595 -0.801092 0.532117 0.279503 0.604989 -0.599139 0.704682 -0.000000 0.479538 0.951020 0.056292 0.872543 -0.000000 0.730391 0.505583 0.000000 0.922870 0.814506 0.772779 0.000000 0.295396 0.000000 0.216562 0.481674 0.482778 0.000000 0.000000 0.699342 0.000000 0.131788 -0.000000 -0.000000 -0.292727 -0.588056 -0.000000 0.278781 -0.000000 0.593971 0.137491 1.193726 0.347653 -0.023015 0.000000 0.421672 0.808583 -0.735412 0.711642 -0.393742 0.391417 0.506674 0.671436 -0.000000 -0.873254 0.000000 -0.206971 0.000000 0.760886 -0.502307
  -0.292709 -0.000000 0.080993 -0.000000 0.022306 0.456224 -0.191336 -0.058712 0.243867 0.091882 0.000000 0.039772 -0.240121 0.061812 -0.115250 0.000000 0.137780 -0.359006 0.000000 0.393497 -0.000000 0.000000 -0.198949 -0.000000 -0.109361 -0.092772 0.000000 -0.036436 0.279252 0.034414 -0.093639 -0.000000 -0.000000 0.000000 0.000000 -0.000000 -0.109175 0.174680 0.105981 -0.000000 -0.026846 0.108012 0.267238 0.151869 0.006536 -0.115422 -0.036796 -0.123360 -0.109557 -0.000000 0.146604 0.627667 0.356905 0.151507 -0.000000 0.298288 0.218533 0.000000 -0.035171 0.034325 0.124886 -0.000000 0.151290 0.000000 0.094880 0.355895 0.134500 -0.000000 0.000000 0.140436 -0.000000 0.076994 0.000000 0.000000 -0.033276 0.154354 -0.000000 0.510071 -0.000000 -0.135034 -0.014619 0.008212 0.241609 -0.068411 -0.000000 -0.044319 0.098565 -0.128057 0.073779 -0.082386 -0.068666 0.097693 0.014621 -0.000000 0.192108 0.000000 0.132143 -0.000000 0.172826 -0.232888
  0.045429 -0.000000 -0.143567 0.000000 0.048953 0.644324 0.069919 -0.294410 0.107520 0.051702 -0.000000 -0.135115 -0.121120 0.074347 0.188886 0.000000 0.108980 0.256172 0.000000 0.563130 -0.000000 0.000000 -0.076360 0.000000 0.299244 0.017666 -0.000000 -0.068041 -0.055709 -0.083370 0.057632 -0.000000 0.000000 -0.000000 -0.000000 0.000000 0.101949 -0.457218 0.277311 -0.000000 -0.045908 0.373851 0.150701 -0.030874 -0.114063 0.186352 -0.101540 -0.005753 0.097621 0.000000 0.022088 0.361403 0.710546 0.045581 0.000000 0.075028 -0.299556 -0.000000 0.201940 0.099989 0.079945 0.000000 0.112731 0.000000 0.253546 -0.032568 -0.074019 0.000000 -0.000000 0.138459 -0.000000 0.118967 -0.000000 0.000000 0.123289 -0.006352 -0.000000 0.436472 0.000000 0.120844 0.158075 0.118739 -0.068708 0.313901 -0.000000 0.035181 -0.088563 -0.075024 0.000430 0.146849 0.200760 0.231692 0.090793 -0.000000 0.242085 0.000000 0.130145 0.000000 0.216992 0.014194
  0.025583 -0.000000 -0.021426 -0.000000 0.047944 -0.008301 0.044712 0.067870 0.150348 -0.016051 -0.000000 0.231899 -0.014378 -0.062525 -0.031518 0.000000 0.125399 -0.011920 -0.000000 -0.018292 0.000000 0.000000 0.045159 -0.000000 0.121931 -0.132412 0.000000 -0.080592 0.138854 0.187830 -0.113522 -0.000000 0.000000 -0.000000 -0.000000 -0.000000 0.026874 0.059514 0.168816 -0.000000 0.217970 -0.021279 0.096456 0.063653 0.051443 0.051674 0.208647 -0.091250 -0.081304 0.000000 -0.007799 -0.216550 -0.024875 -0.057916 -0.000000 -0.159171 -0.099666 0.000000 -0.072870 -0.070015 -0.012709 0.000000 0.200783 0.000000 0.127014 -0.063947 0.031510 0.000000 -0.000000 0.153832 0.000000 -0.048962 -0.000000 -0.000000 0.016163 -0.067136 0.000000 0.002055 -0.000000 -0.155961 0.128800 -0.008496 0.156078 0.090585 -0.000000 0.013854 -0.123170 -0.160340 -0.042003 -0.043263 -0.154870 -0.002679 0.183028 0.000000 0.081241 0.000000 -0.220181 -0.000000 0.005278 0.213999
  -0.632401 -0.000000 -0.001912 -0.000000 0.313500 0.077910 -0.035930 -0.012900 0.139245 0.112833 -0.000000 0.050511 0.055715 0.073440 0.235767 -0.000000 0.201059 0.008539 0.000000 0.317109 -0.000000 0.000000 -0.096385 0.000000 -0.056317 0.035538 -0.000000 -0.021858 0.086829 0.166435 -0.109921 -0.000000 0.000000 0.000000 -0.000000 -0.000000 -0.108243 0.203385 0.237455 -0.000000 0.028483 0.268630 -2.272940 -0.397920 0.085470 -0.080956 0.244765 -0.172357 0.118689 -0.000000 0.261445 0.184061 0.286326 0.052467 -0.000000 0.173329 -0.107628 0.000000 0.110926 0.027509 0.177976 0.000000 0.102559 0.000000 0.021070 -0.000611 0.054885 -0.000000 -0.000000 0.125239 -0.000000 0.278985 0.000000 0.000000 -0.309941 -0.072842 -0.000000 0.048020 0.000000 -0.044696 0.149100 0.180568 0.000048 0.071851 -0.000000 -0.551460 0.186383 -0.647964 0.068019 0.103018 0.196187 0.284831 0.136287 0.000000 -0.172661 -0.000000 -0.842871 0.000000 0.218848 -1.355959
  0.078708 -0.000000 0.129233 -0.000000 0.129561 0.425649 0.144094 -0.011843 0.154285 0.123690 -0.000000 0.048355 0.012620 0.195709 0.049750 -0.000000 0.212156 0.128172 -0.000000 0.121144 0.000000 0.000000 0.027829 0.000000 0.057795 0.058944 -0.000000 0.219433 0.174282 0.121634 -0.128001 -0.000000 0.000000 -0.000000 0.000000 -0.000000 0.175928 0.052143 0.196083 0.000000 0.268269 0.208637 0.144236 0.075926 0.217762 -0.093877 0.164195 0.054636 0.308211 -0.000000 0.124160 -0.041187 -0.053790 0.124646 0.000000 0.141280 -0.018221 0.000000 0.199760 0.190758 0.227998 -0.000000 0.115863 0.000000 0.091956 0.205221 0.266309 -0.000000 -0.000000 0.060255 -0.000000 0.127610 0.000000 -0.000000 0.113484 0.003263 0.000000 0.281328 -0.000000 0.210670 0.253981 0.238161 -0.003068 0.066058 0.000000 -0.158563 0.270812 0.118314 0.213148 0.055448 0.003280 -0.073675 0.063679 0.000000 -0.078306 -0.000000 0.151089 -0.000000 0.206103 0.164410
  0.173414 -0.000000 -0.058745 0.000000 -0.038753 -1.708372 0.467174 -0.469448 -0.077184 -0.111274 -0.000000 -0.114775 0.464089 -0.146708 -0.079573 -0.000000 0.024235 0.033905 0.000000 -0.300802 -0.000000 -0.000000 0.071310 -0.000000 0.079532 0.279644 -0.000000 -0.344911 -0.173944 -1.087539 -0.015489 0.000000 -0.000000 0.000000 0.000000 0.000000 -0.323587 0.041831 -0.280452 -0.000000 -0.172869 -0.566772 0.128099 0.313457 -0.088890 -0.153791 -0.390600 0.185140 -0.106824 0.000000 -0.118105 0.240577 -0.212229 0.132233 0.000000 -0.199560 0.223595 -0.000000 0.019205 -0.123195 -0.148748 -0.000000 -0.085361 -0.000000 0.016128 0.006001 -0.157517 0.000000 -0.000000 -0.251810 -0.000000 -0.183601 -0.000000 -0.000000 -0.179209 0.369485 0.000000 -0.194986 -0.000000 -0.082800 -0.203574 0.402208 -0.000000 -0.141902 0.000000 -0.220552 -0.107590 0.327484 -0.007165 -0.360284 -0.041787 -0.520442 -0.288416 0.000000 0.022919 0.000000 0.171962 -0.000000 -0.110151 0.120695
  -0.128790 -0.000000 -0.196135 -0.000000 -0.098700 0.210955 -0.400589 -0.194635 -0.138401 -0.032005 0.000000 0.161381 0.231837 0.155040 0.336440 -0.000000 -0.046386 0.114833 0.000000 0.347989 -0.000000 -0.000000 -0.077060 -0.000000 0.416890 -0.251063 0.000000 -0.010053 0.154528 -0.050030 -0.980784 -0.000000 -0.000000 -0.000000 -0.000000 0.000000 -0.227935 0.002456 -0.226134 0.000000 0.102286 -0.349917 -0.439157 -0.063898 -0.046730 -0.106836 -0.096193 0.131590 0.147278 0.000000 -0.047630 0.254925 -0.068941 0.126450 -0.000000 -0.072675 0.165717 0.000000 -0.123271 -0.254655 -0.209494 -0.000000 0.061583 0.000000 0.167992 0.008355 -0.050771 -0.000000 -0.000000 -0.253158 0.000000 -0.357015 -0.000000 0.000000 0.160983 0.222593 0.000000 0.050999 -0.000000 0.199401 -0.028836 -0.570409 -0.030111 -0.173687 -0.000000 0.297992 -0.087296 0.025454 0.177662 -0.826194 0.034298 0.089239 -0.042852 0.000000 -0.272916 -0.000000 -0.611678 -0.000000 -0.064095 -0.475955
  0.022959 -0.000000 0.136053 0.000000 0.024862 -0.022095 0.082508 0.050310 0.370379 0.085693 -0.000000 0.214099 0.060667 0.226106 0.137920 -0.000000 0.202903 0.118087 -0.000000 -0.131216 -0.000000 0.000000 -0.074189 0.000000 0.213444 -0.146347 0.000000 0.266154 0.392135 0.245365 0.180317 -0.000000 0.000000 0.000000 -0.000000 -0.000000 0.283680 0.266332 0.337154 -0.000000 0.208176 -0.012965 -0.162695 0.009001 0.177495 0.118033 0.204318 0.026524 0.092588 0.000000 0.257405 0.062514 -0.071755 -0.117578 0.000000 0.156831 -0.253841 -0.000000 0.244658 -0.004155 0.279142 0.000000 0.217311 -0.000000 0.405244 0.041978 0.315859 -0.000000 0.000000 0.008939 -0.000000 0.101952 0.000000 -0.000000 0.163787 -0.304786 -0.000000 -0.087406 -0.000000 0.135365 0.043349 -0.078361 0.093981 0.125913 -0.000000 -0.089430 0.259760 -0.000597 0.264305 0.105510 0.115153 0.252602 0.372202 0.000000 0.177229 -0.000000 0.047849 0.000000 0.132900 0.068022
  -0.272417 -0.000000 -0.016819 0.000000 0.232450 0.258079 0.083190 -0.144086 0.123866 0.129527 -0.000000 0.121061 0.111720 0.103832 0.062565 0.000000 0.045144 0.004775 0.000000 0.192342 0.000000 0.000000 -0.092428 -0.000000 -0.022538 0.120565 0.000000 0.060037 0.246442 0.025294 -0.022607 -0.000000 -0.000000 -0.000000 -0.000000 -0.000000 -0.106416 -0.038833 0.111265 -0.000000 0.216836 0.241856 -1.530835 0.151618 0.110463 0.131699 0.183984 -0.048396 -0.046786 -0.000000 0.303504 0.250776 0.187098 0.104334 -0.000000 0.050565 0.009476 0.000000 0.156443 0.039765 0.033715 -0.000000 0.111230 0.000000 0.139067 0.078762 0.120156 0.000000 0.000000 0.143450 -0.000000 0.103460 0.000000 -0.000000 0.000000 0.088730 -0.000000 0.027232 0.000000 0.194620 0.376024 -0.059145 -0.102283 0.248723 0.000000 -0.131650 0.060712 -0.288538 0.008685 -0.052997 0.002501 0.262482 0.169436 -0.000000 -0.058693 0.000000 -1.019369 -0.000000 0.149059 -1.004419
  -0.083933 0.000000 0.200392 -0.000000 0.136108 0.143541 0.101106 0.228846 -0.176637 -0.016671 -0.000000 -0.101694 -0.246991 -0.335982 -0.299498 0.000000 -0.129097 -0.080578 -0.000000 -0.077250 0.000000 -0.000000 -0.076792 -0.000000 0.129130 -0.171221 0.000000 -0.068180 -0.122532 0.227030 0.108197 -0.000000 0.000000 0.000000 -0.000000 -0.000000 0.186891 0.022022 0.083583 0.000000 -0.271492 0.197528 -0.032482 0.218191 -0.016477 0.183245 0.162949 -0.062257 0.006456 -0.000000 -0.062140 0.007309 -0.039898 0.033957 0.000000 -0.313613 -0.044961 -0.000000 -0.019428 0.053992 -0.283245 -0.000000 -0.138299 0.000000 -0.123280 0.147114 0.302186 0.000000 0.000000 0.056694 0.000000 0.062633 -0.000000 0.000000 -0.038008 0.218457 0.000000 0.417709 0.000000 -0.332443 -0.051336 0.094667 -0.217435 -0.183905 0.000000 -0.054151 -0.003372 -0.123235 -0.105975 0.251913 -0.133078 -0.049441 -0.267171 0.000000 0.038033 -0.000000 0.044520 -0.000000 -0.107643 -0.049602
  -0.013673 -0.000000 0.044478 0.000000 0.325907 0.855911 0.138311 0.186053 0.214644 -0.049809 -0.000000 0.400913 0.036974 -0.079258 0.062747 0.000000 0.293699 0.117199 0.000000 -0.108443 0.000000 0.000000 -0.166713 -0.000000 -0.040568 0.021639 -0.000000 0.175001 0.132274 0.094584 -0.203619 -0.000000 0.000000 0.000000 -0.000000 -0.000000 -0.209853 0.031740 0.218519 0.000000 0.273635 0.344272 0.038680 0.131728 0.170093 -0.035331 0.415052 -0.009376 -0.084083 -0.000000 0.460930 0.206926 0.107707 -0.048866 -0.000000 0.177443 -0.146820 0.000000 -0.059753 -0.002276 0.148117 -0.000000 0.312176 -0.000000 0.450269 0.299677 0.357248 -0.000000 0.000000 0.319962 0.000000 0.392008 -0.000000 0.000000 -0.075444 -0.115153 -0.000000 0.508556 -0.000000 -0.219235 0.485344 0.456166 0.013444 0.182572 0.000000 -0.184663 0.098936 0.007455 0.074406 -0.237180 -0.038141 -0.045153 0.312755 -0.000000 0.037745 -0.000000 0.115541 -0.000000 0.133287 -0.051319
Biases:
  0.108561 -0.005333 0.017676 -0.120630 -0.304899 -0.173779 0.359764 0.015405 -0.252676 -0.275104 -0.000930 -0.327939 0.090101 -0.215737 -0.185947 -0.068726 -0.057965 0.296894 -0.113998 0.134138 -0.062085 -0.132461 -0.133485 -0.413507 0.397160 0.156938 -0.040294 -0.222311 -0.200557 0.338360 0.169113 -0.004127 -0.096089 -0.150085 -0.071017 -0.103122 0.195284 -0.159244 -0.089771 -0.083223 -0.150294 -0.189850 0.169212 0.331188 -0.049051 0.308865 -0.332972 0.247568 0.236832 -0.154495 -0.177360 -0.524001 -0.107651 -0.167839 -0.006577 -0.195321 0.228985 -0.006743 0.053911 -0.085858 -0.091439 -0.017918 -0.246194 -0.047786 -0.165965 -0.303549 0.446444 -0.052463 -0.066701 -0.145254 -0.117395 -0.255406 -0.129506 -0.131145 -0.112181 0.052348 -0.072009 0.025415 -0.132261 -0.112383 -0.061641 0.336465 -0.352315 -0.058248 -0.056236 0.104054 0.078674 0.232091 -0.295231 0.182086 -0.109797 -0.242711 -0.216693 -0.030225 0.242912 -0.153277 0.079180 -0.135637 -0.235913 0.079857
Weight range: -5.995277 to 3.454270
Bias range: -0.524001 to 0.446444

--- Layer 3 ---
Number of nodes: 2
Weights:
  0.502204 -0.882923
  -0.000000 0.000000
  -0.202538 -0.577782
  0.000000 0.000000
  -0.316811 0.327930
  0.994139 -1.684311
  0.705903 -0.252303
  -0.168660 -0.904831
  -0.019433 0.055452
  0.154810 0.153923
  0.000000 0.000000
  -0.167461 0.151024
  -0.069279 0.348176
  0.054316 0.149099
  -0.089738 0.022566
  0.000000 -0.000000
  -0.379288 0.493058
  0.391249 -0.641318
  0.000000 0.000000
  -0.209316 -0.503877
  0.000000 -0.000000
  -0.000000 -0.000000
  -0.270491 -0.019740
  0.000000 -0.000000
  2.500983 -0.587530
  0.058110 0.123562
  0.000000 0.000000
  -0.097947 -0.086793
  -0.425054 0.361872
  1.279514 -0.701139
  -0.420791 -0.472921
  -0.000000 0.000000
  0.000000 -0.000000
  -0.000000 -0.000000
  0.000000 0.000000
  0.000000 0.000000
  -0.034264 -0.715937
  0.754667 0.119888
  -0.133298 0.002307
  -0.000000 -0.000000
  -0.056862 0.071707
  -0.408135 -0.047828
  -0.265101 -0.434443
  0.590678 -0.775387
  -0.017693 0.093338
  -0.729130 0.107061
  -0.407090 0.163917
  1.346091 -0.593757
  0.243171 0.322280
  0.000000 -0.000000
  -0.117237 0.044156
  0.495744 0.476264
  -0.274706 -0.394860
  0.051313 0.017711
  -0.000000 -0.000000
  -0.229737 0.939055
  0.645321 -0.042532
  0.000000 -0.000000
  0.100040 0.235047
  0.120401 0.525724
  0.035768 0.055566
  0.000000 0.000000
  -0.129940 0.124589
  -0.000000 -0.000000
  -0.120057 0.060209
  -1.131491 0.024262
  -0.235417 1.064010
  0.000000 -0.000000
  0.000000 -0.000000
  -0.103476 0.016704
  0.000000 -0.000000
  -0.308168 -0.048819
  -0.000000 0.000000
  0.000000 -0.000000
  -1.503273 -1.862982
  0.277940 -0.332860
  -0.000000 0.000000
  0.396318 -0.380861
  -0.000000 -0.000000
  0.044567 0.195246
  -0.323127 -0.115177
  0.129307 0.273124
  0.166982 -0.023637
  -0.082622 0.021217
  0.000000 0.000000
  1.137390 0.985260
  0.043721 0.120063
  0.241233 -0.513611
  -0.057430 0.087994
  0.230992 -0.606215
  -0.032658 0.092499
  -0.207766 0.472994
  -0.059259 0.108375
  0.000000 -0.000000
  -1.170289 0.267600
  0.000000 -0.000000
  0.329870 -0.515929
  0.000000 -0.000000
  -0.074950 0.418045
  0.047942 -0.403545
Biases:
  0.064656 0.091493
Weight range: -1.862982 to 2.500983
Bias range: 0.064656 to 0.091493

