=== Artificial Neural Network Parameters ===

Number of layers (including input & output): 4
Layer sizes: (200, 100) (hidden), output=2

Activation function: relu

--- Layer 1 ---
Number of nodes: 200
Weights:
  -0.000000 0.000001 0.000000 0.000000 -0.000000 -0.000000 -0.000001 0.000001 0.000000 0.000000 -0.000001 0.000001 0.000000 -0.000000 -0.000000 -0.000000 -0.000000 0.000000 -0.000000 -0.000000 0.000000 -0.000001 -0.000000 -0.000000 -0.000000 0.000000 -0.000000 0.000000 0.000000 -0.000001 0.000000 -0.000000 -0.000001 0.000001 0.000001 0.000000 -0.000000 -0.000001 0.000000 -0.000000 -0.000001 -0.000000 -0.000001 0.000001 -0.000000 0.000000 -0.000000 0.000000 0.000000 -0.000000 0.000001 0.000000 0.000001 0.000001 0.000000 0.000001 -0.000001 -0.000000 -0.000001 -0.000000 -0.000000 -0.000000 0.000000 -0.000000 -0.000000 0.000000 -0.000001 0.000000 -0.000001 0.000001 0.000000 -0.000000 -0.000001 0.000000 0.000000 0.000000 0.000000 -0.000001 -0.000000 -0.000001 0.000001 0.000000 -0.000000 -0.000001 -0.000000 -0.000000 0.000000 0.000000 0.000001 -0.000000 -0.000001 0.000000 0.000000 0.000000 0.000000 -0.000000 0.000000 -0.000000 -0.000001 -0.000001 -0.000001 0.000000 -0.000000 0.000000 0.000001 -0.000000 -0.000000 0.000000 -0.000000 -0.000001 -0.000000 -0.000000 0.000001 0.000000 0.000000 0.000001 0.000000 -0.000000 0.000001 0.000000 0.000000 0.000001 -0.000000 -0.000001 -0.000000 -0.000000 0.000000 0.000001 -0.000001 0.000000 -0.000000 -0.000000 -0.000001 -0.000000 0.000001 -0.000000 0.000000 0.000000 -0.000000 0.000001 0.000001 -0.000000 -0.000000 -0.000000 -0.000000 -0.000001 0.000000 0.000000 -0.000001 -0.000000 0.000001 -0.000000 -0.000001 -0.000000 0.000001 -0.000000 0.000000 0.000000 -0.000000 0.000000 -0.000000 0.000000 0.000000 0.000000 -0.000001 0.000000 -0.000000 -0.000000 -0.000001 0.000000 0.000000 -0.000001 0.000000 -0.000000 0.000000 -0.000000 0.000000 -0.000000 0.000001 -0.000001 -0.000000 -0.000001 0.000001 0.000001 -0.000000 0.000000 0.000000 0.000000 0.000000 -0.000000 -0.000001 0.000001 0.000001 0.000000 -0.000000 -0.000000 0.000000 0.000001 0.000001 0.000000
  -0.010024 -0.152997 -0.126591 0.148232 0.033505 -0.135041 -0.096003 0.059061 -0.153477 -0.164987 0.116635 0.057192 0.091309 -0.100916 0.018266 -0.111792 -0.035721 0.100453 0.202553 0.135706 0.062070 0.064911 -0.394176 -0.073679 -0.136691 -0.082453 0.296404 0.032002 0.158802 0.042499 0.130739 0.055921 0.000000 0.030025 -0.102908 0.125246 -0.046514 -0.167811 0.062660 -0.081685 0.116313 0.176945 0.140252 0.007752 -0.214261 0.155131 0.082259 0.182292 0.217132 0.120955 -0.065350 -0.117657 0.232901 -0.095985 -0.192147 0.031411 0.162193 0.034336 -0.000054 -0.187200 0.018736 0.158535 -0.110077 0.002929 0.088800 0.083820 0.062103 0.063958 -0.056152 -0.093760 0.097894 0.086750 0.130350 0.179107 0.000000 0.040125 0.103028 0.045269 0.070961 0.050772 0.140381 -0.055141 -0.000000 -0.208064 0.022174 -0.196250 -0.013581 0.047185 -0.092808 0.028844 -0.274917 -0.121878 0.161727 -0.058097 -0.220127 0.091850 0.090199 -0.151804 0.129220 -0.103970 -0.220457 0.000000 0.029394 0.029159 0.098665 0.216730 0.031484 -0.002922 0.114736 -0.182267 0.001724 -0.157317 -0.163294 0.176360 0.103079 0.010403 -0.098500 -0.017247 -0.066444 -0.108329 0.037218 0.105775 0.031426 -0.124450 0.159456 0.172235 0.007067 0.041210 0.020087 -0.094342 -0.002605 0.088440 -0.161790 -0.190093 -0.258553 -0.131670 0.193533 0.150880 -0.000000 -0.212584 0.084849 0.005104 -0.076958 -0.091969 -0.050789 0.075988 0.049944 -0.122615 -0.014696 0.053035 0.015913 0.137700 0.087236 -0.151490 -0.132121 0.034764 -0.230602 0.038663 0.160400 0.010437 -0.082974 0.003756 0.050279 0.028602 0.130653 -0.121498 0.141502 0.159354 -0.094287 -0.136075 -0.107420 -0.129211 -0.155580 0.079705 -0.134970 -0.049918 0.135629 -0.208747 0.136281 -0.071040 -0.110452 0.090128 0.039169 0.155388 0.052594 0.062803 -0.077456 -0.052089 0.140877 0.014285 0.208871 -0.065453 -0.207168 0.060529 0.004120 0.198884 0.102915 -0.031496 0.044588 0.078300
  -0.087780 0.187063 0.018576 0.083493 -0.036283 0.212339 -0.017512 -0.174206 0.106600 -0.157073 0.027683 0.118619 0.212331 0.081186 0.023521 -0.076678 -0.048144 -0.023915 -0.018742 0.143679 0.128324 0.203354 -0.152376 0.057418 -0.160310 0.047985 -0.000507 0.133821 0.032032 -0.097696 -0.107806 0.079105 0.000000 -0.176775 -0.148109 0.201358 -0.060410 0.103524 0.074120 -0.151202 -0.228486 0.132464 -0.027608 -0.004972 0.013039 0.081574 0.193948 0.063675 -0.048153 -0.149273 0.120552 -0.027218 0.020183 0.062816 -0.161320 -0.052669 -0.238683 -0.041868 -0.183714 -0.182435 -0.035338 -0.043324 0.050043 0.015234 0.162021 0.018034 -0.096661 0.215350 -0.094886 0.125289 -0.191868 0.117773 -0.122025 0.276961 0.000000 0.138714 -0.109307 0.007115 0.255251 -0.033641 0.084772 0.132267 -0.000000 -0.035420 -0.018589 0.174401 -0.170354 -0.099566 0.149618 0.126046 -0.027079 0.080863 -0.034926 -0.107452 0.015506 -0.074848 0.008888 -0.189487 0.231554 0.190131 0.133205 0.000000 -0.087652 0.083438 0.056634 -0.169339 0.190343 0.033420 0.192518 0.089476 0.015300 -0.065863 0.110477 0.134377 -0.161126 -0.145171 -0.050276 0.064194 0.142944 -0.110408 0.093468 -0.005227 0.176689 0.084369 0.152080 -0.040142 -0.005426 -0.013229 -0.130616 0.138367 0.110386 0.171006 0.174161 -0.044297 0.167117 0.144419 0.244464 -0.103196 -0.000000 -0.104558 0.308899 0.016198 -0.052576 0.074564 0.075756 -0.079384 -0.134776 0.075317 0.027482 0.224719 0.012035 0.090172 -0.004292 -0.004519 0.108470 0.001060 -0.116017 -0.205940 0.037093 0.003432 0.065349 -0.092650 -0.128453 -0.124348 -0.069748 0.084823 0.011315 -0.045687 0.144564 -0.040830 0.047365 0.130123 0.002920 0.124616 0.069058 0.242050 -0.107059 0.162022 -0.026728 -0.078774 -0.005454 0.265619 -0.022850 -0.127925 0.026953 -0.045863 -0.103443 -0.130958 -0.209367 -0.034044 -0.142403 0.094742 -0.158105 -0.032186 0.190984 -0.030153 0.065608 -0.130825 -0.157015 -0.165975
  -0.057912 -0.104233 -0.094672 -0.186346 -0.134614 0.021288 -0.097986 -0.051884 -0.012108 0.040874 -0.082890 0.107873 -0.024729 -0.119477 0.100950 0.119881 -0.097143 -0.134948 0.109011 0.087460 -0.082685 -0.063094 0.035370 -0.056900 0.098908 -0.060478 -0.014806 0.080644 -0.111644 -0.041757 -0.000974 0.122981 0.000000 0.004040 -0.055077 0.010752 0.063424 -0.083862 -0.020413 -0.002134 -0.145323 -0.002778 -0.064444 -0.031392 -0.120841 0.093290 0.020878 0.009802 0.072506 0.025503 -0.189553 -0.006972 -0.005805 0.020994 0.021388 -0.136122 -0.049171 -0.000487 0.026475 0.021184 -0.054573 0.176115 0.065463 -0.115548 -0.111884 -0.095496 -0.075348 -0.044048 -0.066410 -0.019999 -0.039640 0.070909 -0.105373 0.018158 -0.000000 0.132212 -0.171412 0.008980 0.116735 0.084786 0.066609 -0.124379 -0.000001 0.030764 0.134054 0.078965 0.045398 -0.090872 0.070597 -0.178217 0.001576 0.000507 0.043924 -0.059214 -0.058143 0.000811 -0.085750 0.031812 -0.100015 0.002897 0.010476 -0.000001 0.003698 -0.055468 -0.124578 0.141212 -0.068666 0.050671 -0.037338 0.058863 -0.002301 0.027962 -0.009356 -0.003694 -0.016432 0.078802 0.065788 0.110997 -0.118956 0.121649 0.125864 -0.123119 -0.112031 0.116669 0.009488 0.082088 -0.141019 0.045570 -0.048804 -0.136018 -0.125456 0.067027 0.031135 0.004635 -0.098114 0.133863 0.022314 0.104949 -0.000000 0.017302 0.014423 -0.106373 0.045591 -0.000691 -0.140617 0.141217 -0.030229 0.000246 0.142013 0.020134 -0.120037 0.142286 0.020172 -0.040645 -0.127060 0.016357 0.020874 -0.001712 0.090603 0.080372 -0.127376 -0.042747 -0.020610 0.050459 -0.105540 -0.020201 0.147269 0.135605 -0.058977 0.060042 -0.174540 0.122861 -0.112471 -0.023432 0.091811 -0.061432 -0.037098 0.019919 0.074620 0.064154 0.077117 0.009540 -0.132621 -0.001585 -0.117014 0.075588 0.075459 -0.041171 0.019957 0.059013 -0.107946 0.016873 0.022058 0.028544 -0.095704 0.085264 0.100340 0.054040 0.011340 0.201771
Biases:
  0.012911 -0.149596 0.011748 0.069645 -0.087770 0.185745 0.110713 0.074861 -0.041516 -0.156465 0.205115 0.082745 -0.180405 0.151354 0.083485 -0.018522 0.024604 -0.044516 -0.148077 -0.062132 0.170648 -0.178399 -0.055470 -0.055810 -0.061077 0.127795 -0.032961 -0.104958 0.076035 -0.049374 -0.200173 -0.071396 -0.123185 -0.154998 0.013945 -0.039838 0.207364 -0.058216 0.076286 0.003814 -0.202841 0.044965 -0.140750 0.077891 -0.157832 -0.128936 -0.216966 0.091554 -0.077741 -0.022637 -0.155400 0.049142 -0.054370 0.117077 -0.159670 -0.159700 -0.200735 -0.049155 0.008007 -0.183017 0.097517 -0.015581 -0.026016 -0.073098 -0.036324 0.008238 -0.196237 -0.154433 0.087201 0.185906 -0.129364 -0.081328 -0.042433 -0.066674 -0.162791 -0.162575 0.141749 0.045869 -0.274465 -0.160330 -0.134593 0.062029 -0.178621 -0.095577 0.102649 -0.130683 0.081439 -0.108335 -0.229603 -0.078363 0.053656 0.151784 0.137950 -0.033327 0.053738 -0.140076 -0.104172 0.040661 -0.175098 -0.200842 -0.098737 -0.171271 -0.141795 0.032428 -0.049799 0.137172 0.141425 -0.076179 -0.129082 -0.117294 0.015002 -0.132512 0.032045 0.044558 -0.010758 -0.132559 -0.138278 0.123628 0.084852 -0.192181 0.113114 -0.020304 0.185096 0.117505 0.008211 -0.127114 -0.116039 -0.008423 -0.085220 -0.108474 -0.178487 0.027759 0.206356 0.006437 -0.141809 -0.149301 -0.178852 0.111126 -0.131110 -0.032897 0.055895 -0.068175 0.045051 0.137973 -0.112257 -0.287113 -0.137634 0.147703 0.141767 -0.036424 -0.031768 0.023300 -0.135155 0.164660 -0.028601 -0.062059 -0.044381 -0.198471 -0.126983 0.039986 -0.173765 0.014419 -0.157310 -0.105299 -0.111494 -0.037764 0.106213 -0.123600 0.021041 -0.073048 0.081324 0.180677 0.047108 -0.090779 -0.171585 -0.102978 -0.012417 -0.135202 -0.079422 0.023580 -0.104784 0.069064 -0.112017 -0.236697 0.104277 -0.001778 0.030351 -0.042046 -0.157829 0.035354 0.102218 0.080957 -0.145400 0.045144 -0.085817 -0.175464 0.130209 -0.166677 0.106203 -0.052871
Weight range: -0.394176 to 0.308899
Bias range: -0.287113 to 0.207364

--- Layer 2 ---
Number of nodes: 100
Weights:
  -0.246106 0.000000 0.133701 0.000000 0.102782 -0.007818 0.069171 0.093713 -0.024358 -0.000000 -0.000196 0.154406 0.129250 -0.000001 0.000000 0.000001 -0.000071 0.015374 0.000001 -0.391374 0.048318 0.020219 0.120782 0.127466 0.122863 -0.017764 0.000000 0.108050 -0.070766 0.108258 -0.133966 0.046532 -0.063652 -0.000001 -0.000000 0.000000 -0.037483 0.074290 -0.088153 -0.000000 0.034961 0.101247 -0.056479 -0.340143 0.107824 0.046622 -0.074633 -0.005572 0.086166 -0.000001 0.169200 0.000000 0.122318 0.108773 0.145821 -0.021968 0.087031 -0.277756 -0.001414 0.027228 0.127909 0.000001 0.060355 -0.000000 0.011197 -0.001119 -0.122392 -0.280845 -0.032746 -0.039045 -0.000000 -0.078245 -0.000001 -0.000001 0.154795 -0.253976 -0.000000 0.074397 -0.000000 0.136914 0.073391 -0.106330 -0.025360 0.139496 0.000001 -0.000000 -0.081743 -0.458688 0.157783 -0.064164 0.121436 0.051454 0.044934 -0.000003 -0.053595 -0.043562 -0.094846 -0.000000 0.146604 -0.027214
  -0.285938 0.000001 0.079640 0.000001 0.000001 -0.000008 -0.000000 0.054015 0.103046 -0.000000 -0.000090 -0.048649 -0.000006 0.000000 0.000000 0.000000 -0.000031 0.113561 -0.000000 -0.104764 0.000001 0.131146 0.105206 0.122812 0.094702 0.021380 -0.000001 -0.444143 0.000713 -0.000000 0.000000 -0.015643 -0.387439 -0.000000 0.000000 -0.000001 -0.016721 0.030023 0.005142 0.000000 0.116661 -0.018974 -0.098982 0.011360 -0.031096 0.081952 -0.017107 -0.000362 0.000012 0.129775 -0.021690 0.000000 -0.086610 0.000001 0.018922 0.078498 -0.121190 0.000000 0.135349 0.057219 0.146871 -0.000001 -0.011187 0.000000 -0.090389 -0.000382 0.110284 -0.000000 -0.141770 -0.130653 0.000000 0.129306 0.000000 -0.000000 -0.023616 0.000000 0.000000 -0.141782 0.000000 0.032978 0.114133 -0.236725 -0.081190 0.134614 -0.000000 0.000001 0.000000 -0.261415 -0.040300 0.032417 -0.082282 0.006113 -0.026994 -0.080715 -0.152283 0.000000 0.000003 0.000001 0.137781 0.029130
  -0.271192 -0.000001 -0.116635 -0.000000 0.050343 0.202626 0.071045 0.009500 -0.077212 0.000001 -0.000121 -0.024539 -0.102291 0.000000 0.000000 -0.000000 -0.000006 0.006252 0.000000 -0.071507 0.079605 -0.097611 -0.009756 0.161663 0.005923 0.063322 -0.000000 -0.041969 0.147807 -0.029738 0.037956 -0.057354 -0.023368 -0.000001 0.000000 -0.000000 0.105870 0.041966 0.155114 -0.000000 0.131545 0.109629 0.053544 0.100636 0.111033 0.052454 -0.047578 -0.006796 0.097631 0.037515 -0.020577 -0.000000 -0.085124 -0.117192 0.039291 -0.002118 -0.087724 0.124704 -0.181111 0.013123 -0.038591 0.000000 -0.018763 -0.000000 -0.116364 -0.001038 -0.056616 -0.000000 0.055074 -0.039961 0.000000 0.116810 0.000000 -0.000001 -0.015047 -0.000000 -0.000000 0.142241 -0.000000 0.024664 0.049214 0.019554 0.020076 -0.115398 -0.000000 -0.000000 -0.000001 -0.065187 -0.123860 -0.126091 -0.006524 -0.079144 0.056829 -0.241934 0.095372 -0.322748 -0.095447 -0.000001 0.021469 0.081731
  -0.090578 0.000001 -0.092130 0.000000 0.109827 0.136471 0.025033 0.005142 -0.013701 0.000000 -0.000229 0.130302 -0.129397 0.000000 -0.000000 0.000000 -0.000399 0.079038 -0.000001 -0.101079 -0.092897 -0.097779 0.100849 -0.083091 0.053033 -0.117718 -0.000000 0.054724 0.021806 -0.023932 -0.020979 -0.216944 -0.381320 0.000001 0.000001 0.000000 -0.075728 -0.251771 -0.060554 -0.000001 -0.040050 -0.007179 0.083508 0.038814 0.084944 0.024603 -0.042105 -0.007286 0.098596 -0.368329 0.127934 0.000000 -0.070283 -0.049672 0.036112 0.148934 0.091526 -0.188353 0.106904 0.079605 0.158131 -0.000000 0.030235 0.000000 0.134503 -0.000908 -0.123196 -0.078123 -0.412584 -0.035423 0.000001 -0.118467 0.000000 -0.000000 -0.039603 0.065608 -0.000000 0.057346 -0.000000 0.056430 -0.080440 -0.039896 0.172998 -0.014700 0.000000 -0.000000 0.063721 -0.126583 0.097381 0.025818 -0.032152 -0.097787 -0.129340 0.011605 -0.049279 0.117472 -0.001740 -0.000000 0.076036 0.076624
  0.103710 -0.000000 -0.103798 0.000000 0.115452 0.078270 0.107040 0.000000 0.055686 0.000000 -0.000108 -0.083050 -0.100824 -0.000001 0.000000 0.000001 -0.000139 -0.090969 -0.000000 0.057521 -0.053191 -0.008409 -0.117483 -0.105779 0.231684 0.141876 -0.000001 0.149673 0.005950 0.129639 -0.020542 0.018830 0.006453 0.000000 -0.000000 -0.000003 -0.036689 0.058402 -0.039822 0.000000 0.144428 -0.074405 -0.042741 -0.000187 0.072869 -0.057712 0.076108 -0.006422 0.087201 0.000000 0.057389 0.000000 0.127406 0.013624 -0.122305 0.145843 0.044950 -0.000201 0.062578 0.073996 0.030102 0.000000 -0.142691 0.000000 0.192165 -0.000582 -0.003018 -0.000000 0.106569 0.110778 0.000000 0.082680 0.000000 -0.000000 -0.024076 0.000000 0.000000 0.039484 0.000000 0.021787 0.098006 -0.102180 0.011413 -0.099545 -0.000000 -0.000000 -0.145254 -0.000866 -0.020858 -0.006083 -0.051930 0.007090 -0.098731 -0.288545 0.070570 0.062534 0.000700 -0.000000 0.055341 0.109585
  -0.007907 -0.000000 -0.149800 -0.000000 -0.461188 -0.139852 -0.169185 0.035008 0.052200 0.000000 -0.000222 0.046166 0.133817 -0.000001 -0.000000 -0.000001 -0.000119 0.095314 -0.000000 0.138471 -0.192760 0.145251 -0.046877 -0.117703 -0.038464 -0.045880 -0.000000 -0.069924 0.092057 -0.244271 -0.180135 0.032346 0.112040 -0.000000 -0.000000 -0.000001 -0.110836 0.070629 -0.086042 0.000000 0.067544 -0.158775 0.024221 -0.072471 0.137472 -0.022863 -0.016285 -0.008512 -0.080288 0.040286 0.171342 0.000000 0.030648 0.125181 -0.088183 -0.084194 0.060843 -0.079732 0.113535 0.048099 -0.017121 -0.000000 0.085456 -0.000000 0.093596 -0.000997 0.047087 -0.163525 0.064535 -0.044945 0.000000 -0.076847 0.000000 0.000000 -0.095836 -0.146796 -0.000001 0.047166 0.000000 -0.020683 -0.076322 0.039078 0.007462 0.005044 0.000001 -0.000001 -0.181052 -0.034227 -0.028421 0.061105 -0.057516 0.087806 -0.051431 -0.095742 0.057375 -0.640750 -0.134269 -0.000001 -0.096431 0.076325
  -0.109668 -0.000000 -0.066165 -0.000000 -0.101268 -0.008852 -0.138312 0.107281 -0.118545 0.000000 -0.000297 -0.031530 0.057379 -0.000000 -0.000000 0.000000 0.000151 0.063847 0.000000 0.072115 0.043468 -0.107161 0.024323 0.162711 0.005497 0.070272 -0.000000 0.042562 -0.161733 -0.050704 0.023718 -0.039124 0.079400 0.000000 0.000001 -0.000001 -0.033998 -0.062144 0.149300 0.000001 0.032842 0.111252 -0.055654 0.044093 -0.083150 0.070479 -0.069942 -0.006725 0.073397 0.056428 -0.239973 -0.000000 -0.058206 0.000744 -0.129331 0.131946 0.036214 -0.130489 -0.055999 -0.032273 0.017308 -0.000000 0.164429 -0.000000 0.146627 -0.001320 -0.039838 0.146149 -0.091564 0.100957 -0.000000 0.100528 0.000000 0.000000 0.062072 0.000540 -0.000000 -0.053017 -0.000000 0.074518 -0.045918 0.140367 0.057381 0.102420 -0.000001 0.000000 -0.383669 -0.035207 0.019681 0.062584 -0.085285 0.001313 -0.069482 -0.041164 -0.025281 -0.210706 -0.193973 -0.000001 0.075487 0.032199
  0.177461 -0.000000 -0.022880 0.000000 -0.009518 -0.095112 0.032833 -0.001038 0.044482 0.000000 -0.000378 -0.110078 0.084764 -0.000000 -0.000001 0.000001 -0.000243 0.101816 0.000001 -0.143365 -0.061786 -0.096816 -0.069797 -0.115709 0.089286 -0.162875 -0.000000 0.152315 0.024731 0.082212 -0.048979 0.031848 0.000206 -0.000000 -0.000000 0.000001 0.000505 -0.094175 -0.037288 -0.000000 0.082692 0.112045 0.087967 -0.230711 -0.032687 0.012483 -0.113445 -0.004607 0.054057 -0.000000 0.028907 -0.000000 -0.134333 -0.046151 0.150823 0.081574 0.134575 -0.026222 -0.101046 0.007000 -0.035975 0.000000 -0.107611 -0.000000 -0.093033 -0.001293 0.077783 0.102529 -0.038178 -0.012404 -0.000000 0.076826 0.000000 0.000001 0.104482 0.044762 0.000000 0.019413 -0.000000 0.109730 -0.133549 0.105035 -0.047100 0.035018 0.000000 0.000000 0.013993 0.124087 -0.137115 0.022688 -0.114541 0.074417 -0.021093 0.000164 -0.111752 -0.078984 0.026730 -0.000001 -0.114723 -0.122696
  0.152381 0.000000 -0.037654 -0.000000 0.136387 0.040176 -0.152003 -0.061153 -0.071997 -0.000001 -0.000140 0.097183 -0.078558 -0.000001 -0.000000 0.000001 -0.000051 0.076095 0.000000 -0.038015 -0.002118 -0.105561 0.020599 0.096021 0.148851 0.011439 -0.000001 0.092698 0.109442 -0.202196 -0.033853 0.024302 0.065380 0.000000 0.000000 0.000000 -0.143477 -0.037725 0.132702 -0.000000 -0.022753 -0.018794 -0.042294 0.030931 0.134758 -0.114019 0.070276 -0.001064 0.164400 0.048513 -0.024482 0.000000 0.098768 0.006400 0.122794 -0.065881 0.059352 -0.057716 0.093777 0.121722 0.109747 0.000000 -0.079083 0.000000 0.147732 -0.000300 -0.140521 -0.188475 -0.088788 0.028617 0.000000 -0.058377 0.000000 0.000000 0.060491 -0.028745 0.000000 0.010485 -0.000000 0.001102 0.061097 0.124193 -0.215890 0.085286 -0.000000 -0.000000 -0.000001 -0.031955 0.050610 0.144428 0.037658 0.141766 0.104589 -0.032258 0.024758 0.000000 -0.000001 -0.000000 -0.005303 -0.097911
  0.105699 -0.000001 0.128272 -0.000001 0.133261 -0.054512 0.165961 -0.083153 -0.061221 -0.000000 -0.000007 -0.030090 0.072551 -0.000000 -0.000000 0.000000 0.000007 -0.083292 -0.000000 0.213403 -0.057316 -0.430051 -0.009892 -0.088146 -0.050008 -0.141920 0.000000 -0.039878 0.003858 -0.110676 0.161789 0.198943 0.179713 0.000000 0.000000 0.000000 -0.019729 0.136955 0.000627 -0.000000 -0.142110 0.011730 0.125349 0.047173 0.035291 0.052079 -0.001919 -0.005254 -0.114397 -0.078493 -0.216707 -0.000000 0.080850 -0.057821 0.166255 0.101496 0.001679 0.048302 -0.273292 0.071982 -0.186983 -0.000000 0.049112 -0.000000 0.024811 -0.001009 -0.195176 -0.050423 0.109205 -0.106722 -0.000001 0.132877 -0.000000 -0.000000 -0.008580 0.039890 -0.000000 0.011127 0.000000 0.086020 -0.047750 0.039123 -0.048965 -0.008516 -0.000000 -0.000001 -0.000002 0.111356 -0.120306 0.108075 0.105787 -0.043888 0.061392 -0.000024 0.078580 -0.138032 0.131820 -0.000001 -0.250006 -0.017371
  -0.023138 -0.000000 0.136842 -0.000000 -0.072245 0.116538 -0.003790 0.061001 -0.127746 -0.000000 -0.000354 -0.113014 0.099606 -0.000001 0.000000 -0.000000 -0.000317 0.116425 -0.000001 0.038730 0.145188 0.060703 0.105697 -0.089251 0.062276 -0.130783 0.000000 0.136742 -0.091230 0.097403 -0.100927 -0.042296 -0.046247 0.000001 0.000000 -0.000000 -0.076151 -0.100911 -0.030969 -0.000000 0.150710 0.062778 0.000802 -0.183002 0.136948 0.094637 -0.152982 -0.006264 -0.018406 -0.150404 0.012656 -0.000000 -0.088812 0.142664 0.123720 0.080713 -0.005079 0.045915 0.054208 0.000620 -0.074671 -0.000000 0.073313 -0.000000 -0.083477 -0.001288 -0.142262 0.074864 -0.134705 -0.014037 0.000000 -0.024591 -0.000000 0.000000 0.131074 0.159251 -0.000000 0.034586 0.000001 0.097121 -0.145576 -0.119125 0.034495 0.163544 0.000000 -0.000000 -0.133879 0.058529 0.048342 -0.016971 0.085103 0.129280 -0.172043 -0.024733 -0.046025 0.127720 0.040646 0.000000 0.145772 0.013696
  0.101355 0.000000 -0.096206 0.000000 0.153062 -0.099255 0.003743 0.102338 -0.060193 0.000001 -0.000221 -0.070750 -0.123475 0.000001 0.000000 -0.000001 0.000123 0.044695 -0.000000 0.125239 0.028915 -0.022205 0.147759 -0.041007 0.120489 0.065187 0.000000 -0.080362 0.135141 -0.119340 -0.074331 -0.162617 -0.070595 0.000000 0.000000 0.000001 -0.092971 0.058418 -0.121701 0.000000 0.065817 -0.029036 0.077096 -0.076915 -0.012243 0.104857 0.047167 -0.002756 -0.001898 0.097586 -0.027428 -0.000000 0.069483 0.074753 -0.089247 -0.108947 -0.065324 -0.093723 0.013116 0.123160 0.045863 0.000000 -0.053813 0.000000 -0.040906 -0.000718 0.044633 -0.125083 0.042651 -0.055252 0.000000 -0.101379 -0.000000 0.000000 -0.041225 0.101971 -0.000000 0.076284 0.000000 0.044947 -0.038152 -0.055751 -0.128258 -0.084362 0.000000 0.000001 0.141713 0.043850 0.043344 0.081378 -0.026092 -0.003252 0.064789 0.007928 -0.084682 -0.174138 0.019776 0.000000 -0.011229 -0.048469
  0.264097 -0.000000 -0.062474 -0.000001 -0.220202 0.027129 0.247084 -0.108370 -0.309320 0.000001 -0.000010 -0.114430 0.031233 0.000001 0.000000 -0.000000 -0.000104 0.024503 0.000000 -0.199831 0.220451 -0.092753 -0.223523 -0.425320 0.014333 -0.094014 -0.000000 -0.106339 -0.160493 -0.000004 0.002994 -0.049047 0.000000 0.000000 0.000000 0.000000 0.116822 0.004837 -0.222413 -0.000000 -0.027269 -0.338349 -0.104838 0.274197 -0.026252 -0.031093 -0.235993 -0.002924 -0.028173 -0.146342 -0.214964 0.000000 -0.118765 0.210624 0.172891 -0.091070 -0.074111 -0.002834 -0.022426 -0.000000 -0.054481 0.000000 -0.111181 -0.000000 -0.076677 -0.000251 0.003884 0.114411 -0.020229 -0.032881 -0.000001 -0.227881 -0.000000 0.000000 0.128989 0.024211 0.000000 0.056915 0.000000 -0.329937 -0.120778 -0.000001 -0.078805 -0.231899 -0.000001 -0.000000 0.288204 0.149281 -0.133816 -0.172282 -0.101157 -0.000000 -0.219163 0.155458 -0.188555 -0.000001 -0.246428 -0.000001 -0.190695 -0.013853
  0.120691 0.000000 0.003811 -0.000000 0.133838 0.040445 -0.153365 0.050248 -0.099358 -0.000000 -0.000279 0.107101 0.025433 0.000000 0.000001 -0.000001 0.000008 -0.039988 -0.000000 -0.009718 0.217376 0.072055 0.044986 -0.020410 0.135216 0.153967 0.000000 -0.119568 0.016872 -0.168443 -0.179325 -0.124979 0.044496 0.000000 -0.000000 -0.000000 -0.026090 -0.003125 -0.086204 -0.000000 0.104273 -0.108870 -0.159803 0.018642 0.158261 0.043674 0.084265 -0.008382 0.019785 -0.131889 0.063726 0.000000 0.041591 0.125270 0.039958 -0.088393 0.123652 -0.005183 -0.008461 -0.122907 -0.111835 -0.000000 -0.011824 -0.000000 0.038733 -0.001311 -0.083751 0.003011 -0.030919 0.061807 0.000000 0.102656 0.000000 -0.000000 0.014950 -0.000201 -0.000000 0.069989 -0.000000 0.094965 0.093025 0.097332 0.135535 0.003204 -0.000000 0.000000 -0.240602 0.028989 0.046465 0.037168 -0.026109 -0.073102 0.030243 -0.066667 0.115824 -0.140640 -0.200466 -0.000001 0.048089 0.081941
  -0.059053 -0.000001 -0.005409 -0.000000 0.031748 -0.000139 -0.078255 -0.089213 0.181876 -0.000000 -0.000224 -0.046530 -0.016936 -0.000001 0.000000 0.000001 0.000018 -0.143003 -0.000001 -0.025458 -0.161850 -0.176353 0.093958 0.028945 -0.038694 0.146100 -0.000001 0.159241 -0.011268 0.111648 0.033905 0.078632 0.117257 -0.000000 0.000001 -0.000000 -0.014198 -0.042133 0.016392 -0.000000 0.035842 0.014031 0.105624 0.073126 0.029932 -0.011902 -0.113320 0.000692 -0.126216 -0.035261 -0.067536 0.000001 0.010776 -0.064700 0.025699 -0.095766 0.022399 0.044079 0.032841 -0.008074 0.109975 0.000000 0.059324 0.000000 0.037304 -0.000239 -0.006245 -0.123885 0.003214 0.033527 -0.000000 0.164569 0.000000 0.000000 0.056063 0.103339 -0.000000 0.129384 -0.000001 0.115472 -0.033233 0.141924 0.195071 -0.089784 -0.000000 0.000001 -0.009939 0.086209 0.017297 0.015803 -0.086327 -0.108608 0.133464 -0.044087 0.015732 -0.026620 0.079353 0.000000 0.136093 -0.021549
  0.151081 0.000000 0.029071 0.000001 -0.138927 -0.072991 0.130895 -0.065315 0.068821 0.000000 -0.000114 0.101714 -0.008229 -0.000000 0.000000 0.000001 -0.000224 0.038569 0.000000 0.033664 0.116086 -0.111074 -0.039465 -0.058624 0.121921 -0.040702 -0.000000 0.098145 -0.155108 0.187167 0.025267 0.127433 0.096092 -0.000001 0.000000 0.000000 0.076151 -0.082379 0.090211 0.000000 0.041200 0.071325 0.104921 -0.023109 -0.135406 0.011311 -0.158394 -0.005374 -0.012590 -0.170058 -0.054730 -0.000001 0.109419 0.107089 -0.147336 0.130871 -0.001514 0.041858 -0.057893 0.034180 0.031278 0.000000 -0.147563 -0.000001 0.002632 -0.000373 -0.040469 -0.042340 0.130181 0.097766 -0.000000 0.164295 -0.000000 -0.000000 -0.064528 0.045083 0.000001 -0.018847 -0.000000 0.087212 -0.055468 0.099507 -0.076523 0.000656 0.000000 0.000000 -0.204137 0.034002 -0.059326 0.069541 0.093327 0.122826 0.004489 0.026739 -0.108556 -0.011686 -0.040236 -0.000000 -0.079144 -0.141454
  0.187984 -0.000001 0.096269 -0.000000 -0.094916 0.100456 -0.118495 0.156008 0.075141 -0.000001 -0.000201 -0.123925 -0.040031 0.000000 -0.000000 -0.000001 0.000000 -0.023181 0.000000 0.017878 0.058384 0.095046 -0.012957 0.123990 0.076626 0.117176 -0.000001 0.075337 -0.029633 -0.035647 0.025305 0.066660 -0.124070 -0.000000 0.000000 0.000000 0.128443 0.092440 0.158468 0.000000 -0.029828 -0.082445 0.023034 0.070479 -0.119962 -0.028721 0.156839 -0.006963 -0.028551 0.056123 -0.073984 -0.000000 -0.033845 -0.093822 0.068155 -0.004353 0.092994 0.111031 -0.237346 0.035713 0.038591 0.000000 -0.087373 0.000000 0.061685 -0.001139 -0.439601 -0.026591 0.070848 -0.023443 0.000000 -0.033860 0.000000 -0.000000 0.106459 -0.000000 -0.000000 -0.142047 -0.000001 0.029340 -0.057927 0.099821 -0.113663 -0.006257 -0.000000 -0.000001 -0.260144 -0.085230 0.023439 -0.026488 0.041505 0.045293 -0.148412 -0.004313 0.157662 0.048946 0.067277 -0.000000 0.075224 0.097940
  0.027753 0.000001 -0.164306 -0.000001 0.159562 0.121924 -0.114828 -0.000000 -0.080359 -0.000000 -0.000173 0.026207 -0.113864 -0.000000 -0.000001 -0.000000 -0.000305 0.163158 0.000000 -0.047335 0.133780 0.102534 0.097752 0.008299 -0.035102 -0.110737 -0.000001 -0.132958 -0.075507 0.013689 0.011565 -0.071331 -0.195719 0.000001 0.000001 0.000001 0.123296 -0.124377 0.167337 -0.000001 -0.034139 -0.108086 -0.086855 -0.230337 0.016662 0.061600 0.028233 -0.006753 0.130727 0.000000 0.043602 0.000000 -0.072535 -0.077685 0.110231 -0.044805 0.001363 0.054684 0.209238 -0.059586 -0.053123 -0.000001 0.036537 -0.000000 -0.066828 -0.000281 -0.092542 0.114398 -0.064730 0.035182 -0.000001 -0.054869 0.000000 -0.000000 -0.014705 -0.006999 -0.000001 -0.129199 -0.000000 -0.064012 -0.142423 0.124580 0.133146 0.114994 0.000000 -0.000000 0.102056 -0.048169 0.125883 0.143106 0.069540 0.139065 -0.033832 -0.162826 -0.008934 0.051804 -0.153099 0.000000 0.166971 -0.098357
  0.073462 0.000000 0.055456 0.000001 0.050850 0.122498 0.099880 -0.024876 0.007265 0.000000 -0.000053 0.054235 0.062012 -0.000000 0.000000 0.000000 -0.000090 -0.132264 -0.000001 -0.090478 0.144746 -0.068249 0.091406 -0.061765 -0.047927 0.188193 0.000000 -0.156612 0.048550 -0.098244 -0.067424 -0.000000 -0.000001 -0.000000 -0.000000 0.000000 0.090033 -0.074058 0.056756 -0.000000 -0.038540 -0.027769 0.098523 0.155747 0.027134 -0.041536 0.087144 0.002488 0.035849 -0.000000 0.089882 -0.000000 -0.064614 0.155976 -0.107734 -0.015990 -0.154663 -0.138640 -0.163653 -0.090577 0.094194 -0.000000 0.116590 0.000000 -0.042264 0.000278 0.017493 0.077060 -0.000003 0.034401 0.000000 0.145858 0.000000 -0.000000 0.028299 0.007465 -0.000000 -0.132809 0.000000 -0.287060 -0.022907 0.126914 -0.086296 -0.132716 -0.000001 0.000001 0.034683 -0.034421 0.122765 0.034856 -0.005898 -0.085840 0.119982 0.144201 -0.103754 -0.067401 -0.109082 -0.000000 -0.014816 -0.149295
  -0.156268 0.000000 -0.198792 -0.000000 0.078152 -0.188833 0.106800 0.106149 -0.024369 -0.000000 -0.000033 -0.145474 0.058607 0.000001 -0.000000 0.000000 0.000090 0.079698 -0.000000 -0.054379 -0.094330 0.037905 0.137467 -0.087165 -0.068562 0.165705 0.000000 0.159893 0.113992 -0.117989 -0.035203 0.052675 -0.002605 0.000000 0.000000 -0.000002 0.072326 0.086412 0.112058 -0.000001 -0.070417 -0.007665 -0.096536 0.052441 0.084142 -0.098194 0.059548 -0.002802 -0.025163 0.020696 0.099915 0.000000 0.073974 0.017502 0.093062 0.037816 -0.020164 0.041222 -0.246084 0.166654 -0.088418 -0.000000 -0.016265 0.000001 0.082345 -0.000415 0.128537 0.008668 0.023914 0.018691 -0.000000 -0.081440 0.000000 0.000000 -0.027821 -0.121715 0.000000 -0.102141 0.000000 0.133368 -0.005675 -0.056824 0.073687 0.079941 0.000000 0.000001 -0.067191 -0.032643 0.055339 0.077774 -0.065721 -0.104975 0.031056 -0.005559 -0.116288 -0.107722 -0.153458 -0.000000 -0.085660 -0.006906
  0.075088 0.000000 -0.071972 0.000000 0.032892 0.149870 0.012747 -0.134603 0.117485 -0.000001 -0.000285 -0.048296 -0.182206 -0.000000 0.000000 -0.000000 -0.000344 -0.006383 -0.000001 0.098794 -0.069173 0.007337 0.042876 -0.003291 -0.063820 -0.026494 0.000001 0.036855 0.014632 -0.020330 -0.100424 -0.109541 -0.539582 -0.000001 -0.000000 -0.000001 -0.009540 0.161387 -0.082668 0.000000 -0.056333 0.173520 -0.116656 -0.014452 0.088213 0.076725 0.020370 -0.007893 -0.081759 -0.041455 -0.072171 -0.000000 -0.369271 -0.116108 0.058852 0.157890 0.122012 -0.055914 -0.114064 0.196326 -0.044349 -0.000001 0.065729 0.000000 0.080400 -0.001164 -0.258360 0.109208 -0.162471 0.066202 0.000000 0.017550 -0.000000 -0.000000 0.034318 0.132807 0.000001 -0.060992 -0.000000 0.170236 0.061842 0.183281 -0.032072 0.062584 0.000000 0.000000 -0.035848 -0.135336 -0.001211 -0.073127 0.035916 0.181629 -0.018350 0.125696 -0.101818 0.081925 0.181076 -0.000001 -0.095125 -0.010072
  0.031154 0.000000 0.160418 -0.000000 -0.315099 0.023303 0.380244 -0.088177 -0.318744 0.000000 -0.000009 -0.213356 0.000000 -0.000001 -0.000000 0.000000 -0.000096 -0.109419 -0.000000 -0.097375 0.083784 -0.060314 -0.262576 -0.313028 0.054413 -0.004018 0.000000 -0.115591 -0.026567 0.000000 0.000012 -0.184122 0.000001 0.000000 -0.000000 0.000000 0.100408 -0.485993 0.014557 -0.000001 -0.044714 -0.239719 -0.261317 0.125336 -0.110262 0.004679 0.043312 -0.002558 -0.072396 -0.245095 0.048515 -0.000000 0.000000 -0.000002 0.075176 0.031571 0.124805 -0.000001 -0.118560 -0.000000 -0.056386 -0.000001 -0.293616 0.000000 -0.116934 -0.000276 -0.029394 -0.000000 -0.154231 -0.004349 0.000000 -0.248490 -0.000000 -0.000000 -0.049814 -0.000000 0.000000 0.205430 0.000000 -0.072978 -0.075407 -0.000001 -0.075383 -0.063052 -0.000000 -0.000000 0.066449 0.153178 -0.056767 0.065792 -0.092410 0.000000 0.074827 -0.001665 -0.017945 0.000000 -0.172623 0.000000 -0.078405 -0.012403
  -0.185026 0.000000 -0.045491 0.000000 0.124853 -0.059588 0.103019 0.056695 -0.070011 0.000000 -0.000178 0.072803 -0.101253 0.000000 -0.000000 -0.000001 0.000092 -0.305878 0.000000 0.073471 -0.407652 -0.052460 -0.110541 -0.104385 -0.547923 0.131392 -0.000000 -0.012677 -0.103926 -0.121092 0.061731 0.109581 0.025568 -0.000001 -0.000000 -0.000001 -0.057826 0.165462 0.070590 0.000000 0.017863 0.017557 0.021969 0.053744 0.092980 -0.079731 0.080327 -0.006986 0.079544 -0.108786 -0.313033 -0.000001 0.071152 -0.125230 -0.043423 -0.067307 0.046232 -0.427514 -0.063529 0.100823 -0.096477 -0.000000 0.022232 -0.000001 0.118647 -0.001249 -0.076042 -0.250257 0.084334 0.081063 -0.000000 -0.100718 0.000000 0.000000 0.108252 -0.166682 0.000000 -0.030121 -0.000000 0.124695 0.023518 -0.111664 0.145854 0.145234 -0.000000 -0.000001 -0.000001 0.071498 0.127682 -0.068501 -0.058120 0.141936 0.003060 -0.015420 0.158056 -0.414258 -0.112163 -0.000001 -0.192618 0.083257
  -0.422576 0.000001 -0.012916 -0.000000 0.112254 0.017699 -0.368740 -0.105170 -0.045139 -0.000000 -0.000059 0.051541 -0.137960 -0.000001 -0.000000 0.000000 -0.000013 -0.115975 0.000000 0.087277 -0.000234 -0.136971 0.064417 0.031187 0.120196 0.066316 0.000000 0.021166 -0.080375 -0.043941 -0.000073 0.076711 -0.117925 -0.000000 0.000000 0.000000 -0.013257 0.105685 0.026333 0.000000 0.114565 -0.035175 0.020809 -0.080918 0.005314 -0.035312 0.246682 -0.000521 0.117750 -0.037529 -0.148817 -0.000000 -0.062504 -0.231816 -0.101976 -0.124022 0.090528 -0.000102 0.043632 0.394457 0.111833 -0.000000 0.065592 -0.000000 0.115968 -0.000149 -0.080577 -0.000017 -0.070864 -0.079993 -0.000000 0.015663 -0.000000 0.000000 -0.021817 0.000002 0.000000 -0.065832 -0.000000 0.064124 -0.056260 -0.074027 -0.105085 -0.067229 -0.000001 0.000000 -0.000000 -0.067559 -0.115973 0.016402 0.227665 0.332135 0.148847 -0.250599 0.089870 0.000001 0.000002 0.000000 0.023423 -0.109770
  -0.043896 -0.000000 0.157976 -0.000000 0.058642 0.123351 0.111045 0.123471 -0.148263 -0.000001 -0.000113 -0.254395 -0.079656 -0.000000 0.000000 0.000000 -0.000103 0.007257 -0.000000 -0.184522 0.037358 0.087213 0.086119 -0.139979 0.044810 0.054908 0.000000 0.064876 -0.033572 0.028734 0.138455 0.234533 0.181363 -0.000000 0.000000 -0.000001 -0.060894 0.054344 0.170040 0.000001 -0.027769 0.061709 -0.042332 0.144627 0.128322 0.072004 0.067442 -0.005474 0.003308 -0.447903 -0.095485 0.000000 0.073114 -0.057465 0.124272 -0.064973 0.004535 0.065972 0.083508 0.030233 -0.159258 -0.000000 0.031368 0.000000 -0.030776 -0.001030 0.010096 0.091068 0.173164 -0.078970 -0.000001 0.138783 0.000000 0.000000 0.119108 0.120399 0.000001 -0.018105 -0.000000 0.009391 -0.033085 0.007738 -0.100064 0.162423 0.000000 0.000000 -0.256573 -0.094580 -0.161878 -0.005628 -0.123202 0.053838 0.117681 -0.123877 0.052502 -0.026764 0.044804 0.000000 -0.235194 0.020104
  -0.019562 0.000000 0.137733 -0.000001 0.104176 0.016382 0.089809 0.011078 0.094263 -0.000001 -0.000261 -0.138941 0.168847 0.000000 0.000000 0.000001 0.000018 -0.034296 -0.000001 -0.070741 0.051758 0.009498 -0.052343 -0.077680 -0.069324 -0.078261 0.000001 0.104659 0.103590 -0.074487 -0.141119 0.079075 -0.030439 -0.000000 -0.000000 -0.000001 -0.077288 -0.011960 0.065075 -0.000001 -0.056543 0.092744 -0.131055 0.003247 0.132485 -0.109879 -0.089812 -0.007595 -0.056959 0.017779 0.117078 -0.000001 0.024598 0.030001 -0.119126 0.047020 -0.041806 -0.036419 -0.116595 -0.035088 -0.029527 0.000000 -0.083766 -0.000000 0.000568 -0.001215 0.041632 -0.016645 0.087382 0.092241 -0.000000 0.014498 0.000000 0.000001 0.077852 -0.042790 -0.000000 -0.016240 0.000000 0.015952 -0.004633 0.114057 -0.030462 0.119435 -0.000000 -0.000000 -0.267381 0.087816 -0.109154 -0.098810 0.118851 -0.078934 0.056187 0.071409 0.003326 0.013974 -0.156757 0.000000 -0.041075 0.079993
  -0.292555 0.000000 -0.113018 -0.000000 -0.042721 -0.092426 0.142903 -0.026086 0.131840 0.000001 -0.000087 -0.093698 -0.031865 0.000000 -0.000000 -0.000001 -0.000332 0.133033 0.000000 -0.063517 0.083420 -0.062499 -0.080707 0.065458 -0.147048 -0.011541 -0.000001 0.039649 0.084356 0.082758 0.028525 -0.000003 -0.052703 -0.000000 -0.000000 -0.000000 0.080801 -0.166683 -0.058902 -0.000000 -0.094766 0.088254 -0.013102 -0.073096 0.042158 -0.142440 0.024079 0.003212 0.099547 0.000001 0.114114 -0.000000 0.109841 -0.050551 -0.169409 -0.102074 -0.036274 -0.061690 -0.355045 0.128136 0.038045 -0.000000 -0.135062 -0.000001 0.016377 0.000225 0.039718 -0.154612 -0.147391 -0.034793 -0.000000 -0.126512 0.000000 -0.000001 -0.011177 -0.114581 -0.000000 -0.046027 0.000000 -0.018381 -0.033580 -0.148142 0.045407 -0.077885 0.000000 0.000000 0.184111 -0.066540 -0.139052 -0.137615 0.075606 -0.000807 0.077414 -0.208761 -0.046866 -0.135337 0.105401 0.000000 0.167745 -0.064931
  0.047765 0.000000 -0.026573 0.000000 0.153047 0.071794 0.030607 -0.005863 -0.069574 0.000001 -0.000011 0.060357 0.057961 0.000000 0.000001 -0.000000 -0.000040 -0.069267 -0.000000 -0.113902 -0.045865 0.110589 0.123546 -0.109709 -0.031627 0.139338 -0.000001 -0.158461 -0.069226 0.022341 -0.114661 0.075116 -0.442635 0.000000 -0.000000 -0.000000 0.078714 0.078487 0.059208 0.000000 0.090829 0.217530 0.092815 -0.131900 -0.155121 -0.030347 0.087046 -0.002832 -0.197453 0.213941 0.159146 0.000000 -0.021742 0.051552 -0.062793 -0.108028 -0.086689 -0.045545 -0.007519 0.135576 -0.077148 0.000000 -0.014664 -0.000000 -0.006378 0.000037 0.037686 0.011749 -0.143357 -0.052053 0.000000 0.144707 -0.000000 0.000000 0.078045 0.159624 0.000000 0.048001 0.000000 0.051158 0.003308 -0.029227 -0.163501 0.081030 0.000000 -0.000001 -0.257390 -0.033104 -0.135412 0.180491 0.004934 0.102810 0.022546 0.133558 -0.069831 0.000000 0.109167 -0.000001 -0.069848 0.038725
  -0.076759 0.000001 0.112960 0.000001 -0.010024 0.178880 -0.019445 -0.564248 -0.130259 -0.000001 -0.000228 0.021609 -0.100829 0.000000 -0.000000 0.000000 -0.000328 0.114227 0.000000 -0.010242 -0.042171 -0.049706 0.083728 -0.072863 -0.010795 -0.163559 -0.000000 -0.033167 0.085358 -0.044980 -0.075933 0.001036 -0.009468 -0.000000 -0.000000 -0.000001 0.126116 -0.206404 0.228146 0.000000 0.087483 -0.140859 -0.015638 -0.092925 -0.070765 0.070194 0.132138 -0.005458 0.038345 0.005881 0.017442 -0.000001 0.034870 0.115416 0.075430 -0.034483 -0.047885 0.016212 -0.041473 0.100990 0.129477 0.000000 -0.051794 -0.000000 -0.010613 -0.000858 -0.051220 0.123375 -0.053312 -0.107871 -0.000000 -0.127988 -0.000000 0.000000 -0.110476 0.091669 -0.000000 0.151777 0.000000 -0.055152 -0.052272 0.060473 0.192182 0.027868 0.000000 0.000001 0.108424 0.152558 0.025371 0.004055 0.103272 0.018864 -0.002001 -0.056383 0.070017 0.112724 -0.085081 0.000000 0.041774 0.117989
  -0.109539 -0.000000 0.112591 -0.000000 0.114528 -0.072956 -0.040365 -0.000005 0.120836 -0.000000 -0.000144 -0.019234 -0.219780 0.000001 0.000001 -0.000000 -0.000133 -0.083342 0.000000 -0.000909 0.091248 0.032239 0.079514 -0.035884 0.073977 -0.139879 0.000000 0.052761 0.047064 -0.077076 0.106734 -0.046674 0.053118 -0.000000 -0.000000 -0.000000 -0.024832 -0.116449 -0.089404 -0.000000 0.090738 0.100870 -0.123851 -0.171860 -0.080901 -0.141489 0.088856 -0.004101 -0.109219 -0.000000 -0.105171 0.000000 0.137268 -0.096540 -0.077002 0.104087 0.117146 -0.207061 -0.187398 -0.104099 0.044039 -0.000000 -0.126999 0.000000 -0.140030 -0.000692 -0.064338 -0.240488 0.049901 -0.058492 0.000001 0.007937 -0.000000 0.000000 -0.061473 -0.072815 -0.000000 -0.032296 -0.000001 -0.020422 0.096023 0.086435 -0.065978 -0.070785 0.000000 0.000001 -0.161842 -0.043529 -0.036441 0.111750 -0.095653 -0.046830 0.118724 -0.000001 0.010102 0.008785 -0.090601 -0.000000 0.050963 -0.111425
  -0.097017 0.000000 0.095843 -0.000000 0.110446 -0.128681 -0.149039 -0.001780 0.166408 -0.000001 -0.000024 0.007089 0.081916 -0.000000 0.000000 -0.000000 -0.000034 0.028954 -0.000000 -0.000014 -0.128535 -0.064919 -0.005575 0.204036 -0.129583 0.171123 -0.000000 -0.136631 0.132158 -0.174378 0.103899 -0.000155 -0.100956 0.000001 -0.000000 0.000002 0.203825 0.000420 0.188126 0.000000 0.235866 0.087527 0.012025 -0.039027 0.090916 0.094860 0.121375 0.003871 0.006754 -0.000000 0.270085 0.000000 0.241874 -0.152174 0.102620 -0.004169 -0.317826 -0.319301 -0.052134 0.023798 -0.093785 -0.000000 0.220315 -0.000000 0.244629 0.000094 -0.100327 -0.018150 -0.057981 0.117339 -0.000000 0.248105 0.000000 0.000000 0.112090 -0.120406 -0.000000 -0.007989 0.000000 -0.224713 0.221579 -0.336761 0.159012 0.211543 -0.000000 -0.000001 -0.044513 -0.040962 0.095419 -0.068383 0.248915 -0.147743 0.113761 -0.000257 0.072211 -0.094949 -0.062355 -0.000000 -0.063116 -0.104768
  0.012989 -0.000000 0.027549 -0.000000 0.060874 0.090432 0.104160 -0.045050 0.149448 0.000000 -0.000054 0.032671 -0.134478 -0.000001 0.000000 -0.000000 0.000077 -0.040892 -0.000000 0.061008 -0.112056 0.015778 0.098156 0.144258 0.068791 0.097549 0.000000 0.095089 0.005417 -0.181825 -0.085668 -0.217796 -0.151892 0.000000 0.000000 -0.000001 0.084346 -0.002220 0.057112 0.000000 -0.023655 -0.082136 -0.105826 0.065607 0.157050 0.085382 -0.081327 -0.001966 0.001636 0.165403 -0.072474 -0.000001 0.067881 -0.035972 -0.090419 -0.127434 -0.032454 0.063261 0.156508 0.093068 0.019646 -0.000001 0.044601 -0.000000 0.038230 0.000096 -0.035495 -0.123729 -0.185491 -0.027200 -0.000000 0.148852 -0.000000 -0.000000 0.129424 0.146521 0.000000 0.103311 -0.000000 -0.077551 -0.012745 0.091069 0.080546 -0.036742 -0.000000 0.000000 -0.143199 0.000902 0.078623 0.069345 0.214340 0.167598 0.056246 0.113685 0.103030 -0.396294 -0.069675 -0.000000 0.018059 0.021677
  0.000000 -0.000000 -0.000000 0.000001 -0.000000 -0.000000 0.000000 0.000000 -0.000000 -0.000001 -0.000000 0.000000 0.000000 -0.000000 0.000000 0.000000 -0.000001 -0.000000 0.000000 -0.000000 -0.000000 0.000000 0.000000 0.000000 0.000000 0.000000 -0.000000 0.000000 -0.000000 -0.000000 0.000000 0.000000 -0.000000 0.000000 -0.000001 -0.000000 -0.000001 0.000000 0.000000 -0.000000 0.000000 -0.000000 0.000000 -0.000000 -0.000000 0.000001 -0.000000 -0.000000 0.000000 0.000001 -0.000000 -0.000001 -0.000000 0.000000 -0.000000 0.000000 0.000001 -0.000000 -0.000000 -0.000000 -0.000000 0.000000 -0.000000 -0.000000 0.000000 -0.000000 0.000000 -0.000001 0.000000 0.000001 0.000000 0.000001 -0.000000 -0.000000 0.000000 0.000000 -0.000000 -0.000000 -0.000000 -0.000000 -0.000000 0.000000 -0.000000 -0.000001 0.000000 0.000000 0.000000 0.000000 -0.000000 0.000000 0.000000 -0.000000 0.000000 0.000000 -0.000000 -0.000000 -0.000000 -0.000000 -0.000000 0.000000
  -0.182600 0.000001 0.027357 0.000000 0.132086 -0.297212 -0.109592 -0.012058 0.260940 0.000000 -0.000065 0.263469 -0.215189 0.000000 0.000001 -0.000000 -0.000025 -0.249285 -0.000000 -0.000000 -0.099065 0.093945 0.089105 0.078694 0.013331 0.177782 -0.000001 0.067117 0.079333 0.032136 0.053060 -0.062913 0.040272 0.000000 -0.000000 -0.000003 0.037399 0.127071 0.020176 -0.000000 0.054117 -0.112040 0.145460 0.033058 0.116391 -0.026036 0.171560 -0.003044 0.082578 0.000000 0.126326 0.000000 0.016625 0.064863 -0.024202 0.080457 -0.087299 -0.118842 -0.214761 -0.074616 -0.191586 0.000000 0.168098 -0.000000 -0.031476 -0.000737 -0.147146 -0.117442 -0.040072 -0.155457 -0.000000 0.012711 -0.000001 -0.000000 0.017329 -0.139178 -0.000000 0.191078 -0.000001 0.064300 -0.062187 -0.124297 0.060930 0.073928 0.000000 0.000000 0.111052 -0.123986 -0.068753 -0.121635 -0.015715 0.062161 0.235457 -0.000002 0.125478 0.072393 -0.047427 -0.000000 -0.060167 -0.158662
  -0.306083 0.000000 -0.053447 -0.000000 0.190039 -0.139408 0.108799 -0.047590 -0.055758 0.000000 -0.000254 -0.205012 0.014628 0.000000 -0.000000 -0.000000 0.000171 -0.229879 -0.000000 -0.118292 -0.189382 0.141227 0.037113 0.089620 -0.028492 -0.020828 -0.000000 -0.077878 -0.036099 0.051202 0.050734 0.075848 0.043840 0.000001 -0.000001 -0.000001 -0.039670 0.112780 0.173832 -0.000000 0.131214 0.119019 -0.123967 -0.021228 0.004994 0.150796 -0.037259 -0.005654 -0.062975 -0.292585 -0.181377 0.000000 0.107502 0.115091 0.094395 -0.106960 0.068679 -0.333615 -0.206716 0.002409 -0.433329 -0.000000 0.160046 -0.000001 0.081349 -0.001312 -0.090269 -0.185598 0.174778 0.134382 0.000001 0.151187 -0.000000 -0.000000 0.050677 -0.160284 -0.000000 -0.132301 0.000000 0.055613 -0.076005 -0.007345 0.041390 0.056547 -0.000000 0.000000 -0.472074 -0.118125 0.111450 0.018638 -0.027410 0.077652 0.057077 0.000000 0.088443 -0.036086 0.027081 -0.000000 -0.100506 -0.022958
  -0.057722 0.000000 -0.087183 -0.000001 0.019046 -0.273331 0.037777 -0.130520 0.097391 0.000001 -0.000079 -0.044319 -0.105337 0.000000 0.000000 -0.000000 -0.000024 0.062122 -0.000000 -0.158060 0.063131 0.019883 0.132940 0.038979 -0.089667 -0.027100 0.000000 0.127597 0.069163 -0.260484 -0.041457 -0.148817 -0.000000 -0.000000 0.000000 0.000000 0.000636 -0.097019 -0.110575 -0.000000 -0.069818 0.009265 -0.160113 -0.099166 0.004693 0.082699 -0.087563 -0.004236 0.022994 -0.142673 0.119486 -0.000001 -0.077579 0.107140 0.017382 0.024150 -0.006702 -0.148235 0.019681 0.021388 0.095681 -0.000000 0.173465 -0.000001 -0.074424 -0.000766 -0.046316 -0.124827 -0.093927 0.096733 -0.000000 0.114046 -0.000000 0.000000 0.083550 -0.088182 -0.000000 -0.058799 0.000001 0.055764 0.185530 -0.227993 0.107572 0.089138 0.000000 0.000001 -0.059619 -0.202563 0.012956 0.050237 0.013917 -0.373547 0.053854 -0.039615 -0.022258 -0.154999 0.040517 -0.000000 -0.068025 -0.135020
  -0.021943 0.000000 0.133989 -0.000000 0.034662 0.131602 0.102266 -0.091104 0.064211 -0.000000 -0.000402 -0.155375 -0.004945 -0.000001 -0.000000 -0.000000 -0.000055 0.145012 -0.000000 0.078806 0.151523 0.060205 -0.119926 0.055650 0.136810 0.029815 -0.000000 0.037803 0.000698 -0.009273 -0.047877 -0.049776 0.121481 0.000000 -0.000000 0.000002 -0.020759 0.069909 0.083377 0.000000 0.128909 -0.013259 0.115588 -0.113003 0.054837 0.085896 0.009121 -0.006286 0.090161 -0.109581 -0.227087 0.000000 0.007513 0.110698 -0.018775 -0.102577 0.102970 0.072753 -0.066303 0.046419 -0.078325 0.000000 -0.003550 0.000000 0.103045 -0.001278 -0.114774 0.146735 0.058256 0.073986 -0.000000 0.118042 0.000000 -0.000001 -0.012470 0.143986 -0.000001 0.149835 0.000000 0.061440 -0.051155 -0.067839 0.097777 -0.047483 0.000000 -0.000000 -0.119762 -0.127386 -0.018530 0.151629 -0.091705 -0.043098 -0.099416 -0.171007 -0.002004 0.162977 0.012756 -0.000000 -0.088776 0.147205
  -0.209904 -0.000001 0.035476 0.000000 -0.059166 0.041019 0.278863 -0.053677 0.124080 0.000000 -0.000124 0.004919 -0.233838 0.000000 0.000000 -0.000000 -0.000047 0.118736 -0.000000 0.155236 -0.008465 -0.107030 -0.107891 -0.009619 0.039127 -0.149863 0.000001 0.003697 0.076539 0.134669 -0.207974 -0.119150 0.152494 0.000001 -0.000000 -0.000001 -0.012457 -0.016720 -0.027088 0.000000 0.076458 -0.126804 -0.121553 0.178983 -0.066757 -0.163987 -0.141635 -0.001468 0.035700 0.084767 -0.080114 -0.000000 0.119222 -0.092556 0.085546 0.103701 -0.155248 0.150379 -0.043544 0.267594 0.048106 0.000001 0.080727 -0.000000 0.015563 -0.000601 0.038979 -0.000001 0.081379 -0.106077 -0.000001 -0.022726 -0.000000 0.000000 -0.094268 0.000000 -0.000001 -0.044203 -0.000000 -0.110221 -0.125783 -0.124696 -0.358058 -0.049613 -0.000000 -0.000000 0.000000 0.115384 -0.002524 -0.064392 -0.219412 0.151076 -0.057639 0.029707 -0.069297 -0.000001 -0.000002 0.000000 -0.034081 0.068759
  -0.136059 -0.000001 0.136542 -0.000000 0.074144 0.074075 -0.146261 0.076992 0.009956 0.000000 -0.000163 0.125382 -0.335586 -0.000000 0.000000 0.000001 -0.000194 0.073270 0.000000 -0.084459 -0.087059 -0.073935 -0.072585 -0.014663 0.013149 -0.165734 0.000000 -0.128160 -0.061403 0.031243 0.074203 0.103098 -0.579050 -0.000001 0.000000 -0.000002 -0.007034 -0.009476 -0.132273 -0.000000 0.121673 0.154997 -0.071090 -0.155577 -0.081645 -0.005947 0.122740 -0.002395 -0.012316 -0.116170 0.125766 -0.000000 0.015040 -0.201018 0.083437 -0.104003 -0.192419 0.115832 0.127370 0.048715 0.059104 0.000000 -0.174169 -0.000000 -0.057980 -0.000803 -0.120657 -0.075938 0.097230 0.112008 -0.000000 -0.141098 -0.000000 -0.000000 -0.023520 0.091721 0.000000 0.101569 -0.000000 0.094215 -0.100704 -0.152157 0.117915 -0.092953 -0.000001 0.000000 -0.009424 0.082685 -0.180127 0.078007 -0.027456 -0.118996 0.049655 -0.035967 -0.040013 -0.145003 -0.066299 -0.000000 -0.096101 0.170299
  -0.195338 -0.000000 -0.092066 -0.000000 0.157012 -0.236902 0.120038 -0.067148 0.098334 0.000000 -0.000215 0.025958 0.023042 -0.000001 -0.000000 0.000001 0.000090 -0.093920 0.000000 -0.115554 0.114519 0.134223 0.053404 0.135194 -0.194753 -0.046780 -0.000000 -0.032773 0.167976 0.080165 0.007846 0.023819 0.189776 -0.000000 -0.000000 -0.000001 0.117325 0.039842 0.120675 0.000000 -0.002224 0.014483 0.058529 -0.002125 0.108089 0.136674 0.044765 -0.004847 0.073995 -0.133968 -0.222832 -0.000001 -0.017921 0.074354 -0.024159 0.105499 -0.020565 -0.120915 -0.122038 0.053229 -0.253192 -0.000000 -0.037454 0.000000 0.038288 -0.001258 0.185153 0.041964 0.180221 0.003637 -0.000000 0.137252 0.000000 0.000000 -0.065399 -0.083503 -0.000000 -0.157742 -0.000001 -0.085396 0.165724 -0.072825 0.074169 0.140300 0.000000 -0.000000 -0.264049 0.043770 0.103261 0.075704 0.151427 0.039133 0.055241 0.000000 -0.106394 0.119720 -0.130449 -0.000000 0.031174 0.003374
  -0.007053 -0.000000 0.003575 -0.000000 0.143111 -0.119704 0.011222 0.000000 0.019757 -0.000000 -0.000225 0.096690 -0.127539 0.000000 -0.000000 -0.000000 -0.000177 -0.125082 0.000000 0.000001 -0.018700 0.075312 0.167118 0.119504 0.060416 0.065082 -0.000000 -0.128413 0.078732 -0.085244 -0.049489 -0.022937 -0.017885 0.000000 -0.000000 -0.000000 -0.012627 0.144768 0.085558 0.000000 0.114650 -0.023005 -0.121821 -0.003052 0.091669 -0.009196 0.044687 -0.004150 -0.016636 0.000000 -0.028508 0.000000 -0.086142 -0.130136 -0.059591 0.066633 0.020506 -0.371726 -0.213783 0.005862 0.124584 0.000001 0.010874 -0.000000 0.079877 -0.000827 -0.042076 -0.141085 0.088210 -0.183582 0.000000 0.077899 -0.000000 -0.000001 0.094085 -0.015219 0.000000 -0.187434 -0.000000 0.021052 -0.122097 -0.063806 0.121150 -0.048550 -0.000000 -0.000000 -0.003366 -0.003587 0.087752 -0.149190 -0.085648 -0.064568 0.145283 -0.000001 -0.132805 -0.017824 0.059340 -0.000000 0.045917 -0.176104
  -0.103895 0.000000 0.062129 -0.000000 -0.046960 -0.161659 -0.075288 -0.066719 0.144927 0.000001 -0.000141 0.128912 -0.055320 0.000000 -0.000000 0.000000 -0.000201 -0.073095 0.000000 -0.042197 -0.112065 0.137862 -0.135380 0.038569 -0.000015 -0.002846 0.000000 -0.062074 -0.041289 0.092199 0.020305 -0.076119 -0.000001 -0.000001 0.000001 -0.000000 0.056937 -0.233250 0.096138 0.000001 0.071654 -0.080444 0.011504 0.052139 0.024208 0.147007 0.097847 -0.000246 -0.027005 -0.390106 -0.061058 -0.000000 0.122302 0.001384 0.095039 -0.029718 -0.147350 -0.027172 -0.276300 -0.115411 0.069488 -0.000001 -0.003017 -0.000000 -0.064445 -0.000746 -0.140969 -0.165692 -0.101818 0.127077 -0.000000 0.072435 -0.000001 -0.000001 0.035061 0.053841 0.000000 -0.063813 0.000000 0.139836 0.005940 -0.191589 -0.049992 0.170479 0.000000 0.000001 0.095521 -0.101301 0.090802 -0.021268 0.003498 0.074603 0.110423 0.104320 -0.066981 0.063884 0.095240 -0.000001 -0.014404 -0.029536
  -0.381595 0.000001 -0.049998 0.000000 0.210461 0.026359 0.118676 -0.000000 0.178406 -0.000000 -0.000077 -0.057480 0.231207 0.000000 -0.000000 0.000000 -0.000264 0.050821 -0.000000 -0.396176 -0.073968 0.059117 -0.045365 0.001822 -0.155935 -0.061417 0.000000 0.136572 -0.098719 0.054033 0.010839 -0.000000 -0.073983 -0.000000 0.000000 -0.000003 -0.011577 0.000000 -0.086630 -0.000000 0.159318 -0.033447 -0.074862 0.024603 0.068773 0.022985 0.094185 0.000826 0.001163 -0.000000 0.045154 0.000001 0.091561 -0.290267 0.022179 0.024692 -0.515830 -0.142353 -0.000000 0.030644 0.005161 0.000000 0.031963 -0.000001 0.181079 0.000418 -0.002026 -0.292161 -0.129526 -0.051827 -0.000000 0.017703 -0.000000 0.000000 -0.037271 -0.368006 -0.000000 -0.133257 0.000001 -0.010931 0.140882 -0.391332 -0.074919 0.149681 -0.000000 0.000000 0.184747 -0.059848 -0.065729 -0.015160 -0.040595 -0.100386 -0.140273 -0.665957 0.030509 -0.120781 -0.100461 0.000000 0.017193 -0.189300
  0.125947 -0.000001 0.085434 0.000000 -0.055202 0.050860 0.003216 -0.017186 0.049769 0.000001 -0.000214 0.027616 0.128480 0.000001 0.000000 -0.000000 -0.000161 0.167329 -0.000001 0.031814 -0.033989 -0.028853 -0.027794 0.149575 -0.016676 -0.002067 -0.000001 -0.075389 -0.062821 0.020331 -0.054120 -0.066767 -0.113158 -0.000000 0.000001 0.000002 -0.035721 0.039366 0.133659 -0.000001 0.099887 0.159766 -0.144131 -0.067397 0.142065 0.020864 -0.184977 -0.006273 -0.032118 0.050860 0.068384 0.000001 -0.060025 0.033860 0.014053 -0.027544 -0.069036 0.216284 0.096626 -0.018037 0.018674 -0.000000 -0.002810 0.000000 0.019488 -0.001070 -0.013149 0.127805 0.077563 -0.076172 -0.000000 -0.056897 -0.000000 0.000000 -0.004763 0.215032 0.000000 -0.037144 0.000000 -0.043015 -0.084318 0.017487 -0.052054 -0.123905 0.000000 -0.000000 -0.087911 0.158787 -0.005554 0.104287 -0.110068 0.011940 -0.002907 -0.013572 0.067674 0.029200 -0.095591 -0.000000 0.022062 0.140810
  -0.000008 0.000001 0.102752 -0.000000 -0.084392 -0.476888 0.225706 -0.071464 -0.035182 0.000000 -0.000051 -0.032323 0.061483 -0.000001 -0.000001 -0.000000 -0.000057 -0.057532 -0.000000 -0.104056 -0.308015 -0.079867 0.199766 -0.022901 -0.134502 0.096385 0.000001 -0.165707 0.085053 0.210975 -0.050115 -0.116645 0.131662 -0.000001 0.000000 0.000000 -0.154164 0.169988 -0.163340 0.000000 -0.030014 -0.152623 -0.244237 0.046595 -0.117479 -0.157451 -0.066612 -0.003947 0.086043 -0.106986 -0.256630 -0.000000 -0.133186 -0.016156 -0.004462 -0.110280 0.016818 -0.000000 0.154533 0.248355 0.134801 -0.000000 -0.122399 -0.000000 -0.099691 -0.000737 0.066192 0.000000 0.112286 -0.102872 0.000000 -0.101297 -0.000001 0.000000 -0.182440 -0.000000 -0.000000 -0.050085 0.000000 -0.008027 0.038621 -0.037072 -0.194941 0.034488 0.000000 0.000001 -0.000000 -0.100683 0.066904 0.049850 -0.159251 0.134444 0.141275 -0.000003 -0.057825 -0.000015 0.000000 0.000000 0.070907 0.077963
  -0.058799 -0.000001 -0.146018 -0.000000 0.055744 -0.107872 -0.052988 0.071577 -0.020418 -0.000000 -0.000004 0.158154 0.116362 0.000000 -0.000000 0.000000 0.000130 0.032849 -0.000000 -0.026167 0.022824 0.032507 0.106729 0.016811 -0.013264 -0.064978 0.000000 -0.117231 0.032471 -0.140111 -0.044788 0.000848 -0.000001 0.000000 -0.000000 -0.000002 -0.126332 0.178924 0.021267 -0.000000 -0.085976 -0.046732 0.061313 0.081419 0.072694 -0.106437 -0.005374 -0.001852 -0.054315 -0.000036 -0.032086 -0.000000 0.115079 0.067237 0.057789 0.073707 -0.167137 -0.005035 -0.162743 0.100483 -0.055766 0.000001 -0.021165 -0.000000 0.131237 0.000036 0.125476 0.044338 0.004187 0.178586 0.000001 -0.118484 0.000000 0.000000 0.029040 -0.105439 0.000000 0.106190 0.000000 0.001643 -0.122473 0.034891 0.139771 0.076723 -0.000000 -0.000001 0.067845 -0.042013 0.149874 -0.010065 0.024193 -0.054822 -0.083094 0.146626 -0.052419 -0.231736 -0.110960 0.000000 0.059528 -0.030532
  0.049588 -0.000000 -0.079963 0.000000 -0.375942 -0.000000 0.470472 0.075015 -0.181716 -0.000000 -0.000009 -0.100269 0.337377 -0.000000 -0.000000 0.000000 -0.000086 0.037327 0.000000 -0.181945 0.089065 -0.025199 -0.003105 -0.090929 -0.195744 0.018232 -0.000000 -0.280420 -0.066833 -0.007955 0.000000 0.000562 -0.000037 -0.000000 -0.000000 -0.000001 0.063704 0.164623 -0.281565 -0.000001 -0.138447 0.000155 -0.206441 0.053766 -0.113141 -0.056467 -0.196604 -0.000937 -0.364902 0.001241 -0.112161 0.000000 -0.352606 0.102277 -0.003943 -0.253030 -0.028540 -0.043437 -0.000591 -0.003311 -0.237149 -0.000001 -0.070340 0.000000 -0.109085 0.000054 0.129137 0.089589 -0.001603 0.088653 0.000000 -0.185285 0.000000 -0.000000 0.168116 -0.207002 0.000000 -0.040716 0.000000 -0.266569 -0.211230 -0.137923 -0.077724 -0.227159 -0.000000 0.000000 0.062271 0.251222 -0.188376 0.041190 -0.139788 -0.000139 -0.132218 0.213992 0.048601 -0.000000 -0.000000 -0.000000 0.021556 0.021934
  -0.107677 -0.000000 0.048809 -0.000000 0.084963 -0.072376 0.150019 -0.165719 0.027303 0.000001 -0.000131 0.182481 -0.049355 0.000001 0.000000 -0.000000 -0.000305 -0.075643 -0.000001 -0.074233 -0.123355 -0.016398 0.054717 -0.111434 -0.138838 0.026711 -0.000000 -0.162166 -0.094041 0.174685 0.063622 -0.310963 -0.207445 0.000000 0.000000 0.000000 0.030517 -0.063362 -0.118674 -0.000000 0.139612 -0.027599 0.105462 0.177344 -0.074573 0.078320 0.011604 0.002339 0.163330 -0.405565 -0.086487 0.000000 -0.134714 0.081009 0.114983 -0.020497 0.084818 -0.031488 -0.088003 -0.009651 0.089662 0.000001 0.057664 -0.000001 0.105189 -0.000637 -0.066357 -0.123760 -0.294173 0.137941 0.000000 0.030408 -0.000000 0.000000 -0.099399 -0.033621 0.000000 -0.054652 0.000000 -0.078257 -0.019730 0.042325 0.026258 -0.092958 -0.000001 0.000000 -0.036917 0.065344 0.108535 -0.045557 -0.120481 0.033310 0.189386 0.051070 -0.021671 0.100177 -0.066494 0.000001 0.190522 -0.058910
  -0.079212 -0.000000 -0.032981 0.000000 0.024258 -0.114636 -0.005431 0.060645 0.027669 -0.000000 -0.000061 0.142629 0.102828 -0.000000 -0.000001 -0.000001 -0.000230 0.059650 0.000001 0.011408 0.125443 0.001271 0.053926 0.040707 -0.067880 0.010384 0.000000 -0.133680 -0.013080 0.042224 0.110951 -0.000000 -0.009836 -0.000000 0.000000 0.000000 0.085421 -0.001932 0.011493 0.000000 -0.039258 -0.053250 -0.098583 -0.067202 0.089663 -0.081052 -0.054385 0.003810 0.011378 -0.000000 -0.060490 0.000001 0.141022 0.073513 -0.042948 0.050184 -0.231533 -0.102572 -0.243441 -0.013192 0.000256 -0.000000 -0.177194 -0.000000 0.040883 0.000298 0.044682 -0.052438 -0.011779 0.038975 -0.000000 -0.015425 0.000000 0.000000 -0.043197 -0.053783 0.000000 0.021699 -0.000000 -0.030351 -0.064350 -0.051925 -0.060400 0.125630 -0.000000 -0.000000 0.116915 0.100417 0.091565 -0.009444 0.081565 0.000692 0.004448 -0.171216 -0.006675 -0.110175 0.100912 -0.000000 0.163203 0.006155
  0.035043 0.000000 -0.111148 -0.000000 -0.049230 0.019789 -0.039238 0.026017 -0.034923 -0.000000 -0.000193 0.119420 0.057722 -0.000000 0.000000 -0.000001 -0.000196 0.061643 -0.000000 0.007897 -0.106537 0.131669 -0.106623 0.069273 -0.067438 0.063848 0.000000 0.056658 0.010217 0.118403 -0.115529 -0.088522 -0.135754 0.000001 -0.000000 0.000000 0.064096 -0.093572 -0.067584 -0.000000 -0.007397 -0.079397 -0.095130 0.173955 0.157996 -0.072765 0.017167 -0.003565 0.090186 0.000000 -0.052343 -0.000000 0.110910 0.002315 -0.114104 0.033278 -0.079268 -0.055019 0.148991 0.094787 -0.000640 0.000001 0.030218 0.000000 -0.007178 -0.000750 0.125912 -0.058221 0.095278 0.058059 0.000000 -0.074631 0.000000 0.000000 -0.070176 0.171375 -0.000001 -0.084786 0.000000 -0.003850 0.062137 -0.169148 0.144691 -0.119058 -0.000001 -0.000001 0.063258 0.207091 0.016840 0.115654 -0.103185 0.046758 -0.007398 -0.044186 -0.110783 0.064419 -0.021969 0.000000 0.013520 -0.129657
  0.060318 -0.000000 0.089633 0.000000 -0.000001 0.000005 -0.291955 0.019240 -0.038910 -0.000000 -0.000005 -0.023317 0.000001 0.000000 -0.000000 0.000000 -0.000036 0.054801 0.000000 -0.085824 -0.688884 0.010394 0.015148 -0.190739 0.043991 -0.261959 0.000000 0.049119 0.016823 -0.000000 0.000000 -0.135032 0.000000 -0.000000 0.000000 -0.000000 0.022185 -0.110211 -0.177218 0.000000 -0.042232 -0.095673 -0.000000 -0.021909 -0.002290 -0.042093 -0.044750 -0.000631 -0.249187 -0.039442 -0.129698 0.000001 0.000000 -0.000001 0.098200 -0.085049 0.051390 -0.000000 0.049735 0.000000 -0.079100 -0.000000 -0.109392 0.000000 -0.155612 -0.000174 0.000005 -0.000000 -0.159701 -0.247670 0.000001 -0.106651 -0.000000 -0.000000 -0.171296 -0.000001 -0.000000 -0.007938 0.000000 -0.081914 -0.138472 -0.018883 -0.061668 -0.139251 -0.000000 -0.000000 -0.264966 -0.127501 -0.017669 -0.114073 -0.087375 -0.107277 -0.121283 -0.015700 -0.183509 0.000000 -0.000001 0.000000 -0.183659 0.013670
  -0.132062 0.000000 -0.026661 0.000000 -0.086044 -0.129661 -0.016665 -0.097337 -0.090788 0.000001 -0.000180 -0.039212 0.179609 0.000000 -0.000000 0.000000 0.000040 0.094133 -0.000000 0.006430 -0.201208 -0.073561 -0.128514 0.182326 0.069364 0.101579 -0.000000 -0.023861 -0.088978 -0.102820 -0.262296 0.079573 0.063999 -0.000001 -0.000001 -0.000001 -0.023426 0.146028 0.064517 0.000000 0.023321 -0.027030 -0.151002 0.061353 0.124136 -0.102232 0.015601 -0.005877 0.036771 0.116669 0.057135 -0.000000 -0.108979 -0.089266 -0.097139 -0.109011 0.082045 -0.064993 -0.085577 0.076832 -0.077807 -0.000000 -0.021821 -0.000000 -0.044361 -0.001029 0.014299 -0.060854 -0.100779 -0.094891 -0.000001 0.052836 -0.000001 0.000000 -0.007737 -0.189469 0.000000 -0.113614 -0.000000 -0.006736 0.042528 -0.078170 -0.099544 0.158875 -0.000001 0.000000 0.000000 -0.127092 -0.082600 -0.103504 0.060770 0.046356 0.095122 -0.159373 0.075473 -0.158751 -0.446796 0.000000 -0.212814 -0.128375
  -0.180170 -0.000000 0.083095 0.000000 -0.010854 0.113293 -0.058757 -0.017778 -0.011385 -0.000001 -0.000082 -0.041962 0.040609 -0.000000 0.000000 0.000000 -0.000250 -0.081683 -0.000000 -0.210822 0.034438 0.041900 -0.025594 -0.028822 -0.223034 0.201690 -0.000000 0.070222 0.127189 -0.033201 -0.059509 0.000001 0.000000 -0.000000 -0.000000 0.000001 -0.024405 0.057593 0.164355 0.000000 0.166676 -0.158823 -0.064503 -0.038398 0.111876 -0.006467 -0.036914 0.001846 0.148550 -0.000000 -0.007992 -0.000000 -0.114206 -0.131637 -0.104469 0.064770 -0.025122 -0.118915 -0.017110 -0.065599 -0.087041 0.000000 -0.067786 0.000001 0.159484 0.000129 0.139563 -0.197222 -0.000000 0.031748 -0.000000 0.190376 -0.000001 0.000000 -0.038518 -0.039698 -0.000000 -0.101816 0.000000 -0.060051 0.071882 -0.289122 0.115942 0.121218 -0.000000 0.000000 0.235095 -0.139179 0.164003 -0.059209 -0.061910 0.049561 0.177413 -0.172689 0.084391 0.041839 -0.131914 -0.000000 0.075551 -0.111952
  0.091452 -0.000000 -0.001057 0.000000 -0.148499 0.010336 -0.124226 -0.012533 0.010902 0.000000 -0.000224 -0.009449 0.039108 -0.000000 -0.000000 0.000001 -0.000133 0.016823 0.000000 -0.134455 0.027932 0.031716 0.030672 -0.031850 -0.103967 -0.043989 0.000001 0.012044 -0.002792 -0.224242 -0.291131 0.055836 0.036500 0.000000 -0.000000 0.000000 -0.066709 -0.073137 -0.002036 -0.000000 -0.061574 0.043891 0.061147 0.062785 -0.013519 -0.115795 -0.191563 -0.008223 0.022503 0.053639 -0.092699 -0.000000 -0.154269 0.026194 0.107405 0.132265 0.023859 0.000199 0.163911 -0.006953 -0.095422 -0.000000 -0.053106 -0.000000 -0.003577 -0.000947 -0.026138 -0.085358 0.014055 0.079833 0.000000 -0.016720 0.000001 0.000001 -0.088761 -0.096343 0.000000 0.101744 0.000001 0.108259 0.044630 0.043208 -0.182453 -0.061920 -0.000000 0.000000 -0.238282 0.063825 -0.057186 0.027590 -0.217508 -0.088838 0.094626 0.058956 0.148510 -0.386425 -0.093025 -0.000000 -0.035591 0.078626
  -0.047357 0.000000 -0.027116 0.000000 -0.009815 -0.215665 -0.076367 -0.133086 0.204158 0.000001 -0.000026 -0.227803 -0.052500 -0.000000 -0.000000 -0.000000 0.000065 -0.613049 0.000000 0.244633 -0.531517 -0.427010 -0.133242 -0.062857 -0.474536 -0.089215 0.000001 0.060660 -0.076399 -0.027657 0.284735 0.286348 0.252862 -0.000000 0.000000 -0.000000 0.051635 -0.055457 -0.070687 0.000000 -0.030069 -0.084244 0.090727 -0.019577 0.034573 0.053525 0.250685 -0.005489 -0.177228 -0.373421 -0.011999 0.000001 0.019648 -0.194630 0.127905 -0.060953 0.013359 -0.158973 -0.483648 -0.040049 -0.205347 0.000000 0.136356 -0.000000 0.121163 -0.001083 -0.336133 -0.299582 0.265230 0.116786 0.000000 0.142927 0.000000 0.000001 0.103125 -0.156813 0.000000 -0.075882 0.000000 -0.098397 0.077258 -0.053459 0.082081 -0.105450 -0.000000 -0.000000 0.000001 0.230599 -0.061631 0.096368 0.128335 0.007006 0.103106 -0.000000 0.145690 -0.579693 0.100452 -0.000001 -0.031137 0.115676
  -0.000000 -0.000000 0.096487 -0.000001 -0.068393 0.187135 0.138665 0.000000 0.106171 0.000000 -0.000076 0.080620 -0.053606 0.000000 0.000000 -0.000000 -0.000033 0.010254 0.000001 -0.000007 -0.135591 0.100964 -0.011747 -0.085844 -0.165953 -0.104142 -0.000001 0.088684 -0.141571 0.209211 0.189909 0.187738 0.192342 -0.000001 -0.000001 -0.000001 0.201188 0.052104 0.016816 0.000000 -0.102785 0.224548 0.065793 -0.000000 -0.046633 0.043891 -0.020614 -0.003765 -0.247282 -0.000000 0.077983 0.000000 0.295459 -0.306338 0.210576 0.047440 -0.221456 -0.000001 0.000004 0.057809 -0.017077 -0.000000 -0.149550 0.000000 -0.047925 -0.000148 0.000000 0.000000 0.165812 0.020982 0.000000 0.039621 -0.000000 0.000000 0.012057 0.000000 0.000000 -0.002942 -0.000000 -0.008630 0.261065 -0.014326 0.028437 -0.094446 0.000000 -0.000000 -0.050552 -0.000001 -0.090204 0.192713 -0.034466 -0.069421 -0.015191 0.000000 0.137358 -0.043175 0.060921 -0.000000 0.281763 0.162173
  -0.192394 0.000000 -0.184995 0.000000 0.077618 -0.221233 -0.228996 0.000000 0.296025 -0.000000 -0.000170 0.178457 -0.023394 -0.000001 -0.000000 0.000000 -0.000193 -0.133500 -0.000000 0.000000 -0.213292 0.128745 0.058516 0.120942 -0.037761 0.007467 0.000000 -0.084867 0.115414 0.027276 -0.082137 -0.042026 0.116797 -0.000000 0.000000 -0.000001 0.049532 0.085463 -0.058634 -0.000000 0.160251 0.033897 -0.055562 -0.131741 0.047537 -0.088391 0.222880 -0.002552 0.117790 0.000000 -0.059182 0.000000 -0.073495 -0.060103 -0.146098 0.042914 -0.047447 -0.342610 -0.402104 -0.011402 0.054184 -0.000000 0.049708 0.000000 0.157082 -0.000461 0.036890 -0.172581 -0.000598 -0.168826 -0.000000 0.071188 -0.000000 -0.000001 -0.195832 -0.170525 0.000000 -0.192402 0.000000 0.021408 0.009142 -0.002889 0.194077 0.010172 0.000000 -0.000001 -0.072350 -0.162975 0.095182 -0.205843 0.175324 -0.034283 0.224555 0.000000 -0.055725 0.057196 -0.004612 -0.000000 0.147225 -0.111175
  -0.204859 0.000000 -0.087124 -0.000000 0.057927 0.064552 0.117792 0.000000 0.137840 0.000001 -0.000053 -0.059784 0.116898 0.000000 0.000000 -0.000000 -0.000063 -0.044762 -0.000000 -0.002305 0.058197 -0.033169 0.081502 0.013763 -0.068754 -0.097302 -0.000000 -0.204579 0.090080 0.112371 -0.042463 0.046722 0.103947 -0.000000 -0.000000 0.000000 0.101054 -0.259089 -0.020301 0.000001 -0.052867 -0.111015 0.021670 -0.086938 0.014367 0.126907 0.101691 -0.001081 0.149836 -0.000000 0.032223 0.000000 -0.001637 -0.143725 -0.163160 0.021853 0.060203 -0.169722 -0.096127 -0.066304 -0.016381 -0.000000 -0.077061 -0.000000 0.132748 0.000042 0.150003 -0.192820 0.190342 -0.049073 -0.000001 0.117303 0.000000 -0.000000 -0.034775 -0.164903 0.000000 -0.046681 0.000001 -0.130632 -0.034007 -0.020289 0.033301 -0.000424 0.000000 0.000000 0.109561 -0.023636 0.097707 -0.012649 0.134807 -0.101487 0.035243 -0.000423 -0.025286 -0.091047 0.120647 -0.000000 -0.027061 0.015559
  -0.083784 -0.000000 -0.059402 -0.000000 -0.012114 0.077006 0.083663 -0.274087 -0.022212 -0.000000 -0.000232 -0.134181 -0.125161 0.000000 -0.000000 -0.000001 -0.000126 0.131089 0.000000 -0.270245 0.021228 -0.041783 0.130926 0.120290 -0.068052 0.094353 -0.000000 -0.092003 0.034664 0.007897 0.165597 -0.094786 0.018607 0.000000 0.000000 -0.000001 -0.027792 0.045248 -0.114952 0.000001 0.102782 -0.064371 -0.090968 -0.084013 0.110990 -0.059810 -0.014591 -0.004074 0.014464 -0.000001 -0.145653 0.000001 0.131229 0.079613 -0.131249 -0.068916 0.030842 -0.079402 0.279047 0.033298 -0.214919 0.000001 0.148958 -0.000001 0.003926 -0.001218 0.031382 -0.029127 0.048949 0.130987 -0.000000 -0.106752 0.000000 -0.000000 0.123890 0.023378 -0.000000 -0.067986 0.000000 -0.041923 0.091372 -0.096519 -0.098884 -0.026951 0.000001 0.000001 -0.078470 0.012786 -0.112102 0.010628 -0.014325 0.122239 0.134398 -0.000675 0.001478 0.142043 0.042823 -0.000001 -0.092761 -0.033542
  -0.123415 -0.000000 -0.086240 0.000000 0.041264 -0.374085 -0.093123 -0.458261 0.344032 -0.000000 -0.000031 -0.186710 -0.293731 -0.000000 -0.000000 -0.000000 0.000077 -0.524228 0.000000 0.020643 -0.505577 -0.861604 -0.091274 0.018347 -0.439180 -0.122821 -0.000000 0.015844 -0.068515 -0.008634 0.151429 0.051606 0.113710 -0.000001 0.000001 -0.000000 -0.017130 0.140220 0.041299 -0.000000 0.129514 0.149200 0.053337 -0.144035 0.023688 0.120848 0.023565 -0.005396 0.052860 -0.013159 -0.011995 -0.000000 0.018222 -0.280215 0.098434 -0.006215 -0.009192 -0.117821 -0.558851 0.131232 -0.512621 -0.000000 0.130940 0.000000 -0.018861 -0.001110 -0.086329 -0.182823 0.186463 0.029665 -0.000000 0.074027 -0.000001 -0.000000 0.055084 -0.214911 0.000000 0.002087 0.000000 -0.119205 -0.041165 -0.039161 0.157745 0.135334 0.000000 -0.000000 -0.000001 0.206193 -0.121678 -0.100263 0.220524 -0.018660 0.064244 -0.000001 0.125959 -0.382351 0.195192 0.000001 -0.100770 0.083236
  -0.009504 -0.000000 0.111464 0.000000 -0.056448 -0.018828 0.030790 -0.093161 -0.083277 -0.000000 -0.000261 0.086583 -0.047099 -0.000001 0.000000 0.000000 -0.000197 -0.082046 -0.000000 0.090597 0.046847 0.094923 0.110166 0.078876 0.097791 -0.056812 -0.000001 0.136057 -0.066505 -0.049611 0.038724 -0.066977 0.014796 0.000000 -0.000000 0.000001 -0.056849 -0.015174 0.037383 0.000000 0.107509 -0.003031 0.044008 -0.189695 0.131209 -0.023855 0.040075 -0.005965 -0.096734 -0.018126 0.118914 0.000000 0.117895 0.025470 0.012108 -0.094351 0.086965 -0.007031 0.039218 0.103523 0.124442 -0.000000 0.015229 0.000000 -0.077548 -0.001190 -0.156787 0.126153 -0.116053 -0.074733 -0.000000 -0.036077 0.000000 -0.000001 0.010894 -0.008113 0.000000 0.082655 0.000000 0.072032 -0.064797 0.072964 0.002498 0.023683 0.000000 -0.000001 -0.021980 0.071497 -0.085712 -0.108102 -0.121799 0.118276 -0.029603 -0.203552 -0.030562 0.074547 0.106063 -0.000001 -0.079707 0.137699
  -0.164899 -0.000000 0.154736 0.000000 -0.040031 -0.144474 -0.125370 -0.097419 0.161944 -0.000000 -0.000106 0.184836 -0.032906 -0.000001 0.000000 0.000000 -0.000167 -0.148880 0.000000 0.044284 0.121242 -0.098714 0.060294 0.168375 0.010140 0.067854 -0.000001 -0.055090 0.009889 0.161778 -0.112508 -0.325344 -0.166642 -0.000000 -0.000000 0.000001 0.097143 0.042011 0.082018 -0.000000 0.184601 -0.074940 0.092493 -0.063545 0.188880 0.061665 0.064593 0.004368 0.021903 0.012086 0.083514 -0.000001 0.146011 0.095983 -0.072831 0.121894 -0.038706 0.015169 -0.071376 0.031088 0.039974 -0.000000 0.031520 0.000000 0.070892 0.000378 0.111800 0.001771 -0.349599 -0.047709 -0.000000 0.153426 -0.000000 0.000000 -0.136965 -0.002724 0.000001 0.046683 -0.000000 -0.023275 -0.045912 -0.027899 0.130328 0.119157 -0.000000 0.000001 0.044011 -0.054859 0.040025 0.031533 0.024608 0.037934 0.084166 -0.074332 0.077137 -0.041653 -0.109418 0.000000 0.173178 0.113831
  0.030821 -0.000000 0.005063 -0.000000 -0.054119 -0.163054 -0.112524 -0.007680 -0.045207 0.000000 -0.000150 -0.100611 -0.051877 -0.000000 -0.000000 0.000000 -0.000075 0.077090 0.000001 0.083000 0.103896 -0.063127 -0.111030 -0.073993 0.119231 0.142782 0.000000 -0.148086 0.134296 -0.098322 -0.117117 -0.012480 -0.051095 0.000000 -0.000000 -0.000000 0.021837 0.099062 0.036135 -0.000000 0.071926 0.110795 -0.140434 -0.001884 -0.086030 -0.134777 -0.132348 -0.003229 -0.125822 0.088411 0.103780 0.000000 -0.076806 -0.003808 -0.080458 -0.003820 -0.060113 -0.118196 0.087812 0.023245 -0.057530 -0.000000 0.025251 -0.000001 0.082523 0.000440 -0.089700 -0.037373 0.018081 -0.097076 -0.000000 0.159608 0.000000 -0.000001 0.018619 0.124564 -0.000000 -0.135102 0.000000 0.024396 0.035204 -0.132402 -0.220515 0.025261 -0.000000 -0.000000 -0.088601 -0.057395 0.106469 0.087952 -0.090908 -0.023074 -0.150755 0.056617 -0.093116 0.000001 -0.161701 -0.000000 -0.092776 -0.025463
  0.035205 -0.000000 -0.060887 0.000000 0.100705 0.197589 -0.103999 -0.006651 0.262390 -0.000001 -0.000048 0.073503 0.058958 -0.000000 -0.000001 0.000001 -0.000067 0.023592 -0.000000 0.158023 -0.192449 -0.060720 0.067554 0.188759 0.061090 0.007640 -0.000000 -0.034316 -0.039274 -0.146730 0.063878 0.063456 0.018933 -0.000000 -0.000000 -0.000001 -0.103156 -0.205823 0.067550 0.000000 0.164390 0.096953 0.003931 -0.009200 0.060932 -0.035578 0.162516 -0.002782 -0.004053 0.000200 -0.078770 -0.000001 -0.048276 -0.031030 -0.082246 0.089831 0.157091 -0.000001 -0.000320 0.128728 0.063539 -0.000000 0.093920 0.000000 0.016115 -0.000096 -0.000002 0.000000 -0.182991 0.123999 0.000000 0.062532 -0.000000 0.000000 -0.077364 -0.000000 0.000000 0.007562 0.000000 -0.028633 0.000296 -0.125245 0.184388 0.045523 0.000000 -0.000000 -0.224214 -0.001772 -0.029098 -0.019968 0.149048 0.129060 0.151989 -0.029091 -0.108934 -0.189318 0.013479 0.000000 0.035903 -0.083313
  -0.069856 0.000000 0.004875 -0.000000 -0.059604 -0.062943 0.011539 0.135748 -0.028640 0.000000 -0.000107 0.030365 -0.000002 0.000000 -0.000000 0.000000 -0.000162 -0.127561 -0.000001 0.044822 -0.067255 0.028126 -0.044134 0.005236 -0.259360 0.009151 -0.000001 -0.122935 0.080138 0.114720 -0.061136 -0.010855 -0.000001 -0.000000 -0.000001 0.000001 -0.093990 -0.243826 -0.079719 -0.000000 0.049088 -0.071980 -0.339060 0.039909 -0.019731 0.044653 0.065653 -0.003495 0.002721 -0.238667 -0.020571 -0.000000 -0.019490 -0.000010 0.135133 0.124715 -0.136635 -0.123340 -0.081637 -0.208019 0.013565 -0.000000 0.052006 -0.000000 -0.062754 -0.000696 0.141962 -0.101668 0.078198 -0.066741 0.000000 -0.246001 0.000000 -0.000000 -0.017943 -0.079226 0.000000 -0.107947 0.000000 0.006569 -0.015223 -0.141909 -0.020821 -0.011686 -0.000000 0.000000 -0.024904 0.124161 -0.004740 0.061960 -0.080620 -0.381754 0.014035 0.070529 0.069738 -0.163395 -0.106391 0.000000 -0.129461 0.049957
  -0.059388 0.000000 -0.093777 -0.000000 0.101123 0.136141 -0.038696 -0.017395 0.073626 0.000001 -0.000148 0.148597 -0.217269 -0.000001 0.000000 0.000000 -0.000269 -0.048180 0.000000 -0.043282 -0.016109 0.031362 0.015258 0.073135 -0.068596 -0.008697 0.000000 -0.004327 0.033566 -0.066244 -0.152708 -0.062479 -0.108991 -0.000000 0.000000 0.000000 0.094390 -0.201852 0.056484 -0.000000 -0.049204 -0.129393 0.041321 -0.103753 -0.092382 -0.091084 0.084283 -0.006221 0.084329 0.000000 0.218171 -0.000000 0.077808 -0.075022 0.061932 0.037137 -0.114412 -0.276033 0.256931 0.091743 0.120296 0.000000 -0.096475 0.000000 0.079797 -0.000331 0.010767 -0.178366 0.071049 -0.112281 -0.000000 0.046256 -0.000000 0.000000 -0.128306 -0.163835 0.000000 0.083340 0.000001 0.068465 0.064626 -0.043294 -0.106842 -0.029492 0.000000 0.000000 -0.067014 -0.051283 -0.010882 -0.077561 -0.070231 0.081366 0.010395 0.014500 -0.072050 0.163417 -0.078613 -0.000001 0.188977 -0.042924
  0.000000 -0.000000 0.145345 0.000000 -0.025561 0.114827 0.046226 0.000000 -0.151825 -0.000000 -0.000052 -0.178859 0.062903 -0.000000 -0.000000 -0.000000 0.000019 0.136682 0.000001 -0.000000 0.168630 0.089307 -0.346672 -0.065402 -0.050164 -0.097887 0.000000 -0.073970 -0.060369 0.112392 0.170479 -0.021778 0.045902 0.000001 0.000000 -0.000003 0.224256 -0.049619 -0.106522 -0.000001 -0.057755 0.076770 -0.010593 -0.000000 -0.206292 0.171955 -0.081660 -0.003125 -0.181611 0.000000 -0.120276 -0.000000 0.247410 -0.207259 0.347924 0.043913 -0.236496 0.000000 0.000000 -0.080208 -0.352242 0.000000 0.030043 -0.000000 -0.007075 -0.000163 0.009494 0.000000 0.093071 0.014417 0.000000 0.246886 0.000000 0.000000 0.176723 0.000000 0.000000 0.289830 -0.000001 -0.438663 0.287625 -0.155376 -0.037839 0.000730 -0.000001 0.000000 0.097996 -0.000000 -0.157863 0.309352 -0.175139 0.025024 -0.184067 0.000000 0.308383 0.050619 0.174041 0.000000 0.018493 0.211366
  0.252954 0.000000 0.025038 -0.000000 -0.371910 0.016690 0.311110 0.127282 -0.267448 0.000000 -0.000014 -0.153219 -0.154417 -0.000000 -0.000001 0.000001 -0.000102 0.122536 -0.000000 0.086927 0.195451 0.122622 -0.200850 -0.188578 -0.034998 -0.133671 -0.000001 -0.071529 0.006136 -0.000000 0.000689 -0.226533 -0.000001 0.000000 -0.000000 0.000000 0.129477 -0.512932 0.053425 -0.000000 0.024339 -0.242786 -0.033786 0.035167 -0.047776 0.019543 -0.144789 -0.002803 -0.040135 -0.253588 -0.100601 0.000000 -0.049387 -0.186161 -0.037664 0.062764 -0.149102 0.000000 0.091492 -0.000000 -0.005435 -0.000000 -0.112379 0.000000 0.046335 -0.000449 -0.189104 0.033920 -0.180624 0.037276 -0.000000 0.029668 -0.000000 -0.000000 -0.026723 -0.037274 -0.000000 0.120967 0.000000 -0.117896 0.025843 0.007490 0.044326 -0.130547 0.000001 -0.000000 0.146449 0.258861 -0.210166 -0.024063 -0.041165 -0.071149 -0.075952 0.135090 0.052867 -0.000006 -0.182155 -0.000000 -0.081050 0.049046
  -0.067292 -0.000000 0.161094 -0.000000 -0.079701 -0.126061 0.064459 0.117639 -0.138948 -0.000001 -0.000304 -0.198005 -0.095416 -0.000000 -0.000000 -0.000000 -0.000012 0.184366 0.000000 -0.031262 0.008928 -0.023262 -0.020627 0.077617 0.021037 0.100335 0.000001 -0.010383 -0.117767 -0.139271 -0.068302 -0.021674 -0.059049 0.000000 -0.000000 -0.000000 0.034367 0.076554 0.001983 0.000000 0.046053 0.014525 -0.156884 -0.073449 0.105098 0.051214 0.089700 -0.005175 -0.130305 -0.172244 -0.131393 0.000000 0.079022 -0.031646 -0.002189 -0.007477 -0.000713 -0.156472 -0.132738 -0.097031 -0.215956 -0.000000 -0.121598 0.000000 -0.019793 -0.001273 -0.087500 -0.046438 -0.029762 -0.103326 0.000000 -0.135054 0.000001 0.000000 0.011152 -0.064658 0.000000 -0.052723 0.000000 -0.122237 -0.115942 -0.002793 0.028875 0.141102 -0.000001 0.000000 -0.263650 -0.081334 -0.044777 -0.025540 -0.095617 0.014249 0.059918 -0.033840 0.016271 0.160877 0.068126 -0.000000 -0.031752 0.118448
  0.035180 -0.000000 -0.070371 0.000000 -0.177432 0.147066 -0.192667 0.101078 -0.002272 -0.000000 -0.000281 -0.033707 -0.000979 -0.000001 -0.000001 -0.000000 -0.000066 -0.117065 -0.000000 -0.005460 0.089967 0.065038 -0.089062 -0.104743 0.053730 -0.038258 0.000000 0.138353 0.077132 -0.359724 0.199965 0.065070 -0.035259 -0.000000 -0.000000 -0.000002 0.025308 0.049700 -0.018594 -0.000000 -0.010715 0.053664 0.102398 -0.066203 -0.007779 -0.101834 0.063999 -0.010506 0.097897 -0.055570 0.158026 -0.000001 -0.004153 -0.149061 0.103926 0.023192 0.042484 0.031813 -0.085019 -0.338120 0.135684 -0.000000 -0.070107 -0.000000 0.046333 -0.001181 -0.060396 -0.274595 -0.008584 0.100427 0.000001 0.070481 -0.000000 0.000000 -0.013062 -0.169340 0.000000 0.079292 0.000000 0.046241 -0.068507 -0.061292 0.089575 -0.056084 -0.000000 0.000000 -0.018654 0.008253 0.082770 0.097502 0.024109 -0.154376 -0.005194 -0.032448 -0.098438 -0.213541 -0.087306 -0.000000 0.121928 -0.053496
  -0.060653 0.000000 -0.201538 0.000000 0.064529 -0.112717 0.001505 -0.000000 0.175410 -0.000001 -0.000170 0.055315 0.043900 -0.000000 0.000000 0.000000 -0.000182 -0.004810 -0.000000 0.000002 -0.045197 0.161919 0.104506 0.028981 -0.106026 0.019873 0.000000 -0.121389 0.056225 0.096617 -0.076779 0.019563 -0.079875 -0.000001 0.000000 -0.000002 -0.087275 0.084060 -0.024126 0.000001 0.173074 -0.106538 -0.144875 -0.153354 0.044807 -0.166809 0.132225 -0.003024 0.149600 -0.000000 -0.089930 -0.000000 0.121518 0.056323 0.063902 -0.010252 -0.040714 -0.291541 -0.202180 0.053714 0.004839 -0.000000 0.176458 -0.000001 0.141695 -0.000690 0.046024 -0.203231 -0.002867 -0.035532 -0.000000 -0.030193 0.000000 0.000000 0.041470 -0.271766 0.000000 -0.049271 -0.000000 -0.003830 -0.047543 -0.082473 -0.051138 -0.088372 0.000000 0.000000 0.089428 0.012763 -0.091053 0.079260 0.148521 0.026242 0.107184 0.000001 -0.002933 0.126887 -0.151724 -0.000000 0.028590 -0.015507
  0.050768 0.000001 -0.105277 -0.000001 0.061069 -0.007710 -0.086177 0.202750 0.078137 0.000000 -0.000011 -0.104534 0.125883 0.000000 -0.000000 -0.000000 0.000008 -0.067190 -0.000000 -0.021279 -0.072644 0.013605 -0.075634 0.028694 -0.086686 -0.078305 -0.000001 0.078750 0.125892 -0.132804 -0.028260 -0.150976 -0.013143 -0.000000 0.000000 -0.000001 -0.043410 0.176431 -0.015261 -0.000000 -0.125765 -0.063258 -0.009107 -0.049144 0.123825 -0.108557 -0.061972 -0.002881 -0.045206 -0.146235 0.014957 0.000000 -0.092208 0.160275 0.058501 -0.115597 0.015534 -0.072193 -0.086704 0.170200 0.109045 -0.000001 -0.004269 -0.000000 -0.060440 -0.000181 -0.057212 0.051304 -0.226986 -0.049729 0.000000 0.105857 -0.000000 -0.000000 0.033332 -0.043780 -0.000000 0.079285 -0.000001 -0.158007 -0.107987 -0.036778 -0.132849 0.118480 -0.000000 -0.000001 0.026769 0.088958 -0.008265 -0.095211 0.087525 -0.085643 -0.047341 -0.052342 -0.031379 -0.201208 -0.108810 -0.000000 0.001715 -0.217188
  -0.238046 -0.000000 0.118911 -0.000000 0.076629 -0.072345 -0.123899 -0.000002 -0.005753 -0.000000 -0.000244 0.097963 -0.160182 0.000000 -0.000000 -0.000000 -0.000262 -0.042017 -0.000000 0.078655 0.111901 -0.040638 -0.122331 0.126443 0.012053 -0.030886 -0.000000 -0.110008 -0.002628 0.050647 -0.111826 -0.024597 0.070548 0.000000 -0.000000 -0.000000 0.063239 0.043717 0.034843 -0.000000 0.065330 0.049410 -0.129581 -0.342457 -0.046389 0.061341 -0.042713 -0.005184 0.104934 0.000000 0.217423 0.000001 -0.136640 0.042862 -0.009378 0.092123 -0.066203 0.073563 0.025117 0.100333 -0.044388 -0.000000 0.061226 -0.000001 0.080290 -0.000832 0.047756 -0.134617 0.019232 0.031595 -0.000000 -0.127898 -0.000001 0.000000 0.012395 -0.087781 0.000000 -0.020307 -0.000000 -0.145986 -0.063189 0.135766 0.114866 -0.046519 0.000000 0.000000 -0.053744 -0.151969 -0.122228 0.015852 0.136949 0.074452 -0.133882 -0.367048 0.088259 0.123136 0.008771 0.000000 -0.085328 0.079953
  -0.015808 -0.000000 0.040384 -0.000000 -0.124053 -0.286558 -0.118730 -0.049785 0.045018 0.000000 -0.000089 -0.097846 -0.132772 0.000000 -0.000000 -0.000000 0.000002 0.016977 0.000000 -0.023055 -0.137921 0.064375 -0.056994 0.000946 -0.264463 0.071547 -0.000001 0.133271 0.150611 -0.174865 0.101106 -0.019950 0.000000 -0.000000 0.000000 -0.000000 0.152048 -0.133385 0.001174 0.000000 0.115564 0.030436 -0.153104 -0.056261 0.169037 0.074317 0.129494 -0.004393 -0.040624 -0.125822 0.098520 -0.000001 0.121200 -0.002054 -0.052310 -0.042095 -0.101798 -0.185487 -0.182777 -0.187729 0.125895 -0.000001 0.002172 -0.000000 0.010153 -0.000894 -0.006011 0.034512 0.045580 -0.105965 -0.000000 0.053020 -0.000000 0.000000 0.040597 -0.065836 -0.000000 -0.045138 0.000000 0.001338 0.074386 -0.269944 0.072401 0.118208 -0.000000 -0.000000 0.100294 -0.152406 -0.009928 -0.117860 0.017127 -0.333745 0.185715 0.065306 0.086590 -0.107360 0.014704 -0.000000 0.066272 0.059711
  -0.000000 0.000001 0.000000 0.000000 -0.000000 -0.000000 -0.000001 -0.000000 0.000000 -0.000000 -0.000000 0.000001 -0.000000 -0.000000 -0.000000 -0.000001 0.000000 0.000000 0.000000 -0.000000 0.000000 -0.000000 -0.000000 -0.000001 -0.000000 -0.000000 -0.000000 0.000001 -0.000000 -0.000000 -0.000000 0.000000 -0.000001 0.000000 0.000001 -0.000000 -0.000000 -0.000001 0.000000 -0.000000 -0.000000 -0.000000 0.000000 -0.000000 -0.000000 0.000000 0.000000 0.000000 -0.000000 0.000000 0.000000 -0.000000 0.000000 -0.000000 0.000001 -0.000000 0.000000 -0.000000 0.000001 -0.000000 0.000001 0.000000 -0.000000 0.000000 0.000001 -0.000000 -0.000000 0.000000 -0.000000 -0.000001 -0.000000 -0.000000 -0.000000 -0.000000 0.000000 0.000000 -0.000000 0.000000 0.000000 0.000001 -0.000001 -0.000000 0.000001 0.000001 0.000000 0.000000 -0.000000 0.000000 -0.000000 -0.000000 0.000000 -0.000000 -0.000000 0.000001 -0.000000 0.000001 0.000001 0.000000 -0.000000 -0.000000
  -0.003012 -0.000000 -0.043090 0.000001 0.010310 0.012630 -0.187353 0.114461 0.140805 -0.000000 -0.000013 0.085974 0.058153 0.000000 -0.000000 -0.000000 -0.000013 0.142545 -0.000000 0.068220 -0.028296 -0.013022 -0.060606 -0.006680 -0.029531 -0.086323 -0.000000 -0.068513 0.087471 0.018440 0.098929 -0.399018 -0.496710 0.000000 0.000000 -0.000000 -0.091535 0.143121 -0.019575 0.000000 0.016493 -0.012596 0.067464 0.011781 -0.024780 0.007036 0.167111 -0.002514 -0.157325 0.032285 0.128214 -0.000001 0.056772 -0.018599 -0.040643 0.036288 -0.143067 0.005242 0.131368 0.175415 -0.084682 0.000000 0.054500 0.000001 -0.014923 0.000286 0.164878 0.116492 -0.289548 0.011666 -0.000000 -0.020418 -0.000000 -0.000000 0.102758 -0.108177 0.000000 -0.125596 -0.000000 -0.209104 -0.054364 0.129478 0.096448 -0.085265 -0.000000 -0.000000 -0.127064 0.042073 0.021046 0.035354 0.271587 0.238970 -0.015494 0.222582 0.101639 0.000000 -0.003239 -0.000000 -0.003304 0.064272
  0.044215 0.000000 0.123378 -0.000000 -0.009889 -0.022668 0.057696 -0.380750 0.061346 0.000000 -0.000455 0.129070 0.179957 -0.000001 -0.000000 0.000001 -0.000314 -0.068719 -0.000001 -0.087907 0.164041 -0.090967 -0.011731 0.079904 -0.060509 -0.032210 -0.000000 0.086259 -0.068044 0.097278 0.034553 -0.078046 -0.147248 -0.000000 -0.000000 0.000001 0.090369 -0.019906 0.074153 0.000000 0.120156 0.013849 -0.067982 -0.581215 0.010139 0.001995 -0.011839 -0.006012 0.044820 -0.000000 -0.024998 -0.000000 -0.081447 0.051379 -0.017342 0.014209 0.012139 -0.100746 -0.072360 0.104177 0.013061 -0.000000 -0.160337 -0.000000 0.057045 -0.001335 0.065739 -0.082848 -0.089766 0.103377 0.000001 -0.121355 -0.000000 -0.000000 -0.108795 -0.064917 -0.000000 0.100655 0.000000 -0.098173 -0.161151 0.087674 -0.062525 0.072956 -0.000000 0.000000 -0.109449 -0.136615 -0.094122 -0.074540 -0.035738 0.048193 -0.130330 -0.242797 0.015430 0.067369 0.129426 0.000000 0.021102 0.030190
  0.073436 0.000000 -0.039727 -0.000000 -0.062199 0.019280 0.061609 -0.070720 -0.129013 0.000000 -0.000143 0.006576 -0.010917 -0.000000 0.000000 0.000000 -0.000159 0.038161 0.000000 0.024996 -0.047277 0.080791 -0.086495 -0.000871 0.067667 0.032661 -0.000000 -0.072264 -0.027033 -0.046839 -0.116150 -0.313216 -0.586721 -0.000000 -0.000000 0.000002 -0.017433 -0.142209 -0.070945 0.000000 0.086323 -0.026210 -0.014145 -0.125064 0.062559 0.021894 -0.090400 -0.001823 -0.109863 -0.224120 0.031087 -0.000000 -0.128358 -0.105740 0.159597 0.127738 -0.025344 -0.037984 -0.089378 0.026214 -0.104646 0.000000 -0.006178 0.000001 -0.058298 -0.000440 0.067885 -0.098042 -0.380099 -0.075823 -0.000000 -0.101771 0.000000 -0.000000 0.150383 -0.101762 0.000001 -0.024335 0.000000 -0.015879 -0.143400 0.103273 -0.012854 0.094078 0.000000 -0.000000 0.024494 0.073434 -0.127994 0.069027 0.106257 -0.086565 -0.062734 -0.010205 -0.025127 -0.008004 -0.073459 -0.000000 -0.035169 0.007320
  0.103770 -0.000000 -0.103870 0.000001 0.002323 0.156640 0.118891 0.177522 -0.132268 -0.000001 -0.000009 0.002526 0.270312 -0.000000 0.000000 0.000000 -0.000077 0.005441 0.000000 -0.128453 -0.042210 0.123378 -0.078790 -0.136641 0.064569 -0.003289 0.000000 -0.312793 -0.013060 0.013313 -0.119130 -0.139423 -0.128863 0.000000 0.000001 -0.000001 -0.058364 0.108070 0.060770 -0.000001 -0.024894 0.000028 -0.186514 0.093910 -0.163642 -0.001738 0.054058 -0.001978 0.001983 -0.056663 0.139061 -0.000000 -0.131464 0.186232 -0.017985 -0.160248 -0.014633 -0.119819 -0.011209 0.150294 -0.011831 0.000000 0.084771 0.000000 -0.198579 0.000211 0.082103 0.065883 -0.092958 -0.024269 0.000000 -0.194419 0.000000 -0.000001 0.007226 -0.063887 -0.000000 -0.128948 -0.000000 -0.239678 -0.072945 0.057378 -0.145816 -0.101600 0.000000 0.000000 -0.145937 0.075222 -0.039872 -0.238866 -0.103838 -0.051015 0.108362 0.120810 -0.197263 -0.000001 0.026547 0.000000 -0.192388 0.177546
  -0.045339 0.000000 0.028651 0.000000 0.046276 0.086855 0.089663 0.194172 0.080784 0.000001 0.000003 0.079056 0.090438 -0.000000 -0.000000 -0.000000 0.000070 0.060959 -0.000000 0.040743 0.027806 -0.124600 0.080180 0.156786 -0.109278 0.078164 0.000000 -0.043960 -0.089257 0.142578 -0.023591 -0.017458 0.001082 0.000000 0.000000 0.000000 -0.082208 0.136134 0.030057 -0.000000 0.053890 -0.026836 0.124512 0.138975 0.009127 0.165155 0.061771 -0.001132 -0.107670 0.000000 -0.041936 0.000000 -0.095461 0.015316 -0.198346 0.006927 -0.032333 0.118112 0.060996 0.148508 -0.139565 -0.000000 0.055345 -0.000001 0.075570 -0.000194 -0.013935 0.058487 -0.018683 -0.016952 -0.000000 0.074302 -0.000000 -0.000001 -0.000636 0.018736 -0.000000 0.086781 0.000000 -0.030483 0.125378 0.034085 0.100994 0.080256 -0.000001 0.000000 -0.041575 0.108215 0.102786 0.048423 0.023948 -0.041461 0.016496 0.061423 -0.086447 -0.196727 -0.106999 0.000001 -0.074218 0.173147
  0.056665 0.000000 -0.027357 -0.000000 0.133460 -0.059191 -0.075692 0.021910 0.042039 0.000000 -0.000010 -0.021331 -0.091376 -0.000001 -0.000000 -0.000001 0.000049 0.063949 -0.000001 -0.066588 -0.120642 0.106116 0.061697 -0.033181 -0.019812 0.039354 0.000000 -0.189051 0.192269 -0.095613 -0.106183 0.000000 -0.000000 0.000000 -0.000000 0.000000 -0.146244 0.188852 0.072400 -0.000000 -0.087210 -0.117957 0.070842 -0.077254 0.007534 -0.108314 0.045592 -0.002358 0.153721 -0.000000 0.124877 0.000000 -0.140016 -0.001119 -0.019983 0.135280 -0.021153 -0.142566 -0.293898 -0.027933 0.096039 0.000000 0.116248 -0.000000 0.008673 0.000104 0.004550 -0.004427 -0.000002 -0.047253 0.000000 0.069456 -0.000000 -0.000000 -0.045963 0.071494 0.000000 0.012083 0.000000 -0.085489 -0.043521 0.050049 -0.008893 0.083740 -0.000000 -0.000001 0.070705 0.102298 -0.050359 -0.055116 0.016934 -0.014566 0.016274 0.080312 -0.038067 -0.151733 -0.163986 -0.000000 0.135823 -0.161873
  0.053253 0.000000 -0.065652 0.000000 -0.120702 0.065480 -0.124688 0.094084 -0.035407 0.000000 -0.000145 0.014978 0.030264 -0.000000 -0.000000 -0.000000 -0.000110 0.121557 0.000001 0.117986 0.166792 -0.006711 -0.005442 0.141491 0.055406 0.119888 -0.000000 0.021605 0.047935 0.069379 0.068956 0.071377 -0.013895 -0.000000 0.000000 -0.000000 0.018733 -0.000504 0.015217 0.000000 0.005668 -0.084442 0.084016 0.080111 0.101953 -0.031380 0.027997 -0.006740 0.001492 0.030467 0.036520 -0.000000 -0.080493 -0.017329 -0.113480 -0.089731 0.128598 0.234913 0.037273 -0.066498 0.138038 0.000000 0.111354 -0.000000 0.144676 -0.001080 0.086238 -0.000000 -0.045761 -0.076714 -0.000000 0.104000 -0.000001 -0.000001 -0.104897 -0.000000 -0.000000 0.080938 0.000000 -0.159808 -0.027841 -0.048601 -0.072891 0.072633 0.000000 0.000000 -0.059611 -0.168407 0.119258 0.065949 0.112617 -0.193651 0.179348 0.134086 0.078905 -0.276077 0.055259 0.000001 0.068997 0.105529
  0.000001 -0.000000 0.000000 -0.000000 0.000001 -0.000001 0.000000 0.000000 0.000000 0.000000 0.000000 0.000001 -0.000001 -0.000000 -0.000001 -0.000000 0.000000 0.000001 0.000000 -0.000001 -0.000001 0.000000 0.000000 -0.000000 0.000000 0.000001 -0.000000 0.000000 -0.000000 0.000000 -0.000000 -0.000001 0.000001 -0.000000 0.000000 -0.000000 -0.000001 -0.000001 -0.000000 0.000000 -0.000000 0.000000 0.000000 0.000000 -0.000000 0.000001 -0.000000 -0.000000 -0.000000 -0.000000 -0.000001 0.000000 -0.000000 -0.000000 0.000000 -0.000000 -0.000000 -0.000000 0.000000 -0.000000 -0.000000 -0.000000 0.000000 0.000000 0.000000 -0.000001 -0.000000 -0.000000 -0.000000 -0.000000 -0.000000 -0.000000 0.000000 -0.000000 0.000000 -0.000000 -0.000000 0.000000 -0.000001 -0.000001 -0.000000 0.000001 0.000000 -0.000001 0.000000 0.000000 0.000000 0.000000 -0.000000 -0.000000 -0.000000 0.000000 0.000000 0.000000 0.000001 0.000000 0.000000 0.000000 0.000001 -0.000001
  0.303975 -0.000000 0.116953 0.000000 -0.013967 -0.198559 0.010171 0.060463 -0.129130 -0.000000 -0.000054 -0.004861 -0.003394 -0.000000 0.000000 -0.000000 -0.000073 -0.006894 0.000000 0.051757 -0.066716 0.081583 0.055791 -0.055920 -0.056500 0.156812 0.000000 -0.186291 -0.002659 0.179297 -0.075407 0.097108 0.143101 0.000000 -0.000000 -0.000000 0.030344 0.162730 -0.088293 -0.000000 0.010645 -0.090370 0.125168 0.061916 -0.159110 0.003300 0.037785 -0.003998 0.141521 0.072242 -0.361107 -0.000000 0.158346 -0.114427 -0.134460 0.036867 0.056484 0.022405 0.067676 0.150161 0.056041 0.000000 -0.059682 -0.000000 -0.092934 -0.000602 -0.037255 0.032468 0.107714 -0.071966 0.000000 -0.106165 -0.000001 0.000000 -0.150793 0.027349 0.000000 -0.053058 0.000000 -0.041889 -0.159582 -0.061819 -0.114554 -0.071551 0.000000 0.000000 0.000001 -0.025092 -0.005548 -0.002326 0.067404 0.273719 -0.018810 -0.020379 -0.044459 -0.000009 -0.000005 -0.000000 -0.089562 -0.162200
  0.042916 -0.000000 0.029072 -0.000000 -0.109907 -0.070405 -0.101526 -0.000760 -0.021894 0.000000 -0.000286 0.122741 0.063183 -0.000001 -0.000000 -0.000001 -0.000069 -0.099209 0.000000 0.010874 0.141075 -0.012706 0.038594 0.039306 0.133050 0.096118 -0.000000 0.151430 0.027170 0.107343 0.082856 -0.123373 0.030406 -0.000000 -0.000000 -0.000001 0.080453 -0.070742 -0.125816 0.000000 -0.059840 -0.124803 -0.036900 -0.057061 0.059728 -0.080350 0.103483 -0.001753 -0.029219 -0.053912 -0.010015 0.000000 -0.095404 -0.095145 0.095033 -0.053694 0.035491 0.152039 0.090760 -0.034075 0.021530 -0.000001 0.075659 -0.000000 0.101632 -0.000249 0.146885 0.126639 -0.007046 -0.013241 -0.000000 0.088525 0.000000 -0.000000 0.162809 0.079253 0.000001 0.142138 -0.000000 -0.074221 -0.075702 -0.011607 0.084548 0.104205 0.000000 0.000000 -0.196059 -0.104720 -0.101458 0.010984 -0.014698 -0.145598 0.040723 -0.097918 0.054940 0.012750 0.007913 -0.000000 0.151548 -0.094660
  0.073137 0.000000 0.047744 0.000001 -0.213215 -0.056887 -0.065794 0.059005 -0.062835 -0.000000 -0.000156 0.033550 -0.104557 0.000000 0.000000 -0.000000 -0.000059 0.109801 0.000000 -0.049755 0.012840 0.037728 0.090261 0.016224 -0.062351 -0.029828 0.000000 -0.328447 0.173892 0.170783 -0.208369 0.132804 0.046847 0.000000 -0.000000 -0.000000 0.058554 0.076268 -0.153775 0.000000 -0.124173 0.045204 -0.072091 -0.015411 -0.089975 -0.142797 -0.090589 -0.000850 -0.309033 0.124118 -0.064531 0.000001 0.129214 -0.058575 0.038590 0.054497 -0.186108 -0.001531 0.064013 -0.122963 0.146259 -0.000001 0.016834 0.000000 -0.050269 0.000485 -0.025048 0.128779 0.009908 0.055408 -0.000000 -0.087596 -0.000001 -0.000001 0.026526 -0.012706 0.000000 0.062995 -0.000001 -0.091990 -0.047668 -0.044483 -0.305331 -0.126882 0.000001 0.000000 -0.000000 0.007627 -0.082137 0.096630 -0.074726 0.083434 0.014180 0.010189 -0.036335 -0.000000 -0.000000 -0.000000 -0.025839 0.003959
  -0.075540 0.000000 -0.069433 -0.000001 0.032519 0.059243 0.093455 -0.107031 -0.108167 0.000000 -0.000310 -0.122360 0.127178 -0.000000 0.000001 0.000000 -0.000133 0.145046 0.000000 -0.163596 0.008190 -0.213971 -0.038754 0.040736 -0.044954 -0.057132 0.000000 0.128386 -0.192693 -0.009307 -0.048395 0.101245 -0.066588 0.000000 -0.000000 -0.000001 0.133942 -0.104347 -0.021201 -0.000001 -0.023377 0.041630 -0.039260 -0.013451 -0.056762 0.066916 0.079055 -0.004390 0.014127 -0.016584 -0.193918 -0.000000 -0.068210 -0.056533 0.018093 0.008460 0.131888 -0.105058 0.043155 0.088192 -0.205263 -0.000000 -0.075158 -0.000001 -0.048258 -0.001276 -0.106554 -0.027020 0.099884 0.094622 -0.000000 0.057051 -0.000000 -0.000000 -0.010708 0.062239 0.000001 -0.105944 0.000000 -0.042662 0.007215 -0.141810 -0.092535 0.079286 0.000000 -0.000000 -0.060061 0.045924 -0.054017 0.103798 0.111653 -0.008559 -0.053905 -0.215997 -0.014833 0.050889 -0.130726 0.000000 -0.040955 0.072451
  0.000000 -0.000000 -0.031355 0.000000 -0.005487 -0.070928 -0.217980 -0.000000 0.042501 0.000000 -0.000129 0.159437 -0.175509 -0.000000 -0.000000 -0.000000 -0.000100 -0.178684 -0.000000 0.000000 -0.008044 0.208946 0.100321 0.131203 -0.100288 0.192096 0.000000 -0.040904 -0.060090 -0.083709 -0.085533 0.025178 -0.011082 0.000000 0.000000 0.000000 0.014487 -0.098666 -0.012498 0.000000 -0.081603 -0.172303 0.023031 0.000000 0.003740 0.018471 0.124053 -0.004579 -0.103383 0.000001 0.079341 -0.000000 0.000189 0.065189 -0.126351 -0.025293 -0.029452 0.000002 -0.059733 0.097676 0.157697 -0.000001 0.147824 0.000001 0.139085 -0.000508 0.015882 0.000000 0.129450 -0.131479 0.000000 -0.042622 -0.000000 -0.000000 0.051074 -0.000000 0.000000 0.000494 -0.000000 0.109799 -0.038321 0.024809 0.082630 0.167066 0.000000 0.000000 -0.233580 -0.000000 0.081729 -0.184167 -0.008517 0.064077 -0.072552 -0.000000 0.022420 0.016376 0.080503 0.000000 0.073900 0.074507
  0.181686 -0.000000 -0.039754 0.000000 -0.157104 0.169696 0.172921 0.066481 0.085116 0.000000 -0.000052 0.140135 0.031444 0.000000 0.000001 0.000000 -0.000034 0.141960 -0.000000 -0.071587 0.076561 0.083762 0.014450 -0.155765 -0.019102 0.053917 -0.000000 -0.004579 0.100469 0.115077 -0.229347 0.036695 -0.341686 0.000001 -0.000000 -0.000001 0.121807 -0.055916 0.001160 0.000000 0.025498 -0.100127 -0.089713 0.062480 -0.180889 -0.016914 -0.000558 -0.000433 -0.000011 0.047297 0.007420 0.000001 -0.123467 0.028770 0.080890 -0.075602 -0.423909 0.010196 -0.038770 -0.187051 0.143383 -0.000000 0.047183 0.000000 0.000088 0.000240 -0.049637 -0.062986 0.026922 -0.029894 -0.000000 0.008008 -0.000000 -0.000000 0.102067 -0.088616 -0.000001 -0.043109 0.000000 0.004243 -0.018959 -0.343371 -0.099076 0.059215 -0.000001 0.000000 0.000000 0.044456 -0.108796 -0.056737 -0.034547 0.051277 -0.003985 0.208329 0.123658 -0.000001 0.000001 0.000000 -0.000157 -0.005402
  -0.043155 -0.000000 -0.070435 0.000000 0.192195 0.037771 0.025962 -0.071164 0.005534 -0.000001 -0.000076 0.163897 0.011113 0.000000 -0.000000 0.000001 -0.000106 -0.117140 -0.000001 0.059413 -0.107354 0.094291 0.044085 0.079375 0.086044 -0.071711 -0.000000 0.025293 0.162320 0.095722 0.090625 0.021408 -0.000000 -0.000001 -0.000000 -0.000003 0.005199 -0.342718 0.112099 0.000000 0.147067 0.053121 -0.236856 0.092918 -0.030508 -0.062204 0.056317 -0.002873 -0.055019 -0.104567 -0.002652 0.000000 -0.000000 -0.032393 -0.052192 -0.032231 -0.344765 0.000000 -0.158991 -0.034969 0.044673 0.000000 -0.142426 0.000000 -0.003047 -0.000449 -0.000066 -0.000000 0.161963 -0.101536 -0.000001 0.030727 0.000001 -0.000001 0.013045 -0.000000 -0.000000 0.139896 0.000001 0.078642 0.015199 0.013054 -0.018961 0.126989 0.000000 0.000000 -0.103132 0.013991 -0.151872 0.111175 0.036485 -0.003538 0.049709 0.028319 -0.143120 -0.008912 0.142591 0.000001 -0.054017 -0.078607
  -0.291828 -0.000000 -0.074059 0.000000 0.033826 -0.044353 -0.144697 0.060160 0.091428 0.000000 -0.000193 0.076119 0.174210 -0.000000 0.000000 -0.000001 0.000047 -0.158557 -0.000001 -0.119206 -0.450363 -0.092906 0.150244 -0.076995 -0.153976 -0.053848 0.000001 0.140331 0.081037 0.000730 -0.232027 0.154204 0.176152 0.000000 0.000000 -0.000000 0.110273 -0.028901 0.054773 -0.000000 0.164718 -0.082728 -0.110869 -0.042300 0.136786 0.026822 -0.030849 -0.006561 0.069131 0.132332 0.136646 -0.000000 0.135453 -0.006711 -0.008231 0.028235 -0.002583 -0.189907 0.018994 -0.062508 -0.030193 -0.000001 0.085335 -0.000000 -0.064046 -0.001179 0.091517 -0.360592 0.028559 0.113757 0.000001 0.107271 0.000000 -0.000000 0.122595 -0.312798 -0.000000 -0.043941 -0.000001 0.199018 0.042881 0.010751 0.069889 0.036895 -0.000001 0.000000 0.000000 -0.119455 0.103192 -0.085921 -0.048367 -0.070677 0.036724 -0.377333 0.107218 -0.312496 -0.553661 0.000000 -0.097352 -0.111347
  0.078886 0.000000 0.137322 -0.000000 0.075022 -0.196041 -0.179084 0.032709 -0.032955 -0.000000 -0.000251 -0.148226 0.087860 -0.000000 -0.000000 -0.000000 -0.000102 0.004400 -0.000001 0.072054 -0.186719 -0.049251 0.129315 0.092689 -0.195535 0.134504 -0.000000 0.131413 0.017596 -0.064223 -0.145181 -0.069839 0.074082 -0.000000 -0.000001 -0.000001 -0.091461 0.061586 0.039790 0.000000 -0.103175 -0.001006 0.107009 -0.045714 0.063217 0.070026 0.079847 -0.008289 0.084276 -0.031272 0.123672 -0.000000 -0.060628 -0.117307 0.069896 -0.005870 -0.068448 -0.179910 0.136386 0.035209 0.029932 0.000000 0.038114 -0.000000 0.136479 -0.001111 -0.000508 -0.208737 0.018848 -0.021469 -0.000000 -0.077100 0.000000 -0.000000 -0.102972 -0.219823 0.000000 -0.022159 0.000000 0.071902 0.063622 0.001890 -0.027123 -0.012771 0.000000 -0.000000 -0.389430 0.085663 -0.080012 -0.105671 0.020718 -0.033510 -0.083459 0.089096 -0.069463 -0.070817 -0.132601 0.000000 -0.092315 -0.064880
  0.017788 -0.000000 -0.046924 -0.000000 -0.072910 -0.069797 0.082681 -0.217214 -0.148371 0.000000 -0.000295 -0.038409 -0.137216 0.000000 0.000000 0.000000 -0.000283 -0.002868 0.000000 -0.086418 0.104681 0.076333 0.107180 -0.082289 -0.128562 -0.017739 0.000000 0.091881 -0.082618 -0.043307 -0.022263 -0.425443 -0.102431 -0.000000 0.000000 0.000000 0.095854 -0.025333 0.097397 -0.000000 0.024493 -0.111554 0.010054 -0.006409 -0.058944 0.156594 -0.083078 -0.004712 0.139868 -0.203539 0.031320 -0.000000 -0.122929 -0.036553 0.136575 -0.139798 0.046646 0.047270 0.126530 -0.120968 0.047637 0.000000 0.039211 0.000001 0.095036 -0.000912 -0.005744 0.006764 -0.232021 -0.009687 -0.000000 -0.037994 0.000001 -0.000001 0.142431 0.018509 0.000000 0.141243 -0.000000 0.003748 -0.056541 -0.063172 0.106737 0.101351 -0.000001 -0.000001 0.013725 -0.128580 0.008094 -0.069276 -0.009612 -0.125354 -0.070699 -0.067615 -0.006350 0.165763 0.109151 -0.000000 -0.110187 0.108835
  -0.058176 0.000000 -0.079665 0.000001 -0.011805 -0.022077 0.104524 -0.419046 0.092220 -0.000000 -0.000154 -0.053794 0.112266 -0.000001 0.000000 0.000000 0.000138 -0.089867 0.000000 -0.529010 -0.021446 -0.196890 0.124485 -0.110039 0.085719 -0.068025 -0.000000 -0.052969 0.134598 0.076838 0.065051 0.069063 -0.080496 0.000000 -0.000000 0.000000 -0.060898 0.009135 -0.006836 0.000000 -0.070633 0.037485 -0.153257 -0.442938 0.140605 -0.003289 0.069047 -0.005469 -0.014246 -0.000000 -0.123347 0.000000 -0.083758 0.109898 -0.017080 -0.095905 0.082272 0.004691 -0.236343 0.019973 -0.036493 0.000000 0.148828 0.000000 -0.109639 -0.001143 -0.019461 0.085618 0.063719 0.053922 -0.000000 0.127253 0.000000 -0.000000 0.153471 -0.000000 -0.000000 -0.096374 0.000000 0.114954 0.103179 0.063831 -0.056621 0.138877 0.000000 -0.000000 -0.291914 -0.289460 0.153736 0.115409 0.158048 0.034772 0.053598 0.000000 -0.093796 -0.037178 0.073409 0.000000 -0.051964 0.034789
  -0.460100 -0.000000 -0.076840 -0.000000 0.188641 0.049012 -0.046430 0.049729 0.029444 -0.000000 -0.000168 0.085809 -0.069173 -0.000000 0.000001 0.000000 0.000006 -0.171683 -0.000000 -0.023389 -0.231787 -0.000359 0.044223 -0.002277 0.000325 0.126174 -0.000000 0.116244 -0.084248 0.083287 -0.136746 -0.101054 0.097251 -0.000000 0.000000 -0.000000 -0.052600 0.044555 0.017177 -0.000000 0.090035 0.105777 0.083049 0.117317 -0.019230 0.071375 0.023174 -0.006853 -0.024726 0.137513 0.047112 0.000001 0.126645 0.102966 0.078089 0.013454 -0.070530 -0.005508 -0.180505 -0.007496 0.043698 -0.000000 0.177817 0.000000 -0.067630 -0.001165 -0.023632 -0.027663 0.108123 0.022892 0.000000 0.118755 0.000000 -0.000001 0.051531 -0.000000 -0.000000 -0.126138 -0.000000 -0.002663 -0.053408 0.029252 0.092649 -0.042244 -0.000001 0.000000 -0.000002 0.082391 0.053292 -0.055804 -0.037236 -0.112200 -0.020079 -0.328138 0.044642 -0.401302 -0.117243 0.000000 -0.048726 -0.116949
  -0.257321 -0.000001 0.047879 -0.000000 0.279494 -0.077365 -0.121604 -0.001509 0.161475 -0.000000 -0.000020 0.030837 -0.019776 -0.000000 0.000000 -0.000000 -0.000013 -0.070350 0.000000 -0.000000 -0.092960 0.048872 0.052180 0.092591 -0.200033 0.146380 0.000000 -0.127606 0.155764 -0.263432 0.128189 -0.000081 0.059856 -0.000001 0.000000 -0.000000 0.017539 -0.152472 0.161400 -0.000000 0.022412 0.227975 0.096075 0.000980 0.228161 0.112167 0.282510 0.003320 -0.199546 -0.000000 0.133692 -0.000000 0.175351 -0.146821 0.067718 0.130734 -0.496401 -0.090795 -0.042777 0.025412 -0.089832 0.000001 0.027604 -0.000000 0.016279 0.000119 0.101318 -0.175489 -0.009905 0.077975 0.000000 0.294487 -0.000000 -0.000000 0.176891 -0.028915 0.000001 0.173397 -0.000000 0.015274 0.163625 -0.123829 0.115586 0.157811 0.000000 -0.000000 -0.027072 0.015381 0.085399 -0.038318 0.285839 -0.070588 0.099331 -0.000263 0.171869 -0.063159 0.092664 0.000000 -0.119276 0.019513
  -0.083149 -0.000000 -0.053743 0.000000 0.032221 0.035614 0.071800 0.000000 0.156448 0.000000 -0.000083 0.073441 -0.004471 -0.000000 -0.000000 -0.000000 -0.000250 0.102622 -0.000001 -0.158387 -0.048219 -0.045379 0.101217 0.174620 -0.296842 0.228334 0.000000 0.000589 -0.075896 0.004574 -0.033696 0.000000 -0.000000 -0.000000 -0.000000 0.000002 -0.087971 0.000000 0.053253 -0.000000 0.010178 0.132521 -0.201158 -0.009437 -0.082096 -0.140020 0.094822 -0.003653 0.153199 0.000000 0.187389 0.000000 -0.221230 -0.006590 -0.110539 0.100587 0.009776 -0.000000 0.000001 0.084972 0.052890 -0.000001 0.167610 -0.000000 0.012727 0.000277 -0.001915 -0.000000 0.000000 -0.127809 0.000000 0.096958 -0.000000 -0.000000 -0.183182 0.000030 0.000000 -0.047263 -0.000000 -0.011337 -0.087699 -0.001873 -0.081988 0.049044 -0.000000 -0.000000 0.064892 -0.002439 0.108235 -0.135447 0.068923 -0.029287 0.118533 -0.260477 0.062982 0.022245 0.010313 -0.000000 0.058779 -0.126619
  0.010654 -0.000000 -0.075978 0.000001 -0.074688 0.090623 0.044279 -0.003800 -0.046536 -0.000000 -0.000314 -0.123756 0.138739 0.000000 0.000001 -0.000001 0.000113 -0.065242 -0.000001 -0.129948 0.083054 -0.042255 0.002447 0.120657 0.021329 -0.024741 -0.000000 0.015866 -0.126991 0.011189 0.020420 0.126713 0.125904 0.000000 -0.000000 -0.000001 0.089500 0.019618 -0.053281 -0.000000 -0.078491 0.105505 -0.083124 -0.021116 0.000764 0.032063 0.088170 -0.004904 -0.027182 -0.190060 -0.312441 0.000000 0.038057 0.059993 -0.095804 0.048596 -0.076825 0.063036 -0.029739 0.027492 -0.224270 -0.000000 0.073274 -0.000000 0.106506 -0.001304 0.053952 0.023319 0.024356 0.041139 -0.000000 0.075465 -0.000000 -0.000000 -0.071717 -0.088070 -0.000000 0.064018 0.000000 -0.055605 0.154886 0.003395 0.119623 0.082250 0.000000 -0.000001 -0.672665 -0.083860 0.051974 -0.032449 0.086742 -0.039439 0.091712 -0.178962 -0.077535 -0.048368 -0.050333 -0.000000 -0.056445 -0.127669
  0.087136 0.000000 -0.154411 0.000001 0.161208 -0.222237 -0.040486 -0.155732 0.054395 0.000000 -0.000033 0.105310 -0.000000 0.000000 0.000000 0.000000 -0.000099 0.023587 -0.000000 -0.018283 -0.007713 -0.169984 0.127289 -0.112529 -0.039180 -0.079289 -0.000001 0.030024 0.157170 -0.139323 -0.226994 -0.040403 -0.000000 -0.000000 0.000000 0.000001 -0.009867 -0.310102 0.015559 -0.000000 0.109089 0.064110 -0.297159 0.068225 -0.078700 0.063780 0.081409 -0.003348 0.124546 -0.218851 -0.034535 -0.000000 -0.000077 -0.000033 -0.049824 0.000783 -0.151782 -0.000001 -0.035083 -0.000001 0.142593 -0.000000 -0.333046 0.000000 -0.156055 -0.000457 -0.070807 -0.000027 0.001591 -0.080331 -0.000001 -0.247248 0.000000 -0.000000 0.109366 0.004620 -0.000000 0.027387 -0.000001 0.157075 -0.017963 -0.009249 -0.008083 0.008770 -0.000000 0.000000 -0.112267 0.099736 0.057582 -0.180670 0.128056 -0.000001 0.130040 0.013041 -0.025121 -0.420988 -0.191990 -0.000000 -0.174016 -0.198728
  0.010224 0.000000 0.104712 0.000000 0.000000 -0.000007 -0.000000 -0.017600 0.144809 -0.000000 -0.000079 0.105663 -0.179362 0.000001 0.000000 -0.000000 -0.000016 0.015485 0.000000 -0.072815 0.000000 0.066920 -0.065480 -0.096277 0.111983 -0.088143 0.000000 -0.496416 0.071972 0.000000 0.000000 -0.060768 -0.279288 0.000000 -0.000000 -0.000000 0.083854 -0.084384 -0.090693 -0.000001 0.076975 0.035983 -0.088732 -0.052696 -0.011353 0.119342 -0.000001 -0.000485 -0.000000 0.163208 -0.104734 0.000000 -0.046759 0.102135 0.119045 0.133950 -0.216176 -0.005392 0.041600 -0.087578 0.025202 0.000000 0.028543 -0.000000 0.153047 -0.000123 -0.175675 -0.074020 0.013630 -0.011990 -0.000000 0.168112 -0.000000 0.000000 0.179603 -0.084207 0.000001 0.075611 -0.000000 0.026494 0.091925 -0.211255 -0.146736 0.001863 -0.000000 -0.000000 -0.000001 -0.248737 0.090203 0.070747 0.000000 0.030230 0.099166 -0.044394 0.139949 -0.000000 0.000003 0.000000 0.127164 -0.015722
  -0.208987 -0.000000 0.034318 -0.000000 0.145057 -0.027768 -0.374550 0.121807 0.077005 -0.000000 -0.000138 0.093774 0.010644 -0.000000 0.000000 0.000000 -0.000031 0.119416 -0.000000 0.128538 0.001915 -0.121193 0.099233 0.015769 -0.399512 0.011185 -0.000001 -0.065660 0.142064 -0.476375 -0.017787 -0.136805 0.056957 0.000000 0.000000 0.000001 -0.004966 -0.051076 0.139403 0.000000 0.041236 0.056709 0.113908 0.042973 -0.018456 0.010095 0.246047 -0.001166 0.054833 -0.088541 -0.035879 -0.000001 0.042669 -0.091848 0.136568 -0.031541 -0.057555 -0.230665 -0.113150 0.186151 0.132640 -0.000001 0.121499 0.000000 -0.112037 -0.000060 -0.172135 -0.334080 0.014085 -0.006135 -0.000000 0.138685 -0.000000 -0.000001 -0.039311 -0.152976 -0.000000 -0.046825 -0.000000 0.102200 0.153759 -0.078755 -0.184323 0.052757 0.000000 -0.000000 0.000000 0.014636 -0.023454 0.050563 0.445875 0.323438 -0.068598 -0.157679 0.004831 -0.000000 0.000001 0.000000 0.238611 -0.170085
  -0.000000 0.000000 0.000000 -0.000000 0.000000 -0.000000 0.000000 0.000000 -0.000000 0.000000 0.000000 -0.000000 -0.000001 -0.000000 0.000000 0.000000 0.000001 -0.000000 0.000000 -0.000000 0.000000 -0.000000 -0.000000 0.000000 -0.000001 0.000000 0.000000 -0.000000 -0.000000 0.000000 0.000000 -0.000000 -0.000000 0.000000 0.000000 -0.000000 -0.000000 0.000000 0.000000 0.000001 0.000000 0.000001 -0.000000 0.000000 -0.000001 0.000000 -0.000000 -0.000000 0.000000 0.000000 -0.000001 0.000000 -0.000000 -0.000000 0.000000 -0.000000 0.000001 -0.000000 0.000000 0.000000 -0.000000 -0.000000 0.000000 0.000000 -0.000000 0.000000 -0.000001 -0.000000 -0.000000 -0.000001 0.000000 0.000000 0.000001 0.000000 0.000001 0.000000 0.000000 0.000001 0.000000 -0.000001 0.000000 0.000000 0.000000 0.000000 0.000000 0.000001 -0.000001 0.000000 -0.000000 0.000000 0.000000 -0.000000 -0.000000 0.000000 -0.000000 -0.000000 0.000000 -0.000000 0.000000 0.000001
  -0.172961 -0.000000 -0.069438 0.000000 0.207757 -0.289437 -0.011224 0.026127 -0.056865 -0.000000 -0.000007 -0.049933 -0.212486 -0.000001 0.000000 -0.000000 0.000022 -0.065948 -0.000000 -0.000000 -0.263339 -0.051222 -0.004100 0.198603 -0.143919 -0.037502 0.000000 -0.026832 -0.051892 -0.112547 0.294765 0.049098 -0.045749 0.000000 -0.000000 -0.000000 0.119453 0.127917 0.099880 -0.000000 0.028634 0.227264 0.020754 -0.029058 0.002853 0.181302 0.076914 -0.000984 -0.138133 0.000000 0.056520 0.000000 0.249561 -0.056027 0.043392 0.217172 -0.192868 -0.221332 -0.011733 -0.152375 -0.000572 -0.000000 0.120893 -0.000000 0.176001 -0.000061 -0.071020 -0.139368 0.152911 -0.135547 -0.000000 0.023148 0.000000 -0.000001 0.005675 -0.135477 -0.000000 0.148877 0.000000 0.227406 0.070475 -0.165907 0.185074 -0.028466 0.000000 -0.000000 0.251842 -0.060688 -0.039459 0.167220 0.124725 -0.152607 0.109077 0.000000 -0.111592 -0.238364 0.246830 -0.000000 -0.078794 0.010133
  0.024294 -0.000000 0.002622 -0.000000 -0.223830 0.012001 0.075786 -0.120004 0.100994 -0.000001 -0.000122 0.060999 -0.433085 0.000001 0.000001 0.000000 -0.000137 -0.035529 -0.000000 0.118959 0.030546 0.012531 -0.100470 -0.107934 -0.159262 -0.092265 -0.000000 -0.172079 0.078326 -0.109899 0.076190 -0.035377 -0.147627 0.000000 -0.000000 0.000000 -0.043063 -0.083118 0.090594 -0.000000 -0.022744 -0.071475 -0.166643 0.104091 -0.031834 0.122202 0.134214 -0.003822 -0.134179 0.097929 -0.056647 -0.000001 -0.142053 -0.378975 0.107718 -0.113581 -0.214143 -0.199608 0.064873 -0.060194 0.098994 -0.000000 -0.013611 -0.000000 -0.090169 -0.000755 -0.004496 -0.221888 0.032225 0.102676 0.000001 -0.112790 0.000000 -0.000000 0.123414 -0.157889 0.000000 0.014031 -0.000000 -0.078771 -0.019048 -0.063719 0.004572 0.047232 -0.000000 -0.000000 -0.093975 0.032883 0.101992 -0.036506 -0.119648 -0.317140 0.079609 0.073713 0.048083 -0.061671 0.085116 0.000000 -0.084104 0.045178
  -0.070763 -0.000000 0.095669 -0.000000 0.126429 0.081504 -0.085010 -0.009204 0.047609 -0.000000 -0.000109 0.032300 -0.008778 -0.000001 -0.000000 -0.000000 -0.000312 -0.034941 0.000000 0.065906 0.051741 -0.117747 0.164540 0.027115 -0.447518 0.034428 -0.000001 -0.015391 -0.111239 -0.018982 -0.120378 -0.000000 0.000001 -0.000000 0.000000 -0.000000 -0.050629 0.000000 0.038665 0.000000 -0.092941 0.020271 -0.189259 -0.141128 -0.005540 0.064404 0.088959 -0.004411 -0.103859 0.000000 -0.101125 0.000000 -0.358894 -0.196850 0.112223 -0.168808 -0.135803 -0.000000 0.000010 0.112705 -0.032333 -0.000001 0.099914 -0.000000 -0.012304 0.000037 -0.001780 0.005816 -0.000173 0.081011 -0.000001 -0.057591 0.000001 -0.000000 0.028500 0.000985 0.000000 0.038595 -0.000000 0.146657 0.080185 -0.045632 -0.014675 -0.042520 -0.000000 -0.000000 0.028089 -0.101474 0.077363 -0.006881 0.135292 -0.002361 0.006366 -0.025342 -0.008644 -0.056230 -0.179224 -0.000000 -0.104894 0.102998
  -0.038969 0.000000 0.045970 -0.000000 0.051729 0.085748 0.092799 -0.292905 -0.051189 -0.000000 -0.000370 0.007595 0.079799 -0.000000 0.000000 0.000000 -0.000283 -0.058082 0.000000 0.066099 0.088170 -0.100240 -0.089044 -0.123569 0.021221 0.073456 -0.000001 0.120976 0.018373 0.061813 0.124474 -0.563528 -0.156462 -0.000001 -0.000000 0.000001 0.131478 0.025732 -0.007768 0.000000 0.085970 -0.120261 0.109109 0.012751 -0.006363 -0.010147 0.026798 -0.004274 0.045661 0.000001 -0.096836 0.000000 0.106799 0.030574 -0.013444 -0.013532 0.126396 0.135826 -0.032738 0.099602 -0.034167 -0.000000 0.108471 -0.000000 0.044251 -0.000958 -0.114407 0.022642 -0.372282 0.045848 -0.000000 -0.012691 -0.000000 -0.000000 0.090555 -0.079952 0.000000 0.120801 0.000000 0.122412 -0.100103 -0.056087 0.091303 0.034893 0.000000 0.000000 0.037377 -0.171683 0.079544 0.067946 -0.000386 0.141035 -0.052031 -0.133704 0.098564 0.109510 -0.010265 -0.000000 -0.086832 0.036631
  -0.020976 0.000000 0.119696 0.000000 -0.133028 0.123727 -0.111235 -0.098280 -0.101919 -0.000000 -0.000209 -0.081079 -0.242656 0.000001 -0.000001 0.000000 -0.000139 -0.125636 0.000000 -0.093438 0.045403 -0.056918 -0.157560 -0.143810 -0.098761 -0.149429 0.000000 -0.036764 -0.039507 -0.087588 0.253402 0.080358 -0.413226 0.000000 -0.000000 -0.000000 0.042090 0.043938 -0.000382 -0.000000 0.140312 0.114703 -0.032567 0.082140 -0.061568 -0.105060 -0.021507 -0.005940 -0.210574 0.100160 -0.023696 0.000000 -0.099644 -0.233580 0.129707 0.024470 0.098210 0.130089 -0.015198 -0.422786 0.123248 0.000001 0.045513 0.000000 0.082749 -0.001099 -0.035438 0.044230 0.031083 -0.137328 -0.000000 -0.069446 -0.000000 0.000000 -0.121744 -0.099692 -0.000000 0.058600 0.000000 -0.075590 -0.076939 -0.043871 -0.014580 -0.059284 0.000001 -0.000000 -0.162631 0.061795 -0.083872 0.051889 -0.094664 -0.340818 0.113463 0.157126 -0.071701 -0.013679 0.021953 0.000001 0.113118 -0.067501
  -0.082212 -0.000000 -0.080512 -0.000000 -0.060795 -0.012482 0.140586 0.175910 -0.056525 0.000000 -0.000067 -0.071004 0.080597 -0.000000 -0.000000 -0.000000 -0.000045 0.111361 -0.000000 -0.033648 -0.111390 0.074212 0.010887 -0.014025 0.003461 0.002081 -0.000000 -0.045640 -0.086141 -0.126483 0.025514 -0.090213 -0.054638 -0.000000 -0.000000 0.000000 0.025028 0.060409 0.008234 -0.000000 -0.106444 -0.084827 -0.082794 0.104982 0.046019 -0.124246 -0.155039 -0.002418 -0.103444 -0.044758 0.011552 0.000000 0.056822 -0.073101 -0.016522 -0.058015 0.074659 0.090397 0.116736 0.070448 -0.008054 -0.000001 -0.016339 -0.000000 -0.066586 0.000172 -0.036779 -0.119910 -0.142236 -0.140697 -0.000001 -0.100305 -0.000000 -0.000000 0.146793 -0.036769 -0.000000 0.001382 0.000000 -0.015686 -0.052666 0.034364 0.028529 0.014188 0.000000 0.000000 -0.108049 -0.001644 -0.021160 0.040560 0.110868 0.028971 0.111524 0.007516 0.032833 0.000001 -0.065073 -0.000000 -0.126459 -0.014461
  0.022139 -0.000000 -0.107987 0.000001 0.154431 -0.277463 0.073609 -0.318709 -0.145063 -0.000001 -0.000026 0.145167 -0.033525 -0.000001 -0.000000 -0.000000 -0.000104 -0.113645 0.000000 -0.102327 0.123251 -0.036397 -0.010474 0.070625 -0.218660 -0.078469 -0.000000 0.049000 -0.042860 -0.174264 -0.145148 -0.027998 0.000000 0.000000 0.000000 -0.000003 -0.010766 -0.002617 -0.164558 -0.000000 -0.140585 0.080497 -0.108462 0.169528 0.153533 -0.187902 0.147856 -0.003460 -0.009375 -0.114258 -0.127092 0.000000 0.054298 0.109072 0.018755 -0.136909 -0.321118 -0.000200 -0.022294 0.000000 0.123423 -0.000001 -0.061756 0.000001 0.014445 -0.000476 -0.118159 0.197938 0.010186 -0.034710 0.000001 -0.219770 -0.000000 0.000000 0.066799 0.216121 0.000000 -0.020350 0.000000 0.107846 -0.023073 -0.274307 -0.083019 -0.181219 0.000000 -0.000001 -0.033414 0.074332 -0.005220 -0.119720 0.079045 -0.000001 -0.079096 0.087912 -0.114882 -0.385782 -0.226465 0.000000 -0.050648 -0.259799
  -0.064716 0.000001 0.055953 -0.000000 -0.427490 0.028735 0.133060 -0.000660 -0.016192 -0.000001 -0.000131 0.061496 -0.055341 0.000001 0.000000 0.000001 -0.000033 0.174987 -0.000000 0.076864 0.091971 -0.068360 -0.114878 0.105619 -0.131373 0.111871 -0.000001 -0.355356 0.035034 -0.055772 -0.157549 0.022947 -0.018151 -0.000000 -0.000000 -0.000000 0.057220 0.010281 -0.136543 -0.000000 -0.144003 -0.179930 -0.097777 0.087216 0.090588 -0.048596 -0.158491 -0.001180 0.241812 0.051731 0.217407 -0.000001 -0.117697 -0.115210 0.052555 0.063335 -0.021644 0.125061 0.002788 0.175999 0.195539 0.000000 -0.084691 -0.000000 -0.005094 0.000434 0.055235 -0.128559 -0.057677 -0.041416 -0.000001 -0.047584 -0.000000 0.000000 -0.104298 0.137362 -0.000000 0.098538 -0.000000 -0.050633 -0.101679 -0.168920 -0.098109 -0.133206 -0.000000 0.000000 -0.000000 -0.093337 0.072418 0.092498 -0.299725 0.245093 0.096136 -0.072501 0.145725 -0.000001 0.000002 -0.000000 0.218341 -0.020101
  0.016388 -0.000000 -0.058564 0.000000 -0.023539 0.096136 -0.082080 0.103289 -0.035541 0.000001 -0.000094 -0.039609 0.079940 0.000000 -0.000000 0.000000 -0.000040 0.124818 -0.000000 -0.106443 -0.069071 0.007852 0.112818 0.124356 -0.004172 -0.086350 0.000000 0.063391 -0.000859 -0.114634 -0.002225 -0.025849 0.081177 0.000000 0.000000 -0.000000 -0.061917 0.112927 0.002080 -0.000000 0.022064 0.004245 0.119826 -0.059706 0.064855 -0.071809 -0.088926 -0.003877 0.080315 -0.080301 -0.052682 -0.000000 0.032318 0.054168 0.081924 -0.016280 0.124425 -0.047180 -0.068667 0.077420 0.098937 0.000000 0.030582 0.000000 0.110809 -0.000275 -0.031765 0.093173 0.126625 -0.025494 -0.000000 0.010318 -0.000000 0.000001 -0.005269 0.084941 -0.000000 0.044345 -0.000001 0.084317 0.050911 0.054387 -0.104864 -0.094525 -0.000001 -0.000000 0.007143 -0.005465 0.008286 0.043839 -0.070126 -0.127735 -0.094155 0.086124 0.048766 -0.063732 -0.037114 0.000000 0.057477 0.024924
  0.159093 -0.000000 0.173263 0.000000 -0.118668 -0.028152 0.214153 -0.042097 -0.070401 -0.000000 -0.000017 0.083006 -0.289950 0.000000 0.000001 -0.000000 -0.000074 0.060294 0.000000 0.103354 0.041055 -0.048176 -0.002604 0.022003 0.038368 0.097862 -0.000000 0.036341 0.118084 0.155637 -0.061499 0.026427 0.110446 -0.000001 -0.000000 -0.000000 0.071249 0.066405 -0.182953 0.000000 -0.052364 0.069078 0.095873 -0.069085 -0.118664 -0.035563 -0.188482 -0.004138 -0.072611 -0.149004 -0.035396 -0.000000 -0.061132 -0.025008 0.035035 -0.138084 -0.182740 -0.002279 -0.142123 -0.010053 0.064482 0.000000 -0.097220 -0.000000 -0.112493 -0.000583 -0.037242 0.036053 0.096239 -0.095040 -0.000000 0.074612 -0.000001 0.000001 0.040432 0.026008 -0.000001 0.059766 -0.000000 -0.173481 -0.094535 0.101791 -0.175658 -0.098604 -0.000001 0.000000 0.000000 0.115706 -0.048769 -0.015264 -0.062618 0.012024 0.193387 -0.000000 -0.067104 -0.000429 0.000002 -0.000000 -0.000827 0.087035
  -0.079464 0.000000 -0.110982 0.000000 -0.152608 -0.073617 0.288594 0.055466 -0.009636 -0.000000 -0.000156 0.009942 0.227488 0.000001 0.000000 -0.000000 -0.000107 0.026780 -0.000000 -0.062710 -0.066695 -0.099273 -0.093759 0.006132 0.188812 0.011002 -0.000000 -0.135799 0.023008 0.055946 -0.107005 0.140090 -0.009871 -0.000000 -0.000000 0.000001 0.035578 0.125975 -0.036998 0.000001 -0.098864 -0.135472 0.098786 0.143543 -0.116234 -0.148124 -0.234433 -0.002645 -0.041873 0.130917 0.111317 0.000000 0.101925 0.036177 0.068943 0.028706 -0.045978 0.023887 0.017788 0.032431 0.177349 -0.000000 0.075297 -0.000001 0.085931 -0.000692 -0.126958 -0.189988 0.062144 -0.156243 0.000001 -0.100153 0.000001 0.000000 -0.075784 -0.071833 0.000000 0.025801 0.000000 -0.067042 0.002633 0.164659 -0.319268 -0.013097 -0.000000 0.000000 0.000000 -0.026965 -0.110463 -0.144349 -0.168703 -0.064750 0.185246 0.044517 -0.070179 0.000002 -0.386516 0.000000 -0.071247 -0.094450
  0.025339 0.000000 -0.019827 0.000000 0.117645 -0.119005 -0.037796 0.086429 -0.014381 0.000000 -0.000141 0.085802 -0.095339 -0.000000 0.000000 -0.000000 -0.000208 -0.153047 -0.000001 0.135192 -0.086645 0.143135 -0.100352 0.069004 -0.207082 0.083345 0.000000 -0.110072 0.124152 -0.100075 0.015993 -0.021641 0.000000 0.000001 -0.000000 -0.000002 -0.077683 -0.095723 0.125979 -0.000000 0.094331 -0.042201 -0.078303 0.011887 0.044569 0.113968 -0.035769 -0.000234 -0.175886 -0.497491 0.029126 0.000000 -0.089597 -0.098227 0.036466 -0.053871 0.016630 -0.046893 -0.375204 -0.047080 0.111468 -0.000000 0.056990 -0.000001 0.063441 -0.000750 0.060651 -0.118624 -0.104595 0.133905 -0.000001 0.007155 -0.000000 -0.000000 0.147438 0.017983 -0.000001 0.091988 0.000000 0.138760 -0.038922 -0.289623 0.058930 0.045662 -0.000000 -0.000000 0.129878 -0.085797 0.105493 -0.045258 0.101484 0.137766 0.080741 0.086029 0.093878 -0.057260 0.041834 -0.000000 0.017175 -0.057128
  0.036380 0.000000 -0.021591 -0.000000 0.187148 -0.127157 -0.139648 -0.034258 0.168694 0.000001 -0.000245 0.126989 -0.103169 0.000001 -0.000000 -0.000001 -0.000218 0.043938 0.000000 -0.432740 0.152355 -0.040473 -0.115935 -0.004014 0.074571 0.061953 -0.000000 0.019539 -0.092109 0.083852 0.131335 -0.092738 0.096055 0.000000 -0.000000 0.000002 0.002336 -0.090470 -0.113275 -0.000000 0.082771 0.016440 0.126384 -0.090447 -0.104078 -0.155435 0.059654 -0.004049 0.062836 -0.000000 0.143305 0.000000 -0.117645 0.095354 -0.046200 -0.126326 -0.090799 -0.056042 -0.060420 -0.044173 -0.069046 0.000000 0.154489 0.000000 -0.086592 -0.000995 -0.042785 -0.039211 0.018219 -0.008929 0.000000 0.033123 -0.000000 -0.000000 0.055387 0.005048 -0.000000 -0.038266 -0.000000 -0.137960 0.092134 0.077682 -0.088498 -0.143645 0.000000 -0.000000 -0.008425 0.005437 -0.103752 0.094628 0.106069 -0.065500 -0.060214 -0.000272 -0.117682 0.161816 0.001235 0.000000 0.082926 0.073786
  0.150194 -0.000001 -0.209689 0.000000 0.019122 0.176438 0.039291 0.115350 -0.085599 0.000000 0.000018 0.091267 -0.075105 -0.000000 0.000000 -0.000000 -0.000029 0.179187 -0.000000 0.038966 -0.100567 0.091399 0.020352 -0.037910 -0.064688 0.020671 -0.000001 -0.302911 -0.011820 -0.079088 -0.033455 0.000350 -0.103375 -0.000000 -0.000000 0.000000 0.074296 0.106647 -0.084058 -0.000000 -0.130597 -0.027945 0.182713 0.025549 -0.077304 -0.093144 0.069935 -0.001647 0.093407 0.000000 -0.003676 -0.000000 0.001347 0.025870 -0.022805 -0.010401 0.014530 0.084490 0.219003 0.011658 0.017070 -0.000000 0.047738 0.000001 -0.050332 -0.000459 0.058646 -0.077578 0.042302 -0.223292 0.000001 0.065949 -0.000000 -0.000001 0.063101 0.003370 -0.000001 0.076144 -0.000000 -0.102570 0.059761 0.146490 0.050278 0.077709 -0.000000 -0.000000 -0.160274 0.131771 0.081979 0.090300 0.176135 0.034627 -0.033208 -0.061345 -0.195665 -0.121088 0.030324 -0.000000 -0.032070 -0.001746
  -0.143539 -0.000000 -0.037275 -0.000000 0.126278 -0.081147 -0.019366 0.110917 0.188294 0.000000 -0.000021 -0.074163 -0.102019 -0.000000 0.000000 0.000000 -0.000058 -0.178097 -0.000000 0.076383 -0.034699 0.135242 0.251804 -0.001128 -0.170015 0.065492 -0.000000 0.034582 0.111461 0.005835 0.108027 -0.129912 0.081507 0.000000 0.000000 -0.000000 -0.008383 0.089358 0.023661 0.000000 0.034204 -0.044783 0.100243 0.038906 0.040620 -0.038848 -0.073315 -0.001317 0.072856 -0.090723 0.034004 -0.000000 -0.131605 -0.138508 -0.185017 -0.028571 0.101641 -0.221301 -0.010647 0.213877 0.036931 0.000000 0.130852 0.000000 0.028875 0.000133 0.105914 -0.050810 -0.061966 -0.247635 -0.000001 -0.086785 0.000000 -0.000001 -0.039706 -0.034899 -0.000000 0.049058 0.000000 0.054942 0.096202 0.053977 0.023600 -0.030359 0.000000 0.000001 -0.000011 -0.145635 0.141729 -0.081547 0.109008 0.395278 0.118463 -0.123482 0.005903 0.000002 0.053796 0.000000 0.041638 -0.267934
  0.006837 -0.000000 0.074771 0.000000 -0.223772 0.121565 -0.176490 0.083895 -0.046797 -0.000000 -0.000236 -0.086558 0.037314 0.000000 -0.000000 -0.000001 0.000039 0.092144 0.000000 -0.129834 -0.058554 -0.126413 0.129905 0.097809 0.061613 0.147809 0.000000 0.142903 0.025106 -0.138523 -0.100300 -0.055429 0.023936 -0.000000 -0.000000 -0.000000 -0.078764 0.031771 0.103668 0.000000 0.027494 0.061613 0.026589 -0.115867 0.104934 -0.046674 -0.239840 -0.004103 -0.056425 -0.034495 -0.120747 -0.000001 -0.103361 -0.123370 0.042433 0.071202 0.041549 0.079434 -0.038001 0.018352 -0.113014 0.000000 -0.031525 0.000000 0.062777 -0.000596 0.050332 0.124427 -0.037661 -0.047349 0.000000 0.066045 -0.000000 -0.000000 0.008638 -0.012676 -0.000000 0.150587 0.000000 0.021529 0.075948 0.150247 -0.095437 -0.085311 0.000000 0.000000 -0.168712 0.125559 -0.033734 -0.010128 -0.126033 -0.121685 0.061168 0.128519 -0.007138 0.142255 0.154671 -0.000000 0.031145 -0.050220
  0.033267 -0.000001 0.034914 -0.000001 0.074450 0.167179 -0.098892 -0.037420 0.042698 0.000000 -0.000156 0.029028 -0.042216 -0.000001 -0.000001 -0.000001 -0.000115 0.112997 -0.000000 0.018852 -0.015756 0.021238 -0.146801 0.058495 0.238295 -0.087951 0.000000 -0.151941 -0.037042 -0.197020 0.256670 -0.101085 -0.113071 -0.000000 -0.000000 0.000000 0.088089 0.014701 -0.063857 -0.000000 0.133284 0.006501 -0.054687 -0.023435 0.019003 -0.073247 0.203052 -0.007106 -0.084037 0.015129 -0.046948 -0.000000 0.120977 -0.013886 -0.074637 -0.064850 0.099198 0.230609 -0.012014 -0.163244 -0.017871 0.000001 0.038964 -0.000000 0.022893 -0.001132 -0.061581 -0.000000 0.034672 0.019192 0.000000 0.119255 -0.000000 -0.000001 0.082362 -0.000000 0.000000 0.043458 0.000000 -0.107172 0.065370 0.060939 0.063004 0.022621 -0.000001 -0.000001 -0.144264 -0.073879 0.116834 0.056170 0.065200 -0.070260 -0.028496 0.186298 -0.052261 -0.386422 -0.018127 0.000000 0.136783 -0.056866
  0.132371 -0.000000 -0.290409 0.000000 0.061974 0.073076 0.009641 0.159878 0.078951 0.000000 -0.000003 0.007164 0.061325 -0.000001 0.000000 -0.000000 -0.000157 0.044444 -0.000001 0.127478 0.118691 -0.069223 0.077053 0.164939 -0.029960 0.067518 -0.000000 -0.082356 -0.076811 0.064469 0.072130 0.084028 0.159765 -0.000000 0.000000 0.000000 -0.085951 -0.043581 -0.066071 -0.000000 -0.024659 -0.089792 -0.066874 0.050339 -0.024415 -0.108504 0.019933 -0.002562 0.163935 -0.089970 -0.012405 0.000000 -0.050188 -0.130407 -0.255430 0.085580 0.265608 0.115690 -0.108101 0.296009 -0.144384 -0.000001 0.131169 -0.000000 -0.101599 -0.000072 -0.031445 0.048803 0.000382 -0.286614 -0.000000 0.102062 0.000000 -0.000000 0.060013 0.028419 -0.000001 -0.150116 -0.000000 0.262774 -0.104624 0.084277 -0.109493 0.145692 -0.000000 0.000000 -0.277961 -0.138414 0.030089 -0.230658 0.165285 0.329193 -0.088304 -0.155633 -0.237668 0.223207 0.127075 0.000000 -0.258556 -0.282272
  0.114369 -0.000001 0.130382 -0.000000 -0.169158 0.024998 0.064007 0.111095 -0.080051 -0.000000 -0.000250 0.076381 0.057549 -0.000001 0.000001 0.000000 0.000084 0.020215 -0.000000 0.131944 -0.059222 0.066260 0.154903 0.068492 0.016994 -0.114388 -0.000001 -0.024402 -0.051833 -0.138546 -0.030334 -0.056241 -0.049136 -0.000001 -0.000001 0.000000 0.022273 -0.016496 0.029211 0.000000 -0.016269 0.061639 0.159185 0.063733 0.006471 0.079631 -0.148262 -0.000839 0.138011 0.006932 0.116471 -0.000000 0.137096 0.009628 -0.122077 0.014727 -0.009783 -0.151867 0.132560 -0.025655 0.054102 -0.000000 -0.069669 0.000001 -0.048022 -0.000580 0.052259 0.004837 0.116354 0.057229 -0.000000 0.135195 -0.000000 0.000000 0.159660 0.028057 0.000000 0.078571 0.000000 0.167385 -0.035701 -0.068495 0.049765 0.052680 -0.000000 -0.000001 -0.047430 0.106797 0.044533 0.011082 -0.086537 -0.075581 -0.061363 -0.125111 0.126286 0.106617 -0.014180 -0.000001 -0.066123 -0.029607
  -0.101417 -0.000000 -0.127197 0.000000 0.131046 0.090807 -0.035913 0.000000 0.177501 -0.000000 -0.000175 0.024127 -0.161611 -0.000000 0.000000 -0.000000 -0.000305 0.038656 0.000001 -0.002818 0.068865 -0.092639 -0.105835 0.028946 -0.100560 -0.151148 -0.000000 -0.031605 0.061156 -0.058345 -0.009268 -0.113756 -0.044136 -0.000000 0.000000 0.000002 0.107860 -0.324436 0.152171 -0.000001 0.138098 -0.092839 -0.035734 -0.294762 -0.125529 0.041351 0.121259 -0.006529 0.109962 0.000000 0.019181 -0.000001 -0.145629 -0.073585 -0.077388 -0.100940 -0.061571 -0.302269 0.274274 -0.046037 0.064351 0.000000 0.016188 -0.000001 -0.008978 -0.000292 -0.090080 -0.097924 -0.041743 0.039967 0.000000 -0.012515 -0.000000 0.000000 -0.107615 -0.082289 0.000000 -0.049331 -0.000000 0.011794 -0.133033 -0.092078 -0.108876 -0.047122 -0.000000 0.000000 -0.101646 -0.001268 0.126215 0.136930 0.102764 -0.040169 -0.165437 -0.095559 0.027194 0.133604 0.110554 0.000000 -0.005379 -0.096889
  -0.109331 0.000000 0.009965 0.000000 -0.019664 0.148605 -0.086261 0.095587 -0.038243 0.000000 -0.000274 -0.071485 -0.220925 0.000001 -0.000001 -0.000000 -0.000310 0.045764 0.000000 -0.021628 -0.029971 0.163182 0.065930 0.142360 -0.060917 -0.073657 -0.000000 0.044829 -0.143407 -0.200825 -0.118428 -0.076582 -0.396062 -0.000001 0.000000 0.000001 -0.062421 0.096690 0.174020 0.000001 -0.034027 -0.084922 -0.112039 0.092947 0.093062 0.061050 0.017555 -0.008070 -0.030395 0.014011 0.086615 -0.000000 -0.312195 -0.138858 -0.072592 -0.036471 -0.070238 -0.036152 -0.129044 -0.053696 0.087765 -0.000000 0.089059 0.000000 0.057934 -0.001221 -0.213835 -0.081794 0.062349 0.106787 -0.000000 -0.031236 -0.000000 0.000000 0.060351 -0.138410 0.000000 0.092275 -0.000000 0.122436 0.088192 -0.065542 0.077381 -0.033900 0.000000 0.000001 0.074647 -0.039352 -0.078122 -0.080829 0.046454 -0.131649 0.042716 -0.097357 -0.064427 -0.082886 0.176369 0.000000 -0.013771 -0.105339
  0.016609 -0.000000 0.013899 0.000000 -0.163929 0.042802 -0.011396 0.132519 0.105426 0.000000 -0.000211 -0.014174 -0.081170 0.000000 0.000000 -0.000001 -0.000118 0.005688 0.000000 0.000399 0.001159 -0.017996 0.029453 -0.022972 0.044042 -0.103142 -0.000000 0.015305 -0.054234 0.078367 -0.259164 -0.051546 0.068169 0.000000 -0.000000 0.000000 0.093761 -0.047671 -0.026793 -0.000000 0.087199 -0.100924 -0.026989 0.008642 0.010420 0.005337 -0.170672 -0.007454 -0.003114 -0.002196 0.154475 -0.000000 0.087372 0.045949 -0.137631 0.056517 -0.099117 0.116532 0.148972 -0.011031 -0.056306 -0.000000 -0.046305 -0.000000 -0.041799 -0.000445 -0.075521 0.095442 0.112259 -0.018194 0.000000 -0.031613 -0.000001 0.000000 0.007824 0.019933 0.000000 0.145930 0.000000 0.080261 -0.089075 -0.079089 0.020948 -0.015908 -0.000000 -0.000000 -0.122722 -0.098299 0.025911 -0.068324 -0.278736 -0.128737 -0.097226 0.119947 -0.108597 -0.023221 0.006531 -0.000000 -0.136552 -0.146126
  0.041581 0.000000 -0.044314 -0.000000 -0.086512 -0.057485 0.033924 0.085785 -0.061991 0.000000 -0.000126 -0.096865 -0.176615 -0.000001 0.000000 -0.000000 -0.000090 0.111801 0.000000 0.050936 0.110755 -0.085504 0.100873 0.047450 0.032165 0.033455 -0.000000 0.086676 -0.062018 -0.062935 -0.074871 -0.094501 -0.000000 -0.000000 -0.000000 0.000002 -0.031342 0.032427 0.078528 -0.000000 -0.040387 0.049517 0.076270 0.034948 -0.069732 0.117501 -0.011786 -0.001599 0.054700 -0.439196 0.070438 0.000000 0.164355 -0.107061 0.007491 0.067282 -0.167058 -0.202411 -0.045576 -0.171984 0.169432 -0.000000 -0.018988 0.000000 0.018134 -0.000700 -0.006624 0.083817 -0.171918 0.001076 -0.000000 0.035969 -0.000000 -0.000000 0.016472 -0.114036 -0.000000 0.087384 -0.000000 0.125609 0.066297 -0.358930 0.034261 -0.130707 0.000000 0.000001 0.038434 -0.022478 -0.114762 -0.000346 0.075996 -0.342837 -0.049047 -0.029808 0.053203 0.042902 0.143153 -0.000001 -0.074563 0.055078
  -0.045818 0.000000 -0.073087 -0.000001 -0.004754 0.138745 0.044652 0.028434 -0.059006 0.000000 -0.000045 0.108569 0.087159 0.000000 -0.000001 0.000000 -0.000132 0.160488 -0.000000 -0.119429 0.004042 -0.042320 -0.098715 0.094810 0.053611 0.160621 0.000000 -0.100324 0.033540 -0.077056 0.061867 -0.000000 0.000023 -0.000000 -0.000000 -0.000001 -0.100733 0.101031 0.064818 -0.000000 -0.031201 0.165504 -0.114728 0.212515 -0.093414 0.055647 0.053638 0.002538 0.147755 -0.000001 0.017112 0.000000 0.116763 -0.087399 0.065666 -0.058160 -0.188098 0.117407 -0.136351 -0.018514 -0.113273 -0.000000 -0.002169 0.000000 -0.059671 0.000278 -0.094684 -0.008305 0.000001 0.121072 -0.000000 -0.066636 0.000001 -0.000000 -0.040124 0.085908 -0.000000 -0.051300 0.000001 -0.011596 -0.058473 -0.135624 -0.105235 0.049723 -0.000000 -0.000001 0.217638 -0.096402 -0.122957 -0.106575 0.019012 0.063610 0.136252 0.155069 -0.021512 -0.121078 -0.013120 -0.000000 -0.150844 0.097675
  -0.021253 -0.000000 -0.000446 -0.000000 0.057368 -0.054027 -0.123041 0.000000 0.079245 -0.000000 -0.000049 0.144642 -0.080926 -0.000001 -0.000000 0.000000 -0.000036 -0.137029 -0.000001 -0.142983 -0.164515 0.121552 0.147519 0.210721 -0.220735 -0.013322 -0.000000 -0.062498 0.072697 0.154179 0.104316 -0.075799 -0.108927 0.000000 0.000000 0.000001 0.134511 -0.059831 0.170925 0.000000 0.128447 0.175180 0.075155 -0.000022 0.152089 0.204998 0.159992 -0.003596 -0.151326 0.000000 0.158122 -0.000000 0.075335 -0.145632 0.063249 0.226980 -0.129178 -0.000000 -0.000003 -0.100122 0.195798 -0.000000 0.091767 0.000000 0.139859 -0.000086 0.000001 -0.000000 0.028755 0.166971 -0.000000 0.079282 -0.000000 -0.000000 0.243234 0.000000 -0.000000 0.112571 -0.000000 0.089225 0.290312 -0.049373 0.165707 0.140533 0.000000 -0.000000 -0.000160 0.000001 -0.000335 0.108950 0.123867 -0.098042 0.109501 -0.336488 0.085540 -0.142473 0.303686 -0.000000 0.053949 -0.083277
  0.140689 0.000000 0.064863 -0.000000 0.051885 -0.121419 0.002604 -0.098737 0.165896 0.000000 -0.000061 -0.116084 0.090147 -0.000001 -0.000000 -0.000000 -0.000039 0.084635 -0.000000 -0.123468 0.011421 0.096606 -0.049311 -0.038508 0.175062 0.191345 0.000001 0.102478 -0.043745 -0.070201 -0.062789 -0.234634 -0.024643 0.000000 0.000000 -0.000001 0.109717 0.082946 -0.100991 0.000000 -0.041852 -0.061437 0.072240 0.041052 -0.072408 -0.043940 0.158748 0.002363 0.093883 0.010251 -0.102822 -0.000000 -0.042775 -0.092727 -0.101579 0.012205 -0.011909 0.140814 -0.039523 -0.010068 -0.175896 -0.000000 -0.147454 0.000001 0.063347 0.000121 -0.099895 0.037028 -0.153893 -0.091549 0.000000 0.131510 0.000000 0.000000 0.093624 0.119626 -0.000000 -0.002956 0.000000 0.063341 0.160590 -0.115232 -0.055558 -0.061562 -0.000000 -0.000000 0.012695 -0.147863 0.114343 0.040570 -0.023065 -0.067751 0.087001 0.087613 0.093443 0.069552 0.134797 0.000000 0.186321 0.070384
  0.023733 -0.000001 0.159301 -0.000000 0.102206 -0.223239 -0.019437 -0.001128 -0.006736 -0.000001 -0.000144 -0.158419 -0.129324 -0.000000 0.000000 -0.000000 -0.000031 -0.011668 0.000000 -0.010664 -0.082895 -0.133655 0.121956 -0.039332 -0.031210 -0.060190 -0.000000 -0.110091 -0.155674 0.000062 0.014285 -0.070946 0.083296 0.000001 -0.000000 0.000000 0.148815 0.095303 0.015147 0.000000 -0.098882 0.022246 -0.074378 -0.256667 -0.028203 -0.084972 0.058471 -0.004537 -0.019058 -0.000000 -0.214170 0.000000 0.152799 -0.101507 -0.057887 0.118087 -0.115782 -0.115768 -0.071578 -0.027181 -0.290747 -0.000000 -0.059489 0.000000 0.096591 -0.000943 0.044337 -0.245543 0.065903 0.008874 0.000000 -0.041018 0.000000 0.000000 -0.002392 -0.365781 0.000000 -0.026992 0.000000 0.135059 0.004547 -0.002374 0.008671 -0.088177 -0.000000 0.000001 -0.037072 -0.285410 -0.068862 0.059908 0.061765 0.119313 -0.010927 0.000001 0.038495 0.096314 0.048460 -0.000000 0.147311 -0.089787
  -0.108345 0.000000 0.001237 0.000000 0.000000 -0.017786 -0.153323 -0.151762 0.136234 -0.000000 -0.000039 -0.171026 -0.000149 0.000001 -0.000000 0.000000 -0.000043 0.099361 0.000001 0.010097 -0.342486 -0.180019 -0.091340 -0.091015 0.108256 -0.090512 -0.000001 -0.194837 0.081041 0.000000 -0.000000 0.109237 -0.555293 0.000001 0.000000 -0.000000 -0.130252 0.114812 -0.060948 0.000000 -0.121354 0.011955 -0.325297 -0.083306 -0.079737 0.088821 -0.220224 -0.000541 -0.012246 0.123019 0.016630 0.000000 -0.037964 -0.005258 0.118938 0.009855 0.035670 -0.000000 0.066349 0.178067 -0.068453 0.000000 0.125797 -0.000001 0.024018 -0.000375 0.015136 0.000001 0.061348 -0.078278 -0.000000 -0.029049 0.000000 0.000000 -0.016941 -0.000000 0.000000 -0.080681 -0.000001 -0.096917 -0.158631 -0.006379 -0.209508 -0.098002 0.000001 -0.000000 -0.149145 -0.166372 -0.116587 -0.129573 -0.367104 -0.078337 -0.196726 -0.113032 0.022707 -0.000000 0.000001 -0.000000 -0.021214 0.031977
  -0.051908 -0.000000 -0.015766 -0.000000 -0.351051 0.000000 0.131128 0.021126 -0.300197 0.000001 -0.000001 -0.088869 -0.000000 0.000000 -0.000000 -0.000000 -0.000035 -0.054849 0.000001 -0.342005 -0.148905 -0.136930 -0.080464 -0.135156 0.000000 -0.013906 0.000000 0.001533 -0.155583 -0.000000 -0.000000 -0.000030 0.000000 -0.000000 0.000000 0.000000 -0.044829 -0.000116 -0.071220 -0.000000 -0.198957 -0.000021 0.000000 -0.086008 -0.157336 -0.146163 -0.078219 -0.000557 -0.227885 -0.000082 -0.037785 -0.000000 0.000000 -0.000000 -0.106272 0.000722 -0.000000 0.000000 -0.000019 0.000001 -0.009463 0.000001 -0.161965 -0.000000 -0.014471 -0.000029 0.000001 -0.000000 -0.000043 -0.188721 0.000000 -0.143016 -0.000000 0.000001 -0.179659 0.000000 0.000000 -0.134532 -0.000000 -0.057091 -0.314605 0.000000 0.041607 -0.150753 -0.000000 -0.000000 0.053364 -0.004696 -0.095720 -0.051671 0.054180 -0.000000 -0.116595 0.034642 -0.067646 0.000000 0.000000 0.000001 -0.055780 0.000096
  0.029896 0.000000 -0.072020 -0.000000 0.116590 -0.131368 -0.042187 -0.094466 0.099978 -0.000001 -0.000176 0.027785 -0.123797 0.000000 -0.000000 -0.000000 0.000117 -0.101504 0.000001 -0.118272 0.009388 -0.061200 0.056711 -0.059647 0.049401 0.088596 0.000000 -0.110385 0.068779 -0.147196 -0.137771 -0.072209 -0.371599 -0.000000 0.000000 -0.000001 -0.029309 -0.101828 0.011444 0.000000 -0.070291 0.010078 0.010780 -0.037777 -0.001942 0.041029 0.081227 -0.003083 -0.097718 -0.067643 0.053424 0.000000 -0.019749 -0.106004 0.099297 0.052933 0.125790 -0.006904 0.088874 -0.066302 -0.104252 -0.000001 0.047767 -0.000001 -0.043376 -0.000781 -0.048019 0.095765 -0.108797 -0.051665 0.000000 -0.125890 0.000000 0.000000 0.151531 0.124940 -0.000000 0.056887 -0.000001 -0.031994 -0.109256 -0.018898 0.090989 -0.078442 0.000000 -0.000000 0.024744 0.097829 -0.088550 0.057641 -0.017604 -0.242516 0.018439 0.079371 -0.096591 -0.247381 -0.094412 0.000000 0.030209 -0.013124
  -0.028626 0.000000 0.070266 0.000000 -0.007792 -0.020605 -0.234133 0.124626 0.140858 -0.000001 -0.000229 0.117399 -0.079916 0.000001 -0.000000 -0.000001 -0.000128 -0.121910 -0.000000 0.003100 -0.045463 0.170433 -0.003333 0.021659 -0.045598 0.044366 -0.000000 -0.089788 -0.137236 -0.333838 -0.171377 0.057223 -0.061323 0.000000 0.000001 0.000001 0.113733 -0.039586 0.022892 -0.000000 0.112369 0.101743 0.107931 -0.034778 0.098288 -0.109147 -0.173847 -0.009081 -0.040579 0.141247 -0.046838 0.000000 -0.043629 0.093182 0.075411 0.132082 -0.044500 0.093302 -0.067604 -0.240085 0.014494 0.000000 0.014894 0.000000 0.083739 -0.001062 0.139303 -0.147194 0.134995 -0.061988 -0.000000 0.003905 -0.000000 -0.000000 -0.097577 -0.072563 -0.000000 0.002782 0.000000 0.012793 0.122251 0.081581 0.068509 0.069443 -0.000000 0.000000 -0.567415 0.098111 0.083451 -0.069693 0.067166 -0.251167 -0.014467 -0.117879 0.084726 -0.458568 0.010637 -0.000001 0.021962 0.046323
  -0.225648 0.000000 -0.074260 -0.000000 0.019253 -0.037764 -0.113036 -0.077064 -0.082981 -0.000000 -0.000133 -0.036767 0.061353 -0.000000 0.000000 0.000000 0.000037 -0.220850 0.000000 -0.139872 -0.456172 -0.086583 0.033501 0.070487 -0.185490 0.121142 -0.000000 -0.009111 -0.049563 -0.133774 -0.138303 -0.084446 -0.017543 -0.000000 -0.000000 0.000001 0.040422 0.157342 0.000663 -0.000000 -0.012158 -0.063417 -0.096815 0.084658 0.185211 -0.122240 -0.082011 -0.006413 -0.103624 -0.050036 -0.056136 -0.000000 -0.019190 -0.055611 -0.107220 0.009186 0.130333 -0.296573 0.107525 0.077880 0.148762 0.000000 0.090831 0.000000 -0.082501 -0.001031 0.151872 -0.178693 0.165718 0.091752 0.000000 0.092855 0.000000 -0.000000 0.135197 -0.035302 0.000000 0.042537 -0.000000 -0.085028 0.156873 -0.013419 -0.060864 -0.062983 0.000000 0.000000 0.000000 -0.029307 -0.031429 -0.036806 -0.126170 0.104687 -0.057627 -0.005671 0.029731 -0.395878 -0.238345 -0.000001 0.179620 -0.133244
  -0.663926 -0.000000 -0.125170 0.000000 0.262229 -0.161470 -0.406503 0.060190 0.117711 -0.000000 -0.000120 0.123395 -0.349144 -0.000000 0.000000 0.000000 -0.000022 0.018229 0.000001 -0.081108 0.000001 0.027851 0.053826 -0.068246 -0.102680 0.089474 0.000000 -0.101573 0.065017 -0.203415 -0.028308 0.090562 -0.122284 0.000000 0.000000 -0.000000 0.000418 -0.005441 0.083686 -0.000000 -0.003434 0.007393 -0.101671 0.085150 0.003172 -0.064566 0.392817 -0.000610 0.063960 0.134024 0.111104 -0.000001 -0.052441 -0.402216 -0.047860 -0.002123 -0.138468 0.009265 0.035719 0.362955 0.197700 0.000000 -0.025785 -0.000001 0.173451 -0.000353 -0.105252 0.000001 0.013434 -0.125551 0.000000 0.162528 -0.000000 0.000000 -0.065631 -0.000001 0.000000 0.146628 -0.000000 -0.053330 -0.102288 -0.062040 -0.098004 0.016189 -0.000001 -0.000000 -0.000001 0.054749 -0.072205 -0.056775 0.416306 0.333106 0.004829 -0.394149 0.070441 -0.000000 0.000002 -0.000000 0.090253 -0.171226
  0.118825 0.000000 -0.102273 0.000000 -0.092694 -0.065653 0.175621 -0.031608 0.098252 0.000000 -0.000151 0.091024 -0.054317 -0.000000 -0.000000 -0.000000 -0.000079 0.050033 0.000001 -0.052794 0.100310 0.124402 0.090906 -0.126762 -0.008576 -0.045091 -0.000000 -0.182703 0.096530 -0.006399 -0.060928 0.145895 -0.061883 -0.000000 0.000000 -0.000000 0.032801 -0.093284 0.069866 -0.000000 -0.102048 -0.017866 -0.129598 -0.073747 -0.081590 -0.067421 -0.106055 -0.003366 -0.238458 0.046134 -0.054114 -0.000001 0.063157 0.042182 -0.095938 -0.073879 0.007215 0.018489 0.066599 -0.132690 0.074474 -0.000001 -0.059030 0.000000 -0.035971 0.000708 0.125900 0.127866 0.083377 -0.107682 -0.000000 0.164500 0.000000 0.000000 -0.001757 -0.015094 0.000001 -0.009966 -0.000000 -0.097284 0.031238 -0.225193 -0.087385 -0.057789 0.000000 -0.000000 -0.151890 -0.083322 0.000633 -0.117922 -0.017151 0.069867 0.025152 0.099815 0.021785 0.000000 -0.123288 0.000001 -0.093269 0.161770
  -0.088628 -0.000000 -0.187276 -0.000000 0.107387 -0.194828 0.124551 -0.093285 0.030874 0.000000 -0.000026 0.050232 0.070248 0.000000 0.000000 0.000000 -0.000049 -0.059142 0.000000 -0.091503 0.064519 -0.109711 0.002885 0.085574 -0.243581 0.020109 -0.000000 -0.093763 0.085433 -0.348852 0.027029 0.000000 -0.000000 0.000000 0.000000 -0.000002 -0.074251 -0.041265 0.012467 0.000000 -0.009562 0.055573 -0.082751 0.069577 0.085031 -0.092289 0.125060 -0.003896 0.125085 0.000000 -0.136589 0.000000 0.080584 0.013660 0.004382 0.060185 -0.202715 -0.164231 -0.087210 -0.095136 0.079883 0.000000 -0.051906 0.000000 -0.153429 -0.000452 -0.052222 -0.029473 0.000000 -0.090794 -0.000000 0.033689 -0.000000 0.000000 -0.110017 -0.167537 -0.000000 0.099026 -0.000000 0.108794 0.000375 -0.522009 0.074828 -0.144377 0.000000 -0.000000 -0.009759 0.133429 0.093875 -0.120911 0.104106 -0.004640 0.097503 0.114803 -0.132502 -0.447689 -0.215136 -0.000000 -0.197873 -0.119547
  0.157498 -0.000001 0.012430 0.000000 0.143852 -0.013950 -0.004078 -0.076589 -0.076380 -0.000001 -0.000295 -0.150932 -0.001928 -0.000000 0.000000 -0.000001 -0.000250 0.151259 -0.000000 -0.067142 0.063187 -0.083371 -0.056256 -0.075764 0.100919 0.089147 0.000000 0.038210 0.122144 0.133726 0.123166 -0.327815 -0.188481 0.000000 0.000000 -0.000002 -0.092544 0.141372 0.071732 -0.000000 0.091701 0.008881 0.108146 -0.001679 -0.107155 0.018538 0.004457 -0.004235 -0.100346 0.009976 -0.081301 -0.000000 0.033216 -0.010612 -0.034581 0.035424 0.024912 0.077639 0.123288 -0.144017 0.000062 0.000000 -0.139006 -0.000000 0.080320 -0.000793 0.010328 0.158388 -0.171834 -0.136180 0.000000 0.111267 -0.000000 -0.000000 0.117896 0.082321 -0.000000 -0.123929 -0.000000 0.121222 0.123669 0.132935 0.081217 -0.010494 -0.000000 0.000000 0.122094 -0.029044 -0.125771 0.155408 -0.012271 -0.024474 0.024325 -0.021979 -0.082427 0.123481 -0.075547 -0.000000 -0.038854 0.062939
  0.000001 0.000000 0.000001 -0.000000 -0.000001 0.000000 -0.000000 0.000000 0.000000 0.000001 -0.000000 -0.000000 0.000000 -0.000000 0.000000 -0.000000 -0.000000 -0.000000 -0.000001 0.000000 -0.000000 -0.000001 -0.000000 -0.000000 -0.000000 -0.000000 0.000000 0.000000 0.000000 0.000000 -0.000000 0.000000 0.000000 -0.000000 0.000000 -0.000000 -0.000000 0.000000 -0.000000 -0.000000 -0.000000 -0.000000 -0.000000 0.000000 0.000000 0.000000 -0.000000 0.000001 0.000000 -0.000000 0.000000 0.000000 0.000000 -0.000000 -0.000000 0.000000 0.000000 0.000000 0.000000 0.000000 -0.000000 0.000000 -0.000000 0.000000 0.000000 -0.000001 0.000000 -0.000000 -0.000000 -0.000000 -0.000000 -0.000000 -0.000000 0.000000 0.000000 0.000000 -0.000001 0.000001 0.000000 -0.000001 0.000000 -0.000000 0.000000 -0.000000 -0.000000 0.000000 -0.000000 -0.000001 0.000001 0.000000 0.000000 -0.000000 -0.000000 0.000000 -0.000001 -0.000001 0.000000 -0.000000 -0.000001 -0.000000
  -0.209832 -0.000000 -0.094778 -0.000000 0.108573 0.000885 -0.010004 -0.003070 -0.195901 -0.000001 -0.000140 -0.005002 0.080792 0.000000 -0.000000 -0.000001 0.000072 -0.112351 0.000000 -0.038617 -0.138573 0.144241 0.128237 0.027139 -0.257166 -0.042866 0.000001 0.019840 -0.119292 -0.049549 -0.077796 0.046612 0.096570 -0.000000 -0.000001 0.000001 0.087199 0.119525 -0.010374 0.000000 0.023710 -0.064323 -0.140166 -0.087645 -0.080366 0.141925 -0.084284 -0.006615 -0.025865 -0.087889 -0.278474 -0.000001 0.110425 -0.034784 0.020319 0.081196 0.111905 -0.269023 0.005792 -0.047608 -0.017427 0.000000 0.129323 -0.000001 -0.007173 -0.001133 -0.022032 -0.252486 0.010541 0.040701 0.000001 0.020456 -0.000000 -0.000000 -0.126482 -0.257926 0.000000 -0.155066 0.000000 0.101274 -0.043536 -0.055867 0.153873 -0.009712 0.000000 -0.000000 0.000001 0.005119 0.052984 0.105801 0.142718 0.045712 -0.066813 -0.000001 0.090300 -0.045667 -0.246718 -0.000001 -0.503838 -0.079421
  -0.015039 0.000000 -0.026488 -0.000000 -0.170340 -0.335700 -0.090433 -0.001387 0.004353 -0.000000 -0.000151 -0.149380 0.105564 -0.000000 0.000000 0.000000 0.000007 0.093564 -0.000000 0.031160 -0.064472 0.077488 -0.115249 0.025152 -0.198361 0.130861 -0.000000 -0.032833 0.038263 -0.272956 0.053515 0.076249 -0.866740 0.000000 0.000000 0.000000 -0.035112 -0.017307 0.086047 -0.000000 -0.011597 -0.227269 -0.153746 0.013952 0.044425 -0.001882 -0.105275 -0.004409 -0.059117 0.017440 0.084767 0.000000 -0.121274 0.049357 -0.010589 0.037944 -0.123940 -0.048300 -0.041611 -0.122269 -0.142991 -0.000000 -0.130594 -0.000000 -0.130627 -0.001089 -0.158643 0.014370 -0.131373 0.085996 0.000001 -0.058285 0.000000 -0.000001 0.121073 0.023302 -0.000001 -0.046961 -0.000001 -0.058219 0.055541 -0.000405 -0.070617 -0.122104 -0.000000 -0.000001 0.071132 -0.164320 -0.020336 -0.067918 -0.148388 0.013895 -0.005386 0.024203 0.011837 -0.214440 -0.130656 0.000000 0.006941 -0.184345
  0.099129 -0.000001 -0.089918 0.000000 0.291866 0.194954 -0.299569 -0.001485 0.206161 -0.000000 -0.000043 0.130232 0.099670 -0.000001 -0.000000 0.000000 -0.000064 0.074462 -0.000001 0.034637 -0.118368 -0.200483 0.066935 0.177547 -0.023450 -0.004260 0.000000 -0.125895 0.140760 -0.136260 0.041556 0.134122 0.110402 -0.000001 0.000000 -0.000002 -0.103070 -0.146960 -0.049995 0.000000 0.095939 0.297674 0.000693 -0.027702 0.118931 0.156947 0.205870 -0.001878 0.040542 -0.000318 0.024405 0.000000 0.138214 -0.085188 0.005036 0.056908 -0.012207 -0.000000 -0.000083 -0.067946 -0.000061 0.000000 0.081355 -0.000000 -0.049413 -0.000070 -0.000006 -0.000000 0.007270 0.086035 -0.000000 -0.015619 0.000000 -0.000000 0.149295 0.000000 -0.000000 -0.031954 0.000000 -0.021347 -0.100325 -0.130341 0.121801 0.022689 -0.000001 0.000000 -0.125565 -0.003336 -0.037560 0.015490 0.228372 -0.019583 -0.001448 -0.102372 -0.121261 -0.071278 0.184437 0.000001 -0.108382 0.003593
  0.135013 0.000000 -0.003793 -0.000000 -0.023241 0.036879 0.108545 0.056867 -0.156246 -0.000000 -0.000193 -0.012733 0.097206 -0.000001 0.000000 0.000000 -0.000040 -0.090663 -0.000000 -0.057344 0.148621 0.129312 0.127193 0.135182 -0.116228 -0.133938 -0.000001 -0.007395 0.065133 0.090596 -0.034460 0.054363 0.190446 -0.000000 -0.000000 -0.000000 -0.018028 0.049937 0.014944 -0.000001 0.160328 0.053509 0.011794 0.080656 -0.088873 -0.061461 0.019085 -0.005340 0.071160 -0.073276 -0.167951 -0.000000 -0.056307 0.071633 0.044337 0.133254 0.076342 -0.002012 0.105564 0.016074 -0.001816 0.000000 0.037399 -0.000000 0.071182 -0.000948 -0.056406 0.063922 -0.043899 -0.104210 -0.000001 0.064432 -0.000000 0.000000 -0.022708 0.014760 -0.000000 0.053165 -0.000000 0.158423 0.160538 0.092266 0.096271 0.017330 0.000000 0.000000 -0.111121 0.091113 0.042802 0.155267 -0.079028 0.082323 0.007960 -0.024616 -0.036169 0.127537 0.056595 -0.000000 -0.000231 -0.059909
  0.073865 -0.000000 -0.069495 -0.000000 0.032722 -0.209424 -0.108847 0.143117 0.116132 -0.000001 -0.000238 0.031104 -0.118631 -0.000001 -0.000000 0.000000 -0.000101 -0.095119 0.000000 0.040781 0.070697 0.090906 -0.116673 0.125237 -0.185299 0.045551 0.000000 -0.045697 0.117281 -0.256242 0.111176 0.119940 -0.008762 0.000000 0.000000 0.000001 -0.095674 -0.044316 0.017535 -0.000000 0.089590 -0.011606 -0.053715 -0.139462 0.088753 0.110027 -0.013282 -0.008451 -0.126910 0.040149 -0.089569 -0.000000 0.024085 0.092600 -0.034039 0.094665 0.034952 0.041874 -0.002915 -0.215905 0.132328 -0.000001 -0.065497 -0.000001 0.121398 -0.001064 0.105173 -0.165681 -0.119351 -0.022140 -0.000000 0.069684 0.000000 -0.000000 -0.130693 -0.014039 0.000000 0.080238 0.000000 -0.091857 0.132298 -0.024598 -0.098187 0.124471 0.000001 0.000000 -0.279124 -0.085848 -0.008815 0.125283 -0.113504 0.016094 0.003739 0.079575 0.132358 -0.229890 -0.002323 0.000000 0.038681 0.108281
  -0.025482 -0.000000 0.063166 -0.000000 0.000297 -0.015766 -0.092687 0.040181 -0.063437 -0.000000 -0.000002 -0.032747 0.000000 -0.000000 0.000000 0.000000 -0.000011 -0.009568 -0.000000 0.012499 -0.277249 -0.027391 -0.095755 0.012826 0.028417 -0.125565 0.000000 0.052131 0.042886 -0.000000 0.000000 -0.039266 -0.001408 0.000000 -0.000000 -0.000001 0.024644 -0.198573 -0.011579 -0.000001 0.044342 -0.024231 0.000000 0.059428 -0.041223 -0.096662 0.031918 -0.000454 -0.056303 -0.177200 -0.178724 -0.000000 -0.004526 -0.011535 -0.045485 -0.074245 0.048294 -0.000001 0.104455 0.005071 -0.108425 0.000000 -0.074224 -0.000000 0.003462 -0.000088 0.000016 0.000000 -0.092033 -0.153715 -0.000001 -0.001244 0.000000 -0.000001 -0.142848 -0.000000 0.000000 0.012819 0.000001 -0.111205 -0.081295 -0.016351 0.010071 -0.002889 0.000000 0.000000 -0.089887 -0.020536 -0.037844 0.025680 0.059687 -0.052371 -0.092568 -0.100440 -0.129664 0.000000 0.000000 -0.000001 -0.203885 -0.007442
  0.166525 0.000000 -0.100600 0.000001 0.037097 0.153108 0.133506 0.076668 0.010335 -0.000000 0.000010 0.003105 0.064822 0.000000 -0.000000 -0.000000 0.000057 -0.029071 -0.000000 0.109415 -0.087989 0.134651 -0.061419 0.114067 0.002154 -0.126935 0.000000 0.008399 -0.093351 0.043384 -0.074597 -0.002492 0.000518 -0.000001 -0.000000 0.000000 -0.011039 0.061836 0.044295 0.000000 0.006705 -0.000027 -0.076767 0.136934 0.085344 0.123073 0.013839 -0.001279 -0.210460 0.000000 0.013086 -0.000000 -0.024297 -0.152568 -0.295216 0.120348 0.041954 0.166881 0.192011 0.144274 -0.076029 -0.000000 0.100711 -0.000000 -0.019602 -0.000324 -0.062472 -0.027839 -0.013451 0.082381 0.000000 0.068336 0.000000 -0.000000 -0.057255 0.058401 -0.000000 0.103280 0.000000 0.098095 0.179586 -0.005997 -0.083406 0.051123 -0.000000 -0.000000 -0.149144 -0.016106 -0.151598 -0.090276 0.140817 -0.001783 0.065540 0.128979 -0.166886 -0.322885 -0.116039 0.000000 0.096105 -0.007488
  -0.188663 0.000001 -0.001199 0.000000 -0.054700 -0.206465 0.022577 0.000000 0.155636 0.000000 -0.000078 0.057864 -0.207694 -0.000000 0.000000 -0.000000 -0.000031 -0.001999 0.000001 -0.000000 -0.075417 0.031749 0.088656 0.104835 -0.127083 0.016939 0.000000 0.073958 0.123074 -0.128950 0.071738 0.005483 0.157726 0.000000 -0.000000 -0.000003 0.027319 -0.105668 0.116189 0.000000 0.020709 -0.008535 0.099981 -0.189459 -0.024040 0.129004 0.120112 -0.003397 -0.109308 -0.000000 -0.204726 -0.000000 0.093094 -0.104217 0.049131 -0.051419 -0.012295 -0.131959 -0.235864 0.009727 -0.328645 -0.000001 0.054561 -0.000000 0.072155 -0.000572 -0.036671 -0.331944 0.062707 -0.175868 0.000000 0.076358 -0.000000 0.000000 0.127964 -0.185729 -0.000000 0.056408 0.000001 -0.019080 0.126938 -0.116999 -0.134067 0.097502 0.000000 0.000000 0.095667 -0.107266 -0.084205 0.107443 -0.057513 0.113807 0.124553 -0.000001 -0.052355 0.006358 0.166029 0.000000 0.060867 -0.019341
  -0.086483 -0.000000 -0.016499 -0.000001 -0.046863 -0.075040 -0.126721 -0.095033 0.043025 0.000000 -0.000239 0.108489 -0.095741 0.000000 -0.000001 0.000000 -0.000104 0.039152 -0.000000 0.068089 -0.045521 -0.098813 0.094347 -0.085248 0.026864 -0.082069 -0.000000 0.098554 -0.041701 -0.185588 -0.148903 0.077231 0.153099 -0.000000 0.000000 -0.000000 -0.046715 0.089002 -0.019821 -0.000000 0.003906 0.078467 0.124292 0.016323 0.028050 0.073822 0.034298 -0.008187 -0.135414 -0.138966 -0.018240 0.000000 -0.042748 -0.043152 0.104577 0.114082 0.059942 -0.112439 -0.078289 -0.203681 -0.098636 -0.000000 0.068333 -0.000001 -0.078888 -0.001059 0.058495 -0.050171 0.026243 -0.079860 -0.000000 -0.078832 -0.000000 0.000000 0.126530 0.022295 0.000000 0.046924 -0.000001 0.149790 -0.090396 0.053087 -0.095641 -0.003966 0.000000 -0.000000 -0.231644 -0.071339 -0.032544 0.132958 0.070013 0.012388 -0.041170 0.076662 -0.086606 -0.505997 -0.179003 0.000000 -0.132182 -0.102265
  -0.002296 -0.000000 0.035725 -0.000000 -0.112893 -0.103486 -0.127637 0.087675 0.099170 -0.000000 -0.000269 -0.097192 0.018850 0.000000 -0.000000 0.000000 0.000033 0.148692 -0.000001 -0.094407 -0.177369 0.085468 0.087448 0.021340 -0.082464 -0.053689 -0.000000 0.078052 -0.042684 -0.145779 0.080238 -0.060023 0.019418 -0.000001 0.000000 -0.000000 0.140569 0.001601 0.113100 0.000000 0.012310 0.181444 -0.005168 -0.067901 -0.121265 0.068011 -0.033071 -0.001707 -0.092004 -0.027159 -0.093401 0.000000 -0.091277 0.112239 -0.057021 -0.075985 0.143302 -0.010300 -0.091139 -0.003226 -0.141334 0.000001 0.031429 -0.000000 0.009494 -0.000571 0.099881 0.128956 0.120804 -0.034350 -0.000000 -0.090621 0.000000 0.000000 0.022311 0.114323 -0.000000 -0.095496 -0.000001 -0.053514 -0.096889 0.017213 -0.014668 -0.100006 0.000000 -0.000000 0.029151 -0.053374 -0.017320 0.168374 -0.201576 -0.202560 0.106166 0.014466 -0.040531 -0.008240 0.145136 0.000000 -0.138580 -0.111747
  -0.078420 -0.000000 -0.085302 -0.000000 -0.161177 -0.241359 0.124539 -0.134915 -0.091416 -0.000000 -0.000082 0.009525 0.060669 -0.000001 0.000000 -0.000000 -0.000093 0.045453 0.000000 0.058567 0.134984 0.118104 -0.118318 -0.067443 -0.120582 0.074903 -0.000001 0.080215 -0.027952 -0.126228 -0.073409 -0.084472 -0.829063 -0.000001 -0.000000 -0.000002 -0.004873 -0.084971 -0.083184 0.000000 -0.027055 -0.139823 0.008376 -0.135420 -0.072951 0.014226 -0.105160 -0.003976 -0.013176 0.116015 0.139910 -0.000001 0.015526 -0.095206 -0.085323 0.071373 0.047851 -0.028518 0.025449 -0.151545 0.030618 0.000000 0.012866 -0.000000 0.034274 -0.000836 -0.035819 0.095158 -0.048850 0.052424 0.000000 -0.118195 0.000001 -0.000000 0.076450 0.232518 -0.000000 0.114197 -0.000000 -0.143848 0.063356 0.132665 0.079604 0.031753 -0.000000 -0.000000 0.124938 -0.112181 -0.006450 0.012701 -0.031381 -0.003127 0.152237 0.022766 0.122863 -0.406766 0.008380 0.000000 0.044323 0.158373
  -0.084458 -0.000001 0.003483 -0.000001 0.135849 0.124887 0.026000 -0.102739 0.015735 -0.000000 -0.000113 -0.059428 0.044176 0.000001 -0.000000 0.000000 -0.000184 0.117180 0.000001 0.161959 0.017738 -0.054078 -0.090122 -0.046937 0.193313 -0.005884 0.000000 0.053037 -0.079162 0.141944 -0.044821 -0.082510 0.111613 -0.000000 0.000000 -0.000000 -0.036414 0.105473 0.038605 -0.000000 -0.101940 0.151546 -0.216451 0.057519 -0.038305 0.053095 0.109881 -0.006746 0.009782 0.042044 0.032325 -0.000000 0.028376 0.074877 0.092171 0.082980 -0.028313 -0.004383 0.079061 -0.122296 -0.014469 -0.000001 -0.155311 -0.000000 -0.104562 -0.000502 -0.000141 -0.000000 -0.117506 -0.111942 -0.000000 0.005547 0.000001 0.000000 0.107010 -0.000000 -0.000000 -0.078400 0.000000 -0.056088 0.025786 -0.063695 -0.078428 0.151968 0.000000 0.000000 0.008058 -0.106752 0.041604 0.124625 -0.059500 0.058877 -0.020949 -0.113464 0.104493 0.143470 0.002902 -0.000000 -0.021708 0.113155
  0.011321 -0.000001 0.006227 -0.000001 0.097321 -0.073283 -0.060032 0.119029 -0.066882 -0.000000 -0.000179 -0.027339 -0.053436 0.000001 0.000000 0.000000 0.000114 -0.077835 -0.000000 -0.072015 0.015142 0.030410 -0.042021 0.008691 -0.001141 0.058503 0.000000 -0.024218 0.152277 -0.096667 0.095761 -0.035546 -0.246747 -0.000001 -0.000000 -0.000000 -0.013653 0.072593 0.129512 -0.000000 0.015828 -0.125448 0.114018 0.114885 0.048981 -0.088460 0.118713 0.000743 -0.037178 0.149337 0.147445 0.000000 0.015302 -0.050320 0.011116 -0.011414 -0.051408 -0.176858 -0.061052 -0.045025 0.026098 0.000000 0.088595 -0.000000 -0.028003 -0.000383 0.029240 0.121988 -0.128546 0.055088 -0.000001 0.053920 0.000000 0.000001 0.169941 -0.062260 0.000000 0.022081 0.000000 -0.064743 0.108987 0.164463 0.021935 -0.049945 -0.000001 0.000000 -0.003520 0.076774 0.046314 0.063311 0.099191 -0.121867 0.191893 0.029892 0.144545 -0.008800 0.102383 -0.000001 0.022557 0.048135
  0.093656 0.000000 -0.156817 0.000001 0.245542 -0.194509 0.152466 -0.033927 0.097980 -0.000000 -0.000021 -0.171446 0.046168 -0.000000 -0.000000 0.000000 0.000020 0.067643 0.000001 -0.002868 0.073480 -0.013368 -0.051203 0.052450 -0.127318 0.173861 -0.000000 -0.202430 -0.141118 -0.008221 -0.136313 -0.000001 0.000000 -0.000000 0.000000 0.000000 -0.051040 0.184253 0.019545 0.000000 0.013867 -0.028702 -0.088262 -0.045653 0.004210 0.139493 0.039449 -0.000670 -0.042710 -0.000001 0.033558 -0.000000 -0.088873 -0.012564 0.082298 0.157461 -0.004296 -0.179371 -0.006528 0.009755 -0.073537 0.000000 0.182438 0.000000 -0.041304 -0.000079 0.135605 -0.021373 0.000000 0.150409 -0.000000 0.088440 0.000001 0.000000 0.122862 -0.138930 -0.000000 0.059065 -0.000000 -0.234297 -0.012341 0.203854 0.092112 0.020915 -0.000000 0.000000 0.139360 0.015010 -0.197176 -0.174086 0.014256 -0.135599 0.077730 0.097457 -0.191915 -0.240518 -0.215716 0.000000 0.095795 -0.073440
  0.023370 0.000000 -0.021676 -0.000000 0.048559 0.013099 -0.072559 -0.067852 -0.063583 -0.000000 -0.000334 0.071034 -0.067831 -0.000000 -0.000000 -0.000000 0.000113 0.076359 -0.000000 0.018247 0.277303 0.137793 0.132918 0.110448 0.223141 -0.057739 -0.000000 -0.096661 0.028500 0.080685 -0.218864 0.034827 0.101877 0.000001 0.000000 0.000001 -0.042234 -0.022004 0.026591 -0.000000 -0.117839 0.074859 0.025433 0.062979 -0.018390 -0.003745 -0.034111 -0.006547 0.009283 -0.112626 -0.129071 0.000000 -0.129239 0.168216 0.001510 0.147167 -0.102467 0.051286 -0.033791 0.067409 -0.029995 -0.000000 0.144558 -0.000000 -0.123531 -0.001296 0.092310 -0.123978 -0.007487 -0.123929 0.000000 0.084815 -0.000000 -0.000000 -0.134359 -0.182768 -0.000000 -0.020149 0.000000 0.149922 -0.109407 0.039063 -0.001288 0.019585 0.000000 -0.000000 -0.707183 0.041019 -0.049643 -0.143679 -0.083622 -0.058750 -0.012450 -0.036067 -0.007361 0.015582 -0.189146 0.000001 -0.262296 0.137327
  0.039110 0.000000 -0.030226 -0.000000 0.119209 0.090764 0.018366 -0.058087 0.033472 0.000001 -0.000125 0.023153 -0.018728 0.000000 0.000000 -0.000000 -0.000068 0.031780 0.000000 0.012612 0.266556 -0.065520 -0.097667 0.078091 0.088377 0.053498 -0.000000 -0.027407 -0.028064 0.156977 -0.172999 0.054807 0.116379 -0.000000 -0.000000 0.000000 0.025090 0.084291 0.053363 -0.000000 -0.019617 -0.064417 -0.099703 0.092713 -0.109948 0.095534 0.057286 -0.001950 0.152709 -0.022032 -0.005983 -0.000001 -0.104414 0.033527 -0.149027 0.131227 0.074960 0.136908 -0.100059 0.129728 -0.102516 0.000000 -0.080053 0.000000 -0.080361 -0.000754 -0.053904 -0.000000 0.076868 -0.128189 -0.000000 0.025251 -0.000000 -0.000000 0.027163 -0.000000 -0.000000 -0.046049 -0.000000 -0.020287 -0.041385 0.029114 -0.413232 -0.016107 -0.000000 0.000000 -0.109473 -0.029703 0.131038 -0.079845 -0.226518 -0.105615 -0.004070 0.074746 -0.135042 -0.000047 -0.002855 -0.000001 -0.045667 0.125714
  -0.043538 0.000000 -0.016803 -0.000000 -0.024515 0.010394 0.088958 0.012141 -0.032154 -0.000001 0.000008 -0.043304 0.036328 -0.000000 0.000000 0.000000 0.000071 0.100456 0.000000 -0.082887 -0.046046 0.072284 0.130519 0.061534 0.034902 0.079521 -0.000000 -0.031675 -0.100733 0.160449 0.034431 -0.009110 0.000120 -0.000000 -0.000000 0.000000 0.070942 -0.012066 0.073023 0.000000 -0.089974 0.021962 0.087936 0.036606 0.092381 0.041566 0.119553 -0.000806 -0.026237 -0.000001 -0.093358 -0.000000 -0.056960 0.131471 0.065583 -0.010853 -0.038833 0.061186 0.097442 0.053741 -0.205043 0.000000 0.124826 -0.000000 0.150597 -0.000101 -0.027288 0.008851 -0.005276 0.003401 -0.000000 -0.058933 0.000000 0.000000 -0.090925 0.129504 0.000000 0.111810 -0.000001 0.006436 0.090582 0.060691 0.076385 0.134407 -0.000000 0.000000 -0.092226 -0.076955 -0.118768 -0.025891 0.058091 -0.102712 0.093400 0.061024 -0.022144 -0.235521 -0.108706 0.000000 0.059823 0.114535
  -0.203595 0.000000 0.077789 0.000001 -0.011457 -0.139873 0.015576 0.123081 -0.089915 0.000000 -0.000136 0.006098 -0.073868 -0.000001 0.000000 -0.000000 0.000073 -0.234725 -0.000001 0.053107 -0.299627 0.131645 -0.006143 0.150346 -0.320708 0.050285 -0.000000 0.098573 0.023818 -0.122727 -0.047199 0.088209 0.090644 -0.000001 -0.000000 -0.000000 0.103154 -0.082860 0.005383 0.000000 0.096808 -0.034628 0.069552 -0.058793 0.039159 0.141694 0.197260 -0.006659 -0.121229 -0.115933 -0.547925 -0.000001 0.006233 0.120750 0.089170 0.048075 0.021692 -0.468078 -0.095790 -0.146846 0.076437 -0.000001 0.142465 0.000000 -0.029891 -0.001143 0.027983 -0.089997 0.114147 -0.024909 0.000000 -0.019288 0.000001 0.000000 0.035769 -0.277580 0.000000 -0.128106 -0.000001 0.015174 0.157016 0.014550 -0.066779 0.157118 -0.000000 -0.000000 -0.000002 -0.051502 0.028112 0.002779 0.109343 -0.017058 0.116392 -0.000001 0.097654 -0.119936 -0.082575 -0.000000 -0.529899 -0.127678
  0.003763 -0.000001 -0.245789 0.000000 0.113656 -0.316112 -0.020438 -0.015667 0.219804 -0.000000 -0.000062 0.109269 -0.103076 0.000000 0.000001 0.000001 -0.000008 -0.219043 -0.000000 -0.000000 -0.196622 -0.036584 0.113406 0.191178 -0.044576 0.184154 -0.000001 -0.264348 0.293579 -0.075446 0.147627 -0.079724 0.017353 0.000000 0.000000 0.000001 -0.021689 0.065441 0.157554 0.000000 0.098000 0.090663 0.120045 0.034170 0.044907 -0.010610 0.189145 -0.003142 0.123661 -0.000000 0.185697 0.000000 -0.072179 -0.055990 -0.036617 0.109087 -0.006505 -0.071259 -0.262261 0.038819 -0.208723 0.000001 0.035809 -0.000000 0.137930 -0.000730 -0.020974 -0.201745 0.131348 -0.094561 0.000000 0.140732 0.000000 0.000000 -0.006602 -0.193326 0.000000 0.203782 -0.000000 0.039083 0.015868 0.016746 -0.045227 0.068781 -0.000000 0.000000 -0.040428 -0.003024 0.195748 0.106661 0.118818 -0.054021 0.359383 0.000000 -0.086269 -0.135275 -0.080786 -0.000000 -0.102200 0.024964
  -0.048255 0.000000 0.013724 0.000000 0.226110 0.100697 -0.039112 0.040971 0.122014 -0.000001 -0.000047 0.094225 0.138608 -0.000000 0.000000 -0.000001 0.000126 -0.161912 0.000000 -0.030116 -0.146570 0.014904 -0.006149 -0.067663 -0.019937 -0.033412 0.000000 -0.194478 -0.049968 -0.050585 -0.013136 -0.000003 0.000000 0.000000 0.000000 -0.000002 -0.013176 0.134004 -0.107691 0.000000 0.143466 0.006935 0.038417 0.057096 0.071972 0.076601 0.170478 0.001008 -0.008254 -0.000000 0.155753 -0.000001 0.061109 0.179220 0.036415 0.164484 -0.063462 -0.203339 -0.132044 -0.056173 -0.029916 -0.000000 -0.005368 -0.000000 -0.009719 0.000053 0.141963 -0.076628 -0.000002 0.119359 0.000000 0.120308 -0.000001 0.000000 -0.006787 0.032247 -0.000000 -0.082018 -0.000000 -0.096991 0.017249 0.134263 0.120064 0.053291 0.000000 -0.000000 0.263135 -0.014567 -0.027922 -0.152131 0.094408 -0.241380 -0.103189 0.122231 0.023475 -0.114699 -0.244026 -0.000000 0.145739 0.008926
  -0.067281 -0.000000 0.000937 -0.000000 0.025544 0.110037 -0.087002 -0.134763 0.148036 -0.000001 -0.000187 0.094558 0.109695 -0.000000 -0.000001 -0.000000 0.000007 -0.055281 0.000001 0.097993 -0.011815 -0.141746 0.084386 0.099917 -0.000081 0.144710 -0.000000 -0.041070 -0.085265 0.073703 0.036176 -0.051747 -0.098171 -0.000001 -0.000000 -0.000000 -0.054548 -0.064361 0.101255 0.000000 0.075850 -0.119381 -0.002770 -0.018646 -0.048562 -0.062137 0.049111 0.000897 -0.128669 -0.027260 0.124815 -0.000001 0.034833 0.113925 0.148821 -0.011642 -0.055117 -0.073204 0.143102 0.135996 -0.004370 0.000000 0.088518 0.000000 0.086399 0.000041 0.031654 -0.063708 0.082040 0.007023 -0.000000 0.115534 0.000000 0.000001 -0.049701 0.045037 -0.000000 0.151634 -0.000001 0.074723 0.107696 -0.013441 0.189818 0.098502 -0.000000 -0.000001 -0.068713 -0.070840 0.101265 0.177901 -0.154908 -0.033163 0.066201 -0.118996 -0.024185 -0.075102 0.049773 0.000000 0.059223 -0.096187
  0.000002 0.000000 0.211697 -0.000000 -0.000220 0.000000 -0.000459 0.150059 0.163448 0.000000 0.000000 0.049377 0.000000 -0.000001 -0.000000 0.000001 -0.000001 -0.225498 0.000000 0.146980 -0.000000 0.054854 -0.044537 -0.037733 0.000000 -0.118221 0.000000 -0.000310 0.027413 -0.000000 0.000000 -0.173365 -0.000110 0.000000 -0.000000 0.000000 -0.000920 -0.247543 0.211631 0.000000 0.091551 -0.010330 -0.000000 0.047737 -0.025927 0.051141 0.000211 -0.000050 0.001139 -0.250487 -0.002288 -0.000001 -0.001284 -0.000004 0.141708 0.012939 0.001039 0.000001 0.069491 0.001437 0.011795 0.000000 0.161075 -0.000001 0.170846 -0.000006 0.000007 0.000001 -0.117243 -0.000683 -0.000000 0.138903 0.000000 -0.000000 -0.000424 -0.000000 -0.000000 0.111861 0.000000 0.113962 0.109349 0.001348 -0.000001 0.192391 0.000000 0.000000 0.000000 -0.000459 -0.019523 0.210458 0.000115 -0.067945 0.036871 -0.000034 0.201530 0.000001 0.000001 -0.000000 0.096954 -0.000001
  -0.024571 0.000000 0.066614 -0.000000 -0.122442 0.034318 0.066804 -0.310221 0.112078 0.000000 -0.000197 0.068047 -0.026667 0.000001 0.000000 -0.000000 -0.000120 -0.052396 0.000000 -0.679217 -0.076240 0.092759 -0.089836 0.079215 0.022787 0.011226 -0.000001 -0.036296 -0.047924 0.130149 0.069276 -0.053222 0.039014 -0.000000 0.000001 0.000002 0.022819 0.056276 0.101622 0.000000 0.064967 0.155441 0.022648 -0.330891 0.100609 0.064561 0.076043 -0.005098 -0.061382 -0.000000 0.033016 -0.000000 0.137154 0.053909 0.080591 -0.030335 0.105679 -0.123966 0.103969 -0.062117 0.084738 0.000000 0.010992 0.000001 0.136431 -0.001113 0.039433 0.064210 0.104094 -0.046181 -0.000000 -0.072014 -0.000001 -0.000000 -0.120266 -0.035361 -0.000000 -0.024889 0.000000 0.112204 0.131698 0.043713 -0.027453 -0.040080 -0.000000 -0.000000 -0.104507 0.009615 -0.115706 -0.075558 -0.099858 0.074048 -0.003998 -0.000002 -0.078734 0.021736 -0.139518 0.000000 -0.064342 0.087769
  -0.159486 0.000000 -0.116051 -0.000000 -0.144672 -0.075863 -0.001650 -0.000002 0.090670 0.000000 -0.000041 -0.159344 -0.124532 -0.000000 0.000000 -0.000000 -0.000065 0.069350 0.000000 -0.000000 -0.159178 -0.098691 0.099743 0.014850 0.021258 -0.031429 0.000000 0.012135 -0.034753 -0.080757 0.137802 0.088933 0.138346 0.000000 0.000000 0.000000 -0.072148 0.027844 0.042545 0.000001 -0.145244 -0.007978 -0.056230 -0.040591 -0.005663 0.014181 -0.143634 -0.003130 0.080799 0.000001 -0.190530 0.000000 0.006095 -0.071176 0.013043 0.036365 -0.112261 -0.214964 -0.089414 0.134580 -0.285503 -0.000000 0.073287 -0.000000 0.070523 -0.000393 0.000333 -0.049252 0.032907 -0.109654 -0.000000 0.096667 0.000000 -0.000000 -0.061293 -0.053162 0.000000 0.104118 -0.000000 -0.059996 -0.029301 -0.002419 -0.080209 0.049206 -0.000000 0.000000 0.036568 -0.017769 0.037234 0.010640 -0.036491 0.130196 -0.048993 0.000000 0.013150 0.017153 0.216983 0.000000 0.013150 0.067678
  0.083625 0.000000 -0.257661 -0.000000 0.146077 -0.075407 -0.103493 0.108296 -0.137829 -0.000000 0.000012 -0.019589 0.092611 0.000000 0.000000 0.000000 -0.000057 0.053717 0.000000 -0.098084 -0.022405 -0.147934 0.013209 -0.138676 0.064510 0.079164 0.000000 -0.258999 0.046121 -0.060910 0.127520 0.071377 0.002637 0.000000 -0.000000 0.000002 -0.114461 -0.005811 -0.095391 -0.000001 0.058176 0.047044 0.162213 0.038347 -0.019507 0.043970 0.028563 -0.001871 0.088639 -0.000001 0.081498 0.000000 0.104557 -0.127223 -0.118479 -0.048866 -0.110980 -0.033517 0.207563 0.032270 -0.025738 -0.000000 0.123714 -0.000001 0.065861 -0.000474 0.042745 0.201532 0.128859 -0.225193 -0.000000 -0.066886 -0.000001 0.000000 -0.034757 0.145442 -0.000000 0.069904 0.000001 -0.067303 0.046570 0.109177 -0.094211 -0.008952 -0.000000 0.000000 -0.012410 0.106288 0.025187 -0.044454 0.160134 0.118449 0.109224 -0.011230 -0.118643 0.111782 -0.075754 0.000000 -0.170959 0.110064
  0.019604 0.000000 -0.217607 0.000000 0.126259 0.076533 -0.033298 -0.000000 -0.040622 -0.000000 -0.000142 -0.029896 0.063487 -0.000000 -0.000000 0.000001 -0.000266 -0.042377 0.000000 0.023762 0.109994 -0.012837 -0.020599 0.156124 -0.084020 -0.116930 -0.000000 -0.166370 0.118682 -0.017834 0.069218 0.056746 0.085131 -0.000001 -0.000000 -0.000000 -0.095254 -0.202856 0.024158 0.000001 0.027417 0.026270 0.107658 -0.000964 -0.082146 -0.135465 -0.093133 -0.004985 -0.014111 -0.000000 0.236072 -0.000000 0.060220 -0.153474 -0.114036 0.031662 0.192609 -0.131583 -0.037201 -0.026743 -0.015517 -0.000000 0.026447 -0.000001 0.034543 0.000305 -0.081731 -0.171132 0.222439 -0.054215 0.000000 -0.032891 -0.000000 -0.000000 -0.083134 -0.140863 -0.000000 0.050755 0.000000 -0.070456 0.011133 0.192471 0.061780 -0.061770 0.000000 -0.000000 -0.023656 -0.005078 0.106481 0.099677 0.131404 -0.170925 0.122231 -0.430500 -0.077090 0.011936 -0.051789 0.000000 0.059622 0.091167
  -0.226099 -0.000000 0.110312 -0.000000 0.224475 -0.034045 -0.264413 0.069370 -0.072918 0.000000 -0.000117 -0.002942 -0.217327 0.000000 0.000000 0.000001 -0.000025 0.011188 0.000001 -0.004642 -0.001343 0.025846 -0.044485 0.116228 -0.207223 0.007088 0.000000 0.090376 0.126001 -0.114936 -0.005202 -0.027192 0.024760 0.000000 0.000001 0.000000 -0.158663 0.125665 0.141587 -0.000000 0.024589 0.063113 0.008891 0.156057 0.007744 0.019874 0.252059 -0.000917 0.130894 0.024429 0.036547 -0.000001 -0.043635 -0.114972 0.111282 -0.061031 -0.073839 -0.374616 0.032633 0.312998 0.085858 0.000000 0.035653 -0.000001 0.077853 -0.000294 0.016433 0.000017 0.074109 0.039256 0.000001 0.150529 0.000000 -0.000001 -0.040825 0.000357 -0.000001 -0.109772 -0.000001 0.063307 0.002484 -0.049234 -0.225880 0.081212 -0.000000 -0.000000 0.000000 0.058142 -0.052495 0.025687 0.198761 0.277074 -0.020961 -0.047517 0.079044 0.000000 -0.000002 -0.000001 0.205937 -0.181478
  -0.081088 0.000000 -0.098781 0.000000 -0.141555 -0.047691 -0.103832 -0.068527 0.017330 -0.000000 -0.000194 0.024103 0.062502 -0.000000 0.000000 -0.000000 -0.000227 -0.018345 0.000001 -0.090276 -0.118592 0.031514 0.131312 0.182574 0.007489 0.026018 0.000000 0.007944 0.057859 0.139115 0.047436 -0.326523 -0.407457 0.000000 -0.000000 -0.000000 -0.150718 -0.076598 0.022620 0.000000 -0.005135 -0.019397 -0.020846 -0.096025 0.190663 0.134343 -0.131846 0.003165 -0.004211 -0.006495 -0.052641 -0.000000 0.014251 0.084420 -0.122837 0.088447 -0.079387 0.151358 -0.093681 0.134901 -0.008596 -0.000000 0.082345 0.000001 0.051814 -0.000269 0.011700 0.013499 -0.293124 0.032367 -0.000001 0.066028 0.000000 -0.000001 0.053411 0.013491 0.000000 -0.081176 0.000000 -0.061950 -0.015538 0.131013 0.081997 -0.073676 0.000000 0.000001 -0.074818 0.069300 0.062267 0.109847 -0.082828 -0.068972 0.197682 -0.078749 -0.149839 0.026394 -0.087859 0.000000 0.096435 0.112124
  0.080718 -0.000000 -0.013719 0.000000 0.048419 0.157566 0.094645 0.015091 0.176237 -0.000001 -0.000024 0.078760 0.103912 -0.000000 -0.000000 -0.000000 -0.000050 -0.083399 -0.000000 0.012787 0.157001 -0.036287 -0.043643 0.163532 0.097908 0.209276 -0.000000 -0.163194 0.073253 0.079288 -0.066121 -0.000001 0.006377 -0.000000 0.000000 -0.000000 0.041640 0.002838 -0.014059 -0.000000 0.019819 -0.075547 0.060121 0.151568 0.019893 -0.101399 0.162627 0.002787 -0.090045 -0.000000 0.112544 -0.000000 0.043745 -0.034156 -0.103266 -0.018346 -0.032482 0.075123 -0.137547 -0.085800 0.007444 0.000000 -0.054086 0.000000 -0.074183 0.000102 -0.154473 0.080152 -0.000002 0.141097 0.000000 0.163995 -0.000000 -0.000000 0.124648 0.064656 0.000000 -0.156936 -0.000000 -0.001979 -0.066390 -0.008401 -0.004400 -0.097963 -0.000000 -0.000000 -0.117010 0.027283 -0.032933 -0.079526 0.175731 0.159101 0.057585 0.131771 0.106778 -0.212156 -0.046002 0.000000 0.025881 0.058978
  0.134535 0.000001 -0.080161 -0.000000 -0.006556 0.244019 -0.405996 0.080080 -0.033853 -0.000000 -0.000129 -0.104849 -0.084167 -0.000000 0.000000 -0.000001 -0.000096 0.017327 0.000000 -0.049485 -0.096321 -0.054856 0.016027 -0.009102 0.112854 0.056466 -0.000000 -0.089219 -0.040166 0.001399 -0.000002 -0.095514 -0.226138 -0.000000 -0.000000 -0.000000 -0.190789 0.001898 0.101738 0.000000 0.124308 -0.208198 0.124840 0.030343 0.151524 -0.081027 0.190939 -0.002243 0.035708 0.109176 0.150085 0.000001 0.007083 0.034197 -0.131190 0.146148 0.028913 0.066655 -0.022724 0.071939 0.158262 -0.000000 -0.055930 -0.000000 0.098337 -0.000748 -0.126389 -0.004765 0.020494 -0.052787 -0.000001 0.138243 0.000001 -0.000000 0.043443 0.002712 -0.000000 -0.066048 -0.000000 -0.050549 -0.068464 0.156863 0.005105 0.063293 -0.000000 -0.000000 -0.545099 0.023072 0.064231 0.061595 0.068238 0.157451 0.175306 0.156244 -0.107119 0.000002 -0.469873 0.000000 0.094705 -0.180252
  -0.168041 -0.000000 0.127422 -0.000001 -0.035534 0.031398 -0.007227 -0.042196 -0.005222 -0.000000 -0.000065 -0.133839 0.053722 0.000001 -0.000000 -0.000000 -0.000090 0.065242 -0.000000 0.080629 -0.233682 0.116212 0.054249 0.027229 -0.184106 0.128036 -0.000000 -0.190201 -0.030960 0.136567 0.083650 0.039640 0.192083 -0.000001 0.000000 0.000000 0.054657 -0.003133 0.102732 0.000000 0.008581 -0.071217 0.040062 -0.015224 -0.048967 -0.097895 -0.060184 -0.004278 -0.008409 -0.089420 0.029288 -0.000000 -0.059634 -0.059529 0.105641 0.035912 -0.071542 0.024370 -0.087657 0.142757 -0.063379 -0.000001 -0.041545 -0.000000 -0.013444 -0.000233 0.095675 -0.122372 0.022103 -0.169850 -0.000001 0.036952 -0.000001 0.000000 0.004349 -0.153856 0.000000 -0.133017 -0.000000 0.136859 -0.013206 -0.118200 -0.029234 -0.117532 0.000000 -0.000000 -0.000000 0.078784 0.069047 -0.123397 -0.129625 0.166811 -0.086743 0.057008 0.046293 -0.004964 0.063243 0.000000 -0.225597 0.032384
  0.075957 -0.000000 0.003391 0.000000 0.148329 0.125228 -0.074112 0.144597 -0.001921 -0.000000 -0.000235 0.104661 0.099400 0.000000 -0.000000 0.000000 0.000080 0.111828 -0.000000 -0.081005 0.031829 -0.074772 0.069512 0.173467 0.188151 0.132643 -0.000000 0.098487 0.068154 0.038813 -0.093206 0.041353 0.088465 -0.000000 0.000000 0.000001 -0.015038 0.099006 0.084938 0.000000 0.039954 0.133035 -0.069757 -0.072697 0.139635 0.059401 0.150609 -0.007797 -0.144040 0.128933 -0.199010 0.000000 0.101893 0.072858 -0.120307 0.061651 0.119423 0.182501 -0.085332 -0.022638 -0.124756 0.000000 0.158360 0.000001 0.039516 -0.001295 -0.119808 0.000000 0.057300 0.127229 0.000000 0.129817 0.000000 0.000000 -0.143476 0.000000 0.000000 -0.041082 -0.000001 0.085593 -0.038821 -0.030726 0.066732 0.135026 0.000000 -0.000000 -0.393420 -0.100048 -0.044740 -0.121450 0.152373 0.044577 -0.056344 -0.043517 0.026553 -0.086651 -0.174336 0.000001 -0.088185 -0.101518
  -0.091481 0.000000 -0.106080 -0.000001 -0.263487 0.027014 -0.144190 -0.041842 -0.046206 -0.000000 -0.000231 -0.130543 -0.127827 -0.000000 -0.000000 -0.000001 -0.000081 0.128247 0.000000 0.069305 0.049993 0.151436 0.082822 0.013889 -0.025286 -0.068118 0.000000 0.188384 -0.019513 0.005724 -0.182013 -0.016053 0.050148 -0.000000 -0.000000 0.000000 0.092472 0.124476 -0.086441 0.000000 -0.060453 -0.058364 0.091290 -0.087265 -0.138647 -0.032981 -0.144515 -0.008535 0.082055 0.041598 0.091853 0.000000 -0.031585 -0.075589 -0.056117 -0.038377 0.086612 -0.154785 -0.009803 0.110036 0.054908 0.000000 0.077452 0.000000 0.045801 -0.000726 0.153824 0.016948 -0.057603 -0.085537 0.000000 0.147298 -0.000000 -0.000001 0.110454 0.125973 -0.000000 -0.021260 0.000000 -0.044720 0.120500 -0.085610 -0.191780 -0.091240 -0.000000 -0.000001 -0.248988 0.063454 -0.110756 0.132021 -0.245548 -0.024076 -0.102203 -0.069694 0.027088 0.066733 0.008463 0.000000 0.014047 -0.025223
  -0.267905 0.000000 0.152581 0.000000 -0.093955 0.080408 0.024752 0.093068 -0.020914 0.000000 -0.000199 -0.095527 -0.109499 0.000000 0.000000 -0.000000 0.000065 -0.153690 -0.000001 0.027622 -0.014878 0.061728 0.106804 0.142899 -0.065146 0.022123 0.000000 0.106229 0.090578 -0.088364 -0.183322 0.039180 0.114574 -0.000000 -0.000000 0.000000 -0.058013 -0.050961 -0.080936 -0.000000 0.054554 -0.020894 -0.182700 -0.121524 -0.011780 0.048772 -0.057326 -0.007338 -0.113046 -0.081697 -0.150468 -0.000001 0.066232 0.007082 0.077983 -0.095784 -0.092988 -0.067911 0.018753 -0.060295 0.002864 -0.000000 -0.074197 0.000001 0.029965 -0.001203 0.048403 -0.005574 -0.095026 0.053026 -0.000000 -0.017965 0.000000 0.000000 0.036521 0.000000 -0.000000 -0.060502 -0.000001 0.104951 0.137132 -0.082202 -0.096960 0.012426 0.000000 0.000000 -0.000004 0.082665 0.095598 -0.115475 0.141916 0.011899 0.004625 -0.304156 0.110055 -0.041661 -0.300208 0.000001 -0.190198 0.076282
  0.147858 -0.000000 -0.162673 0.000000 0.006369 -0.247355 0.037735 -0.199769 -0.007350 -0.000000 -0.000020 0.121163 0.054932 -0.000000 0.000001 0.000000 -0.000101 0.101149 0.000000 -0.162371 -0.067717 -0.019663 0.080975 -0.082583 -0.146059 -0.056421 0.000000 -0.158236 -0.063311 -0.046094 -0.127825 -0.014355 -0.000000 -0.000000 -0.000000 0.000001 0.032923 -0.025371 -0.074279 0.000000 0.035384 0.042505 -0.127422 0.189375 0.028248 0.043459 0.100332 -0.003287 0.198109 -0.059694 -0.122016 0.000000 -0.016861 0.113454 -0.122037 0.009065 -0.311389 -0.000036 -0.006337 -0.000001 -0.119832 0.000000 -0.179326 -0.000001 -0.107960 -0.000313 0.076894 0.236196 -0.002435 0.035503 0.000000 -0.133968 0.000000 0.000001 -0.107344 0.237778 0.000000 0.034298 0.000000 0.049139 -0.143059 -0.062914 0.147664 -0.023245 -0.000000 0.000000 0.067281 0.018568 0.035475 -0.042443 -0.070580 0.000001 -0.041711 0.062400 -0.168033 -0.341580 -0.168035 -0.000000 -0.002687 -0.314756
  0.076055 0.000000 0.128735 0.000000 0.016598 -0.201306 0.099876 0.070038 -0.058625 0.000000 -0.000122 0.184248 0.245046 0.000001 0.000000 0.000000 -0.000039 0.136908 0.000000 0.102322 -0.013630 -0.120606 0.023410 0.009074 -0.146217 -0.026538 0.000000 -0.230727 0.003885 -0.134934 0.034934 0.071060 -0.048060 0.000000 0.000000 -0.000001 -0.033054 0.012808 -0.043642 0.000000 -0.064885 -0.365607 0.097359 -0.094323 0.017047 -0.139675 0.003275 -0.000124 -0.528410 -0.015468 -0.074267 0.000000 0.038937 -0.108644 0.065782 -0.127054 -0.185902 -0.014938 -0.001642 0.008295 -0.065247 0.000000 -0.013436 -0.000001 -0.055532 0.000541 -0.007060 -0.153580 -0.039911 -0.188083 -0.000000 0.132172 -0.000000 -0.000000 0.138007 -0.006122 0.000000 -0.096728 0.000000 0.013410 0.007362 -0.066611 0.113374 0.039239 0.000000 -0.000000 -0.000000 -0.066467 0.066415 -0.028182 0.097789 0.058004 -0.030368 0.142908 0.015451 0.000000 -0.000315 -0.000001 -0.221230 -0.174166
  0.099820 -0.000000 0.077167 -0.000000 -0.414155 0.023476 -0.011497 0.010657 -0.084235 -0.000000 -0.000084 -0.072654 -0.085090 0.000001 0.000000 -0.000000 -0.000082 -0.032443 -0.000000 -0.033484 -0.449864 -0.004187 -0.077493 0.141429 0.051415 0.071201 -0.000000 0.056126 -0.040053 0.000000 -0.000001 -0.102297 -0.776524 -0.000000 0.000000 -0.000000 -0.112628 0.108850 -0.011305 0.000000 0.121853 0.171996 -0.093267 0.100032 -0.016960 0.121629 0.131031 -0.000750 -0.461911 -0.095074 0.180580 0.000000 -0.181517 -0.083201 -0.030092 0.166749 -0.096306 -0.014166 0.080961 -0.113901 0.115131 0.000000 -0.101693 -0.000000 -0.058251 -0.000786 0.012881 0.014229 0.010110 0.042586 -0.000000 -0.025690 -0.000000 0.000000 -0.075187 0.008821 0.000000 -0.011418 -0.000001 -0.087192 -0.052018 -0.044112 -0.094561 0.140018 0.000000 -0.000000 -0.222677 -0.031478 0.037532 -0.081901 0.082702 -0.018277 -0.019090 0.205489 0.093494 0.000001 -0.063904 -0.000001 0.210160 -0.067594
  -0.132901 0.000000 -0.139186 0.000000 0.010006 0.039735 0.081367 -0.000001 0.150910 0.000000 -0.000203 -0.068124 0.017922 -0.000000 0.000000 0.000000 -0.000225 0.148913 -0.000000 -0.169458 0.057430 0.042498 -0.028483 0.011095 0.134927 0.033388 -0.000001 -0.096630 0.101953 0.100778 0.080693 -0.112699 0.021962 0.000000 -0.000000 0.000000 0.038560 -0.046059 0.092990 0.000000 0.110132 0.061975 0.003550 -0.074250 0.102025 -0.045408 -0.003863 -0.004275 -0.067323 0.000000 -0.003138 -0.000000 0.148586 0.083946 0.085514 0.027483 0.118428 0.044681 0.025110 0.157990 -0.054772 0.000001 -0.000799 -0.000000 -0.116220 -0.000653 0.033793 0.210073 0.104291 0.102085 -0.000000 0.114247 -0.000000 0.000000 -0.101526 0.066716 0.000001 0.121930 0.000000 0.087759 -0.107274 0.046835 0.044881 -0.111124 -0.000001 -0.000001 0.079084 0.046062 -0.016843 -0.035579 0.038509 0.092992 0.032785 -0.424685 -0.004111 -0.008235 0.063298 -0.000000 -0.038139 0.057737
  -0.175053 0.000000 -0.024383 0.000000 -0.003318 -0.216287 -0.417338 0.104378 0.162938 -0.000000 -0.000138 0.104584 0.072033 0.000000 -0.000000 0.000000 -0.000034 -0.128104 -0.000000 0.111364 0.001811 0.090615 0.101969 0.087230 -0.515659 -0.085383 -0.000001 -0.356239 -0.035110 -0.000199 0.000000 0.118717 0.083888 0.000001 0.000000 0.000000 -0.031960 -0.042474 0.122536 -0.000000 0.000999 0.039929 0.017616 0.129892 -0.137387 0.108650 0.140440 -0.001030 -0.269640 0.078007 -0.063275 0.000000 -0.024581 -0.331552 0.084024 -0.085722 -0.216953 -0.332840 0.016070 -0.032017 -0.079616 -0.000000 -0.022389 -0.000000 0.114925 0.000049 -0.004776 -0.126967 0.069097 0.133005 0.000000 0.103896 0.000000 0.000000 -0.003010 0.059560 -0.000000 0.087690 0.000000 0.062939 0.008115 -0.162562 -0.187065 0.072409 0.000000 0.000000 -0.000001 0.130530 0.106920 -0.001954 0.093150 0.238112 0.072932 0.119843 -0.086753 0.000000 0.000001 0.000000 0.220007 0.027993
  -0.036215 0.000000 0.000688 -0.000000 0.002092 0.071100 0.157025 0.055852 -0.121984 0.000000 -0.000055 0.161577 -0.061109 -0.000001 -0.000000 -0.000001 -0.000157 -0.085324 -0.000000 -0.100725 0.143190 -0.030956 0.004181 0.103544 0.053491 0.103937 0.000000 0.057375 0.149148 0.056585 0.082317 -0.000000 0.008473 0.000000 0.000000 0.000001 -0.162359 -0.014347 0.116131 -0.000000 0.121578 0.173037 0.126077 0.044044 0.039963 0.088632 0.106636 0.002751 0.205548 0.000000 0.165986 -0.000001 -0.075454 -0.033699 -0.053766 0.067874 -0.182185 0.162105 -0.116067 -0.035554 -0.065632 0.000000 -0.159547 -0.000001 0.048832 0.000231 -0.083410 0.088439 -0.000124 -0.015089 -0.000001 0.010599 0.000000 -0.000001 0.079831 0.111902 -0.000000 0.102839 -0.000000 -0.132796 -0.112940 -0.080411 0.028669 -0.051173 0.000000 0.000000 0.037833 0.032062 0.148376 -0.123110 -0.029629 -0.026579 0.049624 -0.031324 -0.078096 -0.000478 0.029143 0.000000 -0.061778 -0.022405
  0.066047 -0.000000 0.131430 -0.000000 -0.146633 0.029569 0.096669 0.029615 -0.084599 -0.000000 -0.000174 -0.024140 0.134485 0.000000 0.000000 -0.000000 -0.000069 0.122669 -0.000000 0.082673 0.013106 -0.121164 0.052518 -0.116553 -0.055975 -0.032493 0.000000 0.035844 -0.168377 0.008155 0.046154 0.134713 0.074539 0.000000 -0.000000 0.000000 0.078348 0.135991 -0.088517 -0.000000 0.082997 -0.070238 -0.008997 0.072585 -0.006196 0.159806 -0.154567 -0.004959 0.004665 -0.060001 0.069730 -0.000001 0.136997 0.040726 -0.068460 0.137134 -0.021952 0.160343 0.014470 0.082425 -0.025153 -0.000001 0.058036 -0.000000 0.016519 -0.000870 -0.099767 -0.046201 0.028553 -0.004287 -0.000000 -0.026088 0.000000 0.000000 -0.024293 0.132767 0.000000 0.035578 -0.000000 -0.100853 0.152849 0.073533 -0.119785 0.008030 0.000000 0.000000 -0.076477 -0.115595 -0.030625 -0.100578 -0.026457 -0.130679 0.073267 0.036240 0.108475 -0.100929 -0.133888 -0.000000 -0.162949 0.042498
  -0.038609 -0.000000 -0.163848 -0.000000 -0.017858 -0.090459 0.043964 0.035285 -0.144860 -0.000000 -0.000098 0.079607 -0.005585 -0.000001 -0.000001 -0.000000 -0.000052 -0.046200 -0.000000 -0.114355 -0.153457 0.094429 0.044373 0.074303 -0.136379 0.079275 -0.000000 -0.086303 -0.100259 -0.172787 0.211525 0.044331 0.308441 -0.000000 -0.000000 -0.000000 0.014130 0.040513 0.061341 -0.000001 -0.003397 -0.238626 -0.124309 -0.013612 -0.047682 -0.221509 -0.105723 -0.002240 0.013706 -0.061036 -0.128565 -0.000001 0.095514 0.037299 -0.071973 0.072849 0.056732 -0.168564 -0.117839 0.261760 0.040844 0.000000 0.060657 -0.000000 -0.180028 0.000473 -0.125520 -0.134077 0.004518 -0.434896 -0.000000 -0.028718 -0.000000 -0.000000 -0.046631 0.017632 0.000001 -0.131004 -0.000000 0.119835 -0.010858 -0.001178 -0.098285 0.034774 0.000000 0.000000 -0.006191 0.110252 0.094303 0.023948 -0.156235 0.291735 -0.127163 0.005023 -0.011989 -0.000002 0.122393 0.000000 -0.331889 -0.057417
  0.081814 -0.000000 0.006847 -0.000000 -0.042101 -0.241949 -0.107269 -0.156478 0.151964 0.000000 -0.000180 -0.061160 -0.072856 -0.000000 -0.000000 -0.000000 0.000013 -0.080018 0.000000 0.095301 -0.118971 -0.133167 -0.065790 0.108605 0.032158 0.024425 0.000001 -0.040312 0.168520 -0.264662 -0.010090 0.003690 -0.616128 0.000000 -0.000000 0.000000 -0.050757 -0.131238 0.114249 0.000000 0.132137 0.029134 0.021309 -0.010628 -0.102973 -0.084667 -0.034890 -0.004370 -0.129709 0.144414 0.018654 0.000000 -0.054761 -0.153790 0.142048 -0.074028 -0.087466 -0.123665 -0.094589 -0.177969 0.056827 -0.000000 0.012416 -0.000001 0.083006 -0.001069 -0.184818 -0.035698 -0.126596 0.072202 0.000000 0.143000 -0.000000 -0.000000 -0.072668 0.020796 0.000000 -0.113633 0.000000 0.015250 0.117541 -0.022816 0.113267 0.142371 0.000001 0.000000 0.040057 -0.034080 -0.130001 0.054102 0.028819 -0.039247 0.053076 -0.066496 0.057272 -0.047401 -0.108876 -0.000000 -0.002655 -0.087061
  -0.150949 -0.000000 0.015050 -0.000001 0.041362 0.187862 0.154653 0.000001 0.068298 0.000001 -0.000084 0.073599 -0.032506 -0.000000 0.000000 -0.000001 -0.000157 -0.045267 0.000000 -0.172582 -0.117732 0.194415 0.102393 0.187573 -0.129277 -0.139625 0.000000 -0.077432 -0.146289 0.079164 -0.033536 0.015601 -0.022588 0.000000 0.000000 -0.000000 -0.024494 -0.013993 0.111654 0.000001 0.046272 -0.081542 -0.140353 0.000000 0.134968 0.170827 0.095405 -0.005007 0.102327 0.000000 0.105901 -0.000000 0.343003 -0.319143 -0.153442 -0.045172 -0.170905 -0.000001 -0.000001 -0.111730 0.051892 0.000001 -0.108145 -0.000000 0.116565 0.000064 -0.000004 0.000000 -0.050979 0.053290 -0.000000 0.325366 -0.000001 -0.000000 -0.032476 -0.000000 0.000000 -0.052778 -0.000001 0.046209 0.244638 -0.107180 0.017928 0.033830 0.000000 0.000000 0.092371 -0.000001 0.120858 -0.015804 0.066873 0.109751 0.103626 -0.418674 0.016986 -0.118763 -0.050057 0.000000 -0.012211 0.069788
  -0.303468 0.000000 0.161271 -0.000000 0.332640 -0.165256 -0.281582 -0.000008 0.347733 0.000000 -0.000029 0.140587 0.008069 -0.000000 -0.000000 0.000001 -0.000075 -0.083221 0.000001 0.000001 -0.244574 0.381615 0.011058 0.099601 -0.439179 0.350124 -0.000001 -0.299946 0.015897 -0.270729 -0.092475 0.000000 0.037218 0.000000 0.000000 0.000002 0.010546 -0.208807 0.273283 -0.000000 0.349154 0.176390 -0.016902 -0.231492 0.148930 0.167714 0.178620 0.004191 -0.048711 0.000001 0.074489 -0.000000 -0.074475 -0.257896 0.079582 0.339944 -0.423033 -0.361287 -0.004629 -0.214357 0.003689 0.000000 0.313550 0.000000 0.202601 0.000207 0.253033 -0.475712 -0.022892 0.041255 -0.000001 0.401590 -0.000000 0.000000 0.101122 -0.376871 0.000000 -0.055077 -0.000000 0.031386 0.262277 -0.610462 0.356566 0.265444 0.000000 0.000000 -0.010913 -0.272997 0.068709 -0.052584 0.355370 0.008402 0.126967 -0.000258 0.193494 -0.104560 0.077510 0.000000 0.055519 -0.074786
  0.099833 -0.000000 0.029075 0.000000 0.082543 0.020299 -0.130928 -0.039637 0.022189 -0.000000 -0.000258 -0.104969 0.010509 -0.000000 0.000000 -0.000000 -0.000265 0.098714 -0.000000 0.066167 0.094385 0.049982 0.101443 -0.062235 0.028078 -0.070003 -0.000001 -0.043884 -0.072599 0.076671 0.108152 -0.171841 -0.134133 -0.000000 -0.000000 0.000001 -0.001782 -0.167506 0.093447 0.000000 0.026434 0.058753 -0.123418 -0.128313 -0.049811 0.002826 0.102419 -0.006864 -0.110852 -0.140601 -0.018870 0.000000 -0.082671 -0.030015 0.037849 -0.056367 -0.109901 -0.144794 -0.084758 -0.104738 -0.005773 0.000000 0.011823 0.000000 0.132247 -0.001150 -0.095839 -0.156371 -0.089509 -0.003701 -0.000001 0.080892 -0.000000 -0.000000 -0.035806 -0.090726 -0.000000 -0.068543 -0.000000 0.139127 -0.066467 -0.063715 0.083038 0.173069 -0.000000 -0.000000 0.098552 -0.096752 -0.035162 -0.069823 0.145517 0.131520 -0.002924 -0.041960 -0.034544 -0.012651 0.140393 0.000001 0.029032 0.059382
  -0.064416 -0.000000 0.034573 -0.000000 0.003897 -0.138178 0.090443 0.076034 0.124849 0.000000 -0.000085 -0.090023 0.141746 0.000000 0.000000 0.000000 -0.000116 -0.090074 -0.000000 0.068695 0.149731 0.073799 -0.015116 -0.051092 0.126348 0.113657 0.000000 -0.081701 0.137447 0.047866 0.053754 -0.494528 -0.319301 0.000000 -0.000001 -0.000000 -0.021002 0.060981 -0.121489 -0.000000 0.092695 0.047520 -0.082711 -0.064695 0.131418 -0.108262 0.041732 0.003175 0.174490 0.010940 0.033009 -0.000001 0.143448 -0.032169 0.094513 -0.054625 0.076989 -0.062536 0.083223 -0.053637 -0.075316 -0.000001 -0.146936 -0.000001 -0.115905 0.000091 -0.030783 0.087827 -0.501989 -0.021909 -0.000000 0.153771 0.000000 -0.000000 0.038496 -0.074537 0.000000 -0.137102 -0.000000 -0.099684 0.068516 0.017014 0.032638 -0.049400 -0.000001 0.000000 0.126245 0.094299 0.048519 0.059795 0.091733 -0.088128 -0.082893 -0.091354 -0.083186 -0.010776 0.136660 -0.000000 0.081613 0.042588
  0.035786 -0.000001 0.017799 0.000000 0.140534 0.007946 0.115215 -0.076747 -0.010028 0.000000 -0.000184 -0.183019 -0.122118 -0.000000 0.000000 -0.000000 0.000010 -0.039764 0.000000 0.034902 0.078734 -0.016856 -0.058114 0.074475 -0.089965 -0.055081 -0.000000 0.064461 -0.004534 0.021354 0.038897 -0.057021 0.181675 -0.000000 -0.000000 0.000000 -0.082753 -0.075942 -0.003799 -0.000000 -0.054562 0.138912 0.009379 0.052511 0.041501 0.135374 -0.126146 -0.004728 0.022649 -0.274371 -0.215803 -0.000000 0.067540 -0.060805 0.004861 0.060751 -0.009652 0.127801 0.123806 -0.016437 -0.041240 -0.000001 -0.149004 -0.000000 0.049062 -0.001056 0.002172 -0.034581 -0.050915 0.096128 0.000000 0.068073 0.000000 0.000000 -0.079720 0.042938 0.000000 -0.000944 -0.000001 0.145223 0.118328 -0.068863 0.021763 0.143008 -0.000000 -0.000000 -0.211809 0.056665 0.076229 -0.030098 -0.129689 -0.113777 -0.138396 -0.179814 0.060542 -0.056901 -0.039509 0.000000 -0.194868 -0.011823
  -0.092990 -0.000000 -0.030463 0.000000 0.193552 -0.245003 -0.056309 -0.253035 -0.059893 0.000000 -0.000161 -0.003930 -0.082332 -0.000001 -0.000000 -0.000001 0.000119 0.017291 0.000001 -0.377014 -0.076000 -0.095788 0.008759 0.017246 -0.082785 0.071480 -0.000001 -0.104314 0.308160 0.009358 0.033722 0.068574 0.042133 -0.000000 -0.000000 -0.000000 0.015954 0.082068 0.104634 -0.000000 0.017342 -0.011158 -0.014014 -0.286240 0.149531 0.074521 0.167339 -0.005350 0.108105 0.000000 -0.058602 -0.000001 -0.098980 0.025738 0.129126 0.005550 -0.075670 -0.175528 -0.099687 -0.070040 -0.147737 0.000001 0.139277 -0.000000 -0.009844 -0.001162 -0.091089 -0.215729 0.120028 -0.010825 0.000000 0.144033 -0.000001 0.000001 0.074147 -0.184264 -0.000000 -0.048700 -0.000000 0.083605 -0.081863 0.034986 -0.037477 -0.091005 0.000000 0.000000 -0.258550 -0.376394 0.173028 0.035848 -0.061881 0.031650 0.139915 -0.000001 0.053122 0.032550 0.128240 -0.000000 0.078143 -0.024241
  0.165918 -0.000001 -0.081243 0.000000 0.055510 0.046068 -0.004722 -0.025047 0.106585 -0.000000 -0.000122 0.195412 0.159386 -0.000000 0.000000 -0.000000 -0.000126 0.109301 -0.000000 -0.000000 -0.020614 -0.062832 0.088536 0.039163 0.027546 0.033691 -0.000000 -0.464328 0.159267 0.042210 0.073907 0.102036 0.140841 0.000001 -0.000000 -0.000001 0.012827 -0.033547 -0.068043 0.000000 0.171680 0.034708 0.108927 0.146497 0.095837 -0.143668 0.041490 -0.001757 -0.105858 -0.000000 0.026551 -0.000000 -0.030341 -0.000672 -0.062667 0.101480 -0.308856 0.064365 -0.174170 0.011549 0.036125 0.000001 -0.006966 0.000001 0.097288 -0.000495 -0.063098 0.040176 0.212137 -0.020060 0.000000 -0.116971 -0.000000 -0.000000 -0.100607 -0.089919 -0.000000 -0.056024 -0.000000 -0.262151 0.102624 0.049117 0.098146 -0.062601 0.000000 -0.000000 0.175657 0.165897 0.012307 0.087391 0.007395 -0.167058 0.110996 -0.000277 -0.144375 0.051478 -0.076567 0.000000 0.118277 -0.039290
  -0.044655 -0.000000 -0.072902 -0.000001 -0.104165 -0.036541 -0.066384 0.032146 0.084830 0.000000 -0.000143 -0.152306 0.046570 -0.000000 -0.000000 0.000000 -0.000085 -0.051022 0.000000 0.107573 -0.021854 -0.025246 0.006434 0.062778 -0.075564 0.013811 0.000001 -0.043240 0.120113 0.139174 -0.031196 0.053203 -0.066882 0.000000 0.000000 -0.000001 0.105502 0.107746 -0.049234 -0.000000 -0.124173 0.025136 0.176689 0.072952 -0.008926 0.070318 -0.055817 -0.003487 -0.005676 -0.195184 0.021979 0.000001 0.059832 0.006553 -0.101383 0.123502 0.077154 0.159043 0.025481 -0.004526 -0.043073 -0.000000 0.026103 0.000001 -0.090288 -0.000472 0.080294 -0.045975 0.019699 0.061418 -0.000000 0.112542 0.000000 0.000000 0.120526 0.109378 -0.000001 -0.057577 -0.000001 -0.017352 0.139357 -0.005425 0.069342 -0.062424 -0.000000 0.000000 -0.028813 0.051929 -0.077823 0.168940 0.020966 0.058589 -0.132919 -0.011328 0.124285 0.121329 -0.123716 -0.000000 0.023005 -0.106282
  -0.035946 -0.000000 -0.031765 0.000000 0.034319 0.079821 0.133423 0.020679 0.075348 -0.000000 -0.000417 -0.131922 -0.137464 -0.000000 -0.000000 0.000000 -0.000327 0.186100 0.000000 -0.047698 -0.005106 -0.050637 -0.072726 0.034149 0.045422 -0.111799 -0.000001 -0.172386 -0.089045 -0.062200 0.053478 -0.126118 0.023951 -0.000000 -0.000001 0.000001 0.032373 -0.137939 0.104734 -0.000001 -0.094173 0.047103 0.066562 -0.131714 -0.138621 0.116139 -0.011783 -0.005200 -0.008596 0.000000 -0.087016 0.000000 0.031724 -0.010565 0.083491 0.118466 -0.084879 -0.109103 0.093149 0.064907 0.004707 0.000000 0.064209 0.000000 0.114996 -0.001148 -0.080462 0.068389 -0.056635 0.014519 -0.000000 -0.135067 -0.000000 0.000000 0.092656 0.042050 -0.000000 0.019372 0.000000 -0.017215 0.025914 -0.012566 -0.078344 0.072821 -0.000001 -0.000000 -0.073656 -0.063058 -0.023055 0.016726 0.046086 0.084707 0.015200 -0.194062 0.038819 0.054017 -0.041584 0.000000 0.152744 -0.072355
  0.122611 -0.000001 -0.061207 -0.000000 -0.359528 -0.113864 0.008750 0.113372 0.047094 -0.000000 -0.000173 0.065667 0.011726 0.000000 0.000000 0.000000 -0.000111 -0.013424 -0.000000 -0.022400 0.038864 0.149955 0.113554 0.002729 0.037109 -0.081677 0.000000 -0.113246 -0.070492 -0.078543 -0.165320 -0.123668 0.108992 -0.000000 -0.000001 -0.000001 -0.083687 -0.064269 0.076461 -0.000000 0.088492 -0.134386 0.008808 0.049667 0.043378 0.025032 -0.020869 -0.005974 0.031608 0.116127 -0.060822 -0.000001 -0.121453 0.055781 -0.073495 -0.094783 0.014687 0.040483 -0.051864 -0.058684 0.055508 0.000001 0.044940 0.000000 -0.039217 -0.000626 -0.015870 0.111485 0.016155 0.080525 0.000001 -0.107783 -0.000001 -0.000001 -0.040888 -0.048522 0.000000 -0.119616 -0.000000 -0.119841 0.121840 0.139457 0.082014 0.134043 -0.000000 -0.000000 -0.394535 -0.069854 0.038758 -0.121352 -0.233899 -0.075036 0.079658 0.052986 -0.037705 -0.412523 -0.066937 -0.000001 0.105038 0.114255
  -0.180863 -0.000000 0.049403 -0.000000 0.222334 -0.440335 0.057064 -0.088862 0.209307 -0.000000 -0.000042 -0.252330 -0.156780 -0.000000 0.000000 -0.000000 0.000065 -0.750944 0.000000 0.130178 -0.711780 -0.065520 0.037367 0.114589 -0.457068 -0.002973 -0.000000 -0.127163 0.005548 0.079153 0.254964 0.081481 0.226780 0.000000 -0.000000 -0.000002 -0.073088 0.149611 0.159752 -0.000000 -0.001731 0.130707 0.163378 0.090881 0.062253 -0.026982 0.129992 -0.005424 0.037377 -0.317126 -0.012011 -0.000000 0.137407 -0.154079 -0.011342 0.081416 -0.133761 0.015503 -0.138947 -0.003302 0.051025 0.000000 0.038179 0.000001 -0.059150 -0.001079 -0.235379 -0.207741 0.106093 -0.003739 -0.000000 0.155268 0.000000 0.000001 0.121015 -0.313758 -0.000000 -0.106597 0.000000 -0.102376 -0.012554 0.070079 0.094917 -0.013977 -0.000000 0.000000 0.000001 0.057841 -0.033174 0.128211 0.173375 0.150402 0.112022 0.000001 -0.027033 -0.483041 0.142027 0.000000 -0.035038 -0.086094
  0.083435 -0.000000 0.051701 -0.000001 0.079455 0.050591 -0.048718 -0.125490 0.016535 0.000000 -0.000160 -0.073568 -0.101403 0.000001 -0.000000 -0.000001 -0.000151 0.099702 -0.000001 0.142587 0.063511 0.035551 -0.053044 0.108019 -0.077234 -0.077754 -0.000001 0.077852 0.037807 0.033531 -0.092098 -0.395625 -0.181006 -0.000000 0.000000 -0.000000 0.096168 -0.112193 -0.005590 0.000001 0.130105 -0.073087 0.010265 -0.062836 0.110805 0.035424 0.003397 -0.004297 0.147629 -0.000000 -0.060023 -0.000000 -0.044206 0.000910 0.116119 0.075983 -0.020153 0.118913 -0.009450 -0.062175 0.136870 -0.000000 -0.035206 0.000001 -0.127136 -0.000456 0.136063 0.029672 -0.352274 -0.045380 -0.000001 -0.022298 0.000000 -0.000000 0.000526 0.027591 0.000000 0.128620 -0.000000 0.101921 0.023243 -0.073652 -0.069527 -0.051817 0.000000 -0.000000 0.170294 -0.000616 0.094981 -0.102497 -0.035962 -0.098348 -0.070536 -0.075473 -0.128511 -0.000877 -0.108456 -0.000000 0.101017 0.030815
  0.127233 -0.000000 0.106397 0.000000 -0.238803 -0.010163 0.259854 -0.001812 -0.027604 -0.000000 -0.000039 -0.023601 0.000000 -0.000000 0.000000 -0.000000 -0.000093 0.133157 0.000000 -0.035496 0.089200 0.083297 -0.051959 -0.059792 0.189308 -0.009513 -0.000000 -0.170406 -0.174284 -0.000002 0.000165 0.031801 -0.025840 0.000000 0.000000 0.000000 -0.083311 0.140427 -0.096336 -0.000001 -0.096196 0.019780 -0.276315 0.114771 -0.098732 0.065523 -0.091891 -0.002598 0.010701 0.139471 0.130303 0.000001 0.007418 -0.000031 0.053869 0.016217 -0.084228 0.029646 -0.045518 -0.000000 -0.011069 -0.000001 -0.078295 -0.000001 0.131353 -0.000723 -0.080725 0.000000 0.056603 -0.104576 -0.000000 -0.150438 -0.000000 -0.000001 -0.017719 0.000000 0.000000 0.037723 -0.000000 -0.111348 0.073169 -0.114807 0.107483 -0.007446 0.000000 -0.000000 0.011884 0.118522 0.018027 -0.105255 0.116759 -0.132763 -0.158879 0.107966 0.039989 0.000001 -0.102577 -0.000001 0.085142 0.243172
  -0.034519 -0.000000 -0.181601 -0.000000 0.045422 0.085425 0.080321 -0.017838 -0.027060 -0.000000 -0.000040 0.082808 0.146907 0.000000 0.000000 -0.000000 -0.000001 0.108766 0.000001 -0.109291 -0.042149 0.084696 -0.058848 0.123824 0.056146 -0.018431 0.000001 -0.007909 0.182798 0.060906 -0.161053 0.000000 -0.000000 -0.000000 -0.000000 0.000000 -0.153372 -0.005341 -0.124022 0.000000 0.064513 -0.162248 0.120240 -0.060345 0.058253 0.057597 0.084898 0.002729 0.170925 0.000001 0.078377 -0.000000 -0.094553 0.032754 -0.023932 0.091594 -0.191269 0.018289 -0.160872 -0.146354 -0.119397 -0.000001 0.019538 0.000000 0.037999 0.000099 0.050587 -0.038363 -0.000000 0.024583 0.000000 -0.019250 -0.000001 0.000000 0.074010 0.037438 0.000000 -0.005049 -0.000000 -0.088370 0.168604 -0.088536 -0.026114 -0.060385 -0.000000 0.000000 0.048416 -0.057712 0.124645 -0.029362 0.022306 0.115098 0.064617 0.098959 -0.155704 -0.144284 -0.141860 -0.000000 0.146474 0.094610
  0.074538 -0.000000 0.150240 0.000000 -0.033764 0.000655 -0.168069 -0.134328 0.164425 0.000000 -0.000250 0.055809 0.096286 0.000000 -0.000000 -0.000001 -0.000168 0.095114 -0.000000 0.020321 -0.072757 0.077233 0.034799 0.114501 -0.061860 -0.122007 0.000001 0.141825 0.150037 0.147300 0.064748 0.003180 -0.062648 0.000000 -0.000000 -0.000000 0.145507 -0.037764 0.120671 -0.000000 -0.010649 -0.042647 -0.109410 -0.107896 -0.019254 0.137773 -0.149816 0.001794 -0.139417 0.074126 0.017411 0.000000 -0.048579 -0.108355 0.081590 0.094367 -0.060419 -0.022931 -0.031667 -0.091675 0.058795 0.000000 -0.074386 -0.000000 0.143080 -0.000706 0.129144 -0.016122 0.020992 -0.003535 -0.000001 -0.010335 0.000000 -0.000000 0.141795 -0.099639 -0.000000 -0.062259 -0.000000 -0.109923 -0.053823 -0.011353 0.063305 0.032763 -0.000000 -0.000000 0.000456 -0.080862 0.077836 0.052982 -0.071033 0.068253 0.172883 0.101596 0.050864 -0.061672 -0.012631 0.000000 0.142913 0.058364
  0.144113 -0.000000 -0.110822 0.000000 0.216836 0.235925 -0.064060 -0.051537 0.111051 0.000000 0.000006 -0.084951 -0.119499 0.000000 -0.000000 0.000000 -0.000114 -0.155356 0.000000 -0.097169 -0.059403 -0.128909 0.227650 0.052252 -0.171948 0.229453 0.000000 -0.225510 0.125646 -0.111457 0.411680 -0.051124 0.020134 -0.000000 -0.000000 -0.000000 -0.015825 0.007084 0.040584 -0.000000 0.227575 0.092499 0.206032 0.163216 0.178858 0.186903 0.130062 -0.003187 -0.090844 -0.000000 0.066144 0.000000 -0.108989 -0.066295 -0.084915 0.011455 0.060507 0.090420 -0.213078 0.053494 -0.000015 -0.000001 0.130894 0.000000 0.056527 -0.000374 -0.025786 0.097626 0.005780 -0.189639 -0.000001 -0.066352 0.000000 -0.000001 0.116615 0.122214 -0.000000 0.252644 0.000000 0.325402 0.151557 -0.079684 0.005700 0.182483 0.000000 -0.000001 -0.174788 0.128807 -0.076901 0.102705 0.059495 0.240093 0.151413 -0.000265 -0.061171 -0.067530 0.340991 -0.000000 0.160569 -0.119195
  0.004473 0.000000 -0.112983 -0.000000 0.021393 -0.095197 0.106983 -0.003386 -0.005476 0.000000 -0.000355 -0.009700 -0.154269 -0.000000 -0.000000 0.000000 -0.000206 -0.007744 -0.000000 -0.090629 0.151568 -0.120391 0.084349 -0.018607 0.038278 -0.086286 0.000001 -0.026175 -0.016867 0.166370 0.130895 -0.025234 0.101014 0.000000 -0.000000 -0.000000 -0.021926 -0.039162 0.067881 0.000000 -0.155310 0.136495 -0.033563 0.174187 0.107542 0.165752 0.098289 -0.004644 -0.001593 0.001366 -0.086010 0.000000 -0.113133 0.124528 0.134973 -0.051992 -0.004771 0.020703 0.148784 0.053259 -0.088445 -0.000000 -0.019272 0.000001 -0.086186 -0.001271 0.118437 0.135906 0.076366 0.024801 0.000000 0.027133 -0.000001 0.000000 -0.108793 -0.021454 0.000001 -0.029957 0.000001 -0.066954 -0.035740 0.020006 0.036190 -0.015546 0.000000 -0.000001 0.147228 -0.110694 0.072145 0.005050 0.073731 0.040092 -0.122495 -0.034174 -0.058112 -0.036018 0.068040 -0.000001 -0.084877 0.005189
  0.153272 -0.000000 -0.022359 0.000000 0.156141 0.151404 0.080895 0.026666 -0.056278 -0.000001 -0.000063 0.076163 0.073728 -0.000001 -0.000000 0.000000 -0.000105 0.126435 0.000000 -0.113729 0.170215 0.069095 -0.079258 -0.072080 0.185236 0.120275 -0.000000 -0.161242 -0.137188 -0.037311 0.028429 -0.398945 -0.160756 0.000000 -0.000001 -0.000002 -0.015437 -0.093962 -0.157391 0.000000 0.055107 0.119364 0.117051 0.110751 0.047168 -0.042065 0.161280 0.002346 -0.039680 0.012100 0.126731 0.000001 0.148570 0.003414 -0.031486 0.086708 0.071845 0.186358 0.018411 -0.071015 0.047633 -0.000000 0.090941 -0.000000 0.078988 -0.000372 0.059859 0.030207 -0.308588 -0.046652 0.000001 0.081749 -0.000000 0.000000 -0.035256 -0.014396 -0.000000 0.126948 -0.000000 -0.066931 0.121447 0.101415 -0.142943 0.041793 0.000000 -0.000001 0.020456 0.004553 0.059599 0.025327 0.108295 -0.134735 0.038767 -0.086991 -0.054267 -0.103616 0.087717 -0.000000 0.043742 -0.021547
Biases:
  0.116271 -0.005333 0.098256 -0.120630 -0.148689 0.045661 0.133973 -0.108397 -0.146001 -0.098431 -0.000397 -0.010439 0.075493 -0.127189 -0.085867 -0.067727 -0.001541 0.074621 -0.114539 0.147967 -0.026200 0.065107 -0.016213 -0.076213 0.146310 0.045030 -0.039544 0.059209 -0.096119 0.079994 -0.033962 0.069219 -0.100286 -0.148910 -0.065476 -0.097821 0.035438 -0.075499 0.080414 -0.073151 0.056193 0.069281 0.134423 0.152747 0.112076 0.096923 -0.104094 0.009924 0.112010 -0.140088 -0.046009 -0.093200 0.023286 0.002977 0.041333 0.002019 0.134301 0.090424 0.121528 -0.065960 -0.045287 -0.016490 -0.065013 -0.047680 0.035800 -0.004590 0.011104 -0.011487 -0.060357 0.056778 -0.111449 -0.071178 -0.129506 -0.130097 -0.057756 -0.115789 -0.072009 0.066898 -0.130901 0.016663 0.121061 0.092287 -0.048999 0.125657 -0.056526 -0.132137 0.111223 0.106997 -0.041164 0.065342 -0.003077 -0.113537 -0.180532 -0.086154 0.129382 -0.070224 0.118850 -0.134137 0.036144 0.080570
Weight range: -0.866740 to 0.470472
Bias range: -0.180532 to 0.152747

--- Layer 3 ---
Number of nodes: 2
Weights:
  0.160485 -0.280605
  -0.000000 0.000000
  -0.183109 -0.096625
  0.000000 0.000000
  -0.176266 0.135289
  0.218429 -0.409178
  0.099765 -0.223176
  -0.214738 -0.208255
  -0.091136 0.119590
  -0.000000 0.000000
  0.000077 -0.000100
  0.063224 0.113299
  0.224298 0.154616
  -0.000000 0.000001
  -0.000001 0.000000
  0.000002 -0.000002
  0.000516 -0.000657
  0.143893 -0.193415
  0.000002 0.000000
  -0.136173 -0.258363
  0.272698 -0.211449
  -0.171500 0.047560
  0.017741 0.084882
  -0.072872 0.096079
  0.511962 -0.239601
  0.053685 0.212513
  0.000000 0.000000
  -0.205735 0.139788
  0.007061 0.084919
  0.313433 -0.216972
  -0.245321 -0.161482
  0.112353 -0.212626
  0.169124 -0.203672
  -0.000000 -0.000001
  0.000001 0.000000
  0.000004 0.000000
  -0.109033 -0.136237
  0.271802 0.133132
  -0.218135 0.095244
  -0.000000 -0.000000
  -0.186340 0.141880
  -0.229676 -0.084319
  -0.125489 -0.071706
  -0.061157 -0.159173
  -0.118941 0.187232
  -0.109428 -0.051799
  -0.040219 0.100213
  0.001643 0.000912
  0.208261 0.116672
  0.214033 -0.243504
  -0.210865 0.108616
  0.000001 0.000000
  -0.148723 -0.228159
  0.187535 0.120988
  -0.143638 -0.191080
  -0.046282 0.008971
  0.098000 0.197207
  0.133006 -0.268446
  0.098181 0.305458
  0.164221 0.273087
  -0.091630 0.136614
  0.000001 0.000000
  -0.110246 0.186024
  -0.000000 -0.000001
  -0.190880 0.041880
  -0.001568 0.001498
  0.137356 0.159966
  0.188562 -0.251025
  0.155579 -0.245807
  -0.059294 -0.038885
  0.000001 -0.000000
  -0.262822 -0.037930
  -0.000000 0.000002
  0.000002 -0.000001
  -0.124310 -0.064248
  0.142443 -0.326236
  -0.000001 0.000000
  -0.096981 -0.097659
  -0.000000 -0.000000
  -0.014112 0.285754
  -0.197904 -0.040509
  0.299634 0.094899
  -0.075434 0.070143
  -0.210043 0.106248
  0.000002 0.000000
  -0.000000 -0.000001
  0.232082 -0.160745
  0.133416 -0.251074
  0.019349 0.026314
  -0.123057 -0.108535
  -0.118324 0.155875
  0.056258 0.328245
  -0.122350 0.245220
  0.267814 -0.156944
  -0.207258 -0.053121
  0.283949 -0.195021
  -0.182281 -0.182845
  0.000001 -0.000000
  -0.137540 -0.021196
  -0.008558 -0.067377
Biases:
  -0.018476 0.143760
Weight range: -0.409178 to 0.511962
Bias range: -0.018476 to 0.143760

